timestamp,action,name,code,price,shares,position,profit,level,date,year_month,label
2019-01-02 09:30:00,重装建仓,纳指ETF,513100.XSHG,2.243,22200.0,22200,,,2019-01-02,2019-01,"纳指ETF
513100.XSHG"
2019-01-02 09:30:00,重装建仓,黄金ETF,518880.XSHG,2.826,17600.0,17600,,,2019-01-02,2019-01,"黄金ETF
518880.XSHG"
2019-01-02 09:30:00,重装建仓,500ETF,510500.XSHG,4.453,11200.0,11200,,,2019-01-02,2019-01,"500ETF
510500.XSHG"
2019-01-02 09:30:00,重装建仓,医药ETF,512010.XSHG,1.328,37600.0,37600,,,2019-01-02,2019-01,"医药ETF
512010.XSHG"
2019-01-02 09:30:00,重装建仓,中概互联,513050.XSHG,1.054,47400.0,47400,,,2019-01-02,2019-01,"中概互联
513050.XSHG"
2019-01-02 10:23:00,加仓,医药ETF,512010.XSHG,1.288,3700.0,41300,,1.0,2019-01-02,2019-01,"医药ETF
512010.XSHG"
2019-01-03 09:42:00,加仓,医药ETF,512010.XSHG,1.246,3700.0,45000,,2.0,2019-01-03,2019-01,"医药ETF
512010.XSHG"
2019-01-04 09:31:00,加仓,中概互联,513050.XSHG,1.007,4700.0,52100,,1.0,2019-01-04,2019-01,"中概互联
513050.XSHG"
2019-01-04 14:54:00,止盈,中概互联,513050.XSHG,1.038,4700.0,47400,145.21,0.0,2019-01-04,2019-01,"中概互联
513050.XSHG"
2019-01-07 10:45:00,止盈,医药ETF,512010.XSHG,1.284,3700.0,41300,140.12,1.0,2019-01-07,2019-01,"医药ETF
512010.XSHG"
2019-01-07 10:47:00,止盈,500ETF,510500.XSHG,4.589,1100.0,10100,149.1,-1.0,2019-01-07,2019-01,"500ETF
510500.XSHG"
2019-01-08 09:31:00,止盈,纳指ETF,513100.XSHG,2.314,2200.0,20000,155.69,-1.0,2019-01-08,2019-01,"纳指ETF
513100.XSHG"
2019-01-08 09:31:00,止盈,中概互联,513050.XSHG,1.077,4700.0,42700,182.79,-1.0,2019-01-08,2019-01,"中概互联
513050.XSHG"
2019-01-09 10:47:00,止盈,医药ETF,512010.XSHG,1.323,3700.0,37600,143.81,0.0,2019-01-09,2019-01,"医药ETF
512010.XSHG"
2019-01-10 09:31:00,止盈,中概互联,513050.XSHG,1.114,4700.0,38000,173.38,-2.0,2019-01-10,2019-01,"中概互联
513050.XSHG"
2019-01-14 09:49:00,加仓,医药ETF,512010.XSHG,1.282,3700.0,41300,,1.0,2019-01-14,2019-01,"医药ETF
512010.XSHG"
2019-01-16 09:55:00,止盈,医药ETF,512010.XSHG,1.321,3700.0,37600,143.81,0.0,2019-01-16,2019-01,"医药ETF
512010.XSHG"
2019-01-18 10:07:00,止盈,医药ETF,512010.XSHG,1.361,3700.0,33900,147.5,-1.0,2019-01-18,2019-01,"医药ETF
512010.XSHG"
2019-01-21 09:31:00,止盈,纳指ETF,513100.XSHG,2.384,2200.0,17800,153.48,-2.0,2019-01-21,2019-01,"纳指ETF
513100.XSHG"
2019-01-21 10:10:00,止盈,中概互联,513050.XSHG,1.148,4700.0,33300,159.26,-3.0,2019-01-21,2019-01,"中概互联
513050.XSHG"
2019-01-24 10:07:00,加仓,中概互联,513050.XSHG,1.113,4700.0,38000,,-2.0,2019-01-24,2019-01,"中概互联
513050.XSHG"
2019-01-25 13:53:00,止盈,中概互联,513050.XSHG,1.147,4700.0,33300,159.26,-3.0,2019-01-25,2019-01,"中概互联
513050.XSHG"
2019-01-29 09:31:00,加仓,医药ETF,512010.XSHG,1.318,3700.0,37600,,0.0,2019-01-29,2019-01,"医药ETF
512010.XSHG"
2019-01-31 14:13:00,加仓,500ETF,510500.XSHG,4.449,1100.0,11200,,0.0,2019-01-31,2019-01,"500ETF
510500.XSHG"
2019-02-01 09:31:00,止盈,中概互联,513050.XSHG,1.183,4700.0,28600,168.64,-4.0,2019-02-01,2019-02,"中概互联
513050.XSHG"
2019-02-01 10:56:00,止盈,医药ETF,512010.XSHG,1.358,3700.0,33900,147.5,-1.0,2019-02-01,2019-02,"医药ETF
512010.XSHG"
2019-02-01 13:59:00,止盈,500ETF,510500.XSHG,4.583,1100.0,10100,146.9,-1.0,2019-02-01,2019-02,"500ETF
510500.XSHG"
2019-02-11 13:12:00,止盈,医药ETF,512010.XSHG,1.399,3700.0,30200,151.18,-2.0,2019-02-11,2019-02,"医药ETF
512010.XSHG"
2019-02-12 09:38:00,止盈,500ETF,510500.XSHG,4.724,1100.0,9000,154.58,-2.0,2019-02-12,2019-02,"500ETF
510500.XSHG"
2019-02-12 10:42:00,止盈,纳指ETF,513100.XSHG,2.456,2200.0,15600,157.86,-3.0,2019-02-12,2019-02,"纳指ETF
513100.XSHG"
2019-02-12 10:43:00,止盈,医药ETF,512010.XSHG,1.441,3700.0,26500,154.87,-3.0,2019-02-12,2019-02,"医药ETF
512010.XSHG"
2019-02-13 09:33:00,止盈,中概互联,513050.XSHG,1.219,4700.0,23900,168.63,-5.0,2019-02-13,2019-02,"中概互联
513050.XSHG"
2019-02-14 14:19:00,止盈,500ETF,510500.XSHG,4.869,1100.0,7900,158.96,-3.0,2019-02-14,2019-02,"500ETF
510500.XSHG"
2019-02-18 10:45:00,止盈,医药ETF,512010.XSHG,1.485,3700.0,22800,162.25,-4.0,2019-02-18,2019-02,"医药ETF
512010.XSHG"
2019-02-19 09:31:00,止盈,500ETF,510500.XSHG,5.03,1100.0,6800,176.55,-4.0,2019-02-19,2019-02,"500ETF
510500.XSHG"
2019-02-22 09:42:00,加仓,医药ETF,512010.XSHG,1.44,3700.0,26500,,-3.0,2019-02-22,2019-02,"医药ETF
512010.XSHG"
2019-02-25 09:31:00,止盈,500ETF,510500.XSHG,5.215,1100.0,5700,202.93,-5.0,2019-02-25,2019-02,"500ETF
510500.XSHG"
2019-02-25 09:32:00,止盈,医药ETF,512010.XSHG,1.486,3700.0,22800,169.65,-4.0,2019-02-25,2019-02,"医药ETF
512010.XSHG"
2019-02-25 13:10:00,止盈,500ETF,510500.XSHG,5.375,1100.0,4600,175.41,-6.0,2019-02-25,2019-02,"500ETF
510500.XSHG"
2019-02-25 14:56:00,止盈,医药ETF,512010.XSHG,1.531,3700.0,19100,165.93,-5.0,2019-02-25,2019-02,"医药ETF
512010.XSHG"
2019-02-26 09:57:00,止盈,医药ETF,512010.XSHG,1.581,3700.0,15400,184.42,-6.0,2019-02-26,2019-02,"医药ETF
512010.XSHG"
2019-02-27 10:07:00,加仓,医药ETF,512010.XSHG,1.53,3700.0,19100,,-5.0,2019-02-27,2019-02,"医药ETF
512010.XSHG"
2019-03-01 09:31:00,止盈,医药ETF,512010.XSHG,1.583,3700.0,15400,195.51,-6.0,2019-03-01,2019-03,"医药ETF
512010.XSHG"
2019-03-04 10:06:00,止盈,500ETF,510500.XSHG,5.539,1100.0,3500,179.79,-7.0,2019-03-04,2019-03,"500ETF
510500.XSHG"
2019-03-04 13:51:00,止盈,中概互联,513050.XSHG,1.256,4700.0,19200,173.31,-6.0,2019-03-04,2019-03,"中概互联
513050.XSHG"
2019-03-06 09:34:00,止盈,500ETF,510500.XSHG,5.706,1100.0,2400,183.07,-8.0,2019-03-06,2019-03,"500ETF
510500.XSHG"
2019-03-06 14:51:00,止盈,中概互联,513050.XSHG,1.294,4700.0,14500,177.99,-7.0,2019-03-06,2019-03,"中概互联
513050.XSHG"
2019-03-07 14:37:00,破顶,500ETF,510500.XSHG,5.885,,8400,,,2019-03-07,2019-03,"500ETF
510500.XSHG"
2019-03-08 09:31:00,加仓,500ETF,510500.XSHG,5.658,800.0,9200,,1.0,2019-03-08,2019-03,"500ETF
510500.XSHG"
2019-03-08 09:31:00,加仓,中概互联,513050.XSHG,1.236,4700.0,19200,,-6.0,2019-03-08,2019-03,"中概互联
513050.XSHG"
2019-03-08 10:41:00,止盈,500ETF,510500.XSHG,5.832,800.0,8400,138.73,0.0,2019-03-08,2019-03,"500ETF
510500.XSHG"
2019-03-08 14:41:00,加仓,500ETF,510500.XSHG,5.652,800.0,9200,,1.0,2019-03-08,2019-03,"500ETF
510500.XSHG"
2019-03-11 14:39:00,止盈,500ETF,510500.XSHG,5.826,800.0,8400,138.73,0.0,2019-03-11,2019-03,"500ETF
510500.XSHG"
2019-03-14 09:43:00,止盈,纳指ETF,513100.XSHG,2.53,2200.0,13400,162.24,-4.0,2019-03-14,2019-03,"纳指ETF
513100.XSHG"
2019-03-14 10:41:00,加仓,500ETF,510500.XSHG,5.644,800.0,9200,,1.0,2019-03-14,2019-03,"500ETF
510500.XSHG"
2019-03-18 09:56:00,止盈,医药ETF,512010.XSHG,1.631,3700.0,11700,177.0,-7.0,2019-03-18,2019-03,"医药ETF
512010.XSHG"
2019-03-18 13:55:00,止盈,500ETF,510500.XSHG,5.814,800.0,8400,135.53,0.0,2019-03-18,2019-03,"500ETF
510500.XSHG"
2019-03-19 09:30:00,止盈,医药ETF,512010.XSHG,1.682,3700.0,8000,188.08,-8.0,2019-03-19,2019-03,"医药ETF
512010.XSHG"
2019-03-19 09:40:00,止盈,中概互联,513050.XSHG,1.274,4700.0,14500,178.0,-7.0,2019-03-19,2019-03,"中概互联
513050.XSHG"
2019-03-20 11:27:00,加仓,医药ETF,512010.XSHG,1.628,3700.0,11700,,-7.0,2019-03-20,2019-03,"医药ETF
512010.XSHG"
2019-03-21 10:16:00,止盈,500ETF,510500.XSHG,5.992,800.0,7600,141.92,-1.0,2019-03-21,2019-03,"500ETF
510500.XSHG"
2019-03-22 09:31:00,止盈,纳指ETF,513100.XSHG,2.609,2200.0,11200,173.23,-5.0,2019-03-22,2019-03,"纳指ETF
513100.XSHG"
2019-03-25 09:31:00,加仓,中概互联,513050.XSHG,1.222,4700.0,19200,,-6.0,2019-03-25,2019-03,"中概互联
513050.XSHG"
2019-03-26 13:11:00,加仓,500ETF,510500.XSHG,5.811,800.0,8400,,0.0,2019-03-26,2019-03,"500ETF
510500.XSHG"
2019-03-29 10:08:00,止盈,医药ETF,512010.XSHG,1.678,3700.0,8000,184.38,-8.0,2019-03-29,2019-03,"医药ETF
512010.XSHG"
2019-03-29 13:58:00,止盈,中概互联,513050.XSHG,1.26,4700.0,14500,178.01,-7.0,2019-03-29,2019-03,"中概互联
513050.XSHG"
2019-04-01 09:31:00,止盈,500ETF,510500.XSHG,5.99,800.0,7600,142.72,-1.0,2019-04-01,2019-04,"500ETF
510500.XSHG"
2019-04-01 09:33:00,破顶,医药ETF,512010.XSHG,1.729,,28900,,,2019-04-01,2019-04,"医药ETF
512010.XSHG"
2019-04-01 14:57:00,止盈,500ETF,510500.XSHG,6.17,800.0,6800,143.51,-2.0,2019-04-01,2019-04,"500ETF
510500.XSHG"
2019-04-03 14:37:00,止盈,中概互联,513050.XSHG,1.298,4700.0,9800,177.99,-8.0,2019-04-03,2019-04,"中概互联
513050.XSHG"
2019-04-10 10:06:00,止盈,医药ETF,512010.XSHG,1.781,2800.0,26100,145.1,-1.0,2019-04-10,2019-04,"医药ETF
512010.XSHG"
2019-04-11 11:23:00,加仓,医药ETF,512010.XSHG,1.726,2800.0,28900,,0.0,2019-04-11,2019-04,"医药ETF
512010.XSHG"
2019-04-16 09:51:00,加仓,500ETF,510500.XSHG,5.975,800.0,7600,,-1.0,2019-04-16,2019-04,"500ETF
510500.XSHG"
2019-04-16 14:11:00,止盈,500ETF,510500.XSHG,6.156,800.0,6800,144.31,-2.0,2019-04-16,2019-04,"500ETF
510500.XSHG"
2019-04-19 09:37:00,止盈,纳指ETF,513100.XSHG,2.689,2200.0,9000,175.41,-6.0,2019-04-19,2019-04,"纳指ETF
513100.XSHG"
2019-04-24 11:23:00,加仓,500ETF,510500.XSHG,5.969,800.0,7600,,-1.0,2019-04-24,2019-04,"500ETF
510500.XSHG"
2019-04-26 09:46:00,加仓,医药ETF,512010.XSHG,1.674,2800.0,31700,,1.0,2019-04-26,2019-04,"医药ETF
512010.XSHG"
2019-04-26 10:08:00,止盈,纳指ETF,513100.XSHG,2.773,2200.0,6800,184.19,-7.0,2019-04-26,2019-04,"纳指ETF
513100.XSHG"
2019-04-29 09:35:00,加仓,500ETF,510500.XSHG,5.783,800.0,8400,,0.0,2019-04-29,2019-04,"500ETF
510500.XSHG"
2019-05-06 09:31:00,加仓,500ETF,510500.XSHG,5.462,800.0,9200,,1.0,2019-05-06,2019-05,"500ETF
510500.XSHG"
2019-05-06 10:44:00,加仓,医药ETF,512010.XSHG,1.622,2800.0,34500,,2.0,2019-05-06,2019-05,"医药ETF
512010.XSHG"
2019-05-06 13:20:00,加仓,500ETF,510500.XSHG,5.294,800.0,10000,,2.0,2019-05-06,2019-05,"500ETF
510500.XSHG"
2019-05-09 10:42:00,加仓,纳指ETF,513100.XSHG,2.689,2200.0,9000,,-6.0,2019-05-09,2019-05,"纳指ETF
513100.XSHG"
2019-05-09 10:42:00,加仓,医药ETF,512010.XSHG,1.573,2800.0,37300,,3.0,2019-05-09,2019-05,"医药ETF
512010.XSHG"
2019-05-09 10:56:00,加仓,中概互联,513050.XSHG,1.259,4700.0,14500,,-7.0,2019-05-09,2019-05,"中概互联
513050.XSHG"
2019-05-15 13:24:00,止盈,医药ETF,512010.XSHG,1.621,2800.0,34500,133.95,2.0,2019-05-15,2019-05,"医药ETF
512010.XSHG"
2019-05-16 13:00:00,止盈,500ETF,510500.XSHG,5.453,800.0,9200,126.76,1.0,2019-05-16,2019-05,"500ETF
510500.XSHG"
2019-05-17 14:43:00,加仓,500ETF,510500.XSHG,5.289,800.0,10000,,2.0,2019-05-17,2019-05,"500ETF
510500.XSHG"
2019-05-20 09:41:00,加仓,中概互联,513050.XSHG,1.219,4700.0,19200,,-6.0,2019-05-20,2019-05,"中概互联
513050.XSHG"
2019-05-20 09:50:00,加仓,医药ETF,512010.XSHG,1.572,2800.0,37300,,3.0,2019-05-20,2019-05,"医药ETF
512010.XSHG"
2019-05-21 09:31:00,加仓,中概互联,513050.XSHG,1.178,4700.0,23900,,-5.0,2019-05-21,2019-05,"中概互联
513050.XSHG"
2019-05-27 09:31:00,加仓,中概互联,513050.XSHG,1.131,4700.0,28600,,-4.0,2019-05-27,2019-05,"中概互联
513050.XSHG"
2019-05-29 09:31:00,加仓,纳指ETF,513100.XSHG,2.603,2200.0,11200,,-5.0,2019-05-29,2019-05,"纳指ETF
513100.XSHG"
2019-06-03 09:32:00,止盈,黄金ETF,518880.XSHG,2.911,1700.0,15900,144.01,-1.0,2019-06-03,2019-06,"黄金ETF
518880.XSHG"
2019-06-04 09:31:00,加仓,纳指ETF,513100.XSHG,2.506,2200.0,13400,,-4.0,2019-06-04,2019-06,"纳指ETF
513100.XSHG"
2019-06-04 14:38:00,加仓,500ETF,510500.XSHG,5.13,800.0,10800,,3.0,2019-06-04,2019-06,"500ETF
510500.XSHG"
2019-06-04 14:49:00,加仓,中概互联,513050.XSHG,1.097,4700.0,33300,,-3.0,2019-06-04,2019-06,"中概互联
513050.XSHG"
2019-06-05 09:48:00,加仓,医药ETF,512010.XSHG,1.522,2800.0,40100,,4.0,2019-06-05,2019-06,"医药ETF
512010.XSHG"
2019-06-06 09:31:00,止盈,纳指ETF,513100.XSHG,2.585,2200.0,11200,173.23,-5.0,2019-06-06,2019-06,"纳指ETF
513100.XSHG"
2019-06-06 09:33:00,加仓,医药ETF,512010.XSHG,1.474,2800.0,42900,,5.0,2019-06-06,2019-06,"医药ETF
512010.XSHG"
2019-06-10 09:31:00,止盈,纳指ETF,513100.XSHG,2.664,2200.0,9000,173.21,-6.0,2019-06-10,2019-06,"纳指ETF
513100.XSHG"
2019-06-10 10:28:00,止盈,中概互联,513050.XSHG,1.13,4700.0,28600,154.57,-4.0,2019-06-10,2019-06,"中概互联
513050.XSHG"
2019-06-11 10:39:00,止盈,医药ETF,512010.XSHG,1.519,2800.0,40100,125.57,4.0,2019-06-11,2019-06,"医药ETF
512010.XSHG"
2019-06-12 09:31:00,止盈,中概互联,513050.XSHG,1.164,4700.0,23900,159.25,-5.0,2019-06-12,2019-06,"中概互联
513050.XSHG"
2019-06-14 10:19:00,止盈,黄金ETF,518880.XSHG,2.999,1700.0,14200,149.09,-2.0,2019-06-14,2019-06,"黄金ETF
518880.XSHG"
2019-06-19 09:31:00,止盈,500ETF,510500.XSHG,5.293,800.0,10000,129.98,2.0,2019-06-19,2019-06,"500ETF
510500.XSHG"
2019-06-19 09:31:00,止盈,医药ETF,512010.XSHG,1.576,2800.0,37300,159.16,3.0,2019-06-19,2019-06,"医药ETF
512010.XSHG"
2019-06-20 09:31:00,止盈,纳指ETF,513100.XSHG,2.746,2200.0,6800,179.8,-7.0,2019-06-20,2019-06,"纳指ETF
513100.XSHG"
2019-06-21 09:31:00,止盈,中概互联,513050.XSHG,1.199,4700.0,19200,163.94,-6.0,2019-06-21,2019-06,"中概互联
513050.XSHG"
2019-06-21 09:56:00,止盈,黄金ETF,518880.XSHG,3.089,1700.0,12500,152.47,-3.0,2019-06-21,2019-06,"黄金ETF
518880.XSHG"
2019-06-25 13:04:00,止盈,黄金ETF,518880.XSHG,3.183,1700.0,10800,159.26,-4.0,2019-06-25,2019-06,"黄金ETF
518880.XSHG"
2019-06-26 09:32:00,加仓,中概互联,513050.XSHG,1.163,4700.0,23900,,-5.0,2019-06-26,2019-06,"中概互联
513050.XSHG"
2019-06-26 14:09:00,止盈,医药ETF,512010.XSHG,1.624,2800.0,34500,133.95,2.0,2019-06-26,2019-06,"医药ETF
512010.XSHG"
2019-06-27 10:01:00,止盈,中概互联,513050.XSHG,1.198,4700.0,19200,163.94,-6.0,2019-06-27,2019-06,"中概互联
513050.XSHG"
2019-07-01 09:31:00,加仓,黄金ETF,518880.XSHG,3.052,1700.0,12500,,-3.0,2019-07-01,2019-07,"黄金ETF
518880.XSHG"
2019-07-01 09:33:00,止盈,中概互联,513050.XSHG,1.234,4700.0,14500,168.62,-7.0,2019-07-01,2019-07,"中概互联
513050.XSHG"
2019-07-01 10:06:00,止盈,医药ETF,512010.XSHG,1.674,2800.0,31700,139.53,1.0,2019-07-01,2019-07,"医药ETF
512010.XSHG"
2019-07-01 10:11:00,止盈,500ETF,510500.XSHG,5.455,800.0,9200,129.16,1.0,2019-07-01,2019-07,"500ETF
510500.XSHG"
2019-07-03 09:31:00,止盈,黄金ETF,518880.XSHG,3.174,1700.0,10800,206.86,-4.0,2019-07-03,2019-07,"黄金ETF
518880.XSHG"
2019-07-08 10:20:00,加仓,500ETF,510500.XSHG,5.29,800.0,10000,,2.0,2019-07-08,2019-07,"500ETF
510500.XSHG"
2019-07-09 09:52:00,加仓,黄金ETF,518880.XSHG,3.078,1700.0,12500,,-3.0,2019-07-09,2019-07,"黄金ETF
518880.XSHG"
2019-07-15 09:31:00,止盈,纳指ETF,513100.XSHG,2.831,2200.0,4600,186.38,-8.0,2019-07-15,2019-07,"纳指ETF
513100.XSHG"
2019-07-15 09:35:00,加仓,中概互联,513050.XSHG,1.195,4700.0,19200,,-6.0,2019-07-15,2019-07,"中概互联
513050.XSHG"
2019-07-19 09:31:00,止盈,黄金ETF,518880.XSHG,3.185,1700.0,10800,181.36,-4.0,2019-07-19,2019-07,"黄金ETF
518880.XSHG"
2019-07-19 13:32:00,加仓,医药ETF,512010.XSHG,1.623,2800.0,34500,,2.0,2019-07-19,2019-07,"医药ETF
512010.XSHG"
2019-07-24 09:31:00,止盈,中概互联,513050.XSHG,1.237,4700.0,14500,196.82,-7.0,2019-07-24,2019-07,"中概互联
513050.XSHG"
2019-08-02 09:31:00,加仓,中概互联,513050.XSHG,1.185,4700.0,19200,,-6.0,2019-08-02,2019-08,"中概互联
513050.XSHG"
2019-08-05 11:27:00,止盈,黄金ETF,518880.XSHG,3.282,1700.0,9100,164.34,-5.0,2019-08-05,2019-08,"黄金ETF
518880.XSHG"
2019-08-06 09:31:00,加仓,纳指ETF,513100.XSHG,2.703,2200.0,6800,,-7.0,2019-08-06,2019-08,"纳指ETF
513100.XSHG"
2019-08-06 09:31:00,加仓,500ETF,510500.XSHG,5.052,800.0,10800,,3.0,2019-08-06,2019-08,"500ETF
510500.XSHG"
2019-08-06 09:31:00,加仓,医药ETF,512010.XSHG,1.552,2800.0,37300,,3.0,2019-08-06,2019-08,"医药ETF
512010.XSHG"
2019-08-06 09:31:00,加仓,中概互联,513050.XSHG,1.118,4700.0,23900,,-5.0,2019-08-06,2019-08,"中概互联
513050.XSHG"
2019-08-08 09:31:00,止盈,黄金ETF,518880.XSHG,3.385,1700.0,7400,174.52,-6.0,2019-08-08,2019-08,"黄金ETF
518880.XSHG"
2019-08-08 09:34:00,止盈,医药ETF,512010.XSHG,1.6,2800.0,34500,133.95,2.0,2019-08-08,2019-08,"医药ETF
512010.XSHG"
2019-08-08 14:31:00,止盈,纳指ETF,513100.XSHG,2.785,2200.0,4600,179.79,-8.0,2019-08-08,2019-08,"纳指ETF
513100.XSHG"
2019-08-09 09:31:00,止盈,中概互联,513050.XSHG,1.16,4700.0,19200,196.85,-6.0,2019-08-09,2019-08,"中概互联
513050.XSHG"
2019-08-14 09:50:00,止盈,医药ETF,512010.XSHG,1.65,2800.0,31700,139.54,1.0,2019-08-14,2019-08,"医药ETF
512010.XSHG"
2019-08-19 09:32:00,止盈,中概互联,513050.XSHG,1.196,4700.0,14500,168.64,-7.0,2019-08-19,2019-08,"中概互联
513050.XSHG"
2019-08-19 11:01:00,止盈,500ETF,510500.XSHG,5.206,800.0,10000,122.78,2.0,2019-08-19,2019-08,"500ETF
510500.XSHG"
2019-08-19 13:15:00,止盈,医药ETF,512010.XSHG,1.7,2800.0,28900,139.52,0.0,2019-08-19,2019-08,"医药ETF
512010.XSHG"
2019-08-20 09:51:00,止盈,中概互联,513050.XSHG,1.232,4700.0,9800,168.62,-8.0,2019-08-20,2019-08,"中概互联
513050.XSHG"
2019-08-23 10:57:00,止盈,医药ETF,512010.XSHG,1.755,2800.0,26100,153.51,-1.0,2019-08-23,2019-08,"医药ETF
512010.XSHG"
2019-08-26 09:31:00,止盈,黄金ETF,518880.XSHG,3.524,1700.0,5700,235.7,-7.0,2019-08-26,2019-08,"黄金ETF
518880.XSHG"
2019-08-26 09:31:00,加仓,中概互联,513050.XSHG,1.176,4700.0,14500,,-7.0,2019-08-26,2019-08,"中概互联
513050.XSHG"
2019-08-27 10:34:00,止盈,500ETF,510500.XSHG,5.368,800.0,9200,129.17,1.0,2019-08-27,2019-08,"500ETF
510500.XSHG"
2019-08-30 09:31:00,止盈,中概互联,513050.XSHG,1.215,4700.0,9800,182.73,-8.0,2019-08-30,2019-08,"中概互联
513050.XSHG"
2019-09-04 14:36:00,破顶,中概互联,513050.XSHG,1.252,,39900,,,2019-09-04,2019-09,"中概互联
513050.XSHG"
2019-09-05 09:31:00,止盈,500ETF,510500.XSHG,5.552,800.0,8400,146.76,0.0,2019-09-05,2019-09,"500ETF
510500.XSHG"
2019-09-05 10:10:00,破顶,纳指ETF,513100.XSHG,2.869,,17400,,,2019-09-05,2019-09,"纳指ETF
513100.XSHG"
2019-09-10 09:31:00,加仓,黄金ETF,518880.XSHG,3.38,1700.0,7400,,-6.0,2019-09-10,2019-09,"黄金ETF
518880.XSHG"
2019-09-10 10:07:00,止盈,医药ETF,512010.XSHG,1.809,2800.0,23300,150.69,-2.0,2019-09-10,2019-09,"医药ETF
512010.XSHG"
2019-09-26 14:19:00,加仓,500ETF,510500.XSHG,5.384,800.0,9200,,1.0,2019-09-26,2019-09,"500ETF
510500.XSHG"
2019-09-27 09:41:00,加仓,医药ETF,512010.XSHG,1.751,2800.0,26100,,-1.0,2019-09-27,2019-09,"医药ETF
512010.XSHG"
2019-09-30 09:31:00,加仓,中概互联,513050.XSHG,1.205,3900.0,43800,,1.0,2019-09-30,2019-09,"中概互联
513050.XSHG"
2019-10-10 13:54:00,止盈,医药ETF,512010.XSHG,1.804,2800.0,23300,147.89,-2.0,2019-10-10,2019-10,"医药ETF
512010.XSHG"
2019-10-14 09:56:00,止盈,500ETF,510500.XSHG,5.547,800.0,8400,129.96,0.0,2019-10-14,2019-10,"500ETF
510500.XSHG"
2019-10-16 09:51:00,止盈,医药ETF,512010.XSHG,1.861,2800.0,20500,159.08,-3.0,2019-10-16,2019-10,"医药ETF
512010.XSHG"
2019-10-17 09:32:00,止盈,中概互联,513050.XSHG,1.242,3900.0,39900,143.82,0.0,2019-10-17,2019-10,"中概互联
513050.XSHG"
2019-10-18 13:34:00,加仓,500ETF,510500.XSHG,5.379,800.0,9200,,1.0,2019-10-18,2019-10,"500ETF
510500.XSHG"
2019-10-21 14:16:00,加仓,医药ETF,512010.XSHG,1.805,2800.0,23300,,-2.0,2019-10-21,2019-10,"医药ETF
512010.XSHG"
2019-10-28 09:32:00,止盈,医药ETF,512010.XSHG,1.86,2800.0,20500,153.48,-3.0,2019-10-28,2019-10,"医药ETF
512010.XSHG"
2019-10-29 09:31:00,止盈,纳指ETF,513100.XSHG,2.958,1700.0,15700,150.8,-1.0,2019-10-29,2019-10,"纳指ETF
513100.XSHG"
2019-11-01 09:54:00,止盈,医药ETF,512010.XSHG,1.916,2800.0,17700,156.26,-4.0,2019-11-01,2019-11,"医药ETF
512010.XSHG"
2019-11-05 13:12:00,止盈,中概互联,513050.XSHG,1.28,3900.0,36000,147.7,-1.0,2019-11-05,2019-11,"中概互联
513050.XSHG"
2019-11-08 09:31:00,加仓,黄金ETF,518880.XSHG,3.252,1700.0,9100,,-5.0,2019-11-08,2019-11,"黄金ETF
518880.XSHG"
2019-11-12 11:20:00,加仓,500ETF,510500.XSHG,5.216,800.0,10000,,2.0,2019-11-12,2019-11,"500ETF
510500.XSHG"
2019-11-14 10:34:00,止盈,医药ETF,512010.XSHG,1.974,2800.0,14900,161.85,-5.0,2019-11-14,2019-11,"医药ETF
512010.XSHG"
2019-11-19 14:58:00,止盈,500ETF,510500.XSHG,5.373,800.0,9200,125.17,1.0,2019-11-19,2019-11,"500ETF
510500.XSHG"
2019-11-22 11:07:00,加仓,医药ETF,512010.XSHG,1.91,2800.0,17700,,-4.0,2019-11-22,2019-11,"医药ETF
512010.XSHG"
2019-11-26 09:31:00,止盈,纳指ETF,513100.XSHG,3.072,1700.0,14000,193.28,-2.0,2019-11-26,2019-11,"纳指ETF
513100.XSHG"
2019-11-28 09:31:00,止盈,中概互联,513050.XSHG,1.326,3900.0,32100,178.88,-2.0,2019-11-28,2019-11,"中概互联
513050.XSHG"
2019-11-29 10:22:00,加仓,医药ETF,512010.XSHG,1.852,2800.0,20500,,-3.0,2019-11-29,2019-11,"医药ETF
512010.XSHG"
2019-12-03 09:35:00,加仓,医药ETF,512010.XSHG,1.792,2800.0,23300,,-2.0,2019-12-03,2019-12,"医药ETF
512010.XSHG"
2019-12-05 09:42:00,止盈,医药ETF,512010.XSHG,1.848,2800.0,20500,156.28,-3.0,2019-12-05,2019-12,"医药ETF
512010.XSHG"
2019-12-13 09:31:00,止盈,中概互联,513050.XSHG,1.368,3900.0,28200,163.27,-3.0,2019-12-13,2019-12,"中概互联
513050.XSHG"
2019-12-16 11:17:00,止盈,500ETF,510500.XSHG,5.535,800.0,8400,129.16,0.0,2019-12-16,2019-12,"500ETF
510500.XSHG"
2019-12-17 14:10:00,止盈,纳指ETF,513100.XSHG,3.168,1700.0,12300,162.66,-3.0,2019-12-17,2019-12,"纳指ETF
513100.XSHG"
2019-12-18 10:11:00,止盈,500ETF,510500.XSHG,5.707,800.0,7600,137.14,-1.0,2019-12-18,2019-12,"500ETF
510500.XSHG"
2019-12-20 14:13:00,止盈,中概互联,513050.XSHG,1.41,3900.0,24300,163.25,-4.0,2019-12-20,2019-12,"中概互联
513050.XSHG"
2019-12-23 14:24:00,加仓,500ETF,510500.XSHG,5.534,800.0,8400,,0.0,2019-12-23,2019-12,"500ETF
510500.XSHG"
2019-12-25 09:39:00,止盈,黄金ETF,518880.XSHG,3.35,1700.0,7400,166.03,-6.0,2019-12-25,2019-12,"黄金ETF
518880.XSHG"
2019-12-27 09:31:00,止盈,中概互联,513050.XSHG,1.454,3900.0,20400,171.03,-5.0,2019-12-27,2019-12,"中概互联
513050.XSHG"
2019-12-31 14:29:00,止盈,500ETF,510500.XSHG,5.706,800.0,7600,137.14,-1.0,2019-12-31,2019-12,"500ETF
510500.XSHG"
2020-01-03 09:31:00,止盈,纳指ETF,513100.XSHG,3.268,1700.0,10600,169.44,-4.0,2020-01-03,2020-01,"纳指ETF
513100.XSHG"
2020-01-06 09:31:00,止盈,黄金ETF,518880.XSHG,3.496,1700.0,5700,247.61,-7.0,2020-01-06,2020-01,"黄金ETF
518880.XSHG"
2020-01-06 10:06:00,止盈,500ETF,510500.XSHG,5.881,800.0,6800,139.53,-2.0,2020-01-06,2020-01,"500ETF
510500.XSHG"
2020-01-09 10:06:00,止盈,医药ETF,512010.XSHG,1.904,2800.0,17700,156.27,-4.0,2020-01-09,2020-01,"医药ETF
512010.XSHG"
2020-01-10 09:31:00,止盈,中概互联,513050.XSHG,1.502,3900.0,16500,186.61,-6.0,2020-01-10,2020-01,"中概互联
513050.XSHG"
2020-01-10 14:32:00,止盈,纳指ETF,513100.XSHG,3.367,1700.0,8900,167.73,-5.0,2020-01-10,2020-01,"纳指ETF
513100.XSHG"
2020-01-14 09:31:00,加仓,黄金ETF,518880.XSHG,3.366,1700.0,7400,,-6.0,2020-01-14,2020-01,"黄金ETF
518880.XSHG"
2020-01-14 09:31:00,止盈,中概互联,513050.XSHG,1.557,3900.0,12600,213.89,-7.0,2020-01-14,2020-01,"中概互联
513050.XSHG"
2020-01-15 09:32:00,加仓,中概互联,513050.XSHG,1.51,3900.0,16500,,-6.0,2020-01-15,2020-01,"中概互联
513050.XSHG"
2020-01-17 09:31:00,止盈,纳指ETF,513100.XSHG,3.495,1700.0,7200,217.01,-6.0,2020-01-17,2020-01,"纳指ETF
513100.XSHG"
2020-01-17 10:37:00,止盈,医药ETF,512010.XSHG,1.962,2800.0,14900,161.85,-5.0,2020-01-17,2020-01,"医药ETF
512010.XSHG"
2020-01-20 14:30:00,止盈,500ETF,510500.XSHG,6.06,800.0,6000,142.72,-3.0,2020-01-20,2020-01,"500ETF
510500.XSHG"
2020-01-21 13:16:00,加仓,纳指ETF,513100.XSHG,3.39,1700.0,8900,,-5.0,2020-01-21,2020-01,"纳指ETF
513100.XSHG"
2020-01-22 09:45:00,加仓,中概互联,513050.XSHG,1.464,3900.0,20400,,-5.0,2020-01-22,2020-01,"中概互联
513050.XSHG"
2020-01-23 13:10:00,加仓,500ETF,510500.XSHG,5.871,800.0,6800,,-2.0,2020-01-23,2020-01,"500ETF
510500.XSHG"
2020-02-03 09:31:00,止盈,黄金ETF,518880.XSHG,3.514,1700.0,5700,251.0,-7.0,2020-02-03,2020-02,"黄金ETF
518880.XSHG"
2020-02-03 09:31:00,加仓,500ETF,510500.XSHG,5.343,800.0,7600,,-1.0,2020-02-03,2020-02,"500ETF
510500.XSHG"
2020-02-03 09:31:00,加仓,中概互联,513050.XSHG,1.382,3900.0,24300,,-4.0,2020-02-03,2020-02,"中概互联
513050.XSHG"
2020-02-03 09:32:00,加仓,医药ETF,512010.XSHG,1.809,2800.0,17700,,-4.0,2020-02-03,2020-02,"医药ETF
512010.XSHG"
2020-02-03 09:49:00,止盈,中概互联,513050.XSHG,1.424,3900.0,20400,163.24,-5.0,2020-02-03,2020-02,"中概互联
513050.XSHG"
2020-02-03 09:51:00,止盈,医药ETF,512010.XSHG,1.868,2800.0,14900,164.68,-5.0,2020-02-03,2020-02,"医药ETF
512010.XSHG"
2020-02-03 14:35:00,加仓,医药ETF,512010.XSHG,1.808,2800.0,17700,,-4.0,2020-02-03,2020-02,"医药ETF
512010.XSHG"
2020-02-04 09:38:00,止盈,中概互联,513050.XSHG,1.468,3900.0,16500,171.03,-6.0,2020-02-04,2020-02,"中概互联
513050.XSHG"
2020-02-04 11:24:00,止盈,医药ETF,512010.XSHG,1.865,2800.0,14900,159.08,-5.0,2020-02-04,2020-02,"医药ETF
512010.XSHG"
2020-02-05 09:31:00,止盈,纳指ETF,513100.XSHG,3.502,1700.0,7200,189.8,-6.0,2020-02-05,2020-02,"纳指ETF
513100.XSHG"
2020-02-05 09:48:00,止盈,500ETF,510500.XSHG,5.505,800.0,6800,129.16,-2.0,2020-02-05,2020-02,"500ETF
510500.XSHG"
2020-02-05 10:15:00,止盈,中概互联,513050.XSHG,1.513,3900.0,12600,174.91,-7.0,2020-02-05,2020-02,"中概互联
513050.XSHG"
2020-02-05 14:05:00,止盈,医药ETF,512010.XSHG,1.921,2800.0,12100,156.26,-6.0,2020-02-05,2020-02,"医药ETF
512010.XSHG"
2020-02-06 09:33:00,止盈,纳指ETF,513100.XSHG,3.614,1700.0,5500,189.79,-7.0,2020-02-06,2020-02,"纳指ETF
513100.XSHG"
2020-02-06 10:00:00,止盈,医药ETF,512010.XSHG,1.979,2800.0,9300,161.85,-7.0,2020-02-06,2020-02,"医药ETF
512010.XSHG"
2020-02-06 11:29:00,止盈,500ETF,510500.XSHG,5.671,800.0,6000,132.35,-3.0,2020-02-06,2020-02,"500ETF
510500.XSHG"
2020-02-07 09:45:00,止盈,纳指ETF,513100.XSHG,3.725,1700.0,3800,188.07,-8.0,2020-02-07,2020-02,"纳指ETF
513100.XSHG"
2020-02-11 09:32:00,破顶,纳指ETF,513100.XSHG,3.843,,13000,,,2020-02-11,2020-02,"纳指ETF
513100.XSHG"
2020-02-12 10:48:00,止盈,纳指ETF,513100.XSHG,3.962,1300.0,11700,154.18,-1.0,2020-02-12,2020-02,"纳指ETF
513100.XSHG"
2020-02-12 11:19:00,止盈,500ETF,510500.XSHG,5.844,800.0,5200,137.93,-4.0,2020-02-12,2020-02,"500ETF
510500.XSHG"
2020-02-13 09:42:00,止盈,纳指ETF,513100.XSHG,4.081,1300.0,10400,154.17,-2.0,2020-02-13,2020-02,"纳指ETF
513100.XSHG"
2020-02-13 14:57:00,止盈,纳指ETF,513100.XSHG,4.226,1300.0,9100,187.95,-3.0,2020-02-13,2020-02,"纳指ETF
513100.XSHG"
2020-02-14 09:32:00,加仓,纳指ETF,513100.XSHG,4.023,1300.0,10400,,-2.0,2020-02-14,2020-02,"纳指ETF
513100.XSHG"
2020-02-14 09:44:00,止盈,纳指ETF,513100.XSHG,4.145,1300.0,9100,158.06,-3.0,2020-02-14,2020-02,"纳指ETF
513100.XSHG"
2020-02-14 14:27:00,加仓,纳指ETF,513100.XSHG,4.006,1300.0,10400,,-2.0,2020-02-14,2020-02,"纳指ETF
513100.XSHG"
2020-02-17 09:34:00,加仓,纳指ETF,513100.XSHG,3.84,1300.0,11700,,-1.0,2020-02-17,2020-02,"纳指ETF
513100.XSHG"
2020-02-17 11:22:00,止盈,纳指ETF,513100.XSHG,3.962,1300.0,10400,158.08,-2.0,2020-02-17,2020-02,"纳指ETF
513100.XSHG"
2020-02-17 13:23:00,止盈,500ETF,510500.XSHG,6.02,800.0,4400,140.32,-5.0,2020-02-17,2020-02,"500ETF
510500.XSHG"
2020-02-18 14:20:00,加仓,纳指ETF,513100.XSHG,3.84,1300.0,11700,,-1.0,2020-02-18,2020-02,"纳指ETF
513100.XSHG"
2020-02-21 09:52:00,止盈,500ETF,510500.XSHG,6.204,800.0,3600,146.7,-6.0,2020-02-21,2020-02,"500ETF
510500.XSHG"
2020-02-21 10:06:00,止盈,黄金ETF,518880.XSHG,3.62,1700.0,4000,179.58,-8.0,2020-02-21,2020-02,"黄金ETF
518880.XSHG"
2020-02-21 14:49:00,加仓,纳指ETF,513100.XSHG,3.724,1300.0,13000,,0.0,2020-02-21,2020-02,"纳指ETF
513100.XSHG"
2020-02-24 09:32:00,加仓,纳指ETF,513100.XSHG,3.601,1300.0,14300,,1.0,2020-02-24,2020-02,"纳指ETF
513100.XSHG"
2020-02-24 13:15:00,破顶,黄金ETF,518880.XSHG,3.729,,13400,,,2020-02-24,2020-02,"黄金ETF
518880.XSHG"
2020-02-25 09:31:00,加仓,纳指ETF,513100.XSHG,3.479,1300.0,15600,,2.0,2020-02-25,2020-02,"纳指ETF
513100.XSHG"
2020-02-25 09:31:00,加仓,中概互联,513050.XSHG,1.456,3900.0,16500,,-6.0,2020-02-25,2020-02,"中概互联
513050.XSHG"
2020-02-25 10:12:00,止盈,纳指ETF,513100.XSHG,3.587,1300.0,14300,139.93,1.0,2020-02-25,2020-02,"纳指ETF
513100.XSHG"
2020-02-28 09:31:00,加仓,纳指ETF,513100.XSHG,3.428,1300.0,15600,,2.0,2020-02-28,2020-02,"纳指ETF
513100.XSHG"
2020-02-28 10:27:00,加仓,500ETF,510500.XSHG,6.01,800.0,4400,,-5.0,2020-02-28,2020-02,"500ETF
510500.XSHG"
2020-02-28 11:03:00,加仓,医药ETF,512010.XSHG,1.919,2800.0,12100,,-6.0,2020-02-28,2020-02,"医药ETF
512010.XSHG"
2020-02-28 13:55:00,加仓,黄金ETF,518880.XSHG,3.616,1300.0,14700,,1.0,2020-02-28,2020-02,"黄金ETF
518880.XSHG"
2020-03-02 13:45:00,止盈,纳指ETF,513100.XSHG,3.538,1300.0,14300,142.54,1.0,2020-03-02,2020-03,"纳指ETF
513100.XSHG"
2020-03-03 09:31:00,止盈,纳指ETF,513100.XSHG,3.678,1300.0,13000,181.52,0.0,2020-03-03,2020-03,"纳指ETF
513100.XSHG"
2020-03-03 09:31:00,止盈,500ETF,510500.XSHG,6.221,800.0,3600,168.3,-6.0,2020-03-03,2020-03,"500ETF
510500.XSHG"
2020-03-03 09:32:00,止盈,医药ETF,512010.XSHG,1.977,2800.0,9300,161.85,-7.0,2020-03-03,2020-03,"医药ETF
512010.XSHG"
2020-03-03 13:12:00,加仓,纳指ETF,513100.XSHG,3.567,1300.0,14300,,1.0,2020-03-03,2020-03,"纳指ETF
513100.XSHG"
2020-03-05 10:23:00,止盈,医药ETF,512010.XSHG,2.038,2800.0,6500,170.23,-8.0,2020-03-05,2020-03,"医药ETF
512010.XSHG"
2020-03-09 09:31:00,加仓,纳指ETF,513100.XSHG,3.398,1300.0,15600,,2.0,2020-03-09,2020-03,"纳指ETF
513100.XSHG"
2020-03-09 09:31:00,加仓,中概互联,513050.XSHG,1.406,3900.0,20400,,-5.0,2020-03-09,2020-03,"中概互联
513050.XSHG"
2020-03-09 09:51:00,止盈,黄金ETF,518880.XSHG,3.726,1300.0,13400,142.52,0.0,2020-03-09,2020-03,"黄金ETF
518880.XSHG"
2020-03-09 13:01:00,加仓,黄金ETF,518880.XSHG,3.577,1300.0,14700,,1.0,2020-03-09,2020-03,"黄金ETF
518880.XSHG"
2020-03-09 13:10:00,加仓,500ETF,510500.XSHG,6.034,800.0,4400,,-5.0,2020-03-09,2020-03,"500ETF
510500.XSHG"
2020-03-09 14:38:00,加仓,纳指ETF,513100.XSHG,3.292,1300.0,16900,,3.0,2020-03-09,2020-03,"纳指ETF
513100.XSHG"
2020-03-10 10:46:00,加仓,医药ETF,512010.XSHG,1.976,2800.0,9300,,-7.0,2020-03-10,2020-03,"医药ETF
512010.XSHG"
2020-03-10 13:32:00,止盈,纳指ETF,513100.XSHG,3.399,1300.0,15600,138.66,2.0,2020-03-10,2020-03,"纳指ETF
513100.XSHG"
2020-03-11 14:41:00,加仓,纳指ETF,513100.XSHG,3.296,1300.0,16900,,3.0,2020-03-11,2020-03,"纳指ETF
513100.XSHG"
2020-03-12 09:32:00,加仓,纳指ETF,513100.XSHG,3.193,1300.0,18200,,4.0,2020-03-12,2020-03,"纳指ETF
513100.XSHG"
2020-03-12 10:20:00,加仓,中概互联,513050.XSHG,1.363,3900.0,24300,,-4.0,2020-03-12,2020-03,"中概互联
513050.XSHG"
2020-03-13 09:31:00,加仓,纳指ETF,513100.XSHG,2.987,1300.0,19500,,5.0,2020-03-13,2020-03,"纳指ETF
513100.XSHG"
2020-03-13 09:31:00,加仓,黄金ETF,518880.XSHG,3.463,1300.0,16000,,2.0,2020-03-13,2020-03,"黄金ETF
518880.XSHG"
2020-03-13 09:31:00,加仓,500ETF,510500.XSHG,5.7,800.0,5200,,-4.0,2020-03-13,2020-03,"500ETF
510500.XSHG"
2020-03-13 09:31:00,加仓,医药ETF,512010.XSHG,1.841,2800.0,12100,,-6.0,2020-03-13,2020-03,"医药ETF
512010.XSHG"
2020-03-13 09:31:00,加仓,中概互联,513050.XSHG,1.282,3900.0,28200,,-3.0,2020-03-13,2020-03,"中概互联
513050.XSHG"
2020-03-13 09:33:00,止盈,中概互联,513050.XSHG,1.322,3900.0,24300,155.48,-4.0,2020-03-13,2020-03,"中概互联
513050.XSHG"
2020-03-13 13:01:00,止盈,纳指ETF,513100.XSHG,3.088,1300.0,18200,130.9,4.0,2020-03-13,2020-03,"纳指ETF
513100.XSHG"
2020-03-13 13:02:00,止盈,500ETF,510500.XSHG,5.884,800.0,4400,146.73,-5.0,2020-03-13,2020-03,"500ETF
510500.XSHG"
2020-03-13 13:04:00,止盈,医药ETF,512010.XSHG,1.897,2800.0,9300,156.27,-7.0,2020-03-13,2020-03,"医药ETF
512010.XSHG"
2020-03-13 13:07:00,止盈,纳指ETF,513100.XSHG,3.192,1300.0,16900,134.79,3.0,2020-03-13,2020-03,"纳指ETF
513100.XSHG"
2020-03-13 13:07:00,止盈,中概互联,513050.XSHG,1.366,3900.0,20400,171.07,-5.0,2020-03-13,2020-03,"中概互联
513050.XSHG"
2020-03-13 13:20:00,止盈,纳指ETF,513100.XSHG,3.296,1300.0,15600,134.77,2.0,2020-03-13,2020-03,"纳指ETF
513100.XSHG"
2020-03-13 14:21:00,加仓,纳指ETF,513100.XSHG,3.193,1300.0,16900,,3.0,2020-03-13,2020-03,"纳指ETF
513100.XSHG"
2020-03-16 13:56:00,加仓,中概互联,513050.XSHG,1.324,3900.0,24300,,-4.0,2020-03-16,2020-03,"中概互联
513050.XSHG"
2020-03-16 14:00:00,加仓,500ETF,510500.XSHG,5.707,800.0,5200,,-4.0,2020-03-16,2020-03,"500ETF
510500.XSHG"
2020-03-16 14:11:00,加仓,医药ETF,512010.XSHG,1.838,2800.0,12100,,-6.0,2020-03-16,2020-03,"医药ETF
512010.XSHG"
2020-03-16 14:31:00,加仓,纳指ETF,513100.XSHG,3.08,1300.0,18200,,4.0,2020-03-16,2020-03,"纳指ETF
513100.XSHG"
2020-03-17 09:31:00,加仓,黄金ETF,518880.XSHG,3.312,1300.0,17300,,3.0,2020-03-17,2020-03,"黄金ETF
518880.XSHG"
2020-03-17 10:16:00,加仓,500ETF,510500.XSHG,5.532,800.0,6000,,-3.0,2020-03-17,2020-03,"500ETF
510500.XSHG"
2020-03-17 10:18:00,加仓,医药ETF,512010.XSHG,1.777,2800.0,14900,,-5.0,2020-03-17,2020-03,"医药ETF
512010.XSHG"
2020-03-17 11:08:00,止盈,医药ETF,512010.XSHG,1.831,2800.0,12100,150.69,-6.0,2020-03-17,2020-03,"医药ETF
512010.XSHG"
2020-03-18 09:47:00,止盈,500ETF,510500.XSHG,5.709,800.0,5200,141.14,-4.0,2020-03-18,2020-03,"500ETF
510500.XSHG"
2020-03-18 14:41:00,加仓,中概互联,513050.XSHG,1.284,3900.0,28200,,-3.0,2020-03-18,2020-03,"中概互联
513050.XSHG"
2020-03-19 09:49:00,加仓,500ETF,510500.XSHG,5.526,800.0,6000,,-3.0,2020-03-19,2020-03,"500ETF
510500.XSHG"
2020-03-19 10:42:00,加仓,医药ETF,512010.XSHG,1.774,2800.0,14900,,-5.0,2020-03-19,2020-03,"医药ETF
512010.XSHG"
2020-03-19 11:02:00,加仓,纳指ETF,513100.XSHG,2.986,1300.0,19500,,5.0,2020-03-19,2020-03,"纳指ETF
513100.XSHG"
2020-03-20 09:31:00,止盈,纳指ETF,513100.XSHG,3.098,1300.0,18200,145.2,4.0,2020-03-20,2020-03,"纳指ETF
513100.XSHG"
2020-03-20 09:40:00,止盈,中概互联,513050.XSHG,1.323,3900.0,24300,151.58,-4.0,2020-03-20,2020-03,"中概互联
513050.XSHG"
2020-03-20 10:20:00,止盈,医药ETF,512010.XSHG,1.828,2800.0,12100,150.69,-6.0,2020-03-20,2020-03,"医药ETF
512010.XSHG"
2020-03-24 09:31:00,止盈,黄金ETF,518880.XSHG,3.549,1300.0,16000,307.64,2.0,2020-03-24,2020-03,"黄金ETF
518880.XSHG"
2020-03-24 09:31:00,止盈,中概互联,513050.XSHG,1.367,3900.0,20400,171.07,-5.0,2020-03-24,2020-03,"中概互联
513050.XSHG"
2020-03-25 09:31:00,止盈,纳指ETF,513100.XSHG,3.32,1300.0,16900,288.17,3.0,2020-03-25,2020-03,"纳指ETF
513100.XSHG"
2020-03-25 09:31:00,止盈,医药ETF,512010.XSHG,1.902,2800.0,9300,206.67,-7.0,2020-03-25,2020-03,"医药ETF
512010.XSHG"
2020-03-25 09:31:00,止盈,中概互联,513050.XSHG,1.413,3900.0,16500,178.85,-6.0,2020-03-25,2020-03,"中概互联
513050.XSHG"
2020-03-26 09:55:00,止盈,医药ETF,512010.XSHG,1.962,2800.0,6500,167.45,-8.0,2020-03-26,2020-03,"医药ETF
512010.XSHG"
2020-03-27 09:30:00,加仓,纳指ETF,513100.XSHG,3.219,1300.0,18200,,4.0,2020-03-27,2020-03,"纳指ETF
513100.XSHG"
2020-03-30 09:31:00,加仓,纳指ETF,513100.XSHG,3.073,1300.0,19500,,5.0,2020-03-30,2020-03,"纳指ETF
513100.XSHG"
2020-04-07 09:31:00,止盈,纳指ETF,513100.XSHG,3.194,1300.0,18200,156.88,4.0,2020-04-07,2020-04,"纳指ETF
513100.XSHG"
2020-04-07 09:31:00,止盈,黄金ETF,518880.XSHG,3.687,1300.0,14700,178.92,1.0,2020-04-07,2020-04,"黄金ETF
518880.XSHG"
2020-04-07 11:05:00,破顶,医药ETF,512010.XSHG,2.023,,24700,,,2020-04-07,2020-04,"医药ETF
512010.XSHG"
2020-04-07 13:56:00,止盈,500ETF,510500.XSHG,5.692,800.0,5200,132.34,-4.0,2020-04-07,2020-04,"500ETF
510500.XSHG"
2020-04-09 13:42:00,止盈,医药ETF,512010.XSHG,2.084,2400.0,22300,145.9,-1.0,2020-04-09,2020-04,"医药ETF
512010.XSHG"
2020-04-13 09:35:00,加仓,纳指ETF,513100.XSHG,3.093,1300.0,19500,,5.0,2020-04-13,2020-04,"纳指ETF
513100.XSHG"
2020-04-15 09:31:00,止盈,纳指ETF,513100.XSHG,3.205,1300.0,18200,145.18,4.0,2020-04-15,2020-04,"纳指ETF
513100.XSHG"
2020-04-17 09:31:00,止盈,纳指ETF,513100.XSHG,3.342,1300.0,16900,177.67,3.0,2020-04-17,2020-04,"纳指ETF
513100.XSHG"
2020-04-17 09:31:00,止盈,中概互联,513050.XSHG,1.484,3900.0,12600,276.32,-7.0,2020-04-17,2020-04,"中概互联
513050.XSHG"
2020-04-23 09:32:00,止盈,纳指ETF,513100.XSHG,3.454,1300.0,15600,145.15,2.0,2020-04-23,2020-04,"纳指ETF
513100.XSHG"
2020-04-27 13:03:00,止盈,纳指ETF,513100.XSHG,3.563,1300.0,14300,141.24,1.0,2020-04-27,2020-04,"纳指ETF
513100.XSHG"
2020-04-29 09:32:00,止盈,纳指ETF,513100.XSHG,3.696,1300.0,13000,172.42,0.0,2020-04-29,2020-04,"纳指ETF
513100.XSHG"
2020-04-30 09:31:00,止盈,纳指ETF,513100.XSHG,3.842,1300.0,11700,189.3,-1.0,2020-04-30,2020-04,"纳指ETF
513100.XSHG"
2020-04-30 14:34:00,加仓,纳指ETF,513100.XSHG,3.724,1300.0,13000,,0.0,2020-04-30,2020-04,"纳指ETF
513100.XSHG"
2020-05-06 13:46:00,止盈,500ETF,510500.XSHG,5.866,800.0,4400,138.73,-5.0,2020-05-06,2020-05,"500ETF
510500.XSHG"
2020-05-08 10:03:00,止盈,医药ETF,512010.XSHG,2.149,2400.0,19900,155.48,-2.0,2020-05-08,2020-05,"医药ETF
512010.XSHG"
2020-05-11 09:42:00,止盈,中概互联,513050.XSHG,1.531,3900.0,8700,182.7,-8.0,2020-05-11,2020-05,"中概互联
513050.XSHG"
2020-05-13 09:34:00,加仓,纳指ETF,513100.XSHG,3.61,1300.0,14300,,1.0,2020-05-13,2020-05,"纳指ETF
513100.XSHG"
2020-05-15 09:31:00,止盈,黄金ETF,518880.XSHG,3.82,1300.0,13400,172.4,0.0,2020-05-15,2020-05,"黄金ETF
518880.XSHG"
2020-05-18 10:12:00,止盈,黄金ETF,518880.XSHG,3.937,1300.0,12100,151.59,-1.0,2020-05-18,2020-05,"黄金ETF
518880.XSHG"
2020-05-19 09:31:00,止盈,医药ETF,512010.XSHG,2.215,2400.0,17500,157.87,-3.0,2020-05-19,2020-05,"医药ETF
512010.XSHG"
2020-05-19 09:31:00,破顶,中概互联,513050.XSHG,1.582,,31600,,,2020-05-19,2020-05,"中概互联
513050.XSHG"
2020-05-19 09:34:00,止盈,纳指ETF,513100.XSHG,3.72,1300.0,13000,142.52,0.0,2020-05-19,2020-05,"纳指ETF
513100.XSHG"
2020-05-22 11:24:00,加仓,医药ETF,512010.XSHG,2.147,2400.0,19900,,-2.0,2020-05-22,2020-05,"医药ETF
512010.XSHG"
2020-05-22 13:26:00,加仓,中概互联,513050.XSHG,1.531,3100.0,34700,,1.0,2020-05-22,2020-05,"中概互联
513050.XSHG"
2020-05-22 14:42:00,加仓,纳指ETF,513100.XSHG,3.603,1300.0,14300,,1.0,2020-05-22,2020-05,"纳指ETF
513100.XSHG"
2020-05-25 14:58:00,止盈,纳指ETF,513100.XSHG,3.715,1300.0,13000,145.12,0.0,2020-05-25,2020-05,"纳指ETF
513100.XSHG"
2020-05-26 10:23:00,止盈,中概互联,513050.XSHG,1.58,3100.0,31600,151.41,0.0,2020-05-26,2020-05,"中概互联
513050.XSHG"
2020-05-27 13:50:00,止盈,纳指ETF,513100.XSHG,3.834,1300.0,11700,154.2,-1.0,2020-05-27,2020-05,"纳指ETF
513100.XSHG"
2020-06-01 11:26:00,止盈,500ETF,510500.XSHG,6.042,800.0,3600,140.32,-6.0,2020-06-01,2020-06,"500ETF
510500.XSHG"
2020-06-03 13:15:00,止盈,中概互联,513050.XSHG,1.628,3100.0,28500,148.3,-1.0,2020-06-03,2020-06,"中概互联
513050.XSHG"
2020-06-04 09:31:00,加仓,黄金ETF,518880.XSHG,3.818,1300.0,13400,,0.0,2020-06-04,2020-06,"黄金ETF
518880.XSHG"
2020-06-04 14:09:00,止盈,医药ETF,512010.XSHG,2.212,2400.0,17500,155.47,-3.0,2020-06-04,2020-06,"医药ETF
512010.XSHG"
2020-06-10 13:11:00,止盈,医药ETF,512010.XSHG,2.279,2400.0,15100,160.25,-4.0,2020-06-10,2020-06,"医药ETF
512010.XSHG"
2020-06-10 13:58:00,止盈,中概互联,513050.XSHG,1.678,3100.0,25400,154.48,-2.0,2020-06-10,2020-06,"中概互联
513050.XSHG"
2020-06-12 09:31:00,加仓,纳指ETF,513100.XSHG,3.657,1300.0,13000,,0.0,2020-06-12,2020-06,"纳指ETF
513100.XSHG"
2020-06-16 09:54:00,止盈,纳指ETF,513100.XSHG,3.77,1300.0,11700,146.41,-1.0,2020-06-16,2020-06,"纳指ETF
513100.XSHG"
2020-06-16 13:39:00,止盈,医药ETF,512010.XSHG,2.348,2400.0,12700,165.04,-5.0,2020-06-16,2020-06,"医药ETF
512010.XSHG"
2020-06-17 10:07:00,止盈,500ETF,510500.XSHG,6.224,800.0,2800,145.1,-7.0,2020-06-17,2020-06,"500ETF
510500.XSHG"
2020-06-17 13:44:00,止盈,中概互联,513050.XSHG,1.729,3100.0,22300,157.56,-3.0,2020-06-17,2020-06,"中概互联
513050.XSHG"
2020-06-19 09:37:00,止盈,中概互联,513050.XSHG,1.784,3100.0,19200,169.95,-4.0,2020-06-19,2020-06,"中概互联
513050.XSHG"
2020-06-19 09:39:00,止盈,医药ETF,512010.XSHG,2.419,2400.0,10300,169.82,-6.0,2020-06-19,2020-06,"医药ETF
512010.XSHG"
2020-06-22 10:06:00,止盈,医药ETF,512010.XSHG,2.497,2400.0,7900,186.6,-7.0,2020-06-22,2020-06,"医药ETF
512010.XSHG"
2020-06-24 09:34:00,止盈,中概互联,513050.XSHG,1.838,3100.0,16100,166.83,-5.0,2020-06-24,2020-06,"中概互联
513050.XSHG"
2020-06-30 11:26:00,止盈,500ETF,510500.XSHG,6.412,800.0,2000,149.89,-8.0,2020-06-30,2020-06,"500ETF
510500.XSHG"
2020-07-01 13:02:00,止盈,黄金ETF,518880.XSHG,3.933,1300.0,12100,148.99,-1.0,2020-07-01,2020-07,"黄金ETF
518880.XSHG"
2020-07-03 14:34:00,破顶,500ETF,510500.XSHG,6.609,,7500,,,2020-07-03,2020-07,"500ETF
510500.XSHG"
2020-07-06 09:32:00,止盈,中概互联,513050.XSHG,1.894,3100.0,13000,173.01,-6.0,2020-07-06,2020-07,"中概互联
513050.XSHG"
2020-07-06 10:20:00,止盈,500ETF,510500.XSHG,6.809,700.0,6800,139.52,-1.0,2020-07-06,2020-07,"500ETF
510500.XSHG"
2020-07-07 09:31:00,止盈,500ETF,510500.XSHG,7.014,700.0,6100,143.01,-2.0,2020-07-07,2020-07,"500ETF
510500.XSHG"
2020-07-07 09:33:00,止盈,中概互联,513050.XSHG,1.953,3100.0,9900,182.29,-7.0,2020-07-07,2020-07,"中概互联
513050.XSHG"
2020-07-07 09:57:00,止盈,医药ETF,512010.XSHG,2.572,2400.0,5500,179.38,-8.0,2020-07-07,2020-07,"医药ETF
512010.XSHG"
2020-07-09 09:33:00,止盈,中概互联,513050.XSHG,2.015,3100.0,6800,191.58,-8.0,2020-07-09,2020-07,"中概互联
513050.XSHG"
2020-07-09 09:52:00,止盈,500ETF,510500.XSHG,7.229,700.0,5400,149.99,-3.0,2020-07-09,2020-07,"500ETF
510500.XSHG"
2020-07-09 10:13:00,破顶,医药ETF,512010.XSHG,2.65,,18800,,,2020-07-09,2020-07,"医药ETF
512010.XSHG"
2020-07-10 09:37:00,止盈,医药ETF,512010.XSHG,2.732,1800.0,17000,147.11,-1.0,2020-07-10,2020-07,"医药ETF
512010.XSHG"
2020-07-13 09:31:00,止盈,纳指ETF,513100.XSHG,3.904,1300.0,10400,173.69,-2.0,2020-07-13,2020-07,"纳指ETF
513100.XSHG"
2020-07-13 10:20:00,止盈,500ETF,510500.XSHG,7.448,700.0,4700,152.78,-4.0,2020-07-13,2020-07,"500ETF
510500.XSHG"
2020-07-13 11:25:00,止盈,医药ETF,512010.XSHG,2.815,1800.0,15200,148.89,-2.0,2020-07-13,2020-07,"医药ETF
512010.XSHG"
2020-07-15 09:44:00,止盈,医药ETF,512010.XSHG,2.901,1800.0,13400,154.28,-3.0,2020-07-15,2020-07,"医药ETF
512010.XSHG"
2020-07-15 09:51:00,加仓,中概互联,513050.XSHG,1.954,3100.0,9900,,-7.0,2020-07-15,2020-07,"中概互联
513050.XSHG"
2020-07-16 10:13:00,加仓,中概互联,513050.XSHG,1.889,3100.0,13000,,-6.0,2020-07-16,2020-07,"中概互联
513050.XSHG"
2020-07-16 10:18:00,加仓,医药ETF,512010.XSHG,2.804,1800.0,15200,,-2.0,2020-07-16,2020-07,"医药ETF
512010.XSHG"
2020-07-16 11:17:00,加仓,500ETF,510500.XSHG,7.224,700.0,5400,,-3.0,2020-07-16,2020-07,"500ETF
510500.XSHG"
2020-07-16 13:35:00,加仓,医药ETF,512010.XSHG,2.719,1800.0,17000,,-1.0,2020-07-16,2020-07,"医药ETF
512010.XSHG"
2020-07-16 14:22:00,加仓,500ETF,510500.XSHG,7.001,700.0,6100,,-2.0,2020-07-16,2020-07,"500ETF
510500.XSHG"
2020-07-21 09:31:00,止盈,中概互联,513050.XSHG,1.952,3100.0,9900,194.69,-7.0,2020-07-21,2020-07,"中概互联
513050.XSHG"
2020-07-21 09:37:00,止盈,500ETF,510500.XSHG,7.213,700.0,5400,147.9,-3.0,2020-07-21,2020-07,"500ETF
510500.XSHG"
2020-07-21 09:42:00,止盈,医药ETF,512010.XSHG,2.801,1800.0,15200,147.1,-2.0,2020-07-21,2020-07,"医药ETF
512010.XSHG"
2020-07-21 14:52:00,止盈,中概互联,513050.XSHG,2.011,3100.0,6800,182.28,-8.0,2020-07-21,2020-07,"中概互联
513050.XSHG"
2020-07-22 09:31:00,止盈,黄金ETF,518880.XSHG,4.051,1300.0,10800,152.87,-2.0,2020-07-22,2020-07,"黄金ETF
518880.XSHG"
2020-07-22 09:54:00,止盈,医药ETF,512010.XSHG,2.886,1800.0,13400,152.48,-3.0,2020-07-22,2020-07,"医药ETF
512010.XSHG"
2020-07-24 09:39:00,加仓,中概互联,513050.XSHG,1.949,3100.0,9900,,-7.0,2020-07-24,2020-07,"中概互联
513050.XSHG"
2020-07-24 13:03:00,加仓,医药ETF,512010.XSHG,2.792,1800.0,15200,,-2.0,2020-07-24,2020-07,"医药ETF
512010.XSHG"
2020-07-24 13:12:00,加仓,500ETF,510500.XSHG,6.994,700.0,6100,,-2.0,2020-07-24,2020-07,"500ETF
510500.XSHG"
2020-07-24 14:58:00,加仓,中概互联,513050.XSHG,1.888,3100.0,13000,,-6.0,2020-07-24,2020-07,"中概互联
513050.XSHG"
2020-07-27 09:46:00,止盈,黄金ETF,518880.XSHG,4.173,1300.0,9500,158.06,-3.0,2020-07-27,2020-07,"黄金ETF
518880.XSHG"
2020-07-29 10:01:00,止盈,医药ETF,512010.XSHG,2.876,1800.0,13400,150.68,-3.0,2020-07-29,2020-07,"医药ETF
512010.XSHG"
2020-07-29 14:52:00,止盈,中概互联,513050.XSHG,1.946,3100.0,9900,179.2,-7.0,2020-07-29,2020-07,"中概互联
513050.XSHG"
2020-07-30 09:31:00,止盈,医药ETF,512010.XSHG,2.964,1800.0,11600,157.87,-4.0,2020-07-30,2020-07,"医药ETF
512010.XSHG"
2020-07-30 09:32:00,止盈,500ETF,510500.XSHG,7.205,700.0,5400,147.2,-3.0,2020-07-30,2020-07,"500ETF
510500.XSHG"
2020-08-03 09:56:00,止盈,医药ETF,512010.XSHG,3.059,1800.0,9800,170.45,-5.0,2020-08-03,2020-08,"医药ETF
512010.XSHG"
2020-08-04 13:52:00,止盈,中概互联,513050.XSHG,2.005,3100.0,6800,182.28,-8.0,2020-08-04,2020-08,"中概互联
513050.XSHG"
2020-08-05 09:31:00,止盈,黄金ETF,518880.XSHG,4.3,1300.0,8200,164.54,-4.0,2020-08-05,2020-08,"黄金ETF
518880.XSHG"
2020-08-05 11:26:00,止盈,500ETF,510500.XSHG,7.426,700.0,4700,154.18,-4.0,2020-08-05,2020-08,"500ETF
510500.XSHG"
2020-08-07 10:17:00,加仓,医药ETF,512010.XSHG,2.967,1800.0,11600,,-4.0,2020-08-07,2020-08,"医药ETF
512010.XSHG"
2020-08-07 13:01:00,加仓,中概互联,513050.XSHG,1.933,3100.0,9900,,-7.0,2020-08-07,2020-08,"中概互联
513050.XSHG"
2020-08-10 09:53:00,加仓,医药ETF,512010.XSHG,2.875,1800.0,13400,,-3.0,2020-08-10,2020-08,"医药ETF
512010.XSHG"
2020-08-10 13:53:00,止盈,医药ETF,512010.XSHG,2.963,1800.0,11600,157.87,-4.0,2020-08-10,2020-08,"医药ETF
512010.XSHG"
2020-08-12 09:31:00,加仓,黄金ETF,518880.XSHG,4.02,1300.0,9500,,-3.0,2020-08-12,2020-08,"黄金ETF
518880.XSHG"
2020-08-12 09:42:00,加仓,500ETF,510500.XSHG,7.198,700.0,5400,,-3.0,2020-08-12,2020-08,"500ETF
510500.XSHG"
2020-08-12 09:44:00,加仓,医药ETF,512010.XSHG,2.873,1800.0,13400,,-3.0,2020-08-12,2020-08,"医药ETF
512010.XSHG"
2020-08-12 10:18:00,加仓,中概互联,513050.XSHG,1.875,3100.0,13000,,-6.0,2020-08-12,2020-08,"中概互联
513050.XSHG"
2020-08-12 13:04:00,加仓,医药ETF,512010.XSHG,2.786,1800.0,15200,,-2.0,2020-08-12,2020-08,"医药ETF
512010.XSHG"
2020-08-13 09:31:00,止盈,纳指ETF,513100.XSHG,4.036,1300.0,9100,171.08,-3.0,2020-08-13,2020-08,"纳指ETF
513100.XSHG"
2020-08-13 09:31:00,止盈,中概互联,513050.XSHG,1.955,3100.0,9900,247.39,-7.0,2020-08-13,2020-08,"中概互联
513050.XSHG"
2020-08-14 09:31:00,止盈,黄金ETF,518880.XSHG,4.141,1300.0,8200,156.76,-4.0,2020-08-14,2020-08,"黄金ETF
518880.XSHG"
2020-08-18 09:33:00,止盈,500ETF,510500.XSHG,7.419,700.0,4700,154.18,-4.0,2020-08-18,2020-08,"500ETF
510500.XSHG"
2020-08-18 09:33:00,止盈,医药ETF,512010.XSHG,2.874,1800.0,13400,157.88,-3.0,2020-08-18,2020-08,"医药ETF
512010.XSHG"
2020-08-19 14:49:00,加仓,医药ETF,512010.XSHG,2.787,1800.0,15200,,-2.0,2020-08-19,2020-08,"医药ETF
512010.XSHG"
2020-08-21 09:54:00,止盈,纳指ETF,513100.XSHG,4.159,1300.0,7800,159.36,-4.0,2020-08-21,2020-08,"纳指ETF
513100.XSHG"
2020-08-24 09:31:00,止盈,中概互联,513050.XSHG,2.026,3100.0,6800,219.47,-8.0,2020-08-24,2020-08,"中概互联
513050.XSHG"
2020-08-24 09:37:00,止盈,纳指ETF,513100.XSHG,4.295,1300.0,6500,176.24,-5.0,2020-08-24,2020-08,"纳指ETF
513100.XSHG"
2020-08-24 13:29:00,止盈,纳指ETF,513100.XSHG,4.426,1300.0,5200,169.72,-6.0,2020-08-24,2020-08,"纳指ETF
513100.XSHG"
2020-08-25 09:38:00,破顶,中概互联,513050.XSHG,2.087,,23900,,,2020-08-25,2020-08,"中概互联
513050.XSHG"
2020-08-25 13:50:00,止盈,纳指ETF,513100.XSHG,4.56,1300.0,3900,173.61,-7.0,2020-08-25,2020-08,"纳指ETF
513100.XSHG"
2020-08-26 09:49:00,止盈,医药ETF,512010.XSHG,2.874,1800.0,13400,156.08,-3.0,2020-08-26,2020-08,"医药ETF
512010.XSHG"
2020-08-26 10:15:00,加仓,纳指ETF,513100.XSHG,4.423,1300.0,5200,,-6.0,2020-08-26,2020-08,"纳指ETF
513100.XSHG"
2020-08-26 13:21:00,止盈,纳指ETF,513100.XSHG,4.557,1300.0,3900,173.61,-7.0,2020-08-26,2020-08,"纳指ETF
513100.XSHG"
2020-08-26 13:51:00,加仓,500ETF,510500.XSHG,7.191,700.0,5400,,-3.0,2020-08-26,2020-08,"500ETF
510500.XSHG"
2020-08-27 09:31:00,止盈,中概互联,513050.XSHG,2.158,2300.0,21600,162.8,-1.0,2020-08-27,2020-08,"中概互联
513050.XSHG"
2020-08-27 14:58:00,止盈,纳指ETF,513100.XSHG,4.695,1300.0,2600,178.79,-8.0,2020-08-27,2020-08,"纳指ETF
513100.XSHG"
2020-08-28 10:41:00,破顶,纳指ETF,513100.XSHG,4.856,,10200,,,2020-08-28,2020-08,"纳指ETF
513100.XSHG"
2020-08-28 14:04:00,加仓,纳指ETF,513100.XSHG,4.708,1000.0,11200,,1.0,2020-08-28,2020-08,"纳指ETF
513100.XSHG"
2020-08-31 09:31:00,止盈,纳指ETF,513100.XSHG,4.885,1000.0,10200,176.51,0.0,2020-08-31,2020-08,"纳指ETF
513100.XSHG"
2020-08-31 09:34:00,止盈,500ETF,510500.XSHG,7.408,700.0,4700,151.38,-4.0,2020-08-31,2020-08,"500ETF
510500.XSHG"
2020-08-31 14:53:00,止盈,纳指ETF,513100.XSHG,5.032,1000.0,9200,146.5,-1.0,2020-08-31,2020-08,"纳指ETF
513100.XSHG"
2020-09-01 09:31:00,加仓,中概互联,513050.XSHG,2.092,2300.0,23900,,0.0,2020-09-01,2020-09,"中概互联
513050.XSHG"
2020-09-01 09:32:00,止盈,纳指ETF,513100.XSHG,5.218,1000.0,8200,185.48,-2.0,2020-09-01,2020-09,"纳指ETF
513100.XSHG"
2020-09-01 13:50:00,加仓,纳指ETF,513100.XSHG,5.009,1000.0,9200,,-1.0,2020-09-01,2020-09,"纳指ETF
513100.XSHG"
2020-09-02 09:31:00,止盈,纳指ETF,513100.XSHG,5.17,1000.0,8200,160.48,-2.0,2020-09-02,2020-09,"纳指ETF
513100.XSHG"
2020-09-02 13:45:00,止盈,中概互联,513050.XSHG,2.156,2300.0,21600,146.7,-1.0,2020-09-02,2020-09,"中概互联
513050.XSHG"
2020-09-03 10:26:00,止盈,医药ETF,512010.XSHG,2.962,1800.0,11600,157.87,-4.0,2020-09-03,2020-09,"医药ETF
512010.XSHG"
2020-09-03 14:02:00,止盈,纳指ETF,513100.XSHG,5.338,1000.0,7200,167.47,-3.0,2020-09-03,2020-09,"纳指ETF
513100.XSHG"
2020-09-04 09:31:00,加仓,纳指ETF,513100.XSHG,4.953,1000.0,8200,,-2.0,2020-09-04,2020-09,"纳指ETF
513100.XSHG"
2020-09-04 09:31:00,加仓,医药ETF,512010.XSHG,2.845,1800.0,13400,,-3.0,2020-09-04,2020-09,"医药ETF
512010.XSHG"
2020-09-04 09:31:00,加仓,中概互联,513050.XSHG,2.026,2300.0,23900,,0.0,2020-09-04,2020-09,"中概互联
513050.XSHG"
2020-09-04 14:40:00,加仓,纳指ETF,513100.XSHG,4.799,1000.0,9200,,-1.0,2020-09-04,2020-09,"纳指ETF
513100.XSHG"
2020-09-07 10:36:00,加仓,纳指ETF,513100.XSHG,4.645,1000.0,10200,,0.0,2020-09-07,2020-09,"纳指ETF
513100.XSHG"
2020-09-07 13:26:00,加仓,纳指ETF,513100.XSHG,4.505,1000.0,11200,,1.0,2020-09-07,2020-09,"纳指ETF
513100.XSHG"
2020-09-07 14:08:00,加仓,500ETF,510500.XSHG,7.18,700.0,5400,,-3.0,2020-09-07,2020-09,"500ETF
510500.XSHG"
2020-09-07 14:38:00,加仓,医药ETF,512010.XSHG,2.759,1800.0,15200,,-2.0,2020-09-07,2020-09,"医药ETF
512010.XSHG"
2020-09-08 11:06:00,加仓,中概互联,513050.XSHG,1.964,2300.0,26200,,1.0,2020-09-08,2020-09,"中概互联
513050.XSHG"
2020-09-08 14:40:00,止盈,纳指ETF,513100.XSHG,4.641,1000.0,10200,135.54,0.0,2020-09-08,2020-09,"纳指ETF
513100.XSHG"
2020-09-09 09:31:00,加仓,纳指ETF,513100.XSHG,4.393,1000.0,11200,,1.0,2020-09-09,2020-09,"纳指ETF
513100.XSHG"
2020-09-09 09:48:00,加仓,医药ETF,512010.XSHG,2.672,1800.0,17000,,-1.0,2020-09-09,2020-09,"医药ETF
512010.XSHG"
2020-09-09 10:37:00,加仓,500ETF,510500.XSHG,6.963,700.0,6100,,-2.0,2020-09-09,2020-09,"500ETF
510500.XSHG"
2020-09-09 13:14:00,止盈,纳指ETF,513100.XSHG,4.53,1000.0,10200,136.55,0.0,2020-09-09,2020-09,"纳指ETF
513100.XSHG"
2020-09-10 09:33:00,止盈,纳指ETF,513100.XSHG,4.67,1000.0,9200,139.53,-1.0,2020-09-10,2020-09,"纳指ETF
513100.XSHG"
2020-09-11 09:31:00,加仓,纳指ETF,513100.XSHG,4.501,1000.0,10200,,0.0,2020-09-11,2020-09,"纳指ETF
513100.XSHG"
2020-09-14 14:45:00,止盈,纳指ETF,513100.XSHG,4.651,1000.0,9200,149.53,-1.0,2020-09-14,2020-09,"纳指ETF
513100.XSHG"
2020-09-15 13:35:00,止盈,纳指ETF,513100.XSHG,4.795,1000.0,8200,143.52,-2.0,2020-09-15,2020-09,"纳指ETF
513100.XSHG"
2020-09-16 09:32:00,止盈,纳指ETF,513100.XSHG,4.958,1000.0,7200,162.5,-3.0,2020-09-16,2020-09,"纳指ETF
513100.XSHG"
2020-09-16 14:52:00,加仓,纳指ETF,513100.XSHG,4.76,1000.0,8200,,-2.0,2020-09-16,2020-09,"纳指ETF
513100.XSHG"
2020-09-17 10:06:00,加仓,医药ETF,512010.XSHG,2.591,1800.0,18800,,0.0,2020-09-17,2020-09,"医药ETF
512010.XSHG"
2020-09-17 14:56:00,加仓,纳指ETF,513100.XSHG,4.613,1000.0,9200,,-1.0,2020-09-17,2020-09,"纳指ETF
513100.XSHG"
2020-09-18 14:58:00,止盈,纳指ETF,513100.XSHG,4.756,1000.0,8200,142.52,-2.0,2020-09-18,2020-09,"纳指ETF
513100.XSHG"
2020-09-22 09:31:00,加仓,黄金ETF,518880.XSHG,3.978,1300.0,9500,,-3.0,2020-09-22,2020-09,"黄金ETF
518880.XSHG"
2020-09-22 14:53:00,加仓,纳指ETF,513100.XSHG,4.613,1000.0,9200,,-1.0,2020-09-22,2020-09,"纳指ETF
513100.XSHG"
2020-09-23 10:23:00,止盈,医药ETF,512010.XSHG,2.671,1800.0,17000,143.52,-1.0,2020-09-23,2020-09,"医药ETF
512010.XSHG"
2020-09-24 13:03:00,加仓,纳指ETF,513100.XSHG,4.468,1000.0,10200,,0.0,2020-09-24,2020-09,"纳指ETF
513100.XSHG"
2020-09-25 14:18:00,加仓,中概互联,513050.XSHG,1.904,2300.0,28500,,2.0,2020-09-25,2020-09,"中概互联
513050.XSHG"
2020-09-29 10:22:00,止盈,纳指ETF,513100.XSHG,4.605,1000.0,9200,136.54,-1.0,2020-09-29,2020-09,"纳指ETF
513100.XSHG"
2020-09-29 13:55:00,止盈,中概互联,513050.XSHG,1.962,2300.0,26200,132.95,1.0,2020-09-29,2020-09,"中概互联
513050.XSHG"
2020-10-09 09:31:00,止盈,中概互联,513050.XSHG,2.059,2300.0,23900,222.63,0.0,2020-10-09,2020-10,"中概互联
513050.XSHG"
2020-10-09 13:36:00,止盈,医药ETF,512010.XSHG,2.752,1800.0,15200,145.3,-2.0,2020-10-09,2020-10,"医药ETF
512010.XSHG"
2020-10-12 13:11:00,止盈,500ETF,510500.XSHG,7.173,700.0,5400,146.5,-3.0,2020-10-12,2020-10,"500ETF
510500.XSHG"
2020-10-12 13:21:00,止盈,医药ETF,512010.XSHG,2.836,1800.0,13400,150.69,-3.0,2020-10-12,2020-10,"医药ETF
512010.XSHG"
2020-10-13 09:32:00,止盈,纳指ETF,513100.XSHG,4.745,1000.0,8200,139.53,-2.0,2020-10-13,2020-10,"纳指ETF
513100.XSHG"
2020-10-14 09:31:00,止盈,中概互联,513050.XSHG,2.13,2300.0,21600,162.81,-1.0,2020-10-14,2020-10,"中概互联
513050.XSHG"
2020-10-15 14:36:00,加仓,纳指ETF,513100.XSHG,4.602,1000.0,9200,,-1.0,2020-10-15,2020-10,"纳指ETF
513100.XSHG"
2020-10-22 09:34:00,加仓,500ETF,510500.XSHG,6.955,700.0,6100,,-2.0,2020-10-22,2020-10,"500ETF
510500.XSHG"
2020-10-22 09:58:00,加仓,医药ETF,512010.XSHG,2.75,1800.0,15200,,-2.0,2020-10-22,2020-10,"医药ETF
512010.XSHG"
2020-10-23 13:49:00,加仓,医药ETF,512010.XSHG,2.667,1800.0,17000,,-1.0,2020-10-23,2020-10,"医药ETF
512010.XSHG"
2020-10-23 14:18:00,加仓,纳指ETF,513100.XSHG,4.459,1000.0,10200,,0.0,2020-10-23,2020-10,"纳指ETF
513100.XSHG"
2020-10-26 09:38:00,加仓,中概互联,513050.XSHG,2.065,2300.0,23900,,0.0,2020-10-26,2020-10,"中概互联
513050.XSHG"
2020-10-27 13:22:00,止盈,医药ETF,512010.XSHG,2.749,1800.0,15200,147.11,-2.0,2020-10-27,2020-10,"医药ETF
512010.XSHG"
2020-10-28 09:31:00,止盈,中概互联,513050.XSHG,2.15,2300.0,21600,195.01,-1.0,2020-10-28,2020-10,"中概互联
513050.XSHG"
2020-10-29 09:31:00,加仓,纳指ETF,513100.XSHG,4.244,1000.0,11200,,1.0,2020-10-29,2020-10,"纳指ETF
513100.XSHG"
2020-10-29 13:21:00,止盈,医药ETF,512010.XSHG,2.838,1800.0,13400,159.69,-3.0,2020-10-29,2020-10,"医药ETF
512010.XSHG"
2020-10-29 13:58:00,止盈,中概互联,513050.XSHG,2.216,2300.0,19300,151.29,-2.0,2020-10-29,2020-10,"中概互联
513050.XSHG"
2020-10-30 14:05:00,加仓,中概互联,513050.XSHG,2.148,2300.0,21600,,-1.0,2020-10-30,2020-10,"中概互联
513050.XSHG"
2020-10-30 14:10:00,加仓,500ETF,510500.XSHG,6.744,700.0,6800,,-1.0,2020-10-30,2020-10,"500ETF
510500.XSHG"
2020-11-02 09:58:00,加仓,医药ETF,512010.XSHG,2.751,1800.0,15200,,-2.0,2020-11-02,2020-11,"医药ETF
512010.XSHG"
2020-11-03 14:03:00,止盈,纳指ETF,513100.XSHG,4.374,1000.0,10200,129.56,0.0,2020-11-03,2020-11,"纳指ETF
513100.XSHG"
2020-11-04 09:32:00,止盈,纳指ETF,513100.XSHG,4.532,1000.0,9200,157.55,-1.0,2020-11-04,2020-11,"纳指ETF
513100.XSHG"
2020-11-04 13:40:00,止盈,纳指ETF,513100.XSHG,4.687,1000.0,8200,154.53,-2.0,2020-11-04,2020-11,"纳指ETF
513100.XSHG"
2020-11-05 09:31:00,止盈,中概互联,513050.XSHG,2.239,2300.0,19300,208.79,-2.0,2020-11-05,2020-11,"中概互联
513050.XSHG"
2020-11-05 09:32:00,止盈,纳指ETF,513100.XSHG,4.847,1000.0,7200,159.52,-3.0,2020-11-05,2020-11,"纳指ETF
513100.XSHG"
2020-11-05 09:46:00,止盈,500ETF,510500.XSHG,6.954,700.0,6100,146.51,-2.0,2020-11-05,2020-11,"500ETF
510500.XSHG"
2020-11-05 10:26:00,加仓,纳指ETF,513100.XSHG,4.692,1000.0,8200,,-2.0,2020-11-05,2020-11,"纳指ETF
513100.XSHG"
2020-11-06 10:38:00,加仓,纳指ETF,513100.XSHG,4.545,1000.0,9200,,-1.0,2020-11-06,2020-11,"纳指ETF
513100.XSHG"
2020-11-10 09:31:00,加仓,黄金ETF,518880.XSHG,3.853,1300.0,10800,,-2.0,2020-11-10,2020-11,"黄金ETF
518880.XSHG"
2020-11-10 09:32:00,止盈,医药ETF,512010.XSHG,2.839,1800.0,13400,157.89,-3.0,2020-11-10,2020-11,"医药ETF
512010.XSHG"
2020-11-10 14:21:00,加仓,医药ETF,512010.XSHG,2.753,1800.0,15200,,-2.0,2020-11-10,2020-11,"医药ETF
512010.XSHG"
2020-11-11 09:31:00,加仓,中概互联,513050.XSHG,2.105,2300.0,21600,,-1.0,2020-11-11,2020-11,"中概互联
513050.XSHG"
2020-11-11 09:32:00,加仓,纳指ETF,513100.XSHG,4.404,1000.0,10200,,0.0,2020-11-11,2020-11,"纳指ETF
513100.XSHG"
2020-11-17 10:59:00,加仓,医药ETF,512010.XSHG,2.67,1800.0,17000,,-1.0,2020-11-17,2020-11,"医药ETF
512010.XSHG"
2020-11-19 09:31:00,加仓,纳指ETF,513100.XSHG,4.262,1000.0,11200,,1.0,2020-11-19,2020-11,"纳指ETF
513100.XSHG"
2020-11-23 13:08:00,止盈,500ETF,510500.XSHG,7.164,700.0,5400,146.5,-3.0,2020-11-23,2020-11,"500ETF
510500.XSHG"
2020-11-25 09:31:00,加仓,黄金ETF,518880.XSHG,3.725,1300.0,12100,,-1.0,2020-11-25,2020-11,"黄金ETF
518880.XSHG"
2020-11-25 09:47:00,加仓,医药ETF,512010.XSHG,2.588,1800.0,18800,,0.0,2020-11-25,2020-11,"医药ETF
512010.XSHG"
2020-11-26 10:55:00,加仓,500ETF,510500.XSHG,6.949,700.0,6100,,-2.0,2020-11-26,2020-11,"500ETF
510500.XSHG"
2020-11-30 11:00:00,加仓,黄金ETF,518880.XSHG,3.609,1300.0,13400,,0.0,2020-11-30,2020-11,"黄金ETF
518880.XSHG"
2020-12-02 09:31:00,止盈,纳指ETF,513100.XSHG,4.416,1000.0,10200,153.56,0.0,2020-12-02,2020-12,"纳指ETF
513100.XSHG"
2020-12-02 09:34:00,止盈,医药ETF,512010.XSHG,2.666,1800.0,17000,139.92,-1.0,2020-12-02,2020-12,"医药ETF
512010.XSHG"
2020-12-03 09:31:00,止盈,黄金ETF,518880.XSHG,3.728,1300.0,12100,154.22,-1.0,2020-12-03,2020-12,"黄金ETF
518880.XSHG"
2020-12-04 11:03:00,止盈,医药ETF,512010.XSHG,2.746,1800.0,15200,143.51,-2.0,2020-12-04,2020-12,"医药ETF
512010.XSHG"
2020-12-10 09:31:00,加仓,纳指ETF,513100.XSHG,4.204,1000.0,11200,,1.0,2020-12-10,2020-12,"纳指ETF
513100.XSHG"
2020-12-10 09:32:00,加仓,医药ETF,512010.XSHG,2.657,1800.0,17000,,-1.0,2020-12-10,2020-12,"医药ETF
512010.XSHG"
2020-12-15 09:35:00,止盈,医药ETF,512010.XSHG,2.74,1800.0,15200,148.91,-2.0,2020-12-15,2020-12,"医药ETF
512010.XSHG"
2020-12-15 09:36:00,加仓,中概互联,513050.XSHG,2.041,2300.0,23900,,0.0,2020-12-15,2020-12,"中概互联
513050.XSHG"
2020-12-17 09:31:00,止盈,医药ETF,512010.XSHG,2.868,1800.0,13400,229.88,-3.0,2020-12-17,2020-12,"医药ETF
512010.XSHG"
2020-12-18 11:27:00,止盈,黄金ETF,518880.XSHG,3.84,1300.0,10800,145.1,-2.0,2020-12-18,2020-12,"黄金ETF
518880.XSHG"
2020-12-21 10:54:00,止盈,纳指ETF,513100.XSHG,4.333,1000.0,10200,128.57,0.0,2020-12-21,2020-12,"纳指ETF
513100.XSHG"
2020-12-22 09:33:00,止盈,医药ETF,512010.XSHG,2.962,1800.0,11600,168.67,-4.0,2020-12-22,2020-12,"医药ETF
512010.XSHG"
2020-12-25 09:32:00,加仓,中概互联,513050.XSHG,1.975,2300.0,26200,,1.0,2020-12-25,2020-12,"中概互联
513050.XSHG"
2020-12-30 09:56:00,止盈,中概互联,513050.XSHG,2.035,2300.0,23900,137.53,0.0,2020-12-30,2020-12,"中概互联
513050.XSHG"
2021-01-04 09:46:00,止盈,中概互联,513050.XSHG,2.097,2300.0,21600,142.12,-1.0,2021-01-04,2021-01,"中概互联
513050.XSHG"
2021-01-04 13:00:00,止盈,500ETF,510500.XSHG,7.158,700.0,5400,145.8,-3.0,2021-01-04,2021-01,"500ETF
510500.XSHG"
2021-01-05 09:53:00,止盈,医药ETF,512010.XSHG,3.053,1800.0,9800,163.25,-5.0,2021-01-05,2021-01,"医药ETF
512010.XSHG"
2021-01-07 13:11:00,止盈,医药ETF,512010.XSHG,3.145,1800.0,8000,165.03,-6.0,2021-01-07,2021-01,"医药ETF
512010.XSHG"
2021-01-11 09:31:00,加仓,黄金ETF,518880.XSHG,3.722,1300.0,12100,,-1.0,2021-01-11,2021-01,"黄金ETF
518880.XSHG"
2021-01-14 09:58:00,加仓,医药ETF,512010.XSHG,3.049,1800.0,9800,,-5.0,2021-01-14,2021-01,"医药ETF
512010.XSHG"
2021-01-14 14:57:00,止盈,中概互联,513050.XSHG,2.16,2300.0,19300,144.4,-2.0,2021-01-14,2021-01,"中概互联
513050.XSHG"
2021-01-18 10:20:00,止盈,中概互联,513050.XSHG,2.228,2300.0,17000,155.89,-3.0,2021-01-18,2021-01,"中概互联
513050.XSHG"
2021-01-19 09:32:00,止盈,中概互联,513050.XSHG,2.299,2300.0,14700,162.77,-4.0,2021-01-19,2021-01,"中概互联
513050.XSHG"
2021-01-19 14:40:00,加仓,中概互联,513050.XSHG,2.224,2300.0,17000,,-3.0,2021-01-19,2021-01,"中概互联
513050.XSHG"
2021-01-20 09:31:00,止盈,中概互联,513050.XSHG,2.295,2300.0,14700,162.77,-4.0,2021-01-20,2021-01,"中概互联
513050.XSHG"
2021-01-21 09:31:00,止盈,中概互联,513050.XSHG,2.368,2300.0,12400,167.36,-5.0,2021-01-21,2021-01,"中概互联
513050.XSHG"
2021-01-21 09:32:00,止盈,医药ETF,512010.XSHG,3.143,1800.0,8000,168.63,-6.0,2021-01-21,2021-01,"医药ETF
512010.XSHG"
2021-01-22 09:55:00,止盈,医药ETF,512010.XSHG,3.239,1800.0,6200,172.22,-7.0,2021-01-22,2021-01,"医药ETF
512010.XSHG"
2021-01-25 09:32:00,止盈,医药ETF,512010.XSHG,3.339,1800.0,4400,179.4,-8.0,2021-01-25,2021-01,"医药ETF
512010.XSHG"
2021-01-25 09:35:00,止盈,纳指ETF,513100.XSHG,4.466,1000.0,9200,132.55,-1.0,2021-01-25,2021-01,"纳指ETF
513100.XSHG"
2021-01-25 10:11:00,止盈,中概互联,513050.XSHG,2.441,2300.0,10100,167.34,-6.0,2021-01-25,2021-01,"中概互联
513050.XSHG"
2021-01-25 10:17:00,止盈,500ETF,510500.XSHG,7.378,700.0,4700,153.48,-4.0,2021-01-25,2021-01,"500ETF
510500.XSHG"
2021-01-26 10:26:00,加仓,医药ETF,512010.XSHG,3.238,1800.0,6200,,-7.0,2021-01-26,2021-01,"医药ETF
512010.XSHG"
2021-01-27 10:05:00,加仓,中概互联,513050.XSHG,2.366,2300.0,12400,,-5.0,2021-01-27,2021-01,"中概互联
513050.XSHG"
2021-01-28 10:51:00,加仓,医药ETF,512010.XSHG,3.138,1800.0,8000,,-6.0,2021-01-28,2021-01,"医药ETF
512010.XSHG"
2021-01-28 11:12:00,加仓,500ETF,510500.XSHG,7.154,700.0,5400,,-3.0,2021-01-28,2021-01,"500ETF
510500.XSHG"
2021-01-28 14:55:00,加仓,纳指ETF,513100.XSHG,4.332,1000.0,10200,,0.0,2021-01-28,2021-01,"纳指ETF
513100.XSHG"
2021-01-29 14:31:00,加仓,500ETF,510500.XSHG,6.936,700.0,6100,,-2.0,2021-01-29,2021-01,"500ETF
510500.XSHG"
2021-02-02 09:35:00,止盈,中概互联,513050.XSHG,2.437,2300.0,10100,162.74,-6.0,2021-02-02,2021-02,"中概互联
513050.XSHG"
2021-02-02 14:49:00,止盈,医药ETF,512010.XSHG,3.233,1800.0,6200,170.42,-7.0,2021-02-02,2021-02,"医药ETF
512010.XSHG"
2021-02-03 09:31:00,止盈,纳指ETF,513100.XSHG,4.515,1000.0,9200,182.55,-1.0,2021-02-03,2021-02,"纳指ETF
513100.XSHG"
2021-02-03 11:21:00,止盈,500ETF,510500.XSHG,7.145,700.0,5400,145.8,-3.0,2021-02-03,2021-02,"500ETF
510500.XSHG"
2021-02-05 10:03:00,止盈,中概互联,513050.XSHG,2.511,2300.0,7800,169.62,-7.0,2021-02-05,2021-02,"中概互联
513050.XSHG"
2021-02-05 10:51:00,止盈,医药ETF,512010.XSHG,3.332,1800.0,4400,177.6,-8.0,2021-02-05,2021-02,"医药ETF
512010.XSHG"
2021-02-05 14:35:00,加仓,500ETF,510500.XSHG,6.93,700.0,6100,,-2.0,2021-02-05,2021-02,"500ETF
510500.XSHG"
2021-02-09 10:11:00,破顶,医药ETF,512010.XSHG,3.437,,14500,,,2021-02-09,2021-02,"医药ETF
512010.XSHG"
2021-02-09 13:13:00,止盈,500ETF,510500.XSHG,7.138,700.0,5400,145.1,-3.0,2021-02-09,2021-02,"500ETF
510500.XSHG"
2021-02-10 11:29:00,止盈,医药ETF,512010.XSHG,3.542,1400.0,13100,146.5,-1.0,2021-02-10,2021-02,"医药ETF
512010.XSHG"
2021-02-18 09:31:00,止盈,500ETF,510500.XSHG,7.361,700.0,4700,155.58,-4.0,2021-02-18,2021-02,"500ETF
510500.XSHG"
2021-02-18 09:31:00,止盈,中概互联,513050.XSHG,2.624,2300.0,5500,259.3,-8.0,2021-02-18,2021-02,"中概互联
513050.XSHG"
2021-02-18 10:27:00,加仓,医药ETF,512010.XSHG,3.428,1400.0,14500,,0.0,2021-02-18,2021-02,"医药ETF
512010.XSHG"
2021-02-19 09:31:00,加仓,中概互联,513050.XSHG,2.542,2300.0,7800,,-7.0,2021-02-19,2021-02,"中概互联
513050.XSHG"
2021-02-19 10:13:00,加仓,医药ETF,512010.XSHG,3.325,1400.0,15900,,1.0,2021-02-19,2021-02,"医药ETF
512010.XSHG"
2021-02-22 14:55:00,加仓,医药ETF,512010.XSHG,3.225,1400.0,17300,,2.0,2021-02-22,2021-02,"医药ETF
512010.XSHG"
2021-02-23 09:31:00,加仓,中概互联,513050.XSHG,2.435,2300.0,10100,,-6.0,2021-02-23,2021-02,"中概互联
513050.XSHG"
2021-02-24 10:27:00,加仓,医药ETF,512010.XSHG,3.127,1400.0,18700,,3.0,2021-02-24,2021-02,"医药ETF
512010.XSHG"
2021-02-24 10:52:00,加仓,纳指ETF,513100.XSHG,4.376,1000.0,10200,,0.0,2021-02-24,2021-02,"纳指ETF
513100.XSHG"
2021-02-24 13:06:00,加仓,中概互联,513050.XSHG,2.357,2300.0,12400,,-5.0,2021-02-24,2021-02,"中概互联
513050.XSHG"
2021-02-26 09:31:00,加仓,500ETF,510500.XSHG,7.103,700.0,5400,,-3.0,2021-02-26,2021-02,"500ETF
510500.XSHG"
2021-02-26 09:31:00,加仓,医药ETF,512010.XSHG,3.014,1400.0,20100,,4.0,2021-02-26,2021-02,"医药ETF
512010.XSHG"
2021-02-26 09:31:00,加仓,中概互联,513050.XSHG,2.281,2300.0,14700,,-4.0,2021-02-26,2021-02,"中概互联
513050.XSHG"
2021-02-26 13:31:00,加仓,纳指ETF,513100.XSHG,4.243,1000.0,11200,,1.0,2021-02-26,2021-02,"纳指ETF
513100.XSHG"
2021-02-26 13:49:00,加仓,黄金ETF,518880.XSHG,3.61,1300.0,13400,,0.0,2021-02-26,2021-02,"黄金ETF
518880.XSHG"
2021-03-02 09:31:00,止盈,纳指ETF,513100.XSHG,4.43,1000.0,10200,186.56,0.0,2021-03-02,2021-03,"纳指ETF
513100.XSHG"
2021-03-02 09:31:00,止盈,中概互联,513050.XSHG,2.359,2300.0,12400,178.86,-5.0,2021-03-02,2021-03,"中概互联
513050.XSHG"
2021-03-04 09:31:00,加仓,纳指ETF,513100.XSHG,4.258,1000.0,11200,,1.0,2021-03-04,2021-03,"纳指ETF
513100.XSHG"
2021-03-04 10:20:00,加仓,中概互联,513050.XSHG,2.288,2300.0,14700,,-4.0,2021-03-04,2021-03,"中概互联
513050.XSHG"
2021-03-04 11:25:00,加仓,医药ETF,512010.XSHG,2.922,1400.0,21500,,5.0,2021-03-04,2021-03,"医药ETF
512010.XSHG"
2021-03-05 09:31:00,加仓,黄金ETF,518880.XSHG,3.466,1300.0,14700,,1.0,2021-03-05,2021-03,"黄金ETF
518880.XSHG"
2021-03-05 09:31:00,加仓,中概互联,513050.XSHG,2.188,2300.0,17000,,-3.0,2021-03-05,2021-03,"中概互联
513050.XSHG"
2021-03-05 09:34:00,加仓,纳指ETF,513100.XSHG,4.13,1000.0,12200,,2.0,2021-03-05,2021-03,"纳指ETF
513100.XSHG"
2021-03-08 13:10:00,加仓,医药ETF,512010.XSHG,2.831,1400.0,22900,,6.0,2021-03-08,2021-03,"医药ETF
512010.XSHG"
2021-03-08 14:45:00,加仓,医药ETF,512010.XSHG,2.746,1400.0,24300,,7.0,2021-03-08,2021-03,"医药ETF
512010.XSHG"
2021-03-08 14:54:00,加仓,中概互联,513050.XSHG,2.122,2300.0,19300,,-2.0,2021-03-08,2021-03,"中概互联
513050.XSHG"
2021-03-09 09:34:00,加仓,500ETF,510500.XSHG,6.885,700.0,6100,,-2.0,2021-03-09,2021-03,"500ETF
510500.XSHG"
2021-03-09 09:35:00,加仓,中概互联,513050.XSHG,2.057,2300.0,21600,,-1.0,2021-03-09,2021-03,"中概互联
513050.XSHG"
2021-03-09 09:57:00,加仓,医药ETF,512010.XSHG,2.661,1400.0,25700,,8.0,2021-03-09,2021-03,"医药ETF
512010.XSHG"
2021-03-09 10:20:00,止盈,医药ETF,512010.XSHG,2.741,1400.0,24300,111.62,7.0,2021-03-09,2021-03,"医药ETF
512010.XSHG"
2021-03-09 10:57:00,止盈,中概互联,513050.XSHG,2.12,2300.0,19300,144.41,-2.0,2021-03-09,2021-03,"中概互联
513050.XSHG"
2021-03-10 09:31:00,止盈,纳指ETF,513100.XSHG,4.272,1000.0,11200,141.57,1.0,2021-03-10,2021-03,"纳指ETF
513100.XSHG"
2021-03-10 09:36:00,止盈,中概互联,513050.XSHG,2.186,2300.0,17000,151.3,-3.0,2021-03-10,2021-03,"中概互联
513050.XSHG"
2021-03-11 10:15:00,止盈,医药ETF,512010.XSHG,2.826,1400.0,22900,118.6,6.0,2021-03-11,2021-03,"医药ETF
512010.XSHG"
2021-03-11 10:32:00,止盈,黄金ETF,518880.XSHG,3.57,1300.0,13400,134.74,0.0,2021-03-11,2021-03,"黄金ETF
518880.XSHG"
2021-03-12 09:31:00,止盈,中概互联,513050.XSHG,2.254,2300.0,14700,155.88,-4.0,2021-03-12,2021-03,"中概互联
513050.XSHG"
2021-03-15 09:33:00,加仓,中概互联,513050.XSHG,2.174,2300.0,17000,,-3.0,2021-03-15,2021-03,"中概互联
513050.XSHG"
2021-03-15 09:43:00,加仓,医药ETF,512010.XSHG,2.741,1400.0,24300,,7.0,2021-03-15,2021-03,"医药ETF
512010.XSHG"
2021-03-18 09:31:00,止盈,纳指ETF,513100.XSHG,4.409,1000.0,10200,136.56,0.0,2021-03-18,2021-03,"纳指ETF
513100.XSHG"
2021-03-19 09:31:00,加仓,纳指ETF,513100.XSHG,4.272,1000.0,11200,,1.0,2021-03-19,2021-03,"纳指ETF
513100.XSHG"
2021-03-24 10:33:00,加仓,中概互联,513050.XSHG,2.106,2300.0,19300,,-2.0,2021-03-24,2021-03,"中概互联
513050.XSHG"
2021-03-25 09:31:00,加仓,中概互联,513050.XSHG,2.01,2300.0,21600,,-1.0,2021-03-25,2021-03,"中概互联
513050.XSHG"
2021-03-26 10:37:00,止盈,医药ETF,512010.XSHG,2.825,1400.0,22900,117.2,6.0,2021-03-26,2021-03,"医药ETF
512010.XSHG"
2021-03-30 10:15:00,止盈,医药ETF,512010.XSHG,2.914,1400.0,21500,124.19,5.0,2021-03-30,2021-03,"医药ETF
512010.XSHG"
2021-04-01 09:34:00,止盈,中概互联,513050.XSHG,2.071,2300.0,19300,139.82,-2.0,2021-04-01,2021-04,"中概互联
513050.XSHG"
2021-04-01 10:04:00,止盈,纳指ETF,513100.XSHG,4.401,1000.0,10200,128.56,0.0,2021-04-01,2021-04,"纳指ETF
513100.XSHG"
2021-04-06 09:31:00,止盈,纳指ETF,513100.XSHG,4.556,1000.0,9200,154.54,-1.0,2021-04-06,2021-04,"纳指ETF
513100.XSHG"
2021-04-07 09:32:00,止盈,中概互联,513050.XSHG,2.137,2300.0,17000,151.31,-3.0,2021-04-07,2021-04,"中概互联
513050.XSHG"
2021-04-08 09:31:00,加仓,中概互联,513050.XSHG,2.052,2300.0,19300,,-2.0,2021-04-08,2021-04,"中概互联
513050.XSHG"
2021-04-12 11:14:00,加仓,医药ETF,512010.XSHG,2.826,1400.0,22900,,6.0,2021-04-12,2021-04,"医药ETF
512010.XSHG"
2021-04-19 10:00:00,止盈,500ETF,510500.XSHG,7.093,700.0,5400,145.1,-3.0,2021-04-19,2021-04,"500ETF
510500.XSHG"
2021-04-19 10:23:00,止盈,纳指ETF,513100.XSHG,4.693,1000.0,8200,136.53,-2.0,2021-04-19,2021-04,"纳指ETF
513100.XSHG"
2021-04-20 10:36:00,止盈,医药ETF,512010.XSHG,2.911,1400.0,21500,118.59,5.0,2021-04-20,2021-04,"医药ETF
512010.XSHG"
2021-04-22 09:31:00,止盈,黄金ETF,518880.XSHG,3.686,1300.0,12100,150.32,-1.0,2021-04-22,2021-04,"黄金ETF
518880.XSHG"
2021-04-23 09:39:00,止盈,医药ETF,512010.XSHG,3.0,1400.0,20100,124.18,4.0,2021-04-23,2021-04,"医药ETF
512010.XSHG"
2021-04-26 09:32:00,止盈,医药ETF,512010.XSHG,3.092,1400.0,18700,128.37,3.0,2021-04-26,2021-04,"医药ETF
512010.XSHG"
2021-04-27 09:33:00,加仓,医药ETF,512010.XSHG,2.993,1400.0,20100,,4.0,2021-04-27,2021-04,"医药ETF
512010.XSHG"
2021-04-27 13:37:00,止盈,医药ETF,512010.XSHG,3.083,1400.0,18700,125.57,3.0,2021-04-27,2021-04,"医药ETF
512010.XSHG"
2021-04-30 09:48:00,止盈,医药ETF,512010.XSHG,3.176,1400.0,17300,129.76,2.0,2021-04-30,2021-04,"医药ETF
512010.XSHG"
2021-05-06 09:31:00,加仓,纳指ETF,513100.XSHG,4.5,1000.0,9200,,-1.0,2021-05-06,2021-05,"纳指ETF
513100.XSHG"
2021-05-06 09:44:00,加仓,医药ETF,512010.XSHG,3.08,1400.0,18700,,3.0,2021-05-06,2021-05,"医药ETF
512010.XSHG"
2021-05-07 09:32:00,加仓,中概互联,513050.XSHG,1.986,2300.0,21600,,-1.0,2021-05-07,2021-05,"中概互联
513050.XSHG"
2021-05-07 14:41:00,加仓,医药ETF,512010.XSHG,2.987,1400.0,20100,,4.0,2021-05-07,2021-05,"医药ETF
512010.XSHG"
2021-05-10 10:35:00,加仓,中概互联,513050.XSHG,1.926,2300.0,23900,,0.0,2021-05-10,2021-05,"中概互联
513050.XSHG"
2021-05-11 09:31:00,加仓,中概互联,513050.XSHG,1.858,2300.0,26200,,1.0,2021-05-11,2021-05,"中概互联
513050.XSHG"
2021-05-11 13:10:00,止盈,医药ETF,512010.XSHG,3.077,1400.0,18700,125.57,3.0,2021-05-11,2021-05,"医药ETF
512010.XSHG"
2021-05-13 09:31:00,加仓,纳指ETF,513100.XSHG,4.323,1000.0,10200,,0.0,2021-05-13,2021-05,"纳指ETF
513100.XSHG"
2021-05-13 11:03:00,止盈,医药ETF,512010.XSHG,3.17,1400.0,17300,129.76,2.0,2021-05-13,2021-05,"医药ETF
512010.XSHG"
2021-05-14 11:02:00,止盈,医药ETF,512010.XSHG,3.266,1400.0,15900,133.94,1.0,2021-05-14,2021-05,"医药ETF
512010.XSHG"
2021-05-17 09:40:00,止盈,500ETF,510500.XSHG,7.312,700.0,4700,152.79,-4.0,2021-05-17,2021-05,"500ETF
510500.XSHG"
2021-05-18 09:31:00,止盈,黄金ETF,518880.XSHG,3.808,1300.0,10800,158.1,-2.0,2021-05-18,2021-05,"黄金ETF
518880.XSHG"
2021-05-18 14:46:00,止盈,纳指ETF,513100.XSHG,4.453,1000.0,9200,129.55,-1.0,2021-05-18,2021-05,"纳指ETF
513100.XSHG"
2021-05-21 09:31:00,止盈,中概互联,513050.XSHG,1.926,2300.0,23900,155.96,0.0,2021-05-21,2021-05,"中概互联
513050.XSHG"
2021-05-24 09:56:00,加仓,医药ETF,512010.XSHG,3.168,1400.0,17300,,2.0,2021-05-24,2021-05,"医药ETF
512010.XSHG"
2021-05-25 10:13:00,止盈,医药ETF,512010.XSHG,3.265,1400.0,15900,135.34,1.0,2021-05-25,2021-05,"医药ETF
512010.XSHG"
2021-06-01 09:31:00,止盈,中概互联,513050.XSHG,1.984,2300.0,21600,132.94,-1.0,2021-06-01,2021-06,"中概互联
513050.XSHG"
2021-06-01 14:37:00,止盈,中概互联,513050.XSHG,2.044,2300.0,19300,137.53,-2.0,2021-06-01,2021-06,"中概互联
513050.XSHG"
2021-06-02 09:37:00,止盈,医药ETF,512010.XSHG,3.365,1400.0,14500,139.53,0.0,2021-06-02,2021-06,"医药ETF
512010.XSHG"
2021-06-03 09:33:00,加仓,中概互联,513050.XSHG,1.98,2300.0,21600,,-1.0,2021-06-03,2021-06,"中概互联
513050.XSHG"
2021-06-03 09:39:00,加仓,医药ETF,512010.XSHG,3.264,1400.0,15900,,1.0,2021-06-03,2021-06,"医药ETF
512010.XSHG"
2021-06-04 09:31:00,加仓,中概互联,513050.XSHG,1.92,2300.0,23900,,0.0,2021-06-04,2021-06,"中概互联
513050.XSHG"
2021-06-04 09:48:00,加仓,黄金ETF,518880.XSHG,3.693,1300.0,12100,,-1.0,2021-06-04,2021-06,"黄金ETF
518880.XSHG"
2021-06-10 13:01:00,止盈,500ETF,510500.XSHG,7.532,700.0,4000,153.47,-5.0,2021-06-10,2021-06,"500ETF
510500.XSHG"
2021-06-15 09:31:00,止盈,纳指ETF,513100.XSHG,4.613,1000.0,8200,159.54,-2.0,2021-06-15,2021-06,"纳指ETF
513100.XSHG"
2021-06-16 09:31:00,加仓,中概互联,513050.XSHG,1.862,2300.0,26200,,1.0,2021-06-16,2021-06,"中概互联
513050.XSHG"
2021-06-16 10:19:00,加仓,医药ETF,512010.XSHG,3.164,1400.0,17300,,2.0,2021-06-16,2021-06,"医药ETF
512010.XSHG"
2021-06-22 13:29:00,止盈,医药ETF,512010.XSHG,3.26,1400.0,15900,133.94,1.0,2021-06-22,2021-06,"医药ETF
512010.XSHG"
2021-06-25 09:31:00,止盈,纳指ETF,513100.XSHG,4.761,1000.0,7200,147.52,-3.0,2021-06-25,2021-06,"纳指ETF
513100.XSHG"
2021-06-25 10:58:00,止盈,中概互联,513050.XSHG,1.918,2300.0,23900,128.36,0.0,2021-06-25,2021-06,"中概互联
513050.XSHG"
2021-06-28 09:31:00,加仓,医药ETF,512010.XSHG,0.822,1400.0,65000,,2.0,2021-06-28,2021-06,"医药ETF
512010.XSHG"
2021-06-30 13:31:00,加仓,黄金ETF,518880.XSHG,3.582,1300.0,13400,,0.0,2021-06-30,2021-06,"黄金ETF
518880.XSHG"
2021-07-01 13:08:00,止盈,医药ETF,512010.XSHG,0.847,1400.0,63600,34.88,1.0,2021-07-01,2021-07,"医药ETF
512010.XSHG"
2021-07-02 10:03:00,加仓,医药ETF,512010.XSHG,0.82,1400.0,65000,,2.0,2021-07-02,2021-07,"医药ETF
512010.XSHG"
2021-07-05 09:31:00,加仓,中概互联,513050.XSHG,1.845,2300.0,26200,,1.0,2021-07-05,2021-07,"中概互联
513050.XSHG"
2021-07-06 09:36:00,加仓,医药ETF,512010.XSHG,0.794,1400.0,66400,,3.0,2021-07-06,2021-07,"医药ETF
512010.XSHG"
2021-07-06 10:37:00,加仓,医药ETF,512010.XSHG,0.77,1400.0,67800,,4.0,2021-07-06,2021-07,"医药ETF
512010.XSHG"
2021-07-07 09:32:00,止盈,纳指ETF,513100.XSHG,4.908,1000.0,6200,146.51,-4.0,2021-07-07,2021-07,"纳指ETF
513100.XSHG"
2021-07-07 09:48:00,加仓,中概互联,513050.XSHG,1.788,2300.0,28500,,2.0,2021-07-07,2021-07,"中概互联
513050.XSHG"
2021-07-07 11:13:00,止盈,医药ETF,512010.XSHG,0.794,1400.0,66400,33.49,3.0,2021-07-07,2021-07,"医药ETF
512010.XSHG"
2021-07-08 10:37:00,加仓,中概互联,513050.XSHG,1.734,2300.0,30800,,3.0,2021-07-08,2021-07,"中概互联
513050.XSHG"
2021-07-09 09:39:00,止盈,黄金ETF,518880.XSHG,3.69,1300.0,12100,139.92,-1.0,2021-07-09,2021-07,"黄金ETF
518880.XSHG"
2021-07-09 09:40:00,加仓,医药ETF,512010.XSHG,0.77,1400.0,67800,,4.0,2021-07-09,2021-07,"医药ETF
512010.XSHG"
2021-07-09 09:59:00,加仓,中概互联,513050.XSHG,1.681,2300.0,33100,,4.0,2021-07-09,2021-07,"中概互联
513050.XSHG"
2021-07-09 13:05:00,止盈,中概互联,513050.XSHG,1.734,2300.0,30800,121.5,3.0,2021-07-09,2021-07,"中概互联
513050.XSHG"
2021-07-12 10:09:00,止盈,医药ETF,512010.XSHG,0.794,1400.0,66400,33.49,3.0,2021-07-12,2021-07,"医药ETF
512010.XSHG"
2021-07-13 10:17:00,止盈,500ETF,510500.XSHG,7.759,700.0,3300,158.36,-6.0,2021-07-13,2021-07,"500ETF
510500.XSHG"
2021-07-13 10:26:00,止盈,中概互联,513050.XSHG,1.788,2300.0,28500,123.79,2.0,2021-07-13,2021-07,"中概互联
513050.XSHG"
2021-07-19 10:13:00,止盈,医药ETF,512010.XSHG,0.818,1400.0,65000,33.49,2.0,2021-07-19,2021-07,"医药ETF
512010.XSHG"
2021-07-23 09:43:00,加仓,医药ETF,512010.XSHG,0.793,1400.0,66400,,3.0,2021-07-23,2021-07,"医药ETF
512010.XSHG"
2021-07-26 09:31:00,加仓,中概互联,513050.XSHG,1.679,2300.0,30800,,3.0,2021-07-26,2021-07,"中概互联
513050.XSHG"
2021-07-26 09:32:00,加仓,医药ETF,512010.XSHG,0.766,1400.0,67800,,4.0,2021-07-26,2021-07,"医药ETF
512010.XSHG"
2021-07-26 11:11:00,加仓,医药ETF,512010.XSHG,0.743,1400.0,69200,,5.0,2021-07-26,2021-07,"医药ETF
512010.XSHG"
2021-07-27 09:31:00,加仓,中概互联,513050.XSHG,1.601,2300.0,33100,,4.0,2021-07-27,2021-07,"中概互联
513050.XSHG"
2021-07-27 14:33:00,加仓,医药ETF,512010.XSHG,0.72,1400.0,70600,,6.0,2021-07-27,2021-07,"医药ETF
512010.XSHG"
2021-07-27 14:58:00,加仓,中概互联,513050.XSHG,1.55,2300.0,35400,,5.0,2021-07-27,2021-07,"中概互联
513050.XSHG"
2021-07-28 09:31:00,加仓,500ETF,510500.XSHG,7.518,700.0,4000,,-5.0,2021-07-28,2021-07,"500ETF
510500.XSHG"
2021-07-29 09:31:00,止盈,医药ETF,512010.XSHG,0.742,1400.0,69200,30.7,5.0,2021-07-29,2021-07,"医药ETF
512010.XSHG"
2021-07-29 09:31:00,止盈,中概互联,513050.XSHG,1.615,2300.0,33100,149.13,4.0,2021-07-29,2021-07,"中概互联
513050.XSHG"
2021-08-02 09:51:00,加仓,医药ETF,512010.XSHG,0.719,1400.0,70600,,6.0,2021-08-02,2021-08,"医药ETF
512010.XSHG"
2021-08-02 10:50:00,止盈,医药ETF,512010.XSHG,0.743,1400.0,69200,33.5,5.0,2021-08-02,2021-08,"医药ETF
512010.XSHG"
2021-08-03 10:10:00,止盈,医药ETF,512010.XSHG,0.766,1400.0,67800,32.09,4.0,2021-08-03,2021-08,"医药ETF
512010.XSHG"
2021-08-04 13:26:00,止盈,500ETF,510500.XSHG,7.744,700.0,3300,157.66,-6.0,2021-08-04,2021-08,"500ETF
510500.XSHG"
2021-08-06 11:13:00,加仓,医药ETF,512010.XSHG,0.743,1400.0,69200,,5.0,2021-08-06,2021-08,"医药ETF
512010.XSHG"
2021-08-09 09:31:00,加仓,黄金ETF,518880.XSHG,3.555,1300.0,13400,,0.0,2021-08-09,2021-08,"黄金ETF
518880.XSHG"
2021-08-09 09:31:00,加仓,中概互联,513050.XSHG,1.554,2300.0,35400,,5.0,2021-08-09,2021-08,"中概互联
513050.XSHG"
2021-08-09 10:59:00,止盈,中概互联,513050.XSHG,1.601,2300.0,33100,107.73,4.0,2021-08-09,2021-08,"中概互联
513050.XSHG"
2021-08-12 10:12:00,止盈,500ETF,510500.XSHG,7.979,700.0,2600,163.94,-7.0,2021-08-12,2021-08,"500ETF
510500.XSHG"
2021-08-13 13:48:00,加仓,医药ETF,512010.XSHG,0.72,1400.0,70600,,6.0,2021-08-13,2021-08,"医药ETF
512010.XSHG"
2021-08-16 10:20:00,加仓,中概互联,513050.XSHG,1.552,2300.0,35400,,5.0,2021-08-16,2021-08,"中概互联
513050.XSHG"
2021-08-17 14:05:00,加仓,医药ETF,512010.XSHG,0.698,1400.0,72000,,7.0,2021-08-17,2021-08,"医药ETF
512010.XSHG"
2021-08-17 14:21:00,加仓,中概互联,513050.XSHG,1.505,2300.0,37700,,6.0,2021-08-17,2021-08,"中概互联
513050.XSHG"
2021-08-17 14:44:00,加仓,500ETF,510500.XSHG,7.738,700.0,3300,,-6.0,2021-08-17,2021-08,"500ETF
510500.XSHG"
2021-08-18 11:03:00,止盈,黄金ETF,518880.XSHG,3.662,1300.0,12100,138.62,-1.0,2021-08-18,2021-08,"黄金ETF
518880.XSHG"
2021-08-20 09:31:00,加仓,中概互联,513050.XSHG,1.457,2300.0,40000,,7.0,2021-08-20,2021-08,"中概互联
513050.XSHG"
2021-08-20 09:38:00,加仓,医药ETF,512010.XSHG,0.677,1400.0,73400,,8.0,2021-08-20,2021-08,"医药ETF
512010.XSHG"
2021-08-23 09:39:00,加仓,医药ETF,512010.XSHG,0.655,1400.0,74800,,9.0,2021-08-23,2021-08,"医药ETF
512010.XSHG"
2021-08-23 10:09:00,止盈,中概互联,513050.XSHG,1.502,2300.0,37700,103.15,6.0,2021-08-23,2021-08,"中概互联
513050.XSHG"
2021-08-23 13:26:00,止盈,医药ETF,512010.XSHG,0.675,1400.0,73400,27.9,8.0,2021-08-23,2021-08,"医药ETF
512010.XSHG"
2021-08-24 09:31:00,止盈,纳指ETF,513100.XSHG,5.107,1000.0,5200,198.49,-5.0,2021-08-24,2021-08,"纳指ETF
513100.XSHG"
2021-08-24 13:34:00,止盈,500ETF,510500.XSHG,7.971,700.0,2600,162.54,-7.0,2021-08-24,2021-08,"500ETF
510500.XSHG"
2021-08-25 09:31:00,止盈,中概互联,513050.XSHG,1.583,2300.0,35400,185.94,5.0,2021-08-25,2021-08,"中概互联
513050.XSHG"
2021-08-25 10:15:00,止盈,医药ETF,512010.XSHG,0.696,1400.0,72000,29.3,7.0,2021-08-25,2021-08,"医药ETF
512010.XSHG"
2021-08-26 10:14:00,加仓,医药ETF,512010.XSHG,0.675,1400.0,73400,,8.0,2021-08-26,2021-08,"医药ETF
512010.XSHG"
2021-08-26 13:05:00,加仓,中概互联,513050.XSHG,1.534,2300.0,37700,,6.0,2021-08-26,2021-08,"中概互联
513050.XSHG"
2021-08-31 09:43:00,加仓,中概互联,513050.XSHG,1.486,2300.0,40000,,7.0,2021-08-31,2021-08,"中概互联
513050.XSHG"
2021-08-31 10:32:00,加仓,医药ETF,512010.XSHG,0.654,1400.0,74800,,9.0,2021-08-31,2021-08,"医药ETF
512010.XSHG"
2021-09-01 11:24:00,止盈,中概互联,513050.XSHG,1.531,2300.0,37700,103.15,6.0,2021-09-01,2021-09,"中概互联
513050.XSHG"
2021-09-02 14:36:00,止盈,500ETF,510500.XSHG,8.212,700.0,1900,168.13,-8.0,2021-09-02,2021-09,"500ETF
510500.XSHG"
2021-09-03 09:32:00,加仓,医药ETF,512010.XSHG,0.632,1400.0,76200,,10.0,2021-09-03,2021-09,"医药ETF
512010.XSHG"
2021-09-06 09:40:00,止盈,医药ETF,512010.XSHG,0.651,1400.0,74800,26.5,9.0,2021-09-06,2021-09,"医药ETF
512010.XSHG"
2021-09-06 11:14:00,止盈,医药ETF,512010.XSHG,0.671,1400.0,73400,27.9,8.0,2021-09-06,2021-09,"医药ETF
512010.XSHG"
2021-09-07 10:01:00,止盈,中概互联,513050.XSHG,1.577,2300.0,35400,105.44,5.0,2021-09-07,2021-09,"中概互联
513050.XSHG"
2021-09-08 09:57:00,破顶,500ETF,510500.XSHG,8.459,,5900,,,2021-09-08,2021-09,"500ETF
510500.XSHG"
2021-09-09 13:00:00,加仓,中概互联,513050.XSHG,1.527,2300.0,37700,,6.0,2021-09-09,2021-09,"中概互联
513050.XSHG"
2021-09-13 13:40:00,加仓,中概互联,513050.XSHG,1.481,2300.0,40000,,7.0,2021-09-13,2021-09,"中概互联
513050.XSHG"
2021-09-15 14:09:00,加仓,医药ETF,512010.XSHG,0.65,1400.0,74800,,9.0,2021-09-15,2021-09,"医药ETF
512010.XSHG"
2021-09-16 09:47:00,加仓,中概互联,513050.XSHG,1.436,2300.0,42300,,8.0,2021-09-16,2021-09,"中概互联
513050.XSHG"
2021-09-17 11:00:00,止盈,医药ETF,512010.XSHG,0.67,1400.0,73400,27.9,8.0,2021-09-17,2021-09,"医药ETF
512010.XSHG"
2021-09-17 13:10:00,加仓,500ETF,510500.XSHG,8.203,500.0,6400,,1.0,2021-09-17,2021-09,"500ETF
510500.XSHG"
2021-09-22 09:44:00,止盈,医药ETF,512010.XSHG,0.691,1400.0,72000,29.3,7.0,2021-09-22,2021-09,"医药ETF
512010.XSHG"
2021-09-23 09:47:00,止盈,500ETF,510500.XSHG,8.45,500.0,5900,123.08,0.0,2021-09-23,2021-09,"500ETF
510500.XSHG"
2021-09-27 09:45:00,加仓,500ETF,510500.XSHG,8.193,500.0,6400,,1.0,2021-09-27,2021-09,"500ETF
510500.XSHG"
2021-09-27 14:53:00,加仓,中概互联,513050.XSHG,1.392,2300.0,44600,,9.0,2021-09-27,2021-09,"中概互联
513050.XSHG"
2021-09-28 13:19:00,止盈,中概互联,513050.XSHG,1.434,2300.0,42300,96.27,8.0,2021-09-28,2021-09,"中概互联
513050.XSHG"
2021-09-29 09:31:00,加仓,纳指ETF,513100.XSHG,4.899,1000.0,6200,,-4.0,2021-09-29,2021-09,"纳指ETF
513100.XSHG"
2021-09-29 09:35:00,加仓,中概互联,513050.XSHG,1.388,2300.0,44600,,9.0,2021-09-29,2021-09,"中概互联
513050.XSHG"
2021-09-29 10:42:00,加仓,500ETF,510500.XSHG,7.946,500.0,6900,,2.0,2021-09-29,2021-09,"500ETF
510500.XSHG"
2021-09-29 14:14:00,加仓,黄金ETF,518880.XSHG,3.552,1300.0,13400,,0.0,2021-09-29,2021-09,"黄金ETF
518880.XSHG"
2021-10-08 09:31:00,止盈,中概互联,513050.XSHG,1.452,2300.0,42300,146.87,8.0,2021-10-08,2021-10,"中概互联
513050.XSHG"
2021-10-11 09:39:00,止盈,中概互联,513050.XSHG,1.496,2300.0,40000,100.86,7.0,2021-10-11,2021-10,"中概互联
513050.XSHG"
2021-10-15 09:31:00,加仓,医药ETF,512010.XSHG,0.67,1400.0,73400,,8.0,2021-10-15,2021-10,"医药ETF
512010.XSHG"
2021-10-20 09:31:00,止盈,纳指ETF,513100.XSHG,5.049,1000.0,5200,149.5,-5.0,2021-10-20,2021-10,"纳指ETF
513100.XSHG"
2021-10-20 09:31:00,止盈,中概互联,513050.XSHG,1.565,2300.0,37700,158.34,6.0,2021-10-20,2021-10,"中概互联
513050.XSHG"
2021-10-27 09:31:00,加仓,中概互联,513050.XSHG,1.501,2300.0,40000,,7.0,2021-10-27,2021-10,"中概互联
513050.XSHG"
2021-10-27 13:08:00,加仓,医药ETF,512010.XSHG,0.649,1400.0,74800,,9.0,2021-10-27,2021-10,"医药ETF
512010.XSHG"
2021-11-01 09:32:00,止盈,纳指ETF,513100.XSHG,5.208,1000.0,4200,158.48,-6.0,2021-11-01,2021-11,"纳指ETF
513100.XSHG"
2021-11-01 10:41:00,加仓,中概互联,513050.XSHG,1.455,2300.0,42300,,8.0,2021-11-01,2021-11,"中概互联
513050.XSHG"
2021-11-02 09:34:00,止盈,中概互联,513050.XSHG,1.499,2300.0,40000,100.86,7.0,2021-11-02,2021-11,"中概互联
513050.XSHG"
2021-11-03 09:31:00,加仓,中概互联,513050.XSHG,1.451,2300.0,42300,,8.0,2021-11-03,2021-11,"中概互联
513050.XSHG"
2021-11-05 09:31:00,止盈,纳指ETF,513100.XSHG,5.37,1000.0,3200,161.46,-7.0,2021-11-05,2021-11,"纳指ETF
513100.XSHG"
2021-11-08 09:31:00,止盈,黄金ETF,518880.XSHG,3.671,1300.0,12100,154.22,-1.0,2021-11-08,2021-11,"黄金ETF
518880.XSHG"
2021-11-08 09:58:00,加仓,医药ETF,512010.XSHG,0.628,1400.0,76200,,10.0,2021-11-08,2021-11,"医药ETF
512010.XSHG"
2021-11-10 13:19:00,止盈,医药ETF,512010.XSHG,0.647,1400.0,74800,26.5,9.0,2021-11-10,2021-11,"医药ETF
512010.XSHG"
2021-11-12 09:31:00,止盈,中概互联,513050.XSHG,1.516,2300.0,40000,149.15,7.0,2021-11-12,2021-11,"中概互联
513050.XSHG"
2021-11-16 10:10:00,止盈,医药ETF,512010.XSHG,0.667,1400.0,73400,27.9,8.0,2021-11-16,2021-11,"医药ETF
512010.XSHG"
2021-11-19 09:31:00,加仓,中概互联,513050.XSHG,1.436,2300.0,42300,,8.0,2021-11-19,2021-11,"中概互联
513050.XSHG"
2021-11-30 09:43:00,加仓,中概互联,513050.XSHG,1.392,2300.0,44600,,9.0,2021-11-30,2021-11,"中概互联
513050.XSHG"
2021-12-01 14:52:00,止盈,500ETF,510500.XSHG,8.186,500.0,6400,119.59,1.0,2021-12-01,2021-12,"500ETF
510500.XSHG"
2021-12-02 14:14:00,加仓,医药ETF,512010.XSHG,0.646,1400.0,74800,,9.0,2021-12-02,2021-12,"医药ETF
512010.XSHG"
2021-12-03 09:43:00,加仓,纳指ETF,513100.XSHG,5.208,1000.0,4200,,-6.0,2021-12-03,2021-12,"纳指ETF
513100.XSHG"
2021-12-06 09:31:00,加仓,中概互联,513050.XSHG,1.32,2300.0,46900,,10.0,2021-12-06,2021-12,"中概互联
513050.XSHG"
2021-12-09 10:44:00,止盈,医药ETF,512010.XSHG,0.666,1400.0,73400,27.9,8.0,2021-12-09,2021-12,"医药ETF
512010.XSHG"
2021-12-13 09:42:00,止盈,中概互联,513050.XSHG,1.363,2300.0,44600,98.59,9.0,2021-12-13,2021-12,"中概互联
513050.XSHG"
2021-12-15 09:31:00,加仓,黄金ETF,518880.XSHG,3.56,1300.0,13400,,0.0,2021-12-15,2021-12,"黄金ETF
518880.XSHG"
2021-12-15 14:24:00,加仓,医药ETF,512010.XSHG,0.646,1400.0,74800,,9.0,2021-12-15,2021-12,"医药ETF
512010.XSHG"
2021-12-16 09:31:00,加仓,中概互联,513050.XSHG,1.318,2300.0,46900,,10.0,2021-12-16,2021-12,"中概互联
513050.XSHG"
2021-12-20 13:54:00,加仓,医药ETF,512010.XSHG,0.626,1400.0,76200,,10.0,2021-12-20,2021-12,"医药ETF
512010.XSHG"
2021-12-28 09:31:00,止盈,纳指ETF,513100.XSHG,5.393,1000.0,3200,184.46,-7.0,2021-12-28,2021-12,"纳指ETF
513100.XSHG"
2022-01-06 09:31:00,加仓,纳指ETF,513100.XSHG,5.153,1000.0,4200,,-6.0,2022-01-06,2022-01,"纳指ETF
513100.XSHG"
2022-01-14 09:31:00,加仓,纳指ETF,513100.XSHG,1.01,1000.0,22000,,-5.0,2022-01-14,2022-01,"纳指ETF
513100.XSHG"
2022-01-14 09:34:00,加仓,500ETF,510500.XSHG,7.939,500.0,6900,,2.0,2022-01-14,2022-01,"500ETF
510500.XSHG"
2022-01-20 09:31:00,止盈,黄金ETF,518880.XSHG,3.68,1300.0,12100,155.52,-1.0,2022-01-20,2022-01,"黄金ETF
518880.XSHG"
2022-01-20 09:33:00,加仓,纳指ETF,513100.XSHG,0.979,1000.0,23000,,-4.0,2022-01-20,2022-01,"纳指ETF
513100.XSHG"
2022-01-24 09:31:00,加仓,纳指ETF,513100.XSHG,0.948,1000.0,24000,,-3.0,2022-01-24,2022-01,"纳指ETF
513100.XSHG"
2022-01-25 13:05:00,加仓,500ETF,510500.XSHG,7.7,500.0,7400,,3.0,2022-01-25,2022-01,"500ETF
510500.XSHG"
2022-01-27 09:31:00,加仓,纳指ETF,513100.XSHG,0.913,1000.0,25000,,-2.0,2022-01-27,2022-01,"纳指ETF
513100.XSHG"
2022-01-27 10:32:00,加仓,500ETF,510500.XSHG,7.461,500.0,7900,,4.0,2022-01-27,2022-01,"500ETF
510500.XSHG"
2022-02-07 09:31:00,止盈,纳指ETF,513100.XSHG,0.949,1000.0,24000,35.9,-3.0,2022-02-07,2022-02,"纳指ETF
513100.XSHG"
2022-02-09 14:27:00,止盈,500ETF,510500.XSHG,7.685,500.0,7400,111.62,3.0,2022-02-09,2022-02,"500ETF
510500.XSHG"
2022-02-10 09:31:00,止盈,纳指ETF,513100.XSHG,0.979,1000.0,23000,29.9,-4.0,2022-02-10,2022-02,"纳指ETF
513100.XSHG"
2022-02-14 09:31:00,加仓,纳指ETF,513100.XSHG,0.931,1000.0,24000,,-3.0,2022-02-14,2022-02,"纳指ETF
513100.XSHG"
2022-02-22 09:31:00,加仓,纳指ETF,513100.XSHG,0.903,1000.0,25000,,-2.0,2022-02-22,2022-02,"纳指ETF
513100.XSHG"
2022-02-22 09:33:00,止盈,黄金ETF,518880.XSHG,3.791,1300.0,10800,143.81,-2.0,2022-02-22,2022-02,"黄金ETF
518880.XSHG"
2022-02-24 09:31:00,加仓,纳指ETF,513100.XSHG,0.875,1000.0,26000,,-1.0,2022-02-24,2022-02,"纳指ETF
513100.XSHG"
2022-03-01 09:31:00,止盈,纳指ETF,513100.XSHG,0.914,1000.0,25000,38.9,-2.0,2022-03-01,2022-03,"纳指ETF
513100.XSHG"
2022-03-07 09:31:00,加仓,纳指ETF,513100.XSHG,0.88,1000.0,26000,,-1.0,2022-03-07,2022-03,"纳指ETF
513100.XSHG"
2022-03-07 09:31:00,止盈,黄金ETF,518880.XSHG,3.935,1300.0,9500,186.69,-3.0,2022-03-07,2022-03,"黄金ETF
518880.XSHG"
2022-03-07 14:43:00,加仓,500ETF,510500.XSHG,7.453,500.0,7900,,4.0,2022-03-07,2022-03,"500ETF
510500.XSHG"
2022-03-08 11:22:00,加仓,500ETF,510500.XSHG,7.215,500.0,8400,,5.0,2022-03-08,2022-03,"500ETF
510500.XSHG"
2022-03-08 13:44:00,加仓,纳指ETF,513100.XSHG,0.853,1000.0,27000,,0.0,2022-03-08,2022-03,"纳指ETF
513100.XSHG"
2022-03-09 10:18:00,止盈,黄金ETF,518880.XSHG,4.054,1300.0,8200,154.17,-4.0,2022-03-09,2022-03,"黄金ETF
518880.XSHG"
2022-03-09 13:30:00,加仓,500ETF,510500.XSHG,6.998,500.0,8900,,6.0,2022-03-09,2022-03,"500ETF
510500.XSHG"
2022-03-10 09:31:00,止盈,纳指ETF,513100.XSHG,0.885,1000.0,26000,31.9,-1.0,2022-03-10,2022-03,"纳指ETF
513100.XSHG"
2022-03-10 09:31:00,加仓,黄金ETF,518880.XSHG,3.895,1300.0,9500,,-3.0,2022-03-10,2022-03,"黄金ETF
518880.XSHG"
2022-03-10 09:32:00,止盈,500ETF,510500.XSHG,7.21,500.0,8400,105.64,5.0,2022-03-10,2022-03,"500ETF
510500.XSHG"
2022-03-15 09:31:00,加仓,纳指ETF,513100.XSHG,0.853,1000.0,27000,,0.0,2022-03-15,2022-03,"纳指ETF
513100.XSHG"
2022-03-15 09:32:00,加仓,500ETF,510500.XSHG,6.974,500.0,8900,,6.0,2022-03-15,2022-03,"500ETF
510500.XSHG"
2022-03-15 13:47:00,加仓,500ETF,510500.XSHG,6.725,500.0,9400,,7.0,2022-03-15,2022-03,"500ETF
510500.XSHG"
2022-03-16 13:46:00,止盈,纳指ETF,513100.XSHG,0.879,1000.0,26000,25.9,-1.0,2022-03-16,2022-03,"纳指ETF
513100.XSHG"
2022-03-16 14:18:00,止盈,500ETF,510500.XSHG,6.931,500.0,8900,102.65,6.0,2022-03-16,2022-03,"500ETF
510500.XSHG"
2022-03-17 09:32:00,止盈,纳指ETF,513100.XSHG,0.906,1000.0,25000,26.9,-2.0,2022-03-17,2022-03,"纳指ETF
513100.XSHG"
2022-03-17 13:15:00,止盈,500ETF,510500.XSHG,7.141,500.0,8400,104.64,5.0,2022-03-17,2022-03,"500ETF
510500.XSHG"
2022-03-23 09:31:00,止盈,纳指ETF,513100.XSHG,0.953,1000.0,24000,46.9,-3.0,2022-03-23,2022-03,"纳指ETF
513100.XSHG"
2022-03-30 09:31:00,止盈,纳指ETF,513100.XSHG,0.992,1000.0,23000,38.9,-4.0,2022-03-30,2022-03,"纳指ETF
513100.XSHG"
2022-04-07 09:31:00,加仓,纳指ETF,513100.XSHG,0.944,1000.0,24000,,-3.0,2022-04-07,2022-04,"纳指ETF
513100.XSHG"
2022-04-08 10:02:00,加仓,500ETF,510500.XSHG,6.924,500.0,8900,,6.0,2022-04-08,2022-04,"500ETF
510500.XSHG"
2022-04-12 09:31:00,加仓,纳指ETF,513100.XSHG,0.91,1000.0,25000,,-2.0,2022-04-12,2022-04,"纳指ETF
513100.XSHG"
2022-04-12 13:00:00,加仓,500ETF,510500.XSHG,6.716,500.0,9400,,7.0,2022-04-12,2022-04,"500ETF
510500.XSHG"
2022-04-14 13:44:00,止盈,500ETF,510500.XSHG,6.918,500.0,8900,100.65,6.0,2022-04-14,2022-04,"500ETF
510500.XSHG"
2022-04-20 14:06:00,加仓,500ETF,510500.XSHG,6.71,500.0,9400,,7.0,2022-04-20,2022-04,"500ETF
510500.XSHG"
2022-04-21 14:13:00,加仓,500ETF,510500.XSHG,6.5,500.0,9900,,8.0,2022-04-21,2022-04,"500ETF
510500.XSHG"
2022-04-25 09:34:00,加仓,500ETF,510500.XSHG,6.3,500.0,10400,,9.0,2022-04-25,2022-04,"500ETF
510500.XSHG"
2022-04-25 14:11:00,加仓,500ETF,510500.XSHG,6.11,500.0,10900,,10.0,2022-04-25,2022-04,"500ETF
510500.XSHG"
2022-04-27 09:31:00,加仓,纳指ETF,513100.XSHG,0.875,1000.0,26000,,-1.0,2022-04-27,2022-04,"纳指ETF
513100.XSHG"
2022-04-29 09:31:00,止盈,纳指ETF,513100.XSHG,0.903,1000.0,25000,27.9,-2.0,2022-04-29,2022-04,"纳指ETF
513100.XSHG"
2022-04-29 13:05:00,止盈,500ETF,510500.XSHG,6.294,500.0,10400,91.69,9.0,2022-04-29,2022-04,"500ETF
510500.XSHG"
2022-05-06 09:31:00,加仓,纳指ETF,513100.XSHG,0.872,1000.0,26000,,-1.0,2022-05-06,2022-05,"纳指ETF
513100.XSHG"
2022-05-10 09:31:00,加仓,纳指ETF,513100.XSHG,0.84,1000.0,27000,,0.0,2022-05-10,2022-05,"纳指ETF
513100.XSHG"
2022-05-11 09:51:00,止盈,500ETF,510500.XSHG,6.485,500.0,9900,95.18,8.0,2022-05-11,2022-05,"500ETF
510500.XSHG"
2022-05-18 09:31:00,止盈,纳指ETF,513100.XSHG,0.866,1000.0,26000,25.9,-1.0,2022-05-18,2022-05,"纳指ETF
513100.XSHG"
2022-05-19 09:31:00,加仓,纳指ETF,513100.XSHG,0.825,1000.0,27000,,0.0,2022-05-19,2022-05,"纳指ETF
513100.XSHG"
2022-05-20 14:49:00,止盈,500ETF,510500.XSHG,6.682,500.0,9400,98.17,7.0,2022-05-20,2022-05,"500ETF
510500.XSHG"
2022-05-25 09:43:00,加仓,500ETF,510500.XSHG,6.479,500.0,9900,,8.0,2022-05-25,2022-05,"500ETF
510500.XSHG"
2022-05-26 13:02:00,止盈,500ETF,510500.XSHG,6.678,500.0,9400,99.17,7.0,2022-05-26,2022-05,"500ETF
510500.XSHG"
2022-05-30 09:31:00,止盈,纳指ETF,513100.XSHG,0.878,1000.0,26000,52.9,-1.0,2022-05-30,2022-05,"纳指ETF
513100.XSHG"
2022-06-02 14:08:00,止盈,500ETF,510500.XSHG,6.879,500.0,8900,100.16,6.0,2022-06-02,2022-06,"500ETF
510500.XSHG"
2022-06-10 09:31:00,加仓,纳指ETF,513100.XSHG,0.841,1000.0,27000,,0.0,2022-06-10,2022-06,"纳指ETF
513100.XSHG"
2022-06-10 14:45:00,止盈,500ETF,510500.XSHG,7.086,500.0,8400,103.15,5.0,2022-06-10,2022-06,"500ETF
510500.XSHG"
2022-06-13 09:32:00,加仓,纳指ETF,513100.XSHG,0.815,1000.0,28000,,1.0,2022-06-13,2022-06,"纳指ETF
513100.XSHG"
2022-06-14 09:31:00,加仓,纳指ETF,513100.XSHG,0.788,1000.0,29000,,2.0,2022-06-14,2022-06,"纳指ETF
513100.XSHG"
2022-06-16 09:31:00,止盈,纳指ETF,513100.XSHG,0.817,1000.0,28000,28.9,1.0,2022-06-16,2022-06,"纳指ETF
513100.XSHG"
2022-06-17 09:31:00,加仓,纳指ETF,513100.XSHG,0.778,1000.0,29000,,2.0,2022-06-17,2022-06,"纳指ETF
513100.XSHG"
2022-06-21 10:02:00,止盈,纳指ETF,513100.XSHG,0.802,1000.0,28000,23.9,1.0,2022-06-21,2022-06,"纳指ETF
513100.XSHG"
2022-06-24 13:45:00,止盈,纳指ETF,513100.XSHG,0.827,1000.0,27000,24.9,0.0,2022-06-24,2022-06,"纳指ETF
513100.XSHG"
2022-06-27 09:38:00,止盈,500ETF,510500.XSHG,7.309,500.0,7900,111.13,4.0,2022-06-27,2022-06,"500ETF
510500.XSHG"
2022-06-30 14:27:00,加仓,纳指ETF,513100.XSHG,0.802,1000.0,28000,,1.0,2022-06-30,2022-06,"纳指ETF
513100.XSHG"
2022-07-06 09:31:00,加仓,黄金ETF,518880.XSHG,3.73,1300.0,10800,,-2.0,2022-07-06,2022-07,"黄金ETF
518880.XSHG"
2022-07-07 13:10:00,止盈,纳指ETF,513100.XSHG,0.827,1000.0,27000,24.9,0.0,2022-07-07,2022-07,"纳指ETF
513100.XSHG"
2022-07-13 10:26:00,加仓,500ETF,510500.XSHG,7.089,500.0,8400,,5.0,2022-07-13,2022-07,"500ETF
510500.XSHG"
2022-07-15 14:44:00,加仓,黄金ETF,518880.XSHG,3.618,1300.0,12100,,-1.0,2022-07-15,2022-07,"黄金ETF
518880.XSHG"
2022-07-20 09:31:00,止盈,纳指ETF,513100.XSHG,0.852,1000.0,26000,24.9,-1.0,2022-07-20,2022-07,"纳指ETF
513100.XSHG"
2022-07-20 09:42:00,止盈,500ETF,510500.XSHG,7.304,500.0,7900,107.13,4.0,2022-07-20,2022-07,"500ETF
510500.XSHG"
2022-07-29 09:31:00,止盈,纳指ETF,513100.XSHG,0.884,1000.0,25000,31.9,-2.0,2022-07-29,2022-07,"纳指ETF
513100.XSHG"
2022-07-29 10:11:00,止盈,黄金ETF,518880.XSHG,3.727,1300.0,10800,141.22,-2.0,2022-07-29,2022-07,"黄金ETF
518880.XSHG"
2022-08-02 09:40:00,加仓,500ETF,510500.XSHG,7.081,500.0,8400,,5.0,2022-08-02,2022-08,"500ETF
510500.XSHG"
2022-08-04 13:29:00,止盈,纳指ETF,513100.XSHG,0.911,1000.0,24000,26.9,-3.0,2022-08-04,2022-08,"纳指ETF
513100.XSHG"
2022-08-11 10:54:00,止盈,500ETF,510500.XSHG,7.295,500.0,7900,106.64,4.0,2022-08-11,2022-08,"500ETF
510500.XSHG"
2022-08-16 09:31:00,止盈,纳指ETF,513100.XSHG,0.941,1000.0,23000,29.9,-4.0,2022-08-16,2022-08,"纳指ETF
513100.XSHG"
2022-08-22 14:37:00,加仓,纳指ETF,513100.XSHG,0.912,1000.0,24000,,-3.0,2022-08-22,2022-08,"纳指ETF
513100.XSHG"
2022-08-29 09:31:00,加仓,纳指ETF,513100.XSHG,0.871,1000.0,25000,,-2.0,2022-08-29,2022-08,"纳指ETF
513100.XSHG"
2022-08-29 09:31:00,加仓,500ETF,510500.XSHG,6.215,500.0,9549,,5.0,2022-08-29,2022-08,"500ETF
510500.XSHG"
2022-09-13 14:09:00,止盈,纳指ETF,513100.XSHG,0.898,1000.0,24000,26.9,-3.0,2022-09-13,2022-09,"纳指ETF
513100.XSHG"
2022-09-14 09:31:00,加仓,纳指ETF,513100.XSHG,0.854,1000.0,25000,,-2.0,2022-09-14,2022-09,"纳指ETF
513100.XSHG"
2022-09-16 13:25:00,加仓,500ETF,510500.XSHG,6.027,500.0,10049,,6.0,2022-09-16,2022-09,"500ETF
510500.XSHG"
2022-09-22 09:39:00,加仓,纳指ETF,513100.XSHG,0.828,1000.0,26000,,-1.0,2022-09-22,2022-09,"纳指ETF
513100.XSHG"
2022-09-23 11:21:00,加仓,500ETF,510500.XSHG,5.846,500.0,10549,,7.0,2022-09-23,2022-09,"500ETF
510500.XSHG"
2022-10-10 09:31:00,加仓,纳指ETF,513100.XSHG,0.799,1000.0,27000,,0.0,2022-10-10,2022-10,"纳指ETF
513100.XSHG"
2022-10-10 14:19:00,加仓,500ETF,510500.XSHG,5.67,500.0,11049,,8.0,2022-10-10,2022-10,"500ETF
510500.XSHG"
2022-10-13 11:22:00,止盈,500ETF,510500.XSHG,5.844,500.0,10549,86.71,7.0,2022-10-13,2022-10,"500ETF
510500.XSHG"
2022-10-17 13:53:00,止盈,500ETF,510500.XSHG,6.022,500.0,10049,88.7,6.0,2022-10-17,2022-10,"500ETF
510500.XSHG"
2022-10-18 13:02:00,止盈,纳指ETF,513100.XSHG,0.825,1000.0,26000,25.9,-1.0,2022-10-18,2022-10,"纳指ETF
513100.XSHG"
2022-10-25 09:37:00,加仓,500ETF,510500.XSHG,5.839,500.0,10549,,7.0,2022-10-25,2022-10,"500ETF
510500.XSHG"
2022-10-26 10:50:00,止盈,500ETF,510500.XSHG,6.015,500.0,10049,87.7,6.0,2022-10-26,2022-10,"500ETF
510500.XSHG"
2022-10-28 13:45:00,加仓,500ETF,510500.XSHG,5.834,500.0,10549,,7.0,2022-10-28,2022-10,"500ETF
510500.XSHG"
2022-11-01 09:32:00,止盈,纳指ETF,513100.XSHG,0.85,1000.0,25000,24.9,-2.0,2022-11-01,2022-11,"纳指ETF
513100.XSHG"
2022-11-02 13:02:00,止盈,500ETF,510500.XSHG,6.01,500.0,10049,87.7,6.0,2022-11-02,2022-11,"500ETF
510500.XSHG"
2022-11-03 09:31:00,加仓,纳指ETF,513100.XSHG,0.812,1000.0,26000,,-1.0,2022-11-03,2022-11,"纳指ETF
513100.XSHG"
2022-11-08 09:57:00,止盈,黄金ETF,518880.XSHG,3.839,1300.0,9500,145.1,-3.0,2022-11-08,2022-11,"黄金ETF
518880.XSHG"
2022-11-09 10:30:00,止盈,500ETF,510500.XSHG,6.192,500.0,9549,90.69,5.0,2022-11-09,2022-11,"500ETF
510500.XSHG"
2022-11-09 14:51:00,止盈,黄金ETF,518880.XSHG,3.957,1300.0,8200,152.89,-4.0,2022-11-09,2022-11,"黄金ETF
518880.XSHG"
2022-11-11 09:31:00,止盈,纳指ETF,513100.XSHG,0.856,1000.0,25000,43.9,-2.0,2022-11-11,2022-11,"纳指ETF
513100.XSHG"
2022-11-28 09:42:00,加仓,500ETF,510500.XSHG,5.999,500.0,10049,,6.0,2022-11-28,2022-11,"500ETF
510500.XSHG"
2022-11-29 13:02:00,止盈,500ETF,510500.XSHG,6.184,500.0,9549,92.19,5.0,2022-11-29,2022-11,"500ETF
510500.XSHG"
2022-12-07 09:31:00,加仓,纳指ETF,513100.XSHG,0.83,1000.0,26000,,-1.0,2022-12-07,2022-12,"纳指ETF
513100.XSHG"
2022-12-19 13:13:00,加仓,500ETF,510500.XSHG,5.996,500.0,10049,,6.0,2022-12-19,2022-12,"500ETF
510500.XSHG"
2022-12-20 11:06:00,加仓,纳指ETF,513100.XSHG,0.805,1000.0,27000,,0.0,2022-12-20,2022-12,"纳指ETF
513100.XSHG"
2022-12-22 14:06:00,加仓,500ETF,510500.XSHG,5.814,500.0,10549,,7.0,2022-12-22,2022-12,"500ETF
510500.XSHG"
2023-01-05 09:42:00,止盈,500ETF,510500.XSHG,5.991,500.0,10049,88.2,6.0,2023-01-05,2023-01,"500ETF
510500.XSHG"
2023-01-16 10:39:00,止盈,500ETF,510500.XSHG,6.172,500.0,9549,90.19,5.0,2023-01-16,2023-01,"500ETF
510500.XSHG"
2023-01-20 09:31:00,止盈,黄金ETF,518880.XSHG,4.105,1300.0,6900,191.87,-5.0,2023-01-20,2023-01,"黄金ETF
518880.XSHG"
2023-01-30 09:31:00,止盈,纳指ETF,513100.XSHG,0.844,1000.0,26000,38.9,-1.0,2023-01-30,2023-01,"纳指ETF
513100.XSHG"
2023-01-30 09:31:00,止盈,500ETF,510500.XSHG,6.366,500.0,9049,96.68,4.0,2023-01-30,2023-01,"500ETF
510500.XSHG"
2023-02-03 09:31:00,止盈,纳指ETF,513100.XSHG,0.873,1000.0,25000,28.9,-2.0,2023-02-03,2023-02,"纳指ETF
513100.XSHG"
2023-03-02 09:31:00,加仓,纳指ETF,513100.XSHG,0.845,1000.0,26000,,-1.0,2023-03-02,2023-03,"纳指ETF
513100.XSHG"
2023-03-06 10:39:00,止盈,纳指ETF,513100.XSHG,0.871,1000.0,25000,25.9,-2.0,2023-03-06,2023-03,"纳指ETF
513100.XSHG"
2023-03-13 09:31:00,加仓,纳指ETF,513100.XSHG,0.844,1000.0,26000,,-1.0,2023-03-13,2023-03,"纳指ETF
513100.XSHG"
2023-03-14 10:57:00,加仓,500ETF,510500.XSHG,6.173,500.0,9549,,5.0,2023-03-14,2023-03,"500ETF
510500.XSHG"
2023-03-17 09:31:00,止盈,纳指ETF,513100.XSHG,0.884,1000.0,25000,39.9,-2.0,2023-03-17,2023-03,"纳指ETF
513100.XSHG"
2023-03-20 09:31:00,止盈,黄金ETF,518880.XSHG,4.271,1300.0,5600,215.24,-6.0,2023-03-20,2023-03,"黄金ETF
518880.XSHG"
2023-03-31 09:31:00,止盈,纳指ETF,513100.XSHG,0.912,1000.0,24000,27.9,-3.0,2023-03-31,2023-03,"纳指ETF
513100.XSHG"
2023-03-31 14:15:00,止盈,500ETF,510500.XSHG,6.359,500.0,9049,92.68,4.0,2023-03-31,2023-03,"500ETF
510500.XSHG"
2023-04-25 10:21:00,加仓,500ETF,510500.XSHG,6.167,500.0,9549,,5.0,2023-04-25,2023-04,"500ETF
510500.XSHG"
2023-05-04 09:31:00,止盈,黄金ETF,518880.XSHG,4.41,1300.0,4300,180.13,-7.0,2023-05-04,2023-05,"黄金ETF
518880.XSHG"
2023-05-11 09:31:00,止盈,纳指ETF,513100.XSHG,0.94,1000.0,23000,27.9,-4.0,2023-05-11,2023-05,"纳指ETF
513100.XSHG"
2023-05-18 13:17:00,止盈,纳指ETF,513100.XSHG,0.969,1000.0,22000,28.9,-5.0,2023-05-18,2023-05,"纳指ETF
513100.XSHG"
2023-05-23 11:17:00,止盈,纳指ETF,513100.XSHG,1.0,1000.0,21000,30.9,-6.0,2023-05-23,2023-05,"纳指ETF
513100.XSHG"
2023-05-25 11:23:00,加仓,500ETF,510500.XSHG,5.98,500.0,10049,,6.0,2023-05-25,2023-05,"500ETF
510500.XSHG"
2023-05-29 09:47:00,止盈,纳指ETF,513100.XSHG,1.03,1000.0,20000,29.9,-7.0,2023-05-29,2023-05,"纳指ETF
513100.XSHG"
2023-06-02 11:01:00,止盈,500ETF,510500.XSHG,6.16,500.0,9549,89.69,5.0,2023-06-02,2023-06,"500ETF
510500.XSHG"
2023-06-13 09:31:00,止盈,纳指ETF,513100.XSHG,1.079,1000.0,19000,48.89,-8.0,2023-06-13,2023-06,"纳指ETF
513100.XSHG"
2023-06-26 10:42:00,加仓,500ETF,510500.XSHG,5.975,500.0,10049,,6.0,2023-06-26,2023-06,"500ETF
510500.XSHG"
2023-07-03 09:31:00,破顶,纳指ETF,513100.XSHG,1.116,,44800,,,2023-07-03,2023-07,"纳指ETF
513100.XSHG"
2023-07-19 09:31:00,止盈,纳指ETF,513100.XSHG,1.153,4400.0,40400,162.29,-1.0,2023-07-19,2023-07,"纳指ETF
513100.XSHG"
2023-07-28 14:20:00,止盈,500ETF,510500.XSHG,6.156,500.0,9549,90.19,5.0,2023-07-28,2023-07,"500ETF
510500.XSHG"
2023-08-03 14:54:00,加仓,纳指ETF,513100.XSHG,1.118,4400.0,44800,,0.0,2023-08-03,2023-08,"纳指ETF
513100.XSHG"
2023-08-14 09:36:00,加仓,500ETF,510500.XSHG,5.971,500.0,10049,,6.0,2023-08-14,2023-08,"500ETF
510500.XSHG"
2023-08-18 10:31:00,加仓,纳指ETF,513100.XSHG,1.084,4400.0,49200,,1.0,2023-08-18,2023-08,"纳指ETF
513100.XSHG"
2023-08-22 11:11:00,加仓,500ETF,510500.XSHG,5.791,500.0,10549,,7.0,2023-08-22,2023-08,"500ETF
510500.XSHG"
2023-08-24 09:31:00,止盈,纳指ETF,513100.XSHG,1.13,4400.0,44800,201.9,0.0,2023-08-24,2023-08,"纳指ETF
513100.XSHG"
2023-08-25 09:31:00,加仓,纳指ETF,513100.XSHG,1.096,4400.0,49200,,1.0,2023-08-25,2023-08,"纳指ETF
513100.XSHG"
2023-08-28 09:31:00,止盈,500ETF,510500.XSHG,5.974,500.0,10049,91.2,6.0,2023-08-28,2023-08,"500ETF
510500.XSHG"
2023-08-28 13:13:00,加仓,500ETF,510500.XSHG,5.793,500.0,10549,,7.0,2023-08-28,2023-08,"500ETF
510500.XSHG"
2023-08-30 09:31:00,止盈,纳指ETF,513100.XSHG,1.135,4400.0,44800,171.1,0.0,2023-08-30,2023-08,"纳指ETF
513100.XSHG"
2023-09-11 10:12:00,止盈,黄金ETF,518880.XSHG,4.544,1300.0,3000,173.61,-8.0,2023-09-11,2023-09,"黄金ETF
518880.XSHG"
2023-09-21 13:28:00,加仓,纳指ETF,513100.XSHG,1.1,4400.0,49200,,1.0,2023-09-21,2023-09,"纳指ETF
513100.XSHG"
2023-10-09 09:31:00,加仓,黄金ETF,518880.XSHG,4.403,1300.0,4300,,-7.0,2023-10-09,2023-10,"黄金ETF
518880.XSHG"
2023-10-18 14:21:00,加仓,500ETF,510500.XSHG,5.619,500.0,11049,,8.0,2023-10-18,2023-10,"500ETF
510500.XSHG"
2023-10-19 09:31:00,止盈,黄金ETF,518880.XSHG,4.548,1300.0,3000,187.91,-8.0,2023-10-19,2023-10,"黄金ETF
518880.XSHG"
2023-10-23 09:50:00,加仓,500ETF,510500.XSHG,5.447,500.0,11549,,9.0,2023-10-23,2023-10,"500ETF
510500.XSHG"
2023-10-26 09:31:00,加仓,纳指ETF,513100.XSHG,1.053,4400.0,53600,,2.0,2023-10-26,2023-10,"纳指ETF
513100.XSHG"
2023-10-27 14:09:00,止盈,500ETF,510500.XSHG,5.611,500.0,11049,81.72,8.0,2023-10-27,2023-10,"500ETF
510500.XSHG"
2023-11-02 09:31:00,止盈,纳指ETF,513100.XSHG,1.09,4400.0,49200,162.32,1.0,2023-11-02,2023-11,"纳指ETF
513100.XSHG"
2023-11-08 11:03:00,止盈,纳指ETF,513100.XSHG,1.123,4400.0,44800,144.71,0.0,2023-11-08,2023-11,"纳指ETF
513100.XSHG"
2023-11-15 09:31:00,止盈,纳指ETF,513100.XSHG,1.165,4400.0,40400,184.29,-1.0,2023-11-15,2023-11,"纳指ETF
513100.XSHG"
2023-11-15 09:38:00,止盈,500ETF,510500.XSHG,5.78,500.0,10549,84.21,7.0,2023-11-15,2023-11,"500ETF
510500.XSHG"
2023-11-30 13:57:00,加仓,500ETF,510500.XSHG,5.606,500.0,11049,,8.0,2023-11-30,2023-11,"500ETF
510500.XSHG"
2023-12-14 09:31:00,止盈,纳指ETF,513100.XSHG,1.203,4400.0,36000,166.67,-2.0,2023-12-14,2023-12,"纳指ETF
513100.XSHG"
2023-12-20 13:10:00,加仓,500ETF,510500.XSHG,5.437,500.0,11549,,9.0,2023-12-20,2023-12,"500ETF
510500.XSHG"
2023-12-28 09:56:00,破顶,黄金ETF,518880.XSHG,4.686,,10600,,,2023-12-28,2023-12,"黄金ETF
518880.XSHG"
2024-01-08 13:44:00,加仓,500ETF,510500.XSHG,5.272,500.0,12049,,10.0,2024-01-08,2024-01,"500ETF
510500.XSHG"
2024-01-19 09:39:00,止盈,纳指ETF,513100.XSHG,1.24,4400.0,31600,162.25,-3.0,2024-01-19,2024-01,"纳指ETF
513100.XSHG"
2024-01-22 13:27:00,止盈,纳指ETF,513100.XSHG,1.278,4400.0,27200,166.64,-4.0,2024-01-22,2024-01,"纳指ETF
513100.XSHG"
2024-02-08 10:07:00,止盈,500ETF,510500.XSHG,5.434,500.0,11549,80.73,9.0,2024-02-08,2024-02,"500ETF
510500.XSHG"
2024-02-08 13:31:00,加仓,500ETF,510500.XSHG,5.267,500.0,12049,,10.0,2024-02-08,2024-02,"500ETF
510500.XSHG"
2024-02-23 09:31:00,止盈,纳指ETF,513100.XSHG,1.322,4400.0,22800,193.02,-5.0,2024-02-23,2024-02,"纳指ETF
513100.XSHG"
2024-02-28 09:33:00,止盈,500ETF,510500.XSHG,5.426,500.0,11549,79.23,9.0,2024-02-28,2024-02,"500ETF
510500.XSHG"
2024-02-28 14:59:00,加仓,500ETF,510500.XSHG,5.262,500.0,12049,,10.0,2024-02-28,2024-02,"500ETF
510500.XSHG"
2024-02-29 14:48:00,止盈,500ETF,510500.XSHG,5.422,500.0,11549,79.73,9.0,2024-02-29,2024-02,"500ETF
510500.XSHG"
2024-03-07 09:31:00,止盈,黄金ETF,518880.XSHG,4.847,1000.0,9600,160.52,-1.0,2024-03-07,2024-03,"黄金ETF
518880.XSHG"
2024-03-18 13:58:00,止盈,500ETF,510500.XSHG,5.585,500.0,11049,81.22,8.0,2024-03-18,2024-03,"500ETF
510500.XSHG"
2024-03-25 09:55:00,加仓,500ETF,510500.XSHG,5.417,500.0,11549,,9.0,2024-03-25,2024-03,"500ETF
510500.XSHG"
2024-03-27 14:51:00,加仓,500ETF,510500.XSHG,5.252,500.0,12049,,10.0,2024-03-27,2024-03,"500ETF
510500.XSHG"
2024-03-28 09:31:00,止盈,黄金ETF,518880.XSHG,5.0,1000.0,8600,152.5,-2.0,2024-03-28,2024-03,"黄金ETF
518880.XSHG"
2024-04-01 09:31:00,止盈,黄金ETF,518880.XSHG,5.173,1000.0,7600,172.48,-3.0,2024-04-01,2024-04,"黄金ETF
518880.XSHG"
2024-04-01 09:32:00,止盈,500ETF,510500.XSHG,5.416,500.0,11549,81.73,9.0,2024-04-01,2024-04,"500ETF
510500.XSHG"
2024-04-08 09:56:00,止盈,黄金ETF,518880.XSHG,5.332,1000.0,6600,158.47,-4.0,2024-04-08,2024-04,"黄金ETF
518880.XSHG"
2024-04-12 14:46:00,止盈,黄金ETF,518880.XSHG,5.492,1000.0,5600,159.45,-5.0,2024-04-12,2024-04,"黄金ETF
518880.XSHG"
2024-04-18 09:31:00,加仓,纳指ETF,513100.XSHG,1.281,4400.0,27200,,-4.0,2024-04-18,2024-04,"纳指ETF
513100.XSHG"
2024-04-23 09:31:00,加仓,黄金ETF,518880.XSHG,5.319,1000.0,6600,,-4.0,2024-04-23,2024-04,"黄金ETF
518880.XSHG"
2024-04-29 14:34:00,止盈,500ETF,510500.XSHG,5.581,500.0,11049,82.22,8.0,2024-04-29,2024-04,"500ETF
510500.XSHG"
2024-05-10 09:32:00,止盈,纳指ETF,513100.XSHG,1.32,4400.0,22800,171.02,-5.0,2024-05-10,2024-05,"纳指ETF
513100.XSHG"
2024-05-20 09:31:00,止盈,黄金ETF,518880.XSHG,5.524,1000.0,5600,204.45,-5.0,2024-05-20,2024-05,"黄金ETF
518880.XSHG"
2024-05-21 09:31:00,止盈,纳指ETF,513100.XSHG,1.365,4400.0,18400,197.4,-6.0,2024-05-21,2024-05,"纳指ETF
513100.XSHG"
2024-05-23 09:32:00,加仓,黄金ETF,518880.XSHG,5.354,1000.0,6600,,-4.0,2024-05-23,2024-05,"黄金ETF
518880.XSHG"
2024-05-23 09:57:00,加仓,500ETF,510500.XSHG,5.411,500.0,11549,,9.0,2024-05-23,2024-05,"500ETF
510500.XSHG"
2024-06-06 14:33:00,加仓,500ETF,510500.XSHG,5.247,500.0,12049,,10.0,2024-06-06,2024-06,"500ETF
510500.XSHG"
2024-06-12 09:31:00,止盈,纳指ETF,513100.XSHG,1.408,4400.0,14000,188.58,-7.0,2024-06-12,2024-06,"纳指ETF
513100.XSHG"
2024-06-18 09:31:00,止盈,纳指ETF,513100.XSHG,1.457,4400.0,9600,214.96,-8.0,2024-06-18,2024-06,"纳指ETF
513100.XSHG"
2024-07-03 10:57:00,破顶,纳指ETF,513100.XSHG,1.501,,33300,,,2024-07-03,2024-07,"纳指ETF
513100.XSHG"
2024-07-08 09:31:00,止盈,纳指ETF,513100.XSHG,1.547,3300.0,30000,151.29,-1.0,2024-07-08,2024-07,"纳指ETF
513100.XSHG"
2024-07-12 09:33:00,加仓,纳指ETF,513100.XSHG,1.498,3300.0,33300,,0.0,2024-07-12,2024-07,"纳指ETF
513100.XSHG"
2024-07-16 09:31:00,止盈,纳指ETF,513100.XSHG,1.544,3300.0,30000,151.29,-1.0,2024-07-16,2024-07,"纳指ETF
513100.XSHG"
2024-07-17 09:31:00,止盈,黄金ETF,518880.XSHG,5.6,1000.0,5600,245.44,-5.0,2024-07-17,2024-07,"黄金ETF
518880.XSHG"
2024-07-18 09:31:00,加仓,纳指ETF,513100.XSHG,1.467,3300.0,33300,,0.0,2024-07-18,2024-07,"纳指ETF
513100.XSHG"
2024-07-19 14:10:00,加仓,黄金ETF,518880.XSHG,5.428,1000.0,6600,,-4.0,2024-07-19,2024-07,"黄金ETF
518880.XSHG"
2024-07-25 09:31:00,加仓,纳指ETF,513100.XSHG,1.41,3300.0,36600,,1.0,2024-07-25,2024-07,"纳指ETF
513100.XSHG"
2024-08-01 09:31:00,止盈,纳指ETF,513100.XSHG,1.465,3300.0,33300,181.02,0.0,2024-08-01,2024-08,"纳指ETF
513100.XSHG"
2024-08-02 09:31:00,加仓,纳指ETF,513100.XSHG,1.411,3300.0,36600,,1.0,2024-08-02,2024-08,"纳指ETF
513100.XSHG"
2024-08-05 09:31:00,加仓,纳指ETF,513100.XSHG,1.331,3300.0,39900,,2.0,2024-08-05,2024-08,"纳指ETF
513100.XSHG"
2024-08-05 13:26:00,加仓,纳指ETF,513100.XSHG,1.291,3300.0,43200,,3.0,2024-08-05,2024-08,"纳指ETF
513100.XSHG"
2024-08-06 09:31:00,止盈,纳指ETF,513100.XSHG,1.336,3300.0,39900,148.06,2.0,2024-08-06,2024-08,"纳指ETF
513100.XSHG"
2024-08-13 14:40:00,止盈,纳指ETF,513100.XSHG,1.377,3300.0,36600,134.85,1.0,2024-08-13,2024-08,"纳指ETF
513100.XSHG"
2024-08-15 09:36:00,止盈,纳指ETF,513100.XSHG,1.419,3300.0,33300,138.13,0.0,2024-08-15,2024-08,"纳指ETF
513100.XSHG"
2024-08-16 09:31:00,止盈,纳指ETF,513100.XSHG,1.463,3300.0,30000,144.72,-1.0,2024-08-16,2024-08,"纳指ETF
513100.XSHG"
2024-08-29 09:31:00,加仓,纳指ETF,513100.XSHG,1.41,3300.0,33300,,0.0,2024-08-29,2024-08,"纳指ETF
513100.XSHG"
2024-09-04 13:04:00,加仓,纳指ETF,513100.XSHG,1.367,3300.0,36600,,1.0,2024-09-04,2024-09,"纳指ETF
513100.XSHG"
2024-09-12 09:31:00,止盈,纳指ETF,513100.XSHG,1.414,3300.0,33300,154.63,0.0,2024-09-12,2024-09,"纳指ETF
513100.XSHG"
2024-09-13 09:31:00,止盈,黄金ETF,518880.XSHG,5.613,1000.0,5600,184.44,-5.0,2024-09-13,2024-09,"黄金ETF
518880.XSHG"
2024-09-20 10:03:00,止盈,纳指ETF,513100.XSHG,1.457,3300.0,30000,141.42,-1.0,2024-09-20,2024-09,"纳指ETF
513100.XSHG"
2024-09-27 13:00:00,止盈,500ETF,510500.XSHG,5.42,500.0,11549,86.23,9.0,2024-09-27,2024-09,"500ETF
510500.XSHG"
2024-09-27 13:08:00,加仓,纳指ETF,513100.XSHG,1.411,3300.0,33300,,0.0,2024-09-27,2024-09,"纳指ETF
513100.XSHG"
2024-09-30 09:31:00,止盈,500ETF,510500.XSHG,5.787,500.0,11049,183.21,8.0,2024-09-30,2024-09,"500ETF
510500.XSHG"
2024-09-30 09:41:00,加仓,500ETF,510500.XSHG,5.599,500.0,11549,,9.0,2024-09-30,2024-09,"500ETF
510500.XSHG"
2024-09-30 10:54:00,止盈,500ETF,510500.XSHG,5.775,500.0,11049,87.71,8.0,2024-09-30,2024-09,"500ETF
510500.XSHG"
2024-09-30 13:37:00,止盈,500ETF,510500.XSHG,5.949,500.0,10549,86.7,7.0,2024-09-30,2024-09,"500ETF
510500.XSHG"
2024-10-08 09:31:00,止盈,500ETF,510500.XSHG,6.595,500.0,10049,322.67,6.0,2024-10-08,2024-10,"500ETF
510500.XSHG"
2024-10-08 09:31:00,止盈,中概互联,513050.XSHG,1.426,2300.0,44600,248.07,9.0,2024-10-08,2024-10,"中概互联
513050.XSHG"
2024-10-08 09:33:00,加仓,中概互联,513050.XSHG,1.381,2300.0,46900,,10.0,2024-10-08,2024-10,"中概互联
513050.XSHG"
2024-10-08 09:47:00,加仓,500ETF,510500.XSHG,6.394,500.0,10549,,7.0,2024-10-08,2024-10,"500ETF
510500.XSHG"
2024-10-08 10:32:00,加仓,500ETF,510500.XSHG,6.202,500.0,11049,,8.0,2024-10-08,2024-10,"500ETF
510500.XSHG"
2024-10-08 10:38:00,加仓,500ETF,510500.XSHG,6.007,500.0,11549,,9.0,2024-10-08,2024-10,"500ETF
510500.XSHG"
2024-10-08 10:43:00,止盈,500ETF,510500.XSHG,6.202,500.0,11049,97.19,8.0,2024-10-08,2024-10,"500ETF
510500.XSHG"
2024-10-09 09:32:00,加仓,500ETF,510500.XSHG,5.986,500.0,11549,,9.0,2024-10-09,2024-10,"500ETF
510500.XSHG"
2024-10-09 09:52:00,止盈,500ETF,510500.XSHG,6.171,500.0,11049,92.19,8.0,2024-10-09,2024-10,"500ETF
510500.XSHG"
2024-10-09 10:35:00,加仓,500ETF,510500.XSHG,5.973,500.0,11549,,9.0,2024-10-09,2024-10,"500ETF
510500.XSHG"
2024-10-09 11:21:00,加仓,500ETF,510500.XSHG,5.792,500.0,12049,,10.0,2024-10-09,2024-10,"500ETF
510500.XSHG"
2024-10-09 13:02:00,止盈,500ETF,510500.XSHG,5.991,500.0,11549,99.2,9.0,2024-10-09,2024-10,"500ETF
510500.XSHG"
2024-10-10 09:54:00,加仓,500ETF,510500.XSHG,5.806,500.0,12049,,10.0,2024-10-10,2024-10,"500ETF
510500.XSHG"
2024-10-14 14:21:00,止盈,黄金ETF,518880.XSHG,5.784,1000.0,4600,170.42,-6.0,2024-10-14,2024-10,"黄金ETF
518880.XSHG"
2024-10-15 09:31:00,止盈,纳指ETF,513100.XSHG,1.46,3300.0,30000,161.22,-1.0,2024-10-15,2024-10,"纳指ETF
513100.XSHG"
2024-10-18 09:31:00,止盈,黄金ETF,518880.XSHG,5.961,1000.0,3600,176.4,-7.0,2024-10-18,2024-10,"黄金ETF
518880.XSHG"
2024-10-29 09:31:00,止盈,500ETF,510500.XSHG,5.996,500.0,11549,94.7,9.0,2024-10-29,2024-10,"500ETF
510500.XSHG"
2024-10-30 14:36:00,止盈,黄金ETF,518880.XSHG,6.14,1000.0,2600,178.39,-8.0,2024-10-30,2024-10,"黄金ETF
518880.XSHG"
2024-11-05 11:17:00,止盈,500ETF,510500.XSHG,6.177,500.0,11049,90.19,8.0,2024-11-05,2024-11,"500ETF
510500.XSHG"
2024-11-07 09:31:00,止盈,纳指ETF,513100.XSHG,1.515,3300.0,26700,181.0,-2.0,2024-11-07,2024-11,"纳指ETF
513100.XSHG"
2024-11-07 09:31:00,加仓,黄金ETF,518880.XSHG,5.867,1000.0,3600,,-7.0,2024-11-07,2024-11,"黄金ETF
518880.XSHG"
2024-11-08 09:31:00,止盈,500ETF,510500.XSHG,6.408,500.0,10549,115.18,7.0,2024-11-08,2024-11,"500ETF
510500.XSHG"
2024-11-14 13:40:00,加仓,黄金ETF,518880.XSHG,5.69,1000.0,4600,,-6.0,2024-11-14,2024-11,"黄金ETF
518880.XSHG"
2024-11-14 14:06:00,加仓,500ETF,510500.XSHG,6.215,500.0,11049,,8.0,2024-11-14,2024-11,"500ETF
510500.XSHG"
2024-11-15 14:55:00,加仓,500ETF,510500.XSHG,6.027,500.0,11549,,9.0,2024-11-15,2024-11,"500ETF
510500.XSHG"
2024-11-20 09:31:00,止盈,黄金ETF,518880.XSHG,5.891,1000.0,3600,200.41,-7.0,2024-11-20,2024-11,"黄金ETF
518880.XSHG"
2024-11-22 14:55:00,加仓,500ETF,510500.XSHG,5.845,500.0,12049,,10.0,2024-11-22,2024-11,"500ETF
510500.XSHG"
2024-12-02 10:13:00,止盈,500ETF,510500.XSHG,6.022,500.0,11549,88.2,9.0,2024-12-02,2024-12,"500ETF
510500.XSHG"
2024-12-03 09:36:00,止盈,纳指ETF,513100.XSHG,1.561,3300.0,23400,151.28,-3.0,2024-12-03,2024-12,"纳指ETF
513100.XSHG"
2024-12-09 13:20:00,止盈,纳指ETF,513100.XSHG,1.608,3300.0,20100,154.57,-4.0,2024-12-09,2024-12,"纳指ETF
513100.XSHG"
2024-12-10 09:31:00,止盈,500ETF,510500.XSHG,6.266,500.0,11049,121.69,8.0,2024-12-10,2024-12,"500ETF
510500.XSHG"
2024-12-16 09:32:00,加仓,500ETF,510500.XSHG,6.068,500.0,11549,,9.0,2024-12-16,2024-12,"500ETF
510500.XSHG"
2024-12-17 09:31:00,止盈,纳指ETF,513100.XSHG,1.677,3300.0,16800,227.15,-5.0,2024-12-17,2024-12,"纳指ETF
513100.XSHG"
2024-12-19 09:31:00,加仓,纳指ETF,513100.XSHG,1.618,3300.0,20100,,-4.0,2024-12-19,2024-12,"纳指ETF
513100.XSHG"
2024-12-24 09:31:00,止盈,纳指ETF,513100.XSHG,1.673,3300.0,16800,180.95,-5.0,2024-12-24,2024-12,"纳指ETF
513100.XSHG"
2024-12-31 09:32:00,加仓,纳指ETF,513100.XSHG,1.622,3300.0,20100,,-4.0,2024-12-31,2024-12,"纳指ETF
513100.XSHG"
2024-12-31 11:09:00,加仓,500ETF,510500.XSHG,5.885,500.0,12049,,10.0,2024-12-31,2024-12,"500ETF
510500.XSHG"
2025-01-07 09:31:00,止盈,纳指ETF,513100.XSHG,1.687,3300.0,16800,213.94,-5.0,2025-01-07,2025-01,"纳指ETF
513100.XSHG"
2025-01-08 09:31:00,加仓,纳指ETF,513100.XSHG,1.634,3300.0,20100,,-4.0,2025-01-08,2025-01,"纳指ETF
513100.XSHG"
2025-01-10 09:31:00,止盈,黄金ETF,518880.XSHG,6.083,1000.0,2600,191.39,-8.0,2025-01-10,2025-01,"黄金ETF
518880.XSHG"
2025-02-05 09:31:00,破顶,黄金ETF,518880.XSHG,6.4,,7800,,,2025-02-05,2025-02,"黄金ETF
518880.XSHG"
2025-02-11 09:31:00,止盈,黄金ETF,518880.XSHG,6.622,700.0,7100,154.94,-1.0,2025-02-11,2025-02,"黄金ETF
518880.XSHG"
2025-02-13 14:10:00,止盈,中概互联,513050.XSHG,1.423,2300.0,44600,96.27,9.0,2025-02-13,2025-02,"中概互联
513050.XSHG"
2025-02-14 09:31:00,加仓,中概互联,513050.XSHG,1.376,2300.0,46900,,10.0,2025-02-14,2025-02,"中概互联
513050.XSHG"
2025-02-14 13:34:00,止盈,中概互联,513050.XSHG,1.418,2300.0,44600,96.27,9.0,2025-02-14,2025-02,"中概互联
513050.XSHG"
2025-02-17 09:31:00,止盈,中概互联,513050.XSHG,1.465,2300.0,42300,107.76,8.0,2025-02-17,2025-02,"中概互联
513050.XSHG"
2025-02-17 13:35:00,加仓,中概互联,513050.XSHG,1.417,2300.0,44600,,9.0,2025-02-17,2025-02,"中概互联
513050.XSHG"
2025-02-18 09:36:00,止盈,中概互联,513050.XSHG,1.46,2300.0,42300,98.56,8.0,2025-02-18,2025-02,"中概互联
513050.XSHG"
2025-02-20 10:18:00,加仓,中概互联,513050.XSHG,1.416,2300.0,44600,,9.0,2025-02-20,2025-02,"中概互联
513050.XSHG"
2025-02-21 09:31:00,止盈,中概互联,513050.XSHG,1.478,2300.0,42300,142.26,8.0,2025-02-21,2025-02,"中概互联
513050.XSHG"
2025-02-21 14:22:00,止盈,500ETF,510500.XSHG,6.063,500.0,11549,88.7,9.0,2025-02-21,2025-02,"500ETF
510500.XSHG"
2025-02-24 09:31:00,加仓,纳指ETF,513100.XSHG,1.581,3300.0,23400,,-3.0,2025-02-24,2025-02,"纳指ETF
513100.XSHG"
2025-02-24 09:44:00,止盈,中概互联,513050.XSHG,1.525,2300.0,40000,107.75,7.0,2025-02-24,2025-02,"中概互联
513050.XSHG"
2025-02-25 09:31:00,加仓,中概互联,513050.XSHG,1.435,2300.0,42300,,8.0,2025-02-25,2025-02,"中概互联
513050.XSHG"
2025-02-26 09:48:00,止盈,中概互联,513050.XSHG,1.482,2300.0,40000,107.76,7.0,2025-02-26,2025-02,"中概互联
513050.XSHG"
2025-02-27 09:33:00,止盈,中概互联,513050.XSHG,1.528,2300.0,37700,105.45,6.0,2025-02-27,2025-02,"中概互联
513050.XSHG"
2025-02-27 13:02:00,加仓,中概互联,513050.XSHG,1.48,2300.0,40000,,7.0,2025-02-27,2025-02,"中概互联
513050.XSHG"
2025-02-28 09:31:00,加仓,纳指ETF,513100.XSHG,1.528,3300.0,26700,,-2.0,2025-02-28,2025-02,"纳指ETF
513100.XSHG"
2025-02-28 14:11:00,加仓,500ETF,510500.XSHG,5.881,500.0,12049,,10.0,2025-02-28,2025-02,"500ETF
510500.XSHG"
2025-02-28 14:13:00,加仓,中概互联,513050.XSHG,1.435,2300.0,42300,,8.0,2025-02-28,2025-02,"中概互联
513050.XSHG"
2025-03-05 09:38:00,止盈,中概互联,513050.XSHG,1.479,2300.0,40000,100.86,7.0,2025-03-05,2025-03,"中概互联
513050.XSHG"
2025-03-06 09:31:00,止盈,中概互联,513050.XSHG,1.542,2300.0,37700,144.55,6.0,2025-03-06,2025-03,"中概互联
513050.XSHG"
2025-03-06 14:31:00,止盈,500ETF,510500.XSHG,6.058,500.0,11549,88.2,9.0,2025-03-06,2025-03,"500ETF
510500.XSHG"
2025-03-07 11:25:00,止盈,中概互联,513050.XSHG,1.589,2300.0,35400,107.73,5.0,2025-03-07,2025-03,"中概互联
513050.XSHG"
2025-03-10 10:13:00,加仓,中概互联,513050.XSHG,1.54,2300.0,37700,,6.0,2025-03-10,2025-03,"中概互联
513050.XSHG"
2025-03-11 09:31:00,加仓,纳指ETF,513100.XSHG,1.429,3300.0,30000,,-1.0,2025-03-11,2025-03,"纳指ETF
513100.XSHG"
2025-03-11 09:31:00,加仓,中概互联,513050.XSHG,1.48,2300.0,40000,,7.0,2025-03-11,2025-03,"中概互联
513050.XSHG"
2025-03-12 09:31:00,止盈,中概互联,513050.XSHG,1.535,2300.0,37700,126.15,6.0,2025-03-12,2025-03,"中概互联
513050.XSHG"
2025-03-13 09:45:00,加仓,中概互联,513050.XSHG,1.488,2300.0,40000,,7.0,2025-03-13,2025-03,"中概互联
513050.XSHG"
2025-03-14 13:01:00,止盈,中概互联,513050.XSHG,1.537,2300.0,37700,112.35,6.0,2025-03-14,2025-03,"中概互联
513050.XSHG"
2025-03-18 09:31:00,止盈,中概互联,513050.XSHG,1.592,2300.0,35400,126.13,5.0,2025-03-18,2025-03,"中概互联
513050.XSHG"
2025-03-20 09:31:00,止盈,黄金ETF,518880.XSHG,6.821,700.0,6400,138.82,-2.0,2025-03-20,2025-03,"黄金ETF
518880.XSHG"
2025-03-20 09:53:00,加仓,中概互联,513050.XSHG,1.543,2300.0,37700,,6.0,2025-03-20,2025-03,"中概互联
513050.XSHG"
2025-03-20 10:43:00,止盈,纳指ETF,513100.XSHG,1.472,3300.0,26700,141.41,-2.0,2025-03-20,2025-03,"纳指ETF
513100.XSHG"
2025-03-21 13:45:00,加仓,中概互联,513050.XSHG,1.496,2300.0,40000,,7.0,2025-03-21,2025-03,"中概互联
513050.XSHG"
2025-03-25 09:31:00,止盈,纳指ETF,513100.XSHG,1.523,3300.0,23400,167.8,-3.0,2025-03-25,2025-03,"纳指ETF
513100.XSHG"
2025-03-28 09:31:00,加仓,纳指ETF,513100.XSHG,1.477,3300.0,26700,,-2.0,2025-03-28,2025-03,"纳指ETF
513100.XSHG"
2025-03-31 09:31:00,加仓,纳指ETF,513100.XSHG,1.428,3300.0,30000,,-1.0,2025-03-31,2025-03,"纳指ETF
513100.XSHG"
2025-03-31 09:34:00,加仓,500ETF,510500.XSHG,5.873,500.0,12049,,10.0,2025-03-31,2025-03,"500ETF
510500.XSHG"
2025-03-31 10:51:00,加仓,中概互联,513050.XSHG,1.451,2300.0,42300,,8.0,2025-03-31,2025-03,"中概互联
513050.XSHG"
2025-03-31 11:11:00,止盈,黄金ETF,518880.XSHG,7.035,700.0,5700,149.31,-3.0,2025-03-31,2025-03,"黄金ETF
518880.XSHG"
2025-04-07 09:31:00,加仓,纳指ETF,513100.XSHG,1.272,3300.0,33300,,0.0,2025-04-07,2025-04,"纳指ETF
513100.XSHG"
2025-04-07 09:31:00,加仓,中概互联,513050.XSHG,1.298,2300.0,44600,,9.0,2025-04-07,2025-04,"中概互联
513050.XSHG"
2025-04-08 09:32:00,止盈,纳指ETF,513100.XSHG,1.312,3300.0,30000,131.57,-1.0,2025-04-08,2025-04,"纳指ETF
513100.XSHG"
2025-04-08 09:47:00,加仓,中概互联,513050.XSHG,1.256,2300.0,46900,,10.0,2025-04-08,2025-04,"中概互联
513050.XSHG"
2025-04-09 09:31:00,加仓,纳指ETF,513100.XSHG,1.27,3300.0,33300,,0.0,2025-04-09,2025-04,"纳指ETF
513100.XSHG"
2025-04-09 10:45:00,止盈,纳指ETF,513100.XSHG,1.309,3300.0,30000,128.27,-1.0,2025-04-09,2025-04,"纳指ETF
513100.XSHG"
2025-04-09 13:11:00,加仓,纳指ETF,513100.XSHG,1.269,3300.0,33300,,0.0,2025-04-09,2025-04,"纳指ETF
513100.XSHG"
2025-04-10 09:31:00,止盈,纳指ETF,513100.XSHG,1.43,3300.0,30000,530.83,-1.0,2025-04-10,2025-04,"纳指ETF
513100.XSHG"
2025-04-10 09:31:00,止盈,中概互联,513050.XSHG,1.296,2300.0,44600,91.7,9.0,2025-04-10,2025-04,"中概互联
513050.XSHG"
2025-04-11 09:31:00,加仓,纳指ETF,513100.XSHG,1.372,3300.0,33300,,0.0,2025-04-11,2025-04,"纳指ETF
513100.XSHG"
2025-04-11 09:31:00,止盈,黄金ETF,518880.XSHG,7.324,700.0,5000,201.79,-4.0,2025-04-11,2025-04,"黄金ETF
518880.XSHG"
2025-04-11 09:31:00,加仓,中概互联,513050.XSHG,1.255,2300.0,46900,,10.0,2025-04-11,2025-04,"中概互联
513050.XSHG"
2025-04-11 14:02:00,止盈,纳指ETF,513100.XSHG,1.415,3300.0,30000,141.43,-1.0,2025-04-11,2025-04,"纳指ETF
513100.XSHG"
2025-04-14 09:31:00,止盈,中概互联,513050.XSHG,1.295,2300.0,44600,91.7,9.0,2025-04-14,2025-04,"中概互联
513050.XSHG"
2025-04-16 13:01:00,加仓,中概互联,513050.XSHG,1.255,2300.0,46900,,10.0,2025-04-16,2025-04,"中概互联
513050.XSHG"
2025-04-17 09:31:00,止盈,黄金ETF,518880.XSHG,7.65,700.0,4300,227.66,-5.0,2025-04-17,2025-04,"黄金ETF
518880.XSHG"
2025-04-21 09:32:00,加仓,纳指ETF,513100.XSHG,1.372,3300.0,33300,,0.0,2025-04-21,2025-04,"纳指ETF
513100.XSHG"
2025-04-22 09:34:00,止盈,黄金ETF,518880.XSHG,7.886,700.0,3600,164.65,-6.0,2025-04-22,2025-04,"黄金ETF
518880.XSHG"
2025-04-22 13:34:00,止盈,中概互联,513050.XSHG,1.293,2300.0,44600,87.1,9.0,2025-04-22,2025-04,"中概互联
513050.XSHG"
2025-04-23 09:31:00,止盈,中概互联,513050.XSHG,1.336,2300.0,42300,98.59,8.0,2025-04-23,2025-04,"中概互联
513050.XSHG"
2025-04-23 10:57:00,加仓,黄金ETF,518880.XSHG,7.637,700.0,4300,,-5.0,2025-04-23,2025-04,"黄金ETF
518880.XSHG"
2025-04-23 14:53:00,止盈,纳指ETF,513100.XSHG,1.414,3300.0,30000,138.13,-1.0,2025-04-23,2025-04,"纳指ETF
513100.XSHG"
2025-05-06 09:31:00,止盈,纳指ETF,513100.XSHG,1.468,3300.0,26700,177.72,-2.0,2025-05-06,2025-05,"纳指ETF
513100.XSHG"
2025-05-06 09:31:00,止盈,中概互联,513050.XSHG,1.382,2300.0,40000,105.48,7.0,2025-05-06,2025-05,"中概互联
513050.XSHG"
2025-05-07 09:31:00,止盈,中概互联,513050.XSHG,1.44,2300.0,37700,133.07,6.0,2025-05-07,2025-05,"中概互联
513050.XSHG"
2025-05-07 11:20:00,加仓,中概互联,513050.XSHG,1.396,2300.0,40000,,7.0,2025-05-07,2025-05,"中概互联
513050.XSHG"
2025-05-12 09:31:00,止盈,纳指ETF,513100.XSHG,1.514,3300.0,23400,151.3,-3.0,2025-05-12,2025-05,"纳指ETF
513100.XSHG"
2025-05-12 09:31:00,加仓,黄金ETF,518880.XSHG,7.347,700.0,5000,,-4.0,2025-05-12,2025-05,"黄金ETF
518880.XSHG"
2025-05-13 09:31:00,止盈,中概互联,513050.XSHG,1.438,2300.0,37700,96.27,6.0,2025-05-13,2025-05,"中概互联
513050.XSHG"
2025-05-14 09:47:00,止盈,纳指ETF,513100.XSHG,1.561,3300.0,20100,154.58,-4.0,2025-05-14,2025-05,"纳指ETF
513100.XSHG"
2025-05-15 10:26:00,加仓,黄金ETF,518880.XSHG,7.123,700.0,5700,,-3.0,2025-05-15,2025-05,"黄金ETF
518880.XSHG"
2025-05-19 09:38:00,加仓,中概互联,513050.XSHG,1.393,2300.0,40000,,7.0,2025-05-19,2025-05,"中概互联
513050.XSHG"
2025-05-21 09:31:00,止盈,黄金ETF,518880.XSHG,7.38,700.0,5000,179.38,-4.0,2025-05-21,2025-05,"黄金ETF
518880.XSHG"
2025-05-21 09:34:00,止盈,中概互联,513050.XSHG,1.435,2300.0,37700,96.27,6.0,2025-05-21,2025-05,"中概互联
513050.XSHG"
2025-05-26 09:41:00,加仓,中概互联,513050.XSHG,1.391,2300.0,40000,,7.0,2025-05-26,2025-05,"中概互联
513050.XSHG"
2025-06-13 09:31:00,止盈,黄金ETF,518880.XSHG,7.619,700.0,4300,166.77,-5.0,2025-06-13,2025-06,"黄金ETF
518880.XSHG"
2025-06-19 13:01:00,加仓,中概互联,513050.XSHG,1.348,2300.0,42300,,8.0,2025-06-19,2025-06,"中概互联
513050.XSHG"
2025-06-24 13:54:00,加仓,黄金ETF,518880.XSHG,7.387,700.0,5000,,-4.0,2025-06-24,2025-06,"黄金ETF
518880.XSHG"
2025-06-25 09:31:00,止盈,中概互联,513050.XSHG,1.393,2300.0,40000,103.18,7.0,2025-06-25,2025-06,"中概互联
513050.XSHG"
2025-06-27 09:31:00,止盈,纳指ETF,513100.XSHG,1.612,3300.0,16800,167.77,-5.0,2025-06-27,2025-06,"纳指ETF
513100.XSHG"
2025-07-03 10:19:00,加仓,中概互联,513050.XSHG,1.351,2300.0,42300,,8.0,2025-07-03,2025-07,"中概互联
513050.XSHG"
2025-07-10 14:12:00,止盈,500ETF,510500.XSHG,6.05,500.0,11549,88.2,9.0,2025-07-10,2025-07,"500ETF
510500.XSHG"
2025-07-15 14:33:00,止盈,中概互联,513050.XSHG,1.392,2300.0,40000,93.98,7.0,2025-07-15,2025-07,"中概互联
513050.XSHG"
2025-07-18 09:40:00,止盈,纳指ETF,513100.XSHG,1.661,3300.0,13500,161.15,-6.0,2025-07-18,2025-07,"纳指ETF
513100.XSHG"
2025-07-21 09:31:00,止盈,中概互联,513050.XSHG,1.434,2300.0,37700,96.27,6.0,2025-07-21,2025-07,"中概互联
513050.XSHG"
2025-07-22 09:33:00,止盈,500ETF,510500.XSHG,6.232,500.0,11049,90.69,8.0,2025-07-22,2025-07,"500ETF
510500.XSHG"
2025-07-23 13:02:00,止盈,中概互联,513050.XSHG,1.479,2300.0,35400,103.16,5.0,2025-07-23,2025-07,"中概互联
513050.XSHG"
2025-07-29 14:53:00,止盈,500ETF,510500.XSHG,6.42,500.0,10549,93.68,7.0,2025-07-29,2025-07,"500ETF
510500.XSHG"
2025-07-31 09:31:00,加仓,中概互联,513050.XSHG,1.433,2300.0,37700,,6.0,2025-07-31,2025-07,"中概互联
513050.XSHG"
2025-08-13 09:31:00,止盈,纳指ETF,513100.XSHG,1.721,3300.0,10200,197.43,-7.0,2025-08-13,2025-08,"纳指ETF
513100.XSHG"
2025-08-13 11:12:00,止盈,中概互联,513050.XSHG,1.476,2300.0,35400,98.56,5.0,2025-08-13,2025-08,"中概互联
513050.XSHG"
2025-08-15 11:25:00,止盈,500ETF,510500.XSHG,6.617,500.0,10049,98.17,6.0,2025-08-15,2025-08,"500ETF
510500.XSHG"
2025-08-20 14:54:00,止盈,500ETF,510500.XSHG,6.818,500.0,9549,100.16,5.0,2025-08-20,2025-08,"500ETF
510500.XSHG"
2025-08-25 09:31:00,止盈,中概互联,513050.XSHG,1.521,2300.0,33100,103.15,4.0,2025-08-25,2025-08,"中概互联
513050.XSHG"
2025-08-25 10:05:00,止盈,500ETF,510500.XSHG,7.024,500.0,9049,102.65,4.0,2025-08-25,2025-08,"500ETF
510500.XSHG"
2025-08-28 13:23:00,加仓,中概互联,513050.XSHG,1.475,2300.0,35400,,5.0,2025-08-28,2025-08,"中概互联
513050.XSHG"
2025-09-01 09:31:00,止盈,中概互联,513050.XSHG,1.538,2300.0,33100,144.55,4.0,2025-09-01,2025-09,"中概互联
513050.XSHG"
2025-09-01 10:09:00,止盈,黄金ETF,518880.XSHG,7.609,700.0,4300,154.87,-5.0,2025-09-01,2025-09,"黄金ETF
518880.XSHG"
2025-09-01 14:25:00,加仓,纳指ETF,513100.XSHG,1.669,3300.0,13500,,-6.0,2025-09-01,2025-09,"纳指ETF
513100.XSHG"
2025-09-04 10:52:00,加仓,500ETF,510500.XSHG,6.808,500.0,9549,,5.0,2025-09-04,2025-09,"500ETF
510500.XSHG"
2025-09-05 14:33:00,止盈,500ETF,510500.XSHG,7.015,500.0,9049,103.15,4.0,2025-09-05,2025-09,"500ETF
510500.XSHG"
2025-09-08 10:58:00,止盈,黄金ETF,518880.XSHG,7.839,700.0,3600,160.45,-6.0,2025-09-08,2025-09,"黄金ETF
518880.XSHG"
2025-09-09 09:44:00,止盈,中概互联,513050.XSHG,1.586,2300.0,30800,110.04,3.0,2025-09-09,2025-09,"中概互联
513050.XSHG"
2025-09-10 10:07:00,止盈,中概互联,513050.XSHG,1.634,2300.0,28500,110.02,2.0,2025-09-10,2025-09,"中概互联
513050.XSHG"
2025-09-12 09:39:00,止盈,500ETF,510500.XSHG,7.229,500.0,8549,106.64,3.0,2025-09-12,2025-09,"500ETF
510500.XSHG"
2025-09-15 09:54:00,止盈,纳指ETF,513100.XSHG,1.72,3300.0,10200,167.73,-7.0,2025-09-15,2025-09,"纳指ETF
513100.XSHG"
2025-09-17 09:36:00,止盈,中概互联,513050.XSHG,1.685,2300.0,26200,116.91,1.0,2025-09-17,2025-09,"中概互联
513050.XSHG"
2025-09-18 09:34:00,止盈,中概互联,513050.XSHG,1.737,2300.0,23900,119.2,0.0,2025-09-18,2025-09,"中概互联
513050.XSHG"
2025-09-18 11:27:00,止盈,500ETF,510500.XSHG,7.446,500.0,8049,108.13,2.0,2025-09-18,2025-09,"500ETF
510500.XSHG"
2025-09-18 14:13:00,加仓,中概互联,513050.XSHG,1.682,2300.0,26200,,1.0,2025-09-18,2025-09,"中概互联
513050.XSHG"
2025-09-18 14:41:00,加仓,500ETF,510500.XSHG,7.216,500.0,8549,,3.0,2025-09-18,2025-09,"500ETF
510500.XSHG"
2025-09-22 14:43:00,止盈,纳指ETF,513100.XSHG,1.772,3300.0,6900,171.02,-8.0,2025-09-22,2025-09,"纳指ETF
513100.XSHG"
2025-09-23 09:31:00,止盈,黄金ETF,518880.XSHG,8.119,700.0,2900,195.43,-7.0,2025-09-23,2025-09,"黄金ETF
518880.XSHG"
2025-09-24 14:55:00,止盈,500ETF,510500.XSHG,7.434,500.0,8049,108.63,2.0,2025-09-24,2025-09,"500ETF
510500.XSHG"
2025-09-25 09:45:00,止盈,中概互联,513050.XSHG,1.733,2300.0,23900,116.9,0.0,2025-09-25,2025-09,"中概互联
513050.XSHG"
2025-09-30 13:01:00,止盈,黄金ETF,518880.XSHG,8.375,700.0,2200,178.61,-8.0,2025-09-30,2025-09,"黄金ETF
518880.XSHG"
2025-10-09 09:31:00,破顶,纳指ETF,513100.XSHG,1.843,,27100,,,2025-10-09,2025-10,"纳指ETF
513100.XSHG"
2025-10-09 09:31:00,破顶,黄金ETF,518880.XSHG,8.731,,5700,,,2025-10-09,2025-10,"黄金ETF
518880.XSHG"
2025-10-09 10:44:00,止盈,500ETF,510500.XSHG,7.66,500.0,7549,112.62,1.0,2025-10-09,2025-10,"500ETF
510500.XSHG"
2025-10-13 09:31:00,加仓,500ETF,510500.XSHG,7.305,500.0,8049,,2.0,2025-10-13,2025-10,"500ETF
510500.XSHG"
2025-10-13 09:31:00,加仓,中概互联,513050.XSHG,1.623,2300.0,26200,,1.0,2025-10-13,2025-10,"中概互联
513050.XSHG"
2025-10-14 09:31:00,止盈,黄金ETF,518880.XSHG,9.085,500.0,5200,176.55,-1.0,2025-10-14,2025-10,"黄金ETF
518880.XSHG"
2025-10-14 09:34:00,止盈,500ETF,510500.XSHG,7.525,500.0,7549,109.62,1.0,2025-10-14,2025-10,"500ETF
510500.XSHG"
2025-10-14 14:21:00,加仓,500ETF,510500.XSHG,7.298,500.0,8049,,2.0,2025-10-14,2025-10,"500ETF
510500.XSHG"
2025-10-17 09:31:00,止盈,黄金ETF,518880.XSHG,9.485,500.0,4700,199.53,-2.0,2025-10-17,2025-10,"黄金ETF
518880.XSHG"
2025-10-17 14:50:00,加仓,中概互联,513050.XSHG,1.574,2300.0,28500,,2.0,2025-10-17,2025-10,"中概互联
513050.XSHG"
2025-10-20 09:39:00,止盈,中概互联,513050.XSHG,1.622,2300.0,26200,110.03,1.0,2025-10-20,2025-10,"中概互联
513050.XSHG"
2025-10-22 09:31:00,加仓,黄金ETF,518880.XSHG,8.984,500.0,5200,,-1.0,2025-10-22,2025-10,"黄金ETF
518880.XSHG"
2025-10-24 09:31:00,止盈,纳指ETF,513100.XSHG,1.908,2700.0,24400,174.98,-1.0,2025-10-24,2025-10,"纳指ETF
513100.XSHG"
2025-10-27 09:31:00,止盈,中概互联,513050.XSHG,1.686,2300.0,23900,146.81,0.0,2025-10-27,2025-10,"中概互联
513050.XSHG"
2025-10-28 09:31:00,止盈,纳指ETF,513100.XSHG,1.976,2700.0,21700,183.07,-2.0,2025-10-28,2025-10,"纳指ETF
513100.XSHG"
2025-10-28 10:53:00,加仓,黄金ETF,518880.XSHG,8.713,500.0,5700,,0.0,2025-10-28,2025-10,"黄金ETF
518880.XSHG"
2025-10-29 09:53:00,止盈,500ETF,510500.XSHG,7.518,500.0,7549,109.62,1.0,2025-10-29,2025-10,"500ETF
510500.XSHG"
2025-11-03 09:39:00,加仓,中概互联,513050.XSHG,1.635,2300.0,26200,,1.0,2025-11-03,2025-11,"中概互联
513050.XSHG"
2025-11-04 14:12:00,加仓,500ETF,510500.XSHG,7.29,500.0,8049,,2.0,2025-11-04,2025-11,"500ETF
510500.XSHG"
2025-11-05 09:31:00,加仓,纳指ETF,513100.XSHG,1.888,2700.0,24400,,-1.0,2025-11-05,2025-11,"纳指ETF
513100.XSHG"
2025-11-05 09:32:00,加仓,中概互联,513050.XSHG,1.582,2300.0,28500,,2.0,2025-11-05,2025-11,"中概互联
513050.XSHG"
2025-11-06 10:34:00,止盈,中概互联,513050.XSHG,1.63,2300.0,26200,110.03,1.0,2025-11-06,2025-11,"中概互联
513050.XSHG"
2025-11-06 13:01:00,止盈,纳指ETF,513100.XSHG,1.945,2700.0,21700,153.37,-2.0,2025-11-06,2025-11,"纳指ETF
513100.XSHG"
2025-11-11 09:31:00,止盈,黄金ETF,518880.XSHG,9.118,500.0,5200,202.04,-1.0,2025-11-11,2025-11,"黄金ETF
518880.XSHG"
2025-11-17 13:37:00,加仓,黄金ETF,518880.XSHG,8.844,500.0,5700,,0.0,2025-11-17,2025-11,"黄金ETF
518880.XSHG"
2025-11-17 13:39:00,加仓,中概互联,513050.XSHG,1.581,2300.0,28500,,2.0,2025-11-17,2025-11,"中概互联
513050.XSHG"
2025-11-18 09:31:00,加仓,纳指ETF,513100.XSHG,1.883,2700.0,24400,,-1.0,2025-11-18,2025-11,"纳指ETF
513100.XSHG"
2025-11-21 09:31:00,加仓,中概互联,513050.XSHG,1.508,2300.0,30800,,3.0,2025-11-21,2025-11,"中概互联
513050.XSHG"
2025-11-21 09:36:00,加仓,500ETF,510500.XSHG,7.071,500.0,8549,,3.0,2025-11-21,2025-11,"500ETF
510500.XSHG"
2025-11-25 09:31:00,止盈,中概互联,513050.XSHG,1.564,2300.0,28500,128.44,2.0,2025-11-25,2025-11,"中概互联
513050.XSHG"
2025-11-27 09:31:00,止盈,纳指ETF,513100.XSHG,1.94,2700.0,21700,153.38,-2.0,2025-11-27,2025-11,"纳指ETF
513100.XSHG"
2025-12-01 09:31:00,止盈,黄金ETF,518880.XSHG,9.156,500.0,5200,155.54,-1.0,2025-12-01,2025-12,"黄金ETF
518880.XSHG"
2025-12-08 13:12:00,止盈,500ETF,510500.XSHG,7.285,500.0,8049,106.64,2.0,2025-12-08,2025-12,"500ETF
510500.XSHG"
2025-12-09 13:26:00,加仓,中概互联,513050.XSHG,1.517,2300.0,30800,,3.0,2025-12-09,2025-12,"中概互联
513050.XSHG"
2025-12-16 09:50:00,加仓,纳指ETF,513100.XSHG,1.881,2700.0,24400,,-1.0,2025-12-16,2025-12,"纳指ETF
513100.XSHG"
2025-12-16 11:12:00,加仓,中概互联,513050.XSHG,1.471,2300.0,33100,,4.0,2025-12-16,2025-12,"中概互联
513050.XSHG"
2025-12-22 09:31:00,止盈,纳指ETF,513100.XSHG,1.941,2700.0,21700,161.48,-2.0,2025-12-22,2025-12,"纳指ETF
513100.XSHG"
2025-12-22 11:05:00,止盈,黄金ETF,518880.XSHG,9.431,500.0,4700,137.03,-2.0,2025-12-22,2025-12,"黄金ETF
518880.XSHG"
2025-12-24 09:31:00,止盈,黄金ETF,518880.XSHG,9.717,500.0,4200,142.51,-3.0,2025-12-24,2025-12,"黄金ETF
518880.XSHG"
2025-12-25 13:12:00,止盈,500ETF,510500.XSHG,7.504,500.0,7549,109.12,1.0,2025-12-25,2025-12,"500ETF
510500.XSHG"
2025-12-30 09:31:00,加仓,黄金ETF,518880.XSHG,9.275,500.0,4700,,-2.0,2025-12-30,2025-12,"黄金ETF
518880.XSHG"
2026-01-05 09:35:00,止盈,中概互联,513050.XSHG,1.516,2300.0,30800,103.15,3.0,2026-01-05,2026-01,"中概互联
513050.XSHG"
2026-01-05 10:29:00,止盈,500ETF,510500.XSHG,7.73,500.0,7049,112.61,0.0,2026-01-05,2026-01,"500ETF
510500.XSHG"
2026-01-06 09:55:00,止盈,黄金ETF,518880.XSHG,9.554,500.0,4200,139.02,-3.0,2026-01-06,2026-01,"黄金ETF
518880.XSHG"
2026-01-07 09:30:00,止盈,500ETF,510500.XSHG,7.964,500.0,6549,116.6,-1.0,2026-01-07,2026-01,"500ETF
510500.XSHG"
2026-01-09 10:37:00,止盈,500ETF,510500.XSHG,8.203,500.0,6049,119.09,-2.0,2026-01-09,2026-01,"500ETF
510500.XSHG"
2026-01-13 09:31:00,止盈,中概互联,513050.XSHG,1.581,2300.0,28500,149.14,2.0,2026-01-13,2026-01,"中概互联
513050.XSHG"
2026-01-14 09:31:00,止盈,黄金ETF,518880.XSHG,9.873,500.0,3700,159.01,-4.0,2026-01-14,2026-01,"黄金ETF
518880.XSHG"
2026-01-14 10:01:00,止盈,500ETF,510500.XSHG,8.45,500.0,5549,123.08,-3.0,2026-01-14,2026-01,"500ETF
510500.XSHG"
2026-01-16 10:11:00,加仓,中概互联,513050.XSHG,1.533,2300.0,30800,,3.0,2026-01-16,2026-01,"中概互联
513050.XSHG"
2026-01-20 09:39:00,加仓,纳指ETF,513100.XSHG,1.882,2700.0,24400,,-1.0,2026-01-20,2026-01,"纳指ETF
513100.XSHG"
2026-01-21 09:31:00,止盈,黄金ETF,518880.XSHG,10.368,500.0,3200,246.98,-5.0,2026-01-21,2026-01,"黄金ETF
518880.XSHG"
2026-01-23 14:57:00,止盈,500ETF,510500.XSHG,8.705,500.0,5049,127.06,-4.0,2026-01-23,2026-01,"500ETF
510500.XSHG"
2026-01-26 09:31:00,止盈,黄金ETF,518880.XSHG,10.893,500.0,2700,261.96,-6.0,2026-01-26,2026-01,"黄金ETF
518880.XSHG"
2026-01-27 10:01:00,加仓,500ETF,510500.XSHG,8.443,500.0,5549,,-3.0,2026-01-27,2026-01,"500ETF
510500.XSHG"
2026-01-28 11:05:00,止盈,黄金ETF,518880.XSHG,11.224,500.0,2200,164.94,-7.0,2026-01-28,2026-01,"黄金ETF
518880.XSHG"
2026-01-28 13:12:00,止盈,500ETF,510500.XSHG,8.699,500.0,5049,127.57,-4.0,2026-01-28,2026-01,"500ETF
510500.XSHG"
2026-01-29 09:31:00,止盈,黄金ETF,518880.XSHG,11.91,500.0,1700,342.4,-8.0,2026-01-29,2026-01,"黄金ETF
518880.XSHG"
2026-01-30 09:31:00,加仓,黄金ETF,518880.XSHG,11.464,500.0,2200,,-7.0,2026-01-30,2026-01,"黄金ETF
518880.XSHG"
2026-01-30 09:55:00,加仓,500ETF,510500.XSHG,8.429,500.0,5549,,-3.0,2026-01-30,2026-01,"500ETF
510500.XSHG"
2026-01-30 10:15:00,加仓,黄金ETF,518880.XSHG,11.103,500.0,2700,,-6.0,2026-01-30,2026-01,"黄金ETF
518880.XSHG"
2026-02-02 09:31:00,加仓,黄金ETF,518880.XSHG,9.918,500.0,3200,,-5.0,2026-02-02,2026-02,"黄金ETF
518880.XSHG"
2026-02-02 10:34:00,止盈,黄金ETF,518880.XSHG,10.232,500.0,2700,156.49,-6.0,2026-02-02,2026-02,"黄金ETF
518880.XSHG"
2026-02-02 13:02:00,加仓,中概互联,513050.XSHG,1.487,2300.0,33100,,4.0,2026-02-02,2026-02,"中概互联
513050.XSHG"
2026-02-02 13:36:00,加仓,500ETF,510500.XSHG,8.173,500.0,6049,,-2.0,2026-02-02,2026-02,"500ETF
510500.XSHG"
2026-02-02 13:38:00,加仓,黄金ETF,518880.XSHG,9.921,500.0,3200,,-5.0,2026-02-02,2026-02,"黄金ETF
518880.XSHG"
2026-02-03 09:31:00,止盈,黄金ETF,518880.XSHG,10.362,500.0,2700,219.98,-6.0,2026-02-03,2026-02,"黄金ETF
518880.XSHG"
2026-02-03 10:37:00,加仓,中概互联,513050.XSHG,1.44,2300.0,35400,,5.0,2026-02-03,2026-02,"中概互联
513050.XSHG"
2026-02-04 09:31:00,止盈,黄金ETF,518880.XSHG,10.793,500.0,2200,214.96,-7.0,2026-02-04,2026-02,"黄金ETF
518880.XSHG"
2026-02-05 10:47:00,加仓,黄金ETF,518880.XSHG,10.463,500.0,2700,,-6.0,2026-02-05,2026-02,"黄金ETF
518880.XSHG"
2026-02-06 09:31:00,加仓,纳指ETF,513100.XSHG,1.809,2700.0,27100,,0.0,2026-02-06,2026-02,"纳指ETF
513100.XSHG"
2026-02-06 09:31:00,加仓,黄金ETF,518880.XSHG,10.077,500.0,3200,,-5.0,2026-02-06,2026-02,"黄金ETF
518880.XSHG"
2026-02-06 09:31:00,加仓,中概互联,513050.XSHG,1.395,2300.0,37700,,6.0,2026-02-06,2026-02,"中概互联
513050.XSHG"
2026-02-06 10:39:00,止盈,黄金ETF,518880.XSHG,10.381,500.0,2700,151.48,-6.0,2026-02-06,2026-02,"黄金ETF
518880.XSHG"
2026-02-09 09:31:00,止盈,黄金ETF,518880.XSHG,10.719,500.0,2200,168.46,-7.0,2026-02-09,2026-02,"黄金ETF
518880.XSHG"
2026-02-10 09:40:00,止盈,中概互联,513050.XSHG,1.438,2300.0,35400,98.57,5.0,2026-02-10,2026-02,"中概互联
513050.XSHG"
2026-02-11 09:39:00,止盈,500ETF,510500.XSHG,8.421,500.0,5549,123.58,-3.0,2026-02-11,2026-02,"500ETF
510500.XSHG"
2026-02-12 10:33:00,加仓,中概互联,513050.XSHG,1.394,2300.0,37700,,6.0,2026-02-12,2026-02,"中概互联
513050.XSHG"
2026-02-24 09:34:00,加仓,中概互联,513050.XSHG,1.352,2300.0,40000,,7.0,2026-02-24,2026-02,"中概互联
513050.XSHG"
2026-02-26 10:29:00,加仓,中概互联,513050.XSHG,1.311,2300.0,42300,,8.0,2026-02-26,2026-02,"中概互联
513050.XSHG"
2026-02-27 10:03:00,止盈,500ETF,510500.XSHG,8.677,500.0,5049,127.57,-4.0,2026-02-27,2026-02,"500ETF
510500.XSHG"
2026-03-02 09:31:00,止盈,黄金ETF,518880.XSHG,11.329,500.0,1700,304.43,-8.0,2026-03-02,2026-03,"黄金ETF
518880.XSHG"
2026-03-02 10:08:00,加仓,中概互联,513050.XSHG,1.271,2300.0,44600,,9.0,2026-03-02,2026-03,"中概互联
513050.XSHG"
2026-03-03 13:57:00,加仓,500ETF,510500.XSHG,8.411,500.0,5549,,-3.0,2026-03-03,2026-03,"500ETF
510500.XSHG"
2026-03-04 09:33:00,加仓,黄金ETF,518880.XSHG,10.986,500.0,2200,,-7.0,2026-03-04,2026-03,"黄金ETF
518880.XSHG"
2026-03-04 10:57:00,加仓,中概互联,513050.XSHG,1.232,2300.0,46900,,10.0,2026-03-04,2026-03,"中概互联
513050.XSHG"
2026-03-09 09:31:00,加仓,纳指ETF,513100.XSHG,1.748,2700.0,29800,,1.0,2026-03-09,2026-03,"纳指ETF
513100.XSHG"
2026-03-09 09:54:00,加仓,500ETF,510500.XSHG,8.152,500.0,6049,,-2.0,2026-03-09,2026-03,"500ETF
510500.XSHG"
2026-03-10 09:31:00,止盈,500ETF,510500.XSHG,8.454,500.0,5549,150.58,-3.0,2026-03-10,2026-03,"500ETF
510500.XSHG"
2026-03-10 09:31:00,止盈,中概互联,513050.XSHG,1.272,2300.0,44600,91.71,9.0,2026-03-10,2026-03,"中概互联
513050.XSHG"
2026-03-11 09:31:00,止盈,中概互联,513050.XSHG,1.311,2300.0,42300,89.4,8.0,2026-03-11,2026-03,"中概互联
513050.XSHG"
2026-03-12 11:26:00,加仓,中概互联,513050.XSHG,1.271,2300.0,44600,,9.0,2026-03-12,2026-03,"中概互联
513050.XSHG"
2026-03-16 09:31:00,加仓,黄金ETF,518880.XSHG,10.625,500.0,2700,,-6.0,2026-03-16,2026-03,"黄金ETF
518880.XSHG"
2026-03-16 09:42:00,加仓,500ETF,510500.XSHG,8.189,500.0,6049,,-2.0,2026-03-16,2026-03,"500ETF
510500.XSHG"
2026-03-16 13:09:00,止盈,中概互联,513050.XSHG,1.311,2300.0,42300,91.7,8.0,2026-03-16,2026-03,"中概互联
513050.XSHG"
2026-03-19 09:31:00,加仓,黄金ETF,518880.XSHG,10.292,500.0,3200,,-5.0,2026-03-19,2026-03,"黄金ETF
518880.XSHG"
2026-03-19 10:17:00,加仓,中概互联,513050.XSHG,1.271,2300.0,44600,,9.0,2026-03-19,2026-03,"中概互联
513050.XSHG"
2026-03-19 13:45:00,加仓,500ETF,510500.XSHG,7.942,500.0,6549,,-1.0,2026-03-19,2026-03,"500ETF
510500.XSHG"
2026-03-20 09:31:00,加仓,黄金ETF,518880.XSHG,9.909,500.0,3700,,-4.0,2026-03-20,2026-03,"黄金ETF
518880.XSHG"
2026-03-20 10:28:00,加仓,中概互联,513050.XSHG,1.232,2300.0,46900,,10.0,2026-03-20,2026-03,"中概互联
513050.XSHG"
2026-03-23 09:31:00,加仓,黄金ETF,518880.XSHG,9.48,500.0,4200,,-3.0,2026-03-23,2026-03,"黄金ETF
518880.XSHG"
2026-03-23 09:32:00,加仓,500ETF,510500.XSHG,7.694,500.0,7049,,0.0,2026-03-23,2026-03,"500ETF
510500.XSHG"
2026-03-23 11:12:00,加仓,纳指ETF,513100.XSHG,1.694,2700.0,32500,,2.0,2026-03-23,2026-03,"纳指ETF
513100.XSHG"
2026-03-23 13:33:00,加仓,黄金ETF,518880.XSHG,9.192,500.0,4700,,-2.0,2026-03-23,2026-03,"黄金ETF
518880.XSHG"
2026-03-23 14:44:00,加仓,黄金ETF,518880.XSHG,8.913,500.0,5200,,-1.0,2026-03-23,2026-03,"黄金ETF
518880.XSHG"
2026-03-23 14:48:00,加仓,500ETF,510500.XSHG,7.462,500.0,7549,,1.0,2026-03-23,2026-03,"500ETF
510500.XSHG"
2026-03-24 09:31:00,止盈,黄金ETF,518880.XSHG,9.213,500.0,4700,149.54,-2.0,2026-03-24,2026-03,"黄金ETF
518880.XSHG"
2026-03-25 09:31:00,止盈,黄金ETF,518880.XSHG,9.701,500.0,4200,243.51,-3.0,2026-03-25,2026-03,"黄金ETF
518880.XSHG"
2026-03-25 09:31:00,止盈,500ETF,510500.XSHG,7.716,500.0,7049,126.61,0.0,2026-03-25,2026-03,"500ETF
510500.XSHG"
2026-03-26 14:03:00,加仓,黄金ETF,518880.XSHG,9.408,500.0,4700,,-2.0,2026-03-26,2026-03,"黄金ETF
518880.XSHG"
2026-03-31 09:31:00,止盈,黄金ETF,518880.XSHG,9.758,500.0,4200,174.51,-3.0,2026-03-31,2026-03,"黄金ETF
518880.XSHG"
2026-04-01 14:31:00,止盈,纳指ETF,513100.XSHG,1.745,2700.0,29800,137.23,1.0,2026-04-01,2026-04,"纳指ETF
513100.XSHG"
2026-04-08 09:31:00,止盈,黄金ETF,518880.XSHG,10.099,500.0,3700,170.0,-4.0,2026-04-08,2026-04,"黄金ETF
518880.XSHG"
2026-04-08 09:34:00,止盈,纳指ETF,513100.XSHG,1.8,2700.0,27100,148.01,0.0,2026-04-08,2026-04,"纳指ETF
513100.XSHG"
2026-04-08 11:15:00,止盈,500ETF,510500.XSHG,7.949,500.0,6549,116.1,-1.0,2026-04-08,2026-04,"500ETF
510500.XSHG"
2026-04-15 09:31:00,止盈,纳指ETF,513100.XSHG,1.857,2700.0,24400,153.4,-1.0,2026-04-15,2026-04,"纳指ETF
513100.XSHG"
2026-04-15 09:31:00,止盈,500ETF,510500.XSHG,8.221,500.0,6049,135.59,-2.0,2026-04-15,2026-04,"500ETF
510500.XSHG"
2026-04-20 10:27:00,止盈,中概互联,513050.XSHG,1.269,2300.0,44600,84.81,9.0,2026-04-20,2026-04,"中概互联
513050.XSHG"
2026-04-22 10:19:00,加仓,中概互联,513050.XSHG,1.23,2300.0,46900,,10.0,2026-04-22,2026-04,"中概互联
513050.XSHG"
2026-04-23 09:33:00,止盈,纳指ETF,513100.XSHG,1.914,2700.0,21700,153.38,-2.0,2026-04-23,2026-04,"纳指ETF
513100.XSHG"
2026-04-28 13:08:00,加仓,黄金ETF,518880.XSHG,9.786,500.0,4200,,-3.0,2026-04-28,2026-04,"黄金ETF
518880.XSHG"
2026-04-30 09:31:00,止盈,纳指ETF,513100.XSHG,1.976,2700.0,19000,166.87,-3.0,2026-04-30,2026-04,"纳指ETF
513100.XSHG"
2026-05-06 09:31:00,止盈,500ETF,510500.XSHG,8.541,500.0,5549,159.57,-3.0,2026-05-06,2026-05,"500ETF
510500.XSHG"
2026-05-07 09:32:00,止盈,纳指ETF,513100.XSHG,2.037,2700.0,16300,164.15,-4.0,2026-05-07,2026-05,"纳指ETF
513100.XSHG"
2026-05-11 09:31:00,止盈,纳指ETF,513100.XSHG,2.104,2700.0,13600,180.33,-5.0,2026-05-11,2026-05,"纳指ETF
513100.XSHG"
2026-05-11 09:31:00,止盈,500ETF,510500.XSHG,8.84,500.0,5049,149.06,-4.0,2026-05-11,2026-05,"500ETF
510500.XSHG"
2026-05-15 14:02:00,加仓,500ETF,510500.XSHG,8.573,500.0,5549,,-3.0,2026-05-15,2026-05,"500ETF
510500.XSHG"
2026-05-18 09:31:00,加仓,黄金ETF,518880.XSHG,9.44,500.0,4700,,-2.0,2026-05-18,2026-05,"黄金ETF
518880.XSHG"
2026-05-19 13:12:00,加仓,纳指ETF,513100.XSHG,2.04,2700.0,16300,,-4.0,2026-05-19,2026-05,"纳指ETF
513100.XSHG"
2026-05-21 09:32:00,止盈,500ETF,510500.XSHG,8.843,500.0,5049,134.56,-4.0,2026-05-21,2026-05,"500ETF
510500.XSHG"
2026-05-21 13:17:00,止盈,纳指ETF,513100.XSHG,2.102,2700.0,13600,166.83,-5.0,2026-05-21,2026-05,"纳指ETF
513100.XSHG"
2026-05-21 14:31:00,加仓,500ETF,510500.XSHG,8.575,500.0,5549,,-3.0,2026-05-21,2026-05,"500ETF
510500.XSHG"
