timestamp,action,name,code,price,shares,position,profit,level,date,year_month,label
2019-01-02 09:30:00,重装建仓,纳指ETF,513100.XSHG,2.243,22200.0,22200,,,2019-01-02,2019-01,"纳指ETF
513100.XSHG"
2019-01-02 09:30:00,重装建仓,黄金ETF,518880.XSHG,2.826,17600.0,17600,,,2019-01-02,2019-01,"黄金ETF
518880.XSHG"
2019-01-02 09:30:00,重装建仓,500ETF,510500.XSHG,4.453,11200.0,11200,,,2019-01-02,2019-01,"500ETF
510500.XSHG"
2019-01-02 09:30:00,重装建仓,300ETF,510300.XSHG,3.059,16300.0,16300,,,2019-01-02,2019-01,"300ETF
510300.XSHG"
2019-01-02 09:30:00,重装建仓,创业板ETF易方达,159915.XSHE,1.194,41800.0,41800,,,2019-01-02,2019-01,"创业板ETF易方达
159915.XSHE"
2019-01-04 09:31:00,加仓,创业板ETF易方达,159915.XSHE,1.155,4100.0,45900,,1.0,2019-01-04,2019-01,"创业板ETF易方达
159915.XSHE"
2019-01-04 13:02:00,止盈,创业板ETF易方达,159915.XSHE,1.191,4100.0,41800,147.11,0.0,2019-01-04,2019-01,"创业板ETF易方达
159915.XSHE"
2019-01-07 10:47:00,止盈,500ETF,510500.XSHG,4.589,1100.0,10100,149.1,-1.0,2019-01-07,2019-01,"500ETF
510500.XSHG"
2019-01-08 09:31:00,止盈,纳指ETF,513100.XSHG,2.314,2200.0,20000,155.69,-1.0,2019-01-08,2019-01,"纳指ETF
513100.XSHG"
2019-01-09 09:52:00,止盈,300ETF,510300.XSHG,3.151,1600.0,14700,146.7,-1.0,2019-01-09,2019-01,"300ETF
510300.XSHG"
2019-01-09 10:27:00,止盈,创业板ETF易方达,159915.XSHE,1.227,4100.0,37700,147.1,-1.0,2019-01-09,2019-01,"创业板ETF易方达
159915.XSHE"
2019-01-15 09:34:00,加仓,创业板ETF易方达,159915.XSHE,1.19,4100.0,41800,,0.0,2019-01-15,2019-01,"创业板ETF易方达
159915.XSHE"
2019-01-21 09:31:00,止盈,纳指ETF,513100.XSHG,2.384,2200.0,17800,153.48,-2.0,2019-01-21,2019-01,"纳指ETF
513100.XSHG"
2019-01-21 10:11:00,止盈,创业板ETF易方达,159915.XSHE,1.226,4100.0,37700,147.1,-1.0,2019-01-21,2019-01,"创业板ETF易方达
159915.XSHE"
2019-01-29 10:08:00,加仓,创业板ETF易方达,159915.XSHE,1.189,4100.0,41800,,0.0,2019-01-29,2019-01,"创业板ETF易方达
159915.XSHE"
2019-01-31 14:13:00,加仓,500ETF,510500.XSHG,4.449,1100.0,11200,,0.0,2019-01-31,2019-01,"500ETF
510500.XSHG"
2019-02-01 13:59:00,止盈,500ETF,510500.XSHG,4.583,1100.0,10100,146.9,-1.0,2019-02-01,2019-02,"500ETF
510500.XSHG"
2019-02-01 14:22:00,止盈,300ETF,510300.XSHG,3.246,1600.0,13100,151.48,-2.0,2019-02-01,2019-02,"300ETF
510300.XSHG"
2019-02-11 09:32:00,止盈,创业板ETF易方达,159915.XSHE,1.225,4100.0,37700,147.1,-1.0,2019-02-11,2019-02,"创业板ETF易方达
159915.XSHE"
2019-02-11 14:30:00,止盈,创业板ETF易方达,159915.XSHE,1.262,4100.0,33600,151.18,-2.0,2019-02-11,2019-02,"创业板ETF易方达
159915.XSHE"
2019-02-12 09:38:00,止盈,500ETF,510500.XSHG,4.724,1100.0,9000,154.58,-2.0,2019-02-12,2019-02,"500ETF
510500.XSHG"
2019-02-12 10:42:00,止盈,纳指ETF,513100.XSHG,2.456,2200.0,15600,157.86,-3.0,2019-02-12,2019-02,"纳指ETF
513100.XSHG"
2019-02-13 10:04:00,止盈,300ETF,510300.XSHG,3.344,1600.0,11500,156.26,-3.0,2019-02-13,2019-02,"300ETF
510300.XSHG"
2019-02-13 13:42:00,止盈,创业板ETF易方达,159915.XSHE,1.3,4100.0,29500,155.27,-3.0,2019-02-13,2019-02,"创业板ETF易方达
159915.XSHE"
2019-02-14 14:19:00,止盈,500ETF,510500.XSHG,4.869,1100.0,7900,158.96,-3.0,2019-02-14,2019-02,"500ETF
510500.XSHG"
2019-02-18 13:07:00,止盈,创业板ETF易方达,159915.XSHE,1.34,4100.0,25400,163.45,-4.0,2019-02-18,2019-02,"创业板ETF易方达
159915.XSHE"
2019-02-19 09:31:00,止盈,500ETF,510500.XSHG,5.03,1100.0,6800,176.55,-4.0,2019-02-19,2019-02,"500ETF
510500.XSHG"
2019-02-19 09:31:00,止盈,300ETF,510300.XSHG,3.445,1600.0,9900,161.05,-4.0,2019-02-19,2019-02,"300ETF
510300.XSHG"
2019-02-21 13:07:00,止盈,创业板ETF易方达,159915.XSHE,1.384,4100.0,21300,179.83,-5.0,2019-02-21,2019-02,"创业板ETF易方达
159915.XSHE"
2019-02-25 09:31:00,止盈,500ETF,510500.XSHG,5.215,1100.0,5700,202.93,-5.0,2019-02-25,2019-02,"500ETF
510500.XSHG"
2019-02-25 09:31:00,止盈,300ETF,510300.XSHG,3.576,1600.0,8300,209.03,-5.0,2019-02-25,2019-02,"300ETF
510300.XSHG"
2019-02-25 09:31:00,止盈,创业板ETF易方达,159915.XSHE,1.433,4100.0,17200,200.31,-6.0,2019-02-25,2019-02,"创业板ETF易方达
159915.XSHE"
2019-02-25 13:10:00,止盈,500ETF,510500.XSHG,5.375,1100.0,4600,175.41,-6.0,2019-02-25,2019-02,"500ETF
510500.XSHG"
2019-02-25 14:15:00,止盈,300ETF,510300.XSHG,3.687,1600.0,6700,177.01,-6.0,2019-02-25,2019-02,"300ETF
510300.XSHG"
2019-02-25 14:33:00,止盈,创业板ETF易方达,159915.XSHE,1.476,4100.0,13100,175.69,-7.0,2019-02-25,2019-02,"创业板ETF易方达
159915.XSHE"
2019-03-04 09:31:00,止盈,创业板ETF易方达,159915.XSHE,1.528,4100.0,9000,212.57,-8.0,2019-03-04,2019-03,"创业板ETF易方达
159915.XSHE"
2019-03-04 10:06:00,止盈,500ETF,510500.XSHG,5.539,1100.0,3500,179.79,-7.0,2019-03-04,2019-03,"500ETF
510500.XSHG"
2019-03-04 10:16:00,止盈,300ETF,510300.XSHG,3.8,1600.0,5100,180.19,-7.0,2019-03-04,2019-03,"300ETF
510300.XSHG"
2019-03-04 13:01:00,破顶,创业板ETF易方达,159915.XSHE,1.575,,31700,,,2019-03-04,2019-03,"创业板ETF易方达
159915.XSHE"
2019-03-06 09:31:00,止盈,创业板ETF易方达,159915.XSHE,1.623,3100.0,28600,148.3,-1.0,2019-03-06,2019-03,"创业板ETF易方达
159915.XSHE"
2019-03-06 09:34:00,止盈,500ETF,510500.XSHG,5.706,1100.0,2400,183.07,-8.0,2019-03-06,2019-03,"500ETF
510500.XSHG"
2019-03-07 14:37:00,破顶,500ETF,510500.XSHG,5.885,,8400,,,2019-03-07,2019-03,"500ETF
510500.XSHG"
2019-03-08 09:31:00,加仓,500ETF,510500.XSHG,5.658,800.0,9200,,1.0,2019-03-08,2019-03,"500ETF
510500.XSHG"
2019-03-08 09:31:00,加仓,创业板ETF易方达,159915.XSHE,1.571,3100.0,31700,,0.0,2019-03-08,2019-03,"创业板ETF易方达
159915.XSHE"
2019-03-08 10:11:00,止盈,创业板ETF易方达,159915.XSHE,1.62,3100.0,28600,151.4,-1.0,2019-03-08,2019-03,"创业板ETF易方达
159915.XSHE"
2019-03-08 10:41:00,止盈,500ETF,510500.XSHG,5.832,800.0,8400,138.73,0.0,2019-03-08,2019-03,"500ETF
510500.XSHG"
2019-03-08 13:00:00,加仓,300ETF,510300.XSHG,3.68,1600.0,6700,,-6.0,2019-03-08,2019-03,"300ETF
510300.XSHG"
2019-03-08 14:41:00,加仓,500ETF,510500.XSHG,5.652,800.0,9200,,1.0,2019-03-08,2019-03,"500ETF
510500.XSHG"
2019-03-11 14:39:00,止盈,500ETF,510500.XSHG,5.826,800.0,8400,138.73,0.0,2019-03-11,2019-03,"500ETF
510500.XSHG"
2019-03-12 09:31:00,止盈,创业板ETF易方达,159915.XSHE,1.672,3100.0,25500,160.68,-2.0,2019-03-12,2019-03,"创业板ETF易方达
159915.XSHE"
2019-03-13 14:24:00,加仓,创业板ETF易方达,159915.XSHE,1.62,3100.0,28600,,-1.0,2019-03-13,2019-03,"创业板ETF易方达
159915.XSHE"
2019-03-14 09:43:00,止盈,纳指ETF,513100.XSHG,2.53,2200.0,13400,162.24,-4.0,2019-03-14,2019-03,"纳指ETF
513100.XSHG"
2019-03-14 10:41:00,加仓,500ETF,510500.XSHG,5.644,800.0,9200,,1.0,2019-03-14,2019-03,"500ETF
510500.XSHG"
2019-03-14 13:01:00,加仓,创业板ETF易方达,159915.XSHE,1.571,3100.0,31700,,0.0,2019-03-14,2019-03,"创业板ETF易方达
159915.XSHE"
2019-03-18 10:52:00,止盈,300ETF,510300.XSHG,3.791,1600.0,5100,176.99,-7.0,2019-03-18,2019-03,"300ETF
510300.XSHG"
2019-03-18 13:55:00,止盈,500ETF,510500.XSHG,5.814,800.0,8400,135.53,0.0,2019-03-18,2019-03,"500ETF
510500.XSHG"
2019-03-18 14:07:00,止盈,创业板ETF易方达,159915.XSHE,1.619,3100.0,28600,148.3,-1.0,2019-03-18,2019-03,"创业板ETF易方达
159915.XSHE"
2019-03-21 10:16:00,止盈,500ETF,510500.XSHG,5.992,800.0,7600,141.92,-1.0,2019-03-21,2019-03,"500ETF
510500.XSHG"
2019-03-22 09:31:00,止盈,纳指ETF,513100.XSHG,2.609,2200.0,11200,173.23,-5.0,2019-03-22,2019-03,"纳指ETF
513100.XSHG"
2019-03-26 13:11:00,加仓,500ETF,510500.XSHG,5.811,800.0,8400,,0.0,2019-03-26,2019-03,"500ETF
510500.XSHG"
2019-03-26 14:00:00,加仓,创业板ETF易方达,159915.XSHE,1.57,3100.0,31700,,0.0,2019-03-26,2019-03,"创业板ETF易方达
159915.XSHE"
2019-03-29 13:59:00,止盈,创业板ETF易方达,159915.XSHE,1.618,3100.0,28600,148.3,-1.0,2019-03-29,2019-03,"创业板ETF易方达
159915.XSHE"
2019-04-01 09:31:00,止盈,500ETF,510500.XSHG,5.99,800.0,7600,142.72,-1.0,2019-04-01,2019-04,"500ETF
510500.XSHG"
2019-04-01 09:32:00,止盈,300ETF,510300.XSHG,3.916,1600.0,3500,199.37,-8.0,2019-04-01,2019-04,"300ETF
510300.XSHG"
2019-04-01 09:43:00,止盈,创业板ETF易方达,159915.XSHE,1.667,3100.0,25500,151.38,-2.0,2019-04-01,2019-04,"创业板ETF易方达
159915.XSHE"
2019-04-01 14:57:00,止盈,500ETF,510500.XSHG,6.17,800.0,6800,143.51,-2.0,2019-04-01,2019-04,"500ETF
510500.XSHG"
2019-04-04 09:33:00,破顶,300ETF,510300.XSHG,4.039,,12300,,,2019-04-04,2019-04,"300ETF
510300.XSHG"
2019-04-12 09:35:00,加仓,创业板ETF易方达,159915.XSHE,1.616,3100.0,28600,,-1.0,2019-04-12,2019-04,"创业板ETF易方达
159915.XSHE"
2019-04-16 09:51:00,加仓,500ETF,510500.XSHG,5.975,800.0,7600,,-1.0,2019-04-16,2019-04,"500ETF
510500.XSHG"
2019-04-16 14:11:00,止盈,500ETF,510500.XSHG,6.156,800.0,6800,144.31,-2.0,2019-04-16,2019-04,"500ETF
510500.XSHG"
2019-04-19 09:37:00,止盈,纳指ETF,513100.XSHG,2.689,2200.0,9000,175.41,-6.0,2019-04-19,2019-04,"纳指ETF
513100.XSHG"
2019-04-24 11:23:00,加仓,500ETF,510500.XSHG,5.969,800.0,7600,,-1.0,2019-04-24,2019-04,"500ETF
510500.XSHG"
2019-04-26 09:42:00,加仓,300ETF,510300.XSHG,3.916,1200.0,13500,,1.0,2019-04-26,2019-04,"300ETF
510300.XSHG"
2019-04-26 10:08:00,止盈,纳指ETF,513100.XSHG,2.773,2200.0,6800,184.19,-7.0,2019-04-26,2019-04,"纳指ETF
513100.XSHG"
2019-04-29 09:35:00,加仓,500ETF,510500.XSHG,5.783,800.0,8400,,0.0,2019-04-29,2019-04,"500ETF
510500.XSHG"
2019-04-29 10:13:00,加仓,创业板ETF易方达,159915.XSHE,1.566,3100.0,31700,,0.0,2019-04-29,2019-04,"创业板ETF易方达
159915.XSHE"
2019-05-06 09:31:00,加仓,500ETF,510500.XSHG,5.462,800.0,9200,,1.0,2019-05-06,2019-05,"500ETF
510500.XSHG"
2019-05-06 09:31:00,加仓,300ETF,510300.XSHG,3.776,1200.0,14700,,2.0,2019-05-06,2019-05,"300ETF
510300.XSHG"
2019-05-06 09:31:00,加仓,创业板ETF易方达,159915.XSHE,1.492,3100.0,34800,,1.0,2019-05-06,2019-05,"创业板ETF易方达
159915.XSHE"
2019-05-06 10:58:00,加仓,300ETF,510300.XSHG,3.66,1200.0,15900,,3.0,2019-05-06,2019-05,"300ETF
510300.XSHG"
2019-05-06 13:10:00,加仓,创业板ETF易方达,159915.XSHE,1.447,3100.0,37900,,2.0,2019-05-06,2019-05,"创业板ETF易方达
159915.XSHE"
2019-05-06 13:20:00,加仓,500ETF,510500.XSHG,5.294,800.0,10000,,2.0,2019-05-06,2019-05,"500ETF
510500.XSHG"
2019-05-09 10:42:00,加仓,纳指ETF,513100.XSHG,2.689,2200.0,9000,,-6.0,2019-05-09,2019-05,"纳指ETF
513100.XSHG"
2019-05-16 13:00:00,止盈,500ETF,510500.XSHG,5.453,800.0,9200,126.76,1.0,2019-05-16,2019-05,"500ETF
510500.XSHG"
2019-05-17 14:43:00,加仓,500ETF,510500.XSHG,5.289,800.0,10000,,2.0,2019-05-17,2019-05,"500ETF
510500.XSHG"
2019-05-20 09:46:00,加仓,创业板ETF易方达,159915.XSHE,1.403,3100.0,41000,,3.0,2019-05-20,2019-05,"创业板ETF易方达
159915.XSHE"
2019-05-29 09:31:00,加仓,纳指ETF,513100.XSHG,2.603,2200.0,11200,,-5.0,2019-05-29,2019-05,"纳指ETF
513100.XSHG"
2019-06-03 09:32:00,止盈,黄金ETF,518880.XSHG,2.911,1700.0,15900,144.01,-1.0,2019-06-03,2019-06,"黄金ETF
518880.XSHG"
2019-06-04 09:31:00,加仓,纳指ETF,513100.XSHG,2.506,2200.0,13400,,-4.0,2019-06-04,2019-06,"纳指ETF
513100.XSHG"
2019-06-04 14:38:00,加仓,500ETF,510500.XSHG,5.13,800.0,10800,,3.0,2019-06-04,2019-06,"500ETF
510500.XSHG"
2019-06-06 09:31:00,止盈,纳指ETF,513100.XSHG,2.585,2200.0,11200,173.23,-5.0,2019-06-06,2019-06,"纳指ETF
513100.XSHG"
2019-06-06 14:22:00,加仓,创业板ETF易方达,159915.XSHE,1.36,3100.0,44100,,4.0,2019-06-06,2019-06,"创业板ETF易方达
159915.XSHE"
2019-06-10 09:31:00,止盈,纳指ETF,513100.XSHG,2.664,2200.0,9000,173.21,-6.0,2019-06-10,2019-06,"纳指ETF
513100.XSHG"
2019-06-11 10:39:00,止盈,创业板ETF易方达,159915.XSHE,1.401,3100.0,41000,126.67,3.0,2019-06-11,2019-06,"创业板ETF易方达
159915.XSHE"
2019-06-14 10:19:00,止盈,黄金ETF,518880.XSHG,2.999,1700.0,14200,149.09,-2.0,2019-06-14,2019-06,"黄金ETF
518880.XSHG"
2019-06-19 09:31:00,止盈,500ETF,510500.XSHG,5.293,800.0,10000,129.98,2.0,2019-06-19,2019-06,"500ETF
510500.XSHG"
2019-06-19 09:31:00,止盈,300ETF,510300.XSHG,3.782,1200.0,14700,145.95,2.0,2019-06-19,2019-06,"300ETF
510300.XSHG"
2019-06-19 09:31:00,止盈,创业板ETF易方达,159915.XSHE,1.448,3100.0,37900,145.25,2.0,2019-06-19,2019-06,"创业板ETF易方达
159915.XSHE"
2019-06-20 09:31:00,止盈,纳指ETF,513100.XSHG,2.746,2200.0,6800,179.8,-7.0,2019-06-20,2019-06,"纳指ETF
513100.XSHG"
2019-06-21 09:56:00,止盈,黄金ETF,518880.XSHG,3.089,1700.0,12500,152.47,-3.0,2019-06-21,2019-06,"黄金ETF
518880.XSHG"
2019-06-25 13:04:00,止盈,黄金ETF,518880.XSHG,3.183,1700.0,10800,159.26,-4.0,2019-06-25,2019-06,"黄金ETF
518880.XSHG"
2019-07-01 09:31:00,加仓,黄金ETF,518880.XSHG,3.052,1700.0,12500,,-3.0,2019-07-01,2019-07,"黄金ETF
518880.XSHG"
2019-07-01 09:31:00,止盈,300ETF,510300.XSHG,3.934,1200.0,13500,181.93,1.0,2019-07-01,2019-07,"300ETF
510300.XSHG"
2019-07-01 09:52:00,止盈,创业板ETF易方达,159915.XSHE,1.492,3100.0,34800,135.94,1.0,2019-07-01,2019-07,"创业板ETF易方达
159915.XSHE"
2019-07-01 10:11:00,止盈,500ETF,510500.XSHG,5.455,800.0,9200,129.16,1.0,2019-07-01,2019-07,"500ETF
510500.XSHG"
2019-07-03 09:31:00,止盈,黄金ETF,518880.XSHG,3.174,1700.0,10800,206.86,-4.0,2019-07-03,2019-07,"黄金ETF
518880.XSHG"
2019-07-08 10:20:00,加仓,500ETF,510500.XSHG,5.29,800.0,10000,,2.0,2019-07-08,2019-07,"500ETF
510500.XSHG"
2019-07-08 10:52:00,加仓,创业板ETF易方达,159915.XSHE,1.447,3100.0,37900,,2.0,2019-07-08,2019-07,"创业板ETF易方达
159915.XSHE"
2019-07-08 10:53:00,加仓,300ETF,510300.XSHG,3.814,1200.0,14700,,2.0,2019-07-08,2019-07,"300ETF
510300.XSHG"
2019-07-09 09:52:00,加仓,黄金ETF,518880.XSHG,3.078,1700.0,12500,,-3.0,2019-07-09,2019-07,"黄金ETF
518880.XSHG"
2019-07-15 09:31:00,止盈,纳指ETF,513100.XSHG,2.831,2200.0,4600,186.38,-8.0,2019-07-15,2019-07,"纳指ETF
513100.XSHG"
2019-07-15 11:21:00,止盈,创业板ETF易方达,159915.XSHE,1.492,3100.0,34800,139.04,1.0,2019-07-15,2019-07,"创业板ETF易方达
159915.XSHE"
2019-07-19 09:31:00,止盈,黄金ETF,518880.XSHG,3.185,1700.0,10800,181.36,-4.0,2019-07-19,2019-07,"黄金ETF
518880.XSHG"
2019-07-30 09:42:00,止盈,300ETF,510300.XSHG,3.932,1200.0,13500,141.13,1.0,2019-07-30,2019-07,"300ETF
510300.XSHG"
2019-08-02 09:31:00,加仓,300ETF,510300.XSHG,3.785,1200.0,14700,,2.0,2019-08-02,2019-08,"300ETF
510300.XSHG"
2019-08-05 11:27:00,止盈,黄金ETF,518880.XSHG,3.282,1700.0,9100,164.34,-5.0,2019-08-05,2019-08,"黄金ETF
518880.XSHG"
2019-08-06 09:31:00,加仓,纳指ETF,513100.XSHG,2.703,2200.0,6800,,-7.0,2019-08-06,2019-08,"纳指ETF
513100.XSHG"
2019-08-06 09:31:00,加仓,500ETF,510500.XSHG,5.052,800.0,10800,,3.0,2019-08-06,2019-08,"500ETF
510500.XSHG"
2019-08-06 09:31:00,加仓,创业板ETF易方达,159915.XSHE,1.444,3100.0,37900,,2.0,2019-08-06,2019-08,"创业板ETF易方达
159915.XSHE"
2019-08-06 09:32:00,加仓,300ETF,510300.XSHG,3.665,1200.0,15900,,3.0,2019-08-06,2019-08,"300ETF
510300.XSHG"
2019-08-08 09:31:00,止盈,黄金ETF,518880.XSHG,3.385,1700.0,7400,174.52,-6.0,2019-08-08,2019-08,"黄金ETF
518880.XSHG"
2019-08-08 14:31:00,止盈,纳指ETF,513100.XSHG,2.785,2200.0,4600,179.79,-8.0,2019-08-08,2019-08,"纳指ETF
513100.XSHG"
2019-08-14 09:31:00,止盈,创业板ETF易方达,159915.XSHE,1.489,3100.0,34800,139.04,1.0,2019-08-14,2019-08,"创业板ETF易方达
159915.XSHE"
2019-08-16 10:40:00,止盈,300ETF,510300.XSHG,3.778,1200.0,14700,135.15,2.0,2019-08-16,2019-08,"300ETF
510300.XSHG"
2019-08-19 10:09:00,止盈,创业板ETF易方达,159915.XSHE,1.534,3100.0,31700,139.02,0.0,2019-08-19,2019-08,"创业板ETF易方达
159915.XSHE"
2019-08-19 11:01:00,止盈,500ETF,510500.XSHG,5.206,800.0,10000,122.78,2.0,2019-08-19,2019-08,"500ETF
510500.XSHG"
2019-08-26 09:31:00,止盈,黄金ETF,518880.XSHG,3.524,1700.0,5700,235.7,-7.0,2019-08-26,2019-08,"黄金ETF
518880.XSHG"
2019-08-27 10:29:00,止盈,300ETF,510300.XSHG,3.893,1200.0,13500,137.53,1.0,2019-08-27,2019-08,"300ETF
510300.XSHG"
2019-08-27 10:34:00,止盈,500ETF,510500.XSHG,5.368,800.0,9200,129.17,1.0,2019-08-27,2019-08,"500ETF
510500.XSHG"
2019-08-27 10:58:00,止盈,创业板ETF易方达,159915.XSHE,1.583,3100.0,28600,151.41,-1.0,2019-08-27,2019-08,"创业板ETF易方达
159915.XSHE"
2019-09-05 09:31:00,止盈,500ETF,510500.XSHG,5.552,800.0,8400,146.76,0.0,2019-09-05,2019-09,"500ETF
510500.XSHG"
2019-09-05 09:52:00,止盈,300ETF,510300.XSHG,4.012,1200.0,12300,142.32,0.0,2019-09-05,2019-09,"300ETF
510300.XSHG"
2019-09-05 09:53:00,止盈,创业板ETF易方达,159915.XSHE,1.632,3100.0,25500,151.39,-2.0,2019-09-05,2019-09,"创业板ETF易方达
159915.XSHE"
2019-09-05 10:10:00,破顶,纳指ETF,513100.XSHG,2.869,,17400,,,2019-09-05,2019-09,"纳指ETF
513100.XSHG"
2019-09-10 09:31:00,加仓,黄金ETF,518880.XSHG,3.38,1700.0,7400,,-6.0,2019-09-10,2019-09,"黄金ETF
518880.XSHG"
2019-09-26 10:36:00,加仓,创业板ETF易方达,159915.XSHE,1.583,3100.0,28600,,-1.0,2019-09-26,2019-09,"创业板ETF易方达
159915.XSHE"
2019-09-26 14:19:00,加仓,500ETF,510500.XSHG,5.384,800.0,9200,,1.0,2019-09-26,2019-09,"500ETF
510500.XSHG"
2019-09-30 14:40:00,加仓,300ETF,510300.XSHG,3.888,1200.0,13500,,1.0,2019-09-30,2019-09,"300ETF
510300.XSHG"
2019-10-14 09:31:00,止盈,300ETF,510300.XSHG,4.006,1200.0,12300,141.12,0.0,2019-10-14,2019-10,"300ETF
510300.XSHG"
2019-10-14 09:56:00,止盈,500ETF,510500.XSHG,5.547,800.0,8400,129.96,0.0,2019-10-14,2019-10,"500ETF
510500.XSHG"
2019-10-18 13:34:00,加仓,500ETF,510500.XSHG,5.379,800.0,9200,,1.0,2019-10-18,2019-10,"500ETF
510500.XSHG"
2019-10-28 09:31:00,止盈,创业板ETF易方达,159915.XSHE,1.632,3100.0,25500,151.39,-2.0,2019-10-28,2019-10,"创业板ETF易方达
159915.XSHE"
2019-10-29 09:31:00,止盈,纳指ETF,513100.XSHG,2.958,1700.0,15700,150.8,-1.0,2019-10-29,2019-10,"纳指ETF
513100.XSHG"
2019-11-08 09:31:00,加仓,黄金ETF,518880.XSHG,3.252,1700.0,9100,,-5.0,2019-11-08,2019-11,"黄金ETF
518880.XSHG"
2019-11-12 11:20:00,加仓,500ETF,510500.XSHG,5.216,800.0,10000,,2.0,2019-11-12,2019-11,"500ETF
510500.XSHG"
2019-11-19 14:58:00,止盈,500ETF,510500.XSHG,5.373,800.0,9200,125.17,1.0,2019-11-19,2019-11,"500ETF
510500.XSHG"
2019-11-26 09:31:00,止盈,纳指ETF,513100.XSHG,3.072,1700.0,14000,193.28,-2.0,2019-11-26,2019-11,"纳指ETF
513100.XSHG"
2019-11-29 13:04:00,加仓,300ETF,510300.XSHG,3.885,1200.0,13500,,1.0,2019-11-29,2019-11,"300ETF
510300.XSHG"
2019-12-13 10:18:00,止盈,创业板ETF易方达,159915.XSHE,1.682,3100.0,22400,154.48,-3.0,2019-12-13,2019-12,"创业板ETF易方达
159915.XSHE"
2019-12-16 11:17:00,止盈,500ETF,510500.XSHG,5.535,800.0,8400,129.16,0.0,2019-12-16,2019-12,"500ETF
510500.XSHG"
2019-12-17 10:44:00,止盈,300ETF,510300.XSHG,4.002,1200.0,12300,139.92,0.0,2019-12-17,2019-12,"300ETF
510300.XSHG"
2019-12-17 13:06:00,止盈,创业板ETF易方达,159915.XSHE,1.733,3100.0,19300,157.56,-4.0,2019-12-17,2019-12,"创业板ETF易方达
159915.XSHE"
2019-12-17 14:10:00,止盈,纳指ETF,513100.XSHG,3.168,1700.0,12300,162.66,-3.0,2019-12-17,2019-12,"纳指ETF
513100.XSHG"
2019-12-18 10:11:00,止盈,500ETF,510500.XSHG,5.707,800.0,7600,137.14,-1.0,2019-12-18,2019-12,"500ETF
510500.XSHG"
2019-12-23 14:24:00,加仓,500ETF,510500.XSHG,5.534,800.0,8400,,0.0,2019-12-23,2019-12,"500ETF
510500.XSHG"
2019-12-23 14:28:00,加仓,创业板ETF易方达,159915.XSHE,1.681,3100.0,22400,,-3.0,2019-12-23,2019-12,"创业板ETF易方达
159915.XSHE"
2019-12-25 09:39:00,止盈,黄金ETF,518880.XSHG,3.35,1700.0,7400,166.03,-6.0,2019-12-25,2019-12,"黄金ETF
518880.XSHG"
2019-12-27 09:42:00,止盈,创业板ETF易方达,159915.XSHE,1.732,3100.0,19300,157.56,-4.0,2019-12-27,2019-12,"创业板ETF易方达
159915.XSHE"
2019-12-31 14:29:00,止盈,500ETF,510500.XSHG,5.706,800.0,7600,137.14,-1.0,2019-12-31,2019-12,"500ETF
510500.XSHG"
2020-01-02 09:33:00,止盈,300ETF,510300.XSHG,4.126,1200.0,11100,148.3,-1.0,2020-01-02,2020-01,"300ETF
510300.XSHG"
2020-01-03 09:31:00,止盈,纳指ETF,513100.XSHG,3.268,1700.0,10600,169.44,-4.0,2020-01-03,2020-01,"纳指ETF
513100.XSHG"
2020-01-06 09:31:00,止盈,黄金ETF,518880.XSHG,3.496,1700.0,5700,247.61,-7.0,2020-01-06,2020-01,"黄金ETF
518880.XSHG"
2020-01-06 10:05:00,止盈,创业板ETF易方达,159915.XSHE,1.784,3100.0,16200,160.65,-5.0,2020-01-06,2020-01,"创业板ETF易方达
159915.XSHE"
2020-01-06 10:06:00,止盈,500ETF,510500.XSHG,5.881,800.0,6800,139.53,-2.0,2020-01-06,2020-01,"500ETF
510500.XSHG"
2020-01-09 14:35:00,止盈,创业板ETF易方达,159915.XSHE,1.838,3100.0,13100,166.83,-6.0,2020-01-09,2020-01,"创业板ETF易方达
159915.XSHE"
2020-01-10 14:32:00,止盈,纳指ETF,513100.XSHG,3.367,1700.0,8900,167.73,-5.0,2020-01-10,2020-01,"纳指ETF
513100.XSHG"
2020-01-14 09:31:00,加仓,黄金ETF,518880.XSHG,3.366,1700.0,7400,,-6.0,2020-01-14,2020-01,"黄金ETF
518880.XSHG"
2020-01-17 09:31:00,止盈,纳指ETF,513100.XSHG,3.495,1700.0,7200,217.01,-6.0,2020-01-17,2020-01,"纳指ETF
513100.XSHG"
2020-01-20 11:22:00,止盈,创业板ETF易方达,159915.XSHE,1.894,3100.0,10000,173.01,-7.0,2020-01-20,2020-01,"创业板ETF易方达
159915.XSHE"
2020-01-20 14:30:00,止盈,500ETF,510500.XSHG,6.06,800.0,6000,142.72,-3.0,2020-01-20,2020-01,"500ETF
510500.XSHG"
2020-01-21 13:16:00,加仓,纳指ETF,513100.XSHG,3.39,1700.0,8900,,-5.0,2020-01-21,2020-01,"纳指ETF
513100.XSHG"
2020-01-23 13:10:00,加仓,500ETF,510500.XSHG,5.871,800.0,6800,,-2.0,2020-01-23,2020-01,"500ETF
510500.XSHG"
2020-01-23 13:14:00,加仓,300ETF,510300.XSHG,4.0,1200.0,12300,,0.0,2020-01-23,2020-01,"300ETF
510300.XSHG"
2020-01-23 13:32:00,加仓,创业板ETF易方达,159915.XSHE,1.834,3100.0,13100,,-6.0,2020-01-23,2020-01,"创业板ETF易方达
159915.XSHE"
2020-02-03 09:31:00,止盈,黄金ETF,518880.XSHG,3.514,1700.0,5700,251.0,-7.0,2020-02-03,2020-02,"黄金ETF
518880.XSHG"
2020-02-03 09:31:00,加仓,500ETF,510500.XSHG,5.343,800.0,7600,,-1.0,2020-02-03,2020-02,"500ETF
510500.XSHG"
2020-02-03 09:31:00,加仓,300ETF,510300.XSHG,3.723,1200.0,13500,,1.0,2020-02-03,2020-02,"300ETF
510300.XSHG"
2020-02-03 09:31:00,加仓,创业板ETF易方达,159915.XSHE,1.675,3100.0,16200,,-5.0,2020-02-03,2020-02,"创业板ETF易方达
159915.XSHE"
2020-02-03 09:43:00,止盈,创业板ETF易方达,159915.XSHE,1.726,3100.0,13100,157.56,-6.0,2020-02-03,2020-02,"创业板ETF易方达
159915.XSHE"
2020-02-03 14:52:00,加仓,创业板ETF易方达,159915.XSHE,1.671,3100.0,16200,,-5.0,2020-02-03,2020-02,"创业板ETF易方达
159915.XSHE"
2020-02-04 09:31:00,止盈,创业板ETF易方达,159915.XSHE,1.723,3100.0,13100,160.67,-6.0,2020-02-04,2020-02,"创业板ETF易方达
159915.XSHE"
2020-02-04 09:54:00,止盈,创业板ETF易方达,159915.XSHE,1.776,3100.0,10000,163.75,-7.0,2020-02-04,2020-02,"创业板ETF易方达
159915.XSHE"
2020-02-05 09:31:00,止盈,纳指ETF,513100.XSHG,3.502,1700.0,7200,189.8,-6.0,2020-02-05,2020-02,"纳指ETF
513100.XSHG"
2020-02-05 09:31:00,止盈,创业板ETF易方达,159915.XSHE,1.83,3100.0,6900,166.83,-8.0,2020-02-05,2020-02,"创业板ETF易方达
159915.XSHE"
2020-02-05 09:48:00,止盈,500ETF,510500.XSHG,5.505,800.0,6800,129.16,-2.0,2020-02-05,2020-02,"500ETF
510500.XSHG"
2020-02-05 10:36:00,破顶,创业板ETF易方达,159915.XSHE,1.889,,26400,,,2020-02-05,2020-02,"创业板ETF易方达
159915.XSHE"
2020-02-05 10:37:00,止盈,300ETF,510300.XSHG,3.836,1200.0,12300,135.14,0.0,2020-02-05,2020-02,"300ETF
510300.XSHG"
2020-02-06 09:33:00,止盈,纳指ETF,513100.XSHG,3.614,1700.0,5500,189.79,-7.0,2020-02-06,2020-02,"纳指ETF
513100.XSHG"
2020-02-06 11:29:00,止盈,500ETF,510500.XSHG,5.671,800.0,6000,132.35,-3.0,2020-02-06,2020-02,"500ETF
510500.XSHG"
2020-02-07 09:45:00,止盈,纳指ETF,513100.XSHG,3.725,1700.0,3800,188.07,-8.0,2020-02-07,2020-02,"纳指ETF
513100.XSHG"
2020-02-07 10:24:00,止盈,创业板ETF易方达,159915.XSHE,1.947,2600.0,23800,150.29,-1.0,2020-02-07,2020-02,"创业板ETF易方达
159915.XSHE"
2020-02-11 09:32:00,破顶,纳指ETF,513100.XSHG,3.843,,13000,,,2020-02-11,2020-02,"纳指ETF
513100.XSHG"
2020-02-11 13:41:00,止盈,300ETF,510300.XSHG,3.954,1200.0,11100,141.13,-1.0,2020-02-11,2020-02,"300ETF
510300.XSHG"
2020-02-12 10:48:00,止盈,纳指ETF,513100.XSHG,3.962,1300.0,11700,154.18,-1.0,2020-02-12,2020-02,"纳指ETF
513100.XSHG"
2020-02-12 11:19:00,止盈,500ETF,510500.XSHG,5.844,800.0,5200,137.93,-4.0,2020-02-12,2020-02,"500ETF
510500.XSHG"
2020-02-12 14:20:00,止盈,创业板ETF易方达,159915.XSHE,2.008,2600.0,21200,158.08,-2.0,2020-02-12,2020-02,"创业板ETF易方达
159915.XSHE"
2020-02-13 09:42:00,止盈,纳指ETF,513100.XSHG,4.081,1300.0,10400,154.17,-2.0,2020-02-13,2020-02,"纳指ETF
513100.XSHG"
2020-02-13 14:57:00,止盈,纳指ETF,513100.XSHG,4.226,1300.0,9100,187.95,-3.0,2020-02-13,2020-02,"纳指ETF
513100.XSHG"
2020-02-14 09:32:00,加仓,纳指ETF,513100.XSHG,4.023,1300.0,10400,,-2.0,2020-02-14,2020-02,"纳指ETF
513100.XSHG"
2020-02-14 09:44:00,止盈,纳指ETF,513100.XSHG,4.145,1300.0,9100,158.06,-3.0,2020-02-14,2020-02,"纳指ETF
513100.XSHG"
2020-02-14 14:27:00,加仓,纳指ETF,513100.XSHG,4.006,1300.0,10400,,-2.0,2020-02-14,2020-02,"纳指ETF
513100.XSHG"
2020-02-17 09:34:00,加仓,纳指ETF,513100.XSHG,3.84,1300.0,11700,,-1.0,2020-02-17,2020-02,"纳指ETF
513100.XSHG"
2020-02-17 11:22:00,止盈,纳指ETF,513100.XSHG,3.962,1300.0,10400,158.08,-2.0,2020-02-17,2020-02,"纳指ETF
513100.XSHG"
2020-02-17 13:23:00,止盈,500ETF,510500.XSHG,6.02,800.0,4400,140.32,-5.0,2020-02-17,2020-02,"500ETF
510500.XSHG"
2020-02-17 14:57:00,止盈,创业板ETF易方达,159915.XSHE,2.07,2600.0,18600,160.66,-3.0,2020-02-17,2020-02,"创业板ETF易方达
159915.XSHE"
2020-02-18 14:20:00,加仓,纳指ETF,513100.XSHG,3.84,1300.0,11700,,-1.0,2020-02-18,2020-02,"纳指ETF
513100.XSHG"
2020-02-20 09:44:00,止盈,300ETF,510300.XSHG,4.073,1200.0,9900,142.31,-2.0,2020-02-20,2020-02,"300ETF
510300.XSHG"
2020-02-21 09:52:00,止盈,500ETF,510500.XSHG,6.204,800.0,3600,146.7,-6.0,2020-02-21,2020-02,"500ETF
510500.XSHG"
2020-02-21 10:06:00,止盈,黄金ETF,518880.XSHG,3.62,1700.0,4000,179.58,-8.0,2020-02-21,2020-02,"黄金ETF
518880.XSHG"
2020-02-21 10:08:00,止盈,创业板ETF易方达,159915.XSHE,2.134,2600.0,16000,165.85,-4.0,2020-02-21,2020-02,"创业板ETF易方达
159915.XSHE"
2020-02-21 14:49:00,加仓,纳指ETF,513100.XSHG,3.724,1300.0,13000,,0.0,2020-02-21,2020-02,"纳指ETF
513100.XSHG"
2020-02-24 09:32:00,加仓,纳指ETF,513100.XSHG,3.601,1300.0,14300,,1.0,2020-02-24,2020-02,"纳指ETF
513100.XSHG"
2020-02-24 13:15:00,破顶,黄金ETF,518880.XSHG,3.729,,13400,,,2020-02-24,2020-02,"黄金ETF
518880.XSHG"
2020-02-25 09:31:00,加仓,纳指ETF,513100.XSHG,3.479,1300.0,15600,,2.0,2020-02-25,2020-02,"纳指ETF
513100.XSHG"
2020-02-25 10:12:00,止盈,纳指ETF,513100.XSHG,3.587,1300.0,14300,139.93,1.0,2020-02-25,2020-02,"纳指ETF
513100.XSHG"
2020-02-25 14:35:00,止盈,创业板ETF易方达,159915.XSHE,2.199,2600.0,13400,168.43,-5.0,2020-02-25,2020-02,"创业板ETF易方达
159915.XSHE"
2020-02-26 10:23:00,加仓,创业板ETF易方达,159915.XSHE,2.13,2600.0,16000,,-4.0,2020-02-26,2020-02,"创业板ETF易方达
159915.XSHE"
2020-02-28 09:31:00,加仓,纳指ETF,513100.XSHG,3.428,1300.0,15600,,2.0,2020-02-28,2020-02,"纳指ETF
513100.XSHG"
2020-02-28 09:31:00,加仓,创业板ETF易方达,159915.XSHE,2.04,2600.0,18600,,-3.0,2020-02-28,2020-02,"创业板ETF易方达
159915.XSHE"
2020-02-28 10:27:00,加仓,500ETF,510500.XSHG,6.01,800.0,4400,,-5.0,2020-02-28,2020-02,"500ETF
510500.XSHG"
2020-02-28 11:15:00,加仓,300ETF,510300.XSHG,3.949,1200.0,11100,,-1.0,2020-02-28,2020-02,"300ETF
510300.XSHG"
2020-02-28 13:55:00,加仓,黄金ETF,518880.XSHG,3.616,1300.0,14700,,1.0,2020-02-28,2020-02,"黄金ETF
518880.XSHG"
2020-03-02 13:45:00,止盈,纳指ETF,513100.XSHG,3.538,1300.0,14300,142.54,1.0,2020-03-02,2020-03,"纳指ETF
513100.XSHG"
2020-03-02 14:06:00,止盈,300ETF,510300.XSHG,4.068,1200.0,9900,142.31,-2.0,2020-03-02,2020-03,"300ETF
510300.XSHG"
2020-03-03 09:31:00,止盈,纳指ETF,513100.XSHG,3.678,1300.0,13000,181.52,0.0,2020-03-03,2020-03,"纳指ETF
513100.XSHG"
2020-03-03 09:31:00,止盈,500ETF,510500.XSHG,6.221,800.0,3600,168.3,-6.0,2020-03-03,2020-03,"500ETF
510500.XSHG"
2020-03-03 09:31:00,止盈,创业板ETF易方达,159915.XSHE,2.102,2600.0,16000,160.65,-4.0,2020-03-03,2020-03,"创业板ETF易方达
159915.XSHE"
2020-03-03 13:12:00,加仓,纳指ETF,513100.XSHG,3.567,1300.0,14300,,1.0,2020-03-03,2020-03,"纳指ETF
513100.XSHG"
2020-03-05 13:12:00,止盈,300ETF,510300.XSHG,4.191,1200.0,8700,147.1,-3.0,2020-03-05,2020-03,"300ETF
510300.XSHG"
2020-03-09 09:31:00,加仓,纳指ETF,513100.XSHG,3.398,1300.0,15600,,2.0,2020-03-09,2020-03,"纳指ETF
513100.XSHG"
2020-03-09 09:31:00,加仓,300ETF,510300.XSHG,4.051,1200.0,9900,,-2.0,2020-03-09,2020-03,"300ETF
510300.XSHG"
2020-03-09 09:51:00,止盈,黄金ETF,518880.XSHG,3.726,1300.0,13400,142.52,0.0,2020-03-09,2020-03,"黄金ETF
518880.XSHG"
2020-03-09 13:01:00,加仓,黄金ETF,518880.XSHG,3.577,1300.0,14700,,1.0,2020-03-09,2020-03,"黄金ETF
518880.XSHG"
2020-03-09 13:05:00,加仓,创业板ETF易方达,159915.XSHE,2.038,2600.0,18600,,-3.0,2020-03-09,2020-03,"创业板ETF易方达
159915.XSHE"
2020-03-09 13:10:00,加仓,500ETF,510500.XSHG,6.034,800.0,4400,,-5.0,2020-03-09,2020-03,"500ETF
510500.XSHG"
2020-03-09 14:38:00,加仓,纳指ETF,513100.XSHG,3.292,1300.0,16900,,3.0,2020-03-09,2020-03,"纳指ETF
513100.XSHG"
2020-03-10 10:50:00,加仓,创业板ETF易方达,159915.XSHE,1.976,2600.0,21200,,-2.0,2020-03-10,2020-03,"创业板ETF易方达
159915.XSHE"
2020-03-10 13:01:00,止盈,创业板ETF易方达,159915.XSHE,2.038,2600.0,18600,160.67,-3.0,2020-03-10,2020-03,"创业板ETF易方达
159915.XSHE"
2020-03-10 13:32:00,止盈,纳指ETF,513100.XSHG,3.399,1300.0,15600,138.66,2.0,2020-03-10,2020-03,"纳指ETF
513100.XSHG"
2020-03-11 14:41:00,加仓,纳指ETF,513100.XSHG,3.296,1300.0,16900,,3.0,2020-03-11,2020-03,"纳指ETF
513100.XSHG"
2020-03-12 09:32:00,加仓,纳指ETF,513100.XSHG,3.193,1300.0,18200,,4.0,2020-03-12,2020-03,"纳指ETF
513100.XSHG"
2020-03-12 10:10:00,加仓,创业板ETF易方达,159915.XSHE,1.976,2600.0,21200,,-2.0,2020-03-12,2020-03,"创业板ETF易方达
159915.XSHE"
2020-03-12 10:21:00,加仓,300ETF,510300.XSHG,3.929,1200.0,11100,,-1.0,2020-03-12,2020-03,"300ETF
510300.XSHG"
2020-03-13 09:31:00,加仓,纳指ETF,513100.XSHG,2.987,1300.0,19500,,5.0,2020-03-13,2020-03,"纳指ETF
513100.XSHG"
2020-03-13 09:31:00,加仓,黄金ETF,518880.XSHG,3.463,1300.0,16000,,2.0,2020-03-13,2020-03,"黄金ETF
518880.XSHG"
2020-03-13 09:31:00,加仓,500ETF,510500.XSHG,5.7,800.0,5200,,-4.0,2020-03-13,2020-03,"500ETF
510500.XSHG"
2020-03-13 09:31:00,加仓,300ETF,510300.XSHG,3.805,1200.0,12300,,0.0,2020-03-13,2020-03,"300ETF
510300.XSHG"
2020-03-13 09:31:00,加仓,创业板ETF易方达,159915.XSHE,1.88,2600.0,23800,,-1.0,2020-03-13,2020-03,"创业板ETF易方达
159915.XSHE"
2020-03-13 11:01:00,止盈,创业板ETF易方达,159915.XSHE,1.94,2600.0,21200,155.5,-2.0,2020-03-13,2020-03,"创业板ETF易方达
159915.XSHE"
2020-03-13 13:01:00,止盈,纳指ETF,513100.XSHG,3.088,1300.0,18200,130.9,4.0,2020-03-13,2020-03,"纳指ETF
513100.XSHG"
2020-03-13 13:02:00,止盈,500ETF,510500.XSHG,5.884,800.0,4400,146.73,-5.0,2020-03-13,2020-03,"500ETF
510500.XSHG"
2020-03-13 13:07:00,止盈,纳指ETF,513100.XSHG,3.192,1300.0,16900,134.79,3.0,2020-03-13,2020-03,"纳指ETF
513100.XSHG"
2020-03-13 13:20:00,止盈,纳指ETF,513100.XSHG,3.296,1300.0,15600,134.77,2.0,2020-03-13,2020-03,"纳指ETF
513100.XSHG"
2020-03-13 13:20:00,止盈,300ETF,510300.XSHG,3.925,1200.0,11100,143.53,-1.0,2020-03-13,2020-03,"300ETF
510300.XSHG"
2020-03-13 14:21:00,加仓,纳指ETF,513100.XSHG,3.193,1300.0,16900,,3.0,2020-03-13,2020-03,"纳指ETF
513100.XSHG"
2020-03-16 13:07:00,加仓,300ETF,510300.XSHG,3.805,1200.0,12300,,0.0,2020-03-16,2020-03,"300ETF
510300.XSHG"
2020-03-16 13:35:00,加仓,创业板ETF易方达,159915.XSHE,1.881,2600.0,23800,,-1.0,2020-03-16,2020-03,"创业板ETF易方达
159915.XSHE"
2020-03-16 14:00:00,加仓,500ETF,510500.XSHG,5.707,800.0,5200,,-4.0,2020-03-16,2020-03,"500ETF
510500.XSHG"
2020-03-16 14:31:00,加仓,纳指ETF,513100.XSHG,3.08,1300.0,18200,,4.0,2020-03-16,2020-03,"纳指ETF
513100.XSHG"
2020-03-17 09:31:00,加仓,黄金ETF,518880.XSHG,3.312,1300.0,17300,,3.0,2020-03-17,2020-03,"黄金ETF
518880.XSHG"
2020-03-17 09:40:00,加仓,创业板ETF易方达,159915.XSHE,1.819,2600.0,26400,,0.0,2020-03-17,2020-03,"创业板ETF易方达
159915.XSHE"
2020-03-17 10:06:00,加仓,300ETF,510300.XSHG,3.687,1200.0,13500,,1.0,2020-03-17,2020-03,"300ETF
510300.XSHG"
2020-03-17 10:16:00,加仓,500ETF,510500.XSHG,5.532,800.0,6000,,-3.0,2020-03-17,2020-03,"500ETF
510500.XSHG"
2020-03-18 09:44:00,止盈,创业板ETF易方达,159915.XSHE,1.874,2600.0,23800,142.51,-1.0,2020-03-18,2020-03,"创业板ETF易方达
159915.XSHE"
2020-03-18 09:47:00,止盈,500ETF,510500.XSHG,5.709,800.0,5200,141.14,-4.0,2020-03-18,2020-03,"500ETF
510500.XSHG"
2020-03-19 09:34:00,加仓,创业板ETF易方达,159915.XSHE,1.815,2600.0,26400,,0.0,2020-03-19,2020-03,"创业板ETF易方达
159915.XSHE"
2020-03-19 09:49:00,加仓,500ETF,510500.XSHG,5.526,800.0,6000,,-3.0,2020-03-19,2020-03,"500ETF
510500.XSHG"
2020-03-19 10:12:00,加仓,300ETF,510300.XSHG,3.573,1200.0,14700,,2.0,2020-03-19,2020-03,"300ETF
510300.XSHG"
2020-03-19 11:02:00,加仓,纳指ETF,513100.XSHG,2.986,1300.0,19500,,5.0,2020-03-19,2020-03,"纳指ETF
513100.XSHG"
2020-03-20 09:31:00,止盈,纳指ETF,513100.XSHG,3.098,1300.0,18200,145.2,4.0,2020-03-20,2020-03,"纳指ETF
513100.XSHG"
2020-03-23 14:39:00,加仓,创业板ETF易方达,159915.XSHE,1.76,2600.0,29000,,1.0,2020-03-23,2020-03,"创业板ETF易方达
159915.XSHE"
2020-03-24 09:31:00,止盈,黄金ETF,518880.XSHG,3.549,1300.0,16000,307.64,2.0,2020-03-24,2020-03,"黄金ETF
518880.XSHG"
2020-03-25 09:31:00,止盈,纳指ETF,513100.XSHG,3.32,1300.0,16900,288.17,3.0,2020-03-25,2020-03,"纳指ETF
513100.XSHG"
2020-03-25 09:31:00,止盈,300ETF,510300.XSHG,3.693,1200.0,13500,143.56,1.0,2020-03-25,2020-03,"300ETF
510300.XSHG"
2020-03-25 09:31:00,止盈,创业板ETF易方达,159915.XSHE,1.846,2600.0,26400,223.12,0.0,2020-03-25,2020-03,"创业板ETF易方达
159915.XSHE"
2020-03-27 09:30:00,加仓,纳指ETF,513100.XSHG,3.219,1300.0,18200,,4.0,2020-03-27,2020-03,"纳指ETF
513100.XSHG"
2020-03-30 09:31:00,加仓,纳指ETF,513100.XSHG,3.073,1300.0,19500,,5.0,2020-03-30,2020-03,"纳指ETF
513100.XSHG"
2020-03-30 09:46:00,加仓,创业板ETF易方达,159915.XSHE,1.79,2600.0,29000,,1.0,2020-03-30,2020-03,"创业板ETF易方达
159915.XSHE"
2020-04-02 14:58:00,止盈,创业板ETF易方达,159915.XSHE,1.844,2600.0,26400,139.92,0.0,2020-04-02,2020-04,"创业板ETF易方达
159915.XSHE"
2020-04-07 09:31:00,止盈,纳指ETF,513100.XSHG,3.194,1300.0,18200,156.88,4.0,2020-04-07,2020-04,"纳指ETF
513100.XSHG"
2020-04-07 09:31:00,止盈,黄金ETF,518880.XSHG,3.687,1300.0,14700,178.92,1.0,2020-04-07,2020-04,"黄金ETF
518880.XSHG"
2020-04-07 13:56:00,止盈,500ETF,510500.XSHG,5.692,800.0,5200,132.34,-4.0,2020-04-07,2020-04,"500ETF
510500.XSHG"
2020-04-08 13:53:00,止盈,创业板ETF易方达,159915.XSHE,1.9,2600.0,23800,145.11,-1.0,2020-04-08,2020-04,"创业板ETF易方达
159915.XSHE"
2020-04-10 10:22:00,止盈,300ETF,510300.XSHG,3.81,1200.0,12300,139.94,0.0,2020-04-10,2020-04,"300ETF
510300.XSHG"
2020-04-13 09:35:00,加仓,纳指ETF,513100.XSHG,3.093,1300.0,19500,,5.0,2020-04-13,2020-04,"纳指ETF
513100.XSHG"
2020-04-13 13:32:00,加仓,创业板ETF易方达,159915.XSHE,1.843,2600.0,26400,,0.0,2020-04-13,2020-04,"创业板ETF易方达
159915.XSHE"
2020-04-14 13:57:00,止盈,创业板ETF易方达,159915.XSHE,1.899,2600.0,23800,145.11,-1.0,2020-04-14,2020-04,"创业板ETF易方达
159915.XSHE"
2020-04-15 09:31:00,止盈,纳指ETF,513100.XSHG,3.205,1300.0,18200,145.18,4.0,2020-04-15,2020-04,"纳指ETF
513100.XSHG"
2020-04-17 09:31:00,止盈,纳指ETF,513100.XSHG,3.342,1300.0,16900,177.67,3.0,2020-04-17,2020-04,"纳指ETF
513100.XSHG"
2020-04-17 09:34:00,止盈,创业板ETF易方达,159915.XSHE,1.957,2600.0,21200,150.29,-2.0,2020-04-17,2020-04,"创业板ETF易方达
159915.XSHE"
2020-04-23 09:32:00,止盈,纳指ETF,513100.XSHG,3.454,1300.0,15600,145.15,2.0,2020-04-23,2020-04,"纳指ETF
513100.XSHG"
2020-04-27 13:03:00,止盈,纳指ETF,513100.XSHG,3.563,1300.0,14300,141.24,1.0,2020-04-27,2020-04,"纳指ETF
513100.XSHG"
2020-04-28 10:00:00,加仓,创业板ETF易方达,159915.XSHE,1.894,2600.0,23800,,-1.0,2020-04-28,2020-04,"创业板ETF易方达
159915.XSHE"
2020-04-28 10:58:00,止盈,创业板ETF易方达,159915.XSHE,1.951,2600.0,21200,147.69,-2.0,2020-04-28,2020-04,"创业板ETF易方达
159915.XSHE"
2020-04-29 09:32:00,止盈,纳指ETF,513100.XSHG,3.696,1300.0,13000,172.42,0.0,2020-04-29,2020-04,"纳指ETF
513100.XSHG"
2020-04-30 09:31:00,止盈,纳指ETF,513100.XSHG,3.842,1300.0,11700,189.3,-1.0,2020-04-30,2020-04,"纳指ETF
513100.XSHG"
2020-04-30 14:34:00,加仓,纳指ETF,513100.XSHG,3.724,1300.0,13000,,0.0,2020-04-30,2020-04,"纳指ETF
513100.XSHG"
2020-05-06 11:28:00,止盈,创业板ETF易方达,159915.XSHE,2.01,2600.0,18600,152.88,-3.0,2020-05-06,2020-05,"创业板ETF易方达
159915.XSHE"
2020-05-06 13:46:00,止盈,500ETF,510500.XSHG,5.866,800.0,4400,138.73,-5.0,2020-05-06,2020-05,"500ETF
510500.XSHG"
2020-05-06 14:47:00,止盈,300ETF,510300.XSHG,3.925,1200.0,11100,137.53,-1.0,2020-05-06,2020-05,"300ETF
510300.XSHG"
2020-05-13 09:34:00,加仓,纳指ETF,513100.XSHG,3.61,1300.0,14300,,1.0,2020-05-13,2020-05,"纳指ETF
513100.XSHG"
2020-05-15 09:31:00,止盈,黄金ETF,518880.XSHG,3.82,1300.0,13400,172.4,0.0,2020-05-15,2020-05,"黄金ETF
518880.XSHG"
2020-05-18 10:12:00,止盈,黄金ETF,518880.XSHG,3.937,1300.0,12100,151.59,-1.0,2020-05-18,2020-05,"黄金ETF
518880.XSHG"
2020-05-19 09:34:00,止盈,纳指ETF,513100.XSHG,3.72,1300.0,13000,142.52,0.0,2020-05-19,2020-05,"纳指ETF
513100.XSHG"
2020-05-20 09:32:00,止盈,创业板ETF易方达,159915.XSHE,2.071,2600.0,16000,158.06,-4.0,2020-05-20,2020-05,"创业板ETF易方达
159915.XSHE"
2020-05-22 09:46:00,加仓,创业板ETF易方达,159915.XSHE,2.005,2600.0,18600,,-3.0,2020-05-22,2020-05,"创业板ETF易方达
159915.XSHE"
2020-05-22 14:42:00,加仓,纳指ETF,513100.XSHG,3.603,1300.0,14300,,1.0,2020-05-22,2020-05,"纳指ETF
513100.XSHG"
2020-05-25 09:33:00,加仓,300ETF,510300.XSHG,3.807,1200.0,12300,,0.0,2020-05-25,2020-05,"300ETF
510300.XSHG"
2020-05-25 14:58:00,止盈,纳指ETF,513100.XSHG,3.715,1300.0,13000,145.12,0.0,2020-05-25,2020-05,"纳指ETF
513100.XSHG"
2020-05-27 13:50:00,止盈,纳指ETF,513100.XSHG,3.834,1300.0,11700,154.2,-1.0,2020-05-27,2020-05,"纳指ETF
513100.XSHG"
2020-06-01 09:32:00,止盈,300ETF,510300.XSHG,3.923,1200.0,11100,138.73,-1.0,2020-06-01,2020-06,"300ETF
510300.XSHG"
2020-06-01 10:51:00,止盈,创业板ETF易方达,159915.XSHE,2.066,2600.0,16000,158.06,-4.0,2020-06-01,2020-06,"创业板ETF易方达
159915.XSHE"
2020-06-01 11:26:00,止盈,500ETF,510500.XSHG,6.042,800.0,3600,140.32,-6.0,2020-06-01,2020-06,"500ETF
510500.XSHG"
2020-06-04 09:31:00,加仓,黄金ETF,518880.XSHG,3.818,1300.0,13400,,0.0,2020-06-04,2020-06,"黄金ETF
518880.XSHG"
2020-06-08 09:39:00,止盈,300ETF,510300.XSHG,4.041,1200.0,9900,141.12,-2.0,2020-06-08,2020-06,"300ETF
510300.XSHG"
2020-06-11 09:42:00,止盈,创业板ETF易方达,159915.XSHE,2.128,2600.0,13400,160.65,-5.0,2020-06-11,2020-06,"创业板ETF易方达
159915.XSHE"
2020-06-12 09:31:00,加仓,纳指ETF,513100.XSHG,3.657,1300.0,13000,,0.0,2020-06-12,2020-06,"纳指ETF
513100.XSHG"
2020-06-16 09:54:00,止盈,纳指ETF,513100.XSHG,3.77,1300.0,11700,146.41,-1.0,2020-06-16,2020-06,"纳指ETF
513100.XSHG"
2020-06-17 09:44:00,止盈,创业板ETF易方达,159915.XSHE,2.194,2600.0,10800,171.03,-6.0,2020-06-17,2020-06,"创业板ETF易方达
159915.XSHE"
2020-06-17 10:07:00,止盈,500ETF,510500.XSHG,6.224,800.0,2800,145.1,-7.0,2020-06-17,2020-06,"500ETF
510500.XSHG"
2020-06-22 09:39:00,止盈,创业板ETF易方达,159915.XSHE,2.26,2600.0,8200,171.01,-7.0,2020-06-22,2020-06,"创业板ETF易方达
159915.XSHE"
2020-06-29 09:30:00,止盈,300ETF,510300.XSHG,4.166,1200.0,8700,149.5,-3.0,2020-06-29,2020-06,"300ETF
510300.XSHG"
2020-06-30 09:44:00,止盈,创业板ETF易方达,159915.XSHE,2.329,2600.0,5600,178.79,-8.0,2020-06-30,2020-06,"创业板ETF易方达
159915.XSHE"
2020-06-30 11:26:00,止盈,500ETF,510500.XSHG,6.412,800.0,2000,149.89,-8.0,2020-06-30,2020-06,"500ETF
510500.XSHG"
2020-07-01 13:02:00,止盈,黄金ETF,518880.XSHG,3.933,1300.0,12100,148.99,-1.0,2020-07-01,2020-07,"黄金ETF
518880.XSHG"
2020-07-02 09:42:00,止盈,300ETF,510300.XSHG,4.292,1200.0,7500,150.68,-4.0,2020-07-02,2020-07,"300ETF
510300.XSHG"
2020-07-03 14:26:00,止盈,300ETF,510300.XSHG,4.422,1200.0,6300,155.47,-5.0,2020-07-03,2020-07,"300ETF
510300.XSHG"
2020-07-03 14:34:00,破顶,500ETF,510500.XSHG,6.609,,7500,,,2020-07-03,2020-07,"500ETF
510500.XSHG"
2020-07-06 09:43:00,止盈,300ETF,510300.XSHG,4.557,1200.0,5100,161.45,-6.0,2020-07-06,2020-07,"300ETF
510300.XSHG"
2020-07-06 09:57:00,破顶,创业板ETF易方达,159915.XSHE,2.404,,20700,,,2020-07-06,2020-07,"创业板ETF易方达
159915.XSHE"
2020-07-06 10:20:00,止盈,500ETF,510500.XSHG,6.809,700.0,6800,139.52,-1.0,2020-07-06,2020-07,"500ETF
510500.XSHG"
2020-07-06 13:12:00,止盈,300ETF,510300.XSHG,4.695,1200.0,3900,165.04,-7.0,2020-07-06,2020-07,"300ETF
510300.XSHG"
2020-07-07 09:31:00,止盈,500ETF,510500.XSHG,7.014,700.0,6100,143.01,-2.0,2020-07-07,2020-07,"500ETF
510500.XSHG"
2020-07-07 09:32:00,止盈,300ETF,510300.XSHG,4.842,1200.0,2700,175.82,-8.0,2020-07-07,2020-07,"300ETF
510300.XSHG"
2020-07-07 09:40:00,止盈,创业板ETF易方达,159915.XSHE,2.477,2000.0,18700,145.5,-1.0,2020-07-07,2020-07,"创业板ETF易方达
159915.XSHE"
2020-07-07 13:06:00,止盈,创业板ETF易方达,159915.XSHE,2.552,2000.0,16700,149.49,-2.0,2020-07-07,2020-07,"创业板ETF易方达
159915.XSHE"
2020-07-09 09:52:00,止盈,500ETF,510500.XSHG,7.229,700.0,5400,149.99,-3.0,2020-07-09,2020-07,"500ETF
510500.XSHG"
2020-07-09 10:13:00,止盈,创业板ETF易方达,159915.XSHE,2.629,2000.0,14700,153.47,-3.0,2020-07-09,2020-07,"创业板ETF易方达
159915.XSHE"
2020-07-13 09:31:00,止盈,纳指ETF,513100.XSHG,3.904,1300.0,10400,173.69,-2.0,2020-07-13,2020-07,"纳指ETF
513100.XSHG"
2020-07-13 09:32:00,止盈,创业板ETF易方达,159915.XSHE,2.718,2000.0,12700,177.46,-4.0,2020-07-13,2020-07,"创业板ETF易方达
159915.XSHE"
2020-07-13 10:20:00,止盈,500ETF,510500.XSHG,7.448,700.0,4700,152.78,-4.0,2020-07-13,2020-07,"500ETF
510500.XSHG"
2020-07-13 14:01:00,止盈,创业板ETF易方达,159915.XSHE,2.8,2000.0,10700,163.44,-5.0,2020-07-13,2020-07,"创业板ETF易方达
159915.XSHE"
2020-07-14 13:41:00,加仓,创业板ETF易方达,159915.XSHE,2.712,2000.0,12700,,-4.0,2020-07-14,2020-07,"创业板ETF易方达
159915.XSHE"
2020-07-15 10:09:00,止盈,创业板ETF易方达,159915.XSHE,2.795,2000.0,10700,165.44,-5.0,2020-07-15,2020-07,"创业板ETF易方达
159915.XSHE"
2020-07-15 11:15:00,加仓,创业板ETF易方达,159915.XSHE,2.71,2000.0,12700,,-4.0,2020-07-15,2020-07,"创业板ETF易方达
159915.XSHE"
2020-07-15 13:52:00,止盈,创业板ETF易方达,159915.XSHE,2.792,2000.0,10700,163.44,-5.0,2020-07-15,2020-07,"创业板ETF易方达
159915.XSHE"
2020-07-16 09:33:00,加仓,创业板ETF易方达,159915.XSHE,2.706,2000.0,12700,,-4.0,2020-07-16,2020-07,"创业板ETF易方达
159915.XSHE"
2020-07-16 11:17:00,加仓,500ETF,510500.XSHG,7.224,700.0,5400,,-3.0,2020-07-16,2020-07,"500ETF
510500.XSHG"
2020-07-16 11:20:00,加仓,300ETF,510300.XSHG,4.695,1200.0,3900,,-7.0,2020-07-16,2020-07,"300ETF
510300.XSHG"
2020-07-16 13:30:00,加仓,创业板ETF易方达,159915.XSHE,2.619,2000.0,14700,,-3.0,2020-07-16,2020-07,"创业板ETF易方达
159915.XSHE"
2020-07-16 14:22:00,加仓,500ETF,510500.XSHG,7.001,700.0,6100,,-2.0,2020-07-16,2020-07,"500ETF
510500.XSHG"
2020-07-16 14:58:00,加仓,300ETF,510300.XSHG,4.554,1200.0,5100,,-6.0,2020-07-16,2020-07,"300ETF
510300.XSHG"
2020-07-17 13:32:00,加仓,创业板ETF易方达,159915.XSHE,2.54,2000.0,16700,,-2.0,2020-07-17,2020-07,"创业板ETF易方达
159915.XSHE"
2020-07-20 09:31:00,止盈,创业板ETF易方达,159915.XSHE,2.619,2000.0,14700,157.48,-3.0,2020-07-20,2020-07,"创业板ETF易方达
159915.XSHE"
2020-07-20 10:01:00,加仓,创业板ETF易方达,159915.XSHE,2.534,2000.0,16700,,-2.0,2020-07-20,2020-07,"创业板ETF易方达
159915.XSHE"
2020-07-20 11:00:00,止盈,300ETF,510300.XSHG,4.693,1200.0,3900,166.24,-7.0,2020-07-20,2020-07,"300ETF
510300.XSHG"
2020-07-21 09:31:00,止盈,创业板ETF易方达,159915.XSHE,2.617,2000.0,14700,165.48,-3.0,2020-07-21,2020-07,"创业板ETF易方达
159915.XSHE"
2020-07-21 09:37:00,止盈,500ETF,510500.XSHG,7.213,700.0,5400,147.9,-3.0,2020-07-21,2020-07,"500ETF
510500.XSHG"
2020-07-22 09:31:00,止盈,黄金ETF,518880.XSHG,4.051,1300.0,10800,152.87,-2.0,2020-07-22,2020-07,"黄金ETF
518880.XSHG"
2020-07-22 10:44:00,止盈,创业板ETF易方达,159915.XSHE,2.698,2000.0,12700,161.46,-4.0,2020-07-22,2020-07,"创业板ETF易方达
159915.XSHE"
2020-07-22 10:51:00,止盈,300ETF,510300.XSHG,4.837,1200.0,2700,172.22,-8.0,2020-07-22,2020-07,"300ETF
510300.XSHG"
2020-07-23 10:23:00,加仓,300ETF,510300.XSHG,4.683,1200.0,3900,,-7.0,2020-07-23,2020-07,"300ETF
510300.XSHG"
2020-07-23 11:01:00,加仓,创业板ETF易方达,159915.XSHE,2.615,2000.0,14700,,-3.0,2020-07-23,2020-07,"创业板ETF易方达
159915.XSHE"
2020-07-23 14:07:00,止盈,创业板ETF易方达,159915.XSHE,2.694,2000.0,12700,157.46,-4.0,2020-07-23,2020-07,"创业板ETF易方达
159915.XSHE"
2020-07-24 11:14:00,加仓,创业板ETF易方达,159915.XSHE,2.612,2000.0,14700,,-3.0,2020-07-24,2020-07,"创业板ETF易方达
159915.XSHE"
2020-07-24 13:12:00,加仓,500ETF,510500.XSHG,6.994,700.0,6100,,-2.0,2020-07-24,2020-07,"500ETF
510500.XSHG"
2020-07-24 14:08:00,加仓,300ETF,510300.XSHG,4.54,1200.0,5100,,-6.0,2020-07-24,2020-07,"300ETF
510300.XSHG"
2020-07-24 14:10:00,加仓,创业板ETF易方达,159915.XSHE,2.529,2000.0,16700,,-2.0,2020-07-24,2020-07,"创业板ETF易方达
159915.XSHE"
2020-07-27 09:46:00,止盈,黄金ETF,518880.XSHG,4.173,1300.0,9500,158.06,-3.0,2020-07-27,2020-07,"黄金ETF
518880.XSHG"
2020-07-29 09:53:00,止盈,创业板ETF易方达,159915.XSHE,2.605,2000.0,14700,151.48,-3.0,2020-07-29,2020-07,"创业板ETF易方达
159915.XSHE"
2020-07-29 10:15:00,止盈,300ETF,510300.XSHG,4.677,1200.0,3900,163.84,-7.0,2020-07-29,2020-07,"300ETF
510300.XSHG"
2020-07-30 09:32:00,止盈,500ETF,510500.XSHG,7.205,700.0,5400,147.2,-3.0,2020-07-30,2020-07,"500ETF
510500.XSHG"
2020-07-30 09:32:00,止盈,创业板ETF易方达,159915.XSHE,2.685,2000.0,12700,159.46,-4.0,2020-07-30,2020-07,"创业板ETF易方达
159915.XSHE"
2020-08-03 11:11:00,止盈,300ETF,510300.XSHG,4.819,1200.0,2700,169.82,-8.0,2020-08-03,2020-08,"300ETF
510300.XSHG"
2020-08-03 11:12:00,止盈,创业板ETF易方达,159915.XSHE,2.766,2000.0,10700,161.45,-5.0,2020-08-03,2020-08,"创业板ETF易方达
159915.XSHE"
2020-08-05 09:31:00,止盈,黄金ETF,518880.XSHG,4.3,1300.0,8200,164.54,-4.0,2020-08-05,2020-08,"黄金ETF
518880.XSHG"
2020-08-05 11:26:00,止盈,500ETF,510500.XSHG,7.426,700.0,4700,154.18,-4.0,2020-08-05,2020-08,"500ETF
510500.XSHG"
2020-08-07 10:00:00,加仓,创业板ETF易方达,159915.XSHE,2.683,2000.0,12700,,-4.0,2020-08-07,2020-08,"创业板ETF易方达
159915.XSHE"
2020-08-11 14:52:00,加仓,创业板ETF易方达,159915.XSHE,2.6,2000.0,14700,,-3.0,2020-08-11,2020-08,"创业板ETF易方达
159915.XSHE"
2020-08-12 09:31:00,加仓,黄金ETF,518880.XSHG,4.02,1300.0,9500,,-3.0,2020-08-12,2020-08,"黄金ETF
518880.XSHG"
2020-08-12 09:42:00,加仓,500ETF,510500.XSHG,7.198,700.0,5400,,-3.0,2020-08-12,2020-08,"500ETF
510500.XSHG"
2020-08-12 10:18:00,加仓,300ETF,510300.XSHG,4.67,1200.0,3900,,-7.0,2020-08-12,2020-08,"300ETF
510300.XSHG"
2020-08-12 10:22:00,加仓,创业板ETF易方达,159915.XSHE,2.522,2000.0,16700,,-2.0,2020-08-12,2020-08,"创业板ETF易方达
159915.XSHE"
2020-08-13 09:31:00,止盈,纳指ETF,513100.XSHG,4.036,1300.0,9100,171.08,-3.0,2020-08-13,2020-08,"纳指ETF
513100.XSHG"
2020-08-14 09:31:00,止盈,黄金ETF,518880.XSHG,4.141,1300.0,8200,156.76,-4.0,2020-08-14,2020-08,"黄金ETF
518880.XSHG"
2020-08-17 09:42:00,止盈,300ETF,510300.XSHG,4.811,1200.0,2700,168.62,-8.0,2020-08-17,2020-08,"300ETF
510300.XSHG"
2020-08-17 10:58:00,止盈,创业板ETF易方达,159915.XSHE,2.598,2000.0,14700,151.48,-3.0,2020-08-17,2020-08,"创业板ETF易方达
159915.XSHE"
2020-08-18 09:33:00,止盈,500ETF,510500.XSHG,7.419,700.0,4700,154.18,-4.0,2020-08-18,2020-08,"500ETF
510500.XSHG"
2020-08-20 09:31:00,加仓,创业板ETF易方达,159915.XSHE,2.502,2000.0,16700,,-2.0,2020-08-20,2020-08,"创业板ETF易方达
159915.XSHE"
2020-08-21 09:54:00,止盈,纳指ETF,513100.XSHG,4.159,1300.0,7800,159.36,-4.0,2020-08-21,2020-08,"纳指ETF
513100.XSHG"
2020-08-24 09:37:00,止盈,纳指ETF,513100.XSHG,4.295,1300.0,6500,176.24,-5.0,2020-08-24,2020-08,"纳指ETF
513100.XSHG"
2020-08-24 10:46:00,止盈,创业板ETF易方达,159915.XSHE,2.579,2000.0,14700,153.48,-3.0,2020-08-24,2020-08,"创业板ETF易方达
159915.XSHE"
2020-08-24 13:29:00,止盈,纳指ETF,513100.XSHG,4.426,1300.0,5200,169.72,-6.0,2020-08-24,2020-08,"纳指ETF
513100.XSHG"
2020-08-25 13:50:00,止盈,纳指ETF,513100.XSHG,4.56,1300.0,3900,173.61,-7.0,2020-08-25,2020-08,"纳指ETF
513100.XSHG"
2020-08-26 10:15:00,加仓,纳指ETF,513100.XSHG,4.423,1300.0,5200,,-6.0,2020-08-26,2020-08,"纳指ETF
513100.XSHG"
2020-08-26 13:21:00,止盈,纳指ETF,513100.XSHG,4.557,1300.0,3900,173.61,-7.0,2020-08-26,2020-08,"纳指ETF
513100.XSHG"
2020-08-26 13:51:00,加仓,500ETF,510500.XSHG,7.191,700.0,5400,,-3.0,2020-08-26,2020-08,"500ETF
510500.XSHG"
2020-08-27 14:58:00,止盈,纳指ETF,513100.XSHG,4.695,1300.0,2600,178.79,-8.0,2020-08-27,2020-08,"纳指ETF
513100.XSHG"
2020-08-28 10:41:00,破顶,纳指ETF,513100.XSHG,4.856,,10200,,,2020-08-28,2020-08,"纳指ETF
513100.XSHG"
2020-08-28 14:04:00,加仓,纳指ETF,513100.XSHG,4.708,1000.0,11200,,1.0,2020-08-28,2020-08,"纳指ETF
513100.XSHG"
2020-08-28 14:11:00,止盈,创业板ETF易方达,159915.XSHE,2.657,2000.0,12700,155.47,-4.0,2020-08-28,2020-08,"创业板ETF易方达
159915.XSHE"
2020-08-31 09:31:00,止盈,纳指ETF,513100.XSHG,4.885,1000.0,10200,176.51,0.0,2020-08-31,2020-08,"纳指ETF
513100.XSHG"
2020-08-31 09:33:00,破顶,300ETF,510300.XSHG,4.96,,10000,,,2020-08-31,2020-08,"300ETF
510300.XSHG"
2020-08-31 09:34:00,止盈,500ETF,510500.XSHG,7.408,700.0,4700,151.38,-4.0,2020-08-31,2020-08,"500ETF
510500.XSHG"
2020-08-31 14:53:00,止盈,纳指ETF,513100.XSHG,5.032,1000.0,9200,146.5,-1.0,2020-08-31,2020-08,"纳指ETF
513100.XSHG"
2020-09-01 09:32:00,止盈,纳指ETF,513100.XSHG,5.218,1000.0,8200,185.48,-2.0,2020-09-01,2020-09,"纳指ETF
513100.XSHG"
2020-09-01 13:50:00,加仓,纳指ETF,513100.XSHG,5.009,1000.0,9200,,-1.0,2020-09-01,2020-09,"纳指ETF
513100.XSHG"
2020-09-02 09:31:00,止盈,纳指ETF,513100.XSHG,5.17,1000.0,8200,160.48,-2.0,2020-09-02,2020-09,"纳指ETF
513100.XSHG"
2020-09-03 14:02:00,止盈,纳指ETF,513100.XSHG,5.338,1000.0,7200,167.47,-3.0,2020-09-03,2020-09,"纳指ETF
513100.XSHG"
2020-09-04 09:31:00,加仓,纳指ETF,513100.XSHG,4.953,1000.0,8200,,-2.0,2020-09-04,2020-09,"纳指ETF
513100.XSHG"
2020-09-04 09:33:00,加仓,300ETF,510300.XSHG,4.808,1000.0,11000,,1.0,2020-09-04,2020-09,"300ETF
510300.XSHG"
2020-09-04 14:40:00,加仓,纳指ETF,513100.XSHG,4.799,1000.0,9200,,-1.0,2020-09-04,2020-09,"纳指ETF
513100.XSHG"
2020-09-07 10:36:00,加仓,纳指ETF,513100.XSHG,4.645,1000.0,10200,,0.0,2020-09-07,2020-09,"纳指ETF
513100.XSHG"
2020-09-07 13:26:00,加仓,纳指ETF,513100.XSHG,4.505,1000.0,11200,,1.0,2020-09-07,2020-09,"纳指ETF
513100.XSHG"
2020-09-07 14:08:00,加仓,500ETF,510500.XSHG,7.18,700.0,5400,,-3.0,2020-09-07,2020-09,"500ETF
510500.XSHG"
2020-09-07 14:10:00,加仓,创业板ETF易方达,159915.XSHE,2.576,2000.0,14700,,-3.0,2020-09-07,2020-09,"创业板ETF易方达
159915.XSHE"
2020-09-08 14:40:00,止盈,纳指ETF,513100.XSHG,4.641,1000.0,10200,135.54,0.0,2020-09-08,2020-09,"纳指ETF
513100.XSHG"
2020-09-09 09:31:00,加仓,纳指ETF,513100.XSHG,4.393,1000.0,11200,,1.0,2020-09-09,2020-09,"纳指ETF
513100.XSHG"
2020-09-09 09:42:00,加仓,创业板ETF易方达,159915.XSHE,2.498,2000.0,16700,,-2.0,2020-09-09,2020-09,"创业板ETF易方达
159915.XSHE"
2020-09-09 10:11:00,加仓,300ETF,510300.XSHG,4.661,1000.0,12000,,2.0,2020-09-09,2020-09,"300ETF
510300.XSHG"
2020-09-09 10:37:00,加仓,500ETF,510500.XSHG,6.963,700.0,6100,,-2.0,2020-09-09,2020-09,"500ETF
510500.XSHG"
2020-09-09 13:14:00,止盈,纳指ETF,513100.XSHG,4.53,1000.0,10200,136.55,0.0,2020-09-09,2020-09,"纳指ETF
513100.XSHG"
2020-09-10 09:33:00,止盈,纳指ETF,513100.XSHG,4.67,1000.0,9200,139.53,-1.0,2020-09-10,2020-09,"纳指ETF
513100.XSHG"
2020-09-10 14:16:00,加仓,创业板ETF易方达,159915.XSHE,2.423,2000.0,18700,,-1.0,2020-09-10,2020-09,"创业板ETF易方达
159915.XSHE"
2020-09-11 09:31:00,加仓,纳指ETF,513100.XSHG,4.501,1000.0,10200,,0.0,2020-09-11,2020-09,"纳指ETF
513100.XSHG"
2020-09-14 09:55:00,止盈,创业板ETF易方达,159915.XSHE,2.496,2000.0,16700,145.5,-2.0,2020-09-14,2020-09,"创业板ETF易方达
159915.XSHE"
2020-09-14 14:45:00,止盈,纳指ETF,513100.XSHG,4.651,1000.0,9200,149.53,-1.0,2020-09-14,2020-09,"纳指ETF
513100.XSHG"
2020-09-15 13:35:00,止盈,纳指ETF,513100.XSHG,4.795,1000.0,8200,143.52,-2.0,2020-09-15,2020-09,"纳指ETF
513100.XSHG"
2020-09-16 09:32:00,止盈,纳指ETF,513100.XSHG,4.958,1000.0,7200,162.5,-3.0,2020-09-16,2020-09,"纳指ETF
513100.XSHG"
2020-09-16 14:52:00,加仓,纳指ETF,513100.XSHG,4.76,1000.0,8200,,-2.0,2020-09-16,2020-09,"纳指ETF
513100.XSHG"
2020-09-17 14:56:00,加仓,纳指ETF,513100.XSHG,4.613,1000.0,9200,,-1.0,2020-09-17,2020-09,"纳指ETF
513100.XSHG"
2020-09-18 14:29:00,止盈,300ETF,510300.XSHG,4.803,1000.0,11000,141.52,1.0,2020-09-18,2020-09,"300ETF
510300.XSHG"
2020-09-18 14:58:00,止盈,纳指ETF,513100.XSHG,4.756,1000.0,8200,142.52,-2.0,2020-09-18,2020-09,"纳指ETF
513100.XSHG"
2020-09-22 09:31:00,加仓,黄金ETF,518880.XSHG,3.978,1300.0,9500,,-3.0,2020-09-22,2020-09,"黄金ETF
518880.XSHG"
2020-09-22 14:53:00,加仓,纳指ETF,513100.XSHG,4.613,1000.0,9200,,-1.0,2020-09-22,2020-09,"纳指ETF
513100.XSHG"
2020-09-24 09:57:00,加仓,300ETF,510300.XSHG,4.658,1000.0,12000,,2.0,2020-09-24,2020-09,"300ETF
510300.XSHG"
2020-09-24 13:03:00,加仓,纳指ETF,513100.XSHG,4.468,1000.0,10200,,0.0,2020-09-24,2020-09,"纳指ETF
513100.XSHG"
2020-09-29 10:22:00,止盈,纳指ETF,513100.XSHG,4.605,1000.0,9200,136.54,-1.0,2020-09-29,2020-09,"纳指ETF
513100.XSHG"
2020-10-09 10:31:00,止盈,创业板ETF易方达,159915.XSHE,2.572,2000.0,14700,151.49,-3.0,2020-10-09,2020-10,"创业板ETF易方达
159915.XSHE"
2020-10-12 09:41:00,止盈,300ETF,510300.XSHG,4.798,1000.0,11000,139.52,1.0,2020-10-12,2020-10,"300ETF
510300.XSHG"
2020-10-12 11:13:00,止盈,创业板ETF易方达,159915.XSHE,2.65,2000.0,12700,155.47,-4.0,2020-10-12,2020-10,"创业板ETF易方达
159915.XSHE"
2020-10-12 13:11:00,止盈,500ETF,510500.XSHG,7.173,700.0,5400,146.5,-3.0,2020-10-12,2020-10,"500ETF
510500.XSHG"
2020-10-13 09:32:00,止盈,纳指ETF,513100.XSHG,4.745,1000.0,8200,139.53,-2.0,2020-10-13,2020-10,"纳指ETF
513100.XSHG"
2020-10-15 14:36:00,加仓,纳指ETF,513100.XSHG,4.602,1000.0,9200,,-1.0,2020-10-15,2020-10,"纳指ETF
513100.XSHG"
2020-10-22 09:34:00,加仓,500ETF,510500.XSHG,6.955,700.0,6100,,-2.0,2020-10-22,2020-10,"500ETF
510500.XSHG"
2020-10-22 10:04:00,加仓,创业板ETF易方达,159915.XSHE,2.57,2000.0,14700,,-3.0,2020-10-22,2020-10,"创业板ETF易方达
159915.XSHE"
2020-10-23 14:18:00,加仓,纳指ETF,513100.XSHG,4.459,1000.0,10200,,0.0,2020-10-23,2020-10,"纳指ETF
513100.XSHG"
2020-10-26 09:32:00,加仓,创业板ETF易方达,159915.XSHE,2.488,2000.0,16700,,-2.0,2020-10-26,2020-10,"创业板ETF易方达
159915.XSHE"
2020-10-28 11:23:00,止盈,创业板ETF易方达,159915.XSHE,2.563,2000.0,14700,149.49,-3.0,2020-10-28,2020-10,"创业板ETF易方达
159915.XSHE"
2020-10-29 09:31:00,加仓,纳指ETF,513100.XSHG,4.244,1000.0,11200,,1.0,2020-10-29,2020-10,"纳指ETF
513100.XSHG"
2020-10-30 14:10:00,加仓,500ETF,510500.XSHG,6.744,700.0,6800,,-1.0,2020-10-30,2020-10,"500ETF
510500.XSHG"
2020-11-03 10:48:00,止盈,创业板ETF易方达,159915.XSHE,2.641,2000.0,12700,155.47,-4.0,2020-11-03,2020-11,"创业板ETF易方达
159915.XSHE"
2020-11-03 14:03:00,止盈,纳指ETF,513100.XSHG,4.374,1000.0,10200,129.56,0.0,2020-11-03,2020-11,"纳指ETF
513100.XSHG"
2020-11-04 09:32:00,止盈,纳指ETF,513100.XSHG,4.532,1000.0,9200,157.55,-1.0,2020-11-04,2020-11,"纳指ETF
513100.XSHG"
2020-11-04 13:40:00,止盈,纳指ETF,513100.XSHG,4.687,1000.0,8200,154.53,-2.0,2020-11-04,2020-11,"纳指ETF
513100.XSHG"
2020-11-05 09:32:00,止盈,纳指ETF,513100.XSHG,4.847,1000.0,7200,159.52,-3.0,2020-11-05,2020-11,"纳指ETF
513100.XSHG"
2020-11-05 09:35:00,止盈,300ETF,510300.XSHG,4.947,1000.0,10000,148.51,0.0,2020-11-05,2020-11,"300ETF
510300.XSHG"
2020-11-05 09:46:00,止盈,500ETF,510500.XSHG,6.954,700.0,6100,146.51,-2.0,2020-11-05,2020-11,"500ETF
510500.XSHG"
2020-11-05 10:26:00,加仓,纳指ETF,513100.XSHG,4.692,1000.0,8200,,-2.0,2020-11-05,2020-11,"纳指ETF
513100.XSHG"
2020-11-06 10:38:00,加仓,纳指ETF,513100.XSHG,4.545,1000.0,9200,,-1.0,2020-11-06,2020-11,"纳指ETF
513100.XSHG"
2020-11-09 11:21:00,止盈,创业板ETF易方达,159915.XSHE,2.724,2000.0,10700,165.46,-5.0,2020-11-09,2020-11,"创业板ETF易方达
159915.XSHE"
2020-11-10 09:31:00,加仓,黄金ETF,518880.XSHG,3.853,1300.0,10800,,-2.0,2020-11-10,2020-11,"黄金ETF
518880.XSHG"
2020-11-11 09:32:00,加仓,纳指ETF,513100.XSHG,4.404,1000.0,10200,,0.0,2020-11-11,2020-11,"纳指ETF
513100.XSHG"
2020-11-11 10:15:00,加仓,创业板ETF易方达,159915.XSHE,2.64,2000.0,12700,,-4.0,2020-11-11,2020-11,"创业板ETF易方达
159915.XSHE"
2020-11-17 10:55:00,加仓,创业板ETF易方达,159915.XSHE,2.56,2000.0,14700,,-3.0,2020-11-17,2020-11,"创业板ETF易方达
159915.XSHE"
2020-11-19 09:31:00,加仓,纳指ETF,513100.XSHG,4.262,1000.0,11200,,1.0,2020-11-19,2020-11,"纳指ETF
513100.XSHG"
2020-11-23 13:08:00,止盈,500ETF,510500.XSHG,7.164,700.0,5400,146.5,-3.0,2020-11-23,2020-11,"500ETF
510500.XSHG"
2020-11-23 13:43:00,止盈,300ETF,510300.XSHG,5.096,1000.0,9000,148.49,-1.0,2020-11-23,2020-11,"300ETF
510300.XSHG"
2020-11-25 09:31:00,加仓,黄金ETF,518880.XSHG,3.725,1300.0,12100,,-1.0,2020-11-25,2020-11,"黄金ETF
518880.XSHG"
2020-11-26 10:55:00,加仓,500ETF,510500.XSHG,6.949,700.0,6100,,-2.0,2020-11-26,2020-11,"500ETF
510500.XSHG"
2020-11-26 10:55:00,加仓,300ETF,510300.XSHG,4.942,1000.0,10000,,0.0,2020-11-26,2020-11,"300ETF
510300.XSHG"
2020-11-30 09:39:00,止盈,300ETF,510300.XSHG,5.091,1000.0,9000,148.49,-1.0,2020-11-30,2020-11,"300ETF
510300.XSHG"
2020-11-30 11:00:00,加仓,黄金ETF,518880.XSHG,3.609,1300.0,13400,,0.0,2020-11-30,2020-11,"黄金ETF
518880.XSHG"
2020-12-02 09:31:00,止盈,纳指ETF,513100.XSHG,4.416,1000.0,10200,153.56,0.0,2020-12-02,2020-12,"纳指ETF
513100.XSHG"
2020-12-03 09:31:00,止盈,黄金ETF,518880.XSHG,3.728,1300.0,12100,154.22,-1.0,2020-12-03,2020-12,"黄金ETF
518880.XSHG"
2020-12-04 13:53:00,止盈,创业板ETF易方达,159915.XSHE,2.637,2000.0,12700,153.47,-4.0,2020-12-04,2020-12,"创业板ETF易方达
159915.XSHE"
2020-12-10 09:31:00,加仓,纳指ETF,513100.XSHG,4.204,1000.0,11200,,1.0,2020-12-10,2020-12,"纳指ETF
513100.XSHG"
2020-12-11 11:24:00,加仓,300ETF,510300.XSHG,4.938,1000.0,10000,,0.0,2020-12-11,2020-12,"300ETF
510300.XSHG"
2020-12-17 13:46:00,止盈,300ETF,510300.XSHG,5.087,1000.0,9000,148.49,-1.0,2020-12-17,2020-12,"300ETF
510300.XSHG"
2020-12-18 11:27:00,止盈,黄金ETF,518880.XSHG,3.84,1300.0,10800,145.1,-2.0,2020-12-18,2020-12,"黄金ETF
518880.XSHG"
2020-12-21 10:05:00,止盈,创业板ETF易方达,159915.XSHE,2.717,2000.0,10700,159.46,-5.0,2020-12-21,2020-12,"创业板ETF易方达
159915.XSHE"
2020-12-21 10:54:00,止盈,纳指ETF,513100.XSHG,4.333,1000.0,10200,128.57,0.0,2020-12-21,2020-12,"纳指ETF
513100.XSHG"
2020-12-30 13:09:00,止盈,创业板ETF易方达,159915.XSHE,2.8,2000.0,8700,165.44,-6.0,2020-12-30,2020-12,"创业板ETF易方达
159915.XSHE"
2020-12-31 09:40:00,止盈,300ETF,510300.XSHG,5.244,1000.0,8000,156.48,-2.0,2020-12-31,2020-12,"300ETF
510300.XSHG"
2021-01-04 09:44:00,止盈,创业板ETF易方达,159915.XSHE,2.886,2000.0,6700,171.42,-7.0,2021-01-04,2021-01,"创业板ETF易方达
159915.XSHE"
2021-01-04 11:08:00,止盈,创业板ETF易方达,159915.XSHE,2.976,2000.0,4700,179.4,-8.0,2021-01-04,2021-01,"创业板ETF易方达
159915.XSHE"
2021-01-04 13:00:00,止盈,500ETF,510500.XSHG,7.158,700.0,5400,145.8,-3.0,2021-01-04,2021-01,"500ETF
510500.XSHG"
2021-01-05 13:50:00,止盈,300ETF,510300.XSHG,5.402,1000.0,7000,157.46,-3.0,2021-01-05,2021-01,"300ETF
510300.XSHG"
2021-01-07 14:37:00,止盈,300ETF,510300.XSHG,5.567,1000.0,6000,164.44,-4.0,2021-01-07,2021-01,"300ETF
510300.XSHG"
2021-01-08 09:31:00,破顶,创业板ETF易方达,159915.XSHE,3.07,,16200,,,2021-01-08,2021-01,"创业板ETF易方达
159915.XSHE"
2021-01-11 09:31:00,加仓,黄金ETF,518880.XSHG,3.722,1300.0,12100,,-1.0,2021-01-11,2021-01,"黄金ETF
518880.XSHG"
2021-01-11 14:12:00,加仓,创业板ETF易方达,159915.XSHE,2.977,1600.0,17800,,1.0,2021-01-11,2021-01,"创业板ETF易方达
159915.XSHE"
2021-01-12 14:56:00,止盈,创业板ETF易方达,159915.XSHE,3.068,1600.0,16200,145.11,0.0,2021-01-12,2021-01,"创业板ETF易方达
159915.XSHE"
2021-01-14 09:53:00,加仓,创业板ETF易方达,159915.XSHE,2.975,1600.0,17800,,1.0,2021-01-14,2021-01,"创业板ETF易方达
159915.XSHE"
2021-01-20 09:57:00,止盈,创业板ETF易方达,159915.XSHE,3.065,1600.0,16200,143.51,0.0,2021-01-20,2021-01,"创业板ETF易方达
159915.XSHE"
2021-01-21 11:19:00,止盈,创业板ETF易方达,159915.XSHE,3.158,1600.0,14600,148.29,-1.0,2021-01-21,2021-01,"创业板ETF易方达
159915.XSHE"
2021-01-25 09:35:00,止盈,纳指ETF,513100.XSHG,4.466,1000.0,9200,132.55,-1.0,2021-01-25,2021-01,"纳指ETF
513100.XSHG"
2021-01-25 09:37:00,止盈,创业板ETF易方达,159915.XSHE,3.257,1600.0,13000,157.88,-2.0,2021-01-25,2021-01,"创业板ETF易方达
159915.XSHE"
2021-01-25 10:17:00,止盈,500ETF,510500.XSHG,7.378,700.0,4700,153.48,-4.0,2021-01-25,2021-01,"500ETF
510500.XSHG"
2021-01-26 10:43:00,加仓,创业板ETF易方达,159915.XSHE,3.158,1600.0,14600,,-1.0,2021-01-26,2021-01,"创业板ETF易方达
159915.XSHE"
2021-01-28 10:50:00,加仓,300ETF,510300.XSHG,5.398,1000.0,7000,,-3.0,2021-01-28,2021-01,"300ETF
510300.XSHG"
2021-01-28 11:12:00,加仓,500ETF,510500.XSHG,7.154,700.0,5400,,-3.0,2021-01-28,2021-01,"500ETF
510500.XSHG"
2021-01-28 14:38:00,加仓,创业板ETF易方达,159915.XSHE,3.062,1600.0,16200,,0.0,2021-01-28,2021-01,"创业板ETF易方达
159915.XSHE"
2021-01-28 14:55:00,加仓,纳指ETF,513100.XSHG,4.332,1000.0,10200,,0.0,2021-01-28,2021-01,"纳指ETF
513100.XSHG"
2021-01-29 14:30:00,加仓,创业板ETF易方达,159915.XSHE,2.97,1600.0,17800,,1.0,2021-01-29,2021-01,"创业板ETF易方达
159915.XSHE"
2021-01-29 14:31:00,加仓,500ETF,510500.XSHG,6.936,700.0,6100,,-2.0,2021-01-29,2021-01,"500ETF
510500.XSHG"
2021-02-01 10:01:00,止盈,创业板ETF易方达,159915.XSHE,3.06,1600.0,16200,143.51,0.0,2021-02-01,2021-02,"创业板ETF易方达
159915.XSHE"
2021-02-03 09:31:00,止盈,纳指ETF,513100.XSHG,4.515,1000.0,9200,182.55,-1.0,2021-02-03,2021-02,"纳指ETF
513100.XSHG"
2021-02-03 11:21:00,止盈,500ETF,510500.XSHG,7.145,700.0,5400,145.8,-3.0,2021-02-03,2021-02,"500ETF
510500.XSHG"
2021-02-03 11:27:00,止盈,创业板ETF易方达,159915.XSHE,3.152,1600.0,14600,146.7,-1.0,2021-02-03,2021-02,"创业板ETF易方达
159915.XSHE"
2021-02-04 13:10:00,加仓,创业板ETF易方达,159915.XSHE,3.055,1600.0,16200,,0.0,2021-02-04,2021-02,"创业板ETF易方达
159915.XSHE"
2021-02-05 14:35:00,加仓,500ETF,510500.XSHG,6.93,700.0,6100,,-2.0,2021-02-05,2021-02,"500ETF
510500.XSHG"
2021-02-08 11:16:00,止盈,300ETF,510300.XSHG,5.562,1000.0,6000,163.44,-4.0,2021-02-08,2021-02,"300ETF
510300.XSHG"
2021-02-09 10:31:00,止盈,创业板ETF易方达,159915.XSHE,3.18,1600.0,14600,199.49,-1.0,2021-02-09,2021-02,"创业板ETF易方达
159915.XSHE"
2021-02-09 13:13:00,止盈,500ETF,510500.XSHG,7.138,700.0,5400,145.1,-3.0,2021-02-09,2021-02,"500ETF
510500.XSHG"
2021-02-10 09:54:00,止盈,300ETF,510300.XSHG,5.731,1000.0,5000,168.43,-5.0,2021-02-10,2021-02,"300ETF
510300.XSHG"
2021-02-10 11:22:00,止盈,创业板ETF易方达,159915.XSHE,3.279,1600.0,13000,157.88,-2.0,2021-02-10,2021-02,"创业板ETF易方达
159915.XSHE"
2021-02-18 09:31:00,止盈,500ETF,510500.XSHG,7.361,700.0,4700,155.58,-4.0,2021-02-18,2021-02,"500ETF
510500.XSHG"
2021-02-18 09:31:00,止盈,300ETF,510300.XSHG,5.924,1000.0,4000,192.41,-6.0,2021-02-18,2021-02,"300ETF
510300.XSHG"
2021-02-19 09:31:00,加仓,300ETF,510300.XSHG,5.744,1000.0,5000,,-5.0,2021-02-19,2021-02,"300ETF
510300.XSHG"
2021-02-19 09:32:00,加仓,创业板ETF易方达,159915.XSHE,3.176,1600.0,14600,,-1.0,2021-02-19,2021-02,"创业板ETF易方达
159915.XSHE"
2021-02-22 13:08:00,加仓,创业板ETF易方达,159915.XSHE,3.08,1600.0,16200,,0.0,2021-02-22,2021-02,"创业板ETF易方达
159915.XSHE"
2021-02-23 09:31:00,加仓,300ETF,510300.XSHG,5.564,1000.0,6000,,-4.0,2021-02-23,2021-02,"300ETF
510300.XSHG"
2021-02-24 09:55:00,加仓,创业板ETF易方达,159915.XSHE,2.984,1600.0,17800,,1.0,2021-02-24,2021-02,"创业板ETF易方达
159915.XSHE"
2021-02-24 10:52:00,加仓,纳指ETF,513100.XSHG,4.376,1000.0,10200,,0.0,2021-02-24,2021-02,"纳指ETF
513100.XSHG"
2021-02-24 14:07:00,加仓,创业板ETF易方达,159915.XSHE,2.893,1600.0,19400,,2.0,2021-02-24,2021-02,"创业板ETF易方达
159915.XSHE"
2021-02-24 14:10:00,加仓,300ETF,510300.XSHG,5.395,1000.0,7000,,-3.0,2021-02-24,2021-02,"300ETF
510300.XSHG"
2021-02-26 09:31:00,加仓,500ETF,510500.XSHG,7.103,700.0,5400,,-3.0,2021-02-26,2021-02,"500ETF
510500.XSHG"
2021-02-26 09:37:00,加仓,创业板ETF易方达,159915.XSHE,2.806,1600.0,21000,,3.0,2021-02-26,2021-02,"创业板ETF易方达
159915.XSHE"
2021-02-26 13:31:00,加仓,纳指ETF,513100.XSHG,4.243,1000.0,11200,,1.0,2021-02-26,2021-02,"纳指ETF
513100.XSHG"
2021-02-26 13:49:00,加仓,黄金ETF,518880.XSHG,3.61,1300.0,13400,,0.0,2021-02-26,2021-02,"黄金ETF
518880.XSHG"
2021-03-01 14:52:00,止盈,创业板ETF易方达,159915.XSHE,2.892,1600.0,19400,137.14,2.0,2021-03-01,2021-03,"创业板ETF易方达
159915.XSHE"
2021-03-02 09:31:00,止盈,纳指ETF,513100.XSHG,4.43,1000.0,10200,186.56,0.0,2021-03-02,2021-03,"纳指ETF
513100.XSHG"
2021-03-04 09:31:00,加仓,纳指ETF,513100.XSHG,4.258,1000.0,11200,,1.0,2021-03-04,2021-03,"纳指ETF
513100.XSHG"
2021-03-04 10:13:00,加仓,创业板ETF易方达,159915.XSHE,2.803,1600.0,21000,,3.0,2021-03-04,2021-03,"创业板ETF易方达
159915.XSHE"
2021-03-05 09:31:00,加仓,黄金ETF,518880.XSHG,3.466,1300.0,14700,,1.0,2021-03-05,2021-03,"黄金ETF
518880.XSHG"
2021-03-05 09:31:00,加仓,300ETF,510300.XSHG,5.209,1000.0,8000,,-2.0,2021-03-05,2021-03,"300ETF
510300.XSHG"
2021-03-05 09:31:00,加仓,创业板ETF易方达,159915.XSHE,2.712,1600.0,22600,,4.0,2021-03-05,2021-03,"创业板ETF易方达
159915.XSHE"
2021-03-05 09:34:00,加仓,纳指ETF,513100.XSHG,4.13,1000.0,12200,,2.0,2021-03-05,2021-03,"纳指ETF
513100.XSHG"
2021-03-05 14:04:00,止盈,创业板ETF易方达,159915.XSHE,2.794,1600.0,21000,130.75,3.0,2021-03-05,2021-03,"创业板ETF易方达
159915.XSHE"
2021-03-08 11:19:00,加仓,创业板ETF易方达,159915.XSHE,2.71,1600.0,22600,,4.0,2021-03-08,2021-03,"创业板ETF易方达
159915.XSHE"
2021-03-09 09:31:00,加仓,创业板ETF易方达,159915.XSHE,2.621,1600.0,24200,,5.0,2021-03-09,2021-03,"创业板ETF易方达
159915.XSHE"
2021-03-09 09:34:00,加仓,500ETF,510500.XSHG,6.885,700.0,6100,,-2.0,2021-03-09,2021-03,"500ETF
510500.XSHG"
2021-03-09 09:34:00,加仓,300ETF,510300.XSHG,5.049,1000.0,9000,,-1.0,2021-03-09,2021-03,"300ETF
510300.XSHG"
2021-03-09 09:58:00,加仓,创业板ETF易方达,159915.XSHE,2.538,1600.0,25800,,6.0,2021-03-09,2021-03,"创业板ETF易方达
159915.XSHE"
2021-03-09 11:13:00,止盈,创业板ETF易方达,159915.XSHE,2.615,1600.0,24200,122.78,5.0,2021-03-09,2021-03,"创业板ETF易方达
159915.XSHE"
2021-03-10 09:31:00,止盈,纳指ETF,513100.XSHG,4.272,1000.0,11200,141.57,1.0,2021-03-10,2021-03,"纳指ETF
513100.XSHG"
2021-03-11 10:32:00,止盈,黄金ETF,518880.XSHG,3.57,1300.0,13400,134.74,0.0,2021-03-11,2021-03,"黄金ETF
518880.XSHG"
2021-03-15 14:07:00,加仓,创业板ETF易方达,159915.XSHE,2.535,1600.0,25800,,6.0,2021-03-15,2021-03,"创业板ETF易方达
159915.XSHE"
2021-03-17 10:17:00,止盈,创业板ETF易方达,159915.XSHE,2.612,1600.0,24200,122.78,5.0,2021-03-17,2021-03,"创业板ETF易方达
159915.XSHE"
2021-03-18 09:31:00,止盈,纳指ETF,513100.XSHG,4.409,1000.0,10200,136.56,0.0,2021-03-18,2021-03,"纳指ETF
513100.XSHG"
2021-03-19 09:31:00,加仓,纳指ETF,513100.XSHG,4.272,1000.0,11200,,1.0,2021-03-19,2021-03,"纳指ETF
513100.XSHG"
2021-03-24 14:08:00,加仓,创业板ETF易方达,159915.XSHE,2.533,1600.0,25800,,6.0,2021-03-24,2021-03,"创业板ETF易方达
159915.XSHE"
2021-03-25 09:38:00,加仓,300ETF,510300.XSHG,4.894,1000.0,10000,,0.0,2021-03-25,2021-03,"300ETF
510300.XSHG"
2021-03-26 09:46:00,止盈,创业板ETF易方达,159915.XSHE,2.609,1600.0,24200,121.18,5.0,2021-03-26,2021-03,"创业板ETF易方达
159915.XSHE"
2021-03-26 14:00:00,止盈,300ETF,510300.XSHG,5.043,1000.0,9000,148.5,-1.0,2021-03-26,2021-03,"300ETF
510300.XSHG"
2021-04-01 09:37:00,止盈,创业板ETF易方达,159915.XSHE,2.69,1600.0,22600,129.17,4.0,2021-04-01,2021-04,"创业板ETF易方达
159915.XSHE"
2021-04-01 10:04:00,止盈,纳指ETF,513100.XSHG,4.401,1000.0,10200,128.56,0.0,2021-04-01,2021-04,"纳指ETF
513100.XSHG"
2021-04-06 09:31:00,止盈,纳指ETF,513100.XSHG,4.556,1000.0,9200,154.54,-1.0,2021-04-06,2021-04,"纳指ETF
513100.XSHG"
2021-04-19 10:00:00,止盈,500ETF,510500.XSHG,7.093,700.0,5400,145.1,-3.0,2021-04-19,2021-04,"500ETF
510500.XSHG"
2021-04-19 10:23:00,止盈,纳指ETF,513100.XSHG,4.693,1000.0,8200,136.53,-2.0,2021-04-19,2021-04,"纳指ETF
513100.XSHG"
2021-04-19 11:03:00,止盈,创业板ETF易方达,159915.XSHE,2.773,1600.0,21000,132.36,3.0,2021-04-19,2021-04,"创业板ETF易方达
159915.XSHE"
2021-04-22 09:31:00,止盈,黄金ETF,518880.XSHG,3.686,1300.0,12100,150.32,-1.0,2021-04-22,2021-04,"黄金ETF
518880.XSHG"
2021-04-23 09:43:00,止盈,创业板ETF易方达,159915.XSHE,2.857,1600.0,19400,133.94,2.0,2021-04-23,2021-04,"创业板ETF易方达
159915.XSHE"
2021-04-26 09:57:00,止盈,创业板ETF易方达,159915.XSHE,2.943,1600.0,17800,137.13,1.0,2021-04-26,2021-04,"创业板ETF易方达
159915.XSHE"
2021-04-27 10:31:00,加仓,创业板ETF易方达,159915.XSHE,2.852,1600.0,19400,,2.0,2021-04-27,2021-04,"创业板ETF易方达
159915.XSHE"
2021-04-28 10:39:00,止盈,创业板ETF易方达,159915.XSHE,2.938,1600.0,17800,137.13,1.0,2021-04-28,2021-04,"创业板ETF易方达
159915.XSHE"
2021-05-06 09:31:00,加仓,纳指ETF,513100.XSHG,4.5,1000.0,9200,,-1.0,2021-05-06,2021-05,"纳指ETF
513100.XSHG"
2021-05-07 13:48:00,加仓,创业板ETF易方达,159915.XSHE,2.849,1600.0,19400,,2.0,2021-05-07,2021-05,"创业板ETF易方达
159915.XSHE"
2021-05-13 09:31:00,加仓,纳指ETF,513100.XSHG,4.323,1000.0,10200,,0.0,2021-05-13,2021-05,"纳指ETF
513100.XSHG"
2021-05-14 13:32:00,止盈,创业板ETF易方达,159915.XSHE,2.935,1600.0,17800,137.13,1.0,2021-05-14,2021-05,"创业板ETF易方达
159915.XSHE"
2021-05-17 09:40:00,止盈,500ETF,510500.XSHG,7.312,700.0,4700,152.79,-4.0,2021-05-17,2021-05,"500ETF
510500.XSHG"
2021-05-17 10:01:00,止盈,300ETF,510300.XSHG,5.196,1000.0,8000,152.48,-2.0,2021-05-17,2021-05,"300ETF
510300.XSHG"
2021-05-18 09:31:00,止盈,黄金ETF,518880.XSHG,3.808,1300.0,10800,158.1,-2.0,2021-05-18,2021-05,"黄金ETF
518880.XSHG"
2021-05-18 14:46:00,止盈,纳指ETF,513100.XSHG,4.453,1000.0,9200,129.55,-1.0,2021-05-18,2021-05,"纳指ETF
513100.XSHG"
2021-05-20 09:34:00,止盈,创业板ETF易方达,159915.XSHE,3.03,1600.0,16200,151.52,0.0,2021-05-20,2021-05,"创业板ETF易方达
159915.XSHE"
2021-05-25 14:05:00,止盈,创业板ETF易方达,159915.XSHE,3.121,1600.0,14600,145.1,-1.0,2021-05-25,2021-05,"创业板ETF易方达
159915.XSHE"
2021-05-27 10:51:00,止盈,300ETF,510300.XSHG,5.36,1000.0,7000,163.46,-3.0,2021-05-27,2021-05,"300ETF
510300.XSHG"
2021-06-04 09:48:00,加仓,黄金ETF,518880.XSHG,3.693,1300.0,12100,,-1.0,2021-06-04,2021-06,"黄金ETF
518880.XSHG"
2021-06-10 13:01:00,止盈,500ETF,510500.XSHG,7.532,700.0,4000,153.47,-5.0,2021-06-10,2021-06,"500ETF
510500.XSHG"
2021-06-15 09:31:00,止盈,纳指ETF,513100.XSHG,4.613,1000.0,8200,159.54,-2.0,2021-06-15,2021-06,"纳指ETF
513100.XSHG"
2021-06-15 09:53:00,加仓,300ETF,510300.XSHG,5.195,1000.0,8000,,-2.0,2021-06-15,2021-06,"300ETF
510300.XSHG"
2021-06-16 14:44:00,加仓,创业板ETF易方达,159915.XSHE,3.027,1600.0,16200,,0.0,2021-06-16,2021-06,"创业板ETF易方达
159915.XSHE"
2021-06-18 09:34:00,止盈,创业板ETF易方达,159915.XSHE,3.118,1600.0,14600,145.1,-1.0,2021-06-18,2021-06,"创业板ETF易方达
159915.XSHE"
2021-06-23 10:39:00,止盈,创业板ETF易方达,159915.XSHE,3.212,1600.0,13000,149.89,-2.0,2021-06-23,2021-06,"创业板ETF易方达
159915.XSHE"
2021-06-25 09:31:00,止盈,纳指ETF,513100.XSHG,4.761,1000.0,7200,147.52,-3.0,2021-06-25,2021-06,"纳指ETF
513100.XSHG"
2021-06-28 10:38:00,止盈,创业板ETF易方达,159915.XSHE,3.309,1600.0,11400,154.67,-3.0,2021-06-28,2021-06,"创业板ETF易方达
159915.XSHE"
2021-06-30 13:31:00,加仓,黄金ETF,518880.XSHG,3.582,1300.0,13400,,0.0,2021-06-30,2021-06,"黄金ETF
518880.XSHG"
2021-07-06 09:46:00,加仓,创业板ETF易方达,159915.XSHE,3.208,1600.0,13000,,-2.0,2021-07-06,2021-07,"创业板ETF易方达
159915.XSHE"
2021-07-07 09:32:00,止盈,纳指ETF,513100.XSHG,4.908,1000.0,6200,146.51,-4.0,2021-07-07,2021-07,"纳指ETF
513100.XSHG"
2021-07-07 13:46:00,止盈,创业板ETF易方达,159915.XSHE,3.307,1600.0,11400,157.87,-3.0,2021-07-07,2021-07,"创业板ETF易方达
159915.XSHE"
2021-07-09 09:39:00,止盈,黄金ETF,518880.XSHG,3.69,1300.0,12100,139.92,-1.0,2021-07-09,2021-07,"黄金ETF
518880.XSHG"
2021-07-12 10:14:00,止盈,创业板ETF易方达,159915.XSHE,3.408,1600.0,9800,161.05,-4.0,2021-07-12,2021-07,"创业板ETF易方达
159915.XSHE"
2021-07-13 10:17:00,止盈,500ETF,510500.XSHG,7.759,700.0,3300,158.36,-6.0,2021-07-13,2021-07,"500ETF
510500.XSHG"
2021-07-26 09:59:00,加仓,创业板ETF易方达,159915.XSHE,3.305,1600.0,11400,,-3.0,2021-07-26,2021-07,"创业板ETF易方达
159915.XSHE"
2021-07-26 10:56:00,加仓,300ETF,510300.XSHG,5.039,1000.0,9000,,-1.0,2021-07-26,2021-07,"300ETF
510300.XSHG"
2021-07-26 13:29:00,加仓,创业板ETF易方达,159915.XSHE,3.205,1600.0,13000,,-2.0,2021-07-26,2021-07,"创业板ETF易方达
159915.XSHE"
2021-07-27 09:40:00,止盈,创业板ETF易方达,159915.XSHE,3.304,1600.0,11400,157.87,-3.0,2021-07-27,2021-07,"创业板ETF易方达
159915.XSHE"
2021-07-27 14:25:00,加仓,300ETF,510300.XSHG,4.887,1000.0,10000,,0.0,2021-07-27,2021-07,"300ETF
510300.XSHG"
2021-07-27 14:26:00,加仓,创业板ETF易方达,159915.XSHE,3.202,1600.0,13000,,-2.0,2021-07-27,2021-07,"创业板ETF易方达
159915.XSHE"
2021-07-28 09:31:00,加仓,500ETF,510500.XSHG,7.518,700.0,4000,,-5.0,2021-07-28,2021-07,"500ETF
510500.XSHG"
2021-07-28 09:42:00,加仓,创业板ETF易方达,159915.XSHE,3.1,1600.0,14600,,-1.0,2021-07-28,2021-07,"创业板ETF易方达
159915.XSHE"
2021-07-28 10:33:00,止盈,创业板ETF易方达,159915.XSHE,3.193,1600.0,13000,148.29,-2.0,2021-07-28,2021-07,"创业板ETF易方达
159915.XSHE"
2021-07-29 11:08:00,止盈,创业板ETF易方达,159915.XSHE,3.29,1600.0,11400,154.67,-3.0,2021-07-29,2021-07,"创业板ETF易方达
159915.XSHE"
2021-08-02 14:12:00,止盈,创业板ETF易方达,159915.XSHE,3.391,1600.0,9800,161.06,-4.0,2021-08-02,2021-08,"创业板ETF易方达
159915.XSHE"
2021-08-04 10:31:00,止盈,300ETF,510300.XSHG,5.035,1000.0,9000,147.5,-1.0,2021-08-04,2021-08,"300ETF
510300.XSHG"
2021-08-04 13:26:00,止盈,500ETF,510500.XSHG,7.744,700.0,3300,157.66,-6.0,2021-08-04,2021-08,"500ETF
510500.XSHG"
2021-08-09 09:31:00,加仓,黄金ETF,518880.XSHG,3.555,1300.0,13400,,0.0,2021-08-09,2021-08,"黄金ETF
518880.XSHG"
2021-08-12 10:12:00,止盈,500ETF,510500.XSHG,7.979,700.0,2600,163.94,-7.0,2021-08-12,2021-08,"500ETF
510500.XSHG"
2021-08-12 10:52:00,加仓,创业板ETF易方达,159915.XSHE,3.286,1600.0,11400,,-3.0,2021-08-12,2021-08,"创业板ETF易方达
159915.XSHE"
2021-08-17 13:02:00,加仓,创业板ETF易方达,159915.XSHE,3.186,1600.0,13000,,-2.0,2021-08-17,2021-08,"创业板ETF易方达
159915.XSHE"
2021-08-17 14:44:00,加仓,500ETF,510500.XSHG,7.738,700.0,3300,,-6.0,2021-08-17,2021-08,"500ETF
510500.XSHG"
2021-08-18 11:03:00,止盈,黄金ETF,518880.XSHG,3.662,1300.0,12100,138.62,-1.0,2021-08-18,2021-08,"黄金ETF
518880.XSHG"
2021-08-20 09:37:00,加仓,300ETF,510300.XSHG,4.88,1000.0,10000,,0.0,2021-08-20,2021-08,"300ETF
510300.XSHG"
2021-08-20 11:24:00,加仓,创业板ETF易方达,159915.XSHE,3.089,1600.0,14600,,-1.0,2021-08-20,2021-08,"创业板ETF易方达
159915.XSHE"
2021-08-23 13:32:00,止盈,创业板ETF易方达,159915.XSHE,3.185,1600.0,13000,153.09,-2.0,2021-08-23,2021-08,"创业板ETF易方达
159915.XSHE"
2021-08-24 09:31:00,止盈,纳指ETF,513100.XSHG,5.107,1000.0,5200,198.49,-5.0,2021-08-24,2021-08,"纳指ETF
513100.XSHG"
2021-08-24 13:34:00,止盈,500ETF,510500.XSHG,7.971,700.0,2600,162.54,-7.0,2021-08-24,2021-08,"500ETF
510500.XSHG"
2021-08-31 11:26:00,加仓,创业板ETF易方达,159915.XSHE,3.089,1600.0,14600,,-1.0,2021-08-31,2021-08,"创业板ETF易方达
159915.XSHE"
2021-09-02 14:36:00,止盈,500ETF,510500.XSHG,8.212,700.0,1900,168.13,-8.0,2021-09-02,2021-09,"500ETF
510500.XSHG"
2021-09-07 13:12:00,止盈,300ETF,510300.XSHG,5.028,1000.0,9000,147.5,-1.0,2021-09-07,2021-09,"300ETF
510300.XSHG"
2021-09-08 09:57:00,破顶,500ETF,510500.XSHG,8.459,,5900,,,2021-09-08,2021-09,"500ETF
510500.XSHG"
2021-09-17 10:29:00,加仓,300ETF,510300.XSHG,4.876,1000.0,10000,,0.0,2021-09-17,2021-09,"300ETF
510300.XSHG"
2021-09-17 13:10:00,加仓,500ETF,510500.XSHG,8.203,500.0,6400,,1.0,2021-09-17,2021-09,"500ETF
510500.XSHG"
2021-09-23 09:47:00,止盈,500ETF,510500.XSHG,8.45,500.0,5900,123.08,0.0,2021-09-23,2021-09,"500ETF
510500.XSHG"
2021-09-27 09:45:00,加仓,500ETF,510500.XSHG,8.193,500.0,6400,,1.0,2021-09-27,2021-09,"500ETF
510500.XSHG"
2021-09-29 09:31:00,加仓,纳指ETF,513100.XSHG,4.899,1000.0,6200,,-4.0,2021-09-29,2021-09,"纳指ETF
513100.XSHG"
2021-09-29 10:42:00,加仓,500ETF,510500.XSHG,7.946,500.0,6900,,2.0,2021-09-29,2021-09,"500ETF
510500.XSHG"
2021-09-29 14:14:00,加仓,黄金ETF,518880.XSHG,3.552,1300.0,13400,,0.0,2021-09-29,2021-09,"黄金ETF
518880.XSHG"
2021-10-08 09:52:00,止盈,创业板ETF易方达,159915.XSHE,3.183,1600.0,13000,149.89,-2.0,2021-10-08,2021-10,"创业板ETF易方达
159915.XSHE"
2021-10-11 09:31:00,止盈,300ETF,510300.XSHG,5.024,1000.0,9000,147.5,-1.0,2021-10-11,2021-10,"300ETF
510300.XSHG"
2021-10-12 09:31:00,加仓,创业板ETF易方达,159915.XSHE,3.086,1600.0,14600,,-1.0,2021-10-12,2021-10,"创业板ETF易方达
159915.XSHE"
2021-10-15 13:23:00,止盈,创业板ETF易方达,159915.XSHE,3.179,1600.0,13000,148.29,-2.0,2021-10-15,2021-10,"创业板ETF易方达
159915.XSHE"
2021-10-20 09:31:00,止盈,纳指ETF,513100.XSHG,5.049,1000.0,5200,149.5,-5.0,2021-10-20,2021-10,"纳指ETF
513100.XSHG"
2021-11-01 09:32:00,止盈,纳指ETF,513100.XSHG,5.208,1000.0,4200,158.48,-6.0,2021-11-01,2021-11,"纳指ETF
513100.XSHG"
2021-11-05 09:31:00,止盈,纳指ETF,513100.XSHG,5.37,1000.0,3200,161.46,-7.0,2021-11-05,2021-11,"纳指ETF
513100.XSHG"
2021-11-05 10:32:00,止盈,创业板ETF易方达,159915.XSHE,3.275,1600.0,11400,153.08,-3.0,2021-11-05,2021-11,"创业板ETF易方达
159915.XSHE"
2021-11-08 09:31:00,止盈,黄金ETF,518880.XSHG,3.671,1300.0,12100,154.22,-1.0,2021-11-08,2021-11,"黄金ETF
518880.XSHG"
2021-11-10 10:01:00,加仓,300ETF,510300.XSHG,4.873,1000.0,10000,,0.0,2021-11-10,2021-11,"300ETF
510300.XSHG"
2021-11-22 11:21:00,止盈,创业板ETF易方达,159915.XSHE,3.374,1600.0,9800,157.86,-4.0,2021-11-22,2021-11,"创业板ETF易方达
159915.XSHE"
2021-12-01 14:52:00,止盈,500ETF,510500.XSHG,8.186,500.0,6400,119.59,1.0,2021-12-01,2021-12,"500ETF
510500.XSHG"
2021-12-03 09:43:00,加仓,纳指ETF,513100.XSHG,5.208,1000.0,4200,,-6.0,2021-12-03,2021-12,"纳指ETF
513100.XSHG"
2021-12-07 10:17:00,加仓,创业板ETF易方达,159915.XSHE,3.272,1600.0,11400,,-3.0,2021-12-07,2021-12,"创业板ETF易方达
159915.XSHE"
2021-12-08 10:32:00,止盈,300ETF,510300.XSHG,5.02,1000.0,9000,146.5,-1.0,2021-12-08,2021-12,"300ETF
510300.XSHG"
2021-12-09 10:59:00,止盈,300ETF,510300.XSHG,5.172,1000.0,8000,151.48,-2.0,2021-12-09,2021-12,"300ETF
510300.XSHG"
2021-12-10 13:34:00,止盈,创业板ETF易方达,159915.XSHE,3.372,1600.0,9800,159.46,-4.0,2021-12-10,2021-12,"创业板ETF易方达
159915.XSHE"
2021-12-15 09:31:00,加仓,黄金ETF,518880.XSHG,3.56,1300.0,13400,,0.0,2021-12-15,2021-12,"黄金ETF
518880.XSHG"
2021-12-20 09:58:00,加仓,300ETF,510300.XSHG,5.015,1000.0,9000,,-1.0,2021-12-20,2021-12,"300ETF
510300.XSHG"
2021-12-20 10:45:00,加仓,创业板ETF易方达,159915.XSHE,3.27,1600.0,11400,,-3.0,2021-12-20,2021-12,"创业板ETF易方达
159915.XSHE"
2021-12-28 09:31:00,止盈,纳指ETF,513100.XSHG,5.393,1000.0,3200,184.46,-7.0,2021-12-28,2021-12,"纳指ETF
513100.XSHG"
2022-01-04 09:53:00,加仓,创业板ETF易方达,159915.XSHE,3.171,1600.0,13000,,-2.0,2022-01-04,2022-01,"创业板ETF易方达
159915.XSHE"
2022-01-05 11:19:00,加仓,创业板ETF易方达,159915.XSHE,3.075,1600.0,14600,,-1.0,2022-01-05,2022-01,"创业板ETF易方达
159915.XSHE"
2022-01-06 09:31:00,加仓,纳指ETF,513100.XSHG,5.153,1000.0,4200,,-6.0,2022-01-06,2022-01,"纳指ETF
513100.XSHG"
2022-01-06 10:27:00,加仓,300ETF,510300.XSHG,4.862,1000.0,10000,,0.0,2022-01-06,2022-01,"300ETF
510300.XSHG"
2022-01-10 09:32:00,加仓,创业板ETF易方达,159915.XSHE,2.982,1600.0,16200,,0.0,2022-01-10,2022-01,"创业板ETF易方达
159915.XSHE"
2022-01-14 09:31:00,加仓,纳指ETF,513100.XSHG,1.01,1000.0,22000,,-5.0,2022-01-14,2022-01,"纳指ETF
513100.XSHG"
2022-01-14 09:34:00,加仓,500ETF,510500.XSHG,7.939,500.0,6900,,2.0,2022-01-14,2022-01,"500ETF
510500.XSHG"
2022-01-17 13:20:00,止盈,创业板ETF易方达,159915.XSHE,3.072,1600.0,14600,143.51,-1.0,2022-01-17,2022-01,"创业板ETF易方达
159915.XSHE"
2022-01-19 13:12:00,加仓,创业板ETF易方达,159915.XSHE,2.978,1600.0,16200,,0.0,2022-01-19,2022-01,"创业板ETF易方达
159915.XSHE"
2022-01-20 09:31:00,止盈,黄金ETF,518880.XSHG,3.68,1300.0,12100,155.52,-1.0,2022-01-20,2022-01,"黄金ETF
518880.XSHG"
2022-01-20 09:33:00,加仓,纳指ETF,513100.XSHG,0.979,1000.0,23000,,-4.0,2022-01-20,2022-01,"纳指ETF
513100.XSHG"
2022-01-24 09:31:00,加仓,纳指ETF,513100.XSHG,0.948,1000.0,24000,,-3.0,2022-01-24,2022-01,"纳指ETF
513100.XSHG"
2022-01-25 13:05:00,加仓,500ETF,510500.XSHG,7.7,500.0,7400,,3.0,2022-01-25,2022-01,"500ETF
510500.XSHG"
2022-01-25 13:16:00,加仓,300ETF,510300.XSHG,4.715,1000.0,11000,,1.0,2022-01-25,2022-01,"300ETF
510300.XSHG"
2022-01-25 14:52:00,加仓,创业板ETF易方达,159915.XSHE,2.888,1600.0,17800,,1.0,2022-01-25,2022-01,"创业板ETF易方达
159915.XSHE"
2022-01-27 09:31:00,加仓,纳指ETF,513100.XSHG,0.913,1000.0,25000,,-2.0,2022-01-27,2022-01,"纳指ETF
513100.XSHG"
2022-01-27 10:32:00,加仓,500ETF,510500.XSHG,7.461,500.0,7900,,4.0,2022-01-27,2022-01,"500ETF
510500.XSHG"
2022-01-28 10:19:00,加仓,创业板ETF易方达,159915.XSHE,2.8,1600.0,19400,,2.0,2022-01-28,2022-01,"创业板ETF易方达
159915.XSHE"
2022-01-28 10:20:00,加仓,300ETF,510300.XSHG,4.572,1000.0,12000,,2.0,2022-01-28,2022-01,"300ETF
510300.XSHG"
2022-02-07 09:31:00,止盈,纳指ETF,513100.XSHG,0.949,1000.0,24000,35.9,-3.0,2022-02-07,2022-02,"纳指ETF
513100.XSHG"
2022-02-07 09:40:00,止盈,创业板ETF易方达,159915.XSHE,2.885,1600.0,17800,135.54,1.0,2022-02-07,2022-02,"创业板ETF易方达
159915.XSHE"
2022-02-08 09:34:00,加仓,创业板ETF易方达,159915.XSHE,2.794,1600.0,19400,,2.0,2022-02-08,2022-02,"创业板ETF易方达
159915.XSHE"
2022-02-08 11:12:00,加仓,创业板ETF易方达,159915.XSHE,2.71,1600.0,21000,,3.0,2022-02-08,2022-02,"创业板ETF易方达
159915.XSHE"
2022-02-09 14:17:00,止盈,创业板ETF易方达,159915.XSHE,2.792,1600.0,19400,130.75,2.0,2022-02-09,2022-02,"创业板ETF易方达
159915.XSHE"
2022-02-09 14:27:00,止盈,500ETF,510500.XSHG,7.685,500.0,7400,111.62,3.0,2022-02-09,2022-02,"500ETF
510500.XSHG"
2022-02-10 09:31:00,止盈,纳指ETF,513100.XSHG,0.979,1000.0,23000,29.9,-4.0,2022-02-10,2022-02,"纳指ETF
513100.XSHG"
2022-02-11 09:31:00,加仓,创业板ETF易方达,159915.XSHE,2.705,1600.0,21000,,3.0,2022-02-11,2022-02,"创业板ETF易方达
159915.XSHE"
2022-02-14 09:31:00,加仓,纳指ETF,513100.XSHG,0.931,1000.0,24000,,-3.0,2022-02-14,2022-02,"纳指ETF
513100.XSHG"
2022-02-22 09:31:00,加仓,纳指ETF,513100.XSHG,0.903,1000.0,25000,,-2.0,2022-02-22,2022-02,"纳指ETF
513100.XSHG"
2022-02-22 09:33:00,止盈,黄金ETF,518880.XSHG,3.791,1300.0,10800,143.81,-2.0,2022-02-22,2022-02,"黄金ETF
518880.XSHG"
2022-02-24 09:31:00,加仓,纳指ETF,513100.XSHG,0.875,1000.0,26000,,-1.0,2022-02-24,2022-02,"纳指ETF
513100.XSHG"
2022-02-25 10:17:00,止盈,创业板ETF易方达,159915.XSHE,2.787,1600.0,19400,130.75,2.0,2022-02-25,2022-02,"创业板ETF易方达
159915.XSHE"
2022-03-01 09:31:00,止盈,纳指ETF,513100.XSHG,0.914,1000.0,25000,38.9,-2.0,2022-03-01,2022-03,"纳指ETF
513100.XSHG"
2022-03-03 14:33:00,加仓,创业板ETF易方达,159915.XSHE,2.703,1600.0,21000,,3.0,2022-03-03,2022-03,"创业板ETF易方达
159915.XSHE"
2022-03-07 09:31:00,加仓,纳指ETF,513100.XSHG,0.88,1000.0,26000,,-1.0,2022-03-07,2022-03,"纳指ETF
513100.XSHG"
2022-03-07 09:31:00,止盈,黄金ETF,518880.XSHG,3.935,1300.0,9500,186.69,-3.0,2022-03-07,2022-03,"黄金ETF
518880.XSHG"
2022-03-07 09:33:00,加仓,300ETF,510300.XSHG,4.426,1000.0,13000,,3.0,2022-03-07,2022-03,"300ETF
510300.XSHG"
2022-03-07 09:34:00,加仓,创业板ETF易方达,159915.XSHE,2.62,1600.0,22600,,4.0,2022-03-07,2022-03,"创业板ETF易方达
159915.XSHE"
2022-03-07 14:38:00,加仓,创业板ETF易方达,159915.XSHE,2.54,1600.0,24200,,5.0,2022-03-07,2022-03,"创业板ETF易方达
159915.XSHE"
2022-03-07 14:43:00,加仓,500ETF,510500.XSHG,7.453,500.0,7900,,4.0,2022-03-07,2022-03,"500ETF
510500.XSHG"
2022-03-08 11:02:00,加仓,300ETF,510300.XSHG,4.292,1000.0,14000,,4.0,2022-03-08,2022-03,"300ETF
510300.XSHG"
2022-03-08 11:22:00,加仓,500ETF,510500.XSHG,7.215,500.0,8400,,5.0,2022-03-08,2022-03,"500ETF
510500.XSHG"
2022-03-08 13:44:00,加仓,纳指ETF,513100.XSHG,0.853,1000.0,27000,,0.0,2022-03-08,2022-03,"纳指ETF
513100.XSHG"
2022-03-09 10:18:00,止盈,黄金ETF,518880.XSHG,4.054,1300.0,8200,154.17,-4.0,2022-03-09,2022-03,"黄金ETF
518880.XSHG"
2022-03-09 13:00:00,加仓,创业板ETF易方达,159915.XSHE,2.463,1600.0,25800,,6.0,2022-03-09,2022-03,"创业板ETF易方达
159915.XSHE"
2022-03-09 13:30:00,加仓,500ETF,510500.XSHG,6.998,500.0,8900,,6.0,2022-03-09,2022-03,"500ETF
510500.XSHG"
2022-03-09 13:32:00,加仓,300ETF,510300.XSHG,4.163,1000.0,15000,,5.0,2022-03-09,2022-03,"300ETF
510300.XSHG"
2022-03-10 09:31:00,止盈,纳指ETF,513100.XSHG,0.885,1000.0,26000,31.9,-1.0,2022-03-10,2022-03,"纳指ETF
513100.XSHG"
2022-03-10 09:31:00,加仓,黄金ETF,518880.XSHG,3.895,1300.0,9500,,-3.0,2022-03-10,2022-03,"黄金ETF
518880.XSHG"
2022-03-10 09:31:00,止盈,300ETF,510300.XSHG,4.299,1000.0,14000,135.57,4.0,2022-03-10,2022-03,"300ETF
510300.XSHG"
2022-03-10 09:31:00,止盈,创业板ETF易方达,159915.XSHE,2.547,1600.0,24200,133.99,5.0,2022-03-10,2022-03,"创业板ETF易方达
159915.XSHE"
2022-03-10 09:32:00,止盈,500ETF,510500.XSHG,7.21,500.0,8400,105.64,5.0,2022-03-10,2022-03,"500ETF
510500.XSHG"
2022-03-15 09:31:00,加仓,纳指ETF,513100.XSHG,0.853,1000.0,27000,,0.0,2022-03-15,2022-03,"纳指ETF
513100.XSHG"
2022-03-15 09:31:00,加仓,300ETF,510300.XSHG,4.118,1000.0,15000,,5.0,2022-03-15,2022-03,"300ETF
510300.XSHG"
2022-03-15 09:31:00,加仓,创业板ETF易方达,159915.XSHE,2.457,1600.0,25800,,6.0,2022-03-15,2022-03,"创业板ETF易方达
159915.XSHE"
2022-03-15 09:32:00,加仓,500ETF,510500.XSHG,6.974,500.0,8900,,6.0,2022-03-15,2022-03,"500ETF
510500.XSHG"
2022-03-15 10:36:00,止盈,创业板ETF易方达,159915.XSHE,2.531,1600.0,24200,118.0,5.0,2022-03-15,2022-03,"创业板ETF易方达
159915.XSHE"
2022-03-15 13:47:00,加仓,500ETF,510500.XSHG,6.725,500.0,9400,,7.0,2022-03-15,2022-03,"500ETF
510500.XSHG"
2022-03-15 13:53:00,加仓,创业板ETF易方达,159915.XSHE,2.454,1600.0,25800,,6.0,2022-03-15,2022-03,"创业板ETF易方达
159915.XSHE"
2022-03-15 14:54:00,加仓,300ETF,510300.XSHG,3.991,1000.0,16000,,6.0,2022-03-15,2022-03,"300ETF
510300.XSHG"
2022-03-16 13:35:00,止盈,300ETF,510300.XSHG,4.113,1000.0,15000,121.59,5.0,2022-03-16,2022-03,"300ETF
510300.XSHG"
2022-03-16 13:46:00,止盈,纳指ETF,513100.XSHG,0.879,1000.0,26000,25.9,-1.0,2022-03-16,2022-03,"纳指ETF
513100.XSHG"
2022-03-16 13:47:00,止盈,创业板ETF易方达,159915.XSHE,2.528,1600.0,24200,118.0,5.0,2022-03-16,2022-03,"创业板ETF易方达
159915.XSHE"
2022-03-16 14:18:00,止盈,500ETF,510500.XSHG,6.931,500.0,8900,102.65,6.0,2022-03-16,2022-03,"500ETF
510500.XSHG"
2022-03-17 09:32:00,止盈,纳指ETF,513100.XSHG,0.906,1000.0,25000,26.9,-2.0,2022-03-17,2022-03,"纳指ETF
513100.XSHG"
2022-03-17 09:32:00,止盈,创业板ETF易方达,159915.XSHE,2.606,1600.0,22600,124.38,4.0,2022-03-17,2022-03,"创业板ETF易方达
159915.XSHE"
2022-03-17 10:25:00,止盈,300ETF,510300.XSHG,4.238,1000.0,14000,124.58,4.0,2022-03-17,2022-03,"300ETF
510300.XSHG"
2022-03-17 13:15:00,止盈,500ETF,510500.XSHG,7.141,500.0,8400,104.64,5.0,2022-03-17,2022-03,"500ETF
510500.XSHG"
2022-03-23 09:31:00,止盈,纳指ETF,513100.XSHG,0.953,1000.0,24000,46.9,-3.0,2022-03-23,2022-03,"纳指ETF
513100.XSHG"
2022-03-28 09:32:00,加仓,300ETF,510300.XSHG,4.107,1000.0,15000,,5.0,2022-03-28,2022-03,"300ETF
510300.XSHG"
2022-03-28 09:33:00,加仓,创业板ETF易方达,159915.XSHE,2.526,1600.0,24200,,5.0,2022-03-28,2022-03,"创业板ETF易方达
159915.XSHE"
2022-03-30 09:31:00,止盈,纳指ETF,513100.XSHG,0.992,1000.0,23000,38.9,-4.0,2022-03-30,2022-03,"纳指ETF
513100.XSHG"
2022-03-30 13:28:00,止盈,300ETF,510300.XSHG,4.233,1000.0,14000,125.58,4.0,2022-03-30,2022-03,"300ETF
510300.XSHG"
2022-03-30 14:11:00,止盈,创业板ETF易方达,159915.XSHE,2.602,1600.0,22600,121.18,4.0,2022-03-30,2022-03,"创业板ETF易方达
159915.XSHE"
2022-04-07 09:31:00,加仓,纳指ETF,513100.XSHG,0.944,1000.0,24000,,-3.0,2022-04-07,2022-04,"纳指ETF
513100.XSHG"
2022-04-07 10:06:00,加仓,创业板ETF易方达,159915.XSHE,2.521,1600.0,24200,,5.0,2022-04-07,2022-04,"创业板ETF易方达
159915.XSHE"
2022-04-08 10:02:00,加仓,500ETF,510500.XSHG,6.924,500.0,8900,,6.0,2022-04-08,2022-04,"500ETF
510500.XSHG"
2022-04-11 09:32:00,加仓,创业板ETF易方达,159915.XSHE,2.444,1600.0,25800,,6.0,2022-04-11,2022-04,"创业板ETF易方达
159915.XSHE"
2022-04-11 10:40:00,加仓,300ETF,510300.XSHG,4.105,1000.0,15000,,5.0,2022-04-11,2022-04,"300ETF
510300.XSHG"
2022-04-12 09:31:00,加仓,纳指ETF,513100.XSHG,0.91,1000.0,25000,,-2.0,2022-04-12,2022-04,"纳指ETF
513100.XSHG"
2022-04-12 13:00:00,加仓,500ETF,510500.XSHG,6.716,500.0,9400,,7.0,2022-04-12,2022-04,"500ETF
510500.XSHG"
2022-04-14 10:45:00,加仓,创业板ETF易方达,159915.XSHE,2.37,1600.0,27400,,7.0,2022-04-14,2022-04,"创业板ETF易方达
159915.XSHE"
2022-04-14 13:44:00,止盈,500ETF,510500.XSHG,6.918,500.0,8900,100.65,6.0,2022-04-14,2022-04,"500ETF
510500.XSHG"
2022-04-20 13:55:00,加仓,创业板ETF易方达,159915.XSHE,2.297,1600.0,29000,,8.0,2022-04-20,2022-04,"创业板ETF易方达
159915.XSHE"
2022-04-20 14:06:00,加仓,500ETF,510500.XSHG,6.71,500.0,9400,,7.0,2022-04-20,2022-04,"500ETF
510500.XSHG"
2022-04-21 14:13:00,加仓,500ETF,510500.XSHG,6.5,500.0,9900,,8.0,2022-04-21,2022-04,"500ETF
510500.XSHG"
2022-04-21 14:49:00,加仓,300ETF,510300.XSHG,3.977,1000.0,16000,,6.0,2022-04-21,2022-04,"300ETF
510300.XSHG"
2022-04-21 14:49:00,加仓,创业板ETF易方达,159915.XSHE,2.228,1600.0,30600,,9.0,2022-04-21,2022-04,"创业板ETF易方达
159915.XSHE"
2022-04-25 09:34:00,加仓,500ETF,510500.XSHG,6.3,500.0,10400,,9.0,2022-04-25,2022-04,"500ETF
510500.XSHG"
2022-04-25 09:43:00,加仓,创业板ETF易方达,159915.XSHE,2.16,1600.0,32200,,10.0,2022-04-25,2022-04,"创业板ETF易方达
159915.XSHE"
2022-04-25 14:11:00,加仓,500ETF,510500.XSHG,6.11,500.0,10900,,10.0,2022-04-25,2022-04,"500ETF
510500.XSHG"
2022-04-25 14:14:00,加仓,300ETF,510300.XSHG,3.85,1000.0,17000,,7.0,2022-04-25,2022-04,"300ETF
510300.XSHG"
2022-04-27 09:31:00,加仓,纳指ETF,513100.XSHG,0.875,1000.0,26000,,-1.0,2022-04-27,2022-04,"纳指ETF
513100.XSHG"
2022-04-29 09:31:00,止盈,纳指ETF,513100.XSHG,0.903,1000.0,25000,27.9,-2.0,2022-04-29,2022-04,"纳指ETF
513100.XSHG"
2022-04-29 13:02:00,止盈,300ETF,510300.XSHG,3.966,1000.0,16000,115.6,6.0,2022-04-29,2022-04,"300ETF
510300.XSHG"
2022-04-29 13:05:00,止盈,500ETF,510500.XSHG,6.294,500.0,10400,91.69,9.0,2022-04-29,2022-04,"500ETF
510500.XSHG"
2022-04-29 13:11:00,止盈,创业板ETF易方达,159915.XSHE,2.233,1600.0,30600,116.44,9.0,2022-04-29,2022-04,"创业板ETF易方达
159915.XSHE"
2022-05-06 09:31:00,加仓,纳指ETF,513100.XSHG,0.872,1000.0,26000,,-1.0,2022-05-06,2022-05,"纳指ETF
513100.XSHG"
2022-05-06 09:31:00,加仓,创业板ETF易方达,159915.XSHE,2.157,1600.0,32200,,10.0,2022-05-06,2022-05,"创业板ETF易方达
159915.XSHE"
2022-05-10 09:31:00,加仓,纳指ETF,513100.XSHG,0.84,1000.0,27000,,0.0,2022-05-10,2022-05,"纳指ETF
513100.XSHG"
2022-05-10 09:31:00,加仓,300ETF,510300.XSHG,3.824,1000.0,17000,,7.0,2022-05-10,2022-05,"300ETF
510300.XSHG"
2022-05-11 09:36:00,止盈,创业板ETF易方达,159915.XSHE,2.222,1600.0,30600,103.64,9.0,2022-05-11,2022-05,"创业板ETF易方达
159915.XSHE"
2022-05-11 09:49:00,止盈,300ETF,510300.XSHG,3.94,1000.0,16000,115.61,6.0,2022-05-11,2022-05,"300ETF
510300.XSHG"
2022-05-11 09:51:00,止盈,500ETF,510500.XSHG,6.485,500.0,9900,95.18,8.0,2022-05-11,2022-05,"500ETF
510500.XSHG"
2022-05-11 11:17:00,止盈,创业板ETF易方达,159915.XSHE,2.289,1600.0,29000,106.83,8.0,2022-05-11,2022-05,"创业板ETF易方达
159915.XSHE"
2022-05-18 09:31:00,止盈,纳指ETF,513100.XSHG,0.866,1000.0,26000,25.9,-1.0,2022-05-18,2022-05,"纳指ETF
513100.XSHG"
2022-05-19 09:31:00,加仓,纳指ETF,513100.XSHG,0.825,1000.0,27000,,0.0,2022-05-19,2022-05,"纳指ETF
513100.XSHG"
2022-05-20 09:45:00,止盈,300ETF,510300.XSHG,4.059,1000.0,15000,118.59,5.0,2022-05-20,2022-05,"300ETF
510300.XSHG"
2022-05-20 14:49:00,止盈,500ETF,510500.XSHG,6.682,500.0,9400,98.17,7.0,2022-05-20,2022-05,"500ETF
510500.XSHG"
2022-05-25 09:43:00,加仓,500ETF,510500.XSHG,6.479,500.0,9900,,8.0,2022-05-25,2022-05,"500ETF
510500.XSHG"
2022-05-26 09:51:00,加仓,创业板ETF易方达,159915.XSHE,2.22,1600.0,30600,,9.0,2022-05-26,2022-05,"创业板ETF易方达
159915.XSHE"
2022-05-26 09:58:00,加仓,300ETF,510300.XSHG,3.935,1000.0,16000,,6.0,2022-05-26,2022-05,"300ETF
510300.XSHG"
2022-05-26 13:02:00,止盈,500ETF,510500.XSHG,6.678,500.0,9400,99.17,7.0,2022-05-26,2022-05,"500ETF
510500.XSHG"
2022-05-27 09:37:00,止盈,创业板ETF易方达,159915.XSHE,2.29,1600.0,29000,111.63,8.0,2022-05-27,2022-05,"创业板ETF易方达
159915.XSHE"
2022-05-30 09:31:00,止盈,纳指ETF,513100.XSHG,0.878,1000.0,26000,52.9,-1.0,2022-05-30,2022-05,"纳指ETF
513100.XSHG"
2022-05-31 10:59:00,止盈,300ETF,510300.XSHG,4.054,1000.0,15000,118.59,5.0,2022-05-31,2022-05,"300ETF
510300.XSHG"
2022-06-01 10:41:00,止盈,创业板ETF易方达,159915.XSHE,2.359,1600.0,27400,110.02,7.0,2022-06-01,2022-06,"创业板ETF易方达
159915.XSHE"
2022-06-02 14:08:00,止盈,500ETF,510500.XSHG,6.879,500.0,8900,100.16,6.0,2022-06-02,2022-06,"500ETF
510500.XSHG"
2022-06-06 09:53:00,止盈,创业板ETF易方达,159915.XSHE,2.431,1600.0,25800,114.81,6.0,2022-06-06,2022-06,"创业板ETF易方达
159915.XSHE"
2022-06-06 14:58:00,止盈,300ETF,510300.XSHG,4.176,1000.0,14000,121.58,4.0,2022-06-06,2022-06,"300ETF
510300.XSHG"
2022-06-10 09:31:00,加仓,纳指ETF,513100.XSHG,0.841,1000.0,27000,,0.0,2022-06-10,2022-06,"纳指ETF
513100.XSHG"
2022-06-10 14:45:00,止盈,500ETF,510500.XSHG,7.086,500.0,8400,103.15,5.0,2022-06-10,2022-06,"500ETF
510500.XSHG"
2022-06-13 09:32:00,加仓,纳指ETF,513100.XSHG,0.815,1000.0,28000,,1.0,2022-06-13,2022-06,"纳指ETF
513100.XSHG"
2022-06-14 09:31:00,加仓,纳指ETF,513100.XSHG,0.788,1000.0,29000,,2.0,2022-06-14,2022-06,"纳指ETF
513100.XSHG"
2022-06-15 09:33:00,止盈,创业板ETF易方达,159915.XSHE,2.505,1600.0,24200,118.0,5.0,2022-06-15,2022-06,"创业板ETF易方达
159915.XSHE"
2022-06-15 11:25:00,止盈,300ETF,510300.XSHG,4.302,1000.0,13000,125.57,3.0,2022-06-15,2022-06,"300ETF
510300.XSHG"
2022-06-16 09:31:00,止盈,纳指ETF,513100.XSHG,0.817,1000.0,28000,28.9,1.0,2022-06-16,2022-06,"纳指ETF
513100.XSHG"
2022-06-17 09:31:00,加仓,纳指ETF,513100.XSHG,0.778,1000.0,29000,,2.0,2022-06-17,2022-06,"纳指ETF
513100.XSHG"
2022-06-17 14:31:00,止盈,创业板ETF易方达,159915.XSHE,2.582,1600.0,22600,122.79,4.0,2022-06-17,2022-06,"创业板ETF易方达
159915.XSHE"
2022-06-20 11:20:00,止盈,创业板ETF易方达,159915.XSHE,2.66,1600.0,21000,124.37,3.0,2022-06-20,2022-06,"创业板ETF易方达
159915.XSHE"
2022-06-21 10:02:00,止盈,纳指ETF,513100.XSHG,0.802,1000.0,28000,23.9,1.0,2022-06-21,2022-06,"纳指ETF
513100.XSHG"
2022-06-24 13:45:00,止盈,纳指ETF,513100.XSHG,0.827,1000.0,27000,24.9,0.0,2022-06-24,2022-06,"纳指ETF
513100.XSHG"
2022-06-27 09:31:00,止盈,300ETF,510300.XSHG,4.436,1000.0,12000,133.56,2.0,2022-06-27,2022-06,"300ETF
510300.XSHG"
2022-06-27 09:31:00,止盈,创业板ETF易方达,159915.XSHE,2.752,1600.0,19400,146.76,2.0,2022-06-27,2022-06,"创业板ETF易方达
159915.XSHE"
2022-06-27 09:38:00,止盈,500ETF,510500.XSHG,7.309,500.0,7900,111.13,4.0,2022-06-27,2022-06,"500ETF
510500.XSHG"
2022-06-30 14:27:00,加仓,纳指ETF,513100.XSHG,0.802,1000.0,28000,,1.0,2022-06-30,2022-06,"纳指ETF
513100.XSHG"
2022-07-04 09:35:00,加仓,创业板ETF易方达,159915.XSHE,2.668,1600.0,21000,,3.0,2022-07-04,2022-07,"创业板ETF易方达
159915.XSHE"
2022-07-04 14:55:00,止盈,创业板ETF易方达,159915.XSHE,2.749,1600.0,19400,129.16,2.0,2022-07-04,2022-07,"创业板ETF易方达
159915.XSHE"
2022-07-06 09:31:00,加仓,黄金ETF,518880.XSHG,3.73,1300.0,10800,,-2.0,2022-07-06,2022-07,"黄金ETF
518880.XSHG"
2022-07-07 13:10:00,止盈,纳指ETF,513100.XSHG,0.827,1000.0,27000,24.9,0.0,2022-07-07,2022-07,"纳指ETF
513100.XSHG"
2022-07-11 13:24:00,加仓,创业板ETF易方达,159915.XSHE,2.666,1600.0,21000,,3.0,2022-07-11,2022-07,"创业板ETF易方达
159915.XSHE"
2022-07-13 10:26:00,加仓,500ETF,510500.XSHG,7.089,500.0,8400,,5.0,2022-07-13,2022-07,"500ETF
510500.XSHG"
2022-07-14 11:11:00,止盈,创业板ETF易方达,159915.XSHE,2.746,1600.0,19400,127.56,2.0,2022-07-14,2022-07,"创业板ETF易方达
159915.XSHE"
2022-07-15 14:44:00,加仓,黄金ETF,518880.XSHG,3.618,1300.0,12100,,-1.0,2022-07-15,2022-07,"黄金ETF
518880.XSHG"
2022-07-15 14:52:00,加仓,300ETF,510300.XSHG,4.3,1000.0,13000,,3.0,2022-07-15,2022-07,"300ETF
510300.XSHG"
2022-07-18 09:40:00,加仓,创业板ETF易方达,159915.XSHE,2.661,1600.0,21000,,3.0,2022-07-18,2022-07,"创业板ETF易方达
159915.XSHE"
2022-07-20 09:31:00,止盈,纳指ETF,513100.XSHG,0.852,1000.0,26000,24.9,-1.0,2022-07-20,2022-07,"纳指ETF
513100.XSHG"
2022-07-20 09:42:00,止盈,500ETF,510500.XSHG,7.304,500.0,7900,107.13,4.0,2022-07-20,2022-07,"500ETF
510500.XSHG"
2022-07-29 09:31:00,止盈,纳指ETF,513100.XSHG,0.884,1000.0,25000,31.9,-2.0,2022-07-29,2022-07,"纳指ETF
513100.XSHG"
2022-07-29 10:11:00,止盈,黄金ETF,518880.XSHG,3.727,1300.0,10800,141.22,-2.0,2022-07-29,2022-07,"黄金ETF
518880.XSHG"
2022-08-01 09:31:00,加仓,创业板ETF易方达,159915.XSHE,2.579,1600.0,22600,,4.0,2022-08-01,2022-08,"创业板ETF易方达
159915.XSHE"
2022-08-02 09:37:00,加仓,300ETF,510300.XSHG,4.166,1000.0,14000,,4.0,2022-08-02,2022-08,"300ETF
510300.XSHG"
2022-08-02 09:40:00,加仓,500ETF,510500.XSHG,7.081,500.0,8400,,5.0,2022-08-02,2022-08,"500ETF
510500.XSHG"
2022-08-04 13:29:00,止盈,纳指ETF,513100.XSHG,0.911,1000.0,24000,26.9,-3.0,2022-08-04,2022-08,"纳指ETF
513100.XSHG"
2022-08-11 10:54:00,止盈,500ETF,510500.XSHG,7.295,500.0,7900,106.64,4.0,2022-08-11,2022-08,"500ETF
510500.XSHG"
2022-08-16 09:31:00,止盈,纳指ETF,513100.XSHG,0.941,1000.0,23000,29.9,-4.0,2022-08-16,2022-08,"纳指ETF
513100.XSHG"
2022-08-16 09:46:00,止盈,创业板ETF易方达,159915.XSHE,2.657,1600.0,21000,124.37,3.0,2022-08-16,2022-08,"创业板ETF易方达
159915.XSHE"
2022-08-22 14:37:00,加仓,纳指ETF,513100.XSHG,0.912,1000.0,24000,,-3.0,2022-08-22,2022-08,"纳指ETF
513100.XSHG"
2022-08-25 10:06:00,加仓,创业板ETF易方达,159915.XSHE,2.577,1600.0,22600,,4.0,2022-08-25,2022-08,"创业板ETF易方达
159915.XSHE"
2022-08-29 09:31:00,加仓,纳指ETF,513100.XSHG,0.871,1000.0,25000,,-2.0,2022-08-29,2022-08,"纳指ETF
513100.XSHG"
2022-08-29 09:31:00,加仓,500ETF,510500.XSHG,6.215,500.0,9549,,5.0,2022-08-29,2022-08,"500ETF
510500.XSHG"
2022-08-31 10:11:00,加仓,创业板ETF易方达,159915.XSHE,2.498,1600.0,24200,,5.0,2022-08-31,2022-08,"创业板ETF易方达
159915.XSHE"
2022-09-06 10:12:00,加仓,创业板ETF易方达,159915.XSHE,2.423,1600.0,25800,,6.0,2022-09-06,2022-09,"创业板ETF易方达
159915.XSHE"
2022-09-07 10:27:00,止盈,创业板ETF易方达,159915.XSHE,2.496,1600.0,24200,116.4,5.0,2022-09-07,2022-09,"创业板ETF易方达
159915.XSHE"
2022-09-13 14:09:00,止盈,纳指ETF,513100.XSHG,0.898,1000.0,24000,26.9,-3.0,2022-09-13,2022-09,"纳指ETF
513100.XSHG"
2022-09-14 09:31:00,加仓,纳指ETF,513100.XSHG,0.854,1000.0,25000,,-2.0,2022-09-14,2022-09,"纳指ETF
513100.XSHG"
2022-09-14 13:15:00,加仓,创业板ETF易方达,159915.XSHE,2.421,1600.0,25800,,6.0,2022-09-14,2022-09,"创业板ETF易方达
159915.XSHE"
2022-09-15 13:43:00,加仓,创业板ETF易方达,159915.XSHE,2.348,1600.0,27400,,7.0,2022-09-15,2022-09,"创业板ETF易方达
159915.XSHE"
2022-09-16 10:38:00,加仓,300ETF,510300.XSHG,4.04,1000.0,15000,,5.0,2022-09-16,2022-09,"300ETF
510300.XSHG"
2022-09-16 13:25:00,加仓,500ETF,510500.XSHG,6.027,500.0,10049,,6.0,2022-09-16,2022-09,"500ETF
510500.XSHG"
2022-09-19 13:50:00,加仓,创业板ETF易方达,159915.XSHE,2.277,1600.0,29000,,8.0,2022-09-19,2022-09,"创业板ETF易方达
159915.XSHE"
2022-09-22 09:39:00,加仓,纳指ETF,513100.XSHG,0.828,1000.0,26000,,-1.0,2022-09-22,2022-09,"纳指ETF
513100.XSHG"
2022-09-23 10:26:00,加仓,300ETF,510300.XSHG,3.916,1000.0,16000,,6.0,2022-09-23,2022-09,"300ETF
510300.XSHG"
2022-09-23 11:21:00,加仓,500ETF,510500.XSHG,5.846,500.0,10549,,7.0,2022-09-23,2022-09,"500ETF
510500.XSHG"
2022-10-10 09:31:00,加仓,纳指ETF,513100.XSHG,0.799,1000.0,27000,,0.0,2022-10-10,2022-10,"纳指ETF
513100.XSHG"
2022-10-10 09:34:00,加仓,创业板ETF易方达,159915.XSHE,2.207,1600.0,30600,,9.0,2022-10-10,2022-10,"创业板ETF易方达
159915.XSHE"
2022-10-10 14:19:00,加仓,500ETF,510500.XSHG,5.67,500.0,11049,,8.0,2022-10-10,2022-10,"500ETF
510500.XSHG"
2022-10-10 14:24:00,加仓,300ETF,510300.XSHG,3.798,1000.0,17000,,7.0,2022-10-10,2022-10,"300ETF
510300.XSHG"
2022-10-12 14:56:00,止盈,创业板ETF易方达,159915.XSHE,2.274,1600.0,29000,106.84,8.0,2022-10-12,2022-10,"创业板ETF易方达
159915.XSHE"
2022-10-13 11:22:00,止盈,500ETF,510500.XSHG,5.844,500.0,10549,86.71,7.0,2022-10-13,2022-10,"500ETF
510500.XSHG"
2022-10-14 11:07:00,止盈,创业板ETF易方达,159915.XSHE,2.344,1600.0,27400,111.62,7.0,2022-10-14,2022-10,"创业板ETF易方达
159915.XSHE"
2022-10-14 13:23:00,止盈,300ETF,510300.XSHG,3.912,1000.0,16000,113.61,6.0,2022-10-14,2022-10,"300ETF
510300.XSHG"
2022-10-17 13:53:00,止盈,500ETF,510500.XSHG,6.022,500.0,10049,88.7,6.0,2022-10-17,2022-10,"500ETF
510500.XSHG"
2022-10-18 13:02:00,止盈,纳指ETF,513100.XSHG,0.825,1000.0,26000,25.9,-1.0,2022-10-18,2022-10,"纳指ETF
513100.XSHG"
2022-10-20 10:14:00,加仓,300ETF,510300.XSHG,3.793,1000.0,17000,,7.0,2022-10-20,2022-10,"300ETF
510300.XSHG"
2022-10-24 13:53:00,加仓,创业板ETF易方达,159915.XSHE,2.271,1600.0,29000,,8.0,2022-10-24,2022-10,"创业板ETF易方达
159915.XSHE"
2022-10-25 09:37:00,加仓,500ETF,510500.XSHG,5.839,500.0,10549,,7.0,2022-10-25,2022-10,"500ETF
510500.XSHG"
2022-10-25 09:39:00,加仓,300ETF,510300.XSHG,3.678,1000.0,18000,,8.0,2022-10-25,2022-10,"300ETF
510300.XSHG"
2022-10-26 10:50:00,止盈,500ETF,510500.XSHG,6.015,500.0,10049,87.7,6.0,2022-10-26,2022-10,"500ETF
510500.XSHG"
2022-10-28 13:45:00,加仓,500ETF,510500.XSHG,5.834,500.0,10549,,7.0,2022-10-28,2022-10,"500ETF
510500.XSHG"
2022-10-28 13:45:00,加仓,创业板ETF易方达,159915.XSHE,2.202,1600.0,30600,,9.0,2022-10-28,2022-10,"创业板ETF易方达
159915.XSHE"
2022-10-31 09:34:00,加仓,300ETF,510300.XSHG,3.562,1000.0,19000,,9.0,2022-10-31,2022-10,"300ETF
510300.XSHG"
2022-11-01 09:32:00,止盈,纳指ETF,513100.XSHG,0.85,1000.0,25000,24.9,-2.0,2022-11-01,2022-11,"纳指ETF
513100.XSHG"
2022-11-01 14:23:00,止盈,300ETF,510300.XSHG,3.67,1000.0,18000,107.63,8.0,2022-11-01,2022-11,"300ETF
510300.XSHG"
2022-11-01 14:51:00,止盈,创业板ETF易方达,159915.XSHE,2.269,1600.0,29000,106.84,8.0,2022-11-01,2022-11,"创业板ETF易方达
159915.XSHE"
2022-11-02 13:02:00,止盈,500ETF,510500.XSHG,6.01,500.0,10049,87.7,6.0,2022-11-02,2022-11,"500ETF
510500.XSHG"
2022-11-03 09:31:00,加仓,纳指ETF,513100.XSHG,0.812,1000.0,26000,,-1.0,2022-11-03,2022-11,"纳指ETF
513100.XSHG"
2022-11-04 09:55:00,止盈,创业板ETF易方达,159915.XSHE,2.34,1600.0,27400,113.23,7.0,2022-11-04,2022-11,"创业板ETF易方达
159915.XSHE"
2022-11-04 10:12:00,止盈,300ETF,510300.XSHG,3.781,1000.0,17000,110.62,7.0,2022-11-04,2022-11,"300ETF
510300.XSHG"
2022-11-08 09:57:00,止盈,黄金ETF,518880.XSHG,3.839,1300.0,9500,145.1,-3.0,2022-11-08,2022-11,"黄金ETF
518880.XSHG"
2022-11-09 10:30:00,止盈,500ETF,510500.XSHG,6.192,500.0,9549,90.69,5.0,2022-11-09,2022-11,"500ETF
510500.XSHG"
2022-11-09 14:51:00,止盈,黄金ETF,518880.XSHG,3.957,1300.0,8200,152.89,-4.0,2022-11-09,2022-11,"黄金ETF
518880.XSHG"
2022-11-11 09:31:00,止盈,纳指ETF,513100.XSHG,0.856,1000.0,25000,43.9,-2.0,2022-11-11,2022-11,"纳指ETF
513100.XSHG"
2022-11-11 14:07:00,止盈,300ETF,510300.XSHG,3.895,1000.0,16000,113.61,6.0,2022-11-11,2022-11,"300ETF
510300.XSHG"
2022-11-22 14:12:00,加仓,创业板ETF易方达,159915.XSHE,2.269,1600.0,29000,,8.0,2022-11-22,2022-11,"创业板ETF易方达
159915.XSHE"
2022-11-28 09:31:00,加仓,300ETF,510300.XSHG,3.764,1000.0,17000,,7.0,2022-11-28,2022-11,"300ETF
510300.XSHG"
2022-11-28 09:42:00,加仓,500ETF,510500.XSHG,5.999,500.0,10049,,6.0,2022-11-28,2022-11,"500ETF
510500.XSHG"
2022-11-28 09:47:00,加仓,创业板ETF易方达,159915.XSHE,2.199,1600.0,30600,,9.0,2022-11-28,2022-11,"创业板ETF易方达
159915.XSHE"
2022-11-29 10:37:00,止盈,300ETF,510300.XSHG,3.877,1000.0,16000,112.61,6.0,2022-11-29,2022-11,"300ETF
510300.XSHG"
2022-11-29 13:01:00,止盈,创业板ETF易方达,159915.XSHE,2.267,1600.0,29000,108.44,8.0,2022-11-29,2022-11,"创业板ETF易方达
159915.XSHE"
2022-11-29 13:02:00,止盈,500ETF,510500.XSHG,6.184,500.0,9549,92.19,5.0,2022-11-29,2022-11,"500ETF
510500.XSHG"
2022-12-01 09:32:00,止盈,300ETF,510300.XSHG,4.004,1000.0,15000,126.6,5.0,2022-12-01,2022-12,"300ETF
510300.XSHG"
2022-12-02 10:09:00,止盈,创业板ETF易方达,159915.XSHE,2.336,1600.0,27400,110.03,7.0,2022-12-02,2022-12,"创业板ETF易方达
159915.XSHE"
2022-12-07 09:31:00,加仓,纳指ETF,513100.XSHG,0.83,1000.0,26000,,-1.0,2022-12-07,2022-12,"纳指ETF
513100.XSHG"
2022-12-19 13:13:00,加仓,500ETF,510500.XSHG,5.996,500.0,10049,,6.0,2022-12-19,2022-12,"500ETF
510500.XSHG"
2022-12-20 09:32:00,加仓,创业板ETF易方达,159915.XSHE,2.264,1600.0,29000,,8.0,2022-12-20,2022-12,"创业板ETF易方达
159915.XSHE"
2022-12-20 11:06:00,加仓,纳指ETF,513100.XSHG,0.805,1000.0,27000,,0.0,2022-12-20,2022-12,"纳指ETF
513100.XSHG"
2022-12-20 13:34:00,加仓,300ETF,510300.XSHG,3.883,1000.0,16000,,6.0,2022-12-20,2022-12,"300ETF
510300.XSHG"
2022-12-22 14:06:00,加仓,500ETF,510500.XSHG,5.814,500.0,10549,,7.0,2022-12-22,2022-12,"500ETF
510500.XSHG"
2023-01-05 09:42:00,止盈,500ETF,510500.XSHG,5.991,500.0,10049,88.2,6.0,2023-01-05,2023-01,"500ETF
510500.XSHG"
2023-01-05 09:46:00,止盈,300ETF,510300.XSHG,4.003,1000.0,15000,119.6,5.0,2023-01-05,2023-01,"300ETF
510300.XSHG"
2023-01-05 14:35:00,止盈,创业板ETF易方达,159915.XSHE,2.332,1600.0,27400,108.43,7.0,2023-01-05,2023-01,"创业板ETF易方达
159915.XSHE"
2023-01-10 13:42:00,止盈,创业板ETF易方达,159915.XSHE,2.402,1600.0,25800,111.62,6.0,2023-01-10,2023-01,"创业板ETF易方达
159915.XSHE"
2023-01-13 14:25:00,止盈,300ETF,510300.XSHG,4.124,1000.0,14000,120.59,4.0,2023-01-13,2023-01,"300ETF
510300.XSHG"
2023-01-16 10:39:00,止盈,500ETF,510500.XSHG,6.172,500.0,9549,90.19,5.0,2023-01-16,2023-01,"500ETF
510500.XSHG"
2023-01-16 10:44:00,止盈,创业板ETF易方达,159915.XSHE,2.475,1600.0,24200,116.4,5.0,2023-01-16,2023-01,"创业板ETF易方达
159915.XSHE"
2023-01-20 09:31:00,止盈,黄金ETF,518880.XSHG,4.105,1300.0,6900,191.87,-5.0,2023-01-20,2023-01,"黄金ETF
518880.XSHG"
2023-01-30 09:31:00,止盈,纳指ETF,513100.XSHG,0.844,1000.0,26000,38.9,-1.0,2023-01-30,2023-01,"纳指ETF
513100.XSHG"
2023-01-30 09:31:00,止盈,500ETF,510500.XSHG,6.366,500.0,9049,96.68,4.0,2023-01-30,2023-01,"500ETF
510500.XSHG"
2023-01-30 09:31:00,止盈,300ETF,510300.XSHG,4.261,1000.0,13000,136.57,3.0,2023-01-30,2023-01,"300ETF
510300.XSHG"
2023-01-30 09:31:00,止盈,创业板ETF易方达,159915.XSHE,2.574,1600.0,22600,157.99,4.0,2023-01-30,2023-01,"创业板ETF易方达
159915.XSHE"
2023-02-01 10:45:00,加仓,创业板ETF易方达,159915.XSHE,2.496,1600.0,24200,,5.0,2023-02-01,2023-02,"创业板ETF易方达
159915.XSHE"
2023-02-03 09:31:00,止盈,纳指ETF,513100.XSHG,0.873,1000.0,25000,28.9,-2.0,2023-02-03,2023-02,"纳指ETF
513100.XSHG"
2023-02-03 09:50:00,加仓,300ETF,510300.XSHG,4.133,1000.0,14000,,4.0,2023-02-03,2023-02,"300ETF
510300.XSHG"
2023-02-17 09:46:00,加仓,创业板ETF易方达,159915.XSHE,2.421,1600.0,25800,,6.0,2023-02-17,2023-02,"创业板ETF易方达
159915.XSHE"
2023-02-27 09:31:00,加仓,创业板ETF易方达,159915.XSHE,2.347,1600.0,27400,,7.0,2023-02-27,2023-02,"创业板ETF易方达
159915.XSHE"
2023-03-02 09:31:00,加仓,纳指ETF,513100.XSHG,0.845,1000.0,26000,,-1.0,2023-03-02,2023-03,"纳指ETF
513100.XSHG"
2023-03-06 10:39:00,止盈,纳指ETF,513100.XSHG,0.871,1000.0,25000,25.9,-2.0,2023-03-06,2023-03,"纳指ETF
513100.XSHG"
2023-03-09 11:03:00,加仓,300ETF,510300.XSHG,4.006,1000.0,15000,,5.0,2023-03-09,2023-03,"300ETF
510300.XSHG"
2023-03-13 09:31:00,加仓,纳指ETF,513100.XSHG,0.844,1000.0,26000,,-1.0,2023-03-13,2023-03,"纳指ETF
513100.XSHG"
2023-03-13 10:36:00,加仓,创业板ETF易方达,159915.XSHE,2.276,1600.0,29000,,8.0,2023-03-13,2023-03,"创业板ETF易方达
159915.XSHE"
2023-03-14 10:57:00,加仓,500ETF,510500.XSHG,6.173,500.0,9549,,5.0,2023-03-14,2023-03,"500ETF
510500.XSHG"
2023-03-17 09:31:00,止盈,纳指ETF,513100.XSHG,0.884,1000.0,25000,39.9,-2.0,2023-03-17,2023-03,"纳指ETF
513100.XSHG"
2023-03-20 09:31:00,止盈,黄金ETF,518880.XSHG,4.271,1300.0,5600,215.24,-6.0,2023-03-20,2023-03,"黄金ETF
518880.XSHG"
2023-03-31 09:31:00,止盈,纳指ETF,513100.XSHG,0.912,1000.0,24000,27.9,-3.0,2023-03-31,2023-03,"纳指ETF
513100.XSHG"
2023-03-31 14:15:00,止盈,500ETF,510500.XSHG,6.359,500.0,9049,92.68,4.0,2023-03-31,2023-03,"500ETF
510500.XSHG"
2023-04-03 09:54:00,止盈,创业板ETF易方达,159915.XSHE,2.346,1600.0,27400,111.62,7.0,2023-04-03,2023-04,"创业板ETF易方达
159915.XSHE"
2023-04-07 10:31:00,止盈,300ETF,510300.XSHG,4.127,1000.0,14000,120.59,4.0,2023-04-07,2023-04,"300ETF
510300.XSHG"
2023-04-21 14:31:00,加仓,创业板ETF易方达,159915.XSHE,2.275,1600.0,29000,,8.0,2023-04-21,2023-04,"创业板ETF易方达
159915.XSHE"
2023-04-24 10:01:00,加仓,300ETF,510300.XSHG,4.002,1000.0,15000,,5.0,2023-04-24,2023-04,"300ETF
510300.XSHG"
2023-04-25 09:55:00,加仓,创业板ETF易方达,159915.XSHE,2.206,1600.0,30600,,9.0,2023-04-25,2023-04,"创业板ETF易方达
159915.XSHE"
2023-04-25 10:21:00,加仓,500ETF,510500.XSHG,6.167,500.0,9549,,5.0,2023-04-25,2023-04,"500ETF
510500.XSHG"
2023-05-04 09:31:00,止盈,黄金ETF,518880.XSHG,4.41,1300.0,4300,180.13,-7.0,2023-05-04,2023-05,"黄金ETF
518880.XSHG"
2023-05-11 09:31:00,止盈,纳指ETF,513100.XSHG,0.94,1000.0,23000,27.9,-4.0,2023-05-11,2023-05,"纳指ETF
513100.XSHG"
2023-05-18 13:17:00,止盈,纳指ETF,513100.XSHG,0.969,1000.0,22000,28.9,-5.0,2023-05-18,2023-05,"纳指ETF
513100.XSHG"
2023-05-23 11:17:00,止盈,纳指ETF,513100.XSHG,1.0,1000.0,21000,30.9,-6.0,2023-05-23,2023-05,"纳指ETF
513100.XSHG"
2023-05-24 09:36:00,加仓,300ETF,510300.XSHG,3.88,1000.0,16000,,6.0,2023-05-24,2023-05,"300ETF
510300.XSHG"
2023-05-25 11:23:00,加仓,500ETF,510500.XSHG,5.98,500.0,10049,,6.0,2023-05-25,2023-05,"500ETF
510500.XSHG"
2023-05-29 09:47:00,止盈,纳指ETF,513100.XSHG,1.03,1000.0,20000,29.9,-7.0,2023-05-29,2023-05,"纳指ETF
513100.XSHG"
2023-05-29 11:01:00,加仓,创业板ETF易方达,159915.XSHE,2.138,1600.0,32200,,10.0,2023-05-29,2023-05,"创业板ETF易方达
159915.XSHE"
2023-06-02 11:01:00,止盈,500ETF,510500.XSHG,6.16,500.0,9549,89.69,5.0,2023-06-02,2023-06,"500ETF
510500.XSHG"
2023-06-13 09:31:00,止盈,纳指ETF,513100.XSHG,1.079,1000.0,19000,48.89,-8.0,2023-06-13,2023-06,"纳指ETF
513100.XSHG"
2023-06-16 13:22:00,止盈,创业板ETF易方达,159915.XSHE,2.203,1600.0,30600,103.65,9.0,2023-06-16,2023-06,"创业板ETF易方达
159915.XSHE"
2023-06-26 09:52:00,加仓,创业板ETF易方达,159915.XSHE,2.136,1600.0,32200,,10.0,2023-06-26,2023-06,"创业板ETF易方达
159915.XSHE"
2023-06-26 10:42:00,加仓,500ETF,510500.XSHG,5.975,500.0,10049,,6.0,2023-06-26,2023-06,"500ETF
510500.XSHG"
2023-07-03 09:31:00,破顶,纳指ETF,513100.XSHG,1.116,,44800,,,2023-07-03,2023-07,"纳指ETF
513100.XSHG"
2023-07-19 09:31:00,止盈,纳指ETF,513100.XSHG,1.153,4400.0,40400,162.29,-1.0,2023-07-19,2023-07,"纳指ETF
513100.XSHG"
2023-07-28 10:55:00,止盈,300ETF,510300.XSHG,3.998,1000.0,15000,117.6,5.0,2023-07-28,2023-07,"300ETF
510300.XSHG"
2023-07-28 14:20:00,止盈,500ETF,510500.XSHG,6.156,500.0,9549,90.19,5.0,2023-07-28,2023-07,"500ETF
510500.XSHG"
2023-07-31 09:36:00,止盈,300ETF,510300.XSHG,4.122,1000.0,14000,123.59,4.0,2023-07-31,2023-07,"300ETF
510300.XSHG"
2023-08-03 14:54:00,加仓,纳指ETF,513100.XSHG,1.118,4400.0,44800,,0.0,2023-08-03,2023-08,"纳指ETF
513100.XSHG"
2023-08-04 09:31:00,止盈,创业板ETF易方达,159915.XSHE,2.21,1600.0,30600,118.05,9.0,2023-08-04,2023-08,"创业板ETF易方达
159915.XSHE"
2023-08-11 10:44:00,加仓,300ETF,510300.XSHG,3.996,1000.0,15000,,5.0,2023-08-11,2023-08,"300ETF
510300.XSHG"
2023-08-11 14:29:00,加仓,创业板ETF易方达,159915.XSHE,2.143,1600.0,32200,,10.0,2023-08-11,2023-08,"创业板ETF易方达
159915.XSHE"
2023-08-14 09:36:00,加仓,500ETF,510500.XSHG,5.971,500.0,10049,,6.0,2023-08-14,2023-08,"500ETF
510500.XSHG"
2023-08-17 09:31:00,加仓,300ETF,510300.XSHG,3.871,1000.0,16000,,6.0,2023-08-17,2023-08,"300ETF
510300.XSHG"
2023-08-18 10:31:00,加仓,纳指ETF,513100.XSHG,1.084,4400.0,49200,,1.0,2023-08-18,2023-08,"纳指ETF
513100.XSHG"
2023-08-22 11:11:00,加仓,500ETF,510500.XSHG,5.791,500.0,10549,,7.0,2023-08-22,2023-08,"500ETF
510500.XSHG"
2023-08-24 09:31:00,止盈,纳指ETF,513100.XSHG,1.13,4400.0,44800,201.9,0.0,2023-08-24,2023-08,"纳指ETF
513100.XSHG"
2023-08-25 09:31:00,加仓,纳指ETF,513100.XSHG,1.096,4400.0,49200,,1.0,2023-08-25,2023-08,"纳指ETF
513100.XSHG"
2023-08-28 09:31:00,止盈,500ETF,510500.XSHG,5.974,500.0,10049,91.2,6.0,2023-08-28,2023-08,"500ETF
510500.XSHG"
2023-08-28 09:31:00,止盈,300ETF,510300.XSHG,4.003,1000.0,15000,131.6,5.0,2023-08-28,2023-08,"300ETF
510300.XSHG"
2023-08-28 09:53:00,加仓,300ETF,510300.XSHG,3.882,1000.0,16000,,6.0,2023-08-28,2023-08,"300ETF
510300.XSHG"
2023-08-28 13:13:00,加仓,500ETF,510500.XSHG,5.793,500.0,10549,,7.0,2023-08-28,2023-08,"500ETF
510500.XSHG"
2023-08-30 09:31:00,止盈,纳指ETF,513100.XSHG,1.135,4400.0,44800,171.1,0.0,2023-08-30,2023-08,"纳指ETF
513100.XSHG"
2023-09-11 10:12:00,止盈,黄金ETF,518880.XSHG,4.544,1300.0,3000,173.61,-8.0,2023-09-11,2023-09,"黄金ETF
518880.XSHG"
2023-09-21 10:00:00,加仓,300ETF,510300.XSHG,3.765,1000.0,17000,,7.0,2023-09-21,2023-09,"300ETF
510300.XSHG"
2023-09-21 13:28:00,加仓,纳指ETF,513100.XSHG,1.1,4400.0,49200,,1.0,2023-09-21,2023-09,"纳指ETF
513100.XSHG"
2023-10-09 09:31:00,加仓,黄金ETF,518880.XSHG,4.403,1300.0,4300,,-7.0,2023-10-09,2023-10,"黄金ETF
518880.XSHG"
2023-10-18 14:21:00,加仓,500ETF,510500.XSHG,5.619,500.0,11049,,8.0,2023-10-18,2023-10,"500ETF
510500.XSHG"
2023-10-19 09:31:00,止盈,黄金ETF,518880.XSHG,4.548,1300.0,3000,187.91,-8.0,2023-10-19,2023-10,"黄金ETF
518880.XSHG"
2023-10-19 09:33:00,加仓,300ETF,510300.XSHG,3.652,1000.0,18000,,8.0,2023-10-19,2023-10,"300ETF
510300.XSHG"
2023-10-23 09:50:00,加仓,500ETF,510500.XSHG,5.447,500.0,11549,,9.0,2023-10-23,2023-10,"500ETF
510500.XSHG"
2023-10-23 13:54:00,加仓,300ETF,510300.XSHG,3.542,1000.0,19000,,9.0,2023-10-23,2023-10,"300ETF
510300.XSHG"
2023-10-26 09:31:00,加仓,纳指ETF,513100.XSHG,1.053,4400.0,53600,,2.0,2023-10-26,2023-10,"纳指ETF
513100.XSHG"
2023-10-27 14:09:00,止盈,500ETF,510500.XSHG,5.611,500.0,11049,81.72,8.0,2023-10-27,2023-10,"500ETF
510500.XSHG"
2023-10-30 11:23:00,止盈,300ETF,510300.XSHG,3.649,1000.0,18000,106.64,8.0,2023-10-30,2023-10,"300ETF
510300.XSHG"
2023-11-02 09:31:00,止盈,纳指ETF,513100.XSHG,1.09,4400.0,49200,162.32,1.0,2023-11-02,2023-11,"纳指ETF
513100.XSHG"
2023-11-08 11:03:00,止盈,纳指ETF,513100.XSHG,1.123,4400.0,44800,144.71,0.0,2023-11-08,2023-11,"纳指ETF
513100.XSHG"
2023-11-15 09:31:00,止盈,纳指ETF,513100.XSHG,1.165,4400.0,40400,184.29,-1.0,2023-11-15,2023-11,"纳指ETF
513100.XSHG"
2023-11-15 09:38:00,止盈,500ETF,510500.XSHG,5.78,500.0,10549,84.21,7.0,2023-11-15,2023-11,"500ETF
510500.XSHG"
2023-11-30 13:57:00,加仓,500ETF,510500.XSHG,5.606,500.0,11049,,8.0,2023-11-30,2023-11,"500ETF
510500.XSHG"
2023-12-01 09:40:00,加仓,300ETF,510300.XSHG,3.539,1000.0,19000,,9.0,2023-12-01,2023-12,"300ETF
510300.XSHG"
2023-12-11 09:32:00,加仓,300ETF,510300.XSHG,3.418,1000.0,20000,,10.0,2023-12-11,2023-12,"300ETF
510300.XSHG"
2023-12-14 09:31:00,止盈,纳指ETF,513100.XSHG,1.203,4400.0,36000,166.67,-2.0,2023-12-14,2023-12,"纳指ETF
513100.XSHG"
2023-12-20 13:10:00,加仓,500ETF,510500.XSHG,5.437,500.0,11549,,9.0,2023-12-20,2023-12,"500ETF
510500.XSHG"
2023-12-28 09:56:00,破顶,黄金ETF,518880.XSHG,4.686,,10600,,,2023-12-28,2023-12,"黄金ETF
518880.XSHG"
2024-01-08 13:44:00,加仓,500ETF,510500.XSHG,5.272,500.0,12049,,10.0,2024-01-08,2024-01,"500ETF
510500.XSHG"
2024-01-19 09:39:00,止盈,纳指ETF,513100.XSHG,1.24,4400.0,31600,162.25,-3.0,2024-01-19,2024-01,"纳指ETF
513100.XSHG"
2024-01-22 13:27:00,止盈,纳指ETF,513100.XSHG,1.278,4400.0,27200,166.64,-4.0,2024-01-22,2024-01,"纳指ETF
513100.XSHG"
2024-02-08 10:07:00,止盈,500ETF,510500.XSHG,5.434,500.0,11549,80.73,9.0,2024-02-08,2024-02,"500ETF
510500.XSHG"
2024-02-08 13:31:00,加仓,500ETF,510500.XSHG,5.267,500.0,12049,,10.0,2024-02-08,2024-02,"500ETF
510500.XSHG"
2024-02-23 09:31:00,止盈,纳指ETF,513100.XSHG,1.322,4400.0,22800,193.02,-5.0,2024-02-23,2024-02,"纳指ETF
513100.XSHG"
2024-02-28 09:33:00,止盈,500ETF,510500.XSHG,5.426,500.0,11549,79.23,9.0,2024-02-28,2024-02,"500ETF
510500.XSHG"
2024-02-28 14:59:00,加仓,500ETF,510500.XSHG,5.262,500.0,12049,,10.0,2024-02-28,2024-02,"500ETF
510500.XSHG"
2024-02-29 14:48:00,止盈,500ETF,510500.XSHG,5.422,500.0,11549,79.73,9.0,2024-02-29,2024-02,"500ETF
510500.XSHG"
2024-03-01 10:26:00,止盈,300ETF,510300.XSHG,3.521,1000.0,19000,102.65,9.0,2024-03-01,2024-03,"300ETF
510300.XSHG"
2024-03-07 09:31:00,止盈,黄金ETF,518880.XSHG,4.847,1000.0,9600,160.52,-1.0,2024-03-07,2024-03,"黄金ETF
518880.XSHG"
2024-03-18 13:58:00,止盈,500ETF,510500.XSHG,5.585,500.0,11049,81.22,8.0,2024-03-18,2024-03,"500ETF
510500.XSHG"
2024-03-25 09:55:00,加仓,500ETF,510500.XSHG,5.417,500.0,11549,,9.0,2024-03-25,2024-03,"500ETF
510500.XSHG"
2024-03-27 14:51:00,加仓,500ETF,510500.XSHG,5.252,500.0,12049,,10.0,2024-03-27,2024-03,"500ETF
510500.XSHG"
2024-03-28 09:31:00,止盈,黄金ETF,518880.XSHG,5.0,1000.0,8600,152.5,-2.0,2024-03-28,2024-03,"黄金ETF
518880.XSHG"
2024-04-01 09:31:00,止盈,黄金ETF,518880.XSHG,5.173,1000.0,7600,172.48,-3.0,2024-04-01,2024-04,"黄金ETF
518880.XSHG"
2024-04-01 09:32:00,止盈,500ETF,510500.XSHG,5.416,500.0,11549,81.73,9.0,2024-04-01,2024-04,"500ETF
510500.XSHG"
2024-04-08 09:56:00,止盈,黄金ETF,518880.XSHG,5.332,1000.0,6600,158.47,-4.0,2024-04-08,2024-04,"黄金ETF
518880.XSHG"
2024-04-12 14:46:00,止盈,黄金ETF,518880.XSHG,5.492,1000.0,5600,159.45,-5.0,2024-04-12,2024-04,"黄金ETF
518880.XSHG"
2024-04-18 09:31:00,加仓,纳指ETF,513100.XSHG,1.281,4400.0,27200,,-4.0,2024-04-18,2024-04,"纳指ETF
513100.XSHG"
2024-04-23 09:31:00,加仓,黄金ETF,518880.XSHG,5.319,1000.0,6600,,-4.0,2024-04-23,2024-04,"黄金ETF
518880.XSHG"
2024-04-29 10:40:00,止盈,300ETF,510300.XSHG,3.629,1000.0,18000,107.64,8.0,2024-04-29,2024-04,"300ETF
510300.XSHG"
2024-04-29 14:34:00,止盈,500ETF,510500.XSHG,5.581,500.0,11049,82.22,8.0,2024-04-29,2024-04,"500ETF
510500.XSHG"
2024-05-10 09:32:00,止盈,纳指ETF,513100.XSHG,1.32,4400.0,22800,171.02,-5.0,2024-05-10,2024-05,"纳指ETF
513100.XSHG"
2024-05-20 09:31:00,止盈,黄金ETF,518880.XSHG,5.524,1000.0,5600,204.45,-5.0,2024-05-20,2024-05,"黄金ETF
518880.XSHG"
2024-05-21 09:31:00,止盈,纳指ETF,513100.XSHG,1.365,4400.0,18400,197.4,-6.0,2024-05-21,2024-05,"纳指ETF
513100.XSHG"
2024-05-23 09:32:00,加仓,黄金ETF,518880.XSHG,5.354,1000.0,6600,,-4.0,2024-05-23,2024-05,"黄金ETF
518880.XSHG"
2024-05-23 09:57:00,加仓,500ETF,510500.XSHG,5.411,500.0,11549,,9.0,2024-05-23,2024-05,"500ETF
510500.XSHG"
2024-06-06 14:33:00,加仓,500ETF,510500.XSHG,5.247,500.0,12049,,10.0,2024-06-06,2024-06,"500ETF
510500.XSHG"
2024-06-12 09:31:00,止盈,纳指ETF,513100.XSHG,1.408,4400.0,14000,188.58,-7.0,2024-06-12,2024-06,"纳指ETF
513100.XSHG"
2024-06-14 10:41:00,加仓,300ETF,510300.XSHG,3.52,1000.0,19000,,9.0,2024-06-14,2024-06,"300ETF
510300.XSHG"
2024-06-18 09:31:00,止盈,纳指ETF,513100.XSHG,1.457,4400.0,9600,214.96,-8.0,2024-06-18,2024-06,"纳指ETF
513100.XSHG"
2024-07-03 10:57:00,破顶,纳指ETF,513100.XSHG,1.501,,33300,,,2024-07-03,2024-07,"纳指ETF
513100.XSHG"
2024-07-08 09:31:00,止盈,纳指ETF,513100.XSHG,1.547,3300.0,30000,151.29,-1.0,2024-07-08,2024-07,"纳指ETF
513100.XSHG"
2024-07-12 09:33:00,加仓,纳指ETF,513100.XSHG,1.498,3300.0,33300,,0.0,2024-07-12,2024-07,"纳指ETF
513100.XSHG"
2024-07-16 09:31:00,止盈,纳指ETF,513100.XSHG,1.544,3300.0,30000,151.29,-1.0,2024-07-16,2024-07,"纳指ETF
513100.XSHG"
2024-07-17 09:31:00,止盈,黄金ETF,518880.XSHG,5.6,1000.0,5600,245.44,-5.0,2024-07-17,2024-07,"黄金ETF
518880.XSHG"
2024-07-18 09:31:00,加仓,纳指ETF,513100.XSHG,1.467,3300.0,33300,,0.0,2024-07-18,2024-07,"纳指ETF
513100.XSHG"
2024-07-19 14:10:00,加仓,黄金ETF,518880.XSHG,5.428,1000.0,6600,,-4.0,2024-07-19,2024-07,"黄金ETF
518880.XSHG"
2024-07-25 09:31:00,加仓,纳指ETF,513100.XSHG,1.41,3300.0,36600,,1.0,2024-07-25,2024-07,"纳指ETF
513100.XSHG"
2024-08-01 09:31:00,止盈,纳指ETF,513100.XSHG,1.465,3300.0,33300,181.02,0.0,2024-08-01,2024-08,"纳指ETF
513100.XSHG"
2024-08-02 09:31:00,加仓,纳指ETF,513100.XSHG,1.411,3300.0,36600,,1.0,2024-08-02,2024-08,"纳指ETF
513100.XSHG"
2024-08-05 09:31:00,加仓,纳指ETF,513100.XSHG,1.331,3300.0,39900,,2.0,2024-08-05,2024-08,"纳指ETF
513100.XSHG"
2024-08-05 13:26:00,加仓,纳指ETF,513100.XSHG,1.291,3300.0,43200,,3.0,2024-08-05,2024-08,"纳指ETF
513100.XSHG"
2024-08-05 13:37:00,加仓,300ETF,510300.XSHG,3.412,1000.0,20000,,10.0,2024-08-05,2024-08,"300ETF
510300.XSHG"
2024-08-06 09:31:00,止盈,纳指ETF,513100.XSHG,1.336,3300.0,39900,148.06,2.0,2024-08-06,2024-08,"纳指ETF
513100.XSHG"
2024-08-13 14:40:00,止盈,纳指ETF,513100.XSHG,1.377,3300.0,36600,134.85,1.0,2024-08-13,2024-08,"纳指ETF
513100.XSHG"
2024-08-15 09:36:00,止盈,纳指ETF,513100.XSHG,1.419,3300.0,33300,138.13,0.0,2024-08-15,2024-08,"纳指ETF
513100.XSHG"
2024-08-16 09:31:00,止盈,纳指ETF,513100.XSHG,1.463,3300.0,30000,144.72,-1.0,2024-08-16,2024-08,"纳指ETF
513100.XSHG"
2024-08-29 09:31:00,加仓,纳指ETF,513100.XSHG,1.41,3300.0,33300,,0.0,2024-08-29,2024-08,"纳指ETF
513100.XSHG"
2024-09-04 13:04:00,加仓,纳指ETF,513100.XSHG,1.367,3300.0,36600,,1.0,2024-09-04,2024-09,"纳指ETF
513100.XSHG"
2024-09-12 09:31:00,止盈,纳指ETF,513100.XSHG,1.414,3300.0,33300,154.63,0.0,2024-09-12,2024-09,"纳指ETF
513100.XSHG"
2024-09-13 09:31:00,止盈,黄金ETF,518880.XSHG,5.613,1000.0,5600,184.44,-5.0,2024-09-13,2024-09,"黄金ETF
518880.XSHG"
2024-09-20 10:03:00,止盈,纳指ETF,513100.XSHG,1.457,3300.0,30000,141.42,-1.0,2024-09-20,2024-09,"纳指ETF
513100.XSHG"
2024-09-25 09:33:00,止盈,300ETF,510300.XSHG,3.519,1000.0,19000,106.65,9.0,2024-09-25,2024-09,"300ETF
510300.XSHG"
2024-09-26 14:51:00,止盈,300ETF,510300.XSHG,3.625,1000.0,18000,105.64,8.0,2024-09-26,2024-09,"300ETF
510300.XSHG"
2024-09-27 11:08:00,止盈,300ETF,510300.XSHG,3.734,1000.0,17000,108.63,7.0,2024-09-27,2024-09,"300ETF
510300.XSHG"
2024-09-27 13:00:00,止盈,500ETF,510500.XSHG,5.42,500.0,11549,86.23,9.0,2024-09-27,2024-09,"500ETF
510500.XSHG"
2024-09-27 13:04:00,止盈,300ETF,510300.XSHG,3.853,1000.0,16000,118.61,6.0,2024-09-27,2024-09,"300ETF
510300.XSHG"
2024-09-27 13:08:00,加仓,纳指ETF,513100.XSHG,1.411,3300.0,33300,,0.0,2024-09-27,2024-09,"纳指ETF
513100.XSHG"
2024-09-30 09:31:00,止盈,500ETF,510500.XSHG,5.787,500.0,11049,183.21,8.0,2024-09-30,2024-09,"500ETF
510500.XSHG"
2024-09-30 09:31:00,止盈,300ETF,510300.XSHG,4.016,1000.0,15000,162.6,5.0,2024-09-30,2024-09,"300ETF
510300.XSHG"
2024-09-30 09:41:00,加仓,500ETF,510500.XSHG,5.599,500.0,11549,,9.0,2024-09-30,2024-09,"500ETF
510500.XSHG"
2024-09-30 09:53:00,加仓,300ETF,510300.XSHG,3.887,1000.0,16000,,6.0,2024-09-30,2024-09,"300ETF
510300.XSHG"
2024-09-30 10:54:00,止盈,500ETF,510500.XSHG,5.775,500.0,11049,87.71,8.0,2024-09-30,2024-09,"500ETF
510500.XSHG"
2024-09-30 10:55:00,止盈,300ETF,510300.XSHG,4.005,1000.0,15000,117.6,5.0,2024-09-30,2024-09,"300ETF
510300.XSHG"
2024-09-30 13:37:00,止盈,500ETF,510500.XSHG,5.949,500.0,10549,86.7,7.0,2024-09-30,2024-09,"500ETF
510500.XSHG"
2024-09-30 13:41:00,止盈,300ETF,510300.XSHG,4.131,1000.0,14000,125.59,4.0,2024-09-30,2024-09,"300ETF
510300.XSHG"
2024-09-30 13:57:00,止盈,创业板ETF易方达,159915.XSHE,2.209,1600.0,30600,105.25,9.0,2024-09-30,2024-09,"创业板ETF易方达
159915.XSHE"
2024-09-30 14:24:00,加仓,创业板ETF易方达,159915.XSHE,2.127,1600.0,32200,,10.0,2024-09-30,2024-09,"创业板ETF易方达
159915.XSHE"
2024-09-30 14:46:00,止盈,创业板ETF易方达,159915.XSHE,2.191,1600.0,30600,102.05,9.0,2024-09-30,2024-09,"创业板ETF易方达
159915.XSHE"
2024-10-08 09:31:00,止盈,500ETF,510500.XSHG,6.595,500.0,10049,322.67,6.0,2024-10-08,2024-10,"500ETF
510500.XSHG"
2024-10-08 09:31:00,止盈,300ETF,510300.XSHG,4.656,1000.0,13000,524.53,3.0,2024-10-08,2024-10,"300ETF
510300.XSHG"
2024-10-08 09:31:00,止盈,创业板ETF易方达,159915.XSHE,2.678,1600.0,29000,778.77,8.0,2024-10-08,2024-10,"创业板ETF易方达
159915.XSHE"
2024-10-08 09:43:00,加仓,创业板ETF易方达,159915.XSHE,2.556,1600.0,30600,,9.0,2024-10-08,2024-10,"创业板ETF易方达
159915.XSHE"
2024-10-08 09:46:00,加仓,300ETF,510300.XSHG,4.507,1000.0,14000,,4.0,2024-10-08,2024-10,"300ETF
510300.XSHG"
2024-10-08 09:47:00,加仓,500ETF,510500.XSHG,6.394,500.0,10549,,7.0,2024-10-08,2024-10,"500ETF
510500.XSHG"
2024-10-08 10:32:00,加仓,500ETF,510500.XSHG,6.202,500.0,11049,,8.0,2024-10-08,2024-10,"500ETF
510500.XSHG"
2024-10-08 10:34:00,加仓,300ETF,510300.XSHG,4.355,1000.0,15000,,5.0,2024-10-08,2024-10,"300ETF
510300.XSHG"
2024-10-08 10:34:00,加仓,创业板ETF易方达,159915.XSHE,2.471,1600.0,32200,,10.0,2024-10-08,2024-10,"创业板ETF易方达
159915.XSHE"
2024-10-08 10:38:00,加仓,500ETF,510500.XSHG,6.007,500.0,11549,,9.0,2024-10-08,2024-10,"500ETF
510500.XSHG"
2024-10-08 10:40:00,加仓,300ETF,510300.XSHG,4.22,1000.0,16000,,6.0,2024-10-08,2024-10,"300ETF
510300.XSHG"
2024-10-08 10:43:00,止盈,500ETF,510500.XSHG,6.202,500.0,11049,97.19,8.0,2024-10-08,2024-10,"500ETF
510500.XSHG"
2024-10-08 10:44:00,止盈,300ETF,510300.XSHG,4.357,1000.0,15000,136.56,5.0,2024-10-08,2024-10,"300ETF
510300.XSHG"
2024-10-08 11:18:00,止盈,创业板ETF易方达,159915.XSHE,2.561,1600.0,30600,143.59,9.0,2024-10-08,2024-10,"创业板ETF易方达
159915.XSHE"
2024-10-08 11:19:00,止盈,300ETF,510300.XSHG,4.488,1000.0,14000,130.55,4.0,2024-10-08,2024-10,"300ETF
510300.XSHG"
2024-10-08 13:22:00,加仓,300ETF,510300.XSHG,4.352,1000.0,15000,,5.0,2024-10-08,2024-10,"300ETF
510300.XSHG"
2024-10-08 13:22:00,加仓,创业板ETF易方达,159915.XSHE,2.461,1600.0,32200,,10.0,2024-10-08,2024-10,"创业板ETF易方达
159915.XSHE"
2024-10-08 14:26:00,止盈,创业板ETF易方达,159915.XSHE,2.536,1600.0,30600,119.59,9.0,2024-10-08,2024-10,"创业板ETF易方达
159915.XSHE"
2024-10-08 14:35:00,止盈,创业板ETF易方达,159915.XSHE,2.614,1600.0,29000,124.38,8.0,2024-10-08,2024-10,"创业板ETF易方达
159915.XSHE"
2024-10-09 09:31:00,加仓,创业板ETF易方达,159915.XSHE,2.389,1600.0,30600,,9.0,2024-10-09,2024-10,"创业板ETF易方达
159915.XSHE"
2024-10-09 09:32:00,加仓,500ETF,510500.XSHG,5.986,500.0,11549,,9.0,2024-10-09,2024-10,"500ETF
510500.XSHG"
2024-10-09 09:32:00,加仓,300ETF,510300.XSHG,4.148,1000.0,16000,,6.0,2024-10-09,2024-10,"300ETF
510300.XSHG"
2024-10-09 09:32:00,加仓,创业板ETF易方达,159915.XSHE,2.271,1600.0,32200,,10.0,2024-10-09,2024-10,"创业板ETF易方达
159915.XSHE"
2024-10-09 09:34:00,止盈,创业板ETF易方达,159915.XSHE,2.35,1600.0,30600,126.02,9.0,2024-10-09,2024-10,"创业板ETF易方达
159915.XSHE"
2024-10-09 09:51:00,止盈,创业板ETF易方达,159915.XSHE,2.43,1600.0,29000,127.61,8.0,2024-10-09,2024-10,"创业板ETF易方达
159915.XSHE"
2024-10-09 09:52:00,止盈,500ETF,510500.XSHG,6.171,500.0,11049,92.19,8.0,2024-10-09,2024-10,"500ETF
510500.XSHG"
2024-10-09 10:11:00,加仓,创业板ETF易方达,159915.XSHE,2.35,1600.0,30600,,9.0,2024-10-09,2024-10,"创业板ETF易方达
159915.XSHE"
2024-10-09 10:35:00,加仓,500ETF,510500.XSHG,5.973,500.0,11549,,9.0,2024-10-09,2024-10,"500ETF
510500.XSHG"
2024-10-09 11:11:00,加仓,创业板ETF易方达,159915.XSHE,2.279,1600.0,32200,,10.0,2024-10-09,2024-10,"创业板ETF易方达
159915.XSHE"
2024-10-09 11:21:00,加仓,500ETF,510500.XSHG,5.792,500.0,12049,,10.0,2024-10-09,2024-10,"500ETF
510500.XSHG"
2024-10-09 11:21:00,加仓,300ETF,510300.XSHG,4.021,1000.0,17000,,7.0,2024-10-09,2024-10,"300ETF
510300.XSHG"
2024-10-09 13:02:00,止盈,500ETF,510500.XSHG,5.991,500.0,11549,99.2,9.0,2024-10-09,2024-10,"500ETF
510500.XSHG"
2024-10-09 13:02:00,止盈,300ETF,510300.XSHG,4.155,1000.0,16000,133.58,6.0,2024-10-09,2024-10,"300ETF
510300.XSHG"
2024-10-09 13:02:00,止盈,创业板ETF易方达,159915.XSHE,2.361,1600.0,30600,130.82,9.0,2024-10-09,2024-10,"创业板ETF易方达
159915.XSHE"
2024-10-09 13:37:00,止盈,创业板ETF易方达,159915.XSHE,2.432,1600.0,29000,113.21,8.0,2024-10-09,2024-10,"创业板ETF易方达
159915.XSHE"
2024-10-09 14:20:00,加仓,创业板ETF易方达,159915.XSHE,2.352,1600.0,30600,,9.0,2024-10-09,2024-10,"创业板ETF易方达
159915.XSHE"
2024-10-09 14:46:00,加仓,创业板ETF易方达,159915.XSHE,2.275,1600.0,32200,,10.0,2024-10-09,2024-10,"创业板ETF易方达
159915.XSHE"
2024-10-09 14:58:00,加仓,300ETF,510300.XSHG,4.026,1000.0,17000,,7.0,2024-10-09,2024-10,"300ETF
510300.XSHG"
2024-10-10 09:54:00,加仓,500ETF,510500.XSHG,5.806,500.0,12049,,10.0,2024-10-10,2024-10,"500ETF
510500.XSHG"
2024-10-10 11:13:00,止盈,300ETF,510300.XSHG,4.148,1000.0,16000,121.59,6.0,2024-10-10,2024-10,"300ETF
510300.XSHG"
2024-10-11 09:39:00,加仓,300ETF,510300.XSHG,4.018,1000.0,17000,,7.0,2024-10-11,2024-10,"300ETF
510300.XSHG"
2024-10-14 14:21:00,止盈,黄金ETF,518880.XSHG,5.784,1000.0,4600,170.42,-6.0,2024-10-14,2024-10,"黄金ETF
518880.XSHG"
2024-10-15 09:31:00,止盈,纳指ETF,513100.XSHG,1.46,3300.0,30000,161.22,-1.0,2024-10-15,2024-10,"纳指ETF
513100.XSHG"
2024-10-16 09:31:00,加仓,300ETF,510300.XSHG,3.894,1000.0,18000,,8.0,2024-10-16,2024-10,"300ETF
510300.XSHG"
2024-10-18 09:31:00,止盈,黄金ETF,518880.XSHG,5.961,1000.0,3600,176.4,-7.0,2024-10-18,2024-10,"黄金ETF
518880.XSHG"
2024-10-18 14:00:00,止盈,300ETF,510300.XSHG,4.011,1000.0,17000,116.6,7.0,2024-10-18,2024-10,"300ETF
510300.XSHG"
2024-10-29 09:31:00,止盈,500ETF,510500.XSHG,5.996,500.0,11549,94.7,9.0,2024-10-29,2024-10,"500ETF
510500.XSHG"
2024-10-30 14:36:00,止盈,黄金ETF,518880.XSHG,6.14,1000.0,2600,178.39,-8.0,2024-10-30,2024-10,"黄金ETF
518880.XSHG"
2024-11-05 11:17:00,止盈,500ETF,510500.XSHG,6.177,500.0,11049,90.19,8.0,2024-11-05,2024-11,"500ETF
510500.XSHG"
2024-11-05 14:39:00,止盈,300ETF,510300.XSHG,4.135,1000.0,16000,123.59,6.0,2024-11-05,2024-11,"300ETF
510300.XSHG"
2024-11-07 09:31:00,止盈,纳指ETF,513100.XSHG,1.515,3300.0,26700,181.0,-2.0,2024-11-07,2024-11,"纳指ETF
513100.XSHG"
2024-11-07 09:31:00,加仓,黄金ETF,518880.XSHG,5.867,1000.0,3600,,-7.0,2024-11-07,2024-11,"黄金ETF
518880.XSHG"
2024-11-08 09:31:00,止盈,500ETF,510500.XSHG,6.408,500.0,10549,115.18,7.0,2024-11-08,2024-11,"500ETF
510500.XSHG"
2024-11-08 09:31:00,止盈,300ETF,510300.XSHG,4.284,1000.0,15000,148.57,5.0,2024-11-08,2024-11,"300ETF
510300.XSHG"
2024-11-08 09:31:00,止盈,创业板ETF易方达,159915.XSHE,2.355,1600.0,30600,127.62,9.0,2024-11-08,2024-11,"创业板ETF易方达
159915.XSHE"
2024-11-08 14:26:00,加仓,创业板ETF易方达,159915.XSHE,2.284,1600.0,32200,,10.0,2024-11-08,2024-11,"创业板ETF易方达
159915.XSHE"
2024-11-11 09:31:00,加仓,300ETF,510300.XSHG,4.151,1000.0,16000,,6.0,2024-11-11,2024-11,"300ETF
510300.XSHG"
2024-11-12 09:31:00,止盈,创业板ETF易方达,159915.XSHE,2.368,1600.0,30600,134.02,9.0,2024-11-12,2024-11,"创业板ETF易方达
159915.XSHE"
2024-11-14 13:40:00,加仓,黄金ETF,518880.XSHG,5.69,1000.0,4600,,-6.0,2024-11-14,2024-11,"黄金ETF
518880.XSHG"
2024-11-14 14:06:00,加仓,500ETF,510500.XSHG,6.215,500.0,11049,,8.0,2024-11-14,2024-11,"500ETF
510500.XSHG"
2024-11-14 14:40:00,加仓,创业板ETF易方达,159915.XSHE,2.296,1600.0,32200,,10.0,2024-11-14,2024-11,"创业板ETF易方达
159915.XSHE"
2024-11-15 14:55:00,加仓,500ETF,510500.XSHG,6.027,500.0,11549,,9.0,2024-11-15,2024-11,"500ETF
510500.XSHG"
2024-11-18 14:39:00,加仓,300ETF,510300.XSHG,4.026,1000.0,17000,,7.0,2024-11-18,2024-11,"300ETF
510300.XSHG"
2024-11-20 09:31:00,止盈,黄金ETF,518880.XSHG,5.891,1000.0,3600,200.41,-7.0,2024-11-20,2024-11,"黄金ETF
518880.XSHG"
2024-11-22 14:55:00,加仓,500ETF,510500.XSHG,5.845,500.0,12049,,10.0,2024-11-22,2024-11,"500ETF
510500.XSHG"
2024-11-25 14:04:00,加仓,300ETF,510300.XSHG,3.903,1000.0,18000,,8.0,2024-11-25,2024-11,"300ETF
510300.XSHG"
2024-11-29 11:26:00,止盈,300ETF,510300.XSHG,4.024,1000.0,17000,120.6,7.0,2024-11-29,2024-11,"300ETF
510300.XSHG"
2024-12-02 10:13:00,止盈,500ETF,510500.XSHG,6.022,500.0,11549,88.2,9.0,2024-12-02,2024-12,"500ETF
510500.XSHG"
2024-12-03 09:36:00,止盈,纳指ETF,513100.XSHG,1.561,3300.0,23400,151.28,-3.0,2024-12-03,2024-12,"纳指ETF
513100.XSHG"
2024-12-09 13:20:00,止盈,纳指ETF,513100.XSHG,1.608,3300.0,20100,154.57,-4.0,2024-12-09,2024-12,"纳指ETF
513100.XSHG"
2024-12-10 09:31:00,止盈,500ETF,510500.XSHG,6.266,500.0,11049,121.69,8.0,2024-12-10,2024-12,"500ETF
510500.XSHG"
2024-12-10 09:31:00,止盈,300ETF,510300.XSHG,4.182,1000.0,16000,157.58,6.0,2024-12-10,2024-12,"300ETF
510300.XSHG"
2024-12-13 09:49:00,加仓,300ETF,510300.XSHG,4.053,1000.0,17000,,7.0,2024-12-13,2024-12,"300ETF
510300.XSHG"
2024-12-16 09:32:00,加仓,500ETF,510500.XSHG,6.068,500.0,11549,,9.0,2024-12-16,2024-12,"500ETF
510500.XSHG"
2024-12-17 09:31:00,止盈,纳指ETF,513100.XSHG,1.677,3300.0,16800,227.15,-5.0,2024-12-17,2024-12,"纳指ETF
513100.XSHG"
2024-12-19 09:31:00,加仓,纳指ETF,513100.XSHG,1.618,3300.0,20100,,-4.0,2024-12-19,2024-12,"纳指ETF
513100.XSHG"
2024-12-24 09:31:00,止盈,纳指ETF,513100.XSHG,1.673,3300.0,16800,180.95,-5.0,2024-12-24,2024-12,"纳指ETF
513100.XSHG"
2024-12-31 09:32:00,加仓,纳指ETF,513100.XSHG,1.622,3300.0,20100,,-4.0,2024-12-31,2024-12,"纳指ETF
513100.XSHG"
2024-12-31 11:09:00,加仓,500ETF,510500.XSHG,5.885,500.0,12049,,10.0,2024-12-31,2024-12,"500ETF
510500.XSHG"
2025-01-02 13:49:00,加仓,300ETF,510300.XSHG,3.931,1000.0,18000,,8.0,2025-01-02,2025-01,"300ETF
510300.XSHG"
2025-01-07 09:31:00,止盈,纳指ETF,513100.XSHG,1.687,3300.0,16800,213.94,-5.0,2025-01-07,2025-01,"纳指ETF
513100.XSHG"
2025-01-08 09:31:00,加仓,纳指ETF,513100.XSHG,1.634,3300.0,20100,,-4.0,2025-01-08,2025-01,"纳指ETF
513100.XSHG"
2025-01-10 09:31:00,止盈,黄金ETF,518880.XSHG,6.083,1000.0,2600,191.39,-8.0,2025-01-10,2025-01,"黄金ETF
518880.XSHG"
2025-01-13 09:31:00,加仓,300ETF,510300.XSHG,3.801,1000.0,19000,,9.0,2025-01-13,2025-01,"300ETF
510300.XSHG"
2025-01-14 14:06:00,止盈,300ETF,510300.XSHG,3.916,1000.0,18000,114.61,8.0,2025-01-14,2025-01,"300ETF
510300.XSHG"
2025-02-05 09:31:00,破顶,黄金ETF,518880.XSHG,6.4,,7800,,,2025-02-05,2025-02,"黄金ETF
518880.XSHG"
2025-02-11 09:31:00,止盈,黄金ETF,518880.XSHG,6.622,700.0,7100,154.94,-1.0,2025-02-11,2025-02,"黄金ETF
518880.XSHG"
2025-02-14 14:40:00,止盈,300ETF,510300.XSHG,4.036,1000.0,17000,119.6,7.0,2025-02-14,2025-02,"300ETF
510300.XSHG"
2025-02-21 14:22:00,止盈,500ETF,510500.XSHG,6.063,500.0,11549,88.7,9.0,2025-02-21,2025-02,"500ETF
510500.XSHG"
2025-02-24 09:31:00,加仓,纳指ETF,513100.XSHG,1.581,3300.0,23400,,-3.0,2025-02-24,2025-02,"纳指ETF
513100.XSHG"
2025-02-28 09:31:00,加仓,纳指ETF,513100.XSHG,1.528,3300.0,26700,,-2.0,2025-02-28,2025-02,"纳指ETF
513100.XSHG"
2025-02-28 14:11:00,加仓,500ETF,510500.XSHG,5.881,500.0,12049,,10.0,2025-02-28,2025-02,"500ETF
510500.XSHG"
2025-03-06 14:31:00,止盈,500ETF,510500.XSHG,6.058,500.0,11549,88.2,9.0,2025-03-06,2025-03,"500ETF
510500.XSHG"
2025-03-11 09:31:00,加仓,纳指ETF,513100.XSHG,1.429,3300.0,30000,,-1.0,2025-03-11,2025-03,"纳指ETF
513100.XSHG"
2025-03-20 09:31:00,止盈,黄金ETF,518880.XSHG,6.821,700.0,6400,138.82,-2.0,2025-03-20,2025-03,"黄金ETF
518880.XSHG"
2025-03-20 10:43:00,止盈,纳指ETF,513100.XSHG,1.472,3300.0,26700,141.41,-2.0,2025-03-20,2025-03,"纳指ETF
513100.XSHG"
2025-03-25 09:31:00,止盈,纳指ETF,513100.XSHG,1.523,3300.0,23400,167.8,-3.0,2025-03-25,2025-03,"纳指ETF
513100.XSHG"
2025-03-28 09:31:00,加仓,纳指ETF,513100.XSHG,1.477,3300.0,26700,,-2.0,2025-03-28,2025-03,"纳指ETF
513100.XSHG"
2025-03-31 09:31:00,加仓,纳指ETF,513100.XSHG,1.428,3300.0,30000,,-1.0,2025-03-31,2025-03,"纳指ETF
513100.XSHG"
2025-03-31 09:34:00,加仓,500ETF,510500.XSHG,5.873,500.0,12049,,10.0,2025-03-31,2025-03,"500ETF
510500.XSHG"
2025-03-31 11:11:00,止盈,黄金ETF,518880.XSHG,7.035,700.0,5700,149.31,-3.0,2025-03-31,2025-03,"黄金ETF
518880.XSHG"
2025-04-07 09:31:00,加仓,纳指ETF,513100.XSHG,1.272,3300.0,33300,,0.0,2025-04-07,2025-04,"纳指ETF
513100.XSHG"
2025-04-07 09:31:00,加仓,300ETF,510300.XSHG,3.807,1000.0,18000,,8.0,2025-04-07,2025-04,"300ETF
510300.XSHG"
2025-04-07 09:49:00,加仓,300ETF,510300.XSHG,3.686,1000.0,19000,,9.0,2025-04-07,2025-04,"300ETF
510300.XSHG"
2025-04-08 09:32:00,止盈,纳指ETF,513100.XSHG,1.312,3300.0,30000,131.57,-1.0,2025-04-08,2025-04,"纳指ETF
513100.XSHG"
2025-04-09 09:31:00,加仓,纳指ETF,513100.XSHG,1.27,3300.0,33300,,0.0,2025-04-09,2025-04,"纳指ETF
513100.XSHG"
2025-04-09 10:45:00,止盈,纳指ETF,513100.XSHG,1.309,3300.0,30000,128.27,-1.0,2025-04-09,2025-04,"纳指ETF
513100.XSHG"
2025-04-09 13:11:00,加仓,纳指ETF,513100.XSHG,1.269,3300.0,33300,,0.0,2025-04-09,2025-04,"纳指ETF
513100.XSHG"
2025-04-10 09:31:00,止盈,纳指ETF,513100.XSHG,1.43,3300.0,30000,530.83,-1.0,2025-04-10,2025-04,"纳指ETF
513100.XSHG"
2025-04-10 09:31:00,止盈,300ETF,510300.XSHG,3.82,1000.0,18000,133.62,8.0,2025-04-10,2025-04,"300ETF
510300.XSHG"
2025-04-11 09:31:00,加仓,纳指ETF,513100.XSHG,1.372,3300.0,33300,,0.0,2025-04-11,2025-04,"纳指ETF
513100.XSHG"
2025-04-11 09:31:00,止盈,黄金ETF,518880.XSHG,7.324,700.0,5000,201.79,-4.0,2025-04-11,2025-04,"黄金ETF
518880.XSHG"
2025-04-11 14:02:00,止盈,纳指ETF,513100.XSHG,1.415,3300.0,30000,141.43,-1.0,2025-04-11,2025-04,"纳指ETF
513100.XSHG"
2025-04-17 09:31:00,止盈,黄金ETF,518880.XSHG,7.65,700.0,4300,227.66,-5.0,2025-04-17,2025-04,"黄金ETF
518880.XSHG"
2025-04-21 09:32:00,加仓,纳指ETF,513100.XSHG,1.372,3300.0,33300,,0.0,2025-04-21,2025-04,"纳指ETF
513100.XSHG"
2025-04-22 09:34:00,止盈,黄金ETF,518880.XSHG,7.886,700.0,3600,164.65,-6.0,2025-04-22,2025-04,"黄金ETF
518880.XSHG"
2025-04-23 10:57:00,加仓,黄金ETF,518880.XSHG,7.637,700.0,4300,,-5.0,2025-04-23,2025-04,"黄金ETF
518880.XSHG"
2025-04-23 14:53:00,止盈,纳指ETF,513100.XSHG,1.414,3300.0,30000,138.13,-1.0,2025-04-23,2025-04,"纳指ETF
513100.XSHG"
2025-05-06 09:31:00,止盈,纳指ETF,513100.XSHG,1.468,3300.0,26700,177.72,-2.0,2025-05-06,2025-05,"纳指ETF
513100.XSHG"
2025-05-07 09:31:00,止盈,300ETF,510300.XSHG,3.954,1000.0,17000,133.6,7.0,2025-05-07,2025-05,"300ETF
510300.XSHG"
2025-05-12 09:31:00,止盈,纳指ETF,513100.XSHG,1.514,3300.0,23400,151.3,-3.0,2025-05-12,2025-05,"纳指ETF
513100.XSHG"
2025-05-12 09:31:00,加仓,黄金ETF,518880.XSHG,7.347,700.0,5000,,-4.0,2025-05-12,2025-05,"黄金ETF
518880.XSHG"
2025-05-14 09:47:00,止盈,纳指ETF,513100.XSHG,1.561,3300.0,20100,154.58,-4.0,2025-05-14,2025-05,"纳指ETF
513100.XSHG"
2025-05-15 10:26:00,加仓,黄金ETF,518880.XSHG,7.123,700.0,5700,,-3.0,2025-05-15,2025-05,"黄金ETF
518880.XSHG"
2025-05-21 09:31:00,止盈,黄金ETF,518880.XSHG,7.38,700.0,5000,179.38,-4.0,2025-05-21,2025-05,"黄金ETF
518880.XSHG"
2025-06-13 09:31:00,止盈,黄金ETF,518880.XSHG,7.619,700.0,4300,166.77,-5.0,2025-06-13,2025-06,"黄金ETF
518880.XSHG"
2025-06-24 13:54:00,加仓,黄金ETF,518880.XSHG,7.387,700.0,5000,,-4.0,2025-06-24,2025-06,"黄金ETF
518880.XSHG"
2025-06-27 09:31:00,止盈,纳指ETF,513100.XSHG,1.612,3300.0,16800,167.77,-5.0,2025-06-27,2025-06,"纳指ETF
513100.XSHG"
2025-07-10 14:06:00,止盈,300ETF,510300.XSHG,4.074,1000.0,16000,119.59,6.0,2025-07-10,2025-07,"300ETF
510300.XSHG"
2025-07-10 14:12:00,止盈,500ETF,510500.XSHG,6.05,500.0,11549,88.2,9.0,2025-07-10,2025-07,"500ETF
510500.XSHG"
2025-07-18 09:40:00,止盈,纳指ETF,513100.XSHG,1.661,3300.0,13500,161.15,-6.0,2025-07-18,2025-07,"纳指ETF
513100.XSHG"
2025-07-22 09:33:00,止盈,500ETF,510500.XSHG,6.232,500.0,11049,90.69,8.0,2025-07-22,2025-07,"500ETF
510500.XSHG"
2025-07-22 14:34:00,止盈,300ETF,510300.XSHG,4.197,1000.0,15000,122.58,5.0,2025-07-22,2025-07,"300ETF
510300.XSHG"
2025-07-29 11:17:00,止盈,创业板ETF易方达,159915.XSHE,2.365,1600.0,30600,110.02,9.0,2025-07-29,2025-07,"创业板ETF易方达
159915.XSHE"
2025-07-29 14:53:00,止盈,500ETF,510500.XSHG,6.42,500.0,10549,93.68,7.0,2025-07-29,2025-07,"500ETF
510500.XSHG"
2025-08-01 13:14:00,加仓,创业板ETF易方达,159915.XSHE,2.294,1600.0,32200,,10.0,2025-08-01,2025-08,"创业板ETF易方达
159915.XSHE"
2025-08-12 09:50:00,止盈,创业板ETF易方达,159915.XSHE,2.363,1600.0,30600,110.02,9.0,2025-08-12,2025-08,"创业板ETF易方达
159915.XSHE"
2025-08-13 09:31:00,止盈,纳指ETF,513100.XSHG,1.721,3300.0,10200,197.43,-7.0,2025-08-13,2025-08,"纳指ETF
513100.XSHG"
2025-08-13 10:38:00,止盈,创业板ETF易方达,159915.XSHE,2.435,1600.0,29000,114.81,8.0,2025-08-13,2025-08,"创业板ETF易方达
159915.XSHE"
2025-08-15 11:25:00,止盈,500ETF,510500.XSHG,6.617,500.0,10049,98.17,6.0,2025-08-15,2025-08,"500ETF
510500.XSHG"
2025-08-15 13:08:00,止盈,创业板ETF易方达,159915.XSHE,2.509,1600.0,27400,118.0,7.0,2025-08-15,2025-08,"创业板ETF易方达
159915.XSHE"
2025-08-18 10:14:00,止盈,300ETF,510300.XSHG,4.324,1000.0,14000,126.57,4.0,2025-08-18,2025-08,"300ETF
510300.XSHG"
2025-08-18 10:56:00,止盈,创业板ETF易方达,159915.XSHE,2.588,1600.0,25800,125.99,6.0,2025-08-18,2025-08,"创业板ETF易方达
159915.XSHE"
2025-08-20 14:54:00,止盈,500ETF,510500.XSHG,6.818,500.0,9549,100.16,5.0,2025-08-20,2025-08,"500ETF
510500.XSHG"
2025-08-22 14:06:00,止盈,300ETF,510300.XSHG,4.455,1000.0,13000,130.55,3.0,2025-08-22,2025-08,"300ETF
510300.XSHG"
2025-08-25 09:31:00,止盈,创业板ETF易方达,159915.XSHE,2.695,1600.0,24200,170.77,5.0,2025-08-25,2025-08,"创业板ETF易方达
159915.XSHE"
2025-08-25 10:05:00,止盈,500ETF,510500.XSHG,7.024,500.0,9049,102.65,4.0,2025-08-25,2025-08,"500ETF
510500.XSHG"
2025-08-27 11:06:00,止盈,创业板ETF易方达,159915.XSHE,2.776,1600.0,22600,129.16,4.0,2025-08-27,2025-08,"创业板ETF易方达
159915.XSHE"
2025-08-28 09:31:00,加仓,创业板ETF易方达,159915.XSHE,2.688,1600.0,24200,,5.0,2025-08-28,2025-08,"创业板ETF易方达
159915.XSHE"
2025-08-28 14:20:00,止盈,创业板ETF易方达,159915.XSHE,2.77,1600.0,22600,130.76,4.0,2025-08-28,2025-08,"创业板ETF易方达
159915.XSHE"
2025-08-29 10:15:00,止盈,300ETF,510300.XSHG,4.589,1000.0,12000,133.54,2.0,2025-08-29,2025-08,"300ETF
510300.XSHG"
2025-08-29 10:23:00,止盈,创业板ETF易方达,159915.XSHE,2.86,1600.0,21000,143.54,3.0,2025-08-29,2025-08,"创业板ETF易方达
159915.XSHE"
2025-09-01 10:09:00,止盈,黄金ETF,518880.XSHG,7.609,700.0,4300,154.87,-5.0,2025-09-01,2025-09,"黄金ETF
518880.XSHG"
2025-09-01 14:25:00,加仓,纳指ETF,513100.XSHG,1.669,3300.0,13500,,-6.0,2025-09-01,2025-09,"纳指ETF
513100.XSHG"
2025-09-02 09:34:00,止盈,创业板ETF易方达,159915.XSHE,2.949,1600.0,19400,141.93,2.0,2025-09-02,2025-09,"创业板ETF易方达
159915.XSHE"
2025-09-02 11:02:00,加仓,创业板ETF易方达,159915.XSHE,2.86,1600.0,21000,,3.0,2025-09-02,2025-09,"创业板ETF易方达
159915.XSHE"
2025-09-04 10:50:00,加仓,300ETF,510300.XSHG,4.45,1000.0,13000,,3.0,2025-09-04,2025-09,"300ETF
510300.XSHG"
2025-09-04 10:52:00,加仓,500ETF,510500.XSHG,6.808,500.0,9549,,5.0,2025-09-04,2025-09,"500ETF
510500.XSHG"
2025-09-04 10:53:00,加仓,创业板ETF易方达,159915.XSHE,2.765,1600.0,22600,,4.0,2025-09-04,2025-09,"创业板ETF易方达
159915.XSHE"
2025-09-05 10:46:00,止盈,创业板ETF易方达,159915.XSHE,2.848,1600.0,21000,132.34,3.0,2025-09-05,2025-09,"创业板ETF易方达
159915.XSHE"
2025-09-05 14:33:00,止盈,500ETF,510500.XSHG,7.015,500.0,9049,103.15,4.0,2025-09-05,2025-09,"500ETF
510500.XSHG"
2025-09-05 14:34:00,止盈,创业板ETF易方达,159915.XSHE,2.934,1600.0,19400,137.13,2.0,2025-09-05,2025-09,"创业板ETF易方达
159915.XSHE"
2025-09-08 10:58:00,止盈,黄金ETF,518880.XSHG,7.839,700.0,3600,160.45,-6.0,2025-09-08,2025-09,"黄金ETF
518880.XSHG"
2025-09-09 13:17:00,加仓,创业板ETF易方达,159915.XSHE,2.845,1600.0,21000,,3.0,2025-09-09,2025-09,"创业板ETF易方达
159915.XSHE"
2025-09-11 10:35:00,止盈,创业板ETF易方达,159915.XSHE,2.932,1600.0,19400,138.73,2.0,2025-09-11,2025-09,"创业板ETF易方达
159915.XSHE"
2025-09-11 10:58:00,止盈,300ETF,510300.XSHG,4.588,1000.0,12000,137.54,2.0,2025-09-11,2025-09,"300ETF
510300.XSHG"
2025-09-11 14:45:00,止盈,创业板ETF易方达,159915.XSHE,3.02,1600.0,17800,140.32,1.0,2025-09-11,2025-09,"创业板ETF易方达
159915.XSHE"
2025-09-12 09:39:00,止盈,500ETF,510500.XSHG,7.229,500.0,8549,106.64,3.0,2025-09-12,2025-09,"500ETF
510500.XSHG"
2025-09-15 09:54:00,止盈,纳指ETF,513100.XSHG,1.72,3300.0,10200,167.73,-7.0,2025-09-15,2025-09,"纳指ETF
513100.XSHG"
2025-09-17 11:05:00,止盈,创业板ETF易方达,159915.XSHE,3.113,1600.0,16200,148.3,0.0,2025-09-17,2025-09,"创业板ETF易方达
159915.XSHE"
2025-09-18 11:27:00,止盈,500ETF,510500.XSHG,7.446,500.0,8049,108.13,2.0,2025-09-18,2025-09,"500ETF
510500.XSHG"
2025-09-18 14:41:00,加仓,500ETF,510500.XSHG,7.216,500.0,8549,,3.0,2025-09-18,2025-09,"500ETF
510500.XSHG"
2025-09-22 14:43:00,止盈,纳指ETF,513100.XSHG,1.772,3300.0,6900,171.02,-8.0,2025-09-22,2025-09,"纳指ETF
513100.XSHG"
2025-09-23 09:31:00,止盈,黄金ETF,518880.XSHG,8.119,700.0,2900,195.43,-7.0,2025-09-23,2025-09,"黄金ETF
518880.XSHG"
2025-09-23 13:07:00,加仓,创业板ETF易方达,159915.XSHE,3.017,1600.0,17800,,1.0,2025-09-23,2025-09,"创业板ETF易方达
159915.XSHE"
2025-09-24 10:53:00,止盈,创业板ETF易方达,159915.XSHE,3.108,1600.0,16200,145.1,0.0,2025-09-24,2025-09,"创业板ETF易方达
159915.XSHE"
2025-09-24 14:55:00,止盈,500ETF,510500.XSHG,7.434,500.0,8049,108.63,2.0,2025-09-24,2025-09,"500ETF
510500.XSHG"
2025-09-25 10:16:00,止盈,创业板ETF易方达,159915.XSHE,3.205,1600.0,14600,154.69,-1.0,2025-09-25,2025-09,"创业板ETF易方达
159915.XSHE"
2025-09-29 13:49:00,止盈,300ETF,510300.XSHG,4.726,1000.0,11000,137.53,1.0,2025-09-29,2025-09,"300ETF
510300.XSHG"
2025-09-30 13:01:00,止盈,黄金ETF,518880.XSHG,8.375,700.0,2200,178.61,-8.0,2025-09-30,2025-09,"黄金ETF
518880.XSHG"
2025-10-09 09:31:00,破顶,纳指ETF,513100.XSHG,1.843,,27100,,,2025-10-09,2025-10,"纳指ETF
513100.XSHG"
2025-10-09 09:31:00,破顶,黄金ETF,518880.XSHG,8.731,,5700,,,2025-10-09,2025-10,"黄金ETF
518880.XSHG"
2025-10-09 10:44:00,止盈,500ETF,510500.XSHG,7.66,500.0,7549,112.62,1.0,2025-10-09,2025-10,"500ETF
510500.XSHG"
2025-10-10 14:07:00,加仓,创业板ETF易方达,159915.XSHE,3.107,1600.0,16200,,0.0,2025-10-10,2025-10,"创业板ETF易方达
159915.XSHE"
2025-10-13 09:31:00,加仓,500ETF,510500.XSHG,7.305,500.0,8049,,2.0,2025-10-13,2025-10,"500ETF
510500.XSHG"
2025-10-13 09:31:00,加仓,创业板ETF易方达,159915.XSHE,2.972,1600.0,17800,,1.0,2025-10-13,2025-10,"创业板ETF易方达
159915.XSHE"
2025-10-13 09:48:00,止盈,创业板ETF易方达,159915.XSHE,3.062,1600.0,16200,143.51,0.0,2025-10-13,2025-10,"创业板ETF易方达
159915.XSHE"
2025-10-14 09:31:00,止盈,黄金ETF,518880.XSHG,9.085,500.0,5200,176.55,-1.0,2025-10-14,2025-10,"黄金ETF
518880.XSHG"
2025-10-14 09:34:00,止盈,500ETF,510500.XSHG,7.525,500.0,7549,109.62,1.0,2025-10-14,2025-10,"500ETF
510500.XSHG"
2025-10-14 13:02:00,加仓,创业板ETF易方达,159915.XSHE,2.97,1600.0,17800,,1.0,2025-10-14,2025-10,"创业板ETF易方达
159915.XSHE"
2025-10-14 14:21:00,加仓,500ETF,510500.XSHG,7.298,500.0,8049,,2.0,2025-10-14,2025-10,"500ETF
510500.XSHG"
2025-10-17 09:31:00,止盈,黄金ETF,518880.XSHG,9.485,500.0,4700,199.53,-2.0,2025-10-17,2025-10,"黄金ETF
518880.XSHG"
2025-10-21 11:21:00,止盈,创业板ETF易方达,159915.XSHE,3.06,1600.0,16200,143.51,0.0,2025-10-21,2025-10,"创业板ETF易方达
159915.XSHE"
2025-10-22 09:31:00,加仓,黄金ETF,518880.XSHG,8.984,500.0,5200,,-1.0,2025-10-22,2025-10,"黄金ETF
518880.XSHG"
2025-10-24 09:31:00,止盈,纳指ETF,513100.XSHG,1.908,2700.0,24400,174.98,-1.0,2025-10-24,2025-10,"纳指ETF
513100.XSHG"
2025-10-27 09:31:00,止盈,创业板ETF易方达,159915.XSHE,3.205,1600.0,14600,231.49,-1.0,2025-10-27,2025-10,"创业板ETF易方达
159915.XSHE"
2025-10-28 09:31:00,止盈,纳指ETF,513100.XSHG,1.976,2700.0,21700,183.07,-2.0,2025-10-28,2025-10,"纳指ETF
513100.XSHG"
2025-10-28 10:53:00,加仓,黄金ETF,518880.XSHG,8.713,500.0,5700,,0.0,2025-10-28,2025-10,"黄金ETF
518880.XSHG"
2025-10-29 09:53:00,止盈,500ETF,510500.XSHG,7.518,500.0,7549,109.62,1.0,2025-10-29,2025-10,"500ETF
510500.XSHG"
2025-10-30 09:37:00,止盈,创业板ETF易方达,159915.XSHE,3.302,1600.0,13000,154.67,-2.0,2025-10-30,2025-10,"创业板ETF易方达
159915.XSHE"
2025-10-30 10:34:00,止盈,300ETF,510300.XSHG,4.87,1000.0,10000,143.51,0.0,2025-10-30,2025-10,"300ETF
510300.XSHG"
2025-10-31 09:47:00,加仓,创业板ETF易方达,159915.XSHE,3.2,1600.0,14600,,-1.0,2025-10-31,2025-10,"创业板ETF易方达
159915.XSHE"
2025-11-03 09:44:00,加仓,300ETF,510300.XSHG,4.721,1000.0,11000,,1.0,2025-11-03,2025-11,"300ETF
510300.XSHG"
2025-11-03 10:36:00,加仓,创业板ETF易方达,159915.XSHE,3.103,1600.0,16200,,0.0,2025-11-03,2025-11,"创业板ETF易方达
159915.XSHE"
2025-11-04 14:12:00,加仓,500ETF,510500.XSHG,7.29,500.0,8049,,2.0,2025-11-04,2025-11,"500ETF
510500.XSHG"
2025-11-05 09:31:00,加仓,纳指ETF,513100.XSHG,1.888,2700.0,24400,,-1.0,2025-11-05,2025-11,"纳指ETF
513100.XSHG"
2025-11-06 10:47:00,止盈,创业板ETF易方达,159915.XSHE,3.198,1600.0,14600,151.49,-1.0,2025-11-06,2025-11,"创业板ETF易方达
159915.XSHE"
2025-11-06 13:01:00,止盈,纳指ETF,513100.XSHG,1.945,2700.0,21700,153.37,-2.0,2025-11-06,2025-11,"纳指ETF
513100.XSHG"
2025-11-11 09:31:00,止盈,黄金ETF,518880.XSHG,9.118,500.0,5200,202.04,-1.0,2025-11-11,2025-11,"黄金ETF
518880.XSHG"
2025-11-12 09:31:00,加仓,创业板ETF易方达,159915.XSHE,3.1,1600.0,16200,,0.0,2025-11-12,2025-11,"创业板ETF易方达
159915.XSHE"
2025-11-17 13:37:00,加仓,黄金ETF,518880.XSHG,8.844,500.0,5700,,0.0,2025-11-17,2025-11,"黄金ETF
518880.XSHG"
2025-11-18 09:31:00,加仓,纳指ETF,513100.XSHG,1.883,2700.0,24400,,-1.0,2025-11-18,2025-11,"纳指ETF
513100.XSHG"
2025-11-21 09:31:00,加仓,创业板ETF易方达,159915.XSHE,2.976,1600.0,17800,,1.0,2025-11-21,2025-11,"创业板ETF易方达
159915.XSHE"
2025-11-21 09:36:00,加仓,500ETF,510500.XSHG,7.071,500.0,8549,,3.0,2025-11-21,2025-11,"500ETF
510500.XSHG"
2025-11-21 10:48:00,加仓,300ETF,510300.XSHG,4.579,1000.0,12000,,2.0,2025-11-21,2025-11,"300ETF
510300.XSHG"
2025-11-24 11:15:00,加仓,创业板ETF易方达,159915.XSHE,2.886,1600.0,19400,,2.0,2025-11-24,2025-11,"创业板ETF易方达
159915.XSHE"
2025-11-25 09:55:00,止盈,创业板ETF易方达,159915.XSHE,2.973,1600.0,17800,138.72,1.0,2025-11-25,2025-11,"创业板ETF易方达
159915.XSHE"
2025-11-27 09:31:00,止盈,纳指ETF,513100.XSHG,1.94,2700.0,21700,153.38,-2.0,2025-11-27,2025-11,"纳指ETF
513100.XSHG"
2025-11-27 09:51:00,止盈,创业板ETF易方达,159915.XSHE,3.065,1600.0,16200,146.71,0.0,2025-11-27,2025-11,"创业板ETF易方达
159915.XSHE"
2025-12-01 09:31:00,止盈,黄金ETF,518880.XSHG,9.156,500.0,5200,155.54,-1.0,2025-12-01,2025-12,"黄金ETF
518880.XSHG"
2025-12-08 09:32:00,止盈,300ETF,510300.XSHG,4.719,1000.0,11000,139.53,1.0,2025-12-08,2025-12,"300ETF
510300.XSHG"
2025-12-08 10:09:00,止盈,创业板ETF易方达,159915.XSHE,3.159,1600.0,14600,149.89,-1.0,2025-12-08,2025-12,"创业板ETF易方达
159915.XSHE"
2025-12-08 13:12:00,止盈,500ETF,510500.XSHG,7.285,500.0,8049,106.64,2.0,2025-12-08,2025-12,"500ETF
510500.XSHG"
2025-12-16 09:50:00,加仓,纳指ETF,513100.XSHG,1.881,2700.0,24400,,-1.0,2025-12-16,2025-12,"纳指ETF
513100.XSHG"
2025-12-16 10:40:00,加仓,创业板ETF易方达,159915.XSHE,3.064,1600.0,16200,,0.0,2025-12-16,2025-12,"创业板ETF易方达
159915.XSHE"
2025-12-17 14:12:00,止盈,创业板ETF易方达,159915.XSHE,3.159,1600.0,14600,151.49,-1.0,2025-12-17,2025-12,"创业板ETF易方达
159915.XSHE"
2025-12-22 09:31:00,止盈,纳指ETF,513100.XSHG,1.941,2700.0,21700,161.48,-2.0,2025-12-22,2025-12,"纳指ETF
513100.XSHG"
2025-12-22 11:05:00,止盈,黄金ETF,518880.XSHG,9.431,500.0,4700,137.03,-2.0,2025-12-22,2025-12,"黄金ETF
518880.XSHG"
2025-12-24 09:31:00,止盈,黄金ETF,518880.XSHG,9.717,500.0,4200,142.51,-3.0,2025-12-24,2025-12,"黄金ETF
518880.XSHG"
2025-12-25 13:12:00,止盈,500ETF,510500.XSHG,7.504,500.0,7549,109.12,1.0,2025-12-25,2025-12,"500ETF
510500.XSHG"
2025-12-30 09:31:00,加仓,黄金ETF,518880.XSHG,9.275,500.0,4700,,-2.0,2025-12-30,2025-12,"黄金ETF
518880.XSHG"
2026-01-05 10:29:00,止盈,500ETF,510500.XSHG,7.73,500.0,7049,112.61,0.0,2026-01-05,2026-01,"500ETF
510500.XSHG"
2026-01-05 10:30:00,止盈,创业板ETF易方达,159915.XSHE,3.254,1600.0,13000,151.48,-2.0,2026-01-05,2026-01,"创业板ETF易方达
159915.XSHE"
2026-01-06 09:38:00,止盈,300ETF,510300.XSHG,4.867,1000.0,10000,147.51,0.0,2026-01-06,2026-01,"300ETF
510300.XSHG"
2026-01-06 09:55:00,止盈,黄金ETF,518880.XSHG,9.554,500.0,4200,139.02,-3.0,2026-01-06,2026-01,"黄金ETF
518880.XSHG"
2026-01-07 09:30:00,止盈,500ETF,510500.XSHG,7.964,500.0,6549,116.6,-1.0,2026-01-07,2026-01,"500ETF
510500.XSHG"
2026-01-09 10:37:00,止盈,500ETF,510500.XSHG,8.203,500.0,6049,119.09,-2.0,2026-01-09,2026-01,"500ETF
510500.XSHG"
2026-01-12 13:01:00,止盈,创业板ETF易方达,159915.XSHE,3.352,1600.0,11400,156.26,-3.0,2026-01-12,2026-01,"创业板ETF易方达
159915.XSHE"
2026-01-14 09:31:00,止盈,黄金ETF,518880.XSHG,9.873,500.0,3700,159.01,-4.0,2026-01-14,2026-01,"黄金ETF
518880.XSHG"
2026-01-14 10:01:00,止盈,500ETF,510500.XSHG,8.45,500.0,5549,123.08,-3.0,2026-01-14,2026-01,"500ETF
510500.XSHG"
2026-01-19 13:54:00,加仓,300ETF,510300.XSHG,4.72,1000.0,11000,,1.0,2026-01-19,2026-01,"300ETF
510300.XSHG"
2026-01-20 09:39:00,加仓,纳指ETF,513100.XSHG,1.882,2700.0,24400,,-1.0,2026-01-20,2026-01,"纳指ETF
513100.XSHG"
2026-01-20 10:24:00,加仓,创业板ETF易方达,159915.XSHE,3.25,1600.0,13000,,-2.0,2026-01-20,2026-01,"创业板ETF易方达
159915.XSHE"
2026-01-21 09:31:00,止盈,黄金ETF,518880.XSHG,10.368,500.0,3200,246.98,-5.0,2026-01-21,2026-01,"黄金ETF
518880.XSHG"
2026-01-23 14:57:00,止盈,500ETF,510500.XSHG,8.705,500.0,5049,127.06,-4.0,2026-01-23,2026-01,"500ETF
510500.XSHG"
2026-01-26 09:31:00,止盈,黄金ETF,518880.XSHG,10.893,500.0,2700,261.96,-6.0,2026-01-26,2026-01,"黄金ETF
518880.XSHG"
2026-01-26 09:31:00,止盈,创业板ETF易方达,159915.XSHE,3.351,1600.0,11400,161.06,-3.0,2026-01-26,2026-01,"创业板ETF易方达
159915.XSHE"
2026-01-27 10:01:00,加仓,500ETF,510500.XSHG,8.443,500.0,5549,,-3.0,2026-01-27,2026-01,"500ETF
510500.XSHG"
2026-01-28 11:05:00,止盈,黄金ETF,518880.XSHG,11.224,500.0,2200,164.94,-7.0,2026-01-28,2026-01,"黄金ETF
518880.XSHG"
2026-01-28 13:12:00,止盈,500ETF,510500.XSHG,8.699,500.0,5049,127.57,-4.0,2026-01-28,2026-01,"500ETF
510500.XSHG"
2026-01-29 09:31:00,止盈,黄金ETF,518880.XSHG,11.91,500.0,1700,342.4,-8.0,2026-01-29,2026-01,"黄金ETF
518880.XSHG"
2026-01-30 09:31:00,加仓,黄金ETF,518880.XSHG,11.464,500.0,2200,,-7.0,2026-01-30,2026-01,"黄金ETF
518880.XSHG"
2026-01-30 09:55:00,加仓,500ETF,510500.XSHG,8.429,500.0,5549,,-3.0,2026-01-30,2026-01,"500ETF
510500.XSHG"
2026-01-30 10:15:00,加仓,黄金ETF,518880.XSHG,11.103,500.0,2700,,-6.0,2026-01-30,2026-01,"黄金ETF
518880.XSHG"
2026-01-30 10:35:00,加仓,创业板ETF易方达,159915.XSHE,3.245,1600.0,13000,,-2.0,2026-01-30,2026-01,"创业板ETF易方达
159915.XSHE"
2026-01-30 13:06:00,止盈,创业板ETF易方达,159915.XSHE,3.346,1600.0,11400,161.06,-3.0,2026-01-30,2026-01,"创业板ETF易方达
159915.XSHE"
2026-02-02 09:31:00,加仓,黄金ETF,518880.XSHG,9.918,500.0,3200,,-5.0,2026-02-02,2026-02,"黄金ETF
518880.XSHG"
2026-02-02 10:34:00,止盈,黄金ETF,518880.XSHG,10.232,500.0,2700,156.49,-6.0,2026-02-02,2026-02,"黄金ETF
518880.XSHG"
2026-02-02 13:36:00,加仓,500ETF,510500.XSHG,8.173,500.0,6049,,-2.0,2026-02-02,2026-02,"500ETF
510500.XSHG"
2026-02-02 13:38:00,加仓,黄金ETF,518880.XSHG,9.921,500.0,3200,,-5.0,2026-02-02,2026-02,"黄金ETF
518880.XSHG"
2026-02-03 09:31:00,止盈,黄金ETF,518880.XSHG,10.362,500.0,2700,219.98,-6.0,2026-02-03,2026-02,"黄金ETF
518880.XSHG"
2026-02-03 10:46:00,加仓,创业板ETF易方达,159915.XSHE,3.244,1600.0,13000,,-2.0,2026-02-03,2026-02,"创业板ETF易方达
159915.XSHE"
2026-02-04 09:31:00,止盈,黄金ETF,518880.XSHG,10.793,500.0,2200,214.96,-7.0,2026-02-04,2026-02,"黄金ETF
518880.XSHG"
2026-02-05 10:47:00,加仓,黄金ETF,518880.XSHG,10.463,500.0,2700,,-6.0,2026-02-05,2026-02,"黄金ETF
518880.XSHG"
2026-02-06 09:31:00,加仓,纳指ETF,513100.XSHG,1.809,2700.0,27100,,0.0,2026-02-06,2026-02,"纳指ETF
513100.XSHG"
2026-02-06 09:31:00,加仓,黄金ETF,518880.XSHG,10.077,500.0,3200,,-5.0,2026-02-06,2026-02,"黄金ETF
518880.XSHG"
2026-02-06 10:39:00,止盈,黄金ETF,518880.XSHG,10.381,500.0,2700,151.48,-6.0,2026-02-06,2026-02,"黄金ETF
518880.XSHG"
2026-02-09 09:31:00,止盈,黄金ETF,518880.XSHG,10.719,500.0,2200,168.46,-7.0,2026-02-09,2026-02,"黄金ETF
518880.XSHG"
2026-02-11 09:39:00,止盈,500ETF,510500.XSHG,8.421,500.0,5549,123.58,-3.0,2026-02-11,2026-02,"500ETF
510500.XSHG"
2026-02-25 11:28:00,止盈,创业板ETF易方达,159915.XSHE,3.342,1600.0,11400,156.27,-3.0,2026-02-25,2026-02,"创业板ETF易方达
159915.XSHE"
2026-02-27 10:03:00,止盈,500ETF,510500.XSHG,8.677,500.0,5049,127.57,-4.0,2026-02-27,2026-02,"500ETF
510500.XSHG"
2026-03-02 09:31:00,止盈,黄金ETF,518880.XSHG,11.329,500.0,1700,304.43,-8.0,2026-03-02,2026-03,"黄金ETF
518880.XSHG"
2026-03-03 10:19:00,加仓,创业板ETF易方达,159915.XSHE,3.241,1600.0,13000,,-2.0,2026-03-03,2026-03,"创业板ETF易方达
159915.XSHE"
2026-03-03 13:57:00,加仓,500ETF,510500.XSHG,8.411,500.0,5549,,-3.0,2026-03-03,2026-03,"500ETF
510500.XSHG"
2026-03-04 09:33:00,加仓,黄金ETF,518880.XSHG,10.986,500.0,2200,,-7.0,2026-03-04,2026-03,"黄金ETF
518880.XSHG"
2026-03-04 13:06:00,加仓,创业板ETF易方达,159915.XSHE,3.14,1600.0,14600,,-1.0,2026-03-04,2026-03,"创业板ETF易方达
159915.XSHE"
2026-03-05 10:16:00,止盈,创业板ETF易方达,159915.XSHE,3.235,1600.0,13000,151.48,-2.0,2026-03-05,2026-03,"创业板ETF易方达
159915.XSHE"
2026-03-09 09:31:00,加仓,纳指ETF,513100.XSHG,1.748,2700.0,29800,,1.0,2026-03-09,2026-03,"纳指ETF
513100.XSHG"
2026-03-09 09:32:00,加仓,创业板ETF易方达,159915.XSHE,3.126,1600.0,14600,,-1.0,2026-03-09,2026-03,"创业板ETF易方达
159915.XSHE"
2026-03-09 09:37:00,加仓,300ETF,510300.XSHG,4.567,1000.0,12000,,2.0,2026-03-09,2026-03,"300ETF
510300.XSHG"
2026-03-09 09:54:00,加仓,500ETF,510500.XSHG,8.152,500.0,6049,,-2.0,2026-03-09,2026-03,"500ETF
510500.XSHG"
2026-03-10 09:31:00,止盈,500ETF,510500.XSHG,8.454,500.0,5549,150.58,-3.0,2026-03-10,2026-03,"500ETF
510500.XSHG"
2026-03-10 09:31:00,止盈,创业板ETF易方达,159915.XSHE,3.268,1600.0,13000,226.68,-2.0,2026-03-10,2026-03,"创业板ETF易方达
159915.XSHE"
2026-03-11 10:28:00,止盈,300ETF,510300.XSHG,4.706,1000.0,11000,138.53,1.0,2026-03-11,2026-03,"300ETF
510300.XSHG"
2026-03-11 10:50:00,止盈,创业板ETF易方达,159915.XSHE,3.367,1600.0,11400,157.86,-3.0,2026-03-11,2026-03,"创业板ETF易方达
159915.XSHE"
2026-03-16 09:31:00,加仓,黄金ETF,518880.XSHG,10.625,500.0,2700,,-6.0,2026-03-16,2026-03,"黄金ETF
518880.XSHG"
2026-03-16 09:42:00,加仓,500ETF,510500.XSHG,8.189,500.0,6049,,-2.0,2026-03-16,2026-03,"500ETF
510500.XSHG"
2026-03-19 09:31:00,加仓,黄金ETF,518880.XSHG,10.292,500.0,3200,,-5.0,2026-03-19,2026-03,"黄金ETF
518880.XSHG"
2026-03-19 13:45:00,加仓,500ETF,510500.XSHG,7.942,500.0,6549,,-1.0,2026-03-19,2026-03,"500ETF
510500.XSHG"
2026-03-20 09:31:00,加仓,黄金ETF,518880.XSHG,9.909,500.0,3700,,-4.0,2026-03-20,2026-03,"黄金ETF
518880.XSHG"
2026-03-23 09:31:00,加仓,黄金ETF,518880.XSHG,9.48,500.0,4200,,-3.0,2026-03-23,2026-03,"黄金ETF
518880.XSHG"
2026-03-23 09:31:00,加仓,300ETF,510300.XSHG,4.525,1000.0,12000,,2.0,2026-03-23,2026-03,"300ETF
510300.XSHG"
2026-03-23 09:32:00,加仓,500ETF,510500.XSHG,7.694,500.0,7049,,0.0,2026-03-23,2026-03,"500ETF
510500.XSHG"
2026-03-23 11:12:00,加仓,纳指ETF,513100.XSHG,1.694,2700.0,32500,,2.0,2026-03-23,2026-03,"纳指ETF
513100.XSHG"
2026-03-23 13:00:00,加仓,创业板ETF易方达,159915.XSHE,3.264,1600.0,13000,,-2.0,2026-03-23,2026-03,"创业板ETF易方达
159915.XSHE"
2026-03-23 13:33:00,加仓,黄金ETF,518880.XSHG,9.192,500.0,4700,,-2.0,2026-03-23,2026-03,"黄金ETF
518880.XSHG"
2026-03-23 14:44:00,加仓,黄金ETF,518880.XSHG,8.913,500.0,5200,,-1.0,2026-03-23,2026-03,"黄金ETF
518880.XSHG"
2026-03-23 14:48:00,加仓,500ETF,510500.XSHG,7.462,500.0,7549,,1.0,2026-03-23,2026-03,"500ETF
510500.XSHG"
2026-03-24 09:31:00,止盈,黄金ETF,518880.XSHG,9.213,500.0,4700,149.54,-2.0,2026-03-24,2026-03,"黄金ETF
518880.XSHG"
2026-03-24 10:14:00,加仓,创业板ETF易方达,159915.XSHE,3.166,1600.0,14600,,-1.0,2026-03-24,2026-03,"创业板ETF易方达
159915.XSHE"
2026-03-25 09:31:00,止盈,黄金ETF,518880.XSHG,9.701,500.0,4200,243.51,-3.0,2026-03-25,2026-03,"黄金ETF
518880.XSHG"
2026-03-25 09:31:00,止盈,500ETF,510500.XSHG,7.716,500.0,7049,126.61,0.0,2026-03-25,2026-03,"500ETF
510500.XSHG"
2026-03-25 09:31:00,止盈,创业板ETF易方达,159915.XSHE,3.275,1600.0,13000,173.88,-2.0,2026-03-25,2026-03,"创业板ETF易方达
159915.XSHE"
2026-03-26 14:03:00,加仓,黄金ETF,518880.XSHG,9.408,500.0,4700,,-2.0,2026-03-26,2026-03,"黄金ETF
518880.XSHG"
2026-03-31 09:31:00,止盈,黄金ETF,518880.XSHG,9.758,500.0,4200,174.51,-3.0,2026-03-31,2026-03,"黄金ETF
518880.XSHG"
2026-04-01 14:31:00,止盈,纳指ETF,513100.XSHG,1.745,2700.0,29800,137.23,1.0,2026-04-01,2026-04,"纳指ETF
513100.XSHG"
2026-04-02 13:02:00,加仓,创业板ETF易方达,159915.XSHE,3.174,1600.0,14600,,-1.0,2026-04-02,2026-04,"创业板ETF易方达
159915.XSHE"
2026-04-08 09:31:00,止盈,黄金ETF,518880.XSHG,10.099,500.0,3700,170.0,-4.0,2026-04-08,2026-04,"黄金ETF
518880.XSHG"
2026-04-08 09:34:00,止盈,纳指ETF,513100.XSHG,1.8,2700.0,27100,148.01,0.0,2026-04-08,2026-04,"纳指ETF
513100.XSHG"
2026-04-08 09:41:00,止盈,创业板ETF易方达,159915.XSHE,3.27,1600.0,13000,153.08,-2.0,2026-04-08,2026-04,"创业板ETF易方达
159915.XSHE"
2026-04-08 11:15:00,止盈,500ETF,510500.XSHG,7.949,500.0,6549,116.1,-1.0,2026-04-08,2026-04,"500ETF
510500.XSHG"
2026-04-10 09:35:00,止盈,创业板ETF易方达,159915.XSHE,3.37,1600.0,11400,159.46,-3.0,2026-04-10,2026-04,"创业板ETF易方达
159915.XSHE"
2026-04-10 13:57:00,止盈,300ETF,510300.XSHG,4.661,1000.0,11000,135.53,1.0,2026-04-10,2026-04,"300ETF
510300.XSHG"
2026-04-13 10:01:00,止盈,创业板ETF易方达,159915.XSHE,3.472,1600.0,9800,162.64,-4.0,2026-04-13,2026-04,"创业板ETF易方达
159915.XSHE"
2026-04-15 09:31:00,止盈,纳指ETF,513100.XSHG,1.857,2700.0,24400,153.4,-1.0,2026-04-15,2026-04,"纳指ETF
513100.XSHG"
2026-04-15 09:31:00,止盈,500ETF,510500.XSHG,8.221,500.0,6049,135.59,-2.0,2026-04-15,2026-04,"500ETF
510500.XSHG"
2026-04-15 09:31:00,止盈,创业板ETF易方达,159915.XSHE,3.587,1600.0,8200,183.43,-5.0,2026-04-15,2026-04,"创业板ETF易方达
159915.XSHE"
2026-04-22 09:39:00,止盈,创业板ETF易方达,159915.XSHE,3.697,1600.0,6600,175.41,-6.0,2026-04-22,2026-04,"创业板ETF易方达
159915.XSHE"
2026-04-22 13:32:00,止盈,300ETF,510300.XSHG,4.801,1000.0,10000,139.52,0.0,2026-04-22,2026-04,"300ETF
510300.XSHG"
2026-04-23 09:33:00,止盈,纳指ETF,513100.XSHG,1.914,2700.0,21700,153.38,-2.0,2026-04-23,2026-04,"纳指ETF
513100.XSHG"
2026-04-28 13:08:00,加仓,黄金ETF,518880.XSHG,9.786,500.0,4200,,-3.0,2026-04-28,2026-04,"黄金ETF
518880.XSHG"
2026-04-30 09:31:00,止盈,纳指ETF,513100.XSHG,1.976,2700.0,19000,166.87,-3.0,2026-04-30,2026-04,"纳指ETF
513100.XSHG"
2026-05-06 09:31:00,止盈,500ETF,510500.XSHG,8.541,500.0,5549,159.57,-3.0,2026-05-06,2026-05,"500ETF
510500.XSHG"
2026-05-06 10:14:00,止盈,创业板ETF易方达,159915.XSHE,3.812,1600.0,5000,183.39,-7.0,2026-05-06,2026-05,"创业板ETF易方达
159915.XSHE"
2026-05-07 09:32:00,止盈,纳指ETF,513100.XSHG,2.037,2700.0,16300,164.15,-4.0,2026-05-07,2026-05,"纳指ETF
513100.XSHG"
2026-05-11 09:31:00,止盈,纳指ETF,513100.XSHG,2.104,2700.0,13600,180.33,-5.0,2026-05-11,2026-05,"纳指ETF
513100.XSHG"
2026-05-11 09:31:00,止盈,500ETF,510500.XSHG,8.84,500.0,5049,149.06,-4.0,2026-05-11,2026-05,"500ETF
510500.XSHG"
2026-05-11 10:59:00,止盈,300ETF,510300.XSHG,4.946,1000.0,9000,144.51,-1.0,2026-05-11,2026-05,"300ETF
510300.XSHG"
2026-05-11 13:02:00,止盈,创业板ETF易方达,159915.XSHE,3.929,1600.0,3400,186.57,-8.0,2026-05-11,2026-05,"创业板ETF易方达
159915.XSHE"
2026-05-13 14:34:00,破顶,创业板ETF易方达,159915.XSHE,4.05,,12300,,,2026-05-13,2026-05,"创业板ETF易方达
159915.XSHE"
2026-05-15 09:50:00,加仓,创业板ETF易方达,159915.XSHE,3.926,1200.0,13500,,1.0,2026-05-15,2026-05,"创业板ETF易方达
159915.XSHE"
2026-05-15 14:02:00,加仓,500ETF,510500.XSHG,8.573,500.0,5549,,-3.0,2026-05-15,2026-05,"500ETF
510500.XSHG"
2026-05-18 09:31:00,加仓,黄金ETF,518880.XSHG,9.44,500.0,4700,,-2.0,2026-05-18,2026-05,"黄金ETF
518880.XSHG"
2026-05-19 10:06:00,加仓,300ETF,510300.XSHG,4.796,1000.0,10000,,0.0,2026-05-19,2026-05,"300ETF
510300.XSHG"
2026-05-19 13:12:00,加仓,纳指ETF,513100.XSHG,2.04,2700.0,16300,,-4.0,2026-05-19,2026-05,"纳指ETF
513100.XSHG"
2026-05-21 09:32:00,止盈,500ETF,510500.XSHG,8.843,500.0,5049,134.56,-4.0,2026-05-21,2026-05,"500ETF
510500.XSHG"
2026-05-21 09:53:00,止盈,300ETF,510300.XSHG,4.941,1000.0,9000,144.51,-1.0,2026-05-21,2026-05,"300ETF
510300.XSHG"
2026-05-21 13:17:00,止盈,纳指ETF,513100.XSHG,2.102,2700.0,13600,166.83,-5.0,2026-05-21,2026-05,"纳指ETF
513100.XSHG"
2026-05-21 14:31:00,加仓,500ETF,510500.XSHG,8.575,500.0,5549,,-3.0,2026-05-21,2026-05,"500ETF
510500.XSHG"
