timestamp,action,name,code,price,shares,position,profit,level,date,year_month,label
2015-01-05 09:30:00,重装建仓,纳指ETF,513100.XSHG,1.392,35900.0,35900.0,,,2015-01-05,2015-01,"纳指ETF
513100.XSHG"
2015-01-05 09:30:00,重装建仓,黄金ETF,518880.XSHG,2.412,20700.0,20700.0,,,2015-01-05,2015-01,"黄金ETF
518880.XSHG"
2015-01-05 09:30:00,重装建仓,500ETF,510500.XSHG,1.489,33500.0,33500.0,,,2015-01-05,2015-01,"500ETF
510500.XSHG"
2015-01-05 09:30:00,重装建仓,创业板ETF易方达,159915.XSHE,1.432,34900.0,34900.0,,,2015-01-05,2015-01,"创业板ETF易方达
159915.XSHE"
2015-01-05 09:31:00,底仓到账,纳指ETF,513100.XSHG,,,35900.0,,10.0,2015-01-05,2015-01,"纳指ETF
513100.XSHG"
2015-01-05 09:31:00,底仓到账,黄金ETF,518880.XSHG,,,20700.0,,10.0,2015-01-05,2015-01,"黄金ETF
518880.XSHG"
2015-01-05 09:31:00,底仓到账,500ETF,510500.XSHG,,,33500.0,,10.0,2015-01-05,2015-01,"500ETF
510500.XSHG"
2015-01-05 09:31:00,底仓到账,创业板ETF易方达,159915.XSHE,,,34900.0,,10.0,2015-01-05,2015-01,"创业板ETF易方达
159915.XSHE"
2015-01-05 09:32:00,等级校准,纳指ETF,513100.XSHG,,,35900.0,,,2015-01-05,2015-01,"纳指ETF
513100.XSHG"
2015-01-05 09:32:00,等级校准,创业板ETF易方达,159915.XSHE,,,34900.0,,,2015-01-05,2015-01,"创业板ETF易方达
159915.XSHE"
2015-01-06 09:31:00,加仓,纳指ETF,513100.XSHG,1.349,3600.0,39500.0,,10.0,2015-01-06,2015-01,"纳指ETF
513100.XSHG"
2015-01-06 13:03:00,止盈,创业板ETF易方达,159915.XSHE,1.477,3500.0,31400.0,156.98,9.0,2015-01-06,2015-01,"创业板ETF易方达
159915.XSHE"
2015-01-06 13:53:00,止盈,500ETF,510500.XSHG,1.534,3300.0,30200.0,147.99,9.0,2015-01-06,2015-01,"500ETF
510500.XSHG"
2015-01-09 10:24:00,止盈,创业板ETF易方达,159915.XSHE,1.522,3300.0,28100.0,148.0,8.0,2015-01-09,2015-01,"创业板ETF易方达
159915.XSHE"
2015-01-12 13:13:00,加仓,500ETF,510500.XSHG,1.486,3200.0,33400.0,,10.0,2015-01-12,2015-01,"500ETF
510500.XSHG"
2015-01-15 14:57:00,止盈,500ETF,510500.XSHG,1.535,3300.0,30100.0,161.19,9.0,2015-01-15,2015-01,"500ETF
510500.XSHG"
2015-01-16 09:31:00,止盈,黄金ETF,518880.XSHG,2.509,2000.0,18700.0,193.5,9.0,2015-01-16,2015-01,"黄金ETF
518880.XSHG"
2015-01-16 11:09:00,止盈,创业板ETF易方达,159915.XSHE,1.568,3200.0,24900.0,146.7,8.0,2015-01-16,2015-01,"创业板ETF易方达
159915.XSHE"
2015-01-19 09:32:00,加仓,500ETF,510500.XSHG,1.487,3200.0,33300.0,,10.0,2015-01-19,2015-01,"500ETF
510500.XSHG"
2015-01-19 10:21:00,止盈,500ETF,510500.XSHG,1.532,3300.0,30000.0,147.99,9.0,2015-01-19,2015-01,"500ETF
510500.XSHG"
2015-01-19 10:36:00,止盈,创业板ETF易方达,159915.XSHE,1.616,3100.0,21800.0,148.3,7.0,2015-01-19,2015-01,"创业板ETF易方达
159915.XSHE"
2015-01-19 14:17:00,加仓,500ETF,510500.XSHG,1.486,3200.0,33200.0,,10.0,2015-01-19,2015-01,"500ETF
510500.XSHG"
2015-01-19 14:28:00,加仓,创业板ETF易方达,159915.XSHE,1.567,3000.0,24800.0,,8.0,2015-01-19,2015-01,"创业板ETF易方达
159915.XSHE"
2015-01-20 09:31:00,止盈,黄金ETF,518880.XSHG,2.598,1900.0,16800.0,168.61,8.0,2015-01-20,2015-01,"黄金ETF
518880.XSHG"
2015-01-20 10:34:00,止盈,创业板ETF易方达,159915.XSHE,1.616,3100.0,21700.0,151.4,7.0,2015-01-20,2015-01,"创业板ETF易方达
159915.XSHE"
2015-01-20 14:52:00,止盈,500ETF,510500.XSHG,1.531,3300.0,29900.0,147.99,9.0,2015-01-20,2015-01,"500ETF
510500.XSHG"
2015-01-21 09:43:00,止盈,创业板ETF易方达,159915.XSHE,1.665,3000.0,18700.0,146.5,6.0,2015-01-21,2015-01,"创业板ETF易方达
159915.XSHE"
2015-01-22 09:31:00,止盈,500ETF,510500.XSHG,1.577,3200.0,26700.0,146.7,8.0,2015-01-22,2015-01,"500ETF
510500.XSHG"
2015-01-23 09:31:00,止盈,纳指ETF,513100.XSHG,1.401,3700.0,35800.0,191.88,10.0,2015-01-23,2015-01,"纳指ETF
513100.XSHG"
2015-01-28 10:42:00,止盈,500ETF,510500.XSHG,1.625,3100.0,23600.0,148.3,7.0,2015-01-28,2015-01,"500ETF
510500.XSHG"
2015-01-29 09:31:00,加仓,纳指ETF,513100.XSHG,1.354,3500.0,39300.0,,11.0,2015-01-29,2015-01,"纳指ETF
513100.XSHG"
2015-01-29 09:32:00,等级校准,纳指ETF,513100.XSHG,,,39300.0,,,2015-01-29,2015-01,"纳指ETF
513100.XSHG"
2015-02-02 09:31:00,加仓,500ETF,510500.XSHG,1.564,3000.0,26600.0,,8.0,2015-02-02,2015-02,"500ETF
510500.XSHG"
2015-02-02 09:31:00,加仓,创业板ETF易方达,159915.XSHE,1.615,3000.0,21700.0,,7.0,2015-02-02,2015-02,"创业板ETF易方达
159915.XSHE"
2015-02-03 09:53:00,止盈,创业板ETF易方达,159915.XSHE,1.664,3000.0,18700.0,146.5,6.0,2015-02-03,2015-02,"创业板ETF易方达
159915.XSHE"
2015-02-04 10:59:00,止盈,500ETF,510500.XSHG,1.611,3100.0,23500.0,145.2,7.0,2015-02-04,2015-02,"500ETF
510500.XSHG"
2015-02-05 10:06:00,止盈,创业板ETF易方达,159915.XSHE,1.714,3000.0,15700.0,149.49,5.0,2015-02-05,2015-02,"创业板ETF易方达
159915.XSHE"
2015-02-06 11:21:00,加仓,500ETF,510500.XSHG,1.561,3100.0,26600.0,,8.0,2015-02-06,2015-02,"500ETF
510500.XSHG"
2015-02-06 14:52:00,加仓,创业板ETF易方达,159915.XSHE,1.662,2900.0,18600.0,,6.0,2015-02-06,2015-02,"创业板ETF易方达
159915.XSHE"
2015-02-09 09:32:00,加仓,黄金ETF,518880.XSHG,2.502,1900.0,18700.0,,9.0,2015-02-09,2015-02,"黄金ETF
518880.XSHG"
2015-02-11 10:30:00,止盈,创业板ETF易方达,159915.XSHE,1.715,3000.0,15600.0,158.49,5.0,2015-02-11,2015-02,"创业板ETF易方达
159915.XSHE"
2015-02-12 10:01:00,止盈,纳指ETF,513100.XSHG,1.395,3600.0,35700.0,147.1,10.0,2015-02-12,2015-02,"纳指ETF
513100.XSHG"
2015-02-13 09:38:00,止盈,500ETF,510500.XSHG,1.608,3200.0,23400.0,149.89,7.0,2015-02-13,2015-02,"500ETF
510500.XSHG"
2015-02-16 09:31:00,止盈,创业板ETF易方达,159915.XSHE,1.771,2900.0,12700.0,161.89,4.0,2015-02-16,2015-02,"创业板ETF易方达
159915.XSHE"
2015-02-16 14:41:00,止盈,创业板ETF易方达,159915.XSHE,1.826,2800.0,9900.0,153.49,3.0,2015-02-16,2015-02,"创业板ETF易方达
159915.XSHE"
2015-02-17 09:32:00,止盈,500ETF,510500.XSHG,1.666,3100.0,20300.0,179.28,6.0,2015-02-17,2015-02,"500ETF
510500.XSHG"
2015-02-17 14:34:00,止盈,纳指ETF,513100.XSHG,1.437,3500.0,32200.0,146.5,9.0,2015-02-17,2015-02,"纳指ETF
513100.XSHG"
2015-03-02 09:42:00,止盈,创业板ETF易方达,159915.XSHE,1.883,2700.0,7200.0,153.39,2.0,2015-03-02,2015-03,"创业板ETF易方达
159915.XSHE"
2015-03-02 13:15:00,止盈,500ETF,510500.XSHG,1.716,3000.0,17300.0,149.49,5.0,2015-03-02,2015-03,"500ETF
510500.XSHG"
2015-03-04 14:56:00,止盈,创业板ETF易方达,159915.XSHE,1.94,2600.0,4600.0,147.7,1.0,2015-03-04,2015-03,"创业板ETF易方达
159915.XSHE"
2015-03-06 13:07:00,加仓,创业板ETF易方达,159915.XSHE,1.88,2500.0,7100.0,,2.0,2015-03-06,2015-03,"创业板ETF易方达
159915.XSHE"
2015-03-09 09:31:00,加仓,黄金ETF,518880.XSHG,2.383,1900.0,20600.0,,10.0,2015-03-09,2015-03,"黄金ETF
518880.XSHG"
2015-03-10 09:38:00,止盈,创业板ETF易方达,159915.XSHE,1.937,2600.0,4500.0,147.7,1.0,2015-03-10,2015-03,"创业板ETF易方达
159915.XSHE"
2015-03-13 11:08:00,止盈,500ETF,510500.XSHG,1.768,2900.0,14400.0,150.29,5.0,2015-03-13,2015-03,"500ETF
510500.XSHG"
2015-03-13 14:37:00,止盈,创业板ETF易方达,159915.XSHE,1.996,2500.0,2000.0,147.0,1.0,2015-03-13,2015-03,"创业板ETF易方达
159915.XSHE"
2015-03-16 11:08:00,止盈,500ETF,510500.XSHG,1.822,2800.0,11600.0,150.69,4.0,2015-03-16,2015-03,"500ETF
510500.XSHG"
2015-03-16 13:28:00,止盈（部分）,创业板ETF易方达,159915.XSHE,2.056,2000.0,0.0,119.59,0.0,2015-03-16,2015-03,"创业板ETF易方达
159915.XSHE"
2015-03-16 13:28:00,清仓,创业板ETF易方达,159915.XSHE,,,,,0.0,2015-03-16,2015-03,"创业板ETF易方达
159915.XSHE"
2015-03-16 13:29:00,重装建仓,创业板ETF易方达,159915.XSHE,2.058,24200.0,24200.0,,,2015-03-16,2015-03,"创业板ETF易方达
159915.XSHE"
2015-03-16 13:30:00,底仓到账,创业板ETF易方达,159915.XSHE,,,24200.0,,10.0,2015-03-16,2015-03,"创业板ETF易方达
159915.XSHE"
2015-03-18 13:02:00,止盈,500ETF,510500.XSHG,1.878,2700.0,8900.0,150.69,3.0,2015-03-18,2015-03,"500ETF
510500.XSHG"
2015-03-20 09:59:00,止盈,创业板ETF易方达,159915.XSHE,2.12,2400.0,21800.0,148.29,9.0,2015-03-20,2015-03,"创业板ETF易方达
159915.XSHE"
2015-03-23 09:31:00,止盈,500ETF,510500.XSHG,1.946,2600.0,6300.0,176.29,2.0,2015-03-23,2015-03,"500ETF
510500.XSHG"
2015-03-23 13:04:00,止盈,创业板ETF易方达,159915.XSHE,2.184,2300.0,19500.0,146.7,8.0,2015-03-23,2015-03,"创业板ETF易方达
159915.XSHE"
2015-03-24 10:07:00,止盈,创业板ETF易方达,159915.XSHE,2.251,2200.0,17300.0,146.9,7.0,2015-03-24,2015-03,"创业板ETF易方达
159915.XSHE"
2015-03-24 10:53:00,加仓,创业板ETF易方达,159915.XSHE,2.176,2200.0,19500.0,,8.0,2015-03-24,2015-03,"创业板ETF易方达
159915.XSHE"
2015-03-24 13:46:00,止盈,创业板ETF易方达,159915.XSHE,2.243,2200.0,17300.0,146.91,7.0,2015-03-24,2015-03,"创业板ETF易方达
159915.XSHE"
2015-03-25 10:47:00,止盈,500ETF,510500.XSHG,2.005,2500.0,3800.0,147.0,1.0,2015-03-25,2015-03,"500ETF
510500.XSHG"
2015-03-26 11:06:00,加仓,创业板ETF易方达,159915.XSHE,2.174,2200.0,19500.0,,8.0,2015-03-26,2015-03,"创业板ETF易方达
159915.XSHE"
2015-03-31 10:17:00,止盈,创业板ETF易方达,159915.XSHE,2.24,2200.0,17300.0,144.71,7.0,2015-03-31,2015-03,"创业板ETF易方达
159915.XSHE"
2015-04-01 10:21:00,止盈,500ETF,510500.XSHG,2.066,2400.0,1400.0,145.9,1.0,2015-04-01,2015-04,"500ETF
510500.XSHG"
2015-04-02 09:31:00,止盈,创业板ETF易方达,159915.XSHE,2.334,2200.0,15100.0,206.29,7.0,2015-04-02,2015-04,"创业板ETF易方达
159915.XSHE"
2015-04-02 14:44:00,止盈（部分）,500ETF,510500.XSHG,2.128,1400.0,0.0,86.5,0.0,2015-04-02,2015-04,"500ETF
510500.XSHG"
2015-04-02 14:44:00,清仓,500ETF,510500.XSHG,,,,,0.0,2015-04-02,2015-04,"500ETF
510500.XSHG"
2015-04-02 14:45:00,重装建仓,500ETF,510500.XSHG,2.129,23400.0,23400.0,,,2015-04-02,2015-04,"500ETF
510500.XSHG"
2015-04-02 14:46:00,底仓到账,500ETF,510500.XSHG,,,23400.0,,10.0,2015-04-02,2015-04,"500ETF
510500.XSHG"
2015-04-07 09:32:00,止盈,创业板ETF易方达,159915.XSHE,2.413,2100.0,13000.0,165.39,6.0,2015-04-07,2015-04,"创业板ETF易方达
159915.XSHE"
2015-04-07 10:43:00,止盈,500ETF,510500.XSHG,2.193,2300.0,21100.0,146.7,9.0,2015-04-07,2015-04,"500ETF
510500.XSHG"
2015-04-08 10:56:00,加仓,创业板ETF易方达,159915.XSHE,2.34,2000.0,15000.0,,7.0,2015-04-08,2015-04,"创业板ETF易方达
159915.XSHE"
2015-04-09 10:23:00,加仓,500ETF,510500.XSHG,2.126,2200.0,23300.0,,10.0,2015-04-09,2015-04,"500ETF
510500.XSHG"
2015-04-09 10:23:00,加仓,创业板ETF易方达,159915.XSHE,2.267,2100.0,17100.0,,8.0,2015-04-09,2015-04,"创业板ETF易方达
159915.XSHE"
2015-04-09 10:24:00,等级校准,创业板ETF易方达,159915.XSHE,,,17100.0,,,2015-04-09,2015-04,"创业板ETF易方达
159915.XSHE"
2015-04-09 14:07:00,止盈,创业板ETF易方达,159915.XSHE,2.339,2200.0,14900.0,157.89,7.0,2015-04-09,2015-04,"创业板ETF易方达
159915.XSHE"
2015-04-09 14:34:00,止盈,创业板ETF易方达,159915.XSHE,2.418,2100.0,12800.0,165.39,6.0,2015-04-09,2015-04,"创业板ETF易方达
159915.XSHE"
2015-04-10 09:55:00,止盈,500ETF,510500.XSHG,2.191,2300.0,21000.0,149.0,9.0,2015-04-10,2015-04,"500ETF
510500.XSHG"
2015-04-15 09:30:00,等级校准,500ETF,510500.XSHG,,,5887.0,,,2015-04-15,2015-04,"500ETF
510500.XSHG"
2015-04-15 09:31:00,止盈,500ETF,510500.XSHG,8.078,2200.0,3687.0,12949.62,6.0,2015-04-15,2015-04,"500ETF
510500.XSHG"
2015-04-15 11:15:00,加仓,500ETF,510500.XSHG,7.835,600.0,4287.0,,7.0,2015-04-15,2015-04,"500ETF
510500.XSHG"
2015-04-15 14:55:00,加仓,创业板ETF易方达,159915.XSHE,2.34,2000.0,14800.0,,7.0,2015-04-15,2015-04,"创业板ETF易方达
159915.XSHE"
2015-04-16 09:32:00,加仓,500ETF,510500.XSHG,7.53,600.0,4887.0,,8.0,2015-04-16,2015-04,"500ETF
510500.XSHG"
2015-04-16 09:49:00,止盈,500ETF,510500.XSHG,7.76,600.0,4287.0,137.53,7.0,2015-04-16,2015-04,"500ETF
510500.XSHG"
2015-04-16 10:43:00,止盈,创业板ETF易方达,159915.XSHE,2.412,2100.0,12700.0,150.69,6.0,2015-04-16,2015-04,"创业板ETF易方达
159915.XSHE"
2015-04-17 09:41:00,止盈,500ETF,510500.XSHG,8.0,600.0,3687.0,143.52,6.0,2015-04-17,2015-04,"500ETF
510500.XSHG"
2015-04-20 09:33:00,加仓,创业板ETF易方达,159915.XSHE,2.33,2000.0,14700.0,,7.0,2015-04-20,2015-04,"创业板ETF易方达
159915.XSHE"
2015-04-21 10:02:00,止盈,创业板ETF易方达,159915.XSHE,2.401,2100.0,12600.0,148.6,6.0,2015-04-21,2015-04,"创业板ETF易方达
159915.XSHE"
2015-04-21 14:31:00,止盈,创业板ETF易方达,159915.XSHE,2.474,2000.0,10600.0,145.51,5.0,2015-04-21,2015-04,"创业板ETF易方达
159915.XSHE"
2015-04-22 09:39:00,止盈,500ETF,510500.XSHG,8.24,600.0,3087.0,143.51,5.0,2015-04-22,2015-04,"500ETF
510500.XSHG"
2015-04-23 09:32:00,止盈,创业板ETF易方达,159915.XSHE,2.55,2000.0,8600.0,151.49,4.0,2015-04-23,2015-04,"创业板ETF易方达
159915.XSHE"
2015-04-24 10:33:00,止盈,创业板ETF易方达,159915.XSHE,2.631,1900.0,6700.0,153.4,3.0,2015-04-24,2015-04,"创业板ETF易方达
159915.XSHE"
2015-04-27 09:32:00,止盈,500ETF,510500.XSHG,8.509,600.0,2487.0,160.89,4.0,2015-04-27,2015-04,"500ETF
510500.XSHG"
2015-04-27 09:39:00,止盈,纳指ETF,513100.XSHG,1.481,3400.0,28800.0,149.1,8.0,2015-04-27,2015-04,"纳指ETF
513100.XSHG"
2015-04-28 14:23:00,加仓,500ETF,510500.XSHG,8.25,500.0,2987.0,,5.0,2015-04-28,2015-04,"500ETF
510500.XSHG"
2015-04-28 14:24:00,等级校准,500ETF,510500.XSHG,,,2987.0,,,2015-04-28,2015-04,"500ETF
510500.XSHG"
2015-04-29 14:51:00,止盈,创业板ETF易方达,159915.XSHE,2.71,1900.0,4800.0,149.59,2.0,2015-04-29,2015-04,"创业板ETF易方达
159915.XSHE"
2015-04-30 09:31:00,止盈,500ETF,510500.XSHG,8.512,600.0,2387.0,156.69,4.0,2015-04-30,2015-04,"500ETF
510500.XSHG"
2015-04-30 10:52:00,止盈,创业板ETF易方达,159915.XSHE,2.799,1800.0,3000.0,159.7,1.0,2015-04-30,2015-04,"创业板ETF易方达
159915.XSHE"
2015-05-04 09:39:00,加仓,创业板ETF易方达,159915.XSHE,2.706,1700.0,4700.0,,2.0,2015-05-04,2015-05,"创业板ETF易方达
159915.XSHE"
2015-05-05 14:18:00,加仓,500ETF,510500.XSHG,8.253,500.0,2887.0,,5.0,2015-05-05,2015-05,"500ETF
510500.XSHG"
2015-05-05 14:19:00,等级校准,500ETF,510500.XSHG,,,2887.0,,,2015-05-05,2015-05,"500ETF
510500.XSHG"
2015-05-06 09:31:00,加仓,纳指ETF,513100.XSHG,1.432,3300.0,32100.0,,9.0,2015-05-06,2015-05,"纳指ETF
513100.XSHG"
2015-05-06 10:36:00,止盈,创业板ETF易方达,159915.XSHE,2.789,1800.0,2900.0,148.9,1.0,2015-05-06,2015-05,"创业板ETF易方达
159915.XSHE"
2015-05-07 09:52:00,加仓,创业板ETF易方达,159915.XSHE,2.702,1700.0,4600.0,,2.0,2015-05-07,2015-05,"创业板ETF易方达
159915.XSHE"
2015-05-07 10:09:00,加仓,500ETF,510500.XSHG,8.0,600.0,3487.0,,5.0,2015-05-07,2015-05,"500ETF
510500.XSHG"
2015-05-08 10:11:00,止盈,创业板ETF易方达,159915.XSHE,2.786,1800.0,2800.0,150.7,1.0,2015-05-08,2015-05,"创业板ETF易方达
159915.XSHE"
2015-05-08 14:33:00,止盈,创业板ETF易方达,159915.XSHE,2.871,1700.0,1100.0,144.01,1.0,2015-05-08,2015-05,"创业板ETF易方达
159915.XSHE"
2015-05-08 14:42:00,止盈,500ETF,510500.XSHG,8.276,600.0,2887.0,165.1,4.0,2015-05-08,2015-05,"500ETF
510500.XSHG"
2015-05-08 14:44:00,止盈,500ETF,510500.XSHG,8.61,600.0,2287.0,199.88,4.0,2015-05-08,2015-05,"500ETF
510500.XSHG"
2015-05-08 14:47:00,加仓,500ETF,510500.XSHG,8.267,500.0,2787.0,,5.0,2015-05-08,2015-05,"500ETF
510500.XSHG"
2015-05-08 14:48:00,等级校准,500ETF,510500.XSHG,,,2787.0,,,2015-05-08,2015-05,"500ETF
510500.XSHG"
2015-05-11 10:22:00,止盈（部分）,创业板ETF易方达,159915.XSHE,2.958,1100.0,0.0,95.37,0.0,2015-05-11,2015-05,"创业板ETF易方达
159915.XSHE"
2015-05-11 10:22:00,清仓,创业板ETF易方达,159915.XSHE,,,,,0.0,2015-05-11,2015-05,"创业板ETF易方达
159915.XSHE"
2015-05-11 10:23:00,重装建仓,创业板ETF易方达,159915.XSHE,2.966,16800.0,16800.0,,,2015-05-11,2015-05,"创业板ETF易方达
159915.XSHE"
2015-05-11 10:24:00,底仓到账,创业板ETF易方达,159915.XSHE,,,16800.0,,10.0,2015-05-11,2015-05,"创业板ETF易方达
159915.XSHE"
2015-05-11 13:02:00,止盈,500ETF,510500.XSHG,8.521,600.0,2187.0,151.89,4.0,2015-05-11,2015-05,"500ETF
510500.XSHG"
2015-05-12 09:31:00,止盈,创业板ETF易方达,159915.XSHE,3.062,1600.0,15200.0,153.11,9.0,2015-05-12,2015-05,"创业板ETF易方达
159915.XSHE"
2015-05-12 13:49:00,止盈,500ETF,510500.XSHG,8.777,500.0,1687.0,127.56,3.0,2015-05-12,2015-05,"500ETF
510500.XSHG"
2015-05-15 09:32:00,加仓,创业板ETF易方达,159915.XSHE,2.968,1600.0,16800.0,,10.0,2015-05-15,2015-05,"创业板ETF易方达
159915.XSHE"
2015-05-15 09:58:00,止盈,纳指ETF,513100.XSHG,1.476,3400.0,28700.0,149.1,8.0,2015-05-15,2015-05,"纳指ETF
513100.XSHG"
2015-05-18 09:31:00,止盈,创业板ETF易方达,159915.XSHE,3.058,1600.0,15200.0,143.51,9.0,2015-05-18,2015-05,"创业板ETF易方达
159915.XSHE"
2015-05-18 10:07:00,止盈,创业板ETF易方达,159915.XSHE,3.15,1600.0,13600.0,146.7,9.0,2015-05-18,2015-05,"创业板ETF易方达
159915.XSHE"
2015-05-18 14:22:00,止盈,黄金ETF,518880.XSHG,2.46,2000.0,18600.0,153.51,9.0,2015-05-18,2015-05,"黄金ETF
518880.XSHG"
2015-05-19 10:43:00,止盈,500ETF,510500.XSHG,9.046,500.0,1187.0,134.05,2.0,2015-05-19,2015-05,"500ETF
510500.XSHG"
2015-05-20 09:40:00,止盈,500ETF,510500.XSHG,9.343,500.0,687.0,148.03,1.0,2015-05-20,2015-05,"500ETF
510500.XSHG"
2015-05-20 09:41:00,止盈,创业板ETF易方达,159915.XSHE,3.253,1500.0,12100.0,154.01,8.0,2015-05-20,2015-05,"创业板ETF易方达
159915.XSHE"
2015-05-21 10:26:00,止盈,创业板ETF易方达,159915.XSHE,3.357,1500.0,10600.0,155.5,7.0,2015-05-21,2015-05,"创业板ETF易方达
159915.XSHE"
2015-05-21 14:35:00,止盈,500ETF,510500.XSHG,9.625,500.0,187.0,140.52,1.0,2015-05-21,2015-05,"500ETF
510500.XSHG"
2015-05-22 09:31:00,止盈,创业板ETF易方达,159915.XSHE,3.468,1400.0,9200.0,154.91,6.0,2015-05-22,2015-05,"创业板ETF易方达
159915.XSHE"
2015-05-22 10:04:00,加仓,创业板ETF易方达,159915.XSHE,3.36,1400.0,10600.0,,7.0,2015-05-22,2015-05,"创业板ETF易方达
159915.XSHE"
2015-05-22 14:47:00,止盈（部分）,500ETF,510500.XSHG,9.99,100.0,87.0,36.4,0.0,2015-05-22,2015-05,"500ETF
510500.XSHG"
2015-05-22 14:47:00,清仓-碎股,500ETF,510500.XSHG,,,,,0.0,2015-05-22,2015-05,"500ETF
510500.XSHG"
2015-05-22 14:47:00,清仓,500ETF,510500.XSHG,,,,,0.0,2015-05-22,2015-05,"500ETF
510500.XSHG"
2015-05-22 14:48:00,重装建仓,500ETF,510500.XSHG,9.99,5000.0,5000.0,,,2015-05-22,2015-05,"500ETF
510500.XSHG"
2015-05-22 14:49:00,底仓到账,500ETF,510500.XSHG,,,5000.0,,10.0,2015-05-22,2015-05,"500ETF
510500.XSHG"
2015-05-25 09:32:00,加仓,创业板ETF易方达,159915.XSHE,3.237,1400.0,12000.0,,8.0,2015-05-25,2015-05,"创业板ETF易方达
159915.XSHE"
2015-05-25 11:13:00,止盈,创业板ETF易方达,159915.XSHE,3.336,1500.0,10500.0,148.0,7.0,2015-05-25,2015-05,"创业板ETF易方达
159915.XSHE"
2015-05-26 10:23:00,止盈,创业板ETF易方达,159915.XSHE,3.438,1400.0,9100.0,142.32,6.0,2015-05-26,2015-05,"创业板ETF易方达
159915.XSHE"
2015-05-26 10:36:00,止盈,500ETF,510500.XSHG,10.299,500.0,4500.0,153.99,11.0,2015-05-26,2015-05,"500ETF
510500.XSHG"
2015-05-27 14:05:00,止盈,500ETF,510500.XSHG,10.639,400.0,4100.0,135.57,10.0,2015-05-27,2015-05,"500ETF
510500.XSHG"
2015-05-28 14:17:00,加仓,500ETF,510500.XSHG,10.296,400.0,4500.0,,11.0,2015-05-28,2015-05,"500ETF
510500.XSHG"
2015-05-28 14:49:00,加仓,创业板ETF易方达,159915.XSHE,3.334,1400.0,10500.0,,7.0,2015-05-28,2015-05,"创业板ETF易方达
159915.XSHE"
2015-05-28 14:56:00,加仓,500ETF,510500.XSHG,9.98,400.0,4900.0,,12.0,2015-05-28,2015-05,"500ETF
510500.XSHG"
2015-05-28 14:57:00,等级校准,500ETF,510500.XSHG,,,4900.0,,,2015-05-28,2015-05,"500ETF
510500.XSHG"
2015-05-29 09:36:00,加仓,黄金ETF,518880.XSHG,2.386,2000.0,20600.0,,10.0,2015-05-29,2015-05,"黄金ETF
518880.XSHG"
2015-05-29 09:43:00,加仓,500ETF,510500.XSHG,9.633,500.0,5400.0,,10.0,2015-05-29,2015-05,"500ETF
510500.XSHG"
2015-05-29 09:43:00,加仓,创业板ETF易方达,159915.XSHE,3.22,1400.0,11900.0,,8.0,2015-05-29,2015-05,"创业板ETF易方达
159915.XSHE"
2015-05-29 09:44:00,等级校准,创业板ETF易方达,159915.XSHE,,,11900.0,,,2015-05-29,2015-05,"创业板ETF易方达
159915.XSHE"
2015-05-29 09:51:00,止盈,500ETF,510500.XSHG,10.003,500.0,4900.0,184.5,12.0,2015-05-29,2015-05,"500ETF
510500.XSHG"
2015-05-29 10:02:00,止盈,创业板ETF易方达,159915.XSHE,3.329,1500.0,10400.0,163.0,6.0,2015-05-29,2015-05,"创业板ETF易方达
159915.XSHE"
2015-05-29 13:22:00,止盈,500ETF,510500.XSHG,10.333,400.0,4500.0,131.59,11.0,2015-05-29,2015-05,"500ETF
510500.XSHG"
2015-05-29 13:44:00,止盈,创业板ETF易方达,159915.XSHE,3.431,1500.0,8900.0,152.49,6.0,2015-05-29,2015-05,"创业板ETF易方达
159915.XSHE"
2015-05-29 14:17:00,加仓,500ETF,510500.XSHG,9.9,400.0,4900.0,,12.0,2015-05-29,2015-05,"500ETF
510500.XSHG"
2015-05-29 14:18:00,等级校准,500ETF,510500.XSHG,,,4900.0,,,2015-05-29,2015-05,"500ETF
510500.XSHG"
2015-05-29 14:36:00,加仓,创业板ETF易方达,159915.XSHE,3.317,1400.0,10300.0,,7.0,2015-05-29,2015-05,"创业板ETF易方达
159915.XSHE"
2015-05-29 14:37:00,等级校准,创业板ETF易方达,159915.XSHE,,,10300.0,,,2015-05-29,2015-05,"创业板ETF易方达
159915.XSHE"
2015-06-01 09:32:00,止盈,创业板ETF易方达,159915.XSHE,3.434,1500.0,8800.0,174.98,6.0,2015-06-01,2015-06,"创业板ETF易方达
159915.XSHE"
2015-06-01 09:34:00,止盈,500ETF,510500.XSHG,10.2,500.0,4400.0,149.49,11.0,2015-06-01,2015-06,"500ETF
510500.XSHG"
2015-06-01 13:03:00,止盈,500ETF,510500.XSHG,10.519,400.0,4000.0,127.18,10.0,2015-06-01,2015-06,"500ETF
510500.XSHG"
2015-06-01 13:08:00,止盈,创业板ETF易方达,159915.XSHE,3.539,1400.0,7400.0,146.5,5.0,2015-06-01,2015-06,"创业板ETF易方达
159915.XSHE"
2015-06-02 10:08:00,止盈,创业板ETF易方达,159915.XSHE,3.647,1400.0,6000.0,150.69,4.0,2015-06-02,2015-06,"创业板ETF易方达
159915.XSHE"
2015-06-02 10:16:00,止盈,500ETF,510500.XSHG,10.849,400.0,3600.0,131.57,9.0,2015-06-02,2015-06,"500ETF
510500.XSHG"
2015-06-02 14:39:00,止盈,创业板ETF易方达,159915.XSHE,3.757,1300.0,4700.0,142.51,3.0,2015-06-02,2015-06,"创业板ETF易方达
159915.XSHE"
2015-06-04 13:01:00,加仓,创业板ETF易方达,159915.XSHE,3.643,1300.0,6000.0,,4.0,2015-06-04,2015-06,"创业板ETF易方达
159915.XSHE"
2015-06-04 13:05:00,加仓,500ETF,510500.XSHG,10.324,400.0,4000.0,,10.0,2015-06-04,2015-06,"500ETF
510500.XSHG"
2015-06-04 13:06:00,加仓,创业板ETF易方达,159915.XSHE,3.515,1300.0,7300.0,,5.0,2015-06-04,2015-06,"创业板ETF易方达
159915.XSHE"
2015-06-04 13:58:00,止盈,创业板ETF易方达,159915.XSHE,3.621,1400.0,5900.0,147.89,4.0,2015-06-04,2015-06,"创业板ETF易方达
159915.XSHE"
2015-06-04 14:11:00,止盈,500ETF,510500.XSHG,10.665,400.0,3600.0,135.97,9.0,2015-06-04,2015-06,"500ETF
510500.XSHG"
2015-06-04 14:41:00,止盈,创业板ETF易方达,159915.XSHE,3.731,1300.0,4600.0,142.51,3.0,2015-06-04,2015-06,"创业板ETF易方达
159915.XSHE"
2015-06-04 14:46:00,止盈,500ETF,510500.XSHG,11.004,400.0,3200.0,135.16,8.0,2015-06-04,2015-06,"500ETF
510500.XSHG"
2015-06-05 10:04:00,止盈,创业板ETF易方达,159915.XSHE,3.843,1300.0,3300.0,145.1,2.0,2015-06-05,2015-06,"创业板ETF易方达
159915.XSHE"
2015-06-05 11:13:00,加仓,创业板ETF易方达,159915.XSHE,3.725,1300.0,4600.0,,3.0,2015-06-05,2015-06,"创业板ETF易方达
159915.XSHE"
2015-06-08 09:36:00,加仓,创业板ETF易方达,159915.XSHE,3.597,1300.0,5900.0,,4.0,2015-06-08,2015-06,"创业板ETF易方达
159915.XSHE"
2015-06-08 10:43:00,加仓,创业板ETF易方达,159915.XSHE,3.484,1300.0,7200.0,,5.0,2015-06-08,2015-06,"创业板ETF易方达
159915.XSHE"
2015-06-09 10:00:00,止盈,创业板ETF易方达,159915.XSHE,3.589,1400.0,5800.0,146.5,4.0,2015-06-09,2015-06,"创业板ETF易方达
159915.XSHE"
2015-06-09 11:20:00,加仓,创业板ETF易方达,159915.XSHE,3.479,1300.0,7100.0,,5.0,2015-06-09,2015-06,"创业板ETF易方达
159915.XSHE"
2015-06-10 11:29:00,止盈,创业板ETF易方达,159915.XSHE,3.584,1400.0,5700.0,146.5,4.0,2015-06-10,2015-06,"创业板ETF易方达
159915.XSHE"
2015-06-10 13:40:00,止盈,500ETF,510500.XSHG,11.357,400.0,2800.0,140.75,7.0,2015-06-10,2015-06,"500ETF
510500.XSHG"
2015-06-10 14:27:00,止盈,创业板ETF易方达,159915.XSHE,3.693,1300.0,4400.0,141.22,3.0,2015-06-10,2015-06,"创业板ETF易方达
159915.XSHE"
2015-06-12 13:14:00,止盈,500ETF,510500.XSHG,11.789,400.0,2400.0,172.33,6.0,2015-06-12,2015-06,"500ETF
510500.XSHG"
2015-06-15 10:38:00,加仓,创业板ETF易方达,159915.XSHE,3.582,1300.0,5700.0,,4.0,2015-06-15,2015-06,"创业板ETF易方达
159915.XSHE"
2015-06-15 11:06:00,加仓,500ETF,510500.XSHG,11.431,400.0,2800.0,,7.0,2015-06-15,2015-06,"500ETF
510500.XSHG"
2015-06-16 09:31:00,加仓,创业板ETF易方达,159915.XSHE,3.447,1300.0,7000.0,,5.0,2015-06-16,2015-06,"创业板ETF易方达
159915.XSHE"
2015-06-16 10:10:00,加仓,500ETF,510500.XSHG,11.077,400.0,3200.0,,8.0,2015-06-16,2015-06,"500ETF
510500.XSHG"
2015-06-16 10:11:00,加仓,创业板ETF易方达,159915.XSHE,3.342,1400.0,8400.0,,6.0,2015-06-16,2015-06,"创业板ETF易方达
159915.XSHE"
2015-06-16 11:23:00,止盈,创业板ETF易方达,159915.XSHE,3.443,1400.0,7000.0,140.92,5.0,2015-06-16,2015-06,"创业板ETF易方达
159915.XSHE"
2015-06-17 10:14:00,加仓,500ETF,510500.XSHG,10.734,400.0,3600.0,,9.0,2015-06-17,2015-06,"500ETF
510500.XSHG"
2015-06-17 10:47:00,加仓,创业板ETF易方达,159915.XSHE,3.334,1400.0,8400.0,,6.0,2015-06-17,2015-06,"创业板ETF易方达
159915.XSHE"
2015-06-17 13:14:00,止盈,创业板ETF易方达,159915.XSHE,3.44,1400.0,7000.0,147.92,5.0,2015-06-17,2015-06,"创业板ETF易方达
159915.XSHE"
2015-06-17 14:00:00,止盈,500ETF,510500.XSHG,11.064,400.0,3200.0,131.56,8.0,2015-06-17,2015-06,"500ETF
510500.XSHG"
2015-06-17 14:32:00,止盈,创业板ETF易方达,159915.XSHE,3.546,1400.0,5600.0,147.9,4.0,2015-06-17,2015-06,"创业板ETF易方达
159915.XSHE"
2015-06-17 14:54:00,止盈,500ETF,510500.XSHG,11.466,400.0,2800.0,160.34,7.0,2015-06-17,2015-06,"500ETF
510500.XSHG"
2015-06-18 09:32:00,加仓,500ETF,510500.XSHG,11.106,400.0,3200.0,,8.0,2015-06-18,2015-06,"500ETF
510500.XSHG"
2015-06-18 13:49:00,加仓,创业板ETF易方达,159915.XSHE,3.435,1400.0,7000.0,,5.0,2015-06-18,2015-06,"创业板ETF易方达
159915.XSHE"
2015-06-18 14:47:00,加仓,创业板ETF易方达,159915.XSHE,3.329,1400.0,8400.0,,6.0,2015-06-18,2015-06,"创业板ETF易方达
159915.XSHE"
2015-06-18 14:48:00,等级校准,创业板ETF易方达,159915.XSHE,,,8400.0,,,2015-06-18,2015-06,"创业板ETF易方达
159915.XSHE"
2015-06-19 09:31:00,加仓,500ETF,510500.XSHG,10.477,400.0,3600.0,,9.0,2015-06-19,2015-06,"500ETF
510500.XSHG"
2015-06-19 09:31:00,加仓,创业板ETF易方达,159915.XSHE,3.219,1500.0,9900.0,,6.0,2015-06-19,2015-06,"创业板ETF易方达
159915.XSHE"
2015-06-19 14:38:00,加仓,500ETF,510500.XSHG,10.128,400.0,4000.0,,10.0,2015-06-19,2015-06,"500ETF
510500.XSHG"
2015-06-23 09:39:00,加仓,创业板ETF易方达,159915.XSHE,3.118,1500.0,11400.0,,7.0,2015-06-23,2015-06,"创业板ETF易方达
159915.XSHE"
2015-06-23 11:01:00,加仓,500ETF,510500.XSHG,9.81,400.0,4400.0,,11.0,2015-06-23,2015-06,"500ETF
510500.XSHG"
2015-06-23 11:02:00,等级校准,500ETF,510500.XSHG,,,4400.0,,,2015-06-23,2015-06,"500ETF
510500.XSHG"
2015-06-23 11:14:00,加仓,创业板ETF易方达,159915.XSHE,3.021,1600.0,13000.0,,8.0,2015-06-23,2015-06,"创业板ETF易方达
159915.XSHE"
2015-06-23 13:11:00,止盈,创业板ETF易方达,159915.XSHE,3.112,1600.0,11400.0,145.1,7.0,2015-06-23,2015-06,"创业板ETF易方达
159915.XSHE"
2015-06-23 13:57:00,止盈,500ETF,510500.XSHG,10.105,500.0,3900.0,146.99,9.0,2015-06-23,2015-06,"500ETF
510500.XSHG"
2015-06-23 14:26:00,加仓,500ETF,510500.XSHG,9.8,400.0,4300.0,,10.0,2015-06-23,2015-06,"500ETF
510500.XSHG"
2015-06-23 14:27:00,等级校准,500ETF,510500.XSHG,,,4300.0,,,2015-06-23,2015-06,"500ETF
510500.XSHG"
2015-06-23 14:48:00,止盈,500ETF,510500.XSHG,10.095,500.0,3800.0,147.0,9.0,2015-06-23,2015-06,"500ETF
510500.XSHG"
2015-06-23 14:53:00,止盈,创业板ETF易方达,159915.XSHE,3.207,1600.0,9800.0,151.49,6.0,2015-06-23,2015-06,"创业板ETF易方达
159915.XSHE"
2015-06-25 11:26:00,止盈,500ETF,510500.XSHG,10.409,400.0,3400.0,125.18,8.0,2015-06-25,2015-06,"500ETF
510500.XSHG"
2015-06-25 14:04:00,加仓,创业板ETF易方达,159915.XSHE,3.109,1500.0,11300.0,,7.0,2015-06-25,2015-06,"创业板ETF易方达
159915.XSHE"
2015-06-25 14:37:00,加仓,500ETF,510500.XSHG,10.087,400.0,3800.0,,9.0,2015-06-25,2015-06,"500ETF
510500.XSHG"
2015-06-26 09:31:00,加仓,500ETF,510500.XSHG,9.648,400.0,4200.0,,10.0,2015-06-26,2015-06,"500ETF
510500.XSHG"
2015-06-26 09:31:00,加仓,创业板ETF易方达,159915.XSHE,2.931,1600.0,12900.0,,8.0,2015-06-26,2015-06,"创业板ETF易方达
159915.XSHE"
2015-06-26 09:32:00,等级校准,500ETF,510500.XSHG,,,4200.0,,,2015-06-26,2015-06,"500ETF
510500.XSHG"
2015-06-26 09:32:00,等级校准,创业板ETF易方达,159915.XSHE,,,12900.0,,,2015-06-26,2015-06,"创业板ETF易方达
159915.XSHE"
2015-06-26 09:45:00,加仓,创业板ETF易方达,159915.XSHE,2.843,1700.0,14600.0,,8.0,2015-06-26,2015-06,"创业板ETF易方达
159915.XSHE"
2015-06-26 11:02:00,加仓,500ETF,510500.XSHG,9.352,500.0,4700.0,,9.0,2015-06-26,2015-06,"500ETF
510500.XSHG"
2015-06-26 11:19:00,加仓,创业板ETF易方达,159915.XSHE,2.757,1700.0,16300.0,,9.0,2015-06-26,2015-06,"创业板ETF易方达
159915.XSHE"
2015-06-26 13:38:00,加仓,500ETF,510500.XSHG,9.064,500.0,5200.0,,10.0,2015-06-26,2015-06,"500ETF
510500.XSHG"
2015-06-29 09:35:00,加仓,创业板ETF易方达,159915.XSHE,2.661,1800.0,18100.0,,10.0,2015-06-29,2015-06,"创业板ETF易方达
159915.XSHE"
2015-06-29 09:42:00,加仓,500ETF,510500.XSHG,8.707,500.0,5700.0,,11.0,2015-06-29,2015-06,"500ETF
510500.XSHG"
2015-06-29 09:43:00,加仓,创业板ETF易方达,159915.XSHE,2.57,1800.0,19900.0,,11.0,2015-06-29,2015-06,"创业板ETF易方达
159915.XSHE"
2015-06-29 09:44:00,等级校准,创业板ETF易方达,159915.XSHE,,,19900.0,,,2015-06-29,2015-06,"创业板ETF易方达
159915.XSHE"
2015-06-29 09:48:00,止盈,500ETF,510500.XSHG,8.979,500.0,5200.0,135.55,10.0,2015-06-29,2015-06,"500ETF
510500.XSHG"
2015-06-29 10:07:00,止盈,创业板ETF易方达,159915.XSHE,2.648,1900.0,18000.0,147.7,10.0,2015-06-29,2015-06,"创业板ETF易方达
159915.XSHE"
2015-06-29 10:48:00,加仓,创业板ETF易方达,159915.XSHE,2.566,1800.0,19800.0,,11.0,2015-06-29,2015-06,"创业板ETF易方达
159915.XSHE"
2015-06-29 10:49:00,等级校准,创业板ETF易方达,159915.XSHE,,,19800.0,,,2015-06-29,2015-06,"创业板ETF易方达
159915.XSHE"
2015-06-29 10:59:00,加仓,500ETF,510500.XSHG,8.696,500.0,5700.0,,11.0,2015-06-29,2015-06,"500ETF
510500.XSHG"
2015-06-29 13:02:00,加仓,500ETF,510500.XSHG,8.372,500.0,6200.0,,12.0,2015-06-29,2015-06,"500ETF
510500.XSHG"
2015-06-29 13:10:00,加仓,500ETF,510500.XSHG,8.1,500.0,6700.0,,13.0,2015-06-29,2015-06,"500ETF
510500.XSHG"
2015-06-29 13:11:00,等级校准,500ETF,510500.XSHG,,,6700.0,,,2015-06-29,2015-06,"500ETF
510500.XSHG"
2015-06-29 13:28:00,止盈,500ETF,510500.XSHG,8.47,600.0,6100.0,221.49,12.0,2015-06-29,2015-06,"500ETF
510500.XSHG"
2015-06-29 14:06:00,止盈,500ETF,510500.XSHG,8.77,500.0,5600.0,149.56,11.0,2015-06-29,2015-06,"500ETF
510500.XSHG"
2015-06-29 14:50:00,加仓,500ETF,510500.XSHG,8.501,500.0,6100.0,,12.0,2015-06-29,2015-06,"500ETF
510500.XSHG"
2015-06-30 09:31:00,加仓,500ETF,510500.XSHG,8.102,500.0,6600.0,,13.0,2015-06-30,2015-06,"500ETF
510500.XSHG"
2015-06-30 09:31:00,加仓,创业板ETF易方达,159915.XSHE,2.423,1900.0,21700.0,,11.0,2015-06-30,2015-06,"创业板ETF易方达
159915.XSHE"
2015-06-30 09:32:00,加仓,纳指ETF,513100.XSHG,1.428,3300.0,32000.0,,9.0,2015-06-30,2015-06,"纳指ETF
513100.XSHG"
2015-06-30 09:32:00,等级校准,500ETF,510500.XSHG,,,6600.0,,,2015-06-30,2015-06,"500ETF
510500.XSHG"
2015-06-30 09:32:00,等级校准,创业板ETF易方达,159915.XSHE,,,21700.0,,,2015-06-30,2015-06,"创业板ETF易方达
159915.XSHE"
2015-06-30 09:34:00,止盈,500ETF,510500.XSHG,8.354,600.0,6000.0,150.7,12.0,2015-06-30,2015-06,"500ETF
510500.XSHG"
2015-06-30 10:02:00,加仓,创业板ETF易方达,159915.XSHE,2.35,2000.0,23700.0,,11.0,2015-06-30,2015-06,"创业板ETF易方达
159915.XSHE"
2015-06-30 10:05:00,加仓,500ETF,510500.XSHG,8.103,500.0,6500.0,,13.0,2015-06-30,2015-06,"500ETF
510500.XSHG"
2015-06-30 10:06:00,等级校准,500ETF,510500.XSHG,,,6500.0,,,2015-06-30,2015-06,"500ETF
510500.XSHG"
2015-06-30 10:46:00,加仓,创业板ETF易方达,159915.XSHE,2.279,2100.0,25800.0,,12.0,2015-06-30,2015-06,"创业板ETF易方达
159915.XSHE"
2015-06-30 10:52:00,止盈,创业板ETF易方达,159915.XSHE,2.348,2100.0,23700.0,144.41,11.0,2015-06-30,2015-06,"创业板ETF易方达
159915.XSHE"
2015-06-30 11:13:00,止盈,500ETF,510500.XSHG,8.432,600.0,5900.0,196.89,11.0,2015-06-30,2015-06,"500ETF
510500.XSHG"
2015-06-30 11:20:00,止盈,创业板ETF易方达,159915.XSHE,2.432,2100.0,21600.0,175.89,10.0,2015-06-30,2015-06,"创业板ETF易方达
159915.XSHE"
2015-06-30 11:29:00,止盈,创业板ETF易方达,159915.XSHE,2.524,2000.0,19600.0,183.5,10.0,2015-06-30,2015-06,"创业板ETF易方达
159915.XSHE"
2015-06-30 13:01:00,止盈,创业板ETF易方达,159915.XSHE,2.672,1900.0,17700.0,280.69,9.0,2015-06-30,2015-06,"创业板ETF易方达
159915.XSHE"
2015-06-30 13:04:00,止盈,500ETF,510500.XSHG,8.686,500.0,5400.0,126.57,10.0,2015-06-30,2015-06,"500ETF
510500.XSHG"
2015-06-30 13:56:00,止盈,500ETF,510500.XSHG,8.97,500.0,4900.0,141.55,9.0,2015-06-30,2015-06,"500ETF
510500.XSHG"
2015-07-01 09:38:00,止盈,创业板ETF易方达,159915.XSHE,2.755,1800.0,15900.0,148.9,8.0,2015-07-01,2015-07,"创业板ETF易方达
159915.XSHE"
2015-07-01 11:08:00,止盈,创业板ETF易方达,159915.XSHE,2.839,1800.0,14100.0,150.69,8.0,2015-07-01,2015-07,"创业板ETF易方达
159915.XSHE"
2015-07-01 13:13:00,加仓,创业板ETF易方达,159915.XSHE,2.75,1700.0,15800.0,,9.0,2015-07-01,2015-07,"创业板ETF易方达
159915.XSHE"
2015-07-01 13:14:00,等级校准,创业板ETF易方达,159915.XSHE,,,15800.0,,,2015-07-01,2015-07,"创业板ETF易方达
159915.XSHE"
2015-07-01 14:19:00,加仓,500ETF,510500.XSHG,8.7,500.0,5400.0,,10.0,2015-07-01,2015-07,"500ETF
510500.XSHG"
2015-07-01 14:39:00,加仓,创业板ETF易方达,159915.XSHE,2.661,1800.0,17600.0,,9.0,2015-07-01,2015-07,"创业板ETF易方达
159915.XSHE"
2015-07-01 14:48:00,加仓,500ETF,510500.XSHG,8.401,500.0,5900.0,,11.0,2015-07-01,2015-07,"500ETF
510500.XSHG"
2015-07-01 14:49:00,加仓,创业板ETF易方达,159915.XSHE,2.574,1800.0,19400.0,,10.0,2015-07-01,2015-07,"创业板ETF易方达
159915.XSHE"
2015-07-02 09:35:00,加仓,500ETF,510500.XSHG,8.073,500.0,6400.0,,12.0,2015-07-02,2015-07,"500ETF
510500.XSHG"
2015-07-02 09:36:00,等级校准,500ETF,510500.XSHG,,,6400.0,,,2015-07-02,2015-07,"500ETF
510500.XSHG"
2015-07-02 09:40:00,止盈,500ETF,510500.XSHG,8.332,600.0,5800.0,154.9,9.0,2015-07-02,2015-07,"500ETF
510500.XSHG"
2015-07-02 10:36:00,加仓,500ETF,510500.XSHG,8.066,600.0,6400.0,,10.0,2015-07-02,2015-07,"500ETF
510500.XSHG"
2015-07-02 10:43:00,止盈,500ETF,510500.XSHG,8.487,600.0,5800.0,252.09,11.0,2015-07-02,2015-07,"500ETF
510500.XSHG"
2015-07-02 10:52:00,加仓,500ETF,510500.XSHG,8.201,500.0,6300.0,,12.0,2015-07-02,2015-07,"500ETF
510500.XSHG"
2015-07-02 10:53:00,等级校准,500ETF,510500.XSHG,,,6300.0,,,2015-07-02,2015-07,"500ETF
510500.XSHG"
2015-07-02 11:06:00,止盈,创业板ETF易方达,159915.XSHE,2.655,1900.0,17500.0,153.4,9.0,2015-07-02,2015-07,"创业板ETF易方达
159915.XSHE"
2015-07-02 13:18:00,加仓,创业板ETF易方达,159915.XSHE,2.575,1800.0,19300.0,,10.0,2015-07-02,2015-07,"创业板ETF易方达
159915.XSHE"
2015-07-02 13:53:00,加仓,创业板ETF易方达,159915.XSHE,2.497,1900.0,21200.0,,11.0,2015-07-02,2015-07,"创业板ETF易方达
159915.XSHE"
2015-07-02 13:54:00,等级校准,创业板ETF易方达,159915.XSHE,,,21200.0,,,2015-07-02,2015-07,"创业板ETF易方达
159915.XSHE"
2015-07-02 14:07:00,加仓,500ETF,510500.XSHG,7.952,600.0,6900.0,,11.0,2015-07-02,2015-07,"500ETF
510500.XSHG"
2015-07-02 14:14:00,加仓,创业板ETF易方达,159915.XSHE,2.403,2000.0,23200.0,,11.0,2015-07-02,2015-07,"创业板ETF易方达
159915.XSHE"
2015-07-02 14:26:00,止盈,创业板ETF易方达,159915.XSHE,2.483,2000.0,21200.0,159.5,10.0,2015-07-02,2015-07,"创业板ETF易方达
159915.XSHE"
2015-07-02 14:49:00,止盈,创业板ETF易方达,159915.XSHE,2.573,2000.0,19200.0,179.49,10.0,2015-07-02,2015-07,"创业板ETF易方达
159915.XSHE"
2015-07-02 14:57:00,加仓,创业板ETF易方达,159915.XSHE,2.477,1900.0,21100.0,,11.0,2015-07-02,2015-07,"创业板ETF易方达
159915.XSHE"
2015-07-02 14:58:00,等级校准,创业板ETF易方达,159915.XSHE,,,21100.0,,,2015-07-02,2015-07,"创业板ETF易方达
159915.XSHE"
2015-07-03 09:31:00,加仓,创业板ETF易方达,159915.XSHE,2.402,2000.0,23100.0,,11.0,2015-07-03,2015-07,"创业板ETF易方达
159915.XSHE"
2015-07-03 09:32:00,加仓,500ETF,510500.XSHG,7.69,600.0,7500.0,,12.0,2015-07-03,2015-07,"500ETF
510500.XSHG"
2015-07-03 09:43:00,加仓,500ETF,510500.XSHG,7.457,600.0,8100.0,,13.0,2015-07-03,2015-07,"500ETF
510500.XSHG"
2015-07-03 10:23:00,加仓,500ETF,510500.XSHG,7.23,600.0,8700.0,,14.0,2015-07-03,2015-07,"500ETF
510500.XSHG"
2015-07-03 10:24:00,加仓,创业板ETF易方达,159915.XSHE,2.326,2000.0,25100.0,,12.0,2015-07-03,2015-07,"创业板ETF易方达
159915.XSHE"
2015-07-03 10:25:00,等级校准,创业板ETF易方达,159915.XSHE,,,25100.0,,,2015-07-03,2015-07,"创业板ETF易方达
159915.XSHE"
2015-07-03 11:12:00,加仓,黄金ETF,518880.XSHG,2.313,2000.0,22600.0,,11.0,2015-07-03,2015-07,"黄金ETF
518880.XSHG"
2015-07-03 11:13:00,等级校准,黄金ETF,518880.XSHG,,,22600.0,,,2015-07-03,2015-07,"黄金ETF
518880.XSHG"
2015-07-03 11:21:00,止盈,500ETF,510500.XSHG,7.459,600.0,8100.0,136.95,13.0,2015-07-03,2015-07,"500ETF
510500.XSHG"
2015-07-03 11:21:00,止盈,创业板ETF易方达,159915.XSHE,2.398,2100.0,23000.0,150.7,11.0,2015-07-03,2015-07,"创业板ETF易方达
159915.XSHE"
2015-07-03 11:24:00,止盈,创业板ETF易方达,159915.XSHE,2.47,2000.0,21000.0,143.51,10.0,2015-07-03,2015-07,"创业板ETF易方达
159915.XSHE"
2015-07-03 13:02:00,止盈,500ETF,510500.XSHG,7.721,600.0,7500.0,156.74,12.0,2015-07-03,2015-07,"500ETF
510500.XSHG"
2015-07-03 13:02:00,止盈,创业板ETF易方达,159915.XSHE,2.55,2000.0,19000.0,159.49,10.0,2015-07-03,2015-07,"创业板ETF易方达
159915.XSHE"
2015-07-03 13:19:00,止盈,500ETF,510500.XSHG,7.964,600.0,6900.0,145.32,11.0,2015-07-03,2015-07,"500ETF
510500.XSHG"
2015-07-03 13:21:00,止盈,创业板ETF易方达,159915.XSHE,2.63,1900.0,17100.0,151.5,9.0,2015-07-03,2015-07,"创业板ETF易方达
159915.XSHE"
2015-07-03 13:38:00,加仓,500ETF,510500.XSHG,7.693,600.0,7500.0,,12.0,2015-07-03,2015-07,"500ETF
510500.XSHG"
2015-07-03 13:38:00,加仓,创业板ETF易方达,159915.XSHE,2.549,1900.0,19000.0,,10.0,2015-07-03,2015-07,"创业板ETF易方达
159915.XSHE"
2015-07-03 14:01:00,加仓,500ETF,510500.XSHG,7.462,600.0,8100.0,,13.0,2015-07-03,2015-07,"500ETF
510500.XSHG"
2015-07-03 14:34:00,加仓,创业板ETF易方达,159915.XSHE,2.467,1900.0,20900.0,,11.0,2015-07-03,2015-07,"创业板ETF易方达
159915.XSHE"
2015-07-03 14:35:00,等级校准,创业板ETF易方达,159915.XSHE,,,20900.0,,,2015-07-03,2015-07,"创业板ETF易方达
159915.XSHE"
2015-07-06 09:31:00,止盈,500ETF,510500.XSHG,8.148,600.0,7500.0,411.11,12.0,2015-07-06,2015-07,"500ETF
510500.XSHG"
2015-07-06 09:31:00,止盈,创业板ETF易方达,159915.XSHE,2.683,2000.0,18900.0,431.46,10.0,2015-07-06,2015-07,"创业板ETF易方达
159915.XSHE"
2015-07-06 09:34:00,加仓,500ETF,510500.XSHG,7.801,600.0,8100.0,,13.0,2015-07-06,2015-07,"500ETF
510500.XSHG"
2015-07-06 09:34:00,加仓,创业板ETF易方达,159915.XSHE,2.595,1800.0,20700.0,,11.0,2015-07-06,2015-07,"创业板ETF易方达
159915.XSHE"
2015-07-06 09:35:00,等级校准,创业板ETF易方达,159915.XSHE,,,20700.0,,,2015-07-06,2015-07,"创业板ETF易方达
159915.XSHE"
2015-07-06 09:55:00,加仓,创业板ETF易方达,159915.XSHE,2.513,1900.0,22600.0,,11.0,2015-07-06,2015-07,"创业板ETF易方达
159915.XSHE"
2015-07-06 10:00:00,加仓,500ETF,510500.XSHG,7.514,600.0,8700.0,,14.0,2015-07-06,2015-07,"500ETF
510500.XSHG"
2015-07-06 10:41:00,加仓,创业板ETF易方达,159915.XSHE,2.432,1900.0,24500.0,,12.0,2015-07-06,2015-07,"创业板ETF易方达
159915.XSHE"
2015-07-06 11:14:00,加仓,创业板ETF易方达,159915.XSHE,2.353,2000.0,26500.0,,13.0,2015-07-06,2015-07,"创业板ETF易方达
159915.XSHE"
2015-07-06 11:15:00,加仓,500ETF,510500.XSHG,7.219,600.0,9300.0,,15.0,2015-07-06,2015-07,"500ETF
510500.XSHG"
2015-07-06 11:15:00,等级校准,创业板ETF易方达,159915.XSHE,,,26500.0,,,2015-07-06,2015-07,"创业板ETF易方达
159915.XSHE"
2015-07-06 11:19:00,加仓,500ETF,510500.XSHG,6.987,600.0,9900.0,,16.0,2015-07-06,2015-07,"500ETF
510500.XSHG"
2015-07-06 11:20:00,等级校准,500ETF,510500.XSHG,,,9900.0,,,2015-07-06,2015-07,"500ETF
510500.XSHG"
2015-07-06 11:20:00,加仓,创业板ETF易方达,159915.XSHE,2.273,2100.0,28600.0,,13.0,2015-07-06,2015-07,"创业板ETF易方达
159915.XSHE"
2015-07-06 11:25:00,止盈,500ETF,510500.XSHG,7.21,700.0,9200.0,155.6,15.0,2015-07-06,2015-07,"500ETF
510500.XSHG"
2015-07-06 11:26:00,止盈,创业板ETF易方达,159915.XSHE,2.347,2100.0,26500.0,154.91,12.0,2015-07-06,2015-07,"创业板ETF易方达
159915.XSHE"
2015-07-06 13:03:00,加仓,500ETF,510500.XSHG,6.965,600.0,9800.0,,16.0,2015-07-06,2015-07,"500ETF
510500.XSHG"
2015-07-06 13:04:00,等级校准,500ETF,510500.XSHG,,,9800.0,,,2015-07-06,2015-07,"500ETF
510500.XSHG"
2015-07-06 13:04:00,加仓,创业板ETF易方达,159915.XSHE,2.265,2100.0,28600.0,,13.0,2015-07-06,2015-07,"创业板ETF易方达
159915.XSHE"
2015-07-06 14:42:00,止盈,500ETF,510500.XSHG,7.249,700.0,9100.0,198.29,15.0,2015-07-06,2015-07,"500ETF
510500.XSHG"
2015-07-06 14:48:00,止盈,创业板ETF易方达,159915.XSHE,2.356,2200.0,26400.0,199.68,12.0,2015-07-06,2015-07,"创业板ETF易方达
159915.XSHE"
2015-07-07 09:31:00,加仓,创业板ETF易方达,159915.XSHE,2.24,2100.0,28500.0,,13.0,2015-07-07,2015-07,"创业板ETF易方达
159915.XSHE"
2015-07-07 09:32:00,等级校准,创业板ETF易方达,159915.XSHE,,,28500.0,,,2015-07-07,2015-07,"创业板ETF易方达
159915.XSHE"
2015-07-07 09:36:00,加仓,纳指ETF,513100.XSHG,1.383,3500.0,35500.0,,10.0,2015-07-07,2015-07,"纳指ETF
513100.XSHG"
2015-07-07 09:37:00,等级校准,纳指ETF,513100.XSHG,,,35500.0,,,2015-07-07,2015-07,"纳指ETF
513100.XSHG"
2015-07-07 09:43:00,加仓,500ETF,510500.XSHG,7.027,600.0,9700.0,,16.0,2015-07-07,2015-07,"500ETF
510500.XSHG"
2015-07-07 09:43:00,加仓,创业板ETF易方达,159915.XSHE,2.171,2200.0,30700.0,,13.0,2015-07-07,2015-07,"创业板ETF易方达
159915.XSHE"
2015-07-07 09:44:00,等级校准,500ETF,510500.XSHG,,,9700.0,,,2015-07-07,2015-07,"500ETF
510500.XSHG"
2015-07-07 10:30:00,加仓,创业板ETF易方达,159915.XSHE,2.103,2300.0,33000.0,,14.0,2015-07-07,2015-07,"创业板ETF易方达
159915.XSHE"
2015-07-07 10:39:00,加仓,500ETF,510500.XSHG,6.763,700.0,10400.0,,14.0,2015-07-07,2015-07,"500ETF
510500.XSHG"
2015-07-08 09:31:00,加仓,500ETF,510500.XSHG,6.16,700.0,11100.0,,15.0,2015-07-08,2015-07,"500ETF
510500.XSHG"
2015-07-08 09:31:00,加仓,创业板ETF易方达,159915.XSHE,1.887,2300.0,35300.0,,15.0,2015-07-08,2015-07,"创业板ETF易方达
159915.XSHE"
2015-07-08 09:32:00,等级校准,500ETF,510500.XSHG,,,11100.0,,,2015-07-08,2015-07,"500ETF
510500.XSHG"
2015-07-08 09:32:00,等级校准,创业板ETF易方达,159915.XSHE,,,35300.0,,,2015-07-08,2015-07,"创业板ETF易方达
159915.XSHE"
2015-07-08 09:48:00,止盈,纳指ETF,513100.XSHG,1.425,3600.0,31900.0,150.69,9.0,2015-07-08,2015-07,"纳指ETF
513100.XSHG"
2015-07-08 10:04:00,加仓,黄金ETF,518880.XSHG,2.241,2100.0,24700.0,,11.0,2015-07-08,2015-07,"黄金ETF
518880.XSHG"
2015-07-08 10:57:00,止盈,创业板ETF易方达,159915.XSHE,1.955,2600.0,32700.0,176.29,13.0,2015-07-08,2015-07,"创业板ETF易方达
159915.XSHE"
2015-07-08 11:21:00,加仓,创业板ETF易方达,159915.XSHE,1.895,2500.0,35200.0,,14.0,2015-07-08,2015-07,"创业板ETF易方达
159915.XSHE"
2015-07-08 11:22:00,等级校准,创业板ETF易方达,159915.XSHE,,,35200.0,,,2015-07-08,2015-07,"创业板ETF易方达
159915.XSHE"
2015-07-08 13:01:00,止盈,创业板ETF易方达,159915.XSHE,1.975,2600.0,32600.0,207.49,13.0,2015-07-08,2015-07,"创业板ETF易方达
159915.XSHE"
2015-07-08 13:03:00,止盈,500ETF,510500.XSHG,6.362,800.0,10300.0,161.09,14.0,2015-07-08,2015-07,"500ETF
510500.XSHG"
2015-07-08 13:24:00,加仓,创业板ETF易方达,159915.XSHE,1.909,2500.0,35100.0,,14.0,2015-07-08,2015-07,"创业板ETF易方达
159915.XSHE"
2015-07-08 13:25:00,等级校准,创业板ETF易方达,159915.XSHE,,,35100.0,,,2015-07-08,2015-07,"创业板ETF易方达
159915.XSHE"
2015-07-08 13:26:00,加仓,纳指ETF,513100.XSHG,1.343,3500.0,35400.0,,10.0,2015-07-08,2015-07,"纳指ETF
513100.XSHG"
2015-07-08 13:27:00,等级校准,纳指ETF,513100.XSHG,,,35400.0,,,2015-07-08,2015-07,"纳指ETF
513100.XSHG"
2015-07-08 13:29:00,止盈,纳指ETF,513100.XSHG,1.39,3700.0,31700.0,173.39,9.0,2015-07-08,2015-07,"纳指ETF
513100.XSHG"
2015-07-08 13:53:00,加仓,500ETF,510500.XSHG,6.161,700.0,11000.0,,15.0,2015-07-08,2015-07,"500ETF
510500.XSHG"
2015-07-08 13:54:00,等级校准,500ETF,510500.XSHG,,,11000.0,,,2015-07-08,2015-07,"500ETF
510500.XSHG"
2015-07-09 09:37:00,加仓,500ETF,510500.XSHG,5.942,800.0,11800.0,,14.0,2015-07-09,2015-07,"500ETF
510500.XSHG"
2015-07-09 09:38:00,止盈,500ETF,510500.XSHG,6.142,800.0,11000.0,159.51,13.0,2015-07-09,2015-07,"500ETF
510500.XSHG"
2015-07-09 09:43:00,止盈,创业板ETF易方达,159915.XSHE,1.969,2600.0,32500.0,155.49,13.0,2015-07-09,2015-07,"创业板ETF易方达
159915.XSHE"
2015-07-09 09:50:00,止盈,创业板ETF易方达,159915.XSHE,2.042,2500.0,30000.0,181.99,12.0,2015-07-09,2015-07,"创业板ETF易方达
159915.XSHE"
2015-07-09 09:51:00,止盈,500ETF,510500.XSHG,6.339,800.0,10200.0,157.09,14.0,2015-07-09,2015-07,"500ETF
510500.XSHG"
2015-07-09 09:55:00,止盈,500ETF,510500.XSHG,6.58,700.0,9500.0,168.24,13.0,2015-07-09,2015-07,"500ETF
510500.XSHG"
2015-07-09 14:08:00,止盈,黄金ETF,518880.XSHG,2.311,2200.0,22500.0,153.49,10.0,2015-07-09,2015-07,"黄金ETF
518880.XSHG"
2015-07-10 09:31:00,止盈,500ETF,510500.XSHG,7.135,700.0,8800.0,388.0,12.0,2015-07-10,2015-07,"500ETF
510500.XSHG"
2015-07-10 09:31:00,止盈,创业板ETF易方达,159915.XSHE,2.283,2400.0,27600.0,577.85,13.0,2015-07-10,2015-07,"创业板ETF易方达
159915.XSHE"
2015-07-10 09:37:00,止盈,500ETF,510500.XSHG,7.419,700.0,8100.0,198.28,13.0,2015-07-10,2015-07,"500ETF
510500.XSHG"
2015-07-13 09:31:00,止盈,500ETF,510500.XSHG,7.737,600.0,7500.0,190.34,12.0,2015-07-13,2015-07,"500ETF
510500.XSHG"
2015-07-13 09:31:00,止盈,创业板ETF易方达,159915.XSHE,2.518,2100.0,25500.0,492.97,13.0,2015-07-13,2015-07,"创业板ETF易方达
159915.XSHE"
2015-07-13 11:10:00,止盈,500ETF,510500.XSHG,7.999,600.0,6900.0,156.72,11.0,2015-07-13,2015-07,"500ETF
510500.XSHG"
2015-07-14 09:32:00,止盈,创业板ETF易方达,159915.XSHE,2.603,1900.0,23600.0,161.01,12.0,2015-07-14,2015-07,"创业板ETF易方达
159915.XSHE"
2015-07-14 09:38:00,止盈,创业板ETF易方达,159915.XSHE,2.682,1900.0,21700.0,149.59,12.0,2015-07-14,2015-07,"创业板ETF易方达
159915.XSHE"
2015-07-14 10:16:00,止盈,纳指ETF,513100.XSHG,1.434,3500.0,28200.0,153.5,8.0,2015-07-14,2015-07,"纳指ETF
513100.XSHG"
2015-07-14 10:38:00,止盈,创业板ETF易方达,159915.XSHE,2.77,1800.0,19900.0,157.9,11.0,2015-07-14,2015-07,"创业板ETF易方达
159915.XSHE"
2015-07-14 10:40:00,止盈,500ETF,510500.XSHG,8.268,600.0,6300.0,160.9,10.0,2015-07-14,2015-07,"500ETF
510500.XSHG"
2015-07-14 11:28:00,加仓,创业板ETF易方达,159915.XSHE,2.681,1800.0,21700.0,,12.0,2015-07-14,2015-07,"创业板ETF易方达
159915.XSHE"
2015-07-14 13:01:00,加仓,500ETF,510500.XSHG,8.004,600.0,6900.0,,11.0,2015-07-14,2015-07,"500ETF
510500.XSHG"
2015-07-14 13:25:00,加仓,创业板ETF易方达,159915.XSHE,2.589,1800.0,23500.0,,13.0,2015-07-14,2015-07,"创业板ETF易方达
159915.XSHE"
2015-07-14 13:26:00,等级校准,创业板ETF易方达,159915.XSHE,,,23500.0,,,2015-07-14,2015-07,"创业板ETF易方达
159915.XSHE"
2015-07-14 14:32:00,止盈,创业板ETF易方达,159915.XSHE,2.702,1900.0,21600.0,214.19,12.0,2015-07-14,2015-07,"创业板ETF易方达
159915.XSHE"
2015-07-15 09:31:00,加仓,创业板ETF易方达,159915.XSHE,2.586,1800.0,23400.0,,13.0,2015-07-15,2015-07,"创业板ETF易方达
159915.XSHE"
2015-07-15 09:32:00,等级校准,创业板ETF易方达,159915.XSHE,,,23400.0,,,2015-07-15,2015-07,"创业板ETF易方达
159915.XSHE"
2015-07-15 09:51:00,加仓,500ETF,510500.XSHG,7.756,600.0,7500.0,,12.0,2015-07-15,2015-07,"500ETF
510500.XSHG"
2015-07-15 10:59:00,加仓,创业板ETF易方达,159915.XSHE,2.508,1900.0,25300.0,,13.0,2015-07-15,2015-07,"创业板ETF易方达
159915.XSHE"
2015-07-15 13:14:00,加仓,500ETF,510500.XSHG,7.51,600.0,8100.0,,13.0,2015-07-15,2015-07,"500ETF
510500.XSHG"
2015-07-15 13:19:00,加仓,创业板ETF易方达,159915.XSHE,2.431,1900.0,27200.0,,14.0,2015-07-15,2015-07,"创业板ETF易方达
159915.XSHE"
2015-07-15 13:20:00,等级校准,创业板ETF易方达,159915.XSHE,,,27200.0,,,2015-07-15,2015-07,"创业板ETF易方达
159915.XSHE"
2015-07-15 14:43:00,加仓,500ETF,510500.XSHG,7.267,600.0,8700.0,,14.0,2015-07-15,2015-07,"500ETF
510500.XSHG"
2015-07-16 09:31:00,加仓,创业板ETF易方达,159915.XSHE,2.302,2000.0,29200.0,,14.0,2015-07-16,2015-07,"创业板ETF易方达
159915.XSHE"
2015-07-16 09:32:00,等级校准,创业板ETF易方达,159915.XSHE,,,29200.0,,,2015-07-16,2015-07,"创业板ETF易方达
159915.XSHE"
2015-07-16 09:34:00,加仓,500ETF,510500.XSHG,6.993,600.0,9300.0,,15.0,2015-07-16,2015-07,"500ETF
510500.XSHG"
2015-07-16 09:35:00,等级校准,500ETF,510500.XSHG,,,9300.0,,,2015-07-16,2015-07,"500ETF
510500.XSHG"
2015-07-16 09:45:00,止盈,500ETF,510500.XSHG,7.238,700.0,8600.0,170.99,14.0,2015-07-16,2015-07,"500ETF
510500.XSHG"
2015-07-16 09:45:00,止盈,创业板ETF易方达,159915.XSHE,2.372,2100.0,27100.0,146.5,12.0,2015-07-16,2015-07,"创业板ETF易方达
159915.XSHE"
2015-07-16 09:55:00,止盈,500ETF,510500.XSHG,7.479,600.0,8000.0,144.15,13.0,2015-07-16,2015-07,"500ETF
510500.XSHG"
2015-07-16 09:55:00,止盈,创业板ETF易方达,159915.XSHE,2.459,2100.0,25000.0,182.18,12.0,2015-07-16,2015-07,"创业板ETF易方达
159915.XSHE"
2015-07-16 10:56:00,止盈,500ETF,510500.XSHG,7.707,600.0,7400.0,136.34,12.0,2015-07-16,2015-07,"500ETF
510500.XSHG"
2015-07-16 10:58:00,止盈,创业板ETF易方达,159915.XSHE,2.538,2000.0,23000.0,157.49,12.0,2015-07-16,2015-07,"创业板ETF易方达
159915.XSHE"
2015-07-16 13:23:00,加仓,创业板ETF易方达,159915.XSHE,2.461,1900.0,24900.0,,13.0,2015-07-16,2015-07,"创业板ETF易方达
159915.XSHE"
2015-07-16 13:24:00,等级校准,创业板ETF易方达,159915.XSHE,,,24900.0,,,2015-07-16,2015-07,"创业板ETF易方达
159915.XSHE"
2015-07-16 13:53:00,加仓,500ETF,510500.XSHG,7.455,600.0,8000.0,,13.0,2015-07-16,2015-07,"500ETF
510500.XSHG"
2015-07-17 09:31:00,止盈,500ETF,510500.XSHG,7.719,600.0,7400.0,157.94,12.0,2015-07-17,2015-07,"500ETF
510500.XSHG"
2015-07-17 09:53:00,止盈,创业板ETF易方达,159915.XSHE,2.546,2000.0,22900.0,169.49,12.0,2015-07-17,2015-07,"创业板ETF易方达
159915.XSHE"
2015-07-17 13:48:00,止盈,500ETF,510500.XSHG,7.961,600.0,6800.0,144.72,11.0,2015-07-17,2015-07,"500ETF
510500.XSHG"
2015-07-17 13:50:00,止盈,创业板ETF易方达,159915.XSHE,2.628,1900.0,21000.0,155.3,11.0,2015-07-17,2015-07,"创业板ETF易方达
159915.XSHE"
2015-07-17 14:39:00,止盈,创业板ETF易方达,159915.XSHE,2.708,1900.0,19100.0,151.49,10.0,2015-07-17,2015-07,"创业板ETF易方达
159915.XSHE"
2015-07-17 14:50:00,止盈,纳指ETF,513100.XSHG,1.479,3400.0,24800.0,152.5,7.0,2015-07-17,2015-07,"纳指ETF
513100.XSHG"
2015-07-20 09:39:00,加仓,黄金ETF,518880.XSHG,2.241,2100.0,24600.0,,11.0,2015-07-20,2015-07,"黄金ETF
518880.XSHG"
2015-07-20 09:55:00,止盈,500ETF,510500.XSHG,8.245,600.0,6200.0,169.91,10.0,2015-07-20,2015-07,"500ETF
510500.XSHG"
2015-07-20 10:04:00,止盈,纳指ETF,513100.XSHG,1.525,3300.0,21500.0,151.3,6.0,2015-07-20,2015-07,"纳指ETF
513100.XSHG"
2015-07-20 11:04:00,加仓,500ETF,510500.XSHG,7.985,600.0,6800.0,,11.0,2015-07-20,2015-07,"500ETF
510500.XSHG"
2015-07-20 11:04:00,加仓,创业板ETF易方达,159915.XSHE,2.626,1800.0,20900.0,,11.0,2015-07-20,2015-07,"创业板ETF易方达
159915.XSHE"
2015-07-20 13:06:00,止盈,创业板ETF易方达,159915.XSHE,2.707,1900.0,19000.0,153.39,10.0,2015-07-20,2015-07,"创业板ETF易方达
159915.XSHE"
2015-07-20 14:29:00,止盈,500ETF,510500.XSHG,8.227,600.0,6200.0,144.71,10.0,2015-07-20,2015-07,"500ETF
510500.XSHG"
2015-07-21 09:31:00,加仓,500ETF,510500.XSHG,7.972,600.0,6800.0,,11.0,2015-07-21,2015-07,"500ETF
510500.XSHG"
2015-07-21 10:28:00,止盈,500ETF,510500.XSHG,8.212,600.0,6200.0,143.51,10.0,2015-07-21,2015-07,"500ETF
510500.XSHG"
2015-07-23 11:05:00,止盈,500ETF,510500.XSHG,8.459,600.0,5600.0,147.69,11.0,2015-07-23,2015-07,"500ETF
510500.XSHG"
2015-07-23 13:03:00,止盈,创业板ETF易方达,159915.XSHE,2.793,1800.0,17200.0,154.3,10.0,2015-07-23,2015-07,"创业板ETF易方达
159915.XSHE"
2015-07-24 10:10:00,止盈,500ETF,510500.XSHG,8.713,500.0,5100.0,126.56,10.0,2015-07-24,2015-07,"500ETF
510500.XSHG"
2015-07-24 14:51:00,加仓,500ETF,510500.XSHG,8.45,500.0,5600.0,,11.0,2015-07-24,2015-07,"500ETF
510500.XSHG"
2015-07-24 14:51:00,加仓,创业板ETF易方达,159915.XSHE,2.695,1700.0,18900.0,,11.0,2015-07-24,2015-07,"创业板ETF易方达
159915.XSHE"
2015-07-24 14:52:00,等级校准,创业板ETF易方达,159915.XSHE,,,18900.0,,,2015-07-24,2015-07,"创业板ETF易方达
159915.XSHE"
2015-07-27 10:00:00,加仓,纳指ETF,513100.XSHG,1.479,3200.0,24700.0,,7.0,2015-07-27,2015-07,"纳指ETF
513100.XSHG"
2015-07-27 13:28:00,加仓,创业板ETF易方达,159915.XSHE,2.609,1800.0,20700.0,,11.0,2015-07-27,2015-07,"创业板ETF易方达
159915.XSHE"
2015-07-27 13:29:00,等级校准,创业板ETF易方达,159915.XSHE,,,20700.0,,,2015-07-27,2015-07,"创业板ETF易方达
159915.XSHE"
2015-07-27 14:16:00,加仓,500ETF,510500.XSHG,8.192,500.0,6100.0,,12.0,2015-07-27,2015-07,"500ETF
510500.XSHG"
2015-07-27 14:17:00,等级校准,500ETF,510500.XSHG,,,6100.0,,,2015-07-27,2015-07,"500ETF
510500.XSHG"
2015-07-27 14:37:00,加仓,500ETF,510500.XSHG,7.918,600.0,6700.0,,11.0,2015-07-27,2015-07,"500ETF
510500.XSHG"
2015-07-27 14:40:00,加仓,创业板ETF易方达,159915.XSHE,2.518,1900.0,22600.0,,11.0,2015-07-27,2015-07,"创业板ETF易方达
159915.XSHE"
2015-07-28 09:31:00,加仓,500ETF,510500.XSHG,7.531,600.0,7300.0,,12.0,2015-07-28,2015-07,"500ETF
510500.XSHG"
2015-07-28 09:31:00,加仓,创业板ETF易方达,159915.XSHE,2.381,1900.0,24500.0,,12.0,2015-07-28,2015-07,"创业板ETF易方达
159915.XSHE"
2015-07-28 10:45:00,止盈,创业板ETF易方达,159915.XSHE,2.456,2000.0,22500.0,149.51,11.0,2015-07-28,2015-07,"创业板ETF易方达
159915.XSHE"
2015-07-28 10:55:00,止盈,500ETF,510500.XSHG,7.782,600.0,6700.0,150.13,11.0,2015-07-28,2015-07,"500ETF
510500.XSHG"
2015-07-28 10:59:00,止盈,创业板ETF易方达,159915.XSHE,2.532,2000.0,20500.0,151.49,10.0,2015-07-28,2015-07,"创业板ETF易方达
159915.XSHE"
2015-07-28 11:21:00,加仓,创业板ETF易方达,159915.XSHE,2.443,1900.0,22400.0,,11.0,2015-07-28,2015-07,"创业板ETF易方达
159915.XSHE"
2015-07-29 10:30:00,加仓,创业板ETF易方达,159915.XSHE,2.357,2000.0,24400.0,,12.0,2015-07-29,2015-07,"创业板ETF易方达
159915.XSHE"
2015-07-29 10:31:00,等级校准,创业板ETF易方达,159915.XSHE,,,24400.0,,,2015-07-29,2015-07,"创业板ETF易方达
159915.XSHE"
2015-07-29 13:22:00,加仓,500ETF,510500.XSHG,7.522,600.0,7300.0,,12.0,2015-07-29,2015-07,"500ETF
510500.XSHG"
2015-07-29 13:34:00,加仓,创业板ETF易方达,159915.XSHE,2.281,2100.0,26500.0,,12.0,2015-07-29,2015-07,"创业板ETF易方达
159915.XSHE"
2015-07-29 13:59:00,止盈,创业板ETF易方达,159915.XSHE,2.357,2100.0,24400.0,159.11,11.0,2015-07-29,2015-07,"创业板ETF易方达
159915.XSHE"
2015-07-29 14:25:00,止盈,500ETF,510500.XSHG,7.766,600.0,6700.0,145.93,11.0,2015-07-29,2015-07,"500ETF
510500.XSHG"
2015-07-29 14:27:00,止盈,创业板ETF易方达,159915.XSHE,2.444,2100.0,22300.0,182.19,11.0,2015-07-29,2015-07,"创业板ETF易方达
159915.XSHE"
2015-07-29 14:51:00,止盈,500ETF,510500.XSHG,8.005,600.0,6100.0,142.92,10.0,2015-07-29,2015-07,"500ETF
510500.XSHG"
2015-07-29 14:51:00,止盈,创业板ETF易方达,159915.XSHE,2.526,2000.0,20300.0,163.49,10.0,2015-07-29,2015-07,"创业板ETF易方达
159915.XSHE"
2015-07-30 14:48:00,止盈,500ETF,510500.XSHG,8.377,600.0,5500.0,222.7,11.0,2015-07-30,2015-07,"500ETF
510500.XSHG"
2015-07-30 14:48:00,加仓,创业板ETF易方达,159915.XSHE,2.45,1900.0,22200.0,,11.0,2015-07-30,2015-07,"创业板ETF易方达
159915.XSHE"
2015-07-30 14:49:00,加仓,500ETF,510500.XSHG,8.037,500.0,6000.0,,12.0,2015-07-30,2015-07,"500ETF
510500.XSHG"
2015-07-30 14:50:00,等级校准,500ETF,510500.XSHG,,,6000.0,,,2015-07-30,2015-07,"500ETF
510500.XSHG"
2015-07-31 09:31:00,止盈,纳指ETF,513100.XSHG,1.537,3300.0,21400.0,190.89,6.0,2015-07-31,2015-07,"纳指ETF
513100.XSHG"
2015-07-31 09:31:00,加仓,500ETF,510500.XSHG,7.791,600.0,6600.0,,11.0,2015-07-31,2015-07,"500ETF
510500.XSHG"
2015-07-31 09:31:00,加仓,创业板ETF易方达,159915.XSHE,2.361,2000.0,24200.0,,12.0,2015-07-31,2015-07,"创业板ETF易方达
159915.XSHE"
2015-07-31 09:32:00,等级校准,创业板ETF易方达,159915.XSHE,,,24200.0,,,2015-07-31,2015-07,"创业板ETF易方达
159915.XSHE"
2015-07-31 09:59:00,加仓,黄金ETF,518880.XSHG,2.172,2200.0,26800.0,,12.0,2015-07-31,2015-07,"黄金ETF
518880.XSHG"
2015-07-31 10:00:00,等级校准,黄金ETF,518880.XSHG,,,26800.0,,,2015-07-31,2015-07,"黄金ETF
518880.XSHG"
2015-07-31 10:17:00,止盈,创业板ETF易方达,159915.XSHE,2.436,2100.0,22100.0,156.99,11.0,2015-07-31,2015-07,"创业板ETF易方达
159915.XSHE"
2015-07-31 14:45:00,加仓,创业板ETF易方达,159915.XSHE,2.356,2000.0,24100.0,,12.0,2015-07-31,2015-07,"创业板ETF易方达
159915.XSHE"
2015-07-31 14:46:00,等级校准,创业板ETF易方达,159915.XSHE,,,24100.0,,,2015-07-31,2015-07,"创业板ETF易方达
159915.XSHE"
2015-08-03 09:40:00,加仓,500ETF,510500.XSHG,7.541,600.0,7200.0,,12.0,2015-08-03,2015-08,"500ETF
510500.XSHG"
2015-08-03 11:02:00,加仓,创业板ETF易方达,159915.XSHE,2.285,2100.0,26200.0,,12.0,2015-08-03,2015-08,"创业板ETF易方达
159915.XSHE"
2015-08-04 13:02:00,止盈,500ETF,510500.XSHG,7.778,600.0,6600.0,141.73,11.0,2015-08-04,2015-08,"500ETF
510500.XSHG"
2015-08-04 13:10:00,止盈,创业板ETF易方达,159915.XSHE,2.357,2100.0,24100.0,150.71,11.0,2015-08-04,2015-08,"创业板ETF易方达
159915.XSHE"
2015-08-04 14:52:00,止盈,500ETF,510500.XSHG,8.066,600.0,6000.0,172.32,10.0,2015-08-04,2015-08,"500ETF
510500.XSHG"
2015-08-04 14:55:00,止盈,创业板ETF易方达,159915.XSHE,2.43,2100.0,22000.0,152.79,11.0,2015-08-04,2015-08,"创业板ETF易方达
159915.XSHE"
2015-08-05 13:01:00,加仓,创业板ETF易方达,159915.XSHE,2.354,2000.0,24000.0,,12.0,2015-08-05,2015-08,"创业板ETF易方达
159915.XSHE"
2015-08-05 13:02:00,等级校准,创业板ETF易方达,159915.XSHE,,,24000.0,,,2015-08-05,2015-08,"创业板ETF易方达
159915.XSHE"
2015-08-06 09:31:00,加仓,500ETF,510500.XSHG,7.72,600.0,6600.0,,11.0,2015-08-06,2015-08,"500ETF
510500.XSHG"
2015-08-06 10:41:00,止盈,500ETF,510500.XSHG,7.964,600.0,6000.0,145.92,10.0,2015-08-06,2015-08,"500ETF
510500.XSHG"
2015-08-07 10:17:00,止盈,创业板ETF易方达,159915.XSHE,2.425,2100.0,21900.0,148.59,10.0,2015-08-07,2015-08,"创业板ETF易方达
159915.XSHE"
2015-08-10 09:31:00,止盈,500ETF,510500.XSHG,8.204,600.0,5400.0,143.51,9.0,2015-08-10,2015-08,"500ETF
510500.XSHG"
2015-08-10 10:24:00,止盈,创业板ETF易方达,159915.XSHE,2.5,2000.0,19900.0,149.5,9.0,2015-08-10,2015-08,"创业板ETF易方达
159915.XSHE"
2015-08-10 13:14:00,止盈,创业板ETF易方达,159915.XSHE,2.577,2000.0,17900.0,153.48,9.0,2015-08-10,2015-08,"创业板ETF易方达
159915.XSHE"
2015-08-10 13:59:00,止盈,500ETF,510500.XSHG,8.453,600.0,4800.0,148.89,9.0,2015-08-10,2015-08,"500ETF
510500.XSHG"
2015-08-10 14:49:00,加仓,纳指ETF,513100.XSHG,1.49,3200.0,24600.0,,7.0,2015-08-10,2015-08,"纳指ETF
513100.XSHG"
2015-08-11 10:42:00,止盈,黄金ETF,518880.XSHG,2.239,2300.0,24500.0,153.59,11.0,2015-08-11,2015-08,"黄金ETF
518880.XSHG"
2015-08-11 13:38:00,止盈,纳指ETF,513100.XSHG,1.536,3300.0,21300.0,151.29,6.0,2015-08-11,2015-08,"纳指ETF
513100.XSHG"
2015-08-12 13:13:00,止盈,黄金ETF,518880.XSHG,2.307,2200.0,22300.0,149.09,10.0,2015-08-12,2015-08,"黄金ETF
518880.XSHG"
2015-08-12 14:54:00,加仓,创业板ETF易方达,159915.XSHE,2.496,1900.0,19800.0,,10.0,2015-08-12,2015-08,"创业板ETF易方达
159915.XSHE"
2015-08-12 14:55:00,等级校准,创业板ETF易方达,159915.XSHE,,,19800.0,,,2015-08-12,2015-08,"创业板ETF易方达
159915.XSHE"
2015-08-14 09:31:00,止盈,500ETF,510500.XSHG,8.718,500.0,4300.0,132.06,8.0,2015-08-14,2015-08,"500ETF
510500.XSHG"
2015-08-14 09:31:00,止盈,创业板ETF易方达,159915.XSHE,2.586,2000.0,17800.0,179.48,9.0,2015-08-14,2015-08,"创业板ETF易方达
159915.XSHE"
2015-08-17 09:54:00,加仓,创业板ETF易方达,159915.XSHE,2.502,1900.0,19700.0,,10.0,2015-08-17,2015-08,"创业板ETF易方达
159915.XSHE"
2015-08-18 09:56:00,止盈,创业板ETF易方达,159915.XSHE,2.58,1900.0,17800.0,147.71,9.0,2015-08-18,2015-08,"创业板ETF易方达
159915.XSHE"
2015-08-18 13:12:00,加仓,创业板ETF易方达,159915.XSHE,2.501,1900.0,19700.0,,10.0,2015-08-18,2015-08,"创业板ETF易方达
159915.XSHE"
2015-08-18 13:34:00,加仓,500ETF,510500.XSHG,8.424,500.0,4800.0,,9.0,2015-08-18,2015-08,"500ETF
510500.XSHG"
2015-08-18 14:20:00,加仓,创业板ETF易方达,159915.XSHE,2.423,1900.0,21600.0,,11.0,2015-08-18,2015-08,"创业板ETF易方达
159915.XSHE"
2015-08-18 14:21:00,等级校准,创业板ETF易方达,159915.XSHE,,,21600.0,,,2015-08-18,2015-08,"创业板ETF易方达
159915.XSHE"
2015-08-18 14:44:00,加仓,创业板ETF易方达,159915.XSHE,2.343,2000.0,23600.0,,11.0,2015-08-18,2015-08,"创业板ETF易方达
159915.XSHE"
2015-08-18 14:47:00,加仓,500ETF,510500.XSHG,8.145,500.0,5300.0,,10.0,2015-08-18,2015-08,"500ETF
510500.XSHG"
2015-08-18 14:48:00,等级校准,500ETF,510500.XSHG,,,5300.0,,,2015-08-18,2015-08,"500ETF
510500.XSHG"
2015-08-18 14:50:00,止盈,纳指ETF,513100.XSHG,1.595,3200.0,18100.0,188.29,5.0,2015-08-18,2015-08,"纳指ETF
513100.XSHG"
2015-08-19 10:58:00,加仓,500ETF,510500.XSHG,7.897,600.0,5900.0,,9.0,2015-08-19,2015-08,"500ETF
510500.XSHG"
2015-08-19 11:04:00,加仓,创业板ETF易方达,159915.XSHE,2.264,2100.0,25700.0,,12.0,2015-08-19,2015-08,"创业板ETF易方达
159915.XSHE"
2015-08-19 11:05:00,等级校准,创业板ETF易方达,159915.XSHE,,,25700.0,,,2015-08-19,2015-08,"创业板ETF易方达
159915.XSHE"
2015-08-19 13:40:00,止盈,创业板ETF易方达,159915.XSHE,2.332,2200.0,23500.0,149.09,11.0,2015-08-19,2015-08,"创业板ETF易方达
159915.XSHE"
2015-08-19 14:06:00,止盈,500ETF,510500.XSHG,8.141,600.0,5300.0,145.91,8.0,2015-08-19,2015-08,"500ETF
510500.XSHG"
2015-08-19 14:33:00,止盈,创业板ETF易方达,159915.XSHE,2.41,2100.0,21400.0,163.29,10.0,2015-08-19,2015-08,"创业板ETF易方达
159915.XSHE"
2015-08-19 14:36:00,止盈,500ETF,510500.XSHG,8.398,600.0,4700.0,153.7,9.0,2015-08-19,2015-08,"500ETF
510500.XSHG"
2015-08-20 09:31:00,加仓,纳指ETF,513100.XSHG,1.542,3100.0,21200.0,,6.0,2015-08-20,2015-08,"纳指ETF
513100.XSHG"
2015-08-20 14:33:00,加仓,500ETF,510500.XSHG,8.136,500.0,5200.0,,10.0,2015-08-20,2015-08,"500ETF
510500.XSHG"
2015-08-20 14:34:00,等级校准,500ETF,510500.XSHG,,,5200.0,,,2015-08-20,2015-08,"500ETF
510500.XSHG"
2015-08-21 09:31:00,加仓,纳指ETF,513100.XSHG,1.494,3200.0,24400.0,,7.0,2015-08-21,2015-08,"纳指ETF
513100.XSHG"
2015-08-21 09:31:00,止盈,黄金ETF,518880.XSHG,2.396,2100.0,20200.0,186.4,10.0,2015-08-21,2015-08,"黄金ETF
518880.XSHG"
2015-08-21 09:31:00,加仓,创业板ETF易方达,159915.XSHE,2.332,2000.0,23400.0,,11.0,2015-08-21,2015-08,"创业板ETF易方达
159915.XSHE"
2015-08-21 09:57:00,加仓,500ETF,510500.XSHG,7.877,600.0,5800.0,,9.0,2015-08-21,2015-08,"500ETF
510500.XSHG"
2015-08-21 13:01:00,加仓,创业板ETF易方达,159915.XSHE,2.256,2100.0,25500.0,,12.0,2015-08-21,2015-08,"创业板ETF易方达
159915.XSHE"
2015-08-21 13:02:00,等级校准,创业板ETF易方达,159915.XSHE,,,25500.0,,,2015-08-21,2015-08,"创业板ETF易方达
159915.XSHE"
2015-08-21 14:17:00,止盈,创业板ETF易方达,159915.XSHE,2.324,2200.0,23300.0,149.09,11.0,2015-08-21,2015-08,"创业板ETF易方达
159915.XSHE"
2015-08-21 14:46:00,加仓,创业板ETF易方达,159915.XSHE,2.25,2100.0,25400.0,,12.0,2015-08-21,2015-08,"创业板ETF易方达
159915.XSHE"
2015-08-21 14:47:00,等级校准,创业板ETF易方达,159915.XSHE,,,25400.0,,,2015-08-21,2015-08,"创业板ETF易方达
159915.XSHE"
2015-08-24 09:31:00,加仓,纳指ETF,513100.XSHG,1.405,3300.0,27700.0,,8.0,2015-08-24,2015-08,"纳指ETF
513100.XSHG"
2015-08-24 09:31:00,加仓,500ETF,510500.XSHG,7.398,600.0,6400.0,,10.0,2015-08-24,2015-08,"500ETF
510500.XSHG"
2015-08-24 09:31:00,加仓,创业板ETF易方达,159915.XSHE,2.111,2200.0,27600.0,,12.0,2015-08-24,2015-08,"创业板ETF易方达
159915.XSHE"
2015-08-24 09:32:00,等级校准,纳指ETF,513100.XSHG,,,27700.0,,,2015-08-24,2015-08,"纳指ETF
513100.XSHG"
2015-08-24 09:42:00,止盈,黄金ETF,518880.XSHG,2.47,2000.0,18200.0,147.51,9.0,2015-08-24,2015-08,"黄金ETF
518880.XSHG"
2015-08-24 09:48:00,加仓,创业板ETF易方达,159915.XSHE,2.045,2300.0,29900.0,,13.0,2015-08-24,2015-08,"创业板ETF易方达
159915.XSHE"
2015-08-24 09:49:00,加仓,500ETF,510500.XSHG,7.173,600.0,7000.0,,11.0,2015-08-24,2015-08,"500ETF
510500.XSHG"
2015-08-24 09:49:00,等级校准,创业板ETF易方达,159915.XSHE,,,29900.0,,,2015-08-24,2015-08,"创业板ETF易方达
159915.XSHE"
2015-08-24 11:27:00,加仓,500ETF,510500.XSHG,6.953,600.0,7600.0,,12.0,2015-08-24,2015-08,"500ETF
510500.XSHG"
2015-08-24 11:28:00,等级校准,500ETF,510500.XSHG,,,7600.0,,,2015-08-24,2015-08,"500ETF
510500.XSHG"
2015-08-24 14:07:00,加仓,黄金ETF,518880.XSHG,2.395,2000.0,20200.0,,10.0,2015-08-24,2015-08,"黄金ETF
518880.XSHG"
2015-08-25 09:31:00,加仓,纳指ETF,513100.XSHG,1.342,3500.0,31200.0,,8.0,2015-08-25,2015-08,"纳指ETF
513100.XSHG"
2015-08-25 09:31:00,加仓,500ETF,510500.XSHG,6.573,700.0,8300.0,,11.0,2015-08-25,2015-08,"500ETF
510500.XSHG"
2015-08-25 09:31:00,加仓,创业板ETF易方达,159915.XSHE,1.861,2400.0,32300.0,,13.0,2015-08-25,2015-08,"创业板ETF易方达
159915.XSHE"
2015-08-25 09:32:00,等级校准,创业板ETF易方达,159915.XSHE,,,32300.0,,,2015-08-25,2015-08,"创业板ETF易方达
159915.XSHE"
2015-08-25 10:26:00,止盈,纳指ETF,513100.XSHG,1.387,3700.0,27500.0,165.99,7.0,2015-08-25,2015-08,"纳指ETF
513100.XSHG"
2015-08-25 13:37:00,加仓,500ETF,510500.XSHG,6.362,700.0,9000.0,,12.0,2015-08-25,2015-08,"500ETF
510500.XSHG"
2015-08-25 14:09:00,加仓,创业板ETF易方达,159915.XSHE,1.804,2600.0,34900.0,,13.0,2015-08-25,2015-08,"创业板ETF易方达
159915.XSHE"
2015-08-25 14:10:00,等级校准,创业板ETF易方达,159915.XSHE,,,34900.0,,,2015-08-25,2015-08,"创业板ETF易方达
159915.XSHE"
2015-08-26 09:38:00,加仓,创业板ETF易方达,159915.XSHE,1.749,2700.0,37600.0,,13.0,2015-08-26,2015-08,"创业板ETF易方达
159915.XSHE"
2015-08-26 09:48:00,止盈,创业板ETF易方达,159915.XSHE,1.814,2800.0,34800.0,181.49,12.0,2015-08-26,2015-08,"创业板ETF易方达
159915.XSHE"
2015-08-26 10:20:00,加仓,创业板ETF易方达,159915.XSHE,1.758,2700.0,37500.0,,13.0,2015-08-26,2015-08,"创业板ETF易方达
159915.XSHE"
2015-08-26 11:22:00,止盈,创业板ETF易方达,159915.XSHE,1.811,2800.0,34700.0,147.89,12.0,2015-08-26,2015-08,"创业板ETF易方达
159915.XSHE"
2015-08-26 13:02:00,止盈,500ETF,510500.XSHG,6.588,700.0,8300.0,157.74,11.0,2015-08-26,2015-08,"500ETF
510500.XSHG"
2015-08-26 13:03:00,止盈,创业板ETF易方达,159915.XSHE,1.871,2700.0,32000.0,161.49,12.0,2015-08-26,2015-08,"创业板ETF易方达
159915.XSHE"
2015-08-26 13:15:00,加仓,黄金ETF,518880.XSHG,2.314,2000.0,22200.0,,11.0,2015-08-26,2015-08,"黄金ETF
518880.XSHG"
2015-08-26 13:16:00,等级校准,黄金ETF,518880.XSHG,,,22200.0,,,2015-08-26,2015-08,"黄金ETF
518880.XSHG"
2015-08-26 14:15:00,加仓,创业板ETF易方达,159915.XSHE,1.808,2600.0,34600.0,,13.0,2015-08-26,2015-08,"创业板ETF易方达
159915.XSHE"
2015-08-26 14:16:00,等级校准,创业板ETF易方达,159915.XSHE,,,34600.0,,,2015-08-26,2015-08,"创业板ETF易方达
159915.XSHE"
2015-08-26 14:17:00,加仓,500ETF,510500.XSHG,6.374,700.0,9000.0,,12.0,2015-08-26,2015-08,"500ETF
510500.XSHG"
2015-08-26 14:48:00,加仓,创业板ETF易方达,159915.XSHE,1.744,2700.0,37300.0,,13.0,2015-08-26,2015-08,"创业板ETF易方达
159915.XSHE"
2015-08-27 09:31:00,止盈,纳指ETF,513100.XSHG,1.438,3600.0,23900.0,183.08,7.0,2015-08-27,2015-08,"纳指ETF
513100.XSHG"
2015-08-27 09:35:00,止盈,创业板ETF易方达,159915.XSHE,1.799,2800.0,34500.0,153.5,12.0,2015-08-27,2015-08,"创业板ETF易方达
159915.XSHE"
2015-08-27 11:16:00,加仓,创业板ETF易方达,159915.XSHE,1.741,2700.0,37200.0,,13.0,2015-08-27,2015-08,"创业板ETF易方达
159915.XSHE"
2015-08-27 14:13:00,加仓,500ETF,510500.XSHG,6.146,700.0,9700.0,,13.0,2015-08-27,2015-08,"500ETF
510500.XSHG"
2015-08-27 14:14:00,等级校准,500ETF,510500.XSHG,,,9700.0,,,2015-08-27,2015-08,"500ETF
510500.XSHG"
2015-08-27 14:31:00,止盈,500ETF,510500.XSHG,6.341,800.0,8900.0,155.49,12.0,2015-08-27,2015-08,"500ETF
510500.XSHG"
2015-08-27 14:45:00,止盈,创业板ETF易方达,159915.XSHE,1.794,2800.0,34400.0,147.9,12.0,2015-08-27,2015-08,"创业板ETF易方达
159915.XSHE"
2015-08-28 09:31:00,止盈,纳指ETF,513100.XSHG,1.482,3400.0,20500.0,149.1,6.0,2015-08-28,2015-08,"纳指ETF
513100.XSHG"
2015-08-28 09:31:00,止盈,500ETF,510500.XSHG,6.61,700.0,8200.0,187.84,11.0,2015-08-28,2015-08,"500ETF
510500.XSHG"
2015-08-28 11:11:00,止盈,创业板ETF易方达,159915.XSHE,1.849,2700.0,31700.0,148.0,11.0,2015-08-28,2015-08,"创业板ETF易方达
159915.XSHE"
2015-08-28 14:28:00,止盈,创业板ETF易方达,159915.XSHE,1.905,2700.0,29000.0,150.69,11.0,2015-08-28,2015-08,"创业板ETF易方达
159915.XSHE"
2015-08-28 14:29:00,止盈,500ETF,510500.XSHG,6.818,700.0,7500.0,145.12,10.0,2015-08-28,2015-08,"500ETF
510500.XSHG"
2015-08-31 09:53:00,加仓,创业板ETF易方达,159915.XSHE,1.843,2600.0,31600.0,,12.0,2015-08-31,2015-08,"创业板ETF易方达
159915.XSHE"
2015-08-31 09:54:00,等级校准,创业板ETF易方达,159915.XSHE,,,31600.0,,,2015-08-31,2015-08,"创业板ETF易方达
159915.XSHE"
2015-08-31 13:13:00,加仓,500ETF,510500.XSHG,6.605,700.0,8200.0,,11.0,2015-08-31,2015-08,"500ETF
510500.XSHG"
2015-09-01 09:32:00,加仓,500ETF,510500.XSHG,6.402,700.0,8900.0,,12.0,2015-09-01,2015-09,"500ETF
510500.XSHG"
2015-09-01 09:32:00,加仓,创业板ETF易方达,159915.XSHE,1.785,2700.0,34300.0,,12.0,2015-09-01,2015-09,"创业板ETF易方达
159915.XSHE"
2015-09-01 10:10:00,加仓,500ETF,510500.XSHG,6.202,700.0,9600.0,,13.0,2015-09-01,2015-09,"500ETF
510500.XSHG"
2015-09-01 10:11:00,等级校准,500ETF,510500.XSHG,,,9600.0,,,2015-09-01,2015-09,"500ETF
510500.XSHG"
2015-09-01 10:16:00,加仓,创业板ETF易方达,159915.XSHE,1.73,2800.0,37100.0,,13.0,2015-09-01,2015-09,"创业板ETF易方达
159915.XSHE"
2015-09-01 10:59:00,止盈,创业板ETF易方达,159915.XSHE,1.782,2800.0,34300.0,145.1,12.0,2015-09-01,2015-09,"创业板ETF易方达
159915.XSHE"
2015-09-01 13:00:00,止盈,500ETF,510500.XSHG,6.39,800.0,8800.0,149.89,12.0,2015-09-01,2015-09,"500ETF
510500.XSHG"
2015-09-01 14:05:00,加仓,纳指ETF,513100.XSHG,1.436,3300.0,23800.0,,7.0,2015-09-01,2015-09,"纳指ETF
513100.XSHG"
2015-09-01 14:35:00,加仓,500ETF,510500.XSHG,6.189,700.0,9500.0,,13.0,2015-09-01,2015-09,"500ETF
510500.XSHG"
2015-09-01 14:36:00,等级校准,500ETF,510500.XSHG,,,9500.0,,,2015-09-01,2015-09,"500ETF
510500.XSHG"
2015-09-01 14:36:00,加仓,创业板ETF易方达,159915.XSHE,1.727,2800.0,37100.0,,13.0,2015-09-01,2015-09,"创业板ETF易方达
159915.XSHE"
2015-09-02 09:31:00,加仓,500ETF,510500.XSHG,5.841,800.0,10300.0,,12.0,2015-09-02,2015-09,"500ETF
510500.XSHG"
2015-09-02 09:31:00,加仓,创业板ETF易方达,159915.XSHE,1.645,2800.0,39900.0,,14.0,2015-09-02,2015-09,"创业板ETF易方达
159915.XSHE"
2015-09-02 09:32:00,等级校准,创业板ETF易方达,159915.XSHE,,,39900.0,,,2015-09-02,2015-09,"创业板ETF易方达
159915.XSHE"
2015-09-02 09:33:00,加仓,纳指ETF,513100.XSHG,1.392,3400.0,27200.0,,8.0,2015-09-02,2015-09,"纳指ETF
513100.XSHG"
2015-09-02 09:34:00,等级校准,纳指ETF,513100.XSHG,,,27200.0,,,2015-09-02,2015-09,"纳指ETF
513100.XSHG"
2015-09-02 10:30:00,止盈,500ETF,510500.XSHG,6.046,800.0,9500.0,163.52,11.0,2015-09-02,2015-09,"500ETF
510500.XSHG"
2015-09-02 10:31:00,止盈,创业板ETF易方达,159915.XSHE,1.696,3000.0,36900.0,152.49,12.0,2015-09-02,2015-09,"创业板ETF易方达
159915.XSHE"
2015-09-02 11:17:00,止盈,创业板ETF易方达,159915.XSHE,1.754,2900.0,34000.0,167.69,12.0,2015-09-02,2015-09,"创业板ETF易方达
159915.XSHE"
2015-09-02 11:27:00,止盈,500ETF,510500.XSHG,6.23,800.0,8700.0,146.7,10.0,2015-09-02,2015-09,"500ETF
510500.XSHG"
2015-09-02 14:40:00,加仓,500ETF,510500.XSHG,6.031,800.0,9500.0,,11.0,2015-09-02,2015-09,"500ETF
510500.XSHG"
2015-09-02 14:40:00,加仓,创业板ETF易方达,159915.XSHE,1.7,2800.0,36800.0,,13.0,2015-09-02,2015-09,"创业板ETF易方达
159915.XSHE"
2015-09-02 14:41:00,等级校准,创业板ETF易方达,159915.XSHE,,,36800.0,,,2015-09-02,2015-09,"创业板ETF易方达
159915.XSHE"
2015-09-07 09:32:00,止盈,500ETF,510500.XSHG,6.286,800.0,8700.0,203.5,12.0,2015-09-07,2015-09,"500ETF
510500.XSHG"
2015-09-07 09:33:00,止盈,创业板ETF易方达,159915.XSHE,1.752,2900.0,33900.0,150.29,12.0,2015-09-07,2015-09,"创业板ETF易方达
159915.XSHE"
2015-09-07 09:40:00,止盈,创业板ETF易方达,159915.XSHE,1.814,2800.0,31100.0,173.09,11.0,2015-09-07,2015-09,"创业板ETF易方达
159915.XSHE"
2015-09-07 10:26:00,加仓,创业板ETF易方达,159915.XSHE,1.759,2700.0,33800.0,,12.0,2015-09-07,2015-09,"创业板ETF易方达
159915.XSHE"
2015-09-07 13:01:00,止盈,创业板ETF易方达,159915.XSHE,1.816,2800.0,31000.0,159.09,11.0,2015-09-07,2015-09,"创业板ETF易方达
159915.XSHE"
2015-09-07 13:51:00,加仓,创业板ETF易方达,159915.XSHE,1.761,2700.0,33700.0,,12.0,2015-09-07,2015-09,"创业板ETF易方达
159915.XSHE"
2015-09-08 09:31:00,加仓,500ETF,510500.XSHG,6.061,700.0,9400.0,,13.0,2015-09-08,2015-09,"500ETF
510500.XSHG"
2015-09-08 09:32:00,等级校准,500ETF,510500.XSHG,,,9400.0,,,2015-09-08,2015-09,"500ETF
510500.XSHG"
2015-09-08 09:34:00,止盈,纳指ETF,513100.XSHG,1.438,3500.0,23700.0,160.5,6.0,2015-09-08,2015-09,"纳指ETF
513100.XSHG"
2015-09-08 10:40:00,止盈,500ETF,510500.XSHG,6.244,800.0,8600.0,145.9,10.0,2015-09-08,2015-09,"500ETF
510500.XSHG"
2015-09-08 14:29:00,止盈,创业板ETF易方达,159915.XSHE,1.819,2800.0,30900.0,161.89,11.0,2015-09-08,2015-09,"创业板ETF易方达
159915.XSHE"
2015-09-08 14:31:00,止盈,500ETF,510500.XSHG,6.443,800.0,7800.0,158.68,11.0,2015-09-08,2015-09,"500ETF
510500.XSHG"
2015-09-08 14:52:00,止盈,创业板ETF易方达,159915.XSHE,1.877,2700.0,28200.0,156.09,10.0,2015-09-08,2015-09,"创业板ETF易方达
159915.XSHE"
2015-09-09 10:08:00,止盈,500ETF,510500.XSHG,6.641,700.0,7100.0,138.14,10.0,2015-09-09,2015-09,"500ETF
510500.XSHG"
2015-09-09 10:11:00,止盈,创业板ETF易方达,159915.XSHE,1.936,2600.0,25600.0,152.9,10.0,2015-09-09,2015-09,"创业板ETF易方达
159915.XSHE"
2015-09-14 10:13:00,加仓,创业板ETF易方达,159915.XSHE,1.875,2500.0,28100.0,,11.0,2015-09-14,2015-09,"创业板ETF易方达
159915.XSHE"
2015-09-14 10:14:00,等级校准,创业板ETF易方达,159915.XSHE,,,28100.0,,,2015-09-14,2015-09,"创业板ETF易方达
159915.XSHE"
2015-09-14 11:01:00,加仓,500ETF,510500.XSHG,6.439,700.0,7800.0,,11.0,2015-09-14,2015-09,"500ETF
510500.XSHG"
2015-09-14 11:20:00,加仓,创业板ETF易方达,159915.XSHE,1.803,2600.0,30700.0,,11.0,2015-09-14,2015-09,"创业板ETF易方达
159915.XSHE"
2015-09-14 13:00:00,加仓,500ETF,510500.XSHG,6.2,700.0,8500.0,,12.0,2015-09-14,2015-09,"500ETF
510500.XSHG"
2015-09-14 13:01:00,等级校准,500ETF,510500.XSHG,,,8500.0,,,2015-09-14,2015-09,"500ETF
510500.XSHG"
2015-09-14 13:52:00,加仓,创业板ETF易方达,159915.XSHE,1.746,2700.0,33400.0,,12.0,2015-09-14,2015-09,"创业板ETF易方达
159915.XSHE"
2015-09-14 13:53:00,等级校准,创业板ETF易方达,159915.XSHE,,,33400.0,,,2015-09-14,2015-09,"创业板ETF易方达
159915.XSHE"
2015-09-14 13:59:00,加仓,500ETF,510500.XSHG,6.006,800.0,9300.0,,11.0,2015-09-14,2015-09,"500ETF
510500.XSHG"
2015-09-15 09:31:00,加仓,创业板ETF易方达,159915.XSHE,1.687,2800.0,36200.0,,12.0,2015-09-15,2015-09,"创业板ETF易方达
159915.XSHE"
2015-09-15 13:55:00,加仓,500ETF,510500.XSHG,5.821,800.0,10100.0,,12.0,2015-09-15,2015-09,"500ETF
510500.XSHG"
2015-09-15 14:53:00,加仓,创业板ETF易方达,159915.XSHE,1.633,2900.0,39100.0,,13.0,2015-09-15,2015-09,"创业板ETF易方达
159915.XSHE"
2015-09-16 10:06:00,止盈,创业板ETF易方达,159915.XSHE,1.684,3000.0,36100.0,152.49,12.0,2015-09-16,2015-09,"创业板ETF易方达
159915.XSHE"
2015-09-16 14:09:00,止盈,创业板ETF易方达,159915.XSHE,1.735,2900.0,33200.0,147.4,11.0,2015-09-16,2015-09,"创业板ETF易方达
159915.XSHE"
2015-09-16 14:22:00,止盈,500ETF,510500.XSHG,6.014,800.0,9300.0,153.92,11.0,2015-09-16,2015-09,"500ETF
510500.XSHG"
2015-09-16 14:31:00,止盈,创业板ETF易方达,159915.XSHE,1.788,2800.0,30400.0,147.9,11.0,2015-09-16,2015-09,"创业板ETF易方达
159915.XSHE"
2015-09-16 14:42:00,止盈,500ETF,510500.XSHG,6.198,800.0,8500.0,146.7,10.0,2015-09-16,2015-09,"500ETF
510500.XSHG"
2015-09-17 09:31:00,止盈,纳指ETF,513100.XSHG,1.484,3400.0,20300.0,155.9,6.0,2015-09-17,2015-09,"纳指ETF
513100.XSHG"
2015-09-17 11:26:00,止盈,创业板ETF易方达,159915.XSHE,1.844,2700.0,27700.0,150.7,10.0,2015-09-17,2015-09,"创业板ETF易方达
159915.XSHE"
2015-09-17 14:55:00,加仓,创业板ETF易方达,159915.XSHE,1.78,2700.0,30400.0,,11.0,2015-09-17,2015-09,"创业板ETF易方达
159915.XSHE"
2015-09-17 14:56:00,等级校准,创业板ETF易方达,159915.XSHE,,,30400.0,,,2015-09-17,2015-09,"创业板ETF易方达
159915.XSHE"
2015-09-18 09:48:00,加仓,500ETF,510500.XSHG,6.011,800.0,9300.0,,11.0,2015-09-18,2015-09,"500ETF
510500.XSHG"
2015-09-18 14:40:00,止盈,创业板ETF易方达,159915.XSHE,1.837,2800.0,27600.0,159.09,10.0,2015-09-18,2015-09,"创业板ETF易方达
159915.XSHE"
2015-09-21 10:49:00,止盈,500ETF,510500.XSHG,6.194,800.0,8500.0,145.9,10.0,2015-09-21,2015-09,"500ETF
510500.XSHG"
2015-09-21 10:50:00,止盈,创业板ETF易方达,159915.XSHE,1.896,2700.0,24900.0,158.79,9.0,2015-09-21,2015-09,"创业板ETF易方达
159915.XSHE"
2015-09-21 14:40:00,止盈,创业板ETF易方达,159915.XSHE,1.954,2600.0,22300.0,150.29,8.0,2015-09-21,2015-09,"创业板ETF易方达
159915.XSHE"
2015-09-21 14:42:00,止盈,500ETF,510500.XSHG,6.389,800.0,7700.0,155.49,11.0,2015-09-21,2015-09,"500ETF
510500.XSHG"
2015-09-23 09:31:00,加仓,创业板ETF易方达,159915.XSHE,1.88,2500.0,24800.0,,9.0,2015-09-23,2015-09,"创业板ETF易方达
159915.XSHE"
2015-09-23 10:12:00,止盈,创业板ETF易方达,159915.XSHE,1.939,2600.0,22200.0,152.9,8.0,2015-09-23,2015-09,"创业板ETF易方达
159915.XSHE"
2015-09-23 11:28:00,加仓,纳指ETF,513100.XSHG,1.439,3300.0,23600.0,,7.0,2015-09-23,2015-09,"纳指ETF
513100.XSHG"
2015-09-23 11:29:00,等级校准,纳指ETF,513100.XSHG,,,23600.0,,,2015-09-23,2015-09,"纳指ETF
513100.XSHG"
2015-09-25 10:42:00,加仓,创业板ETF易方达,159915.XSHE,1.872,2500.0,24700.0,,9.0,2015-09-25,2015-09,"创业板ETF易方达
159915.XSHE"
2015-09-25 11:05:00,加仓,500ETF,510500.XSHG,6.192,700.0,8400.0,,12.0,2015-09-25,2015-09,"500ETF
510500.XSHG"
2015-09-25 11:06:00,等级校准,500ETF,510500.XSHG,,,8400.0,,,2015-09-25,2015-09,"500ETF
510500.XSHG"
2015-09-25 11:19:00,加仓,创业板ETF易方达,159915.XSHE,1.812,2600.0,27300.0,,10.0,2015-09-25,2015-09,"创业板ETF易方达
159915.XSHE"
2015-09-25 13:57:00,止盈,创业板ETF易方达,159915.XSHE,1.867,2700.0,24600.0,148.0,9.0,2015-09-25,2015-09,"创业板ETF易方达
159915.XSHE"
2015-09-28 11:11:00,止盈,创业板ETF易方达,159915.XSHE,1.926,2600.0,22000.0,152.9,8.0,2015-09-28,2015-09,"创业板ETF易方达
159915.XSHE"
2015-09-29 09:31:00,加仓,纳指ETF,513100.XSHG,1.393,3400.0,27000.0,,7.0,2015-09-29,2015-09,"纳指ETF
513100.XSHG"
2015-10-08 09:31:00,止盈,纳指ETF,513100.XSHG,1.45,3500.0,23500.0,198.99,6.0,2015-10-08,2015-10,"纳指ETF
513100.XSHG"
2015-10-08 09:31:00,止盈,500ETF,510500.XSHG,6.537,800.0,7600.0,275.48,10.0,2015-10-08,2015-10,"500ETF
510500.XSHG"
2015-10-08 09:31:00,止盈,创业板ETF易方达,159915.XSHE,2.033,2500.0,19500.0,266.99,8.0,2015-10-08,2015-10,"创业板ETF易方达
159915.XSHE"
2015-10-08 13:05:00,止盈,创业板ETF易方达,159915.XSHE,2.094,2400.0,17100.0,145.9,7.0,2015-10-08,2015-10,"创业板ETF易方达
159915.XSHE"
2015-10-12 09:48:00,止盈,创业板ETF易方达,159915.XSHE,2.158,2300.0,14800.0,146.7,6.0,2015-10-12,2015-10,"创业板ETF易方达
159915.XSHE"
2015-10-12 10:11:00,止盈,500ETF,510500.XSHG,6.752,700.0,6900.0,150.03,9.0,2015-10-12,2015-10,"500ETF
510500.XSHG"
2015-10-12 11:03:00,止盈,创业板ETF易方达,159915.XSHE,2.225,2300.0,12500.0,153.59,5.0,2015-10-12,2015-10,"创业板ETF易方达
159915.XSHE"
2015-10-14 09:31:00,止盈,黄金ETF,518880.XSHG,2.384,2100.0,20100.0,146.5,10.0,2015-10-14,2015-10,"黄金ETF
518880.XSHG"
2015-10-15 10:42:00,止盈,500ETF,510500.XSHG,6.957,700.0,6200.0,143.01,8.0,2015-10-15,2015-10,"500ETF
510500.XSHG"
2015-10-15 14:53:00,止盈,创业板ETF易方达,159915.XSHE,2.293,2200.0,10300.0,149.1,4.0,2015-10-15,2015-10,"创业板ETF易方达
159915.XSHE"
2015-10-16 09:32:00,止盈,500ETF,510500.XSHG,7.188,700.0,5500.0,161.2,9.0,2015-10-16,2015-10,"500ETF
510500.XSHG"
2015-10-20 09:36:00,止盈,纳指ETF,513100.XSHG,1.495,3400.0,20100.0,152.49,6.0,2015-10-20,2015-10,"纳指ETF
513100.XSHG"
2015-10-20 13:45:00,止盈,创业板ETF易方达,159915.XSHE,2.364,2100.0,8200.0,148.6,3.0,2015-10-20,2015-10,"创业板ETF易方达
159915.XSHE"
2015-10-21 13:35:00,加仓,创业板ETF易方达,159915.XSHE,2.29,2100.0,10300.0,,4.0,2015-10-21,2015-10,"创业板ETF易方达
159915.XSHE"
2015-10-21 13:51:00,加仓,500ETF,510500.XSHG,6.959,600.0,6100.0,,10.0,2015-10-21,2015-10,"500ETF
510500.XSHG"
2015-10-21 13:52:00,等级校准,500ETF,510500.XSHG,,,6100.0,,,2015-10-21,2015-10,"500ETF
510500.XSHG"
2015-10-21 14:37:00,加仓,创业板ETF易方达,159915.XSHE,2.217,2100.0,12400.0,,5.0,2015-10-21,2015-10,"创业板ETF易方达
159915.XSHE"
2015-10-22 10:02:00,止盈,创业板ETF易方达,159915.XSHE,2.285,2200.0,10200.0,149.1,4.0,2015-10-22,2015-10,"创业板ETF易方达
159915.XSHE"
2015-10-23 09:31:00,止盈,创业板ETF易方达,159915.XSHE,2.357,2100.0,8100.0,150.71,3.0,2015-10-23,2015-10,"创业板ETF易方达
159915.XSHE"
2015-10-23 09:41:00,止盈,500ETF,510500.XSHG,7.168,700.0,5400.0,145.8,9.0,2015-10-23,2015-10,"500ETF
510500.XSHG"
2015-10-23 14:32:00,止盈,创业板ETF易方达,159915.XSHE,2.428,2100.0,6000.0,148.59,3.0,2015-10-23,2015-10,"创业板ETF易方达
159915.XSHE"
2015-10-26 09:31:00,止盈,纳指ETF,513100.XSHG,1.565,3300.0,16800.0,230.48,5.0,2015-10-26,2015-10,"纳指ETF
513100.XSHG"
2015-10-27 09:46:00,加仓,创业板ETF易方达,159915.XSHE,2.351,2000.0,8000.0,,4.0,2015-10-27,2015-10,"创业板ETF易方达
159915.XSHE"
2015-10-27 09:47:00,等级校准,创业板ETF易方达,159915.XSHE,,,8000.0,,,2015-10-27,2015-10,"创业板ETF易方达
159915.XSHE"
2015-10-27 14:06:00,止盈,创业板ETF易方达,159915.XSHE,2.422,2100.0,5900.0,148.59,2.0,2015-10-27,2015-10,"创业板ETF易方达
159915.XSHE"
2015-10-27 14:42:00,止盈,500ETF,510500.XSHG,7.389,600.0,4800.0,132.16,8.0,2015-10-27,2015-10,"500ETF
510500.XSHG"
2015-10-28 13:43:00,加仓,500ETF,510500.XSHG,7.158,600.0,5400.0,,9.0,2015-10-28,2015-10,"500ETF
510500.XSHG"
2015-10-29 09:49:00,加仓,创业板ETF易方达,159915.XSHE,2.346,2000.0,7900.0,,3.0,2015-10-29,2015-10,"创业板ETF易方达
159915.XSHE"
2015-11-04 09:31:00,加仓,黄金ETF,518880.XSHG,2.302,2000.0,22100.0,,11.0,2015-11-04,2015-11,"黄金ETF
518880.XSHG"
2015-11-04 09:32:00,等级校准,黄金ETF,518880.XSHG,,,22100.0,,,2015-11-04,2015-11,"黄金ETF
518880.XSHG"
2015-11-04 13:02:00,止盈,创业板ETF易方达,159915.XSHE,2.419,2100.0,5800.0,152.79,2.0,2015-11-04,2015-11,"创业板ETF易方达
159915.XSHE"
2015-11-04 14:01:00,止盈,500ETF,510500.XSHG,7.383,600.0,4800.0,134.56,8.0,2015-11-04,2015-11,"500ETF
510500.XSHG"
2015-11-05 10:05:00,止盈,创业板ETF易方达,159915.XSHE,2.497,2000.0,3800.0,155.5,1.0,2015-11-05,2015-11,"创业板ETF易方达
159915.XSHE"
2015-11-05 11:04:00,加仓,创业板ETF易方达,159915.XSHE,2.422,2000.0,5800.0,,2.0,2015-11-05,2015-11,"创业板ETF易方达
159915.XSHE"
2015-11-06 09:48:00,止盈,500ETF,510500.XSHG,7.606,600.0,4200.0,133.34,7.0,2015-11-06,2015-11,"500ETF
510500.XSHG"
2015-11-06 09:59:00,止盈,创业板ETF易方达,159915.XSHE,2.495,2000.0,3800.0,145.5,1.0,2015-11-06,2015-11,"创业板ETF易方达
159915.XSHE"
2015-11-09 11:20:00,止盈,创业板ETF易方达,159915.XSHE,2.573,2000.0,1800.0,155.49,1.0,2015-11-09,2015-11,"创业板ETF易方达
159915.XSHE"
2015-11-10 14:44:00,止盈,500ETF,510500.XSHG,7.839,600.0,3600.0,139.33,6.0,2015-11-10,2015-11,"500ETF
510500.XSHG"
2015-11-11 13:20:00,止盈（部分）,创业板ETF易方达,159915.XSHE,2.653,1800.0,0.0,143.52,0.0,2015-11-11,2015-11,"创业板ETF易方达
159915.XSHE"
2015-11-11 13:20:00,清仓,创业板ETF易方达,159915.XSHE,,,,,0.0,2015-11-11,2015-11,"创业板ETF易方达
159915.XSHE"
2015-11-11 13:21:00,重装建仓,创业板ETF易方达,159915.XSHE,2.653,18800.0,18800.0,,,2015-11-11,2015-11,"创业板ETF易方达
159915.XSHE"
2015-11-11 13:22:00,底仓到账,创业板ETF易方达,159915.XSHE,,,18800.0,,10.0,2015-11-11,2015-11,"创业板ETF易方达
159915.XSHE"
2015-11-13 09:34:00,加仓,黄金ETF,518880.XSHG,2.23,2100.0,24200.0,,11.0,2015-11-13,2015-11,"黄金ETF
518880.XSHG"
2015-11-13 10:33:00,加仓,创业板ETF易方达,159915.XSHE,2.572,1800.0,20600.0,,11.0,2015-11-13,2015-11,"创业板ETF易方达
159915.XSHE"
2015-11-13 10:34:00,等级校准,创业板ETF易方达,159915.XSHE,,,20600.0,,,2015-11-13,2015-11,"创业板ETF易方达
159915.XSHE"
2015-11-16 09:34:00,加仓,纳指ETF,513100.XSHG,1.511,3100.0,19900.0,,6.0,2015-11-16,2015-11,"纳指ETF
513100.XSHG"
2015-11-16 14:48:00,止盈,创业板ETF易方达,159915.XSHE,2.653,1900.0,18700.0,153.4,10.0,2015-11-16,2015-11,"创业板ETF易方达
159915.XSHE"
2015-11-17 09:38:00,止盈,500ETF,510500.XSHG,8.094,600.0,3000.0,152.51,5.0,2015-11-17,2015-11,"500ETF
510500.XSHG"
2015-11-17 14:23:00,加仓,创业板ETF易方达,159915.XSHE,2.57,1800.0,20500.0,,11.0,2015-11-17,2015-11,"创业板ETF易方达
159915.XSHE"
2015-11-17 14:24:00,等级校准,创业板ETF易方达,159915.XSHE,,,20500.0,,,2015-11-17,2015-11,"创业板ETF易方达
159915.XSHE"
2015-11-17 14:52:00,加仓,500ETF,510500.XSHG,7.851,600.0,3600.0,,6.0,2015-11-17,2015-11,"500ETF
510500.XSHG"
2015-11-19 09:31:00,止盈,纳指ETF,513100.XSHG,1.569,3300.0,16600.0,190.88,5.0,2015-11-19,2015-11,"纳指ETF
513100.XSHG"
2015-11-20 13:23:00,止盈,创业板ETF易方达,159915.XSHE,2.651,1900.0,18600.0,153.4,10.0,2015-11-20,2015-11,"创业板ETF易方达
159915.XSHE"
2015-11-23 09:58:00,止盈,500ETF,510500.XSHG,8.089,600.0,3000.0,142.31,5.0,2015-11-23,2015-11,"500ETF
510500.XSHG"
2015-11-25 13:47:00,止盈,创业板ETF易方达,159915.XSHE,2.737,1800.0,16800.0,154.31,9.0,2015-11-25,2015-11,"创业板ETF易方达
159915.XSHE"
2015-11-27 09:37:00,加仓,创业板ETF易方达,159915.XSHE,2.652,1800.0,18600.0,,10.0,2015-11-27,2015-11,"创业板ETF易方达
159915.XSHE"
2015-11-27 13:31:00,加仓,500ETF,510500.XSHG,7.846,600.0,3600.0,,6.0,2015-11-27,2015-11,"500ETF
510500.XSHG"
2015-11-27 14:07:00,加仓,创业板ETF易方达,159915.XSHE,2.571,1800.0,20400.0,,11.0,2015-11-27,2015-11,"创业板ETF易方达
159915.XSHE"
2015-11-27 14:08:00,等级校准,创业板ETF易方达,159915.XSHE,,,20400.0,,,2015-11-27,2015-11,"创业板ETF易方达
159915.XSHE"
2015-11-27 14:45:00,加仓,500ETF,510500.XSHG,7.585,600.0,4200.0,,7.0,2015-11-27,2015-11,"500ETF
510500.XSHG"
2015-11-27 14:46:00,加仓,创业板ETF易方达,159915.XSHE,2.486,1900.0,22300.0,,11.0,2015-11-27,2015-11,"创业板ETF易方达
159915.XSHE"
2015-11-30 13:17:00,加仓,500ETF,510500.XSHG,7.349,600.0,4800.0,,8.0,2015-11-30,2015-11,"500ETF
510500.XSHG"
2015-11-30 13:17:00,加仓,创业板ETF易方达,159915.XSHE,2.403,2000.0,24300.0,,12.0,2015-11-30,2015-11,"创业板ETF易方达
159915.XSHE"
2015-11-30 14:11:00,止盈,创业板ETF易方达,159915.XSHE,2.482,2000.0,22300.0,157.5,11.0,2015-11-30,2015-11,"创业板ETF易方达
159915.XSHE"
2015-11-30 14:15:00,止盈,500ETF,510500.XSHG,7.57,600.0,4200.0,132.15,7.0,2015-11-30,2015-11,"500ETF
510500.XSHG"
2015-12-02 10:51:00,加仓,创业板ETF易方达,159915.XSHE,2.4,2000.0,24300.0,,12.0,2015-12-02,2015-12,"创业板ETF易方达
159915.XSHE"
2015-12-02 13:52:00,止盈,创业板ETF易方达,159915.XSHE,2.476,2000.0,22300.0,151.5,11.0,2015-12-02,2015-12,"创业板ETF易方达
159915.XSHE"
2015-12-03 13:58:00,止盈,创业板ETF易方达,159915.XSHE,2.554,2000.0,20300.0,155.49,10.0,2015-12-03,2015-12,"创业板ETF易方达
159915.XSHE"
2015-12-04 10:46:00,止盈,500ETF,510500.XSHG,7.799,600.0,3600.0,136.93,6.0,2015-12-04,2015-12,"500ETF
510500.XSHG"
2015-12-09 09:54:00,加仓,500ETF,510500.XSHG,7.562,600.0,4200.0,,7.0,2015-12-09,2015-12,"500ETF
510500.XSHG"
2015-12-14 10:34:00,加仓,创业板ETF易方达,159915.XSHE,2.474,1900.0,22200.0,,11.0,2015-12-14,2015-12,"创业板ETF易方达
159915.XSHE"
2015-12-14 14:57:00,止盈,创业板ETF易方达,159915.XSHE,2.549,2000.0,20200.0,149.49,10.0,2015-12-14,2015-12,"创业板ETF易方达
159915.XSHE"
2015-12-16 10:55:00,止盈,500ETF,510500.XSHG,7.789,600.0,3600.0,135.73,6.0,2015-12-16,2015-12,"500ETF
510500.XSHG"
2015-12-17 09:32:00,止盈,纳指ETF,513100.XSHG,1.618,3100.0,13500.0,151.4,4.0,2015-12-17,2015-12,"纳指ETF
513100.XSHG"
2015-12-17 09:37:00,止盈,创业板ETF易方达,159915.XSHE,2.626,1900.0,18300.0,145.8,9.0,2015-12-17,2015-12,"创业板ETF易方达
159915.XSHE"
2015-12-21 09:31:00,加仓,纳指ETF,513100.XSHG,1.561,3000.0,16500.0,,5.0,2015-12-21,2015-12,"纳指ETF
513100.XSHG"
2015-12-21 13:16:00,止盈,500ETF,510500.XSHG,8.027,600.0,3000.0,142.32,5.0,2015-12-21,2015-12,"500ETF
510500.XSHG"
2015-12-25 14:48:00,加仓,纳指ETF,513100.XSHG,1.508,3200.0,19700.0,,6.0,2015-12-25,2015-12,"纳指ETF
513100.XSHG"
2015-12-25 14:49:00,等级校准,纳指ETF,513100.XSHG,,,19700.0,,,2015-12-25,2015-12,"纳指ETF
513100.XSHG"
2015-12-25 14:49:00,止盈,纳指ETF,513100.XSHG,1.586,3300.0,16400.0,256.88,5.0,2015-12-25,2015-12,"纳指ETF
513100.XSHG"
2015-12-29 10:07:00,加仓,创业板ETF易方达,159915.XSHE,2.546,1900.0,20200.0,,10.0,2015-12-29,2015-12,"创业板ETF易方达
159915.XSHE"
2015-12-29 10:09:00,加仓,500ETF,510500.XSHG,7.785,600.0,3600.0,,6.0,2015-12-29,2015-12,"500ETF
510500.XSHG"
2016-01-04 10:07:00,加仓,创业板ETF易方达,159915.XSHE,2.467,1900.0,22100.0,,11.0,2016-01-04,2016-01,"创业板ETF易方达
159915.XSHE"
2016-01-04 10:11:00,加仓,500ETF,510500.XSHG,7.543,600.0,4200.0,,7.0,2016-01-04,2016-01,"500ETF
510500.XSHG"
2016-01-04 13:05:00,加仓,创业板ETF易方达,159915.XSHE,2.391,2000.0,24100.0,,12.0,2016-01-04,2016-01,"创业板ETF易方达
159915.XSHE"
2016-01-04 13:32:00,加仓,500ETF,510500.XSHG,7.299,600.0,4800.0,,8.0,2016-01-04,2016-01,"500ETF
510500.XSHG"
2016-01-04 13:33:00,加仓,创业板ETF易方达,159915.XSHE,2.305,2000.0,26100.0,,13.0,2016-01-04,2016-01,"创业板ETF易方达
159915.XSHE"
2016-01-04 13:34:00,等级校准,创业板ETF易方达,159915.XSHE,,,26100.0,,,2016-01-04,2016-01,"创业板ETF易方达
159915.XSHE"
2016-01-05 09:31:00,加仓,500ETF,510500.XSHG,6.929,600.0,5400.0,,9.0,2016-01-05,2016-01,"500ETF
510500.XSHG"
2016-01-05 09:31:00,加仓,创业板ETF易方达,159915.XSHE,2.221,2100.0,28200.0,,13.0,2016-01-05,2016-01,"创业板ETF易方达
159915.XSHE"
2016-01-05 09:32:00,等级校准,500ETF,510500.XSHG,,,5400.0,,,2016-01-05,2016-01,"500ETF
510500.XSHG"
2016-01-05 09:32:00,等级校准,创业板ETF易方达,159915.XSHE,,,28200.0,,,2016-01-05,2016-01,"创业板ETF易方达
159915.XSHE"
2016-01-05 09:37:00,止盈,创业板ETF易方达,159915.XSHE,2.291,2200.0,26000.0,153.5,12.0,2016-01-05,2016-01,"创业板ETF易方达
159915.XSHE"
2016-01-05 09:48:00,止盈,500ETF,510500.XSHG,7.149,700.0,4700.0,153.5,7.0,2016-01-05,2016-01,"500ETF
510500.XSHG"
2016-01-05 14:11:00,加仓,创业板ETF易方达,159915.XSHE,2.215,2100.0,28100.0,,13.0,2016-01-05,2016-01,"创业板ETF易方达
159915.XSHE"
2016-01-05 14:12:00,等级校准,创业板ETF易方达,159915.XSHE,,,28100.0,,,2016-01-05,2016-01,"创业板ETF易方达
159915.XSHE"
2016-01-05 14:13:00,加仓,500ETF,510500.XSHG,6.924,600.0,5300.0,,8.0,2016-01-05,2016-01,"500ETF
510500.XSHG"
2016-01-05 14:14:00,等级校准,500ETF,510500.XSHG,,,5300.0,,,2016-01-05,2016-01,"500ETF
510500.XSHG"
2016-01-06 09:31:00,止盈,创业板ETF易方达,159915.XSHE,2.294,2200.0,25900.0,173.3,12.0,2016-01-06,2016-01,"创业板ETF易方达
159915.XSHE"
2016-01-06 09:32:00,止盈,500ETF,510500.XSHG,7.141,700.0,4600.0,151.4,6.0,2016-01-06,2016-01,"500ETF
510500.XSHG"
2016-01-06 11:20:00,止盈,黄金ETF,518880.XSHG,2.297,2200.0,22000.0,146.89,10.0,2016-01-06,2016-01,"黄金ETF
518880.XSHG"
2016-01-07 09:37:00,加仓,创业板ETF易方达,159915.XSHE,2.218,2100.0,28000.0,,13.0,2016-01-07,2016-01,"创业板ETF易方达
159915.XSHE"
2016-01-07 09:38:00,等级校准,创业板ETF易方达,159915.XSHE,,,28000.0,,,2016-01-07,2016-01,"创业板ETF易方达
159915.XSHE"
2016-01-07 09:39:00,加仓,500ETF,510500.XSHG,6.924,700.0,5300.0,,7.0,2016-01-07,2016-01,"500ETF
510500.XSHG"
2016-01-07 09:43:00,加仓,创业板ETF易方达,159915.XSHE,2.145,2200.0,30200.0,,13.0,2016-01-07,2016-01,"创业板ETF易方达
159915.XSHE"
2016-01-07 09:58:00,加仓,500ETF,510500.XSHG,6.6,700.0,6000.0,,8.0,2016-01-07,2016-01,"500ETF
510500.XSHG"
2016-01-08 09:31:00,加仓,纳指ETF,513100.XSHG,1.535,3100.0,19500.0,,6.0,2016-01-08,2016-01,"纳指ETF
513100.XSHG"
2016-01-08 09:32:00,止盈,500ETF,510500.XSHG,6.826,700.0,5300.0,157.72,7.0,2016-01-08,2016-01,"500ETF
510500.XSHG"
2016-01-08 09:47:00,加仓,500ETF,510500.XSHG,6.584,700.0,6000.0,,8.0,2016-01-08,2016-01,"500ETF
510500.XSHG"
2016-01-08 09:47:00,加仓,创业板ETF易方达,159915.XSHE,2.07,2300.0,32500.0,,14.0,2016-01-08,2016-01,"创业板ETF易方达
159915.XSHE"
2016-01-08 09:48:00,等级校准,创业板ETF易方达,159915.XSHE,,,32500.0,,,2016-01-08,2016-01,"创业板ETF易方达
159915.XSHE"
2016-01-08 10:21:00,止盈,创业板ETF易方达,159915.XSHE,2.144,2400.0,30100.0,177.09,13.0,2016-01-08,2016-01,"创业板ETF易方达
159915.XSHE"
2016-01-08 10:22:00,止盈,500ETF,510500.XSHG,6.794,700.0,5300.0,146.52,7.0,2016-01-08,2016-01,"500ETF
510500.XSHG"
2016-01-11 09:31:00,加仓,500ETF,510500.XSHG,6.563,700.0,6000.0,,8.0,2016-01-11,2016-01,"500ETF
510500.XSHG"
2016-01-11 09:31:00,加仓,创业板ETF易方达,159915.XSHE,2.065,2300.0,32400.0,,14.0,2016-01-11,2016-01,"创业板ETF易方达
159915.XSHE"
2016-01-11 09:32:00,等级校准,创业板ETF易方达,159915.XSHE,,,32400.0,,,2016-01-11,2016-01,"创业板ETF易方达
159915.XSHE"
2016-01-11 14:39:00,加仓,创业板ETF易方达,159915.XSHE,2.001,2400.0,34800.0,,14.0,2016-01-11,2016-01,"创业板ETF易方达
159915.XSHE"
2016-01-11 14:41:00,加仓,500ETF,510500.XSHG,6.361,700.0,6700.0,,9.0,2016-01-11,2016-01,"500ETF
510500.XSHG"
2016-01-12 13:48:00,止盈,创业板ETF易方达,159915.XSHE,2.063,2400.0,32400.0,148.3,13.0,2016-01-12,2016-01,"创业板ETF易方达
159915.XSHE"
2016-01-13 11:24:00,加仓,创业板ETF易方达,159915.XSHE,2.001,2400.0,34800.0,,14.0,2016-01-13,2016-01,"创业板ETF易方达
159915.XSHE"
2016-01-13 14:48:00,加仓,500ETF,510500.XSHG,6.153,700.0,7400.0,,10.0,2016-01-13,2016-01,"500ETF
510500.XSHG"
2016-01-13 14:49:00,等级校准,500ETF,510500.XSHG,,,7400.0,,,2016-01-13,2016-01,"500ETF
510500.XSHG"
2016-01-14 09:31:00,加仓,纳指ETF,513100.XSHG,1.468,3200.0,22700.0,,7.0,2016-01-14,2016-01,"纳指ETF
513100.XSHG"
2016-01-14 09:31:00,加仓,创业板ETF易方达,159915.XSHE,1.903,2400.0,37200.0,,15.0,2016-01-14,2016-01,"创业板ETF易方达
159915.XSHE"
2016-01-14 09:32:00,等级校准,纳指ETF,513100.XSHG,,,22700.0,,,2016-01-14,2016-01,"纳指ETF
513100.XSHG"
2016-01-14 09:32:00,加仓,纳指ETF,513100.XSHG,1.421,3400.0,26100.0,,7.0,2016-01-14,2016-01,"纳指ETF
513100.XSHG"
2016-01-14 09:32:00,等级校准,创业板ETF易方达,159915.XSHE,,,37200.0,,,2016-01-14,2016-01,"创业板ETF易方达
159915.XSHE"
2016-01-14 09:34:00,加仓,500ETF,510500.XSHG,5.965,800.0,8200.0,,10.0,2016-01-14,2016-01,"500ETF
510500.XSHG"
2016-01-14 09:38:00,止盈,纳指ETF,513100.XSHG,1.468,3500.0,22600.0,163.99,6.0,2016-01-14,2016-01,"纳指ETF
513100.XSHG"
2016-01-14 10:01:00,止盈,创业板ETF易方达,159915.XSHE,1.963,2600.0,34600.0,155.49,13.0,2016-01-14,2016-01,"创业板ETF易方达
159915.XSHE"
2016-01-14 13:21:00,止盈,500ETF,510500.XSHG,6.147,800.0,7400.0,145.11,9.0,2016-01-14,2016-01,"500ETF
510500.XSHG"
2016-01-14 13:31:00,止盈,创业板ETF易方达,159915.XSHE,2.025,2500.0,32100.0,154.49,13.0,2016-01-14,2016-01,"创业板ETF易方达
159915.XSHE"
2016-01-18 13:18:00,止盈,创业板ETF易方达,159915.XSHE,2.087,2400.0,29700.0,148.3,12.0,2016-01-18,2016-01,"创业板ETF易方达
159915.XSHE"
2016-01-19 13:01:00,止盈,500ETF,510500.XSHG,6.433,800.0,6600.0,228.29,9.0,2016-01-19,2016-01,"500ETF
510500.XSHG"
2016-01-21 09:34:00,加仓,500ETF,510500.XSHG,6.225,700.0,7300.0,,10.0,2016-01-21,2016-01,"500ETF
510500.XSHG"
2016-01-21 09:35:00,等级校准,500ETF,510500.XSHG,,,7300.0,,,2016-01-21,2016-01,"500ETF
510500.XSHG"
2016-01-21 14:45:00,加仓,创业板ETF易方达,159915.XSHE,2.023,2300.0,32000.0,,13.0,2016-01-21,2016-01,"创业板ETF易方达
159915.XSHE"
2016-01-22 11:11:00,加仓,500ETF,510500.XSHG,6.03,800.0,8100.0,,10.0,2016-01-22,2016-01,"500ETF
510500.XSHG"
2016-01-25 09:31:00,止盈,500ETF,510500.XSHG,6.218,800.0,7300.0,149.9,9.0,2016-01-25,2016-01,"500ETF
510500.XSHG"
2016-01-26 11:26:00,止盈,黄金ETF,518880.XSHG,2.366,2100.0,19900.0,144.4,9.0,2016-01-26,2016-01,"黄金ETF
518880.XSHG"
2016-01-26 13:16:00,加仓,500ETF,510500.XSHG,6.03,800.0,8100.0,,10.0,2016-01-26,2016-01,"500ETF
510500.XSHG"
2016-01-26 13:48:00,加仓,创业板ETF易方达,159915.XSHE,1.961,2400.0,34400.0,,14.0,2016-01-26,2016-01,"创业板ETF易方达
159915.XSHE"
2016-01-26 13:49:00,等级校准,创业板ETF易方达,159915.XSHE,,,34400.0,,,2016-01-26,2016-01,"创业板ETF易方达
159915.XSHE"
2016-01-26 14:36:00,加仓,500ETF,510500.XSHG,5.849,800.0,8900.0,,11.0,2016-01-26,2016-01,"500ETF
510500.XSHG"
2016-01-26 14:36:00,加仓,创业板ETF易方达,159915.XSHE,1.902,2500.0,36900.0,,14.0,2016-01-26,2016-01,"创业板ETF易方达
159915.XSHE"
2016-01-27 09:58:00,加仓,500ETF,510500.XSHG,5.668,800.0,9700.0,,12.0,2016-01-27,2016-01,"500ETF
510500.XSHG"
2016-01-27 10:06:00,加仓,创业板ETF易方达,159915.XSHE,1.841,2600.0,39500.0,,15.0,2016-01-27,2016-01,"创业板ETF易方达
159915.XSHE"
2016-01-27 10:07:00,等级校准,创业板ETF易方达,159915.XSHE,,,39500.0,,,2016-01-27,2016-01,"创业板ETF易方达
159915.XSHE"
2016-01-27 13:01:00,加仓,500ETF,510500.XSHG,5.496,800.0,10500.0,,13.0,2016-01-27,2016-01,"500ETF
510500.XSHG"
2016-01-27 13:02:00,等级校准,500ETF,510500.XSHG,,,10500.0,,,2016-01-27,2016-01,"500ETF
510500.XSHG"
2016-01-27 14:27:00,止盈,500ETF,510500.XSHG,5.686,900.0,9600.0,170.49,12.0,2016-01-27,2016-01,"500ETF
510500.XSHG"
2016-01-27 14:29:00,止盈,创业板ETF易方达,159915.XSHE,1.898,2700.0,36800.0,153.39,14.0,2016-01-27,2016-01,"创业板ETF易方达
159915.XSHE"
2016-01-28 13:41:00,加仓,创业板ETF易方达,159915.XSHE,1.84,2600.0,39400.0,,15.0,2016-01-28,2016-01,"创业板ETF易方达
159915.XSHE"
2016-01-28 13:42:00,等级校准,创业板ETF易方达,159915.XSHE,,,39400.0,,,2016-01-28,2016-01,"创业板ETF易方达
159915.XSHE"
2016-01-28 14:38:00,加仓,500ETF,510500.XSHG,5.498,800.0,10400.0,,13.0,2016-01-28,2016-01,"500ETF
510500.XSHG"
2016-01-28 14:39:00,等级校准,500ETF,510500.XSHG,,,10400.0,,,2016-01-28,2016-01,"500ETF
510500.XSHG"
2016-01-29 13:53:00,止盈,500ETF,510500.XSHG,5.667,900.0,9500.0,151.59,11.0,2016-01-29,2016-01,"500ETF
510500.XSHG"
2016-01-29 14:24:00,止盈,创业板ETF易方达,159915.XSHE,1.897,2700.0,36700.0,153.39,14.0,2016-01-29,2016-01,"创业板ETF易方达
159915.XSHE"
2016-02-02 10:22:00,止盈,创业板ETF易方达,159915.XSHE,1.956,2600.0,34100.0,152.89,13.0,2016-02-02,2016-02,"创业板ETF易方达
159915.XSHE"
2016-02-04 09:32:00,止盈,500ETF,510500.XSHG,5.845,800.0,8700.0,141.93,10.0,2016-02-04,2016-02,"500ETF
510500.XSHG"
2016-02-04 09:52:00,止盈,创业板ETF易方达,159915.XSHE,2.018,2500.0,31600.0,154.5,13.0,2016-02-04,2016-02,"创业板ETF易方达
159915.XSHE"
2016-02-05 09:31:00,止盈,黄金ETF,518880.XSHG,2.447,2100.0,17800.0,169.59,8.0,2016-02-05,2016-02,"黄金ETF
518880.XSHG"
2016-02-15 09:31:00,止盈,黄金ETF,518880.XSHG,2.591,2000.0,15800.0,287.48,8.0,2016-02-15,2016-02,"黄金ETF
518880.XSHG"
2016-02-15 09:31:00,加仓,创业板ETF易方达,159915.XSHE,1.932,2400.0,34000.0,,14.0,2016-02-15,2016-02,"创业板ETF易方达
159915.XSHE"
2016-02-15 09:32:00,等级校准,创业板ETF易方达,159915.XSHE,,,34000.0,,,2016-02-15,2016-02,"创业板ETF易方达
159915.XSHE"
2016-02-15 10:57:00,止盈,创业板ETF易方达,159915.XSHE,1.991,2500.0,31500.0,147.0,12.0,2016-02-15,2016-02,"创业板ETF易方达
159915.XSHE"
2016-02-16 09:45:00,加仓,黄金ETF,518880.XSHG,2.51,1900.0,17700.0,,9.0,2016-02-16,2016-02,"黄金ETF
518880.XSHG"
2016-02-16 09:45:00,止盈,创业板ETF易方达,159915.XSHE,2.051,2500.0,29000.0,149.49,12.0,2016-02-16,2016-02,"创业板ETF易方达
159915.XSHE"
2016-02-16 10:25:00,止盈,500ETF,510500.XSHG,6.025,800.0,7900.0,143.52,9.0,2016-02-16,2016-02,"500ETF
510500.XSHG"
2016-02-17 14:44:00,止盈,创业板ETF易方达,159915.XSHE,2.113,2400.0,26600.0,148.29,11.0,2016-02-17,2016-02,"创业板ETF易方达
159915.XSHE"
2016-02-18 09:31:00,止盈,500ETF,510500.XSHG,6.218,800.0,7100.0,153.9,8.0,2016-02-18,2016-02,"500ETF
510500.XSHG"
2016-02-24 11:27:00,止盈,黄金ETF,518880.XSHG,2.586,1900.0,15800.0,143.91,8.0,2016-02-24,2016-02,"黄金ETF
518880.XSHG"
2016-02-25 10:24:00,加仓,创业板ETF易方达,159915.XSHE,2.046,2300.0,28900.0,,12.0,2016-02-25,2016-02,"创业板ETF易方达
159915.XSHE"
2016-02-25 11:27:00,加仓,500ETF,510500.XSHG,6.017,800.0,7900.0,,9.0,2016-02-25,2016-02,"500ETF
510500.XSHG"
2016-02-25 13:01:00,加仓,创业板ETF易方达,159915.XSHE,1.984,2400.0,31300.0,,13.0,2016-02-25,2016-02,"创业板ETF易方达
159915.XSHE"
2016-02-25 13:02:00,等级校准,创业板ETF易方达,159915.XSHE,,,31300.0,,,2016-02-25,2016-02,"创业板ETF易方达
159915.XSHE"
2016-02-25 14:27:00,加仓,500ETF,510500.XSHG,5.836,800.0,8700.0,,10.0,2016-02-25,2016-02,"500ETF
510500.XSHG"
2016-02-25 14:27:00,加仓,创业板ETF易方达,159915.XSHE,1.919,2500.0,33800.0,,13.0,2016-02-25,2016-02,"创业板ETF易方达
159915.XSHE"
2016-02-29 09:38:00,加仓,创业板ETF易方达,159915.XSHE,1.852,2600.0,36400.0,,14.0,2016-02-29,2016-02,"创业板ETF易方达
159915.XSHE"
2016-02-29 09:39:00,加仓,500ETF,510500.XSHG,5.659,800.0,9500.0,,11.0,2016-02-29,2016-02,"500ETF
510500.XSHG"
2016-02-29 09:57:00,加仓,创业板ETF易方达,159915.XSHE,1.791,2600.0,39000.0,,15.0,2016-02-29,2016-02,"创业板ETF易方达
159915.XSHE"
2016-02-29 09:58:00,等级校准,创业板ETF易方达,159915.XSHE,,,39000.0,,,2016-02-29,2016-02,"创业板ETF易方达
159915.XSHE"
2016-02-29 09:59:00,加仓,500ETF,510500.XSHG,5.487,800.0,10300.0,,12.0,2016-02-29,2016-02,"500ETF
510500.XSHG"
2016-02-29 10:00:00,等级校准,500ETF,510500.XSHG,,,10300.0,,,2016-02-29,2016-02,"500ETF
510500.XSHG"
2016-03-01 14:24:00,止盈,500ETF,510500.XSHG,5.653,900.0,9400.0,148.89,11.0,2016-03-01,2016-03,"500ETF
510500.XSHG"
2016-03-02 11:13:00,止盈,创业板ETF易方达,159915.XSHE,1.846,2700.0,36300.0,148.0,13.0,2016-03-02,2016-03,"创业板ETF易方达
159915.XSHE"
2016-03-02 13:05:00,止盈,500ETF,510500.XSHG,5.823,800.0,8600.0,135.53,10.0,2016-03-02,2016-03,"500ETF
510500.XSHG"
2016-03-02 13:55:00,止盈,创业板ETF易方达,159915.XSHE,1.902,2700.0,33600.0,150.69,12.0,2016-03-02,2016-03,"创业板ETF易方达
159915.XSHE"
2016-03-02 14:47:00,止盈,纳指ETF,513100.XSHG,1.515,3400.0,19200.0,159.28,5.0,2016-03-02,2016-03,"纳指ETF
513100.XSHG"
2016-03-03 09:42:00,止盈,500ETF,510500.XSHG,6.01,800.0,7800.0,149.12,9.0,2016-03-03,2016-03,"500ETF
510500.XSHG"
2016-03-04 11:19:00,加仓,创业板ETF易方达,159915.XSHE,1.836,2600.0,36200.0,,13.0,2016-03-04,2016-03,"创业板ETF易方达
159915.XSHE"
2016-03-04 11:27:00,加仓,500ETF,510500.XSHG,5.824,800.0,8600.0,,10.0,2016-03-04,2016-03,"500ETF
510500.XSHG"
2016-03-08 09:44:00,加仓,创业板ETF易方达,159915.XSHE,1.773,2700.0,38900.0,,14.0,2016-03-08,2016-03,"创业板ETF易方达
159915.XSHE"
2016-03-08 09:45:00,等级校准,创业板ETF易方达,159915.XSHE,,,38900.0,,,2016-03-08,2016-03,"创业板ETF易方达
159915.XSHE"
2016-03-08 09:59:00,止盈,黄金ETF,518880.XSHG,2.665,1900.0,13900.0,149.59,7.0,2016-03-08,2016-03,"黄金ETF
518880.XSHG"
2016-03-08 11:20:00,止盈,创业板ETF易方达,159915.XSHE,1.828,2800.0,36100.0,153.49,13.0,2016-03-08,2016-03,"创业板ETF易方达
159915.XSHE"
2016-03-08 14:25:00,止盈,创业板ETF易方达,159915.XSHE,1.885,2700.0,33400.0,153.39,12.0,2016-03-08,2016-03,"创业板ETF易方达
159915.XSHE"
2016-03-09 09:34:00,加仓,纳指ETF,513100.XSHG,1.469,3300.0,22500.0,,6.0,2016-03-09,2016-03,"纳指ETF
513100.XSHG"
2016-03-11 09:31:00,加仓,500ETF,510500.XSHG,5.634,800.0,9400.0,,11.0,2016-03-11,2016-03,"500ETF
510500.XSHG"
2016-03-11 09:31:00,加仓,创业板ETF易方达,159915.XSHE,1.802,2600.0,36000.0,,13.0,2016-03-11,2016-03,"创业板ETF易方达
159915.XSHE"
2016-03-14 09:31:00,止盈,创业板ETF易方达,159915.XSHE,1.862,2700.0,33300.0,161.5,12.0,2016-03-14,2016-03,"创业板ETF易方达
159915.XSHE"
2016-03-14 09:47:00,止盈,500ETF,510500.XSHG,5.81,800.0,8600.0,140.34,10.0,2016-03-14,2016-03,"500ETF
510500.XSHG"
2016-03-14 10:51:00,止盈,创业板ETF易方达,159915.XSHE,1.92,2600.0,30700.0,150.3,11.0,2016-03-14,2016-03,"创业板ETF易方达
159915.XSHE"
2016-03-15 09:31:00,加仓,黄金ETF,518880.XSHG,2.583,1800.0,15700.0,,8.0,2016-03-15,2016-03,"黄金ETF
518880.XSHG"
2016-03-17 09:32:00,止盈,纳指ETF,513100.XSHG,1.517,3400.0,19100.0,162.68,5.0,2016-03-17,2016-03,"纳指ETF
513100.XSHG"
2016-03-17 13:53:00,止盈,创业板ETF易方达,159915.XSHE,1.978,2600.0,28100.0,150.29,11.0,2016-03-17,2016-03,"创业板ETF易方达
159915.XSHE"
2016-03-17 14:02:00,止盈,500ETF,510500.XSHG,5.987,800.0,7800.0,141.12,9.0,2016-03-17,2016-03,"500ETF
510500.XSHG"
2016-03-18 09:31:00,止盈,500ETF,510500.XSHG,6.42,800.0,7000.0,345.89,10.0,2016-03-18,2016-03,"500ETF
510500.XSHG"
2016-03-18 09:32:00,加仓,500ETF,510500.XSHG,6.008,700.0,7700.0,,11.0,2016-03-18,2016-03,"500ETF
510500.XSHG"
2016-03-18 09:33:00,等级校准,500ETF,510500.XSHG,,,7700.0,,,2016-03-18,2016-03,"500ETF
510500.XSHG"
2016-03-18 10:24:00,止盈,创业板ETF易方达,159915.XSHE,2.039,2500.0,25600.0,151.99,10.0,2016-03-18,2016-03,"创业板ETF易方达
159915.XSHE"
2016-03-18 13:06:00,止盈,500ETF,510500.XSHG,6.196,800.0,6900.0,149.9,8.0,2016-03-18,2016-03,"500ETF
510500.XSHG"
2016-03-21 09:31:00,止盈,创业板ETF易方达,159915.XSHE,2.105,2400.0,23200.0,157.89,10.0,2016-03-21,2016-03,"创业板ETF易方达
159915.XSHE"
2016-03-28 09:39:00,止盈,500ETF,510500.XSHG,6.386,800.0,6100.0,151.49,8.0,2016-03-28,2016-03,"500ETF
510500.XSHG"
2016-03-29 09:39:00,加仓,500ETF,510500.XSHG,6.194,700.0,6800.0,,9.0,2016-03-29,2016-03,"500ETF
510500.XSHG"
2016-03-29 09:40:00,等级校准,500ETF,510500.XSHG,,,6800.0,,,2016-03-29,2016-03,"500ETF
510500.XSHG"
2016-03-29 09:45:00,加仓,创业板ETF易方达,159915.XSHE,2.039,2300.0,25500.0,,11.0,2016-03-29,2016-03,"创业板ETF易方达
159915.XSHE"
2016-03-29 09:46:00,等级校准,创业板ETF易方达,159915.XSHE,,,25500.0,,,2016-03-29,2016-03,"创业板ETF易方达
159915.XSHE"
2016-03-30 14:04:00,止盈,创业板ETF易方达,159915.XSHE,2.105,2400.0,23100.0,157.89,10.0,2016-03-30,2016-03,"创业板ETF易方达
159915.XSHE"
2016-03-30 14:47:00,止盈,500ETF,510500.XSHG,6.38,800.0,6000.0,148.29,8.0,2016-03-30,2016-03,"500ETF
510500.XSHG"
2016-04-05 13:29:00,止盈,创业板ETF易方达,159915.XSHE,2.169,2300.0,20800.0,146.7,9.0,2016-04-05,2016-04,"创业板ETF易方达
159915.XSHE"
2016-04-07 09:31:00,止盈,500ETF,510500.XSHG,6.585,700.0,5300.0,143.04,7.0,2016-04-07,2016-04,"500ETF
510500.XSHG"
2016-04-08 09:37:00,加仓,500ETF,510500.XSHG,6.379,700.0,6000.0,,8.0,2016-04-08,2016-04,"500ETF
510500.XSHG"
2016-04-08 11:05:00,加仓,创业板ETF易方达,159915.XSHE,2.103,2300.0,23100.0,,10.0,2016-04-08,2016-04,"创业板ETF易方达
159915.XSHE"
2016-04-11 09:55:00,止盈,创业板ETF易方达,159915.XSHE,2.172,2300.0,20800.0,158.2,9.0,2016-04-11,2016-04,"创业板ETF易方达
159915.XSHE"
2016-04-11 13:17:00,止盈,500ETF,510500.XSHG,6.571,700.0,5300.0,133.94,7.0,2016-04-11,2016-04,"500ETF
510500.XSHG"
2016-04-20 11:13:00,加仓,创业板ETF易方达,159915.XSHE,2.103,2300.0,23100.0,,10.0,2016-04-20,2016-04,"创业板ETF易方达
159915.XSHE"
2016-04-20 11:18:00,加仓,500ETF,510500.XSHG,6.367,700.0,6000.0,,8.0,2016-04-20,2016-04,"500ETF
510500.XSHG"
2016-04-20 13:08:00,加仓,创业板ETF易方达,159915.XSHE,2.035,2300.0,25400.0,,11.0,2016-04-20,2016-04,"创业板ETF易方达
159915.XSHE"
2016-04-20 13:09:00,等级校准,创业板ETF易方达,159915.XSHE,,,25400.0,,,2016-04-20,2016-04,"创业板ETF易方达
159915.XSHE"
2016-04-20 13:11:00,加仓,500ETF,510500.XSHG,6.168,700.0,6700.0,,9.0,2016-04-20,2016-04,"500ETF
510500.XSHG"
2016-04-20 13:12:00,等级校准,500ETF,510500.XSHG,,,6700.0,,,2016-04-20,2016-04,"500ETF
510500.XSHG"
2016-04-29 10:44:00,止盈,黄金ETF,518880.XSHG,2.662,1900.0,13800.0,149.59,7.0,2016-04-29,2016-04,"黄金ETF
518880.XSHG"
2016-05-03 10:52:00,止盈,500ETF,510500.XSHG,6.357,800.0,5900.0,150.69,8.0,2016-05-03,2016-05,"500ETF
510500.XSHG"
2016-05-03 11:02:00,止盈,创业板ETF易方达,159915.XSHE,2.097,2400.0,23000.0,148.3,10.0,2016-05-03,2016-05,"创业板ETF易方达
159915.XSHE"
2016-05-06 14:47:00,加仓,创业板ETF易方达,159915.XSHE,2.031,2300.0,25300.0,,11.0,2016-05-06,2016-05,"创业板ETF易方达
159915.XSHE"
2016-05-06 14:48:00,等级校准,创业板ETF易方达,159915.XSHE,,,25300.0,,,2016-05-06,2016-05,"创业板ETF易方达
159915.XSHE"
2016-05-09 09:31:00,加仓,500ETF,510500.XSHG,6.142,700.0,6600.0,,9.0,2016-05-09,2016-05,"500ETF
510500.XSHG"
2016-05-09 09:32:00,等级校准,500ETF,510500.XSHG,,,6600.0,,,2016-05-09,2016-05,"500ETF
510500.XSHG"
2016-05-09 10:14:00,加仓,创业板ETF易方达,159915.XSHE,1.97,2400.0,27700.0,,11.0,2016-05-09,2016-05,"创业板ETF易方达
159915.XSHE"
2016-05-09 14:49:00,加仓,500ETF,510500.XSHG,5.95,800.0,7400.0,,9.0,2016-05-09,2016-05,"500ETF
510500.XSHG"
2016-05-12 09:31:00,加仓,创业板ETF易方达,159915.XSHE,1.905,2500.0,30200.0,,12.0,2016-05-12,2016-05,"创业板ETF易方达
159915.XSHE"
2016-05-12 09:32:00,等级校准,创业板ETF易方达,159915.XSHE,,,30200.0,,,2016-05-12,2016-05,"创业板ETF易方达
159915.XSHE"
2016-05-17 13:37:00,止盈,创业板ETF易方达,159915.XSHE,1.963,2600.0,27600.0,150.29,11.0,2016-05-17,2016-05,"创业板ETF易方达
159915.XSHE"
2016-05-18 14:34:00,加仓,创业板ETF易方达,159915.XSHE,1.903,2500.0,30100.0,,12.0,2016-05-18,2016-05,"创业板ETF易方达
159915.XSHE"
2016-05-18 14:35:00,等级校准,创业板ETF易方达,159915.XSHE,,,30100.0,,,2016-05-18,2016-05,"创业板ETF易方达
159915.XSHE"
2016-05-19 10:17:00,止盈,创业板ETF易方达,159915.XSHE,1.964,2600.0,27500.0,158.09,11.0,2016-05-19,2016-05,"创业板ETF易方达
159915.XSHE"
2016-05-25 14:16:00,加仓,黄金ETF,518880.XSHG,2.582,1800.0,15600.0,,8.0,2016-05-25,2016-05,"黄金ETF
518880.XSHG"
2016-05-30 09:46:00,止盈,纳指ETF,513100.XSHG,1.563,3200.0,15900.0,146.7,5.0,2016-05-30,2016-05,"纳指ETF
513100.XSHG"
2016-05-31 10:39:00,止盈,创业板ETF易方达,159915.XSHE,2.024,2500.0,25000.0,149.49,10.0,2016-05-31,2016-05,"创业板ETF易方达
159915.XSHE"
2016-05-31 13:17:00,止盈,500ETF,510500.XSHG,6.13,800.0,6600.0,143.51,8.0,2016-05-31,2016-05,"500ETF
510500.XSHG"
2016-06-01 11:03:00,止盈,创业板ETF易方达,159915.XSHE,2.085,2400.0,22600.0,145.9,9.0,2016-06-01,2016-06,"创业板ETF易方达
159915.XSHE"
2016-06-03 14:04:00,止盈,500ETF,510500.XSHG,6.319,800.0,5800.0,150.69,8.0,2016-06-03,2016-06,"500ETF
510500.XSHG"
2016-06-13 09:31:00,止盈,黄金ETF,518880.XSHG,2.694,1900.0,13700.0,212.29,7.0,2016-06-13,2016-06,"黄金ETF
518880.XSHG"
2016-06-13 14:01:00,加仓,创业板ETF易方达,159915.XSHE,2.022,2300.0,24900.0,,10.0,2016-06-13,2016-06,"创业板ETF易方达
159915.XSHE"
2016-06-13 14:32:00,加仓,500ETF,510500.XSHG,6.125,700.0,6500.0,,9.0,2016-06-13,2016-06,"500ETF
510500.XSHG"
2016-06-13 14:33:00,等级校准,500ETF,510500.XSHG,,,6500.0,,,2016-06-13,2016-06,"500ETF
510500.XSHG"
2016-06-14 09:31:00,加仓,创业板ETF易方达,159915.XSHE,1.957,2400.0,27300.0,,11.0,2016-06-14,2016-06,"创业板ETF易方达
159915.XSHE"
2016-06-14 09:32:00,等级校准,创业板ETF易方达,159915.XSHE,,,27300.0,,,2016-06-14,2016-06,"创业板ETF易方达
159915.XSHE"
2016-06-15 10:14:00,止盈,创业板ETF易方达,159915.XSHE,2.016,2500.0,24800.0,147.0,10.0,2016-06-15,2016-06,"创业板ETF易方达
159915.XSHE"
2016-06-16 14:35:00,止盈,黄金ETF,518880.XSHG,2.776,1800.0,11900.0,147.1,6.0,2016-06-16,2016-06,"黄金ETF
518880.XSHG"
2016-06-21 09:59:00,止盈,500ETF,510500.XSHG,6.312,800.0,5700.0,149.1,8.0,2016-06-21,2016-06,"500ETF
510500.XSHG"
2016-06-22 09:33:00,加仓,黄金ETF,518880.XSHG,2.692,1800.0,13700.0,,7.0,2016-06-22,2016-06,"黄金ETF
518880.XSHG"
2016-06-24 11:01:00,加仓,500ETF,510500.XSHG,6.117,700.0,6400.0,,9.0,2016-06-24,2016-06,"500ETF
510500.XSHG"
2016-06-24 11:02:00,等级校准,500ETF,510500.XSHG,,,6400.0,,,2016-06-24,2016-06,"500ETF
510500.XSHG"
2016-06-24 13:01:00,止盈,黄金ETF,518880.XSHG,2.825,1800.0,11900.0,238.89,7.0,2016-06-24,2016-06,"黄金ETF
518880.XSHG"
2016-06-24 13:02:00,加仓,纳指ETF,513100.XSHG,1.513,3100.0,19000.0,,6.0,2016-06-24,2016-06,"纳指ETF
513100.XSHG"
2016-06-24 13:03:00,等级校准,纳指ETF,513100.XSHG,,,19000.0,,,2016-06-24,2016-06,"纳指ETF
513100.XSHG"
2016-06-27 11:02:00,止盈,创业板ETF易方达,159915.XSHE,2.077,2400.0,22400.0,145.9,9.0,2016-06-27,2016-06,"创业板ETF易方达
159915.XSHE"
2016-06-27 14:15:00,止盈,500ETF,510500.XSHG,6.301,800.0,5600.0,146.7,8.0,2016-06-27,2016-06,"500ETF
510500.XSHG"
2016-06-29 09:37:00,止盈,创业板ETF易方达,159915.XSHE,2.146,2400.0,20000.0,165.08,8.0,2016-06-29,2016-06,"创业板ETF易方达
159915.XSHE"
2016-07-04 09:36:00,止盈,纳指ETF,513100.XSHG,1.559,3300.0,15700.0,151.29,4.0,2016-07-04,2016-07,"纳指ETF
513100.XSHG"
2016-07-04 10:31:00,止盈,黄金ETF,518880.XSHG,2.912,1700.0,10200.0,147.4,6.0,2016-07-04,2016-07,"黄金ETF
518880.XSHG"
2016-07-04 11:01:00,止盈,500ETF,510500.XSHG,6.493,700.0,4900.0,133.95,7.0,2016-07-04,2016-07,"500ETF
510500.XSHG"
2016-07-12 09:34:00,止盈,纳指ETF,513100.XSHG,1.606,3200.0,12500.0,149.89,4.0,2016-07-12,2016-07,"纳指ETF
513100.XSHG"
2016-07-12 14:55:00,止盈,500ETF,510500.XSHG,6.69,700.0,4200.0,137.43,6.0,2016-07-12,2016-07,"500ETF
510500.XSHG"
2016-07-21 09:49:00,加仓,黄金ETF,518880.XSHG,2.824,1700.0,11900.0,,7.0,2016-07-21,2016-07,"黄金ETF
518880.XSHG"
2016-07-27 13:02:00,加仓,创业板ETF易方达,159915.XSHE,2.081,2300.0,22300.0,,9.0,2016-07-27,2016-07,"创业板ETF易方达
159915.XSHE"
2016-07-27 13:15:00,加仓,500ETF,510500.XSHG,6.459,700.0,4900.0,,7.0,2016-07-27,2016-07,"500ETF
510500.XSHG"
2016-07-28 09:35:00,止盈,纳指ETF,513100.XSHG,1.655,3100.0,9400.0,151.39,3.0,2016-07-28,2016-07,"纳指ETF
513100.XSHG"
2016-08-01 09:31:00,止盈,纳指ETF,513100.XSHG,1.732,3000.0,6400.0,230.48,2.0,2016-08-01,2016-08,"纳指ETF
513100.XSHG"
2016-08-01 09:32:00,加仓,纳指ETF,513100.XSHG,1.67,2800.0,9200.0,,3.0,2016-08-01,2016-08,"纳指ETF
513100.XSHG"
2016-08-01 09:36:00,加仓,创业板ETF易方达,159915.XSHE,2.017,2400.0,24700.0,,10.0,2016-08-01,2016-08,"创业板ETF易方达
159915.XSHE"
2016-08-03 09:36:00,止盈,黄金ETF,518880.XSHG,2.909,1700.0,10200.0,144.01,6.0,2016-08-03,2016-08,"黄金ETF
518880.XSHG"
2016-08-08 09:35:00,止盈,纳指ETF,513100.XSHG,1.729,2900.0,6300.0,170.6,2.0,2016-08-08,2016-08,"纳指ETF
513100.XSHG"
2016-08-15 10:13:00,止盈,500ETF,510500.XSHG,6.671,700.0,4200.0,147.93,6.0,2016-08-15,2016-08,"500ETF
510500.XSHG"
2016-08-15 10:51:00,止盈,创业板ETF易方达,159915.XSHE,2.078,2400.0,22300.0,145.9,9.0,2016-08-15,2016-08,"创业板ETF易方达
159915.XSHE"
2016-09-01 09:31:00,加仓,黄金ETF,518880.XSHG,2.819,1700.0,11900.0,,7.0,2016-09-01,2016-09,"黄金ETF
518880.XSHG"
2016-09-12 09:32:00,加仓,纳指ETF,513100.XSHG,1.676,2800.0,9100.0,,3.0,2016-09-12,2016-09,"纳指ETF
513100.XSHG"
2016-09-22 09:56:00,止盈,纳指ETF,513100.XSHG,1.727,2900.0,6200.0,147.4,2.0,2016-09-22,2016-09,"纳指ETF
513100.XSHG"
2016-10-10 09:31:00,加仓,黄金ETF,518880.XSHG,2.729,1700.0,13600.0,,8.0,2016-10-10,2016-10,"黄金ETF
518880.XSHG"
2016-10-10 09:32:00,等级校准,黄金ETF,518880.XSHG,,,13600.0,,,2016-10-10,2016-10,"黄金ETF
518880.XSHG"
2016-11-02 09:31:00,止盈,黄金ETF,518880.XSHG,2.819,1800.0,11800.0,161.49,6.0,2016-11-02,2016-11,"黄金ETF
518880.XSHG"
2016-11-04 09:31:00,重装建仓,1000ETF,512100.XSHG,1.002,49900.0,0.0,,,2016-11-04,2016-11,"1000ETF
512100.XSHG"
2016-11-09 13:01:00,加仓,纳指ETF,513100.XSHG,1.675,2800.0,9000.0,,3.0,2016-11-09,2016-11,"纳指ETF
513100.XSHG"
2016-11-10 13:09:00,止盈,纳指ETF,513100.XSHG,1.726,2900.0,6100.0,147.4,2.0,2016-11-10,2016-11,"纳指ETF
513100.XSHG"
2016-11-11 13:01:00,止盈,500ETF,510500.XSHG,6.877,700.0,3500.0,143.72,5.0,2016-11-11,2016-11,"500ETF
510500.XSHG"
2016-11-14 09:31:00,加仓,黄金ETF,518880.XSHG,2.677,1700.0,13500.0,,7.0,2016-11-14,2016-11,"黄金ETF
518880.XSHG"
2016-11-22 09:37:00,止盈,纳指ETF,513100.XSHG,1.778,2800.0,3300.0,145.1,1.0,2016-11-22,2016-11,"纳指ETF
513100.XSHG"
2016-11-25 10:03:00,止盈,纳指ETF,513100.XSHG,1.835,2800.0,500.0,159.09,1.0,2016-11-25,2016-11,"纳指ETF
513100.XSHG"
2016-12-01 09:33:00,加仓,纳指ETF,513100.XSHG,1.774,2700.0,3200.0,,2.0,2016-12-01,2016-12,"纳指ETF
513100.XSHG"
2016-12-01 09:34:00,等级校准,纳指ETF,513100.XSHG,,,3200.0,,,2016-12-01,2016-12,"纳指ETF
513100.XSHG"
2016-12-09 10:31:00,加仓,创业板ETF易方达,159915.XSHE,2.015,2400.0,24700.0,,10.0,2016-12-09,2016-12,"创业板ETF易方达
159915.XSHE"
2016-12-12 10:44:00,加仓,1000ETF,512100.XSHG,0.971,4900.0,4900.0,,1.0,2016-12-12,2016-12,"1000ETF
512100.XSHG"
2016-12-12 10:45:00,底仓到账,1000ETF,512100.XSHG,,,4900.0,,1.0,2016-12-12,2016-12,"1000ETF
512100.XSHG"
2016-12-12 11:15:00,加仓,1000ETF,512100.XSHG,0.941,5100.0,10000.0,,2.0,2016-12-12,2016-12,"1000ETF
512100.XSHG"
2016-12-12 11:16:00,等级校准,1000ETF,512100.XSHG,,,10000.0,,,2016-12-12,2016-12,"1000ETF
512100.XSHG"
2016-12-12 11:17:00,加仓,创业板ETF易方达,159915.XSHE,1.954,2400.0,27100.0,,11.0,2016-12-12,2016-12,"创业板ETF易方达
159915.XSHE"
2016-12-12 11:18:00,等级校准,创业板ETF易方达,159915.XSHE,,,27100.0,,,2016-12-12,2016-12,"创业板ETF易方达
159915.XSHE"
2016-12-12 11:21:00,加仓,500ETF,510500.XSHG,6.67,700.0,4200.0,,6.0,2016-12-12,2016-12,"500ETF
510500.XSHG"
2016-12-13 09:35:00,加仓,创业板ETF易方达,159915.XSHE,1.895,2500.0,29600.0,,11.0,2016-12-13,2016-12,"创业板ETF易方达
159915.XSHE"
2016-12-13 09:41:00,加仓,1000ETF,512100.XSHG,0.91,5300.0,15300.0,,2.0,2016-12-13,2016-12,"1000ETF
512100.XSHG"
2016-12-13 13:50:00,止盈,1000ETF,512100.XSHG,0.942,5400.0,9900.0,172.29,1.0,2016-12-13,2016-12,"1000ETF
512100.XSHG"
2016-12-16 10:09:00,止盈,纳指ETF,513100.XSHG,1.828,2800.0,400.0,150.69,1.0,2016-12-16,2016-12,"纳指ETF
513100.XSHG"
2016-12-21 09:31:00,加仓,黄金ETF,518880.XSHG,2.581,1800.0,15300.0,,8.0,2016-12-21,2016-12,"黄金ETF
518880.XSHG"
2016-12-26 10:35:00,止盈（部分）,纳指ETF,513100.XSHG,1.886,400.0,0.0,23.1,0.0,2016-12-26,2016-12,"纳指ETF
513100.XSHG"
2016-12-26 10:35:00,清仓,纳指ETF,513100.XSHG,,,,,0.0,2016-12-26,2016-12,"纳指ETF
513100.XSHG"
2016-12-26 10:36:00,重装建仓,纳指ETF,513100.XSHG,1.874,26600.0,26600.0,,,2016-12-26,2016-12,"纳指ETF
513100.XSHG"
2016-12-26 10:37:00,底仓到账,纳指ETF,513100.XSHG,,,26600.0,,10.0,2016-12-26,2016-12,"纳指ETF
513100.XSHG"
2016-12-30 13:31:00,加仓,纳指ETF,513100.XSHG,1.817,2600.0,29200.0,,11.0,2016-12-30,2016-12,"纳指ETF
513100.XSHG"
2016-12-30 13:32:00,等级校准,纳指ETF,513100.XSHG,,,29200.0,,,2016-12-30,2016-12,"纳指ETF
513100.XSHG"
2017-01-10 10:36:00,止盈,黄金ETF,518880.XSHG,2.659,1900.0,13400.0,147.69,7.0,2017-01-10,2017-01,"黄金ETF
518880.XSHG"
2017-01-13 13:46:00,加仓,创业板ETF易方达,159915.XSHE,1.838,2600.0,32200.0,,12.0,2017-01-13,2017-01,"创业板ETF易方达
159915.XSHE"
2017-01-13 13:47:00,等级校准,创业板ETF易方达,159915.XSHE,,,32200.0,,,2017-01-13,2017-01,"创业板ETF易方达
159915.XSHE"
2017-01-16 09:32:00,加仓,500ETF,510500.XSHG,6.462,700.0,4900.0,,7.0,2017-01-16,2017-01,"500ETF
510500.XSHG"
2017-01-16 14:03:00,加仓,创业板ETF易方达,159915.XSHE,1.782,2700.0,34900.0,,12.0,2017-01-16,2017-01,"创业板ETF易方达
159915.XSHE"
2017-01-16 14:27:00,加仓,500ETF,510500.XSHG,6.251,700.0,5600.0,,8.0,2017-01-16,2017-01,"500ETF
510500.XSHG"
2017-01-16 14:29:00,加仓,创业板ETF易方达,159915.XSHE,1.723,2800.0,37700.0,,13.0,2017-01-16,2017-01,"创业板ETF易方达
159915.XSHE"
2017-01-16 14:47:00,加仓,1000ETF,512100.XSHG,0.913,5300.0,15200.0,,2.0,2017-01-16,2017-01,"1000ETF
512100.XSHG"
2017-01-17 13:41:00,止盈,创业板ETF易方达,159915.XSHE,1.777,2900.0,34800.0,156.08,12.0,2017-01-17,2017-01,"创业板ETF易方达
159915.XSHE"
2017-01-19 14:57:00,加仓,1000ETF,512100.XSHG,0.882,5400.0,20600.0,,3.0,2017-01-19,2017-01,"1000ETF
512100.XSHG"
2017-01-23 09:35:00,止盈,500ETF,510500.XSHG,6.44,700.0,4900.0,131.85,7.0,2017-01-23,2017-01,"500ETF
510500.XSHG"
2017-01-23 09:49:00,止盈,1000ETF,512100.XSHG,0.91,5600.0,15000.0,156.29,2.0,2017-01-23,2017-01,"1000ETF
512100.XSHG"
2017-01-26 09:38:00,止盈,纳指ETF,513100.XSHG,1.874,2700.0,26500.0,153.39,10.0,2017-01-26,2017-01,"纳指ETF
513100.XSHG"
2017-02-09 09:31:00,止盈,黄金ETF,518880.XSHG,2.739,1800.0,11600.0,143.51,6.0,2017-02-09,2017-02,"黄金ETF
518880.XSHG"
2017-02-09 09:56:00,止盈,创业板ETF易方达,159915.XSHE,1.831,2800.0,32000.0,150.69,11.0,2017-02-09,2017-02,"创业板ETF易方达
159915.XSHE"
2017-02-09 10:14:00,止盈,1000ETF,512100.XSHG,0.938,5400.0,9600.0,150.69,1.0,2017-02-09,2017-02,"1000ETF
512100.XSHG"
2017-02-10 13:22:00,止盈,500ETF,510500.XSHG,6.634,700.0,4200.0,135.34,6.0,2017-02-10,2017-02,"500ETF
510500.XSHG"
2017-02-14 09:31:00,止盈,纳指ETF,513100.XSHG,1.932,2600.0,23900.0,150.3,9.0,2017-02-14,2017-02,"纳指ETF
513100.XSHG"
2017-03-02 09:56:00,止盈,纳指ETF,513100.XSHG,1.992,2500.0,21400.0,149.5,8.0,2017-03-02,2017-03,"纳指ETF
513100.XSHG"
2017-03-06 09:31:00,止盈,1000ETF,512100.XSHG,0.975,5300.0,4300.0,195.58,1.0,2017-03-06,2017-03,"1000ETF
512100.XSHG"
2017-03-07 09:35:00,止盈,创业板ETF易方达,159915.XSHE,1.886,2700.0,29300.0,147.99,11.0,2017-03-07,2017-03,"创业板ETF易方达
159915.XSHE"
2017-03-07 14:59:00,止盈,500ETF,510500.XSHG,6.834,700.0,3500.0,139.52,5.0,2017-03-07,2017-03,"500ETF
510500.XSHG"
2017-03-30 10:00:00,加仓,创业板ETF易方达,159915.XSHE,1.829,2600.0,31900.0,,12.0,2017-03-30,2017-03,"创业板ETF易方达
159915.XSHE"
2017-03-30 10:01:00,等级校准,创业板ETF易方达,159915.XSHE,,,31900.0,,,2017-03-30,2017-03,"创业板ETF易方达
159915.XSHE"
2017-03-30 11:02:00,加仓,1000ETF,512100.XSHG,0.945,5100.0,9400.0,,2.0,2017-03-30,2017-03,"1000ETF
512100.XSHG"
2017-03-30 11:03:00,等级校准,1000ETF,512100.XSHG,,,9400.0,,,2017-03-30,2017-03,"1000ETF
512100.XSHG"
2017-04-07 10:02:00,止盈,黄金ETF,518880.XSHG,2.824,1800.0,9800.0,152.49,5.0,2017-04-07,2017-04,"黄金ETF
518880.XSHG"
2017-04-17 09:31:00,加仓,纳指ETF,513100.XSHG,1.931,2500.0,23900.0,,9.0,2017-04-17,2017-04,"纳指ETF
513100.XSHG"
2017-04-18 14:41:00,加仓,创业板ETF易方达,159915.XSHE,1.773,2700.0,34600.0,,12.0,2017-04-18,2017-04,"创业板ETF易方达
159915.XSHE"
2017-04-19 09:41:00,加仓,1000ETF,512100.XSHG,0.915,5200.0,14600.0,,2.0,2017-04-19,2017-04,"1000ETF
512100.XSHG"
2017-04-19 10:11:00,加仓,500ETF,510500.XSHG,6.609,700.0,4200.0,,6.0,2017-04-19,2017-04,"500ETF
510500.XSHG"
2017-04-24 09:45:00,加仓,1000ETF,512100.XSHG,0.886,5400.0,20000.0,,3.0,2017-04-24,2017-04,"1000ETF
512100.XSHG"
2017-04-25 09:31:00,止盈,纳指ETF,513100.XSHG,1.998,2500.0,21400.0,167.0,8.0,2017-04-25,2017-04,"纳指ETF
513100.XSHG"
2017-04-27 09:37:00,加仓,500ETF,510500.XSHG,6.406,700.0,4900.0,,7.0,2017-04-27,2017-04,"500ETF
510500.XSHG"
2017-05-04 14:39:00,加仓,黄金ETF,518880.XSHG,2.739,1700.0,11500.0,,6.0,2017-05-04,2017-05,"黄金ETF
518880.XSHG"
2017-05-08 10:46:00,止盈,纳指ETF,513100.XSHG,2.058,2500.0,18900.0,149.49,7.0,2017-05-08,2017-05,"纳指ETF
513100.XSHG"
2017-05-08 14:54:00,加仓,创业板ETF易方达,159915.XSHE,1.716,2800.0,37400.0,,13.0,2017-05-08,2017-05,"创业板ETF易方达
159915.XSHE"
2017-05-08 14:55:00,等级校准,创业板ETF易方达,159915.XSHE,,,37400.0,,,2017-05-08,2017-05,"创业板ETF易方达
159915.XSHE"
2017-05-09 09:32:00,加仓,1000ETF,512100.XSHG,0.856,5600.0,25600.0,,4.0,2017-05-09,2017-05,"1000ETF
512100.XSHG"
2017-05-09 10:03:00,加仓,500ETF,510500.XSHG,6.213,700.0,5600.0,,8.0,2017-05-09,2017-05,"500ETF
510500.XSHG"
2017-05-09 10:04:00,等级校准,500ETF,510500.XSHG,,,5600.0,,,2017-05-09,2017-05,"500ETF
510500.XSHG"
2017-05-11 13:05:00,加仓,1000ETF,512100.XSHG,0.83,5800.0,31400.0,,5.0,2017-05-11,2017-05,"1000ETF
512100.XSHG"
2017-05-11 13:15:00,加仓,创业板ETF易方达,159915.XSHE,1.663,2900.0,40300.0,,13.0,2017-05-11,2017-05,"创业板ETF易方达
159915.XSHE"
2017-05-11 13:17:00,加仓,500ETF,510500.XSHG,6.012,800.0,6400.0,,8.0,2017-05-11,2017-05,"500ETF
510500.XSHG"
2017-05-16 13:00:00,止盈,500ETF,510500.XSHG,6.195,800.0,5600.0,145.9,7.0,2017-05-16,2017-05,"500ETF
510500.XSHG"
2017-05-16 13:23:00,止盈,创业板ETF易方达,159915.XSHE,1.713,3000.0,37300.0,149.49,12.0,2017-05-16,2017-05,"创业板ETF易方达
159915.XSHE"
2017-05-16 14:21:00,止盈,1000ETF,512100.XSHG,0.855,6000.0,25400.0,149.49,4.0,2017-05-16,2017-05,"1000ETF
512100.XSHG"
2017-05-23 11:29:00,加仓,1000ETF,512100.XSHG,0.829,5800.0,31200.0,,5.0,2017-05-23,2017-05,"1000ETF
512100.XSHG"
2017-05-24 09:33:00,加仓,500ETF,510500.XSHG,6.009,800.0,6400.0,,8.0,2017-05-24,2017-05,"500ETF
510500.XSHG"
2017-05-24 09:40:00,加仓,1000ETF,512100.XSHG,0.804,6000.0,37200.0,,6.0,2017-05-24,2017-05,"1000ETF
512100.XSHG"
2017-05-24 09:40:00,加仓,创业板ETF易方达,159915.XSHE,1.66,2900.0,40200.0,,13.0,2017-05-24,2017-05,"创业板ETF易方达
159915.XSHE"
2017-05-25 13:43:00,止盈,创业板ETF易方达,159915.XSHE,1.71,3000.0,37200.0,149.49,12.0,2017-05-25,2017-05,"创业板ETF易方达
159915.XSHE"
2017-05-26 09:31:00,止盈,1000ETF,512100.XSHG,0.844,6200.0,31000.0,247.48,5.0,2017-05-26,2017-05,"1000ETF
512100.XSHG"
2017-05-31 09:31:00,止盈,500ETF,510500.XSHG,6.207,800.0,5600.0,157.9,7.0,2017-05-31,2017-05,"500ETF
510500.XSHG"
2017-06-01 11:19:00,加仓,1000ETF,512100.XSHG,0.818,5900.0,36900.0,,6.0,2017-06-01,2017-06,"1000ETF
512100.XSHG"
2017-06-01 14:27:00,加仓,500ETF,510500.XSHG,6.02,800.0,6400.0,,8.0,2017-06-01,2017-06,"500ETF
510500.XSHG"
2017-06-02 09:31:00,加仓,创业板ETF易方达,159915.XSHE,1.653,2900.0,40100.0,,13.0,2017-06-02,2017-06,"创业板ETF易方达
159915.XSHE"
2017-06-02 09:36:00,止盈,纳指ETF,513100.XSHG,2.125,2400.0,16500.0,160.29,7.0,2017-06-02,2017-06,"纳指ETF
513100.XSHG"
2017-06-06 14:28:00,止盈,黄金ETF,518880.XSHG,2.822,1800.0,9700.0,148.89,5.0,2017-06-06,2017-06,"黄金ETF
518880.XSHG"
2017-06-07 10:15:00,止盈,创业板ETF易方达,159915.XSHE,1.703,3000.0,37100.0,149.49,12.0,2017-06-07,2017-06,"创业板ETF易方达
159915.XSHE"
2017-06-07 11:28:00,止盈,500ETF,510500.XSHG,6.202,800.0,5600.0,145.1,7.0,2017-06-07,2017-06,"500ETF
510500.XSHG"
2017-06-08 09:31:00,止盈,1000ETF,512100.XSHG,0.843,6100.0,30800.0,151.99,5.0,2017-06-08,2017-06,"1000ETF
512100.XSHG"
2017-06-15 09:32:00,加仓,纳指ETF,513100.XSHG,2.058,2300.0,18800.0,,8.0,2017-06-15,2017-06,"纳指ETF
513100.XSHG"
2017-06-15 09:33:00,等级校准,纳指ETF,513100.XSHG,,,18800.0,,,2017-06-15,2017-06,"纳指ETF
513100.XSHG"
2017-06-20 09:37:00,止盈,创业板ETF易方达,159915.XSHE,1.758,2900.0,34200.0,158.99,12.0,2017-06-20,2017-06,"创业板ETF易方达
159915.XSHE"
2017-06-20 13:11:00,止盈,500ETF,510500.XSHG,6.389,800.0,4800.0,149.09,6.0,2017-06-20,2017-06,"500ETF
510500.XSHG"
2017-06-29 14:30:00,加仓,黄金ETF,518880.XSHG,2.737,1700.0,11400.0,,6.0,2017-06-29,2017-06,"黄金ETF
518880.XSHG"
2017-07-04 09:33:00,加仓,纳指ETF,513100.XSHG,1.995,2400.0,21200.0,,8.0,2017-07-04,2017-07,"纳指ETF
513100.XSHG"
2017-07-06 10:06:00,止盈,1000ETF,512100.XSHG,0.87,5900.0,24900.0,158.79,4.0,2017-07-06,2017-07,"1000ETF
512100.XSHG"
2017-07-11 11:11:00,加仓,创业板ETF易方达,159915.XSHE,1.705,2800.0,37000.0,,13.0,2017-07-11,2017-07,"创业板ETF易方达
159915.XSHE"
2017-07-11 11:12:00,等级校准,创业板ETF易方达,159915.XSHE,,,37000.0,,,2017-07-11,2017-07,"创业板ETF易方达
159915.XSHE"
2017-07-12 10:58:00,加仓,1000ETF,512100.XSHG,0.842,5700.0,30600.0,,5.0,2017-07-12,2017-07,"1000ETF
512100.XSHG"
2017-07-13 09:31:00,止盈,纳指ETF,513100.XSHG,2.058,2500.0,18700.0,156.99,7.0,2017-07-13,2017-07,"纳指ETF
513100.XSHG"
2017-07-17 09:31:00,加仓,创业板ETF易方达,159915.XSHE,1.646,2900.0,39900.0,,13.0,2017-07-17,2017-07,"创业板ETF易方达
159915.XSHE"
2017-07-17 09:46:00,加仓,1000ETF,512100.XSHG,0.814,5900.0,36500.0,,6.0,2017-07-17,2017-07,"1000ETF
512100.XSHG"
2017-07-17 09:47:00,加仓,500ETF,510500.XSHG,6.189,700.0,5500.0,,7.0,2017-07-17,2017-07,"500ETF
510500.XSHG"
2017-07-17 09:47:00,等级校准,1000ETF,512100.XSHG,,,36500.0,,,2017-07-17,2017-07,"1000ETF
512100.XSHG"
2017-07-17 09:48:00,等级校准,500ETF,510500.XSHG,,,5500.0,,,2017-07-17,2017-07,"500ETF
510500.XSHG"
2017-07-17 09:48:00,加仓,创业板ETF易方达,159915.XSHE,1.593,3000.0,42900.0,,14.0,2017-07-17,2017-07,"创业板ETF易方达
159915.XSHE"
2017-07-17 09:49:00,等级校准,创业板ETF易方达,159915.XSHE,,,42900.0,,,2017-07-17,2017-07,"创业板ETF易方达
159915.XSHE"
2017-07-19 14:55:00,止盈,500ETF,510500.XSHG,6.377,800.0,4700.0,149.89,6.0,2017-07-19,2017-07,"500ETF
510500.XSHG"
2017-07-27 10:46:00,止盈,1000ETF,512100.XSHG,0.839,6100.0,30400.0,151.99,5.0,2017-07-27,2017-07,"1000ETF
512100.XSHG"
2017-07-27 13:08:00,止盈,创业板ETF易方达,159915.XSHE,1.642,3100.0,39800.0,151.39,13.0,2017-07-27,2017-07,"创业板ETF易方达
159915.XSHE"
2017-07-31 11:06:00,止盈,500ETF,510500.XSHG,6.572,700.0,4000.0,136.04,5.0,2017-07-31,2017-07,"500ETF
510500.XSHG"
2017-08-14 11:08:00,止盈,创业板ETF易方达,159915.XSHE,1.692,3000.0,36800.0,149.49,12.0,2017-08-14,2017-08,"创业板ETF易方达
159915.XSHE"
2017-08-14 14:28:00,止盈,1000ETF,512100.XSHG,0.869,5900.0,24500.0,176.49,4.0,2017-08-14,2017-08,"1000ETF
512100.XSHG"
2017-08-16 13:53:00,止盈,创业板ETF易方达,159915.XSHE,1.743,2900.0,33900.0,147.39,12.0,2017-08-16,2017-08,"创业板ETF易方达
159915.XSHE"
2017-08-28 10:32:00,止盈,500ETF,510500.XSHG,6.772,700.0,3300.0,139.53,4.0,2017-08-28,2017-08,"500ETF
510500.XSHG"
2017-09-04 11:17:00,止盈,创业板ETF易方达,159915.XSHE,1.797,2800.0,31100.0,150.7,11.0,2017-09-04,2017-09,"创业板ETF易方达
159915.XSHE"
2017-09-04 13:01:00,止盈,1000ETF,512100.XSHG,0.896,5700.0,18800.0,153.39,3.0,2017-09-04,2017-09,"1000ETF
512100.XSHG"
2017-09-11 09:58:00,止盈,1000ETF,512100.XSHG,0.938,5500.0,13300.0,230.48,2.0,2017-09-11,2017-09,"1000ETF
512100.XSHG"
2017-09-11 10:06:00,加仓,1000ETF,512100.XSHG,0.904,5300.0,18600.0,,3.0,2017-09-11,2017-09,"1000ETF
512100.XSHG"
2017-09-11 11:07:00,止盈,500ETF,510500.XSHG,6.977,700.0,2600.0,143.01,3.0,2017-09-11,2017-09,"500ETF
510500.XSHG"
2017-09-26 13:46:00,加仓,创业板ETF易方达,159915.XSHE,1.743,2700.0,33800.0,,12.0,2017-09-26,2017-09,"创业板ETF易方达
159915.XSHE"
2017-10-09 09:31:00,止盈,创业板ETF易方达,159915.XSHE,1.803,2800.0,31000.0,167.5,11.0,2017-10-09,2017-10,"创业板ETF易方达
159915.XSHE"
2017-10-17 09:32:00,止盈,纳指ETF,513100.XSHG,2.12,2400.0,16300.0,148.29,7.0,2017-10-17,2017-10,"纳指ETF
513100.XSHG"
2017-10-30 10:07:00,加仓,1000ETF,512100.XSHG,0.875,5500.0,24100.0,,4.0,2017-10-30,2017-10,"1000ETF
512100.XSHG"
2017-11-01 09:32:00,止盈,纳指ETF,513100.XSHG,2.185,2300.0,14000.0,149.0,6.0,2017-11-01,2017-11,"纳指ETF
513100.XSHG"
2017-11-02 14:50:00,加仓,创业板ETF易方达,159915.XSHE,1.748,2700.0,33700.0,,12.0,2017-11-02,2017-11,"创业板ETF易方达
159915.XSHE"
2017-11-03 13:19:00,加仓,500ETF,510500.XSHG,6.762,700.0,3300.0,,4.0,2017-11-03,2017-11,"500ETF
510500.XSHG"
2017-11-10 10:16:00,止盈,500ETF,510500.XSHG,6.966,700.0,2600.0,142.31,3.0,2017-11-10,2017-11,"500ETF
510500.XSHG"
2017-11-13 10:00:00,止盈,创业板ETF易方达,159915.XSHE,1.801,2800.0,30900.0,147.9,11.0,2017-11-13,2017-11,"创业板ETF易方达
159915.XSHE"
2017-11-17 13:20:00,加仓,创业板ETF易方达,159915.XSHE,1.746,2700.0,33600.0,,12.0,2017-11-17,2017-11,"创业板ETF易方达
159915.XSHE"
2017-11-17 14:11:00,加仓,500ETF,510500.XSHG,6.757,700.0,3300.0,,4.0,2017-11-17,2017-11,"500ETF
510500.XSHG"
2017-11-17 14:16:00,加仓,1000ETF,512100.XSHG,0.848,5700.0,29800.0,,5.0,2017-11-17,2017-11,"1000ETF
512100.XSHG"
2017-11-20 09:30:00,加仓,1000ETF,512100.XSHG,0.82,5800.0,35600.0,,6.0,2017-11-20,2017-11,"1000ETF
512100.XSHG"
2017-11-20 09:31:00,等级校准,1000ETF,512100.XSHG,,,35600.0,,,2017-11-20,2017-11,"1000ETF
512100.XSHG"
2017-11-20 10:26:00,止盈,1000ETF,512100.XSHG,0.845,6000.0,29600.0,149.49,5.0,2017-11-20,2017-11,"1000ETF
512100.XSHG"
2017-11-24 09:30:00,加仓,创业板ETF易方达,159915.XSHE,1.692,2800.0,36400.0,,13.0,2017-11-24,2017-11,"创业板ETF易方达
159915.XSHE"
2017-11-24 09:31:00,等级校准,创业板ETF易方达,159915.XSHE,,,36400.0,,,2017-11-24,2017-11,"创业板ETF易方达
159915.XSHE"
2017-11-27 14:05:00,加仓,500ETF,510500.XSHG,6.553,700.0,4000.0,,5.0,2017-11-27,2017-11,"500ETF
510500.XSHG"
2017-12-04 09:32:00,止盈,纳指ETF,513100.XSHG,2.255,2200.0,11800.0,153.5,5.0,2017-12-04,2017-12,"纳指ETF
513100.XSHG"
2017-12-05 11:13:00,加仓,1000ETF,512100.XSHG,0.819,5900.0,35500.0,,6.0,2017-12-05,2017-12,"1000ETF
512100.XSHG"
2017-12-05 11:14:00,等级校准,1000ETF,512100.XSHG,,,35500.0,,,2017-12-05,2017-12,"1000ETF
512100.XSHG"
2017-12-05 13:57:00,加仓,创业板ETF易方达,159915.XSHE,1.641,2900.0,39300.0,,13.0,2017-12-05,2017-12,"创业板ETF易方达
159915.XSHE"
2017-12-06 09:35:00,加仓,纳指ETF,513100.XSHG,2.18,2200.0,14000.0,,6.0,2017-12-06,2017-12,"纳指ETF
513100.XSHG"
2017-12-08 09:31:00,加仓,黄金ETF,518880.XSHG,2.65,1800.0,13200.0,,7.0,2017-12-08,2017-12,"黄金ETF
518880.XSHG"
2017-12-11 10:23:00,止盈,创业板ETF易方达,159915.XSHE,1.691,3000.0,36300.0,149.49,12.0,2017-12-11,2017-12,"创业板ETF易方达
159915.XSHE"
2017-12-18 09:31:00,止盈,纳指ETF,513100.XSHG,2.257,2200.0,11800.0,168.9,5.0,2017-12-18,2017-12,"纳指ETF
513100.XSHG"
2017-12-25 13:33:00,加仓,创业板ETF易方达,159915.XSHE,1.64,2900.0,39200.0,,13.0,2017-12-25,2017-12,"创业板ETF易方达
159915.XSHE"
2018-01-03 09:31:00,止盈,黄金ETF,518880.XSHG,2.742,1800.0,11400.0,165.11,6.0,2018-01-03,2018-01,"黄金ETF
518880.XSHG"
2018-01-03 13:19:00,止盈,创业板ETF易方达,159915.XSHE,1.69,3000.0,36200.0,149.49,12.0,2018-01-03,2018-01,"创业板ETF易方达
159915.XSHE"
2018-01-05 09:39:00,止盈,500ETF,510500.XSHG,6.752,700.0,3300.0,138.83,4.0,2018-01-05,2018-01,"500ETF
510500.XSHG"
2018-01-15 14:33:00,加仓,创业板ETF易方达,159915.XSHE,1.639,2900.0,39100.0,,13.0,2018-01-15,2018-01,"创业板ETF易方达
159915.XSHE"
2018-01-17 09:50:00,加仓,500ETF,510500.XSHG,6.547,700.0,4000.0,,5.0,2018-01-17,2018-01,"500ETF
510500.XSHG"
2018-01-23 09:35:00,止盈,纳指ETF,513100.XSHG,2.325,2200.0,9600.0,149.09,4.0,2018-01-23,2018-01,"纳指ETF
513100.XSHG"
2018-01-24 10:34:00,止盈,创业板ETF易方达,159915.XSHE,1.692,3000.0,36100.0,158.49,12.0,2018-01-24,2018-01,"创业板ETF易方达
159915.XSHE"
2018-01-25 09:41:00,止盈,500ETF,510500.XSHG,6.744,700.0,3300.0,137.43,4.0,2018-01-25,2018-01,"500ETF
510500.XSHG"
2018-01-25 10:15:00,止盈,创业板ETF易方达,159915.XSHE,1.744,2900.0,33200.0,150.29,11.0,2018-01-25,2018-01,"创业板ETF易方达
159915.XSHE"
2018-01-30 10:54:00,加仓,创业板ETF易方达,159915.XSHE,1.691,2800.0,36000.0,,12.0,2018-01-30,2018-01,"创业板ETF易方达
159915.XSHE"
2018-01-31 09:53:00,加仓,500ETF,510500.XSHG,6.54,700.0,4000.0,,5.0,2018-01-31,2018-01,"500ETF
510500.XSHG"
2018-01-31 13:43:00,加仓,创业板ETF易方达,159915.XSHE,1.64,2900.0,38900.0,,13.0,2018-01-31,2018-01,"创业板ETF易方达
159915.XSHE"
2018-01-31 13:44:00,等级校准,创业板ETF易方达,159915.XSHE,,,38900.0,,,2018-01-31,2018-01,"创业板ETF易方达
159915.XSHE"
2018-02-01 09:56:00,加仓,1000ETF,512100.XSHG,0.794,6100.0,41600.0,,6.0,2018-02-01,2018-02,"1000ETF
512100.XSHG"
2018-02-01 13:09:00,加仓,500ETF,510500.XSHG,6.339,700.0,4700.0,,6.0,2018-02-01,2018-02,"500ETF
510500.XSHG"
2018-02-01 13:16:00,加仓,1000ETF,512100.XSHG,0.768,6200.0,47800.0,,7.0,2018-02-01,2018-02,"1000ETF
512100.XSHG"
2018-02-02 09:34:00,加仓,创业板ETF易方达,159915.XSHE,1.588,3000.0,41900.0,,13.0,2018-02-02,2018-02,"创业板ETF易方达
159915.XSHE"
2018-02-02 09:39:00,加仓,1000ETF,512100.XSHG,0.744,6500.0,54300.0,,8.0,2018-02-02,2018-02,"1000ETF
512100.XSHG"
2018-02-05 09:31:00,加仓,纳指ETF,513100.XSHG,2.242,2100.0,11700.0,,5.0,2018-02-05,2018-02,"纳指ETF
513100.XSHG"
2018-02-06 09:31:00,加仓,纳指ETF,513100.XSHG,2.093,2200.0,13900.0,,6.0,2018-02-06,2018-02,"纳指ETF
513100.XSHG"
2018-02-06 10:59:00,加仓,500ETF,510500.XSHG,6.148,700.0,5400.0,,7.0,2018-02-06,2018-02,"500ETF
510500.XSHG"
2018-02-06 11:00:00,等级校准,500ETF,510500.XSHG,,,5400.0,,,2018-02-06,2018-02,"500ETF
510500.XSHG"
2018-02-06 13:06:00,加仓,创业板ETF易方达,159915.XSHE,1.54,3100.0,45000.0,,14.0,2018-02-06,2018-02,"创业板ETF易方达
159915.XSHE"
2018-02-07 09:31:00,止盈,纳指ETF,513100.XSHG,2.164,2300.0,11600.0,162.8,5.0,2018-02-07,2018-02,"纳指ETF
513100.XSHG"
2018-02-07 10:58:00,加仓,创业板ETF易方达,159915.XSHE,1.492,3200.0,48200.0,,15.0,2018-02-07,2018-02,"创业板ETF易方达
159915.XSHE"
2018-02-07 10:59:00,等级校准,创业板ETF易方达,159915.XSHE,,,48200.0,,,2018-02-07,2018-02,"创业板ETF易方达
159915.XSHE"
2018-02-07 11:01:00,加仓,1000ETF,512100.XSHG,0.721,6700.0,61000.0,,9.0,2018-02-07,2018-02,"1000ETF
512100.XSHG"
2018-02-07 11:02:00,加仓,500ETF,510500.XSHG,5.956,800.0,6200.0,,7.0,2018-02-07,2018-02,"500ETF
510500.XSHG"
2018-02-07 11:02:00,等级校准,1000ETF,512100.XSHG,,,61000.0,,,2018-02-07,2018-02,"1000ETF
512100.XSHG"
2018-02-07 13:43:00,止盈,创业板ETF易方达,159915.XSHE,1.537,3300.0,44900.0,147.99,14.0,2018-02-07,2018-02,"创业板ETF易方达
159915.XSHE"
2018-02-09 09:31:00,加仓,纳指ETF,513100.XSHG,2.078,2300.0,13900.0,,6.0,2018-02-09,2018-02,"纳指ETF
513100.XSHG"
2018-02-09 09:32:00,等级校准,纳指ETF,513100.XSHG,,,13900.0,,,2018-02-09,2018-02,"纳指ETF
513100.XSHG"
2018-02-09 14:06:00,加仓,创业板ETF易方达,159915.XSHE,1.49,3200.0,48100.0,,15.0,2018-02-09,2018-02,"创业板ETF易方达
159915.XSHE"
2018-02-09 14:07:00,等级校准,创业板ETF易方达,159915.XSHE,,,48100.0,,,2018-02-09,2018-02,"创业板ETF易方达
159915.XSHE"
2018-02-12 11:15:00,止盈,创业板ETF易方达,159915.XSHE,1.535,3300.0,44800.0,147.99,14.0,2018-02-12,2018-02,"创业板ETF易方达
159915.XSHE"
2018-02-13 09:31:00,止盈,纳指ETF,513100.XSHG,2.164,2400.0,11500.0,205.88,5.0,2018-02-13,2018-02,"纳指ETF
513100.XSHG"
2018-02-22 09:31:00,止盈,纳指ETF,513100.XSHG,2.231,2300.0,9200.0,153.59,4.0,2018-02-22,2018-02,"纳指ETF
513100.XSHG"
2018-02-22 10:02:00,止盈,1000ETF,512100.XSHG,0.743,6900.0,54100.0,151.29,8.0,2018-02-22,2018-02,"1000ETF
512100.XSHG"
2018-02-22 10:09:00,止盈,500ETF,510500.XSHG,6.137,800.0,5400.0,144.31,6.0,2018-02-22,2018-02,"500ETF
510500.XSHG"
2018-02-23 09:39:00,止盈,创业板ETF易方达,159915.XSHE,1.582,3200.0,41600.0,149.89,13.0,2018-02-23,2018-02,"创业板ETF易方达
159915.XSHE"
2018-02-26 09:41:00,止盈,纳指ETF,513100.XSHG,2.298,2200.0,7000.0,146.89,3.0,2018-02-26,2018-02,"纳指ETF
513100.XSHG"
2018-02-26 13:38:00,止盈,500ETF,510500.XSHG,6.325,800.0,4600.0,149.89,6.0,2018-02-26,2018-02,"500ETF
510500.XSHG"
2018-02-26 14:12:00,止盈,创业板ETF易方达,159915.XSHE,1.63,3100.0,38500.0,148.29,12.0,2018-02-26,2018-02,"创业板ETF易方达
159915.XSHE"
2018-02-27 09:31:00,止盈,1000ETF,512100.XSHG,0.766,6700.0,47400.0,153.59,7.0,2018-02-27,2018-02,"1000ETF
512100.XSHG"
2018-03-01 13:39:00,止盈,创业板ETF易方达,159915.XSHE,1.681,3000.0,35500.0,152.5,12.0,2018-03-01,2018-03,"创业板ETF易方达
159915.XSHE"
2018-03-06 13:01:00,止盈,1000ETF,512100.XSHG,0.789,6500.0,40900.0,148.99,6.0,2018-03-06,2018-03,"1000ETF
512100.XSHG"
2018-03-09 13:07:00,止盈,创业板ETF易方达,159915.XSHE,1.732,2900.0,32600.0,147.4,11.0,2018-03-09,2018-03,"创业板ETF易方达
159915.XSHE"
2018-03-09 13:15:00,止盈,500ETF,510500.XSHG,6.515,700.0,3900.0,132.54,5.0,2018-03-09,2018-03,"500ETF
510500.XSHG"
2018-03-12 09:31:00,止盈,纳指ETF,513100.XSHG,2.371,2100.0,4900.0,152.8,2.0,2018-03-12,2018-03,"纳指ETF
513100.XSHG"
2018-03-12 09:50:00,止盈,1000ETF,512100.XSHG,0.813,6300.0,34600.0,150.69,5.0,2018-03-12,2018-03,"1000ETF
512100.XSHG"
2018-03-12 10:05:00,止盈,创业板ETF易方达,159915.XSHE,1.784,2800.0,29800.0,145.1,10.0,2018-03-12,2018-03,"创业板ETF易方达
159915.XSHE"
2018-03-15 09:31:00,加仓,创业板ETF易方达,159915.XSHE,1.73,2800.0,32600.0,,11.0,2018-03-15,2018-03,"创业板ETF易方达
159915.XSHE"
2018-03-20 09:31:00,加仓,纳指ETF,513100.XSHG,2.295,2100.0,7000.0,,3.0,2018-03-20,2018-03,"纳指ETF
513100.XSHG"
2018-03-23 09:31:00,加仓,纳指ETF,513100.XSHG,2.213,2100.0,9100.0,,4.0,2018-03-23,2018-03,"纳指ETF
513100.XSHG"
2018-03-23 09:31:00,加仓,500ETF,510500.XSHG,6.232,700.0,4600.0,,6.0,2018-03-23,2018-03,"500ETF
510500.XSHG"
2018-03-23 09:31:00,加仓,1000ETF,512100.XSHG,0.786,6100.0,40700.0,,6.0,2018-03-23,2018-03,"1000ETF
512100.XSHG"
2018-03-23 09:31:00,加仓,创业板ETF易方达,159915.XSHE,1.66,2800.0,35400.0,,12.0,2018-03-23,2018-03,"创业板ETF易方达
159915.XSHE"
2018-03-23 09:32:00,等级校准,500ETF,510500.XSHG,,,4600.0,,,2018-03-23,2018-03,"500ETF
510500.XSHG"
2018-03-23 09:32:00,等级校准,创业板ETF易方达,159915.XSHE,,,35400.0,,,2018-03-23,2018-03,"创业板ETF易方达
159915.XSHE"
2018-03-23 13:06:00,加仓,1000ETF,512100.XSHG,0.762,6300.0,47000.0,,7.0,2018-03-23,2018-03,"1000ETF
512100.XSHG"
2018-03-23 14:16:00,加仓,500ETF,510500.XSHG,6.045,800.0,5400.0,,6.0,2018-03-23,2018-03,"500ETF
510500.XSHG"
2018-03-26 09:36:00,加仓,创业板ETF易方达,159915.XSHE,1.606,3000.0,38400.0,,12.0,2018-03-26,2018-03,"创业板ETF易方达
159915.XSHE"
2018-03-26 09:38:00,加仓,1000ETF,512100.XSHG,0.738,6500.0,53500.0,,8.0,2018-03-26,2018-03,"1000ETF
512100.XSHG"
2018-03-26 09:39:00,等级校准,1000ETF,512100.XSHG,,,53500.0,,,2018-03-26,2018-03,"1000ETF
512100.XSHG"
2018-03-26 14:14:00,止盈,创业板ETF易方达,159915.XSHE,1.656,3100.0,35300.0,154.49,11.0,2018-03-26,2018-03,"创业板ETF易方达
159915.XSHE"
2018-03-26 14:24:00,止盈,1000ETF,512100.XSHG,0.761,6700.0,46800.0,153.59,7.0,2018-03-26,2018-03,"1000ETF
512100.XSHG"
2018-03-27 09:31:00,止盈,500ETF,510500.XSHG,6.259,800.0,4600.0,170.7,6.0,2018-03-27,2018-03,"500ETF
510500.XSHG"
2018-03-27 09:51:00,止盈,创业板ETF易方达,159915.XSHE,1.706,3000.0,32300.0,149.49,11.0,2018-03-27,2018-03,"创业板ETF易方达
159915.XSHE"
2018-03-27 11:01:00,止盈,1000ETF,512100.XSHG,0.784,6500.0,40300.0,148.99,6.0,2018-03-27,2018-03,"1000ETF
512100.XSHG"
2018-03-30 10:16:00,止盈,创业板ETF易方达,159915.XSHE,1.758,2900.0,29400.0,150.29,10.0,2018-03-30,2018-03,"创业板ETF易方达
159915.XSHE"
2018-04-02 09:31:00,止盈,500ETF,510500.XSHG,6.448,700.0,3900.0,131.85,5.0,2018-04-02,2018-04,"500ETF
510500.XSHG"
2018-04-02 13:15:00,止盈,1000ETF,512100.XSHG,0.808,6300.0,34000.0,150.69,5.0,2018-04-02,2018-04,"1000ETF
512100.XSHG"
2018-04-03 09:31:00,加仓,纳指ETF,513100.XSHG,2.13,2200.0,11300.0,,5.0,2018-04-03,2018-04,"纳指ETF
513100.XSHG"
2018-04-03 09:32:00,等级校准,纳指ETF,513100.XSHG,,,11300.0,,,2018-04-03,2018-04,"纳指ETF
513100.XSHG"
2018-04-09 09:42:00,加仓,1000ETF,512100.XSHG,0.783,6100.0,40100.0,,6.0,2018-04-09,2018-04,"1000ETF
512100.XSHG"
2018-04-11 09:31:00,止盈,纳指ETF,513100.XSHG,2.202,2300.0,9000.0,165.09,4.0,2018-04-11,2018-04,"纳指ETF
513100.XSHG"
2018-04-17 13:07:00,加仓,创业板ETF易方达,159915.XSHE,1.705,2800.0,32200.0,,11.0,2018-04-17,2018-04,"创业板ETF易方达
159915.XSHE"
2018-04-17 13:11:00,加仓,500ETF,510500.XSHG,6.251,700.0,4600.0,,6.0,2018-04-17,2018-04,"500ETF
510500.XSHG"
2018-04-23 13:09:00,加仓,创业板ETF易方达,159915.XSHE,1.653,2900.0,35100.0,,12.0,2018-04-23,2018-04,"创业板ETF易方达
159915.XSHE"
2018-04-23 13:10:00,等级校准,创业板ETF易方达,159915.XSHE,,,35100.0,,,2018-04-23,2018-04,"创业板ETF易方达
159915.XSHE"
2018-04-23 13:52:00,加仓,1000ETF,512100.XSHG,0.759,6300.0,46400.0,,7.0,2018-04-23,2018-04,"1000ETF
512100.XSHG"
2018-04-23 14:27:00,加仓,500ETF,510500.XSHG,6.063,700.0,5300.0,,7.0,2018-04-23,2018-04,"500ETF
510500.XSHG"
2018-04-23 14:28:00,等级校准,500ETF,510500.XSHG,,,5300.0,,,2018-04-23,2018-04,"500ETF
510500.XSHG"
2018-04-24 11:18:00,止盈,500ETF,510500.XSHG,6.249,800.0,4500.0,148.3,5.0,2018-04-24,2018-04,"500ETF
510500.XSHG"
2018-04-24 14:22:00,止盈,创业板ETF易方达,159915.XSHE,1.703,3000.0,32100.0,149.49,11.0,2018-04-24,2018-04,"创业板ETF易方达
159915.XSHE"
2018-04-25 14:14:00,止盈,1000ETF,512100.XSHG,0.782,6500.0,39900.0,148.99,6.0,2018-04-25,2018-04,"1000ETF
512100.XSHG"
2018-05-03 09:51:00,加仓,1000ETF,512100.XSHG,0.758,6300.0,46200.0,,7.0,2018-05-03,2018-05,"1000ETF
512100.XSHG"
2018-05-07 09:31:00,止盈,纳指ETF,513100.XSHG,2.27,2200.0,6800.0,149.1,3.0,2018-05-07,2018-05,"纳指ETF
513100.XSHG"
2018-05-07 11:21:00,止盈,1000ETF,512100.XSHG,0.781,6500.0,39700.0,148.99,6.0,2018-05-07,2018-05,"1000ETF
512100.XSHG"
2018-05-09 09:37:00,止盈,创业板ETF易方达,159915.XSHE,1.755,2900.0,29200.0,150.29,10.0,2018-05-09,2018-05,"创业板ETF易方达
159915.XSHE"
2018-05-16 09:31:00,加仓,黄金ETF,518880.XSHG,2.654,1800.0,13200.0,,7.0,2018-05-16,2018-05,"黄金ETF
518880.XSHG"
2018-05-28 09:33:00,加仓,创业板ETF易方达,159915.XSHE,1.702,2800.0,32000.0,,11.0,2018-05-28,2018-05,"创业板ETF易方达
159915.XSHE"
2018-05-28 14:47:00,止盈,纳指ETF,513100.XSHG,2.339,2200.0,4600.0,151.29,2.0,2018-05-28,2018-05,"纳指ETF
513100.XSHG"
2018-05-30 09:31:00,加仓,1000ETF,512100.XSHG,0.756,6400.0,46100.0,,7.0,2018-05-30,2018-05,"1000ETF
512100.XSHG"
2018-05-30 09:32:00,加仓,500ETF,510500.XSHG,6.059,800.0,5300.0,,6.0,2018-05-30,2018-05,"500ETF
510500.XSHG"
2018-05-30 09:32:00,等级校准,1000ETF,512100.XSHG,,,46100.0,,,2018-05-30,2018-05,"1000ETF
512100.XSHG"
2018-05-30 09:32:00,加仓,创业板ETF易方达,159915.XSHE,1.647,2900.0,34900.0,,12.0,2018-05-30,2018-05,"创业板ETF易方达
159915.XSHE"
2018-05-30 09:33:00,等级校准,创业板ETF易方达,159915.XSHE,,,34900.0,,,2018-05-30,2018-05,"创业板ETF易方达
159915.XSHE"
2018-06-05 10:44:00,止盈,纳指ETF,513100.XSHG,2.41,2100.0,2500.0,148.59,1.0,2018-06-05,2018-06,"纳指ETF
513100.XSHG"
2018-06-08 13:20:00,加仓,1000ETF,512100.XSHG,0.733,6600.0,52700.0,,7.0,2018-06-08,2018-06,"1000ETF
512100.XSHG"
2018-06-11 14:17:00,加仓,创业板ETF易方达,159915.XSHE,1.597,3000.0,37900.0,,12.0,2018-06-11,2018-06,"创业板ETF易方达
159915.XSHE"
2018-06-15 09:52:00,加仓,500ETF,510500.XSHG,5.872,800.0,6100.0,,7.0,2018-06-15,2018-06,"500ETF
510500.XSHG"
2018-06-15 10:43:00,加仓,1000ETF,512100.XSHG,0.711,6800.0,59500.0,,8.0,2018-06-15,2018-06,"1000ETF
512100.XSHG"
2018-06-19 09:31:00,加仓,创业板ETF易方达,159915.XSHE,1.533,3100.0,41000.0,,13.0,2018-06-19,2018-06,"创业板ETF易方达
159915.XSHE"
2018-06-19 09:32:00,加仓,500ETF,510500.XSHG,5.694,800.0,6900.0,,8.0,2018-06-19,2018-06,"500ETF
510500.XSHG"
2018-06-19 09:32:00,等级校准,创业板ETF易方达,159915.XSHE,,,41000.0,,,2018-06-19,2018-06,"创业板ETF易方达
159915.XSHE"
2018-06-19 09:33:00,加仓,1000ETF,512100.XSHG,0.689,7000.0,66500.0,,9.0,2018-06-19,2018-06,"1000ETF
512100.XSHG"
2018-06-19 13:02:00,加仓,1000ETF,512100.XSHG,0.668,7200.0,73700.0,,10.0,2018-06-19,2018-06,"1000ETF
512100.XSHG"
2018-06-19 13:03:00,等级校准,1000ETF,512100.XSHG,,,73700.0,,,2018-06-19,2018-06,"1000ETF
512100.XSHG"
2018-06-19 13:19:00,加仓,500ETF,510500.XSHG,5.518,800.0,7700.0,,9.0,2018-06-19,2018-06,"500ETF
510500.XSHG"
2018-06-19 13:20:00,等级校准,500ETF,510500.XSHG,,,7700.0,,,2018-06-19,2018-06,"500ETF
510500.XSHG"
2018-06-19 13:37:00,加仓,创业板ETF易方达,159915.XSHE,1.487,3200.0,44200.0,,13.0,2018-06-19,2018-06,"创业板ETF易方达
159915.XSHE"
2018-06-19 14:40:00,加仓,1000ETF,512100.XSHG,0.647,7400.0,81100.0,,10.0,2018-06-19,2018-06,"1000ETF
512100.XSHG"
2018-06-20 14:28:00,止盈,1000ETF,512100.XSHG,0.667,7700.0,73400.0,153.49,9.0,2018-06-20,2018-06,"1000ETF
512100.XSHG"
2018-06-21 09:46:00,止盈,纳指ETF,513100.XSHG,2.484,2000.0,500.0,147.5,1.0,2018-06-21,2018-06,"纳指ETF
513100.XSHG"
2018-06-21 14:53:00,加仓,创业板ETF易方达,159915.XSHE,1.442,3300.0,47500.0,,14.0,2018-06-21,2018-06,"创业板ETF易方达
159915.XSHE"
2018-06-21 14:54:00,等级校准,创业板ETF易方达,159915.XSHE,,,47500.0,,,2018-06-21,2018-06,"创业板ETF易方达
159915.XSHE"
2018-06-22 09:31:00,加仓,500ETF,510500.XSHG,5.352,900.0,8600.0,,9.0,2018-06-22,2018-06,"500ETF
510500.XSHG"
2018-06-22 09:32:00,加仓,1000ETF,512100.XSHG,0.643,7400.0,80800.0,,10.0,2018-06-22,2018-06,"1000ETF
512100.XSHG"
2018-06-25 09:32:00,止盈,1000ETF,512100.XSHG,0.665,7700.0,73100.0,168.89,9.0,2018-06-25,2018-06,"1000ETF
512100.XSHG"
2018-06-26 09:33:00,加仓,1000ETF,512100.XSHG,0.645,7500.0,80600.0,,10.0,2018-06-26,2018-06,"1000ETF
512100.XSHG"
2018-06-26 11:04:00,止盈,创业板ETF易方达,159915.XSHE,1.486,3400.0,44100.0,149.09,13.0,2018-06-26,2018-06,"创业板ETF易方达
159915.XSHE"
2018-06-28 09:31:00,加仓,纳指ETF,513100.XSHG,2.388,2000.0,2500.0,,2.0,2018-06-28,2018-06,"纳指ETF
513100.XSHG"
2018-06-28 09:32:00,等级校准,纳指ETF,513100.XSHG,,,2500.0,,,2018-06-28,2018-06,"纳指ETF
513100.XSHG"
2018-06-29 13:51:00,止盈,1000ETF,512100.XSHG,0.665,7700.0,72900.0,153.49,9.0,2018-06-29,2018-06,"1000ETF
512100.XSHG"
2018-06-29 13:56:00,止盈,500ETF,510500.XSHG,5.514,900.0,7700.0,145.3,8.0,2018-06-29,2018-06,"500ETF
510500.XSHG"
2018-07-03 09:31:00,止盈,纳指ETF,513100.XSHG,2.477,2000.0,500.0,177.5,1.0,2018-07-03,2018-07,"纳指ETF
513100.XSHG"
2018-07-05 11:29:00,加仓,500ETF,510500.XSHG,5.347,900.0,8600.0,,9.0,2018-07-05,2018-07,"500ETF
510500.XSHG"
2018-07-05 13:46:00,加仓,1000ETF,512100.XSHG,0.645,7500.0,80400.0,,10.0,2018-07-05,2018-07,"1000ETF
512100.XSHG"
2018-07-09 10:25:00,止盈（部分）,纳指ETF,513100.XSHG,2.552,500.0,0.0,37.37,0.0,2018-07-09,2018-07,"纳指ETF
513100.XSHG"
2018-07-09 10:25:00,清仓,纳指ETF,513100.XSHG,,,,,0.0,2018-07-09,2018-07,"纳指ETF
513100.XSHG"
2018-07-09 10:26:00,重装建仓,纳指ETF,513100.XSHG,2.555,19500.0,19500.0,,,2018-07-09,2018-07,"纳指ETF
513100.XSHG"
2018-07-09 10:27:00,底仓到账,纳指ETF,513100.XSHG,,,19500.0,,10.0,2018-07-09,2018-07,"纳指ETF
513100.XSHG"
2018-07-12 11:05:00,止盈,创业板ETF易方达,159915.XSHE,1.531,3300.0,40800.0,147.99,12.0,2018-07-12,2018-07,"创业板ETF易方达
159915.XSHE"
2018-07-12 14:22:00,止盈,500ETF,510500.XSHG,5.509,900.0,7700.0,145.3,8.0,2018-07-12,2018-07,"500ETF
510500.XSHG"
2018-07-17 09:31:00,止盈,1000ETF,512100.XSHG,0.665,7700.0,72700.0,153.49,9.0,2018-07-17,2018-07,"1000ETF
512100.XSHG"
2018-07-24 10:02:00,止盈,纳指ETF,513100.XSHG,2.632,1900.0,17600.0,145.8,9.0,2018-07-24,2018-07,"纳指ETF
513100.XSHG"
2018-07-30 13:59:00,加仓,创业板ETF易方达,159915.XSHE,1.485,3200.0,44000.0,,13.0,2018-07-30,2018-07,"创业板ETF易方达
159915.XSHE"
2018-08-02 09:37:00,加仓,1000ETF,512100.XSHG,0.645,7500.0,80200.0,,10.0,2018-08-02,2018-08,"1000ETF
512100.XSHG"
2018-08-02 09:42:00,加仓,500ETF,510500.XSHG,5.337,900.0,8600.0,,9.0,2018-08-02,2018-08,"500ETF
510500.XSHG"
2018-08-02 10:48:00,加仓,创业板ETF易方达,159915.XSHE,1.44,3300.0,47300.0,,14.0,2018-08-02,2018-08,"创业板ETF易方达
159915.XSHE"
2018-08-02 10:49:00,等级校准,创业板ETF易方达,159915.XSHE,,,47300.0,,,2018-08-02,2018-08,"创业板ETF易方达
159915.XSHE"
2018-08-02 13:10:00,加仓,1000ETF,512100.XSHG,0.625,7700.0,87900.0,,11.0,2018-08-02,2018-08,"1000ETF
512100.XSHG"
2018-08-02 13:11:00,等级校准,1000ETF,512100.XSHG,,,87900.0,,,2018-08-02,2018-08,"1000ETF
512100.XSHG"
2018-08-06 09:37:00,加仓,500ETF,510500.XSHG,5.171,900.0,9500.0,,10.0,2018-08-06,2018-08,"500ETF
510500.XSHG"
2018-08-06 10:12:00,止盈,纳指ETF,513100.XSHG,2.712,1800.0,15800.0,143.51,8.0,2018-08-06,2018-08,"纳指ETF
513100.XSHG"
2018-08-06 11:01:00,加仓,创业板ETF易方达,159915.XSHE,1.396,3400.0,50700.0,,14.0,2018-08-06,2018-08,"创业板ETF易方达
159915.XSHE"
2018-08-07 10:20:00,止盈,纳指ETF,513100.XSHG,2.794,1800.0,14000.0,147.1,8.0,2018-08-07,2018-08,"纳指ETF
513100.XSHG"
2018-08-08 09:45:00,加仓,纳指ETF,513100.XSHG,2.709,1700.0,15700.0,,9.0,2018-08-08,2018-08,"纳指ETF
513100.XSHG"
2018-08-08 09:46:00,等级校准,纳指ETF,513100.XSHG,,,15700.0,,,2018-08-08,2018-08,"纳指ETF
513100.XSHG"
2018-08-09 11:26:00,止盈,500ETF,510500.XSHG,5.327,900.0,8600.0,139.92,9.0,2018-08-09,2018-08,"500ETF
510500.XSHG"
2018-08-10 09:56:00,止盈,创业板ETF易方达,159915.XSHE,1.438,3500.0,47200.0,146.5,13.0,2018-08-10,2018-08,"创业板ETF易方达
159915.XSHE"
2018-08-16 09:31:00,加仓,创业板ETF易方达,159915.XSHE,1.389,3400.0,50600.0,,14.0,2018-08-16,2018-08,"创业板ETF易方达
159915.XSHE"
2018-08-16 09:32:00,加仓,500ETF,510500.XSHG,5.164,900.0,9500.0,,10.0,2018-08-16,2018-08,"500ETF
510500.XSHG"
2018-08-17 14:46:00,加仓,1000ETF,512100.XSHG,0.606,8000.0,95900.0,,11.0,2018-08-17,2018-08,"1000ETF
512100.XSHG"
2018-08-20 11:05:00,加仓,创业板ETF易方达,159915.XSHE,1.347,3500.0,54100.0,,15.0,2018-08-20,2018-08,"创业板ETF易方达
159915.XSHE"
2018-08-20 11:06:00,等级校准,创业板ETF易方达,159915.XSHE,,,54100.0,,,2018-08-20,2018-08,"创业板ETF易方达
159915.XSHE"
2018-08-21 11:01:00,止盈,创业板ETF易方达,159915.XSHE,1.388,3700.0,50400.0,151.19,14.0,2018-08-21,2018-08,"创业板ETF易方达
159915.XSHE"
2018-08-27 14:59:00,止盈,1000ETF,512100.XSHG,0.625,8200.0,87700.0,155.29,10.0,2018-08-27,2018-08,"1000ETF
512100.XSHG"
2018-08-31 10:06:00,加仓,1000ETF,512100.XSHG,0.606,8000.0,95700.0,,11.0,2018-08-31,2018-08,"1000ETF
512100.XSHG"
2018-09-10 09:45:00,加仓,创业板ETF易方达,159915.XSHE,1.346,3600.0,54000.0,,15.0,2018-09-10,2018-09,"创业板ETF易方达
159915.XSHE"
2018-09-10 09:46:00,等级校准,创业板ETF易方达,159915.XSHE,,,54000.0,,,2018-09-10,2018-09,"创业板ETF易方达
159915.XSHE"
2018-09-10 14:21:00,加仓,500ETF,510500.XSHG,5.007,900.0,10400.0,,11.0,2018-09-10,2018-09,"500ETF
510500.XSHG"
2018-09-11 09:39:00,加仓,1000ETF,512100.XSHG,0.587,8200.0,103900.0,,12.0,2018-09-11,2018-09,"1000ETF
512100.XSHG"
2018-09-14 14:56:00,加仓,创业板ETF易方达,159915.XSHE,1.305,3700.0,57700.0,,15.0,2018-09-14,2018-09,"创业板ETF易方达
159915.XSHE"
2018-09-21 14:19:00,止盈,创业板ETF易方达,159915.XSHE,1.345,3800.0,53900.0,151.49,14.0,2018-09-21,2018-09,"创业板ETF易方达
159915.XSHE"
2018-10-08 10:45:00,加仓,创业板ETF易方达,159915.XSHE,1.303,3700.0,57600.0,,15.0,2018-10-08,2018-10,"创业板ETF易方达
159915.XSHE"
2018-10-11 09:31:00,加仓,纳指ETF,513100.XSHG,2.548,1800.0,17500.0,,9.0,2018-10-11,2018-10,"纳指ETF
513100.XSHG"
2018-10-11 09:31:00,加仓,500ETF,510500.XSHG,4.784,900.0,11300.0,,12.0,2018-10-11,2018-10,"500ETF
510500.XSHG"
2018-10-11 09:31:00,加仓,1000ETF,512100.XSHG,0.566,8500.0,112400.0,,13.0,2018-10-11,2018-10,"1000ETF
512100.XSHG"
2018-10-11 09:31:00,加仓,创业板ETF易方达,159915.XSHE,1.241,3800.0,61400.0,,16.0,2018-10-11,2018-10,"创业板ETF易方达
159915.XSHE"
2018-10-11 09:32:00,等级校准,500ETF,510500.XSHG,,,11300.0,,,2018-10-11,2018-10,"500ETF
510500.XSHG"
2018-10-11 09:32:00,等级校准,1000ETF,512100.XSHG,,,112400.0,,,2018-10-11,2018-10,"1000ETF
512100.XSHG"
2018-10-11 09:32:00,等级校准,创业板ETF易方达,159915.XSHE,,,61400.0,,,2018-10-11,2018-10,"创业板ETF易方达
159915.XSHE"
2018-10-11 10:52:00,加仓,1000ETF,512100.XSHG,0.548,8800.0,121200.0,,13.0,2018-10-11,2018-10,"1000ETF
512100.XSHG"
2018-10-11 11:20:00,加仓,500ETF,510500.XSHG,4.632,1000.0,12300.0,,12.0,2018-10-11,2018-10,"500ETF
510500.XSHG"
2018-10-11 13:15:00,加仓,创业板ETF易方达,159915.XSHE,1.203,4000.0,65400.0,,16.0,2018-10-11,2018-10,"创业板ETF易方达
159915.XSHE"
2018-10-11 13:16:00,等级校准,创业板ETF易方达,159915.XSHE,,,65400.0,,,2018-10-11,2018-10,"创业板ETF易方达
159915.XSHE"
2018-10-11 14:30:00,加仓,1000ETF,512100.XSHG,0.531,9100.0,130300.0,,14.0,2018-10-11,2018-10,"1000ETF
512100.XSHG"
2018-10-11 14:31:00,等级校准,1000ETF,512100.XSHG,,,130300.0,,,2018-10-11,2018-10,"1000ETF
512100.XSHG"
2018-10-12 09:31:00,止盈,1000ETF,512100.XSHG,0.566,9400.0,120900.0,328.47,13.0,2018-10-12,2018-10,"1000ETF
512100.XSHG"
2018-10-12 09:32:00,加仓,1000ETF,512100.XSHG,0.532,8800.0,129700.0,,14.0,2018-10-12,2018-10,"1000ETF
512100.XSHG"
2018-10-12 09:33:00,等级校准,1000ETF,512100.XSHG,,,129700.0,,,2018-10-12,2018-10,"1000ETF
512100.XSHG"
2018-10-12 10:12:00,加仓,500ETF,510500.XSHG,4.493,1000.0,13300.0,,13.0,2018-10-12,2018-10,"500ETF
510500.XSHG"
2018-10-12 10:13:00,等级校准,500ETF,510500.XSHG,,,13300.0,,,2018-10-12,2018-10,"500ETF
510500.XSHG"
2018-10-12 10:40:00,加仓,1000ETF,512100.XSHG,0.516,9300.0,139000.0,,14.0,2018-10-12,2018-10,"1000ETF
512100.XSHG"
2018-10-12 14:29:00,止盈,1000ETF,512100.XSHG,0.532,9600.0,129400.0,153.09,13.0,2018-10-12,2018-10,"1000ETF
512100.XSHG"
2018-10-15 09:31:00,加仓,1000ETF,512100.XSHG,0.502,9300.0,138700.0,,14.0,2018-10-15,2018-10,"1000ETF
512100.XSHG"
2018-10-15 09:32:00,止盈,1000ETF,512100.XSHG,0.531,9900.0,128800.0,286.57,13.0,2018-10-15,2018-10,"1000ETF
512100.XSHG"
2018-10-16 13:15:00,加仓,1000ETF,512100.XSHG,0.515,9400.0,138200.0,,14.0,2018-10-16,2018-10,"1000ETF
512100.XSHG"
2018-10-16 14:00:00,加仓,创业板ETF易方达,159915.XSHE,1.166,4100.0,69500.0,,16.0,2018-10-16,2018-10,"创业板ETF易方达
159915.XSHE"
2018-10-16 14:11:00,加仓,500ETF,510500.XSHG,4.357,1100.0,14400.0,,13.0,2018-10-16,2018-10,"500ETF
510500.XSHG"
2018-10-17 09:31:00,止盈,纳指ETF,513100.XSHG,2.636,1900.0,15600.0,166.7,8.0,2018-10-17,2018-10,"纳指ETF
513100.XSHG"
2018-10-18 14:39:00,加仓,1000ETF,512100.XSHG,0.499,9700.0,147900.0,,15.0,2018-10-18,2018-10,"1000ETF
512100.XSHG"
2018-10-18 14:40:00,等级校准,1000ETF,512100.XSHG,,,147900.0,,,2018-10-18,2018-10,"1000ETF
512100.XSHG"
2018-10-19 09:31:00,止盈,黄金ETF,518880.XSHG,2.738,1800.0,11400.0,150.71,6.0,2018-10-19,2018-10,"黄金ETF
518880.XSHG"
2018-10-19 09:34:00,加仓,500ETF,510500.XSHG,4.225,1100.0,15500.0,,14.0,2018-10-19,2018-10,"500ETF
510500.XSHG"
2018-10-19 13:41:00,止盈,500ETF,510500.XSHG,4.355,1100.0,14400.0,142.52,13.0,2018-10-19,2018-10,"500ETF
510500.XSHG"
2018-10-22 09:31:00,止盈,500ETF,510500.XSHG,4.488,1100.0,13300.0,145.81,12.0,2018-10-22,2018-10,"500ETF
510500.XSHG"
2018-10-22 09:31:00,止盈,1000ETF,512100.XSHG,0.514,10000.0,137900.0,149.49,14.0,2018-10-22,2018-10,"1000ETF
512100.XSHG"
2018-10-22 09:31:00,止盈,创业板ETF易方达,159915.XSHE,1.219,4200.0,65300.0,222.09,15.0,2018-10-22,2018-10,"创业板ETF易方达
159915.XSHE"
2018-10-22 10:53:00,止盈,1000ETF,512100.XSHG,0.53,9700.0,128200.0,154.69,13.0,2018-10-22,2018-10,"1000ETF
512100.XSHG"
2018-10-22 11:19:00,止盈,创业板ETF易方达,159915.XSHE,1.256,4100.0,61200.0,151.19,15.0,2018-10-22,2018-10,"创业板ETF易方达
159915.XSHE"
2018-10-22 11:23:00,止盈,500ETF,510500.XSHG,4.624,1100.0,12200.0,149.09,12.0,2018-10-22,2018-10,"500ETF
510500.XSHG"
2018-10-23 11:21:00,加仓,纳指ETF,513100.XSHG,2.556,1800.0,17400.0,,9.0,2018-10-23,2018-10,"纳指ETF
513100.XSHG"
2018-10-24 10:10:00,加仓,500ETF,510500.XSHG,4.485,1000.0,13200.0,,13.0,2018-10-24,2018-10,"500ETF
510500.XSHG"
2018-10-24 10:11:00,等级校准,500ETF,510500.XSHG,,,13200.0,,,2018-10-24,2018-10,"500ETF
510500.XSHG"
2018-10-25 09:31:00,加仓,纳指ETF,513100.XSHG,2.459,1900.0,19300.0,,10.0,2018-10-25,2018-10,"纳指ETF
513100.XSHG"
2018-10-25 09:31:00,加仓,1000ETF,512100.XSHG,0.51,9400.0,137600.0,,14.0,2018-10-25,2018-10,"1000ETF
512100.XSHG"
2018-10-25 09:31:00,加仓,创业板ETF易方达,159915.XSHE,1.188,3900.0,65100.0,,16.0,2018-10-25,2018-10,"创业板ETF易方达
159915.XSHE"
2018-10-25 09:32:00,等级校准,纳指ETF,513100.XSHG,,,19300.0,,,2018-10-25,2018-10,"纳指ETF
513100.XSHG"
2018-10-25 09:32:00,等级校准,创业板ETF易方达,159915.XSHE,,,65100.0,,,2018-10-25,2018-10,"创业板ETF易方达
159915.XSHE"
2018-10-26 09:32:00,止盈,创业板ETF易方达,159915.XSHE,1.224,4200.0,60900.0,150.69,15.0,2018-10-26,2018-10,"创业板ETF易方达
159915.XSHE"
2018-10-26 09:38:00,止盈,1000ETF,512100.XSHG,0.526,9800.0,127800.0,156.28,13.0,2018-10-26,2018-10,"1000ETF
512100.XSHG"
2018-10-30 09:44:00,加仓,创业板ETF易方达,159915.XSHE,1.187,4000.0,64900.0,,16.0,2018-10-30,2018-10,"创业板ETF易方达
159915.XSHE"
2018-10-30 09:45:00,等级校准,创业板ETF易方达,159915.XSHE,,,64900.0,,,2018-10-30,2018-10,"创业板ETF易方达
159915.XSHE"
2018-10-30 09:46:00,加仓,1000ETF,512100.XSHG,0.51,9500.0,137300.0,,14.0,2018-10-30,2018-10,"1000ETF
512100.XSHG"
2018-10-31 10:11:00,止盈,1000ETF,512100.XSHG,0.526,9800.0,127500.0,156.28,13.0,2018-10-31,2018-10,"1000ETF
512100.XSHG"
2018-10-31 10:14:00,止盈,创业板ETF易方达,159915.XSHE,1.224,4200.0,60700.0,154.89,15.0,2018-10-31,2018-10,"创业板ETF易方达
159915.XSHE"
2018-11-01 09:32:00,止盈,纳指ETF,513100.XSHG,2.534,2000.0,17300.0,149.49,9.0,2018-11-01,2018-11,"纳指ETF
513100.XSHG"
2018-11-01 09:58:00,止盈,500ETF,510500.XSHG,4.624,1100.0,12100.0,152.39,12.0,2018-11-01,2018-11,"500ETF
510500.XSHG"
2018-11-02 09:31:00,止盈,1000ETF,512100.XSHG,0.548,9500.0,118000.0,208.48,12.0,2018-11-02,2018-11,"1000ETF
512100.XSHG"
2018-11-02 09:31:00,止盈,创业板ETF易方达,159915.XSHE,1.275,4000.0,56700.0,203.49,14.0,2018-11-02,2018-11,"创业板ETF易方达
159915.XSHE"
2018-11-07 09:57:00,止盈,500ETF,510500.XSHG,4.771,1000.0,11100.0,146.52,11.0,2018-11-07,2018-11,"500ETF
510500.XSHG"
2018-11-13 09:53:00,止盈,1000ETF,512100.XSHG,0.565,9100.0,108900.0,154.19,12.0,2018-11-13,2018-11,"1000ETF
512100.XSHG"
2018-11-13 10:08:00,止盈,创业板ETF易方达,159915.XSHE,1.314,3900.0,52800.0,151.59,13.0,2018-11-13,2018-11,"创业板ETF易方达
159915.XSHE"
2018-11-14 13:18:00,止盈,1000ETF,512100.XSHG,0.582,8800.0,100100.0,149.09,11.0,2018-11-14,2018-11,"1000ETF
512100.XSHG"
2018-11-15 09:38:00,加仓,纳指ETF,513100.XSHG,2.457,1900.0,19200.0,,10.0,2018-11-15,2018-11,"纳指ETF
513100.XSHG"
2018-11-15 09:39:00,等级校准,纳指ETF,513100.XSHG,,,19200.0,,,2018-11-15,2018-11,"纳指ETF
513100.XSHG"
2018-11-15 13:41:00,止盈,500ETF,510500.XSHG,4.916,1000.0,10100.0,144.51,10.0,2018-11-15,2018-11,"500ETF
510500.XSHG"
2018-11-21 09:31:00,加仓,纳指ETF,513100.XSHG,2.361,2000.0,21200.0,,10.0,2018-11-21,2018-11,"纳指ETF
513100.XSHG"
2018-11-23 09:59:00,加仓,创业板ETF易方达,159915.XSHE,1.273,3800.0,56600.0,,14.0,2018-11-23,2018-11,"创业板ETF易方达
159915.XSHE"
2018-11-23 10:08:00,加仓,500ETF,510500.XSHG,4.765,1000.0,11100.0,,11.0,2018-11-23,2018-11,"500ETF
510500.XSHG"
2018-11-23 11:11:00,加仓,1000ETF,512100.XSHG,0.564,8500.0,108600.0,,12.0,2018-11-23,2018-11,"1000ETF
512100.XSHG"
2018-11-28 09:41:00,止盈,纳指ETF,513100.XSHG,2.432,2100.0,19100.0,148.59,9.0,2018-11-28,2018-11,"纳指ETF
513100.XSHG"
2018-11-30 09:47:00,加仓,500ETF,510500.XSHG,4.618,1000.0,12100.0,,12.0,2018-11-30,2018-11,"500ETF
510500.XSHG"
2018-11-30 13:20:00,加仓,1000ETF,512100.XSHG,0.547,8800.0,117400.0,,13.0,2018-11-30,2018-11,"1000ETF
512100.XSHG"
2018-11-30 13:21:00,等级校准,1000ETF,512100.XSHG,,,117400.0,,,2018-11-30,2018-11,"1000ETF
512100.XSHG"
2018-12-03 09:31:00,止盈,纳指ETF,513100.XSHG,2.555,2000.0,17100.0,245.49,9.0,2018-12-03,2018-12,"纳指ETF
513100.XSHG"
2018-12-03 09:31:00,止盈,500ETF,510500.XSHG,4.818,1000.0,11100.0,199.52,11.0,2018-12-03,2018-12,"500ETF
510500.XSHG"
2018-12-03 09:31:00,止盈,1000ETF,512100.XSHG,0.572,9100.0,108300.0,226.98,12.0,2018-12-03,2018-12,"1000ETF
512100.XSHG"
2018-12-03 11:19:00,止盈,创业板ETF易方达,159915.XSHE,1.312,3900.0,52700.0,151.59,13.0,2018-12-03,2018-12,"创业板ETF易方达
159915.XSHE"
2018-12-05 09:31:00,加仓,纳指ETF,513100.XSHG,2.426,1900.0,19000.0,,10.0,2018-12-05,2018-12,"纳指ETF
513100.XSHG"
2018-12-05 09:32:00,等级校准,纳指ETF,513100.XSHG,,,19000.0,,,2018-12-05,2018-12,"纳指ETF
513100.XSHG"
2018-12-10 09:31:00,加仓,创业板ETF易方达,159915.XSHE,1.268,3800.0,56500.0,,14.0,2018-12-10,2018-12,"创业板ETF易方达
159915.XSHE"
2018-12-10 10:12:00,加仓,500ETF,510500.XSHG,4.668,1000.0,12100.0,,12.0,2018-12-10,2018-12,"500ETF
510500.XSHG"
2018-12-17 09:32:00,加仓,1000ETF,512100.XSHG,0.554,8700.0,117000.0,,13.0,2018-12-17,2018-12,"1000ETF
512100.XSHG"
2018-12-17 09:59:00,加仓,创业板ETF易方达,159915.XSHE,1.228,3900.0,60400.0,,15.0,2018-12-17,2018-12,"创业板ETF易方达
159915.XSHE"
2018-12-18 09:31:00,加仓,纳指ETF,513100.XSHG,2.337,2000.0,21000.0,,10.0,2018-12-18,2018-12,"纳指ETF
513100.XSHG"
2018-12-20 13:01:00,加仓,500ETF,510500.XSHG,4.526,1000.0,13100.0,,13.0,2018-12-20,2018-12,"500ETF
510500.XSHG"
2018-12-20 13:02:00,等级校准,500ETF,510500.XSHG,,,13100.0,,,2018-12-20,2018-12,"500ETF
510500.XSHG"
2018-12-20 13:36:00,加仓,纳指ETF,513100.XSHG,2.266,2100.0,23100.0,,11.0,2018-12-20,2018-12,"纳指ETF
513100.XSHG"
2018-12-20 13:37:00,等级校准,纳指ETF,513100.XSHG,,,23100.0,,,2018-12-20,2018-12,"纳指ETF
513100.XSHG"
2018-12-21 13:49:00,加仓,1000ETF,512100.XSHG,0.537,9000.0,126000.0,,14.0,2018-12-21,2018-12,"1000ETF
512100.XSHG"
2018-12-21 13:50:00,等级校准,1000ETF,512100.XSHG,,,126000.0,,,2018-12-21,2018-12,"1000ETF
512100.XSHG"
2018-12-24 09:32:00,加仓,纳指ETF,513100.XSHG,2.19,2200.0,25300.0,,11.0,2018-12-24,2018-12,"纳指ETF
513100.XSHG"
2018-12-25 09:51:00,止盈,黄金ETF,518880.XSHG,2.821,1800.0,9600.0,148.89,5.0,2018-12-25,2018-12,"黄金ETF
518880.XSHG"
2018-12-25 10:18:00,加仓,纳指ETF,513100.XSHG,2.124,2200.0,27500.0,,12.0,2018-12-25,2018-12,"纳指ETF
513100.XSHG"
2018-12-25 10:19:00,等级校准,纳指ETF,513100.XSHG,,,27500.0,,,2018-12-25,2018-12,"纳指ETF
513100.XSHG"
2018-12-27 09:31:00,止盈,纳指ETF,513100.XSHG,2.234,2300.0,25200.0,252.49,11.0,2018-12-27,2018-12,"纳指ETF
513100.XSHG"
2018-12-28 09:31:00,止盈,1000ETF,512100.XSHG,0.554,9300.0,116700.0,157.58,12.0,2018-12-28,2018-12,"1000ETF
512100.XSHG"
2018-12-28 09:32:00,加仓,1000ETF,512100.XSHG,0.53,9000.0,125700.0,,13.0,2018-12-28,2018-12,"1000ETF
512100.XSHG"
2018-12-28 09:42:00,加仓,创业板ETF易方达,159915.XSHE,1.191,4000.0,64400.0,,16.0,2018-12-28,2018-12,"创业板ETF易方达
159915.XSHE"
2018-12-28 09:43:00,等级校准,创业板ETF易方达,159915.XSHE,,,64400.0,,,2018-12-28,2018-12,"创业板ETF易方达
159915.XSHE"
2019-01-04 09:31:00,加仓,500ETF,510500.XSHG,4.369,1100.0,14200.0,,12.0,2019-01-04,2019-01,"500ETF
510500.XSHG"
2019-01-04 09:31:00,加仓,创业板ETF易方达,159915.XSHE,1.155,4100.0,68500.0,,16.0,2019-01-04,2019-01,"创业板ETF易方达
159915.XSHE"
2019-01-04 09:32:00,等级校准,创业板ETF易方达,159915.XSHE,,,68500.0,,,2019-01-04,2019-01,"创业板ETF易方达
159915.XSHE"
2019-01-04 13:02:00,止盈,创业板ETF易方达,159915.XSHE,1.191,4300.0,64200.0,154.29,15.0,2019-01-04,2019-01,"创业板ETF易方达
159915.XSHE"
2019-01-04 13:23:00,止盈,500ETF,510500.XSHG,4.501,1100.0,13100.0,144.7,11.0,2019-01-04,2019-01,"500ETF
510500.XSHG"
2019-01-07 09:31:00,止盈,纳指ETF,513100.XSHG,2.304,2200.0,23000.0,153.49,10.0,2019-01-07,2019-01,"纳指ETF
513100.XSHG"
2019-01-07 10:36:00,止盈,1000ETF,512100.XSHG,0.546,9400.0,116300.0,149.89,12.0,2019-01-07,2019-01,"1000ETF
512100.XSHG"
2019-01-09 10:01:00,止盈,500ETF,510500.XSHG,4.638,1100.0,12000.0,150.19,12.0,2019-01-09,2019-01,"500ETF
510500.XSHG"
2019-01-09 10:27:00,止盈,创业板ETF易方达,159915.XSHE,1.227,4100.0,60100.0,147.1,15.0,2019-01-09,2019-01,"创业板ETF易方达
159915.XSHE"
2019-01-15 09:34:00,加仓,创业板ETF易方达,159915.XSHE,1.19,4000.0,64100.0,,16.0,2019-01-15,2019-01,"创业板ETF易方达
159915.XSHE"
2019-01-15 09:35:00,等级校准,创业板ETF易方达,159915.XSHE,,,64100.0,,,2019-01-15,2019-01,"创业板ETF易方达
159915.XSHE"
2019-01-18 09:35:00,止盈,纳指ETF,513100.XSHG,2.374,2100.0,20900.0,146.5,9.0,2019-01-18,2019-01,"纳指ETF
513100.XSHG"
2019-01-21 10:11:00,止盈,创业板ETF易方达,159915.XSHE,1.226,4200.0,59900.0,150.69,14.0,2019-01-21,2019-01,"创业板ETF易方达
159915.XSHE"
2019-01-29 10:08:00,加仓,创业板ETF易方达,159915.XSHE,1.189,4000.0,63900.0,,15.0,2019-01-29,2019-01,"创业板ETF易方达
159915.XSHE"
2019-01-29 10:12:00,加仓,1000ETF,512100.XSHG,0.529,9100.0,125400.0,,13.0,2019-01-29,2019-01,"1000ETF
512100.XSHG"
2019-01-29 10:24:00,加仓,500ETF,510500.XSHG,4.497,1000.0,13000.0,,13.0,2019-01-29,2019-01,"500ETF
510500.XSHG"
2019-01-29 10:25:00,等级校准,500ETF,510500.XSHG,,,13000.0,,,2019-01-29,2019-01,"500ETF
510500.XSHG"
2019-02-11 09:32:00,止盈,创业板ETF易方达,159915.XSHE,1.225,4200.0,59700.0,150.69,14.0,2019-02-11,2019-02,"创业板ETF易方达
159915.XSHE"
2019-02-11 09:38:00,止盈,500ETF,510500.XSHG,4.634,1100.0,11900.0,150.19,11.0,2019-02-11,2019-02,"500ETF
510500.XSHG"
2019-02-11 10:07:00,止盈,1000ETF,512100.XSHG,0.545,9400.0,116000.0,149.89,12.0,2019-02-11,2019-02,"1000ETF
512100.XSHG"
2019-02-11 14:30:00,止盈,创业板ETF易方达,159915.XSHE,1.262,4000.0,55700.0,147.5,14.0,2019-02-11,2019-02,"创业板ETF易方达
159915.XSHE"
2019-02-12 09:31:00,止盈,纳指ETF,513100.XSHG,2.446,2100.0,18800.0,150.69,9.0,2019-02-12,2019-02,"纳指ETF
513100.XSHG"
2019-02-12 11:27:00,止盈,1000ETF,512100.XSHG,0.562,9100.0,106900.0,154.19,12.0,2019-02-12,2019-02,"1000ETF
512100.XSHG"
2019-02-13 10:05:00,止盈,500ETF,510500.XSHG,4.774,1000.0,10900.0,139.52,10.0,2019-02-13,2019-02,"500ETF
510500.XSHG"
2019-02-13 13:42:00,止盈,创业板ETF易方达,159915.XSHE,1.3,3900.0,51800.0,147.69,13.0,2019-02-13,2019-02,"创业板ETF易方达
159915.XSHE"
2019-02-18 10:14:00,止盈,1000ETF,512100.XSHG,0.579,8800.0,98100.0,149.09,11.0,2019-02-18,2019-02,"1000ETF
512100.XSHG"
2019-02-18 10:25:00,止盈,500ETF,510500.XSHG,4.918,1000.0,9900.0,143.51,9.0,2019-02-18,2019-02,"500ETF
510500.XSHG"
2019-02-18 13:07:00,止盈,创业板ETF易方达,159915.XSHE,1.34,3800.0,48000.0,151.49,12.0,2019-02-18,2019-02,"创业板ETF易方达
159915.XSHE"
2019-02-19 09:42:00,止盈,1000ETF,512100.XSHG,0.597,8600.0,89500.0,154.29,10.0,2019-02-19,2019-02,"1000ETF
512100.XSHG"
2019-02-20 09:31:00,止盈,黄金ETF,518880.XSHG,2.907,1700.0,7900.0,145.71,4.0,2019-02-20,2019-02,"黄金ETF
518880.XSHG"
2019-02-21 13:07:00,止盈,500ETF,510500.XSHG,5.066,1000.0,8900.0,147.49,9.0,2019-02-21,2019-02,"500ETF
510500.XSHG"
2019-02-21 13:07:00,止盈,创业板ETF易方达,159915.XSHE,1.384,3700.0,44300.0,162.29,12.0,2019-02-21,2019-02,"创业板ETF易方达
159915.XSHE"
2019-02-25 09:31:00,止盈,1000ETF,512100.XSHG,0.618,8300.0,81200.0,173.79,10.0,2019-02-25,2019-02,"1000ETF
512100.XSHG"
2019-02-25 09:31:00,止盈,创业板ETF易方达,159915.XSHE,1.433,3600.0,40700.0,175.88,11.0,2019-02-25,2019-02,"创业板ETF易方达
159915.XSHE"
2019-02-25 09:32:00,止盈,500ETF,510500.XSHG,5.218,900.0,8000.0,136.33,8.0,2019-02-25,2019-02,"500ETF
510500.XSHG"
2019-02-25 13:09:00,止盈,1000ETF,512100.XSHG,0.637,8000.0,73200.0,151.49,9.0,2019-02-25,2019-02,"1000ETF
512100.XSHG"
2019-02-25 13:10:00,止盈,500ETF,510500.XSHG,5.375,900.0,7100.0,140.82,7.0,2019-02-25,2019-02,"500ETF
510500.XSHG"
2019-02-25 14:33:00,止盈,创业板ETF易方达,159915.XSHE,1.476,3400.0,37300.0,145.7,11.0,2019-02-25,2019-02,"创业板ETF易方达
159915.XSHE"
2019-03-04 09:31:00,加仓,黄金ETF,518880.XSHG,2.797,1700.0,9600.0,,5.0,2019-03-04,2019-03,"黄金ETF
518880.XSHG"
2019-03-04 09:31:00,止盈,创业板ETF易方达,159915.XSHE,1.528,3300.0,34000.0,171.1,10.0,2019-03-04,2019-03,"创业板ETF易方达
159915.XSHE"
2019-03-04 10:06:00,止盈,500ETF,510500.XSHG,5.539,900.0,6200.0,147.1,6.0,2019-03-04,2019-03,"500ETF
510500.XSHG"
2019-03-04 10:09:00,止盈,1000ETF,512100.XSHG,0.657,7800.0,65400.0,155.49,8.0,2019-03-04,2019-03,"1000ETF
512100.XSHG"
2019-03-04 13:01:00,止盈,创业板ETF易方达,159915.XSHE,1.575,3200.0,30800.0,149.9,9.0,2019-03-04,2019-03,"创业板ETF易方达
159915.XSHE"
2019-03-05 14:44:00,止盈,1000ETF,512100.XSHG,0.677,7600.0,57800.0,151.49,7.0,2019-03-05,2019-03,"1000ETF
512100.XSHG"
2019-03-06 09:31:00,止盈,创业板ETF易方达,159915.XSHE,1.623,3100.0,27700.0,148.3,9.0,2019-03-06,2019-03,"创业板ETF易方达
159915.XSHE"
2019-03-06 09:34:00,止盈,500ETF,510500.XSHG,5.706,900.0,5300.0,149.79,6.0,2019-03-06,2019-03,"500ETF
510500.XSHG"
2019-03-07 09:47:00,止盈,1000ETF,512100.XSHG,0.698,7300.0,50500.0,152.79,7.0,2019-03-07,2019-03,"1000ETF
512100.XSHG"
2019-03-07 14:37:00,止盈,500ETF,510500.XSHG,5.885,800.0,4500.0,142.73,5.0,2019-03-07,2019-03,"500ETF
510500.XSHG"
2019-03-08 09:31:00,加仓,500ETF,510500.XSHG,5.658,800.0,5300.0,,6.0,2019-03-08,2019-03,"500ETF
510500.XSHG"
2019-03-08 09:31:00,加仓,创业板ETF易方达,159915.XSHE,1.571,3000.0,30700.0,,10.0,2019-03-08,2019-03,"创业板ETF易方达
159915.XSHE"
2019-03-08 09:32:00,等级校准,创业板ETF易方达,159915.XSHE,,,30700.0,,,2019-03-08,2019-03,"创业板ETF易方达
159915.XSHE"
2019-03-08 10:11:00,止盈,创业板ETF易方达,159915.XSHE,1.62,3100.0,27600.0,151.4,9.0,2019-03-08,2019-03,"创业板ETF易方达
159915.XSHE"
2019-03-08 10:41:00,止盈,500ETF,510500.XSHG,5.832,800.0,4500.0,138.73,5.0,2019-03-08,2019-03,"500ETF
510500.XSHG"
2019-03-08 14:41:00,加仓,500ETF,510500.XSHG,5.652,800.0,5300.0,,6.0,2019-03-08,2019-03,"500ETF
510500.XSHG"
2019-03-08 14:45:00,加仓,1000ETF,512100.XSHG,0.677,7100.0,57600.0,,8.0,2019-03-08,2019-03,"1000ETF
512100.XSHG"
2019-03-08 14:46:00,等级校准,1000ETF,512100.XSHG,,,57600.0,,,2019-03-08,2019-03,"1000ETF
512100.XSHG"
2019-03-11 13:47:00,止盈,1000ETF,512100.XSHG,0.698,7300.0,50300.0,152.79,7.0,2019-03-11,2019-03,"1000ETF
512100.XSHG"
2019-03-11 14:39:00,止盈,500ETF,510500.XSHG,5.826,800.0,4500.0,138.73,5.0,2019-03-11,2019-03,"500ETF
510500.XSHG"
2019-03-12 09:31:00,止盈,创业板ETF易方达,159915.XSHE,1.672,3000.0,24600.0,155.5,8.0,2019-03-12,2019-03,"创业板ETF易方达
159915.XSHE"
2019-03-12 10:09:00,止盈,1000ETF,512100.XSHG,0.719,7100.0,43200.0,148.59,6.0,2019-03-12,2019-03,"1000ETF
512100.XSHG"
2019-03-13 14:24:00,加仓,创业板ETF易方达,159915.XSHE,1.62,2900.0,27500.0,,9.0,2019-03-13,2019-03,"创业板ETF易方达
159915.XSHE"
2019-03-14 09:31:00,止盈,纳指ETF,513100.XSHG,2.524,2000.0,16800.0,155.5,8.0,2019-03-14,2019-03,"纳指ETF
513100.XSHG"
2019-03-14 09:31:00,加仓,1000ETF,512100.XSHG,0.694,6900.0,50100.0,,7.0,2019-03-14,2019-03,"1000ETF
512100.XSHG"
2019-03-14 09:32:00,等级校准,1000ETF,512100.XSHG,,,50100.0,,,2019-03-14,2019-03,"1000ETF
512100.XSHG"
2019-03-14 10:41:00,加仓,500ETF,510500.XSHG,5.644,800.0,5300.0,,6.0,2019-03-14,2019-03,"500ETF
510500.XSHG"
2019-03-14 13:01:00,加仓,创业板ETF易方达,159915.XSHE,1.571,3000.0,30500.0,,10.0,2019-03-14,2019-03,"创业板ETF易方达
159915.XSHE"
2019-03-14 13:02:00,等级校准,创业板ETF易方达,159915.XSHE,,,30500.0,,,2019-03-14,2019-03,"创业板ETF易方达
159915.XSHE"
2019-03-18 13:55:00,止盈,500ETF,510500.XSHG,5.814,800.0,4500.0,135.53,5.0,2019-03-18,2019-03,"500ETF
510500.XSHG"
2019-03-18 14:07:00,止盈,创业板ETF易方达,159915.XSHE,1.619,3100.0,27400.0,148.3,9.0,2019-03-18,2019-03,"创业板ETF易方达
159915.XSHE"
2019-03-19 10:31:00,止盈,1000ETF,512100.XSHG,0.715,7200.0,42900.0,150.69,6.0,2019-03-19,2019-03,"1000ETF
512100.XSHG"
2019-03-21 10:16:00,止盈,500ETF,510500.XSHG,5.992,800.0,3700.0,141.92,4.0,2019-03-21,2019-03,"500ETF
510500.XSHG"
2019-03-22 09:31:00,止盈,纳指ETF,513100.XSHG,2.609,1900.0,14900.0,161.0,7.0,2019-03-22,2019-03,"纳指ETF
513100.XSHG"
2019-03-26 13:11:00,加仓,500ETF,510500.XSHG,5.811,800.0,4500.0,,5.0,2019-03-26,2019-03,"500ETF
510500.XSHG"
2019-03-26 14:00:00,加仓,创业板ETF易方达,159915.XSHE,1.57,3000.0,30400.0,,10.0,2019-03-26,2019-03,"创业板ETF易方达
159915.XSHE"
2019-03-26 14:01:00,等级校准,创业板ETF易方达,159915.XSHE,,,30400.0,,,2019-03-26,2019-03,"创业板ETF易方达
159915.XSHE"
2019-03-26 14:38:00,加仓,1000ETF,512100.XSHG,0.693,6900.0,49800.0,,7.0,2019-03-26,2019-03,"1000ETF
512100.XSHG"
2019-03-26 14:39:00,等级校准,1000ETF,512100.XSHG,,,49800.0,,,2019-03-26,2019-03,"1000ETF
512100.XSHG"
2019-03-29 13:59:00,止盈,创业板ETF易方达,159915.XSHE,1.618,3100.0,27300.0,148.3,9.0,2019-03-29,2019-03,"创业板ETF易方达
159915.XSHE"
2019-04-01 09:31:00,止盈,500ETF,510500.XSHG,5.99,800.0,3700.0,142.72,4.0,2019-04-01,2019-04,"500ETF
510500.XSHG"
2019-04-01 09:31:00,止盈,1000ETF,512100.XSHG,0.714,7200.0,42600.0,150.69,6.0,2019-04-01,2019-04,"1000ETF
512100.XSHG"
2019-04-01 09:43:00,止盈,创业板ETF易方达,159915.XSHE,1.667,3000.0,24300.0,146.5,8.0,2019-04-01,2019-04,"创业板ETF易方达
159915.XSHE"
2019-04-01 13:02:00,止盈,1000ETF,512100.XSHG,0.736,7000.0,35600.0,153.48,5.0,2019-04-01,2019-04,"1000ETF
512100.XSHG"
2019-04-01 14:57:00,止盈,500ETF,510500.XSHG,6.17,800.0,2900.0,143.51,3.0,2019-04-01,2019-04,"500ETF
510500.XSHG"
2019-04-08 09:31:00,止盈,1000ETF,512100.XSHG,0.759,6700.0,28900.0,153.59,4.0,2019-04-08,2019-04,"1000ETF
512100.XSHG"
2019-04-08 13:26:00,加仓,1000ETF,512100.XSHG,0.736,6500.0,35400.0,,5.0,2019-04-08,2019-04,"1000ETF
512100.XSHG"
2019-04-12 09:35:00,加仓,创业板ETF易方达,159915.XSHE,1.616,2900.0,27200.0,,9.0,2019-04-12,2019-04,"创业板ETF易方达
159915.XSHE"
2019-04-16 09:51:00,加仓,500ETF,510500.XSHG,5.975,800.0,3700.0,,4.0,2019-04-16,2019-04,"500ETF
510500.XSHG"
2019-04-16 14:11:00,止盈,500ETF,510500.XSHG,6.156,800.0,2900.0,144.31,3.0,2019-04-16,2019-04,"500ETF
510500.XSHG"
2019-04-19 09:37:00,止盈,纳指ETF,513100.XSHG,2.689,1900.0,13000.0,151.49,7.0,2019-04-19,2019-04,"纳指ETF
513100.XSHG"
2019-04-24 11:23:00,加仓,500ETF,510500.XSHG,5.969,800.0,3700.0,,4.0,2019-04-24,2019-04,"500ETF
510500.XSHG"
2019-04-25 14:23:00,加仓,1000ETF,512100.XSHG,0.713,6700.0,42100.0,,6.0,2019-04-25,2019-04,"1000ETF
512100.XSHG"
2019-04-26 10:08:00,止盈,纳指ETF,513100.XSHG,2.773,1800.0,11200.0,150.7,6.0,2019-04-26,2019-04,"纳指ETF
513100.XSHG"
2019-04-29 09:35:00,加仓,500ETF,510500.XSHG,5.783,800.0,4500.0,,5.0,2019-04-29,2019-04,"500ETF
510500.XSHG"
2019-04-29 09:44:00,加仓,1000ETF,512100.XSHG,0.691,7000.0,49100.0,,7.0,2019-04-29,2019-04,"1000ETF
512100.XSHG"
2019-04-29 09:45:00,等级校准,1000ETF,512100.XSHG,,,49100.0,,,2019-04-29,2019-04,"1000ETF
512100.XSHG"
2019-04-29 10:13:00,加仓,创业板ETF易方达,159915.XSHE,1.566,3000.0,30200.0,,10.0,2019-04-29,2019-04,"创业板ETF易方达
159915.XSHE"
2019-04-29 10:14:00,等级校准,创业板ETF易方达,159915.XSHE,,,30200.0,,,2019-04-29,2019-04,"创业板ETF易方达
159915.XSHE"
2019-05-06 09:31:00,加仓,500ETF,510500.XSHG,5.462,800.0,5300.0,,6.0,2019-05-06,2019-05,"500ETF
510500.XSHG"
2019-05-06 09:31:00,加仓,1000ETF,512100.XSHG,0.648,7200.0,56300.0,,7.0,2019-05-06,2019-05,"1000ETF
512100.XSHG"
2019-05-06 09:31:00,加仓,创业板ETF易方达,159915.XSHE,1.492,3100.0,33300.0,,10.0,2019-05-06,2019-05,"创业板ETF易方达
159915.XSHE"
2019-05-06 09:32:00,等级校准,500ETF,510500.XSHG,,,5300.0,,,2019-05-06,2019-05,"500ETF
510500.XSHG"
2019-05-06 13:10:00,加仓,创业板ETF易方达,159915.XSHE,1.447,3300.0,36600.0,,11.0,2019-05-06,2019-05,"创业板ETF易方达
159915.XSHE"
2019-05-06 13:11:00,等级校准,创业板ETF易方达,159915.XSHE,,,36600.0,,,2019-05-06,2019-05,"创业板ETF易方达
159915.XSHE"
2019-05-06 13:20:00,加仓,500ETF,510500.XSHG,5.294,900.0,6200.0,,6.0,2019-05-06,2019-05,"500ETF
510500.XSHG"
2019-05-06 13:54:00,加仓,1000ETF,512100.XSHG,0.628,7700.0,64000.0,,8.0,2019-05-06,2019-05,"1000ETF
512100.XSHG"
2019-05-09 10:42:00,加仓,纳指ETF,513100.XSHG,2.689,1800.0,13000.0,,7.0,2019-05-09,2019-05,"纳指ETF
513100.XSHG"
2019-05-10 09:49:00,止盈,1000ETF,512100.XSHG,0.647,7900.0,56100.0,149.59,7.0,2019-05-10,2019-05,"1000ETF
512100.XSHG"
2019-05-10 13:05:00,加仓,1000ETF,512100.XSHG,0.625,7700.0,63800.0,,8.0,2019-05-10,2019-05,"1000ETF
512100.XSHG"
2019-05-10 13:06:00,等级校准,1000ETF,512100.XSHG,,,63800.0,,,2019-05-10,2019-05,"1000ETF
512100.XSHG"
2019-05-10 13:38:00,止盈,1000ETF,512100.XSHG,0.644,8000.0,55800.0,151.48,7.0,2019-05-10,2019-05,"1000ETF
512100.XSHG"
2019-05-16 10:27:00,止盈,1000ETF,512100.XSHG,0.664,7700.0,48100.0,153.49,6.0,2019-05-16,2019-05,"1000ETF
512100.XSHG"
2019-05-16 13:00:00,止盈,500ETF,510500.XSHG,5.453,900.0,5300.0,142.61,5.0,2019-05-16,2019-05,"500ETF
510500.XSHG"
2019-05-17 13:57:00,加仓,1000ETF,512100.XSHG,0.644,7500.0,55600.0,,7.0,2019-05-17,2019-05,"1000ETF
512100.XSHG"
2019-05-17 14:43:00,加仓,500ETF,510500.XSHG,5.289,900.0,6200.0,,6.0,2019-05-17,2019-05,"500ETF
510500.XSHG"
2019-05-20 09:46:00,加仓,创业板ETF易方达,159915.XSHE,1.403,3400.0,40000.0,,11.0,2019-05-20,2019-05,"创业板ETF易方达
159915.XSHE"
2019-05-29 09:31:00,加仓,纳指ETF,513100.XSHG,2.603,1800.0,14800.0,,8.0,2019-05-29,2019-05,"纳指ETF
513100.XSHG"
2019-05-29 09:32:00,等级校准,纳指ETF,513100.XSHG,,,14800.0,,,2019-05-29,2019-05,"纳指ETF
513100.XSHG"
2019-06-03 09:31:00,止盈,黄金ETF,518880.XSHG,2.909,1700.0,7900.0,189.91,4.0,2019-06-03,2019-06,"黄金ETF
518880.XSHG"
2019-06-04 09:31:00,加仓,纳指ETF,513100.XSHG,2.506,1900.0,16700.0,,8.0,2019-06-04,2019-06,"纳指ETF
513100.XSHG"
2019-06-04 13:49:00,加仓,1000ETF,512100.XSHG,0.624,7700.0,63300.0,,8.0,2019-06-04,2019-06,"1000ETF
512100.XSHG"
2019-06-04 13:50:00,等级校准,1000ETF,512100.XSHG,,,63300.0,,,2019-06-04,2019-06,"1000ETF
512100.XSHG"
2019-06-04 14:38:00,加仓,500ETF,510500.XSHG,5.13,900.0,7100.0,,7.0,2019-06-04,2019-06,"500ETF
510500.XSHG"
2019-06-06 09:31:00,止盈,纳指ETF,513100.XSHG,2.585,1900.0,14800.0,149.61,7.0,2019-06-06,2019-06,"纳指ETF
513100.XSHG"
2019-06-06 14:22:00,加仓,创业板ETF易方达,159915.XSHE,1.36,3500.0,43500.0,,12.0,2019-06-06,2019-06,"创业板ETF易方达
159915.XSHE"
2019-06-10 09:31:00,止盈,纳指ETF,513100.XSHG,2.664,1900.0,12900.0,149.59,7.0,2019-06-10,2019-06,"纳指ETF
513100.XSHG"
2019-06-11 10:39:00,止盈,创业板ETF易方达,159915.XSHE,1.401,3600.0,39900.0,147.1,11.0,2019-06-11,2019-06,"创业板ETF易方达
159915.XSHE"
2019-06-12 10:05:00,止盈,1000ETF,512100.XSHG,0.643,8000.0,55300.0,151.49,7.0,2019-06-12,2019-06,"1000ETF
512100.XSHG"
2019-06-14 10:10:00,止盈,黄金ETF,518880.XSHG,2.997,1700.0,6200.0,149.09,3.0,2019-06-14,2019-06,"黄金ETF
518880.XSHG"
2019-06-17 09:33:00,加仓,1000ETF,512100.XSHG,0.622,7700.0,63000.0,,8.0,2019-06-17,2019-06,"1000ETF
512100.XSHG"
2019-06-17 09:34:00,等级校准,1000ETF,512100.XSHG,,,63000.0,,,2019-06-17,2019-06,"1000ETF
512100.XSHG"
2019-06-19 09:31:00,止盈,500ETF,510500.XSHG,5.293,900.0,6200.0,146.22,6.0,2019-06-19,2019-06,"500ETF
510500.XSHG"
2019-06-19 09:31:00,止盈,1000ETF,512100.XSHG,0.642,8000.0,55000.0,159.49,7.0,2019-06-19,2019-06,"1000ETF
512100.XSHG"
2019-06-19 09:31:00,止盈,创业板ETF易方达,159915.XSHE,1.448,3500.0,36400.0,163.99,10.0,2019-06-19,2019-06,"创业板ETF易方达
159915.XSHE"
2019-06-20 09:31:00,止盈,纳指ETF,513100.XSHG,2.746,1800.0,11100.0,147.11,6.0,2019-06-20,2019-06,"纳指ETF
513100.XSHG"
2019-06-21 09:55:00,止盈,黄金ETF,518880.XSHG,3.088,1600.0,4600.0,145.11,2.0,2019-06-21,2019-06,"黄金ETF
518880.XSHG"
2019-06-25 13:03:00,止盈,黄金ETF,518880.XSHG,3.181,1600.0,3000.0,148.29,2.0,2019-06-25,2019-06,"黄金ETF
518880.XSHG"
2019-07-01 09:31:00,加仓,黄金ETF,518880.XSHG,3.052,1500.0,4500.0,,3.0,2019-07-01,2019-07,"黄金ETF
518880.XSHG"
2019-07-01 09:32:00,等级校准,黄金ETF,518880.XSHG,,,4500.0,,,2019-07-01,2019-07,"黄金ETF
518880.XSHG"
2019-07-01 09:52:00,止盈,创业板ETF易方达,159915.XSHE,1.492,3400.0,33000.0,149.09,10.0,2019-07-01,2019-07,"创业板ETF易方达
159915.XSHE"
2019-07-01 10:11:00,止盈,500ETF,510500.XSHG,5.455,900.0,5300.0,145.31,5.0,2019-07-01,2019-07,"500ETF
510500.XSHG"
2019-07-01 10:21:00,止盈,1000ETF,512100.XSHG,0.663,7700.0,47300.0,161.19,6.0,2019-07-01,2019-07,"1000ETF
512100.XSHG"
2019-07-03 09:31:00,止盈,黄金ETF,518880.XSHG,3.174,1600.0,2900.0,194.69,1.0,2019-07-03,2019-07,"黄金ETF
518880.XSHG"
2019-07-08 10:18:00,加仓,1000ETF,512100.XSHG,0.643,7500.0,54800.0,,7.0,2019-07-08,2019-07,"1000ETF
512100.XSHG"
2019-07-08 10:20:00,加仓,500ETF,510500.XSHG,5.29,900.0,6200.0,,6.0,2019-07-08,2019-07,"500ETF
510500.XSHG"
2019-07-08 10:52:00,加仓,创业板ETF易方达,159915.XSHE,1.447,3300.0,36300.0,,11.0,2019-07-08,2019-07,"创业板ETF易方达
159915.XSHE"
2019-07-08 10:53:00,等级校准,创业板ETF易方达,159915.XSHE,,,36300.0,,,2019-07-08,2019-07,"创业板ETF易方达
159915.XSHE"
2019-07-09 09:52:00,加仓,黄金ETF,518880.XSHG,3.078,1500.0,4400.0,,2.0,2019-07-09,2019-07,"黄金ETF
518880.XSHG"
2019-07-15 09:31:00,止盈,纳指ETF,513100.XSHG,2.831,1800.0,9300.0,152.49,5.0,2019-07-15,2019-07,"纳指ETF
513100.XSHG"
2019-07-15 11:21:00,止盈,创业板ETF易方达,159915.XSHE,1.492,3400.0,32900.0,152.49,9.0,2019-07-15,2019-07,"创业板ETF易方达
159915.XSHE"
2019-07-19 09:31:00,止盈,黄金ETF,518880.XSHG,3.185,1600.0,2800.0,170.69,1.0,2019-07-19,2019-07,"黄金ETF
518880.XSHG"
2019-07-22 09:43:00,加仓,1000ETF,512100.XSHG,0.622,7700.0,62500.0,,8.0,2019-07-22,2019-07,"1000ETF
512100.XSHG"
2019-07-22 09:44:00,等级校准,1000ETF,512100.XSHG,,,62500.0,,,2019-07-22,2019-07,"1000ETF
512100.XSHG"
2019-07-24 09:31:00,止盈,1000ETF,512100.XSHG,0.641,8000.0,54500.0,151.49,6.0,2019-07-24,2019-07,"1000ETF
512100.XSHG"
2019-08-05 11:27:00,止盈,黄金ETF,518880.XSHG,3.282,1500.0,1300.0,145.01,1.0,2019-08-05,2019-08,"黄金ETF
518880.XSHG"
2019-08-06 09:31:00,加仓,纳指ETF,513100.XSHG,2.703,1700.0,11000.0,,6.0,2019-08-06,2019-08,"纳指ETF
513100.XSHG"
2019-08-06 09:31:00,加仓,500ETF,510500.XSHG,5.052,900.0,7100.0,,7.0,2019-08-06,2019-08,"500ETF
510500.XSHG"
2019-08-06 09:31:00,加仓,1000ETF,512100.XSHG,0.618,7800.0,62300.0,,7.0,2019-08-06,2019-08,"1000ETF
512100.XSHG"
2019-08-06 09:31:00,加仓,创业板ETF易方达,159915.XSHE,1.444,3300.0,36200.0,,10.0,2019-08-06,2019-08,"创业板ETF易方达
159915.XSHE"
2019-08-06 10:36:00,加仓,1000ETF,512100.XSHG,0.599,8000.0,70300.0,,8.0,2019-08-06,2019-08,"1000ETF
512100.XSHG"
2019-08-07 09:32:00,止盈,1000ETF,512100.XSHG,0.618,8300.0,62000.0,157.19,7.0,2019-08-07,2019-08,"1000ETF
512100.XSHG"
2019-08-08 09:31:00,止盈（部分）,黄金ETF,518880.XSHG,3.385,1300.0,0.0,133.46,0.0,2019-08-08,2019-08,"黄金ETF
518880.XSHG"
2019-08-08 09:31:00,清仓,黄金ETF,518880.XSHG,,,,,0.0,2019-08-08,2019-08,"黄金ETF
518880.XSHG"
2019-08-08 09:32:00,重装建仓,黄金ETF,518880.XSHG,3.383,14700.0,14700.0,,,2019-08-08,2019-08,"黄金ETF
518880.XSHG"
2019-08-08 09:33:00,底仓到账,黄金ETF,518880.XSHG,,,14700.0,,10.0,2019-08-08,2019-08,"黄金ETF
518880.XSHG"
2019-08-08 14:31:00,止盈,纳指ETF,513100.XSHG,2.785,1800.0,9200.0,147.1,5.0,2019-08-08,2019-08,"纳指ETF
513100.XSHG"
2019-08-14 09:31:00,止盈,创业板ETF易方达,159915.XSHE,1.489,3400.0,32800.0,152.49,9.0,2019-08-14,2019-08,"创业板ETF易方达
159915.XSHE"
2019-08-16 10:38:00,止盈,1000ETF,512100.XSHG,0.637,8000.0,54000.0,151.49,6.0,2019-08-16,2019-08,"1000ETF
512100.XSHG"
2019-08-19 10:09:00,止盈,创业板ETF易方达,159915.XSHE,1.534,3300.0,29500.0,147.99,9.0,2019-08-19,2019-08,"创业板ETF易方达
159915.XSHE"
2019-08-19 11:01:00,止盈,500ETF,510500.XSHG,5.206,900.0,6200.0,138.13,6.0,2019-08-19,2019-08,"500ETF
510500.XSHG"
2019-08-20 09:34:00,止盈,1000ETF,512100.XSHG,0.657,7800.0,46200.0,155.49,6.0,2019-08-20,2019-08,"1000ETF
512100.XSHG"
2019-08-26 09:31:00,止盈,黄金ETF,518880.XSHG,3.524,1400.0,13300.0,196.91,9.0,2019-08-26,2019-08,"黄金ETF
518880.XSHG"
2019-08-27 10:34:00,止盈,500ETF,510500.XSHG,5.368,900.0,5300.0,145.32,5.0,2019-08-27,2019-08,"500ETF
510500.XSHG"
2019-08-27 10:58:00,止盈,创业板ETF易方达,159915.XSHE,1.583,3200.0,26300.0,156.29,8.0,2019-08-27,2019-08,"创业板ETF易方达
159915.XSHE"
2019-09-03 09:53:00,止盈,1000ETF,512100.XSHG,0.677,7600.0,38600.0,151.49,5.0,2019-09-03,2019-09,"1000ETF
512100.XSHG"
2019-09-05 09:31:00,止盈,500ETF,510500.XSHG,5.552,900.0,4400.0,165.1,4.0,2019-09-05,2019-09,"500ETF
510500.XSHG"
2019-09-05 09:53:00,止盈,创业板ETF易方达,159915.XSHE,1.632,3100.0,23200.0,151.39,7.0,2019-09-05,2019-09,"创业板ETF易方达
159915.XSHE"
2019-09-05 10:10:00,止盈,纳指ETF,513100.XSHG,2.869,1700.0,7500.0,142.31,4.0,2019-09-05,2019-09,"纳指ETF
513100.XSHG"
2019-09-05 13:17:00,止盈,1000ETF,512100.XSHG,0.698,7300.0,31300.0,152.79,4.0,2019-09-05,2019-09,"1000ETF
512100.XSHG"
2019-09-10 09:31:00,加仓,黄金ETF,518880.XSHG,3.38,1400.0,14700.0,,10.0,2019-09-10,2019-09,"黄金ETF
518880.XSHG"
2019-09-26 10:30:00,加仓,1000ETF,512100.XSHG,0.677,7100.0,38400.0,,5.0,2019-09-26,2019-09,"1000ETF
512100.XSHG"
2019-09-26 10:36:00,加仓,创业板ETF易方达,159915.XSHE,1.583,3000.0,26200.0,,8.0,2019-09-26,2019-09,"创业板ETF易方达
159915.XSHE"
2019-09-26 14:19:00,加仓,500ETF,510500.XSHG,5.384,900.0,5300.0,,5.0,2019-09-26,2019-09,"500ETF
510500.XSHG"
2019-10-14 09:56:00,止盈,500ETF,510500.XSHG,5.547,900.0,4400.0,146.2,4.0,2019-10-14,2019-10,"500ETF
510500.XSHG"
2019-10-18 13:34:00,加仓,500ETF,510500.XSHG,5.379,900.0,5300.0,,5.0,2019-10-18,2019-10,"500ETF
510500.XSHG"
2019-10-28 09:31:00,止盈,创业板ETF易方达,159915.XSHE,1.632,3100.0,23100.0,151.39,7.0,2019-10-28,2019-10,"创业板ETF易方达
159915.XSHE"
2019-10-29 09:31:00,止盈,纳指ETF,513100.XSHG,2.958,1700.0,5800.0,150.8,3.0,2019-10-29,2019-10,"纳指ETF
513100.XSHG"
2019-11-08 09:31:00,加仓,黄金ETF,518880.XSHG,3.252,1400.0,16100.0,,11.0,2019-11-08,2019-11,"黄金ETF
518880.XSHG"
2019-11-08 09:32:00,等级校准,黄金ETF,518880.XSHG,,,16100.0,,,2019-11-08,2019-11,"黄金ETF
518880.XSHG"
2019-11-12 10:01:00,加仓,1000ETF,512100.XSHG,0.656,7300.0,45700.0,,6.0,2019-11-12,2019-11,"1000ETF
512100.XSHG"
2019-11-12 11:20:00,加仓,500ETF,510500.XSHG,5.216,900.0,6200.0,,6.0,2019-11-12,2019-11,"500ETF
510500.XSHG"
2019-11-19 14:58:00,止盈,500ETF,510500.XSHG,5.373,900.0,5300.0,140.82,5.0,2019-11-19,2019-11,"500ETF
510500.XSHG"
2019-11-20 10:13:00,止盈,1000ETF,512100.XSHG,0.676,7600.0,38100.0,151.49,5.0,2019-11-20,2019-11,"1000ETF
512100.XSHG"
2019-11-25 09:47:00,加仓,1000ETF,512100.XSHG,0.655,7300.0,45400.0,,6.0,2019-11-25,2019-11,"1000ETF
512100.XSHG"
2019-11-25 09:48:00,等级校准,1000ETF,512100.XSHG,,,45400.0,,,2019-11-25,2019-11,"1000ETF
512100.XSHG"
2019-11-26 09:31:00,止盈,纳指ETF,513100.XSHG,3.072,1600.0,4200.0,181.91,2.0,2019-11-26,2019-11,"纳指ETF
513100.XSHG"
2019-12-09 09:31:00,止盈,1000ETF,512100.XSHG,0.676,7600.0,37800.0,159.09,5.0,2019-12-09,2019-12,"1000ETF
512100.XSHG"
2019-12-13 10:18:00,止盈,创业板ETF易方达,159915.XSHE,1.682,3000.0,20100.0,149.5,6.0,2019-12-13,2019-12,"创业板ETF易方达
159915.XSHE"
2019-12-16 11:17:00,止盈,500ETF,510500.XSHG,5.535,900.0,4400.0,145.3,4.0,2019-12-16,2019-12,"500ETF
510500.XSHG"
2019-12-16 13:43:00,止盈,1000ETF,512100.XSHG,0.697,7300.0,30500.0,152.79,4.0,2019-12-16,2019-12,"1000ETF
512100.XSHG"
2019-12-17 13:06:00,止盈,创业板ETF易方达,159915.XSHE,1.733,2900.0,17200.0,147.4,6.0,2019-12-17,2019-12,"创业板ETF易方达
159915.XSHE"
2019-12-17 14:10:00,止盈,纳指ETF,513100.XSHG,3.168,1600.0,2600.0,153.09,1.0,2019-12-17,2019-12,"纳指ETF
513100.XSHG"
2019-12-18 10:11:00,止盈,500ETF,510500.XSHG,5.707,900.0,3500.0,154.29,4.0,2019-12-18,2019-12,"500ETF
510500.XSHG"
2019-12-23 14:24:00,加仓,500ETF,510500.XSHG,5.534,800.0,4300.0,,5.0,2019-12-23,2019-12,"500ETF
510500.XSHG"
2019-12-23 14:25:00,等级校准,500ETF,510500.XSHG,,,4300.0,,,2019-12-23,2019-12,"500ETF
510500.XSHG"
2019-12-23 14:28:00,加仓,创业板ETF易方达,159915.XSHE,1.681,2800.0,20000.0,,7.0,2019-12-23,2019-12,"创业板ETF易方达
159915.XSHE"
2019-12-23 14:29:00,等级校准,创业板ETF易方达,159915.XSHE,,,20000.0,,,2019-12-23,2019-12,"创业板ETF易方达
159915.XSHE"
2019-12-25 09:39:00,止盈,黄金ETF,518880.XSHG,3.35,1500.0,14600.0,146.5,10.0,2019-12-25,2019-12,"黄金ETF
518880.XSHG"
2019-12-27 09:42:00,止盈,创业板ETF易方达,159915.XSHE,1.732,2900.0,17100.0,147.4,6.0,2019-12-27,2019-12,"创业板ETF易方达
159915.XSHE"
2019-12-31 14:29:00,止盈,500ETF,510500.XSHG,5.706,900.0,3400.0,154.29,4.0,2019-12-31,2019-12,"500ETF
510500.XSHG"
2020-01-02 09:31:00,止盈,1000ETF,512100.XSHG,0.722,7100.0,23400.0,176.99,3.0,2020-01-02,2020-01,"1000ETF
512100.XSHG"
2020-01-03 09:31:00,止盈,纳指ETF,513100.XSHG,3.268,1500.0,1100.0,149.51,1.0,2020-01-03,2020-01,"纳指ETF
513100.XSHG"
2020-01-06 09:31:00,止盈,黄金ETF,518880.XSHG,3.496,1400.0,13200.0,203.91,9.0,2020-01-06,2020-01,"黄金ETF
518880.XSHG"
2020-01-06 10:05:00,止盈,创业板ETF易方达,159915.XSHE,1.784,2800.0,14300.0,145.1,5.0,2020-01-06,2020-01,"创业板ETF易方达
159915.XSHE"
2020-01-06 10:06:00,止盈,500ETF,510500.XSHG,5.881,800.0,2600.0,139.53,3.0,2020-01-06,2020-01,"500ETF
510500.XSHG"
2020-01-06 13:22:00,止盈,1000ETF,512100.XSHG,0.744,6900.0,16500.0,151.29,2.0,2020-01-06,2020-01,"1000ETF
512100.XSHG"
2020-01-09 14:35:00,止盈,创业板ETF易方达,159915.XSHE,1.838,2800.0,11500.0,150.69,4.0,2020-01-09,2020-01,"创业板ETF易方达
159915.XSHE"
2020-01-10 14:32:00,止盈（部分）,纳指ETF,513100.XSHG,3.367,1100.0,0.0,108.53,0.0,2020-01-10,2020-01,"纳指ETF
513100.XSHG"
2020-01-10 14:32:00,清仓,纳指ETF,513100.XSHG,,,,,0.0,2020-01-10,2020-01,"纳指ETF
513100.XSHG"
2020-01-10 14:33:00,重装建仓,纳指ETF,513100.XSHG,3.368,14800.0,14800.0,,,2020-01-10,2020-01,"纳指ETF
513100.XSHG"
2020-01-10 14:34:00,底仓到账,纳指ETF,513100.XSHG,,,14800.0,,10.0,2020-01-10,2020-01,"纳指ETF
513100.XSHG"
2020-01-14 09:31:00,加仓,黄金ETF,518880.XSHG,3.366,1400.0,14600.0,,10.0,2020-01-14,2020-01,"黄金ETF
518880.XSHG"
2020-01-17 09:31:00,止盈,纳指ETF,513100.XSHG,3.495,1400.0,13400.0,177.31,9.0,2020-01-17,2020-01,"纳指ETF
513100.XSHG"
2020-01-20 11:22:00,止盈,创业板ETF易方达,159915.XSHE,1.894,2700.0,8800.0,150.69,3.0,2020-01-20,2020-01,"创业板ETF易方达
159915.XSHE"
2020-01-20 14:30:00,止盈,500ETF,510500.XSHG,6.06,800.0,1800.0,142.72,2.0,2020-01-20,2020-01,"500ETF
510500.XSHG"
2020-01-21 13:16:00,加仓,纳指ETF,513100.XSHG,3.39,1400.0,14800.0,,10.0,2020-01-21,2020-01,"纳指ETF
513100.XSHG"
2020-01-23 13:10:00,加仓,500ETF,510500.XSHG,5.871,800.0,2600.0,,3.0,2020-01-23,2020-01,"500ETF
510500.XSHG"
2020-01-23 13:32:00,加仓,创业板ETF易方达,159915.XSHE,1.834,2600.0,11400.0,,4.0,2020-01-23,2020-01,"创业板ETF易方达
159915.XSHE"
2020-02-03 09:31:00,止盈,黄金ETF,518880.XSHG,3.514,1400.0,13200.0,206.71,9.0,2020-02-03,2020-02,"黄金ETF
518880.XSHG"
2020-02-03 09:31:00,加仓,500ETF,510500.XSHG,5.343,800.0,3400.0,,4.0,2020-02-03,2020-02,"500ETF
510500.XSHG"
2020-02-03 09:31:00,加仓,1000ETF,512100.XSHG,0.666,6700.0,23200.0,,3.0,2020-02-03,2020-02,"1000ETF
512100.XSHG"
2020-02-03 09:31:00,加仓,创业板ETF易方达,159915.XSHE,1.675,2700.0,14100.0,,5.0,2020-02-03,2020-02,"创业板ETF易方达
159915.XSHE"
2020-02-03 09:32:00,等级校准,500ETF,510500.XSHG,,,3400.0,,,2020-02-03,2020-02,"500ETF
510500.XSHG"
2020-02-03 09:32:00,等级校准,创业板ETF易方达,159915.XSHE,,,14100.0,,,2020-02-03,2020-02,"创业板ETF易方达
159915.XSHE"
2020-02-03 09:43:00,止盈,创业板ETF易方达,159915.XSHE,1.726,2900.0,11200.0,147.4,4.0,2020-02-03,2020-02,"创业板ETF易方达
159915.XSHE"
2020-02-03 14:52:00,加仓,创业板ETF易方达,159915.XSHE,1.671,2800.0,14000.0,,5.0,2020-02-03,2020-02,"创业板ETF易方达
159915.XSHE"
2020-02-03 14:53:00,等级校准,创业板ETF易方达,159915.XSHE,,,14000.0,,,2020-02-03,2020-02,"创业板ETF易方达
159915.XSHE"
2020-02-04 09:31:00,止盈,创业板ETF易方达,159915.XSHE,1.723,2900.0,11100.0,150.3,3.0,2020-02-04,2020-02,"创业板ETF易方达
159915.XSHE"
2020-02-04 09:54:00,止盈,创业板ETF易方达,159915.XSHE,1.776,2900.0,8200.0,153.18,2.0,2020-02-04,2020-02,"创业板ETF易方达
159915.XSHE"
2020-02-05 09:31:00,止盈,纳指ETF,513100.XSHG,3.502,1400.0,13400.0,156.31,9.0,2020-02-05,2020-02,"纳指ETF
513100.XSHG"
2020-02-05 09:31:00,止盈,创业板ETF易方达,159915.XSHE,1.83,2800.0,5400.0,150.69,2.0,2020-02-05,2020-02,"创业板ETF易方达
159915.XSHE"
2020-02-05 09:40:00,止盈,1000ETF,512100.XSHG,0.687,7500.0,15700.0,156.98,2.0,2020-02-05,2020-02,"1000ETF
512100.XSHG"
2020-02-05 09:48:00,止盈,500ETF,510500.XSHG,5.505,900.0,2500.0,145.3,2.0,2020-02-05,2020-02,"500ETF
510500.XSHG"
2020-02-05 10:36:00,止盈,创业板ETF易方达,159915.XSHE,1.889,2700.0,2700.0,158.79,1.0,2020-02-05,2020-02,"创业板ETF易方达
159915.XSHE"
2020-02-06 09:33:00,止盈,纳指ETF,513100.XSHG,3.614,1400.0,12000.0,156.29,9.0,2020-02-06,2020-02,"纳指ETF
513100.XSHG"
2020-02-06 11:29:00,止盈,500ETF,510500.XSHG,5.671,900.0,1600.0,148.89,2.0,2020-02-06,2020-02,"500ETF
510500.XSHG"
2020-02-06 11:29:00,止盈,1000ETF,512100.XSHG,0.709,7200.0,8500.0,157.89,1.0,2020-02-06,2020-02,"1000ETF
512100.XSHG"
2020-02-07 09:45:00,止盈,纳指ETF,513100.XSHG,3.725,1300.0,10700.0,143.82,8.0,2020-02-07,2020-02,"纳指ETF
513100.XSHG"
2020-02-07 10:24:00,止盈,创业板ETF易方达,159915.XSHE,1.947,2600.0,100.0,150.29,1.0,2020-02-07,2020-02,"创业板ETF易方达
159915.XSHE"
2020-02-10 14:46:00,止盈,1000ETF,512100.XSHG,0.731,7000.0,1500.0,153.49,1.0,2020-02-10,2020-02,"1000ETF
512100.XSHG"
2020-02-11 09:32:00,止盈,纳指ETF,513100.XSHG,3.843,1300.0,9400.0,152.9,7.0,2020-02-11,2020-02,"纳指ETF
513100.XSHG"
2020-02-12 10:48:00,止盈,纳指ETF,513100.XSHG,3.962,1300.0,8100.0,154.18,6.0,2020-02-12,2020-02,"纳指ETF
513100.XSHG"
2020-02-12 11:19:00,止盈,500ETF,510500.XSHG,5.844,800.0,800.0,137.93,1.0,2020-02-12,2020-02,"500ETF
510500.XSHG"
2020-02-12 14:20:00,止盈（部分）,创业板ETF易方达,159915.XSHE,2.008,100.0,0.0,6.0,0.0,2020-02-12,2020-02,"创业板ETF易方达
159915.XSHE"
2020-02-12 14:20:00,清仓,创业板ETF易方达,159915.XSHE,,,,,0.0,2020-02-12,2020-02,"创业板ETF易方达
159915.XSHE"
2020-02-12 14:21:00,重装建仓,创业板ETF易方达,159915.XSHE,2.007,24900.0,24900.0,,,2020-02-12,2020-02,"创业板ETF易方达
159915.XSHE"
2020-02-12 14:22:00,底仓到账,创业板ETF易方达,159915.XSHE,,,24900.0,,10.0,2020-02-12,2020-02,"创业板ETF易方达
159915.XSHE"
2020-02-13 09:42:00,止盈,纳指ETF,513100.XSHG,4.081,1200.0,6900.0,142.31,5.0,2020-02-13,2020-02,"纳指ETF
513100.XSHG"
2020-02-13 14:57:00,止盈,纳指ETF,513100.XSHG,4.226,1200.0,5700.0,173.49,5.0,2020-02-13,2020-02,"纳指ETF
513100.XSHG"
2020-02-14 09:32:00,加仓,纳指ETF,513100.XSHG,4.023,1100.0,6800.0,,6.0,2020-02-14,2020-02,"纳指ETF
513100.XSHG"
2020-02-14 09:33:00,等级校准,纳指ETF,513100.XSHG,,,6800.0,,,2020-02-14,2020-02,"纳指ETF
513100.XSHG"
2020-02-14 09:44:00,止盈,纳指ETF,513100.XSHG,4.145,1200.0,5600.0,145.9,4.0,2020-02-14,2020-02,"纳指ETF
513100.XSHG"
2020-02-14 14:27:00,加仓,纳指ETF,513100.XSHG,4.006,1200.0,6800.0,,5.0,2020-02-14,2020-02,"纳指ETF
513100.XSHG"
2020-02-17 09:34:00,加仓,纳指ETF,513100.XSHG,3.84,1200.0,8000.0,,6.0,2020-02-17,2020-02,"纳指ETF
513100.XSHG"
2020-02-17 09:36:00,止盈（部分）,1000ETF,512100.XSHG,0.753,1500.0,0.0,32.89,0.0,2020-02-17,2020-02,"1000ETF
512100.XSHG"
2020-02-17 09:36:00,清仓,1000ETF,512100.XSHG,,,,,0.0,2020-02-17,2020-02,"1000ETF
512100.XSHG"
2020-02-17 09:37:00,重装建仓,1000ETF,512100.XSHG,0.752,66400.0,66400.0,,,2020-02-17,2020-02,"1000ETF
512100.XSHG"
2020-02-17 09:38:00,底仓到账,1000ETF,512100.XSHG,,,66400.0,,10.0,2020-02-17,2020-02,"1000ETF
512100.XSHG"
2020-02-17 11:22:00,止盈,纳指ETF,513100.XSHG,3.962,1300.0,6700.0,158.08,5.0,2020-02-17,2020-02,"纳指ETF
513100.XSHG"
2020-02-17 13:23:00,止盈,500ETF,510500.XSHG,6.02,800.0,0.0,140.32,0.0,2020-02-17,2020-02,"500ETF
510500.XSHG"
2020-02-17 13:23:00,清仓,500ETF,510500.XSHG,,,,,0.0,2020-02-17,2020-02,"500ETF
510500.XSHG"
2020-02-17 13:24:00,重装建仓,500ETF,510500.XSHG,6.02,8300.0,8300.0,,,2020-02-17,2020-02,"500ETF
510500.XSHG"
2020-02-17 13:25:00,底仓到账,500ETF,510500.XSHG,,,8300.0,,10.0,2020-02-17,2020-02,"500ETF
510500.XSHG"
2020-02-17 14:56:00,止盈,创业板ETF易方达,159915.XSHE,2.068,2400.0,22500.0,145.9,9.0,2020-02-17,2020-02,"创业板ETF易方达
159915.XSHE"
2020-02-18 09:35:00,止盈,1000ETF,512100.XSHG,0.775,6600.0,59800.0,151.29,9.0,2020-02-18,2020-02,"1000ETF
512100.XSHG"
2020-02-18 14:20:00,加仓,纳指ETF,513100.XSHG,3.84,1200.0,7900.0,,6.0,2020-02-18,2020-02,"纳指ETF
513100.XSHG"
2020-02-20 14:35:00,止盈,1000ETF,512100.XSHG,0.799,6400.0,53400.0,153.09,8.0,2020-02-20,2020-02,"1000ETF
512100.XSHG"
2020-02-21 09:52:00,止盈,500ETF,510500.XSHG,6.204,800.0,7500.0,146.7,9.0,2020-02-21,2020-02,"500ETF
510500.XSHG"
2020-02-21 10:06:00,止盈,黄金ETF,518880.XSHG,3.62,1400.0,11800.0,147.89,9.0,2020-02-21,2020-02,"黄金ETF
518880.XSHG"
2020-02-21 10:08:00,止盈,创业板ETF易方达,159915.XSHE,2.134,2400.0,20100.0,157.89,8.0,2020-02-21,2020-02,"创业板ETF易方达
159915.XSHE"
2020-02-21 14:49:00,加仓,纳指ETF,513100.XSHG,3.724,1300.0,9200.0,,7.0,2020-02-21,2020-02,"纳指ETF
513100.XSHG"
2020-02-24 09:32:00,加仓,纳指ETF,513100.XSHG,3.601,1300.0,10500.0,,8.0,2020-02-24,2020-02,"纳指ETF
513100.XSHG"
2020-02-24 11:14:00,止盈,1000ETF,512100.XSHG,0.823,6200.0,47200.0,148.29,7.0,2020-02-24,2020-02,"1000ETF
512100.XSHG"
2020-02-24 13:15:00,止盈,黄金ETF,518880.XSHG,3.729,1300.0,10500.0,141.22,8.0,2020-02-24,2020-02,"黄金ETF
518880.XSHG"
2020-02-25 09:31:00,加仓,纳指ETF,513100.XSHG,3.479,1300.0,11800.0,,9.0,2020-02-25,2020-02,"纳指ETF
513100.XSHG"
2020-02-25 09:32:00,等级校准,纳指ETF,513100.XSHG,,,11800.0,,,2020-02-25,2020-02,"纳指ETF
513100.XSHG"
2020-02-25 10:12:00,止盈,纳指ETF,513100.XSHG,3.587,1400.0,10400.0,150.7,8.0,2020-02-25,2020-02,"纳指ETF
513100.XSHG"
2020-02-25 11:13:00,加仓,1000ETF,512100.XSHG,0.797,6000.0,53200.0,,8.0,2020-02-25,2020-02,"1000ETF
512100.XSHG"
2020-02-25 13:22:00,止盈,1000ETF,512100.XSHG,0.821,6200.0,47000.0,148.29,7.0,2020-02-25,2020-02,"1000ETF
512100.XSHG"
2020-02-25 14:35:00,止盈,创业板ETF易方达,159915.XSHE,2.199,2300.0,17800.0,148.99,8.0,2020-02-25,2020-02,"创业板ETF易方达
159915.XSHE"
2020-02-26 10:23:00,加仓,创业板ETF易方达,159915.XSHE,2.13,2200.0,20000.0,,9.0,2020-02-26,2020-02,"创业板ETF易方达
159915.XSHE"
2020-02-26 10:24:00,等级校准,创业板ETF易方达,159915.XSHE,,,20000.0,,,2020-02-26,2020-02,"创业板ETF易方达
159915.XSHE"
2020-02-28 09:31:00,加仓,纳指ETF,513100.XSHG,3.428,1300.0,11700.0,,9.0,2020-02-28,2020-02,"纳指ETF
513100.XSHG"
2020-02-28 09:31:00,加仓,1000ETF,512100.XSHG,0.786,6000.0,53000.0,,8.0,2020-02-28,2020-02,"1000ETF
512100.XSHG"
2020-02-28 09:31:00,加仓,创业板ETF易方达,159915.XSHE,2.04,2300.0,22300.0,,9.0,2020-02-28,2020-02,"创业板ETF易方达
159915.XSHE"
2020-02-28 09:32:00,等级校准,纳指ETF,513100.XSHG,,,11700.0,,,2020-02-28,2020-02,"纳指ETF
513100.XSHG"
2020-02-28 10:27:00,加仓,500ETF,510500.XSHG,6.01,800.0,8300.0,,10.0,2020-02-28,2020-02,"500ETF
510500.XSHG"
2020-02-28 13:06:00,加仓,1000ETF,512100.XSHG,0.762,6300.0,59300.0,,9.0,2020-02-28,2020-02,"1000ETF
512100.XSHG"
2020-02-28 13:55:00,加仓,黄金ETF,518880.XSHG,3.616,1300.0,11800.0,,9.0,2020-02-28,2020-02,"黄金ETF
518880.XSHG"
2020-03-02 10:52:00,止盈,1000ETF,512100.XSHG,0.785,6500.0,52800.0,148.99,8.0,2020-03-02,2020-03,"1000ETF
512100.XSHG"
2020-03-02 13:45:00,止盈,纳指ETF,513100.XSHG,3.538,1400.0,10300.0,153.5,7.0,2020-03-02,2020-03,"纳指ETF
513100.XSHG"
2020-03-03 09:31:00,止盈,纳指ETF,513100.XSHG,3.678,1400.0,8900.0,195.49,6.0,2020-03-03,2020-03,"纳指ETF
513100.XSHG"
2020-03-03 09:31:00,止盈,500ETF,510500.XSHG,6.221,800.0,7500.0,168.3,9.0,2020-03-03,2020-03,"500ETF
510500.XSHG"
2020-03-03 09:31:00,止盈,1000ETF,512100.XSHG,0.815,6300.0,46500.0,188.49,7.0,2020-03-03,2020-03,"1000ETF
512100.XSHG"
2020-03-03 09:31:00,止盈,创业板ETF易方达,159915.XSHE,2.102,2400.0,19900.0,148.3,8.0,2020-03-03,2020-03,"创业板ETF易方达
159915.XSHE"
2020-03-03 13:12:00,加仓,纳指ETF,513100.XSHG,3.567,1300.0,10200.0,,7.0,2020-03-03,2020-03,"纳指ETF
513100.XSHG"
2020-03-09 09:31:00,加仓,纳指ETF,513100.XSHG,3.398,1400.0,11600.0,,8.0,2020-03-09,2020-03,"纳指ETF
513100.XSHG"
2020-03-09 09:51:00,止盈,黄金ETF,518880.XSHG,3.726,1300.0,10500.0,142.52,8.0,2020-03-09,2020-03,"黄金ETF
518880.XSHG"
2020-03-09 13:01:00,加仓,黄金ETF,518880.XSHG,3.577,1300.0,11800.0,,9.0,2020-03-09,2020-03,"黄金ETF
518880.XSHG"
2020-03-09 13:05:00,加仓,创业板ETF易方达,159915.XSHE,2.038,2300.0,22200.0,,9.0,2020-03-09,2020-03,"创业板ETF易方达
159915.XSHE"
2020-03-09 13:10:00,加仓,500ETF,510500.XSHG,6.034,800.0,8300.0,,10.0,2020-03-09,2020-03,"500ETF
510500.XSHG"
2020-03-09 13:22:00,加仓,1000ETF,512100.XSHG,0.789,6100.0,52600.0,,8.0,2020-03-09,2020-03,"1000ETF
512100.XSHG"
2020-03-09 14:38:00,加仓,纳指ETF,513100.XSHG,3.292,1400.0,13000.0,,9.0,2020-03-09,2020-03,"纳指ETF
513100.XSHG"
2020-03-09 14:39:00,等级校准,纳指ETF,513100.XSHG,,,13000.0,,,2020-03-09,2020-03,"纳指ETF
513100.XSHG"
2020-03-10 10:50:00,加仓,创业板ETF易方达,159915.XSHE,1.976,2400.0,24600.0,,10.0,2020-03-10,2020-03,"创业板ETF易方达
159915.XSHE"
2020-03-10 10:51:00,等级校准,创业板ETF易方达,159915.XSHE,,,24600.0,,,2020-03-10,2020-03,"创业板ETF易方达
159915.XSHE"
2020-03-10 13:01:00,止盈,创业板ETF易方达,159915.XSHE,2.038,2500.0,22100.0,154.49,9.0,2020-03-10,2020-03,"创业板ETF易方达
159915.XSHE"
2020-03-10 13:32:00,止盈,纳指ETF,513100.XSHG,3.399,1500.0,11500.0,159.99,8.0,2020-03-10,2020-03,"纳指ETF
513100.XSHG"
2020-03-11 09:52:00,止盈,1000ETF,512100.XSHG,0.814,6300.0,46300.0,156.99,7.0,2020-03-11,2020-03,"1000ETF
512100.XSHG"
2020-03-11 14:41:00,加仓,纳指ETF,513100.XSHG,3.296,1400.0,12900.0,,9.0,2020-03-11,2020-03,"纳指ETF
513100.XSHG"
2020-03-11 14:42:00,等级校准,纳指ETF,513100.XSHG,,,12900.0,,,2020-03-11,2020-03,"纳指ETF
513100.XSHG"
2020-03-12 09:32:00,加仓,纳指ETF,513100.XSHG,3.193,1500.0,14400.0,,9.0,2020-03-12,2020-03,"纳指ETF
513100.XSHG"
2020-03-12 09:32:00,加仓,1000ETF,512100.XSHG,0.784,6100.0,52400.0,,8.0,2020-03-12,2020-03,"1000ETF
512100.XSHG"
2020-03-12 10:10:00,加仓,创业板ETF易方达,159915.XSHE,1.976,2400.0,24500.0,,10.0,2020-03-12,2020-03,"创业板ETF易方达
159915.XSHE"
2020-03-12 10:11:00,等级校准,创业板ETF易方达,159915.XSHE,,,24500.0,,,2020-03-12,2020-03,"创业板ETF易方达
159915.XSHE"
2020-03-13 09:31:00,加仓,纳指ETF,513100.XSHG,2.987,1500.0,15900.0,,10.0,2020-03-13,2020-03,"纳指ETF
513100.XSHG"
2020-03-13 09:31:00,加仓,黄金ETF,518880.XSHG,3.463,1300.0,13100.0,,10.0,2020-03-13,2020-03,"黄金ETF
518880.XSHG"
2020-03-13 09:31:00,加仓,500ETF,510500.XSHG,5.7,800.0,9100.0,,11.0,2020-03-13,2020-03,"500ETF
510500.XSHG"
2020-03-13 09:31:00,加仓,1000ETF,512100.XSHG,0.751,6300.0,58700.0,,9.0,2020-03-13,2020-03,"1000ETF
512100.XSHG"
2020-03-13 09:31:00,加仓,创业板ETF易方达,159915.XSHE,1.88,2500.0,27000.0,,10.0,2020-03-13,2020-03,"创业板ETF易方达
159915.XSHE"
2020-03-13 09:32:00,等级校准,纳指ETF,513100.XSHG,,,15900.0,,,2020-03-13,2020-03,"纳指ETF
513100.XSHG"
2020-03-13 09:32:00,等级校准,黄金ETF,518880.XSHG,,,13100.0,,,2020-03-13,2020-03,"黄金ETF
518880.XSHG"
2020-03-13 09:32:00,等级校准,1000ETF,512100.XSHG,,,58700.0,,,2020-03-13,2020-03,"1000ETF
512100.XSHG"
2020-03-13 11:01:00,止盈,创业板ETF易方达,159915.XSHE,1.94,2600.0,24400.0,155.5,9.0,2020-03-13,2020-03,"创业板ETF易方达
159915.XSHE"
2020-03-13 13:01:00,止盈,纳指ETF,513100.XSHG,3.088,1600.0,14300.0,161.11,8.0,2020-03-13,2020-03,"纳指ETF
513100.XSHG"
2020-03-13 13:02:00,止盈,500ETF,510500.XSHG,5.884,800.0,8300.0,146.73,10.0,2020-03-13,2020-03,"500ETF
510500.XSHG"
2020-03-13 13:07:00,止盈,纳指ETF,513100.XSHG,3.192,1600.0,12700.0,165.89,8.0,2020-03-13,2020-03,"纳指ETF
513100.XSHG"
2020-03-13 13:07:00,止盈,1000ETF,512100.XSHG,0.774,6600.0,52100.0,151.29,8.0,2020-03-13,2020-03,"1000ETF
512100.XSHG"
2020-03-13 13:20:00,止盈,纳指ETF,513100.XSHG,3.296,1500.0,11200.0,155.51,7.0,2020-03-13,2020-03,"纳指ETF
513100.XSHG"
2020-03-13 14:21:00,加仓,纳指ETF,513100.XSHG,3.193,1500.0,12700.0,,8.0,2020-03-13,2020-03,"纳指ETF
513100.XSHG"
2020-03-16 13:35:00,加仓,创业板ETF易方达,159915.XSHE,1.881,2500.0,26900.0,,10.0,2020-03-16,2020-03,"创业板ETF易方达
159915.XSHE"
2020-03-16 13:42:00,加仓,1000ETF,512100.XSHG,0.75,6400.0,58500.0,,9.0,2020-03-16,2020-03,"1000ETF
512100.XSHG"
2020-03-16 13:43:00,等级校准,1000ETF,512100.XSHG,,,58500.0,,,2020-03-16,2020-03,"1000ETF
512100.XSHG"
2020-03-16 14:00:00,加仓,500ETF,510500.XSHG,5.707,800.0,9100.0,,11.0,2020-03-16,2020-03,"500ETF
510500.XSHG"
2020-03-16 14:31:00,加仓,纳指ETF,513100.XSHG,3.08,1500.0,14200.0,,9.0,2020-03-16,2020-03,"纳指ETF
513100.XSHG"
2020-03-16 14:32:00,等级校准,纳指ETF,513100.XSHG,,,14200.0,,,2020-03-16,2020-03,"纳指ETF
513100.XSHG"
2020-03-17 09:31:00,加仓,黄金ETF,518880.XSHG,3.312,1400.0,14500.0,,10.0,2020-03-17,2020-03,"黄金ETF
518880.XSHG"
2020-03-17 09:32:00,等级校准,黄金ETF,518880.XSHG,,,14500.0,,,2020-03-17,2020-03,"黄金ETF
518880.XSHG"
2020-03-17 09:39:00,加仓,1000ETF,512100.XSHG,0.726,6600.0,65100.0,,9.0,2020-03-17,2020-03,"1000ETF
512100.XSHG"
2020-03-17 09:40:00,加仓,创业板ETF易方达,159915.XSHE,1.819,2600.0,29500.0,,11.0,2020-03-17,2020-03,"创业板ETF易方达
159915.XSHE"
2020-03-17 09:41:00,等级校准,创业板ETF易方达,159915.XSHE,,,29500.0,,,2020-03-17,2020-03,"创业板ETF易方达
159915.XSHE"
2020-03-17 10:16:00,加仓,500ETF,510500.XSHG,5.532,800.0,9900.0,,12.0,2020-03-17,2020-03,"500ETF
510500.XSHG"
2020-03-17 10:17:00,等级校准,500ETF,510500.XSHG,,,9900.0,,,2020-03-17,2020-03,"500ETF
510500.XSHG"
2020-03-18 09:44:00,止盈,创业板ETF易方达,159915.XSHE,1.874,2700.0,26800.0,147.99,10.0,2020-03-18,2020-03,"创业板ETF易方达
159915.XSHE"
2020-03-18 09:47:00,止盈,500ETF,510500.XSHG,5.709,900.0,9000.0,158.79,11.0,2020-03-18,2020-03,"500ETF
510500.XSHG"
2020-03-18 11:12:00,止盈,1000ETF,512100.XSHG,0.748,6800.0,58300.0,149.09,8.0,2020-03-18,2020-03,"1000ETF
512100.XSHG"
2020-03-18 14:44:00,加仓,1000ETF,512100.XSHG,0.725,6600.0,64900.0,,9.0,2020-03-18,2020-03,"1000ETF
512100.XSHG"
2020-03-19 09:34:00,加仓,创业板ETF易方达,159915.XSHE,1.815,2600.0,29400.0,,11.0,2020-03-19,2020-03,"创业板ETF易方达
159915.XSHE"
2020-03-19 09:35:00,等级校准,创业板ETF易方达,159915.XSHE,,,29400.0,,,2020-03-19,2020-03,"创业板ETF易方达
159915.XSHE"
2020-03-19 09:49:00,加仓,500ETF,510500.XSHG,5.526,800.0,9800.0,,12.0,2020-03-19,2020-03,"500ETF
510500.XSHG"
2020-03-19 09:50:00,等级校准,500ETF,510500.XSHG,,,9800.0,,,2020-03-19,2020-03,"500ETF
510500.XSHG"
2020-03-19 11:02:00,加仓,纳指ETF,513100.XSHG,2.986,1600.0,15800.0,,9.0,2020-03-19,2020-03,"纳指ETF
513100.XSHG"
2020-03-20 09:31:00,止盈,纳指ETF,513100.XSHG,3.098,1600.0,14200.0,178.7,8.0,2020-03-20,2020-03,"纳指ETF
513100.XSHG"
2020-03-23 14:39:00,加仓,创业板ETF易方达,159915.XSHE,1.76,2700.0,32100.0,,11.0,2020-03-23,2020-03,"创业板ETF易方达
159915.XSHE"
2020-03-23 14:50:00,加仓,1000ETF,512100.XSHG,0.703,6800.0,71700.0,,10.0,2020-03-23,2020-03,"1000ETF
512100.XSHG"
2020-03-24 09:31:00,止盈,黄金ETF,518880.XSHG,3.549,1500.0,13000.0,354.97,9.0,2020-03-24,2020-03,"黄金ETF
518880.XSHG"
2020-03-25 09:31:00,止盈,纳指ETF,513100.XSHG,3.32,1600.0,12600.0,354.67,8.0,2020-03-25,2020-03,"纳指ETF
513100.XSHG"
2020-03-25 09:31:00,止盈,1000ETF,512100.XSHG,0.729,7100.0,64600.0,184.08,9.0,2020-03-25,2020-03,"1000ETF
512100.XSHG"
2020-03-25 09:31:00,止盈,创业板ETF易方达,159915.XSHE,1.846,2800.0,29300.0,240.28,10.0,2020-03-25,2020-03,"创业板ETF易方达
159915.XSHE"
2020-03-27 09:30:00,加仓,纳指ETF,513100.XSHG,3.219,1500.0,14100.0,,9.0,2020-03-27,2020-03,"纳指ETF
513100.XSHG"
2020-03-30 09:31:00,加仓,纳指ETF,513100.XSHG,3.073,1500.0,15600.0,,10.0,2020-03-30,2020-03,"纳指ETF
513100.XSHG"
2020-03-30 09:32:00,等级校准,纳指ETF,513100.XSHG,,,15600.0,,,2020-03-30,2020-03,"纳指ETF
513100.XSHG"
2020-03-30 09:35:00,加仓,1000ETF,512100.XSHG,0.705,6800.0,71400.0,,10.0,2020-03-30,2020-03,"1000ETF
512100.XSHG"
2020-03-30 09:46:00,加仓,创业板ETF易方达,159915.XSHE,1.79,2700.0,32000.0,,11.0,2020-03-30,2020-03,"创业板ETF易方达
159915.XSHE"
2020-04-02 14:58:00,止盈,创业板ETF易方达,159915.XSHE,1.844,2700.0,29300.0,145.3,10.0,2020-04-02,2020-04,"创业板ETF易方达
159915.XSHE"
2020-04-07 09:31:00,止盈,纳指ETF,513100.XSHG,3.194,1600.0,14000.0,193.09,9.0,2020-04-07,2020-04,"纳指ETF
513100.XSHG"
2020-04-07 09:31:00,止盈,黄金ETF,518880.XSHG,3.687,1400.0,11600.0,192.68,8.0,2020-04-07,2020-04,"黄金ETF
518880.XSHG"
2020-04-07 09:31:00,止盈,1000ETF,512100.XSHG,0.728,7000.0,64400.0,160.49,9.0,2020-04-07,2020-04,"1000ETF
512100.XSHG"
2020-04-07 13:56:00,止盈,500ETF,510500.XSHG,5.692,900.0,8900.0,148.89,11.0,2020-04-07,2020-04,"500ETF
510500.XSHG"
2020-04-08 13:53:00,止盈,创业板ETF易方达,159915.XSHE,1.9,2700.0,26600.0,150.69,10.0,2020-04-08,2020-04,"创业板ETF易方达
159915.XSHE"
2020-04-09 09:50:00,止盈,1000ETF,512100.XSHG,0.75,6800.0,57600.0,149.09,8.0,2020-04-09,2020-04,"1000ETF
512100.XSHG"
2020-04-13 09:32:00,加仓,1000ETF,512100.XSHG,0.727,6600.0,64200.0,,9.0,2020-04-13,2020-04,"1000ETF
512100.XSHG"
2020-04-13 09:35:00,加仓,纳指ETF,513100.XSHG,3.093,1500.0,15500.0,,10.0,2020-04-13,2020-04,"纳指ETF
513100.XSHG"
2020-04-13 09:36:00,等级校准,纳指ETF,513100.XSHG,,,15500.0,,,2020-04-13,2020-04,"纳指ETF
513100.XSHG"
2020-04-13 13:32:00,加仓,创业板ETF易方达,159915.XSHE,1.843,2600.0,29200.0,,11.0,2020-04-13,2020-04,"创业板ETF易方达
159915.XSHE"
2020-04-13 13:33:00,等级校准,创业板ETF易方达,159915.XSHE,,,29200.0,,,2020-04-13,2020-04,"创业板ETF易方达
159915.XSHE"
2020-04-14 13:57:00,止盈,创业板ETF易方达,159915.XSHE,1.899,2700.0,26500.0,150.69,10.0,2020-04-14,2020-04,"创业板ETF易方达
159915.XSHE"
2020-04-15 09:31:00,止盈,纳指ETF,513100.XSHG,3.205,1600.0,13900.0,178.69,9.0,2020-04-15,2020-04,"纳指ETF
513100.XSHG"
2020-04-17 09:31:00,止盈,纳指ETF,513100.XSHG,3.342,1500.0,12400.0,205.0,8.0,2020-04-17,2020-04,"纳指ETF
513100.XSHG"
2020-04-17 09:34:00,止盈,创业板ETF易方达,159915.XSHE,1.957,2600.0,23900.0,150.29,9.0,2020-04-17,2020-04,"创业板ETF易方达
159915.XSHE"
2020-04-17 09:49:00,止盈,1000ETF,512100.XSHG,0.749,6800.0,57400.0,149.09,8.0,2020-04-17,2020-04,"1000ETF
512100.XSHG"
2020-04-23 09:32:00,止盈,纳指ETF,513100.XSHG,3.454,1400.0,11000.0,156.32,7.0,2020-04-23,2020-04,"纳指ETF
513100.XSHG"
2020-04-27 13:03:00,止盈,纳指ETF,513100.XSHG,3.563,1400.0,9600.0,152.1,6.0,2020-04-27,2020-04,"纳指ETF
513100.XSHG"
2020-04-28 09:48:00,加仓,1000ETF,512100.XSHG,0.724,6600.0,64000.0,,9.0,2020-04-28,2020-04,"1000ETF
512100.XSHG"
2020-04-28 10:00:00,加仓,创业板ETF易方达,159915.XSHE,1.894,2500.0,26400.0,,10.0,2020-04-28,2020-04,"创业板ETF易方达
159915.XSHE"
2020-04-28 10:58:00,止盈,创业板ETF易方达,159915.XSHE,1.951,2600.0,23800.0,147.69,9.0,2020-04-28,2020-04,"创业板ETF易方达
159915.XSHE"
2020-04-29 09:32:00,止盈,纳指ETF,513100.XSHG,3.696,1400.0,8200.0,185.68,6.0,2020-04-29,2020-04,"纳指ETF
513100.XSHG"
2020-04-30 09:31:00,止盈,纳指ETF,513100.XSHG,3.842,1300.0,6900.0,189.3,5.0,2020-04-30,2020-04,"纳指ETF
513100.XSHG"
2020-04-30 14:34:00,加仓,纳指ETF,513100.XSHG,3.724,1300.0,8200.0,,6.0,2020-04-30,2020-04,"纳指ETF
513100.XSHG"
2020-05-06 09:41:00,止盈,1000ETF,512100.XSHG,0.746,6900.0,57100.0,151.29,8.0,2020-05-06,2020-05,"1000ETF
512100.XSHG"
2020-05-06 11:28:00,止盈,创业板ETF易方达,159915.XSHE,2.01,2500.0,21300.0,147.0,8.0,2020-05-06,2020-05,"创业板ETF易方达
159915.XSHE"
2020-05-06 13:46:00,止盈,500ETF,510500.XSHG,5.866,800.0,8100.0,138.73,10.0,2020-05-06,2020-05,"500ETF
510500.XSHG"
2020-05-08 13:04:00,止盈,1000ETF,512100.XSHG,0.769,6700.0,50400.0,153.58,7.0,2020-05-08,2020-05,"1000ETF
512100.XSHG"
2020-05-13 09:34:00,加仓,纳指ETF,513100.XSHG,3.61,1300.0,9500.0,,7.0,2020-05-13,2020-05,"纳指ETF
513100.XSHG"
2020-05-15 09:31:00,止盈,黄金ETF,518880.XSHG,3.82,1300.0,10300.0,172.4,7.0,2020-05-15,2020-05,"黄金ETF
518880.XSHG"
2020-05-18 10:12:00,止盈,黄金ETF,518880.XSHG,3.937,1300.0,9000.0,151.59,7.0,2020-05-18,2020-05,"黄金ETF
518880.XSHG"
2020-05-19 09:34:00,止盈,纳指ETF,513100.XSHG,3.72,1300.0,8200.0,142.52,6.0,2020-05-19,2020-05,"纳指ETF
513100.XSHG"
2020-05-20 09:32:00,止盈,创业板ETF易方达,159915.XSHE,2.071,2400.0,18900.0,145.9,7.0,2020-05-20,2020-05,"创业板ETF易方达
159915.XSHE"
2020-05-22 09:46:00,加仓,创业板ETF易方达,159915.XSHE,2.005,2400.0,21300.0,,8.0,2020-05-22,2020-05,"创业板ETF易方达
159915.XSHE"
2020-05-22 13:18:00,加仓,1000ETF,512100.XSHG,0.745,6500.0,56900.0,,8.0,2020-05-22,2020-05,"1000ETF
512100.XSHG"
2020-05-22 14:42:00,加仓,纳指ETF,513100.XSHG,3.603,1300.0,9500.0,,7.0,2020-05-22,2020-05,"纳指ETF
513100.XSHG"
2020-05-25 14:58:00,止盈,纳指ETF,513100.XSHG,3.715,1300.0,8200.0,145.12,6.0,2020-05-25,2020-05,"纳指ETF
513100.XSHG"
2020-05-27 13:50:00,止盈,纳指ETF,513100.XSHG,3.834,1300.0,6900.0,154.2,5.0,2020-05-27,2020-05,"纳指ETF
513100.XSHG"
2020-05-29 11:00:00,止盈,1000ETF,512100.XSHG,0.768,6700.0,50200.0,153.59,7.0,2020-05-29,2020-05,"1000ETF
512100.XSHG"
2020-06-01 10:51:00,止盈,创业板ETF易方达,159915.XSHE,2.066,2400.0,18900.0,145.9,7.0,2020-06-01,2020-06,"创业板ETF易方达
159915.XSHE"
2020-06-01 11:26:00,止盈,500ETF,510500.XSHG,6.042,800.0,7300.0,140.32,9.0,2020-06-01,2020-06,"500ETF
510500.XSHG"
2020-06-02 09:31:00,止盈,1000ETF,512100.XSHG,0.793,6500.0,43700.0,161.98,6.0,2020-06-02,2020-06,"1000ETF
512100.XSHG"
2020-06-04 09:31:00,加仓,黄金ETF,518880.XSHG,3.818,1200.0,10200.0,,8.0,2020-06-04,2020-06,"黄金ETF
518880.XSHG"
2020-06-04 09:32:00,等级校准,黄金ETF,518880.XSHG,,,10200.0,,,2020-06-04,2020-06,"黄金ETF
518880.XSHG"
2020-06-11 09:42:00,止盈,创业板ETF易方达,159915.XSHE,2.128,2400.0,16500.0,148.29,7.0,2020-06-11,2020-06,"创业板ETF易方达
159915.XSHE"
2020-06-12 09:31:00,加仓,纳指ETF,513100.XSHG,3.657,1300.0,8200.0,,6.0,2020-06-12,2020-06,"纳指ETF
513100.XSHG"
2020-06-16 09:54:00,止盈,纳指ETF,513100.XSHG,3.77,1300.0,6900.0,146.41,5.0,2020-06-16,2020-06,"纳指ETF
513100.XSHG"
2020-06-17 09:44:00,止盈,创业板ETF易方达,159915.XSHE,2.194,2300.0,14200.0,151.3,6.0,2020-06-17,2020-06,"创业板ETF易方达
159915.XSHE"
2020-06-17 10:07:00,止盈,500ETF,510500.XSHG,6.224,800.0,6500.0,145.1,8.0,2020-06-17,2020-06,"500ETF
510500.XSHG"
2020-06-19 11:16:00,止盈,1000ETF,512100.XSHG,0.817,6300.0,37400.0,150.69,6.0,2020-06-19,2020-06,"1000ETF
512100.XSHG"
2020-06-22 09:39:00,止盈,创业板ETF易方达,159915.XSHE,2.26,2200.0,12000.0,144.7,5.0,2020-06-22,2020-06,"创业板ETF易方达
159915.XSHE"
2020-06-30 09:44:00,止盈,创业板ETF易方达,159915.XSHE,2.329,2200.0,9800.0,151.29,4.0,2020-06-30,2020-06,"创业板ETF易方达
159915.XSHE"
2020-06-30 11:26:00,止盈,500ETF,510500.XSHG,6.412,800.0,5700.0,149.89,8.0,2020-06-30,2020-06,"500ETF
510500.XSHG"
2020-07-01 13:02:00,止盈,黄金ETF,518880.XSHG,3.933,1300.0,8900.0,148.99,7.0,2020-07-01,2020-07,"黄金ETF
518880.XSHG"
2020-07-02 09:50:00,止盈,1000ETF,512100.XSHG,0.842,6100.0,31300.0,151.99,5.0,2020-07-02,2020-07,"1000ETF
512100.XSHG"
2020-07-03 14:34:00,止盈,500ETF,510500.XSHG,6.609,700.0,5000.0,137.44,7.0,2020-07-03,2020-07,"500ETF
510500.XSHG"
2020-07-06 09:31:00,止盈,1000ETF,512100.XSHG,0.872,5900.0,25400.0,176.49,4.0,2020-07-06,2020-07,"1000ETF
512100.XSHG"
2020-07-06 09:57:00,止盈,创业板ETF易方达,159915.XSHE,2.404,2100.0,7700.0,157.0,3.0,2020-07-06,2020-07,"创业板ETF易方达
159915.XSHE"
2020-07-06 10:20:00,止盈,500ETF,510500.XSHG,6.809,700.0,4300.0,139.52,6.0,2020-07-06,2020-07,"500ETF
510500.XSHG"
2020-07-07 09:30:00,止盈,1000ETF,512100.XSHG,0.899,5700.0,19700.0,153.39,3.0,2020-07-07,2020-07,"1000ETF
512100.XSHG"
2020-07-07 09:31:00,止盈,500ETF,510500.XSHG,7.014,700.0,3600.0,143.01,5.0,2020-07-07,2020-07,"500ETF
510500.XSHG"
2020-07-07 09:40:00,止盈,创业板ETF易方达,159915.XSHE,2.477,2000.0,5700.0,145.5,2.0,2020-07-07,2020-07,"创业板ETF易方达
159915.XSHE"
2020-07-07 13:06:00,止盈,创业板ETF易方达,159915.XSHE,2.552,2000.0,3700.0,149.49,1.0,2020-07-07,2020-07,"创业板ETF易方达
159915.XSHE"
2020-07-08 14:43:00,止盈,1000ETF,512100.XSHG,0.926,5500.0,14200.0,147.99,2.0,2020-07-08,2020-07,"1000ETF
512100.XSHG"
2020-07-09 09:52:00,止盈,500ETF,510500.XSHG,7.229,700.0,2900.0,149.99,4.0,2020-07-09,2020-07,"500ETF
510500.XSHG"
2020-07-09 10:13:00,止盈,创业板ETF易方达,159915.XSHE,2.629,1900.0,1800.0,145.8,1.0,2020-07-09,2020-07,"创业板ETF易方达
159915.XSHE"
2020-07-09 13:02:00,止盈,1000ETF,512100.XSHG,0.954,5300.0,8900.0,147.89,1.0,2020-07-09,2020-07,"1000ETF
512100.XSHG"
2020-07-13 09:31:00,止盈,纳指ETF,513100.XSHG,3.904,1300.0,5600.0,173.69,4.0,2020-07-13,2020-07,"纳指ETF
513100.XSHG"
2020-07-13 09:32:00,止盈（部分）,创业板ETF易方达,159915.XSHE,2.718,1800.0,0.0,159.71,0.0,2020-07-13,2020-07,"创业板ETF易方达
159915.XSHE"
2020-07-13 09:32:00,清仓,创业板ETF易方达,159915.XSHE,,,,,0.0,2020-07-13,2020-07,"创业板ETF易方达
159915.XSHE"
2020-07-13 09:33:00,重装建仓,创业板ETF易方达,159915.XSHE,2.726,18300.0,18300.0,,,2020-07-13,2020-07,"创业板ETF易方达
159915.XSHE"
2020-07-13 09:34:00,底仓到账,创业板ETF易方达,159915.XSHE,,,18300.0,,10.0,2020-07-13,2020-07,"创业板ETF易方达
159915.XSHE"
2020-07-13 10:20:00,止盈,500ETF,510500.XSHG,7.448,600.0,2300.0,130.95,3.0,2020-07-13,2020-07,"500ETF
510500.XSHG"
2020-07-13 13:07:00,止盈,1000ETF,512100.XSHG,0.983,5200.0,3700.0,150.29,1.0,2020-07-13,2020-07,"1000ETF
512100.XSHG"
2020-07-15 10:44:00,加仓,1000ETF,512100.XSHG,0.951,5000.0,8700.0,,2.0,2020-07-15,2020-07,"1000ETF
512100.XSHG"
2020-07-15 10:45:00,等级校准,1000ETF,512100.XSHG,,,8700.0,,,2020-07-15,2020-07,"1000ETF
512100.XSHG"
2020-07-16 11:17:00,加仓,500ETF,510500.XSHG,7.224,600.0,2900.0,,4.0,2020-07-16,2020-07,"500ETF
510500.XSHG"
2020-07-16 13:19:00,加仓,创业板ETF易方达,159915.XSHE,2.64,1800.0,20100.0,,11.0,2020-07-16,2020-07,"创业板ETF易方达
159915.XSHE"
2020-07-16 13:35:00,加仓,1000ETF,512100.XSHG,0.921,5200.0,13900.0,,2.0,2020-07-16,2020-07,"1000ETF
512100.XSHG"
2020-07-16 14:22:00,加仓,500ETF,510500.XSHG,7.001,600.0,3500.0,,5.0,2020-07-16,2020-07,"500ETF
510500.XSHG"
2020-07-16 14:36:00,加仓,创业板ETF易方达,159915.XSHE,2.557,1800.0,21900.0,,12.0,2020-07-16,2020-07,"创业板ETF易方达
159915.XSHE"
2020-07-16 14:37:00,等级校准,创业板ETF易方达,159915.XSHE,,,21900.0,,,2020-07-16,2020-07,"创业板ETF易方达
159915.XSHE"
2020-07-17 10:35:00,止盈,创业板ETF易方达,159915.XSHE,2.634,1900.0,20000.0,145.8,11.0,2020-07-17,2020-07,"创业板ETF易方达
159915.XSHE"
2020-07-17 13:00:00,加仓,创业板ETF易方达,159915.XSHE,2.55,1800.0,21800.0,,12.0,2020-07-17,2020-07,"创业板ETF易方达
159915.XSHE"
2020-07-17 13:01:00,等级校准,创业板ETF易方达,159915.XSHE,,,21800.0,,,2020-07-17,2020-07,"创业板ETF易方达
159915.XSHE"
2020-07-21 09:37:00,止盈,500ETF,510500.XSHG,7.213,700.0,2800.0,147.9,4.0,2020-07-21,2020-07,"500ETF
510500.XSHG"
2020-07-21 09:37:00,止盈,创业板ETF易方达,159915.XSHE,2.628,1900.0,19900.0,147.7,10.0,2020-07-21,2020-07,"创业板ETF易方达
159915.XSHE"
2020-07-22 09:31:00,止盈,黄金ETF,518880.XSHG,4.051,1200.0,7700.0,141.11,6.0,2020-07-22,2020-07,"黄金ETF
518880.XSHG"
2020-07-22 09:45:00,止盈,1000ETF,512100.XSHG,0.949,5400.0,8500.0,150.69,1.0,2020-07-22,2020-07,"1000ETF
512100.XSHG"
2020-07-22 10:56:00,止盈,创业板ETF易方达,159915.XSHE,2.708,1900.0,18000.0,151.49,10.0,2020-07-22,2020-07,"创业板ETF易方达
159915.XSHE"
2020-07-23 10:51:00,加仓,创业板ETF易方达,159915.XSHE,2.623,1800.0,19800.0,,11.0,2020-07-23,2020-07,"创业板ETF易方达
159915.XSHE"
2020-07-23 10:52:00,等级校准,创业板ETF易方达,159915.XSHE,,,19800.0,,,2020-07-23,2020-07,"创业板ETF易方达
159915.XSHE"
2020-07-23 14:31:00,止盈,创业板ETF易方达,159915.XSHE,2.702,1900.0,17900.0,149.59,9.0,2020-07-23,2020-07,"创业板ETF易方达
159915.XSHE"
2020-07-24 11:09:00,加仓,创业板ETF易方达,159915.XSHE,2.619,1800.0,19700.0,,10.0,2020-07-24,2020-07,"创业板ETF易方达
159915.XSHE"
2020-07-24 13:12:00,加仓,500ETF,510500.XSHG,6.994,600.0,3400.0,,5.0,2020-07-24,2020-07,"500ETF
510500.XSHG"
2020-07-24 13:13:00,等级校准,500ETF,510500.XSHG,,,3400.0,,,2020-07-24,2020-07,"500ETF
510500.XSHG"
2020-07-24 13:50:00,加仓,1000ETF,512100.XSHG,0.92,5200.0,13700.0,,2.0,2020-07-24,2020-07,"1000ETF
512100.XSHG"
2020-07-24 14:06:00,加仓,创业板ETF易方达,159915.XSHE,2.54,1900.0,21600.0,,11.0,2020-07-24,2020-07,"创业板ETF易方达
159915.XSHE"
2020-07-27 09:46:00,止盈,黄金ETF,518880.XSHG,4.173,1200.0,6500.0,145.9,5.0,2020-07-27,2020-07,"黄金ETF
518880.XSHG"
2020-07-29 10:01:00,止盈,创业板ETF易方达,159915.XSHE,2.618,1900.0,19700.0,147.7,10.0,2020-07-29,2020-07,"创业板ETF易方达
159915.XSHE"
2020-07-29 14:17:00,止盈,1000ETF,512100.XSHG,0.948,5400.0,8300.0,150.69,1.0,2020-07-29,2020-07,"1000ETF
512100.XSHG"
2020-07-30 09:32:00,止盈,500ETF,510500.XSHG,7.205,700.0,2700.0,147.2,4.0,2020-07-30,2020-07,"500ETF
510500.XSHG"
2020-07-31 09:52:00,止盈,创业板ETF易方达,159915.XSHE,2.699,1900.0,17800.0,153.39,9.0,2020-07-31,2020-07,"创业板ETF易方达
159915.XSHE"
2020-08-03 09:56:00,止盈,1000ETF,512100.XSHG,0.978,5200.0,3100.0,155.49,1.0,2020-08-03,2020-08,"1000ETF
512100.XSHG"
2020-08-04 09:38:00,止盈,创业板ETF易方达,159915.XSHE,2.78,1800.0,16000.0,145.3,9.0,2020-08-04,2020-08,"创业板ETF易方达
159915.XSHE"
2020-08-05 09:31:00,止盈,黄金ETF,518880.XSHG,4.3,1100.0,5400.0,139.23,4.0,2020-08-05,2020-08,"黄金ETF
518880.XSHG"
2020-08-05 11:26:00,止盈,500ETF,510500.XSHG,7.426,600.0,2100.0,132.15,3.0,2020-08-05,2020-08,"500ETF
510500.XSHG"
2020-08-06 10:45:00,加仓,创业板ETF易方达,159915.XSHE,2.696,1700.0,17700.0,,10.0,2020-08-06,2020-08,"创业板ETF易方达
159915.XSHE"
2020-08-06 10:46:00,等级校准,创业板ETF易方达,159915.XSHE,,,17700.0,,,2020-08-06,2020-08,"创业板ETF易方达
159915.XSHE"
2020-08-07 13:30:00,加仓,创业板ETF易方达,159915.XSHE,2.612,1800.0,19500.0,,10.0,2020-08-07,2020-08,"创业板ETF易方达
159915.XSHE"
2020-08-12 09:31:00,加仓,黄金ETF,518880.XSHG,4.02,1100.0,6500.0,,5.0,2020-08-12,2020-08,"黄金ETF
518880.XSHG"
2020-08-12 09:42:00,加仓,500ETF,510500.XSHG,7.198,600.0,2700.0,,4.0,2020-08-12,2020-08,"500ETF
510500.XSHG"
2020-08-12 10:14:00,加仓,1000ETF,512100.XSHG,0.948,5100.0,8200.0,,2.0,2020-08-12,2020-08,"1000ETF
512100.XSHG"
2020-08-12 10:15:00,等级校准,1000ETF,512100.XSHG,,,8200.0,,,2020-08-12,2020-08,"1000ETF
512100.XSHG"
2020-08-12 10:17:00,加仓,创业板ETF易方达,159915.XSHE,2.533,1900.0,21400.0,,11.0,2020-08-12,2020-08,"创业板ETF易方达
159915.XSHE"
2020-08-13 09:31:00,止盈,纳指ETF,513100.XSHG,4.036,1200.0,4400.0,157.92,3.0,2020-08-13,2020-08,"纳指ETF
513100.XSHG"
2020-08-14 09:31:00,止盈,黄金ETF,518880.XSHG,4.141,1200.0,5300.0,144.7,4.0,2020-08-14,2020-08,"黄金ETF
518880.XSHG"
2020-08-17 09:44:00,止盈,1000ETF,512100.XSHG,0.978,5200.0,3000.0,155.49,1.0,2020-08-17,2020-08,"1000ETF
512100.XSHG"
2020-08-18 09:33:00,止盈,500ETF,510500.XSHG,7.419,600.0,2100.0,132.15,3.0,2020-08-18,2020-08,"500ETF
510500.XSHG"
2020-08-18 09:33:00,止盈,创业板ETF易方达,159915.XSHE,2.611,1900.0,19500.0,147.7,10.0,2020-08-18,2020-08,"创业板ETF易方达
159915.XSHE"
2020-08-19 14:35:00,加仓,创业板ETF易方达,159915.XSHE,2.531,1900.0,21400.0,,11.0,2020-08-19,2020-08,"创业板ETF易方达
159915.XSHE"
2020-08-21 09:54:00,止盈,纳指ETF,513100.XSHG,4.159,1200.0,3200.0,147.1,2.0,2020-08-21,2020-08,"纳指ETF
513100.XSHG"
2020-08-24 09:37:00,止盈,纳指ETF,513100.XSHG,4.295,1200.0,2000.0,162.68,1.0,2020-08-24,2020-08,"纳指ETF
513100.XSHG"
2020-08-24 13:29:00,止盈,纳指ETF,513100.XSHG,4.426,1100.0,900.0,143.61,1.0,2020-08-24,2020-08,"纳指ETF
513100.XSHG"
2020-08-24 13:39:00,止盈,创业板ETF易方达,159915.XSHE,2.608,1900.0,19500.0,145.8,10.0,2020-08-24,2020-08,"创业板ETF易方达
159915.XSHE"
2020-08-25 13:50:00,止盈（部分）,纳指ETF,513100.XSHG,4.56,900.0,0.0,120.19,0.0,2020-08-25,2020-08,"纳指ETF
513100.XSHG"
2020-08-25 13:50:00,清仓,纳指ETF,513100.XSHG,,,,,0.0,2020-08-25,2020-08,"纳指ETF
513100.XSHG"
2020-08-25 13:51:00,重装建仓,纳指ETF,513100.XSHG,4.568,10900.0,10900.0,,,2020-08-25,2020-08,"纳指ETF
513100.XSHG"
2020-08-25 13:52:00,底仓到账,纳指ETF,513100.XSHG,,,10900.0,,10.0,2020-08-25,2020-08,"纳指ETF
513100.XSHG"
2020-08-26 10:15:00,加仓,纳指ETF,513100.XSHG,4.423,1000.0,11900.0,,11.0,2020-08-26,2020-08,"纳指ETF
513100.XSHG"
2020-08-26 10:16:00,等级校准,纳指ETF,513100.XSHG,,,11900.0,,,2020-08-26,2020-08,"纳指ETF
513100.XSHG"
2020-08-26 13:21:00,止盈,纳指ETF,513100.XSHG,4.557,1100.0,10800.0,146.9,10.0,2020-08-26,2020-08,"纳指ETF
513100.XSHG"
2020-08-26 13:51:00,加仓,500ETF,510500.XSHG,7.191,600.0,2700.0,,4.0,2020-08-26,2020-08,"500ETF
510500.XSHG"
2020-08-27 14:58:00,止盈,纳指ETF,513100.XSHG,4.695,1000.0,9800.0,137.53,9.0,2020-08-27,2020-08,"纳指ETF
513100.XSHG"
2020-08-28 10:41:00,止盈,纳指ETF,513100.XSHG,4.856,1000.0,8800.0,160.51,8.0,2020-08-28,2020-08,"纳指ETF
513100.XSHG"
2020-08-28 14:04:00,加仓,纳指ETF,513100.XSHG,4.708,1000.0,9800.0,,9.0,2020-08-28,2020-08,"纳指ETF
513100.XSHG"
2020-08-31 09:31:00,止盈,纳指ETF,513100.XSHG,4.885,1000.0,8800.0,176.51,8.0,2020-08-31,2020-08,"纳指ETF
513100.XSHG"
2020-08-31 09:34:00,止盈,500ETF,510500.XSHG,7.408,600.0,2100.0,129.76,3.0,2020-08-31,2020-08,"500ETF
510500.XSHG"
2020-08-31 14:53:00,止盈,纳指ETF,513100.XSHG,5.032,1000.0,7800.0,146.5,8.0,2020-08-31,2020-08,"纳指ETF
513100.XSHG"
2020-09-01 09:32:00,止盈,纳指ETF,513100.XSHG,5.218,900.0,6900.0,166.93,7.0,2020-09-01,2020-09,"纳指ETF
513100.XSHG"
2020-09-01 13:50:00,加仓,纳指ETF,513100.XSHG,5.009,900.0,7800.0,,8.0,2020-09-01,2020-09,"纳指ETF
513100.XSHG"
2020-09-02 09:31:00,止盈,纳指ETF,513100.XSHG,5.17,900.0,6900.0,144.43,7.0,2020-09-02,2020-09,"纳指ETF
513100.XSHG"
2020-09-02 14:14:00,止盈,创业板ETF易方达,159915.XSHE,2.689,1900.0,17600.0,153.39,9.0,2020-09-02,2020-09,"创业板ETF易方达
159915.XSHE"
2020-09-03 14:02:00,止盈,纳指ETF,513100.XSHG,5.338,900.0,6000.0,150.72,6.0,2020-09-03,2020-09,"纳指ETF
513100.XSHG"
2020-09-04 09:31:00,加仓,纳指ETF,513100.XSHG,4.953,900.0,6900.0,,7.0,2020-09-04,2020-09,"纳指ETF
513100.XSHG"
2020-09-04 09:31:00,加仓,创业板ETF易方达,159915.XSHE,2.605,1800.0,19400.0,,10.0,2020-09-04,2020-09,"创业板ETF易方达
159915.XSHE"
2020-09-04 09:32:00,等级校准,纳指ETF,513100.XSHG,,,6900.0,,,2020-09-04,2020-09,"纳指ETF
513100.XSHG"
2020-09-04 14:40:00,加仓,纳指ETF,513100.XSHG,4.799,1000.0,7900.0,,7.0,2020-09-04,2020-09,"纳指ETF
513100.XSHG"
2020-09-07 10:36:00,加仓,纳指ETF,513100.XSHG,4.645,1000.0,8900.0,,8.0,2020-09-07,2020-09,"纳指ETF
513100.XSHG"
2020-09-07 13:26:00,加仓,纳指ETF,513100.XSHG,4.505,1000.0,9900.0,,9.0,2020-09-07,2020-09,"纳指ETF
513100.XSHG"
2020-09-07 14:08:00,加仓,500ETF,510500.XSHG,7.18,600.0,2700.0,,4.0,2020-09-07,2020-09,"500ETF
510500.XSHG"
2020-09-08 13:06:00,加仓,创业板ETF易方达,159915.XSHE,2.526,1900.0,21300.0,,11.0,2020-09-08,2020-09,"创业板ETF易方达
159915.XSHE"
2020-09-08 14:40:00,止盈,纳指ETF,513100.XSHG,4.641,1100.0,8800.0,149.09,8.0,2020-09-08,2020-09,"纳指ETF
513100.XSHG"
2020-09-09 09:31:00,加仓,纳指ETF,513100.XSHG,4.393,1000.0,9800.0,,9.0,2020-09-09,2020-09,"纳指ETF
513100.XSHG"
2020-09-09 09:32:00,等级校准,纳指ETF,513100.XSHG,,,9800.0,,,2020-09-09,2020-09,"纳指ETF
513100.XSHG"
2020-09-09 10:28:00,加仓,创业板ETF易方达,159915.XSHE,2.447,1900.0,23200.0,,12.0,2020-09-09,2020-09,"创业板ETF易方达
159915.XSHE"
2020-09-09 10:29:00,等级校准,创业板ETF易方达,159915.XSHE,,,23200.0,,,2020-09-09,2020-09,"创业板ETF易方达
159915.XSHE"
2020-09-09 10:37:00,加仓,500ETF,510500.XSHG,6.963,600.0,3300.0,,5.0,2020-09-09,2020-09,"500ETF
510500.XSHG"
2020-09-09 10:38:00,等级校准,500ETF,510500.XSHG,,,3300.0,,,2020-09-09,2020-09,"500ETF
510500.XSHG"
2020-09-09 10:39:00,加仓,1000ETF,512100.XSHG,0.947,5100.0,8100.0,,2.0,2020-09-09,2020-09,"1000ETF
512100.XSHG"
2020-09-09 10:40:00,等级校准,1000ETF,512100.XSHG,,,8100.0,,,2020-09-09,2020-09,"1000ETF
512100.XSHG"
2020-09-09 13:14:00,止盈,纳指ETF,513100.XSHG,4.53,1100.0,8700.0,150.2,7.0,2020-09-09,2020-09,"纳指ETF
513100.XSHG"
2020-09-10 09:33:00,止盈,纳指ETF,513100.XSHG,4.67,1100.0,7600.0,153.49,7.0,2020-09-10,2020-09,"纳指ETF
513100.XSHG"
2020-09-10 14:33:00,加仓,1000ETF,512100.XSHG,0.918,5200.0,13300.0,,2.0,2020-09-10,2020-09,"1000ETF
512100.XSHG"
2020-09-11 09:31:00,加仓,纳指ETF,513100.XSHG,4.501,1000.0,8600.0,,8.0,2020-09-11,2020-09,"纳指ETF
513100.XSHG"
2020-09-11 09:32:00,等级校准,纳指ETF,513100.XSHG,,,8600.0,,,2020-09-11,2020-09,"纳指ETF
513100.XSHG"
2020-09-14 09:57:00,止盈,1000ETF,512100.XSHG,0.946,5400.0,7900.0,150.69,1.0,2020-09-14,2020-09,"1000ETF
512100.XSHG"
2020-09-14 14:45:00,止盈,纳指ETF,513100.XSHG,4.651,1100.0,7500.0,164.49,7.0,2020-09-14,2020-09,"纳指ETF
513100.XSHG"
2020-09-15 13:35:00,止盈,纳指ETF,513100.XSHG,4.795,1000.0,6500.0,143.52,6.0,2020-09-15,2020-09,"纳指ETF
513100.XSHG"
2020-09-16 09:32:00,止盈,纳指ETF,513100.XSHG,4.958,1000.0,5500.0,162.5,5.0,2020-09-16,2020-09,"纳指ETF
513100.XSHG"
2020-09-16 14:52:00,加仓,纳指ETF,513100.XSHG,4.76,1000.0,6500.0,,6.0,2020-09-16,2020-09,"纳指ETF
513100.XSHG"
2020-09-17 14:56:00,加仓,纳指ETF,513100.XSHG,4.613,1000.0,7500.0,,7.0,2020-09-17,2020-09,"纳指ETF
513100.XSHG"
2020-09-18 14:58:00,止盈,纳指ETF,513100.XSHG,4.756,1000.0,6500.0,142.52,6.0,2020-09-18,2020-09,"纳指ETF
513100.XSHG"
2020-09-22 09:31:00,加仓,黄金ETF,518880.XSHG,3.978,1200.0,6500.0,,5.0,2020-09-22,2020-09,"黄金ETF
518880.XSHG"
2020-09-22 14:53:00,加仓,纳指ETF,513100.XSHG,4.613,1000.0,7500.0,,7.0,2020-09-22,2020-09,"纳指ETF
513100.XSHG"
2020-09-24 13:03:00,加仓,纳指ETF,513100.XSHG,4.468,1000.0,8500.0,,8.0,2020-09-24,2020-09,"纳指ETF
513100.XSHG"
2020-09-24 13:04:00,等级校准,纳指ETF,513100.XSHG,,,8500.0,,,2020-09-24,2020-09,"纳指ETF
513100.XSHG"
2020-09-28 10:06:00,加仓,1000ETF,512100.XSHG,0.917,5200.0,13100.0,,2.0,2020-09-28,2020-09,"1000ETF
512100.XSHG"
2020-09-29 10:22:00,止盈,纳指ETF,513100.XSHG,4.605,1100.0,7400.0,150.19,7.0,2020-09-29,2020-09,"纳指ETF
513100.XSHG"
2020-10-09 09:31:00,止盈,创业板ETF易方达,159915.XSHE,2.539,2000.0,21200.0,183.49,11.0,2020-10-09,2020-10,"创业板ETF易方达
159915.XSHE"
2020-10-09 11:04:00,止盈,1000ETF,512100.XSHG,0.945,5400.0,7700.0,150.69,1.0,2020-10-09,2020-10,"1000ETF
512100.XSHG"
2020-10-12 09:35:00,止盈,创业板ETF易方达,159915.XSHE,2.617,1900.0,19300.0,147.7,10.0,2020-10-12,2020-10,"创业板ETF易方达
159915.XSHE"
2020-10-12 13:11:00,止盈,500ETF,510500.XSHG,7.173,700.0,2600.0,146.5,4.0,2020-10-12,2020-10,"500ETF
510500.XSHG"
2020-10-12 13:11:00,止盈,1000ETF,512100.XSHG,0.974,5200.0,2500.0,150.29,1.0,2020-10-12,2020-10,"1000ETF
512100.XSHG"
2020-10-13 09:32:00,止盈,纳指ETF,513100.XSHG,4.745,1000.0,6400.0,139.53,6.0,2020-10-13,2020-10,"纳指ETF
513100.XSHG"
2020-10-13 14:42:00,止盈,创业板ETF易方达,159915.XSHE,2.696,1900.0,17400.0,149.59,9.0,2020-10-13,2020-10,"创业板ETF易方达
159915.XSHE"
2020-10-15 14:36:00,加仓,纳指ETF,513100.XSHG,4.602,1000.0,7400.0,,7.0,2020-10-15,2020-10,"纳指ETF
513100.XSHG"
2020-10-16 11:19:00,加仓,创业板ETF易方达,159915.XSHE,2.615,1800.0,19200.0,,10.0,2020-10-16,2020-10,"创业板ETF易方达
159915.XSHE"
2020-10-22 09:32:00,加仓,1000ETF,512100.XSHG,0.943,5100.0,7600.0,,2.0,2020-10-22,2020-10,"1000ETF
512100.XSHG"
2020-10-22 09:33:00,等级校准,1000ETF,512100.XSHG,,,7600.0,,,2020-10-22,2020-10,"1000ETF
512100.XSHG"
2020-10-22 09:34:00,加仓,500ETF,510500.XSHG,6.955,600.0,3200.0,,5.0,2020-10-22,2020-10,"500ETF
510500.XSHG"
2020-10-22 09:35:00,等级校准,500ETF,510500.XSHG,,,3200.0,,,2020-10-22,2020-10,"500ETF
510500.XSHG"
2020-10-23 13:52:00,加仓,创业板ETF易方达,159915.XSHE,2.536,1900.0,21100.0,,11.0,2020-10-23,2020-10,"创业板ETF易方达
159915.XSHE"
2020-10-23 14:18:00,加仓,纳指ETF,513100.XSHG,4.459,1000.0,8400.0,,8.0,2020-10-23,2020-10,"纳指ETF
513100.XSHG"
2020-10-23 14:19:00,等级校准,纳指ETF,513100.XSHG,,,8400.0,,,2020-10-23,2020-10,"纳指ETF
513100.XSHG"
2020-10-26 09:33:00,加仓,1000ETF,512100.XSHG,0.914,5300.0,12900.0,,2.0,2020-10-26,2020-10,"1000ETF
512100.XSHG"
2020-10-29 09:31:00,加仓,纳指ETF,513100.XSHG,4.244,1100.0,9500.0,,8.0,2020-10-29,2020-10,"纳指ETF
513100.XSHG"
2020-10-29 14:12:00,止盈,创业板ETF易方达,159915.XSHE,2.613,1900.0,19200.0,145.8,10.0,2020-10-29,2020-10,"创业板ETF易方达
159915.XSHE"
2020-10-30 14:10:00,加仓,500ETF,510500.XSHG,6.744,700.0,3900.0,,5.0,2020-10-30,2020-10,"500ETF
510500.XSHG"
2020-11-03 14:03:00,止盈,纳指ETF,513100.XSHG,4.374,1100.0,8400.0,142.52,7.0,2020-11-03,2020-11,"纳指ETF
513100.XSHG"
2020-11-04 09:32:00,止盈,纳指ETF,513100.XSHG,4.532,1100.0,7300.0,173.3,6.0,2020-11-04,2020-11,"纳指ETF
513100.XSHG"
2020-11-04 13:40:00,止盈,纳指ETF,513100.XSHG,4.687,1100.0,6200.0,169.98,6.0,2020-11-04,2020-11,"纳指ETF
513100.XSHG"
2020-11-05 09:32:00,止盈,纳指ETF,513100.XSHG,4.847,1000.0,5200.0,159.52,5.0,2020-11-05,2020-11,"纳指ETF
513100.XSHG"
2020-11-05 09:46:00,止盈,500ETF,510500.XSHG,6.954,700.0,3200.0,146.51,4.0,2020-11-05,2020-11,"500ETF
510500.XSHG"
2020-11-05 09:47:00,止盈,创业板ETF易方达,159915.XSHE,2.692,1900.0,17300.0,149.59,9.0,2020-11-05,2020-11,"创业板ETF易方达
159915.XSHE"
2020-11-05 10:26:00,加仓,纳指ETF,513100.XSHG,4.692,1000.0,6200.0,,6.0,2020-11-05,2020-11,"纳指ETF
513100.XSHG"
2020-11-05 13:55:00,止盈,1000ETF,512100.XSHG,0.942,5400.0,7500.0,150.69,1.0,2020-11-05,2020-11,"1000ETF
512100.XSHG"
2020-11-06 10:38:00,加仓,纳指ETF,513100.XSHG,4.545,1000.0,7200.0,,7.0,2020-11-06,2020-11,"纳指ETF
513100.XSHG"
2020-11-06 10:39:00,等级校准,纳指ETF,513100.XSHG,,,7200.0,,,2020-11-06,2020-11,"纳指ETF
513100.XSHG"
2020-11-10 09:31:00,加仓,黄金ETF,518880.XSHG,3.853,1200.0,7700.0,,6.0,2020-11-10,2020-11,"黄金ETF
518880.XSHG"
2020-11-11 09:32:00,加仓,纳指ETF,513100.XSHG,4.404,1100.0,8300.0,,7.0,2020-11-11,2020-11,"纳指ETF
513100.XSHG"
2020-11-11 13:16:00,加仓,创业板ETF易方达,159915.XSHE,2.611,1800.0,19100.0,,10.0,2020-11-11,2020-11,"创业板ETF易方达
159915.XSHE"
2020-11-18 10:52:00,加仓,创业板ETF易方达,159915.XSHE,2.532,1900.0,21000.0,,11.0,2020-11-18,2020-11,"创业板ETF易方达
159915.XSHE"
2020-11-19 09:31:00,加仓,纳指ETF,513100.XSHG,4.262,1100.0,9400.0,,8.0,2020-11-19,2020-11,"纳指ETF
513100.XSHG"
2020-11-23 13:08:00,止盈,500ETF,510500.XSHG,7.164,700.0,2500.0,146.5,4.0,2020-11-23,2020-11,"500ETF
510500.XSHG"
2020-11-23 13:28:00,止盈,创业板ETF易方达,159915.XSHE,2.609,1900.0,19100.0,145.8,10.0,2020-11-23,2020-11,"创业板ETF易方达
159915.XSHE"
2020-11-25 09:31:00,加仓,黄金ETF,518880.XSHG,3.725,1200.0,8900.0,,7.0,2020-11-25,2020-11,"黄金ETF
518880.XSHG"
2020-11-25 09:32:00,等级校准,黄金ETF,518880.XSHG,,,8900.0,,,2020-11-25,2020-11,"黄金ETF
518880.XSHG"
2020-11-25 14:48:00,加仓,创业板ETF易方达,159915.XSHE,2.53,1900.0,21000.0,,11.0,2020-11-25,2020-11,"创业板ETF易方达
159915.XSHE"
2020-11-26 10:55:00,加仓,500ETF,510500.XSHG,6.949,600.0,3100.0,,5.0,2020-11-26,2020-11,"500ETF
510500.XSHG"
2020-11-26 10:56:00,等级校准,500ETF,510500.XSHG,,,3100.0,,,2020-11-26,2020-11,"500ETF
510500.XSHG"
2020-11-30 11:00:00,加仓,黄金ETF,518880.XSHG,3.609,1300.0,10200.0,,7.0,2020-11-30,2020-11,"黄金ETF
518880.XSHG"
2020-12-01 14:37:00,止盈,创业板ETF易方达,159915.XSHE,2.606,1900.0,19100.0,143.9,10.0,2020-12-01,2020-12,"创业板ETF易方达
159915.XSHE"
2020-12-02 09:31:00,止盈,纳指ETF,513100.XSHG,4.416,1100.0,8300.0,168.91,7.0,2020-12-02,2020-12,"纳指ETF
513100.XSHG"
2020-12-03 09:31:00,止盈,黄金ETF,518880.XSHG,3.728,1300.0,8900.0,154.22,6.0,2020-12-03,2020-12,"黄金ETF
518880.XSHG"
2020-12-10 09:31:00,加仓,纳指ETF,513100.XSHG,4.204,1100.0,9400.0,,8.0,2020-12-10,2020-12,"纳指ETF
513100.XSHG"
2020-12-11 13:22:00,加仓,1000ETF,512100.XSHG,0.913,5300.0,12800.0,,2.0,2020-12-11,2020-12,"1000ETF
512100.XSHG"
2020-12-17 11:19:00,止盈,创业板ETF易方达,159915.XSHE,2.686,1900.0,17200.0,151.49,9.0,2020-12-17,2020-12,"创业板ETF易方达
159915.XSHE"
2020-12-18 11:27:00,止盈,黄金ETF,518880.XSHG,3.84,1300.0,7600.0,145.1,5.0,2020-12-18,2020-12,"黄金ETF
518880.XSHG"
2020-12-21 10:31:00,止盈,1000ETF,512100.XSHG,0.941,5400.0,7400.0,150.69,1.0,2020-12-21,2020-12,"1000ETF
512100.XSHG"
2020-12-21 10:54:00,止盈,纳指ETF,513100.XSHG,4.333,1100.0,8300.0,141.42,7.0,2020-12-21,2020-12,"纳指ETF
513100.XSHG"
2020-12-21 13:46:00,止盈,创业板ETF易方达,159915.XSHE,2.767,1800.0,15400.0,145.3,8.0,2020-12-21,2020-12,"创业板ETF易方达
159915.XSHE"
2020-12-30 09:32:00,加仓,1000ETF,512100.XSHG,0.912,5300.0,12700.0,,2.0,2020-12-30,2020-12,"1000ETF
512100.XSHG"
2020-12-31 09:56:00,止盈,创业板ETF易方达,159915.XSHE,2.851,1800.0,13600.0,150.69,8.0,2020-12-31,2020-12,"创业板ETF易方达
159915.XSHE"
2021-01-04 09:31:00,止盈,1000ETF,512100.XSHG,0.94,5400.0,7300.0,150.69,1.0,2021-01-04,2021-01,"1000ETF
512100.XSHG"
2021-01-04 10:27:00,止盈,创业板ETF易方达,159915.XSHE,2.938,1700.0,11900.0,147.4,7.0,2021-01-04,2021-01,"创业板ETF易方达
159915.XSHE"
2021-01-04 13:00:00,止盈,500ETF,510500.XSHG,7.158,700.0,2400.0,145.8,4.0,2021-01-04,2021-01,"500ETF
510500.XSHG"
2021-01-06 09:33:00,止盈,创业板ETF易方达,159915.XSHE,3.027,1700.0,10200.0,150.79,6.0,2021-01-06,2021-01,"创业板ETF易方达
159915.XSHE"
2021-01-11 09:31:00,加仓,黄金ETF,518880.XSHG,3.722,1300.0,8900.0,,6.0,2021-01-11,2021-01,"黄金ETF
518880.XSHG"
2021-01-11 14:04:00,加仓,1000ETF,512100.XSHG,0.911,5300.0,12600.0,,2.0,2021-01-11,2021-01,"1000ETF
512100.XSHG"
2021-01-15 13:01:00,加仓,创业板ETF易方达,159915.XSHE,2.933,1600.0,11800.0,,7.0,2021-01-15,2021-01,"创业板ETF易方达
159915.XSHE"
2021-01-15 13:02:00,等级校准,创业板ETF易方达,159915.XSHE,,,11800.0,,,2021-01-15,2021-01,"创业板ETF易方达
159915.XSHE"
2021-01-18 10:10:00,止盈,创业板ETF易方达,159915.XSHE,3.026,1700.0,10100.0,157.59,6.0,2021-01-18,2021-01,"创业板ETF易方达
159915.XSHE"
2021-01-18 13:02:00,止盈,1000ETF,512100.XSHG,0.939,5400.0,7200.0,150.69,1.0,2021-01-18,2021-01,"1000ETF
512100.XSHG"
2021-01-21 09:36:00,止盈,创业板ETF易方达,159915.XSHE,3.122,1600.0,8500.0,153.1,5.0,2021-01-21,2021-01,"创业板ETF易方达
159915.XSHE"
2021-01-22 13:28:00,止盈,创业板ETF易方达,159915.XSHE,3.218,1600.0,6900.0,153.09,4.0,2021-01-22,2021-01,"创业板ETF易方达
159915.XSHE"
2021-01-25 09:35:00,止盈,纳指ETF,513100.XSHG,4.466,1100.0,7200.0,145.81,6.0,2021-01-25,2021-01,"纳指ETF
513100.XSHG"
2021-01-25 10:17:00,止盈,500ETF,510500.XSHG,7.378,600.0,1800.0,131.56,3.0,2021-01-25,2021-01,"500ETF
510500.XSHG"
2021-01-27 09:48:00,加仓,创业板ETF易方达,159915.XSHE,3.121,1500.0,8400.0,,5.0,2021-01-27,2021-01,"创业板ETF易方达
159915.XSHE"
2021-01-28 11:12:00,加仓,500ETF,510500.XSHG,7.154,600.0,2400.0,,4.0,2021-01-28,2021-01,"500ETF
510500.XSHG"
2021-01-28 14:26:00,加仓,1000ETF,512100.XSHG,0.91,5300.0,12500.0,,2.0,2021-01-28,2021-01,"1000ETF
512100.XSHG"
2021-01-28 14:55:00,加仓,纳指ETF,513100.XSHG,4.332,1100.0,8300.0,,7.0,2021-01-28,2021-01,"纳指ETF
513100.XSHG"
2021-01-29 13:38:00,加仓,创业板ETF易方达,159915.XSHE,3.027,1600.0,10000.0,,6.0,2021-01-29,2021-01,"创业板ETF易方达
159915.XSHE"
2021-01-29 14:30:00,加仓,1000ETF,512100.XSHG,0.882,5400.0,17900.0,,3.0,2021-01-29,2021-01,"1000ETF
512100.XSHG"
2021-01-29 14:31:00,加仓,500ETF,510500.XSHG,6.936,600.0,3000.0,,5.0,2021-01-29,2021-01,"500ETF
510500.XSHG"
2021-01-29 14:32:00,等级校准,500ETF,510500.XSHG,,,3000.0,,,2021-01-29,2021-01,"500ETF
510500.XSHG"
2021-02-02 14:54:00,止盈,创业板ETF易方达,159915.XSHE,3.119,1600.0,8400.0,146.7,5.0,2021-02-02,2021-02,"创业板ETF易方达
159915.XSHE"
2021-02-03 09:31:00,止盈,纳指ETF,513100.XSHG,4.515,1100.0,7200.0,200.8,6.0,2021-02-03,2021-02,"纳指ETF
513100.XSHG"
2021-02-03 11:21:00,止盈,500ETF,510500.XSHG,7.145,700.0,2300.0,145.8,3.0,2021-02-03,2021-02,"500ETF
510500.XSHG"
2021-02-05 14:35:00,加仓,500ETF,510500.XSHG,6.93,600.0,2900.0,,4.0,2021-02-05,2021-02,"500ETF
510500.XSHG"
2021-02-08 09:31:00,加仓,1000ETF,512100.XSHG,0.852,5600.0,23500.0,,4.0,2021-02-08,2021-02,"1000ETF
512100.XSHG"
2021-02-09 10:33:00,止盈,1000ETF,512100.XSHG,0.878,5800.0,17700.0,150.29,3.0,2021-02-09,2021-02,"1000ETF
512100.XSHG"
2021-02-09 13:04:00,止盈,创业板ETF易方达,159915.XSHE,3.214,1600.0,6800.0,151.49,4.0,2021-02-09,2021-02,"创业板ETF易方达
159915.XSHE"
2021-02-09 13:13:00,止盈,500ETF,510500.XSHG,7.138,700.0,2200.0,145.1,3.0,2021-02-09,2021-02,"500ETF
510500.XSHG"
2021-02-18 09:31:00,止盈,500ETF,510500.XSHG,7.361,700.0,1500.0,155.58,2.0,2021-02-18,2021-02,"500ETF
510500.XSHG"
2021-02-18 09:31:00,止盈,1000ETF,512100.XSHG,0.908,5600.0,12100.0,167.49,2.0,2021-02-18,2021-02,"1000ETF
512100.XSHG"
2021-02-18 09:31:00,止盈,创业板ETF易方达,159915.XSHE,3.354,1500.0,5300.0,209.5,3.0,2021-02-18,2021-02,"创业板ETF易方达
159915.XSHE"
2021-02-18 10:08:00,加仓,创业板ETF易方达,159915.XSHE,3.25,1400.0,6700.0,,4.0,2021-02-18,2021-02,"创业板ETF易方达
159915.XSHE"
2021-02-19 09:49:00,加仓,创业板ETF易方达,159915.XSHE,3.148,1500.0,8200.0,,5.0,2021-02-19,2021-02,"创业板ETF易方达
159915.XSHE"
2021-02-22 09:38:00,止盈,1000ETF,512100.XSHG,0.936,5500.0,6600.0,153.49,1.0,2021-02-22,2021-02,"1000ETF
512100.XSHG"
2021-02-22 14:07:00,加仓,创业板ETF易方达,159915.XSHE,3.052,1500.0,9700.0,,6.0,2021-02-22,2021-02,"创业板ETF易方达
159915.XSHE"
2021-02-24 10:27:00,加仓,创业板ETF易方达,159915.XSHE,2.959,1600.0,11300.0,,7.0,2021-02-24,2021-02,"创业板ETF易方达
159915.XSHE"
2021-02-24 10:52:00,加仓,纳指ETF,513100.XSHG,4.376,1100.0,8300.0,,7.0,2021-02-24,2021-02,"纳指ETF
513100.XSHG"
2021-02-24 14:10:00,加仓,1000ETF,512100.XSHG,0.906,5300.0,11900.0,,2.0,2021-02-24,2021-02,"1000ETF
512100.XSHG"
2021-02-25 14:44:00,加仓,创业板ETF易方达,159915.XSHE,2.87,1600.0,12900.0,,8.0,2021-02-25,2021-02,"创业板ETF易方达
159915.XSHE"
2021-02-25 14:45:00,等级校准,创业板ETF易方达,159915.XSHE,,,12900.0,,,2021-02-25,2021-02,"创业板ETF易方达
159915.XSHE"
2021-02-26 09:31:00,加仓,500ETF,510500.XSHG,7.103,600.0,2100.0,,3.0,2021-02-26,2021-02,"500ETF
510500.XSHG"
2021-02-26 13:31:00,加仓,纳指ETF,513100.XSHG,4.243,1100.0,9400.0,,8.0,2021-02-26,2021-02,"纳指ETF
513100.XSHG"
2021-02-26 13:49:00,加仓,黄金ETF,518880.XSHG,3.61,1300.0,10200.0,,7.0,2021-02-26,2021-02,"黄金ETF
518880.XSHG"
2021-03-02 09:31:00,止盈,纳指ETF,513100.XSHG,4.43,1100.0,8300.0,205.21,7.0,2021-03-02,2021-03,"纳指ETF
513100.XSHG"
2021-03-04 09:31:00,加仓,纳指ETF,513100.XSHG,4.258,1100.0,9400.0,,8.0,2021-03-04,2021-03,"纳指ETF
513100.XSHG"
2021-03-04 10:39:00,加仓,创业板ETF易方达,159915.XSHE,2.782,1700.0,14600.0,,8.0,2021-03-04,2021-03,"创业板ETF易方达
159915.XSHE"
2021-03-05 09:31:00,加仓,黄金ETF,518880.XSHG,3.466,1300.0,11500.0,,8.0,2021-03-05,2021-03,"黄金ETF
518880.XSHG"
2021-03-05 09:34:00,加仓,纳指ETF,513100.XSHG,4.13,1100.0,10500.0,,9.0,2021-03-05,2021-03,"纳指ETF
513100.XSHG"
2021-03-05 09:35:00,等级校准,纳指ETF,513100.XSHG,,,10500.0,,,2021-03-05,2021-03,"纳指ETF
513100.XSHG"
2021-03-08 13:09:00,加仓,创业板ETF易方达,159915.XSHE,2.697,1700.0,16300.0,,9.0,2021-03-08,2021-03,"创业板ETF易方达
159915.XSHE"
2021-03-09 09:33:00,加仓,创业板ETF易方达,159915.XSHE,2.605,1800.0,18100.0,,10.0,2021-03-09,2021-03,"创业板ETF易方达
159915.XSHE"
2021-03-09 09:34:00,加仓,500ETF,510500.XSHG,6.885,700.0,2800.0,,4.0,2021-03-09,2021-03,"500ETF
510500.XSHG"
2021-03-09 09:34:00,等级校准,创业板ETF易方达,159915.XSHE,,,18100.0,,,2021-03-09,2021-03,"创业板ETF易方达
159915.XSHE"
2021-03-09 09:45:00,加仓,1000ETF,512100.XSHG,0.878,5500.0,17400.0,,3.0,2021-03-09,2021-03,"1000ETF
512100.XSHG"
2021-03-10 09:31:00,止盈,纳指ETF,513100.XSHG,4.272,1200.0,9300.0,169.89,8.0,2021-03-10,2021-03,"纳指ETF
513100.XSHG"
2021-03-11 10:32:00,止盈,黄金ETF,518880.XSHG,3.57,1400.0,10100.0,145.1,7.0,2021-03-11,2021-03,"黄金ETF
518880.XSHG"
2021-03-15 14:21:00,加仓,创业板ETF易方达,159915.XSHE,2.525,1900.0,20000.0,,10.0,2021-03-15,2021-03,"创业板ETF易方达
159915.XSHE"
2021-03-17 10:05:00,止盈,创业板ETF易方达,159915.XSHE,2.602,1900.0,18100.0,145.81,9.0,2021-03-17,2021-03,"创业板ETF易方达
159915.XSHE"
2021-03-18 09:31:00,止盈,纳指ETF,513100.XSHG,4.409,1100.0,8200.0,150.22,7.0,2021-03-18,2021-03,"纳指ETF
513100.XSHG"
2021-03-19 09:31:00,加仓,纳指ETF,513100.XSHG,4.272,1100.0,9300.0,,8.0,2021-03-19,2021-03,"纳指ETF
513100.XSHG"
2021-03-25 09:34:00,加仓,创业板ETF易方达,159915.XSHE,2.523,1900.0,20000.0,,10.0,2021-03-25,2021-03,"创业板ETF易方达
159915.XSHE"
2021-03-26 09:35:00,止盈,创业板ETF易方达,159915.XSHE,2.599,1900.0,18100.0,143.91,9.0,2021-03-26,2021-03,"创业板ETF易方达
159915.XSHE"
2021-03-30 10:31:00,止盈,创业板ETF易方达,159915.XSHE,2.678,1900.0,16200.0,149.59,9.0,2021-03-30,2021-03,"创业板ETF易方达
159915.XSHE"
2021-04-01 10:04:00,止盈,纳指ETF,513100.XSHG,4.401,1100.0,8200.0,141.42,7.0,2021-04-01,2021-04,"纳指ETF
513100.XSHG"
2021-04-02 10:38:00,止盈,创业板ETF易方达,159915.XSHE,2.759,1800.0,14400.0,145.3,8.0,2021-04-02,2021-04,"创业板ETF易方达
159915.XSHE"
2021-04-06 09:31:00,止盈,纳指ETF,513100.XSHG,4.556,1100.0,7100.0,170.0,7.0,2021-04-06,2021-04,"纳指ETF
513100.XSHG"
2021-04-06 09:33:00,止盈,1000ETF,512100.XSHG,0.905,5600.0,11800.0,150.69,2.0,2021-04-06,2021-04,"1000ETF
512100.XSHG"
2021-04-12 10:16:00,加仓,创业板ETF易方达,159915.XSHE,2.676,1800.0,16200.0,,9.0,2021-04-12,2021-04,"创业板ETF易方达
159915.XSHE"
2021-04-19 10:00:00,止盈,500ETF,510500.XSHG,7.093,700.0,2100.0,145.1,3.0,2021-04-19,2021-04,"500ETF
510500.XSHG"
2021-04-19 10:23:00,止盈,纳指ETF,513100.XSHG,4.693,1000.0,6100.0,136.53,6.0,2021-04-19,2021-04,"纳指ETF
513100.XSHG"
2021-04-19 10:32:00,止盈,创业板ETF易方达,159915.XSHE,2.758,1800.0,14400.0,147.1,8.0,2021-04-19,2021-04,"创业板ETF易方达
159915.XSHE"
2021-04-22 09:31:00,止盈,黄金ETF,518880.XSHG,3.686,1400.0,8700.0,161.88,6.0,2021-04-22,2021-04,"黄金ETF
518880.XSHG"
2021-04-22 11:13:00,止盈,创业板ETF易方达,159915.XSHE,2.842,1800.0,12600.0,150.69,7.0,2021-04-22,2021-04,"创业板ETF易方达
159915.XSHE"
2021-04-26 09:46:00,止盈,创业板ETF易方达,159915.XSHE,2.93,1700.0,10900.0,149.1,6.0,2021-04-26,2021-04,"创业板ETF易方达
159915.XSHE"
2021-05-06 09:31:00,加仓,纳指ETF,513100.XSHG,4.5,1000.0,7100.0,,7.0,2021-05-06,2021-05,"纳指ETF
513100.XSHG"
2021-05-06 09:32:00,等级校准,纳指ETF,513100.XSHG,,,7100.0,,,2021-05-06,2021-05,"纳指ETF
513100.XSHG"
2021-05-07 13:54:00,加仓,创业板ETF易方达,159915.XSHE,2.842,1700.0,12600.0,,7.0,2021-05-07,2021-05,"创业板ETF易方达
159915.XSHE"
2021-05-13 09:31:00,加仓,纳指ETF,513100.XSHG,4.323,1100.0,8200.0,,7.0,2021-05-13,2021-05,"纳指ETF
513100.XSHG"
2021-05-14 13:23:00,止盈,创业板ETF易方达,159915.XSHE,2.928,1700.0,10900.0,145.7,6.0,2021-05-14,2021-05,"创业板ETF易方达
159915.XSHE"
2021-05-17 09:40:00,止盈,500ETF,510500.XSHG,7.312,700.0,1400.0,152.79,2.0,2021-05-17,2021-05,"500ETF
510500.XSHG"
2021-05-17 10:10:00,止盈,创业板ETF易方达,159915.XSHE,3.016,1700.0,9200.0,149.09,5.0,2021-05-17,2021-05,"创业板ETF易方达
159915.XSHE"
2021-05-18 09:31:00,止盈,黄金ETF,518880.XSHG,3.808,1300.0,7400.0,158.1,5.0,2021-05-18,2021-05,"黄金ETF
518880.XSHG"
2021-05-18 14:46:00,止盈,纳指ETF,513100.XSHG,4.453,1100.0,7100.0,142.51,6.0,2021-05-18,2021-05,"纳指ETF
513100.XSHG"
2021-05-24 13:09:00,止盈,1000ETF,512100.XSHG,0.933,5500.0,6300.0,153.49,1.0,2021-05-24,2021-05,"1000ETF
512100.XSHG"
2021-05-25 10:31:00,止盈,创业板ETF易方达,159915.XSHE,3.108,1600.0,7600.0,146.7,4.0,2021-05-25,2021-05,"创业板ETF易方达
159915.XSHE"
2021-05-27 11:21:00,止盈,1000ETF,512100.XSHG,0.961,5300.0,1000.0,147.89,1.0,2021-05-27,2021-05,"1000ETF
512100.XSHG"
2021-06-04 09:48:00,加仓,黄金ETF,518880.XSHG,3.693,1300.0,8700.0,,6.0,2021-06-04,2021-06,"黄金ETF
518880.XSHG"
2021-06-10 13:00:00,止盈（部分）,1000ETF,512100.XSHG,0.99,1000.0,0.0,28.9,0.0,2021-06-10,2021-06,"1000ETF
512100.XSHG"
2021-06-10 13:00:00,清仓,1000ETF,512100.XSHG,,,,,0.0,2021-06-10,2021-06,"1000ETF
512100.XSHG"
2021-06-10 13:01:00,止盈,500ETF,510500.XSHG,7.532,600.0,800.0,131.55,1.0,2021-06-10,2021-06,"500ETF
510500.XSHG"
2021-06-10 13:01:00,重装建仓,1000ETF,512100.XSHG,0.99,50500.0,50500.0,,,2021-06-10,2021-06,"1000ETF
512100.XSHG"
2021-06-10 13:02:00,底仓到账,1000ETF,512100.XSHG,,,50500.0,,10.0,2021-06-10,2021-06,"1000ETF
512100.XSHG"
2021-06-11 10:49:00,止盈,创业板ETF易方达,159915.XSHE,3.202,1600.0,6000.0,149.89,4.0,2021-06-11,2021-06,"创业板ETF易方达
159915.XSHE"
2021-06-15 09:31:00,止盈,纳指ETF,513100.XSHG,4.613,1100.0,6000.0,175.49,6.0,2021-06-15,2021-06,"纳指ETF
513100.XSHG"
2021-06-16 10:20:00,加仓,创业板ETF易方达,159915.XSHE,3.104,1500.0,7500.0,,5.0,2021-06-16,2021-06,"创业板ETF易方达
159915.XSHE"
2021-06-16 10:21:00,等级校准,创业板ETF易方达,159915.XSHE,,,7500.0,,,2021-06-16,2021-06,"创业板ETF易方达
159915.XSHE"
2021-06-16 13:03:00,加仓,1000ETF,512100.XSHG,0.96,5000.0,55500.0,,11.0,2021-06-16,2021-06,"1000ETF
512100.XSHG"
2021-06-16 13:04:00,等级校准,1000ETF,512100.XSHG,,,55500.0,,,2021-06-16,2021-06,"1000ETF
512100.XSHG"
2021-06-18 14:08:00,止盈,1000ETF,512100.XSHG,0.989,5200.0,50300.0,150.29,10.0,2021-06-18,2021-06,"1000ETF
512100.XSHG"
2021-06-23 10:09:00,止盈,创业板ETF易方达,159915.XSHE,3.198,1600.0,5900.0,149.89,3.0,2021-06-23,2021-06,"创业板ETF易方达
159915.XSHE"
2021-06-24 09:30:00,止盈,1000ETF,512100.XSHG,1.019,5000.0,45300.0,149.49,9.0,2021-06-24,2021-06,"1000ETF
512100.XSHG"
2021-06-25 09:31:00,止盈,纳指ETF,513100.XSHG,4.761,1000.0,5000.0,147.52,5.0,2021-06-25,2021-06,"纳指ETF
513100.XSHG"
2021-06-28 09:57:00,止盈,创业板ETF易方达,159915.XSHE,3.296,1500.0,4400.0,146.51,2.0,2021-06-28,2021-06,"创业板ETF易方达
159915.XSHE"
2021-06-30 13:31:00,加仓,黄金ETF,518880.XSHG,3.582,1300.0,10000.0,,7.0,2021-06-30,2021-06,"黄金ETF
518880.XSHG"
2021-07-06 10:48:00,加仓,创业板ETF易方达,159915.XSHE,3.197,1500.0,5900.0,,3.0,2021-07-06,2021-07,"创业板ETF易方达
159915.XSHE"
2021-07-07 09:32:00,止盈,纳指ETF,513100.XSHG,4.908,1000.0,4000.0,146.51,4.0,2021-07-07,2021-07,"纳指ETF
513100.XSHG"
2021-07-07 13:02:00,止盈,创业板ETF易方达,159915.XSHE,3.293,1500.0,4400.0,143.51,2.0,2021-07-07,2021-07,"创业板ETF易方达
159915.XSHE"
2021-07-09 09:39:00,止盈,黄金ETF,518880.XSHG,3.69,1300.0,8700.0,139.92,6.0,2021-07-09,2021-07,"黄金ETF
518880.XSHG"
2021-07-12 10:09:00,止盈,创业板ETF易方达,159915.XSHE,3.396,1500.0,2900.0,153.99,2.0,2021-07-12,2021-07,"创业板ETF易方达
159915.XSHE"
2021-07-12 11:00:00,止盈,1000ETF,512100.XSHG,1.05,4900.0,40400.0,151.39,8.0,2021-07-12,2021-07,"1000ETF
512100.XSHG"
2021-07-13 10:17:00,止盈,500ETF,510500.XSHG,7.759,600.0,200.0,135.73,1.0,2021-07-13,2021-07,"500ETF
510500.XSHG"
2021-07-26 11:01:00,加仓,创业板ETF易方达,159915.XSHE,3.291,1400.0,4300.0,,3.0,2021-07-26,2021-07,"创业板ETF易方达
159915.XSHE"
2021-07-26 11:02:00,等级校准,创业板ETF易方达,159915.XSHE,,,4300.0,,,2021-07-26,2021-07,"创业板ETF易方达
159915.XSHE"
2021-07-27 14:29:00,加仓,创业板ETF易方达,159915.XSHE,3.19,1500.0,5800.0,,3.0,2021-07-27,2021-07,"创业板ETF易方达
159915.XSHE"
2021-07-28 09:31:00,加仓,500ETF,510500.XSHG,7.518,600.0,800.0,,2.0,2021-07-28,2021-07,"500ETF
510500.XSHG"
2021-07-28 09:32:00,等级校准,500ETF,510500.XSHG,,,800.0,,,2021-07-28,2021-07,"500ETF
510500.XSHG"
2021-07-28 09:34:00,加仓,1000ETF,512100.XSHG,1.018,4700.0,45100.0,,9.0,2021-07-28,2021-07,"1000ETF
512100.XSHG"
2021-07-28 09:43:00,加仓,创业板ETF易方达,159915.XSHE,3.078,1500.0,7300.0,,4.0,2021-07-28,2021-07,"创业板ETF易方达
159915.XSHE"
2021-07-28 09:44:00,加仓,1000ETF,512100.XSHG,0.983,4900.0,50000.0,,10.0,2021-07-28,2021-07,"1000ETF
512100.XSHG"
2021-07-28 10:24:00,止盈,创业板ETF易方达,159915.XSHE,3.172,1600.0,5700.0,149.89,3.0,2021-07-28,2021-07,"创业板ETF易方达
159915.XSHE"
2021-07-28 10:25:00,止盈,1000ETF,512100.XSHG,1.014,5000.0,45000.0,154.49,9.0,2021-07-28,2021-07,"1000ETF
512100.XSHG"
2021-07-29 09:32:00,止盈,创业板ETF易方达,159915.XSHE,3.27,1500.0,4200.0,146.51,2.0,2021-07-29,2021-07,"创业板ETF易方达
159915.XSHE"
2021-07-29 13:27:00,止盈,1000ETF,512100.XSHG,1.045,4900.0,40100.0,151.39,8.0,2021-07-29,2021-07,"1000ETF
512100.XSHG"
2021-07-30 11:11:00,止盈,创业板ETF易方达,159915.XSHE,3.369,1500.0,2700.0,147.99,1.0,2021-07-30,2021-07,"创业板ETF易方达
159915.XSHE"
2021-08-02 14:57:00,止盈,1000ETF,512100.XSHG,1.077,4700.0,35400.0,149.89,7.0,2021-08-02,2021-08,"1000ETF
512100.XSHG"
2021-08-04 13:26:00,止盈,500ETF,510500.XSHG,7.744,600.0,200.0,135.14,1.0,2021-08-04,2021-08,"500ETF
510500.XSHG"
2021-08-09 09:31:00,加仓,黄金ETF,518880.XSHG,3.555,1300.0,10000.0,,7.0,2021-08-09,2021-08,"黄金ETF
518880.XSHG"
2021-08-12 09:50:00,止盈,1000ETF,512100.XSHG,1.11,4600.0,30800.0,151.29,6.0,2021-08-12,2021-08,"1000ETF
512100.XSHG"
2021-08-12 10:12:00,止盈（部分）,500ETF,510500.XSHG,7.979,200.0,0.0,46.84,0.0,2021-08-12,2021-08,"500ETF
510500.XSHG"
2021-08-12 10:12:00,清仓,500ETF,510500.XSHG,,,,,0.0,2021-08-12,2021-08,"500ETF
510500.XSHG"
2021-08-12 10:13:00,重装建仓,500ETF,510500.XSHG,7.976,6200.0,6200.0,,,2021-08-12,2021-08,"500ETF
510500.XSHG"
2021-08-12 10:14:00,底仓到账,500ETF,510500.XSHG,,,6200.0,,10.0,2021-08-12,2021-08,"500ETF
510500.XSHG"
2021-08-13 09:31:00,加仓,创业板ETF易方达,159915.XSHE,3.262,1400.0,4100.0,,2.0,2021-08-13,2021-08,"创业板ETF易方达
159915.XSHE"
2021-08-17 13:25:00,加仓,创业板ETF易方达,159915.XSHE,3.164,1500.0,5600.0,,3.0,2021-08-17,2021-08,"创业板ETF易方达
159915.XSHE"
2021-08-17 13:43:00,加仓,1000ETF,512100.XSHG,1.076,4500.0,35300.0,,7.0,2021-08-17,2021-08,"1000ETF
512100.XSHG"
2021-08-17 14:45:00,加仓,500ETF,510500.XSHG,7.73,600.0,6800.0,,11.0,2021-08-17,2021-08,"500ETF
510500.XSHG"
2021-08-18 11:03:00,止盈,黄金ETF,518880.XSHG,3.662,1400.0,8600.0,149.29,6.0,2021-08-18,2021-08,"黄金ETF
518880.XSHG"
2021-08-20 13:48:00,加仓,创业板ETF易方达,159915.XSHE,3.068,1500.0,7100.0,,4.0,2021-08-20,2021-08,"创业板ETF易方达
159915.XSHE"
2021-08-23 10:28:00,止盈,创业板ETF易方达,159915.XSHE,3.163,1600.0,5500.0,151.49,3.0,2021-08-23,2021-08,"创业板ETF易方达
159915.XSHE"
2021-08-23 11:12:00,止盈,1000ETF,512100.XSHG,1.109,4600.0,30700.0,151.29,6.0,2021-08-23,2021-08,"1000ETF
512100.XSHG"
2021-08-24 09:31:00,止盈,纳指ETF,513100.XSHG,5.107,1000.0,3000.0,198.49,3.0,2021-08-24,2021-08,"纳指ETF
513100.XSHG"
2021-08-24 11:04:00,止盈,500ETF,510500.XSHG,7.962,600.0,6200.0,138.72,10.0,2021-08-24,2021-08,"500ETF
510500.XSHG"
2021-08-26 09:32:00,止盈,创业板ETF易方达,159915.XSHE,3.258,1500.0,4000.0,142.01,2.0,2021-08-26,2021-08,"创业板ETF易方达
159915.XSHE"
2021-08-27 09:31:00,加仓,创业板ETF易方达,159915.XSHE,3.158,1500.0,5500.0,,3.0,2021-08-27,2021-08,"创业板ETF易方达
159915.XSHE"
2021-09-01 09:38:00,加仓,创业板ETF易方达,159915.XSHE,3.063,1500.0,7000.0,,4.0,2021-09-01,2021-09,"创业板ETF易方达
159915.XSHE"
2021-09-02 11:21:00,止盈,500ETF,510500.XSHG,8.201,600.0,5600.0,142.91,9.0,2021-09-02,2021-09,"500ETF
510500.XSHG"
2021-09-07 13:03:00,止盈,1000ETF,512100.XSHG,1.143,4500.0,26200.0,152.49,6.0,2021-09-07,2021-09,"1000ETF
512100.XSHG"
2021-09-07 14:34:00,止盈,创业板ETF易方达,159915.XSHE,3.155,1600.0,5400.0,146.7,3.0,2021-09-07,2021-09,"创业板ETF易方达
159915.XSHE"
2021-09-08 09:47:00,止盈,500ETF,510500.XSHG,8.448,600.0,5000.0,147.69,10.0,2021-09-08,2021-09,"500ETF
510500.XSHG"
2021-09-16 10:15:00,加仓,创业板ETF易方达,159915.XSHE,3.057,1500.0,6900.0,,4.0,2021-09-16,2021-09,"创业板ETF易方达
159915.XSHE"
2021-09-17 11:28:00,加仓,1000ETF,512100.XSHG,1.108,4300.0,30500.0,,7.0,2021-09-17,2021-09,"1000ETF
512100.XSHG"
2021-09-17 11:29:00,等级校准,1000ETF,512100.XSHG,,,30500.0,,,2021-09-17,2021-09,"1000ETF
512100.XSHG"
2021-09-17 13:16:00,加仓,500ETF,510500.XSHG,8.188,500.0,5500.0,,11.0,2021-09-17,2021-09,"500ETF
510500.XSHG"
2021-09-17 13:17:00,等级校准,500ETF,510500.XSHG,,,5500.0,,,2021-09-17,2021-09,"500ETF
510500.XSHG"
2021-09-23 09:33:00,止盈,500ETF,510500.XSHG,8.441,600.0,4900.0,151.29,9.0,2021-09-23,2021-09,"500ETF
510500.XSHG"
2021-09-27 09:33:00,止盈,创业板ETF易方达,159915.XSHE,3.152,1600.0,5300.0,151.5,3.0,2021-09-27,2021-09,"创业板ETF易方达
159915.XSHE"
2021-09-27 09:46:00,加仓,500ETF,510500.XSHG,8.182,500.0,5400.0,,10.0,2021-09-27,2021-09,"500ETF
510500.XSHG"
2021-09-27 09:47:00,等级校准,500ETF,510500.XSHG,,,5400.0,,,2021-09-27,2021-09,"500ETF
510500.XSHG"
2021-09-27 13:01:00,加仓,1000ETF,512100.XSHG,1.074,4500.0,35000.0,,7.0,2021-09-27,2021-09,"1000ETF
512100.XSHG"
2021-09-29 09:31:00,加仓,纳指ETF,513100.XSHG,4.899,900.0,3900.0,,4.0,2021-09-29,2021-09,"纳指ETF
513100.XSHG"
2021-09-29 09:32:00,等级校准,纳指ETF,513100.XSHG,,,3900.0,,,2021-09-29,2021-09,"纳指ETF
513100.XSHG"
2021-09-29 10:44:00,加仓,500ETF,510500.XSHG,7.934,600.0,6000.0,,10.0,2021-09-29,2021-09,"500ETF
510500.XSHG"
2021-09-29 14:14:00,加仓,黄金ETF,518880.XSHG,3.552,1300.0,9900.0,,7.0,2021-09-29,2021-09,"黄金ETF
518880.XSHG"
2021-10-12 13:16:00,加仓,创业板ETF易方达,159915.XSHE,3.057,1500.0,6800.0,,4.0,2021-10-12,2021-10,"创业板ETF易方达
159915.XSHE"
2021-10-12 13:31:00,加仓,1000ETF,512100.XSHG,1.041,4600.0,39600.0,,8.0,2021-10-12,2021-10,"1000ETF
512100.XSHG"
2021-10-15 10:25:00,止盈,创业板ETF易方达,159915.XSHE,3.153,1600.0,5200.0,153.1,3.0,2021-10-15,2021-10,"创业板ETF易方达
159915.XSHE"
2021-10-18 11:16:00,止盈,1000ETF,512100.XSHG,1.073,4800.0,34800.0,153.08,7.0,2021-10-18,2021-10,"1000ETF
512100.XSHG"
2021-10-20 09:31:00,止盈,纳指ETF,513100.XSHG,5.049,1000.0,2900.0,149.5,3.0,2021-10-20,2021-10,"纳指ETF
513100.XSHG"
2021-10-26 09:31:00,止盈,创业板ETF易方达,159915.XSHE,3.254,1500.0,3700.0,151.01,2.0,2021-10-26,2021-10,"创业板ETF易方达
159915.XSHE"
2021-10-29 09:59:00,加仓,创业板ETF易方达,159915.XSHE,3.156,1500.0,5200.0,,3.0,2021-10-29,2021-10,"创业板ETF易方达
159915.XSHE"
2021-11-01 09:32:00,止盈,纳指ETF,513100.XSHG,5.208,900.0,2000.0,142.63,2.0,2021-11-01,2021-11,"纳指ETF
513100.XSHG"
2021-11-01 10:59:00,止盈,创业板ETF易方达,159915.XSHE,3.253,1500.0,3700.0,145.01,2.0,2021-11-01,2021-11,"创业板ETF易方达
159915.XSHE"
2021-11-05 09:31:00,止盈,纳指ETF,513100.XSHG,5.37,900.0,1100.0,145.32,1.0,2021-11-05,2021-11,"纳指ETF
513100.XSHG"
2021-11-08 09:31:00,止盈,黄金ETF,518880.XSHG,3.671,1400.0,8500.0,166.09,6.0,2021-11-08,2021-11,"黄金ETF
518880.XSHG"
2021-11-11 13:47:00,止盈,1000ETF,512100.XSHG,1.106,4600.0,30200.0,151.29,6.0,2021-11-11,2021-11,"1000ETF
512100.XSHG"
2021-11-22 09:35:00,止盈,1000ETF,512100.XSHG,1.14,4500.0,25700.0,152.49,5.0,2021-11-22,2021-11,"1000ETF
512100.XSHG"
2021-11-22 10:01:00,止盈,创业板ETF易方达,159915.XSHE,3.351,1500.0,2200.0,146.5,1.0,2021-11-22,2021-11,"创业板ETF易方达
159915.XSHE"
2021-11-23 10:47:00,止盈,500ETF,510500.XSHG,8.173,600.0,5400.0,142.91,9.0,2021-11-23,2021-11,"500ETF
510500.XSHG"
2021-11-30 11:06:00,止盈,1000ETF,512100.XSHG,1.175,4300.0,21400.0,149.99,5.0,2021-11-30,2021-11,"1000ETF
512100.XSHG"
2021-12-03 09:43:00,加仓,纳指ETF,513100.XSHG,5.208,900.0,2000.0,,2.0,2021-12-03,2021-12,"纳指ETF
513100.XSHG"
2021-12-07 10:04:00,加仓,1000ETF,512100.XSHG,1.139,4200.0,25600.0,,6.0,2021-12-07,2021-12,"1000ETF
512100.XSHG"
2021-12-07 10:05:00,等级校准,1000ETF,512100.XSHG,,,25600.0,,,2021-12-07,2021-12,"1000ETF
512100.XSHG"
2021-12-07 10:47:00,加仓,创业板ETF易方达,159915.XSHE,3.25,1400.0,3600.0,,2.0,2021-12-07,2021-12,"创业板ETF易方达
159915.XSHE"
2021-12-09 11:16:00,止盈,创业板ETF易方达,159915.XSHE,3.349,1500.0,2100.0,148.0,1.0,2021-12-09,2021-12,"创业板ETF易方达
159915.XSHE"
2021-12-15 09:31:00,加仓,黄金ETF,518880.XSHG,3.56,1300.0,9800.0,,7.0,2021-12-15,2021-12,"黄金ETF
518880.XSHG"
2021-12-20 13:46:00,加仓,创业板ETF易方达,159915.XSHE,3.248,1400.0,3500.0,,2.0,2021-12-20,2021-12,"创业板ETF易方达
159915.XSHE"
2021-12-28 09:31:00,止盈,纳指ETF,513100.XSHG,5.393,900.0,1100.0,166.01,1.0,2021-12-28,2021-12,"纳指ETF
513100.XSHG"
2022-01-04 10:13:00,加仓,创业板ETF易方达,159915.XSHE,3.149,1500.0,5000.0,,3.0,2022-01-04,2022-01,"创业板ETF易方达
159915.XSHE"
2022-01-05 13:26:00,加仓,创业板ETF易方达,159915.XSHE,3.054,1500.0,6500.0,,4.0,2022-01-05,2022-01,"创业板ETF易方达
159915.XSHE"
2022-01-06 09:31:00,加仓,纳指ETF,513100.XSHG,5.153,900.0,2000.0,,2.0,2022-01-06,2022-01,"纳指ETF
513100.XSHG"
2022-01-10 09:44:00,加仓,创业板ETF易方达,159915.XSHE,2.962,1600.0,8100.0,,5.0,2022-01-10,2022-01,"创业板ETF易方达
159915.XSHE"
2022-01-14 09:31:00,加仓,纳指ETF,513100.XSHG,1.01,900.0,10900.0,,3.0,2022-01-14,2022-01,"纳指ETF
513100.XSHG"
2022-01-14 09:32:00,等级校准,纳指ETF,513100.XSHG,,,10900.0,,,2022-01-14,2022-01,"纳指ETF
513100.XSHG"
2022-01-14 09:32:00,加仓,1000ETF,512100.XSHG,1.104,4300.0,29900.0,,6.0,2022-01-14,2022-01,"1000ETF
512100.XSHG"
2022-01-17 09:42:00,止盈,创业板ETF易方达,159915.XSHE,3.052,1600.0,6500.0,143.51,4.0,2022-01-17,2022-01,"创业板ETF易方达
159915.XSHE"
2022-01-18 10:26:00,止盈,1000ETF,512100.XSHG,1.138,4500.0,25400.0,152.49,5.0,2022-01-18,2022-01,"1000ETF
512100.XSHG"
2022-01-19 14:02:00,加仓,创业板ETF易方达,159915.XSHE,2.96,1600.0,8100.0,,5.0,2022-01-19,2022-01,"创业板ETF易方达
159915.XSHE"
2022-01-20 09:31:00,止盈,黄金ETF,518880.XSHG,3.68,1400.0,8400.0,167.48,6.0,2022-01-20,2022-01,"黄金ETF
518880.XSHG"
2022-01-20 09:33:00,加仓,纳指ETF,513100.XSHG,0.979,4900.0,15800.0,,3.0,2022-01-20,2022-01,"纳指ETF
513100.XSHG"
2022-01-20 10:27:00,加仓,1000ETF,512100.XSHG,1.103,4300.0,29700.0,,6.0,2022-01-20,2022-01,"1000ETF
512100.XSHG"
2022-01-20 10:46:00,加仓,500ETF,510500.XSHG,7.925,600.0,6000.0,,10.0,2022-01-20,2022-01,"500ETF
510500.XSHG"
2022-01-24 09:31:00,加仓,纳指ETF,513100.XSHG,0.948,5100.0,20900.0,,4.0,2022-01-24,2022-01,"纳指ETF
513100.XSHG"
2022-01-24 09:31:00,加仓,1000ETF,512100.XSHG,1.066,4500.0,34200.0,,7.0,2022-01-24,2022-01,"1000ETF
512100.XSHG"
2022-01-25 13:15:00,加仓,500ETF,510500.XSHG,7.687,600.0,6600.0,,11.0,2022-01-25,2022-01,"500ETF
510500.XSHG"
2022-01-26 09:59:00,加仓,1000ETF,512100.XSHG,1.033,4600.0,38800.0,,8.0,2022-01-26,2022-01,"1000ETF
512100.XSHG"
2022-01-26 13:14:00,加仓,创业板ETF易方达,159915.XSHE,2.871,1600.0,9700.0,,6.0,2022-01-26,2022-01,"创业板ETF易方达
159915.XSHE"
2022-01-26 13:15:00,等级校准,创业板ETF易方达,159915.XSHE,,,9700.0,,,2022-01-26,2022-01,"创业板ETF易方达
159915.XSHE"
2022-01-27 09:31:00,加仓,纳指ETF,513100.XSHG,0.913,5200.0,26100.0,,5.0,2022-01-27,2022-01,"纳指ETF
513100.XSHG"
2022-01-27 09:32:00,等级校准,纳指ETF,513100.XSHG,,,26100.0,,,2022-01-27,2022-01,"纳指ETF
513100.XSHG"
2022-01-27 10:39:00,加仓,500ETF,510500.XSHG,7.452,600.0,7200.0,,12.0,2022-01-27,2022-01,"500ETF
510500.XSHG"
2022-01-28 10:04:00,加仓,1000ETF,512100.XSHG,1.002,4800.0,43600.0,,9.0,2022-01-28,2022-01,"1000ETF
512100.XSHG"
2022-01-28 10:05:00,等级校准,1000ETF,512100.XSHG,,,43600.0,,,2022-01-28,2022-01,"1000ETF
512100.XSHG"
2022-02-07 09:31:00,止盈,纳指ETF,513100.XSHG,0.949,5400.0,20700.0,193.89,3.0,2022-02-07,2022-02,"纳指ETF
513100.XSHG"
2022-02-08 09:38:00,加仓,创业板ETF易方达,159915.XSHE,2.784,1700.0,11400.0,,6.0,2022-02-08,2022-02,"创业板ETF易方达
159915.XSHE"
2022-02-08 11:21:00,加仓,创业板ETF易方达,159915.XSHE,2.7,1700.0,13100.0,,7.0,2022-02-08,2022-02,"创业板ETF易方达
159915.XSHE"
2022-02-08 14:59:00,止盈,1000ETF,512100.XSHG,1.033,4900.0,38700.0,151.39,8.0,2022-02-08,2022-02,"1000ETF
512100.XSHG"
2022-02-09 13:19:00,止盈,500ETF,510500.XSHG,7.676,600.0,6600.0,133.94,11.0,2022-02-09,2022-02,"500ETF
510500.XSHG"
2022-02-09 13:23:00,止盈,创业板ETF易方达,159915.XSHE,2.781,1800.0,11300.0,145.3,6.0,2022-02-09,2022-02,"创业板ETF易方达
159915.XSHE"
2022-02-10 09:31:00,止盈,纳指ETF,513100.XSHG,0.979,5200.0,15500.0,155.49,3.0,2022-02-10,2022-02,"纳指ETF
513100.XSHG"
2022-02-11 09:32:00,加仓,创业板ETF易方达,159915.XSHE,2.695,1700.0,13000.0,,7.0,2022-02-11,2022-02,"创业板ETF易方达
159915.XSHE"
2022-02-14 09:31:00,加仓,纳指ETF,513100.XSHG,0.931,5100.0,20600.0,,4.0,2022-02-14,2022-02,"纳指ETF
513100.XSHG"
2022-02-14 09:32:00,等级校准,纳指ETF,513100.XSHG,,,20600.0,,,2022-02-14,2022-02,"纳指ETF
513100.XSHG"
2022-02-21 13:29:00,止盈,1000ETF,512100.XSHG,1.064,4800.0,33900.0,148.29,7.0,2022-02-21,2022-02,"1000ETF
512100.XSHG"
2022-02-22 09:31:00,加仓,纳指ETF,513100.XSHG,0.903,5300.0,25900.0,,4.0,2022-02-22,2022-02,"纳指ETF
513100.XSHG"
2022-02-22 09:33:00,止盈,黄金ETF,518880.XSHG,3.791,1300.0,7100.0,143.81,5.0,2022-02-22,2022-02,"黄金ETF
518880.XSHG"
2022-02-24 09:31:00,加仓,纳指ETF,513100.XSHG,0.875,5500.0,31400.0,,5.0,2022-02-24,2022-02,"纳指ETF
513100.XSHG"
2022-02-25 10:02:00,止盈,创业板ETF易方达,159915.XSHE,2.776,1800.0,11200.0,145.3,6.0,2022-02-25,2022-02,"创业板ETF易方达
159915.XSHE"
2022-03-01 09:31:00,止盈,纳指ETF,513100.XSHG,0.914,5700.0,25700.0,221.78,4.0,2022-03-01,2022-03,"纳指ETF
513100.XSHG"
2022-03-04 09:31:00,加仓,创业板ETF易方达,159915.XSHE,2.678,1800.0,13000.0,,7.0,2022-03-04,2022-03,"创业板ETF易方达
159915.XSHE"
2022-03-07 09:31:00,加仓,纳指ETF,513100.XSHG,0.88,5400.0,31100.0,,5.0,2022-03-07,2022-03,"纳指ETF
513100.XSHG"
2022-03-07 09:31:00,止盈,黄金ETF,518880.XSHG,3.935,1300.0,5800.0,186.69,4.0,2022-03-07,2022-03,"黄金ETF
518880.XSHG"
2022-03-07 09:44:00,加仓,创业板ETF易方达,159915.XSHE,2.597,1800.0,14800.0,,8.0,2022-03-07,2022-03,"创业板ETF易方达
159915.XSHE"
2022-03-07 09:45:00,等级校准,创业板ETF易方达,159915.XSHE,,,14800.0,,,2022-03-07,2022-03,"创业板ETF易方达
159915.XSHE"
2022-03-07 13:51:00,加仓,1000ETF,512100.XSHG,1.032,4600.0,38500.0,,8.0,2022-03-07,2022-03,"1000ETF
512100.XSHG"
2022-03-08 09:37:00,加仓,500ETF,510500.XSHG,7.434,600.0,7200.0,,12.0,2022-03-08,2022-03,"500ETF
510500.XSHG"
2022-03-08 10:26:00,加仓,创业板ETF易方达,159915.XSHE,2.519,1900.0,16700.0,,8.0,2022-03-08,2022-03,"创业板ETF易方达
159915.XSHE"
2022-03-08 11:14:00,加仓,1000ETF,512100.XSHG,1.001,4800.0,43300.0,,9.0,2022-03-08,2022-03,"1000ETF
512100.XSHG"
2022-03-08 11:15:00,等级校准,1000ETF,512100.XSHG,,,43300.0,,,2022-03-08,2022-03,"1000ETF
512100.XSHG"
2022-03-08 11:23:00,加仓,500ETF,510500.XSHG,7.21,600.0,7800.0,,13.0,2022-03-08,2022-03,"500ETF
510500.XSHG"
2022-03-08 13:44:00,加仓,纳指ETF,513100.XSHG,0.853,5600.0,36700.0,,6.0,2022-03-08,2022-03,"纳指ETF
513100.XSHG"
2022-03-09 10:18:00,止盈,黄金ETF,518880.XSHG,4.054,1200.0,4600.0,142.31,3.0,2022-03-09,2022-03,"黄金ETF
518880.XSHG"
2022-03-09 13:25:00,加仓,创业板ETF易方达,159915.XSHE,2.443,1900.0,18600.0,,9.0,2022-03-09,2022-03,"创业板ETF易方达
159915.XSHE"
2022-03-09 13:32:00,加仓,1000ETF,512100.XSHG,0.97,4900.0,48200.0,,9.0,2022-03-09,2022-03,"1000ETF
512100.XSHG"
2022-03-09 13:33:00,加仓,500ETF,510500.XSHG,6.983,600.0,8400.0,,14.0,2022-03-09,2022-03,"500ETF
510500.XSHG"
2022-03-09 13:34:00,等级校准,500ETF,510500.XSHG,,,8400.0,,,2022-03-09,2022-03,"500ETF
510500.XSHG"
2022-03-10 09:31:00,止盈,纳指ETF,513100.XSHG,0.885,5800.0,30900.0,185.09,5.0,2022-03-10,2022-03,"纳指ETF
513100.XSHG"
2022-03-10 09:31:00,加仓,黄金ETF,518880.XSHG,3.895,1200.0,5800.0,,4.0,2022-03-10,2022-03,"黄金ETF
518880.XSHG"
2022-03-10 09:31:00,止盈,500ETF,510500.XSHG,7.194,700.0,7700.0,147.2,12.0,2022-03-10,2022-03,"500ETF
510500.XSHG"
2022-03-10 09:31:00,止盈,1000ETF,512100.XSHG,1.004,5100.0,43100.0,172.89,8.0,2022-03-10,2022-03,"1000ETF
512100.XSHG"
2022-03-10 09:31:00,止盈,创业板ETF易方达,159915.XSHE,2.547,2000.0,16600.0,207.49,8.0,2022-03-10,2022-03,"创业板ETF易方达
159915.XSHE"
2022-03-15 09:31:00,加仓,纳指ETF,513100.XSHG,0.853,5600.0,36500.0,,6.0,2022-03-15,2022-03,"纳指ETF
513100.XSHG"
2022-03-15 09:31:00,加仓,创业板ETF易方达,159915.XSHE,2.457,1900.0,18500.0,,9.0,2022-03-15,2022-03,"创业板ETF易方达
159915.XSHE"
2022-03-15 09:32:00,加仓,500ETF,510500.XSHG,6.974,600.0,8300.0,,13.0,2022-03-15,2022-03,"500ETF
510500.XSHG"
2022-03-15 09:33:00,等级校准,500ETF,510500.XSHG,,,8300.0,,,2022-03-15,2022-03,"500ETF
510500.XSHG"
2022-03-15 09:33:00,加仓,1000ETF,512100.XSHG,0.973,4900.0,48000.0,,9.0,2022-03-15,2022-03,"1000ETF
512100.XSHG"
2022-03-15 10:36:00,止盈,创业板ETF易方达,159915.XSHE,2.531,2000.0,16500.0,147.49,8.0,2022-03-15,2022-03,"创业板ETF易方达
159915.XSHE"
2022-03-15 13:47:00,加仓,500ETF,510500.XSHG,6.725,700.0,9000.0,,12.0,2022-03-15,2022-03,"500ETF
510500.XSHG"
2022-03-15 13:53:00,加仓,创业板ETF易方达,159915.XSHE,2.454,1900.0,18400.0,,9.0,2022-03-15,2022-03,"创业板ETF易方达
159915.XSHE"
2022-03-15 14:53:00,加仓,1000ETF,512100.XSHG,0.943,5100.0,53100.0,,10.0,2022-03-15,2022-03,"1000ETF
512100.XSHG"
2022-03-16 13:46:00,止盈,纳指ETF,513100.XSHG,0.879,5800.0,30700.0,150.29,5.0,2022-03-16,2022-03,"纳指ETF
513100.XSHG"
2022-03-16 13:47:00,止盈,创业板ETF易方达,159915.XSHE,2.528,2000.0,16400.0,147.49,8.0,2022-03-16,2022-03,"创业板ETF易方达
159915.XSHE"
2022-03-16 14:16:00,止盈,1000ETF,512100.XSHG,0.972,5300.0,47800.0,153.18,9.0,2022-03-16,2022-03,"1000ETF
512100.XSHG"
2022-03-16 14:18:00,止盈,500ETF,510500.XSHG,6.931,700.0,8300.0,143.71,11.0,2022-03-16,2022-03,"500ETF
510500.XSHG"
2022-03-17 09:32:00,止盈,纳指ETF,513100.XSHG,0.906,5600.0,25100.0,150.69,4.0,2022-03-17,2022-03,"纳指ETF
513100.XSHG"
2022-03-17 09:32:00,止盈,创业板ETF易方达,159915.XSHE,2.606,1900.0,14500.0,147.7,7.0,2022-03-17,2022-03,"创业板ETF易方达
159915.XSHE"
2022-03-17 11:14:00,止盈,1000ETF,512100.XSHG,1.002,5100.0,42700.0,152.49,8.0,2022-03-17,2022-03,"1000ETF
512100.XSHG"
2022-03-17 13:15:00,止盈,500ETF,510500.XSHG,7.141,700.0,7600.0,146.5,10.0,2022-03-17,2022-03,"500ETF
510500.XSHG"
2022-03-23 09:31:00,止盈,纳指ETF,513100.XSHG,0.953,5500.0,19600.0,257.98,3.0,2022-03-23,2022-03,"纳指ETF
513100.XSHG"
2022-03-28 09:33:00,加仓,创业板ETF易方达,159915.XSHE,2.526,1900.0,16400.0,,8.0,2022-03-28,2022-03,"创业板ETF易方达
159915.XSHE"
2022-03-30 09:31:00,止盈,纳指ETF,513100.XSHG,0.992,5200.0,14400.0,202.28,2.0,2022-03-30,2022-03,"纳指ETF
513100.XSHG"
2022-03-30 14:11:00,止盈,创业板ETF易方达,159915.XSHE,2.602,1900.0,14500.0,143.91,7.0,2022-03-30,2022-03,"创业板ETF易方达
159915.XSHE"
2022-04-07 09:31:00,加仓,纳指ETF,513100.XSHG,0.944,5000.0,19400.0,,3.0,2022-04-07,2022-04,"纳指ETF
513100.XSHG"
2022-04-07 10:06:00,加仓,创业板ETF易方达,159915.XSHE,2.521,1900.0,16400.0,,8.0,2022-04-07,2022-04,"创业板ETF易方达
159915.XSHE"
2022-04-07 10:23:00,加仓,1000ETF,512100.XSHG,0.971,4900.0,47600.0,,9.0,2022-04-07,2022-04,"1000ETF
512100.XSHG"
2022-04-08 10:02:00,加仓,500ETF,510500.XSHG,6.924,700.0,8300.0,,11.0,2022-04-08,2022-04,"500ETF
510500.XSHG"
2022-04-11 09:32:00,加仓,创业板ETF易方达,159915.XSHE,2.444,1900.0,18300.0,,9.0,2022-04-11,2022-04,"创业板ETF易方达
159915.XSHE"
2022-04-11 09:37:00,加仓,1000ETF,512100.XSHG,0.941,5100.0,52700.0,,10.0,2022-04-11,2022-04,"1000ETF
512100.XSHG"
2022-04-11 09:38:00,等级校准,1000ETF,512100.XSHG,,,52700.0,,,2022-04-11,2022-04,"1000ETF
512100.XSHG"
2022-04-12 09:31:00,加仓,纳指ETF,513100.XSHG,0.91,5200.0,24600.0,,4.0,2022-04-12,2022-04,"纳指ETF
513100.XSHG"
2022-04-12 10:26:00,加仓,1000ETF,512100.XSHG,0.912,5300.0,58000.0,,10.0,2022-04-12,2022-04,"1000ETF
512100.XSHG"
2022-04-12 13:00:00,加仓,500ETF,510500.XSHG,6.716,700.0,9000.0,,12.0,2022-04-12,2022-04,"500ETF
510500.XSHG"
2022-04-14 10:45:00,加仓,创业板ETF易方达,159915.XSHE,2.37,2000.0,20300.0,,10.0,2022-04-14,2022-04,"创业板ETF易方达
159915.XSHE"
2022-04-14 10:46:00,等级校准,创业板ETF易方达,159915.XSHE,,,20300.0,,,2022-04-14,2022-04,"创业板ETF易方达
159915.XSHE"
2022-04-14 13:44:00,止盈,500ETF,510500.XSHG,6.918,700.0,8300.0,140.92,11.0,2022-04-14,2022-04,"500ETF
510500.XSHG"
2022-04-20 13:55:00,加仓,创业板ETF易方达,159915.XSHE,2.297,2100.0,22400.0,,10.0,2022-04-20,2022-04,"创业板ETF易方达
159915.XSHE"
2022-04-20 14:06:00,加仓,500ETF,510500.XSHG,6.71,700.0,9000.0,,12.0,2022-04-20,2022-04,"500ETF
510500.XSHG"
2022-04-21 11:11:00,加仓,1000ETF,512100.XSHG,0.884,5400.0,63400.0,,11.0,2022-04-21,2022-04,"1000ETF
512100.XSHG"
2022-04-21 14:13:00,加仓,500ETF,510500.XSHG,6.5,700.0,9700.0,,13.0,2022-04-21,2022-04,"500ETF
510500.XSHG"
2022-04-21 14:49:00,加仓,创业板ETF易方达,159915.XSHE,2.228,2100.0,24500.0,,11.0,2022-04-21,2022-04,"创业板ETF易方达
159915.XSHE"
2022-04-22 09:36:00,加仓,1000ETF,512100.XSHG,0.857,5600.0,69000.0,,12.0,2022-04-22,2022-04,"1000ETF
512100.XSHG"
2022-04-22 09:37:00,等级校准,1000ETF,512100.XSHG,,,69000.0,,,2022-04-22,2022-04,"1000ETF
512100.XSHG"
2022-04-25 09:34:00,加仓,500ETF,510500.XSHG,6.3,700.0,10400.0,,14.0,2022-04-25,2022-04,"500ETF
510500.XSHG"
2022-04-25 09:35:00,加仓,1000ETF,512100.XSHG,0.83,5800.0,74800.0,,12.0,2022-04-25,2022-04,"1000ETF
512100.XSHG"
2022-04-25 09:43:00,加仓,创业板ETF易方达,159915.XSHE,2.16,2200.0,26700.0,,12.0,2022-04-25,2022-04,"创业板ETF易方达
159915.XSHE"
2022-04-25 09:44:00,等级校准,创业板ETF易方达,159915.XSHE,,,26700.0,,,2022-04-25,2022-04,"创业板ETF易方达
159915.XSHE"
2022-04-25 13:53:00,加仓,1000ETF,512100.XSHG,0.805,6000.0,80800.0,,13.0,2022-04-25,2022-04,"1000ETF
512100.XSHG"
2022-04-25 14:11:00,加仓,500ETF,510500.XSHG,6.11,700.0,11100.0,,15.0,2022-04-25,2022-04,"500ETF
510500.XSHG"
2022-04-25 14:12:00,等级校准,500ETF,510500.XSHG,,,11100.0,,,2022-04-25,2022-04,"500ETF
510500.XSHG"
2022-04-26 09:37:00,加仓,创业板ETF易方达,159915.XSHE,2.094,2300.0,29000.0,,12.0,2022-04-26,2022-04,"创业板ETF易方达
159915.XSHE"
2022-04-26 09:38:00,加仓,1000ETF,512100.XSHG,0.778,6200.0,87000.0,,14.0,2022-04-26,2022-04,"1000ETF
512100.XSHG"
2022-04-26 09:39:00,等级校准,1000ETF,512100.XSHG,,,87000.0,,,2022-04-26,2022-04,"1000ETF
512100.XSHG"
2022-04-26 14:18:00,加仓,500ETF,510500.XSHG,5.923,800.0,11900.0,,14.0,2022-04-26,2022-04,"500ETF
510500.XSHG"
2022-04-27 09:31:00,加仓,纳指ETF,513100.XSHG,0.875,5400.0,30000.0,,5.0,2022-04-27,2022-04,"纳指ETF
513100.XSHG"
2022-04-27 09:35:00,加仓,1000ETF,512100.XSHG,0.754,6400.0,93400.0,,14.0,2022-04-27,2022-04,"1000ETF
512100.XSHG"
2022-04-27 13:03:00,止盈,1000ETF,512100.XSHG,0.778,6600.0,86800.0,157.89,13.0,2022-04-27,2022-04,"1000ETF
512100.XSHG"
2022-04-27 13:29:00,止盈,创业板ETF易方达,159915.XSHE,2.157,2300.0,26700.0,144.4,11.0,2022-04-27,2022-04,"创业板ETF易方达
159915.XSHE"
2022-04-27 14:25:00,止盈,1000ETF,512100.XSHG,0.802,6400.0,80400.0,153.09,12.0,2022-04-27,2022-04,"1000ETF
512100.XSHG"
2022-04-27 14:50:00,止盈,500ETF,510500.XSHG,6.102,800.0,11100.0,142.71,13.0,2022-04-27,2022-04,"500ETF
510500.XSHG"
2022-04-29 09:31:00,止盈,纳指ETF,513100.XSHG,0.903,5700.0,24300.0,159.09,4.0,2022-04-29,2022-04,"纳指ETF
513100.XSHG"
2022-04-29 13:05:00,止盈,500ETF,510500.XSHG,6.294,800.0,10300.0,153.1,14.0,2022-04-29,2022-04,"500ETF
510500.XSHG"
2022-04-29 13:07:00,止盈,1000ETF,512100.XSHG,0.827,6200.0,74200.0,154.49,12.0,2022-04-29,2022-04,"1000ETF
512100.XSHG"
2022-04-29 13:11:00,止盈,创业板ETF易方达,159915.XSHE,2.233,2300.0,24400.0,174.29,11.0,2022-04-29,2022-04,"创业板ETF易方达
159915.XSHE"
2022-05-05 10:52:00,止盈,1000ETF,512100.XSHG,0.852,6000.0,68200.0,149.49,11.0,2022-05-05,2022-05,"1000ETF
512100.XSHG"
2022-05-06 09:31:00,加仓,纳指ETF,513100.XSHG,0.872,5500.0,29800.0,,5.0,2022-05-06,2022-05,"纳指ETF
513100.XSHG"
2022-05-06 09:31:00,加仓,创业板ETF易方达,159915.XSHE,2.157,2200.0,26600.0,,12.0,2022-05-06,2022-05,"创业板ETF易方达
159915.XSHE"
2022-05-06 09:32:00,等级校准,创业板ETF易方达,159915.XSHE,,,26600.0,,,2022-05-06,2022-05,"创业板ETF易方达
159915.XSHE"
2022-05-10 09:31:00,加仓,纳指ETF,513100.XSHG,0.84,5700.0,35500.0,,6.0,2022-05-10,2022-05,"纳指ETF
513100.XSHG"
2022-05-11 09:36:00,止盈,创业板ETF易方达,159915.XSHE,2.222,2300.0,24300.0,148.99,11.0,2022-05-11,2022-05,"创业板ETF易方达
159915.XSHE"
2022-05-11 09:45:00,止盈,1000ETF,512100.XSHG,0.878,5800.0,62400.0,150.29,11.0,2022-05-11,2022-05,"1000ETF
512100.XSHG"
2022-05-11 09:51:00,止盈,500ETF,510500.XSHG,6.485,700.0,9600.0,133.25,13.0,2022-05-11,2022-05,"500ETF
510500.XSHG"
2022-05-11 11:17:00,止盈,创业板ETF易方达,159915.XSHE,2.289,2200.0,22100.0,146.9,10.0,2022-05-11,2022-05,"创业板ETF易方达
159915.XSHE"
2022-05-18 09:31:00,止盈,纳指ETF,513100.XSHG,0.866,5900.0,29600.0,152.89,5.0,2022-05-18,2022-05,"纳指ETF
513100.XSHG"
2022-05-19 09:31:00,加仓,纳指ETF,513100.XSHG,0.825,5700.0,35300.0,,6.0,2022-05-19,2022-05,"纳指ETF
513100.XSHG"
2022-05-19 09:32:00,等级校准,纳指ETF,513100.XSHG,,,35300.0,,,2022-05-19,2022-05,"纳指ETF
513100.XSHG"
2022-05-20 09:31:00,止盈,1000ETF,512100.XSHG,0.906,5600.0,56800.0,156.29,10.0,2022-05-20,2022-05,"1000ETF
512100.XSHG"
2022-05-20 14:49:00,止盈,500ETF,510500.XSHG,6.682,700.0,8900.0,137.43,12.0,2022-05-20,2022-05,"500ETF
510500.XSHG"
2022-05-25 09:43:00,加仓,500ETF,510500.XSHG,6.479,700.0,9600.0,,13.0,2022-05-25,2022-05,"500ETF
510500.XSHG"
2022-05-26 09:51:00,加仓,创业板ETF易方达,159915.XSHE,2.22,2100.0,24200.0,,11.0,2022-05-26,2022-05,"创业板ETF易方达
159915.XSHE"
2022-05-26 13:02:00,止盈,500ETF,510500.XSHG,6.678,700.0,8900.0,138.83,12.0,2022-05-26,2022-05,"500ETF
510500.XSHG"
2022-05-27 09:37:00,止盈,创业板ETF易方达,159915.XSHE,2.29,2200.0,22000.0,153.5,10.0,2022-05-27,2022-05,"创业板ETF易方达
159915.XSHE"
2022-05-30 09:31:00,止盈,纳指ETF,513100.XSHG,0.878,6000.0,29300.0,317.47,5.0,2022-05-30,2022-05,"纳指ETF
513100.XSHG"
2022-06-01 10:41:00,止盈,创业板ETF易方达,159915.XSHE,2.359,2100.0,19900.0,144.4,9.0,2022-06-01,2022-06,"创业板ETF易方达
159915.XSHE"
2022-06-02 10:37:00,止盈,1000ETF,512100.XSHG,0.934,5500.0,51300.0,153.49,9.0,2022-06-02,2022-06,"1000ETF
512100.XSHG"
2022-06-02 14:08:00,止盈,500ETF,510500.XSHG,6.879,700.0,8200.0,140.22,11.0,2022-06-02,2022-06,"500ETF
510500.XSHG"
2022-06-06 09:53:00,止盈,创业板ETF易方达,159915.XSHE,2.431,2100.0,17800.0,150.69,8.0,2022-06-06,2022-06,"创业板ETF易方达
159915.XSHE"
2022-06-06 11:25:00,止盈,1000ETF,512100.XSHG,0.963,5300.0,46000.0,153.19,9.0,2022-06-06,2022-06,"1000ETF
512100.XSHG"
2022-06-10 09:31:00,加仓,纳指ETF,513100.XSHG,0.841,5600.0,34900.0,,6.0,2022-06-10,2022-06,"纳指ETF
513100.XSHG"
2022-06-10 09:32:00,等级校准,纳指ETF,513100.XSHG,,,34900.0,,,2022-06-10,2022-06,"纳指ETF
513100.XSHG"
2022-06-10 14:45:00,止盈,500ETF,510500.XSHG,7.086,700.0,7500.0,144.4,10.0,2022-06-10,2022-06,"500ETF
510500.XSHG"
2022-06-13 09:32:00,加仓,纳指ETF,513100.XSHG,0.815,5900.0,40800.0,,6.0,2022-06-13,2022-06,"纳指ETF
513100.XSHG"
2022-06-14 09:31:00,加仓,纳指ETF,513100.XSHG,0.788,6100.0,46900.0,,7.0,2022-06-14,2022-06,"纳指ETF
513100.XSHG"
2022-06-15 09:33:00,止盈,创业板ETF易方达,159915.XSHE,2.505,2000.0,15800.0,147.5,8.0,2022-06-15,2022-06,"创业板ETF易方达
159915.XSHE"
2022-06-16 09:31:00,止盈,纳指ETF,513100.XSHG,0.817,6300.0,40600.0,182.19,6.0,2022-06-16,2022-06,"纳指ETF
513100.XSHG"
2022-06-17 09:31:00,加仓,纳指ETF,513100.XSHG,0.778,6100.0,46700.0,,7.0,2022-06-17,2022-06,"纳指ETF
513100.XSHG"
2022-06-17 14:31:00,止盈,创业板ETF易方达,159915.XSHE,2.582,1900.0,13900.0,145.81,7.0,2022-06-17,2022-06,"创业板ETF易方达
159915.XSHE"
2022-06-20 09:31:00,止盈,1000ETF,512100.XSHG,0.993,5100.0,40900.0,152.49,8.0,2022-06-20,2022-06,"1000ETF
512100.XSHG"
2022-06-20 11:20:00,止盈,创业板ETF易方达,159915.XSHE,2.66,1900.0,12000.0,147.69,6.0,2022-06-20,2022-06,"创业板ETF易方达
159915.XSHE"
2022-06-21 10:02:00,止盈,纳指ETF,513100.XSHG,0.802,6400.0,40300.0,153.09,6.0,2022-06-21,2022-06,"纳指ETF
513100.XSHG"
2022-06-24 13:45:00,止盈,纳指ETF,513100.XSHG,0.827,6200.0,34100.0,154.49,5.0,2022-06-24,2022-06,"纳指ETF
513100.XSHG"
2022-06-27 09:31:00,止盈,创业板ETF易方达,159915.XSHE,2.752,1800.0,10200.0,165.1,5.0,2022-06-27,2022-06,"创业板ETF易方达
159915.XSHE"
2022-06-27 09:38:00,止盈,500ETF,510500.XSHG,7.309,700.0,6800.0,155.59,11.0,2022-06-27,2022-06,"500ETF
510500.XSHG"
2022-06-27 10:30:00,止盈,1000ETF,512100.XSHG,1.023,5000.0,35900.0,149.49,7.0,2022-06-27,2022-06,"1000ETF
512100.XSHG"
2022-06-30 14:27:00,加仓,纳指ETF,513100.XSHG,0.802,6000.0,40100.0,,6.0,2022-06-30,2022-06,"纳指ETF
513100.XSHG"
2022-07-04 09:35:00,加仓,创业板ETF易方达,159915.XSHE,2.668,1800.0,12000.0,,6.0,2022-07-04,2022-07,"创业板ETF易方达
159915.XSHE"
2022-07-04 14:55:00,止盈,创业板ETF易方达,159915.XSHE,2.749,1800.0,10200.0,145.31,5.0,2022-07-04,2022-07,"创业板ETF易方达
159915.XSHE"
2022-07-06 09:31:00,加仓,黄金ETF,518880.XSHG,3.73,1200.0,7000.0,,5.0,2022-07-06,2022-07,"黄金ETF
518880.XSHG"
2022-07-07 13:10:00,止盈,纳指ETF,513100.XSHG,0.827,6200.0,33900.0,154.49,5.0,2022-07-07,2022-07,"纳指ETF
513100.XSHG"
2022-07-11 13:24:00,加仓,创业板ETF易方达,159915.XSHE,2.666,1800.0,12000.0,,6.0,2022-07-11,2022-07,"创业板ETF易方达
159915.XSHE"
2022-07-12 14:10:00,加仓,1000ETF,512100.XSHG,0.992,4800.0,40700.0,,8.0,2022-07-12,2022-07,"1000ETF
512100.XSHG"
2022-07-13 10:26:00,加仓,500ETF,510500.XSHG,7.089,600.0,7400.0,,12.0,2022-07-13,2022-07,"500ETF
510500.XSHG"
2022-07-13 10:27:00,等级校准,500ETF,510500.XSHG,,,7400.0,,,2022-07-13,2022-07,"500ETF
510500.XSHG"
2022-07-14 11:11:00,止盈,创业板ETF易方达,159915.XSHE,2.746,1800.0,10200.0,143.51,5.0,2022-07-14,2022-07,"创业板ETF易方达
159915.XSHE"
2022-07-15 14:44:00,加仓,黄金ETF,518880.XSHG,3.618,1300.0,8300.0,,6.0,2022-07-15,2022-07,"黄金ETF
518880.XSHG"
2022-07-18 09:40:00,加仓,创业板ETF易方达,159915.XSHE,2.661,1800.0,12000.0,,6.0,2022-07-18,2022-07,"创业板ETF易方达
159915.XSHE"
2022-07-19 09:43:00,止盈,1000ETF,512100.XSHG,1.023,5000.0,35700.0,154.49,7.0,2022-07-19,2022-07,"1000ETF
512100.XSHG"
2022-07-20 09:31:00,止盈,纳指ETF,513100.XSHG,0.852,6000.0,27900.0,149.49,4.0,2022-07-20,2022-07,"纳指ETF
513100.XSHG"
2022-07-20 09:42:00,止盈,500ETF,510500.XSHG,7.304,700.0,6700.0,149.99,11.0,2022-07-20,2022-07,"500ETF
510500.XSHG"
2022-07-29 09:31:00,止盈,纳指ETF,513100.XSHG,0.884,5800.0,22100.0,185.09,3.0,2022-07-29,2022-07,"纳指ETF
513100.XSHG"
2022-07-29 10:11:00,止盈,黄金ETF,518880.XSHG,3.727,1300.0,7000.0,141.22,5.0,2022-07-29,2022-07,"黄金ETF
518880.XSHG"
2022-08-01 09:31:00,加仓,创业板ETF易方达,159915.XSHE,2.579,1800.0,13800.0,,7.0,2022-08-01,2022-08,"创业板ETF易方达
159915.XSHE"
2022-08-02 09:40:00,加仓,500ETF,510500.XSHG,7.081,600.0,7300.0,,12.0,2022-08-02,2022-08,"500ETF
510500.XSHG"
2022-08-02 09:41:00,等级校准,500ETF,510500.XSHG,,,7300.0,,,2022-08-02,2022-08,"500ETF
510500.XSHG"
2022-08-04 13:29:00,止盈,纳指ETF,513100.XSHG,0.911,5600.0,16500.0,150.69,3.0,2022-08-04,2022-08,"纳指ETF
513100.XSHG"
2022-08-09 14:42:00,止盈,1000ETF,512100.XSHG,1.054,4800.0,30900.0,148.29,6.0,2022-08-09,2022-08,"1000ETF
512100.XSHG"
2022-08-11 10:54:00,止盈,500ETF,510500.XSHG,7.295,700.0,6600.0,149.29,11.0,2022-08-11,2022-08,"500ETF
510500.XSHG"
2022-08-16 09:31:00,止盈,纳指ETF,513100.XSHG,0.941,5400.0,11100.0,161.49,2.0,2022-08-16,2022-08,"纳指ETF
513100.XSHG"
2022-08-16 09:46:00,止盈,创业板ETF易方达,159915.XSHE,2.657,1900.0,11900.0,147.7,6.0,2022-08-16,2022-08,"创业板ETF易方达
159915.XSHE"
2022-08-22 14:37:00,加仓,纳指ETF,513100.XSHG,0.912,5300.0,16400.0,,3.0,2022-08-22,2022-08,"纳指ETF
513100.XSHG"
2022-08-25 10:06:00,加仓,创业板ETF易方达,159915.XSHE,2.577,1800.0,13700.0,,7.0,2022-08-25,2022-08,"创业板ETF易方达
159915.XSHE"
2022-08-25 10:07:00,加仓,1000ETF,512100.XSHG,1.022,4700.0,35600.0,,7.0,2022-08-25,2022-08,"1000ETF
512100.XSHG"
2022-08-29 09:31:00,加仓,纳指ETF,513100.XSHG,0.871,5400.0,21800.0,,4.0,2022-08-29,2022-08,"纳指ETF
513100.XSHG"
2022-08-29 09:31:00,加仓,500ETF,510500.XSHG,6.215,600.0,8160.0,,12.0,2022-08-29,2022-08,"500ETF
510500.XSHG"
2022-08-29 09:32:00,等级校准,纳指ETF,513100.XSHG,,,21800.0,,,2022-08-29,2022-08,"纳指ETF
513100.XSHG"
2022-08-29 09:32:00,等级校准,500ETF,510500.XSHG,,,8160.0,,,2022-08-29,2022-08,"500ETF
510500.XSHG"
2022-08-31 10:11:00,加仓,创业板ETF易方达,159915.XSHE,2.498,1900.0,15600.0,,8.0,2022-08-31,2022-08,"创业板ETF易方达
159915.XSHE"
2022-08-31 10:12:00,等级校准,创业板ETF易方达,159915.XSHE,,,15600.0,,,2022-08-31,2022-08,"创业板ETF易方达
159915.XSHE"
2022-08-31 11:18:00,加仓,1000ETF,512100.XSHG,0.991,4800.0,40400.0,,8.0,2022-08-31,2022-08,"1000ETF
512100.XSHG"
2022-09-05 09:30:00,等级校准,1000ETF,512100.XSHG,,,14768.0,,,2022-09-05,2022-09,"1000ETF
512100.XSHG"
2022-09-05 09:31:00,止盈,1000ETF,512100.XSHG,2.703,5000.0,9768.0,8558.65,5.0,2022-09-05,2022-09,"1000ETF
512100.XSHG"
2022-09-06 10:12:00,加仓,创业板ETF易方达,159915.XSHE,2.423,2000.0,17600.0,,8.0,2022-09-06,2022-09,"创业板ETF易方达
159915.XSHE"
2022-09-07 10:24:00,止盈,1000ETF,512100.XSHG,2.785,1800.0,7968.0,147.1,4.0,2022-09-07,2022-09,"1000ETF
512100.XSHG"
2022-09-07 10:27:00,止盈,创业板ETF易方达,159915.XSHE,2.496,2000.0,15600.0,145.5,7.0,2022-09-07,2022-09,"创业板ETF易方达
159915.XSHE"
2022-09-13 14:09:00,止盈,纳指ETF,513100.XSHG,0.898,5700.0,16100.0,153.39,2.0,2022-09-13,2022-09,"纳指ETF
513100.XSHG"
2022-09-14 09:31:00,加仓,纳指ETF,513100.XSHG,0.854,5500.0,21600.0,,3.0,2022-09-14,2022-09,"纳指ETF
513100.XSHG"
2022-09-14 13:15:00,加仓,创业板ETF易方达,159915.XSHE,2.421,2000.0,17600.0,,8.0,2022-09-14,2022-09,"创业板ETF易方达
159915.XSHE"
2022-09-15 10:05:00,加仓,1000ETF,512100.XSHG,2.701,1700.0,9668.0,,5.0,2022-09-15,2022-09,"1000ETF
512100.XSHG"
2022-09-15 13:43:00,加仓,创业板ETF易方达,159915.XSHE,2.348,2000.0,19600.0,,9.0,2022-09-15,2022-09,"创业板ETF易方达
159915.XSHE"
2022-09-15 14:04:00,加仓,1000ETF,512100.XSHG,2.619,1800.0,11468.0,,6.0,2022-09-15,2022-09,"1000ETF
512100.XSHG"
2022-09-16 13:25:00,加仓,500ETF,510500.XSHG,6.027,800.0,8960.0,,11.0,2022-09-16,2022-09,"500ETF
510500.XSHG"
2022-09-19 13:50:00,加仓,创业板ETF易方达,159915.XSHE,2.277,2100.0,21700.0,,10.0,2022-09-19,2022-09,"创业板ETF易方达
159915.XSHE"
2022-09-22 09:39:00,加仓,纳指ETF,513100.XSHG,0.828,5800.0,27400.0,,4.0,2022-09-22,2022-09,"纳指ETF
513100.XSHG"
2022-09-23 10:31:00,加仓,1000ETF,512100.XSHG,2.538,1900.0,13368.0,,7.0,2022-09-23,2022-09,"1000ETF
512100.XSHG"
2022-09-23 11:21:00,加仓,500ETF,510500.XSHG,5.846,800.0,9760.0,,12.0,2022-09-23,2022-09,"500ETF
510500.XSHG"
2022-09-30 10:14:00,加仓,1000ETF,512100.XSHG,2.461,1900.0,15268.0,,8.0,2022-09-30,2022-09,"1000ETF
512100.XSHG"
2022-09-30 10:15:00,等级校准,1000ETF,512100.XSHG,,,15268.0,,,2022-09-30,2022-09,"1000ETF
512100.XSHG"
2022-10-10 09:31:00,加仓,纳指ETF,513100.XSHG,0.799,6000.0,33400.0,,5.0,2022-10-10,2022-10,"纳指ETF
513100.XSHG"
2022-10-10 09:34:00,加仓,创业板ETF易方达,159915.XSHE,2.207,2100.0,23800.0,,11.0,2022-10-10,2022-10,"创业板ETF易方达
159915.XSHE"
2022-10-10 09:35:00,等级校准,创业板ETF易方达,159915.XSHE,,,23800.0,,,2022-10-10,2022-10,"创业板ETF易方达
159915.XSHE"
2022-10-10 14:19:00,加仓,500ETF,510500.XSHG,5.67,800.0,10560.0,,13.0,2022-10-10,2022-10,"500ETF
510500.XSHG"
2022-10-10 14:36:00,加仓,1000ETF,512100.XSHG,2.387,2000.0,17268.0,,8.0,2022-10-10,2022-10,"1000ETF
512100.XSHG"
2022-10-12 14:27:00,止盈,1000ETF,512100.XSHG,2.461,2000.0,15268.0,147.51,7.0,2022-10-12,2022-10,"1000ETF
512100.XSHG"
2022-10-12 14:56:00,止盈,创业板ETF易方达,159915.XSHE,2.274,2200.0,21600.0,146.9,10.0,2022-10-12,2022-10,"创业板ETF易方达
159915.XSHE"
2022-10-13 11:22:00,止盈,500ETF,510500.XSHG,5.844,800.0,9760.0,138.73,12.0,2022-10-13,2022-10,"500ETF
510500.XSHG"
2022-10-14 10:01:00,止盈,1000ETF,512100.XSHG,2.536,2000.0,13268.0,149.49,6.0,2022-10-14,2022-10,"1000ETF
512100.XSHG"
2022-10-14 11:07:00,止盈,创业板ETF易方达,159915.XSHE,2.344,2100.0,19500.0,146.51,9.0,2022-10-14,2022-10,"创业板ETF易方达
159915.XSHE"
2022-10-17 13:53:00,止盈,500ETF,510500.XSHG,6.022,800.0,8960.0,141.92,11.0,2022-10-17,2022-10,"500ETF
510500.XSHG"
2022-10-18 13:01:00,止盈,1000ETF,512100.XSHG,2.613,1900.0,11368.0,145.8,5.0,2022-10-18,2022-10,"1000ETF
512100.XSHG"
2022-10-18 13:02:00,止盈,纳指ETF,513100.XSHG,0.825,6200.0,27200.0,160.69,4.0,2022-10-18,2022-10,"纳指ETF
513100.XSHG"
2022-10-20 10:08:00,加仓,1000ETF,512100.XSHG,2.534,1900.0,13268.0,,6.0,2022-10-20,2022-10,"1000ETF
512100.XSHG"
2022-10-20 13:15:00,止盈,1000ETF,512100.XSHG,2.612,1900.0,11368.0,147.7,5.0,2022-10-20,2022-10,"1000ETF
512100.XSHG"
2022-10-24 13:53:00,加仓,创业板ETF易方达,159915.XSHE,2.271,2100.0,21600.0,,10.0,2022-10-24,2022-10,"创业板ETF易方达
159915.XSHE"
2022-10-24 13:54:00,等级校准,创业板ETF易方达,159915.XSHE,,,21600.0,,,2022-10-24,2022-10,"创业板ETF易方达
159915.XSHE"
2022-10-24 14:14:00,加仓,1000ETF,512100.XSHG,2.533,1900.0,13268.0,,6.0,2022-10-24,2022-10,"1000ETF
512100.XSHG"
2022-10-25 09:37:00,加仓,500ETF,510500.XSHG,5.839,800.0,9760.0,,12.0,2022-10-25,2022-10,"500ETF
510500.XSHG"
2022-10-26 10:48:00,止盈,1000ETF,512100.XSHG,2.609,1900.0,11368.0,143.9,5.0,2022-10-26,2022-10,"1000ETF
512100.XSHG"
2022-10-26 10:50:00,止盈,500ETF,510500.XSHG,6.015,800.0,8960.0,140.32,11.0,2022-10-26,2022-10,"500ETF
510500.XSHG"
2022-10-28 10:47:00,加仓,1000ETF,512100.XSHG,2.53,1900.0,13268.0,,6.0,2022-10-28,2022-10,"1000ETF
512100.XSHG"
2022-10-28 13:45:00,加仓,500ETF,510500.XSHG,5.834,800.0,9760.0,,12.0,2022-10-28,2022-10,"500ETF
510500.XSHG"
2022-10-28 13:45:00,加仓,创业板ETF易方达,159915.XSHE,2.202,2200.0,23800.0,,10.0,2022-10-28,2022-10,"创业板ETF易方达
159915.XSHE"
2022-11-01 09:32:00,止盈,纳指ETF,513100.XSHG,0.85,6000.0,21200.0,149.49,3.0,2022-11-01,2022-11,"纳指ETF
513100.XSHG"
2022-11-01 14:51:00,止盈,创业板ETF易方达,159915.XSHE,2.269,2200.0,21600.0,146.9,9.0,2022-11-01,2022-11,"创业板ETF易方达
159915.XSHE"
2022-11-02 11:25:00,止盈,1000ETF,512100.XSHG,2.607,1900.0,11368.0,145.8,5.0,2022-11-02,2022-11,"1000ETF
512100.XSHG"
2022-11-02 13:02:00,止盈,500ETF,510500.XSHG,6.01,800.0,8960.0,140.32,11.0,2022-11-02,2022-11,"500ETF
510500.XSHG"
2022-11-03 09:31:00,加仓,纳指ETF,513100.XSHG,0.812,5800.0,27000.0,,4.0,2022-11-03,2022-11,"纳指ETF
513100.XSHG"
2022-11-04 09:55:00,止盈,创业板ETF易方达,159915.XSHE,2.34,2200.0,19400.0,155.69,9.0,2022-11-04,2022-11,"创业板ETF易方达
159915.XSHE"
2022-11-04 13:05:00,止盈,1000ETF,512100.XSHG,2.686,1900.0,9468.0,149.59,5.0,2022-11-04,2022-11,"1000ETF
512100.XSHG"
2022-11-08 09:57:00,止盈,黄金ETF,518880.XSHG,3.839,1300.0,5700.0,145.1,4.0,2022-11-08,2022-11,"黄金ETF
518880.XSHG"
2022-11-09 10:30:00,止盈,500ETF,510500.XSHG,6.192,800.0,8160.0,145.1,10.0,2022-11-09,2022-11,"500ETF
510500.XSHG"
2022-11-09 14:51:00,止盈,黄金ETF,518880.XSHG,3.957,1300.0,4400.0,152.89,3.0,2022-11-09,2022-11,"黄金ETF
518880.XSHG"
2022-11-11 09:31:00,止盈,纳指ETF,513100.XSHG,0.856,6100.0,20900.0,267.88,3.0,2022-11-11,2022-11,"纳指ETF
513100.XSHG"
2022-11-22 14:12:00,加仓,创业板ETF易方达,159915.XSHE,2.269,2100.0,21500.0,,10.0,2022-11-22,2022-11,"创业板ETF易方达
159915.XSHE"
2022-11-22 14:13:00,等级校准,创业板ETF易方达,159915.XSHE,,,21500.0,,,2022-11-22,2022-11,"创业板ETF易方达
159915.XSHE"
2022-11-23 10:01:00,加仓,1000ETF,512100.XSHG,2.605,1800.0,11268.0,,6.0,2022-11-23,2022-11,"1000ETF
512100.XSHG"
2022-11-23 10:02:00,等级校准,1000ETF,512100.XSHG,,,11268.0,,,2022-11-23,2022-11,"1000ETF
512100.XSHG"
2022-11-28 09:42:00,加仓,500ETF,510500.XSHG,5.999,800.0,8960.0,,11.0,2022-11-28,2022-11,"500ETF
510500.XSHG"
2022-11-28 09:47:00,加仓,创业板ETF易方达,159915.XSHE,2.199,2200.0,23700.0,,10.0,2022-11-28,2022-11,"创业板ETF易方达
159915.XSHE"
2022-11-29 13:01:00,止盈,创业板ETF易方达,159915.XSHE,2.267,2200.0,21500.0,149.1,9.0,2022-11-29,2022-11,"创业板ETF易方达
159915.XSHE"
2022-11-29 13:02:00,止盈,500ETF,510500.XSHG,6.184,800.0,8160.0,147.51,10.0,2022-11-29,2022-11,"500ETF
510500.XSHG"
2022-12-02 10:05:00,止盈,1000ETF,512100.XSHG,2.684,1900.0,9368.0,149.59,5.0,2022-12-02,2022-12,"1000ETF
512100.XSHG"
2022-12-02 10:09:00,止盈,创业板ETF易方达,159915.XSHE,2.336,2200.0,19300.0,151.29,9.0,2022-12-02,2022-12,"创业板ETF易方达
159915.XSHE"
2022-12-07 09:31:00,加仓,纳指ETF,513100.XSHG,0.83,5800.0,26700.0,,4.0,2022-12-07,2022-12,"纳指ETF
513100.XSHG"
2022-12-16 10:00:00,加仓,1000ETF,512100.XSHG,2.603,1800.0,11168.0,,6.0,2022-12-16,2022-12,"1000ETF
512100.XSHG"
2022-12-16 10:01:00,等级校准,1000ETF,512100.XSHG,,,11168.0,,,2022-12-16,2022-12,"1000ETF
512100.XSHG"
2022-12-19 13:13:00,加仓,500ETF,510500.XSHG,5.996,800.0,8960.0,,11.0,2022-12-19,2022-12,"500ETF
510500.XSHG"
2022-12-20 09:32:00,加仓,创业板ETF易方达,159915.XSHE,2.264,2100.0,21400.0,,10.0,2022-12-20,2022-12,"创业板ETF易方达
159915.XSHE"
2022-12-20 09:33:00,等级校准,创业板ETF易方达,159915.XSHE,,,21400.0,,,2022-12-20,2022-12,"创业板ETF易方达
159915.XSHE"
2022-12-20 11:06:00,加仓,纳指ETF,513100.XSHG,0.805,6000.0,32700.0,,5.0,2022-12-20,2022-12,"纳指ETF
513100.XSHG"
2022-12-21 09:45:00,加仓,1000ETF,512100.XSHG,2.524,1900.0,13068.0,,6.0,2022-12-21,2022-12,"1000ETF
512100.XSHG"
2022-12-22 14:06:00,加仓,500ETF,510500.XSHG,5.814,800.0,9760.0,,12.0,2022-12-22,2022-12,"500ETF
510500.XSHG"
2022-12-23 14:12:00,加仓,1000ETF,512100.XSHG,2.448,1900.0,14968.0,,7.0,2022-12-23,2022-12,"1000ETF
512100.XSHG"
2022-12-27 13:33:00,止盈,1000ETF,512100.XSHG,2.522,2000.0,12968.0,147.5,6.0,2022-12-27,2022-12,"1000ETF
512100.XSHG"
2023-01-05 09:42:00,止盈,500ETF,510500.XSHG,5.991,800.0,8960.0,141.12,11.0,2023-01-05,2023-01,"500ETF
510500.XSHG"
2023-01-05 14:35:00,止盈,创业板ETF易方达,159915.XSHE,2.332,2200.0,19200.0,149.09,9.0,2023-01-05,2023-01,"创业板ETF易方达
159915.XSHE"
2023-01-06 09:38:00,止盈,1000ETF,512100.XSHG,2.598,1900.0,11068.0,143.91,5.0,2023-01-06,2023-01,"1000ETF
512100.XSHG"
2023-01-10 13:42:00,止盈,创业板ETF易方达,159915.XSHE,2.402,2100.0,17100.0,146.5,8.0,2023-01-10,2023-01,"创业板ETF易方达
159915.XSHE"
2023-01-16 10:39:00,止盈,500ETF,510500.XSHG,6.172,800.0,8160.0,144.31,10.0,2023-01-16,2023-01,"500ETF
510500.XSHG"
2023-01-16 10:44:00,止盈,创业板ETF易方达,159915.XSHE,2.475,2000.0,15100.0,145.5,7.0,2023-01-16,2023-01,"创业板ETF易方达
159915.XSHE"
2023-01-20 09:31:00,止盈,黄金ETF,518880.XSHG,4.105,1200.0,3200.0,177.11,2.0,2023-01-20,2023-01,"黄金ETF
518880.XSHG"
2023-01-20 09:31:00,止盈,1000ETF,512100.XSHG,2.681,1900.0,9168.0,157.19,5.0,2023-01-20,2023-01,"1000ETF
512100.XSHG"
2023-01-30 09:31:00,止盈,纳指ETF,513100.XSHG,0.844,6200.0,26500.0,241.28,4.0,2023-01-30,2023-01,"纳指ETF
513100.XSHG"
2023-01-30 09:31:00,止盈,500ETF,510500.XSHG,6.366,800.0,7360.0,154.69,10.0,2023-01-30,2023-01,"500ETF
510500.XSHG"
2023-01-30 09:31:00,止盈,创业板ETF易方达,159915.XSHE,2.574,2000.0,13100.0,197.49,6.0,2023-01-30,2023-01,"创业板ETF易方达
159915.XSHE"
2023-02-01 10:45:00,加仓,创业板ETF易方达,159915.XSHE,2.496,1900.0,15000.0,,7.0,2023-02-01,2023-02,"创业板ETF易方达
159915.XSHE"
2023-02-02 09:31:00,止盈,1000ETF,512100.XSHG,2.765,1800.0,7368.0,150.7,4.0,2023-02-02,2023-02,"1000ETF
512100.XSHG"
2023-02-03 09:31:00,止盈,纳指ETF,513100.XSHG,0.873,5900.0,20600.0,170.58,3.0,2023-02-03,2023-02,"纳指ETF
513100.XSHG"
2023-02-17 09:46:00,加仓,创业板ETF易方达,159915.XSHE,2.421,2000.0,17000.0,,8.0,2023-02-17,2023-02,"创业板ETF易方达
159915.XSHE"
2023-02-27 09:31:00,加仓,创业板ETF易方达,159915.XSHE,2.347,2000.0,19000.0,,9.0,2023-02-27,2023-02,"创业板ETF易方达
159915.XSHE"
2023-03-02 09:31:00,加仓,纳指ETF,513100.XSHG,0.845,5700.0,26300.0,,4.0,2023-03-02,2023-03,"纳指ETF
513100.XSHG"
2023-03-06 10:39:00,止盈,纳指ETF,513100.XSHG,0.871,5900.0,20400.0,152.89,3.0,2023-03-06,2023-03,"纳指ETF
513100.XSHG"
2023-03-13 09:31:00,加仓,纳指ETF,513100.XSHG,0.844,5700.0,26100.0,,4.0,2023-03-13,2023-03,"纳指ETF
513100.XSHG"
2023-03-13 10:36:00,加仓,创业板ETF易方达,159915.XSHE,2.276,2100.0,21100.0,,10.0,2023-03-13,2023-03,"创业板ETF易方达
159915.XSHE"
2023-03-14 10:57:00,加仓,500ETF,510500.XSHG,6.173,700.0,8060.0,,11.0,2023-03-14,2023-03,"500ETF
510500.XSHG"
2023-03-14 10:58:00,等级校准,500ETF,510500.XSHG,,,8060.0,,,2023-03-14,2023-03,"500ETF
510500.XSHG"
2023-03-14 11:04:00,加仓,1000ETF,512100.XSHG,2.682,1800.0,9168.0,,5.0,2023-03-14,2023-03,"1000ETF
512100.XSHG"
2023-03-17 09:31:00,止盈,纳指ETF,513100.XSHG,0.884,5900.0,20200.0,235.48,3.0,2023-03-17,2023-03,"纳指ETF
513100.XSHG"
2023-03-20 09:31:00,止盈,黄金ETF,518880.XSHG,4.271,1200.0,2000.0,198.69,1.0,2023-03-20,2023-03,"黄金ETF
518880.XSHG"
2023-03-31 09:31:00,止盈,纳指ETF,513100.XSHG,0.912,5600.0,14600.0,156.29,2.0,2023-03-31,2023-03,"纳指ETF
513100.XSHG"
2023-03-31 14:15:00,止盈,500ETF,510500.XSHG,6.359,800.0,7260.0,148.29,10.0,2023-03-31,2023-03,"500ETF
510500.XSHG"
2023-04-03 09:54:00,止盈,创业板ETF易方达,159915.XSHE,2.346,2100.0,19000.0,146.51,9.0,2023-04-03,2023-04,"创业板ETF易方达
159915.XSHE"
2023-04-03 13:06:00,止盈,1000ETF,512100.XSHG,2.764,1800.0,7368.0,147.1,4.0,2023-04-03,2023-04,"1000ETF
512100.XSHG"
2023-04-21 14:31:00,加仓,创业板ETF易方达,159915.XSHE,2.275,2100.0,21100.0,,10.0,2023-04-21,2023-04,"创业板ETF易方达
159915.XSHE"
2023-04-24 14:17:00,加仓,1000ETF,512100.XSHG,2.681,1800.0,9168.0,,5.0,2023-04-24,2023-04,"1000ETF
512100.XSHG"
2023-04-25 09:55:00,加仓,创业板ETF易方达,159915.XSHE,2.206,2100.0,23200.0,,11.0,2023-04-25,2023-04,"创业板ETF易方达
159915.XSHE"
2023-04-25 09:56:00,等级校准,创业板ETF易方达,159915.XSHE,,,23200.0,,,2023-04-25,2023-04,"创业板ETF易方达
159915.XSHE"
2023-04-25 10:21:00,加仓,500ETF,510500.XSHG,6.167,700.0,7960.0,,11.0,2023-04-25,2023-04,"500ETF
510500.XSHG"
2023-04-25 10:22:00,等级校准,500ETF,510500.XSHG,,,7960.0,,,2023-04-25,2023-04,"500ETF
510500.XSHG"
2023-05-04 09:31:00,止盈,黄金ETF,518880.XSHG,4.41,1100.0,900.0,152.41,1.0,2023-05-04,2023-05,"黄金ETF
518880.XSHG"
2023-05-11 09:31:00,止盈,纳指ETF,513100.XSHG,0.94,5400.0,9200.0,150.69,1.0,2023-05-11,2023-05,"纳指ETF
513100.XSHG"
2023-05-15 10:25:00,加仓,1000ETF,512100.XSHG,2.6,1800.0,10968.0,,6.0,2023-05-15,2023-05,"1000ETF
512100.XSHG"
2023-05-15 10:26:00,等级校准,1000ETF,512100.XSHG,,,10968.0,,,2023-05-15,2023-05,"1000ETF
512100.XSHG"
2023-05-18 13:17:00,止盈,纳指ETF,513100.XSHG,0.969,5300.0,3900.0,153.19,1.0,2023-05-18,2023-05,"纳指ETF
513100.XSHG"
2023-05-23 11:17:00,止盈（部分）,纳指ETF,513100.XSHG,1.0,3900.0,0.0,120.51,0.0,2023-05-23,2023-05,"纳指ETF
513100.XSHG"
2023-05-23 11:17:00,清仓,纳指ETF,513100.XSHG,,,,,0.0,2023-05-23,2023-05,"纳指ETF
513100.XSHG"
2023-05-23 11:18:00,重装建仓,纳指ETF,513100.XSHG,0.995,50200.0,50200.0,,,2023-05-23,2023-05,"纳指ETF
513100.XSHG"
2023-05-23 11:19:00,底仓到账,纳指ETF,513100.XSHG,,,50200.0,,10.0,2023-05-23,2023-05,"纳指ETF
513100.XSHG"
2023-05-25 11:23:00,加仓,500ETF,510500.XSHG,5.98,800.0,8760.0,,10.0,2023-05-25,2023-05,"500ETF
510500.XSHG"
2023-05-29 09:31:00,止盈,纳指ETF,513100.XSHG,1.029,5000.0,45200.0,169.49,9.0,2023-05-29,2023-05,"纳指ETF
513100.XSHG"
2023-05-29 11:01:00,加仓,创业板ETF易方达,159915.XSHE,2.138,2200.0,25400.0,,11.0,2023-05-29,2023-05,"创业板ETF易方达
159915.XSHE"
2023-06-02 11:01:00,止盈,500ETF,510500.XSHG,6.16,800.0,7960.0,143.51,9.0,2023-06-02,2023-06,"500ETF
510500.XSHG"
2023-06-07 14:27:00,加仓,创业板ETF易方达,159915.XSHE,2.073,2300.0,27700.0,,12.0,2023-06-07,2023-06,"创业板ETF易方达
159915.XSHE"
2023-06-07 14:28:00,等级校准,创业板ETF易方达,159915.XSHE,,,27700.0,,,2023-06-07,2023-06,"创业板ETF易方达
159915.XSHE"
2023-06-13 09:30:00,止盈,纳指ETF,513100.XSHG,1.06,4800.0,40400.0,148.29,8.0,2023-06-13,2023-06,"纳指ETF
513100.XSHG"
2023-06-15 09:31:00,止盈,纳指ETF,513100.XSHG,1.093,4700.0,35700.0,154.59,7.0,2023-06-15,2023-06,"纳指ETF
513100.XSHG"
2023-06-15 09:58:00,止盈,创业板ETF易方达,159915.XSHE,2.137,2400.0,25300.0,153.09,11.0,2023-06-15,2023-06,"创业板ETF易方达
159915.XSHE"
2023-06-16 13:22:00,止盈,创业板ETF易方达,159915.XSHE,2.203,2300.0,23000.0,151.29,10.0,2023-06-16,2023-06,"创业板ETF易方达
159915.XSHE"
2023-06-19 09:32:00,止盈,1000ETF,512100.XSHG,2.68,1900.0,9068.0,151.49,5.0,2023-06-19,2023-06,"1000ETF
512100.XSHG"
2023-06-26 09:52:00,加仓,创业板ETF易方达,159915.XSHE,2.136,2200.0,25200.0,,11.0,2023-06-26,2023-06,"创业板ETF易方达
159915.XSHE"
2023-06-26 09:53:00,等级校准,创业板ETF易方达,159915.XSHE,,,25200.0,,,2023-06-26,2023-06,"创业板ETF易方达
159915.XSHE"
2023-06-26 10:21:00,加仓,1000ETF,512100.XSHG,2.599,1800.0,10868.0,,6.0,2023-06-26,2023-06,"1000ETF
512100.XSHG"
2023-06-26 10:22:00,等级校准,1000ETF,512100.XSHG,,,10868.0,,,2023-06-26,2023-06,"1000ETF
512100.XSHG"
2023-06-26 10:42:00,加仓,500ETF,510500.XSHG,5.975,800.0,8760.0,,10.0,2023-06-26,2023-06,"500ETF
510500.XSHG"
2023-07-14 09:31:00,止盈,纳指ETF,513100.XSHG,1.129,4500.0,31200.0,161.49,7.0,2023-07-14,2023-07,"纳指ETF
513100.XSHG"
2023-07-19 14:54:00,止盈,纳指ETF,513100.XSHG,1.163,4400.0,26800.0,149.09,6.0,2023-07-19,2023-07,"纳指ETF
513100.XSHG"
2023-07-21 09:31:00,加仓,纳指ETF,513100.XSHG,1.124,4200.0,31000.0,,7.0,2023-07-21,2023-07,"纳指ETF
513100.XSHG"
2023-07-28 14:20:00,止盈,500ETF,510500.XSHG,6.156,800.0,7960.0,144.31,9.0,2023-07-28,2023-07,"500ETF
510500.XSHG"
2023-08-04 09:31:00,止盈,创业板ETF易方达,159915.XSHE,2.21,2300.0,22900.0,169.69,10.0,2023-08-04,2023-08,"创业板ETF易方达
159915.XSHE"
2023-08-11 14:29:00,加仓,创业板ETF易方达,159915.XSHE,2.143,2200.0,25100.0,,11.0,2023-08-11,2023-08,"创业板ETF易方达
159915.XSHE"
2023-08-11 14:30:00,等级校准,创业板ETF易方达,159915.XSHE,,,25100.0,,,2023-08-11,2023-08,"创业板ETF易方达
159915.XSHE"
2023-08-14 09:31:00,加仓,1000ETF,512100.XSHG,2.52,1900.0,12768.0,,6.0,2023-08-14,2023-08,"1000ETF
512100.XSHG"
2023-08-14 09:36:00,加仓,500ETF,510500.XSHG,5.971,800.0,8760.0,,10.0,2023-08-14,2023-08,"500ETF
510500.XSHG"
2023-08-17 09:31:00,加仓,创业板ETF易方达,159915.XSHE,2.077,2300.0,27400.0,,11.0,2023-08-17,2023-08,"创业板ETF易方达
159915.XSHE"
2023-08-18 09:31:00,加仓,纳指ETF,513100.XSHG,1.086,4400.0,35400.0,,8.0,2023-08-18,2023-08,"纳指ETF
513100.XSHG"
2023-08-18 09:32:00,等级校准,纳指ETF,513100.XSHG,,,35400.0,,,2023-08-18,2023-08,"纳指ETF
513100.XSHG"
2023-08-21 14:33:00,加仓,1000ETF,512100.XSHG,2.444,1900.0,14668.0,,7.0,2023-08-21,2023-08,"1000ETF
512100.XSHG"
2023-08-22 11:10:00,加仓,创业板ETF易方达,159915.XSHE,2.013,2400.0,29800.0,,12.0,2023-08-22,2023-08,"创业板ETF易方达
159915.XSHE"
2023-08-22 11:11:00,加仓,500ETF,510500.XSHG,5.791,800.0,9560.0,,11.0,2023-08-22,2023-08,"500ETF
510500.XSHG"
2023-08-24 09:31:00,止盈,纳指ETF,513100.XSHG,1.13,4600.0,30800.0,201.88,7.0,2023-08-24,2023-08,"纳指ETF
513100.XSHG"
2023-08-25 09:31:00,加仓,纳指ETF,513100.XSHG,1.096,4400.0,35200.0,,8.0,2023-08-25,2023-08,"纳指ETF
513100.XSHG"
2023-08-25 09:32:00,等级校准,纳指ETF,513100.XSHG,,,35200.0,,,2023-08-25,2023-08,"纳指ETF
513100.XSHG"
2023-08-25 13:48:00,加仓,1000ETF,512100.XSHG,2.368,2000.0,16668.0,,8.0,2023-08-25,2023-08,"1000ETF
512100.XSHG"
2023-08-25 13:49:00,等级校准,1000ETF,512100.XSHG,,,16668.0,,,2023-08-25,2023-08,"1000ETF
512100.XSHG"
2023-08-28 09:31:00,止盈,500ETF,510500.XSHG,5.974,800.0,8760.0,145.92,10.0,2023-08-28,2023-08,"500ETF
510500.XSHG"
2023-08-28 09:31:00,止盈,1000ETF,512100.XSHG,2.501,2100.0,14568.0,278.77,7.0,2023-08-28,2023-08,"1000ETF
512100.XSHG"
2023-08-28 09:31:00,止盈,创业板ETF易方达,159915.XSHE,2.124,2400.0,27400.0,265.89,11.0,2023-08-28,2023-08,"创业板ETF易方达
159915.XSHE"
2023-08-28 09:38:00,加仓,创业板ETF易方达,159915.XSHE,2.056,2300.0,29700.0,,12.0,2023-08-28,2023-08,"创业板ETF易方达
159915.XSHE"
2023-08-28 10:24:00,加仓,1000ETF,512100.XSHG,2.425,1900.0,16468.0,,8.0,2023-08-28,2023-08,"1000ETF
512100.XSHG"
2023-08-28 13:13:00,加仓,500ETF,510500.XSHG,5.793,800.0,9560.0,,11.0,2023-08-28,2023-08,"500ETF
510500.XSHG"
2023-08-30 09:31:00,止盈,纳指ETF,513100.XSHG,1.135,4500.0,30700.0,174.99,6.0,2023-08-30,2023-08,"纳指ETF
513100.XSHG"
2023-09-08 09:55:00,加仓,创业板ETF易方达,159915.XSHE,1.994,2400.0,32100.0,,13.0,2023-09-08,2023-09,"创业板ETF易方达
159915.XSHE"
2023-09-08 09:56:00,等级校准,创业板ETF易方达,159915.XSHE,,,32100.0,,,2023-09-08,2023-09,"创业板ETF易方达
159915.XSHE"
2023-09-11 10:12:00,止盈（部分）,黄金ETF,518880.XSHG,4.544,900.0,0.0,120.19,0.0,2023-09-11,2023-09,"黄金ETF
518880.XSHG"
2023-09-11 10:12:00,清仓,黄金ETF,518880.XSHG,,,,,0.0,2023-09-11,2023-09,"黄金ETF
518880.XSHG"
2023-09-11 10:13:00,重装建仓,黄金ETF,518880.XSHG,4.546,10900.0,10900.0,,,2023-09-11,2023-09,"黄金ETF
518880.XSHG"
2023-09-11 10:14:00,底仓到账,黄金ETF,518880.XSHG,,,10900.0,,10.0,2023-09-11,2023-09,"黄金ETF
518880.XSHG"
2023-09-12 11:09:00,止盈,1000ETF,512100.XSHG,2.498,2000.0,14468.0,145.5,7.0,2023-09-12,2023-09,"1000ETF
512100.XSHG"
2023-09-19 10:05:00,加仓,1000ETF,512100.XSHG,2.423,2000.0,16468.0,,8.0,2023-09-19,2023-09,"1000ETF
512100.XSHG"
2023-09-21 09:31:00,加仓,创业板ETF易方达,159915.XSHE,1.931,2500.0,34600.0,,13.0,2023-09-21,2023-09,"创业板ETF易方达
159915.XSHE"
2023-09-21 13:28:00,加仓,纳指ETF,513100.XSHG,1.1,4400.0,35100.0,,7.0,2023-09-21,2023-09,"纳指ETF
513100.XSHG"
2023-10-09 09:31:00,加仓,黄金ETF,518880.XSHG,4.403,1000.0,11900.0,,11.0,2023-10-09,2023-10,"黄金ETF
518880.XSHG"
2023-10-09 09:32:00,等级校准,黄金ETF,518880.XSHG,,,11900.0,,,2023-10-09,2023-10,"黄金ETF
518880.XSHG"
2023-10-18 14:21:00,加仓,500ETF,510500.XSHG,5.619,800.0,10360.0,,12.0,2023-10-18,2023-10,"500ETF
510500.XSHG"
2023-10-19 09:31:00,止盈,黄金ETF,518880.XSHG,4.548,1100.0,10800.0,159.0,10.0,2023-10-19,2023-10,"黄金ETF
518880.XSHG"
2023-10-19 11:28:00,加仓,创业板ETF易方达,159915.XSHE,1.873,2500.0,37100.0,,14.0,2023-10-19,2023-10,"创业板ETF易方达
159915.XSHE"
2023-10-19 14:49:00,加仓,1000ETF,512100.XSHG,2.349,2000.0,18468.0,,9.0,2023-10-19,2023-10,"1000ETF
512100.XSHG"
2023-10-19 14:50:00,等级校准,1000ETF,512100.XSHG,,,18468.0,,,2023-10-19,2023-10,"1000ETF
512100.XSHG"
2023-10-23 09:50:00,加仓,500ETF,510500.XSHG,5.447,800.0,11160.0,,13.0,2023-10-23,2023-10,"500ETF
510500.XSHG"
2023-10-23 09:51:00,等级校准,500ETF,510500.XSHG,,,11160.0,,,2023-10-23,2023-10,"500ETF
510500.XSHG"
2023-10-23 13:46:00,加仓,1000ETF,512100.XSHG,2.278,2100.0,20568.0,,9.0,2023-10-23,2023-10,"1000ETF
512100.XSHG"
2023-10-23 14:06:00,加仓,创业板ETF易方达,159915.XSHE,1.816,2600.0,39700.0,,15.0,2023-10-23,2023-10,"创业板ETF易方达
159915.XSHE"
2023-10-23 14:07:00,等级校准,创业板ETF易方达,159915.XSHE,,,39700.0,,,2023-10-23,2023-10,"创业板ETF易方达
159915.XSHE"
2023-10-26 09:31:00,加仓,纳指ETF,513100.XSHG,1.053,4500.0,39600.0,,8.0,2023-10-26,2023-10,"纳指ETF
513100.XSHG"
2023-10-27 10:21:00,止盈,1000ETF,512100.XSHG,2.348,2100.0,18468.0,146.51,8.0,2023-10-27,2023-10,"1000ETF
512100.XSHG"
2023-10-27 13:46:00,止盈,创业板ETF易方达,159915.XSHE,1.871,2700.0,37000.0,147.99,14.0,2023-10-27,2023-10,"创业板ETF易方达
159915.XSHE"
2023-10-27 14:09:00,止盈,500ETF,510500.XSHG,5.611,900.0,10260.0,147.1,12.0,2023-10-27,2023-10,"500ETF
510500.XSHG"
2023-10-30 13:42:00,止盈,创业板ETF易方达,159915.XSHE,1.928,2600.0,34400.0,147.7,13.0,2023-10-30,2023-10,"创业板ETF易方达
159915.XSHE"
2023-10-30 14:17:00,止盈,1000ETF,512100.XSHG,2.419,2100.0,16368.0,148.59,8.0,2023-10-30,2023-10,"1000ETF
512100.XSHG"
2023-11-02 09:31:00,止盈,纳指ETF,513100.XSHG,1.09,4700.0,34900.0,173.39,7.0,2023-11-02,2023-11,"纳指ETF
513100.XSHG"
2023-11-08 11:03:00,止盈,纳指ETF,513100.XSHG,1.123,4500.0,30400.0,147.99,6.0,2023-11-08,2023-11,"纳指ETF
513100.XSHG"
2023-11-14 09:46:00,止盈,1000ETF,512100.XSHG,2.492,2000.0,14368.0,145.5,7.0,2023-11-14,2023-11,"1000ETF
512100.XSHG"
2023-11-15 09:31:00,止盈,纳指ETF,513100.XSHG,1.165,4400.0,26000.0,184.29,6.0,2023-11-15,2023-11,"纳指ETF
513100.XSHG"
2023-11-15 09:38:00,止盈,500ETF,510500.XSHG,5.78,800.0,9460.0,134.74,11.0,2023-11-15,2023-11,"500ETF
510500.XSHG"
2023-11-27 11:06:00,加仓,创业板ETF易方达,159915.XSHE,1.87,2500.0,36900.0,,14.0,2023-11-27,2023-11,"创业板ETF易方达
159915.XSHE"
2023-11-30 13:57:00,加仓,500ETF,510500.XSHG,5.606,800.0,10260.0,,12.0,2023-11-30,2023-11,"500ETF
510500.XSHG"
2023-12-05 14:51:00,加仓,1000ETF,512100.XSHG,2.417,2000.0,16368.0,,8.0,2023-12-05,2023-12,"1000ETF
512100.XSHG"
2023-12-14 09:31:00,止盈,纳指ETF,513100.XSHG,1.203,4200.0,21800.0,159.09,5.0,2023-12-14,2023-12,"纳指ETF
513100.XSHG"
2023-12-14 14:51:00,加仓,创业板ETF易方达,159915.XSHE,1.813,2600.0,39500.0,,15.0,2023-12-14,2023-12,"创业板ETF易方达
159915.XSHE"
2023-12-14 14:52:00,等级校准,创业板ETF易方达,159915.XSHE,,,39500.0,,,2023-12-14,2023-12,"创业板ETF易方达
159915.XSHE"
2023-12-20 11:18:00,加仓,1000ETF,512100.XSHG,2.344,2000.0,18368.0,,9.0,2023-12-20,2023-12,"1000ETF
512100.XSHG"
2023-12-20 11:19:00,等级校准,1000ETF,512100.XSHG,,,18368.0,,,2023-12-20,2023-12,"1000ETF
512100.XSHG"
2023-12-20 13:10:00,加仓,500ETF,510500.XSHG,5.437,800.0,11060.0,,13.0,2023-12-20,2023-12,"500ETF
510500.XSHG"
2023-12-20 13:11:00,等级校准,500ETF,510500.XSHG,,,11060.0,,,2023-12-20,2023-12,"500ETF
510500.XSHG"
2023-12-20 14:50:00,加仓,创业板ETF易方达,159915.XSHE,1.758,2700.0,42200.0,,15.0,2023-12-20,2023-12,"创业板ETF易方达
159915.XSHE"
2023-12-26 13:25:00,加仓,1000ETF,512100.XSHG,2.272,2100.0,20468.0,,9.0,2023-12-26,2023-12,"1000ETF
512100.XSHG"
2023-12-28 09:56:00,止盈,黄金ETF,518880.XSHG,4.686,1000.0,9800.0,137.53,9.0,2023-12-28,2023-12,"黄金ETF
518880.XSHG"
2023-12-28 10:46:00,止盈,创业板ETF易方达,159915.XSHE,1.812,2800.0,39400.0,150.69,14.0,2023-12-28,2023-12,"创业板ETF易方达
159915.XSHE"
2023-12-28 13:40:00,止盈,1000ETF,512100.XSHG,2.343,2200.0,18268.0,155.68,8.0,2023-12-28,2023-12,"1000ETF
512100.XSHG"
2024-01-04 10:41:00,加仓,创业板ETF易方达,159915.XSHE,1.757,2700.0,42100.0,,15.0,2024-01-04,2024-01,"创业板ETF易方达
159915.XSHE"
2024-01-08 09:31:00,加仓,1000ETF,512100.XSHG,2.271,2100.0,20368.0,,9.0,2024-01-08,2024-01,"1000ETF
512100.XSHG"
2024-01-08 13:41:00,加仓,创业板ETF易方达,159915.XSHE,1.704,2800.0,44900.0,,16.0,2024-01-08,2024-01,"创业板ETF易方达
159915.XSHE"
2024-01-08 13:42:00,等级校准,创业板ETF易方达,159915.XSHE,,,44900.0,,,2024-01-08,2024-01,"创业板ETF易方达
159915.XSHE"
2024-01-08 13:44:00,加仓,500ETF,510500.XSHG,5.272,900.0,11960.0,,13.0,2024-01-08,2024-01,"500ETF
510500.XSHG"
2024-01-10 09:40:00,加仓,1000ETF,512100.XSHG,2.201,2200.0,22568.0,,10.0,2024-01-10,2024-01,"1000ETF
512100.XSHG"
2024-01-11 13:48:00,止盈,1000ETF,512100.XSHG,2.268,2200.0,20368.0,146.9,9.0,2024-01-11,2024-01,"1000ETF
512100.XSHG"
2024-01-17 13:26:00,加仓,1000ETF,512100.XSHG,2.199,2200.0,22568.0,,10.0,2024-01-17,2024-01,"1000ETF
512100.XSHG"
2024-01-18 09:31:00,加仓,创业板ETF易方达,159915.XSHE,1.646,2900.0,47800.0,,16.0,2024-01-18,2024-01,"创业板ETF易方达
159915.XSHE"
2024-01-18 09:32:00,等级校准,创业板ETF易方达,159915.XSHE,,,47800.0,,,2024-01-18,2024-01,"创业板ETF易方达
159915.XSHE"
2024-01-18 09:33:00,加仓,500ETF,510500.XSHG,5.112,900.0,12860.0,,14.0,2024-01-18,2024-01,"500ETF
510500.XSHG"
2024-01-18 10:11:00,加仓,1000ETF,512100.XSHG,2.133,2200.0,24768.0,,11.0,2024-01-18,2024-01,"1000ETF
512100.XSHG"
2024-01-18 10:12:00,等级校准,1000ETF,512100.XSHG,,,24768.0,,,2024-01-18,2024-01,"1000ETF
512100.XSHG"
2024-01-19 09:39:00,止盈,纳指ETF,513100.XSHG,1.24,4100.0,17700.0,151.19,4.0,2024-01-19,2024-01,"纳指ETF
513100.XSHG"
2024-01-22 13:04:00,加仓,1000ETF,512100.XSHG,2.068,2300.0,27068.0,,11.0,2024-01-22,2024-01,"1000ETF
512100.XSHG"
2024-01-22 13:20:00,加仓,500ETF,510500.XSHG,4.957,900.0,13760.0,,15.0,2024-01-22,2024-01,"500ETF
510500.XSHG"
2024-01-22 13:21:00,等级校准,500ETF,510500.XSHG,,,13760.0,,,2024-01-22,2024-01,"500ETF
510500.XSHG"
2024-01-22 13:27:00,止盈,纳指ETF,513100.XSHG,1.278,4000.0,13700.0,151.49,3.0,2024-01-22,2024-01,"纳指ETF
513100.XSHG"
2024-01-22 14:45:00,加仓,1000ETF,512100.XSHG,2.004,2400.0,29468.0,,12.0,2024-01-22,2024-01,"1000ETF
512100.XSHG"
2024-01-23 09:32:00,加仓,500ETF,510500.XSHG,4.807,1000.0,14760.0,,14.0,2024-01-23,2024-01,"500ETF
510500.XSHG"
2024-01-23 13:24:00,止盈,500ETF,510500.XSHG,4.955,1000.0,13760.0,147.5,13.0,2024-01-23,2024-01,"500ETF
510500.XSHG"
2024-01-24 14:38:00,止盈,1000ETF,512100.XSHG,2.066,2400.0,27068.0,148.3,11.0,2024-01-24,2024-01,"1000ETF
512100.XSHG"
2024-01-25 10:38:00,止盈,500ETF,510500.XSHG,5.105,1000.0,12760.0,149.49,14.0,2024-01-25,2024-01,"500ETF
510500.XSHG"
2024-01-25 13:13:00,止盈,1000ETF,512100.XSHG,2.128,2400.0,24668.0,148.29,10.0,2024-01-25,2024-01,"1000ETF
512100.XSHG"
2024-01-29 13:07:00,加仓,创业板ETF易方达,159915.XSHE,1.596,3000.0,50800.0,,16.0,2024-01-29,2024-01,"创业板ETF易方达
159915.XSHE"
2024-01-29 14:57:00,加仓,1000ETF,512100.XSHG,2.064,2300.0,26968.0,,11.0,2024-01-29,2024-01,"1000ETF
512100.XSHG"
2024-01-30 14:20:00,加仓,500ETF,510500.XSHG,4.95,900.0,13660.0,,15.0,2024-01-30,2024-01,"500ETF
510500.XSHG"
2024-01-30 14:21:00,等级校准,500ETF,510500.XSHG,,,13660.0,,,2024-01-30,2024-01,"500ETF
510500.XSHG"
2024-01-30 14:46:00,加仓,创业板ETF易方达,159915.XSHE,1.548,3100.0,53900.0,,17.0,2024-01-30,2024-01,"创业板ETF易方达
159915.XSHE"
2024-01-30 14:47:00,等级校准,创业板ETF易方达,159915.XSHE,,,53900.0,,,2024-01-30,2024-01,"创业板ETF易方达
159915.XSHE"
2024-01-30 14:53:00,加仓,1000ETF,512100.XSHG,2.002,2400.0,29368.0,,12.0,2024-01-30,2024-01,"1000ETF
512100.XSHG"
2024-01-31 10:26:00,加仓,500ETF,510500.XSHG,4.8,1000.0,14660.0,,14.0,2024-01-31,2024-01,"500ETF
510500.XSHG"
2024-01-31 10:30:00,加仓,1000ETF,512100.XSHG,1.941,2400.0,31768.0,,13.0,2024-01-31,2024-01,"1000ETF
512100.XSHG"
2024-01-31 10:31:00,等级校准,1000ETF,512100.XSHG,,,31768.0,,,2024-01-31,2024-01,"1000ETF
512100.XSHG"
2024-02-02 11:14:00,加仓,1000ETF,512100.XSHG,1.882,2500.0,34268.0,,13.0,2024-02-02,2024-02,"1000ETF
512100.XSHG"
2024-02-02 13:10:00,加仓,500ETF,510500.XSHG,4.654,1000.0,15660.0,,15.0,2024-02-02,2024-02,"500ETF
510500.XSHG"
2024-02-02 14:01:00,加仓,1000ETF,512100.XSHG,1.825,2600.0,36868.0,,14.0,2024-02-02,2024-02,"1000ETF
512100.XSHG"
2024-02-02 14:01:00,加仓,创业板ETF易方达,159915.XSHE,1.501,3200.0,57100.0,,17.0,2024-02-02,2024-02,"创业板ETF易方达
159915.XSHE"
2024-02-02 14:02:00,等级校准,1000ETF,512100.XSHG,,,36868.0,,,2024-02-02,2024-02,"1000ETF
512100.XSHG"
2024-02-02 14:25:00,加仓,500ETF,510500.XSHG,4.513,1000.0,16660.0,,16.0,2024-02-02,2024-02,"500ETF
510500.XSHG"
2024-02-02 14:26:00,等级校准,500ETF,510500.XSHG,,,16660.0,,,2024-02-02,2024-02,"500ETF
510500.XSHG"
2024-02-02 14:36:00,止盈,500ETF,510500.XSHG,4.653,1100.0,15560.0,153.49,15.0,2024-02-02,2024-02,"500ETF
510500.XSHG"
2024-02-05 09:46:00,加仓,1000ETF,512100.XSHG,1.77,2700.0,39568.0,,14.0,2024-02-05,2024-02,"1000ETF
512100.XSHG"
2024-02-05 09:48:00,加仓,500ETF,510500.XSHG,4.513,1000.0,16560.0,,16.0,2024-02-05,2024-02,"500ETF
510500.XSHG"
2024-02-05 09:49:00,等级校准,500ETF,510500.XSHG,,,16560.0,,,2024-02-05,2024-02,"500ETF
510500.XSHG"
2024-02-05 10:20:00,加仓,1000ETF,512100.XSHG,1.714,2800.0,42368.0,,15.0,2024-02-05,2024-02,"1000ETF
512100.XSHG"
2024-02-05 10:21:00,等级校准,1000ETF,512100.XSHG,,,42368.0,,,2024-02-05,2024-02,"1000ETF
512100.XSHG"
2024-02-05 10:50:00,加仓,创业板ETF易方达,159915.XSHE,1.455,3300.0,60400.0,,18.0,2024-02-05,2024-02,"创业板ETF易方达
159915.XSHE"
2024-02-05 10:51:00,加仓,500ETF,510500.XSHG,4.366,1100.0,17660.0,,16.0,2024-02-05,2024-02,"500ETF
510500.XSHG"
2024-02-05 10:51:00,等级校准,创业板ETF易方达,159915.XSHE,,,60400.0,,,2024-02-05,2024-02,"创业板ETF易方达
159915.XSHE"
2024-02-05 13:17:00,止盈,创业板ETF易方达,159915.XSHE,1.501,3400.0,57000.0,155.89,17.0,2024-02-05,2024-02,"创业板ETF易方达
159915.XSHE"
2024-02-05 13:19:00,止盈,500ETF,510500.XSHG,4.505,1100.0,16560.0,152.4,15.0,2024-02-05,2024-02,"500ETF
510500.XSHG"
2024-02-05 13:29:00,止盈,1000ETF,512100.XSHG,1.768,2900.0,39468.0,156.09,14.0,2024-02-05,2024-02,"1000ETF
512100.XSHG"
2024-02-05 13:33:00,止盈,创业板ETF易方达,159915.XSHE,1.549,3300.0,53700.0,157.89,16.0,2024-02-05,2024-02,"创业板ETF易方达
159915.XSHE"
2024-02-05 13:55:00,止盈,500ETF,510500.XSHG,4.641,1100.0,15460.0,149.09,15.0,2024-02-05,2024-02,"500ETF
510500.XSHG"
2024-02-06 09:31:00,加仓,500ETF,510500.XSHG,4.49,1000.0,16460.0,,16.0,2024-02-06,2024-02,"500ETF
510500.XSHG"
2024-02-06 09:31:00,加仓,1000ETF,512100.XSHG,1.702,2800.0,42268.0,,15.0,2024-02-06,2024-02,"1000ETF
512100.XSHG"
2024-02-06 09:32:00,等级校准,500ETF,510500.XSHG,,,16460.0,,,2024-02-06,2024-02,"500ETF
510500.XSHG"
2024-02-06 09:32:00,等级校准,1000ETF,512100.XSHG,,,42268.0,,,2024-02-06,2024-02,"1000ETF
512100.XSHG"
2024-02-06 09:49:00,止盈,500ETF,510500.XSHG,4.625,1100.0,15360.0,147.99,15.0,2024-02-06,2024-02,"500ETF
510500.XSHG"
2024-02-06 10:04:00,止盈,1000ETF,512100.XSHG,1.756,2900.0,39368.0,156.09,14.0,2024-02-06,2024-02,"1000ETF
512100.XSHG"
2024-02-06 13:05:00,止盈,500ETF,510500.XSHG,4.764,1000.0,14360.0,138.52,14.0,2024-02-06,2024-02,"500ETF
510500.XSHG"
2024-02-06 13:07:00,止盈,1000ETF,512100.XSHG,1.809,2800.0,36568.0,147.89,13.0,2024-02-06,2024-02,"1000ETF
512100.XSHG"
2024-02-06 13:08:00,止盈,创业板ETF易方达,159915.XSHE,1.596,3200.0,50500.0,149.89,16.0,2024-02-06,2024-02,"创业板ETF易方达
159915.XSHE"
2024-02-06 13:42:00,止盈,1000ETF,512100.XSHG,1.867,2700.0,33868.0,156.1,13.0,2024-02-06,2024-02,"1000ETF
512100.XSHG"
2024-02-06 13:43:00,止盈,500ETF,510500.XSHG,4.912,1000.0,13360.0,147.51,13.0,2024-02-06,2024-02,"500ETF
510500.XSHG"
2024-02-07 09:36:00,止盈,创业板ETF易方达,159915.XSHE,1.645,3100.0,47400.0,151.39,15.0,2024-02-07,2024-02,"创业板ETF易方达
159915.XSHE"
2024-02-07 09:53:00,止盈,500ETF,510500.XSHG,5.065,1000.0,12360.0,152.49,13.0,2024-02-07,2024-02,"500ETF
510500.XSHG"
2024-02-07 09:54:00,止盈,1000ETF,512100.XSHG,1.929,2600.0,31268.0,160.7,12.0,2024-02-07,2024-02,"1000ETF
512100.XSHG"
2024-02-07 14:58:00,止盈,500ETF,510500.XSHG,5.217,900.0,11460.0,136.33,12.0,2024-02-07,2024-02,"500ETF
510500.XSHG"
2024-02-08 09:33:00,止盈,1000ETF,512100.XSHG,1.995,2500.0,28768.0,164.5,11.0,2024-02-08,2024-02,"1000ETF
512100.XSHG"
2024-02-08 09:35:00,止盈,500ETF,510500.XSHG,5.376,900.0,10560.0,142.62,11.0,2024-02-08,2024-02,"500ETF
510500.XSHG"
2024-02-08 09:36:00,止盈,创业板ETF易方达,159915.XSHE,1.697,3000.0,44400.0,155.49,15.0,2024-02-08,2024-02,"创业板ETF易方达
159915.XSHE"
2024-02-19 09:34:00,加仓,500ETF,510500.XSHG,5.209,900.0,11460.0,,12.0,2024-02-19,2024-02,"500ETF
510500.XSHG"
2024-02-21 10:46:00,止盈,1000ETF,512100.XSHG,2.059,2500.0,26268.0,159.49,10.0,2024-02-21,2024-02,"1000ETF
512100.XSHG"
2024-02-23 09:31:00,止盈,纳指ETF,513100.XSHG,1.322,3900.0,9800.0,171.08,2.0,2024-02-23,2024-02,"纳指ETF
513100.XSHG"
2024-02-26 13:15:00,止盈,1000ETF,512100.XSHG,2.121,2400.0,23868.0,148.29,10.0,2024-02-26,2024-02,"1000ETF
512100.XSHG"
2024-02-27 14:29:00,止盈,500ETF,510500.XSHG,5.366,900.0,10560.0,140.82,11.0,2024-02-27,2024-02,"500ETF
510500.XSHG"
2024-02-28 09:31:00,止盈,创业板ETF易方达,159915.XSHE,1.751,2900.0,41500.0,156.09,14.0,2024-02-28,2024-02,"创业板ETF易方达
159915.XSHE"
2024-02-28 09:33:00,止盈,1000ETF,512100.XSHG,2.185,2300.0,21568.0,146.7,9.0,2024-02-28,2024-02,"1000ETF
512100.XSHG"
2024-02-28 14:03:00,加仓,1000ETF,512100.XSHG,2.117,2200.0,23768.0,,10.0,2024-02-28,2024-02,"1000ETF
512100.XSHG"
2024-02-29 09:31:00,加仓,创业板ETF易方达,159915.XSHE,1.698,2800.0,44300.0,,15.0,2024-02-29,2024-02,"创业板ETF易方达
159915.XSHE"
2024-02-29 10:43:00,止盈,创业板ETF易方达,159915.XSHE,1.749,2900.0,41400.0,147.39,14.0,2024-02-29,2024-02,"创业板ETF易方达
159915.XSHE"
2024-03-04 09:32:00,止盈,1000ETF,512100.XSHG,2.182,2300.0,21468.0,149.0,9.0,2024-03-04,2024-03,"1000ETF
512100.XSHG"
2024-03-07 09:31:00,止盈,黄金ETF,518880.XSHG,4.847,1000.0,8800.0,160.52,8.0,2024-03-07,2024-03,"黄金ETF
518880.XSHG"
2024-03-11 11:16:00,止盈,创业板ETF易方达,159915.XSHE,1.802,2800.0,38600.0,147.9,14.0,2024-03-11,2024-03,"创业板ETF易方达
159915.XSHE"
2024-03-11 14:53:00,止盈,500ETF,510500.XSHG,5.529,900.0,9660.0,146.2,10.0,2024-03-11,2024-03,"500ETF
510500.XSHG"
2024-03-12 09:56:00,止盈,创业板ETF易方达,159915.XSHE,1.858,2700.0,35900.0,150.7,13.0,2024-03-12,2024-03,"创业板ETF易方达
159915.XSHE"
2024-03-15 10:44:00,加仓,创业板ETF易方达,159915.XSHE,1.802,2600.0,38500.0,,14.0,2024-03-15,2024-03,"创业板ETF易方达
159915.XSHE"
2024-03-18 09:43:00,止盈,创业板ETF易方达,159915.XSHE,1.858,2700.0,35800.0,150.7,13.0,2024-03-18,2024-03,"创业板ETF易方达
159915.XSHE"
2024-03-18 10:30:00,止盈,1000ETF,512100.XSHG,2.25,2200.0,19268.0,149.11,8.0,2024-03-18,2024-03,"1000ETF
512100.XSHG"
2024-03-25 10:07:00,加仓,创业板ETF易方达,159915.XSHE,1.802,2600.0,38400.0,,14.0,2024-03-25,2024-03,"创业板ETF易方达
159915.XSHE"
2024-03-26 11:04:00,加仓,500ETF,510500.XSHG,5.362,900.0,10560.0,,11.0,2024-03-26,2024-03,"500ETF
510500.XSHG"
2024-03-26 11:09:00,加仓,1000ETF,512100.XSHG,2.181,2200.0,21468.0,,9.0,2024-03-26,2024-03,"1000ETF
512100.XSHG"
2024-03-27 14:52:00,加仓,创业板ETF易方达,159915.XSHE,1.747,2700.0,41100.0,,15.0,2024-03-27,2024-03,"创业板ETF易方达
159915.XSHE"
2024-03-27 14:53:00,等级校准,创业板ETF易方达,159915.XSHE,,,41100.0,,,2024-03-27,2024-03,"创业板ETF易方达
159915.XSHE"
2024-03-27 14:58:00,加仓,1000ETF,512100.XSHG,2.115,2200.0,23668.0,,10.0,2024-03-27,2024-03,"1000ETF
512100.XSHG"
2024-03-28 09:31:00,止盈,黄金ETF,518880.XSHG,5.0,1000.0,7800.0,152.5,7.0,2024-03-28,2024-03,"黄金ETF
518880.XSHG"
2024-03-28 11:16:00,止盈,1000ETF,512100.XSHG,2.179,2300.0,21368.0,146.7,9.0,2024-03-28,2024-03,"1000ETF
512100.XSHG"
2024-04-01 09:31:00,止盈,黄金ETF,518880.XSHG,5.173,1000.0,6800.0,172.48,7.0,2024-04-01,2024-04,"黄金ETF
518880.XSHG"
2024-04-01 09:40:00,止盈,创业板ETF易方达,159915.XSHE,1.8,2800.0,38300.0,147.9,14.0,2024-04-01,2024-04,"创业板ETF易方达
159915.XSHE"
2024-04-08 09:56:00,止盈,黄金ETF,518880.XSHG,5.332,900.0,5900.0,142.62,6.0,2024-04-08,2024-04,"黄金ETF
518880.XSHG"
2024-04-10 10:14:00,加仓,创业板ETF易方达,159915.XSHE,1.746,2700.0,41000.0,,15.0,2024-04-10,2024-04,"创业板ETF易方达
159915.XSHE"
2024-04-10 10:15:00,等级校准,创业板ETF易方达,159915.XSHE,,,41000.0,,,2024-04-10,2024-04,"创业板ETF易方达
159915.XSHE"
2024-04-12 14:46:00,止盈,黄金ETF,518880.XSHG,5.492,900.0,5000.0,143.51,5.0,2024-04-12,2024-04,"黄金ETF
518880.XSHG"
2024-04-15 09:46:00,加仓,1000ETF,512100.XSHG,2.112,2200.0,23568.0,,10.0,2024-04-15,2024-04,"1000ETF
512100.XSHG"
2024-04-16 14:34:00,加仓,1000ETF,512100.XSHG,2.047,2300.0,25868.0,,11.0,2024-04-16,2024-04,"1000ETF
512100.XSHG"
2024-04-16 14:35:00,等级校准,1000ETF,512100.XSHG,,,25868.0,,,2024-04-16,2024-04,"1000ETF
512100.XSHG"
2024-04-17 10:50:00,止盈,1000ETF,512100.XSHG,2.109,2400.0,23468.0,148.29,10.0,2024-04-17,2024-04,"1000ETF
512100.XSHG"
2024-04-18 09:31:00,加仓,纳指ETF,513100.XSHG,1.281,3700.0,13500.0,,3.0,2024-04-18,2024-04,"纳指ETF
513100.XSHG"
2024-04-19 11:19:00,加仓,创业板ETF易方达,159915.XSHE,1.693,2800.0,43800.0,,15.0,2024-04-19,2024-04,"创业板ETF易方达
159915.XSHE"
2024-04-23 09:31:00,加仓,黄金ETF,518880.XSHG,5.319,900.0,5900.0,,6.0,2024-04-23,2024-04,"黄金ETF
518880.XSHG"
2024-04-26 10:11:00,止盈,创业板ETF易方达,159915.XSHE,1.744,2900.0,40900.0,147.39,14.0,2024-04-26,2024-04,"创业板ETF易方达
159915.XSHE"
2024-04-26 13:05:00,止盈,1000ETF,512100.XSHG,2.173,2300.0,21168.0,146.7,9.0,2024-04-26,2024-04,"1000ETF
512100.XSHG"
2024-04-29 09:36:00,止盈,创业板ETF易方达,159915.XSHE,1.798,2800.0,38100.0,150.7,14.0,2024-04-29,2024-04,"创业板ETF易方达
159915.XSHE"
2024-04-29 10:05:00,止盈,500ETF,510500.XSHG,5.523,900.0,9660.0,144.4,10.0,2024-04-29,2024-04,"500ETF
510500.XSHG"
2024-04-29 11:22:00,止盈,创业板ETF易方达,159915.XSHE,1.853,2700.0,35400.0,148.0,13.0,2024-04-29,2024-04,"创业板ETF易方达
159915.XSHE"
2024-05-06 09:31:00,止盈,1000ETF,512100.XSHG,2.245,2300.0,18868.0,165.08,8.0,2024-05-06,2024-05,"1000ETF
512100.XSHG"
2024-05-10 09:32:00,止盈,纳指ETF,513100.XSHG,1.32,3900.0,9600.0,151.59,2.0,2024-05-10,2024-05,"纳指ETF
513100.XSHG"
2024-05-15 14:46:00,加仓,创业板ETF易方达,159915.XSHE,1.797,2600.0,38000.0,,14.0,2024-05-15,2024-05,"创业板ETF易方达
159915.XSHE"
2024-05-20 09:31:00,止盈,黄金ETF,518880.XSHG,5.524,900.0,5000.0,184.0,5.0,2024-05-20,2024-05,"黄金ETF
518880.XSHG"
2024-05-21 09:31:00,止盈,纳指ETF,513100.XSHG,1.365,3700.0,5900.0,165.99,1.0,2024-05-21,2024-05,"纳指ETF
513100.XSHG"
2024-05-23 09:32:00,加仓,黄金ETF,518880.XSHG,5.354,900.0,5900.0,,6.0,2024-05-23,2024-05,"黄金ETF
518880.XSHG"
2024-05-23 13:47:00,加仓,1000ETF,512100.XSHG,2.177,2200.0,21068.0,,9.0,2024-05-23,2024-05,"1000ETF
512100.XSHG"
2024-05-24 13:16:00,加仓,500ETF,510500.XSHG,5.357,900.0,10560.0,,11.0,2024-05-24,2024-05,"500ETF
510500.XSHG"
2024-06-06 09:58:00,加仓,1000ETF,512100.XSHG,2.109,2200.0,23268.0,,10.0,2024-06-06,2024-06,"1000ETF
512100.XSHG"
2024-06-07 10:35:00,加仓,创业板ETF易方达,159915.XSHE,1.743,2700.0,40700.0,,15.0,2024-06-07,2024-06,"创业板ETF易方达
159915.XSHE"
2024-06-07 10:36:00,等级校准,创业板ETF易方达,159915.XSHE,,,40700.0,,,2024-06-07,2024-06,"创业板ETF易方达
159915.XSHE"
2024-06-12 09:31:00,止盈,纳指ETF,513100.XSHG,1.408,3600.0,2300.0,154.29,1.0,2024-06-12,2024-06,"纳指ETF
513100.XSHG"
2024-06-18 09:31:00,止盈（部分）,纳指ETF,513100.XSHG,1.457,2300.0,0.0,112.36,0.0,2024-06-18,2024-06,"纳指ETF
513100.XSHG"
2024-06-18 09:31:00,清仓,纳指ETF,513100.XSHG,,,,,0.0,2024-06-18,2024-06,"纳指ETF
513100.XSHG"
2024-06-18 09:32:00,重装建仓,纳指ETF,513100.XSHG,1.458,34200.0,34200.0,,,2024-06-18,2024-06,"纳指ETF
513100.XSHG"
2024-06-18 09:33:00,底仓到账,纳指ETF,513100.XSHG,,,34200.0,,10.0,2024-06-18,2024-06,"纳指ETF
513100.XSHG"
2024-06-20 10:04:00,加仓,500ETF,510500.XSHG,5.193,900.0,11460.0,,12.0,2024-06-20,2024-06,"500ETF
510500.XSHG"
2024-06-20 14:35:00,加仓,1000ETF,512100.XSHG,2.045,2300.0,25568.0,,11.0,2024-06-20,2024-06,"1000ETF
512100.XSHG"
2024-06-20 14:36:00,等级校准,1000ETF,512100.XSHG,,,25568.0,,,2024-06-20,2024-06,"1000ETF
512100.XSHG"
2024-06-24 14:44:00,加仓,1000ETF,512100.XSHG,1.982,2400.0,27968.0,,11.0,2024-06-24,2024-06,"1000ETF
512100.XSHG"
2024-06-25 09:35:00,加仓,创业板ETF易方达,159915.XSHE,1.69,2800.0,43500.0,,15.0,2024-06-25,2024-06,"创业板ETF易方达
159915.XSHE"
2024-06-25 09:47:00,加仓,500ETF,510500.XSHG,5.034,900.0,12360.0,,13.0,2024-06-25,2024-06,"500ETF
510500.XSHG"
2024-07-01 09:49:00,加仓,创业板ETF易方达,159915.XSHE,1.637,2900.0,46400.0,,16.0,2024-07-01,2024-07,"创业板ETF易方达
159915.XSHE"
2024-07-01 09:50:00,等级校准,创业板ETF易方达,159915.XSHE,,,46400.0,,,2024-07-01,2024-07,"创业板ETF易方达
159915.XSHE"
2024-07-03 11:08:00,止盈,纳指ETF,513100.XSHG,1.502,3400.0,30800.0,149.09,9.0,2024-07-03,2024-07,"纳指ETF
513100.XSHG"
2024-07-04 14:23:00,加仓,1000ETF,512100.XSHG,1.922,2500.0,30468.0,,12.0,2024-07-04,2024-07,"1000ETF
512100.XSHG"
2024-07-04 14:24:00,等级校准,1000ETF,512100.XSHG,,,30468.0,,,2024-07-04,2024-07,"1000ETF
512100.XSHG"
2024-07-05 09:33:00,加仓,500ETF,510500.XSHG,4.881,900.0,13260.0,,14.0,2024-07-05,2024-07,"500ETF
510500.XSHG"
2024-07-05 09:34:00,等级校准,500ETF,510500.XSHG,,,13260.0,,,2024-07-05,2024-07,"500ETF
510500.XSHG"
2024-07-08 14:46:00,止盈,纳指ETF,513100.XSHG,1.548,3300.0,27500.0,151.29,8.0,2024-07-08,2024-07,"纳指ETF
513100.XSHG"
2024-07-09 10:30:00,加仓,创业板ETF易方达,159915.XSHE,1.587,3000.0,49400.0,,16.0,2024-07-09,2024-07,"创业板ETF易方达
159915.XSHE"
2024-07-09 10:31:00,等级校准,创业板ETF易方达,159915.XSHE,,,49400.0,,,2024-07-09,2024-07,"创业板ETF易方达
159915.XSHE"
2024-07-11 09:31:00,止盈,创业板ETF易方达,159915.XSHE,1.64,3100.0,46300.0,163.79,15.0,2024-07-11,2024-07,"创业板ETF易方达
159915.XSHE"
2024-07-11 10:11:00,止盈,1000ETF,512100.XSHG,1.98,2600.0,27868.0,150.29,11.0,2024-07-11,2024-07,"1000ETF
512100.XSHG"
2024-07-12 09:33:00,加仓,纳指ETF,513100.XSHG,1.498,3200.0,30700.0,,9.0,2024-07-12,2024-07,"纳指ETF
513100.XSHG"
2024-07-16 09:31:00,止盈,纳指ETF,513100.XSHG,1.544,3300.0,27400.0,151.29,8.0,2024-07-16,2024-07,"纳指ETF
513100.XSHG"
2024-07-17 09:31:00,止盈,黄金ETF,518880.XSHG,5.6,900.0,5000.0,220.9,6.0,2024-07-17,2024-07,"黄金ETF
518880.XSHG"
2024-07-18 09:31:00,加仓,纳指ETF,513100.XSHG,1.467,3200.0,30600.0,,9.0,2024-07-18,2024-07,"纳指ETF
513100.XSHG"
2024-07-18 09:46:00,加仓,1000ETF,512100.XSHG,1.92,2500.0,30368.0,,12.0,2024-07-18,2024-07,"1000ETF
512100.XSHG"
2024-07-18 09:47:00,等级校准,1000ETF,512100.XSHG,,,30368.0,,,2024-07-18,2024-07,"1000ETF
512100.XSHG"
2024-07-19 10:42:00,止盈,创业板ETF易方达,159915.XSHE,1.69,3000.0,43300.0,149.49,14.0,2024-07-19,2024-07,"创业板ETF易方达
159915.XSHE"
2024-07-19 14:10:00,加仓,黄金ETF,518880.XSHG,5.428,800.0,5800.0,,7.0,2024-07-19,2024-07,"黄金ETF
518880.XSHG"
2024-07-19 14:11:00,等级校准,黄金ETF,518880.XSHG,,,5800.0,,,2024-07-19,2024-07,"黄金ETF
518880.XSHG"
2024-07-24 09:31:00,加仓,创业板ETF易方达,159915.XSHE,1.636,2900.0,46200.0,,15.0,2024-07-24,2024-07,"创业板ETF易方达
159915.XSHE"
2024-07-24 14:39:00,加仓,500ETF,510500.XSHG,4.733,1000.0,14260.0,,14.0,2024-07-24,2024-07,"500ETF
510500.XSHG"
2024-07-25 09:31:00,加仓,纳指ETF,513100.XSHG,1.41,3400.0,34000.0,,10.0,2024-07-25,2024-07,"纳指ETF
513100.XSHG"
2024-07-25 09:32:00,等级校准,纳指ETF,513100.XSHG,,,34000.0,,,2024-07-25,2024-07,"纳指ETF
513100.XSHG"
2024-07-31 10:31:00,止盈,500ETF,510500.XSHG,4.883,1000.0,13260.0,149.51,13.0,2024-07-31,2024-07,"500ETF
510500.XSHG"
2024-07-31 13:02:00,止盈,1000ETF,512100.XSHG,1.98,2600.0,27768.0,155.49,11.0,2024-07-31,2024-07,"1000ETF
512100.XSHG"
2024-08-01 09:31:00,止盈,纳指ETF,513100.XSHG,1.465,3500.0,30500.0,191.99,8.0,2024-08-01,2024-08,"纳指ETF
513100.XSHG"
2024-08-02 09:31:00,加仓,纳指ETF,513100.XSHG,1.411,3400.0,33900.0,,9.0,2024-08-02,2024-08,"纳指ETF
513100.XSHG"
2024-08-05 09:31:00,加仓,纳指ETF,513100.XSHG,1.331,3500.0,37400.0,,10.0,2024-08-05,2024-08,"纳指ETF
513100.XSHG"
2024-08-05 13:26:00,加仓,纳指ETF,513100.XSHG,1.291,3700.0,41100.0,,11.0,2024-08-05,2024-08,"纳指ETF
513100.XSHG"
2024-08-05 13:27:00,等级校准,纳指ETF,513100.XSHG,,,41100.0,,,2024-08-05,2024-08,"纳指ETF
513100.XSHG"
2024-08-05 13:35:00,加仓,1000ETF,512100.XSHG,1.919,2500.0,30268.0,,12.0,2024-08-05,2024-08,"1000ETF
512100.XSHG"
2024-08-05 13:36:00,等级校准,1000ETF,512100.XSHG,,,30268.0,,,2024-08-05,2024-08,"1000ETF
512100.XSHG"
2024-08-05 13:37:00,加仓,创业板ETF易方达,159915.XSHE,1.585,3000.0,49200.0,,16.0,2024-08-05,2024-08,"创业板ETF易方达
159915.XSHE"
2024-08-05 13:38:00,等级校准,创业板ETF易方达,159915.XSHE,,,49200.0,,,2024-08-05,2024-08,"创业板ETF易方达
159915.XSHE"
2024-08-06 09:31:00,止盈,纳指ETF,513100.XSHG,1.336,3800.0,37300.0,170.49,10.0,2024-08-06,2024-08,"纳指ETF
513100.XSHG"
2024-08-13 14:40:00,止盈,纳指ETF,513100.XSHG,1.377,3700.0,33600.0,151.19,9.0,2024-08-13,2024-08,"纳指ETF
513100.XSHG"
2024-08-14 14:58:00,加仓,500ETF,510500.XSHG,4.736,1000.0,14260.0,,14.0,2024-08-14,2024-08,"500ETF
510500.XSHG"
2024-08-15 09:36:00,止盈,纳指ETF,513100.XSHG,1.419,3600.0,30000.0,150.69,8.0,2024-08-15,2024-08,"纳指ETF
513100.XSHG"
2024-08-16 09:31:00,止盈,纳指ETF,513100.XSHG,1.463,3500.0,26500.0,153.49,7.0,2024-08-16,2024-08,"纳指ETF
513100.XSHG"
2024-08-20 11:14:00,加仓,1000ETF,512100.XSHG,1.861,2600.0,32868.0,,12.0,2024-08-20,2024-08,"1000ETF
512100.XSHG"
2024-08-20 14:46:00,加仓,创业板ETF易方达,159915.XSHE,1.537,3100.0,52300.0,,16.0,2024-08-20,2024-08,"创业板ETF易方达
159915.XSHE"
2024-08-23 10:53:00,加仓,500ETF,510500.XSHG,4.593,1000.0,15260.0,,15.0,2024-08-23,2024-08,"500ETF
510500.XSHG"
2024-08-29 09:31:00,加仓,纳指ETF,513100.XSHG,1.41,3400.0,29900.0,,8.0,2024-08-29,2024-08,"纳指ETF
513100.XSHG"
2024-08-29 09:31:00,加仓,创业板ETF易方达,159915.XSHE,1.487,3200.0,55500.0,,17.0,2024-08-29,2024-08,"创业板ETF易方达
159915.XSHE"
2024-08-29 09:32:00,等级校准,创业板ETF易方达,159915.XSHE,,,55500.0,,,2024-08-29,2024-08,"创业板ETF易方达
159915.XSHE"
2024-08-30 09:45:00,止盈,创业板ETF易方达,159915.XSHE,1.532,3300.0,52200.0,147.99,16.0,2024-08-30,2024-08,"创业板ETF易方达
159915.XSHE"
2024-08-30 10:47:00,止盈,500ETF,510500.XSHG,4.731,1000.0,14260.0,137.53,14.0,2024-08-30,2024-08,"500ETF
510500.XSHG"
2024-09-04 13:04:00,加仓,纳指ETF,513100.XSHG,1.367,3500.0,33400.0,,9.0,2024-09-04,2024-09,"纳指ETF
513100.XSHG"
2024-09-09 09:34:00,加仓,500ETF,510500.XSHG,4.588,1000.0,15260.0,,15.0,2024-09-09,2024-09,"500ETF
510500.XSHG"
2024-09-10 09:51:00,加仓,1000ETF,512100.XSHG,1.804,2600.0,35468.0,,13.0,2024-09-10,2024-09,"1000ETF
512100.XSHG"
2024-09-12 09:31:00,止盈,纳指ETF,513100.XSHG,1.414,3600.0,29800.0,168.69,8.0,2024-09-12,2024-09,"纳指ETF
513100.XSHG"
2024-09-13 09:31:00,止盈,黄金ETF,518880.XSHG,5.613,900.0,4900.0,165.99,6.0,2024-09-13,2024-09,"黄金ETF
518880.XSHG"
2024-09-20 10:03:00,止盈,纳指ETF,513100.XSHG,1.457,3500.0,26300.0,149.99,7.0,2024-09-20,2024-09,"纳指ETF
513100.XSHG"
2024-09-24 11:24:00,止盈,1000ETF,512100.XSHG,1.859,2700.0,32768.0,148.0,12.0,2024-09-24,2024-09,"1000ETF
512100.XSHG"
2024-09-24 13:01:00,止盈,500ETF,510500.XSHG,4.738,1000.0,14260.0,149.53,14.0,2024-09-24,2024-09,"500ETF
510500.XSHG"
2024-09-24 13:11:00,止盈,创业板ETF易方达,159915.XSHE,1.578,3200.0,49000.0,146.7,15.0,2024-09-24,2024-09,"创业板ETF易方达
159915.XSHE"
2024-09-25 09:32:00,止盈,1000ETF,512100.XSHG,1.918,2600.0,30168.0,152.9,11.0,2024-09-25,2024-09,"1000ETF
512100.XSHG"
2024-09-25 09:40:00,止盈,500ETF,510500.XSHG,4.894,1000.0,13260.0,155.51,13.0,2024-09-25,2024-09,"500ETF
510500.XSHG"
2024-09-25 09:40:00,止盈,创业板ETF易方达,159915.XSHE,1.63,3100.0,45900.0,160.69,15.0,2024-09-25,2024-09,"创业板ETF易方达
159915.XSHE"
2024-09-26 14:26:00,止盈,1000ETF,512100.XSHG,1.976,2600.0,27568.0,150.29,11.0,2024-09-26,2024-09,"1000ETF
512100.XSHG"
2024-09-26 14:46:00,止盈,创业板ETF易方达,159915.XSHE,1.679,3000.0,42900.0,146.5,14.0,2024-09-26,2024-09,"创业板ETF易方达
159915.XSHE"
2024-09-26 14:58:00,止盈,500ETF,510500.XSHG,5.047,1000.0,12260.0,152.5,13.0,2024-09-26,2024-09,"500ETF
510500.XSHG"
2024-09-27 09:32:00,止盈,创业板ETF易方达,159915.XSHE,1.737,2900.0,40000.0,167.7,14.0,2024-09-27,2024-09,"创业板ETF易方达
159915.XSHE"
2024-09-27 09:55:00,止盈,1000ETF,512100.XSHG,2.038,2500.0,25068.0,154.49,10.0,2024-09-27,2024-09,"1000ETF
512100.XSHG"
2024-09-27 09:57:00,止盈,500ETF,510500.XSHG,5.201,900.0,11360.0,138.13,12.0,2024-09-27,2024-09,"500ETF
510500.XSHG"
2024-09-27 10:39:00,止盈,创业板ETF易方达,159915.XSHE,1.793,2800.0,37200.0,156.3,13.0,2024-09-27,2024-09,"创业板ETF易方达
159915.XSHE"
2024-09-27 11:10:00,止盈,1000ETF,512100.XSHG,2.1,2400.0,22668.0,148.3,9.0,2024-09-27,2024-09,"1000ETF
512100.XSHG"
2024-09-27 11:23:00,止盈,500ETF,510500.XSHG,5.379,900.0,10460.0,159.72,11.0,2024-09-27,2024-09,"500ETF
510500.XSHG"
2024-09-27 13:01:00,止盈,创业板ETF易方达,159915.XSHE,1.847,2700.0,34500.0,145.3,12.0,2024-09-27,2024-09,"创业板ETF易方达
159915.XSHE"
2024-09-27 13:08:00,加仓,纳指ETF,513100.XSHG,1.411,3400.0,29700.0,,8.0,2024-09-27,2024-09,"纳指ETF
513100.XSHG"
2024-09-27 13:10:00,止盈,500ETF,510500.XSHG,5.551,900.0,9560.0,154.3,10.0,2024-09-27,2024-09,"500ETF
510500.XSHG"
2024-09-27 13:12:00,止盈,1000ETF,512100.XSHG,2.169,2300.0,20368.0,158.2,8.0,2024-09-27,2024-09,"1000ETF
512100.XSHG"
2024-09-27 13:29:00,加仓,500ETF,510500.XSHG,5.38,900.0,10460.0,,11.0,2024-09-27,2024-09,"500ETF
510500.XSHG"
2024-09-27 13:40:00,加仓,1000ETF,512100.XSHG,2.099,2300.0,22668.0,,9.0,2024-09-27,2024-09,"1000ETF
512100.XSHG"
2024-09-27 14:59:00,止盈,1000ETF,512100.XSHG,2.169,2300.0,20368.0,160.5,8.0,2024-09-27,2024-09,"1000ETF
512100.XSHG"
2024-09-30 09:31:00,止盈,500ETF,510500.XSHG,5.787,900.0,9560.0,365.78,11.0,2024-09-30,2024-09,"500ETF
510500.XSHG"
2024-09-30 09:31:00,止盈,1000ETF,512100.XSHG,2.26,2300.0,18068.0,208.78,8.0,2024-09-30,2024-09,"1000ETF
512100.XSHG"
2024-09-30 09:31:00,止盈,创业板ETF易方达,159915.XSHE,1.996,2700.0,31800.0,401.76,12.0,2024-09-30,2024-09,"创业板ETF易方达
159915.XSHE"
2024-09-30 09:41:00,加仓,500ETF,510500.XSHG,5.599,800.0,10360.0,,12.0,2024-09-30,2024-09,"500ETF
510500.XSHG"
2024-09-30 09:50:00,加仓,1000ETF,512100.XSHG,2.192,2200.0,20268.0,,9.0,2024-09-30,2024-09,"1000ETF
512100.XSHG"
2024-09-30 09:53:00,加仓,创业板ETF易方达,159915.XSHE,1.933,2500.0,34300.0,,13.0,2024-09-30,2024-09,"创业板ETF易方达
159915.XSHE"
2024-09-30 10:19:00,止盈,创业板ETF易方达,159915.XSHE,1.994,2500.0,31800.0,152.0,12.0,2024-09-30,2024-09,"创业板ETF易方达
159915.XSHE"
2024-09-30 10:47:00,止盈,1000ETF,512100.XSHG,2.258,2200.0,18068.0,144.7,8.0,2024-09-30,2024-09,"1000ETF
512100.XSHG"
2024-09-30 10:54:00,止盈,500ETF,510500.XSHG,5.775,800.0,9560.0,140.34,11.0,2024-09-30,2024-09,"500ETF
510500.XSHG"
2024-09-30 10:58:00,止盈,创业板ETF易方达,159915.XSHE,2.054,2500.0,29300.0,149.49,12.0,2024-09-30,2024-09,"创业板ETF易方达
159915.XSHE"
2024-09-30 13:02:00,止盈,创业板ETF易方达,159915.XSHE,2.126,2400.0,26900.0,172.29,11.0,2024-09-30,2024-09,"创业板ETF易方达
159915.XSHE"
2024-09-30 13:11:00,止盈,1000ETF,512100.XSHG,2.327,2200.0,15868.0,151.29,7.0,2024-09-30,2024-09,"1000ETF
512100.XSHG"
2024-09-30 13:37:00,止盈,500ETF,510500.XSHG,5.949,800.0,8760.0,138.72,10.0,2024-09-30,2024-09,"500ETF
510500.XSHG"
2024-09-30 13:48:00,止盈,创业板ETF易方达,159915.XSHE,2.192,2300.0,24600.0,151.3,11.0,2024-09-30,2024-09,"创业板ETF易方达
159915.XSHE"
2024-09-30 14:25:00,加仓,创业板ETF易方达,159915.XSHE,2.115,2200.0,26800.0,,12.0,2024-09-30,2024-09,"创业板ETF易方达
159915.XSHE"
2024-09-30 14:26:00,等级校准,创业板ETF易方达,159915.XSHE,,,26800.0,,,2024-09-30,2024-09,"创业板ETF易方达
159915.XSHE"
2024-09-30 14:45:00,止盈,创业板ETF易方达,159915.XSHE,2.181,2300.0,24500.0,151.3,11.0,2024-09-30,2024-09,"创业板ETF易方达
159915.XSHE"
2024-10-08 09:31:00,止盈,500ETF,510500.XSHG,6.595,800.0,7960.0,516.27,11.0,2024-10-08,2024-10,"500ETF
510500.XSHG"
2024-10-08 09:31:00,止盈,1000ETF,512100.XSHG,2.628,2100.0,13768.0,631.55,7.0,2024-10-08,2024-10,"1000ETF
512100.XSHG"
2024-10-08 09:31:00,止盈,创业板ETF易方达,159915.XSHE,2.678,2200.0,22300.0,1092.81,12.0,2024-10-08,2024-10,"创业板ETF易方达
159915.XSHE"
2024-10-08 09:41:00,加仓,1000ETF,512100.XSHG,2.547,1900.0,15668.0,,8.0,2024-10-08,2024-10,"1000ETF
512100.XSHG"
2024-10-08 09:43:00,加仓,创业板ETF易方达,159915.XSHE,2.556,1800.0,24100.0,,13.0,2024-10-08,2024-10,"创业板ETF易方达
159915.XSHE"
2024-10-08 09:44:00,等级校准,创业板ETF易方达,159915.XSHE,,,24100.0,,,2024-10-08,2024-10,"创业板ETF易方达
159915.XSHE"
2024-10-08 09:47:00,加仓,500ETF,510500.XSHG,6.394,700.0,8660.0,,12.0,2024-10-08,2024-10,"500ETF
510500.XSHG"
2024-10-08 10:32:00,加仓,500ETF,510500.XSHG,6.202,700.0,9360.0,,13.0,2024-10-08,2024-10,"500ETF
510500.XSHG"
2024-10-08 10:33:00,等级校准,500ETF,510500.XSHG,,,9360.0,,,2024-10-08,2024-10,"500ETF
510500.XSHG"
2024-10-08 10:34:00,加仓,1000ETF,512100.XSHG,2.465,1900.0,17568.0,,9.0,2024-10-08,2024-10,"1000ETF
512100.XSHG"
2024-10-08 10:34:00,加仓,创业板ETF易方达,159915.XSHE,2.471,1900.0,26000.0,,13.0,2024-10-08,2024-10,"创业板ETF易方达
159915.XSHE"
2024-10-08 10:35:00,等级校准,1000ETF,512100.XSHG,,,17568.0,,,2024-10-08,2024-10,"1000ETF
512100.XSHG"
2024-10-08 10:37:00,加仓,创业板ETF易方达,159915.XSHE,2.339,2000.0,28000.0,,14.0,2024-10-08,2024-10,"创业板ETF易方达
159915.XSHE"
2024-10-08 10:38:00,加仓,500ETF,510500.XSHG,6.007,800.0,10160.0,,12.0,2024-10-08,2024-10,"500ETF
510500.XSHG"
2024-10-08 10:38:00,等级校准,创业板ETF易方达,159915.XSHE,,,28000.0,,,2024-10-08,2024-10,"创业板ETF易方达
159915.XSHE"
2024-10-08 10:43:00,止盈,500ETF,510500.XSHG,6.202,800.0,9360.0,155.5,11.0,2024-10-08,2024-10,"500ETF
510500.XSHG"
2024-10-08 10:43:00,止盈,创业板ETF易方达,159915.XSHE,2.422,2100.0,25900.0,173.79,12.0,2024-10-08,2024-10,"创业板ETF易方达
159915.XSHE"
2024-10-08 10:45:00,止盈,创业板ETF易方达,159915.XSHE,2.509,2000.0,23900.0,173.5,12.0,2024-10-08,2024-10,"创业板ETF易方达
159915.XSHE"
2024-10-08 10:52:00,加仓,创业板ETF易方达,159915.XSHE,2.407,1900.0,25800.0,,13.0,2024-10-08,2024-10,"创业板ETF易方达
159915.XSHE"
2024-10-08 10:53:00,等级校准,创业板ETF易方达,159915.XSHE,,,25800.0,,,2024-10-08,2024-10,"创业板ETF易方达
159915.XSHE"
2024-10-08 11:09:00,止盈,创业板ETF易方达,159915.XSHE,2.502,2000.0,23800.0,189.5,12.0,2024-10-08,2024-10,"创业板ETF易方达
159915.XSHE"
2024-10-08 11:17:00,止盈,1000ETF,512100.XSHG,2.547,2000.0,15568.0,163.49,8.0,2024-10-08,2024-10,"1000ETF
512100.XSHG"
2024-10-08 13:25:00,加仓,1000ETF,512100.XSHG,2.467,1900.0,17468.0,,9.0,2024-10-08,2024-10,"1000ETF
512100.XSHG"
2024-10-08 13:26:00,等级校准,1000ETF,512100.XSHG,,,17468.0,,,2024-10-08,2024-10,"1000ETF
512100.XSHG"
2024-10-08 13:36:00,加仓,创业板ETF易方达,159915.XSHE,2.416,1900.0,25700.0,,13.0,2024-10-08,2024-10,"创业板ETF易方达
159915.XSHE"
2024-10-08 13:37:00,等级校准,创业板ETF易方达,159915.XSHE,,,25700.0,,,2024-10-08,2024-10,"创业板ETF易方达
159915.XSHE"
2024-10-08 14:02:00,止盈,创业板ETF易方达,159915.XSHE,2.493,2000.0,23700.0,153.5,11.0,2024-10-08,2024-10,"创业板ETF易方达
159915.XSHE"
2024-10-08 14:29:00,止盈,创业板ETF易方达,159915.XSHE,2.579,2000.0,21700.0,171.48,11.0,2024-10-08,2024-10,"创业板ETF易方达
159915.XSHE"
2024-10-08 14:39:00,止盈,1000ETF,512100.XSHG,2.545,2000.0,15468.0,155.49,8.0,2024-10-08,2024-10,"1000ETF
512100.XSHG"
2024-10-08 14:41:00,止盈,创业板ETF易方达,159915.XSHE,2.668,1900.0,19800.0,168.59,11.0,2024-10-08,2024-10,"创业板ETF易方达
159915.XSHE"
2024-10-09 09:31:00,加仓,1000ETF,512100.XSHG,2.424,1900.0,17368.0,,9.0,2024-10-09,2024-10,"1000ETF
512100.XSHG"
2024-10-09 09:31:00,加仓,创业板ETF易方达,159915.XSHE,2.389,1800.0,21600.0,,12.0,2024-10-09,2024-10,"创业板ETF易方达
159915.XSHE"
2024-10-09 09:32:00,加仓,500ETF,510500.XSHG,5.986,800.0,10160.0,,12.0,2024-10-09,2024-10,"500ETF
510500.XSHG"
2024-10-09 09:32:00,等级校准,1000ETF,512100.XSHG,,,17368.0,,,2024-10-09,2024-10,"1000ETF
512100.XSHG"
2024-10-09 09:32:00,等级校准,创业板ETF易方达,159915.XSHE,,,21600.0,,,2024-10-09,2024-10,"创业板ETF易方达
159915.XSHE"
2024-10-09 09:32:00,加仓,创业板ETF易方达,159915.XSHE,2.271,2000.0,23600.0,,11.0,2024-10-09,2024-10,"创业板ETF易方达
159915.XSHE"
2024-10-09 09:33:00,等级校准,创业板ETF易方达,159915.XSHE,,,23600.0,,,2024-10-09,2024-10,"创业板ETF易方达
159915.XSHE"
2024-10-09 09:34:00,止盈,创业板ETF易方达,159915.XSHE,2.35,2200.0,21400.0,173.28,10.0,2024-10-09,2024-10,"创业板ETF易方达
159915.XSHE"
2024-10-09 09:51:00,止盈,创业板ETF易方达,159915.XSHE,2.43,2100.0,19300.0,167.49,9.0,2024-10-09,2024-10,"创业板ETF易方达
159915.XSHE"
2024-10-09 09:52:00,止盈,500ETF,510500.XSHG,6.171,800.0,9360.0,147.51,11.0,2024-10-09,2024-10,"500ETF
510500.XSHG"
2024-10-09 10:11:00,加仓,创业板ETF易方达,159915.XSHE,2.35,2000.0,21300.0,,10.0,2024-10-09,2024-10,"创业板ETF易方达
159915.XSHE"
2024-10-09 10:35:00,加仓,500ETF,510500.XSHG,5.973,800.0,10160.0,,12.0,2024-10-09,2024-10,"500ETF
510500.XSHG"
2024-10-09 11:11:00,加仓,创业板ETF易方达,159915.XSHE,2.279,2100.0,23400.0,,11.0,2024-10-09,2024-10,"创业板ETF易方达
159915.XSHE"
2024-10-09 11:15:00,加仓,1000ETF,512100.XSHG,2.348,2000.0,19368.0,,9.0,2024-10-09,2024-10,"1000ETF
512100.XSHG"
2024-10-09 11:21:00,加仓,500ETF,510500.XSHG,5.792,800.0,10960.0,,13.0,2024-10-09,2024-10,"500ETF
510500.XSHG"
2024-10-09 13:02:00,止盈,500ETF,510500.XSHG,5.991,800.0,10160.0,158.72,12.0,2024-10-09,2024-10,"500ETF
510500.XSHG"
2024-10-09 13:02:00,止盈,创业板ETF易方达,159915.XSHE,2.361,2100.0,21300.0,171.7,10.0,2024-10-09,2024-10,"创业板ETF易方达
159915.XSHE"
2024-10-09 13:10:00,止盈,1000ETF,512100.XSHG,2.421,2100.0,17268.0,152.79,8.0,2024-10-09,2024-10,"1000ETF
512100.XSHG"
2024-10-09 13:37:00,止盈,创业板ETF易方达,159915.XSHE,2.432,2100.0,19200.0,148.59,9.0,2024-10-09,2024-10,"创业板ETF易方达
159915.XSHE"
2024-10-09 14:20:00,加仓,创业板ETF易方达,159915.XSHE,2.352,2000.0,21200.0,,10.0,2024-10-09,2024-10,"创业板ETF易方达
159915.XSHE"
2024-10-09 14:45:00,加仓,1000ETF,512100.XSHG,2.344,2000.0,19268.0,,9.0,2024-10-09,2024-10,"1000ETF
512100.XSHG"
2024-10-09 14:46:00,加仓,创业板ETF易方达,159915.XSHE,2.275,2100.0,23300.0,,11.0,2024-10-09,2024-10,"创业板ETF易方达
159915.XSHE"
2024-10-10 09:34:00,加仓,创业板ETF易方达,159915.XSHE,2.19,2100.0,25400.0,,12.0,2024-10-10,2024-10,"创业板ETF易方达
159915.XSHE"
2024-10-10 09:35:00,等级校准,创业板ETF易方达,159915.XSHE,,,25400.0,,,2024-10-10,2024-10,"创业板ETF易方达
159915.XSHE"
2024-10-10 09:43:00,止盈,创业板ETF易方达,159915.XSHE,2.258,2200.0,23200.0,149.1,10.0,2024-10-10,2024-10,"创业板ETF易方达
159915.XSHE"
2024-10-10 09:54:00,加仓,500ETF,510500.XSHG,5.806,800.0,10960.0,,13.0,2024-10-10,2024-10,"500ETF
510500.XSHG"
2024-10-10 09:56:00,加仓,创业板ETF易方达,159915.XSHE,2.19,2200.0,25400.0,,11.0,2024-10-10,2024-10,"创业板ETF易方达
159915.XSHE"
2024-10-10 11:17:00,止盈,创业板ETF易方达,159915.XSHE,2.257,2200.0,23200.0,146.9,10.0,2024-10-10,2024-10,"创业板ETF易方达
159915.XSHE"
2024-10-10 14:20:00,加仓,创业板ETF易方达,159915.XSHE,2.186,2200.0,25400.0,,11.0,2024-10-10,2024-10,"创业板ETF易方达
159915.XSHE"
2024-10-11 09:33:00,加仓,1000ETF,512100.XSHG,2.272,2100.0,21368.0,,10.0,2024-10-11,2024-10,"1000ETF
512100.XSHG"
2024-10-11 09:34:00,等级校准,1000ETF,512100.XSHG,,,21368.0,,,2024-10-11,2024-10,"1000ETF
512100.XSHG"
2024-10-11 09:38:00,加仓,创业板ETF易方达,159915.XSHE,2.118,2200.0,27600.0,,12.0,2024-10-11,2024-10,"创业板ETF易方达
159915.XSHE"
2024-10-11 10:02:00,加仓,500ETF,510500.XSHG,5.626,800.0,11760.0,,14.0,2024-10-11,2024-10,"500ETF
510500.XSHG"
2024-10-11 10:14:00,加仓,创业板ETF易方达,159915.XSHE,2.054,2300.0,29900.0,,13.0,2024-10-11,2024-10,"创业板ETF易方达
159915.XSHE"
2024-10-11 10:15:00,等级校准,创业板ETF易方达,159915.XSHE,,,29900.0,,,2024-10-11,2024-10,"创业板ETF易方达
159915.XSHE"
2024-10-11 14:01:00,加仓,1000ETF,512100.XSHG,2.203,2200.0,23568.0,,10.0,2024-10-11,2024-10,"1000ETF
512100.XSHG"
2024-10-14 13:21:00,止盈,1000ETF,512100.XSHG,2.272,2200.0,21368.0,151.3,9.0,2024-10-14,2024-10,"1000ETF
512100.XSHG"
2024-10-14 13:25:00,止盈,创业板ETF易方达,159915.XSHE,2.119,2400.0,27500.0,155.49,11.0,2024-10-14,2024-10,"创业板ETF易方达
159915.XSHE"
2024-10-14 14:21:00,止盈,黄金ETF,518880.XSHG,5.784,800.0,4100.0,136.34,5.0,2024-10-14,2024-10,"黄金ETF
518880.XSHG"
2024-10-15 09:31:00,止盈,纳指ETF,513100.XSHG,1.46,3500.0,26200.0,170.99,7.0,2024-10-15,2024-10,"纳指ETF
513100.XSHG"
2024-10-15 14:43:00,加仓,创业板ETF易方达,159915.XSHE,2.055,2300.0,29800.0,,12.0,2024-10-15,2024-10,"创业板ETF易方达
159915.XSHE"
2024-10-16 14:09:00,加仓,创业板ETF易方达,159915.XSHE,1.993,2400.0,32200.0,,13.0,2024-10-16,2024-10,"创业板ETF易方达
159915.XSHE"
2024-10-16 14:10:00,等级校准,创业板ETF易方达,159915.XSHE,,,32200.0,,,2024-10-16,2024-10,"创业板ETF易方达
159915.XSHE"
2024-10-18 09:31:00,止盈,黄金ETF,518880.XSHG,5.961,800.0,3300.0,141.12,4.0,2024-10-18,2024-10,"黄金ETF
518880.XSHG"
2024-10-18 10:38:00,止盈,创业板ETF易方达,159915.XSHE,2.054,2500.0,29700.0,151.99,12.0,2024-10-18,2024-10,"创业板ETF易方达
159915.XSHE"
2024-10-18 13:13:00,止盈,创业板ETF易方达,159915.XSHE,2.119,2400.0,27300.0,155.49,11.0,2024-10-18,2024-10,"创业板ETF易方达
159915.XSHE"
2024-10-18 13:19:00,止盈,1000ETF,512100.XSHG,2.341,2200.0,19168.0,151.28,9.0,2024-10-18,2024-10,"1000ETF
512100.XSHG"
2024-10-18 14:19:00,止盈,500ETF,510500.XSHG,5.798,800.0,10960.0,137.14,13.0,2024-10-18,2024-10,"500ETF
510500.XSHG"
2024-10-18 14:19:00,止盈,创业板ETF易方达,159915.XSHE,2.187,2300.0,25000.0,155.9,11.0,2024-10-18,2024-10,"创业板ETF易方达
159915.XSHE"
2024-10-21 13:03:00,止盈,1000ETF,512100.XSHG,2.412,2100.0,17068.0,148.59,8.0,2024-10-21,2024-10,"1000ETF
512100.XSHG"
2024-10-28 10:57:00,止盈,500ETF,510500.XSHG,5.972,800.0,10160.0,138.72,12.0,2024-10-28,2024-10,"500ETF
510500.XSHG"
2024-10-30 09:31:00,加仓,创业板ETF易方达,159915.XSHE,2.119,2200.0,27200.0,,12.0,2024-10-30,2024-10,"创业板ETF易方达
159915.XSHE"
2024-10-30 09:32:00,等级校准,创业板ETF易方达,159915.XSHE,,,27200.0,,,2024-10-30,2024-10,"创业板ETF易方达
159915.XSHE"
2024-10-30 14:36:00,止盈,黄金ETF,518880.XSHG,6.14,800.0,2500.0,142.71,3.0,2024-10-30,2024-10,"黄金ETF
518880.XSHG"
2024-10-31 10:36:00,止盈,1000ETF,512100.XSHG,2.485,2000.0,15068.0,145.5,7.0,2024-10-31,2024-10,"1000ETF
512100.XSHG"
2024-11-01 10:15:00,加仓,1000ETF,512100.XSHG,2.408,2000.0,17068.0,,8.0,2024-11-01,2024-11,"1000ETF
512100.XSHG"
2024-11-05 09:46:00,止盈,1000ETF,512100.XSHG,2.481,2000.0,15068.0,145.5,7.0,2024-11-05,2024-11,"1000ETF
512100.XSHG"
2024-11-05 10:03:00,止盈,创业板ETF易方达,159915.XSHE,2.184,2300.0,24900.0,149.0,11.0,2024-11-05,2024-11,"创业板ETF易方达
159915.XSHE"
2024-11-05 10:17:00,止盈,500ETF,510500.XSHG,6.155,800.0,9360.0,145.91,11.0,2024-11-05,2024-11,"500ETF
510500.XSHG"
2024-11-05 13:23:00,止盈,创业板ETF易方达,159915.XSHE,2.25,2200.0,22700.0,144.7,10.0,2024-11-05,2024-11,"创业板ETF易方达
159915.XSHE"
2024-11-05 14:37:00,止盈,1000ETF,512100.XSHG,2.556,2000.0,13068.0,149.49,6.0,2024-11-05,2024-11,"1000ETF
512100.XSHG"
2024-11-07 09:31:00,止盈,纳指ETF,513100.XSHG,1.515,3400.0,22800.0,186.48,6.0,2024-11-07,2024-11,"纳指ETF
513100.XSHG"
2024-11-07 09:31:00,加仓,黄金ETF,518880.XSHG,5.867,800.0,3300.0,,4.0,2024-11-07,2024-11,"黄金ETF
518880.XSHG"
2024-11-07 14:40:00,止盈,500ETF,510500.XSHG,6.34,800.0,8560.0,147.49,12.0,2024-11-07,2024-11,"500ETF
510500.XSHG"
2024-11-08 09:31:00,止盈,创业板ETF易方达,159915.XSHE,2.355,2200.0,20500.0,230.48,9.0,2024-11-08,2024-11,"创业板ETF易方达
159915.XSHE"
2024-11-08 09:35:00,止盈,1000ETF,512100.XSHG,2.638,1900.0,11168.0,155.3,6.0,2024-11-08,2024-11,"1000ETF
512100.XSHG"
2024-11-08 14:26:00,加仓,创业板ETF易方达,159915.XSHE,2.284,2100.0,22600.0,,10.0,2024-11-08,2024-11,"创业板ETF易方达
159915.XSHE"
2024-11-12 09:31:00,止盈,创业板ETF易方达,159915.XSHE,2.368,2100.0,20500.0,175.9,9.0,2024-11-12,2024-11,"创业板ETF易方达
159915.XSHE"
2024-11-14 13:40:00,加仓,黄金ETF,518880.XSHG,5.69,800.0,4100.0,,5.0,2024-11-14,2024-11,"黄金ETF
518880.XSHG"
2024-11-14 14:26:00,加仓,1000ETF,512100.XSHG,2.558,1800.0,12968.0,,7.0,2024-11-14,2024-11,"1000ETF
512100.XSHG"
2024-11-14 14:27:00,等级校准,1000ETF,512100.XSHG,,,12968.0,,,2024-11-14,2024-11,"1000ETF
512100.XSHG"
2024-11-14 14:40:00,加仓,创业板ETF易方达,159915.XSHE,2.296,2100.0,22600.0,,10.0,2024-11-14,2024-11,"创业板ETF易方达
159915.XSHE"
2024-11-15 09:46:00,加仓,500ETF,510500.XSHG,6.148,700.0,9260.0,,13.0,2024-11-15,2024-11,"500ETF
510500.XSHG"
2024-11-15 09:47:00,等级校准,500ETF,510500.XSHG,,,9260.0,,,2024-11-15,2024-11,"500ETF
510500.XSHG"
2024-11-15 14:12:00,加仓,创业板ETF易方达,159915.XSHE,2.226,2100.0,24700.0,,11.0,2024-11-15,2024-11,"创业板ETF易方达
159915.XSHE"
2024-11-18 09:35:00,加仓,1000ETF,512100.XSHG,2.481,1900.0,14868.0,,7.0,2024-11-18,2024-11,"1000ETF
512100.XSHG"
2024-11-18 09:48:00,加仓,500ETF,510500.XSHG,5.961,800.0,10060.0,,12.0,2024-11-18,2024-11,"500ETF
510500.XSHG"
2024-11-18 09:49:00,加仓,创业板ETF易方达,159915.XSHE,2.156,2200.0,26900.0,,12.0,2024-11-18,2024-11,"创业板ETF易方达
159915.XSHE"
2024-11-18 09:50:00,等级校准,创业板ETF易方达,159915.XSHE,,,26900.0,,,2024-11-18,2024-11,"创业板ETF易方达
159915.XSHE"
2024-11-20 09:31:00,止盈,黄金ETF,518880.XSHG,5.891,800.0,3300.0,160.33,4.0,2024-11-20,2024-11,"黄金ETF
518880.XSHG"
2024-11-20 11:22:00,止盈,创业板ETF易方达,159915.XSHE,2.221,2300.0,24600.0,148.99,11.0,2024-11-20,2024-11,"创业板ETF易方达
159915.XSHE"
2024-11-22 14:39:00,加仓,创业板ETF易方达,159915.XSHE,2.152,2200.0,26800.0,,12.0,2024-11-22,2024-11,"创业板ETF易方达
159915.XSHE"
2024-11-22 14:40:00,等级校准,创业板ETF易方达,159915.XSHE,,,26800.0,,,2024-11-22,2024-11,"创业板ETF易方达
159915.XSHE"
2024-11-25 13:59:00,加仓,500ETF,510500.XSHG,5.782,800.0,10860.0,,13.0,2024-11-25,2024-11,"500ETF
510500.XSHG"
2024-11-27 09:35:00,加仓,1000ETF,512100.XSHG,2.403,2000.0,16868.0,,8.0,2024-11-27,2024-11,"1000ETF
512100.XSHG"
2024-11-27 09:48:00,加仓,创业板ETF易方达,159915.XSHE,2.085,2300.0,29100.0,,12.0,2024-11-27,2024-11,"创业板ETF易方达
159915.XSHE"
2024-11-27 14:25:00,止盈,创业板ETF易方达,159915.XSHE,2.148,2300.0,26800.0,144.41,11.0,2024-11-27,2024-11,"创业板ETF易方达
159915.XSHE"
2024-11-27 14:46:00,止盈,1000ETF,512100.XSHG,2.476,2000.0,14868.0,145.5,7.0,2024-11-27,2024-11,"1000ETF
512100.XSHG"
2024-11-29 11:25:00,止盈,500ETF,510500.XSHG,5.956,800.0,10060.0,138.72,12.0,2024-11-29,2024-11,"500ETF
510500.XSHG"
2024-11-29 13:02:00,止盈,创业板ETF易方达,159915.XSHE,2.219,2300.0,24500.0,162.79,11.0,2024-11-29,2024-11,"创业板ETF易方达
159915.XSHE"
2024-12-02 10:12:00,止盈,1000ETF,512100.XSHG,2.552,2000.0,12868.0,151.49,6.0,2024-12-02,2024-12,"1000ETF
512100.XSHG"
2024-12-03 09:36:00,止盈,纳指ETF,513100.XSHG,1.561,3300.0,19500.0,151.28,6.0,2024-12-03,2024-12,"纳指ETF
513100.XSHG"
2024-12-09 13:20:00,止盈,纳指ETF,513100.XSHG,1.608,3200.0,16300.0,149.89,5.0,2024-12-09,2024-12,"纳指ETF
513100.XSHG"
2024-12-10 09:31:00,止盈,500ETF,510500.XSHG,6.266,800.0,9260.0,247.5,13.0,2024-12-10,2024-12,"500ETF
510500.XSHG"
2024-12-10 09:31:00,止盈,1000ETF,512100.XSHG,2.642,1900.0,10968.0,170.5,6.0,2024-12-10,2024-12,"1000ETF
512100.XSHG"
2024-12-10 09:31:00,止盈,创业板ETF易方达,159915.XSHE,2.312,2200.0,22300.0,204.09,10.0,2024-12-10,2024-12,"创业板ETF易方达
159915.XSHE"
2024-12-10 13:32:00,加仓,创业板ETF易方达,159915.XSHE,2.242,2100.0,24400.0,,11.0,2024-12-10,2024-12,"创业板ETF易方达
159915.XSHE"
2024-12-16 09:32:00,加仓,500ETF,510500.XSHG,6.068,700.0,9960.0,,14.0,2024-12-16,2024-12,"500ETF
510500.XSHG"
2024-12-16 09:33:00,等级校准,500ETF,510500.XSHG,,,9960.0,,,2024-12-16,2024-12,"500ETF
510500.XSHG"
2024-12-16 09:41:00,加仓,创业板ETF易方达,159915.XSHE,2.174,2200.0,26600.0,,12.0,2024-12-16,2024-12,"创业板ETF易方达
159915.XSHE"
2024-12-16 10:04:00,加仓,1000ETF,512100.XSHG,2.562,1800.0,12768.0,,7.0,2024-12-16,2024-12,"1000ETF
512100.XSHG"
2024-12-16 10:05:00,等级校准,1000ETF,512100.XSHG,,,12768.0,,,2024-12-16,2024-12,"1000ETF
512100.XSHG"
2024-12-17 09:31:00,止盈,纳指ETF,513100.XSHG,1.677,3100.0,13200.0,213.38,4.0,2024-12-17,2024-12,"纳指ETF
513100.XSHG"
2024-12-19 09:31:00,加仓,纳指ETF,513100.XSHG,1.618,2900.0,16100.0,,5.0,2024-12-19,2024-12,"纳指ETF
513100.XSHG"
2024-12-19 10:04:00,加仓,1000ETF,512100.XSHG,2.484,1900.0,14668.0,,7.0,2024-12-19,2024-12,"1000ETF
512100.XSHG"
2024-12-20 11:11:00,止盈,1000ETF,512100.XSHG,2.56,2000.0,12668.0,151.49,6.0,2024-12-20,2024-12,"1000ETF
512100.XSHG"
2024-12-23 14:08:00,加仓,1000ETF,512100.XSHG,2.483,1900.0,14568.0,,7.0,2024-12-23,2024-12,"1000ETF
512100.XSHG"
2024-12-24 09:31:00,止盈,纳指ETF,513100.XSHG,1.673,3000.0,13100.0,164.5,4.0,2024-12-24,2024-12,"纳指ETF
513100.XSHG"
2024-12-31 09:32:00,加仓,纳指ETF,513100.XSHG,1.622,2900.0,16000.0,,5.0,2024-12-31,2024-12,"纳指ETF
513100.XSHG"
2024-12-31 11:09:00,加仓,500ETF,510500.XSHG,5.885,800.0,10760.0,,13.0,2024-12-31,2024-12,"500ETF
510500.XSHG"
2024-12-31 14:30:00,加仓,创业板ETF易方达,159915.XSHE,2.106,2200.0,28800.0,,13.0,2024-12-31,2024-12,"创业板ETF易方达
159915.XSHE"
2024-12-31 14:31:00,等级校准,创业板ETF易方达,159915.XSHE,,,28800.0,,,2024-12-31,2024-12,"创业板ETF易方达
159915.XSHE"
2025-01-02 09:32:00,加仓,1000ETF,512100.XSHG,2.408,2000.0,16568.0,,8.0,2025-01-02,2025-01,"1000ETF
512100.XSHG"
2025-01-02 13:38:00,加仓,500ETF,510500.XSHG,5.707,800.0,11560.0,,14.0,2025-01-02,2025-01,"500ETF
510500.XSHG"
2025-01-02 13:48:00,加仓,创业板ETF易方达,159915.XSHE,2.042,2300.0,31100.0,,13.0,2025-01-02,2025-01,"创业板ETF易方达
159915.XSHE"
2025-01-02 13:49:00,等级校准,创业板ETF易方达,159915.XSHE,,,31100.0,,,2025-01-02,2025-01,"创业板ETF易方达
159915.XSHE"
2025-01-02 14:40:00,加仓,1000ETF,512100.XSHG,2.335,2000.0,18568.0,,9.0,2025-01-02,2025-01,"1000ETF
512100.XSHG"
2025-01-02 14:41:00,等级校准,1000ETF,512100.XSHG,,,18568.0,,,2025-01-02,2025-01,"1000ETF
512100.XSHG"
2025-01-03 14:13:00,加仓,500ETF,510500.XSHG,5.531,800.0,12360.0,,15.0,2025-01-03,2025-01,"500ETF
510500.XSHG"
2025-01-03 14:14:00,等级校准,500ETF,510500.XSHG,,,12360.0,,,2025-01-03,2025-01,"500ETF
510500.XSHG"
2025-01-03 14:17:00,加仓,创业板ETF易方达,159915.XSHE,1.98,2400.0,33500.0,,13.0,2025-01-03,2025-01,"创业板ETF易方达
159915.XSHE"
2025-01-06 14:33:00,加仓,1000ETF,512100.XSHG,2.261,2100.0,20668.0,,9.0,2025-01-06,2025-01,"1000ETF
512100.XSHG"
2025-01-07 09:31:00,止盈,纳指ETF,513100.XSHG,1.687,3000.0,13000.0,194.49,4.0,2025-01-07,2025-01,"纳指ETF
513100.XSHG"
2025-01-08 09:31:00,加仓,纳指ETF,513100.XSHG,1.634,2900.0,15900.0,,5.0,2025-01-08,2025-01,"纳指ETF
513100.XSHG"
2025-01-10 09:31:00,止盈,黄金ETF,518880.XSHG,6.083,800.0,2500.0,153.11,3.0,2025-01-10,2025-01,"黄金ETF
518880.XSHG"
2025-01-13 09:31:00,加仓,创业板ETF易方达,159915.XSHE,1.92,2500.0,36000.0,,14.0,2025-01-13,2025-01,"创业板ETF易方达
159915.XSHE"
2025-01-13 09:32:00,等级校准,创业板ETF易方达,159915.XSHE,,,36000.0,,,2025-01-13,2025-01,"创业板ETF易方达
159915.XSHE"
2025-01-14 09:59:00,止盈,创业板ETF易方达,159915.XSHE,1.978,2600.0,33400.0,150.29,13.0,2025-01-14,2025-01,"创业板ETF易方达
159915.XSHE"
2025-01-14 10:58:00,止盈,1000ETF,512100.XSHG,2.329,2200.0,18468.0,149.09,8.0,2025-01-14,2025-01,"1000ETF
512100.XSHG"
2025-01-16 09:45:00,止盈,创业板ETF易方达,159915.XSHE,2.038,2500.0,30900.0,149.49,12.0,2025-01-16,2025-01,"创业板ETF易方达
159915.XSHE"
2025-01-23 09:41:00,止盈,500ETF,510500.XSHG,5.709,900.0,11460.0,159.69,14.0,2025-01-23,2025-01,"500ETF
510500.XSHG"
2025-01-23 09:41:00,止盈,创业板ETF易方达,159915.XSHE,2.101,2400.0,28500.0,150.7,12.0,2025-01-23,2025-01,"创业板ETF易方达
159915.XSHE"
2025-01-27 14:42:00,加仓,创业板ETF易方达,159915.XSHE,2.037,2300.0,30800.0,,13.0,2025-01-27,2025-01,"创业板ETF易方达
159915.XSHE"
2025-01-27 14:43:00,等级校准,创业板ETF易方达,159915.XSHE,,,30800.0,,,2025-01-27,2025-01,"创业板ETF易方达
159915.XSHE"
2025-02-05 09:31:00,止盈,黄金ETF,518880.XSHG,6.4,800.0,1700.0,253.09,2.0,2025-02-05,2025-02,"黄金ETF
518880.XSHG"
2025-02-06 10:50:00,止盈,1000ETF,512100.XSHG,2.399,2100.0,16368.0,146.5,8.0,2025-02-06,2025-02,"1000ETF
512100.XSHG"
2025-02-07 09:52:00,止盈,创业板ETF易方达,159915.XSHE,2.1,2400.0,28400.0,150.7,12.0,2025-02-07,2025-02,"创业板ETF易方达
159915.XSHE"
2025-02-07 11:09:00,止盈,1000ETF,512100.XSHG,2.471,2000.0,14368.0,143.51,7.0,2025-02-07,2025-02,"1000ETF
512100.XSHG"
2025-02-07 11:26:00,止盈,500ETF,510500.XSHG,5.886,800.0,10660.0,141.13,13.0,2025-02-07,2025-02,"500ETF
510500.XSHG"
2025-02-11 09:31:00,止盈,黄金ETF,518880.XSHG,6.622,700.0,1000.0,154.94,1.0,2025-02-11,2025-02,"黄金ETF
518880.XSHG"
2025-02-14 10:51:00,止盈,创业板ETF易方达,159915.XSHE,2.167,2300.0,26100.0,153.6,11.0,2025-02-14,2025-02,"创业板ETF易方达
159915.XSHE"
2025-02-21 09:41:00,止盈,1000ETF,512100.XSHG,2.546,2000.0,12368.0,149.49,6.0,2025-02-21,2025-02,"1000ETF
512100.XSHG"
2025-02-21 13:02:00,止盈,创业板ETF易方达,159915.XSHE,2.235,2300.0,23800.0,155.89,10.0,2025-02-21,2025-02,"创业板ETF易方达
159915.XSHE"
2025-02-21 14:22:00,止盈,500ETF,510500.XSHG,6.063,800.0,9860.0,141.11,12.0,2025-02-21,2025-02,"500ETF
510500.XSHG"
2025-02-24 09:31:00,加仓,纳指ETF,513100.XSHG,1.581,3000.0,18900.0,,6.0,2025-02-24,2025-02,"纳指ETF
513100.XSHG"
2025-02-28 09:31:00,加仓,纳指ETF,513100.XSHG,1.528,3100.0,22000.0,,7.0,2025-02-28,2025-02,"纳指ETF
513100.XSHG"
2025-02-28 09:32:00,等级校准,纳指ETF,513100.XSHG,,,22000.0,,,2025-02-28,2025-02,"纳指ETF
513100.XSHG"
2025-02-28 10:57:00,加仓,创业板ETF易方达,159915.XSHE,2.167,2200.0,26000.0,,11.0,2025-02-28,2025-02,"创业板ETF易方达
159915.XSHE"
2025-02-28 14:11:00,加仓,500ETF,510500.XSHG,5.881,800.0,10660.0,,13.0,2025-02-28,2025-02,"500ETF
510500.XSHG"
2025-03-06 14:31:00,止盈,500ETF,510500.XSHG,6.058,800.0,9860.0,141.12,12.0,2025-03-06,2025-03,"500ETF
510500.XSHG"
2025-03-06 14:33:00,止盈,1000ETF,512100.XSHG,2.623,1900.0,10468.0,145.8,5.0,2025-03-06,2025-03,"1000ETF
512100.XSHG"
2025-03-11 09:31:00,加仓,纳指ETF,513100.XSHG,1.429,3200.0,25200.0,,7.0,2025-03-11,2025-03,"纳指ETF
513100.XSHG"
2025-03-20 09:31:00,止盈,黄金ETF,518880.XSHG,6.821,700.0,300.0,138.82,1.0,2025-03-20,2025-03,"黄金ETF
518880.XSHG"
2025-03-20 10:43:00,止盈,纳指ETF,513100.XSHG,1.472,3400.0,21800.0,145.7,6.0,2025-03-20,2025-03,"纳指ETF
513100.XSHG"
2025-03-24 10:02:00,加仓,1000ETF,512100.XSHG,2.544,1900.0,12368.0,,6.0,2025-03-24,2025-03,"1000ETF
512100.XSHG"
2025-03-24 13:06:00,加仓,创业板ETF易方达,159915.XSHE,2.101,2300.0,28300.0,,12.0,2025-03-24,2025-03,"创业板ETF易方达
159915.XSHE"
2025-03-25 09:31:00,止盈,纳指ETF,513100.XSHG,1.523,3300.0,18500.0,167.8,5.0,2025-03-25,2025-03,"纳指ETF
513100.XSHG"
2025-03-28 09:31:00,加仓,纳指ETF,513100.XSHG,1.477,3200.0,21700.0,,6.0,2025-03-28,2025-03,"纳指ETF
513100.XSHG"
2025-03-31 09:31:00,加仓,纳指ETF,513100.XSHG,1.428,3300.0,25000.0,,7.0,2025-03-31,2025-03,"纳指ETF
513100.XSHG"
2025-03-31 09:34:00,加仓,500ETF,510500.XSHG,5.873,800.0,10660.0,,13.0,2025-03-31,2025-03,"500ETF
510500.XSHG"
2025-03-31 11:11:00,止盈（部分）,黄金ETF,518880.XSHG,7.035,300.0,0.0,63.99,0.0,2025-03-31,2025-03,"黄金ETF
518880.XSHG"
2025-03-31 11:11:00,清仓,黄金ETF,518880.XSHG,,,,,0.0,2025-03-31,2025-03,"黄金ETF
518880.XSHG"
2025-03-31 11:12:00,重装建仓,黄金ETF,518880.XSHG,7.012,7100.0,7100.0,,,2025-03-31,2025-03,"黄金ETF
518880.XSHG"
2025-03-31 11:13:00,底仓到账,黄金ETF,518880.XSHG,,,7100.0,,10.0,2025-03-31,2025-03,"黄金ETF
518880.XSHG"
2025-03-31 11:13:00,加仓,1000ETF,512100.XSHG,2.466,1900.0,14268.0,,7.0,2025-03-31,2025-03,"1000ETF
512100.XSHG"
2025-04-03 10:12:00,加仓,创业板ETF易方达,159915.XSHE,2.037,2300.0,30600.0,,13.0,2025-04-03,2025-04,"创业板ETF易方达
159915.XSHE"
2025-04-03 10:13:00,等级校准,创业板ETF易方达,159915.XSHE,,,30600.0,,,2025-04-03,2025-04,"创业板ETF易方达
159915.XSHE"
2025-04-07 09:31:00,加仓,纳指ETF,513100.XSHG,1.272,3500.0,28500.0,,8.0,2025-04-07,2025-04,"纳指ETF
513100.XSHG"
2025-04-07 09:31:00,加仓,500ETF,510500.XSHG,5.624,800.0,11460.0,,14.0,2025-04-07,2025-04,"500ETF
510500.XSHG"
2025-04-07 09:31:00,加仓,1000ETF,512100.XSHG,2.371,2000.0,16268.0,,8.0,2025-04-07,2025-04,"1000ETF
512100.XSHG"
2025-04-07 09:31:00,加仓,创业板ETF易方达,159915.XSHE,1.911,2400.0,33000.0,,13.0,2025-04-07,2025-04,"创业板ETF易方达
159915.XSHE"
2025-04-07 09:32:00,等级校准,纳指ETF,513100.XSHG,,,28500.0,,,2025-04-07,2025-04,"纳指ETF
513100.XSHG"
2025-04-07 09:32:00,等级校准,1000ETF,512100.XSHG,,,16268.0,,,2025-04-07,2025-04,"1000ETF
512100.XSHG"
2025-04-07 09:32:00,等级校准,创业板ETF易方达,159915.XSHE,,,33000.0,,,2025-04-07,2025-04,"创业板ETF易方达
159915.XSHE"
2025-04-07 09:40:00,加仓,500ETF,510500.XSHG,5.452,800.0,12260.0,,15.0,2025-04-07,2025-04,"500ETF
510500.XSHG"
2025-04-07 09:40:00,加仓,1000ETF,512100.XSHG,2.295,2100.0,18368.0,,8.0,2025-04-07,2025-04,"1000ETF
512100.XSHG"
2025-04-07 09:40:00,加仓,创业板ETF易方达,159915.XSHE,1.852,2600.0,35600.0,,13.0,2025-04-07,2025-04,"创业板ETF易方达
159915.XSHE"
2025-04-07 09:41:00,等级校准,500ETF,510500.XSHG,,,12260.0,,,2025-04-07,2025-04,"500ETF
510500.XSHG"
2025-04-07 09:53:00,加仓,创业板ETF易方达,159915.XSHE,1.795,2600.0,38200.0,,14.0,2025-04-07,2025-04,"创业板ETF易方达
159915.XSHE"
2025-04-07 10:01:00,止盈,创业板ETF易方达,159915.XSHE,1.85,2700.0,35500.0,148.0,13.0,2025-04-07,2025-04,"创业板ETF易方达
159915.XSHE"
2025-04-07 13:45:00,加仓,创业板ETF易方达,159915.XSHE,1.794,2700.0,38200.0,,14.0,2025-04-07,2025-04,"创业板ETF易方达
159915.XSHE"
2025-04-07 13:59:00,加仓,500ETF,510500.XSHG,5.288,900.0,13160.0,,14.0,2025-04-07,2025-04,"500ETF
510500.XSHG"
2025-04-07 14:16:00,加仓,创业板ETF易方达,159915.XSHE,1.738,2700.0,40900.0,,15.0,2025-04-07,2025-04,"创业板ETF易方达
159915.XSHE"
2025-04-07 14:17:00,等级校准,创业板ETF易方达,159915.XSHE,,,40900.0,,,2025-04-07,2025-04,"创业板ETF易方达
159915.XSHE"
2025-04-08 09:31:00,加仓,1000ETF,512100.XSHG,2.213,2100.0,20468.0,,9.0,2025-04-08,2025-04,"1000ETF
512100.XSHG"
2025-04-08 09:31:00,止盈,创业板ETF易方达,159915.XSHE,1.808,2800.0,38100.0,195.49,14.0,2025-04-08,2025-04,"创业板ETF易方达
159915.XSHE"
2025-04-08 09:32:00,止盈,纳指ETF,513100.XSHG,1.312,3900.0,24600.0,155.49,6.0,2025-04-08,2025-04,"纳指ETF
513100.XSHG"
2025-04-09 09:31:00,加仓,纳指ETF,513100.XSHG,1.27,3800.0,28400.0,,7.0,2025-04-09,2025-04,"纳指ETF
513100.XSHG"
2025-04-09 09:32:00,加仓,1000ETF,512100.XSHG,2.142,2200.0,22668.0,,10.0,2025-04-09,2025-04,"1000ETF
512100.XSHG"
2025-04-09 09:33:00,等级校准,1000ETF,512100.XSHG,,,22668.0,,,2025-04-09,2025-04,"1000ETF
512100.XSHG"
2025-04-09 09:38:00,加仓,创业板ETF易方达,159915.XSHE,1.75,2700.0,40800.0,,15.0,2025-04-09,2025-04,"创业板ETF易方达
159915.XSHE"
2025-04-09 09:39:00,等级校准,创业板ETF易方达,159915.XSHE,,,40800.0,,,2025-04-09,2025-04,"创业板ETF易方达
159915.XSHE"
2025-04-09 10:01:00,止盈,创业板ETF易方达,159915.XSHE,1.804,2800.0,38000.0,150.69,14.0,2025-04-09,2025-04,"创业板ETF易方达
159915.XSHE"
2025-04-09 10:03:00,止盈,1000ETF,512100.XSHG,2.208,2300.0,20368.0,151.29,9.0,2025-04-09,2025-04,"1000ETF
512100.XSHG"
2025-04-09 10:45:00,止盈,纳指ETF,513100.XSHG,1.309,3900.0,24500.0,151.59,6.0,2025-04-09,2025-04,"纳指ETF
513100.XSHG"
2025-04-09 13:11:00,加仓,纳指ETF,513100.XSHG,1.269,3800.0,28300.0,,7.0,2025-04-09,2025-04,"纳指ETF
513100.XSHG"
2025-04-09 14:16:00,止盈,500ETF,510500.XSHG,5.448,900.0,12260.0,143.51,13.0,2025-04-09,2025-04,"500ETF
510500.XSHG"
2025-04-09 14:35:00,止盈,1000ETF,512100.XSHG,2.275,2200.0,18168.0,146.9,8.0,2025-04-09,2025-04,"1000ETF
512100.XSHG"
2025-04-10 09:31:00,止盈,纳指ETF,513100.XSHG,1.43,3900.0,24400.0,627.34,7.0,2025-04-10,2025-04,"纳指ETF
513100.XSHG"
2025-04-10 09:31:00,止盈,创业板ETF易方达,159915.XSHE,1.881,2700.0,35300.0,207.39,13.0,2025-04-10,2025-04,"创业板ETF易方达
159915.XSHE"
2025-04-10 09:52:00,止盈,1000ETF,512100.XSHG,2.345,2100.0,16068.0,146.51,7.0,2025-04-10,2025-04,"1000ETF
512100.XSHG"
2025-04-11 09:31:00,加仓,纳指ETF,513100.XSHG,1.372,3400.0,27800.0,,8.0,2025-04-11,2025-04,"纳指ETF
513100.XSHG"
2025-04-11 09:31:00,止盈,黄金ETF,518880.XSHG,7.324,700.0,6400.0,217.89,10.0,2025-04-11,2025-04,"黄金ETF
518880.XSHG"
2025-04-11 09:32:00,等级校准,纳指ETF,513100.XSHG,,,27800.0,,,2025-04-11,2025-04,"纳指ETF
513100.XSHG"
2025-04-11 13:44:00,止盈,500ETF,510500.XSHG,5.617,900.0,11360.0,151.59,14.0,2025-04-11,2025-04,"500ETF
510500.XSHG"
2025-04-11 14:02:00,止盈,纳指ETF,513100.XSHG,1.415,3600.0,24200.0,154.29,6.0,2025-04-11,2025-04,"纳指ETF
513100.XSHG"
2025-04-17 09:31:00,止盈,黄金ETF,518880.XSHG,7.65,600.0,5800.0,195.14,9.0,2025-04-17,2025-04,"黄金ETF
518880.XSHG"
2025-04-21 09:32:00,加仓,纳指ETF,513100.XSHG,1.372,3500.0,27700.0,,7.0,2025-04-21,2025-04,"纳指ETF
513100.XSHG"
2025-04-22 09:34:00,止盈,黄金ETF,518880.XSHG,7.886,600.0,5200.0,141.13,8.0,2025-04-22,2025-04,"黄金ETF
518880.XSHG"
2025-04-23 10:57:00,加仓,黄金ETF,518880.XSHG,7.637,600.0,5800.0,,9.0,2025-04-23,2025-04,"黄金ETF
518880.XSHG"
2025-04-23 14:53:00,止盈,纳指ETF,513100.XSHG,1.414,3600.0,24100.0,150.69,6.0,2025-04-23,2025-04,"纳指ETF
513100.XSHG"
2025-05-06 09:31:00,止盈,纳指ETF,513100.XSHG,1.468,3500.0,20600.0,188.49,6.0,2025-05-06,2025-05,"纳指ETF
513100.XSHG"
2025-05-06 09:32:00,止盈,创业板ETF易方达,159915.XSHE,1.941,2600.0,32700.0,155.5,13.0,2025-05-06,2025-05,"创业板ETF易方达
159915.XSHE"
2025-05-06 09:58:00,止盈,1000ETF,512100.XSHG,2.416,2100.0,13968.0,148.59,6.0,2025-05-06,2025-05,"1000ETF
512100.XSHG"
2025-05-07 09:31:00,止盈,500ETF,510500.XSHG,5.817,800.0,10560.0,159.53,13.0,2025-05-07,2025-05,"500ETF
510500.XSHG"
2025-05-07 09:32:00,止盈,创业板ETF易方达,159915.XSHE,2.002,2500.0,30200.0,152.0,12.0,2025-05-07,2025-05,"创业板ETF易方达
159915.XSHE"
2025-05-12 09:31:00,止盈,纳指ETF,513100.XSHG,1.514,3400.0,17200.0,155.89,5.0,2025-05-12,2025-05,"纳指ETF
513100.XSHG"
2025-05-12 09:31:00,加仓,黄金ETF,518880.XSHG,7.347,600.0,6400.0,,10.0,2025-05-12,2025-05,"黄金ETF
518880.XSHG"
2025-05-14 09:47:00,止盈,纳指ETF,513100.XSHG,1.561,3300.0,13900.0,154.58,4.0,2025-05-14,2025-05,"纳指ETF
513100.XSHG"
2025-05-14 13:42:00,止盈,创业板ETF易方达,159915.XSHE,2.063,2400.0,27800.0,145.9,11.0,2025-05-14,2025-05,"创业板ETF易方达
159915.XSHE"
2025-05-15 10:26:00,加仓,黄金ETF,518880.XSHG,7.123,600.0,7000.0,,11.0,2025-05-15,2025-05,"黄金ETF
518880.XSHG"
2025-05-15 10:27:00,等级校准,黄金ETF,518880.XSHG,,,7000.0,,,2025-05-15,2025-05,"黄金ETF
518880.XSHG"
2025-05-19 09:32:00,加仓,创业板ETF易方达,159915.XSHE,1.999,2400.0,30200.0,,12.0,2025-05-19,2025-05,"创业板ETF易方达
159915.XSHE"
2025-05-21 09:31:00,止盈,黄金ETF,518880.XSHG,7.38,700.0,6300.0,179.38,10.0,2025-05-21,2025-05,"黄金ETF
518880.XSHG"
2025-05-27 09:42:00,加仓,500ETF,510500.XSHG,5.642,800.0,11360.0,,14.0,2025-05-27,2025-05,"500ETF
510500.XSHG"
2025-06-09 09:42:00,止盈,500ETF,510500.XSHG,5.814,800.0,10560.0,137.13,13.0,2025-06-09,2025-06,"500ETF
510500.XSHG"
2025-06-09 09:43:00,止盈,1000ETF,512100.XSHG,2.489,2000.0,11968.0,145.5,5.0,2025-06-09,2025-06,"1000ETF
512100.XSHG"
2025-06-13 09:31:00,止盈,黄金ETF,518880.XSHG,7.619,600.0,5700.0,142.94,9.0,2025-06-13,2025-06,"黄金ETF
518880.XSHG"
2025-06-23 09:31:00,加仓,1000ETF,512100.XSHG,2.41,2000.0,13968.0,,6.0,2025-06-23,2025-06,"1000ETF
512100.XSHG"
2025-06-24 10:13:00,止盈,1000ETF,512100.XSHG,2.483,2000.0,11968.0,145.5,5.0,2025-06-24,2025-06,"1000ETF
512100.XSHG"
2025-06-24 13:54:00,加仓,黄金ETF,518880.XSHG,7.387,600.0,6300.0,,10.0,2025-06-24,2025-06,"黄金ETF
518880.XSHG"
2025-06-25 09:35:00,止盈,创业板ETF易方达,159915.XSHE,2.059,2500.0,27700.0,149.49,11.0,2025-06-25,2025-06,"创业板ETF易方达
159915.XSHE"
2025-06-27 09:31:00,止盈,纳指ETF,513100.XSHG,1.612,3200.0,10700.0,162.68,3.0,2025-06-27,2025-06,"纳指ETF
513100.XSHG"
2025-06-27 10:14:00,止盈,创业板ETF易方达,159915.XSHE,2.121,2400.0,25300.0,148.29,11.0,2025-06-27,2025-06,"创业板ETF易方达
159915.XSHE"
2025-06-30 13:21:00,止盈,1000ETF,512100.XSHG,2.558,2000.0,9968.0,149.49,5.0,2025-06-30,2025-06,"1000ETF
512100.XSHG"
2025-07-04 13:10:00,止盈,500ETF,510500.XSHG,5.989,800.0,9760.0,139.52,12.0,2025-07-04,2025-07,"500ETF
510500.XSHG"
2025-07-11 10:26:00,止盈,创业板ETF易方达,159915.XSHE,2.185,2300.0,23000.0,146.7,10.0,2025-07-11,2025-07,"创业板ETF易方达
159915.XSHE"
2025-07-17 13:42:00,止盈,1000ETF,512100.XSHG,2.635,1900.0,8068.0,145.8,4.0,2025-07-17,2025-07,"1000ETF
512100.XSHG"
2025-07-18 09:31:00,止盈,创业板ETF易方达,159915.XSHE,2.256,2200.0,20800.0,155.7,9.0,2025-07-18,2025-07,"创业板ETF易方达
159915.XSHE"
2025-07-18 09:33:00,止盈,500ETF,510500.XSHG,6.171,800.0,8960.0,145.11,11.0,2025-07-18,2025-07,"500ETF
510500.XSHG"
2025-07-18 09:40:00,止盈,纳指ETF,513100.XSHG,1.661,3100.0,7600.0,151.39,2.0,2025-07-18,2025-07,"纳指ETF
513100.XSHG"
2025-07-24 14:35:00,止盈,500ETF,510500.XSHG,6.359,800.0,8160.0,149.89,11.0,2025-07-24,2025-07,"500ETF
510500.XSHG"
2025-07-25 09:31:00,止盈,创业板ETF易方达,159915.XSHE,2.324,2200.0,18600.0,149.09,8.0,2025-07-25,2025-07,"创业板ETF易方达
159915.XSHE"
2025-07-28 10:06:00,止盈,1000ETF,512100.XSHG,2.715,1800.0,6268.0,143.51,3.0,2025-07-28,2025-07,"1000ETF
512100.XSHG"
2025-08-11 10:06:00,止盈,1000ETF,512100.XSHG,2.797,1800.0,4468.0,147.1,2.0,2025-08-11,2025-08,"1000ETF
512100.XSHG"
2025-08-13 09:31:00,止盈,纳指ETF,513100.XSHG,1.721,3000.0,4600.0,179.48,1.0,2025-08-13,2025-08,"纳指ETF
513100.XSHG"
2025-08-13 09:31:00,止盈,创业板ETF易方达,159915.XSHE,2.395,2100.0,16500.0,148.6,8.0,2025-08-13,2025-08,"创业板ETF易方达
159915.XSHE"
2025-08-13 11:08:00,止盈,500ETF,510500.XSHG,6.55,700.0,7460.0,133.24,10.0,2025-08-13,2025-08,"500ETF
510500.XSHG"
2025-08-13 13:17:00,止盈,创业板ETF易方达,159915.XSHE,2.467,2000.0,14500.0,143.51,7.0,2025-08-13,2025-08,"创业板ETF易方达
159915.XSHE"
2025-08-15 14:59:00,止盈,1000ETF,512100.XSHG,2.881,1700.0,2768.0,142.31,1.0,2025-08-15,2025-08,"1000ETF
512100.XSHG"
2025-08-18 09:58:00,止盈,创业板ETF易方达,159915.XSHE,2.544,2000.0,12500.0,153.49,6.0,2025-08-18,2025-08,"创业板ETF易方达
159915.XSHE"
2025-08-18 10:35:00,止盈,500ETF,510500.XSHG,6.749,700.0,6760.0,138.83,9.0,2025-08-18,2025-08,"500ETF
510500.XSHG"
2025-08-21 09:38:00,止盈,1000ETF,512100.XSHG,2.968,1700.0,1068.0,147.4,1.0,2025-08-21,2025-08,"1000ETF
512100.XSHG"
2025-08-22 10:51:00,止盈,创业板ETF易方达,159915.XSHE,2.623,1900.0,10600.0,149.6,5.0,2025-08-22,2025-08,"创业板ETF易方达
159915.XSHE"
2025-08-25 09:31:00,止盈,500ETF,510500.XSHG,6.972,700.0,6060.0,155.61,8.0,2025-08-25,2025-08,"500ETF
510500.XSHG"
2025-08-25 09:33:00,止盈,创业板ETF易方达,159915.XSHE,2.703,1900.0,8700.0,151.49,4.0,2025-08-25,2025-08,"创业板ETF易方达
159915.XSHE"
2025-08-27 11:16:00,止盈,创业板ETF易方达,159915.XSHE,2.787,1800.0,6900.0,150.7,4.0,2025-08-27,2025-08,"创业板ETF易方达
159915.XSHE"
2025-08-27 14:55:00,加仓,创业板ETF易方达,159915.XSHE,2.702,1700.0,8600.0,,5.0,2025-08-27,2025-08,"创业板ETF易方达
159915.XSHE"
2025-08-27 14:56:00,等级校准,创业板ETF易方达,159915.XSHE,,,8600.0,,,2025-08-27,2025-08,"创业板ETF易方达
159915.XSHE"
2025-08-28 14:42:00,止盈,创业板ETF易方达,159915.XSHE,2.785,1800.0,6800.0,148.9,4.0,2025-08-28,2025-08,"创业板ETF易方达
159915.XSHE"
2025-08-29 10:28:00,止盈,创业板ETF易方达,159915.XSHE,2.87,1700.0,5100.0,144.01,3.0,2025-08-29,2025-08,"创业板ETF易方达
159915.XSHE"
2025-09-01 09:40:00,止盈,500ETF,510500.XSHG,7.183,700.0,5360.0,147.2,8.0,2025-09-01,2025-09,"500ETF
510500.XSHG"
2025-09-01 10:09:00,止盈,黄金ETF,518880.XSHG,7.609,600.0,5700.0,132.74,9.0,2025-09-01,2025-09,"黄金ETF
518880.XSHG"
2025-09-01 14:25:00,加仓,纳指ETF,513100.XSHG,1.669,2900.0,7500.0,,2.0,2025-09-01,2025-09,"纳指ETF
513100.XSHG"
2025-09-03 13:37:00,加仓,500ETF,510500.XSHG,6.966,600.0,5960.0,,9.0,2025-09-03,2025-09,"500ETF
510500.XSHG"
2025-09-03 13:38:00,等级校准,500ETF,510500.XSHG,,,5960.0,,,2025-09-03,2025-09,"500ETF
510500.XSHG"
2025-09-04 10:40:00,加仓,1000ETF,512100.XSHG,2.878,1600.0,2668.0,,2.0,2025-09-04,2025-09,"1000ETF
512100.XSHG"
2025-09-04 10:41:00,等级校准,1000ETF,512100.XSHG,,,2668.0,,,2025-09-04,2025-09,"1000ETF
512100.XSHG"
2025-09-04 10:50:00,加仓,创业板ETF易方达,159915.XSHE,2.783,1700.0,6800.0,,4.0,2025-09-04,2025-09,"创业板ETF易方达
159915.XSHE"
2025-09-04 14:13:00,加仓,500ETF,510500.XSHG,6.755,700.0,6660.0,,9.0,2025-09-04,2025-09,"500ETF
510500.XSHG"
2025-09-05 13:50:00,止盈,创业板ETF易方达,159915.XSHE,2.869,1700.0,5100.0,145.71,3.0,2025-09-05,2025-09,"创业板ETF易方达
159915.XSHE"
2025-09-05 14:02:00,止盈,500ETF,510500.XSHG,6.958,700.0,5960.0,141.61,8.0,2025-09-05,2025-09,"500ETF
510500.XSHG"
2025-09-08 10:58:00,止盈,黄金ETF,518880.XSHG,7.839,600.0,5100.0,137.53,8.0,2025-09-08,2025-09,"黄金ETF
518880.XSHG"
2025-09-11 10:59:00,止盈,创业板ETF易方达,159915.XSHE,2.959,1700.0,3400.0,152.5,2.0,2025-09-11,2025-09,"创业板ETF易方达
159915.XSHE"
2025-09-11 11:12:00,止盈,1000ETF,512100.XSHG,2.965,1700.0,968.0,147.4,1.0,2025-09-11,2025-09,"1000ETF
512100.XSHG"
2025-09-11 13:07:00,止盈,500ETF,510500.XSHG,7.176,700.0,5260.0,152.1,8.0,2025-09-11,2025-09,"500ETF
510500.XSHG"
2025-09-15 09:38:00,止盈,创业板ETF易方达,159915.XSHE,3.05,1600.0,1800.0,145.11,1.0,2025-09-15,2025-09,"创业板ETF易方达
159915.XSHE"
2025-09-15 09:54:00,止盈,纳指ETF,513100.XSHG,1.72,2900.0,4600.0,147.4,1.0,2025-09-15,2025-09,"纳指ETF
513100.XSHG"
2025-09-17 11:06:00,止盈（部分）,1000ETF,512100.XSHG,3.055,900.0,68.0,80.73,0.0,2025-09-17,2025-09,"1000ETF
512100.XSHG"
2025-09-17 11:06:00,清仓-碎股,1000ETF,512100.XSHG,,,,,0.0,2025-09-17,2025-09,"1000ETF
512100.XSHG"
2025-09-17 11:06:00,清仓,1000ETF,512100.XSHG,,,,,0.0,2025-09-17,2025-09,"1000ETF
512100.XSHG"
2025-09-17 11:07:00,重装建仓,1000ETF,512100.XSHG,3.052,16300.0,16300.0,,,2025-09-17,2025-09,"1000ETF
512100.XSHG"
2025-09-17 11:08:00,底仓到账,1000ETF,512100.XSHG,,,16300.0,,10.0,2025-09-17,2025-09,"1000ETF
512100.XSHG"
2025-09-18 10:07:00,止盈,500ETF,510500.XSHG,7.393,600.0,4660.0,129.76,7.0,2025-09-18,2025-09,"500ETF
510500.XSHG"
2025-09-22 14:43:00,止盈,纳指ETF,513100.XSHG,1.772,2900.0,1700.0,150.29,1.0,2025-09-22,2025-09,"纳指ETF
513100.XSHG"
2025-09-23 09:31:00,止盈,黄金ETF,518880.XSHG,8.119,600.0,4500.0,167.51,7.0,2025-09-23,2025-09,"黄金ETF
518880.XSHG"
2025-09-23 10:28:00,加仓,1000ETF,512100.XSHG,2.958,1600.0,17900.0,,11.0,2025-09-23,2025-09,"1000ETF
512100.XSHG"
2025-09-23 10:34:00,加仓,500ETF,510500.XSHG,7.169,600.0,5260.0,,8.0,2025-09-23,2025-09,"500ETF
510500.XSHG"
2025-09-24 11:26:00,止盈,创业板ETF易方达,159915.XSHE,3.142,1600.0,200.0,146.7,1.0,2025-09-24,2025-09,"创业板ETF易方达
159915.XSHE"
2025-09-24 13:01:00,止盈,500ETF,510500.XSHG,7.389,600.0,4660.0,131.56,7.0,2025-09-24,2025-09,"500ETF
510500.XSHG"
2025-09-24 13:50:00,止盈,1000ETF,512100.XSHG,3.047,1600.0,16300.0,141.91,10.0,2025-09-24,2025-09,"1000ETF
512100.XSHG"
2025-09-25 14:31:00,止盈（部分）,创业板ETF易方达,159915.XSHE,3.237,200.0,0.0,18.9,0.0,2025-09-25,2025-09,"创业板ETF易方达
159915.XSHE"
2025-09-25 14:31:00,清仓,创业板ETF易方达,159915.XSHE,,,,,0.0,2025-09-25,2025-09,"创业板ETF易方达
159915.XSHE"
2025-09-25 14:32:00,重装建仓,创业板ETF易方达,159915.XSHE,3.237,15400.0,15400.0,,,2025-09-25,2025-09,"创业板ETF易方达
159915.XSHE"
2025-09-25 14:33:00,底仓到账,创业板ETF易方达,159915.XSHE,,,15400.0,,10.0,2025-09-25,2025-09,"创业板ETF易方达
159915.XSHE"
2025-09-26 14:29:00,加仓,创业板ETF易方达,159915.XSHE,3.139,1500.0,16900.0,,11.0,2025-09-26,2025-09,"创业板ETF易方达
159915.XSHE"
2025-09-30 09:37:00,止盈,创业板ETF易方达,159915.XSHE,3.235,1500.0,15400.0,143.51,10.0,2025-09-30,2025-09,"创业板ETF易方达
159915.XSHE"
2025-09-30 13:01:00,止盈,黄金ETF,518880.XSHG,8.375,600.0,3900.0,153.1,7.0,2025-09-30,2025-09,"黄金ETF
518880.XSHG"
2025-10-09 09:31:00,止盈（部分）,纳指ETF,513100.XSHG,1.843,1700.0,0.0,120.39,0.0,2025-10-09,2025-10,"纳指ETF
513100.XSHG"
2025-10-09 09:31:00,清仓,纳指ETF,513100.XSHG,,,,,0.0,2025-10-09,2025-10,"纳指ETF
513100.XSHG"
2025-10-09 09:31:00,止盈,黄金ETF,518880.XSHG,8.731,500.0,3400.0,177.56,6.0,2025-10-09,2025-10,"黄金ETF
518880.XSHG"
2025-10-09 09:32:00,重装建仓,纳指ETF,513100.XSHG,1.846,27000.0,27000.0,,,2025-10-09,2025-10,"纳指ETF
513100.XSHG"
2025-10-09 09:33:00,底仓到账,纳指ETF,513100.XSHG,,,27000.0,,10.0,2025-10-09,2025-10,"纳指ETF
513100.XSHG"
2025-10-09 10:14:00,止盈,500ETF,510500.XSHG,7.619,600.0,4060.0,137.54,6.0,2025-10-09,2025-10,"500ETF
510500.XSHG"
2025-10-10 10:07:00,加仓,创业板ETF易方达,159915.XSHE,3.136,1500.0,16900.0,,11.0,2025-10-10,2025-10,"创业板ETF易方达
159915.XSHE"
2025-10-13 09:31:00,加仓,500ETF,510500.XSHG,7.305,600.0,4660.0,,7.0,2025-10-13,2025-10,"500ETF
510500.XSHG"
2025-10-13 09:31:00,加仓,创业板ETF易方达,159915.XSHE,2.972,1500.0,18400.0,,12.0,2025-10-13,2025-10,"创业板ETF易方达
159915.XSHE"
2025-10-13 09:32:00,等级校准,创业板ETF易方达,159915.XSHE,,,18400.0,,,2025-10-13,2025-10,"创业板ETF易方达
159915.XSHE"
2025-10-13 09:48:00,止盈,创业板ETF易方达,159915.XSHE,3.062,1600.0,16800.0,143.51,10.0,2025-10-13,2025-10,"创业板ETF易方达
159915.XSHE"
2025-10-14 09:31:00,止盈,黄金ETF,518880.XSHG,9.085,500.0,2900.0,176.55,5.0,2025-10-14,2025-10,"黄金ETF
518880.XSHG"
2025-10-14 09:34:00,止盈,500ETF,510500.XSHG,7.525,600.0,4060.0,131.55,6.0,2025-10-14,2025-10,"500ETF
510500.XSHG"
2025-10-14 13:02:00,加仓,创业板ETF易方达,159915.XSHE,2.97,1600.0,18400.0,,11.0,2025-10-14,2025-10,"创业板ETF易方达
159915.XSHE"
2025-10-14 14:21:00,加仓,500ETF,510500.XSHG,7.298,600.0,4660.0,,7.0,2025-10-14,2025-10,"500ETF
510500.XSHG"
2025-10-17 09:31:00,止盈,黄金ETF,518880.XSHG,9.485,500.0,2400.0,199.53,4.0,2025-10-17,2025-10,"黄金ETF
518880.XSHG"
2025-10-17 10:01:00,加仓,1000ETF,512100.XSHG,2.955,1600.0,17900.0,,11.0,2025-10-17,2025-10,"1000ETF
512100.XSHG"
2025-10-21 11:21:00,止盈,创业板ETF易方达,159915.XSHE,3.06,1600.0,16800.0,143.51,10.0,2025-10-21,2025-10,"创业板ETF易方达
159915.XSHE"
2025-10-22 09:31:00,加仓,黄金ETF,518880.XSHG,8.984,500.0,2900.0,,5.0,2025-10-22,2025-10,"黄金ETF
518880.XSHG"
2025-10-24 09:31:00,止盈,纳指ETF,513100.XSHG,1.908,2700.0,24300.0,166.88,9.0,2025-10-24,2025-10,"纳指ETF
513100.XSHG"
2025-10-27 09:31:00,止盈,创业板ETF易方达,159915.XSHE,3.205,1600.0,15200.0,231.49,10.0,2025-10-27,2025-10,"创业板ETF易方达
159915.XSHE"
2025-10-28 09:31:00,止盈,纳指ETF,513100.XSHG,1.976,2600.0,21700.0,176.29,8.0,2025-10-28,2025-10,"纳指ETF
513100.XSHG"
2025-10-28 10:15:00,止盈,1000ETF,512100.XSHG,3.044,1600.0,16300.0,141.91,10.0,2025-10-28,2025-10,"1000ETF
512100.XSHG"
2025-10-28 10:53:00,加仓,黄金ETF,518880.XSHG,8.713,500.0,3400.0,,6.0,2025-10-28,2025-10,"黄金ETF
518880.XSHG"
2025-10-29 09:53:00,止盈,500ETF,510500.XSHG,7.518,600.0,4060.0,131.55,6.0,2025-10-29,2025-10,"500ETF
510500.XSHG"
2025-10-30 09:37:00,止盈,创业板ETF易方达,159915.XSHE,3.302,1500.0,13700.0,145.0,9.0,2025-10-30,2025-10,"创业板ETF易方达
159915.XSHE"
2025-10-31 09:47:00,加仓,创业板ETF易方达,159915.XSHE,3.2,1500.0,15200.0,,10.0,2025-10-31,2025-10,"创业板ETF易方达
159915.XSHE"
2025-11-03 10:36:00,加仓,创业板ETF易方达,159915.XSHE,3.103,1500.0,16700.0,,11.0,2025-11-03,2025-11,"创业板ETF易方达
159915.XSHE"
2025-11-03 10:37:00,等级校准,创业板ETF易方达,159915.XSHE,,,16700.0,,,2025-11-03,2025-11,"创业板ETF易方达
159915.XSHE"
2025-11-04 14:12:00,加仓,500ETF,510500.XSHG,7.29,600.0,4660.0,,7.0,2025-11-04,2025-11,"500ETF
510500.XSHG"
2025-11-05 09:31:00,加仓,纳指ETF,513100.XSHG,1.888,2500.0,24200.0,,9.0,2025-11-05,2025-11,"纳指ETF
513100.XSHG"
2025-11-06 10:47:00,止盈,创业板ETF易方达,159915.XSHE,3.198,1600.0,15100.0,151.49,10.0,2025-11-06,2025-11,"创业板ETF易方达
159915.XSHE"
2025-11-06 13:01:00,止盈,纳指ETF,513100.XSHG,1.945,2600.0,21600.0,147.69,8.0,2025-11-06,2025-11,"纳指ETF
513100.XSHG"
2025-11-11 09:31:00,止盈,黄金ETF,518880.XSHG,9.118,500.0,2900.0,202.04,5.0,2025-11-11,2025-11,"黄金ETF
518880.XSHG"
2025-11-12 09:31:00,加仓,创业板ETF易方达,159915.XSHE,3.1,1500.0,16600.0,,11.0,2025-11-12,2025-11,"创业板ETF易方达
159915.XSHE"
2025-11-12 09:32:00,等级校准,创业板ETF易方达,159915.XSHE,,,16600.0,,,2025-11-12,2025-11,"创业板ETF易方达
159915.XSHE"
2025-11-17 13:37:00,加仓,黄金ETF,518880.XSHG,8.844,500.0,3400.0,,6.0,2025-11-17,2025-11,"黄金ETF
518880.XSHG"
2025-11-18 09:31:00,加仓,纳指ETF,513100.XSHG,1.883,2500.0,24100.0,,9.0,2025-11-18,2025-11,"纳指ETF
513100.XSHG"
2025-11-21 09:31:00,加仓,1000ETF,512100.XSHG,2.946,1600.0,17900.0,,11.0,2025-11-21,2025-11,"1000ETF
512100.XSHG"
2025-11-21 09:31:00,加仓,创业板ETF易方达,159915.XSHE,2.976,1600.0,18200.0,,11.0,2025-11-21,2025-11,"创业板ETF易方达
159915.XSHE"
2025-11-21 09:36:00,加仓,500ETF,510500.XSHG,7.071,600.0,5260.0,,8.0,2025-11-21,2025-11,"500ETF
510500.XSHG"
2025-11-21 09:37:00,等级校准,500ETF,510500.XSHG,,,5260.0,,,2025-11-21,2025-11,"500ETF
510500.XSHG"
2025-11-24 11:15:00,加仓,创业板ETF易方达,159915.XSHE,2.886,1600.0,19800.0,,12.0,2025-11-24,2025-11,"创业板ETF易方达
159915.XSHE"
2025-11-24 11:16:00,等级校准,创业板ETF易方达,159915.XSHE,,,19800.0,,,2025-11-24,2025-11,"创业板ETF易方达
159915.XSHE"
2025-11-25 09:55:00,止盈,创业板ETF易方达,159915.XSHE,2.973,1700.0,18100.0,147.39,11.0,2025-11-25,2025-11,"创业板ETF易方达
159915.XSHE"
2025-11-27 09:31:00,止盈,纳指ETF,513100.XSHG,1.94,2600.0,21500.0,147.7,8.0,2025-11-27,2025-11,"纳指ETF
513100.XSHG"
2025-11-27 09:51:00,止盈,创业板ETF易方达,159915.XSHE,3.065,1600.0,16500.0,146.71,10.0,2025-11-27,2025-11,"创业板ETF易方达
159915.XSHE"
2025-12-01 09:31:00,止盈,黄金ETF,518880.XSHG,9.156,500.0,2900.0,155.54,5.0,2025-12-01,2025-12,"黄金ETF
518880.XSHG"
2025-12-08 10:09:00,止盈,创业板ETF易方达,159915.XSHE,3.159,1600.0,14900.0,149.89,9.0,2025-12-08,2025-12,"创业板ETF易方达
159915.XSHE"
2025-12-08 13:12:00,止盈,500ETF,510500.XSHG,7.285,700.0,4560.0,149.29,7.0,2025-12-08,2025-12,"500ETF
510500.XSHG"
2025-12-16 09:50:00,加仓,纳指ETF,513100.XSHG,1.881,2500.0,24000.0,,9.0,2025-12-16,2025-12,"纳指ETF
513100.XSHG"
2025-12-16 10:40:00,加仓,创业板ETF易方达,159915.XSHE,3.064,1500.0,16400.0,,10.0,2025-12-16,2025-12,"创业板ETF易方达
159915.XSHE"
2025-12-17 14:12:00,止盈,创业板ETF易方达,159915.XSHE,3.159,1600.0,14800.0,151.49,9.0,2025-12-17,2025-12,"创业板ETF易方达
159915.XSHE"
2025-12-22 09:31:00,止盈,纳指ETF,513100.XSHG,1.941,2600.0,21400.0,155.5,8.0,2025-12-22,2025-12,"纳指ETF
513100.XSHG"
2025-12-22 11:05:00,止盈,黄金ETF,518880.XSHG,9.431,500.0,2400.0,137.03,4.0,2025-12-22,2025-12,"黄金ETF
518880.XSHG"
2025-12-24 09:31:00,止盈,黄金ETF,518880.XSHG,9.717,500.0,1900.0,142.51,3.0,2025-12-24,2025-12,"黄金ETF
518880.XSHG"
2025-12-24 13:11:00,止盈,1000ETF,512100.XSHG,3.035,1600.0,16300.0,141.91,10.0,2025-12-24,2025-12,"1000ETF
512100.XSHG"
2025-12-25 13:12:00,止盈,500ETF,510500.XSHG,7.504,600.0,3960.0,130.95,6.0,2025-12-25,2025-12,"500ETF
510500.XSHG"
2025-12-30 09:31:00,加仓,黄金ETF,518880.XSHG,9.275,500.0,2400.0,,4.0,2025-12-30,2025-12,"黄金ETF
518880.XSHG"
2026-01-05 10:29:00,止盈,500ETF,510500.XSHG,7.73,600.0,3360.0,135.14,5.0,2026-01-05,2026-01,"500ETF
510500.XSHG"
2026-01-05 10:30:00,止盈,创业板ETF易方达,159915.XSHE,3.254,1500.0,13300.0,142.01,8.0,2026-01-05,2026-01,"创业板ETF易方达
159915.XSHE"
2026-01-05 10:53:00,止盈,1000ETF,512100.XSHG,3.127,1600.0,14700.0,146.7,9.0,2026-01-05,2026-01,"1000ETF
512100.XSHG"
2026-01-06 09:55:00,止盈,黄金ETF,518880.XSHG,9.554,500.0,1900.0,139.02,3.0,2026-01-06,2026-01,"黄金ETF
518880.XSHG"
2026-01-07 09:30:00,止盈,500ETF,510500.XSHG,7.964,600.0,2760.0,139.92,4.0,2026-01-07,2026-01,"500ETF
510500.XSHG"
2026-01-08 09:54:00,止盈,1000ETF,512100.XSHG,3.221,1500.0,13200.0,140.52,8.0,2026-01-08,2026-01,"1000ETF
512100.XSHG"
2026-01-09 10:37:00,止盈,500ETF,510500.XSHG,8.203,600.0,2160.0,142.91,3.0,2026-01-09,2026-01,"500ETF
510500.XSHG"
2026-01-12 09:31:00,止盈,1000ETF,512100.XSHG,3.334,1500.0,11700.0,169.0,8.0,2026-01-12,2026-01,"1000ETF
512100.XSHG"
2026-01-12 13:01:00,止盈,创业板ETF易方达,159915.XSHE,3.352,1500.0,11800.0,146.5,8.0,2026-01-12,2026-01,"创业板ETF易方达
159915.XSHE"
2026-01-14 09:31:00,止盈,黄金ETF,518880.XSHG,9.873,500.0,1400.0,159.01,2.0,2026-01-14,2026-01,"黄金ETF
518880.XSHG"
2026-01-14 10:01:00,止盈,500ETF,510500.XSHG,8.45,600.0,1560.0,147.69,3.0,2026-01-14,2026-01,"500ETF
510500.XSHG"
2026-01-20 09:39:00,加仓,纳指ETF,513100.XSHG,1.882,2500.0,23900.0,,9.0,2026-01-20,2026-01,"纳指ETF
513100.XSHG"
2026-01-20 10:24:00,加仓,创业板ETF易方达,159915.XSHE,3.25,1400.0,13200.0,,9.0,2026-01-20,2026-01,"创业板ETF易方达
159915.XSHE"
2026-01-20 10:25:00,等级校准,创业板ETF易方达,159915.XSHE,,,13200.0,,,2026-01-20,2026-01,"创业板ETF易方达
159915.XSHE"
2026-01-21 09:31:00,止盈,黄金ETF,518880.XSHG,10.368,500.0,900.0,246.98,2.0,2026-01-21,2026-01,"黄金ETF
518880.XSHG"
2026-01-23 14:57:00,止盈,500ETF,510500.XSHG,8.705,500.0,1060.0,127.06,2.0,2026-01-23,2026-01,"500ETF
510500.XSHG"
2026-01-26 09:31:00,止盈,黄金ETF,518880.XSHG,10.893,400.0,500.0,209.56,1.0,2026-01-26,2026-01,"黄金ETF
518880.XSHG"
2026-01-26 09:31:00,止盈,创业板ETF易方达,159915.XSHE,3.351,1500.0,11700.0,151.0,8.0,2026-01-26,2026-01,"创业板ETF易方达
159915.XSHE"
2026-01-27 10:01:00,加仓,500ETF,510500.XSHG,8.443,500.0,1560.0,,3.0,2026-01-27,2026-01,"500ETF
510500.XSHG"
2026-01-28 11:05:00,止盈,黄金ETF,518880.XSHG,11.224,400.0,100.0,131.95,1.0,2026-01-28,2026-01,"黄金ETF
518880.XSHG"
2026-01-28 13:12:00,止盈,500ETF,510500.XSHG,8.699,500.0,1060.0,127.57,2.0,2026-01-28,2026-01,"500ETF
510500.XSHG"
2026-01-29 09:31:00,止盈（部分）,黄金ETF,518880.XSHG,11.91,100.0,0.0,68.48,0.0,2026-01-29,2026-01,"黄金ETF
518880.XSHG"
2026-01-29 09:31:00,清仓,黄金ETF,518880.XSHG,,,,,0.0,2026-01-29,2026-01,"黄金ETF
518880.XSHG"
2026-01-29 09:32:00,重装建仓,黄金ETF,518880.XSHG,11.829,4200.0,4200.0,,,2026-01-29,2026-01,"黄金ETF
518880.XSHG"
2026-01-29 09:33:00,底仓到账,黄金ETF,518880.XSHG,,,4200.0,,10.0,2026-01-29,2026-01,"黄金ETF
518880.XSHG"
2026-01-30 09:31:00,加仓,黄金ETF,518880.XSHG,11.464,400.0,4600.0,,11.0,2026-01-30,2026-01,"黄金ETF
518880.XSHG"
2026-01-30 09:55:00,加仓,500ETF,510500.XSHG,8.429,500.0,1560.0,,3.0,2026-01-30,2026-01,"500ETF
510500.XSHG"
2026-01-30 10:15:00,加仓,黄金ETF,518880.XSHG,11.103,400.0,5000.0,,12.0,2026-01-30,2026-01,"黄金ETF
518880.XSHG"
2026-01-30 10:35:00,加仓,创业板ETF易方达,159915.XSHE,3.245,1400.0,13100.0,,9.0,2026-01-30,2026-01,"创业板ETF易方达
159915.XSHE"
2026-01-30 10:36:00,等级校准,创业板ETF易方达,159915.XSHE,,,13100.0,,,2026-01-30,2026-01,"创业板ETF易方达
159915.XSHE"
2026-01-30 13:06:00,止盈,创业板ETF易方达,159915.XSHE,3.346,1500.0,11600.0,151.0,8.0,2026-01-30,2026-01,"创业板ETF易方达
159915.XSHE"
2026-02-02 09:31:00,加仓,黄金ETF,518880.XSHG,9.918,400.0,5400.0,,13.0,2026-02-02,2026-02,"黄金ETF
518880.XSHG"
2026-02-02 09:32:00,等级校准,黄金ETF,518880.XSHG,,,5400.0,,,2026-02-02,2026-02,"黄金ETF
518880.XSHG"
2026-02-02 10:34:00,止盈,黄金ETF,518880.XSHG,10.232,500.0,4900.0,156.49,12.0,2026-02-02,2026-02,"黄金ETF
518880.XSHG"
2026-02-02 11:08:00,加仓,1000ETF,512100.XSHG,3.233,1400.0,13100.0,,9.0,2026-02-02,2026-02,"1000ETF
512100.XSHG"
2026-02-02 11:09:00,等级校准,1000ETF,512100.XSHG,,,13100.0,,,2026-02-02,2026-02,"1000ETF
512100.XSHG"
2026-02-02 13:36:00,加仓,500ETF,510500.XSHG,8.173,500.0,2060.0,,4.0,2026-02-02,2026-02,"500ETF
510500.XSHG"
2026-02-02 13:37:00,等级校准,500ETF,510500.XSHG,,,2060.0,,,2026-02-02,2026-02,"500ETF
510500.XSHG"
2026-02-02 13:38:00,加仓,黄金ETF,518880.XSHG,9.921,400.0,5300.0,,13.0,2026-02-02,2026-02,"黄金ETF
518880.XSHG"
2026-02-02 13:39:00,等级校准,黄金ETF,518880.XSHG,,,5300.0,,,2026-02-02,2026-02,"黄金ETF
518880.XSHG"
2026-02-03 09:31:00,止盈,黄金ETF,518880.XSHG,10.362,500.0,4800.0,219.98,12.0,2026-02-03,2026-02,"黄金ETF
518880.XSHG"
2026-02-03 10:46:00,加仓,创业板ETF易方达,159915.XSHE,3.244,1400.0,13000.0,,9.0,2026-02-03,2026-02,"创业板ETF易方达
159915.XSHE"
2026-02-03 10:47:00,等级校准,创业板ETF易方达,159915.XSHE,,,13000.0,,,2026-02-03,2026-02,"创业板ETF易方达
159915.XSHE"
2026-02-04 09:31:00,止盈,黄金ETF,518880.XSHG,10.793,400.0,4400.0,171.97,11.0,2026-02-04,2026-02,"黄金ETF
518880.XSHG"
2026-02-05 10:47:00,加仓,黄金ETF,518880.XSHG,10.463,400.0,4800.0,,12.0,2026-02-05,2026-02,"黄金ETF
518880.XSHG"
2026-02-06 09:31:00,加仓,纳指ETF,513100.XSHG,1.809,2600.0,26500.0,,10.0,2026-02-06,2026-02,"纳指ETF
513100.XSHG"
2026-02-06 09:31:00,加仓,黄金ETF,518880.XSHG,10.077,400.0,5200.0,,13.0,2026-02-06,2026-02,"黄金ETF
518880.XSHG"
2026-02-06 09:32:00,等级校准,纳指ETF,513100.XSHG,,,26500.0,,,2026-02-06,2026-02,"纳指ETF
513100.XSHG"
2026-02-06 10:39:00,止盈,黄金ETF,518880.XSHG,10.381,400.0,4800.0,121.18,12.0,2026-02-06,2026-02,"黄金ETF
518880.XSHG"
2026-02-09 09:31:00,止盈,黄金ETF,518880.XSHG,10.719,400.0,4400.0,134.77,11.0,2026-02-09,2026-02,"黄金ETF
518880.XSHG"
2026-02-11 09:39:00,止盈,500ETF,510500.XSHG,8.421,600.0,1460.0,148.29,2.0,2026-02-11,2026-02,"500ETF
510500.XSHG"
2026-02-12 11:05:00,止盈,1000ETF,512100.XSHG,3.33,1500.0,11600.0,145.0,7.0,2026-02-12,2026-02,"1000ETF
512100.XSHG"
2026-02-25 11:28:00,止盈,创业板ETF易方达,159915.XSHE,3.342,1500.0,11500.0,146.5,8.0,2026-02-25,2026-02,"创业板ETF易方达
159915.XSHE"
2026-02-27 10:03:00,止盈,500ETF,510500.XSHG,8.677,500.0,960.0,127.57,1.0,2026-02-27,2026-02,"500ETF
510500.XSHG"
2026-02-27 14:57:00,止盈,1000ETF,512100.XSHG,3.43,1500.0,10100.0,149.49,7.0,2026-02-27,2026-02,"1000ETF
512100.XSHG"
2026-03-02 09:31:00,止盈,黄金ETF,518880.XSHG,11.329,400.0,4000.0,243.55,10.0,2026-03-02,2026-03,"黄金ETF
518880.XSHG"
2026-03-03 10:05:00,加仓,1000ETF,512100.XSHG,3.325,1400.0,11500.0,,8.0,2026-03-03,2026-03,"1000ETF
512100.XSHG"
2026-03-03 10:06:00,等级校准,1000ETF,512100.XSHG,,,11500.0,,,2026-03-03,2026-03,"1000ETF
512100.XSHG"
2026-03-03 10:19:00,加仓,创业板ETF易方达,159915.XSHE,3.241,1400.0,12900.0,,9.0,2026-03-03,2026-03,"创业板ETF易方达
159915.XSHE"
2026-03-03 10:20:00,等级校准,创业板ETF易方达,159915.XSHE,,,12900.0,,,2026-03-03,2026-03,"创业板ETF易方达
159915.XSHE"
2026-03-03 13:57:00,加仓,500ETF,510500.XSHG,8.411,500.0,1460.0,,2.0,2026-03-03,2026-03,"500ETF
510500.XSHG"
2026-03-04 09:33:00,加仓,黄金ETF,518880.XSHG,10.986,400.0,4400.0,,11.0,2026-03-04,2026-03,"黄金ETF
518880.XSHG"
2026-03-04 13:06:00,加仓,创业板ETF易方达,159915.XSHE,3.14,1500.0,14400.0,,9.0,2026-03-04,2026-03,"创业板ETF易方达
159915.XSHE"
2026-03-05 10:16:00,止盈,创业板ETF易方达,159915.XSHE,3.235,1500.0,12900.0,142.01,8.0,2026-03-05,2026-03,"创业板ETF易方达
159915.XSHE"
2026-03-09 09:31:00,加仓,纳指ETF,513100.XSHG,1.748,2700.0,29200.0,,10.0,2026-03-09,2026-03,"纳指ETF
513100.XSHG"
2026-03-09 09:32:00,加仓,创业板ETF易方达,159915.XSHE,3.126,1500.0,14400.0,,9.0,2026-03-09,2026-03,"创业板ETF易方达
159915.XSHE"
2026-03-09 09:36:00,加仓,1000ETF,512100.XSHG,3.218,1500.0,13000.0,,8.0,2026-03-09,2026-03,"1000ETF
512100.XSHG"
2026-03-09 09:54:00,加仓,500ETF,510500.XSHG,8.152,500.0,1960.0,,3.0,2026-03-09,2026-03,"500ETF
510500.XSHG"
2026-03-10 09:31:00,止盈,500ETF,510500.XSHG,8.454,600.0,1360.0,180.69,2.0,2026-03-10,2026-03,"500ETF
510500.XSHG"
2026-03-10 09:31:00,止盈,1000ETF,512100.XSHG,3.322,1500.0,11500.0,155.5,7.0,2026-03-10,2026-03,"1000ETF
512100.XSHG"
2026-03-10 09:31:00,止盈,创业板ETF易方达,159915.XSHE,3.268,1500.0,12900.0,212.51,8.0,2026-03-10,2026-03,"创业板ETF易方达
159915.XSHE"
2026-03-11 10:50:00,止盈,创业板ETF易方达,159915.XSHE,3.367,1500.0,11400.0,147.99,8.0,2026-03-11,2026-03,"创业板ETF易方达
159915.XSHE"
2026-03-16 09:31:00,加仓,黄金ETF,518880.XSHG,10.625,400.0,4800.0,,12.0,2026-03-16,2026-03,"黄金ETF
518880.XSHG"
2026-03-16 09:42:00,加仓,500ETF,510500.XSHG,8.189,500.0,1860.0,,3.0,2026-03-16,2026-03,"500ETF
510500.XSHG"
2026-03-17 14:08:00,加仓,1000ETF,512100.XSHG,3.222,1500.0,13000.0,,8.0,2026-03-17,2026-03,"1000ETF
512100.XSHG"
2026-03-19 09:31:00,加仓,黄金ETF,518880.XSHG,10.292,400.0,5200.0,,13.0,2026-03-19,2026-03,"黄金ETF
518880.XSHG"
2026-03-19 13:45:00,加仓,500ETF,510500.XSHG,7.942,600.0,2460.0,,4.0,2026-03-19,2026-03,"500ETF
510500.XSHG"
2026-03-20 09:31:00,加仓,黄金ETF,518880.XSHG,9.909,400.0,5600.0,,14.0,2026-03-20,2026-03,"黄金ETF
518880.XSHG"
2026-03-20 09:32:00,等级校准,黄金ETF,518880.XSHG,,,5600.0,,,2026-03-20,2026-03,"黄金ETF
518880.XSHG"
2026-03-20 14:52:00,加仓,1000ETF,512100.XSHG,3.125,1500.0,14500.0,,9.0,2026-03-20,2026-03,"1000ETF
512100.XSHG"
2026-03-23 09:31:00,加仓,黄金ETF,518880.XSHG,9.48,500.0,6100.0,,12.0,2026-03-23,2026-03,"黄金ETF
518880.XSHG"
2026-03-23 09:32:00,加仓,500ETF,510500.XSHG,7.694,600.0,3060.0,,5.0,2026-03-23,2026-03,"500ETF
510500.XSHG"
2026-03-23 11:12:00,加仓,纳指ETF,513100.XSHG,1.694,2800.0,32000.0,,11.0,2026-03-23,2026-03,"纳指ETF
513100.XSHG"
2026-03-23 11:29:00,加仓,1000ETF,512100.XSHG,3.031,1600.0,16100.0,,10.0,2026-03-23,2026-03,"1000ETF
512100.XSHG"
2026-03-23 13:00:00,加仓,创业板ETF易方达,159915.XSHE,3.264,1400.0,12800.0,,9.0,2026-03-23,2026-03,"创业板ETF易方达
159915.XSHE"
2026-03-23 13:01:00,等级校准,创业板ETF易方达,159915.XSHE,,,12800.0,,,2026-03-23,2026-03,"创业板ETF易方达
159915.XSHE"
2026-03-23 13:33:00,加仓,黄金ETF,518880.XSHG,9.192,500.0,6600.0,,13.0,2026-03-23,2026-03,"黄金ETF
518880.XSHG"
2026-03-23 14:44:00,加仓,黄金ETF,518880.XSHG,8.913,500.0,7100.0,,14.0,2026-03-23,2026-03,"黄金ETF
518880.XSHG"
2026-03-23 14:48:00,加仓,500ETF,510500.XSHG,7.462,600.0,3660.0,,6.0,2026-03-23,2026-03,"500ETF
510500.XSHG"
2026-03-24 09:31:00,止盈,黄金ETF,518880.XSHG,9.213,500.0,6600.0,149.54,13.0,2026-03-24,2026-03,"黄金ETF
518880.XSHG"
2026-03-24 10:14:00,加仓,创业板ETF易方达,159915.XSHE,3.166,1500.0,14300.0,,9.0,2026-03-24,2026-03,"创业板ETF易方达
159915.XSHE"
2026-03-25 09:31:00,止盈,黄金ETF,518880.XSHG,9.701,500.0,6100.0,243.51,12.0,2026-03-25,2026-03,"黄金ETF
518880.XSHG"
2026-03-25 09:31:00,止盈,500ETF,510500.XSHG,7.716,600.0,3060.0,151.94,5.0,2026-03-25,2026-03,"500ETF
510500.XSHG"
2026-03-25 09:31:00,止盈,创业板ETF易方达,159915.XSHE,3.275,1500.0,12800.0,163.01,8.0,2026-03-25,2026-03,"创业板ETF易方达
159915.XSHE"
2026-03-26 14:03:00,加仓,黄金ETF,518880.XSHG,9.408,500.0,6600.0,,13.0,2026-03-26,2026-03,"黄金ETF
518880.XSHG"
2026-03-31 09:31:00,止盈,黄金ETF,518880.XSHG,9.758,500.0,6100.0,174.51,12.0,2026-03-31,2026-03,"黄金ETF
518880.XSHG"
2026-04-01 14:31:00,止盈,纳指ETF,513100.XSHG,1.745,2900.0,29100.0,147.39,10.0,2026-04-01,2026-04,"纳指ETF
513100.XSHG"
2026-04-02 13:02:00,加仓,创业板ETF易方达,159915.XSHE,3.174,1500.0,14300.0,,9.0,2026-04-02,2026-04,"创业板ETF易方达
159915.XSHE"
2026-04-08 09:31:00,止盈,黄金ETF,518880.XSHG,10.099,500.0,5600.0,170.0,14.0,2026-04-08,2026-04,"黄金ETF
518880.XSHG"
2026-04-08 09:34:00,止盈,纳指ETF,513100.XSHG,1.8,2800.0,26300.0,153.5,9.0,2026-04-08,2026-04,"纳指ETF
513100.XSHG"
2026-04-08 09:35:00,止盈,1000ETF,512100.XSHG,3.122,1600.0,14500.0,145.1,9.0,2026-04-08,2026-04,"1000ETF
512100.XSHG"
2026-04-08 09:41:00,止盈,创业板ETF易方达,159915.XSHE,3.27,1500.0,12800.0,143.51,8.0,2026-04-08,2026-04,"创业板ETF易方达
159915.XSHE"
2026-04-08 11:15:00,止盈,500ETF,510500.XSHG,7.949,600.0,2460.0,139.32,4.0,2026-04-08,2026-04,"500ETF
510500.XSHG"
2026-04-10 09:35:00,止盈,创业板ETF易方达,159915.XSHE,3.37,1500.0,11300.0,149.49,8.0,2026-04-10,2026-04,"创业板ETF易方达
159915.XSHE"
2026-04-10 09:46:00,止盈,1000ETF,512100.XSHG,3.217,1600.0,12900.0,151.49,8.0,2026-04-10,2026-04,"1000ETF
512100.XSHG"
2026-04-13 10:01:00,止盈,创业板ETF易方达,159915.XSHE,3.472,1400.0,9900.0,142.31,7.0,2026-04-13,2026-04,"创业板ETF易方达
159915.XSHE"
2026-04-15 09:31:00,止盈,纳指ETF,513100.XSHG,1.857,2700.0,23600.0,153.4,9.0,2026-04-15,2026-04,"纳指ETF
513100.XSHG"
2026-04-15 09:31:00,止盈,500ETF,510500.XSHG,8.221,600.0,1860.0,162.71,3.0,2026-04-15,2026-04,"500ETF
510500.XSHG"
2026-04-15 09:31:00,止盈,创业板ETF易方达,159915.XSHE,3.587,1400.0,8500.0,160.5,6.0,2026-04-15,2026-04,"创业板ETF易方达
159915.XSHE"
2026-04-17 10:33:00,止盈,1000ETF,512100.XSHG,3.314,1500.0,11400.0,145.0,7.0,2026-04-17,2026-04,"1000ETF
512100.XSHG"
2026-04-22 09:39:00,止盈,创业板ETF易方达,159915.XSHE,3.697,1300.0,7200.0,142.52,5.0,2026-04-22,2026-04,"创业板ETF易方达
159915.XSHE"
2026-04-23 09:33:00,止盈,纳指ETF,513100.XSHG,1.914,2600.0,21000.0,147.7,8.0,2026-04-23,2026-04,"纳指ETF
513100.XSHG"
2026-04-28 13:08:00,加仓,黄金ETF,518880.XSHG,9.786,400.0,6000.0,,15.0,2026-04-28,2026-04,"黄金ETF
518880.XSHG"
2026-04-28 13:09:00,等级校准,黄金ETF,518880.XSHG,,,6000.0,,,2026-04-28,2026-04,"黄金ETF
518880.XSHG"
2026-04-30 09:31:00,止盈,纳指ETF,513100.XSHG,1.976,2600.0,18400.0,160.69,7.0,2026-04-30,2026-04,"纳指ETF
513100.XSHG"
2026-05-06 09:31:00,止盈,500ETF,510500.XSHG,8.541,600.0,1260.0,191.49,2.0,2026-05-06,2026-05,"500ETF
510500.XSHG"
2026-05-06 09:40:00,止盈,1000ETF,512100.XSHG,3.418,1500.0,9900.0,155.49,7.0,2026-05-06,2026-05,"1000ETF
512100.XSHG"
2026-05-06 10:14:00,止盈,创业板ETF易方达,159915.XSHE,3.812,1300.0,5900.0,149.0,4.0,2026-05-06,2026-05,"创业板ETF易方达
159915.XSHE"
2026-05-07 09:32:00,止盈,纳指ETF,513100.XSHG,2.037,2500.0,15900.0,151.99,6.0,2026-05-07,2026-05,"纳指ETF
513100.XSHG"
2026-05-11 09:31:00,止盈,纳指ETF,513100.XSHG,2.104,2400.0,13500.0,160.3,5.0,2026-05-11,2026-05,"纳指ETF
513100.XSHG"
2026-05-11 09:31:00,止盈,500ETF,510500.XSHG,8.84,500.0,760.0,149.06,1.0,2026-05-11,2026-05,"500ETF
510500.XSHG"
2026-05-11 09:31:00,止盈,1000ETF,512100.XSHG,3.53,1400.0,8500.0,156.31,6.0,2026-05-11,2026-05,"1000ETF
512100.XSHG"
2026-05-11 13:02:00,止盈,创业板ETF易方达,159915.XSHE,3.929,1300.0,4600.0,151.59,3.0,2026-05-11,2026-05,"创业板ETF易方达
159915.XSHE"
2026-05-13 14:34:00,止盈,创业板ETF易方达,159915.XSHE,4.05,1200.0,3400.0,144.71,2.0,2026-05-13,2026-05,"创业板ETF易方达
159915.XSHE"
2026-05-15 09:50:00,加仓,创业板ETF易方达,159915.XSHE,3.926,1200.0,4600.0,,3.0,2026-05-15,2026-05,"创业板ETF易方达
159915.XSHE"
2026-05-15 14:02:00,加仓,500ETF,510500.XSHG,8.573,500.0,1260.0,,2.0,2026-05-15,2026-05,"500ETF
510500.XSHG"
2026-05-18 09:31:00,加仓,黄金ETF,518880.XSHG,9.44,500.0,6500.0,,13.0,2026-05-18,2026-05,"黄金ETF
518880.XSHG"
2026-05-19 13:12:00,加仓,纳指ETF,513100.XSHG,2.04,2300.0,15800.0,,6.0,2026-05-19,2026-05,"纳指ETF
513100.XSHG"
2026-05-21 09:32:00,止盈,500ETF,510500.XSHG,8.843,500.0,760.0,134.56,1.0,2026-05-21,2026-05,"500ETF
510500.XSHG"
2026-05-21 13:17:00,止盈,纳指ETF,513100.XSHG,2.102,2400.0,13400.0,148.3,5.0,2026-05-21,2026-05,"纳指ETF
513100.XSHG"
2026-05-21 14:31:00,加仓,500ETF,510500.XSHG,8.575,500.0,1260.0,,2.0,2026-05-21,2026-05,"500ETF
510500.XSHG"
2026-05-21 14:53:00,加仓,1000ETF,512100.XSHG,3.424,1400.0,9900.0,,7.0,2026-05-21,2026-05,"1000ETF
512100.XSHG"
