timestamp,action,name,code,price,shares,position,profit,level,date,year_month,label
2019-01-02 09:30:00,重装建仓,纳指ETF,513100.XSHG,2.243,22200.0,22200,,,2019-01-02,2019-01,"纳指ETF
513100.XSHG"
2019-01-02 09:30:00,重装建仓,黄金ETF,518880.XSHG,2.826,17600.0,17600,,,2019-01-02,2019-01,"黄金ETF
518880.XSHG"
2019-01-02 09:30:00,重装建仓,500ETF,510500.XSHG,4.453,11200.0,11200,,,2019-01-02,2019-01,"500ETF
510500.XSHG"
2019-01-02 09:30:00,重装建仓,1000ETF,512100.XSHG,0.529,94500.0,94500,,,2019-01-02,2019-01,"1000ETF
512100.XSHG"
2019-01-02 09:30:00,重装建仓,创业板ETF易方达,159915.XSHE,1.194,41800.0,41800,,,2019-01-02,2019-01,"创业板ETF易方达
159915.XSHE"
2019-01-04 09:31:00,加仓,创业板ETF易方达,159915.XSHE,1.155,4100.0,45900,,1.0,2019-01-04,2019-01,"创业板ETF易方达
159915.XSHE"
2019-01-04 13:02:00,止盈,创业板ETF易方达,159915.XSHE,1.191,4300.0,41600,154.29,0.0,2019-01-04,2019-01,"创业板ETF易方达
159915.XSHE"
2019-01-07 10:25:00,止盈,1000ETF,512100.XSHG,0.545,9400.0,85100,149.89,-1.0,2019-01-07,2019-01,"1000ETF
512100.XSHG"
2019-01-07 10:47:00,止盈,500ETF,510500.XSHG,4.589,1100.0,10100,149.1,-1.0,2019-01-07,2019-01,"500ETF
510500.XSHG"
2019-01-08 09:31:00,止盈,纳指ETF,513100.XSHG,2.314,2200.0,20000,155.69,-1.0,2019-01-08,2019-01,"纳指ETF
513100.XSHG"
2019-01-09 10:27:00,止盈,创业板ETF易方达,159915.XSHE,1.227,4100.0,37500,147.1,-1.0,2019-01-09,2019-01,"创业板ETF易方达
159915.XSHE"
2019-01-15 09:34:00,加仓,创业板ETF易方达,159915.XSHE,1.19,4000.0,41500,,0.0,2019-01-15,2019-01,"创业板ETF易方达
159915.XSHE"
2019-01-21 09:31:00,止盈,纳指ETF,513100.XSHG,2.384,2100.0,17900,146.5,-2.0,2019-01-21,2019-01,"纳指ETF
513100.XSHG"
2019-01-21 10:11:00,止盈,创业板ETF易方达,159915.XSHE,1.226,4200.0,37300,150.69,-1.0,2019-01-21,2019-01,"创业板ETF易方达
159915.XSHE"
2019-01-29 10:08:00,加仓,创业板ETF易方达,159915.XSHE,1.189,4000.0,41300,,0.0,2019-01-29,2019-01,"创业板ETF易方达
159915.XSHE"
2019-01-31 09:31:00,加仓,1000ETF,512100.XSHG,0.527,9100.0,94200,,0.0,2019-01-31,2019-01,"1000ETF
512100.XSHG"
2019-01-31 14:13:00,加仓,500ETF,510500.XSHG,4.449,1000.0,11100,,0.0,2019-01-31,2019-01,"500ETF
510500.XSHG"
2019-02-01 13:59:00,止盈,500ETF,510500.XSHG,4.583,1100.0,10000,146.9,-1.0,2019-02-01,2019-02,"500ETF
510500.XSHG"
2019-02-11 09:32:00,止盈,创业板ETF易方达,159915.XSHE,1.225,4200.0,37100,150.69,-1.0,2019-02-11,2019-02,"创业板ETF易方达
159915.XSHE"
2019-02-11 09:41:00,止盈,1000ETF,512100.XSHG,0.543,9400.0,84800,149.89,-1.0,2019-02-11,2019-02,"1000ETF
512100.XSHG"
2019-02-11 14:30:00,止盈,创业板ETF易方达,159915.XSHE,1.262,4000.0,33100,147.5,-2.0,2019-02-11,2019-02,"创业板ETF易方达
159915.XSHE"
2019-02-12 09:38:00,止盈,500ETF,510500.XSHG,4.724,1000.0,9000,140.53,-2.0,2019-02-12,2019-02,"500ETF
510500.XSHG"
2019-02-12 10:42:00,止盈,纳指ETF,513100.XSHG,2.456,2000.0,15900,143.51,-3.0,2019-02-12,2019-02,"纳指ETF
513100.XSHG"
2019-02-12 11:04:00,止盈,1000ETF,512100.XSHG,0.56,9200.0,75600,155.88,-2.0,2019-02-12,2019-02,"1000ETF
512100.XSHG"
2019-02-13 13:42:00,止盈,创业板ETF易方达,159915.XSHE,1.3,3900.0,29200,147.69,-3.0,2019-02-13,2019-02,"创业板ETF易方达
159915.XSHE"
2019-02-14 14:19:00,止盈,500ETF,510500.XSHG,4.869,1000.0,8000,144.51,-3.0,2019-02-14,2019-02,"500ETF
510500.XSHG"
2019-02-18 09:32:00,止盈,1000ETF,512100.XSHG,0.578,8900.0,66700,159.69,-3.0,2019-02-18,2019-02,"1000ETF
512100.XSHG"
2019-02-18 13:07:00,止盈,创业板ETF易方达,159915.XSHE,1.34,3800.0,25400,151.49,-4.0,2019-02-18,2019-02,"创业板ETF易方达
159915.XSHE"
2019-02-19 09:31:00,止盈,500ETF,510500.XSHG,5.03,1000.0,7000,160.5,-4.0,2019-02-19,2019-02,"500ETF
510500.XSHG"
2019-02-19 09:42:00,止盈,1000ETF,512100.XSHG,0.597,8600.0,58100,162.89,-4.0,2019-02-19,2019-02,"1000ETF
512100.XSHG"
2019-02-21 13:07:00,止盈,创业板ETF易方达,159915.XSHE,1.384,3700.0,21700,162.29,-5.0,2019-02-21,2019-02,"创业板ETF易方达
159915.XSHE"
2019-02-25 09:31:00,止盈,500ETF,510500.XSHG,5.215,900.0,6100,166.03,-5.0,2019-02-25,2019-02,"500ETF
510500.XSHG"
2019-02-25 09:31:00,止盈,1000ETF,512100.XSHG,0.618,8300.0,49800,173.79,-5.0,2019-02-25,2019-02,"1000ETF
512100.XSHG"
2019-02-25 09:31:00,破顶-提前,创业板ETF易方达,159915.XSHE,1.433,,34800,,-5.0,2019-02-25,2019-02,"创业板ETF易方达
159915.XSHE"
2019-02-25 13:09:00,破顶-提前,1000ETF,512100.XSHG,0.637,,78400,,-5.0,2019-02-25,2019-02,"1000ETF
512100.XSHG"
2019-02-25 13:10:00,破顶-提前,500ETF,510500.XSHG,5.375,,9300,,-5.0,2019-02-25,2019-02,"500ETF
510500.XSHG"
2019-02-25 14:33:00,止盈,创业板ETF易方达,159915.XSHE,1.476,3400.0,31400,145.7,-1.0,2019-02-25,2019-02,"创业板ETF易方达
159915.XSHE"
2019-03-04 09:31:00,止盈,创业板ETF易方达,159915.XSHE,1.528,3300.0,28100,171.1,-2.0,2019-03-04,2019-03,"创业板ETF易方达
159915.XSHE"
2019-03-04 10:06:00,止盈,500ETF,510500.XSHG,5.539,900.0,8400,147.1,-1.0,2019-03-04,2019-03,"500ETF
510500.XSHG"
2019-03-04 10:09:00,止盈,1000ETF,512100.XSHG,0.657,7800.0,70600,155.49,-1.0,2019-03-04,2019-03,"1000ETF
512100.XSHG"
2019-03-04 13:01:00,止盈,创业板ETF易方达,159915.XSHE,1.575,3200.0,24900,149.9,-3.0,2019-03-04,2019-03,"创业板ETF易方达
159915.XSHE"
2019-03-05 14:44:00,止盈,1000ETF,512100.XSHG,0.677,7600.0,63000,151.49,-2.0,2019-03-05,2019-03,"1000ETF
512100.XSHG"
2019-03-06 09:31:00,止盈,创业板ETF易方达,159915.XSHE,1.623,3100.0,21800,148.3,-4.0,2019-03-06,2019-03,"创业板ETF易方达
159915.XSHE"
2019-03-06 09:34:00,止盈,500ETF,510500.XSHG,5.706,900.0,7500,149.79,-2.0,2019-03-06,2019-03,"500ETF
510500.XSHG"
2019-03-07 09:47:00,止盈,1000ETF,512100.XSHG,0.698,7300.0,55700,152.79,-3.0,2019-03-07,2019-03,"1000ETF
512100.XSHG"
2019-03-07 14:37:00,止盈,500ETF,510500.XSHG,5.885,800.0,6700,142.73,-3.0,2019-03-07,2019-03,"500ETF
510500.XSHG"
2019-03-08 09:31:00,加仓,500ETF,510500.XSHG,5.658,800.0,7500,,-2.0,2019-03-08,2019-03,"500ETF
510500.XSHG"
2019-03-08 09:31:00,加仓,创业板ETF易方达,159915.XSHE,1.571,3000.0,24800,,-3.0,2019-03-08,2019-03,"创业板ETF易方达
159915.XSHE"
2019-03-08 10:11:00,止盈,创业板ETF易方达,159915.XSHE,1.62,3100.0,21700,151.4,-4.0,2019-03-08,2019-03,"创业板ETF易方达
159915.XSHE"
2019-03-08 10:41:00,止盈,500ETF,510500.XSHG,5.832,800.0,6700,138.73,-3.0,2019-03-08,2019-03,"500ETF
510500.XSHG"
2019-03-08 14:41:00,加仓,500ETF,510500.XSHG,5.652,800.0,7500,,-2.0,2019-03-08,2019-03,"500ETF
510500.XSHG"
2019-03-08 14:45:00,加仓,1000ETF,512100.XSHG,0.677,7100.0,62800,,-2.0,2019-03-08,2019-03,"1000ETF
512100.XSHG"
2019-03-11 13:47:00,止盈,1000ETF,512100.XSHG,0.698,7300.0,55500,152.79,-3.0,2019-03-11,2019-03,"1000ETF
512100.XSHG"
2019-03-11 14:39:00,止盈,500ETF,510500.XSHG,5.826,800.0,6700,138.73,-3.0,2019-03-11,2019-03,"500ETF
510500.XSHG"
2019-03-12 09:31:00,止盈,创业板ETF易方达,159915.XSHE,1.672,3000.0,18700,155.5,-5.0,2019-03-12,2019-03,"创业板ETF易方达
159915.XSHE"
2019-03-12 10:09:00,止盈,1000ETF,512100.XSHG,0.719,7100.0,48400,148.59,-4.0,2019-03-12,2019-03,"1000ETF
512100.XSHG"
2019-03-13 14:24:00,加仓,创业板ETF易方达,159915.XSHE,1.62,2900.0,21600,,-4.0,2019-03-13,2019-03,"创业板ETF易方达
159915.XSHE"
2019-03-14 09:31:00,加仓,1000ETF,512100.XSHG,0.694,6900.0,55300,,-3.0,2019-03-14,2019-03,"1000ETF
512100.XSHG"
2019-03-14 09:43:00,止盈,纳指ETF,513100.XSHG,2.53,2000.0,13900,147.49,-4.0,2019-03-14,2019-03,"纳指ETF
513100.XSHG"
2019-03-14 10:41:00,加仓,500ETF,510500.XSHG,5.644,800.0,7500,,-2.0,2019-03-14,2019-03,"500ETF
510500.XSHG"
2019-03-14 13:01:00,加仓,创业板ETF易方达,159915.XSHE,1.571,3000.0,24600,,-3.0,2019-03-14,2019-03,"创业板ETF易方达
159915.XSHE"
2019-03-18 13:55:00,止盈,500ETF,510500.XSHG,5.814,800.0,6700,135.53,-3.0,2019-03-18,2019-03,"500ETF
510500.XSHG"
2019-03-18 14:07:00,止盈,创业板ETF易方达,159915.XSHE,1.619,3100.0,21500,148.3,-4.0,2019-03-18,2019-03,"创业板ETF易方达
159915.XSHE"
2019-03-19 10:31:00,止盈,1000ETF,512100.XSHG,0.715,7200.0,48100,150.69,-4.0,2019-03-19,2019-03,"1000ETF
512100.XSHG"
2019-03-21 10:16:00,止盈,500ETF,510500.XSHG,5.992,800.0,5900,141.92,-4.0,2019-03-21,2019-03,"500ETF
510500.XSHG"
2019-03-22 09:31:00,止盈,纳指ETF,513100.XSHG,2.609,1900.0,12000,149.6,-5.0,2019-03-22,2019-03,"纳指ETF
513100.XSHG"
2019-03-26 13:11:00,加仓,500ETF,510500.XSHG,5.811,800.0,6700,,-3.0,2019-03-26,2019-03,"500ETF
510500.XSHG"
2019-03-26 14:00:00,加仓,创业板ETF易方达,159915.XSHE,1.57,3000.0,24500,,-3.0,2019-03-26,2019-03,"创业板ETF易方达
159915.XSHE"
2019-03-26 14:38:00,加仓,1000ETF,512100.XSHG,0.693,6900.0,55000,,-3.0,2019-03-26,2019-03,"1000ETF
512100.XSHG"
2019-03-29 13:59:00,止盈,创业板ETF易方达,159915.XSHE,1.618,3100.0,21400,148.3,-4.0,2019-03-29,2019-03,"创业板ETF易方达
159915.XSHE"
2019-04-01 09:31:00,止盈,500ETF,510500.XSHG,5.99,800.0,5900,142.72,-4.0,2019-04-01,2019-04,"500ETF
510500.XSHG"
2019-04-01 09:31:00,止盈,1000ETF,512100.XSHG,0.714,7200.0,47800,150.69,-4.0,2019-04-01,2019-04,"1000ETF
512100.XSHG"
2019-04-01 09:43:00,止盈,创业板ETF易方达,159915.XSHE,1.667,3000.0,18400,146.5,-5.0,2019-04-01,2019-04,"创业板ETF易方达
159915.XSHE"
2019-04-01 13:02:00,止盈,1000ETF,512100.XSHG,0.736,7000.0,40800,153.48,-5.0,2019-04-01,2019-04,"1000ETF
512100.XSHG"
2019-04-01 14:57:00,止盈,500ETF,510500.XSHG,6.17,800.0,5100,143.51,-5.0,2019-04-01,2019-04,"500ETF
510500.XSHG"
2019-04-08 09:31:00,破顶-提前,1000ETF,512100.XSHG,0.759,,65800,,-5.0,2019-04-08,2019-04,"1000ETF
512100.XSHG"
2019-04-08 13:26:00,加仓,1000ETF,512100.XSHG,0.736,6500.0,72300,,1.0,2019-04-08,2019-04,"1000ETF
512100.XSHG"
2019-04-12 09:35:00,加仓,创业板ETF易方达,159915.XSHE,1.616,2900.0,21300,,-4.0,2019-04-12,2019-04,"创业板ETF易方达
159915.XSHE"
2019-04-16 09:51:00,加仓,500ETF,510500.XSHG,5.975,800.0,5900,,-4.0,2019-04-16,2019-04,"500ETF
510500.XSHG"
2019-04-16 14:11:00,止盈,500ETF,510500.XSHG,6.156,800.0,5100,144.31,-5.0,2019-04-16,2019-04,"500ETF
510500.XSHG"
2019-04-19 09:37:00,破顶-提前,纳指ETF,513100.XSHG,2.689,,18500,,-5.0,2019-04-19,2019-04,"纳指ETF
513100.XSHG"
2019-04-24 11:23:00,加仓,500ETF,510500.XSHG,5.969,800.0,5900,,-4.0,2019-04-24,2019-04,"500ETF
510500.XSHG"
2019-04-25 14:23:00,加仓,1000ETF,512100.XSHG,0.713,6700.0,79000,,2.0,2019-04-25,2019-04,"1000ETF
512100.XSHG"
2019-04-26 10:08:00,止盈,纳指ETF,513100.XSHG,2.773,1800.0,16700,150.7,-1.0,2019-04-26,2019-04,"纳指ETF
513100.XSHG"
2019-04-29 09:35:00,加仓,500ETF,510500.XSHG,5.783,800.0,6700,,-3.0,2019-04-29,2019-04,"500ETF
510500.XSHG"
2019-04-29 09:44:00,加仓,1000ETF,512100.XSHG,0.691,7000.0,86000,,3.0,2019-04-29,2019-04,"1000ETF
512100.XSHG"
2019-04-29 10:13:00,加仓,创业板ETF易方达,159915.XSHE,1.566,3000.0,24300,,-3.0,2019-04-29,2019-04,"创业板ETF易方达
159915.XSHE"
2019-05-06 09:31:00,加仓,500ETF,510500.XSHG,5.462,800.0,7500,,-2.0,2019-05-06,2019-05,"500ETF
510500.XSHG"
2019-05-06 09:31:00,加仓,1000ETF,512100.XSHG,0.648,7200.0,93200,,4.0,2019-05-06,2019-05,"1000ETF
512100.XSHG"
2019-05-06 09:31:00,加仓,创业板ETF易方达,159915.XSHE,1.492,3100.0,27400,,-2.0,2019-05-06,2019-05,"创业板ETF易方达
159915.XSHE"
2019-05-06 13:10:00,加仓,创业板ETF易方达,159915.XSHE,1.447,3300.0,30700,,-1.0,2019-05-06,2019-05,"创业板ETF易方达
159915.XSHE"
2019-05-06 13:20:00,加仓,500ETF,510500.XSHG,5.294,900.0,8400,,-1.0,2019-05-06,2019-05,"500ETF
510500.XSHG"
2019-05-06 13:54:00,加仓,1000ETF,512100.XSHG,0.628,7700.0,100900,,5.0,2019-05-06,2019-05,"1000ETF
512100.XSHG"
2019-05-09 10:42:00,加仓,纳指ETF,513100.XSHG,2.689,1800.0,18500,,0.0,2019-05-09,2019-05,"纳指ETF
513100.XSHG"
2019-05-10 09:49:00,止盈,1000ETF,512100.XSHG,0.647,7900.0,93000,149.59,4.0,2019-05-10,2019-05,"1000ETF
512100.XSHG"
2019-05-10 13:05:00,加仓,1000ETF,512100.XSHG,0.625,7700.0,100700,,5.0,2019-05-10,2019-05,"1000ETF
512100.XSHG"
2019-05-10 13:38:00,止盈,1000ETF,512100.XSHG,0.644,8000.0,92700,151.48,4.0,2019-05-10,2019-05,"1000ETF
512100.XSHG"
2019-05-16 10:27:00,止盈,1000ETF,512100.XSHG,0.664,7700.0,85000,153.49,3.0,2019-05-16,2019-05,"1000ETF
512100.XSHG"
2019-05-16 13:00:00,止盈,500ETF,510500.XSHG,5.453,900.0,7500,142.61,-2.0,2019-05-16,2019-05,"500ETF
510500.XSHG"
2019-05-17 13:57:00,加仓,1000ETF,512100.XSHG,0.644,7500.0,92500,,4.0,2019-05-17,2019-05,"1000ETF
512100.XSHG"
2019-05-17 14:43:00,加仓,500ETF,510500.XSHG,5.289,900.0,8400,,-1.0,2019-05-17,2019-05,"500ETF
510500.XSHG"
2019-05-20 09:46:00,加仓,创业板ETF易方达,159915.XSHE,1.403,3400.0,34100,,0.0,2019-05-20,2019-05,"创业板ETF易方达
159915.XSHE"
2019-05-29 09:31:00,加仓,纳指ETF,513100.XSHG,2.603,1800.0,20300,,1.0,2019-05-29,2019-05,"纳指ETF
513100.XSHG"
2019-06-03 09:32:00,止盈,黄金ETF,518880.XSHG,2.911,1700.0,15900,144.01,-1.0,2019-06-03,2019-06,"黄金ETF
518880.XSHG"
2019-06-04 09:31:00,加仓,纳指ETF,513100.XSHG,2.506,1900.0,22200,,2.0,2019-06-04,2019-06,"纳指ETF
513100.XSHG"
2019-06-04 13:49:00,加仓,1000ETF,512100.XSHG,0.624,7700.0,100200,,5.0,2019-06-04,2019-06,"1000ETF
512100.XSHG"
2019-06-04 14:38:00,加仓,500ETF,510500.XSHG,5.13,900.0,9300,,0.0,2019-06-04,2019-06,"500ETF
510500.XSHG"
2019-06-06 09:31:00,止盈,纳指ETF,513100.XSHG,2.585,1900.0,20300,149.61,1.0,2019-06-06,2019-06,"纳指ETF
513100.XSHG"
2019-06-06 14:22:00,加仓,创业板ETF易方达,159915.XSHE,1.36,3500.0,37600,,1.0,2019-06-06,2019-06,"创业板ETF易方达
159915.XSHE"
2019-06-10 09:31:00,止盈,纳指ETF,513100.XSHG,2.664,1900.0,18400,149.59,0.0,2019-06-10,2019-06,"纳指ETF
513100.XSHG"
2019-06-11 10:39:00,止盈,创业板ETF易方达,159915.XSHE,1.401,3600.0,34000,147.1,0.0,2019-06-11,2019-06,"创业板ETF易方达
159915.XSHE"
2019-06-12 10:05:00,止盈,1000ETF,512100.XSHG,0.643,8000.0,92200,151.49,4.0,2019-06-12,2019-06,"1000ETF
512100.XSHG"
2019-06-14 10:19:00,止盈,黄金ETF,518880.XSHG,2.999,1700.0,14200,149.09,-2.0,2019-06-14,2019-06,"黄金ETF
518880.XSHG"
2019-06-17 09:33:00,加仓,1000ETF,512100.XSHG,0.622,7700.0,99900,,5.0,2019-06-17,2019-06,"1000ETF
512100.XSHG"
2019-06-19 09:31:00,止盈,500ETF,510500.XSHG,5.293,900.0,8400,146.22,-1.0,2019-06-19,2019-06,"500ETF
510500.XSHG"
2019-06-19 09:31:00,止盈,1000ETF,512100.XSHG,0.642,8000.0,91900,159.49,4.0,2019-06-19,2019-06,"1000ETF
512100.XSHG"
2019-06-19 09:31:00,止盈,创业板ETF易方达,159915.XSHE,1.448,3500.0,30500,163.99,-1.0,2019-06-19,2019-06,"创业板ETF易方达
159915.XSHE"
2019-06-20 09:31:00,止盈,纳指ETF,513100.XSHG,2.746,1800.0,16600,147.11,-1.0,2019-06-20,2019-06,"纳指ETF
513100.XSHG"
2019-06-21 09:56:00,止盈,黄金ETF,518880.XSHG,3.089,1600.0,12600,143.51,-3.0,2019-06-21,2019-06,"黄金ETF
518880.XSHG"
2019-06-25 13:04:00,止盈,黄金ETF,518880.XSHG,3.183,1600.0,11000,149.89,-4.0,2019-06-25,2019-06,"黄金ETF
518880.XSHG"
2019-07-01 09:31:00,加仓,黄金ETF,518880.XSHG,3.052,1500.0,12500,,-3.0,2019-07-01,2019-07,"黄金ETF
518880.XSHG"
2019-07-01 09:52:00,止盈,创业板ETF易方达,159915.XSHE,1.492,3400.0,27100,149.09,-2.0,2019-07-01,2019-07,"创业板ETF易方达
159915.XSHE"
2019-07-01 10:11:00,止盈,500ETF,510500.XSHG,5.455,900.0,7500,145.31,-2.0,2019-07-01,2019-07,"500ETF
510500.XSHG"
2019-07-01 10:21:00,止盈,1000ETF,512100.XSHG,0.663,7700.0,84200,161.19,3.0,2019-07-01,2019-07,"1000ETF
512100.XSHG"
2019-07-03 09:31:00,止盈,黄金ETF,518880.XSHG,3.174,1600.0,10900,194.69,-4.0,2019-07-03,2019-07,"黄金ETF
518880.XSHG"
2019-07-08 10:18:00,加仓,1000ETF,512100.XSHG,0.643,7500.0,91700,,4.0,2019-07-08,2019-07,"1000ETF
512100.XSHG"
2019-07-08 10:20:00,加仓,500ETF,510500.XSHG,5.29,900.0,8400,,-1.0,2019-07-08,2019-07,"500ETF
510500.XSHG"
2019-07-08 10:52:00,加仓,创业板ETF易方达,159915.XSHE,1.447,3300.0,30400,,-1.0,2019-07-08,2019-07,"创业板ETF易方达
159915.XSHE"
2019-07-09 09:52:00,加仓,黄金ETF,518880.XSHG,3.078,1500.0,12400,,-3.0,2019-07-09,2019-07,"黄金ETF
518880.XSHG"
2019-07-15 09:31:00,止盈,纳指ETF,513100.XSHG,2.831,1800.0,14800,152.49,-2.0,2019-07-15,2019-07,"纳指ETF
513100.XSHG"
2019-07-15 11:21:00,止盈,创业板ETF易方达,159915.XSHE,1.492,3400.0,27000,152.49,-2.0,2019-07-15,2019-07,"创业板ETF易方达
159915.XSHE"
2019-07-19 09:31:00,止盈,黄金ETF,518880.XSHG,3.185,1600.0,10800,170.69,-4.0,2019-07-19,2019-07,"黄金ETF
518880.XSHG"
2019-07-22 09:43:00,加仓,1000ETF,512100.XSHG,0.622,7700.0,99400,,5.0,2019-07-22,2019-07,"1000ETF
512100.XSHG"
2019-07-24 09:31:00,止盈,1000ETF,512100.XSHG,0.641,8000.0,91400,151.49,4.0,2019-07-24,2019-07,"1000ETF
512100.XSHG"
2019-08-05 11:27:00,止盈,黄金ETF,518880.XSHG,3.282,1500.0,9300,145.01,-5.0,2019-08-05,2019-08,"黄金ETF
518880.XSHG"
2019-08-06 09:31:00,加仓,纳指ETF,513100.XSHG,2.703,1700.0,16500,,-1.0,2019-08-06,2019-08,"纳指ETF
513100.XSHG"
2019-08-06 09:31:00,加仓,500ETF,510500.XSHG,5.052,900.0,9300,,0.0,2019-08-06,2019-08,"500ETF
510500.XSHG"
2019-08-06 09:31:00,加仓,1000ETF,512100.XSHG,0.618,7800.0,99200,,5.0,2019-08-06,2019-08,"1000ETF
512100.XSHG"
2019-08-06 09:31:00,加仓,创业板ETF易方达,159915.XSHE,1.444,3300.0,30300,,-1.0,2019-08-06,2019-08,"创业板ETF易方达
159915.XSHE"
2019-08-06 10:36:00,加仓,1000ETF,512100.XSHG,0.599,8000.0,107200,,6.0,2019-08-06,2019-08,"1000ETF
512100.XSHG"
2019-08-07 09:32:00,止盈,1000ETF,512100.XSHG,0.618,8300.0,98900,157.19,5.0,2019-08-07,2019-08,"1000ETF
512100.XSHG"
2019-08-08 09:31:00,破顶-提前,黄金ETF,518880.XSHG,3.385,,14700,,-5.0,2019-08-08,2019-08,"黄金ETF
518880.XSHG"
2019-08-08 14:31:00,止盈,纳指ETF,513100.XSHG,2.785,1800.0,14700,147.1,-2.0,2019-08-08,2019-08,"纳指ETF
513100.XSHG"
2019-08-14 09:31:00,止盈,创业板ETF易方达,159915.XSHE,1.489,3400.0,26900,152.49,-2.0,2019-08-14,2019-08,"创业板ETF易方达
159915.XSHE"
2019-08-16 10:38:00,止盈,1000ETF,512100.XSHG,0.637,8000.0,90900,151.49,4.0,2019-08-16,2019-08,"1000ETF
512100.XSHG"
2019-08-19 10:09:00,止盈,创业板ETF易方达,159915.XSHE,1.534,3300.0,23600,147.99,-3.0,2019-08-19,2019-08,"创业板ETF易方达
159915.XSHE"
2019-08-19 11:01:00,止盈,500ETF,510500.XSHG,5.206,900.0,8400,138.13,-1.0,2019-08-19,2019-08,"500ETF
510500.XSHG"
2019-08-20 09:34:00,止盈,1000ETF,512100.XSHG,0.657,7800.0,83100,155.49,3.0,2019-08-20,2019-08,"1000ETF
512100.XSHG"
2019-08-26 09:31:00,止盈,黄金ETF,518880.XSHG,3.524,1400.0,13300,194.11,-1.0,2019-08-26,2019-08,"黄金ETF
518880.XSHG"
2019-08-27 10:34:00,止盈,500ETF,510500.XSHG,5.368,900.0,7500,145.32,-2.0,2019-08-27,2019-08,"500ETF
510500.XSHG"
2019-08-27 10:58:00,止盈,创业板ETF易方达,159915.XSHE,1.583,3200.0,20400,156.29,-4.0,2019-08-27,2019-08,"创业板ETF易方达
159915.XSHE"
2019-09-03 09:53:00,止盈,1000ETF,512100.XSHG,0.677,7600.0,75500,151.49,2.0,2019-09-03,2019-09,"1000ETF
512100.XSHG"
2019-09-05 09:31:00,止盈,500ETF,510500.XSHG,5.552,900.0,6600,165.1,-3.0,2019-09-05,2019-09,"500ETF
510500.XSHG"
2019-09-05 09:53:00,止盈,创业板ETF易方达,159915.XSHE,1.632,3100.0,17300,151.39,-5.0,2019-09-05,2019-09,"创业板ETF易方达
159915.XSHE"
2019-09-05 10:10:00,止盈,纳指ETF,513100.XSHG,2.869,1700.0,13000,142.31,-3.0,2019-09-05,2019-09,"纳指ETF
513100.XSHG"
2019-09-05 13:17:00,止盈,1000ETF,512100.XSHG,0.698,7300.0,68200,152.79,1.0,2019-09-05,2019-09,"1000ETF
512100.XSHG"
2019-09-10 09:31:00,加仓,黄金ETF,518880.XSHG,3.38,1400.0,14700,,0.0,2019-09-10,2019-09,"黄金ETF
518880.XSHG"
2019-09-26 10:30:00,加仓,1000ETF,512100.XSHG,0.677,7100.0,75300,,2.0,2019-09-26,2019-09,"1000ETF
512100.XSHG"
2019-09-26 10:36:00,加仓,创业板ETF易方达,159915.XSHE,1.583,3000.0,20300,,-4.0,2019-09-26,2019-09,"创业板ETF易方达
159915.XSHE"
2019-09-26 14:19:00,加仓,500ETF,510500.XSHG,5.384,900.0,7500,,-2.0,2019-09-26,2019-09,"500ETF
510500.XSHG"
2019-10-14 09:56:00,止盈,500ETF,510500.XSHG,5.547,900.0,6600,146.2,-3.0,2019-10-14,2019-10,"500ETF
510500.XSHG"
2019-10-18 13:34:00,加仓,500ETF,510500.XSHG,5.379,900.0,7500,,-2.0,2019-10-18,2019-10,"500ETF
510500.XSHG"
2019-10-28 09:31:00,止盈,创业板ETF易方达,159915.XSHE,1.632,3100.0,17200,151.39,-5.0,2019-10-28,2019-10,"创业板ETF易方达
159915.XSHE"
2019-10-29 09:31:00,止盈,纳指ETF,513100.XSHG,2.958,1700.0,11300,150.8,-4.0,2019-10-29,2019-10,"纳指ETF
513100.XSHG"
2019-11-08 09:31:00,加仓,黄金ETF,518880.XSHG,3.252,1400.0,16100,,1.0,2019-11-08,2019-11,"黄金ETF
518880.XSHG"
2019-11-12 10:01:00,加仓,1000ETF,512100.XSHG,0.656,7300.0,82600,,3.0,2019-11-12,2019-11,"1000ETF
512100.XSHG"
2019-11-12 11:20:00,加仓,500ETF,510500.XSHG,5.216,900.0,8400,,-1.0,2019-11-12,2019-11,"500ETF
510500.XSHG"
2019-11-19 14:58:00,止盈,500ETF,510500.XSHG,5.373,900.0,7500,140.82,-2.0,2019-11-19,2019-11,"500ETF
510500.XSHG"
2019-11-20 10:13:00,止盈,1000ETF,512100.XSHG,0.676,7600.0,75000,151.49,2.0,2019-11-20,2019-11,"1000ETF
512100.XSHG"
2019-11-25 09:47:00,加仓,1000ETF,512100.XSHG,0.655,7300.0,82300,,3.0,2019-11-25,2019-11,"1000ETF
512100.XSHG"
2019-11-26 09:31:00,止盈,纳指ETF,513100.XSHG,3.072,1600.0,9700,181.91,-5.0,2019-11-26,2019-11,"纳指ETF
513100.XSHG"
2019-12-09 09:31:00,止盈,1000ETF,512100.XSHG,0.676,7600.0,74700,159.09,2.0,2019-12-09,2019-12,"1000ETF
512100.XSHG"
2019-12-13 10:18:00,破顶-提前,创业板ETF易方达,159915.XSHE,1.682,,29700,,-5.0,2019-12-13,2019-12,"创业板ETF易方达
159915.XSHE"
2019-12-16 11:17:00,止盈,500ETF,510500.XSHG,5.535,900.0,6600,145.3,-3.0,2019-12-16,2019-12,"500ETF
510500.XSHG"
2019-12-16 13:43:00,止盈,1000ETF,512100.XSHG,0.697,7300.0,67400,152.79,1.0,2019-12-16,2019-12,"1000ETF
512100.XSHG"
2019-12-17 13:06:00,止盈,创业板ETF易方达,159915.XSHE,1.733,2900.0,26800,147.4,-1.0,2019-12-17,2019-12,"创业板ETF易方达
159915.XSHE"
2019-12-17 14:10:00,破顶-提前,纳指ETF,513100.XSHG,3.168,,15700,,-5.0,2019-12-17,2019-12,"纳指ETF
513100.XSHG"
2019-12-18 10:11:00,止盈,500ETF,510500.XSHG,5.707,900.0,5700,154.29,-4.0,2019-12-18,2019-12,"500ETF
510500.XSHG"
2019-12-23 14:24:00,加仓,500ETF,510500.XSHG,5.534,800.0,6500,,-3.0,2019-12-23,2019-12,"500ETF
510500.XSHG"
2019-12-23 14:28:00,加仓,创业板ETF易方达,159915.XSHE,1.681,2800.0,29600,,0.0,2019-12-23,2019-12,"创业板ETF易方达
159915.XSHE"
2019-12-25 09:39:00,止盈,黄金ETF,518880.XSHG,3.35,1500.0,14600,146.5,0.0,2019-12-25,2019-12,"黄金ETF
518880.XSHG"
2019-12-27 09:42:00,止盈,创业板ETF易方达,159915.XSHE,1.732,2900.0,26700,147.4,-1.0,2019-12-27,2019-12,"创业板ETF易方达
159915.XSHE"
2019-12-31 14:29:00,止盈,500ETF,510500.XSHG,5.706,900.0,5600,154.29,-4.0,2019-12-31,2019-12,"500ETF
510500.XSHG"
2020-01-02 09:31:00,止盈,1000ETF,512100.XSHG,0.722,7100.0,60300,176.99,0.0,2020-01-02,2020-01,"1000ETF
512100.XSHG"
2020-01-03 09:31:00,止盈,纳指ETF,513100.XSHG,3.268,1500.0,14200,149.51,-1.0,2020-01-03,2020-01,"纳指ETF
513100.XSHG"
2020-01-06 09:31:00,止盈,黄金ETF,518880.XSHG,3.496,1400.0,13200,203.91,-1.0,2020-01-06,2020-01,"黄金ETF
518880.XSHG"
2020-01-06 10:05:00,止盈,创业板ETF易方达,159915.XSHE,1.784,2800.0,23900,145.1,-2.0,2020-01-06,2020-01,"创业板ETF易方达
159915.XSHE"
2020-01-06 10:06:00,止盈,500ETF,510500.XSHG,5.881,800.0,4800,139.53,-5.0,2020-01-06,2020-01,"500ETF
510500.XSHG"
2020-01-06 13:22:00,止盈,1000ETF,512100.XSHG,0.744,6900.0,53400,151.29,-1.0,2020-01-06,2020-01,"1000ETF
512100.XSHG"
2020-01-09 14:35:00,止盈,创业板ETF易方达,159915.XSHE,1.838,2800.0,21100,150.69,-3.0,2020-01-09,2020-01,"创业板ETF易方达
159915.XSHE"
2020-01-10 14:32:00,止盈,纳指ETF,513100.XSHG,3.367,1500.0,12700,147.99,-2.0,2020-01-10,2020-01,"纳指ETF
513100.XSHG"
2020-01-14 09:31:00,加仓,黄金ETF,518880.XSHG,3.366,1400.0,14600,,0.0,2020-01-14,2020-01,"黄金ETF
518880.XSHG"
2020-01-17 09:31:00,止盈,纳指ETF,513100.XSHG,3.495,1400.0,11300,178.71,-3.0,2020-01-17,2020-01,"纳指ETF
513100.XSHG"
2020-01-20 11:22:00,止盈,创业板ETF易方达,159915.XSHE,1.894,2700.0,18400,150.69,-4.0,2020-01-20,2020-01,"创业板ETF易方达
159915.XSHE"
2020-01-20 14:30:00,破顶-提前,500ETF,510500.XSHG,6.06,,8200,,-5.0,2020-01-20,2020-01,"500ETF
510500.XSHG"
2020-01-21 13:16:00,加仓,纳指ETF,513100.XSHG,3.39,1400.0,12700,,-2.0,2020-01-21,2020-01,"纳指ETF
513100.XSHG"
2020-01-23 13:10:00,加仓,500ETF,510500.XSHG,5.871,800.0,9000,,1.0,2020-01-23,2020-01,"500ETF
510500.XSHG"
2020-01-23 13:32:00,加仓,创业板ETF易方达,159915.XSHE,1.834,2600.0,21000,,-3.0,2020-01-23,2020-01,"创业板ETF易方达
159915.XSHE"
2020-02-03 09:31:00,止盈,黄金ETF,518880.XSHG,3.514,1400.0,13200,206.71,-1.0,2020-02-03,2020-02,"黄金ETF
518880.XSHG"
2020-02-03 09:31:00,加仓,500ETF,510500.XSHG,5.343,800.0,9800,,2.0,2020-02-03,2020-02,"500ETF
510500.XSHG"
2020-02-03 09:31:00,加仓,1000ETF,512100.XSHG,0.666,6700.0,60100,,0.0,2020-02-03,2020-02,"1000ETF
512100.XSHG"
2020-02-03 09:31:00,加仓,创业板ETF易方达,159915.XSHE,1.675,2700.0,23700,,-2.0,2020-02-03,2020-02,"创业板ETF易方达
159915.XSHE"
2020-02-03 09:43:00,止盈,创业板ETF易方达,159915.XSHE,1.726,2900.0,20800,147.4,-3.0,2020-02-03,2020-02,"创业板ETF易方达
159915.XSHE"
2020-02-03 14:52:00,加仓,创业板ETF易方达,159915.XSHE,1.671,2800.0,23600,,-2.0,2020-02-03,2020-02,"创业板ETF易方达
159915.XSHE"
2020-02-04 09:31:00,止盈,创业板ETF易方达,159915.XSHE,1.723,2900.0,20700,150.3,-3.0,2020-02-04,2020-02,"创业板ETF易方达
159915.XSHE"
2020-02-04 09:54:00,止盈,创业板ETF易方达,159915.XSHE,1.776,2900.0,17800,153.18,-4.0,2020-02-04,2020-02,"创业板ETF易方达
159915.XSHE"
2020-02-05 09:31:00,止盈,纳指ETF,513100.XSHG,3.502,1400.0,11300,156.31,-3.0,2020-02-05,2020-02,"纳指ETF
513100.XSHG"
2020-02-05 09:31:00,止盈,创业板ETF易方达,159915.XSHE,1.83,2800.0,15000,150.69,-5.0,2020-02-05,2020-02,"创业板ETF易方达
159915.XSHE"
2020-02-05 09:40:00,止盈,1000ETF,512100.XSHG,0.687,7500.0,52600,156.98,-1.0,2020-02-05,2020-02,"1000ETF
512100.XSHG"
2020-02-05 09:48:00,止盈,500ETF,510500.XSHG,5.505,900.0,8900,145.3,1.0,2020-02-05,2020-02,"500ETF
510500.XSHG"
2020-02-05 10:36:00,破顶-提前,创业板ETF易方达,159915.XSHE,1.889,,26400,,-5.0,2020-02-05,2020-02,"创业板ETF易方达
159915.XSHE"
2020-02-06 09:33:00,止盈,纳指ETF,513100.XSHG,3.614,1400.0,9900,156.29,-4.0,2020-02-06,2020-02,"纳指ETF
513100.XSHG"
2020-02-06 11:29:00,止盈,500ETF,510500.XSHG,5.671,900.0,8000,148.89,0.0,2020-02-06,2020-02,"500ETF
510500.XSHG"
2020-02-06 11:29:00,止盈,1000ETF,512100.XSHG,0.709,7200.0,45400,157.89,-2.0,2020-02-06,2020-02,"1000ETF
512100.XSHG"
2020-02-07 09:45:00,止盈,纳指ETF,513100.XSHG,3.725,1300.0,8600,143.82,-5.0,2020-02-07,2020-02,"纳指ETF
513100.XSHG"
2020-02-07 10:24:00,止盈,创业板ETF易方达,159915.XSHE,1.947,2600.0,23800,150.29,-1.0,2020-02-07,2020-02,"创业板ETF易方达
159915.XSHE"
2020-02-10 14:46:00,止盈,1000ETF,512100.XSHG,0.731,7000.0,38400,153.49,-3.0,2020-02-10,2020-02,"1000ETF
512100.XSHG"
2020-02-11 09:32:00,破顶-提前,纳指ETF,513100.XSHG,3.843,,13000,,-5.0,2020-02-11,2020-02,"纳指ETF
513100.XSHG"
2020-02-12 10:48:00,止盈,纳指ETF,513100.XSHG,3.962,1300.0,11700,154.18,-1.0,2020-02-12,2020-02,"纳指ETF
513100.XSHG"
2020-02-12 11:19:00,止盈,500ETF,510500.XSHG,5.844,800.0,7200,137.93,-1.0,2020-02-12,2020-02,"500ETF
510500.XSHG"
2020-02-12 14:20:00,止盈,创业板ETF易方达,159915.XSHE,2.008,2500.0,21300,152.0,-2.0,2020-02-12,2020-02,"创业板ETF易方达
159915.XSHE"
2020-02-13 09:42:00,止盈,纳指ETF,513100.XSHG,4.081,1200.0,10500,142.31,-2.0,2020-02-13,2020-02,"纳指ETF
513100.XSHG"
2020-02-13 14:57:00,止盈,纳指ETF,513100.XSHG,4.226,1200.0,9300,173.49,-3.0,2020-02-13,2020-02,"纳指ETF
513100.XSHG"
2020-02-14 09:32:00,加仓,纳指ETF,513100.XSHG,4.023,1100.0,10400,,-2.0,2020-02-14,2020-02,"纳指ETF
513100.XSHG"
2020-02-14 09:44:00,止盈,纳指ETF,513100.XSHG,4.145,1200.0,9200,145.9,-3.0,2020-02-14,2020-02,"纳指ETF
513100.XSHG"
2020-02-14 14:27:00,加仓,纳指ETF,513100.XSHG,4.006,1200.0,10400,,-2.0,2020-02-14,2020-02,"纳指ETF
513100.XSHG"
2020-02-17 09:34:00,加仓,纳指ETF,513100.XSHG,3.84,1200.0,11600,,-1.0,2020-02-17,2020-02,"纳指ETF
513100.XSHG"
2020-02-17 09:36:00,止盈,1000ETF,512100.XSHG,0.753,6800.0,31600,149.09,-4.0,2020-02-17,2020-02,"1000ETF
512100.XSHG"
2020-02-17 11:22:00,止盈,纳指ETF,513100.XSHG,3.962,1300.0,10300,158.08,-2.0,2020-02-17,2020-02,"纳指ETF
513100.XSHG"
2020-02-17 13:23:00,止盈,500ETF,510500.XSHG,6.02,800.0,6400,140.32,-2.0,2020-02-17,2020-02,"500ETF
510500.XSHG"
2020-02-17 14:57:00,止盈,创业板ETF易方达,159915.XSHE,2.07,2400.0,18900,148.3,-3.0,2020-02-17,2020-02,"创业板ETF易方达
159915.XSHE"
2020-02-18 09:37:00,止盈,1000ETF,512100.XSHG,0.776,6600.0,25000,151.29,-5.0,2020-02-18,2020-02,"1000ETF
512100.XSHG"
2020-02-18 14:20:00,加仓,纳指ETF,513100.XSHG,3.84,1200.0,11500,,-1.0,2020-02-18,2020-02,"纳指ETF
513100.XSHG"
2020-02-21 09:33:00,破顶-提前,1000ETF,512100.XSHG,0.8,,62500,,-5.0,2020-02-21,2020-02,"1000ETF
512100.XSHG"
2020-02-21 09:52:00,止盈,500ETF,510500.XSHG,6.204,800.0,5600,146.7,-3.0,2020-02-21,2020-02,"500ETF
510500.XSHG"
2020-02-21 10:06:00,止盈,黄金ETF,518880.XSHG,3.62,1400.0,11800,147.89,-2.0,2020-02-21,2020-02,"黄金ETF
518880.XSHG"
2020-02-21 10:08:00,止盈,创业板ETF易方达,159915.XSHE,2.134,2400.0,16500,153.09,-4.0,2020-02-21,2020-02,"创业板ETF易方达
159915.XSHE"
2020-02-21 14:49:00,加仓,纳指ETF,513100.XSHG,3.724,1300.0,12800,,0.0,2020-02-21,2020-02,"纳指ETF
513100.XSHG"
2020-02-24 09:32:00,加仓,纳指ETF,513100.XSHG,3.601,1300.0,14100,,1.0,2020-02-24,2020-02,"纳指ETF
513100.XSHG"
2020-02-24 11:18:00,止盈,1000ETF,512100.XSHG,0.825,6200.0,56300,154.49,-1.0,2020-02-24,2020-02,"1000ETF
512100.XSHG"
2020-02-24 13:15:00,止盈,黄金ETF,518880.XSHG,3.729,1300.0,10500,141.22,-3.0,2020-02-24,2020-02,"黄金ETF
518880.XSHG"
2020-02-25 09:31:00,加仓,纳指ETF,513100.XSHG,3.479,1300.0,15400,,2.0,2020-02-25,2020-02,"纳指ETF
513100.XSHG"
2020-02-25 10:12:00,止盈,纳指ETF,513100.XSHG,3.587,1400.0,14000,150.7,1.0,2020-02-25,2020-02,"纳指ETF
513100.XSHG"
2020-02-25 11:12:00,加仓,1000ETF,512100.XSHG,0.799,6000.0,62300,,0.0,2020-02-25,2020-02,"1000ETF
512100.XSHG"
2020-02-25 13:37:00,止盈,1000ETF,512100.XSHG,0.824,6200.0,56100,154.49,-1.0,2020-02-25,2020-02,"1000ETF
512100.XSHG"
2020-02-25 14:35:00,止盈,创业板ETF易方达,159915.XSHE,2.199,2300.0,14200,148.99,-5.0,2020-02-25,2020-02,"创业板ETF易方达
159915.XSHE"
2020-02-26 10:23:00,加仓,创业板ETF易方达,159915.XSHE,2.13,2200.0,16400,,-4.0,2020-02-26,2020-02,"创业板ETF易方达
159915.XSHE"
2020-02-27 10:13:00,加仓,1000ETF,512100.XSHG,0.798,6000.0,62100,,0.0,2020-02-27,2020-02,"1000ETF
512100.XSHG"
2020-02-28 09:31:00,加仓,纳指ETF,513100.XSHG,3.428,1300.0,15300,,2.0,2020-02-28,2020-02,"纳指ETF
513100.XSHG"
2020-02-28 09:31:00,加仓,创业板ETF易方达,159915.XSHE,2.04,2300.0,18700,,-3.0,2020-02-28,2020-02,"创业板ETF易方达
159915.XSHE"
2020-02-28 10:27:00,加仓,500ETF,510500.XSHG,6.01,800.0,6400,,-2.0,2020-02-28,2020-02,"500ETF
510500.XSHG"
2020-02-28 10:31:00,加仓,1000ETF,512100.XSHG,0.774,6200.0,68300,,1.0,2020-02-28,2020-02,"1000ETF
512100.XSHG"
2020-02-28 13:55:00,加仓,黄金ETF,518880.XSHG,3.616,1300.0,11800,,-2.0,2020-02-28,2020-02,"黄金ETF
518880.XSHG"
2020-03-02 13:45:00,止盈,纳指ETF,513100.XSHG,3.538,1400.0,13900,153.5,1.0,2020-03-02,2020-03,"纳指ETF
513100.XSHG"
2020-03-02 14:13:00,止盈,1000ETF,512100.XSHG,0.798,6400.0,61900,153.09,0.0,2020-03-02,2020-03,"1000ETF
512100.XSHG"
2020-03-03 09:31:00,止盈,纳指ETF,513100.XSHG,3.678,1400.0,12500,195.49,0.0,2020-03-03,2020-03,"纳指ETF
513100.XSHG"
2020-03-03 09:31:00,止盈,500ETF,510500.XSHG,6.221,800.0,5600,168.3,-3.0,2020-03-03,2020-03,"500ETF
510500.XSHG"
2020-03-03 09:31:00,止盈,创业板ETF易方达,159915.XSHE,2.102,2400.0,16300,148.3,-4.0,2020-03-03,2020-03,"创业板ETF易方达
159915.XSHE"
2020-03-03 10:48:00,止盈,1000ETF,512100.XSHG,0.822,6200.0,55700,148.29,-1.0,2020-03-03,2020-03,"1000ETF
512100.XSHG"
2020-03-03 13:12:00,加仓,纳指ETF,513100.XSHG,3.567,1300.0,13800,,1.0,2020-03-03,2020-03,"纳指ETF
513100.XSHG"
2020-03-04 13:27:00,加仓,1000ETF,512100.XSHG,0.797,6000.0,61700,,0.0,2020-03-04,2020-03,"1000ETF
512100.XSHG"
2020-03-05 09:31:00,止盈,1000ETF,512100.XSHG,0.822,6200.0,55500,154.49,-1.0,2020-03-05,2020-03,"1000ETF
512100.XSHG"
2020-03-09 09:31:00,加仓,纳指ETF,513100.XSHG,3.398,1400.0,15200,,2.0,2020-03-09,2020-03,"纳指ETF
513100.XSHG"
2020-03-09 09:51:00,止盈,黄金ETF,518880.XSHG,3.726,1300.0,10500,142.52,-3.0,2020-03-09,2020-03,"黄金ETF
518880.XSHG"
2020-03-09 10:59:00,加仓,1000ETF,512100.XSHG,0.797,6000.0,61500,,0.0,2020-03-09,2020-03,"1000ETF
512100.XSHG"
2020-03-09 13:01:00,加仓,黄金ETF,518880.XSHG,3.577,1300.0,11800,,-2.0,2020-03-09,2020-03,"黄金ETF
518880.XSHG"
2020-03-09 13:05:00,加仓,创业板ETF易方达,159915.XSHE,2.038,2300.0,18600,,-3.0,2020-03-09,2020-03,"创业板ETF易方达
159915.XSHE"
2020-03-09 13:10:00,加仓,500ETF,510500.XSHG,6.034,800.0,6400,,-2.0,2020-03-09,2020-03,"500ETF
510500.XSHG"
2020-03-09 14:38:00,加仓,纳指ETF,513100.XSHG,3.292,1400.0,16600,,3.0,2020-03-09,2020-03,"纳指ETF
513100.XSHG"
2020-03-10 09:39:00,加仓,1000ETF,512100.XSHG,0.772,6200.0,67700,,1.0,2020-03-10,2020-03,"1000ETF
512100.XSHG"
2020-03-10 10:50:00,加仓,创业板ETF易方达,159915.XSHE,1.976,2400.0,21000,,-2.0,2020-03-10,2020-03,"创业板ETF易方达
159915.XSHE"
2020-03-10 13:01:00,止盈,创业板ETF易方达,159915.XSHE,2.038,2500.0,18500,154.49,-3.0,2020-03-10,2020-03,"创业板ETF易方达
159915.XSHE"
2020-03-10 13:02:00,止盈,1000ETF,512100.XSHG,0.796,6400.0,61300,153.09,0.0,2020-03-10,2020-03,"1000ETF
512100.XSHG"
2020-03-10 13:32:00,止盈,纳指ETF,513100.XSHG,3.399,1500.0,15100,159.99,2.0,2020-03-10,2020-03,"纳指ETF
513100.XSHG"
2020-03-11 14:41:00,加仓,纳指ETF,513100.XSHG,3.296,1400.0,16500,,3.0,2020-03-11,2020-03,"纳指ETF
513100.XSHG"
2020-03-12 09:32:00,加仓,纳指ETF,513100.XSHG,3.193,1500.0,18000,,4.0,2020-03-12,2020-03,"纳指ETF
513100.XSHG"
2020-03-12 10:10:00,加仓,创业板ETF易方达,159915.XSHE,1.976,2400.0,20900,,-2.0,2020-03-12,2020-03,"创业板ETF易方达
159915.XSHE"
2020-03-12 14:27:00,加仓,1000ETF,512100.XSHG,0.772,6200.0,67500,,1.0,2020-03-12,2020-03,"1000ETF
512100.XSHG"
2020-03-13 09:31:00,加仓,纳指ETF,513100.XSHG,2.987,1500.0,19500,,5.0,2020-03-13,2020-03,"纳指ETF
513100.XSHG"
2020-03-13 09:31:00,加仓,黄金ETF,518880.XSHG,3.463,1300.0,13100,,-1.0,2020-03-13,2020-03,"黄金ETF
518880.XSHG"
2020-03-13 09:31:00,加仓,500ETF,510500.XSHG,5.7,800.0,7200,,-1.0,2020-03-13,2020-03,"500ETF
510500.XSHG"
2020-03-13 09:31:00,加仓,创业板ETF易方达,159915.XSHE,1.88,2500.0,23400,,-1.0,2020-03-13,2020-03,"创业板ETF易方达
159915.XSHE"
2020-03-13 09:32:00,加仓,1000ETF,512100.XSHG,0.742,6400.0,73900,,2.0,2020-03-13,2020-03,"1000ETF
512100.XSHG"
2020-03-13 10:37:00,止盈,1000ETF,512100.XSHG,0.765,6700.0,67200,153.59,1.0,2020-03-13,2020-03,"1000ETF
512100.XSHG"
2020-03-13 11:01:00,止盈,创业板ETF易方达,159915.XSHE,1.94,2600.0,20800,155.5,-2.0,2020-03-13,2020-03,"创业板ETF易方达
159915.XSHE"
2020-03-13 13:01:00,止盈,纳指ETF,513100.XSHG,3.088,1600.0,17900,161.11,4.0,2020-03-13,2020-03,"纳指ETF
513100.XSHG"
2020-03-13 13:02:00,止盈,500ETF,510500.XSHG,5.884,800.0,6400,146.73,-2.0,2020-03-13,2020-03,"500ETF
510500.XSHG"
2020-03-13 13:07:00,止盈,纳指ETF,513100.XSHG,3.192,1600.0,16300,165.89,3.0,2020-03-13,2020-03,"纳指ETF
513100.XSHG"
2020-03-13 13:20:00,止盈,纳指ETF,513100.XSHG,3.296,1500.0,14800,155.51,2.0,2020-03-13,2020-03,"纳指ETF
513100.XSHG"
2020-03-13 14:21:00,加仓,纳指ETF,513100.XSHG,3.193,1500.0,16300,,3.0,2020-03-13,2020-03,"纳指ETF
513100.XSHG"
2020-03-16 13:35:00,加仓,创业板ETF易方达,159915.XSHE,1.881,2500.0,23300,,-1.0,2020-03-16,2020-03,"创业板ETF易方达
159915.XSHE"
2020-03-16 14:00:00,加仓,500ETF,510500.XSHG,5.707,800.0,7200,,-1.0,2020-03-16,2020-03,"500ETF
510500.XSHG"
2020-03-16 14:08:00,加仓,1000ETF,512100.XSHG,0.741,6500.0,73700,,2.0,2020-03-16,2020-03,"1000ETF
512100.XSHG"
2020-03-16 14:31:00,加仓,纳指ETF,513100.XSHG,3.08,1500.0,17800,,4.0,2020-03-16,2020-03,"纳指ETF
513100.XSHG"
2020-03-17 09:31:00,加仓,黄金ETF,518880.XSHG,3.312,1400.0,14500,,0.0,2020-03-17,2020-03,"黄金ETF
518880.XSHG"
2020-03-17 09:40:00,加仓,创业板ETF易方达,159915.XSHE,1.819,2600.0,25900,,0.0,2020-03-17,2020-03,"创业板ETF易方达
159915.XSHE"
2020-03-17 10:13:00,加仓,1000ETF,512100.XSHG,0.718,6700.0,80400,,3.0,2020-03-17,2020-03,"1000ETF
512100.XSHG"
2020-03-17 10:16:00,加仓,500ETF,510500.XSHG,5.532,800.0,8000,,0.0,2020-03-17,2020-03,"500ETF
510500.XSHG"
2020-03-17 13:01:00,止盈,1000ETF,512100.XSHG,0.74,6900.0,73500,151.29,2.0,2020-03-17,2020-03,"1000ETF
512100.XSHG"
2020-03-18 09:44:00,止盈,创业板ETF易方达,159915.XSHE,1.874,2700.0,23200,147.99,-1.0,2020-03-18,2020-03,"创业板ETF易方达
159915.XSHE"
2020-03-18 09:47:00,止盈,500ETF,510500.XSHG,5.709,900.0,7100,158.79,-1.0,2020-03-18,2020-03,"500ETF
510500.XSHG"
2020-03-19 09:34:00,加仓,创业板ETF易方达,159915.XSHE,1.815,2600.0,25800,,0.0,2020-03-19,2020-03,"创业板ETF易方达
159915.XSHE"
2020-03-19 09:49:00,加仓,500ETF,510500.XSHG,5.526,800.0,7900,,0.0,2020-03-19,2020-03,"500ETF
510500.XSHG"
2020-03-19 10:42:00,加仓,1000ETF,512100.XSHG,0.717,6700.0,80200,,3.0,2020-03-19,2020-03,"1000ETF
512100.XSHG"
2020-03-19 11:02:00,加仓,纳指ETF,513100.XSHG,2.986,1600.0,19400,,5.0,2020-03-19,2020-03,"纳指ETF
513100.XSHG"
2020-03-20 09:31:00,止盈,纳指ETF,513100.XSHG,3.098,1600.0,17800,178.7,4.0,2020-03-20,2020-03,"纳指ETF
513100.XSHG"
2020-03-20 14:57:00,止盈,1000ETF,512100.XSHG,0.739,6900.0,73300,151.29,2.0,2020-03-20,2020-03,"1000ETF
512100.XSHG"
2020-03-23 10:11:00,加仓,1000ETF,512100.XSHG,0.715,6700.0,80000,,3.0,2020-03-23,2020-03,"1000ETF
512100.XSHG"
2020-03-23 14:39:00,加仓,创业板ETF易方达,159915.XSHE,1.76,2700.0,28500,,1.0,2020-03-23,2020-03,"创业板ETF易方达
159915.XSHE"
2020-03-24 09:31:00,止盈,黄金ETF,518880.XSHG,3.549,1500.0,13000,354.97,-1.0,2020-03-24,2020-03,"黄金ETF
518880.XSHG"
2020-03-25 09:31:00,止盈,纳指ETF,513100.XSHG,3.32,1600.0,16200,354.67,3.0,2020-03-25,2020-03,"纳指ETF
513100.XSHG"
2020-03-25 09:31:00,止盈,创业板ETF易方达,159915.XSHE,1.846,2800.0,25700,240.28,0.0,2020-03-25,2020-03,"创业板ETF易方达
159915.XSHE"
2020-03-26 10:30:00,止盈,1000ETF,512100.XSHG,0.737,6900.0,73100,151.29,2.0,2020-03-26,2020-03,"1000ETF
512100.XSHG"
2020-03-27 09:30:00,加仓,纳指ETF,513100.XSHG,3.219,1500.0,17700,,4.0,2020-03-27,2020-03,"纳指ETF
513100.XSHG"
2020-03-30 09:31:00,加仓,纳指ETF,513100.XSHG,3.073,1500.0,19200,,5.0,2020-03-30,2020-03,"纳指ETF
513100.XSHG"
2020-03-30 09:33:00,加仓,1000ETF,512100.XSHG,0.709,6700.0,79800,,3.0,2020-03-30,2020-03,"1000ETF
512100.XSHG"
2020-03-30 09:46:00,加仓,创业板ETF易方达,159915.XSHE,1.79,2700.0,28400,,1.0,2020-03-30,2020-03,"创业板ETF易方达
159915.XSHE"
2020-04-02 14:58:00,止盈,创业板ETF易方达,159915.XSHE,1.844,2700.0,25700,145.3,0.0,2020-04-02,2020-04,"创业板ETF易方达
159915.XSHE"
2020-04-07 09:31:00,止盈,纳指ETF,513100.XSHG,3.194,1600.0,17600,193.09,4.0,2020-04-07,2020-04,"纳指ETF
513100.XSHG"
2020-04-07 09:31:00,止盈,黄金ETF,518880.XSHG,3.687,1400.0,11600,192.68,-2.0,2020-04-07,2020-04,"黄金ETF
518880.XSHG"
2020-04-07 09:37:00,止盈,1000ETF,512100.XSHG,0.731,7000.0,72800,153.49,2.0,2020-04-07,2020-04,"1000ETF
512100.XSHG"
2020-04-07 13:56:00,止盈,500ETF,510500.XSHG,5.692,900.0,7000,148.89,-1.0,2020-04-07,2020-04,"500ETF
510500.XSHG"
2020-04-08 13:53:00,止盈,创业板ETF易方达,159915.XSHE,1.9,2700.0,23000,150.69,-1.0,2020-04-08,2020-04,"创业板ETF易方达
159915.XSHE"
2020-04-09 13:41:00,止盈,1000ETF,512100.XSHG,0.753,6800.0,66000,149.09,1.0,2020-04-09,2020-04,"1000ETF
512100.XSHG"
2020-04-13 09:32:00,加仓,1000ETF,512100.XSHG,0.727,6600.0,72600,,2.0,2020-04-13,2020-04,"1000ETF
512100.XSHG"
2020-04-13 09:35:00,加仓,纳指ETF,513100.XSHG,3.093,1500.0,19100,,5.0,2020-04-13,2020-04,"纳指ETF
513100.XSHG"
2020-04-13 13:32:00,加仓,创业板ETF易方达,159915.XSHE,1.843,2600.0,25600,,0.0,2020-04-13,2020-04,"创业板ETF易方达
159915.XSHE"
2020-04-14 13:57:00,止盈,创业板ETF易方达,159915.XSHE,1.899,2700.0,22900,150.69,-1.0,2020-04-14,2020-04,"创业板ETF易方达
159915.XSHE"
2020-04-15 09:31:00,止盈,纳指ETF,513100.XSHG,3.205,1600.0,17500,178.69,4.0,2020-04-15,2020-04,"纳指ETF
513100.XSHG"
2020-04-17 09:31:00,止盈,纳指ETF,513100.XSHG,3.342,1500.0,16000,205.0,3.0,2020-04-17,2020-04,"纳指ETF
513100.XSHG"
2020-04-17 09:34:00,止盈,创业板ETF易方达,159915.XSHE,1.957,2600.0,20300,150.29,-2.0,2020-04-17,2020-04,"创业板ETF易方达
159915.XSHE"
2020-04-17 09:49:00,止盈,1000ETF,512100.XSHG,0.749,6800.0,65800,149.09,1.0,2020-04-17,2020-04,"1000ETF
512100.XSHG"
2020-04-23 09:32:00,止盈,纳指ETF,513100.XSHG,3.454,1400.0,14600,156.32,2.0,2020-04-23,2020-04,"纳指ETF
513100.XSHG"
2020-04-27 13:03:00,止盈,纳指ETF,513100.XSHG,3.563,1400.0,13200,152.1,1.0,2020-04-27,2020-04,"纳指ETF
513100.XSHG"
2020-04-28 09:48:00,加仓,1000ETF,512100.XSHG,0.724,6600.0,72400,,2.0,2020-04-28,2020-04,"1000ETF
512100.XSHG"
2020-04-28 10:00:00,加仓,创业板ETF易方达,159915.XSHE,1.894,2500.0,22800,,-1.0,2020-04-28,2020-04,"创业板ETF易方达
159915.XSHE"
2020-04-28 10:58:00,止盈,创业板ETF易方达,159915.XSHE,1.951,2600.0,20200,147.69,-2.0,2020-04-28,2020-04,"创业板ETF易方达
159915.XSHE"
2020-04-29 09:32:00,止盈,纳指ETF,513100.XSHG,3.696,1400.0,11800,185.68,0.0,2020-04-29,2020-04,"纳指ETF
513100.XSHG"
2020-04-30 09:31:00,止盈,纳指ETF,513100.XSHG,3.842,1300.0,10500,189.3,-1.0,2020-04-30,2020-04,"纳指ETF
513100.XSHG"
2020-04-30 14:34:00,加仓,纳指ETF,513100.XSHG,3.724,1300.0,11800,,0.0,2020-04-30,2020-04,"纳指ETF
513100.XSHG"
2020-05-06 09:41:00,止盈,1000ETF,512100.XSHG,0.746,6900.0,65500,151.29,1.0,2020-05-06,2020-05,"1000ETF
512100.XSHG"
2020-05-06 11:28:00,止盈,创业板ETF易方达,159915.XSHE,2.01,2500.0,17700,147.0,-3.0,2020-05-06,2020-05,"创业板ETF易方达
159915.XSHE"
2020-05-06 13:46:00,止盈,500ETF,510500.XSHG,5.866,800.0,6200,138.73,-2.0,2020-05-06,2020-05,"500ETF
510500.XSHG"
2020-05-08 13:04:00,止盈,1000ETF,512100.XSHG,0.769,6700.0,58800,153.58,0.0,2020-05-08,2020-05,"1000ETF
512100.XSHG"
2020-05-13 09:34:00,加仓,纳指ETF,513100.XSHG,3.61,1300.0,13100,,1.0,2020-05-13,2020-05,"纳指ETF
513100.XSHG"
2020-05-15 09:31:00,止盈,黄金ETF,518880.XSHG,3.82,1300.0,10300,172.4,-3.0,2020-05-15,2020-05,"黄金ETF
518880.XSHG"
2020-05-18 10:12:00,止盈,黄金ETF,518880.XSHG,3.937,1300.0,9000,151.59,-4.0,2020-05-18,2020-05,"黄金ETF
518880.XSHG"
2020-05-19 09:34:00,止盈,纳指ETF,513100.XSHG,3.72,1300.0,11800,142.52,0.0,2020-05-19,2020-05,"纳指ETF
513100.XSHG"
2020-05-20 09:32:00,止盈,创业板ETF易方达,159915.XSHE,2.071,2400.0,15300,145.9,-4.0,2020-05-20,2020-05,"创业板ETF易方达
159915.XSHE"
2020-05-22 09:46:00,加仓,创业板ETF易方达,159915.XSHE,2.005,2400.0,17700,,-3.0,2020-05-22,2020-05,"创业板ETF易方达
159915.XSHE"
2020-05-22 13:18:00,加仓,1000ETF,512100.XSHG,0.745,6500.0,65300,,1.0,2020-05-22,2020-05,"1000ETF
512100.XSHG"
2020-05-22 14:42:00,加仓,纳指ETF,513100.XSHG,3.603,1300.0,13100,,1.0,2020-05-22,2020-05,"纳指ETF
513100.XSHG"
2020-05-25 14:58:00,止盈,纳指ETF,513100.XSHG,3.715,1300.0,11800,145.12,0.0,2020-05-25,2020-05,"纳指ETF
513100.XSHG"
2020-05-27 13:50:00,止盈,纳指ETF,513100.XSHG,3.834,1300.0,10500,154.2,-1.0,2020-05-27,2020-05,"纳指ETF
513100.XSHG"
2020-05-29 11:00:00,止盈,1000ETF,512100.XSHG,0.768,6700.0,58600,153.59,0.0,2020-05-29,2020-05,"1000ETF
512100.XSHG"
2020-06-01 10:51:00,止盈,创业板ETF易方达,159915.XSHE,2.066,2400.0,15300,145.9,-4.0,2020-06-01,2020-06,"创业板ETF易方达
159915.XSHE"
2020-06-01 11:26:00,止盈,500ETF,510500.XSHG,6.042,800.0,5400,140.32,-3.0,2020-06-01,2020-06,"500ETF
510500.XSHG"
2020-06-02 09:31:00,止盈,1000ETF,512100.XSHG,0.793,6500.0,52100,161.98,-1.0,2020-06-02,2020-06,"1000ETF
512100.XSHG"
2020-06-04 09:31:00,加仓,黄金ETF,518880.XSHG,3.818,1200.0,10200,,-3.0,2020-06-04,2020-06,"黄金ETF
518880.XSHG"
2020-06-11 09:42:00,止盈,创业板ETF易方达,159915.XSHE,2.128,2400.0,12900,148.29,-5.0,2020-06-11,2020-06,"创业板ETF易方达
159915.XSHE"
2020-06-12 09:31:00,加仓,纳指ETF,513100.XSHG,3.657,1300.0,11800,,0.0,2020-06-12,2020-06,"纳指ETF
513100.XSHG"
2020-06-16 09:54:00,止盈,纳指ETF,513100.XSHG,3.77,1300.0,10500,146.41,-1.0,2020-06-16,2020-06,"纳指ETF
513100.XSHG"
2020-06-17 09:44:00,破顶-提前,创业板ETF易方达,159915.XSHE,2.194,,22700,,-5.0,2020-06-17,2020-06,"创业板ETF易方达
159915.XSHE"
2020-06-17 10:07:00,止盈,500ETF,510500.XSHG,6.224,800.0,4600,145.1,-4.0,2020-06-17,2020-06,"500ETF
510500.XSHG"
2020-06-19 11:16:00,止盈,1000ETF,512100.XSHG,0.817,6300.0,45800,150.69,-2.0,2020-06-19,2020-06,"1000ETF
512100.XSHG"
2020-06-22 09:39:00,止盈,创业板ETF易方达,159915.XSHE,2.26,2200.0,20500,144.7,-1.0,2020-06-22,2020-06,"创业板ETF易方达
159915.XSHE"
2020-06-30 09:44:00,止盈,创业板ETF易方达,159915.XSHE,2.329,2200.0,18300,151.29,-2.0,2020-06-30,2020-06,"创业板ETF易方达
159915.XSHE"
2020-06-30 11:26:00,止盈,500ETF,510500.XSHG,6.412,800.0,3800,149.89,-5.0,2020-06-30,2020-06,"500ETF
510500.XSHG"
2020-07-01 13:02:00,止盈,黄金ETF,518880.XSHG,3.933,1300.0,8900,148.99,-4.0,2020-07-01,2020-07,"黄金ETF
518880.XSHG"
2020-07-02 09:50:00,止盈,1000ETF,512100.XSHG,0.842,6100.0,39700,151.99,-3.0,2020-07-02,2020-07,"1000ETF
512100.XSHG"
2020-07-03 14:34:00,破顶-提前,500ETF,510500.XSHG,6.609,,7500,,-5.0,2020-07-03,2020-07,"500ETF
510500.XSHG"
2020-07-06 09:31:00,止盈,1000ETF,512100.XSHG,0.872,5900.0,33800,176.49,-4.0,2020-07-06,2020-07,"1000ETF
512100.XSHG"
2020-07-06 09:57:00,止盈,创业板ETF易方达,159915.XSHE,2.404,2100.0,16200,157.0,-3.0,2020-07-06,2020-07,"创业板ETF易方达
159915.XSHE"
2020-07-06 10:20:00,止盈,500ETF,510500.XSHG,6.809,700.0,6800,139.52,-1.0,2020-07-06,2020-07,"500ETF
510500.XSHG"
2020-07-07 09:30:00,止盈,1000ETF,512100.XSHG,0.899,5700.0,28100,153.39,-5.0,2020-07-07,2020-07,"1000ETF
512100.XSHG"
2020-07-07 09:31:00,止盈,500ETF,510500.XSHG,7.014,700.0,6100,143.01,-2.0,2020-07-07,2020-07,"500ETF
510500.XSHG"
2020-07-07 09:40:00,止盈,创业板ETF易方达,159915.XSHE,2.477,2000.0,14200,145.5,-4.0,2020-07-07,2020-07,"创业板ETF易方达
159915.XSHE"
2020-07-07 13:06:00,止盈,创业板ETF易方达,159915.XSHE,2.552,2000.0,12200,149.49,-5.0,2020-07-07,2020-07,"创业板ETF易方达
159915.XSHE"
2020-07-08 14:43:00,破顶-提前,1000ETF,512100.XSHG,0.926,,53900,,-5.0,2020-07-08,2020-07,"1000ETF
512100.XSHG"
2020-07-09 09:52:00,止盈,500ETF,510500.XSHG,7.229,700.0,5400,149.99,-3.0,2020-07-09,2020-07,"500ETF
510500.XSHG"
2020-07-09 10:13:00,破顶-提前,创业板ETF易方达,159915.XSHE,2.629,,19000,,-5.0,2020-07-09,2020-07,"创业板ETF易方达
159915.XSHE"
2020-07-09 13:02:00,止盈,1000ETF,512100.XSHG,0.954,5300.0,48600,147.89,-1.0,2020-07-09,2020-07,"1000ETF
512100.XSHG"
2020-07-13 09:31:00,止盈,纳指ETF,513100.XSHG,3.904,1300.0,9200,173.69,-2.0,2020-07-13,2020-07,"纳指ETF
513100.XSHG"
2020-07-13 09:32:00,止盈,创业板ETF易方达,159915.XSHE,2.718,1900.0,17100,168.58,-1.0,2020-07-13,2020-07,"创业板ETF易方达
159915.XSHE"
2020-07-13 10:20:00,止盈,500ETF,510500.XSHG,7.448,600.0,4800,130.95,-4.0,2020-07-13,2020-07,"500ETF
510500.XSHG"
2020-07-13 13:07:00,止盈,1000ETF,512100.XSHG,0.983,5200.0,43400,150.29,-2.0,2020-07-13,2020-07,"1000ETF
512100.XSHG"
2020-07-13 14:01:00,止盈,创业板ETF易方达,159915.XSHE,2.8,1800.0,15300,147.1,-2.0,2020-07-13,2020-07,"创业板ETF易方达
159915.XSHE"
2020-07-14 13:41:00,加仓,创业板ETF易方达,159915.XSHE,2.712,1700.0,17000,,-1.0,2020-07-14,2020-07,"创业板ETF易方达
159915.XSHE"
2020-07-15 10:09:00,止盈,创业板ETF易方达,159915.XSHE,2.795,1800.0,15200,148.9,-2.0,2020-07-15,2020-07,"创业板ETF易方达
159915.XSHE"
2020-07-15 10:44:00,加仓,1000ETF,512100.XSHG,0.951,5000.0,48400,,-1.0,2020-07-15,2020-07,"1000ETF
512100.XSHG"
2020-07-15 11:15:00,加仓,创业板ETF易方达,159915.XSHE,2.71,1700.0,16900,,-1.0,2020-07-15,2020-07,"创业板ETF易方达
159915.XSHE"
2020-07-15 13:52:00,止盈,创业板ETF易方达,159915.XSHE,2.792,1800.0,15100,147.1,-2.0,2020-07-15,2020-07,"创业板ETF易方达
159915.XSHE"
2020-07-16 09:33:00,加仓,创业板ETF易方达,159915.XSHE,2.706,1700.0,16800,,-1.0,2020-07-16,2020-07,"创业板ETF易方达
159915.XSHE"
2020-07-16 11:17:00,加仓,500ETF,510500.XSHG,7.224,600.0,5400,,-3.0,2020-07-16,2020-07,"500ETF
510500.XSHG"
2020-07-16 13:30:00,加仓,创业板ETF易方达,159915.XSHE,2.619,1800.0,18600,,0.0,2020-07-16,2020-07,"创业板ETF易方达
159915.XSHE"
2020-07-16 13:35:00,加仓,1000ETF,512100.XSHG,0.921,5200.0,53600,,0.0,2020-07-16,2020-07,"1000ETF
512100.XSHG"
2020-07-16 14:22:00,加仓,500ETF,510500.XSHG,7.001,600.0,6000,,-2.0,2020-07-16,2020-07,"500ETF
510500.XSHG"
2020-07-17 13:32:00,加仓,创业板ETF易方达,159915.XSHE,2.54,1900.0,20500,,1.0,2020-07-17,2020-07,"创业板ETF易方达
159915.XSHE"
2020-07-20 09:31:00,止盈,创业板ETF易方达,159915.XSHE,2.619,1900.0,18600,149.6,0.0,2020-07-20,2020-07,"创业板ETF易方达
159915.XSHE"
2020-07-20 10:01:00,加仓,创业板ETF易方达,159915.XSHE,2.534,1900.0,20500,,1.0,2020-07-20,2020-07,"创业板ETF易方达
159915.XSHE"
2020-07-21 09:31:00,止盈,创业板ETF易方达,159915.XSHE,2.617,1900.0,18600,157.2,0.0,2020-07-21,2020-07,"创业板ETF易方达
159915.XSHE"
2020-07-21 09:37:00,止盈,500ETF,510500.XSHG,7.213,700.0,5300,147.9,-3.0,2020-07-21,2020-07,"500ETF
510500.XSHG"
2020-07-22 09:31:00,止盈,黄金ETF,518880.XSHG,4.051,1200.0,7700,141.11,-5.0,2020-07-22,2020-07,"黄金ETF
518880.XSHG"
2020-07-22 09:45:00,止盈,1000ETF,512100.XSHG,0.949,5400.0,48200,150.69,-1.0,2020-07-22,2020-07,"1000ETF
512100.XSHG"
2020-07-22 10:44:00,止盈,创业板ETF易方达,159915.XSHE,2.698,1900.0,16700,153.39,-1.0,2020-07-22,2020-07,"创业板ETF易方达
159915.XSHE"
2020-07-23 11:01:00,加仓,创业板ETF易方达,159915.XSHE,2.615,1800.0,18500,,0.0,2020-07-23,2020-07,"创业板ETF易方达
159915.XSHE"
2020-07-23 14:07:00,止盈,创业板ETF易方达,159915.XSHE,2.694,1900.0,16600,149.59,-1.0,2020-07-23,2020-07,"创业板ETF易方达
159915.XSHE"
2020-07-24 11:14:00,加仓,创业板ETF易方达,159915.XSHE,2.612,1800.0,18400,,0.0,2020-07-24,2020-07,"创业板ETF易方达
159915.XSHE"
2020-07-24 13:12:00,加仓,500ETF,510500.XSHG,6.994,600.0,5900,,-2.0,2020-07-24,2020-07,"500ETF
510500.XSHG"
2020-07-24 13:50:00,加仓,1000ETF,512100.XSHG,0.92,5200.0,53400,,0.0,2020-07-24,2020-07,"1000ETF
512100.XSHG"
2020-07-24 14:10:00,加仓,创业板ETF易方达,159915.XSHE,2.529,1900.0,20300,,1.0,2020-07-24,2020-07,"创业板ETF易方达
159915.XSHE"
2020-07-27 09:46:00,破顶-提前,黄金ETF,518880.XSHG,4.173,,11900,,-5.0,2020-07-27,2020-07,"黄金ETF
518880.XSHG"
2020-07-29 09:53:00,止盈,创业板ETF易方达,159915.XSHE,2.605,1900.0,18400,143.91,0.0,2020-07-29,2020-07,"创业板ETF易方达
159915.XSHE"
2020-07-29 14:17:00,止盈,1000ETF,512100.XSHG,0.948,5400.0,48000,150.69,-1.0,2020-07-29,2020-07,"1000ETF
512100.XSHG"
2020-07-30 09:32:00,止盈,500ETF,510500.XSHG,7.205,700.0,5200,147.2,-3.0,2020-07-30,2020-07,"500ETF
510500.XSHG"
2020-07-30 09:32:00,止盈,创业板ETF易方达,159915.XSHE,2.685,1900.0,16500,151.49,-1.0,2020-07-30,2020-07,"创业板ETF易方达
159915.XSHE"
2020-08-03 09:56:00,止盈,1000ETF,512100.XSHG,0.978,5200.0,42800,155.49,-2.0,2020-08-03,2020-08,"1000ETF
512100.XSHG"
2020-08-03 11:12:00,止盈,创业板ETF易方达,159915.XSHE,2.766,1800.0,14700,145.3,-2.0,2020-08-03,2020-08,"创业板ETF易方达
159915.XSHE"
2020-08-05 09:31:00,止盈,黄金ETF,518880.XSHG,4.3,1100.0,10800,139.23,-1.0,2020-08-05,2020-08,"黄金ETF
518880.XSHG"
2020-08-05 11:26:00,止盈,500ETF,510500.XSHG,7.426,600.0,4600,132.15,-4.0,2020-08-05,2020-08,"500ETF
510500.XSHG"
2020-08-07 10:00:00,加仓,创业板ETF易方达,159915.XSHE,2.683,1800.0,16500,,-1.0,2020-08-07,2020-08,"创业板ETF易方达
159915.XSHE"
2020-08-11 14:52:00,加仓,创业板ETF易方达,159915.XSHE,2.6,1800.0,18300,,0.0,2020-08-11,2020-08,"创业板ETF易方达
159915.XSHE"
2020-08-12 09:31:00,加仓,黄金ETF,518880.XSHG,4.02,1100.0,11900,,0.0,2020-08-12,2020-08,"黄金ETF
518880.XSHG"
2020-08-12 09:42:00,加仓,500ETF,510500.XSHG,7.198,600.0,5200,,-3.0,2020-08-12,2020-08,"500ETF
510500.XSHG"
2020-08-12 10:14:00,加仓,1000ETF,512100.XSHG,0.948,5100.0,47900,,-1.0,2020-08-12,2020-08,"1000ETF
512100.XSHG"
2020-08-12 10:22:00,加仓,创业板ETF易方达,159915.XSHE,2.522,1900.0,20200,,1.0,2020-08-12,2020-08,"创业板ETF易方达
159915.XSHE"
2020-08-13 09:31:00,止盈,纳指ETF,513100.XSHG,4.036,1200.0,8000,157.92,-3.0,2020-08-13,2020-08,"纳指ETF
513100.XSHG"
2020-08-14 09:31:00,止盈,黄金ETF,518880.XSHG,4.141,1200.0,10700,144.7,-1.0,2020-08-14,2020-08,"黄金ETF
518880.XSHG"
2020-08-17 09:44:00,止盈,1000ETF,512100.XSHG,0.978,5200.0,42700,155.49,-2.0,2020-08-17,2020-08,"1000ETF
512100.XSHG"
2020-08-17 10:58:00,止盈,创业板ETF易方达,159915.XSHE,2.598,1900.0,18300,143.91,0.0,2020-08-17,2020-08,"创业板ETF易方达
159915.XSHE"
2020-08-18 09:33:00,止盈,500ETF,510500.XSHG,7.419,600.0,4600,132.15,-4.0,2020-08-18,2020-08,"500ETF
510500.XSHG"
2020-08-20 09:31:00,加仓,创业板ETF易方达,159915.XSHE,2.502,1900.0,20200,,1.0,2020-08-20,2020-08,"创业板ETF易方达
159915.XSHE"
2020-08-21 09:54:00,止盈,纳指ETF,513100.XSHG,4.159,1200.0,6800,147.1,-4.0,2020-08-21,2020-08,"纳指ETF
513100.XSHG"
2020-08-24 09:37:00,止盈,纳指ETF,513100.XSHG,4.295,1200.0,5600,162.68,-5.0,2020-08-24,2020-08,"纳指ETF
513100.XSHG"
2020-08-24 10:46:00,止盈,创业板ETF易方达,159915.XSHE,2.579,1900.0,18300,145.81,0.0,2020-08-24,2020-08,"创业板ETF易方达
159915.XSHE"
2020-08-24 13:29:00,破顶-提前,纳指ETF,513100.XSHG,4.426,,11200,,-5.0,2020-08-24,2020-08,"纳指ETF
513100.XSHG"
2020-08-25 13:50:00,止盈,纳指ETF,513100.XSHG,4.56,1100.0,10100,146.9,-1.0,2020-08-25,2020-08,"纳指ETF
513100.XSHG"
2020-08-26 10:15:00,加仓,纳指ETF,513100.XSHG,4.423,1000.0,11100,,0.0,2020-08-26,2020-08,"纳指ETF
513100.XSHG"
2020-08-26 13:21:00,止盈,纳指ETF,513100.XSHG,4.557,1100.0,10000,146.9,-1.0,2020-08-26,2020-08,"纳指ETF
513100.XSHG"
2020-08-26 13:51:00,加仓,500ETF,510500.XSHG,7.191,600.0,5200,,-3.0,2020-08-26,2020-08,"500ETF
510500.XSHG"
2020-08-27 14:58:00,止盈,纳指ETF,513100.XSHG,4.695,1000.0,9000,137.53,-2.0,2020-08-27,2020-08,"纳指ETF
513100.XSHG"
2020-08-28 10:41:00,止盈,纳指ETF,513100.XSHG,4.856,1000.0,8000,160.51,-3.0,2020-08-28,2020-08,"纳指ETF
513100.XSHG"
2020-08-28 14:04:00,加仓,纳指ETF,513100.XSHG,4.708,1000.0,9000,,-2.0,2020-08-28,2020-08,"纳指ETF
513100.XSHG"
2020-08-28 14:11:00,止盈,创业板ETF易方达,159915.XSHE,2.657,1900.0,16400,147.7,-1.0,2020-08-28,2020-08,"创业板ETF易方达
159915.XSHE"
2020-08-31 09:31:00,止盈,纳指ETF,513100.XSHG,4.885,1000.0,8000,176.51,-3.0,2020-08-31,2020-08,"纳指ETF
513100.XSHG"
2020-08-31 09:34:00,止盈,500ETF,510500.XSHG,7.408,600.0,4600,129.76,-4.0,2020-08-31,2020-08,"500ETF
510500.XSHG"
2020-08-31 14:53:00,止盈,纳指ETF,513100.XSHG,5.032,1000.0,7000,146.5,-4.0,2020-08-31,2020-08,"纳指ETF
513100.XSHG"
2020-09-01 09:32:00,止盈,纳指ETF,513100.XSHG,5.218,900.0,6100,166.93,-5.0,2020-09-01,2020-09,"纳指ETF
513100.XSHG"
2020-09-01 13:50:00,加仓,纳指ETF,513100.XSHG,5.009,900.0,7000,,-4.0,2020-09-01,2020-09,"纳指ETF
513100.XSHG"
2020-09-02 09:31:00,止盈,纳指ETF,513100.XSHG,5.17,900.0,6100,144.43,-5.0,2020-09-02,2020-09,"纳指ETF
513100.XSHG"
2020-09-03 14:02:00,破顶-提前,纳指ETF,513100.XSHG,5.338,,9300,,-5.0,2020-09-03,2020-09,"纳指ETF
513100.XSHG"
2020-09-04 09:31:00,加仓,纳指ETF,513100.XSHG,4.953,900.0,10200,,1.0,2020-09-04,2020-09,"纳指ETF
513100.XSHG"
2020-09-04 14:40:00,加仓,纳指ETF,513100.XSHG,4.799,1000.0,11200,,2.0,2020-09-04,2020-09,"纳指ETF
513100.XSHG"
2020-09-07 10:36:00,加仓,纳指ETF,513100.XSHG,4.645,1000.0,12200,,3.0,2020-09-07,2020-09,"纳指ETF
513100.XSHG"
2020-09-07 13:26:00,加仓,纳指ETF,513100.XSHG,4.505,1000.0,13200,,4.0,2020-09-07,2020-09,"纳指ETF
513100.XSHG"
2020-09-07 14:08:00,加仓,500ETF,510500.XSHG,7.18,600.0,5200,,-3.0,2020-09-07,2020-09,"500ETF
510500.XSHG"
2020-09-07 14:10:00,加仓,创业板ETF易方达,159915.XSHE,2.576,1800.0,18200,,0.0,2020-09-07,2020-09,"创业板ETF易方达
159915.XSHE"
2020-09-08 14:40:00,止盈,纳指ETF,513100.XSHG,4.641,1100.0,12100,149.09,3.0,2020-09-08,2020-09,"纳指ETF
513100.XSHG"
2020-09-09 09:31:00,加仓,纳指ETF,513100.XSHG,4.393,1000.0,13100,,4.0,2020-09-09,2020-09,"纳指ETF
513100.XSHG"
2020-09-09 09:42:00,加仓,创业板ETF易方达,159915.XSHE,2.498,1900.0,20100,,1.0,2020-09-09,2020-09,"创业板ETF易方达
159915.XSHE"
2020-09-09 10:37:00,加仓,500ETF,510500.XSHG,6.963,600.0,5800,,-2.0,2020-09-09,2020-09,"500ETF
510500.XSHG"
2020-09-09 10:39:00,加仓,1000ETF,512100.XSHG,0.947,5100.0,47800,,-1.0,2020-09-09,2020-09,"1000ETF
512100.XSHG"
2020-09-09 13:14:00,止盈,纳指ETF,513100.XSHG,4.53,1100.0,12000,150.2,3.0,2020-09-09,2020-09,"纳指ETF
513100.XSHG"
2020-09-10 09:33:00,止盈,纳指ETF,513100.XSHG,4.67,1100.0,10900,153.49,2.0,2020-09-10,2020-09,"纳指ETF
513100.XSHG"
2020-09-10 14:16:00,加仓,创业板ETF易方达,159915.XSHE,2.423,2000.0,22100,,2.0,2020-09-10,2020-09,"创业板ETF易方达
159915.XSHE"
2020-09-10 14:33:00,加仓,1000ETF,512100.XSHG,0.918,5200.0,53000,,0.0,2020-09-10,2020-09,"1000ETF
512100.XSHG"
2020-09-11 09:31:00,加仓,纳指ETF,513100.XSHG,4.501,1000.0,11900,,3.0,2020-09-11,2020-09,"纳指ETF
513100.XSHG"
2020-09-14 09:55:00,止盈,创业板ETF易方达,159915.XSHE,2.496,2000.0,20100,145.5,1.0,2020-09-14,2020-09,"创业板ETF易方达
159915.XSHE"
2020-09-14 09:57:00,止盈,1000ETF,512100.XSHG,0.946,5400.0,47600,150.69,-1.0,2020-09-14,2020-09,"1000ETF
512100.XSHG"
2020-09-14 14:45:00,止盈,纳指ETF,513100.XSHG,4.651,1100.0,10800,164.49,2.0,2020-09-14,2020-09,"纳指ETF
513100.XSHG"
2020-09-15 13:35:00,止盈,纳指ETF,513100.XSHG,4.795,1000.0,9800,143.52,1.0,2020-09-15,2020-09,"纳指ETF
513100.XSHG"
2020-09-16 09:32:00,止盈,纳指ETF,513100.XSHG,4.958,1000.0,8800,162.5,0.0,2020-09-16,2020-09,"纳指ETF
513100.XSHG"
2020-09-16 14:52:00,加仓,纳指ETF,513100.XSHG,4.76,1000.0,9800,,1.0,2020-09-16,2020-09,"纳指ETF
513100.XSHG"
2020-09-17 14:56:00,加仓,纳指ETF,513100.XSHG,4.613,1000.0,10800,,2.0,2020-09-17,2020-09,"纳指ETF
513100.XSHG"
2020-09-18 14:58:00,止盈,纳指ETF,513100.XSHG,4.756,1000.0,9800,142.52,1.0,2020-09-18,2020-09,"纳指ETF
513100.XSHG"
2020-09-22 09:31:00,加仓,黄金ETF,518880.XSHG,3.978,1200.0,11900,,0.0,2020-09-22,2020-09,"黄金ETF
518880.XSHG"
2020-09-22 14:53:00,加仓,纳指ETF,513100.XSHG,4.613,1000.0,10800,,2.0,2020-09-22,2020-09,"纳指ETF
513100.XSHG"
2020-09-24 13:03:00,加仓,纳指ETF,513100.XSHG,4.468,1000.0,11800,,3.0,2020-09-24,2020-09,"纳指ETF
513100.XSHG"
2020-09-28 10:06:00,加仓,1000ETF,512100.XSHG,0.917,5200.0,52800,,0.0,2020-09-28,2020-09,"1000ETF
512100.XSHG"
2020-09-29 10:22:00,止盈,纳指ETF,513100.XSHG,4.605,1100.0,10700,150.19,2.0,2020-09-29,2020-09,"纳指ETF
513100.XSHG"
2020-10-09 10:31:00,止盈,创业板ETF易方达,159915.XSHE,2.572,2000.0,18100,151.49,0.0,2020-10-09,2020-10,"创业板ETF易方达
159915.XSHE"
2020-10-09 11:04:00,止盈,1000ETF,512100.XSHG,0.945,5400.0,47400,150.69,-1.0,2020-10-09,2020-10,"1000ETF
512100.XSHG"
2020-10-12 11:13:00,止盈,创业板ETF易方达,159915.XSHE,2.65,1900.0,16200,147.7,-1.0,2020-10-12,2020-10,"创业板ETF易方达
159915.XSHE"
2020-10-12 13:11:00,止盈,500ETF,510500.XSHG,7.173,700.0,5100,146.5,-3.0,2020-10-12,2020-10,"500ETF
510500.XSHG"
2020-10-12 13:11:00,止盈,1000ETF,512100.XSHG,0.974,5200.0,42200,150.29,-2.0,2020-10-12,2020-10,"1000ETF
512100.XSHG"
2020-10-13 09:32:00,止盈,纳指ETF,513100.XSHG,4.745,1000.0,9700,139.53,1.0,2020-10-13,2020-10,"纳指ETF
513100.XSHG"
2020-10-15 14:36:00,加仓,纳指ETF,513100.XSHG,4.602,1000.0,10700,,2.0,2020-10-15,2020-10,"纳指ETF
513100.XSHG"
2020-10-22 09:32:00,加仓,1000ETF,512100.XSHG,0.943,5100.0,47300,,-1.0,2020-10-22,2020-10,"1000ETF
512100.XSHG"
2020-10-22 09:34:00,加仓,500ETF,510500.XSHG,6.955,600.0,5700,,-2.0,2020-10-22,2020-10,"500ETF
510500.XSHG"
2020-10-22 10:04:00,加仓,创业板ETF易方达,159915.XSHE,2.57,1800.0,18000,,0.0,2020-10-22,2020-10,"创业板ETF易方达
159915.XSHE"
2020-10-23 14:18:00,加仓,纳指ETF,513100.XSHG,4.459,1000.0,11700,,3.0,2020-10-23,2020-10,"纳指ETF
513100.XSHG"
2020-10-26 09:32:00,加仓,创业板ETF易方达,159915.XSHE,2.488,1900.0,19900,,1.0,2020-10-26,2020-10,"创业板ETF易方达
159915.XSHE"
2020-10-26 09:33:00,加仓,1000ETF,512100.XSHG,0.914,5300.0,52600,,0.0,2020-10-26,2020-10,"1000ETF
512100.XSHG"
2020-10-28 11:23:00,止盈,创业板ETF易方达,159915.XSHE,2.563,2000.0,17900,149.49,0.0,2020-10-28,2020-10,"创业板ETF易方达
159915.XSHE"
2020-10-29 09:31:00,加仓,纳指ETF,513100.XSHG,4.244,1100.0,12800,,4.0,2020-10-29,2020-10,"纳指ETF
513100.XSHG"
2020-10-30 14:10:00,加仓,500ETF,510500.XSHG,6.744,700.0,6400,,-1.0,2020-10-30,2020-10,"500ETF
510500.XSHG"
2020-11-03 10:48:00,止盈,创业板ETF易方达,159915.XSHE,2.641,1900.0,16000,147.7,-1.0,2020-11-03,2020-11,"创业板ETF易方达
159915.XSHE"
2020-11-03 14:03:00,止盈,纳指ETF,513100.XSHG,4.374,1100.0,11700,142.52,3.0,2020-11-03,2020-11,"纳指ETF
513100.XSHG"
2020-11-04 09:32:00,止盈,纳指ETF,513100.XSHG,4.532,1100.0,10600,173.3,2.0,2020-11-04,2020-11,"纳指ETF
513100.XSHG"
2020-11-04 13:40:00,止盈,纳指ETF,513100.XSHG,4.687,1100.0,9500,169.98,1.0,2020-11-04,2020-11,"纳指ETF
513100.XSHG"
2020-11-05 09:32:00,止盈,纳指ETF,513100.XSHG,4.847,1000.0,8500,159.52,0.0,2020-11-05,2020-11,"纳指ETF
513100.XSHG"
2020-11-05 09:46:00,止盈,500ETF,510500.XSHG,6.954,700.0,5700,146.51,-2.0,2020-11-05,2020-11,"500ETF
510500.XSHG"
2020-11-05 10:26:00,加仓,纳指ETF,513100.XSHG,4.692,1000.0,9500,,1.0,2020-11-05,2020-11,"纳指ETF
513100.XSHG"
2020-11-05 13:55:00,止盈,1000ETF,512100.XSHG,0.942,5400.0,47200,150.69,-1.0,2020-11-05,2020-11,"1000ETF
512100.XSHG"
2020-11-06 10:38:00,加仓,纳指ETF,513100.XSHG,4.545,1000.0,10500,,2.0,2020-11-06,2020-11,"纳指ETF
513100.XSHG"
2020-11-09 11:21:00,止盈,创业板ETF易方达,159915.XSHE,2.724,1800.0,14200,148.91,-2.0,2020-11-09,2020-11,"创业板ETF易方达
159915.XSHE"
2020-11-10 09:31:00,加仓,黄金ETF,518880.XSHG,3.853,1200.0,13100,,1.0,2020-11-10,2020-11,"黄金ETF
518880.XSHG"
2020-11-11 09:32:00,加仓,纳指ETF,513100.XSHG,4.404,1100.0,11600,,3.0,2020-11-11,2020-11,"纳指ETF
513100.XSHG"
2020-11-11 10:15:00,加仓,创业板ETF易方达,159915.XSHE,2.64,1800.0,16000,,-1.0,2020-11-11,2020-11,"创业板ETF易方达
159915.XSHE"
2020-11-17 10:55:00,加仓,创业板ETF易方达,159915.XSHE,2.56,1800.0,17800,,0.0,2020-11-17,2020-11,"创业板ETF易方达
159915.XSHE"
2020-11-19 09:31:00,加仓,纳指ETF,513100.XSHG,4.262,1100.0,12700,,4.0,2020-11-19,2020-11,"纳指ETF
513100.XSHG"
2020-11-23 13:08:00,止盈,500ETF,510500.XSHG,7.164,700.0,5000,146.5,-3.0,2020-11-23,2020-11,"500ETF
510500.XSHG"
2020-11-25 09:31:00,加仓,黄金ETF,518880.XSHG,3.725,1200.0,14300,,2.0,2020-11-25,2020-11,"黄金ETF
518880.XSHG"
2020-11-26 10:55:00,加仓,500ETF,510500.XSHG,6.949,600.0,5600,,-2.0,2020-11-26,2020-11,"500ETF
510500.XSHG"
2020-11-30 11:00:00,加仓,黄金ETF,518880.XSHG,3.609,1300.0,15600,,3.0,2020-11-30,2020-11,"黄金ETF
518880.XSHG"
2020-12-02 09:31:00,止盈,纳指ETF,513100.XSHG,4.416,1100.0,11600,168.91,3.0,2020-12-02,2020-12,"纳指ETF
513100.XSHG"
2020-12-03 09:31:00,止盈,黄金ETF,518880.XSHG,3.728,1300.0,14300,154.22,2.0,2020-12-03,2020-12,"黄金ETF
518880.XSHG"
2020-12-04 13:53:00,止盈,创业板ETF易方达,159915.XSHE,2.637,1900.0,15900,145.8,-1.0,2020-12-04,2020-12,"创业板ETF易方达
159915.XSHE"
2020-12-10 09:31:00,加仓,纳指ETF,513100.XSHG,4.204,1100.0,12700,,4.0,2020-12-10,2020-12,"纳指ETF
513100.XSHG"
2020-12-11 13:22:00,加仓,1000ETF,512100.XSHG,0.913,5300.0,52500,,0.0,2020-12-11,2020-12,"1000ETF
512100.XSHG"
2020-12-18 11:27:00,止盈,黄金ETF,518880.XSHG,3.84,1300.0,13000,145.1,1.0,2020-12-18,2020-12,"黄金ETF
518880.XSHG"
2020-12-21 10:05:00,止盈,创业板ETF易方达,159915.XSHE,2.717,1800.0,14100,143.51,-2.0,2020-12-21,2020-12,"创业板ETF易方达
159915.XSHE"
2020-12-21 10:31:00,止盈,1000ETF,512100.XSHG,0.941,5400.0,47100,150.69,-1.0,2020-12-21,2020-12,"1000ETF
512100.XSHG"
2020-12-21 10:54:00,止盈,纳指ETF,513100.XSHG,4.333,1100.0,11600,141.42,3.0,2020-12-21,2020-12,"纳指ETF
513100.XSHG"
2020-12-30 09:32:00,加仓,1000ETF,512100.XSHG,0.912,5300.0,52400,,0.0,2020-12-30,2020-12,"1000ETF
512100.XSHG"
2020-12-30 13:09:00,止盈,创业板ETF易方达,159915.XSHE,2.8,1800.0,12300,148.9,-3.0,2020-12-30,2020-12,"创业板ETF易方达
159915.XSHE"
2021-01-04 09:31:00,止盈,1000ETF,512100.XSHG,0.94,5400.0,47000,150.69,-1.0,2021-01-04,2021-01,"1000ETF
512100.XSHG"
2021-01-04 09:44:00,止盈,创业板ETF易方达,159915.XSHE,2.886,1700.0,10600,145.71,-4.0,2021-01-04,2021-01,"创业板ETF易方达
159915.XSHE"
2021-01-04 11:08:00,止盈,创业板ETF易方达,159915.XSHE,2.976,1700.0,8900,152.49,-5.0,2021-01-04,2021-01,"创业板ETF易方达
159915.XSHE"
2021-01-04 13:00:00,止盈,500ETF,510500.XSHG,7.158,700.0,4900,145.8,-3.0,2021-01-04,2021-01,"500ETF
510500.XSHG"
2021-01-08 09:31:00,破顶-提前,创业板ETF易方达,159915.XSHE,3.07,,16200,,-5.0,2021-01-08,2021-01,"创业板ETF易方达
159915.XSHE"
2021-01-11 09:31:00,加仓,黄金ETF,518880.XSHG,3.722,1300.0,14300,,2.0,2021-01-11,2021-01,"黄金ETF
518880.XSHG"
2021-01-11 14:04:00,加仓,1000ETF,512100.XSHG,0.911,5300.0,52300,,0.0,2021-01-11,2021-01,"1000ETF
512100.XSHG"
2021-01-11 14:12:00,加仓,创业板ETF易方达,159915.XSHE,2.977,1600.0,17800,,1.0,2021-01-11,2021-01,"创业板ETF易方达
159915.XSHE"
2021-01-12 14:56:00,止盈,创业板ETF易方达,159915.XSHE,3.068,1600.0,16200,145.11,0.0,2021-01-12,2021-01,"创业板ETF易方达
159915.XSHE"
2021-01-14 09:53:00,加仓,创业板ETF易方达,159915.XSHE,2.975,1600.0,17800,,1.0,2021-01-14,2021-01,"创业板ETF易方达
159915.XSHE"
2021-01-18 13:02:00,止盈,1000ETF,512100.XSHG,0.939,5400.0,46900,150.69,-1.0,2021-01-18,2021-01,"1000ETF
512100.XSHG"
2021-01-20 09:57:00,止盈,创业板ETF易方达,159915.XSHE,3.065,1600.0,16200,143.51,0.0,2021-01-20,2021-01,"创业板ETF易方达
159915.XSHE"
2021-01-21 11:19:00,止盈,创业板ETF易方达,159915.XSHE,3.158,1600.0,14600,148.29,-1.0,2021-01-21,2021-01,"创业板ETF易方达
159915.XSHE"
2021-01-25 09:35:00,止盈,纳指ETF,513100.XSHG,4.466,1100.0,10500,145.81,2.0,2021-01-25,2021-01,"纳指ETF
513100.XSHG"
2021-01-25 09:37:00,止盈,创业板ETF易方达,159915.XSHE,3.257,1500.0,13100,148.01,-2.0,2021-01-25,2021-01,"创业板ETF易方达
159915.XSHE"
2021-01-25 10:17:00,止盈,500ETF,510500.XSHG,7.378,600.0,4300,131.56,-4.0,2021-01-25,2021-01,"500ETF
510500.XSHG"
2021-01-26 10:43:00,加仓,创业板ETF易方达,159915.XSHE,3.158,1500.0,14600,,-1.0,2021-01-26,2021-01,"创业板ETF易方达
159915.XSHE"
2021-01-28 11:12:00,加仓,500ETF,510500.XSHG,7.154,600.0,4900,,-3.0,2021-01-28,2021-01,"500ETF
510500.XSHG"
2021-01-28 14:26:00,加仓,1000ETF,512100.XSHG,0.91,5300.0,52200,,0.0,2021-01-28,2021-01,"1000ETF
512100.XSHG"
2021-01-28 14:38:00,加仓,创业板ETF易方达,159915.XSHE,3.062,1500.0,16100,,0.0,2021-01-28,2021-01,"创业板ETF易方达
159915.XSHE"
2021-01-28 14:55:00,加仓,纳指ETF,513100.XSHG,4.332,1100.0,11600,,3.0,2021-01-28,2021-01,"纳指ETF
513100.XSHG"
2021-01-29 14:30:00,加仓,1000ETF,512100.XSHG,0.882,5400.0,57600,,1.0,2021-01-29,2021-01,"1000ETF
512100.XSHG"
2021-01-29 14:30:00,加仓,创业板ETF易方达,159915.XSHE,2.97,1600.0,17700,,1.0,2021-01-29,2021-01,"创业板ETF易方达
159915.XSHE"
2021-01-29 14:31:00,加仓,500ETF,510500.XSHG,6.936,600.0,5500,,-2.0,2021-01-29,2021-01,"500ETF
510500.XSHG"
2021-02-01 10:01:00,止盈,创业板ETF易方达,159915.XSHE,3.06,1600.0,16100,143.51,0.0,2021-02-01,2021-02,"创业板ETF易方达
159915.XSHE"
2021-02-03 09:31:00,止盈,纳指ETF,513100.XSHG,4.515,1100.0,10500,200.8,2.0,2021-02-03,2021-02,"纳指ETF
513100.XSHG"
2021-02-03 11:21:00,止盈,500ETF,510500.XSHG,7.145,700.0,4800,145.8,-3.0,2021-02-03,2021-02,"500ETF
510500.XSHG"
2021-02-03 11:27:00,止盈,创业板ETF易方达,159915.XSHE,3.152,1600.0,14500,146.7,-1.0,2021-02-03,2021-02,"创业板ETF易方达
159915.XSHE"
2021-02-04 13:10:00,加仓,创业板ETF易方达,159915.XSHE,3.055,1500.0,16000,,0.0,2021-02-04,2021-02,"创业板ETF易方达
159915.XSHE"
2021-02-05 14:35:00,加仓,500ETF,510500.XSHG,6.93,600.0,5400,,-2.0,2021-02-05,2021-02,"500ETF
510500.XSHG"
2021-02-08 09:31:00,加仓,1000ETF,512100.XSHG,0.852,5600.0,63200,,2.0,2021-02-08,2021-02,"1000ETF
512100.XSHG"
2021-02-09 10:31:00,止盈,创业板ETF易方达,159915.XSHE,3.18,1600.0,14400,199.49,-1.0,2021-02-09,2021-02,"创业板ETF易方达
159915.XSHE"
2021-02-09 10:33:00,止盈,1000ETF,512100.XSHG,0.878,5800.0,57400,150.29,1.0,2021-02-09,2021-02,"1000ETF
512100.XSHG"
2021-02-09 13:13:00,止盈,500ETF,510500.XSHG,7.138,700.0,4700,145.1,-3.0,2021-02-09,2021-02,"500ETF
510500.XSHG"
2021-02-10 11:22:00,止盈,创业板ETF易方达,159915.XSHE,3.279,1500.0,12900,148.01,-2.0,2021-02-10,2021-02,"创业板ETF易方达
159915.XSHE"
2021-02-18 09:31:00,止盈,500ETF,510500.XSHG,7.361,700.0,4000,155.58,-4.0,2021-02-18,2021-02,"500ETF
510500.XSHG"
2021-02-18 09:31:00,止盈,1000ETF,512100.XSHG,0.908,5600.0,51800,167.49,0.0,2021-02-18,2021-02,"1000ETF
512100.XSHG"
2021-02-19 09:32:00,加仓,创业板ETF易方达,159915.XSHE,3.176,1500.0,14400,,-1.0,2021-02-19,2021-02,"创业板ETF易方达
159915.XSHE"
2021-02-22 09:38:00,止盈,1000ETF,512100.XSHG,0.936,5500.0,46300,153.49,-1.0,2021-02-22,2021-02,"1000ETF
512100.XSHG"
2021-02-22 13:08:00,加仓,创业板ETF易方达,159915.XSHE,3.08,1500.0,15900,,0.0,2021-02-22,2021-02,"创业板ETF易方达
159915.XSHE"
2021-02-24 09:55:00,加仓,创业板ETF易方达,159915.XSHE,2.984,1600.0,17500,,1.0,2021-02-24,2021-02,"创业板ETF易方达
159915.XSHE"
2021-02-24 10:52:00,加仓,纳指ETF,513100.XSHG,4.376,1100.0,11600,,3.0,2021-02-24,2021-02,"纳指ETF
513100.XSHG"
2021-02-24 14:07:00,加仓,创业板ETF易方达,159915.XSHE,2.893,1600.0,19100,,2.0,2021-02-24,2021-02,"创业板ETF易方达
159915.XSHE"
2021-02-24 14:10:00,加仓,1000ETF,512100.XSHG,0.906,5300.0,51600,,0.0,2021-02-24,2021-02,"1000ETF
512100.XSHG"
2021-02-26 09:31:00,加仓,500ETF,510500.XSHG,7.103,600.0,4600,,-3.0,2021-02-26,2021-02,"500ETF
510500.XSHG"
2021-02-26 09:37:00,加仓,创业板ETF易方达,159915.XSHE,2.806,1700.0,20800,,3.0,2021-02-26,2021-02,"创业板ETF易方达
159915.XSHE"
2021-02-26 13:31:00,加仓,纳指ETF,513100.XSHG,4.243,1100.0,12700,,4.0,2021-02-26,2021-02,"纳指ETF
513100.XSHG"
2021-02-26 13:49:00,加仓,黄金ETF,518880.XSHG,3.61,1300.0,15600,,3.0,2021-02-26,2021-02,"黄金ETF
518880.XSHG"
2021-03-01 14:52:00,止盈,创业板ETF易方达,159915.XSHE,2.892,1700.0,19100,145.71,2.0,2021-03-01,2021-03,"创业板ETF易方达
159915.XSHE"
2021-03-02 09:31:00,止盈,纳指ETF,513100.XSHG,4.43,1100.0,11600,205.21,3.0,2021-03-02,2021-03,"纳指ETF
513100.XSHG"
2021-03-04 09:31:00,加仓,纳指ETF,513100.XSHG,4.258,1100.0,12700,,4.0,2021-03-04,2021-03,"纳指ETF
513100.XSHG"
2021-03-04 10:13:00,加仓,创业板ETF易方达,159915.XSHE,2.803,1700.0,20800,,3.0,2021-03-04,2021-03,"创业板ETF易方达
159915.XSHE"
2021-03-05 09:31:00,加仓,黄金ETF,518880.XSHG,3.466,1300.0,16900,,4.0,2021-03-05,2021-03,"黄金ETF
518880.XSHG"
2021-03-05 09:31:00,加仓,创业板ETF易方达,159915.XSHE,2.712,1700.0,22500,,4.0,2021-03-05,2021-03,"创业板ETF易方达
159915.XSHE"
2021-03-05 09:34:00,加仓,纳指ETF,513100.XSHG,4.13,1100.0,13800,,5.0,2021-03-05,2021-03,"纳指ETF
513100.XSHG"
2021-03-05 14:04:00,止盈,创业板ETF易方达,159915.XSHE,2.794,1800.0,20700,147.1,3.0,2021-03-05,2021-03,"创业板ETF易方达
159915.XSHE"
2021-03-08 11:19:00,加仓,创业板ETF易方达,159915.XSHE,2.71,1700.0,22400,,4.0,2021-03-08,2021-03,"创业板ETF易方达
159915.XSHE"
2021-03-09 09:31:00,加仓,创业板ETF易方达,159915.XSHE,2.621,1800.0,24200,,5.0,2021-03-09,2021-03,"创业板ETF易方达
159915.XSHE"
2021-03-09 09:34:00,加仓,500ETF,510500.XSHG,6.885,700.0,5300,,-2.0,2021-03-09,2021-03,"500ETF
510500.XSHG"
2021-03-09 09:45:00,加仓,1000ETF,512100.XSHG,0.878,5500.0,57100,,1.0,2021-03-09,2021-03,"1000ETF
512100.XSHG"
2021-03-09 09:58:00,加仓,创业板ETF易方达,159915.XSHE,2.538,1900.0,26100,,6.0,2021-03-09,2021-03,"创业板ETF易方达
159915.XSHE"
2021-03-09 11:13:00,止盈,创业板ETF易方达,159915.XSHE,2.615,1900.0,24200,145.8,5.0,2021-03-09,2021-03,"创业板ETF易方达
159915.XSHE"
2021-03-10 09:31:00,止盈,纳指ETF,513100.XSHG,4.272,1200.0,12600,169.89,4.0,2021-03-10,2021-03,"纳指ETF
513100.XSHG"
2021-03-11 10:32:00,止盈,黄金ETF,518880.XSHG,3.57,1400.0,15500,145.1,3.0,2021-03-11,2021-03,"黄金ETF
518880.XSHG"
2021-03-15 14:07:00,加仓,创业板ETF易方达,159915.XSHE,2.535,1900.0,26100,,6.0,2021-03-15,2021-03,"创业板ETF易方达
159915.XSHE"
2021-03-17 10:17:00,止盈,创业板ETF易方达,159915.XSHE,2.612,1900.0,24200,145.8,5.0,2021-03-17,2021-03,"创业板ETF易方达
159915.XSHE"
2021-03-18 09:31:00,止盈,纳指ETF,513100.XSHG,4.409,1100.0,11500,150.22,3.0,2021-03-18,2021-03,"纳指ETF
513100.XSHG"
2021-03-19 09:31:00,加仓,纳指ETF,513100.XSHG,4.272,1100.0,12600,,4.0,2021-03-19,2021-03,"纳指ETF
513100.XSHG"
2021-03-24 14:08:00,加仓,创业板ETF易方达,159915.XSHE,2.533,1900.0,26100,,6.0,2021-03-24,2021-03,"创业板ETF易方达
159915.XSHE"
2021-03-26 09:46:00,止盈,创业板ETF易方达,159915.XSHE,2.609,1900.0,24200,143.9,5.0,2021-03-26,2021-03,"创业板ETF易方达
159915.XSHE"
2021-04-01 09:37:00,止盈,创业板ETF易方达,159915.XSHE,2.69,1900.0,22300,153.39,4.0,2021-04-01,2021-04,"创业板ETF易方达
159915.XSHE"
2021-04-01 10:04:00,止盈,纳指ETF,513100.XSHG,4.401,1100.0,11500,141.42,3.0,2021-04-01,2021-04,"纳指ETF
513100.XSHG"
2021-04-06 09:31:00,止盈,纳指ETF,513100.XSHG,4.556,1100.0,10400,170.0,2.0,2021-04-06,2021-04,"纳指ETF
513100.XSHG"
2021-04-06 09:33:00,止盈,1000ETF,512100.XSHG,0.905,5600.0,51500,150.69,0.0,2021-04-06,2021-04,"1000ETF
512100.XSHG"
2021-04-19 10:00:00,止盈,500ETF,510500.XSHG,7.093,700.0,4600,145.1,-3.0,2021-04-19,2021-04,"500ETF
510500.XSHG"
2021-04-19 10:23:00,止盈,纳指ETF,513100.XSHG,4.693,1000.0,9400,136.53,1.0,2021-04-19,2021-04,"纳指ETF
513100.XSHG"
2021-04-19 11:03:00,止盈,创业板ETF易方达,159915.XSHE,2.773,1800.0,20500,148.9,3.0,2021-04-19,2021-04,"创业板ETF易方达
159915.XSHE"
2021-04-22 09:31:00,止盈,黄金ETF,518880.XSHG,3.686,1400.0,14100,161.88,2.0,2021-04-22,2021-04,"黄金ETF
518880.XSHG"
2021-04-23 09:43:00,止盈,创业板ETF易方达,159915.XSHE,2.857,1800.0,18700,150.69,2.0,2021-04-23,2021-04,"创业板ETF易方达
159915.XSHE"
2021-04-26 09:57:00,止盈,创业板ETF易方达,159915.XSHE,2.943,1700.0,17000,145.7,1.0,2021-04-26,2021-04,"创业板ETF易方达
159915.XSHE"
2021-04-27 10:31:00,加仓,创业板ETF易方达,159915.XSHE,2.852,1600.0,18600,,2.0,2021-04-27,2021-04,"创业板ETF易方达
159915.XSHE"
2021-04-28 10:39:00,止盈,创业板ETF易方达,159915.XSHE,2.938,1700.0,16900,145.7,1.0,2021-04-28,2021-04,"创业板ETF易方达
159915.XSHE"
2021-05-06 09:31:00,加仓,纳指ETF,513100.XSHG,4.5,1000.0,10400,,2.0,2021-05-06,2021-05,"纳指ETF
513100.XSHG"
2021-05-07 13:48:00,加仓,创业板ETF易方达,159915.XSHE,2.849,1700.0,18600,,2.0,2021-05-07,2021-05,"创业板ETF易方达
159915.XSHE"
2021-05-13 09:31:00,加仓,纳指ETF,513100.XSHG,4.323,1100.0,11500,,3.0,2021-05-13,2021-05,"纳指ETF
513100.XSHG"
2021-05-14 13:32:00,止盈,创业板ETF易方达,159915.XSHE,2.935,1700.0,16900,145.7,1.0,2021-05-14,2021-05,"创业板ETF易方达
159915.XSHE"
2021-05-17 09:40:00,止盈,500ETF,510500.XSHG,7.312,700.0,3900,152.79,-4.0,2021-05-17,2021-05,"500ETF
510500.XSHG"
2021-05-18 09:31:00,止盈,黄金ETF,518880.XSHG,3.808,1300.0,12800,158.1,1.0,2021-05-18,2021-05,"黄金ETF
518880.XSHG"
2021-05-18 14:46:00,止盈,纳指ETF,513100.XSHG,4.453,1100.0,10400,142.51,2.0,2021-05-18,2021-05,"纳指ETF
513100.XSHG"
2021-05-20 09:34:00,止盈,创业板ETF易方达,159915.XSHE,3.03,1700.0,15200,160.98,0.0,2021-05-20,2021-05,"创业板ETF易方达
159915.XSHE"
2021-05-24 13:09:00,止盈,1000ETF,512100.XSHG,0.933,5500.0,46000,153.49,-1.0,2021-05-24,2021-05,"1000ETF
512100.XSHG"
2021-05-25 14:05:00,止盈,创业板ETF易方达,159915.XSHE,3.121,1600.0,13600,145.1,-1.0,2021-05-25,2021-05,"创业板ETF易方达
159915.XSHE"
2021-05-27 11:21:00,止盈,1000ETF,512100.XSHG,0.961,5300.0,40700,147.89,-2.0,2021-05-27,2021-05,"1000ETF
512100.XSHG"
2021-06-04 09:48:00,加仓,黄金ETF,518880.XSHG,3.693,1300.0,14100,,2.0,2021-06-04,2021-06,"黄金ETF
518880.XSHG"
2021-06-10 13:00:00,止盈,1000ETF,512100.XSHG,0.99,5200.0,35500,150.29,-3.0,2021-06-10,2021-06,"1000ETF
512100.XSHG"
2021-06-10 13:01:00,止盈,500ETF,510500.XSHG,7.532,600.0,3300,131.55,-5.0,2021-06-10,2021-06,"500ETF
510500.XSHG"
2021-06-15 09:31:00,止盈,纳指ETF,513100.XSHG,4.613,1100.0,9300,175.49,1.0,2021-06-15,2021-06,"纳指ETF
513100.XSHG"
2021-06-16 13:03:00,加仓,1000ETF,512100.XSHG,0.96,5000.0,40500,,-2.0,2021-06-16,2021-06,"1000ETF
512100.XSHG"
2021-06-16 14:44:00,加仓,创业板ETF易方达,159915.XSHE,3.027,1600.0,15200,,0.0,2021-06-16,2021-06,"创业板ETF易方达
159915.XSHE"
2021-06-18 09:34:00,止盈,创业板ETF易方达,159915.XSHE,3.118,1600.0,13600,145.1,-1.0,2021-06-18,2021-06,"创业板ETF易方达
159915.XSHE"
2021-06-18 14:08:00,止盈,1000ETF,512100.XSHG,0.989,5200.0,35300,150.29,-3.0,2021-06-18,2021-06,"1000ETF
512100.XSHG"
2021-06-23 10:39:00,止盈,创业板ETF易方达,159915.XSHE,3.212,1600.0,12000,149.89,-2.0,2021-06-23,2021-06,"创业板ETF易方达
159915.XSHE"
2021-06-24 09:30:00,止盈,1000ETF,512100.XSHG,1.019,5000.0,30300,149.49,-4.0,2021-06-24,2021-06,"1000ETF
512100.XSHG"
2021-06-25 09:31:00,止盈,纳指ETF,513100.XSHG,4.761,1000.0,8300,147.52,0.0,2021-06-25,2021-06,"纳指ETF
513100.XSHG"
2021-06-28 10:38:00,止盈,创业板ETF易方达,159915.XSHE,3.309,1500.0,10500,145.0,-3.0,2021-06-28,2021-06,"创业板ETF易方达
159915.XSHE"
2021-06-30 13:31:00,加仓,黄金ETF,518880.XSHG,3.582,1300.0,15400,,3.0,2021-06-30,2021-06,"黄金ETF
518880.XSHG"
2021-07-06 09:46:00,加仓,创业板ETF易方达,159915.XSHE,3.208,1500.0,12000,,-2.0,2021-07-06,2021-07,"创业板ETF易方达
159915.XSHE"
2021-07-07 09:32:00,止盈,纳指ETF,513100.XSHG,4.908,1000.0,7300,146.51,-1.0,2021-07-07,2021-07,"纳指ETF
513100.XSHG"
2021-07-07 13:46:00,止盈,创业板ETF易方达,159915.XSHE,3.307,1500.0,10500,148.0,-3.0,2021-07-07,2021-07,"创业板ETF易方达
159915.XSHE"
2021-07-09 09:39:00,止盈,黄金ETF,518880.XSHG,3.69,1300.0,14100,139.92,2.0,2021-07-09,2021-07,"黄金ETF
518880.XSHG"
2021-07-12 10:14:00,止盈,创业板ETF易方达,159915.XSHE,3.408,1500.0,9000,150.99,-4.0,2021-07-12,2021-07,"创业板ETF易方达
159915.XSHE"
2021-07-12 11:00:00,止盈,1000ETF,512100.XSHG,1.05,4900.0,25400,151.39,-5.0,2021-07-12,2021-07,"1000ETF
512100.XSHG"
2021-07-13 10:17:00,破顶-提前,500ETF,510500.XSHG,7.759,,6400,,-5.0,2021-07-13,2021-07,"500ETF
510500.XSHG"
2021-07-26 09:59:00,加仓,创业板ETF易方达,159915.XSHE,3.305,1400.0,10400,,-3.0,2021-07-26,2021-07,"创业板ETF易方达
159915.XSHE"
2021-07-26 13:29:00,加仓,创业板ETF易方达,159915.XSHE,3.205,1500.0,11900,,-2.0,2021-07-26,2021-07,"创业板ETF易方达
159915.XSHE"
2021-07-27 09:40:00,止盈,创业板ETF易方达,159915.XSHE,3.304,1500.0,10400,148.0,-3.0,2021-07-27,2021-07,"创业板ETF易方达
159915.XSHE"
2021-07-27 14:26:00,加仓,创业板ETF易方达,159915.XSHE,3.202,1500.0,11900,,-2.0,2021-07-27,2021-07,"创业板ETF易方达
159915.XSHE"
2021-07-28 09:31:00,加仓,500ETF,510500.XSHG,7.518,600.0,7000,,1.0,2021-07-28,2021-07,"500ETF
510500.XSHG"
2021-07-28 09:34:00,加仓,1000ETF,512100.XSHG,1.018,4700.0,30100,,-4.0,2021-07-28,2021-07,"1000ETF
512100.XSHG"
2021-07-28 09:42:00,加仓,创业板ETF易方达,159915.XSHE,3.1,1500.0,13400,,-1.0,2021-07-28,2021-07,"创业板ETF易方达
159915.XSHE"
2021-07-28 09:44:00,加仓,1000ETF,512100.XSHG,0.983,4900.0,35000,,-3.0,2021-07-28,2021-07,"1000ETF
512100.XSHG"
2021-07-28 10:25:00,止盈,1000ETF,512100.XSHG,1.014,5000.0,30000,154.49,-4.0,2021-07-28,2021-07,"1000ETF
512100.XSHG"
2021-07-28 10:33:00,止盈,创业板ETF易方达,159915.XSHE,3.193,1600.0,11800,148.29,-2.0,2021-07-28,2021-07,"创业板ETF易方达
159915.XSHE"
2021-07-29 11:08:00,止盈,创业板ETF易方达,159915.XSHE,3.29,1500.0,10300,145.01,-3.0,2021-07-29,2021-07,"创业板ETF易方达
159915.XSHE"
2021-07-29 13:27:00,止盈,1000ETF,512100.XSHG,1.045,4900.0,25100,151.39,-5.0,2021-07-29,2021-07,"1000ETF
512100.XSHG"
2021-08-02 14:12:00,止盈,创业板ETF易方达,159915.XSHE,3.391,1500.0,8800,150.99,-4.0,2021-08-02,2021-08,"创业板ETF易方达
159915.XSHE"
2021-08-02 14:57:00,破顶-提前,1000ETF,512100.XSHG,1.077,,46400,,-5.0,2021-08-02,2021-08,"1000ETF
512100.XSHG"
2021-08-04 13:26:00,止盈,500ETF,510500.XSHG,7.744,600.0,6400,135.14,0.0,2021-08-04,2021-08,"500ETF
510500.XSHG"
2021-08-09 09:31:00,加仓,黄金ETF,518880.XSHG,3.555,1300.0,15400,,3.0,2021-08-09,2021-08,"黄金ETF
518880.XSHG"
2021-08-12 09:50:00,止盈,1000ETF,512100.XSHG,1.11,4600.0,41800,151.29,-1.0,2021-08-12,2021-08,"1000ETF
512100.XSHG"
2021-08-12 10:12:00,止盈,500ETF,510500.XSHG,7.979,600.0,5800,140.52,-1.0,2021-08-12,2021-08,"500ETF
510500.XSHG"
2021-08-12 10:52:00,加仓,创业板ETF易方达,159915.XSHE,3.286,1400.0,10200,,-3.0,2021-08-12,2021-08,"创业板ETF易方达
159915.XSHE"
2021-08-17 13:02:00,加仓,创业板ETF易方达,159915.XSHE,3.186,1500.0,11700,,-2.0,2021-08-17,2021-08,"创业板ETF易方达
159915.XSHE"
2021-08-17 13:43:00,加仓,1000ETF,512100.XSHG,1.076,4500.0,46300,,0.0,2021-08-17,2021-08,"1000ETF
512100.XSHG"
2021-08-17 14:44:00,加仓,500ETF,510500.XSHG,7.738,600.0,6400,,0.0,2021-08-17,2021-08,"500ETF
510500.XSHG"
2021-08-18 11:03:00,止盈,黄金ETF,518880.XSHG,3.662,1400.0,14000,149.29,2.0,2021-08-18,2021-08,"黄金ETF
518880.XSHG"
2021-08-20 11:24:00,加仓,创业板ETF易方达,159915.XSHE,3.089,1500.0,13200,,-1.0,2021-08-20,2021-08,"创业板ETF易方达
159915.XSHE"
2021-08-23 11:12:00,止盈,1000ETF,512100.XSHG,1.109,4600.0,41700,151.29,-1.0,2021-08-23,2021-08,"1000ETF
512100.XSHG"
2021-08-23 13:32:00,止盈,创业板ETF易方达,159915.XSHE,3.185,1600.0,11600,153.09,-2.0,2021-08-23,2021-08,"创业板ETF易方达
159915.XSHE"
2021-08-24 09:31:00,止盈,纳指ETF,513100.XSHG,5.107,1000.0,6300,198.49,-2.0,2021-08-24,2021-08,"纳指ETF
513100.XSHG"
2021-08-24 13:34:00,止盈,500ETF,510500.XSHG,7.971,600.0,5800,139.32,-1.0,2021-08-24,2021-08,"500ETF
510500.XSHG"
2021-08-31 11:26:00,加仓,创业板ETF易方达,159915.XSHE,3.089,1500.0,13100,,-1.0,2021-08-31,2021-08,"创业板ETF易方达
159915.XSHE"
2021-09-02 14:36:00,止盈,500ETF,510500.XSHG,8.212,600.0,5200,144.11,-2.0,2021-09-02,2021-09,"500ETF
510500.XSHG"
2021-09-07 13:03:00,止盈,1000ETF,512100.XSHG,1.143,4500.0,37200,152.49,-2.0,2021-09-07,2021-09,"1000ETF
512100.XSHG"
2021-09-08 09:57:00,止盈,500ETF,510500.XSHG,8.459,600.0,4600,147.69,-3.0,2021-09-08,2021-09,"500ETF
510500.XSHG"
2021-09-17 11:28:00,加仓,1000ETF,512100.XSHG,1.108,4300.0,41500,,-1.0,2021-09-17,2021-09,"1000ETF
512100.XSHG"
2021-09-17 13:10:00,加仓,500ETF,510500.XSHG,8.203,500.0,5100,,-2.0,2021-09-17,2021-09,"500ETF
510500.XSHG"
2021-09-23 09:47:00,止盈,500ETF,510500.XSHG,8.45,600.0,4500,147.69,-3.0,2021-09-23,2021-09,"500ETF
510500.XSHG"
2021-09-27 09:45:00,加仓,500ETF,510500.XSHG,8.193,500.0,5000,,-2.0,2021-09-27,2021-09,"500ETF
510500.XSHG"
2021-09-27 13:01:00,加仓,1000ETF,512100.XSHG,1.074,4500.0,46000,,0.0,2021-09-27,2021-09,"1000ETF
512100.XSHG"
2021-09-29 09:31:00,加仓,纳指ETF,513100.XSHG,4.899,900.0,7200,,-1.0,2021-09-29,2021-09,"纳指ETF
513100.XSHG"
2021-09-29 10:42:00,加仓,500ETF,510500.XSHG,7.946,600.0,5600,,-1.0,2021-09-29,2021-09,"500ETF
510500.XSHG"
2021-09-29 14:14:00,加仓,黄金ETF,518880.XSHG,3.552,1300.0,15300,,3.0,2021-09-29,2021-09,"黄金ETF
518880.XSHG"
2021-10-08 09:52:00,止盈,创业板ETF易方达,159915.XSHE,3.183,1600.0,11500,149.89,-2.0,2021-10-08,2021-10,"创业板ETF易方达
159915.XSHE"
2021-10-12 09:31:00,加仓,创业板ETF易方达,159915.XSHE,3.086,1500.0,13000,,-1.0,2021-10-12,2021-10,"创业板ETF易方达
159915.XSHE"
2021-10-12 13:31:00,加仓,1000ETF,512100.XSHG,1.041,4600.0,50600,,1.0,2021-10-12,2021-10,"1000ETF
512100.XSHG"
2021-10-15 13:23:00,止盈,创业板ETF易方达,159915.XSHE,3.179,1600.0,11400,148.29,-2.0,2021-10-15,2021-10,"创业板ETF易方达
159915.XSHE"
2021-10-18 11:16:00,止盈,1000ETF,512100.XSHG,1.073,4800.0,45800,153.08,0.0,2021-10-18,2021-10,"1000ETF
512100.XSHG"
2021-10-20 09:31:00,止盈,纳指ETF,513100.XSHG,5.049,1000.0,6200,149.5,-2.0,2021-10-20,2021-10,"纳指ETF
513100.XSHG"
2021-11-01 09:32:00,止盈,纳指ETF,513100.XSHG,5.208,900.0,5300,142.63,-3.0,2021-11-01,2021-11,"纳指ETF
513100.XSHG"
2021-11-05 09:31:00,止盈,纳指ETF,513100.XSHG,5.37,900.0,4400,145.32,-4.0,2021-11-05,2021-11,"纳指ETF
513100.XSHG"
2021-11-05 10:32:00,止盈,创业板ETF易方达,159915.XSHE,3.275,1500.0,9900,143.51,-3.0,2021-11-05,2021-11,"创业板ETF易方达
159915.XSHE"
2021-11-08 09:31:00,止盈,黄金ETF,518880.XSHG,3.671,1400.0,13900,166.09,2.0,2021-11-08,2021-11,"黄金ETF
518880.XSHG"
2021-11-11 13:47:00,止盈,1000ETF,512100.XSHG,1.106,4600.0,41200,151.29,-1.0,2021-11-11,2021-11,"1000ETF
512100.XSHG"
2021-11-22 09:35:00,止盈,1000ETF,512100.XSHG,1.14,4500.0,36700,152.49,-2.0,2021-11-22,2021-11,"1000ETF
512100.XSHG"
2021-11-22 11:21:00,止盈,创业板ETF易方达,159915.XSHE,3.374,1500.0,8400,147.99,-4.0,2021-11-22,2021-11,"创业板ETF易方达
159915.XSHE"
2021-11-30 11:06:00,止盈,1000ETF,512100.XSHG,1.175,4300.0,32400,149.99,-3.0,2021-11-30,2021-11,"1000ETF
512100.XSHG"
2021-12-01 14:52:00,止盈,500ETF,510500.XSHG,8.186,600.0,5000,143.51,-2.0,2021-12-01,2021-12,"500ETF
510500.XSHG"
2021-12-03 09:43:00,加仓,纳指ETF,513100.XSHG,5.208,900.0,5300,,-3.0,2021-12-03,2021-12,"纳指ETF
513100.XSHG"
2021-12-07 10:04:00,加仓,1000ETF,512100.XSHG,1.139,4200.0,36600,,-2.0,2021-12-07,2021-12,"1000ETF
512100.XSHG"
2021-12-07 10:17:00,加仓,创业板ETF易方达,159915.XSHE,3.272,1400.0,9800,,-3.0,2021-12-07,2021-12,"创业板ETF易方达
159915.XSHE"
2021-12-10 13:34:00,止盈,创业板ETF易方达,159915.XSHE,3.372,1500.0,8300,149.49,-4.0,2021-12-10,2021-12,"创业板ETF易方达
159915.XSHE"
2021-12-15 09:31:00,加仓,黄金ETF,518880.XSHG,3.56,1300.0,15200,,3.0,2021-12-15,2021-12,"黄金ETF
518880.XSHG"
2021-12-20 10:45:00,加仓,创业板ETF易方达,159915.XSHE,3.27,1400.0,9700,,-3.0,2021-12-20,2021-12,"创业板ETF易方达
159915.XSHE"
2021-12-28 09:31:00,止盈,纳指ETF,513100.XSHG,5.393,900.0,4400,166.01,-4.0,2021-12-28,2021-12,"纳指ETF
513100.XSHG"
2022-01-04 09:53:00,加仓,创业板ETF易方达,159915.XSHE,3.171,1500.0,11200,,-2.0,2022-01-04,2022-01,"创业板ETF易方达
159915.XSHE"
2022-01-05 11:19:00,加仓,创业板ETF易方达,159915.XSHE,3.075,1500.0,12700,,-1.0,2022-01-05,2022-01,"创业板ETF易方达
159915.XSHE"
2022-01-06 09:31:00,加仓,纳指ETF,513100.XSHG,5.153,900.0,5300,,-3.0,2022-01-06,2022-01,"纳指ETF
513100.XSHG"
2022-01-10 09:32:00,加仓,创业板ETF易方达,159915.XSHE,2.982,1600.0,14300,,0.0,2022-01-10,2022-01,"创业板ETF易方达
159915.XSHE"
2022-01-14 09:31:00,加仓,纳指ETF,513100.XSHG,1.01,900.0,27400,,-2.0,2022-01-14,2022-01,"纳指ETF
513100.XSHG"
2022-01-14 09:32:00,加仓,1000ETF,512100.XSHG,1.104,4300.0,40900,,-1.0,2022-01-14,2022-01,"1000ETF
512100.XSHG"
2022-01-14 09:34:00,加仓,500ETF,510500.XSHG,7.939,600.0,5600,,-1.0,2022-01-14,2022-01,"500ETF
510500.XSHG"
2022-01-17 13:20:00,止盈,创业板ETF易方达,159915.XSHE,3.072,1600.0,12700,143.51,-1.0,2022-01-17,2022-01,"创业板ETF易方达
159915.XSHE"
2022-01-18 10:26:00,止盈,1000ETF,512100.XSHG,1.138,4500.0,36400,152.49,-2.0,2022-01-18,2022-01,"1000ETF
512100.XSHG"
2022-01-19 13:12:00,加仓,创业板ETF易方达,159915.XSHE,2.978,1600.0,14300,,0.0,2022-01-19,2022-01,"创业板ETF易方达
159915.XSHE"
2022-01-20 09:31:00,止盈,黄金ETF,518880.XSHG,3.68,1400.0,13800,167.48,2.0,2022-01-20,2022-01,"黄金ETF
518880.XSHG"
2022-01-20 09:33:00,加仓,纳指ETF,513100.XSHG,0.979,4900.0,32300,,-1.0,2022-01-20,2022-01,"纳指ETF
513100.XSHG"
2022-01-20 10:27:00,加仓,1000ETF,512100.XSHG,1.103,4300.0,40700,,-1.0,2022-01-20,2022-01,"1000ETF
512100.XSHG"
2022-01-24 09:31:00,加仓,纳指ETF,513100.XSHG,0.948,5100.0,37400,,0.0,2022-01-24,2022-01,"纳指ETF
513100.XSHG"
2022-01-24 09:31:00,加仓,1000ETF,512100.XSHG,1.066,4500.0,45200,,0.0,2022-01-24,2022-01,"1000ETF
512100.XSHG"
2022-01-25 13:05:00,加仓,500ETF,510500.XSHG,7.7,600.0,6200,,0.0,2022-01-25,2022-01,"500ETF
510500.XSHG"
2022-01-25 14:52:00,加仓,创业板ETF易方达,159915.XSHE,2.888,1600.0,15900,,1.0,2022-01-25,2022-01,"创业板ETF易方达
159915.XSHE"
2022-01-26 09:59:00,加仓,1000ETF,512100.XSHG,1.033,4600.0,49800,,1.0,2022-01-26,2022-01,"1000ETF
512100.XSHG"
2022-01-27 09:31:00,加仓,纳指ETF,513100.XSHG,0.913,5200.0,42600,,1.0,2022-01-27,2022-01,"纳指ETF
513100.XSHG"
2022-01-27 10:32:00,加仓,500ETF,510500.XSHG,7.461,600.0,6800,,1.0,2022-01-27,2022-01,"500ETF
510500.XSHG"
2022-01-28 10:04:00,加仓,1000ETF,512100.XSHG,1.002,4800.0,54600,,2.0,2022-01-28,2022-01,"1000ETF
512100.XSHG"
2022-01-28 10:19:00,加仓,创业板ETF易方达,159915.XSHE,2.8,1700.0,17600,,2.0,2022-01-28,2022-01,"创业板ETF易方达
159915.XSHE"
2022-02-07 09:31:00,止盈,纳指ETF,513100.XSHG,0.949,5400.0,37200,193.89,0.0,2022-02-07,2022-02,"纳指ETF
513100.XSHG"
2022-02-07 09:40:00,止盈,创业板ETF易方达,159915.XSHE,2.885,1700.0,15900,144.01,1.0,2022-02-07,2022-02,"创业板ETF易方达
159915.XSHE"
2022-02-08 09:34:00,加仓,创业板ETF易方达,159915.XSHE,2.794,1700.0,17600,,2.0,2022-02-08,2022-02,"创业板ETF易方达
159915.XSHE"
2022-02-08 11:12:00,加仓,创业板ETF易方达,159915.XSHE,2.71,1700.0,19300,,3.0,2022-02-08,2022-02,"创业板ETF易方达
159915.XSHE"
2022-02-08 14:59:00,止盈,1000ETF,512100.XSHG,1.033,4900.0,49700,151.39,1.0,2022-02-08,2022-02,"1000ETF
512100.XSHG"
2022-02-09 14:17:00,止盈,创业板ETF易方达,159915.XSHE,2.792,1800.0,17500,147.1,2.0,2022-02-09,2022-02,"创业板ETF易方达
159915.XSHE"
2022-02-09 14:27:00,止盈,500ETF,510500.XSHG,7.685,600.0,6200,133.94,0.0,2022-02-09,2022-02,"500ETF
510500.XSHG"
2022-02-10 09:31:00,止盈,纳指ETF,513100.XSHG,0.979,5200.0,32000,155.49,-1.0,2022-02-10,2022-02,"纳指ETF
513100.XSHG"
2022-02-11 09:31:00,加仓,创业板ETF易方达,159915.XSHE,2.705,1700.0,19200,,3.0,2022-02-11,2022-02,"创业板ETF易方达
159915.XSHE"
2022-02-14 09:31:00,加仓,纳指ETF,513100.XSHG,0.931,5100.0,37100,,0.0,2022-02-14,2022-02,"纳指ETF
513100.XSHG"
2022-02-21 13:29:00,止盈,1000ETF,512100.XSHG,1.064,4800.0,44900,148.29,0.0,2022-02-21,2022-02,"1000ETF
512100.XSHG"
2022-02-22 09:31:00,加仓,纳指ETF,513100.XSHG,0.903,5300.0,42400,,1.0,2022-02-22,2022-02,"纳指ETF
513100.XSHG"
2022-02-22 09:33:00,止盈,黄金ETF,518880.XSHG,3.791,1300.0,12500,143.81,1.0,2022-02-22,2022-02,"黄金ETF
518880.XSHG"
2022-02-24 09:31:00,加仓,纳指ETF,513100.XSHG,0.875,5500.0,47900,,2.0,2022-02-24,2022-02,"纳指ETF
513100.XSHG"
2022-02-25 10:17:00,止盈,创业板ETF易方达,159915.XSHE,2.787,1800.0,17400,147.1,2.0,2022-02-25,2022-02,"创业板ETF易方达
159915.XSHE"
2022-03-01 09:31:00,止盈,纳指ETF,513100.XSHG,0.914,5700.0,42200,221.78,1.0,2022-03-01,2022-03,"纳指ETF
513100.XSHG"
2022-03-03 14:33:00,加仓,创业板ETF易方达,159915.XSHE,2.703,1700.0,19100,,3.0,2022-03-03,2022-03,"创业板ETF易方达
159915.XSHE"
2022-03-07 09:31:00,加仓,纳指ETF,513100.XSHG,0.88,5400.0,47600,,2.0,2022-03-07,2022-03,"纳指ETF
513100.XSHG"
2022-03-07 09:31:00,止盈,黄金ETF,518880.XSHG,3.935,1300.0,11200,186.69,0.0,2022-03-07,2022-03,"黄金ETF
518880.XSHG"
2022-03-07 09:34:00,加仓,创业板ETF易方达,159915.XSHE,2.62,1800.0,20900,,4.0,2022-03-07,2022-03,"创业板ETF易方达
159915.XSHE"
2022-03-07 13:51:00,加仓,1000ETF,512100.XSHG,1.032,4600.0,49500,,1.0,2022-03-07,2022-03,"1000ETF
512100.XSHG"
2022-03-07 14:38:00,加仓,创业板ETF易方达,159915.XSHE,2.54,1900.0,22800,,5.0,2022-03-07,2022-03,"创业板ETF易方达
159915.XSHE"
2022-03-07 14:43:00,加仓,500ETF,510500.XSHG,7.453,600.0,6800,,1.0,2022-03-07,2022-03,"500ETF
510500.XSHG"
2022-03-08 11:14:00,加仓,1000ETF,512100.XSHG,1.001,4800.0,54300,,2.0,2022-03-08,2022-03,"1000ETF
512100.XSHG"
2022-03-08 11:22:00,加仓,500ETF,510500.XSHG,7.215,600.0,7400,,2.0,2022-03-08,2022-03,"500ETF
510500.XSHG"
2022-03-08 13:44:00,加仓,纳指ETF,513100.XSHG,0.853,5600.0,53200,,3.0,2022-03-08,2022-03,"纳指ETF
513100.XSHG"
2022-03-09 10:18:00,止盈,黄金ETF,518880.XSHG,4.054,1200.0,10000,142.31,-1.0,2022-03-09,2022-03,"黄金ETF
518880.XSHG"
2022-03-09 13:00:00,加仓,创业板ETF易方达,159915.XSHE,2.463,1900.0,24700,,6.0,2022-03-09,2022-03,"创业板ETF易方达
159915.XSHE"
2022-03-09 13:30:00,加仓,500ETF,510500.XSHG,6.998,600.0,8000,,3.0,2022-03-09,2022-03,"500ETF
510500.XSHG"
2022-03-09 13:32:00,加仓,1000ETF,512100.XSHG,0.97,4900.0,59200,,3.0,2022-03-09,2022-03,"1000ETF
512100.XSHG"
2022-03-10 09:31:00,止盈,纳指ETF,513100.XSHG,0.885,5800.0,47400,185.09,2.0,2022-03-10,2022-03,"纳指ETF
513100.XSHG"
2022-03-10 09:31:00,加仓,黄金ETF,518880.XSHG,3.895,1200.0,11200,,0.0,2022-03-10,2022-03,"黄金ETF
518880.XSHG"
2022-03-10 09:31:00,止盈,1000ETF,512100.XSHG,1.004,5100.0,54100,172.89,2.0,2022-03-10,2022-03,"1000ETF
512100.XSHG"
2022-03-10 09:31:00,止盈,创业板ETF易方达,159915.XSHE,2.547,2000.0,22700,167.49,5.0,2022-03-10,2022-03,"创业板ETF易方达
159915.XSHE"
2022-03-10 09:32:00,止盈,500ETF,510500.XSHG,7.21,700.0,7300,147.9,2.0,2022-03-10,2022-03,"500ETF
510500.XSHG"
2022-03-15 09:31:00,加仓,纳指ETF,513100.XSHG,0.853,5600.0,53000,,3.0,2022-03-15,2022-03,"纳指ETF
513100.XSHG"
2022-03-15 09:31:00,加仓,创业板ETF易方达,159915.XSHE,2.457,1900.0,24600,,6.0,2022-03-15,2022-03,"创业板ETF易方达
159915.XSHE"
2022-03-15 09:32:00,加仓,500ETF,510500.XSHG,6.974,600.0,7900,,3.0,2022-03-15,2022-03,"500ETF
510500.XSHG"
2022-03-15 09:33:00,加仓,1000ETF,512100.XSHG,0.973,4900.0,59000,,3.0,2022-03-15,2022-03,"1000ETF
512100.XSHG"
2022-03-15 10:36:00,止盈,创业板ETF易方达,159915.XSHE,2.531,2000.0,22600,147.49,5.0,2022-03-15,2022-03,"创业板ETF易方达
159915.XSHE"
2022-03-15 13:47:00,加仓,500ETF,510500.XSHG,6.725,700.0,8600,,4.0,2022-03-15,2022-03,"500ETF
510500.XSHG"
2022-03-15 13:53:00,加仓,创业板ETF易方达,159915.XSHE,2.454,1900.0,24500,,6.0,2022-03-15,2022-03,"创业板ETF易方达
159915.XSHE"
2022-03-15 14:53:00,加仓,1000ETF,512100.XSHG,0.943,5100.0,64100,,4.0,2022-03-15,2022-03,"1000ETF
512100.XSHG"
2022-03-16 13:46:00,止盈,纳指ETF,513100.XSHG,0.879,5800.0,47200,150.29,2.0,2022-03-16,2022-03,"纳指ETF
513100.XSHG"
2022-03-16 13:47:00,止盈,创业板ETF易方达,159915.XSHE,2.528,2000.0,22500,147.49,5.0,2022-03-16,2022-03,"创业板ETF易方达
159915.XSHE"
2022-03-16 14:16:00,止盈,1000ETF,512100.XSHG,0.972,5300.0,58800,153.18,3.0,2022-03-16,2022-03,"1000ETF
512100.XSHG"
2022-03-16 14:18:00,止盈,500ETF,510500.XSHG,6.931,700.0,7900,143.71,3.0,2022-03-16,2022-03,"500ETF
510500.XSHG"
2022-03-17 09:32:00,止盈,纳指ETF,513100.XSHG,0.906,5600.0,41600,150.69,1.0,2022-03-17,2022-03,"纳指ETF
513100.XSHG"
2022-03-17 09:32:00,止盈,创业板ETF易方达,159915.XSHE,2.606,1900.0,20600,147.7,4.0,2022-03-17,2022-03,"创业板ETF易方达
159915.XSHE"
2022-03-17 11:14:00,止盈,1000ETF,512100.XSHG,1.002,5100.0,53700,152.49,2.0,2022-03-17,2022-03,"1000ETF
512100.XSHG"
2022-03-17 13:15:00,止盈,500ETF,510500.XSHG,7.141,700.0,7200,146.5,2.0,2022-03-17,2022-03,"500ETF
510500.XSHG"
2022-03-23 09:31:00,止盈,纳指ETF,513100.XSHG,0.953,5500.0,36100,257.98,0.0,2022-03-23,2022-03,"纳指ETF
513100.XSHG"
2022-03-28 09:33:00,加仓,创业板ETF易方达,159915.XSHE,2.526,1900.0,22500,,5.0,2022-03-28,2022-03,"创业板ETF易方达
159915.XSHE"
2022-03-30 09:31:00,止盈,纳指ETF,513100.XSHG,0.992,5200.0,30900,202.28,-1.0,2022-03-30,2022-03,"纳指ETF
513100.XSHG"
2022-03-30 14:11:00,止盈,创业板ETF易方达,159915.XSHE,2.602,1900.0,20600,143.91,4.0,2022-03-30,2022-03,"创业板ETF易方达
159915.XSHE"
2022-04-07 09:31:00,加仓,纳指ETF,513100.XSHG,0.944,5000.0,35900,,0.0,2022-04-07,2022-04,"纳指ETF
513100.XSHG"
2022-04-07 10:06:00,加仓,创业板ETF易方达,159915.XSHE,2.521,1900.0,22500,,5.0,2022-04-07,2022-04,"创业板ETF易方达
159915.XSHE"
2022-04-07 10:23:00,加仓,1000ETF,512100.XSHG,0.971,4900.0,58600,,3.0,2022-04-07,2022-04,"1000ETF
512100.XSHG"
2022-04-08 10:02:00,加仓,500ETF,510500.XSHG,6.924,700.0,7900,,3.0,2022-04-08,2022-04,"500ETF
510500.XSHG"
2022-04-11 09:32:00,加仓,创业板ETF易方达,159915.XSHE,2.444,1900.0,24400,,6.0,2022-04-11,2022-04,"创业板ETF易方达
159915.XSHE"
2022-04-11 09:37:00,加仓,1000ETF,512100.XSHG,0.941,5100.0,63700,,4.0,2022-04-11,2022-04,"1000ETF
512100.XSHG"
2022-04-12 09:31:00,加仓,纳指ETF,513100.XSHG,0.91,5200.0,41100,,1.0,2022-04-12,2022-04,"纳指ETF
513100.XSHG"
2022-04-12 10:26:00,加仓,1000ETF,512100.XSHG,0.912,5300.0,69000,,5.0,2022-04-12,2022-04,"1000ETF
512100.XSHG"
2022-04-12 13:00:00,加仓,500ETF,510500.XSHG,6.716,700.0,8600,,4.0,2022-04-12,2022-04,"500ETF
510500.XSHG"
2022-04-14 10:45:00,加仓,创业板ETF易方达,159915.XSHE,2.37,2000.0,26400,,7.0,2022-04-14,2022-04,"创业板ETF易方达
159915.XSHE"
2022-04-14 13:44:00,止盈,500ETF,510500.XSHG,6.918,700.0,7900,140.92,3.0,2022-04-14,2022-04,"500ETF
510500.XSHG"
2022-04-20 13:55:00,加仓,创业板ETF易方达,159915.XSHE,2.297,2100.0,28500,,8.0,2022-04-20,2022-04,"创业板ETF易方达
159915.XSHE"
2022-04-20 14:06:00,加仓,500ETF,510500.XSHG,6.71,700.0,8600,,4.0,2022-04-20,2022-04,"500ETF
510500.XSHG"
2022-04-21 11:11:00,加仓,1000ETF,512100.XSHG,0.884,5400.0,74400,,6.0,2022-04-21,2022-04,"1000ETF
512100.XSHG"
2022-04-21 14:13:00,加仓,500ETF,510500.XSHG,6.5,700.0,9300,,5.0,2022-04-21,2022-04,"500ETF
510500.XSHG"
2022-04-21 14:49:00,加仓,创业板ETF易方达,159915.XSHE,2.228,2100.0,30600,,9.0,2022-04-21,2022-04,"创业板ETF易方达
159915.XSHE"
2022-04-22 09:36:00,加仓,1000ETF,512100.XSHG,0.857,5600.0,80000,,7.0,2022-04-22,2022-04,"1000ETF
512100.XSHG"
2022-04-25 09:34:00,加仓,500ETF,510500.XSHG,6.3,700.0,10000,,6.0,2022-04-25,2022-04,"500ETF
510500.XSHG"
2022-04-25 09:35:00,加仓,1000ETF,512100.XSHG,0.83,5800.0,85800,,8.0,2022-04-25,2022-04,"1000ETF
512100.XSHG"
2022-04-25 09:43:00,加仓,创业板ETF易方达,159915.XSHE,2.16,2200.0,32800,,10.0,2022-04-25,2022-04,"创业板ETF易方达
159915.XSHE"
2022-04-25 13:53:00,加仓,1000ETF,512100.XSHG,0.805,6000.0,91800,,9.0,2022-04-25,2022-04,"1000ETF
512100.XSHG"
2022-04-25 14:11:00,加仓,500ETF,510500.XSHG,6.11,700.0,10700,,7.0,2022-04-25,2022-04,"500ETF
510500.XSHG"
2022-04-26 09:38:00,加仓,1000ETF,512100.XSHG,0.778,6200.0,98000,,10.0,2022-04-26,2022-04,"1000ETF
512100.XSHG"
2022-04-26 14:18:00,加仓,500ETF,510500.XSHG,5.923,800.0,11500,,8.0,2022-04-26,2022-04,"500ETF
510500.XSHG"
2022-04-27 09:31:00,加仓,纳指ETF,513100.XSHG,0.875,5400.0,46500,,2.0,2022-04-27,2022-04,"纳指ETF
513100.XSHG"
2022-04-27 14:25:00,止盈,1000ETF,512100.XSHG,0.802,6400.0,91600,153.09,9.0,2022-04-27,2022-04,"1000ETF
512100.XSHG"
2022-04-27 14:50:00,止盈,500ETF,510500.XSHG,6.102,800.0,10700,142.71,7.0,2022-04-27,2022-04,"500ETF
510500.XSHG"
2022-04-29 09:31:00,止盈,纳指ETF,513100.XSHG,0.903,5700.0,40800,159.09,1.0,2022-04-29,2022-04,"纳指ETF
513100.XSHG"
2022-04-29 13:05:00,止盈,500ETF,510500.XSHG,6.294,800.0,9900,153.1,6.0,2022-04-29,2022-04,"500ETF
510500.XSHG"
2022-04-29 13:07:00,止盈,1000ETF,512100.XSHG,0.827,6200.0,85400,154.49,8.0,2022-04-29,2022-04,"1000ETF
512100.XSHG"
2022-04-29 13:11:00,止盈,创业板ETF易方达,159915.XSHE,2.233,2300.0,30500,167.39,9.0,2022-04-29,2022-04,"创业板ETF易方达
159915.XSHE"
2022-05-05 10:52:00,止盈,1000ETF,512100.XSHG,0.852,6000.0,79400,149.49,7.0,2022-05-05,2022-05,"1000ETF
512100.XSHG"
2022-05-06 09:31:00,加仓,纳指ETF,513100.XSHG,0.872,5500.0,46300,,2.0,2022-05-06,2022-05,"纳指ETF
513100.XSHG"
2022-05-06 09:31:00,加仓,创业板ETF易方达,159915.XSHE,2.157,2200.0,32700,,10.0,2022-05-06,2022-05,"创业板ETF易方达
159915.XSHE"
2022-05-10 09:31:00,加仓,纳指ETF,513100.XSHG,0.84,5700.0,52000,,3.0,2022-05-10,2022-05,"纳指ETF
513100.XSHG"
2022-05-11 09:36:00,止盈,创业板ETF易方达,159915.XSHE,2.222,2300.0,30400,148.99,9.0,2022-05-11,2022-05,"创业板ETF易方达
159915.XSHE"
2022-05-11 09:45:00,止盈,1000ETF,512100.XSHG,0.878,5800.0,73600,150.29,6.0,2022-05-11,2022-05,"1000ETF
512100.XSHG"
2022-05-11 09:51:00,止盈,500ETF,510500.XSHG,6.485,700.0,9200,133.25,5.0,2022-05-11,2022-05,"500ETF
510500.XSHG"
2022-05-11 11:17:00,止盈,创业板ETF易方达,159915.XSHE,2.289,2200.0,28200,146.9,8.0,2022-05-11,2022-05,"创业板ETF易方达
159915.XSHE"
2022-05-18 09:31:00,止盈,纳指ETF,513100.XSHG,0.866,5900.0,46100,152.89,2.0,2022-05-18,2022-05,"纳指ETF
513100.XSHG"
2022-05-19 09:31:00,加仓,纳指ETF,513100.XSHG,0.825,5700.0,51800,,3.0,2022-05-19,2022-05,"纳指ETF
513100.XSHG"
2022-05-20 09:31:00,止盈,1000ETF,512100.XSHG,0.906,5600.0,68000,156.29,5.0,2022-05-20,2022-05,"1000ETF
512100.XSHG"
2022-05-20 14:49:00,止盈,500ETF,510500.XSHG,6.682,700.0,8500,137.43,4.0,2022-05-20,2022-05,"500ETF
510500.XSHG"
2022-05-25 09:43:00,加仓,500ETF,510500.XSHG,6.479,700.0,9200,,5.0,2022-05-25,2022-05,"500ETF
510500.XSHG"
2022-05-26 09:51:00,加仓,创业板ETF易方达,159915.XSHE,2.22,2100.0,30300,,9.0,2022-05-26,2022-05,"创业板ETF易方达
159915.XSHE"
2022-05-26 13:02:00,止盈,500ETF,510500.XSHG,6.678,700.0,8500,138.83,4.0,2022-05-26,2022-05,"500ETF
510500.XSHG"
2022-05-27 09:37:00,止盈,创业板ETF易方达,159915.XSHE,2.29,2200.0,28100,153.5,8.0,2022-05-27,2022-05,"创业板ETF易方达
159915.XSHE"
2022-05-30 09:31:00,止盈,纳指ETF,513100.XSHG,0.878,6000.0,45800,317.47,2.0,2022-05-30,2022-05,"纳指ETF
513100.XSHG"
2022-06-01 10:41:00,止盈,创业板ETF易方达,159915.XSHE,2.359,2100.0,26000,144.4,7.0,2022-06-01,2022-06,"创业板ETF易方达
159915.XSHE"
2022-06-02 10:37:00,止盈,1000ETF,512100.XSHG,0.934,5500.0,62500,153.49,4.0,2022-06-02,2022-06,"1000ETF
512100.XSHG"
2022-06-02 14:08:00,止盈,500ETF,510500.XSHG,6.879,700.0,7800,140.22,3.0,2022-06-02,2022-06,"500ETF
510500.XSHG"
2022-06-06 09:53:00,止盈,创业板ETF易方达,159915.XSHE,2.431,2100.0,23900,150.69,6.0,2022-06-06,2022-06,"创业板ETF易方达
159915.XSHE"
2022-06-06 11:25:00,止盈,1000ETF,512100.XSHG,0.963,5300.0,57200,153.19,3.0,2022-06-06,2022-06,"1000ETF
512100.XSHG"
2022-06-10 09:31:00,加仓,纳指ETF,513100.XSHG,0.841,5600.0,51400,,3.0,2022-06-10,2022-06,"纳指ETF
513100.XSHG"
2022-06-10 14:45:00,止盈,500ETF,510500.XSHG,7.086,700.0,7100,144.4,2.0,2022-06-10,2022-06,"500ETF
510500.XSHG"
2022-06-13 09:32:00,加仓,纳指ETF,513100.XSHG,0.815,5900.0,57300,,4.0,2022-06-13,2022-06,"纳指ETF
513100.XSHG"
2022-06-14 09:31:00,加仓,纳指ETF,513100.XSHG,0.788,6100.0,63400,,5.0,2022-06-14,2022-06,"纳指ETF
513100.XSHG"
2022-06-15 09:33:00,止盈,创业板ETF易方达,159915.XSHE,2.505,2000.0,21900,147.5,5.0,2022-06-15,2022-06,"创业板ETF易方达
159915.XSHE"
2022-06-16 09:31:00,止盈,纳指ETF,513100.XSHG,0.817,6300.0,57100,182.19,4.0,2022-06-16,2022-06,"纳指ETF
513100.XSHG"
2022-06-17 09:31:00,加仓,纳指ETF,513100.XSHG,0.778,6100.0,63200,,5.0,2022-06-17,2022-06,"纳指ETF
513100.XSHG"
2022-06-17 14:31:00,止盈,创业板ETF易方达,159915.XSHE,2.582,1900.0,20000,145.81,4.0,2022-06-17,2022-06,"创业板ETF易方达
159915.XSHE"
2022-06-20 09:31:00,止盈,1000ETF,512100.XSHG,0.993,5100.0,52100,152.49,2.0,2022-06-20,2022-06,"1000ETF
512100.XSHG"
2022-06-20 11:20:00,止盈,创业板ETF易方达,159915.XSHE,2.66,1900.0,18100,147.69,3.0,2022-06-20,2022-06,"创业板ETF易方达
159915.XSHE"
2022-06-21 10:02:00,止盈,纳指ETF,513100.XSHG,0.802,6400.0,56800,153.09,4.0,2022-06-21,2022-06,"纳指ETF
513100.XSHG"
2022-06-24 13:45:00,止盈,纳指ETF,513100.XSHG,0.827,6200.0,50600,154.49,3.0,2022-06-24,2022-06,"纳指ETF
513100.XSHG"
2022-06-27 09:31:00,止盈,创业板ETF易方达,159915.XSHE,2.752,1800.0,16300,165.1,2.0,2022-06-27,2022-06,"创业板ETF易方达
159915.XSHE"
2022-06-27 09:38:00,止盈,500ETF,510500.XSHG,7.309,700.0,6400,155.59,1.0,2022-06-27,2022-06,"500ETF
510500.XSHG"
2022-06-27 10:30:00,止盈,1000ETF,512100.XSHG,1.023,5000.0,47100,149.49,1.0,2022-06-27,2022-06,"1000ETF
512100.XSHG"
2022-06-30 14:27:00,加仓,纳指ETF,513100.XSHG,0.802,6000.0,56600,,4.0,2022-06-30,2022-06,"纳指ETF
513100.XSHG"
2022-07-04 09:35:00,加仓,创业板ETF易方达,159915.XSHE,2.668,1800.0,18100,,3.0,2022-07-04,2022-07,"创业板ETF易方达
159915.XSHE"
2022-07-04 14:55:00,止盈,创业板ETF易方达,159915.XSHE,2.749,1800.0,16300,145.31,2.0,2022-07-04,2022-07,"创业板ETF易方达
159915.XSHE"
2022-07-06 09:31:00,加仓,黄金ETF,518880.XSHG,3.73,1200.0,12400,,1.0,2022-07-06,2022-07,"黄金ETF
518880.XSHG"
2022-07-07 13:10:00,止盈,纳指ETF,513100.XSHG,0.827,6200.0,50400,154.49,3.0,2022-07-07,2022-07,"纳指ETF
513100.XSHG"
2022-07-11 13:24:00,加仓,创业板ETF易方达,159915.XSHE,2.666,1800.0,18100,,3.0,2022-07-11,2022-07,"创业板ETF易方达
159915.XSHE"
2022-07-12 14:10:00,加仓,1000ETF,512100.XSHG,0.992,4800.0,51900,,2.0,2022-07-12,2022-07,"1000ETF
512100.XSHG"
2022-07-13 10:26:00,加仓,500ETF,510500.XSHG,7.089,600.0,7000,,2.0,2022-07-13,2022-07,"500ETF
510500.XSHG"
2022-07-14 11:11:00,止盈,创业板ETF易方达,159915.XSHE,2.746,1800.0,16300,143.51,2.0,2022-07-14,2022-07,"创业板ETF易方达
159915.XSHE"
2022-07-15 14:44:00,加仓,黄金ETF,518880.XSHG,3.618,1300.0,13700,,2.0,2022-07-15,2022-07,"黄金ETF
518880.XSHG"
2022-07-18 09:40:00,加仓,创业板ETF易方达,159915.XSHE,2.661,1800.0,18100,,3.0,2022-07-18,2022-07,"创业板ETF易方达
159915.XSHE"
2022-07-19 09:43:00,止盈,1000ETF,512100.XSHG,1.023,5000.0,46900,154.49,1.0,2022-07-19,2022-07,"1000ETF
512100.XSHG"
2022-07-20 09:31:00,止盈,纳指ETF,513100.XSHG,0.852,6000.0,44400,149.49,2.0,2022-07-20,2022-07,"纳指ETF
513100.XSHG"
2022-07-20 09:42:00,止盈,500ETF,510500.XSHG,7.304,700.0,6300,149.99,1.0,2022-07-20,2022-07,"500ETF
510500.XSHG"
2022-07-29 09:31:00,止盈,纳指ETF,513100.XSHG,0.884,5800.0,38600,185.09,1.0,2022-07-29,2022-07,"纳指ETF
513100.XSHG"
2022-07-29 10:11:00,止盈,黄金ETF,518880.XSHG,3.727,1300.0,12400,141.22,1.0,2022-07-29,2022-07,"黄金ETF
518880.XSHG"
2022-08-01 09:31:00,加仓,创业板ETF易方达,159915.XSHE,2.579,1800.0,19900,,4.0,2022-08-01,2022-08,"创业板ETF易方达
159915.XSHE"
2022-08-02 09:40:00,加仓,500ETF,510500.XSHG,7.081,600.0,6900,,2.0,2022-08-02,2022-08,"500ETF
510500.XSHG"
2022-08-04 13:29:00,止盈,纳指ETF,513100.XSHG,0.911,5600.0,33000,150.69,0.0,2022-08-04,2022-08,"纳指ETF
513100.XSHG"
2022-08-09 14:42:00,止盈,1000ETF,512100.XSHG,1.054,4800.0,42100,148.29,0.0,2022-08-09,2022-08,"1000ETF
512100.XSHG"
2022-08-11 10:54:00,止盈,500ETF,510500.XSHG,7.295,700.0,6200,149.29,1.0,2022-08-11,2022-08,"500ETF
510500.XSHG"
2022-08-16 09:31:00,止盈,纳指ETF,513100.XSHG,0.941,5400.0,27600,161.49,-1.0,2022-08-16,2022-08,"纳指ETF
513100.XSHG"
2022-08-16 09:46:00,止盈,创业板ETF易方达,159915.XSHE,2.657,1900.0,18000,147.7,3.0,2022-08-16,2022-08,"创业板ETF易方达
159915.XSHE"
2022-08-22 14:37:00,加仓,纳指ETF,513100.XSHG,0.912,5300.0,32900,,0.0,2022-08-22,2022-08,"纳指ETF
513100.XSHG"
2022-08-25 10:06:00,加仓,创业板ETF易方达,159915.XSHE,2.577,1800.0,19800,,4.0,2022-08-25,2022-08,"创业板ETF易方达
159915.XSHE"
2022-08-25 10:07:00,加仓,1000ETF,512100.XSHG,1.022,4700.0,46800,,1.0,2022-08-25,2022-08,"1000ETF
512100.XSHG"
2022-08-29 09:31:00,加仓,纳指ETF,513100.XSHG,0.871,5400.0,38300,,1.0,2022-08-29,2022-08,"纳指ETF
513100.XSHG"
2022-08-29 09:31:00,加仓,500ETF,510500.XSHG,6.215,600.0,7701,,2.0,2022-08-29,2022-08,"500ETF
510500.XSHG"
2022-08-31 10:11:00,加仓,创业板ETF易方达,159915.XSHE,2.498,1900.0,21700,,5.0,2022-08-31,2022-08,"创业板ETF易方达
159915.XSHE"
2022-08-31 11:18:00,加仓,1000ETF,512100.XSHG,0.991,4800.0,51600,,2.0,2022-08-31,2022-08,"1000ETF
512100.XSHG"
2022-09-05 09:31:00,止盈,1000ETF,512100.XSHG,2.703,5000.0,13862,8558.65,1.0,2022-09-05,2022-09,"1000ETF
512100.XSHG"
2022-09-06 10:12:00,加仓,创业板ETF易方达,159915.XSHE,2.423,2000.0,23700,,6.0,2022-09-06,2022-09,"创业板ETF易方达
159915.XSHE"
2022-09-07 10:24:00,止盈,1000ETF,512100.XSHG,2.785,1800.0,12062,147.1,0.0,2022-09-07,2022-09,"1000ETF
512100.XSHG"
2022-09-07 10:27:00,止盈,创业板ETF易方达,159915.XSHE,2.496,2000.0,21700,145.5,5.0,2022-09-07,2022-09,"创业板ETF易方达
159915.XSHE"
2022-09-13 14:09:00,止盈,纳指ETF,513100.XSHG,0.898,5700.0,32600,153.39,0.0,2022-09-13,2022-09,"纳指ETF
513100.XSHG"
2022-09-14 09:31:00,加仓,纳指ETF,513100.XSHG,0.854,5500.0,38100,,1.0,2022-09-14,2022-09,"纳指ETF
513100.XSHG"
2022-09-14 13:15:00,加仓,创业板ETF易方达,159915.XSHE,2.421,2000.0,23700,,6.0,2022-09-14,2022-09,"创业板ETF易方达
159915.XSHE"
2022-09-15 10:05:00,加仓,1000ETF,512100.XSHG,2.701,1700.0,13762,,1.0,2022-09-15,2022-09,"1000ETF
512100.XSHG"
2022-09-15 13:43:00,加仓,创业板ETF易方达,159915.XSHE,2.348,2000.0,25700,,7.0,2022-09-15,2022-09,"创业板ETF易方达
159915.XSHE"
2022-09-15 14:04:00,加仓,1000ETF,512100.XSHG,2.619,1800.0,15562,,2.0,2022-09-15,2022-09,"1000ETF
512100.XSHG"
2022-09-16 13:25:00,加仓,500ETF,510500.XSHG,6.027,800.0,8501,,3.0,2022-09-16,2022-09,"500ETF
510500.XSHG"
2022-09-19 13:50:00,加仓,创业板ETF易方达,159915.XSHE,2.277,2100.0,27800,,8.0,2022-09-19,2022-09,"创业板ETF易方达
159915.XSHE"
2022-09-22 09:39:00,加仓,纳指ETF,513100.XSHG,0.828,5800.0,43900,,2.0,2022-09-22,2022-09,"纳指ETF
513100.XSHG"
2022-09-23 10:31:00,加仓,1000ETF,512100.XSHG,2.538,1900.0,17462,,3.0,2022-09-23,2022-09,"1000ETF
512100.XSHG"
2022-09-23 11:21:00,加仓,500ETF,510500.XSHG,5.846,800.0,9301,,4.0,2022-09-23,2022-09,"500ETF
510500.XSHG"
2022-09-30 10:14:00,加仓,1000ETF,512100.XSHG,2.461,1900.0,19362,,4.0,2022-09-30,2022-09,"1000ETF
512100.XSHG"
2022-10-10 09:31:00,加仓,纳指ETF,513100.XSHG,0.799,6000.0,49900,,3.0,2022-10-10,2022-10,"纳指ETF
513100.XSHG"
2022-10-10 09:34:00,加仓,创业板ETF易方达,159915.XSHE,2.207,2100.0,29900,,9.0,2022-10-10,2022-10,"创业板ETF易方达
159915.XSHE"
2022-10-10 14:19:00,加仓,500ETF,510500.XSHG,5.67,800.0,10101,,5.0,2022-10-10,2022-10,"500ETF
510500.XSHG"
2022-10-10 14:36:00,加仓,1000ETF,512100.XSHG,2.387,2000.0,21362,,5.0,2022-10-10,2022-10,"1000ETF
512100.XSHG"
2022-10-12 14:27:00,止盈,1000ETF,512100.XSHG,2.461,2000.0,19362,147.51,4.0,2022-10-12,2022-10,"1000ETF
512100.XSHG"
2022-10-12 14:56:00,止盈,创业板ETF易方达,159915.XSHE,2.274,2200.0,27700,146.9,8.0,2022-10-12,2022-10,"创业板ETF易方达
159915.XSHE"
2022-10-13 11:22:00,止盈,500ETF,510500.XSHG,5.844,800.0,9301,138.73,4.0,2022-10-13,2022-10,"500ETF
510500.XSHG"
2022-10-14 10:01:00,止盈,1000ETF,512100.XSHG,2.536,2000.0,17362,149.49,3.0,2022-10-14,2022-10,"1000ETF
512100.XSHG"
2022-10-14 11:07:00,止盈,创业板ETF易方达,159915.XSHE,2.344,2100.0,25600,146.51,7.0,2022-10-14,2022-10,"创业板ETF易方达
159915.XSHE"
2022-10-17 13:53:00,止盈,500ETF,510500.XSHG,6.022,800.0,8501,141.92,3.0,2022-10-17,2022-10,"500ETF
510500.XSHG"
2022-10-18 13:01:00,止盈,1000ETF,512100.XSHG,2.613,1900.0,15462,145.8,2.0,2022-10-18,2022-10,"1000ETF
512100.XSHG"
2022-10-18 13:02:00,止盈,纳指ETF,513100.XSHG,0.825,6200.0,43700,160.69,2.0,2022-10-18,2022-10,"纳指ETF
513100.XSHG"
2022-10-20 10:08:00,加仓,1000ETF,512100.XSHG,2.534,1900.0,17362,,3.0,2022-10-20,2022-10,"1000ETF
512100.XSHG"
2022-10-20 13:15:00,止盈,1000ETF,512100.XSHG,2.612,1900.0,15462,147.7,2.0,2022-10-20,2022-10,"1000ETF
512100.XSHG"
2022-10-24 13:53:00,加仓,创业板ETF易方达,159915.XSHE,2.271,2100.0,27700,,8.0,2022-10-24,2022-10,"创业板ETF易方达
159915.XSHE"
2022-10-24 14:14:00,加仓,1000ETF,512100.XSHG,2.533,1900.0,17362,,3.0,2022-10-24,2022-10,"1000ETF
512100.XSHG"
2022-10-25 09:37:00,加仓,500ETF,510500.XSHG,5.839,800.0,9301,,4.0,2022-10-25,2022-10,"500ETF
510500.XSHG"
2022-10-26 10:48:00,止盈,1000ETF,512100.XSHG,2.609,1900.0,15462,143.9,2.0,2022-10-26,2022-10,"1000ETF
512100.XSHG"
2022-10-26 10:50:00,止盈,500ETF,510500.XSHG,6.015,800.0,8501,140.32,3.0,2022-10-26,2022-10,"500ETF
510500.XSHG"
2022-10-28 10:47:00,加仓,1000ETF,512100.XSHG,2.53,1900.0,17362,,3.0,2022-10-28,2022-10,"1000ETF
512100.XSHG"
2022-10-28 13:45:00,加仓,500ETF,510500.XSHG,5.834,800.0,9301,,4.0,2022-10-28,2022-10,"500ETF
510500.XSHG"
2022-10-28 13:45:00,加仓,创业板ETF易方达,159915.XSHE,2.202,2200.0,29900,,9.0,2022-10-28,2022-10,"创业板ETF易方达
159915.XSHE"
2022-11-01 09:32:00,止盈,纳指ETF,513100.XSHG,0.85,6000.0,37700,149.49,1.0,2022-11-01,2022-11,"纳指ETF
513100.XSHG"
2022-11-01 14:51:00,止盈,创业板ETF易方达,159915.XSHE,2.269,2200.0,27700,146.9,8.0,2022-11-01,2022-11,"创业板ETF易方达
159915.XSHE"
2022-11-02 11:25:00,止盈,1000ETF,512100.XSHG,2.607,1900.0,15462,145.8,2.0,2022-11-02,2022-11,"1000ETF
512100.XSHG"
2022-11-02 13:02:00,止盈,500ETF,510500.XSHG,6.01,800.0,8501,140.32,3.0,2022-11-02,2022-11,"500ETF
510500.XSHG"
2022-11-03 09:31:00,加仓,纳指ETF,513100.XSHG,0.812,5800.0,43500,,2.0,2022-11-03,2022-11,"纳指ETF
513100.XSHG"
2022-11-04 09:55:00,止盈,创业板ETF易方达,159915.XSHE,2.34,2200.0,25500,155.69,7.0,2022-11-04,2022-11,"创业板ETF易方达
159915.XSHE"
2022-11-04 13:05:00,止盈,1000ETF,512100.XSHG,2.686,1900.0,13562,149.59,1.0,2022-11-04,2022-11,"1000ETF
512100.XSHG"
2022-11-08 09:57:00,止盈,黄金ETF,518880.XSHG,3.839,1300.0,11100,145.1,0.0,2022-11-08,2022-11,"黄金ETF
518880.XSHG"
2022-11-09 10:30:00,止盈,500ETF,510500.XSHG,6.192,800.0,7701,145.1,2.0,2022-11-09,2022-11,"500ETF
510500.XSHG"
2022-11-09 14:51:00,止盈,黄金ETF,518880.XSHG,3.957,1300.0,9800,152.89,-1.0,2022-11-09,2022-11,"黄金ETF
518880.XSHG"
2022-11-11 09:31:00,止盈,纳指ETF,513100.XSHG,0.856,6100.0,37400,267.88,1.0,2022-11-11,2022-11,"纳指ETF
513100.XSHG"
2022-11-22 14:12:00,加仓,创业板ETF易方达,159915.XSHE,2.269,2100.0,27600,,8.0,2022-11-22,2022-11,"创业板ETF易方达
159915.XSHE"
2022-11-23 10:01:00,加仓,1000ETF,512100.XSHG,2.605,1800.0,15362,,2.0,2022-11-23,2022-11,"1000ETF
512100.XSHG"
2022-11-28 09:42:00,加仓,500ETF,510500.XSHG,5.999,800.0,8501,,3.0,2022-11-28,2022-11,"500ETF
510500.XSHG"
2022-11-28 09:47:00,加仓,创业板ETF易方达,159915.XSHE,2.199,2200.0,29800,,9.0,2022-11-28,2022-11,"创业板ETF易方达
159915.XSHE"
2022-11-29 13:01:00,止盈,创业板ETF易方达,159915.XSHE,2.267,2200.0,27600,149.1,8.0,2022-11-29,2022-11,"创业板ETF易方达
159915.XSHE"
2022-11-29 13:02:00,止盈,500ETF,510500.XSHG,6.184,800.0,7701,147.51,2.0,2022-11-29,2022-11,"500ETF
510500.XSHG"
2022-12-02 10:05:00,止盈,1000ETF,512100.XSHG,2.684,1900.0,13462,149.59,1.0,2022-12-02,2022-12,"1000ETF
512100.XSHG"
2022-12-02 10:09:00,止盈,创业板ETF易方达,159915.XSHE,2.336,2200.0,25400,151.29,7.0,2022-12-02,2022-12,"创业板ETF易方达
159915.XSHE"
2022-12-07 09:31:00,加仓,纳指ETF,513100.XSHG,0.83,5800.0,43200,,2.0,2022-12-07,2022-12,"纳指ETF
513100.XSHG"
2022-12-16 10:00:00,加仓,1000ETF,512100.XSHG,2.603,1800.0,15262,,2.0,2022-12-16,2022-12,"1000ETF
512100.XSHG"
2022-12-19 13:13:00,加仓,500ETF,510500.XSHG,5.996,800.0,8501,,3.0,2022-12-19,2022-12,"500ETF
510500.XSHG"
2022-12-20 09:32:00,加仓,创业板ETF易方达,159915.XSHE,2.264,2100.0,27500,,8.0,2022-12-20,2022-12,"创业板ETF易方达
159915.XSHE"
2022-12-20 11:06:00,加仓,纳指ETF,513100.XSHG,0.805,6000.0,49200,,3.0,2022-12-20,2022-12,"纳指ETF
513100.XSHG"
2022-12-21 09:45:00,加仓,1000ETF,512100.XSHG,2.524,1900.0,17162,,3.0,2022-12-21,2022-12,"1000ETF
512100.XSHG"
2022-12-22 14:06:00,加仓,500ETF,510500.XSHG,5.814,800.0,9301,,4.0,2022-12-22,2022-12,"500ETF
510500.XSHG"
2022-12-23 14:12:00,加仓,1000ETF,512100.XSHG,2.448,1900.0,19062,,4.0,2022-12-23,2022-12,"1000ETF
512100.XSHG"
2022-12-27 13:33:00,止盈,1000ETF,512100.XSHG,2.522,2000.0,17062,147.5,3.0,2022-12-27,2022-12,"1000ETF
512100.XSHG"
2023-01-05 09:42:00,止盈,500ETF,510500.XSHG,5.991,800.0,8501,141.12,3.0,2023-01-05,2023-01,"500ETF
510500.XSHG"
2023-01-05 14:35:00,止盈,创业板ETF易方达,159915.XSHE,2.332,2200.0,25300,149.09,7.0,2023-01-05,2023-01,"创业板ETF易方达
159915.XSHE"
2023-01-06 09:38:00,止盈,1000ETF,512100.XSHG,2.598,1900.0,15162,143.91,2.0,2023-01-06,2023-01,"1000ETF
512100.XSHG"
2023-01-10 13:42:00,止盈,创业板ETF易方达,159915.XSHE,2.402,2100.0,23200,146.5,6.0,2023-01-10,2023-01,"创业板ETF易方达
159915.XSHE"
2023-01-16 10:39:00,止盈,500ETF,510500.XSHG,6.172,800.0,7701,144.31,2.0,2023-01-16,2023-01,"500ETF
510500.XSHG"
2023-01-16 10:44:00,止盈,创业板ETF易方达,159915.XSHE,2.475,2000.0,21200,145.5,5.0,2023-01-16,2023-01,"创业板ETF易方达
159915.XSHE"
2023-01-20 09:31:00,止盈,黄金ETF,518880.XSHG,4.105,1200.0,8600,177.11,-2.0,2023-01-20,2023-01,"黄金ETF
518880.XSHG"
2023-01-20 09:31:00,止盈,1000ETF,512100.XSHG,2.681,1900.0,13262,157.19,1.0,2023-01-20,2023-01,"1000ETF
512100.XSHG"
2023-01-30 09:31:00,止盈,纳指ETF,513100.XSHG,0.844,6200.0,43000,241.28,2.0,2023-01-30,2023-01,"纳指ETF
513100.XSHG"
2023-01-30 09:31:00,止盈,500ETF,510500.XSHG,6.366,800.0,6901,154.69,1.0,2023-01-30,2023-01,"500ETF
510500.XSHG"
2023-01-30 09:31:00,止盈,创业板ETF易方达,159915.XSHE,2.574,2000.0,19200,197.49,4.0,2023-01-30,2023-01,"创业板ETF易方达
159915.XSHE"
2023-02-01 10:45:00,加仓,创业板ETF易方达,159915.XSHE,2.496,1900.0,21100,,5.0,2023-02-01,2023-02,"创业板ETF易方达
159915.XSHE"
2023-02-02 09:31:00,止盈,1000ETF,512100.XSHG,2.765,1800.0,11462,150.7,0.0,2023-02-02,2023-02,"1000ETF
512100.XSHG"
2023-02-03 09:31:00,止盈,纳指ETF,513100.XSHG,0.873,5900.0,37100,170.58,1.0,2023-02-03,2023-02,"纳指ETF
513100.XSHG"
2023-02-17 09:46:00,加仓,创业板ETF易方达,159915.XSHE,2.421,2000.0,23100,,6.0,2023-02-17,2023-02,"创业板ETF易方达
159915.XSHE"
2023-02-27 09:31:00,加仓,创业板ETF易方达,159915.XSHE,2.347,2000.0,25100,,7.0,2023-02-27,2023-02,"创业板ETF易方达
159915.XSHE"
2023-03-02 09:31:00,加仓,纳指ETF,513100.XSHG,0.845,5700.0,42800,,2.0,2023-03-02,2023-03,"纳指ETF
513100.XSHG"
2023-03-06 10:39:00,止盈,纳指ETF,513100.XSHG,0.871,5900.0,36900,152.89,1.0,2023-03-06,2023-03,"纳指ETF
513100.XSHG"
2023-03-13 09:31:00,加仓,纳指ETF,513100.XSHG,0.844,5700.0,42600,,2.0,2023-03-13,2023-03,"纳指ETF
513100.XSHG"
2023-03-13 10:36:00,加仓,创业板ETF易方达,159915.XSHE,2.276,2100.0,27200,,8.0,2023-03-13,2023-03,"创业板ETF易方达
159915.XSHE"
2023-03-14 10:57:00,加仓,500ETF,510500.XSHG,6.173,700.0,7601,,2.0,2023-03-14,2023-03,"500ETF
510500.XSHG"
2023-03-14 11:04:00,加仓,1000ETF,512100.XSHG,2.682,1800.0,13262,,1.0,2023-03-14,2023-03,"1000ETF
512100.XSHG"
2023-03-17 09:31:00,止盈,纳指ETF,513100.XSHG,0.884,5900.0,36700,235.48,1.0,2023-03-17,2023-03,"纳指ETF
513100.XSHG"
2023-03-20 09:31:00,止盈,黄金ETF,518880.XSHG,4.271,1200.0,7400,198.69,-3.0,2023-03-20,2023-03,"黄金ETF
518880.XSHG"
2023-03-31 09:31:00,止盈,纳指ETF,513100.XSHG,0.912,5600.0,31100,156.29,0.0,2023-03-31,2023-03,"纳指ETF
513100.XSHG"
2023-03-31 14:15:00,止盈,500ETF,510500.XSHG,6.359,800.0,6801,148.29,1.0,2023-03-31,2023-03,"500ETF
510500.XSHG"
2023-04-03 09:54:00,止盈,创业板ETF易方达,159915.XSHE,2.346,2100.0,25100,146.51,7.0,2023-04-03,2023-04,"创业板ETF易方达
159915.XSHE"
2023-04-03 13:06:00,止盈,1000ETF,512100.XSHG,2.764,1800.0,11462,147.1,0.0,2023-04-03,2023-04,"1000ETF
512100.XSHG"
2023-04-21 14:31:00,加仓,创业板ETF易方达,159915.XSHE,2.275,2100.0,27200,,8.0,2023-04-21,2023-04,"创业板ETF易方达
159915.XSHE"
2023-04-24 14:17:00,加仓,1000ETF,512100.XSHG,2.681,1800.0,13262,,1.0,2023-04-24,2023-04,"1000ETF
512100.XSHG"
2023-04-25 09:55:00,加仓,创业板ETF易方达,159915.XSHE,2.206,2100.0,29300,,9.0,2023-04-25,2023-04,"创业板ETF易方达
159915.XSHE"
2023-04-25 10:21:00,加仓,500ETF,510500.XSHG,6.167,700.0,7501,,2.0,2023-04-25,2023-04,"500ETF
510500.XSHG"
2023-05-04 09:31:00,止盈,黄金ETF,518880.XSHG,4.41,1100.0,6300,152.41,-4.0,2023-05-04,2023-05,"黄金ETF
518880.XSHG"
2023-05-11 09:31:00,止盈,纳指ETF,513100.XSHG,0.94,5400.0,25700,150.69,-1.0,2023-05-11,2023-05,"纳指ETF
513100.XSHG"
2023-05-15 10:25:00,加仓,1000ETF,512100.XSHG,2.6,1800.0,15062,,2.0,2023-05-15,2023-05,"1000ETF
512100.XSHG"
2023-05-18 13:17:00,止盈,纳指ETF,513100.XSHG,0.969,5300.0,20400,153.19,-2.0,2023-05-18,2023-05,"纳指ETF
513100.XSHG"
2023-05-23 11:17:00,止盈,纳指ETF,513100.XSHG,1.0,5100.0,15300,157.59,-3.0,2023-05-23,2023-05,"纳指ETF
513100.XSHG"
2023-05-25 11:23:00,加仓,500ETF,510500.XSHG,5.98,800.0,8301,,3.0,2023-05-25,2023-05,"500ETF
510500.XSHG"
2023-05-29 09:47:00,止盈,纳指ETF,513100.XSHG,1.03,5000.0,10300,149.49,-4.0,2023-05-29,2023-05,"纳指ETF
513100.XSHG"
2023-05-29 11:01:00,加仓,创业板ETF易方达,159915.XSHE,2.138,2200.0,31500,,10.0,2023-05-29,2023-05,"创业板ETF易方达
159915.XSHE"
2023-06-02 11:01:00,止盈,500ETF,510500.XSHG,6.16,800.0,7501,143.51,2.0,2023-06-02,2023-06,"500ETF
510500.XSHG"
2023-06-13 09:31:00,止盈,纳指ETF,513100.XSHG,1.079,4800.0,5500,234.68,-5.0,2023-06-13,2023-06,"纳指ETF
513100.XSHG"
2023-06-16 13:22:00,止盈,创业板ETF易方达,159915.XSHE,2.203,2300.0,29200,148.99,9.0,2023-06-16,2023-06,"创业板ETF易方达
159915.XSHE"
2023-06-19 09:32:00,止盈,1000ETF,512100.XSHG,2.68,1900.0,13162,151.49,1.0,2023-06-19,2023-06,"1000ETF
512100.XSHG"
2023-06-26 09:52:00,加仓,创业板ETF易方达,159915.XSHE,2.136,2200.0,31400,,10.0,2023-06-26,2023-06,"创业板ETF易方达
159915.XSHE"
2023-06-26 10:21:00,加仓,1000ETF,512100.XSHG,2.599,1800.0,14962,,2.0,2023-06-26,2023-06,"1000ETF
512100.XSHG"
2023-06-26 10:42:00,加仓,500ETF,510500.XSHG,5.975,800.0,8301,,3.0,2023-06-26,2023-06,"500ETF
510500.XSHG"
2023-07-03 09:31:00,破顶-提前,纳指ETF,513100.XSHG,1.116,,44800,,-5.0,2023-07-03,2023-07,"纳指ETF
513100.XSHG"
2023-07-19 09:31:00,止盈,纳指ETF,513100.XSHG,1.153,4400.0,40400,162.29,-1.0,2023-07-19,2023-07,"纳指ETF
513100.XSHG"
2023-07-28 14:20:00,止盈,500ETF,510500.XSHG,6.156,800.0,7501,144.31,2.0,2023-07-28,2023-07,"500ETF
510500.XSHG"
2023-08-03 14:54:00,加仓,纳指ETF,513100.XSHG,1.118,4300.0,44700,,0.0,2023-08-03,2023-08,"纳指ETF
513100.XSHG"
2023-08-04 09:31:00,止盈,创业板ETF易方达,159915.XSHE,2.21,2300.0,29100,169.69,9.0,2023-08-04,2023-08,"创业板ETF易方达
159915.XSHE"
2023-08-11 14:29:00,加仓,创业板ETF易方达,159915.XSHE,2.143,2200.0,31300,,10.0,2023-08-11,2023-08,"创业板ETF易方达
159915.XSHE"
2023-08-14 09:31:00,加仓,1000ETF,512100.XSHG,2.52,1900.0,16862,,3.0,2023-08-14,2023-08,"1000ETF
512100.XSHG"
2023-08-14 09:36:00,加仓,500ETF,510500.XSHG,5.971,800.0,8301,,3.0,2023-08-14,2023-08,"500ETF
510500.XSHG"
2023-08-18 10:31:00,加仓,纳指ETF,513100.XSHG,1.084,4400.0,49100,,1.0,2023-08-18,2023-08,"纳指ETF
513100.XSHG"
2023-08-21 14:33:00,加仓,1000ETF,512100.XSHG,2.444,1900.0,18762,,4.0,2023-08-21,2023-08,"1000ETF
512100.XSHG"
2023-08-22 11:11:00,加仓,500ETF,510500.XSHG,5.791,800.0,9101,,4.0,2023-08-22,2023-08,"500ETF
510500.XSHG"
2023-08-24 09:31:00,止盈,纳指ETF,513100.XSHG,1.13,4600.0,44500,211.08,0.0,2023-08-24,2023-08,"纳指ETF
513100.XSHG"
2023-08-25 09:31:00,加仓,纳指ETF,513100.XSHG,1.096,4400.0,48900,,1.0,2023-08-25,2023-08,"纳指ETF
513100.XSHG"
2023-08-25 13:48:00,加仓,1000ETF,512100.XSHG,2.368,2000.0,20762,,5.0,2023-08-25,2023-08,"1000ETF
512100.XSHG"
2023-08-28 09:31:00,止盈,500ETF,510500.XSHG,5.974,800.0,8301,145.92,3.0,2023-08-28,2023-08,"500ETF
510500.XSHG"
2023-08-28 09:31:00,止盈,1000ETF,512100.XSHG,2.501,2100.0,18662,278.77,4.0,2023-08-28,2023-08,"1000ETF
512100.XSHG"
2023-08-28 10:24:00,加仓,1000ETF,512100.XSHG,2.425,1900.0,20562,,5.0,2023-08-28,2023-08,"1000ETF
512100.XSHG"
2023-08-28 13:13:00,加仓,500ETF,510500.XSHG,5.793,800.0,9101,,4.0,2023-08-28,2023-08,"500ETF
510500.XSHG"
2023-08-30 09:31:00,止盈,纳指ETF,513100.XSHG,1.135,4500.0,44400,174.99,0.0,2023-08-30,2023-08,"纳指ETF
513100.XSHG"
2023-09-11 10:12:00,止盈,黄金ETF,518880.XSHG,4.544,1100.0,5200,146.9,-5.0,2023-09-11,2023-09,"黄金ETF
518880.XSHG"
2023-09-12 11:09:00,止盈,1000ETF,512100.XSHG,2.498,2000.0,18562,145.5,4.0,2023-09-12,2023-09,"1000ETF
512100.XSHG"
2023-09-19 10:05:00,加仓,1000ETF,512100.XSHG,2.423,2000.0,20562,,5.0,2023-09-19,2023-09,"1000ETF
512100.XSHG"
2023-09-21 13:28:00,加仓,纳指ETF,513100.XSHG,1.1,4400.0,48800,,1.0,2023-09-21,2023-09,"纳指ETF
513100.XSHG"
2023-10-09 09:31:00,加仓,黄金ETF,518880.XSHG,4.403,1100.0,6300,,-4.0,2023-10-09,2023-10,"黄金ETF
518880.XSHG"
2023-10-18 14:21:00,加仓,500ETF,510500.XSHG,5.619,800.0,9901,,5.0,2023-10-18,2023-10,"500ETF
510500.XSHG"
2023-10-19 09:31:00,止盈,黄金ETF,518880.XSHG,4.548,1100.0,5200,159.0,-5.0,2023-10-19,2023-10,"黄金ETF
518880.XSHG"
2023-10-19 14:49:00,加仓,1000ETF,512100.XSHG,2.349,2000.0,22562,,6.0,2023-10-19,2023-10,"1000ETF
512100.XSHG"
2023-10-23 09:50:00,加仓,500ETF,510500.XSHG,5.447,800.0,10701,,6.0,2023-10-23,2023-10,"500ETF
510500.XSHG"
2023-10-23 13:46:00,加仓,1000ETF,512100.XSHG,2.278,2100.0,24662,,7.0,2023-10-23,2023-10,"1000ETF
512100.XSHG"
2023-10-26 09:31:00,加仓,纳指ETF,513100.XSHG,1.053,4500.0,53300,,2.0,2023-10-26,2023-10,"纳指ETF
513100.XSHG"
2023-10-27 10:21:00,止盈,1000ETF,512100.XSHG,2.348,2100.0,22562,146.51,6.0,2023-10-27,2023-10,"1000ETF
512100.XSHG"
2023-10-27 14:09:00,止盈,500ETF,510500.XSHG,5.611,900.0,9801,147.1,5.0,2023-10-27,2023-10,"500ETF
510500.XSHG"
2023-10-30 14:17:00,止盈,1000ETF,512100.XSHG,2.419,2100.0,20462,148.59,5.0,2023-10-30,2023-10,"1000ETF
512100.XSHG"
2023-11-02 09:31:00,止盈,纳指ETF,513100.XSHG,1.09,4700.0,48600,173.39,1.0,2023-11-02,2023-11,"纳指ETF
513100.XSHG"
2023-11-08 11:03:00,止盈,纳指ETF,513100.XSHG,1.123,4500.0,44100,147.99,0.0,2023-11-08,2023-11,"纳指ETF
513100.XSHG"
2023-11-14 09:46:00,止盈,1000ETF,512100.XSHG,2.492,2000.0,18462,145.5,4.0,2023-11-14,2023-11,"1000ETF
512100.XSHG"
2023-11-15 09:31:00,止盈,纳指ETF,513100.XSHG,1.165,4400.0,39700,184.29,-1.0,2023-11-15,2023-11,"纳指ETF
513100.XSHG"
2023-11-15 09:38:00,止盈,500ETF,510500.XSHG,5.78,800.0,9001,134.74,4.0,2023-11-15,2023-11,"500ETF
510500.XSHG"
2023-11-30 13:57:00,加仓,500ETF,510500.XSHG,5.606,800.0,9801,,5.0,2023-11-30,2023-11,"500ETF
510500.XSHG"
2023-12-05 14:51:00,加仓,1000ETF,512100.XSHG,2.417,2000.0,20462,,5.0,2023-12-05,2023-12,"1000ETF
512100.XSHG"
2023-12-14 09:31:00,止盈,纳指ETF,513100.XSHG,1.203,4200.0,35500,159.09,-2.0,2023-12-14,2023-12,"纳指ETF
513100.XSHG"
2023-12-20 11:18:00,加仓,1000ETF,512100.XSHG,2.344,2000.0,22462,,6.0,2023-12-20,2023-12,"1000ETF
512100.XSHG"
2023-12-20 13:10:00,加仓,500ETF,510500.XSHG,5.437,800.0,10601,,6.0,2023-12-20,2023-12,"500ETF
510500.XSHG"
2023-12-26 13:25:00,加仓,1000ETF,512100.XSHG,2.272,2100.0,24562,,7.0,2023-12-26,2023-12,"1000ETF
512100.XSHG"
2023-12-28 09:56:00,破顶-提前,黄金ETF,518880.XSHG,4.686,,10600,,-5.0,2023-12-28,2023-12,"黄金ETF
518880.XSHG"
2023-12-28 13:40:00,止盈,1000ETF,512100.XSHG,2.343,2200.0,22362,155.68,6.0,2023-12-28,2023-12,"1000ETF
512100.XSHG"
2024-01-08 09:31:00,加仓,1000ETF,512100.XSHG,2.271,2100.0,24462,,7.0,2024-01-08,2024-01,"1000ETF
512100.XSHG"
2024-01-08 13:44:00,加仓,500ETF,510500.XSHG,5.272,900.0,11501,,7.0,2024-01-08,2024-01,"500ETF
510500.XSHG"
2024-01-10 09:40:00,加仓,1000ETF,512100.XSHG,2.201,2200.0,26662,,8.0,2024-01-10,2024-01,"1000ETF
512100.XSHG"
2024-01-11 13:48:00,止盈,1000ETF,512100.XSHG,2.268,2200.0,24462,146.9,7.0,2024-01-11,2024-01,"1000ETF
512100.XSHG"
2024-01-17 13:26:00,加仓,1000ETF,512100.XSHG,2.199,2200.0,26662,,8.0,2024-01-17,2024-01,"1000ETF
512100.XSHG"
2024-01-18 09:33:00,加仓,500ETF,510500.XSHG,5.112,900.0,12401,,8.0,2024-01-18,2024-01,"500ETF
510500.XSHG"
2024-01-18 10:11:00,加仓,1000ETF,512100.XSHG,2.133,2200.0,28862,,9.0,2024-01-18,2024-01,"1000ETF
512100.XSHG"
2024-01-19 09:39:00,止盈,纳指ETF,513100.XSHG,1.24,4100.0,31400,151.19,-3.0,2024-01-19,2024-01,"纳指ETF
513100.XSHG"
2024-01-22 13:04:00,加仓,1000ETF,512100.XSHG,2.068,2300.0,31162,,10.0,2024-01-22,2024-01,"1000ETF
512100.XSHG"
2024-01-22 13:20:00,加仓,500ETF,510500.XSHG,4.957,900.0,13301,,9.0,2024-01-22,2024-01,"500ETF
510500.XSHG"
2024-01-22 13:27:00,止盈,纳指ETF,513100.XSHG,1.278,4000.0,27400,151.49,-4.0,2024-01-22,2024-01,"纳指ETF
513100.XSHG"
2024-01-23 09:32:00,加仓,500ETF,510500.XSHG,4.807,1000.0,14301,,10.0,2024-01-23,2024-01,"500ETF
510500.XSHG"
2024-01-23 13:24:00,止盈,500ETF,510500.XSHG,4.955,1000.0,13301,147.5,9.0,2024-01-23,2024-01,"500ETF
510500.XSHG"
2024-01-25 10:38:00,止盈,500ETF,510500.XSHG,5.105,1000.0,12301,149.49,8.0,2024-01-25,2024-01,"500ETF
510500.XSHG"
2024-01-25 13:16:00,止盈,1000ETF,512100.XSHG,2.131,2400.0,28762,150.69,9.0,2024-01-25,2024-01,"1000ETF
512100.XSHG"
2024-01-29 13:25:00,加仓,1000ETF,512100.XSHG,2.067,2300.0,31062,,10.0,2024-01-29,2024-01,"1000ETF
512100.XSHG"
2024-01-30 14:20:00,加仓,500ETF,510500.XSHG,4.95,900.0,13201,,9.0,2024-01-30,2024-01,"500ETF
510500.XSHG"
2024-01-31 10:26:00,加仓,500ETF,510500.XSHG,4.8,1000.0,14201,,10.0,2024-01-31,2024-01,"500ETF
510500.XSHG"
2024-02-07 09:33:00,止盈,500ETF,510500.XSHG,4.972,1000.0,13201,171.5,9.0,2024-02-07,2024-02,"500ETF
510500.XSHG"
2024-02-07 10:18:00,止盈,500ETF,510500.XSHG,5.124,1000.0,12201,151.49,8.0,2024-02-07,2024-02,"500ETF
510500.XSHG"
2024-02-08 09:31:00,止盈,500ETF,510500.XSHG,5.281,900.0,11301,140.82,7.0,2024-02-08,2024-02,"500ETF
510500.XSHG"
2024-02-08 10:16:00,止盈,500ETF,510500.XSHG,5.446,900.0,10401,148.01,6.0,2024-02-08,2024-02,"500ETF
510500.XSHG"
2024-02-08 13:16:00,加仓,500ETF,510500.XSHG,5.273,900.0,11301,,7.0,2024-02-08,2024-02,"500ETF
510500.XSHG"
2024-02-23 09:31:00,止盈,纳指ETF,513100.XSHG,1.322,3900.0,23500,171.08,-5.0,2024-02-23,2024-02,"纳指ETF
513100.XSHG"
2024-02-26 13:25:00,止盈,1000ETF,512100.XSHG,2.13,2400.0,28662,150.69,9.0,2024-02-26,2024-02,"1000ETF
512100.XSHG"
2024-02-28 09:42:00,止盈,500ETF,510500.XSHG,5.434,900.0,10401,144.41,6.0,2024-02-28,2024-02,"500ETF
510500.XSHG"
2024-02-28 09:49:00,止盈,1000ETF,512100.XSHG,2.194,2300.0,26362,146.7,8.0,2024-02-28,2024-02,"1000ETF
512100.XSHG"
2024-02-28 11:16:00,加仓,1000ETF,512100.XSHG,2.126,2200.0,28562,,9.0,2024-02-28,2024-02,"1000ETF
512100.XSHG"
2024-02-28 14:55:00,加仓,500ETF,510500.XSHG,5.27,900.0,11301,,7.0,2024-02-28,2024-02,"500ETF
510500.XSHG"
2024-02-29 14:52:00,止盈,500ETF,510500.XSHG,5.431,900.0,10401,144.41,6.0,2024-02-29,2024-02,"500ETF
510500.XSHG"
2024-03-07 09:31:00,止盈,黄金ETF,518880.XSHG,4.847,1000.0,9600,160.52,-1.0,2024-03-07,2024-03,"黄金ETF
518880.XSHG"
2024-03-11 14:35:00,止盈,1000ETF,512100.XSHG,2.19,2300.0,26262,146.7,8.0,2024-03-11,2024-03,"1000ETF
512100.XSHG"
2024-03-18 13:43:00,止盈,1000ETF,512100.XSHG,2.256,2200.0,24062,144.7,7.0,2024-03-18,2024-03,"1000ETF
512100.XSHG"
2024-03-18 14:27:00,止盈,500ETF,510500.XSHG,5.594,900.0,9501,146.2,5.0,2024-03-18,2024-03,"500ETF
510500.XSHG"
2024-03-25 09:37:00,加仓,500ETF,510500.XSHG,5.426,800.0,10301,,6.0,2024-03-25,2024-03,"500ETF
510500.XSHG"
2024-03-26 09:50:00,加仓,1000ETF,512100.XSHG,2.187,2200.0,26262,,8.0,2024-03-26,2024-03,"1000ETF
512100.XSHG"
2024-03-27 14:43:00,加仓,500ETF,510500.XSHG,5.263,900.0,11201,,7.0,2024-03-27,2024-03,"500ETF
510500.XSHG"
2024-03-27 14:54:00,加仓,1000ETF,512100.XSHG,2.12,2200.0,28462,,9.0,2024-03-27,2024-03,"1000ETF
512100.XSHG"
2024-03-28 09:31:00,止盈,黄金ETF,518880.XSHG,5.0,1000.0,8600,152.5,-2.0,2024-03-28,2024-03,"黄金ETF
518880.XSHG"
2024-03-28 11:23:00,止盈,1000ETF,512100.XSHG,2.184,2300.0,26162,146.7,8.0,2024-03-28,2024-03,"1000ETF
512100.XSHG"
2024-04-01 09:31:00,止盈,黄金ETF,518880.XSHG,5.173,1000.0,7600,172.48,-3.0,2024-04-01,2024-04,"黄金ETF
518880.XSHG"
2024-04-01 09:34:00,止盈,500ETF,510500.XSHG,5.426,900.0,10301,146.21,6.0,2024-04-01,2024-04,"500ETF
510500.XSHG"
2024-04-08 09:56:00,止盈,黄金ETF,518880.XSHG,5.332,900.0,6700,142.62,-4.0,2024-04-08,2024-04,"黄金ETF
518880.XSHG"
2024-04-12 14:46:00,止盈,黄金ETF,518880.XSHG,5.492,900.0,5800,143.51,-5.0,2024-04-12,2024-04,"黄金ETF
518880.XSHG"
2024-04-15 09:46:00,加仓,1000ETF,512100.XSHG,2.112,2200.0,28362,,9.0,2024-04-15,2024-04,"1000ETF
512100.XSHG"
2024-04-16 14:34:00,加仓,1000ETF,512100.XSHG,2.047,2300.0,30662,,10.0,2024-04-16,2024-04,"1000ETF
512100.XSHG"
2024-04-17 10:50:00,止盈,1000ETF,512100.XSHG,2.109,2400.0,28262,148.29,9.0,2024-04-17,2024-04,"1000ETF
512100.XSHG"
2024-04-18 09:31:00,加仓,纳指ETF,513100.XSHG,1.281,3700.0,27200,,-4.0,2024-04-18,2024-04,"纳指ETF
513100.XSHG"
2024-04-23 09:31:00,加仓,黄金ETF,518880.XSHG,5.319,900.0,6700,,-4.0,2024-04-23,2024-04,"黄金ETF
518880.XSHG"
2024-04-26 13:05:00,止盈,1000ETF,512100.XSHG,2.173,2300.0,25962,146.7,8.0,2024-04-26,2024-04,"1000ETF
512100.XSHG"
2024-05-06 09:31:00,止盈,500ETF,510500.XSHG,5.612,900.0,9401,166.89,5.0,2024-05-06,2024-05,"500ETF
510500.XSHG"
2024-05-06 09:31:00,止盈,1000ETF,512100.XSHG,2.245,2300.0,23662,165.08,7.0,2024-05-06,2024-05,"1000ETF
512100.XSHG"
2024-05-10 09:32:00,止盈,纳指ETF,513100.XSHG,1.32,3900.0,23300,151.59,-5.0,2024-05-10,2024-05,"纳指ETF
513100.XSHG"
2024-05-17 09:31:00,加仓,500ETF,510500.XSHG,5.438,800.0,10201,,6.0,2024-05-17,2024-05,"500ETF
510500.XSHG"
2024-05-20 09:31:00,止盈,黄金ETF,518880.XSHG,5.524,900.0,5800,184.0,-5.0,2024-05-20,2024-05,"黄金ETF
518880.XSHG"
2024-05-21 09:31:00,破顶-提前,纳指ETF,513100.XSHG,1.365,,36600,,-5.0,2024-05-21,2024-05,"纳指ETF
513100.XSHG"
2024-05-23 09:32:00,加仓,黄金ETF,518880.XSHG,5.354,900.0,6700,,-4.0,2024-05-23,2024-05,"黄金ETF
518880.XSHG"
2024-05-23 13:47:00,加仓,1000ETF,512100.XSHG,2.177,2200.0,25862,,8.0,2024-05-23,2024-05,"1000ETF
512100.XSHG"
2024-06-03 13:20:00,加仓,500ETF,510500.XSHG,5.274,900.0,11101,,7.0,2024-06-03,2024-06,"500ETF
510500.XSHG"
2024-06-06 09:58:00,加仓,1000ETF,512100.XSHG,2.109,2200.0,28062,,9.0,2024-06-06,2024-06,"1000ETF
512100.XSHG"
2024-06-12 09:31:00,止盈,纳指ETF,513100.XSHG,1.408,3600.0,33000,154.29,-1.0,2024-06-12,2024-06,"纳指ETF
513100.XSHG"
2024-06-18 09:31:00,止盈,纳指ETF,513100.XSHG,1.457,3500.0,29500,170.99,-2.0,2024-06-18,2024-06,"纳指ETF
513100.XSHG"
2024-06-20 14:35:00,加仓,1000ETF,512100.XSHG,2.045,2300.0,30362,,10.0,2024-06-20,2024-06,"1000ETF
512100.XSHG"
2024-06-24 09:37:00,加仓,500ETF,510500.XSHG,5.112,900.0,12001,,8.0,2024-06-24,2024-06,"500ETF
510500.XSHG"
2024-07-03 10:57:00,止盈,纳指ETF,513100.XSHG,1.501,3400.0,26100,149.09,-3.0,2024-07-03,2024-07,"纳指ETF
513100.XSHG"
2024-07-04 10:05:00,加仓,500ETF,510500.XSHG,4.958,900.0,12901,,9.0,2024-07-04,2024-07,"500ETF
510500.XSHG"
2024-07-08 09:31:00,止盈,纳指ETF,513100.XSHG,1.547,3300.0,22800,151.29,-4.0,2024-07-08,2024-07,"纳指ETF
513100.XSHG"
2024-07-12 09:33:00,加仓,纳指ETF,513100.XSHG,1.498,3200.0,26000,,-3.0,2024-07-12,2024-07,"纳指ETF
513100.XSHG"
2024-07-16 09:31:00,止盈,纳指ETF,513100.XSHG,1.544,3300.0,22700,151.29,-4.0,2024-07-16,2024-07,"纳指ETF
513100.XSHG"
2024-07-17 09:31:00,止盈,黄金ETF,518880.XSHG,5.6,900.0,5800,220.9,-5.0,2024-07-17,2024-07,"黄金ETF
518880.XSHG"
2024-07-18 09:31:00,加仓,纳指ETF,513100.XSHG,1.467,3200.0,25900,,-3.0,2024-07-18,2024-07,"纳指ETF
513100.XSHG"
2024-07-19 14:10:00,加仓,黄金ETF,518880.XSHG,5.428,800.0,6600,,-4.0,2024-07-19,2024-07,"黄金ETF
518880.XSHG"
2024-07-23 14:43:00,加仓,500ETF,510500.XSHG,4.807,1000.0,13901,,10.0,2024-07-23,2024-07,"500ETF
510500.XSHG"
2024-07-25 09:31:00,加仓,纳指ETF,513100.XSHG,1.41,3400.0,29300,,-2.0,2024-07-25,2024-07,"纳指ETF
513100.XSHG"
2024-07-31 13:27:00,止盈,500ETF,510500.XSHG,4.952,1000.0,12901,144.5,9.0,2024-07-31,2024-07,"500ETF
510500.XSHG"
2024-08-01 09:31:00,止盈,纳指ETF,513100.XSHG,1.465,3500.0,25800,191.99,-3.0,2024-08-01,2024-08,"纳指ETF
513100.XSHG"
2024-08-02 09:31:00,加仓,纳指ETF,513100.XSHG,1.411,3400.0,29200,,-2.0,2024-08-02,2024-08,"纳指ETF
513100.XSHG"
2024-08-05 09:31:00,加仓,纳指ETF,513100.XSHG,1.331,3500.0,32700,,-1.0,2024-08-05,2024-08,"纳指ETF
513100.XSHG"
2024-08-05 13:26:00,加仓,纳指ETF,513100.XSHG,1.291,3700.0,36400,,0.0,2024-08-05,2024-08,"纳指ETF
513100.XSHG"
2024-08-05 13:36:00,加仓,500ETF,510500.XSHG,4.799,1000.0,13901,,10.0,2024-08-05,2024-08,"500ETF
510500.XSHG"
2024-08-06 09:31:00,止盈,纳指ETF,513100.XSHG,1.336,3800.0,32600,170.49,-1.0,2024-08-06,2024-08,"纳指ETF
513100.XSHG"
2024-08-13 14:40:00,止盈,纳指ETF,513100.XSHG,1.377,3700.0,28900,151.19,-2.0,2024-08-13,2024-08,"纳指ETF
513100.XSHG"
2024-08-15 09:36:00,止盈,纳指ETF,513100.XSHG,1.419,3600.0,25300,150.69,-3.0,2024-08-15,2024-08,"纳指ETF
513100.XSHG"
2024-08-16 09:31:00,止盈,纳指ETF,513100.XSHG,1.463,3500.0,21800,153.49,-4.0,2024-08-16,2024-08,"纳指ETF
513100.XSHG"
2024-08-29 09:31:00,加仓,纳指ETF,513100.XSHG,1.41,3400.0,25200,,-3.0,2024-08-29,2024-08,"纳指ETF
513100.XSHG"
2024-09-04 13:04:00,加仓,纳指ETF,513100.XSHG,1.367,3500.0,28700,,-2.0,2024-09-04,2024-09,"纳指ETF
513100.XSHG"
2024-09-12 09:31:00,止盈,纳指ETF,513100.XSHG,1.414,3600.0,25100,168.69,-3.0,2024-09-12,2024-09,"纳指ETF
513100.XSHG"
2024-09-13 09:31:00,止盈,黄金ETF,518880.XSHG,5.613,900.0,5700,165.99,-5.0,2024-09-13,2024-09,"黄金ETF
518880.XSHG"
2024-09-20 10:03:00,止盈,纳指ETF,513100.XSHG,1.457,3500.0,21600,149.99,-4.0,2024-09-20,2024-09,"纳指ETF
513100.XSHG"
2024-09-26 13:34:00,止盈,500ETF,510500.XSHG,4.945,1000.0,12901,145.51,9.0,2024-09-26,2024-09,"500ETF
510500.XSHG"
2024-09-27 09:31:00,止盈,500ETF,510500.XSHG,5.146,1000.0,11901,200.49,8.0,2024-09-27,2024-09,"500ETF
510500.XSHG"
2024-09-27 11:20:00,止盈,1000ETF,512100.XSHG,2.111,2400.0,27962,157.89,9.0,2024-09-27,2024-09,"1000ETF
512100.XSHG"
2024-09-27 11:21:00,止盈,500ETF,510500.XSHG,5.318,900.0,11001,154.32,7.0,2024-09-27,2024-09,"500ETF
510500.XSHG"
2024-09-27 13:07:00,止盈,500ETF,510500.XSHG,5.492,900.0,10101,156.11,6.0,2024-09-27,2024-09,"500ETF
510500.XSHG"
2024-09-27 13:08:00,加仓,纳指ETF,513100.XSHG,1.411,3400.0,25000,,-3.0,2024-09-27,2024-09,"纳指ETF
513100.XSHG"
2024-09-27 13:40:00,加仓,500ETF,510500.XSHG,5.316,900.0,11001,,7.0,2024-09-27,2024-09,"500ETF
510500.XSHG"
2024-09-27 14:41:00,止盈,500ETF,510500.XSHG,5.477,900.0,10101,144.41,6.0,2024-09-27,2024-09,"500ETF
510500.XSHG"
2024-09-30 09:31:00,止盈,500ETF,510500.XSHG,5.787,900.0,9201,278.48,5.0,2024-09-30,2024-09,"500ETF
510500.XSHG"
2024-09-30 09:31:00,止盈,1000ETF,512100.XSHG,2.26,2300.0,25662,342.18,8.0,2024-09-30,2024-09,"1000ETF
512100.XSHG"
2024-09-30 09:41:00,加仓,500ETF,510500.XSHG,5.599,800.0,10001,,6.0,2024-09-30,2024-09,"500ETF
510500.XSHG"
2024-09-30 09:50:00,加仓,1000ETF,512100.XSHG,2.192,2200.0,27862,,9.0,2024-09-30,2024-09,"1000ETF
512100.XSHG"
2024-09-30 10:47:00,止盈,1000ETF,512100.XSHG,2.258,2200.0,25662,144.7,8.0,2024-09-30,2024-09,"1000ETF
512100.XSHG"
2024-09-30 10:54:00,止盈,500ETF,510500.XSHG,5.775,800.0,9201,140.34,5.0,2024-09-30,2024-09,"500ETF
510500.XSHG"
2024-09-30 13:11:00,止盈,1000ETF,512100.XSHG,2.327,2200.0,23462,151.29,7.0,2024-09-30,2024-09,"1000ETF
512100.XSHG"
2024-09-30 13:37:00,止盈,500ETF,510500.XSHG,5.949,800.0,8401,138.72,4.0,2024-09-30,2024-09,"500ETF
510500.XSHG"
2024-09-30 13:57:00,止盈,创业板ETF易方达,159915.XSHE,2.209,2300.0,29000,151.29,9.0,2024-09-30,2024-09,"创业板ETF易方达
159915.XSHE"
2024-09-30 14:24:00,加仓,创业板ETF易方达,159915.XSHE,2.127,2200.0,31200,,10.0,2024-09-30,2024-09,"创业板ETF易方达
159915.XSHE"
2024-09-30 14:46:00,止盈,创业板ETF易方达,159915.XSHE,2.191,2300.0,28900,146.7,9.0,2024-09-30,2024-09,"创业板ETF易方达
159915.XSHE"
2024-10-08 09:31:00,止盈,500ETF,510500.XSHG,6.595,800.0,7601,516.27,3.0,2024-10-08,2024-10,"500ETF
510500.XSHG"
2024-10-08 09:31:00,止盈,1000ETF,512100.XSHG,2.628,2100.0,21362,631.55,6.0,2024-10-08,2024-10,"1000ETF
512100.XSHG"
2024-10-08 09:31:00,止盈,创业板ETF易方达,159915.XSHE,2.678,2200.0,26700,1070.81,8.0,2024-10-08,2024-10,"创业板ETF易方达
159915.XSHE"
2024-10-08 09:41:00,加仓,1000ETF,512100.XSHG,2.547,1900.0,23262,,7.0,2024-10-08,2024-10,"1000ETF
512100.XSHG"
2024-10-08 09:43:00,加仓,创业板ETF易方达,159915.XSHE,2.556,1800.0,28500,,9.0,2024-10-08,2024-10,"创业板ETF易方达
159915.XSHE"
2024-10-08 09:47:00,加仓,500ETF,510500.XSHG,6.394,700.0,8301,,4.0,2024-10-08,2024-10,"500ETF
510500.XSHG"
2024-10-08 10:32:00,加仓,500ETF,510500.XSHG,6.202,700.0,9001,,5.0,2024-10-08,2024-10,"500ETF
510500.XSHG"
2024-10-08 10:34:00,加仓,1000ETF,512100.XSHG,2.465,1900.0,25162,,8.0,2024-10-08,2024-10,"1000ETF
512100.XSHG"
2024-10-08 10:34:00,加仓,创业板ETF易方达,159915.XSHE,2.471,1900.0,30400,,10.0,2024-10-08,2024-10,"创业板ETF易方达
159915.XSHE"
2024-10-08 10:38:00,加仓,500ETF,510500.XSHG,6.007,800.0,9801,,6.0,2024-10-08,2024-10,"500ETF
510500.XSHG"
2024-10-08 10:43:00,止盈,500ETF,510500.XSHG,6.202,800.0,9001,155.5,5.0,2024-10-08,2024-10,"500ETF
510500.XSHG"
2024-10-08 11:17:00,止盈,1000ETF,512100.XSHG,2.547,2000.0,23162,163.49,7.0,2024-10-08,2024-10,"1000ETF
512100.XSHG"
2024-10-08 11:18:00,止盈,创业板ETF易方达,159915.XSHE,2.561,2000.0,28400,179.49,9.0,2024-10-08,2024-10,"创业板ETF易方达
159915.XSHE"
2024-10-08 13:22:00,加仓,创业板ETF易方达,159915.XSHE,2.461,1900.0,30300,,10.0,2024-10-08,2024-10,"创业板ETF易方达
159915.XSHE"
2024-10-08 13:25:00,加仓,1000ETF,512100.XSHG,2.467,1900.0,25062,,8.0,2024-10-08,2024-10,"1000ETF
512100.XSHG"
2024-10-08 14:26:00,止盈,创业板ETF易方达,159915.XSHE,2.536,2000.0,28300,149.49,9.0,2024-10-08,2024-10,"创业板ETF易方达
159915.XSHE"
2024-10-08 14:35:00,止盈,创业板ETF易方达,159915.XSHE,2.614,1900.0,26400,147.7,8.0,2024-10-08,2024-10,"创业板ETF易方达
159915.XSHE"
2024-10-08 14:39:00,止盈,1000ETF,512100.XSHG,2.545,2000.0,23062,155.49,7.0,2024-10-08,2024-10,"1000ETF
512100.XSHG"
2024-10-09 09:31:00,加仓,1000ETF,512100.XSHG,2.424,1900.0,24962,,8.0,2024-10-09,2024-10,"1000ETF
512100.XSHG"
2024-10-09 09:31:00,加仓,创业板ETF易方达,159915.XSHE,2.389,1900.0,28300,,9.0,2024-10-09,2024-10,"创业板ETF易方达
159915.XSHE"
2024-10-09 09:32:00,加仓,500ETF,510500.XSHG,5.986,800.0,9801,,6.0,2024-10-09,2024-10,"500ETF
510500.XSHG"
2024-10-09 09:32:00,加仓,创业板ETF易方达,159915.XSHE,2.271,2000.0,30300,,10.0,2024-10-09,2024-10,"创业板ETF易方达
159915.XSHE"
2024-10-09 09:34:00,止盈,创业板ETF易方达,159915.XSHE,2.35,2200.0,28100,173.28,9.0,2024-10-09,2024-10,"创业板ETF易方达
159915.XSHE"
2024-10-09 09:51:00,止盈,创业板ETF易方达,159915.XSHE,2.43,2100.0,26000,167.49,8.0,2024-10-09,2024-10,"创业板ETF易方达
159915.XSHE"
2024-10-09 09:52:00,止盈,500ETF,510500.XSHG,6.171,800.0,9001,147.51,5.0,2024-10-09,2024-10,"500ETF
510500.XSHG"
2024-10-09 10:11:00,加仓,创业板ETF易方达,159915.XSHE,2.35,2000.0,28000,,9.0,2024-10-09,2024-10,"创业板ETF易方达
159915.XSHE"
2024-10-09 10:35:00,加仓,500ETF,510500.XSHG,5.973,800.0,9801,,6.0,2024-10-09,2024-10,"500ETF
510500.XSHG"
2024-10-09 11:11:00,加仓,创业板ETF易方达,159915.XSHE,2.279,2100.0,30100,,10.0,2024-10-09,2024-10,"创业板ETF易方达
159915.XSHE"
2024-10-09 11:15:00,加仓,1000ETF,512100.XSHG,2.348,2000.0,26962,,9.0,2024-10-09,2024-10,"1000ETF
512100.XSHG"
2024-10-09 11:21:00,加仓,500ETF,510500.XSHG,5.792,800.0,10601,,7.0,2024-10-09,2024-10,"500ETF
510500.XSHG"
2024-10-09 13:02:00,止盈,500ETF,510500.XSHG,5.991,800.0,9801,158.72,6.0,2024-10-09,2024-10,"500ETF
510500.XSHG"
2024-10-09 13:02:00,止盈,创业板ETF易方达,159915.XSHE,2.361,2100.0,28000,171.7,9.0,2024-10-09,2024-10,"创业板ETF易方达
159915.XSHE"
2024-10-09 13:10:00,止盈,1000ETF,512100.XSHG,2.421,2100.0,24862,152.79,8.0,2024-10-09,2024-10,"1000ETF
512100.XSHG"
2024-10-09 13:37:00,止盈,创业板ETF易方达,159915.XSHE,2.432,2100.0,25900,148.59,8.0,2024-10-09,2024-10,"创业板ETF易方达
159915.XSHE"
2024-10-09 14:20:00,加仓,创业板ETF易方达,159915.XSHE,2.352,2000.0,27900,,9.0,2024-10-09,2024-10,"创业板ETF易方达
159915.XSHE"
2024-10-09 14:45:00,加仓,1000ETF,512100.XSHG,2.344,2000.0,26862,,9.0,2024-10-09,2024-10,"1000ETF
512100.XSHG"
2024-10-09 14:46:00,加仓,创业板ETF易方达,159915.XSHE,2.275,2100.0,30000,,10.0,2024-10-09,2024-10,"创业板ETF易方达
159915.XSHE"
2024-10-10 09:54:00,加仓,500ETF,510500.XSHG,5.806,800.0,10601,,7.0,2024-10-10,2024-10,"500ETF
510500.XSHG"
2024-10-11 09:33:00,加仓,1000ETF,512100.XSHG,2.272,2100.0,28962,,10.0,2024-10-11,2024-10,"1000ETF
512100.XSHG"
2024-10-11 10:02:00,加仓,500ETF,510500.XSHG,5.626,800.0,11401,,8.0,2024-10-11,2024-10,"500ETF
510500.XSHG"
2024-10-14 14:21:00,破顶-提前,黄金ETF,518880.XSHG,5.784,,8600,,-5.0,2024-10-14,2024-10,"黄金ETF
518880.XSHG"
2024-10-15 09:31:00,止盈,纳指ETF,513100.XSHG,1.46,3500.0,21500,170.99,-4.0,2024-10-15,2024-10,"纳指ETF
513100.XSHG"
2024-10-18 09:31:00,止盈,黄金ETF,518880.XSHG,5.961,800.0,7800,141.12,-1.0,2024-10-18,2024-10,"黄金ETF
518880.XSHG"
2024-10-18 13:19:00,止盈,1000ETF,512100.XSHG,2.341,2200.0,26762,151.28,9.0,2024-10-18,2024-10,"1000ETF
512100.XSHG"
2024-10-18 14:19:00,止盈,500ETF,510500.XSHG,5.798,800.0,10601,137.14,7.0,2024-10-18,2024-10,"500ETF
510500.XSHG"
2024-10-21 13:03:00,止盈,1000ETF,512100.XSHG,2.412,2100.0,24662,148.59,8.0,2024-10-21,2024-10,"1000ETF
512100.XSHG"
2024-10-28 10:57:00,止盈,500ETF,510500.XSHG,5.972,800.0,9801,138.72,6.0,2024-10-28,2024-10,"500ETF
510500.XSHG"
2024-10-30 14:36:00,止盈,黄金ETF,518880.XSHG,6.14,800.0,7000,142.71,-2.0,2024-10-30,2024-10,"黄金ETF
518880.XSHG"
2024-10-31 10:36:00,止盈,1000ETF,512100.XSHG,2.485,2000.0,22662,145.5,7.0,2024-10-31,2024-10,"1000ETF
512100.XSHG"
2024-11-01 10:15:00,加仓,1000ETF,512100.XSHG,2.408,2000.0,24662,,8.0,2024-11-01,2024-11,"1000ETF
512100.XSHG"
2024-11-05 09:46:00,止盈,1000ETF,512100.XSHG,2.481,2000.0,22662,145.5,7.0,2024-11-05,2024-11,"1000ETF
512100.XSHG"
2024-11-05 10:17:00,止盈,500ETF,510500.XSHG,6.155,800.0,9001,145.91,5.0,2024-11-05,2024-11,"500ETF
510500.XSHG"
2024-11-05 14:37:00,止盈,1000ETF,512100.XSHG,2.556,2000.0,20662,149.49,6.0,2024-11-05,2024-11,"1000ETF
512100.XSHG"
2024-11-07 09:31:00,止盈,纳指ETF,513100.XSHG,1.515,3400.0,18100,186.48,-5.0,2024-11-07,2024-11,"纳指ETF
513100.XSHG"
2024-11-07 09:31:00,加仓,黄金ETF,518880.XSHG,5.867,800.0,7800,,-1.0,2024-11-07,2024-11,"黄金ETF
518880.XSHG"
2024-11-07 14:40:00,止盈,500ETF,510500.XSHG,6.34,800.0,8201,147.49,4.0,2024-11-07,2024-11,"500ETF
510500.XSHG"
2024-11-08 09:31:00,止盈,创业板ETF易方达,159915.XSHE,2.355,2100.0,27900,167.51,9.0,2024-11-08,2024-11,"创业板ETF易方达
159915.XSHE"
2024-11-08 09:35:00,止盈,1000ETF,512100.XSHG,2.638,1900.0,18762,155.3,5.0,2024-11-08,2024-11,"1000ETF
512100.XSHG"
2024-11-08 14:26:00,加仓,创业板ETF易方达,159915.XSHE,2.284,2100.0,30000,,10.0,2024-11-08,2024-11,"创业板ETF易方达
159915.XSHE"
2024-11-12 09:31:00,止盈,创业板ETF易方达,159915.XSHE,2.368,2100.0,27900,175.9,9.0,2024-11-12,2024-11,"创业板ETF易方达
159915.XSHE"
2024-11-14 13:40:00,加仓,黄金ETF,518880.XSHG,5.69,800.0,8600,,0.0,2024-11-14,2024-11,"黄金ETF
518880.XSHG"
2024-11-14 14:26:00,加仓,1000ETF,512100.XSHG,2.558,1800.0,20562,,6.0,2024-11-14,2024-11,"1000ETF
512100.XSHG"
2024-11-14 14:40:00,加仓,创业板ETF易方达,159915.XSHE,2.296,2100.0,30000,,10.0,2024-11-14,2024-11,"创业板ETF易方达
159915.XSHE"
2024-11-15 09:46:00,加仓,500ETF,510500.XSHG,6.148,700.0,8901,,5.0,2024-11-15,2024-11,"500ETF
510500.XSHG"
2024-11-18 09:35:00,加仓,1000ETF,512100.XSHG,2.481,1900.0,22462,,7.0,2024-11-18,2024-11,"1000ETF
512100.XSHG"
2024-11-18 09:48:00,加仓,500ETF,510500.XSHG,5.961,800.0,9701,,6.0,2024-11-18,2024-11,"500ETF
510500.XSHG"
2024-11-20 09:31:00,止盈,黄金ETF,518880.XSHG,5.891,800.0,7800,160.33,-1.0,2024-11-20,2024-11,"黄金ETF
518880.XSHG"
2024-11-25 13:59:00,加仓,500ETF,510500.XSHG,5.782,800.0,10501,,7.0,2024-11-25,2024-11,"500ETF
510500.XSHG"
2024-11-27 09:35:00,加仓,1000ETF,512100.XSHG,2.403,2000.0,24462,,8.0,2024-11-27,2024-11,"1000ETF
512100.XSHG"
2024-11-27 14:46:00,止盈,1000ETF,512100.XSHG,2.476,2000.0,22462,145.5,7.0,2024-11-27,2024-11,"1000ETF
512100.XSHG"
2024-11-29 11:25:00,止盈,500ETF,510500.XSHG,5.956,800.0,9701,138.72,6.0,2024-11-29,2024-11,"500ETF
510500.XSHG"
2024-12-02 10:12:00,止盈,1000ETF,512100.XSHG,2.552,2000.0,20462,151.49,6.0,2024-12-02,2024-12,"1000ETF
512100.XSHG"
2024-12-03 09:36:00,破顶-提前,纳指ETF,513100.XSHG,1.561,,32000,,-5.0,2024-12-03,2024-12,"纳指ETF
513100.XSHG"
2024-12-09 13:20:00,止盈,纳指ETF,513100.XSHG,1.608,3200.0,28800,149.89,-1.0,2024-12-09,2024-12,"纳指ETF
513100.XSHG"
2024-12-10 09:31:00,止盈,500ETF,510500.XSHG,6.266,800.0,8901,247.5,5.0,2024-12-10,2024-12,"500ETF
510500.XSHG"
2024-12-10 09:31:00,止盈,1000ETF,512100.XSHG,2.642,1900.0,18562,170.5,5.0,2024-12-10,2024-12,"1000ETF
512100.XSHG"
2024-12-16 09:32:00,加仓,500ETF,510500.XSHG,6.068,700.0,9601,,6.0,2024-12-16,2024-12,"500ETF
510500.XSHG"
2024-12-16 10:04:00,加仓,1000ETF,512100.XSHG,2.562,1800.0,20362,,6.0,2024-12-16,2024-12,"1000ETF
512100.XSHG"
2024-12-17 09:31:00,止盈,纳指ETF,513100.XSHG,1.677,3100.0,25700,213.38,-2.0,2024-12-17,2024-12,"纳指ETF
513100.XSHG"
2024-12-19 09:31:00,加仓,纳指ETF,513100.XSHG,1.618,2900.0,28600,,-1.0,2024-12-19,2024-12,"纳指ETF
513100.XSHG"
2024-12-19 10:04:00,加仓,1000ETF,512100.XSHG,2.484,1900.0,22262,,7.0,2024-12-19,2024-12,"1000ETF
512100.XSHG"
2024-12-20 11:11:00,止盈,1000ETF,512100.XSHG,2.56,2000.0,20262,151.49,6.0,2024-12-20,2024-12,"1000ETF
512100.XSHG"
2024-12-23 14:08:00,加仓,1000ETF,512100.XSHG,2.483,1900.0,22162,,7.0,2024-12-23,2024-12,"1000ETF
512100.XSHG"
2024-12-24 09:31:00,止盈,纳指ETF,513100.XSHG,1.673,3000.0,25600,164.5,-2.0,2024-12-24,2024-12,"纳指ETF
513100.XSHG"
2024-12-31 09:32:00,加仓,纳指ETF,513100.XSHG,1.622,2900.0,28500,,-1.0,2024-12-31,2024-12,"纳指ETF
513100.XSHG"
2024-12-31 11:09:00,加仓,500ETF,510500.XSHG,5.885,800.0,10401,,7.0,2024-12-31,2024-12,"500ETF
510500.XSHG"
2025-01-02 09:32:00,加仓,1000ETF,512100.XSHG,2.408,2000.0,24162,,8.0,2025-01-02,2025-01,"1000ETF
512100.XSHG"
2025-01-02 13:38:00,加仓,500ETF,510500.XSHG,5.707,800.0,11201,,8.0,2025-01-02,2025-01,"500ETF
510500.XSHG"
2025-01-02 14:40:00,加仓,1000ETF,512100.XSHG,2.335,2000.0,26162,,9.0,2025-01-02,2025-01,"1000ETF
512100.XSHG"
2025-01-03 14:13:00,加仓,500ETF,510500.XSHG,5.531,800.0,12001,,9.0,2025-01-03,2025-01,"500ETF
510500.XSHG"
2025-01-06 14:33:00,加仓,1000ETF,512100.XSHG,2.261,2100.0,28262,,10.0,2025-01-06,2025-01,"1000ETF
512100.XSHG"
2025-01-07 09:31:00,止盈,纳指ETF,513100.XSHG,1.687,3000.0,25500,194.49,-2.0,2025-01-07,2025-01,"纳指ETF
513100.XSHG"
2025-01-08 09:31:00,加仓,纳指ETF,513100.XSHG,1.634,2900.0,28400,,-1.0,2025-01-08,2025-01,"纳指ETF
513100.XSHG"
2025-01-10 09:31:00,止盈,黄金ETF,518880.XSHG,6.083,800.0,7000,153.11,-2.0,2025-01-10,2025-01,"黄金ETF
518880.XSHG"
2025-01-14 10:58:00,止盈,1000ETF,512100.XSHG,2.329,2200.0,26062,149.09,9.0,2025-01-14,2025-01,"1000ETF
512100.XSHG"
2025-01-23 09:41:00,止盈,500ETF,510500.XSHG,5.709,900.0,11101,159.69,8.0,2025-01-23,2025-01,"500ETF
510500.XSHG"
2025-02-05 09:31:00,止盈,黄金ETF,518880.XSHG,6.4,800.0,6200,253.09,-3.0,2025-02-05,2025-02,"黄金ETF
518880.XSHG"
2025-02-06 10:50:00,止盈,1000ETF,512100.XSHG,2.399,2100.0,23962,146.5,8.0,2025-02-06,2025-02,"1000ETF
512100.XSHG"
2025-02-07 11:09:00,止盈,1000ETF,512100.XSHG,2.471,2000.0,21962,143.51,7.0,2025-02-07,2025-02,"1000ETF
512100.XSHG"
2025-02-07 11:26:00,止盈,500ETF,510500.XSHG,5.886,800.0,10301,141.13,7.0,2025-02-07,2025-02,"500ETF
510500.XSHG"
2025-02-11 09:31:00,止盈,黄金ETF,518880.XSHG,6.622,700.0,5500,154.94,-4.0,2025-02-11,2025-02,"黄金ETF
518880.XSHG"
2025-02-21 09:41:00,止盈,1000ETF,512100.XSHG,2.546,2000.0,19962,149.49,6.0,2025-02-21,2025-02,"1000ETF
512100.XSHG"
2025-02-21 14:22:00,止盈,500ETF,510500.XSHG,6.063,800.0,9501,141.11,6.0,2025-02-21,2025-02,"500ETF
510500.XSHG"
2025-02-24 09:31:00,加仓,纳指ETF,513100.XSHG,1.581,3000.0,31400,,0.0,2025-02-24,2025-02,"纳指ETF
513100.XSHG"
2025-02-28 09:31:00,加仓,纳指ETF,513100.XSHG,1.528,3100.0,34500,,1.0,2025-02-28,2025-02,"纳指ETF
513100.XSHG"
2025-02-28 14:11:00,加仓,500ETF,510500.XSHG,5.881,800.0,10301,,7.0,2025-02-28,2025-02,"500ETF
510500.XSHG"
2025-03-06 14:31:00,止盈,500ETF,510500.XSHG,6.058,800.0,9501,141.12,6.0,2025-03-06,2025-03,"500ETF
510500.XSHG"
2025-03-06 14:33:00,止盈,1000ETF,512100.XSHG,2.623,1900.0,18062,145.8,5.0,2025-03-06,2025-03,"1000ETF
512100.XSHG"
2025-03-11 09:31:00,加仓,纳指ETF,513100.XSHG,1.429,3200.0,37700,,2.0,2025-03-11,2025-03,"纳指ETF
513100.XSHG"
2025-03-20 09:31:00,止盈,黄金ETF,518880.XSHG,6.821,700.0,4800,138.82,-5.0,2025-03-20,2025-03,"黄金ETF
518880.XSHG"
2025-03-20 10:43:00,止盈,纳指ETF,513100.XSHG,1.472,3400.0,34300,145.7,1.0,2025-03-20,2025-03,"纳指ETF
513100.XSHG"
2025-03-24 10:02:00,加仓,1000ETF,512100.XSHG,2.544,1900.0,19962,,6.0,2025-03-24,2025-03,"1000ETF
512100.XSHG"
2025-03-25 09:31:00,止盈,纳指ETF,513100.XSHG,1.523,3300.0,31000,167.8,0.0,2025-03-25,2025-03,"纳指ETF
513100.XSHG"
2025-03-28 09:31:00,加仓,纳指ETF,513100.XSHG,1.477,3200.0,34200,,1.0,2025-03-28,2025-03,"纳指ETF
513100.XSHG"
2025-03-31 09:31:00,加仓,纳指ETF,513100.XSHG,1.428,3300.0,37500,,2.0,2025-03-31,2025-03,"纳指ETF
513100.XSHG"
2025-03-31 09:34:00,加仓,500ETF,510500.XSHG,5.873,800.0,10301,,7.0,2025-03-31,2025-03,"500ETF
510500.XSHG"
2025-03-31 11:11:00,破顶-提前,黄金ETF,518880.XSHG,7.035,,7100,,-5.0,2025-03-31,2025-03,"黄金ETF
518880.XSHG"
2025-03-31 11:13:00,加仓,1000ETF,512100.XSHG,2.466,1900.0,21862,,7.0,2025-03-31,2025-03,"1000ETF
512100.XSHG"
2025-04-07 09:31:00,加仓,纳指ETF,513100.XSHG,1.272,3500.0,41000,,3.0,2025-04-07,2025-04,"纳指ETF
513100.XSHG"
2025-04-07 09:31:00,加仓,500ETF,510500.XSHG,5.624,800.0,11101,,8.0,2025-04-07,2025-04,"500ETF
510500.XSHG"
2025-04-07 09:31:00,加仓,1000ETF,512100.XSHG,2.371,2000.0,23862,,8.0,2025-04-07,2025-04,"1000ETF
512100.XSHG"
2025-04-07 09:40:00,加仓,500ETF,510500.XSHG,5.452,800.0,11901,,9.0,2025-04-07,2025-04,"500ETF
510500.XSHG"
2025-04-07 09:40:00,加仓,1000ETF,512100.XSHG,2.295,2100.0,25962,,9.0,2025-04-07,2025-04,"1000ETF
512100.XSHG"
2025-04-07 13:59:00,加仓,500ETF,510500.XSHG,5.288,900.0,12801,,10.0,2025-04-07,2025-04,"500ETF
510500.XSHG"
2025-04-08 09:31:00,加仓,1000ETF,512100.XSHG,2.213,2100.0,28062,,10.0,2025-04-08,2025-04,"1000ETF
512100.XSHG"
2025-04-08 09:32:00,止盈,纳指ETF,513100.XSHG,1.312,3900.0,37100,155.49,2.0,2025-04-08,2025-04,"纳指ETF
513100.XSHG"
2025-04-09 09:31:00,加仓,纳指ETF,513100.XSHG,1.27,3800.0,40900,,3.0,2025-04-09,2025-04,"纳指ETF
513100.XSHG"
2025-04-09 10:45:00,止盈,纳指ETF,513100.XSHG,1.309,3900.0,37000,151.59,2.0,2025-04-09,2025-04,"纳指ETF
513100.XSHG"
2025-04-09 13:11:00,加仓,纳指ETF,513100.XSHG,1.269,3800.0,40800,,3.0,2025-04-09,2025-04,"纳指ETF
513100.XSHG"
2025-04-09 14:16:00,止盈,500ETF,510500.XSHG,5.448,900.0,11901,143.51,9.0,2025-04-09,2025-04,"500ETF
510500.XSHG"
2025-04-10 09:31:00,止盈,纳指ETF,513100.XSHG,1.43,3900.0,36900,627.34,2.0,2025-04-10,2025-04,"纳指ETF
513100.XSHG"
2025-04-10 09:31:00,止盈,1000ETF,512100.XSHG,2.302,2200.0,25862,195.29,9.0,2025-04-10,2025-04,"1000ETF
512100.XSHG"
2025-04-11 09:31:00,加仓,纳指ETF,513100.XSHG,1.372,3400.0,40300,,3.0,2025-04-11,2025-04,"纳指ETF
513100.XSHG"
2025-04-11 09:31:00,止盈,黄金ETF,518880.XSHG,7.324,700.0,6400,201.79,-1.0,2025-04-11,2025-04,"黄金ETF
518880.XSHG"
2025-04-11 13:44:00,止盈,500ETF,510500.XSHG,5.617,900.0,11001,151.59,8.0,2025-04-11,2025-04,"500ETF
510500.XSHG"
2025-04-11 14:02:00,止盈,纳指ETF,513100.XSHG,1.415,3600.0,36700,154.29,2.0,2025-04-11,2025-04,"纳指ETF
513100.XSHG"
2025-04-14 09:32:00,止盈,1000ETF,512100.XSHG,2.375,2100.0,23762,152.8,8.0,2025-04-14,2025-04,"1000ETF
512100.XSHG"
2025-04-17 09:31:00,止盈,黄金ETF,518880.XSHG,7.65,600.0,5800,195.14,-2.0,2025-04-17,2025-04,"黄金ETF
518880.XSHG"
2025-04-21 09:32:00,加仓,纳指ETF,513100.XSHG,1.372,3500.0,40200,,3.0,2025-04-21,2025-04,"纳指ETF
513100.XSHG"
2025-04-22 09:34:00,止盈,黄金ETF,518880.XSHG,7.886,600.0,5200,141.13,-3.0,2025-04-22,2025-04,"黄金ETF
518880.XSHG"
2025-04-23 10:57:00,加仓,黄金ETF,518880.XSHG,7.637,600.0,5800,,-2.0,2025-04-23,2025-04,"黄金ETF
518880.XSHG"
2025-04-23 14:53:00,止盈,纳指ETF,513100.XSHG,1.414,3600.0,36600,150.69,2.0,2025-04-23,2025-04,"纳指ETF
513100.XSHG"
2025-05-06 09:31:00,止盈,纳指ETF,513100.XSHG,1.468,3500.0,33100,188.49,1.0,2025-05-06,2025-05,"纳指ETF
513100.XSHG"
2025-05-07 09:31:00,止盈,500ETF,510500.XSHG,5.817,800.0,10201,159.53,7.0,2025-05-07,2025-05,"500ETF
510500.XSHG"
2025-05-07 09:31:00,止盈,1000ETF,512100.XSHG,2.478,2100.0,21662,215.78,7.0,2025-05-07,2025-05,"1000ETF
512100.XSHG"
2025-05-12 09:31:00,止盈,纳指ETF,513100.XSHG,1.514,3400.0,29700,155.89,0.0,2025-05-12,2025-05,"纳指ETF
513100.XSHG"
2025-05-12 09:31:00,加仓,黄金ETF,518880.XSHG,7.347,600.0,6400,,-1.0,2025-05-12,2025-05,"黄金ETF
518880.XSHG"
2025-05-14 09:47:00,止盈,纳指ETF,513100.XSHG,1.561,3300.0,26400,154.58,-1.0,2025-05-14,2025-05,"纳指ETF
513100.XSHG"
2025-05-15 10:26:00,加仓,黄金ETF,518880.XSHG,7.123,600.0,7000,,0.0,2025-05-15,2025-05,"黄金ETF
518880.XSHG"
2025-05-21 09:31:00,止盈,黄金ETF,518880.XSHG,7.38,700.0,6300,179.38,-1.0,2025-05-21,2025-05,"黄金ETF
518880.XSHG"
2025-05-23 14:58:00,加仓,1000ETF,512100.XSHG,2.403,2000.0,23662,,8.0,2025-05-23,2025-05,"1000ETF
512100.XSHG"
2025-05-27 09:42:00,加仓,500ETF,510500.XSHG,5.642,800.0,11001,,8.0,2025-05-27,2025-05,"500ETF
510500.XSHG"
2025-06-05 14:23:00,止盈,1000ETF,512100.XSHG,2.476,2000.0,21662,145.5,7.0,2025-06-05,2025-06,"1000ETF
512100.XSHG"
2025-06-09 09:42:00,止盈,500ETF,510500.XSHG,5.814,800.0,10201,137.13,7.0,2025-06-09,2025-06,"500ETF
510500.XSHG"
2025-06-13 09:31:00,止盈,黄金ETF,518880.XSHG,7.619,600.0,5700,142.94,-2.0,2025-06-13,2025-06,"黄金ETF
518880.XSHG"
2025-06-24 13:54:00,加仓,黄金ETF,518880.XSHG,7.387,600.0,6300,,-1.0,2025-06-24,2025-06,"黄金ETF
518880.XSHG"
2025-06-27 09:31:00,止盈,纳指ETF,513100.XSHG,1.612,3200.0,23200,162.68,-2.0,2025-06-27,2025-06,"纳指ETF
513100.XSHG"
2025-06-30 10:27:00,止盈,1000ETF,512100.XSHG,2.551,2000.0,19662,149.49,6.0,2025-06-30,2025-06,"1000ETF
512100.XSHG"
2025-07-04 13:10:00,止盈,500ETF,510500.XSHG,5.989,800.0,9401,139.52,6.0,2025-07-04,2025-07,"500ETF
510500.XSHG"
2025-07-17 13:03:00,止盈,1000ETF,512100.XSHG,2.628,1900.0,17762,145.8,5.0,2025-07-17,2025-07,"1000ETF
512100.XSHG"
2025-07-18 09:33:00,止盈,500ETF,510500.XSHG,6.171,800.0,8601,145.11,5.0,2025-07-18,2025-07,"500ETF
510500.XSHG"
2025-07-18 09:40:00,止盈,纳指ETF,513100.XSHG,1.661,3100.0,20100,151.39,-3.0,2025-07-18,2025-07,"纳指ETF
513100.XSHG"
2025-07-24 14:35:00,止盈,500ETF,510500.XSHG,6.359,800.0,7801,149.89,4.0,2025-07-24,2025-07,"500ETF
510500.XSHG"
2025-07-24 14:38:00,止盈,1000ETF,512100.XSHG,2.707,1900.0,15862,149.59,4.0,2025-07-24,2025-07,"1000ETF
512100.XSHG"
2025-07-29 11:17:00,止盈,创业板ETF易方达,159915.XSHE,2.365,2100.0,27900,144.4,9.0,2025-07-29,2025-07,"创业板ETF易方达
159915.XSHE"
2025-08-01 13:14:00,加仓,创业板ETF易方达,159915.XSHE,2.294,2100.0,30000,,10.0,2025-08-01,2025-08,"创业板ETF易方达
159915.XSHE"
2025-08-11 09:54:00,止盈,1000ETF,512100.XSHG,2.79,1800.0,14062,148.9,3.0,2025-08-11,2025-08,"1000ETF
512100.XSHG"
2025-08-12 09:50:00,止盈,创业板ETF易方达,159915.XSHE,2.363,2100.0,27900,144.4,9.0,2025-08-12,2025-08,"创业板ETF易方达
159915.XSHE"
2025-08-13 09:31:00,止盈,纳指ETF,513100.XSHG,1.721,3000.0,17100,179.48,-4.0,2025-08-13,2025-08,"纳指ETF
513100.XSHG"
2025-08-13 10:38:00,止盈,创业板ETF易方达,159915.XSHE,2.435,2100.0,25800,150.69,8.0,2025-08-13,2025-08,"创业板ETF易方达
159915.XSHE"
2025-08-13 11:08:00,止盈,500ETF,510500.XSHG,6.55,700.0,7101,133.24,3.0,2025-08-13,2025-08,"500ETF
510500.XSHG"
2025-08-15 13:08:00,止盈,创业板ETF易方达,159915.XSHE,2.509,2000.0,23800,147.5,7.0,2025-08-15,2025-08,"创业板ETF易方达
159915.XSHE"
2025-08-15 13:16:00,止盈,1000ETF,512100.XSHG,2.875,1700.0,12362,144.01,2.0,2025-08-15,2025-08,"1000ETF
512100.XSHG"
2025-08-18 10:35:00,止盈,500ETF,510500.XSHG,6.749,700.0,6401,138.83,2.0,2025-08-18,2025-08,"500ETF
510500.XSHG"
2025-08-18 10:56:00,止盈,创业板ETF易方达,159915.XSHE,2.588,1900.0,21900,149.61,6.0,2025-08-18,2025-08,"创业板ETF易方达
159915.XSHE"
2025-08-21 09:31:00,止盈,1000ETF,512100.XSHG,2.963,1700.0,10662,149.1,1.0,2025-08-21,2025-08,"1000ETF
512100.XSHG"
2025-08-25 09:31:00,止盈,500ETF,510500.XSHG,6.972,700.0,5701,155.61,1.0,2025-08-25,2025-08,"500ETF
510500.XSHG"
2025-08-25 09:31:00,止盈,创业板ETF易方达,159915.XSHE,2.695,1900.0,20000,202.79,5.0,2025-08-25,2025-08,"创业板ETF易方达
159915.XSHE"
2025-08-27 11:06:00,止盈,创业板ETF易方达,159915.XSHE,2.776,1800.0,18200,145.3,4.0,2025-08-27,2025-08,"创业板ETF易方达
159915.XSHE"
2025-08-27 11:20:00,止盈,1000ETF,512100.XSHG,3.052,1600.0,9062,141.91,0.0,2025-08-27,2025-08,"1000ETF
512100.XSHG"
2025-08-28 09:31:00,加仓,1000ETF,512100.XSHG,2.956,1600.0,10662,,1.0,2025-08-28,2025-08,"1000ETF
512100.XSHG"
2025-08-28 09:31:00,加仓,创业板ETF易方达,159915.XSHE,2.688,1800.0,20000,,5.0,2025-08-28,2025-08,"创业板ETF易方达
159915.XSHE"
2025-08-28 14:20:00,止盈,创业板ETF易方达,159915.XSHE,2.77,1800.0,18200,147.1,4.0,2025-08-28,2025-08,"创业板ETF易方达
159915.XSHE"
2025-08-29 10:23:00,止盈,创业板ETF易方达,159915.XSHE,2.86,1800.0,16400,161.49,3.0,2025-08-29,2025-08,"创业板ETF易方达
159915.XSHE"
2025-09-01 09:40:00,止盈,500ETF,510500.XSHG,7.183,700.0,5001,147.2,0.0,2025-09-01,2025-09,"500ETF
510500.XSHG"
2025-09-01 10:09:00,止盈,黄金ETF,518880.XSHG,7.609,600.0,5700,132.74,-2.0,2025-09-01,2025-09,"黄金ETF
518880.XSHG"
2025-09-01 14:25:00,加仓,纳指ETF,513100.XSHG,1.669,2900.0,20000,,-3.0,2025-09-01,2025-09,"纳指ETF
513100.XSHG"
2025-09-02 09:34:00,止盈,创业板ETF易方达,159915.XSHE,2.949,1700.0,14700,150.8,2.0,2025-09-02,2025-09,"创业板ETF易方达
159915.XSHE"
2025-09-02 11:02:00,加仓,创业板ETF易方达,159915.XSHE,2.86,1600.0,16300,,3.0,2025-09-02,2025-09,"创业板ETF易方达
159915.XSHE"
2025-09-03 13:37:00,加仓,500ETF,510500.XSHG,6.966,600.0,5601,,1.0,2025-09-03,2025-09,"500ETF
510500.XSHG"
2025-09-04 10:53:00,加仓,1000ETF,512100.XSHG,2.867,1600.0,12262,,2.0,2025-09-04,2025-09,"1000ETF
512100.XSHG"
2025-09-04 10:53:00,加仓,创业板ETF易方达,159915.XSHE,2.765,1700.0,18000,,4.0,2025-09-04,2025-09,"创业板ETF易方达
159915.XSHE"
2025-09-04 14:13:00,加仓,500ETF,510500.XSHG,6.755,700.0,6301,,2.0,2025-09-04,2025-09,"500ETF
510500.XSHG"
2025-09-05 10:46:00,止盈,创业板ETF易方达,159915.XSHE,2.848,1800.0,16200,148.89,3.0,2025-09-05,2025-09,"创业板ETF易方达
159915.XSHE"
2025-09-05 14:02:00,止盈,500ETF,510500.XSHG,6.958,700.0,5601,141.61,1.0,2025-09-05,2025-09,"500ETF
510500.XSHG"
2025-09-05 14:34:00,止盈,创业板ETF易方达,159915.XSHE,2.934,1700.0,14500,145.7,2.0,2025-09-05,2025-09,"创业板ETF易方达
159915.XSHE"
2025-09-08 10:58:00,止盈,黄金ETF,518880.XSHG,7.839,600.0,5100,137.53,-3.0,2025-09-08,2025-09,"黄金ETF
518880.XSHG"
2025-09-08 14:33:00,止盈,1000ETF,512100.XSHG,2.956,1700.0,10562,150.8,1.0,2025-09-08,2025-09,"1000ETF
512100.XSHG"
2025-09-09 13:17:00,加仓,创业板ETF易方达,159915.XSHE,2.845,1700.0,16200,,3.0,2025-09-09,2025-09,"创业板ETF易方达
159915.XSHE"
2025-09-11 10:35:00,止盈,创业板ETF易方达,159915.XSHE,2.932,1700.0,14500,147.4,2.0,2025-09-11,2025-09,"创业板ETF易方达
159915.XSHE"
2025-09-11 13:07:00,止盈,500ETF,510500.XSHG,7.176,700.0,4901,152.1,0.0,2025-09-11,2025-09,"500ETF
510500.XSHG"
2025-09-11 14:45:00,止盈,创业板ETF易方达,159915.XSHE,3.02,1700.0,12800,149.09,1.0,2025-09-11,2025-09,"创业板ETF易方达
159915.XSHE"
2025-09-15 09:54:00,止盈,纳指ETF,513100.XSHG,1.72,2900.0,17100,147.4,-4.0,2025-09-15,2025-09,"纳指ETF
513100.XSHG"
2025-09-17 09:54:00,止盈,1000ETF,512100.XSHG,3.048,1600.0,8962,146.71,0.0,2025-09-17,2025-09,"1000ETF
512100.XSHG"
2025-09-17 11:05:00,止盈,创业板ETF易方达,159915.XSHE,3.113,1600.0,11200,148.3,0.0,2025-09-17,2025-09,"创业板ETF易方达
159915.XSHE"
2025-09-18 10:07:00,止盈,500ETF,510500.XSHG,7.393,600.0,4301,129.76,-1.0,2025-09-18,2025-09,"500ETF
510500.XSHG"
2025-09-22 14:43:00,止盈,纳指ETF,513100.XSHG,1.772,2900.0,14200,150.29,-5.0,2025-09-22,2025-09,"纳指ETF
513100.XSHG"
2025-09-23 09:31:00,止盈,黄金ETF,518880.XSHG,8.119,600.0,4500,167.51,-4.0,2025-09-23,2025-09,"黄金ETF
518880.XSHG"
2025-09-23 10:29:00,加仓,1000ETF,512100.XSHG,2.954,1600.0,10562,,1.0,2025-09-23,2025-09,"1000ETF
512100.XSHG"
2025-09-23 10:34:00,加仓,500ETF,510500.XSHG,7.169,600.0,4901,,0.0,2025-09-23,2025-09,"500ETF
510500.XSHG"
2025-09-23 13:07:00,加仓,创业板ETF易方达,159915.XSHE,3.017,1600.0,12800,,1.0,2025-09-23,2025-09,"创业板ETF易方达
159915.XSHE"
2025-09-24 10:53:00,止盈,创业板ETF易方达,159915.XSHE,3.108,1600.0,11200,145.1,0.0,2025-09-24,2025-09,"创业板ETF易方达
159915.XSHE"
2025-09-24 13:01:00,止盈,500ETF,510500.XSHG,7.389,600.0,4301,131.56,-1.0,2025-09-24,2025-09,"500ETF
510500.XSHG"
2025-09-24 13:45:00,止盈,1000ETF,512100.XSHG,3.043,1600.0,8962,141.91,0.0,2025-09-24,2025-09,"1000ETF
512100.XSHG"
2025-09-25 10:16:00,止盈,创业板ETF易方达,159915.XSHE,3.205,1600.0,9600,154.69,-1.0,2025-09-25,2025-09,"创业板ETF易方达
159915.XSHE"
2025-09-30 13:01:00,止盈,黄金ETF,518880.XSHG,8.375,600.0,3900,153.1,-5.0,2025-09-30,2025-09,"黄金ETF
518880.XSHG"
2025-10-09 09:31:00,破顶-提前,纳指ETF,513100.XSHG,1.843,,27100,,-5.0,2025-10-09,2025-10,"纳指ETF
513100.XSHG"
2025-10-09 09:31:00,破顶-提前,黄金ETF,518880.XSHG,8.731,,5700,,-5.0,2025-10-09,2025-10,"黄金ETF
518880.XSHG"
2025-10-09 10:14:00,止盈,500ETF,510500.XSHG,7.619,600.0,3701,137.54,-2.0,2025-10-09,2025-10,"500ETF
510500.XSHG"
2025-10-10 14:07:00,加仓,创业板ETF易方达,159915.XSHE,3.107,1500.0,11100,,0.0,2025-10-10,2025-10,"创业板ETF易方达
159915.XSHE"
2025-10-13 09:31:00,加仓,500ETF,510500.XSHG,7.305,600.0,4301,,-1.0,2025-10-13,2025-10,"500ETF
510500.XSHG"
2025-10-13 09:31:00,加仓,创业板ETF易方达,159915.XSHE,2.972,1600.0,12700,,1.0,2025-10-13,2025-10,"创业板ETF易方达
159915.XSHE"
2025-10-13 09:48:00,止盈,创业板ETF易方达,159915.XSHE,3.062,1600.0,11100,143.51,0.0,2025-10-13,2025-10,"创业板ETF易方达
159915.XSHE"
2025-10-14 09:31:00,止盈,黄金ETF,518880.XSHG,9.085,500.0,5200,176.55,-1.0,2025-10-14,2025-10,"黄金ETF
518880.XSHG"
2025-10-14 09:34:00,止盈,500ETF,510500.XSHG,7.525,600.0,3701,131.55,-2.0,2025-10-14,2025-10,"500ETF
510500.XSHG"
2025-10-14 13:02:00,加仓,创业板ETF易方达,159915.XSHE,2.97,1600.0,12700,,1.0,2025-10-14,2025-10,"创业板ETF易方达
159915.XSHE"
2025-10-14 14:21:00,加仓,500ETF,510500.XSHG,7.298,600.0,4301,,-1.0,2025-10-14,2025-10,"500ETF
510500.XSHG"
2025-10-17 09:31:00,止盈,黄金ETF,518880.XSHG,9.485,500.0,4700,199.53,-2.0,2025-10-17,2025-10,"黄金ETF
518880.XSHG"
2025-10-17 10:02:00,加仓,1000ETF,512100.XSHG,2.949,1600.0,10562,,1.0,2025-10-17,2025-10,"1000ETF
512100.XSHG"
2025-10-21 11:21:00,止盈,创业板ETF易方达,159915.XSHE,3.06,1600.0,11100,143.51,0.0,2025-10-21,2025-10,"创业板ETF易方达
159915.XSHE"
2025-10-22 09:31:00,加仓,黄金ETF,518880.XSHG,8.984,500.0,5200,,-1.0,2025-10-22,2025-10,"黄金ETF
518880.XSHG"
2025-10-24 09:31:00,止盈,纳指ETF,513100.XSHG,1.908,2700.0,24400,174.98,-1.0,2025-10-24,2025-10,"纳指ETF
513100.XSHG"
2025-10-27 09:31:00,止盈,创业板ETF易方达,159915.XSHE,3.205,1600.0,9500,231.49,-1.0,2025-10-27,2025-10,"创业板ETF易方达
159915.XSHE"
2025-10-27 09:41:00,止盈,1000ETF,512100.XSHG,3.038,1600.0,8962,141.91,0.0,2025-10-27,2025-10,"1000ETF
512100.XSHG"
2025-10-28 09:31:00,止盈,纳指ETF,513100.XSHG,1.976,2600.0,21800,176.29,-2.0,2025-10-28,2025-10,"纳指ETF
513100.XSHG"
2025-10-28 10:53:00,加仓,黄金ETF,518880.XSHG,8.713,500.0,5700,,0.0,2025-10-28,2025-10,"黄金ETF
518880.XSHG"
2025-10-29 09:53:00,止盈,500ETF,510500.XSHG,7.518,600.0,3701,131.55,-2.0,2025-10-29,2025-10,"500ETF
510500.XSHG"
2025-10-30 09:37:00,止盈,创业板ETF易方达,159915.XSHE,3.302,1500.0,8000,145.0,-2.0,2025-10-30,2025-10,"创业板ETF易方达
159915.XSHE"
2025-10-31 09:47:00,加仓,创业板ETF易方达,159915.XSHE,3.2,1500.0,9500,,-1.0,2025-10-31,2025-10,"创业板ETF易方达
159915.XSHE"
2025-11-03 10:36:00,加仓,创业板ETF易方达,159915.XSHE,3.103,1500.0,11000,,0.0,2025-11-03,2025-11,"创业板ETF易方达
159915.XSHE"
2025-11-04 14:12:00,加仓,500ETF,510500.XSHG,7.29,600.0,4301,,-1.0,2025-11-04,2025-11,"500ETF
510500.XSHG"
2025-11-05 09:31:00,加仓,纳指ETF,513100.XSHG,1.888,2500.0,24300,,-1.0,2025-11-05,2025-11,"纳指ETF
513100.XSHG"
2025-11-06 10:47:00,止盈,创业板ETF易方达,159915.XSHE,3.198,1600.0,9400,151.49,-1.0,2025-11-06,2025-11,"创业板ETF易方达
159915.XSHE"
2025-11-06 13:01:00,止盈,纳指ETF,513100.XSHG,1.945,2600.0,21700,147.69,-2.0,2025-11-06,2025-11,"纳指ETF
513100.XSHG"
2025-11-11 09:31:00,止盈,黄金ETF,518880.XSHG,9.118,500.0,5200,202.04,-1.0,2025-11-11,2025-11,"黄金ETF
518880.XSHG"
2025-11-12 09:31:00,加仓,创业板ETF易方达,159915.XSHE,3.1,1500.0,10900,,0.0,2025-11-12,2025-11,"创业板ETF易方达
159915.XSHE"
2025-11-17 13:37:00,加仓,黄金ETF,518880.XSHG,8.844,500.0,5700,,0.0,2025-11-17,2025-11,"黄金ETF
518880.XSHG"
2025-11-18 09:31:00,加仓,纳指ETF,513100.XSHG,1.883,2500.0,24200,,-1.0,2025-11-18,2025-11,"纳指ETF
513100.XSHG"
2025-11-21 09:31:00,加仓,1000ETF,512100.XSHG,2.946,1600.0,10562,,1.0,2025-11-21,2025-11,"1000ETF
512100.XSHG"
2025-11-21 09:31:00,加仓,创业板ETF易方达,159915.XSHE,2.976,1600.0,12500,,1.0,2025-11-21,2025-11,"创业板ETF易方达
159915.XSHE"
2025-11-21 09:36:00,加仓,500ETF,510500.XSHG,7.071,600.0,4901,,0.0,2025-11-21,2025-11,"500ETF
510500.XSHG"
2025-11-24 11:15:00,加仓,创业板ETF易方达,159915.XSHE,2.886,1600.0,14100,,2.0,2025-11-24,2025-11,"创业板ETF易方达
159915.XSHE"
2025-11-25 09:55:00,止盈,创业板ETF易方达,159915.XSHE,2.973,1700.0,12400,147.39,1.0,2025-11-25,2025-11,"创业板ETF易方达
159915.XSHE"
2025-11-27 09:31:00,止盈,纳指ETF,513100.XSHG,1.94,2600.0,21600,147.7,-2.0,2025-11-27,2025-11,"纳指ETF
513100.XSHG"
2025-11-27 09:51:00,止盈,创业板ETF易方达,159915.XSHE,3.065,1600.0,10800,146.71,0.0,2025-11-27,2025-11,"创业板ETF易方达
159915.XSHE"
2025-12-01 09:31:00,止盈,黄金ETF,518880.XSHG,9.156,500.0,5200,155.54,-1.0,2025-12-01,2025-12,"黄金ETF
518880.XSHG"
2025-12-08 10:09:00,止盈,创业板ETF易方达,159915.XSHE,3.159,1600.0,9200,149.89,-1.0,2025-12-08,2025-12,"创业板ETF易方达
159915.XSHE"
2025-12-08 13:12:00,止盈,500ETF,510500.XSHG,7.285,700.0,4201,149.29,-1.0,2025-12-08,2025-12,"500ETF
510500.XSHG"
2025-12-16 09:50:00,加仓,纳指ETF,513100.XSHG,1.881,2500.0,24100,,-1.0,2025-12-16,2025-12,"纳指ETF
513100.XSHG"
2025-12-16 10:40:00,加仓,创业板ETF易方达,159915.XSHE,3.064,1500.0,10700,,0.0,2025-12-16,2025-12,"创业板ETF易方达
159915.XSHE"
2025-12-17 14:12:00,止盈,创业板ETF易方达,159915.XSHE,3.159,1600.0,9100,151.49,-1.0,2025-12-17,2025-12,"创业板ETF易方达
159915.XSHE"
2025-12-22 09:31:00,止盈,纳指ETF,513100.XSHG,1.941,2600.0,21500,155.5,-2.0,2025-12-22,2025-12,"纳指ETF
513100.XSHG"
2025-12-22 11:05:00,止盈,黄金ETF,518880.XSHG,9.431,500.0,4700,137.03,-2.0,2025-12-22,2025-12,"黄金ETF
518880.XSHG"
2025-12-24 09:31:00,止盈,黄金ETF,518880.XSHG,9.717,500.0,4200,142.51,-3.0,2025-12-24,2025-12,"黄金ETF
518880.XSHG"
2025-12-24 13:11:00,止盈,1000ETF,512100.XSHG,3.035,1600.0,8962,141.91,0.0,2025-12-24,2025-12,"1000ETF
512100.XSHG"
2025-12-25 13:12:00,止盈,500ETF,510500.XSHG,7.504,600.0,3601,130.95,-2.0,2025-12-25,2025-12,"500ETF
510500.XSHG"
2025-12-30 09:31:00,加仓,黄金ETF,518880.XSHG,9.275,500.0,4700,,-2.0,2025-12-30,2025-12,"黄金ETF
518880.XSHG"
2026-01-05 10:29:00,止盈,500ETF,510500.XSHG,7.73,600.0,3001,135.14,-3.0,2026-01-05,2026-01,"500ETF
510500.XSHG"
2026-01-05 10:30:00,止盈,创业板ETF易方达,159915.XSHE,3.254,1500.0,7600,142.01,-2.0,2026-01-05,2026-01,"创业板ETF易方达
159915.XSHE"
2026-01-05 10:53:00,止盈,1000ETF,512100.XSHG,3.127,1600.0,7362,146.7,-1.0,2026-01-05,2026-01,"1000ETF
512100.XSHG"
2026-01-06 09:55:00,止盈,黄金ETF,518880.XSHG,9.554,500.0,4200,139.02,-3.0,2026-01-06,2026-01,"黄金ETF
518880.XSHG"
2026-01-07 09:30:00,止盈,500ETF,510500.XSHG,7.964,600.0,2401,139.92,-4.0,2026-01-07,2026-01,"500ETF
510500.XSHG"
2026-01-08 09:54:00,止盈,1000ETF,512100.XSHG,3.221,1500.0,5862,140.52,-2.0,2026-01-08,2026-01,"1000ETF
512100.XSHG"
2026-01-09 10:37:00,止盈,500ETF,510500.XSHG,8.203,600.0,1801,142.91,-5.0,2026-01-09,2026-01,"500ETF
510500.XSHG"
2026-01-12 09:31:00,止盈,1000ETF,512100.XSHG,3.334,1500.0,4362,169.0,-3.0,2026-01-12,2026-01,"1000ETF
512100.XSHG"
2026-01-12 13:01:00,止盈,创业板ETF易方达,159915.XSHE,3.352,1500.0,6100,146.5,-3.0,2026-01-12,2026-01,"创业板ETF易方达
159915.XSHE"
2026-01-14 09:31:00,止盈,黄金ETF,518880.XSHG,9.873,500.0,3700,159.01,-4.0,2026-01-14,2026-01,"黄金ETF
518880.XSHG"
2026-01-14 10:01:00,破顶-提前,500ETF,510500.XSHG,8.45,,5900,,-5.0,2026-01-14,2026-01,"500ETF
510500.XSHG"
2026-01-20 09:39:00,加仓,纳指ETF,513100.XSHG,1.882,2500.0,24000,,-1.0,2026-01-20,2026-01,"纳指ETF
513100.XSHG"
2026-01-20 10:24:00,加仓,创业板ETF易方达,159915.XSHE,3.25,1400.0,7500,,-2.0,2026-01-20,2026-01,"创业板ETF易方达
159915.XSHE"
2026-01-21 09:31:00,止盈,黄金ETF,518880.XSHG,10.368,500.0,3200,246.98,-5.0,2026-01-21,2026-01,"黄金ETF
518880.XSHG"
2026-01-23 14:57:00,止盈,500ETF,510500.XSHG,8.705,500.0,5301,127.06,-1.0,2026-01-23,2026-01,"500ETF
510500.XSHG"
2026-01-26 09:31:00,破顶-提前,黄金ETF,518880.XSHG,10.893,,4500,,-5.0,2026-01-26,2026-01,"黄金ETF
518880.XSHG"
2026-01-26 09:31:00,止盈,创业板ETF易方达,159915.XSHE,3.351,1500.0,6000,151.0,-3.0,2026-01-26,2026-01,"创业板ETF易方达
159915.XSHE"
2026-01-27 10:01:00,加仓,500ETF,510500.XSHG,8.443,500.0,5801,,0.0,2026-01-27,2026-01,"500ETF
510500.XSHG"
2026-01-28 11:05:00,止盈,黄金ETF,518880.XSHG,11.224,400.0,4100,131.95,-1.0,2026-01-28,2026-01,"黄金ETF
518880.XSHG"
2026-01-28 13:12:00,止盈,500ETF,510500.XSHG,8.699,500.0,5301,127.57,-1.0,2026-01-28,2026-01,"500ETF
510500.XSHG"
2026-01-29 09:31:00,止盈,黄金ETF,518880.XSHG,11.91,400.0,3700,273.92,-2.0,2026-01-29,2026-01,"黄金ETF
518880.XSHG"
2026-01-30 09:31:00,加仓,黄金ETF,518880.XSHG,11.464,400.0,4100,,-1.0,2026-01-30,2026-01,"黄金ETF
518880.XSHG"
2026-01-30 09:55:00,加仓,500ETF,510500.XSHG,8.429,500.0,5801,,0.0,2026-01-30,2026-01,"500ETF
510500.XSHG"
2026-01-30 10:15:00,加仓,黄金ETF,518880.XSHG,11.103,400.0,4500,,0.0,2026-01-30,2026-01,"黄金ETF
518880.XSHG"
2026-01-30 10:35:00,加仓,创业板ETF易方达,159915.XSHE,3.245,1400.0,7400,,-2.0,2026-01-30,2026-01,"创业板ETF易方达
159915.XSHE"
2026-01-30 13:06:00,止盈,创业板ETF易方达,159915.XSHE,3.346,1500.0,5900,151.0,-3.0,2026-01-30,2026-01,"创业板ETF易方达
159915.XSHE"
2026-02-02 09:31:00,加仓,黄金ETF,518880.XSHG,9.918,400.0,4900,,1.0,2026-02-02,2026-02,"黄金ETF
518880.XSHG"
2026-02-02 10:34:00,止盈,黄金ETF,518880.XSHG,10.232,500.0,4400,156.49,0.0,2026-02-02,2026-02,"黄金ETF
518880.XSHG"
2026-02-02 11:08:00,加仓,1000ETF,512100.XSHG,3.233,1400.0,5762,,-2.0,2026-02-02,2026-02,"1000ETF
512100.XSHG"
2026-02-02 13:36:00,加仓,500ETF,510500.XSHG,8.173,500.0,6301,,1.0,2026-02-02,2026-02,"500ETF
510500.XSHG"
2026-02-02 13:38:00,加仓,黄金ETF,518880.XSHG,9.921,400.0,4800,,1.0,2026-02-02,2026-02,"黄金ETF
518880.XSHG"
2026-02-03 09:31:00,止盈,黄金ETF,518880.XSHG,10.362,500.0,4300,219.98,0.0,2026-02-03,2026-02,"黄金ETF
518880.XSHG"
2026-02-03 10:46:00,加仓,创业板ETF易方达,159915.XSHE,3.244,1400.0,7300,,-2.0,2026-02-03,2026-02,"创业板ETF易方达
159915.XSHE"
2026-02-04 09:31:00,止盈,黄金ETF,518880.XSHG,10.793,400.0,3900,171.97,-1.0,2026-02-04,2026-02,"黄金ETF
518880.XSHG"
2026-02-05 10:47:00,加仓,黄金ETF,518880.XSHG,10.463,400.0,4300,,0.0,2026-02-05,2026-02,"黄金ETF
518880.XSHG"
2026-02-06 09:31:00,加仓,纳指ETF,513100.XSHG,1.809,2600.0,26600,,0.0,2026-02-06,2026-02,"纳指ETF
513100.XSHG"
2026-02-06 09:31:00,加仓,黄金ETF,518880.XSHG,10.077,400.0,4700,,1.0,2026-02-06,2026-02,"黄金ETF
518880.XSHG"
2026-02-06 10:39:00,止盈,黄金ETF,518880.XSHG,10.381,400.0,4300,121.18,0.0,2026-02-06,2026-02,"黄金ETF
518880.XSHG"
2026-02-09 09:31:00,止盈,黄金ETF,518880.XSHG,10.719,400.0,3900,134.77,-1.0,2026-02-09,2026-02,"黄金ETF
518880.XSHG"
2026-02-11 09:39:00,止盈,500ETF,510500.XSHG,8.421,600.0,5701,148.29,0.0,2026-02-11,2026-02,"500ETF
510500.XSHG"
2026-02-12 11:05:00,止盈,1000ETF,512100.XSHG,3.33,1500.0,4262,145.0,-3.0,2026-02-12,2026-02,"1000ETF
512100.XSHG"
2026-02-25 11:28:00,止盈,创业板ETF易方达,159915.XSHE,3.342,1500.0,5800,146.5,-3.0,2026-02-25,2026-02,"创业板ETF易方达
159915.XSHE"
2026-02-27 10:03:00,止盈,500ETF,510500.XSHG,8.677,500.0,5201,127.57,-1.0,2026-02-27,2026-02,"500ETF
510500.XSHG"
2026-02-27 14:57:00,止盈,1000ETF,512100.XSHG,3.43,1500.0,2762,149.49,-4.0,2026-02-27,2026-02,"1000ETF
512100.XSHG"
2026-03-02 09:31:00,止盈,黄金ETF,518880.XSHG,11.329,400.0,3500,243.55,-2.0,2026-03-02,2026-03,"黄金ETF
518880.XSHG"
2026-03-03 10:05:00,加仓,1000ETF,512100.XSHG,3.325,1400.0,4162,,-3.0,2026-03-03,2026-03,"1000ETF
512100.XSHG"
2026-03-03 10:19:00,加仓,创业板ETF易方达,159915.XSHE,3.241,1400.0,7200,,-2.0,2026-03-03,2026-03,"创业板ETF易方达
159915.XSHE"
2026-03-03 13:57:00,加仓,500ETF,510500.XSHG,8.411,500.0,5701,,0.0,2026-03-03,2026-03,"500ETF
510500.XSHG"
2026-03-04 09:33:00,加仓,黄金ETF,518880.XSHG,10.986,400.0,3900,,-1.0,2026-03-04,2026-03,"黄金ETF
518880.XSHG"
2026-03-04 13:06:00,加仓,创业板ETF易方达,159915.XSHE,3.14,1500.0,8700,,-1.0,2026-03-04,2026-03,"创业板ETF易方达
159915.XSHE"
2026-03-05 10:16:00,止盈,创业板ETF易方达,159915.XSHE,3.235,1500.0,7200,142.01,-2.0,2026-03-05,2026-03,"创业板ETF易方达
159915.XSHE"
2026-03-09 09:31:00,加仓,纳指ETF,513100.XSHG,1.748,2700.0,29300,,1.0,2026-03-09,2026-03,"纳指ETF
513100.XSHG"
2026-03-09 09:32:00,加仓,创业板ETF易方达,159915.XSHE,3.126,1500.0,8700,,-1.0,2026-03-09,2026-03,"创业板ETF易方达
159915.XSHE"
2026-03-09 09:36:00,加仓,1000ETF,512100.XSHG,3.218,1500.0,5662,,-2.0,2026-03-09,2026-03,"1000ETF
512100.XSHG"
2026-03-09 09:54:00,加仓,500ETF,510500.XSHG,8.152,500.0,6201,,1.0,2026-03-09,2026-03,"500ETF
510500.XSHG"
2026-03-10 09:31:00,止盈,500ETF,510500.XSHG,8.454,600.0,5601,180.69,0.0,2026-03-10,2026-03,"500ETF
510500.XSHG"
2026-03-10 09:31:00,止盈,1000ETF,512100.XSHG,3.322,1500.0,4162,155.5,-3.0,2026-03-10,2026-03,"1000ETF
512100.XSHG"
2026-03-10 09:31:00,止盈,创业板ETF易方达,159915.XSHE,3.268,1500.0,7200,212.51,-2.0,2026-03-10,2026-03,"创业板ETF易方达
159915.XSHE"
2026-03-11 10:50:00,止盈,创业板ETF易方达,159915.XSHE,3.367,1500.0,5700,147.99,-3.0,2026-03-11,2026-03,"创业板ETF易方达
159915.XSHE"
2026-03-16 09:31:00,加仓,黄金ETF,518880.XSHG,10.625,400.0,4300,,0.0,2026-03-16,2026-03,"黄金ETF
518880.XSHG"
2026-03-16 09:42:00,加仓,500ETF,510500.XSHG,8.189,500.0,6101,,1.0,2026-03-16,2026-03,"500ETF
510500.XSHG"
2026-03-17 14:08:00,加仓,1000ETF,512100.XSHG,3.222,1500.0,5662,,-2.0,2026-03-17,2026-03,"1000ETF
512100.XSHG"
2026-03-19 09:31:00,加仓,黄金ETF,518880.XSHG,10.292,400.0,4700,,1.0,2026-03-19,2026-03,"黄金ETF
518880.XSHG"
2026-03-19 13:45:00,加仓,500ETF,510500.XSHG,7.942,600.0,6701,,2.0,2026-03-19,2026-03,"500ETF
510500.XSHG"
2026-03-20 09:31:00,加仓,黄金ETF,518880.XSHG,9.909,400.0,5100,,2.0,2026-03-20,2026-03,"黄金ETF
518880.XSHG"
2026-03-20 14:52:00,加仓,1000ETF,512100.XSHG,3.125,1500.0,7162,,-1.0,2026-03-20,2026-03,"1000ETF
512100.XSHG"
2026-03-23 09:31:00,加仓,黄金ETF,518880.XSHG,9.48,500.0,5600,,3.0,2026-03-23,2026-03,"黄金ETF
518880.XSHG"
2026-03-23 09:32:00,加仓,500ETF,510500.XSHG,7.694,600.0,7301,,3.0,2026-03-23,2026-03,"500ETF
510500.XSHG"
2026-03-23 11:12:00,加仓,纳指ETF,513100.XSHG,1.694,2800.0,32100,,2.0,2026-03-23,2026-03,"纳指ETF
513100.XSHG"
2026-03-23 11:29:00,加仓,1000ETF,512100.XSHG,3.031,1600.0,8762,,0.0,2026-03-23,2026-03,"1000ETF
512100.XSHG"
2026-03-23 13:00:00,加仓,创业板ETF易方达,159915.XSHE,3.264,1400.0,7100,,-2.0,2026-03-23,2026-03,"创业板ETF易方达
159915.XSHE"
2026-03-23 13:33:00,加仓,黄金ETF,518880.XSHG,9.192,500.0,6100,,4.0,2026-03-23,2026-03,"黄金ETF
518880.XSHG"
2026-03-23 14:44:00,加仓,黄金ETF,518880.XSHG,8.913,500.0,6600,,5.0,2026-03-23,2026-03,"黄金ETF
518880.XSHG"
2026-03-23 14:48:00,加仓,500ETF,510500.XSHG,7.462,600.0,7901,,4.0,2026-03-23,2026-03,"500ETF
510500.XSHG"
2026-03-24 09:31:00,止盈,黄金ETF,518880.XSHG,9.213,500.0,6100,149.54,4.0,2026-03-24,2026-03,"黄金ETF
518880.XSHG"
2026-03-24 10:14:00,加仓,创业板ETF易方达,159915.XSHE,3.166,1500.0,8600,,-1.0,2026-03-24,2026-03,"创业板ETF易方达
159915.XSHE"
2026-03-25 09:31:00,止盈,黄金ETF,518880.XSHG,9.701,500.0,5600,243.51,3.0,2026-03-25,2026-03,"黄金ETF
518880.XSHG"
2026-03-25 09:31:00,止盈,500ETF,510500.XSHG,7.716,600.0,7301,151.94,3.0,2026-03-25,2026-03,"500ETF
510500.XSHG"
2026-03-25 09:31:00,止盈,创业板ETF易方达,159915.XSHE,3.275,1500.0,7100,163.01,-2.0,2026-03-25,2026-03,"创业板ETF易方达
159915.XSHE"
2026-03-26 14:03:00,加仓,黄金ETF,518880.XSHG,9.408,500.0,6100,,4.0,2026-03-26,2026-03,"黄金ETF
518880.XSHG"
2026-03-31 09:31:00,止盈,黄金ETF,518880.XSHG,9.758,500.0,5600,174.51,3.0,2026-03-31,2026-03,"黄金ETF
518880.XSHG"
2026-04-01 14:31:00,止盈,纳指ETF,513100.XSHG,1.745,2900.0,29200,147.39,1.0,2026-04-01,2026-04,"纳指ETF
513100.XSHG"
2026-04-02 13:02:00,加仓,创业板ETF易方达,159915.XSHE,3.174,1500.0,8600,,-1.0,2026-04-02,2026-04,"创业板ETF易方达
159915.XSHE"
2026-04-08 09:31:00,止盈,黄金ETF,518880.XSHG,10.099,500.0,5100,170.0,2.0,2026-04-08,2026-04,"黄金ETF
518880.XSHG"
2026-04-08 09:34:00,止盈,纳指ETF,513100.XSHG,1.8,2800.0,26400,153.5,0.0,2026-04-08,2026-04,"纳指ETF
513100.XSHG"
2026-04-08 09:35:00,止盈,1000ETF,512100.XSHG,3.122,1600.0,7162,145.1,-1.0,2026-04-08,2026-04,"1000ETF
512100.XSHG"
2026-04-08 09:41:00,止盈,创业板ETF易方达,159915.XSHE,3.27,1500.0,7100,143.51,-2.0,2026-04-08,2026-04,"创业板ETF易方达
159915.XSHE"
2026-04-08 11:15:00,止盈,500ETF,510500.XSHG,7.949,600.0,6701,139.32,2.0,2026-04-08,2026-04,"500ETF
510500.XSHG"
2026-04-10 09:35:00,止盈,创业板ETF易方达,159915.XSHE,3.37,1500.0,5600,149.49,-3.0,2026-04-10,2026-04,"创业板ETF易方达
159915.XSHE"
2026-04-10 09:46:00,止盈,1000ETF,512100.XSHG,3.217,1600.0,5562,151.49,-2.0,2026-04-10,2026-04,"1000ETF
512100.XSHG"
2026-04-13 10:01:00,止盈,创业板ETF易方达,159915.XSHE,3.472,1400.0,4200,142.31,-4.0,2026-04-13,2026-04,"创业板ETF易方达
159915.XSHE"
2026-04-15 09:31:00,止盈,纳指ETF,513100.XSHG,1.857,2700.0,23700,153.4,-1.0,2026-04-15,2026-04,"纳指ETF
513100.XSHG"
2026-04-15 09:31:00,止盈,500ETF,510500.XSHG,8.221,600.0,6101,162.71,1.0,2026-04-15,2026-04,"500ETF
510500.XSHG"
2026-04-15 09:31:00,止盈,创业板ETF易方达,159915.XSHE,3.587,1400.0,2800,160.5,-5.0,2026-04-15,2026-04,"创业板ETF易方达
159915.XSHE"
2026-04-17 10:33:00,止盈,1000ETF,512100.XSHG,3.314,1500.0,4062,145.0,-3.0,2026-04-17,2026-04,"1000ETF
512100.XSHG"
2026-04-22 09:39:00,破顶-提前,创业板ETF易方达,159915.XSHE,3.697,,13500,,-5.0,2026-04-22,2026-04,"创业板ETF易方达
159915.XSHE"
2026-04-23 09:33:00,止盈,纳指ETF,513100.XSHG,1.914,2600.0,21100,147.7,-2.0,2026-04-23,2026-04,"纳指ETF
513100.XSHG"
2026-04-28 13:08:00,加仓,黄金ETF,518880.XSHG,9.786,400.0,5500,,3.0,2026-04-28,2026-04,"黄金ETF
518880.XSHG"
2026-04-30 09:31:00,止盈,纳指ETF,513100.XSHG,1.976,2600.0,18500,160.69,-3.0,2026-04-30,2026-04,"纳指ETF
513100.XSHG"
2026-05-06 09:31:00,止盈,500ETF,510500.XSHG,8.541,600.0,5501,191.49,0.0,2026-05-06,2026-05,"500ETF
510500.XSHG"
2026-05-06 09:40:00,止盈,1000ETF,512100.XSHG,3.418,1500.0,2562,155.49,-4.0,2026-05-06,2026-05,"1000ETF
512100.XSHG"
2026-05-06 10:14:00,止盈,创业板ETF易方达,159915.XSHE,3.812,1300.0,12200,149.0,-1.0,2026-05-06,2026-05,"创业板ETF易方达
159915.XSHE"
2026-05-07 09:32:00,止盈,纳指ETF,513100.XSHG,2.037,2500.0,16000,151.99,-4.0,2026-05-07,2026-05,"纳指ETF
513100.XSHG"
2026-05-11 09:31:00,止盈,纳指ETF,513100.XSHG,2.104,2400.0,13600,160.3,-5.0,2026-05-11,2026-05,"纳指ETF
513100.XSHG"
2026-05-11 09:31:00,止盈,500ETF,510500.XSHG,8.84,500.0,5001,149.06,-1.0,2026-05-11,2026-05,"500ETF
510500.XSHG"
2026-05-11 09:31:00,止盈,1000ETF,512100.XSHG,3.53,1400.0,1162,156.31,-5.0,2026-05-11,2026-05,"1000ETF
512100.XSHG"
2026-05-11 13:02:00,止盈,创业板ETF易方达,159915.XSHE,3.929,1300.0,10900,151.59,-2.0,2026-05-11,2026-05,"创业板ETF易方达
159915.XSHE"
2026-05-13 14:34:00,止盈,创业板ETF易方达,159915.XSHE,4.05,1200.0,9700,144.71,-3.0,2026-05-13,2026-05,"创业板ETF易方达
159915.XSHE"
2026-05-15 09:50:00,加仓,创业板ETF易方达,159915.XSHE,3.926,1200.0,10900,,-2.0,2026-05-15,2026-05,"创业板ETF易方达
159915.XSHE"
2026-05-15 14:02:00,加仓,500ETF,510500.XSHG,8.573,500.0,5501,,0.0,2026-05-15,2026-05,"500ETF
510500.XSHG"
2026-05-18 09:31:00,加仓,黄金ETF,518880.XSHG,9.44,500.0,6000,,4.0,2026-05-18,2026-05,"黄金ETF
518880.XSHG"
2026-05-19 13:12:00,加仓,纳指ETF,513100.XSHG,2.04,2300.0,15900,,-4.0,2026-05-19,2026-05,"纳指ETF
513100.XSHG"
2026-05-21 09:32:00,止盈,500ETF,510500.XSHG,8.843,500.0,5001,134.56,-1.0,2026-05-21,2026-05,"500ETF
510500.XSHG"
2026-05-21 13:17:00,止盈,纳指ETF,513100.XSHG,2.102,2400.0,13500,148.3,-5.0,2026-05-21,2026-05,"纳指ETF
513100.XSHG"
2026-05-21 14:31:00,加仓,500ETF,510500.XSHG,8.575,500.0,5501,,0.0,2026-05-21,2026-05,"500ETF
510500.XSHG"
2026-05-21 14:53:00,加仓,1000ETF,512100.XSHG,3.424,1400.0,2562,,-4.0,2026-05-21,2026-05,"1000ETF
512100.XSHG"
