number,value,datetime_start,datetime_complete,duration,params_GRID_MAX_LAYER,params_GRID_STEP_MAX,params_GRID_STEP_MIN,params_GRID_STEP_VOL_FACTOR,params_LAYER_FRACTION,params_MAX_HOLD,params_REBALANCE_FREQ,params_VOL_WEIGHT,user_attrs_avg_test_score,user_attrs_avg_train_score,user_attrs_test_score_std,user_attrs_train_test_gap,state
0,-0.6366730818344307,2026-05-08 11:22:52.521567,2026-05-08 11:22:52.684299,0 days 00:00:00.162732,3,0.03,0.01,0.3,0.12,50,5,0.5,-0.5212576607076007,-0.052080580868529326,0.23083084225366002,0.46917707983907136,COMPLETE
1,-0.6113107887239699,2026-05-08 11:22:52.692502,2026-05-08 11:22:52.857157,0 days 00:00:00.164655,4,0.05,0.01,0.3,0.12,30,10,0.5,-0.4915121035520145,-0.008758949071099207,0.2395973703439109,0.4827531544809153,COMPLETE
2,-0.5937848188375391,2026-05-08 11:22:52.865240,2026-05-08 11:22:53.021423,0 days 00:00:00.156183,4,0.05,0.02,0.6,0.12,50,20,0.65,-0.47552020279605084,-0.00806779301665121,0.23652923208297652,0.4674524097793996,COMPLETE
3,-0.637832931249574,2026-05-08 11:22:53.029644,2026-05-08 11:22:53.190055,0 days 00:00:00.160411,2,0.05,0.02,0.3,0.12,10,20,0.8,-0.5031705456936576,-0.05120559485600534,0.2693247711118328,0.45196495083765226,COMPLETE
4,-0.6180674544892248,2026-05-08 11:22:53.200294,2026-05-08 11:22:53.363026,0 days 00:00:00.162732,4,0.05,0.01,0.6,0.16,30,10,0.5,-0.5030129240257253,-0.022597535884867348,0.230109060926999,0.48041538814085794,COMPLETE
5,-0.6305918583205823,2026-05-08 11:22:53.371587,2026-05-08 11:22:53.464939,0 days 00:00:00.093352,2,0.03,0.02,0.3,0.16,20,20,0.8,,,,,PRUNED
6,-0.49156833193709215,2026-05-08 11:22:53.473128,2026-05-08 11:22:53.586227,0 days 00:00:00.113099,3,0.05,0.01,0.45,0.16,50,20,0.65,,,,,PRUNED
7,-0.6071499313077073,2026-05-08 11:22:53.594746,2026-05-08 11:22:53.749079,0 days 00:00:00.154333,3,0.05,0.01,0.6,0.12,30,5,0.65,-0.4874325992686154,-0.011780422613316577,0.23943466407818384,0.4756521766552988,COMPLETE
8,-0.7094544694288676,2026-05-08 11:22:53.757126,2026-05-08 11:22:53.847547,0 days 00:00:00.090421,4,0.03,0.01,0.45,0.16,10,20,0.5,,,,,PRUNED
9,-0.650954743325313,2026-05-08 11:22:53.855696,2026-05-08 11:22:53.951246,0 days 00:00:00.095550,2,0.05,0.01,0.3,0.16,10,20,0.65,,,,,PRUNED
10,-0.4890617986389082,2026-05-08 11:22:53.961587,2026-05-08 11:22:54.115993,0 days 00:00:00.154406,4,0.05,0.02,0.6,0.16,50,20,0.65,,,,,PRUNED
11,-0.6071499313077073,2026-05-08 11:22:54.127677,2026-05-08 11:22:54.301979,0 days 00:00:00.174302,3,0.05,0.01,0.6,0.12,30,5,0.65,-0.4874325992686154,-0.011780422613316577,0.23943466407818384,0.4756521766552988,COMPLETE
12,-0.5937848188375391,2026-05-08 11:22:54.310056,2026-05-08 11:22:54.473589,0 days 00:00:00.163533,4,0.05,0.02,0.6,0.12,30,20,0.8,-0.47552020279605084,-0.00806779301665121,0.23652923208297652,0.4674524097793996,COMPLETE
13,-0.5937848188375391,2026-05-08 11:22:54.482158,2026-05-08 11:22:54.639027,0 days 00:00:00.156869,4,0.05,0.02,0.6,0.12,30,20,0.8,-0.47552020279605084,-0.00806779301665121,0.23652923208297652,0.4674524097793996,COMPLETE
14,-0.6063732382114347,2026-05-08 11:22:54.648017,2026-05-08 11:22:54.804655,0 days 00:00:00.156638,4,0.05,0.02,0.45,0.12,50,5,0.65,-0.48736101763812506,-0.007004991979622843,0.2380244411466193,0.4803560256585022,COMPLETE
15,-0.5972249045209304,2026-05-08 11:22:54.813556,2026-05-08 11:22:54.968967,0 days 00:00:00.155411,2,0.05,0.02,0.6,0.12,20,20,0.65,-0.4779537446022963,-0.015686061046629833,0.23854231983726826,0.46226768355566644,COMPLETE
16,-0.5937848188375391,2026-05-08 11:22:54.978773,2026-05-08 11:22:55.133608,0 days 00:00:00.154835,4,0.05,0.01,0.6,0.12,50,20,0.65,-0.47552020279605084,-0.00806779301665121,0.23652923208297652,0.4674524097793996,COMPLETE
17,-0.6101706689371709,2026-05-08 11:22:55.143129,2026-05-08 11:22:55.237975,0 days 00:00:00.094846,4,0.03,0.02,0.6,0.12,50,20,0.8,,,,,PRUNED
18,-0.5956164177999206,2026-05-08 11:22:55.247079,2026-05-08 11:22:55.403740,0 days 00:00:00.156661,4,0.03,0.02,0.6,0.08,30,20,0.5,-0.47624802421254225,-0.01580119472833894,0.23873678717475677,0.4604468294842033,COMPLETE
19,-0.6312330893714362,2026-05-08 11:22:55.413573,2026-05-08 11:22:55.504723,0 days 00:00:00.091150,4,0.05,0.02,0.6,0.08,10,20,0.65,,,,,PRUNED
20,-0.5808079879707687,2026-05-08 11:22:55.514186,2026-05-08 11:22:55.665745,0 days 00:00:00.151559,2,0.05,0.01,0.6,0.08,30,20,0.8,-0.4564140742633455,0.0038146902157996337,0.2487878274148463,0.4602287644791451,COMPLETE
21,-0.5810620472346991,2026-05-08 11:22:55.673956,2026-05-08 11:22:55.830804,0 days 00:00:00.156848,2,0.05,0.01,0.45,0.08,30,20,0.8,-0.4565767646114587,0.003875614850991503,0.2489705652464808,0.4604523794624502,COMPLETE
22,-0.5916862157057383,2026-05-08 11:22:55.838123,2026-05-08 11:22:55.991387,0 days 00:00:00.153264,2,0.05,0.01,0.45,0.08,30,5,0.8,-0.46664711522588725,0.0046344150875941015,0.25007820095970207,0.47128153031348136,COMPLETE
23,-0.5808079879707687,2026-05-08 11:22:55.999939,2026-05-08 11:22:56.163413,0 days 00:00:00.163474,2,0.05,0.01,0.6,0.08,30,20,0.8,-0.4564140742633455,0.0038146902157996337,0.2487878274148463,0.4602287644791451,COMPLETE
24,-0.5808079879707687,2026-05-08 11:22:56.172339,2026-05-08 11:22:56.321566,0 days 00:00:00.149227,2,0.05,0.01,0.6,0.08,30,20,0.8,-0.4564140742633455,0.0038146902157996337,0.2487878274148463,0.4602287644791451,COMPLETE
25,-0.5968016608986657,2026-05-08 11:22:56.330265,2026-05-08 11:22:56.430291,0 days 00:00:00.100026,2,0.03,0.01,0.6,0.08,30,20,0.8,,,,,PRUNED
26,-0.5808079879707687,2026-05-08 11:22:56.438838,2026-05-08 11:22:56.602917,0 days 00:00:00.164079,2,0.05,0.01,0.6,0.08,50,20,0.8,-0.4564140742633455,0.0038146902157996337,0.2487878274148463,0.4602287644791451,COMPLETE
27,-0.5808079879707687,2026-05-08 11:22:56.612289,2026-05-08 11:22:56.767525,0 days 00:00:00.155236,2,0.05,0.01,0.6,0.08,30,20,0.65,-0.4564140742633455,0.0038146902157996337,0.2487878274148463,0.4602287644791451,COMPLETE
28,-0.5928193994794824,2026-05-08 11:22:56.776856,2026-05-08 11:22:56.870509,0 days 00:00:00.093653,3,0.05,0.02,0.6,0.08,30,5,0.8,,,,,PRUNED
29,-0.5889750732331619,2026-05-08 11:22:56.878951,2026-05-08 11:22:56.967621,0 days 00:00:00.088670,2,0.05,0.01,0.6,0.12,30,20,0.8,,,,,PRUNED
30,-0.6017651620192361,2026-05-08 11:22:56.976033,2026-05-08 11:22:57.070953,0 days 00:00:00.094920,2,0.05,0.02,0.6,0.16,30,20,0.8,,,,,PRUNED
31,-0.5808079879707687,2026-05-08 11:22:57.079720,2026-05-08 11:22:57.237292,0 days 00:00:00.157572,2,0.05,0.01,0.6,0.08,20,20,0.8,-0.4564140742633455,0.0038146902157996337,0.2487878274148463,0.4602287644791451,COMPLETE
32,-0.5808079879707687,2026-05-08 11:22:57.246313,2026-05-08 11:22:57.403838,0 days 00:00:00.157525,2,0.05,0.02,0.6,0.08,50,20,0.8,-0.4564140742633455,0.0038146902157996337,0.2487878274148463,0.4602287644791451,COMPLETE
33,-0.578969099929025,2026-05-08 11:22:57.413338,2026-05-08 11:22:57.649378,0 days 00:00:00.236040,3,0.05,0.01,0.6,0.08,50,20,0.8,-0.4560462215679272,0.00605337496133322,0.2458457567221957,0.4620995965292604,COMPLETE
34,-0.6314822235719273,2026-05-08 11:22:57.664855,2026-05-08 11:22:57.833065,0 days 00:00:00.168210,3,0.05,0.01,0.6,0.08,10,20,0.8,,,,,PRUNED
35,-0.5952477886687461,2026-05-08 11:22:57.846161,2026-05-08 11:22:57.997735,0 days 00:00:00.151574,2,0.05,0.01,0.6,0.08,30,10,0.8,,,,,PRUNED
36,-0.5838551528303769,2026-05-08 11:22:58.014349,2026-05-08 11:22:58.213825,0 days 00:00:00.199476,2,0.05,0.01,0.3,0.08,30,20,0.5,-0.46159038435836575,0.0015998991807086146,0.2445295369440223,0.4631902835390744,COMPLETE
37,-0.6286097972287283,2026-05-08 11:22:58.225379,2026-05-08 11:22:58.364862,0 days 00:00:00.139483,2,0.05,0.01,0.6,0.08,10,20,0.5,,,,,PRUNED
38,-0.5949077026341272,2026-05-08 11:22:58.377092,2026-05-08 11:22:58.521349,0 days 00:00:00.144257,3,0.05,0.01,0.3,0.08,50,10,0.5,,,,,PRUNED
39,-0.5975526404445798,2026-05-08 11:22:58.532271,2026-05-08 11:22:58.635143,0 days 00:00:00.102872,3,0.03,0.01,0.6,0.08,50,20,0.8,,,,,PRUNED
40,-0.6038900871162599,2026-05-08 11:22:58.644157,2026-05-08 11:22:58.735512,0 days 00:00:00.091355,3,0.05,0.01,0.6,0.12,50,10,0.8,,,,,PRUNED
41,-0.5809124743697578,2026-05-08 11:22:58.744815,2026-05-08 11:22:58.895708,0 days 00:00:00.150893,4,0.05,0.01,0.6,0.08,50,20,0.8,-0.457759688554694,0.00783529820812324,0.2463055716301275,0.46559498676281724,COMPLETE
42,-0.6200767265682279,2026-05-08 11:22:58.903780,2026-05-08 11:22:58.990998,0 days 00:00:00.087218,2,0.05,0.01,0.6,0.16,30,5,0.8,,,,,PRUNED
43,-0.5838551528303769,2026-05-08 11:22:58.999634,2026-05-08 11:22:59.152570,0 days 00:00:00.152936,2,0.05,0.01,0.3,0.08,50,20,0.8,-0.46159038435836575,0.0015998991807086146,0.2445295369440223,0.4631902835390744,COMPLETE
44,-0.5909179871540535,2026-05-08 11:22:59.160622,2026-05-08 11:22:59.253708,0 days 00:00:00.093086,2,0.05,0.01,0.6,0.08,50,5,0.8,,,,,PRUNED
45,-0.6081982030239713,2026-05-08 11:22:59.261943,2026-05-08 11:22:59.349422,0 days 00:00:00.087479,3,0.05,0.01,0.6,0.16,50,20,0.8,,,,,PRUNED
46,-0.5808079879707687,2026-05-08 11:22:59.357197,2026-05-08 11:22:59.513643,0 days 00:00:00.156446,2,0.05,0.01,0.6,0.08,30,20,0.8,-0.4564140742633455,0.0038146902157996337,0.2487878274148463,0.4602287644791451,COMPLETE
47,-0.5952477886687461,2026-05-08 11:22:59.521880,2026-05-08 11:22:59.608781,0 days 00:00:00.086901,2,0.05,0.01,0.6,0.08,50,10,0.65,,,,,PRUNED
48,-0.578969099929025,2026-05-08 11:22:59.617470,2026-05-08 11:22:59.771114,0 days 00:00:00.153644,3,0.05,0.01,0.6,0.08,50,20,0.8,-0.4560462215679272,0.00605337496133322,0.2458457567221957,0.4620995965292604,COMPLETE
49,-0.578969099929025,2026-05-08 11:22:59.780492,2026-05-08 11:22:59.945070,0 days 00:00:00.164578,3,0.05,0.01,0.6,0.08,30,20,0.5,-0.4560462215679272,0.00605337496133322,0.2458457567221957,0.4620995965292604,COMPLETE
50,-0.5795032069711458,2026-05-08 11:22:59.953816,2026-05-08 11:23:00.131446,0 days 00:00:00.177630,3,0.05,0.01,0.45,0.08,30,20,0.5,-0.4563492756201414,0.005659615781494328,0.24630786270200875,0.4620088914016357,COMPLETE
51,-0.5795032069711458,2026-05-08 11:23:00.140147,2026-05-08 11:23:00.303607,0 days 00:00:00.163460,3,0.05,0.01,0.45,0.08,30,20,0.5,-0.4563492756201414,0.005659615781494328,0.24630786270200875,0.4620088914016357,COMPLETE
52,-0.5795032069711458,2026-05-08 11:23:00.312850,2026-05-08 11:23:00.469096,0 days 00:00:00.156246,3,0.05,0.01,0.45,0.08,30,20,0.5,-0.4563492756201414,0.005659615781494328,0.24630786270200875,0.4620088914016357,COMPLETE
53,-0.5869801368260765,2026-05-08 11:23:00.477533,2026-05-08 11:23:00.568737,0 days 00:00:00.091204,3,0.05,0.01,0.45,0.12,30,20,0.5,,,,,PRUNED
54,-0.578969099929025,2026-05-08 11:23:00.578493,2026-05-08 11:23:00.734549,0 days 00:00:00.156056,3,0.05,0.01,0.6,0.08,30,20,0.5,-0.4560462215679272,0.00605337496133322,0.2458457567221957,0.4620995965292604,COMPLETE
55,-0.5809124743697578,2026-05-08 11:23:00.745111,2026-05-08 11:23:00.905155,0 days 00:00:00.160044,4,0.05,0.01,0.6,0.08,30,20,0.5,-0.457759688554694,0.00783529820812324,0.2463055716301275,0.46559498676281724,COMPLETE
56,-0.5928193994794824,2026-05-08 11:23:00.914205,2026-05-08 11:23:01.002847,0 days 00:00:00.088642,3,0.05,0.01,0.6,0.08,30,5,0.5,,,,,PRUNED
57,-0.578969099929025,2026-05-08 11:23:01.011690,2026-05-08 11:23:01.160516,0 days 00:00:00.148826,3,0.05,0.01,0.6,0.08,30,20,0.5,-0.4560462215679272,0.00605337496133322,0.2458457567221957,0.4620995965292604,COMPLETE
58,-0.578969099929025,2026-05-08 11:23:01.168948,2026-05-08 11:23:01.323404,0 days 00:00:00.154456,3,0.05,0.02,0.6,0.08,30,20,0.5,-0.4560462215679272,0.00605337496133322,0.2458457567221957,0.4620995965292604,COMPLETE
59,-0.578969099929025,2026-05-08 11:23:01.332240,2026-05-08 11:23:01.485483,0 days 00:00:00.153243,3,0.05,0.01,0.6,0.08,50,20,0.5,-0.4560462215679272,0.00605337496133322,0.2458457567221957,0.4620995965292604,COMPLETE
60,-0.578969099929025,2026-05-08 11:23:01.492902,2026-05-08 11:23:01.647786,0 days 00:00:00.154884,3,0.05,0.02,0.6,0.08,30,20,0.5,-0.4560462215679272,0.00605337496133322,0.2458457567221957,0.4620995965292604,COMPLETE
61,-0.6081982030239713,2026-05-08 11:23:01.657600,2026-05-08 11:23:01.752412,0 days 00:00:00.094812,3,0.05,0.01,0.6,0.16,30,20,0.5,,,,,PRUNED
62,-0.5953175384698193,2026-05-08 11:23:01.761065,2026-05-08 11:23:01.849001,0 days 00:00:00.087936,3,0.05,0.01,0.45,0.08,50,10,0.8,,,,,PRUNED
63,-0.578969099929025,2026-05-08 11:23:01.858188,2026-05-08 11:23:02.011372,0 days 00:00:00.153184,3,0.05,0.01,0.6,0.08,50,20,0.5,-0.4560462215679272,0.00605337496133322,0.2458457567221957,0.4620995965292604,COMPLETE
64,-0.6038900871162599,2026-05-08 11:23:02.019466,2026-05-08 11:23:02.115926,0 days 00:00:00.096460,3,0.05,0.01,0.6,0.12,30,10,0.5,,,,,PRUNED
65,-0.6097036268649256,2026-05-08 11:23:02.123605,2026-05-08 11:23:02.218424,0 days 00:00:00.094819,3,0.03,0.01,0.6,0.12,30,20,0.5,,,,,PRUNED
66,-0.578969099929025,2026-05-08 11:23:02.226630,2026-05-08 11:23:02.394420,0 days 00:00:00.167790,3,0.05,0.01,0.6,0.08,20,20,0.5,-0.4560462215679272,0.00605337496133322,0.2458457567221957,0.4620995965292604,COMPLETE
67,-0.578969099929025,2026-05-08 11:23:02.402514,2026-05-08 11:23:02.573389,0 days 00:00:00.170875,3,0.05,0.01,0.6,0.08,50,20,0.8,-0.4560462215679272,0.00605337496133322,0.2458457567221957,0.4620995965292604,COMPLETE
68,-0.6150092699411038,2026-05-08 11:23:02.587102,2026-05-08 11:23:02.707979,0 days 00:00:00.120877,3,0.03,0.01,0.6,0.08,30,10,0.5,,,,,PRUNED
69,-0.5957511125305064,2026-05-08 11:23:02.719633,2026-05-08 11:23:02.818124,0 days 00:00:00.098491,3,0.05,0.02,0.6,0.08,50,10,0.5,,,,,PRUNED
70,-0.578969099929025,2026-05-08 11:23:02.825916,2026-05-08 11:23:02.976618,0 days 00:00:00.150702,3,0.05,0.01,0.6,0.08,30,20,0.5,-0.4560462215679272,0.00605337496133322,0.2458457567221957,0.4620995965292604,COMPLETE
71,-0.578969099929025,2026-05-08 11:23:02.985077,2026-05-08 11:23:03.138435,0 days 00:00:00.153358,3,0.05,0.02,0.6,0.08,30,20,0.5,-0.4560462215679272,0.00605337496133322,0.2458457567221957,0.4620995965292604,COMPLETE
72,-0.5795032069711458,2026-05-08 11:23:03.149122,2026-05-08 11:23:03.339171,0 days 00:00:00.190049,3,0.05,0.02,0.45,0.08,30,20,0.65,-0.4563492756201414,0.005659615781494328,0.24630786270200875,0.4620088914016357,COMPLETE
73,-0.5928193994794824,2026-05-08 11:23:03.349075,2026-05-08 11:23:03.460914,0 days 00:00:00.111839,3,0.05,0.01,0.6,0.08,50,5,0.65,,,,,PRUNED
74,-0.6465399877762202,2026-05-08 11:23:03.469632,2026-05-08 11:23:03.565186,0 days 00:00:00.095554,3,0.05,0.02,0.6,0.16,10,20,0.5,,,,,PRUNED
75,-0.578969099929025,2026-05-08 11:23:03.573641,2026-05-08 11:23:03.758273,0 days 00:00:00.184632,3,0.05,0.02,0.6,0.08,20,20,0.65,-0.4560462215679272,0.00605337496133322,0.2458457567221957,0.4620995965292604,COMPLETE
76,-0.6405134789743206,2026-05-08 11:23:03.769986,2026-05-08 11:23:03.893958,0 days 00:00:00.123972,3,0.05,0.01,0.6,0.12,10,20,0.5,,,,,PRUNED
77,-0.5767861238051477,2026-05-08 11:23:03.904944,2026-05-08 11:23:04.032830,0 days 00:00:00.127886,4,0.05,0.02,0.6,0.08,50,20,0.5,,,,,PRUNED
78,-0.5760408379987116,2026-05-08 11:23:04.045750,2026-05-08 11:23:04.169707,0 days 00:00:00.123957,4,0.05,0.02,0.45,0.08,30,20,0.5,,,,,PRUNED
79,-0.5909179871540535,2026-05-08 11:23:04.186301,2026-05-08 11:23:04.327862,0 days 00:00:00.141561,2,0.05,0.02,0.6,0.08,30,5,0.5,,,,,PRUNED
80,-0.6081982030239713,2026-05-08 11:23:04.347369,2026-05-08 11:23:04.512607,0 days 00:00:00.165238,3,0.05,0.02,0.6,0.16,30,20,0.65,,,,,PRUNED
81,-0.578969099929025,2026-05-08 11:23:04.530493,2026-05-08 11:23:04.809075,0 days 00:00:00.278582,3,0.05,0.01,0.6,0.08,50,20,0.5,-0.4560462215679272,0.00605337496133322,0.2458457567221957,0.4620995965292604,COMPLETE
82,-0.5749687272496626,2026-05-08 11:23:04.823798,2026-05-08 11:23:04.969468,0 days 00:00:00.145670,3,0.05,0.02,0.3,0.08,50,20,0.8,,,,,PRUNED
83,-0.5986362602015844,2026-05-08 11:23:04.983341,2026-05-08 11:23:05.351334,0 days 00:00:00.367993,3,0.03,0.01,0.3,0.08,50,20,0.5,,,,,PRUNED
84,-0.5975526404445798,2026-05-08 11:23:05.368865,2026-05-08 11:23:05.539967,0 days 00:00:00.171102,3,0.03,0.02,0.6,0.08,50,20,0.5,,,,,PRUNED
85,-0.5889750732331619,2026-05-08 11:23:05.557701,2026-05-08 11:23:05.720650,0 days 00:00:00.162949,2,0.05,0.02,0.6,0.12,30,20,0.5,,,,,PRUNED
86,-0.5808079879707687,2026-05-08 11:23:05.737806,2026-05-08 11:23:05.994063,0 days 00:00:00.256257,2,0.05,0.01,0.6,0.08,50,20,0.5,-0.4564140742633455,0.0038146902157996337,0.2487878274148463,0.4602287644791451,COMPLETE
87,-0.578969099929025,2026-05-08 11:23:06.006716,2026-05-08 11:23:06.252971,0 days 00:00:00.246255,3,0.05,0.02,0.6,0.08,50,20,0.5,-0.4560462215679272,0.00605337496133322,0.2458457567221957,0.4620995965292604,COMPLETE
88,-0.578969099929025,2026-05-08 11:23:06.269497,2026-05-08 11:23:06.546026,0 days 00:00:00.276529,3,0.05,0.01,0.6,0.08,50,20,0.65,-0.4560462215679272,0.00605337496133322,0.2458457567221957,0.4620995965292604,COMPLETE
89,-0.5931245265228606,2026-05-08 11:23:06.564782,2026-05-08 11:23:06.728849,0 days 00:00:00.164067,3,0.05,0.02,0.3,0.08,30,5,0.5,,,,,PRUNED
90,-0.5957511125305064,2026-05-08 11:23:06.741030,2026-05-08 11:23:06.925916,0 days 00:00:00.184886,3,0.05,0.01,0.6,0.08,30,10,0.65,,,,,PRUNED
91,-0.6081213510976907,2026-05-08 11:23:06.942861,2026-05-08 11:23:07.123439,0 days 00:00:00.180578,3,0.05,0.01,0.6,0.12,50,5,0.5,,,,,PRUNED
92,-0.578969099929025,2026-05-08 11:23:07.138971,2026-05-08 11:23:07.374196,0 days 00:00:00.235225,3,0.05,0.01,0.6,0.08,20,20,0.5,-0.4560462215679272,0.00605337496133322,0.2458457567221957,0.4620995965292604,COMPLETE
93,-0.6245311439559214,2026-05-08 11:23:07.388163,2026-05-08 11:23:07.532410,0 days 00:00:00.144247,3,0.05,0.01,0.6,0.08,10,10,0.5,,,,,PRUNED
94,-0.5975526404445798,2026-05-08 11:23:07.545172,2026-05-08 11:23:07.680698,0 days 00:00:00.135526,3,0.03,0.02,0.6,0.08,30,20,0.8,,,,,PRUNED
95,-0.5901101001234356,2026-05-08 11:23:07.696021,2026-05-08 11:23:07.839748,0 days 00:00:00.143727,3,0.05,0.02,0.6,0.12,30,20,0.5,,,,,PRUNED
96,-0.6090566335893609,2026-05-08 11:23:07.852062,2026-05-08 11:23:07.986608,0 days 00:00:00.134546,3,0.05,0.01,0.45,0.16,50,20,0.5,,,,,PRUNED
97,-0.5975526404445798,2026-05-08 11:23:07.999729,2026-05-08 11:23:08.134100,0 days 00:00:00.134371,3,0.03,0.01,0.6,0.08,30,20,0.5,,,,,PRUNED
98,-0.5901101001234356,2026-05-08 11:23:08.149107,2026-05-08 11:23:08.287402,0 days 00:00:00.138295,3,0.05,0.01,0.6,0.12,20,20,0.8,,,,,PRUNED
99,-0.5749687272496626,2026-05-08 11:23:08.300284,2026-05-08 11:23:08.437617,0 days 00:00:00.137333,3,0.05,0.02,0.3,0.08,30,20,0.5,,,,,PRUNED
100,-0.5749687272496626,2026-05-08 11:23:08.449026,2026-05-08 11:23:08.577326,0 days 00:00:00.128300,3,0.05,0.01,0.3,0.08,50,20,0.5,,,,,PRUNED
101,-0.578969099929025,2026-05-08 11:23:08.596785,2026-05-08 11:23:08.845449,0 days 00:00:00.248664,3,0.05,0.01,0.6,0.08,50,20,0.8,-0.4560462215679272,0.00605337496133322,0.2458457567221957,0.4620995965292604,COMPLETE
102,-0.578969099929025,2026-05-08 11:23:08.862718,2026-05-08 11:23:09.087220,0 days 00:00:00.224502,3,0.05,0.01,0.6,0.08,20,20,0.8,-0.4560462215679272,0.00605337496133322,0.2458457567221957,0.4620995965292604,COMPLETE
103,-0.5928193994794824,2026-05-08 11:23:09.100471,2026-05-08 11:23:09.237238,0 days 00:00:00.136767,3,0.05,0.02,0.6,0.08,20,5,0.5,,,,,PRUNED
104,-0.5957511125305064,2026-05-08 11:23:09.250553,2026-05-08 11:23:09.384835,0 days 00:00:00.134282,3,0.05,0.01,0.6,0.08,50,10,0.8,,,,,PRUNED
105,-0.574873306442636,2026-05-08 11:23:09.398981,2026-05-08 11:23:09.529206,0 days 00:00:00.130225,3,0.05,0.01,0.45,0.08,50,20,0.8,,,,,PRUNED
106,-0.6134232157352639,2026-05-08 11:23:09.543063,2026-05-08 11:23:09.673676,0 days 00:00:00.130613,2,0.03,0.01,0.6,0.08,20,5,0.5,,,,,PRUNED
107,-0.578969099929025,2026-05-08 11:23:09.686736,2026-05-08 11:23:09.921500,0 days 00:00:00.234764,3,0.05,0.01,0.6,0.08,30,20,0.8,-0.4560462215679272,0.00605337496133322,0.2458457567221957,0.4620995965292604,COMPLETE
108,-0.578969099929025,2026-05-08 11:23:09.937100,2026-05-08 11:23:10.172263,0 days 00:00:00.235163,3,0.05,0.02,0.6,0.08,50,20,0.8,-0.4560462215679272,0.00605337496133322,0.2458457567221957,0.4620995965292604,COMPLETE
109,-0.578969099929025,2026-05-08 11:23:10.186139,2026-05-08 11:23:10.425563,0 days 00:00:00.239424,3,0.05,0.01,0.6,0.08,30,20,0.65,-0.4560462215679272,0.00605337496133322,0.2458457567221957,0.4620995965292604,COMPLETE
110,-0.5923203217846534,2026-05-08 11:23:10.438650,2026-05-08 11:23:10.583628,0 days 00:00:00.144978,4,0.03,0.01,0.6,0.08,50,20,0.5,,,,,PRUNED
111,-0.578969099929025,2026-05-08 11:23:10.596456,2026-05-08 11:23:10.861248,0 days 00:00:00.264792,3,0.05,0.01,0.6,0.08,30,20,0.5,-0.4560462215679272,0.00605337496133322,0.2458457567221957,0.4620995965292604,COMPLETE
112,-0.6231503240990874,2026-05-08 11:23:10.878272,2026-05-08 11:23:11.034007,0 days 00:00:00.155735,3,0.05,0.01,0.6,0.16,50,10,0.5,,,,,PRUNED
113,-0.5901101001234356,2026-05-08 11:23:11.050154,2026-05-08 11:23:11.207322,0 days 00:00:00.157168,3,0.05,0.01,0.6,0.12,50,20,0.8,,,,,PRUNED
114,-0.5928193994794824,2026-05-08 11:23:11.223683,2026-05-08 11:23:11.405539,0 days 00:00:00.181856,3,0.05,0.01,0.6,0.08,50,5,0.8,,,,,PRUNED
115,-0.5901101001234356,2026-05-08 11:23:11.422322,2026-05-08 11:23:11.557477,0 days 00:00:00.135155,3,0.05,0.01,0.6,0.12,30,20,0.5,,,,,PRUNED
116,-0.5927185030454039,2026-05-08 11:23:11.573170,2026-05-08 11:23:11.708582,0 days 00:00:00.135412,3,0.05,0.01,0.45,0.08,50,5,0.5,,,,,PRUNED
117,-0.6314822235719273,2026-05-08 11:23:11.721339,2026-05-08 11:23:11.854267,0 days 00:00:00.132928,3,0.05,0.01,0.6,0.08,10,20,0.5,,,,,PRUNED
118,-0.6017651620192361,2026-05-08 11:23:11.867464,2026-05-08 11:23:11.999195,0 days 00:00:00.131731,2,0.05,0.01,0.6,0.16,20,20,0.5,,,,,PRUNED
119,-0.5957511125305064,2026-05-08 11:23:12.016893,2026-05-08 11:23:12.156887,0 days 00:00:00.139994,3,0.05,0.01,0.6,0.08,30,10,0.5,,,,,PRUNED
120,-0.578969099929025,2026-05-08 11:23:12.169833,2026-05-08 11:23:12.402343,0 days 00:00:00.232510,3,0.05,0.02,0.6,0.08,20,20,0.5,-0.4560462215679272,0.00605337496133322,0.2458457567221957,0.4620995965292604,COMPLETE
121,-0.578969099929025,2026-05-08 11:23:12.416258,2026-05-08 11:23:12.645966,0 days 00:00:00.229708,3,0.05,0.02,0.6,0.08,30,20,0.5,-0.4560462215679272,0.00605337496133322,0.2458457567221957,0.4620995965292604,COMPLETE
122,-0.5767861238051477,2026-05-08 11:23:12.659010,2026-05-08 11:23:12.791048,0 days 00:00:00.132038,4,0.05,0.02,0.6,0.08,30,20,0.8,,,,,PRUNED
123,-0.5957511125305064,2026-05-08 11:23:12.803415,2026-05-08 11:23:12.972641,0 days 00:00:00.169226,3,0.05,0.02,0.6,0.08,30,10,0.5,,,,,PRUNED
124,-0.5767861238051477,2026-05-08 11:23:12.986519,2026-05-08 11:23:13.132128,0 days 00:00:00.145609,4,0.05,0.02,0.6,0.08,30,20,0.5,,,,,PRUNED
125,-0.5975526404445798,2026-05-08 11:23:13.144912,2026-05-08 11:23:13.278705,0 days 00:00:00.133793,3,0.03,0.02,0.6,0.08,30,20,0.5,,,,,PRUNED
126,-0.6314822235719273,2026-05-08 11:23:13.291356,2026-05-08 11:23:13.425562,0 days 00:00:00.134206,3,0.05,0.02,0.45,0.08,10,20,0.5,,,,,PRUNED
127,-0.578969099929025,2026-05-08 11:23:13.440494,2026-05-08 11:23:13.689888,0 days 00:00:00.249394,3,0.05,0.01,0.6,0.08,30,20,0.5,-0.4560462215679272,0.00605337496133322,0.2458457567221957,0.4620995965292604,COMPLETE
128,-0.578969099929025,2026-05-08 11:23:13.702632,2026-05-08 11:23:13.928292,0 days 00:00:00.225660,3,0.05,0.02,0.6,0.08,30,20,0.5,-0.4560462215679272,0.00605337496133322,0.2458457567221957,0.4620995965292604,COMPLETE
129,-0.6314822235719273,2026-05-08 11:23:13.942744,2026-05-08 11:23:14.073408,0 days 00:00:00.130664,3,0.05,0.02,0.6,0.08,10,20,0.5,,,,,PRUNED
130,-0.4482531658416665,2026-05-08 11:23:14.087631,2026-05-08 11:23:14.254517,0 days 00:00:00.166886,2,0.05,0.02,0.6,0.08,30,20,0.5,,,,,PRUNED
131,-0.578969099929025,2026-05-08 11:23:14.268025,2026-05-08 11:23:14.496824,0 days 00:00:00.228799,3,0.05,0.02,0.6,0.08,20,20,0.65,-0.4560462215679272,0.00605337496133322,0.2458457567221957,0.4620995965292604,COMPLETE
132,-0.5928193994794824,2026-05-08 11:23:14.509137,2026-05-08 11:23:14.640536,0 days 00:00:00.131399,3,0.05,0.02,0.6,0.08,30,5,0.5,,,,,PRUNED
133,-0.578969099929025,2026-05-08 11:23:14.652788,2026-05-08 11:23:14.889795,0 days 00:00:00.237007,3,0.05,0.02,0.6,0.08,30,20,0.65,-0.4560462215679272,0.00605337496133322,0.2458457567221957,0.4620995965292604,COMPLETE
134,-0.578969099929025,2026-05-08 11:23:14.902920,2026-05-08 11:23:15.175849,0 days 00:00:00.272929,3,0.05,0.01,0.6,0.08,50,20,0.5,-0.4560462215679272,0.00605337496133322,0.2458457567221957,0.4620995965292604,COMPLETE
135,-0.5901101001234356,2026-05-08 11:23:15.188254,2026-05-08 11:23:15.319156,0 days 00:00:00.130902,3,0.05,0.02,0.6,0.12,20,20,0.65,,,,,PRUNED
136,-0.5767861238051477,2026-05-08 11:23:15.333781,2026-05-08 11:23:15.473721,0 days 00:00:00.139940,4,0.05,0.01,0.6,0.08,20,20,0.5,,,,,PRUNED
137,-0.5749687272496626,2026-05-08 11:23:15.485975,2026-05-08 11:23:15.663710,0 days 00:00:00.177735,3,0.05,0.01,0.3,0.08,50,20,0.8,,,,,PRUNED
138,-0.574873306442636,2026-05-08 11:23:15.680181,2026-05-08 11:23:15.842624,0 days 00:00:00.162443,3,0.05,0.02,0.45,0.08,30,20,0.5,,,,,PRUNED
139,-0.6081982030239713,2026-05-08 11:23:15.855152,2026-05-08 11:23:15.997018,0 days 00:00:00.141866,3,0.05,0.01,0.6,0.16,20,20,0.65,,,,,PRUNED
140,-0.5975526404445798,2026-05-08 11:23:16.010087,2026-05-08 11:23:16.143479,0 days 00:00:00.133392,3,0.03,0.01,0.6,0.08,20,20,0.5,,,,,PRUNED
141,-0.5949077026341272,2026-05-08 11:23:16.156172,2026-05-08 11:23:16.314567,0 days 00:00:00.158395,3,0.05,0.02,0.3,0.08,20,10,0.65,,,,,PRUNED
142,-0.574873306442636,2026-05-08 11:23:16.326774,2026-05-08 11:23:16.463775,0 days 00:00:00.137001,3,0.05,0.01,0.45,0.08,50,20,0.5,,,,,PRUNED
143,-0.5749687272496626,2026-05-08 11:23:16.478038,2026-05-08 11:23:16.615332,0 days 00:00:00.137294,3,0.05,0.01,0.3,0.08,20,20,0.5,,,,,PRUNED
144,-0.578969099929025,2026-05-08 11:23:16.630396,2026-05-08 11:23:16.903106,0 days 00:00:00.272710,3,0.05,0.01,0.6,0.08,20,20,0.65,-0.4560462215679272,0.00605337496133322,0.2458457567221957,0.4620995965292604,COMPLETE
145,-0.5928193994794824,2026-05-08 11:23:16.918801,2026-05-08 11:23:17.082217,0 days 00:00:00.163416,3,0.05,0.01,0.6,0.08,50,5,0.5,,,,,PRUNED
146,-0.6081982030239713,2026-05-08 11:23:17.100715,2026-05-08 11:23:17.283767,0 days 00:00:00.183052,3,0.05,0.02,0.6,0.16,30,20,0.5,,,,,PRUNED
147,-0.5975526404445798,2026-05-08 11:23:17.302169,2026-05-08 11:23:17.452964,0 days 00:00:00.150795,3,0.03,0.02,0.6,0.08,20,20,0.65,,,,,PRUNED
148,-0.578969099929025,2026-05-08 11:23:17.471791,2026-05-08 11:23:17.709485,0 days 00:00:00.237694,3,0.05,0.01,0.6,0.08,50,20,0.8,-0.4560462215679272,0.00605337496133322,0.2458457567221957,0.4620995965292604,COMPLETE
149,-0.6086636307731006,2026-05-08 11:23:17.722256,2026-05-08 11:23:17.856626,0 days 00:00:00.134370,3,0.05,0.01,0.3,0.16,30,20,0.8,,,,,PRUNED
150,-0.5957511125305064,2026-05-08 11:23:17.869661,2026-05-08 11:23:18.004140,0 days 00:00:00.134479,3,0.05,0.02,0.6,0.08,20,10,0.8,,,,,PRUNED
151,-0.578969099929025,2026-05-08 11:23:18.018836,2026-05-08 11:23:18.251325,0 days 00:00:00.232489,3,0.05,0.02,0.6,0.08,50,20,0.5,-0.4560462215679272,0.00605337496133322,0.2458457567221957,0.4620995965292604,COMPLETE
152,-0.5901101001234356,2026-05-08 11:23:18.264203,2026-05-08 11:23:18.411487,0 days 00:00:00.147284,3,0.05,0.01,0.6,0.12,50,20,0.5,,,,,PRUNED
153,-0.5767861238051477,2026-05-08 11:23:18.423658,2026-05-08 11:23:18.557983,0 days 00:00:00.134325,4,0.05,0.01,0.6,0.08,50,20,0.5,,,,,PRUNED
154,-0.5745132488334075,2026-05-08 11:23:18.571443,2026-05-08 11:23:18.700204,0 days 00:00:00.128761,2,0.05,0.02,0.6,0.08,50,20,0.65,,,,,PRUNED
155,-0.5749687272496626,2026-05-08 11:23:18.713206,2026-05-08 11:23:18.845846,0 days 00:00:00.132640,3,0.05,0.01,0.3,0.08,30,20,0.5,,,,,PRUNED
156,-0.6081982030239713,2026-05-08 11:23:18.862599,2026-05-08 11:23:18.996632,0 days 00:00:00.134033,3,0.05,0.01,0.6,0.16,50,20,0.5,,,,,PRUNED
157,-0.6017651620192361,2026-05-08 11:23:19.007656,2026-05-08 11:23:19.137470,0 days 00:00:00.129814,2,0.05,0.02,0.6,0.16,50,20,0.5,,,,,PRUNED
158,-0.578969099929025,2026-05-08 11:23:19.150564,2026-05-08 11:23:19.437411,0 days 00:00:00.286847,3,0.05,0.01,0.6,0.08,50,20,0.5,-0.4560462215679272,0.00605337496133322,0.2458457567221957,0.4620995965292604,COMPLETE
159,-0.578969099929025,2026-05-08 11:23:19.450251,2026-05-08 11:23:19.686898,0 days 00:00:00.236647,3,0.05,0.02,0.6,0.08,30,20,0.8,-0.4560462215679272,0.00605337496133322,0.2458457567221957,0.4620995965292604,COMPLETE
160,-0.6125287656564921,2026-05-08 11:23:19.700680,2026-05-08 11:23:19.852349,0 days 00:00:00.151669,3,0.03,0.01,0.45,0.08,30,5,0.5,,,,,PRUNED
161,-0.578969099929025,2026-05-08 11:23:19.871235,2026-05-08 11:23:20.167046,0 days 00:00:00.295811,3,0.05,0.01,0.6,0.08,50,20,0.65,-0.4560462215679272,0.00605337496133322,0.2458457567221957,0.4620995965292604,COMPLETE
162,-0.6081982030239713,2026-05-08 11:23:20.179974,2026-05-08 11:23:20.323099,0 days 00:00:00.143125,3,0.05,0.01,0.6,0.16,50,20,0.65,,,,,PRUNED
163,-0.578969099929025,2026-05-08 11:23:20.338019,2026-05-08 11:23:20.595645,0 days 00:00:00.257626,3,0.05,0.01,0.6,0.08,30,20,0.5,-0.4560462215679272,0.00605337496133322,0.2458457567221957,0.4620995965292604,COMPLETE
164,-0.578969099929025,2026-05-08 11:23:20.609488,2026-05-08 11:23:20.858837,0 days 00:00:00.249349,3,0.05,0.02,0.6,0.08,50,20,0.65,-0.4560462215679272,0.00605337496133322,0.2458457567221957,0.4620995965292604,COMPLETE
165,-0.5975526404445798,2026-05-08 11:23:20.871525,2026-05-08 11:23:21.042867,0 days 00:00:00.171342,3,0.03,0.01,0.6,0.08,50,20,0.5,,,,,PRUNED
166,-0.5745132488334075,2026-05-08 11:23:21.062738,2026-05-08 11:23:21.206709,0 days 00:00:00.143971,2,0.05,0.02,0.6,0.08,50,20,0.5,,,,,PRUNED
167,-0.6073842903645837,2026-05-08 11:23:21.220081,2026-05-08 11:23:21.368506,0 days 00:00:00.148425,2,0.05,0.01,0.6,0.12,20,10,0.65,,,,,PRUNED
168,-0.600270541483433,2026-05-08 11:23:21.385896,2026-05-08 11:23:21.551123,0 days 00:00:00.165227,3,0.05,0.01,0.3,0.08,10,5,0.65,,,,,PRUNED
169,-0.5749687272496626,2026-05-08 11:23:21.566017,2026-05-08 11:23:21.694741,0 days 00:00:00.128724,3,0.05,0.02,0.3,0.08,20,20,0.65,,,,,PRUNED
170,-0.574873306442636,2026-05-08 11:23:21.708626,2026-05-08 11:23:21.850557,0 days 00:00:00.141931,3,0.05,0.01,0.45,0.08,50,20,0.65,,,,,PRUNED
171,-0.578969099929025,2026-05-08 11:23:21.863555,2026-05-08 11:23:22.091141,0 days 00:00:00.227586,3,0.05,0.01,0.6,0.08,20,20,0.5,-0.4560462215679272,0.00605337496133322,0.2458457567221957,0.4620995965292604,COMPLETE
172,-0.578969099929025,2026-05-08 11:23:22.107710,2026-05-08 11:23:22.686738,0 days 00:00:00.579028,3,0.05,0.01,0.6,0.08,20,20,0.5,-0.4560462215679272,0.00605337496133322,0.2458457567221957,0.4620995965292604,COMPLETE
173,-0.5745132488334075,2026-05-08 11:23:22.709387,2026-05-08 11:23:22.913273,0 days 00:00:00.203886,2,0.05,0.01,0.6,0.08,30,20,0.5,,,,,PRUNED
174,-0.578969099929025,2026-05-08 11:23:22.932214,2026-05-08 11:23:23.185822,0 days 00:00:00.253608,3,0.05,0.01,0.6,0.08,50,20,0.8,-0.4560462215679272,0.00605337496133322,0.2458457567221957,0.4620995965292604,COMPLETE
175,-0.578969099929025,2026-05-08 11:23:23.200612,2026-05-08 11:23:23.456407,0 days 00:00:00.255795,3,0.05,0.02,0.6,0.08,30,20,0.5,-0.4560462215679272,0.00605337496133322,0.2458457567221957,0.4620995965292604,COMPLETE
176,-0.7049820484406476,2026-05-08 11:23:23.470967,2026-05-08 11:23:23.650208,0 days 00:00:00.179241,3,0.03,0.01,0.6,0.16,10,20,0.8,,,,,PRUNED
177,-0.578969099929025,2026-05-08 11:23:23.666736,2026-05-08 11:23:23.900228,0 days 00:00:00.233492,3,0.05,0.01,0.6,0.08,50,20,0.5,-0.4560462215679272,0.00605337496133322,0.2458457567221957,0.4620995965292604,COMPLETE
178,-0.5767861238051477,2026-05-08 11:23:23.913229,2026-05-08 11:23:24.056512,0 days 00:00:00.143283,4,0.05,0.02,0.6,0.08,20,20,0.65,,,,,PRUNED
179,-0.5928193994794824,2026-05-08 11:23:24.070172,2026-05-08 11:23:24.261237,0 days 00:00:00.191065,3,0.05,0.01,0.6,0.08,20,5,0.5,,,,,PRUNED
180,-0.6851846289715295,2026-05-08 11:23:24.282923,2026-05-08 11:23:24.493993,0 days 00:00:00.211070,2,0.03,0.01,0.6,0.16,10,10,0.5,,,,,PRUNED
181,-0.5957511125305064,2026-05-08 11:23:24.510225,2026-05-08 11:23:24.664814,0 days 00:00:00.154589,3,0.05,0.01,0.6,0.08,20,10,0.5,,,,,PRUNED
182,-0.5901101001234356,2026-05-08 11:23:24.678912,2026-05-08 11:23:24.833060,0 days 00:00:00.154148,3,0.05,0.02,0.6,0.12,50,20,0.5,,,,,PRUNED
183,-0.6081982030239713,2026-05-08 11:23:24.848048,2026-05-08 11:23:24.988960,0 days 00:00:00.140912,3,0.05,0.02,0.6,0.16,20,20,0.65,,,,,PRUNED
184,-0.5957511125305064,2026-05-08 11:23:25.002271,2026-05-08 11:23:25.133870,0 days 00:00:00.131599,3,0.05,0.02,0.6,0.08,20,10,0.65,,,,,PRUNED
185,-0.578969099929025,2026-05-08 11:23:25.149035,2026-05-08 11:23:25.386580,0 days 00:00:00.237545,3,0.05,0.01,0.6,0.08,50,20,0.8,-0.4560462215679272,0.00605337496133322,0.2458457567221957,0.4620995965292604,COMPLETE
186,-0.5749687272496626,2026-05-08 11:23:25.398250,2026-05-08 11:23:25.534356,0 days 00:00:00.136106,3,0.05,0.01,0.3,0.08,50,20,0.65,,,,,PRUNED
187,-0.6397308905438676,2026-05-08 11:23:25.548496,2026-05-08 11:23:25.723970,0 days 00:00:00.175474,2,0.03,0.01,0.45,0.12,50,5,0.8,,,,,PRUNED
188,-0.5901101001234356,2026-05-08 11:23:25.737143,2026-05-08 11:23:25.884620,0 days 00:00:00.147477,3,0.05,0.01,0.6,0.12,50,20,0.65,,,,,PRUNED
189,-0.6081982030239713,2026-05-08 11:23:25.898394,2026-05-08 11:23:26.051313,0 days 00:00:00.152919,3,0.05,0.01,0.6,0.16,20,20,0.5,,,,,PRUNED
190,-0.578969099929025,2026-05-08 11:23:26.064383,2026-05-08 11:23:26.319261,0 days 00:00:00.254878,3,0.05,0.01,0.6,0.08,30,20,0.5,-0.4560462215679272,0.00605337496133322,0.2458457567221957,0.4620995965292604,COMPLETE
191,-0.578969099929025,2026-05-08 11:23:26.334458,2026-05-08 11:23:26.570426,0 days 00:00:00.235968,3,0.05,0.01,0.6,0.08,20,20,0.8,-0.4560462215679272,0.00605337496133322,0.2458457567221957,0.4620995965292604,COMPLETE
192,-0.6003224832707464,2026-05-08 11:23:26.585754,2026-05-08 11:23:26.726596,0 days 00:00:00.140842,3,0.05,0.02,0.6,0.08,10,5,0.65,,,,,PRUNED
193,-0.578969099929025,2026-05-08 11:23:26.744731,2026-05-08 11:23:27.000939,0 days 00:00:00.256208,3,0.05,0.02,0.6,0.08,20,20,0.8,-0.4560462215679272,0.00605337496133322,0.2458457567221957,0.4620995965292604,COMPLETE
194,-0.6097036268649256,2026-05-08 11:23:27.014627,2026-05-08 11:23:27.153740,0 days 00:00:00.139113,3,0.03,0.01,0.6,0.12,20,20,0.65,,,,,PRUNED
195,-0.6150092699411038,2026-05-08 11:23:27.167874,2026-05-08 11:23:27.300045,0 days 00:00:00.132171,3,0.03,0.01,0.6,0.08,50,10,0.8,,,,,PRUNED
196,-0.6125287656564921,2026-05-08 11:23:27.312597,2026-05-08 11:23:27.447945,0 days 00:00:00.135348,3,0.03,0.02,0.6,0.08,30,5,0.65,,,,,PRUNED
197,-0.574873306442636,2026-05-08 11:23:27.460024,2026-05-08 11:23:27.591392,0 days 00:00:00.131368,3,0.05,0.02,0.45,0.08,20,20,0.65,,,,,PRUNED
198,-0.5957511125305064,2026-05-08 11:23:27.603498,2026-05-08 11:23:27.765334,0 days 00:00:00.161836,3,0.05,0.01,0.6,0.08,50,10,0.5,,,,,PRUNED
199,-0.6049308612774009,2026-05-08 11:23:27.782590,2026-05-08 11:23:27.927902,0 days 00:00:00.145312,4,0.05,0.01,0.6,0.16,50,20,0.8,,,,,PRUNED
200,-0.5901101001234356,2026-05-08 11:23:27.940258,2026-05-08 11:23:28.082222,0 days 00:00:00.141964,3,0.05,0.01,0.6,0.12,20,20,0.5,,,,,PRUNED
201,-0.5957511125305064,2026-05-08 11:23:28.095589,2026-05-08 11:23:28.222445,0 days 00:00:00.126856,3,0.05,0.01,0.6,0.08,30,10,0.8,,,,,PRUNED
202,-0.5749687272496626,2026-05-08 11:23:28.236606,2026-05-08 11:23:28.372045,0 days 00:00:00.135439,3,0.05,0.01,0.3,0.08,20,20,0.8,,,,,PRUNED
203,-0.578969099929025,2026-05-08 11:23:28.386314,2026-05-08 11:23:28.651122,0 days 00:00:00.264808,3,0.05,0.01,0.6,0.08,30,20,0.8,-0.4560462215679272,0.00605337496133322,0.2458457567221957,0.4620995965292604,COMPLETE
204,-0.574873306442636,2026-05-08 11:23:28.667486,2026-05-08 11:23:28.834915,0 days 00:00:00.167429,3,0.05,0.01,0.45,0.08,20,20,0.8,,,,,PRUNED
205,-0.7094544694288676,2026-05-08 11:23:28.848643,2026-05-08 11:23:28.985532,0 days 00:00:00.136889,4,0.03,0.02,0.45,0.16,10,20,0.8,,,,,PRUNED
206,-0.5745132488334075,2026-05-08 11:23:28.999199,2026-05-08 11:23:29.144279,0 days 00:00:00.145080,2,0.05,0.01,0.6,0.08,20,20,0.5,,,,,PRUNED
207,-0.5760408379987116,2026-05-08 11:23:29.159252,2026-05-08 11:23:29.301401,0 days 00:00:00.142149,4,0.05,0.02,0.45,0.08,20,20,0.8,,,,,PRUNED
208,-0.578969099929025,2026-05-08 11:23:29.315732,2026-05-08 11:23:29.552126,0 days 00:00:00.236394,3,0.05,0.01,0.6,0.08,50,20,0.8,-0.4560462215679272,0.00605337496133322,0.2458457567221957,0.4620995965292604,COMPLETE
209,-0.6081982030239713,2026-05-08 11:23:29.565666,2026-05-08 11:23:29.708108,0 days 00:00:00.142442,3,0.05,0.01,0.6,0.16,20,20,0.8,,,,,PRUNED
210,-0.6575887962146099,2026-05-08 11:23:29.722912,2026-05-08 11:23:29.873632,0 days 00:00:00.150720,3,0.03,0.02,0.3,0.16,50,5,0.8,,,,,PRUNED
211,-0.5928193994794824,2026-05-08 11:23:29.891088,2026-05-08 11:23:30.043513,0 days 00:00:00.152425,3,0.05,0.02,0.6,0.08,50,5,0.8,,,,,PRUNED
212,-0.5767861238051477,2026-05-08 11:23:30.056205,2026-05-08 11:23:30.200555,0 days 00:00:00.144350,4,0.05,0.01,0.6,0.08,20,20,0.8,,,,,PRUNED
213,-0.5767861238051477,2026-05-08 11:23:30.213802,2026-05-08 11:23:30.347163,0 days 00:00:00.133361,4,0.05,0.01,0.6,0.08,50,20,0.65,,,,,PRUNED
214,-0.5975526404445798,2026-05-08 11:23:30.359726,2026-05-08 11:23:30.498865,0 days 00:00:00.139139,3,0.03,0.01,0.6,0.08,20,20,0.8,,,,,PRUNED
215,-0.6314822235719273,2026-05-08 11:23:30.509501,2026-05-08 11:23:30.655573,0 days 00:00:00.146072,3,0.05,0.02,0.6,0.08,10,20,0.65,,,,,PRUNED
216,-0.578969099929025,2026-05-08 11:23:30.669771,2026-05-08 11:23:30.924290,0 days 00:00:00.254519,3,0.05,0.02,0.6,0.08,50,20,0.8,-0.4560462215679272,0.00605337496133322,0.2458457567221957,0.4620995965292604,COMPLETE
217,-0.578969099929025,2026-05-08 11:23:30.937908,2026-05-08 11:23:31.212104,0 days 00:00:00.274196,3,0.05,0.02,0.6,0.08,50,20,0.5,-0.4560462215679272,0.00605337496133322,0.2458457567221957,0.4620995965292604,COMPLETE
218,-0.5928193994794824,2026-05-08 11:23:31.226690,2026-05-08 11:23:31.370730,0 days 00:00:00.144040,3,0.05,0.02,0.6,0.08,50,5,0.5,,,,,PRUNED
219,-0.5749687272496626,2026-05-08 11:23:31.385272,2026-05-08 11:23:31.522096,0 days 00:00:00.136824,3,0.05,0.01,0.3,0.08,30,20,0.8,,,,,PRUNED
220,-0.5901101001234356,2026-05-08 11:23:31.535930,2026-05-08 11:23:31.679065,0 days 00:00:00.143135,3,0.05,0.02,0.6,0.12,50,20,0.8,,,,,PRUNED
221,-0.5928193994794824,2026-05-08 11:23:31.692237,2026-05-08 11:23:31.832139,0 days 00:00:00.139902,3,0.05,0.01,0.6,0.08,30,5,0.65,,,,,PRUNED
222,-0.5957511125305064,2026-05-08 11:23:31.845861,2026-05-08 11:23:32.036060,0 days 00:00:00.190199,3,0.05,0.02,0.6,0.08,50,10,0.8,,,,,PRUNED
223,-0.5975526404445798,2026-05-08 11:23:32.054449,2026-05-08 11:23:32.238051,0 days 00:00:00.183602,3,0.03,0.01,0.6,0.08,50,20,0.65,,,,,PRUNED
224,-0.578969099929025,2026-05-08 11:23:32.265288,2026-05-08 11:23:32.544811,0 days 00:00:00.279523,3,0.05,0.01,0.6,0.08,30,20,0.65,-0.4560462215679272,0.00605337496133322,0.2458457567221957,0.4620995965292604,COMPLETE
225,-0.578969099929025,2026-05-08 11:23:32.559968,2026-05-08 11:23:32.829010,0 days 00:00:00.269042,3,0.05,0.01,0.6,0.08,50,20,0.65,-0.4560462215679272,0.00605337496133322,0.2458457567221957,0.4620995965292604,COMPLETE
226,-0.6314822235719273,2026-05-08 11:23:32.844786,2026-05-08 11:23:33.034687,0 days 00:00:00.189901,3,0.05,0.01,0.6,0.08,10,20,0.65,,,,,PRUNED
227,-0.6582502187155695,2026-05-08 11:23:33.053001,2026-05-08 11:23:33.220586,0 days 00:00:00.167585,4,0.03,0.01,0.3,0.16,20,5,0.8,,,,,PRUNED
228,-0.5975526404445798,2026-05-08 11:23:33.241537,2026-05-08 11:23:33.417818,0 days 00:00:00.176281,3,0.03,0.01,0.6,0.08,30,20,0.8,,,,,PRUNED
229,-0.5928193994794824,2026-05-08 11:23:33.432817,2026-05-08 11:23:33.585252,0 days 00:00:00.152435,3,0.05,0.02,0.6,0.08,20,5,0.65,,,,,PRUNED
230,-0.578969099929025,2026-05-08 11:23:33.600025,2026-05-08 11:23:33.854441,0 days 00:00:00.254416,3,0.05,0.02,0.6,0.08,30,20,0.5,-0.4560462215679272,0.00605337496133322,0.2458457567221957,0.4620995965292604,COMPLETE
231,-0.574873306442636,2026-05-08 11:23:33.871733,2026-05-08 11:23:34.011744,0 days 00:00:00.140011,3,0.05,0.02,0.45,0.08,50,20,0.5,,,,,PRUNED
232,-0.6023326775740294,2026-05-08 11:23:34.024934,2026-05-08 11:23:34.200493,0 days 00:00:00.175559,3,0.03,0.01,0.6,0.08,10,5,0.5,,,,,PRUNED
233,-0.6090566335893609,2026-05-08 11:23:34.214566,2026-05-08 11:23:34.360878,0 days 00:00:00.146312,3,0.05,0.02,0.45,0.16,50,20,0.8,,,,,PRUNED
234,-0.5745132488334075,2026-05-08 11:23:34.373875,2026-05-08 11:23:34.514315,0 days 00:00:00.140440,2,0.05,0.02,0.6,0.08,20,20,0.65,,,,,PRUNED
235,-0.5928193994794824,2026-05-08 11:23:34.528502,2026-05-08 11:23:34.670658,0 days 00:00:00.142156,3,0.05,0.01,0.6,0.08,20,5,0.8,,,,,PRUNED
236,-0.6081982030239713,2026-05-08 11:23:34.685693,2026-05-08 11:23:34.827934,0 days 00:00:00.142241,3,0.05,0.02,0.6,0.16,50,20,0.8,,,,,PRUNED
237,-0.5975526404445798,2026-05-08 11:23:34.840252,2026-05-08 11:23:34.984349,0 days 00:00:00.144097,3,0.03,0.01,0.6,0.08,30,20,0.65,,,,,PRUNED
238,-0.578969099929025,2026-05-08 11:23:34.997884,2026-05-08 11:23:35.265089,0 days 00:00:00.267205,3,0.05,0.01,0.6,0.08,30,20,0.5,-0.4560462215679272,0.00605337496133322,0.2458457567221957,0.4620995965292604,COMPLETE
239,-0.5913574145694833,2026-05-08 11:23:35.284003,2026-05-08 11:23:35.438183,0 days 00:00:00.154180,4,0.05,0.01,0.3,0.12,50,20,0.8,,,,,PRUNED
240,-0.5857266507754435,2026-05-08 11:23:35.451009,2026-05-08 11:23:35.612716,0 days 00:00:00.161707,4,0.05,0.02,0.6,0.12,20,20,0.5,,,,,PRUNED
241,-0.578969099929025,2026-05-08 11:23:35.629016,2026-05-08 11:23:35.921723,0 days 00:00:00.292707,3,0.05,0.02,0.6,0.08,20,20,0.5,-0.4560462215679272,0.00605337496133322,0.2458457567221957,0.4620995965292604,COMPLETE
242,-0.578969099929025,2026-05-08 11:23:35.937666,2026-05-08 11:23:36.237729,0 days 00:00:00.300063,3,0.05,0.01,0.6,0.08,30,20,0.5,-0.4560462215679272,0.00605337496133322,0.2458457567221957,0.4620995965292604,COMPLETE
243,-0.578969099929025,2026-05-08 11:23:36.255190,2026-05-08 11:23:36.538558,0 days 00:00:00.283368,3,0.05,0.01,0.6,0.08,50,20,0.5,-0.4560462215679272,0.00605337496133322,0.2458457567221957,0.4620995965292604,COMPLETE
244,-0.5901101001234356,2026-05-08 11:23:36.555620,2026-05-08 11:23:36.732601,0 days 00:00:00.176981,3,0.05,0.02,0.6,0.12,20,20,0.5,,,,,PRUNED
245,-0.574873306442636,2026-05-08 11:23:36.746868,2026-05-08 11:23:36.904264,0 days 00:00:00.157396,3,0.05,0.01,0.45,0.08,30,20,0.8,,,,,PRUNED
246,-0.6323375015280674,2026-05-08 11:23:36.918866,2026-05-08 11:23:37.092323,0 days 00:00:00.173457,3,0.03,0.02,0.6,0.12,30,10,0.5,,,,,PRUNED
247,-0.6314822235719273,2026-05-08 11:23:37.106266,2026-05-08 11:23:37.297380,0 days 00:00:00.191114,3,0.05,0.02,0.6,0.08,10,20,0.8,,,,,PRUNED
248,-0.5745132488334075,2026-05-08 11:23:37.314275,2026-05-08 11:23:37.485040,0 days 00:00:00.170765,2,0.05,0.01,0.6,0.08,50,20,0.65,,,,,PRUNED
249,-0.578969099929025,2026-05-08 11:23:37.498176,2026-05-08 11:23:37.746031,0 days 00:00:00.247855,3,0.05,0.02,0.6,0.08,20,20,0.65,-0.4560462215679272,0.00605337496133322,0.2458457567221957,0.4620995965292604,COMPLETE
250,-0.5749687272496626,2026-05-08 11:23:37.757910,2026-05-08 11:23:37.894666,0 days 00:00:00.136756,3,0.05,0.01,0.3,0.08,30,20,0.65,,,,,PRUNED
251,-0.5957511125305064,2026-05-08 11:23:37.906873,2026-05-08 11:23:38.038732,0 days 00:00:00.131859,3,0.05,0.01,0.6,0.08,20,10,0.8,,,,,PRUNED
252,-0.5957511125305064,2026-05-08 11:23:38.053174,2026-05-08 11:23:38.193311,0 days 00:00:00.140137,3,0.05,0.02,0.6,0.08,20,10,0.5,,,,,PRUNED
253,-0.6137293129180694,2026-05-08 11:23:38.206577,2026-05-08 11:23:38.371038,0 days 00:00:00.164461,2,0.03,0.02,0.3,0.08,50,10,0.65,,,,,PRUNED
254,-0.6038900871162599,2026-05-08 11:23:38.387961,2026-05-08 11:23:38.526520,0 days 00:00:00.138559,3,0.05,0.02,0.6,0.12,30,10,0.8,,,,,PRUNED
255,-0.6081982030239713,2026-05-08 11:23:38.538082,2026-05-08 11:23:38.679881,0 days 00:00:00.141799,3,0.05,0.01,0.6,0.16,30,20,0.8,,,,,PRUNED
256,-0.578969099929025,2026-05-08 11:23:38.692749,2026-05-08 11:23:38.922657,0 days 00:00:00.229908,3,0.05,0.01,0.6,0.08,20,20,0.5,-0.4560462215679272,0.00605337496133322,0.2458457567221957,0.4620995965292604,COMPLETE
257,-0.5749687272496626,2026-05-08 11:23:38.936423,2026-05-08 11:23:39.070475,0 days 00:00:00.134052,3,0.05,0.02,0.3,0.08,50,20,0.5,,,,,PRUNED
258,-0.578969099929025,2026-05-08 11:23:39.083466,2026-05-08 11:23:39.306090,0 days 00:00:00.222624,3,0.05,0.01,0.6,0.08,50,20,0.8,-0.4560462215679272,0.00605337496133322,0.2458457567221957,0.4620995965292604,COMPLETE
259,-0.6575887962146099,2026-05-08 11:23:39.323637,2026-05-08 11:23:39.465160,0 days 00:00:00.141523,3,0.03,0.01,0.3,0.16,30,5,0.65,,,,,PRUNED
260,-0.578969099929025,2026-05-08 11:23:39.479005,2026-05-08 11:23:39.717090,0 days 00:00:00.238085,3,0.05,0.01,0.6,0.08,30,20,0.8,-0.4560462215679272,0.00605337496133322,0.2458457567221957,0.4620995965292604,COMPLETE
261,-0.5975526404445798,2026-05-08 11:23:39.733362,2026-05-08 11:23:39.899103,0 days 00:00:00.165741,3,0.03,0.02,0.6,0.08,20,20,0.5,,,,,PRUNED
262,-0.6125389417937008,2026-05-08 11:23:39.914354,2026-05-08 11:23:40.078397,0 days 00:00:00.164043,3,0.05,0.02,0.3,0.12,50,5,0.8,,,,,PRUNED
263,-0.6125287656564921,2026-05-08 11:23:40.093554,2026-05-08 11:23:40.253893,0 days 00:00:00.160339,3,0.03,0.01,0.45,0.08,50,5,0.8,,,,,PRUNED
264,-0.578969099929025,2026-05-08 11:23:40.265813,2026-05-08 11:23:40.529380,0 days 00:00:00.263567,3,0.05,0.01,0.6,0.08,20,20,0.8,-0.4560462215679272,0.00605337496133322,0.2458457567221957,0.4620995965292604,COMPLETE
265,-0.6330442494063091,2026-05-08 11:23:40.542757,2026-05-08 11:23:40.682142,0 days 00:00:00.139385,3,0.03,0.02,0.3,0.12,20,10,0.5,,,,,PRUNED
266,-0.574873306442636,2026-05-08 11:23:40.693947,2026-05-08 11:23:40.832966,0 days 00:00:00.139019,3,0.05,0.01,0.45,0.08,30,20,0.65,,,,,PRUNED
267,-0.5957511125305064,2026-05-08 11:23:40.846689,2026-05-08 11:23:40.979631,0 days 00:00:00.132942,3,0.05,0.01,0.6,0.08,50,10,0.65,,,,,PRUNED
268,-0.578969099929025,2026-05-08 11:23:40.991124,2026-05-08 11:23:41.215145,0 days 00:00:00.224021,3,0.05,0.01,0.6,0.08,30,20,0.5,-0.4560462215679272,0.00605337496133322,0.2458457567221957,0.4620995965292604,COMPLETE
269,-0.5958391561963492,2026-05-08 11:23:41.227906,2026-05-08 11:23:41.379918,0 days 00:00:00.152012,4,0.05,0.02,0.45,0.08,50,10,0.5,,,,,PRUNED
270,-0.6212075778761772,2026-05-08 11:23:41.394318,2026-05-08 11:23:41.568193,0 days 00:00:00.173875,3,0.05,0.01,0.6,0.16,50,5,0.8,,,,,PRUNED
271,-0.5749687272496626,2026-05-08 11:23:41.583176,2026-05-08 11:23:41.759731,0 days 00:00:00.176555,3,0.05,0.02,0.3,0.08,20,20,0.5,,,,,PRUNED
272,-0.578969099929025,2026-05-08 11:23:41.772163,2026-05-08 11:23:42.200411,0 days 00:00:00.428248,3,0.05,0.02,0.6,0.08,30,20,0.5,-0.4560462215679272,0.00605337496133322,0.2458457567221957,0.4620995965292604,COMPLETE
273,-0.5767861238051477,2026-05-08 11:23:42.216820,2026-05-08 11:23:42.366378,0 days 00:00:00.149558,4,0.05,0.01,0.6,0.08,30,20,0.8,,,,,PRUNED
274,-0.578969099929025,2026-05-08 11:23:42.381660,2026-05-08 11:23:42.652443,0 days 00:00:00.270783,3,0.05,0.01,0.6,0.08,30,20,0.65,-0.4560462215679272,0.00605337496133322,0.2458457567221957,0.4620995965292604,COMPLETE
275,-0.6081982030239713,2026-05-08 11:23:42.669552,2026-05-08 11:23:42.807051,0 days 00:00:00.137499,3,0.05,0.02,0.6,0.16,20,20,0.5,,,,,PRUNED
276,-0.5928193994794824,2026-05-08 11:23:42.821428,2026-05-08 11:23:42.963967,0 days 00:00:00.142539,3,0.05,0.01,0.6,0.08,30,5,0.8,,,,,PRUNED
277,-0.6448092430213577,2026-05-08 11:23:42.975536,2026-05-08 11:23:43.121475,0 days 00:00:00.145939,3,0.03,0.02,0.6,0.12,50,5,0.5,,,,,PRUNED
278,-0.5966001222690867,2026-05-08 11:23:43.134946,2026-05-08 11:23:43.285672,0 days 00:00:00.150726,4,0.05,0.01,0.6,0.08,50,10,0.8,,,,,PRUNED
279,-0.5927185030454039,2026-05-08 11:23:43.299222,2026-05-08 11:23:43.436107,0 days 00:00:00.136885,3,0.05,0.01,0.45,0.08,20,5,0.65,,,,,PRUNED
280,-0.574873306442636,2026-05-08 11:23:43.450391,2026-05-08 11:23:43.590437,0 days 00:00:00.140046,3,0.05,0.01,0.45,0.08,20,20,0.5,,,,,PRUNED
281,-0.578969099929025,2026-05-08 11:23:43.604946,2026-05-08 11:23:43.828322,0 days 00:00:00.223376,3,0.05,0.01,0.6,0.08,50,20,0.5,-0.4560462215679272,0.00605337496133322,0.2458457567221957,0.4620995965292604,COMPLETE
282,-0.6395457214005629,2026-05-08 11:23:43.840282,2026-05-08 11:23:43.980162,0 days 00:00:00.139880,4,0.03,0.02,0.45,0.12,20,5,0.8,,,,,PRUNED
283,-0.6302370322026365,2026-05-08 11:23:43.992515,2026-05-08 11:23:44.138148,0 days 00:00:00.145633,4,0.03,0.02,0.3,0.16,30,20,0.65,,,,,PRUNED
284,-0.578969099929025,2026-05-08 11:23:44.151674,2026-05-08 11:23:44.374524,0 days 00:00:00.222850,3,0.05,0.02,0.6,0.08,20,20,0.5,-0.4560462215679272,0.00605337496133322,0.2458457567221957,0.4620995965292604,COMPLETE
285,-0.6405134789743206,2026-05-08 11:23:44.386361,2026-05-08 11:23:44.522593,0 days 00:00:00.136232,3,0.05,0.01,0.6,0.12,10,20,0.8,,,,,PRUNED
286,-0.578969099929025,2026-05-08 11:23:44.538887,2026-05-08 11:23:44.792650,0 days 00:00:00.253763,3,0.05,0.02,0.6,0.08,50,20,0.8,-0.4560462215679272,0.00605337496133322,0.2458457567221957,0.4620995965292604,COMPLETE
287,-0.578969099929025,2026-05-08 11:23:44.806129,2026-05-08 11:23:45.039899,0 days 00:00:00.233770,3,0.05,0.01,0.6,0.08,50,20,0.8,-0.4560462215679272,0.00605337496133322,0.2458457567221957,0.4620995965292604,COMPLETE
288,-0.5975526404445798,2026-05-08 11:23:45.055421,2026-05-08 11:23:45.196542,0 days 00:00:00.141121,3,0.03,0.02,0.6,0.08,50,20,0.8,,,,,PRUNED
289,-0.6465399877762202,2026-05-08 11:23:45.208521,2026-05-08 11:23:45.346404,0 days 00:00:00.137883,3,0.05,0.01,0.6,0.16,10,20,0.5,,,,,PRUNED
290,-0.6312330893714362,2026-05-08 11:23:45.361749,2026-05-08 11:23:45.490624,0 days 00:00:00.128875,4,0.05,0.01,0.6,0.08,10,20,0.5,,,,,PRUNED
291,-0.6203357912949469,2026-05-08 11:23:45.504242,2026-05-08 11:23:45.655450,0 days 00:00:00.151208,4,0.05,0.02,0.45,0.16,50,10,0.8,,,,,PRUNED
292,-0.578969099929025,2026-05-08 11:23:45.668009,2026-05-08 11:23:45.926809,0 days 00:00:00.258800,3,0.05,0.01,0.6,0.08,30,20,0.5,-0.4560462215679272,0.00605337496133322,0.2458457567221957,0.4620995965292604,COMPLETE
293,-0.578969099929025,2026-05-08 11:23:45.943127,2026-05-08 11:23:46.209934,0 days 00:00:00.266807,3,0.05,0.02,0.6,0.08,30,20,0.5,-0.4560462215679272,0.00605337496133322,0.2458457567221957,0.4620995965292604,COMPLETE
294,-0.6097916623451826,2026-05-08 11:23:46.223381,2026-05-08 11:23:46.359910,0 days 00:00:00.136529,3,0.03,0.02,0.3,0.12,30,20,0.65,,,,,PRUNED
295,-0.6231503240990874,2026-05-08 11:23:46.371833,2026-05-08 11:23:46.510135,0 days 00:00:00.138302,3,0.05,0.01,0.6,0.16,30,10,0.5,,,,,PRUNED
296,-0.578969099929025,2026-05-08 11:23:46.521820,2026-05-08 11:23:46.766843,0 days 00:00:00.245023,3,0.05,0.01,0.6,0.08,30,20,0.5,-0.4560462215679272,0.00605337496133322,0.2458457567221957,0.4620995965292604,COMPLETE
297,-0.5901101001234356,2026-05-08 11:23:46.778516,2026-05-08 11:23:46.956342,0 days 00:00:00.177826,3,0.05,0.01,0.6,0.12,30,20,0.8,,,,,PRUNED
298,-0.5933187414805451,2026-05-08 11:23:46.971285,2026-05-08 11:23:47.127360,0 days 00:00:00.156075,2,0.05,0.01,0.3,0.12,30,20,0.65,,,,,PRUNED
299,-0.5745132488334075,2026-05-08 11:23:47.142136,2026-05-08 11:23:47.269267,0 days 00:00:00.127131,2,0.05,0.01,0.6,0.08,50,20,0.8,,,,,PRUNED
300,-0.6335931593237965,2026-05-08 11:23:47.282524,2026-05-08 11:23:47.412040,0 days 00:00:00.129516,3,0.03,0.02,0.6,0.16,30,20,0.5,,,,,PRUNED
301,-0.5768783778003106,2026-05-08 11:23:47.429696,2026-05-08 11:23:47.568564,0 days 00:00:00.138868,4,0.05,0.01,0.3,0.08,30,20,0.5,,,,,PRUNED
302,-0.6255331368105286,2026-05-08 11:23:47.581489,2026-05-08 11:23:47.728680,0 days 00:00:00.147191,2,0.03,0.02,0.3,0.12,10,5,0.65,,,,,PRUNED
303,-0.5902782589637803,2026-05-08 11:23:47.740844,2026-05-08 11:23:47.876879,0 days 00:00:00.136035,4,0.05,0.01,0.6,0.08,30,5,0.5,,,,,PRUNED
304,-0.6314822235719273,2026-05-08 11:23:47.890338,2026-05-08 11:23:48.030263,0 days 00:00:00.139925,3,0.05,0.01,0.6,0.08,10,20,0.8,,,,,PRUNED
305,-0.5750502702581965,2026-05-08 11:23:48.042678,2026-05-08 11:23:48.182031,0 days 00:00:00.139353,2,0.05,0.02,0.45,0.08,20,20,0.5,,,,,PRUNED
306,-0.578969099929025,2026-05-08 11:23:48.195745,2026-05-08 11:23:48.420936,0 days 00:00:00.225191,3,0.05,0.01,0.6,0.08,20,20,0.5,-0.4560462215679272,0.00605337496133322,0.2458457567221957,0.4620995965292604,COMPLETE
307,-0.578969099929025,2026-05-08 11:23:48.433144,2026-05-08 11:23:48.661100,0 days 00:00:00.227956,3,0.05,0.02,0.6,0.08,50,20,0.5,-0.4560462215679272,0.00605337496133322,0.2458457567221957,0.4620995965292604,COMPLETE
308,-0.578969099929025,2026-05-08 11:23:48.673569,2026-05-08 11:23:48.909901,0 days 00:00:00.236332,3,0.05,0.01,0.6,0.08,50,20,0.5,-0.4560462215679272,0.00605337496133322,0.2458457567221957,0.4620995965292604,COMPLETE
309,-0.578969099929025,2026-05-08 11:23:48.922922,2026-05-08 11:23:49.185555,0 days 00:00:00.262633,3,0.05,0.01,0.6,0.08,50,20,0.8,-0.4560462215679272,0.00605337496133322,0.2458457567221957,0.4620995965292604,COMPLETE
310,-0.5952898842780465,2026-05-08 11:23:49.198471,2026-05-08 11:23:49.333781,0 days 00:00:00.135310,2,0.05,0.01,0.3,0.08,50,5,0.65,,,,,PRUNED
311,-0.6081982030239713,2026-05-08 11:23:49.345581,2026-05-08 11:23:49.478144,0 days 00:00:00.132563,3,0.05,0.02,0.6,0.16,50,20,0.5,,,,,PRUNED
312,-0.5767861238051477,2026-05-08 11:23:49.490176,2026-05-08 11:23:49.621874,0 days 00:00:00.131698,4,0.05,0.01,0.6,0.08,30,20,0.65,,,,,PRUNED
313,-0.578969099929025,2026-05-08 11:23:49.636326,2026-05-08 11:23:49.870612,0 days 00:00:00.234286,3,0.05,0.01,0.6,0.08,50,20,0.65,-0.4560462215679272,0.00605337496133322,0.2458457567221957,0.4620995965292604,COMPLETE
314,-0.6224186595356082,2026-05-08 11:23:49.882571,2026-05-08 11:23:50.017356,0 days 00:00:00.134785,2,0.05,0.01,0.3,0.16,50,10,0.5,,,,,PRUNED
315,-0.6299523917599154,2026-05-08 11:23:50.030344,2026-05-08 11:23:50.175268,0 days 00:00:00.144924,4,0.03,0.02,0.6,0.12,30,10,0.65,,,,,PRUNED
316,-0.578969099929025,2026-05-08 11:23:50.187219,2026-05-08 11:23:50.472392,0 days 00:00:00.285173,3,0.05,0.01,0.6,0.08,30,20,0.5,-0.4560462215679272,0.00605337496133322,0.2458457567221957,0.4620995965292604,COMPLETE
317,-0.578969099929025,2026-05-08 11:23:50.486627,2026-05-08 11:23:50.712494,0 days 00:00:00.225867,3,0.05,0.01,0.6,0.08,30,20,0.8,-0.4560462215679272,0.00605337496133322,0.2458457567221957,0.4620995965292604,COMPLETE
318,-0.6314822235719273,2026-05-08 11:23:50.724835,2026-05-08 11:23:50.867862,0 days 00:00:00.143027,3,0.05,0.01,0.45,0.08,10,20,0.5,,,,,PRUNED
319,-0.6125287656564921,2026-05-08 11:23:50.880550,2026-05-08 11:23:51.018535,0 days 00:00:00.137985,3,0.03,0.02,0.45,0.08,20,5,0.5,,,,,PRUNED
320,-0.574873306442636,2026-05-08 11:23:51.032792,2026-05-08 11:23:51.199197,0 days 00:00:00.166405,3,0.05,0.02,0.45,0.08,50,20,0.8,,,,,PRUNED
321,-0.5975526404445798,2026-05-08 11:23:51.211924,2026-05-08 11:23:51.348013,0 days 00:00:00.136089,3,0.03,0.01,0.6,0.08,50,20,0.8,,,,,PRUNED
322,-0.5906803587060463,2026-05-08 11:23:51.361576,2026-05-08 11:23:51.529792,0 days 00:00:00.168216,3,0.05,0.01,0.3,0.12,50,20,0.8,,,,,PRUNED
323,-0.6125287656564921,2026-05-08 11:23:51.543655,2026-05-08 11:23:51.680255,0 days 00:00:00.136600,3,0.03,0.01,0.6,0.08,30,5,0.5,,,,,PRUNED
324,-0.5939020469486219,2026-05-08 11:23:51.692961,2026-05-08 11:23:51.839457,0 days 00:00:00.146496,4,0.05,0.02,0.3,0.08,50,10,0.8,,,,,PRUNED
325,-0.5767861238051477,2026-05-08 11:23:51.852677,2026-05-08 11:23:52.002540,0 days 00:00:00.149863,4,0.05,0.02,0.6,0.08,50,20,0.8,,,,,PRUNED
326,-0.5901101001234356,2026-05-08 11:23:52.014364,2026-05-08 11:23:52.160577,0 days 00:00:00.146213,3,0.05,0.01,0.6,0.12,30,20,0.65,,,,,PRUNED
327,-0.608907098941632,2026-05-08 11:23:52.172745,2026-05-08 11:23:52.313515,0 days 00:00:00.140770,4,0.05,0.01,0.3,0.12,30,5,0.65,,,,,PRUNED
328,-0.6081213510976907,2026-05-08 11:23:52.326741,2026-05-08 11:23:52.459766,0 days 00:00:00.133025,3,0.05,0.02,0.6,0.12,20,5,0.8,,,,,PRUNED
329,-0.6314168990377385,2026-05-08 11:23:52.473836,2026-05-08 11:23:52.603188,0 days 00:00:00.129352,4,0.03,0.01,0.45,0.16,30,20,0.8,,,,,PRUNED
330,-0.578969099929025,2026-05-08 11:23:52.615586,2026-05-08 11:23:52.838253,0 days 00:00:00.222667,3,0.05,0.02,0.6,0.08,20,20,0.65,-0.4560462215679272,0.00605337496133322,0.2458457567221957,0.4620995965292604,COMPLETE
331,-0.5857266507754435,2026-05-08 11:23:52.850231,2026-05-08 11:23:52.994858,0 days 00:00:00.144627,4,0.05,0.01,0.6,0.12,30,20,0.5,,,,,PRUNED
332,-0.578969099929025,2026-05-08 11:23:53.009122,2026-05-08 11:23:53.250599,0 days 00:00:00.241477,3,0.05,0.01,0.6,0.08,50,20,0.8,-0.4560462215679272,0.00605337496133322,0.2458457567221957,0.4620995965292604,COMPLETE
333,-0.574873306442636,2026-05-08 11:23:53.269376,2026-05-08 11:23:53.404967,0 days 00:00:00.135591,3,0.05,0.02,0.45,0.08,20,20,0.5,,,,,PRUNED
334,-0.5928193994794824,2026-05-08 11:23:53.417485,2026-05-08 11:23:53.552092,0 days 00:00:00.134607,3,0.05,0.01,0.6,0.08,30,5,0.5,,,,,PRUNED
335,-0.5745132488334075,2026-05-08 11:23:53.564427,2026-05-08 11:23:53.702730,0 days 00:00:00.138303,2,0.05,0.02,0.6,0.08,20,20,0.5,,,,,PRUNED
336,-0.7094544694288676,2026-05-08 11:23:53.716862,2026-05-08 11:23:53.855854,0 days 00:00:00.138992,4,0.03,0.01,0.45,0.16,10,20,0.65,,,,,PRUNED
337,-0.6540603730390104,2026-05-08 11:23:53.868533,2026-05-08 11:23:54.023280,0 days 00:00:00.154747,2,0.03,0.02,0.6,0.16,20,5,0.8,,,,,PRUNED
338,-0.5767861238051477,2026-05-08 11:23:54.037506,2026-05-08 11:23:54.180134,0 days 00:00:00.142628,4,0.05,0.01,0.6,0.08,50,20,0.8,,,,,PRUNED
339,-0.6232362924698365,2026-05-08 11:23:54.196535,2026-05-08 11:23:54.336481,0 days 00:00:00.139946,4,0.05,0.02,0.6,0.16,20,5,0.8,,,,,PRUNED
340,-0.6405134789743206,2026-05-08 11:23:54.347800,2026-05-08 11:23:54.506035,0 days 00:00:00.158235,3,0.05,0.02,0.45,0.12,10,20,0.8,,,,,PRUNED
341,-0.6821592568229028,2026-05-08 11:23:54.523439,2026-05-08 11:23:54.692280,0 days 00:00:00.168841,2,0.03,0.02,0.6,0.12,10,20,0.8,,,,,PRUNED
342,-0.6230530739689983,2026-05-08 11:23:54.709395,2026-05-08 11:23:54.894616,0 days 00:00:00.185221,3,0.05,0.02,0.45,0.16,30,5,0.5,,,,,PRUNED
343,-0.6081982030239713,2026-05-08 11:23:54.912375,2026-05-08 11:23:55.083171,0 days 00:00:00.170796,3,0.05,0.02,0.6,0.16,30,20,0.8,,,,,PRUNED
344,-0.5918800289557269,2026-05-08 11:23:55.100586,2026-05-08 11:23:55.279797,0 days 00:00:00.179211,2,0.05,0.01,0.45,0.08,20,5,0.8,,,,,PRUNED
345,-0.5889750732331619,2026-05-08 11:23:55.296740,2026-05-08 11:23:55.473931,0 days 00:00:00.177191,2,0.05,0.01,0.6,0.12,50,20,0.5,,,,,PRUNED
346,-0.5745132488334075,2026-05-08 11:23:55.489390,2026-05-08 11:23:55.680209,0 days 00:00:00.190819,2,0.05,0.02,0.6,0.08,30,20,0.8,,,,,PRUNED
347,-0.6441931297753564,2026-05-08 11:23:55.698255,2026-05-08 11:23:55.877033,0 days 00:00:00.178778,2,0.05,0.02,0.6,0.16,10,10,0.5,,,,,PRUNED
348,-0.6081982030239713,2026-05-08 11:23:55.890011,2026-05-08 11:23:56.033536,0 days 00:00:00.143525,3,0.05,0.01,0.6,0.16,30,20,0.65,,,,,PRUNED
349,-0.6391268235622551,2026-05-08 11:23:56.049864,2026-05-08 11:23:56.187319,0 days 00:00:00.137455,4,0.03,0.01,0.3,0.12,50,5,0.65,,,,,PRUNED
350,-0.578969099929025,2026-05-08 11:23:56.200195,2026-05-08 11:23:56.430456,0 days 00:00:00.230261,3,0.05,0.02,0.6,0.08,30,20,0.5,-0.4560462215679272,0.00605337496133322,0.2458457567221957,0.4620995965292604,COMPLETE
351,-0.6286648794403258,2026-05-08 11:23:56.443997,2026-05-08 11:23:56.584123,0 days 00:00:00.140126,3,0.05,0.01,0.3,0.08,10,20,0.5,,,,,PRUNED
352,-0.5968016608986657,2026-05-08 11:23:56.597651,2026-05-08 11:23:56.734674,0 days 00:00:00.137023,2,0.03,0.01,0.6,0.08,30,20,0.5,,,,,PRUNED
353,-0.5931245265228606,2026-05-08 11:23:56.748889,2026-05-08 11:23:56.889138,0 days 00:00:00.140249,3,0.05,0.01,0.3,0.08,50,5,0.8,,,,,PRUNED
354,-0.6081982030239713,2026-05-08 11:23:56.903373,2026-05-08 11:23:57.042878,0 days 00:00:00.139505,3,0.05,0.01,0.6,0.16,30,20,0.5,,,,,PRUNED
355,-0.578969099929025,2026-05-08 11:23:57.060929,2026-05-08 11:23:57.325557,0 days 00:00:00.264628,3,0.05,0.01,0.6,0.08,20,20,0.8,-0.4560462215679272,0.00605337496133322,0.2458457567221957,0.4620995965292604,COMPLETE
356,-0.578969099929025,2026-05-08 11:23:57.337782,2026-05-08 11:23:57.624144,0 days 00:00:00.286362,3,0.05,0.01,0.6,0.08,50,20,0.5,-0.4560462215679272,0.00605337496133322,0.2458457567221957,0.4620995965292604,COMPLETE
357,-0.6314822235719273,2026-05-08 11:23:57.641495,2026-05-08 11:23:57.814958,0 days 00:00:00.173463,3,0.05,0.01,0.6,0.08,10,20,0.5,,,,,PRUNED
358,-0.6090566335893609,2026-05-08 11:23:57.831207,2026-05-08 11:23:58.054646,0 days 00:00:00.223439,3,0.05,0.01,0.45,0.16,50,20,0.8,,,,,PRUNED
359,-0.578969099929025,2026-05-08 11:23:58.077208,2026-05-08 11:23:58.381893,0 days 00:00:00.304685,3,0.05,0.01,0.6,0.08,20,20,0.5,-0.4560462215679272,0.00605337496133322,0.2458457567221957,0.4620995965292604,COMPLETE
360,-0.5767861238051477,2026-05-08 11:23:58.395077,2026-05-08 11:23:58.550748,0 days 00:00:00.155671,4,0.05,0.01,0.6,0.08,30,20,0.5,,,,,PRUNED
361,-0.578969099929025,2026-05-08 11:23:58.565563,2026-05-08 11:23:58.817320,0 days 00:00:00.251757,3,0.05,0.01,0.6,0.08,30,20,0.5,-0.4560462215679272,0.00605337496133322,0.2458457567221957,0.4620995965292604,COMPLETE
362,-0.578969099929025,2026-05-08 11:23:58.837267,2026-05-08 11:23:59.126584,0 days 00:00:00.289317,3,0.05,0.01,0.6,0.08,30,20,0.65,-0.4560462215679272,0.00605337496133322,0.2458457567221957,0.4620995965292604,COMPLETE
363,-0.5939020469486219,2026-05-08 11:23:59.141064,2026-05-08 11:23:59.297179,0 days 00:00:00.156115,4,0.05,0.01,0.3,0.08,50,10,0.65,,,,,PRUNED
364,-0.6134232157352639,2026-05-08 11:23:59.309218,2026-05-08 11:23:59.453538,0 days 00:00:00.144320,2,0.03,0.02,0.45,0.08,30,5,0.8,,,,,PRUNED
365,-0.6081982030239713,2026-05-08 11:23:59.465917,2026-05-08 11:23:59.634437,0 days 00:00:00.168520,3,0.05,0.01,0.6,0.16,50,20,0.8,,,,,PRUNED
366,-0.578969099929025,2026-05-08 11:23:59.647284,2026-05-08 11:23:59.900681,0 days 00:00:00.253397,3,0.05,0.02,0.6,0.08,20,20,0.5,-0.4560462215679272,0.00605337496133322,0.2458457567221957,0.4620995965292604,COMPLETE
367,-0.6642767848197387,2026-05-08 11:23:59.914583,2026-05-08 11:24:00.071129,0 days 00:00:00.156546,2,0.03,0.01,0.6,0.08,10,20,0.8,,,,,PRUNED
368,-0.6491098622548385,2026-05-08 11:24:00.083726,2026-05-08 11:24:00.240419,0 days 00:00:00.156693,2,0.03,0.02,0.3,0.16,10,5,0.8,,,,,PRUNED
369,-0.578969099929025,2026-05-08 11:24:00.255832,2026-05-08 11:24:00.524017,0 days 00:00:00.268185,3,0.05,0.01,0.6,0.08,50,20,0.8,-0.4560462215679272,0.00605337496133322,0.2458457567221957,0.4620995965292604,COMPLETE
370,-0.6523845323010911,2026-05-08 11:24:00.540056,2026-05-08 11:24:00.708434,0 days 00:00:00.168378,4,0.03,0.01,0.3,0.16,10,5,0.65,,,,,PRUNED
371,-0.5768783778003106,2026-05-08 11:24:00.723560,2026-05-08 11:24:00.866446,0 days 00:00:00.142886,4,0.05,0.01,0.3,0.08,50,20,0.8,,,,,PRUNED
372,-0.578969099929025,2026-05-08 11:24:00.884196,2026-05-08 11:24:01.346473,0 days 00:00:00.462277,3,0.05,0.01,0.6,0.08,30,20,0.5,-0.4560462215679272,0.00605337496133322,0.2458457567221957,0.4620995965292604,COMPLETE
373,-0.5913574145694833,2026-05-08 11:24:01.364341,2026-05-08 11:24:01.522669,0 days 00:00:00.158328,4,0.05,0.02,0.3,0.12,20,20,0.65,,,,,PRUNED
374,-0.6312330893714362,2026-05-08 11:24:01.538739,2026-05-08 11:24:01.731594,0 days 00:00:00.192855,4,0.05,0.02,0.6,0.08,10,20,0.5,,,,,PRUNED
375,-0.5975526404445798,2026-05-08 11:24:01.750823,2026-05-08 11:24:01.906342,0 days 00:00:00.155519,3,0.03,0.01,0.45,0.08,30,20,0.5,,,,,PRUNED
376,-0.578969099929025,2026-05-08 11:24:01.918851,2026-05-08 11:24:02.156424,0 days 00:00:00.237573,3,0.05,0.01,0.6,0.08,50,20,0.5,-0.4560462215679272,0.00605337496133322,0.2458457567221957,0.4620995965292604,COMPLETE
377,-0.6200767265682279,2026-05-08 11:24:02.170095,2026-05-08 11:24:02.308619,0 days 00:00:00.138524,2,0.05,0.01,0.6,0.16,50,5,0.5,,,,,PRUNED
378,-0.5749687272496626,2026-05-08 11:24:02.324522,2026-05-08 11:24:02.471999,0 days 00:00:00.147477,3,0.05,0.01,0.3,0.08,20,20,0.65,,,,,PRUNED
379,-0.578969099929025,2026-05-08 11:24:02.484718,2026-05-08 11:24:02.712548,0 days 00:00:00.227830,3,0.05,0.02,0.6,0.08,50,20,0.8,-0.4560462215679272,0.00605337496133322,0.2458457567221957,0.4620995965292604,COMPLETE
380,-0.6081213510976907,2026-05-08 11:24:02.724741,2026-05-08 11:24:02.866795,0 days 00:00:00.142054,3,0.05,0.01,0.6,0.12,30,5,0.5,,,,,PRUNED
381,-0.578969099929025,2026-05-08 11:24:02.882251,2026-05-08 11:24:03.112658,0 days 00:00:00.230407,3,0.05,0.02,0.6,0.08,30,20,0.5,-0.4560462215679272,0.00605337496133322,0.2458457567221957,0.4620995965292604,COMPLETE
382,-0.6448092430213577,2026-05-08 11:24:03.131992,2026-05-08 11:24:03.314241,0 days 00:00:00.182249,3,0.03,0.01,0.45,0.12,20,5,0.65,,,,,PRUNED
383,-0.6003224832707464,2026-05-08 11:24:03.331888,2026-05-08 11:24:03.490719,0 days 00:00:00.158831,3,0.05,0.02,0.6,0.08,10,5,0.5,,,,,PRUNED
384,-0.6169252413058524,2026-05-08 11:24:03.503257,2026-05-08 11:24:03.640447,0 days 00:00:00.137190,2,0.03,0.02,0.3,0.12,30,20,0.8,,,,,PRUNED
385,-0.5966001222690867,2026-05-08 11:24:03.656532,2026-05-08 11:24:03.813278,0 days 00:00:00.156746,4,0.05,0.01,0.6,0.08,50,10,0.5,,,,,PRUNED
386,-0.578969099929025,2026-05-08 11:24:03.833092,2026-05-08 11:24:04.073780,0 days 00:00:00.240688,3,0.05,0.02,0.6,0.08,50,20,0.5,-0.4560462215679272,0.00605337496133322,0.2458457567221957,0.4620995965292604,COMPLETE
387,-0.5975526404445798,2026-05-08 11:24:04.086828,2026-05-08 11:24:04.222599,0 days 00:00:00.135771,3,0.03,0.01,0.6,0.08,30,20,0.5,,,,,PRUNED
388,-0.5749687272496626,2026-05-08 11:24:04.240449,2026-05-08 11:24:04.400528,0 days 00:00:00.160079,3,0.05,0.02,0.3,0.08,30,20,0.65,,,,,PRUNED
389,-0.5957511125305064,2026-05-08 11:24:04.418480,2026-05-08 11:24:04.555287,0 days 00:00:00.136807,3,0.05,0.02,0.6,0.08,30,10,0.65,,,,,PRUNED
390,-0.578969099929025,2026-05-08 11:24:04.569481,2026-05-08 11:24:04.797983,0 days 00:00:00.228502,3,0.05,0.01,0.6,0.08,50,20,0.8,-0.4560462215679272,0.00605337496133322,0.2458457567221957,0.4620995965292604,COMPLETE
391,-0.5917829925851114,2026-05-08 11:24:04.810722,2026-05-08 11:24:04.956199,0 days 00:00:00.145477,4,0.05,0.02,0.45,0.12,30,20,0.8,,,,,PRUNED
392,-0.578969099929025,2026-05-08 11:24:04.969299,2026-05-08 11:24:05.194332,0 days 00:00:00.225033,3,0.05,0.01,0.6,0.08,30,20,0.5,-0.4560462215679272,0.00605337496133322,0.2458457567221957,0.4620995965292604,COMPLETE
393,-0.6173937114970438,2026-05-08 11:24:05.207719,2026-05-08 11:24:05.347366,0 days 00:00:00.139647,4,0.05,0.01,0.6,0.16,20,10,0.8,,,,,PRUNED
394,-0.578969099929025,2026-05-08 11:24:05.361452,2026-05-08 11:24:05.596952,0 days 00:00:00.235500,3,0.05,0.01,0.6,0.08,20,20,0.5,-0.4560462215679272,0.00605337496133322,0.2458457567221957,0.4620995965292604,COMPLETE
395,-0.6203357912949469,2026-05-08 11:24:05.610679,2026-05-08 11:24:05.749958,0 days 00:00:00.139279,4,0.05,0.01,0.45,0.16,20,10,0.5,,,,,PRUNED
396,-0.5957511125305064,2026-05-08 11:24:05.762835,2026-05-08 11:24:05.900341,0 days 00:00:00.137506,3,0.05,0.02,0.6,0.08,30,10,0.8,,,,,PRUNED
397,-0.6038900871162599,2026-05-08 11:24:05.918884,2026-05-08 11:24:06.069345,0 days 00:00:00.150461,3,0.05,0.01,0.6,0.12,50,10,0.5,,,,,PRUNED
398,-0.6207596840508205,2026-05-08 11:24:06.082752,2026-05-08 11:24:06.212166,0 days 00:00:00.129414,3,0.05,0.01,0.3,0.16,50,10,0.65,,,,,PRUNED
399,-0.6312330893714362,2026-05-08 11:24:06.223713,2026-05-08 11:24:06.365911,0 days 00:00:00.142198,4,0.05,0.01,0.6,0.08,10,20,0.8,,,,,PRUNED
400,-0.578969099929025,2026-05-08 11:24:06.378570,2026-05-08 11:24:06.621064,0 days 00:00:00.242494,3,0.05,0.01,0.6,0.08,30,20,0.8,-0.4560462215679272,0.00605337496133322,0.2458457567221957,0.4620995965292604,COMPLETE
401,-0.6231230338059831,2026-05-08 11:24:06.633846,2026-05-08 11:24:06.774520,0 days 00:00:00.140674,3,0.05,0.02,0.45,0.16,50,10,0.5,,,,,PRUNED
402,-0.578969099929025,2026-05-08 11:24:06.786682,2026-05-08 11:24:07.009526,0 days 00:00:00.222844,3,0.05,0.01,0.6,0.08,50,20,0.65,-0.4560462215679272,0.00605337496133322,0.2458457567221957,0.4620995965292604,COMPLETE
403,-0.578969099929025,2026-05-08 11:24:07.024661,2026-05-08 11:24:07.262351,0 days 00:00:00.237690,3,0.05,0.02,0.6,0.08,30,20,0.5,-0.4560462215679272,0.00605337496133322,0.2458457567221957,0.4620995965292604,COMPLETE
404,-0.6086636307731006,2026-05-08 11:24:07.277789,2026-05-08 11:24:07.419256,0 days 00:00:00.141467,3,0.05,0.01,0.3,0.16,30,20,0.5,,,,,PRUNED
405,-0.6504507616544821,2026-05-08 11:24:07.433724,2026-05-08 11:24:07.607152,0 days 00:00:00.173428,4,0.03,0.02,0.45,0.16,50,10,0.65,,,,,PRUNED
406,-0.6129528246659903,2026-05-08 11:24:07.623108,2026-05-08 11:24:07.794319,0 days 00:00:00.171211,3,0.03,0.01,0.3,0.08,20,5,0.5,,,,,PRUNED
407,-0.6134339220580484,2026-05-08 11:24:07.808807,2026-05-08 11:24:07.952885,0 days 00:00:00.144078,4,0.03,0.01,0.6,0.08,30,5,0.8,,,,,PRUNED
408,-0.6664777986759578,2026-05-08 11:24:07.965618,2026-05-08 11:24:08.131407,0 days 00:00:00.165789,3,0.03,0.01,0.6,0.08,10,20,0.5,,,,,PRUNED
409,-0.578969099929025,2026-05-08 11:24:08.148908,2026-05-08 11:24:08.383239,0 days 00:00:00.234331,3,0.05,0.01,0.6,0.08,50,20,0.5,-0.4560462215679272,0.00605337496133322,0.2458457567221957,0.4620995965292604,COMPLETE
410,-0.6341222382698053,2026-05-08 11:24:08.395842,2026-05-08 11:24:08.533836,0 days 00:00:00.137994,2,0.03,0.02,0.45,0.08,10,10,0.8,,,,,PRUNED
411,-0.6335931593237965,2026-05-08 11:24:08.547367,2026-05-08 11:24:08.693854,0 days 00:00:00.146487,3,0.03,0.02,0.45,0.16,30,20,0.8,,,,,PRUNED
412,-0.5767861238051477,2026-05-08 11:24:08.707551,2026-05-08 11:24:08.843677,0 days 00:00:00.136126,4,0.05,0.02,0.6,0.08,20,20,0.5,,,,,PRUNED
413,-0.6078454639540031,2026-05-08 11:24:08.856832,2026-05-08 11:24:08.995271,0 days 00:00:00.138439,3,0.05,0.02,0.3,0.12,30,10,0.65,,,,,PRUNED
414,-0.6999161403199772,2026-05-08 11:24:09.006841,2026-05-08 11:24:09.144937,0 days 00:00:00.138096,3,0.03,0.02,0.45,0.16,10,10,0.5,,,,,PRUNED
415,-0.6286648794403258,2026-05-08 11:24:09.159106,2026-05-08 11:24:09.296985,0 days 00:00:00.137879,3,0.05,0.02,0.3,0.08,10,20,0.5,,,,,PRUNED
416,-0.578969099929025,2026-05-08 11:24:09.311107,2026-05-08 11:24:09.544352,0 days 00:00:00.233245,3,0.05,0.01,0.6,0.08,30,20,0.5,-0.4560462215679272,0.00605337496133322,0.2458457567221957,0.4620995965292604,COMPLETE
417,-0.5906803587060463,2026-05-08 11:24:09.555405,2026-05-08 11:24:09.712887,0 days 00:00:00.157482,3,0.05,0.01,0.3,0.12,20,20,0.5,,,,,PRUNED
418,-0.6390517450052041,2026-05-08 11:24:09.724702,2026-05-08 11:24:09.863711,0 days 00:00:00.139009,4,0.03,0.02,0.6,0.12,10,5,0.8,,,,,PRUNED
419,-0.6421455448566363,2026-05-08 11:24:09.878495,2026-05-08 11:24:10.009737,0 days 00:00:00.131242,4,0.05,0.02,0.3,0.16,10,10,0.65,,,,,PRUNED
420,-0.578969099929025,2026-05-08 11:24:10.021721,2026-05-08 11:24:10.274297,0 days 00:00:00.252576,3,0.05,0.01,0.6,0.08,50,20,0.8,-0.4560462215679272,0.00605337496133322,0.2458457567221957,0.4620995965292604,COMPLETE
421,-0.6286097972287283,2026-05-08 11:24:10.287900,2026-05-08 11:24:10.432864,0 days 00:00:00.144964,2,0.05,0.01,0.6,0.08,10,20,0.8,,,,,PRUNED
422,-0.578969099929025,2026-05-08 11:24:10.445147,2026-05-08 11:24:10.679258,0 days 00:00:00.234111,3,0.05,0.01,0.6,0.08,20,20,0.8,-0.4560462215679272,0.00605337496133322,0.2458457567221957,0.4620995965292604,COMPLETE
423,-0.6237919920566086,2026-05-08 11:24:10.691943,2026-05-08 11:24:10.831015,0 days 00:00:00.139072,4,0.05,0.02,0.6,0.08,10,10,0.8,,,,,PRUNED
424,-0.6090566335893609,2026-05-08 11:24:10.842953,2026-05-08 11:24:10.981728,0 days 00:00:00.138775,3,0.05,0.01,0.45,0.16,20,20,0.5,,,,,PRUNED
425,-0.5975526404445798,2026-05-08 11:24:10.995416,2026-05-08 11:24:11.131843,0 days 00:00:00.136427,3,0.03,0.01,0.6,0.08,20,20,0.65,,,,,PRUNED
426,-0.6134226187526878,2026-05-08 11:24:11.145292,2026-05-08 11:24:11.285573,0 days 00:00:00.140281,4,0.03,0.02,0.3,0.08,20,5,0.8,,,,,PRUNED
427,-0.5937464920602008,2026-05-08 11:24:11.300833,2026-05-08 11:24:11.438509,0 days 00:00:00.137676,4,0.05,0.01,0.3,0.08,20,5,0.8,,,,,PRUNED
428,-0.6189590985196085,2026-05-08 11:24:11.454745,2026-05-08 11:24:11.594909,0 days 00:00:00.140164,4,0.05,0.02,0.3,0.16,30,10,0.8,,,,,PRUNED
429,-0.5966001222690867,2026-05-08 11:24:11.608300,2026-05-08 11:24:11.779044,0 days 00:00:00.170744,4,0.05,0.02,0.6,0.08,50,10,0.65,,,,,PRUNED
430,-0.5901101001234356,2026-05-08 11:24:11.797626,2026-05-08 11:24:11.969983,0 days 00:00:00.172357,3,0.05,0.01,0.6,0.12,30,20,0.5,,,,,PRUNED
431,-0.5957511125305064,2026-05-08 11:24:11.987091,2026-05-08 11:24:12.156478,0 days 00:00:00.169387,3,0.05,0.01,0.6,0.08,30,10,0.5,,,,,PRUNED
432,-0.574873306442636,2026-05-08 11:24:12.168500,2026-05-08 11:24:12.333145,0 days 00:00:00.164645,3,0.05,0.01,0.45,0.08,50,20,0.8,,,,,PRUNED
433,-0.5750502702581965,2026-05-08 11:24:12.351608,2026-05-08 11:24:12.496466,0 days 00:00:00.144858,2,0.05,0.01,0.45,0.08,30,20,0.5,,,,,PRUNED
434,-0.578969099929025,2026-05-08 11:24:12.510296,2026-05-08 11:24:12.742942,0 days 00:00:00.232646,3,0.05,0.02,0.6,0.08,20,20,0.65,-0.4560462215679272,0.00605337496133322,0.2458457567221957,0.4620995965292604,COMPLETE
435,-0.6049308612774009,2026-05-08 11:24:12.755783,2026-05-08 11:24:12.901517,0 days 00:00:00.145734,4,0.05,0.02,0.6,0.16,30,20,0.5,,,,,PRUNED
436,-0.5966001222690867,2026-05-08 11:24:12.915822,2026-05-08 11:24:13.064751,0 days 00:00:00.148929,4,0.05,0.01,0.6,0.08,30,10,0.5,,,,,PRUNED
437,-0.5869801368260765,2026-05-08 11:24:13.075611,2026-05-08 11:24:13.214462,0 days 00:00:00.138851,3,0.05,0.01,0.45,0.12,50,20,0.5,,,,,PRUNED
438,-0.5857266507754435,2026-05-08 11:24:13.227654,2026-05-08 11:24:13.367988,0 days 00:00:00.140334,4,0.05,0.01,0.6,0.12,20,20,0.5,,,,,PRUNED
439,-0.5957511125305064,2026-05-08 11:24:13.380632,2026-05-08 11:24:13.515916,0 days 00:00:00.135284,3,0.05,0.01,0.6,0.08,50,10,0.8,,,,,PRUNED
440,-0.6518186051175421,2026-05-08 11:24:13.529685,2026-05-08 11:24:13.665192,0 days 00:00:00.135507,3,0.03,0.01,0.6,0.16,20,10,0.5,,,,,PRUNED
441,-0.6150092699411038,2026-05-08 11:24:13.677909,2026-05-08 11:24:13.821586,0 days 00:00:00.143677,3,0.03,0.01,0.45,0.08,30,10,0.65,,,,,PRUNED
442,-0.578969099929025,2026-05-08 11:24:13.839272,2026-05-08 11:24:14.076989,0 days 00:00:00.237717,3,0.05,0.02,0.6,0.08,30,20,0.65,-0.4560462215679272,0.00605337496133322,0.2458457567221957,0.4620995965292604,COMPLETE
443,-0.5968016608986657,2026-05-08 11:24:14.089352,2026-05-08 11:24:14.229963,0 days 00:00:00.140611,2,0.03,0.01,0.6,0.08,50,20,0.5,,,,,PRUNED
444,-0.5889750732331619,2026-05-08 11:24:14.243164,2026-05-08 11:24:14.382713,0 days 00:00:00.139549,2,0.05,0.01,0.6,0.12,50,20,0.8,,,,,PRUNED
445,-0.578969099929025,2026-05-08 11:24:14.400707,2026-05-08 11:24:14.671670,0 days 00:00:00.270963,3,0.05,0.01,0.6,0.08,30,20,0.5,-0.4560462215679272,0.00605337496133322,0.2458457567221957,0.4620995965292604,COMPLETE
446,-0.6523845323010911,2026-05-08 11:24:14.686452,2026-05-08 11:24:14.821131,0 days 00:00:00.134679,4,0.03,0.02,0.45,0.16,10,5,0.5,,,,,PRUNED
447,-0.5745132488334075,2026-05-08 11:24:14.838514,2026-05-08 11:24:14.987207,0 days 00:00:00.148693,2,0.05,0.01,0.6,0.08,50,20,0.5,,,,,PRUNED
448,-0.5901101001234356,2026-05-08 11:24:14.998387,2026-05-08 11:24:15.133538,0 days 00:00:00.135151,3,0.05,0.01,0.6,0.12,50,20,0.8,,,,,PRUNED
449,-0.578969099929025,2026-05-08 11:24:15.145430,2026-05-08 11:24:15.376301,0 days 00:00:00.230871,3,0.05,0.01,0.6,0.08,20,20,0.5,-0.4560462215679272,0.00605337496133322,0.2458457567221957,0.4620995965292604,COMPLETE
450,-0.5928193994794824,2026-05-08 11:24:15.389794,2026-05-08 11:24:15.528206,0 days 00:00:00.138412,3,0.05,0.02,0.6,0.08,20,5,0.8,,,,,PRUNED
451,-0.5953175384698193,2026-05-08 11:24:15.543610,2026-05-08 11:24:15.694154,0 days 00:00:00.150544,3,0.05,0.01,0.45,0.08,30,10,0.5,,,,,PRUNED
452,-0.578969099929025,2026-05-08 11:24:15.705917,2026-05-08 11:24:15.957659,0 days 00:00:00.251742,3,0.05,0.02,0.6,0.08,30,20,0.5,-0.4560462215679272,0.00605337496133322,0.2458457567221957,0.4620995965292604,COMPLETE
453,-0.578969099929025,2026-05-08 11:24:15.973082,2026-05-08 11:24:16.227041,0 days 00:00:00.253959,3,0.05,0.01,0.6,0.08,30,20,0.65,-0.4560462215679272,0.00605337496133322,0.2458457567221957,0.4620995965292604,COMPLETE
454,-0.578969099929025,2026-05-08 11:24:16.238606,2026-05-08 11:24:16.514373,0 days 00:00:00.275767,3,0.05,0.01,0.6,0.08,20,20,0.65,-0.4560462215679272,0.00605337496133322,0.2458457567221957,0.4620995965292604,COMPLETE
455,-0.6314822235719273,2026-05-08 11:24:16.527442,2026-05-08 11:24:16.691833,0 days 00:00:00.164391,3,0.05,0.02,0.6,0.08,10,20,0.5,,,,,PRUNED
456,-0.6534573553649088,2026-05-08 11:24:16.704228,2026-05-08 11:24:16.842565,0 days 00:00:00.138337,2,0.03,0.02,0.45,0.12,10,10,0.5,,,,,PRUNED
457,-0.6448092430213577,2026-05-08 11:24:16.856273,2026-05-08 11:24:17.008385,0 days 00:00:00.152112,3,0.03,0.02,0.45,0.12,50,5,0.8,,,,,PRUNED
458,-0.578969099929025,2026-05-08 11:24:17.023316,2026-05-08 11:24:17.250241,0 days 00:00:00.226925,3,0.05,0.01,0.6,0.08,50,20,0.5,-0.4560462215679272,0.00605337496133322,0.2458457567221957,0.4620995965292604,COMPLETE
459,-0.6072077342777982,2026-05-08 11:24:17.261096,2026-05-08 11:24:17.420166,0 days 00:00:00.159070,4,0.05,0.01,0.45,0.12,20,5,0.65,,,,,PRUNED
460,-0.578969099929025,2026-05-08 11:24:17.437063,2026-05-08 11:24:17.658825,0 days 00:00:00.221762,3,0.05,0.01,0.6,0.08,50,20,0.8,-0.4560462215679272,0.00605337496133322,0.2458457567221957,0.4620995965292604,COMPLETE
461,-0.6334717714690978,2026-05-08 11:24:17.670946,2026-05-08 11:24:17.801623,0 days 00:00:00.130677,3,0.03,0.01,0.3,0.12,10,5,0.5,,,,,PRUNED
462,-0.6109954412149662,2026-05-08 11:24:17.814664,2026-05-08 11:24:17.951228,0 days 00:00:00.136564,4,0.03,0.02,0.3,0.12,30,20,0.5,,,,,PRUNED
463,-0.578969099929025,2026-05-08 11:24:17.963934,2026-05-08 11:24:18.219840,0 days 00:00:00.255906,3,0.05,0.02,0.6,0.08,50,20,0.8,-0.4560462215679272,0.00605337496133322,0.2458457567221957,0.4620995965292604,COMPLETE
464,-0.578969099929025,2026-05-08 11:24:18.231195,2026-05-08 11:24:18.450240,0 days 00:00:00.219045,3,0.05,0.01,0.6,0.08,30,20,0.5,-0.4560462215679272,0.00605337496133322,0.2458457567221957,0.4620995965292604,COMPLETE
465,-0.5928193994794824,2026-05-08 11:24:18.462152,2026-05-08 11:24:18.597919,0 days 00:00:00.135767,3,0.05,0.01,0.6,0.08,50,5,0.8,,,,,PRUNED
466,-0.5887805064173623,2026-05-08 11:24:18.611793,2026-05-08 11:24:18.782014,0 days 00:00:00.170221,2,0.05,0.02,0.45,0.12,20,20,0.8,,,,,PRUNED
467,-0.5986362602015844,2026-05-08 11:24:18.795974,2026-05-08 11:24:18.934746,0 days 00:00:00.138772,3,0.03,0.01,0.3,0.08,20,20,0.5,,,,,PRUNED
468,-0.6286097972287283,2026-05-08 11:24:18.949229,2026-05-08 11:24:19.105680,0 days 00:00:00.156451,2,0.05,0.01,0.6,0.08,10,20,0.65,,,,,PRUNED
469,-0.5768783778003106,2026-05-08 11:24:19.120554,2026-05-08 11:24:19.252318,0 days 00:00:00.131764,4,0.05,0.01,0.3,0.08,20,20,0.5,,,,,PRUNED
470,-0.574873306442636,2026-05-08 11:24:19.267855,2026-05-08 11:24:19.413062,0 days 00:00:00.145207,3,0.05,0.02,0.45,0.08,20,20,0.8,,,,,PRUNED
471,-0.578969099929025,2026-05-08 11:24:19.427143,2026-05-08 11:24:19.664361,0 days 00:00:00.237218,3,0.05,0.02,0.6,0.08,20,20,0.5,-0.4560462215679272,0.00605337496133322,0.2458457567221957,0.4620995965292604,COMPLETE
472,-0.5958391561963492,2026-05-08 11:24:19.679952,2026-05-08 11:24:19.828186,0 days 00:00:00.148234,4,0.05,0.01,0.45,0.08,20,10,0.8,,,,,PRUNED
473,-0.578969099929025,2026-05-08 11:24:19.839946,2026-05-08 11:24:20.092643,0 days 00:00:00.252697,3,0.05,0.01,0.6,0.08,50,20,0.8,-0.4560462215679272,0.00605337496133322,0.2458457567221957,0.4620995965292604,COMPLETE
474,-0.578969099929025,2026-05-08 11:24:20.109363,2026-05-08 11:24:20.339659,0 days 00:00:00.230296,3,0.05,0.02,0.6,0.08,50,20,0.5,-0.4560462215679272,0.00605337496133322,0.2458457567221957,0.4620995965292604,COMPLETE
475,-0.5749687272496626,2026-05-08 11:24:20.352532,2026-05-08 11:24:20.502453,0 days 00:00:00.149921,3,0.05,0.01,0.3,0.08,50,20,0.5,,,,,PRUNED
476,-0.6088235183280524,2026-05-08 11:24:20.522350,2026-05-08 11:24:20.710152,0 days 00:00:00.187802,2,0.05,0.02,0.3,0.12,30,10,0.5,,,,,PRUNED
477,-0.654983581994148,2026-05-08 11:24:20.727057,2026-05-08 11:24:20.908136,0 days 00:00:00.181079,2,0.03,0.02,0.3,0.16,30,5,0.5,,,,,PRUNED
478,-0.5975526404445798,2026-05-08 11:24:20.922951,2026-05-08 11:24:21.066258,0 days 00:00:00.143307,3,0.03,0.01,0.45,0.08,50,20,0.8,,,,,PRUNED
479,-0.578969099929025,2026-05-08 11:24:21.080457,2026-05-08 11:24:21.331200,0 days 00:00:00.250743,3,0.05,0.01,0.6,0.08,50,20,0.5,-0.4560462215679272,0.00605337496133322,0.2458457567221957,0.4620995965292604,COMPLETE
480,-0.6142610855417988,2026-05-08 11:24:21.345625,2026-05-08 11:24:21.483771,0 days 00:00:00.138146,3,0.03,0.02,0.3,0.08,50,10,0.8,,,,,PRUNED
481,-0.5749687272496626,2026-05-08 11:24:21.497255,2026-05-08 11:24:21.631648,0 days 00:00:00.134393,3,0.05,0.01,0.3,0.08,30,20,0.5,,,,,PRUNED
482,-0.5901101001234356,2026-05-08 11:24:21.647617,2026-05-08 11:24:21.788290,0 days 00:00:00.140673,3,0.05,0.02,0.6,0.12,30,20,0.5,,,,,PRUNED
483,-0.6551978052231415,2026-05-08 11:24:21.800511,2026-05-08 11:24:21.967482,0 days 00:00:00.166971,3,0.03,0.02,0.45,0.16,50,5,0.65,,,,,PRUNED
484,-0.6017651620192361,2026-05-08 11:24:21.981316,2026-05-08 11:24:22.123403,0 days 00:00:00.142087,2,0.05,0.01,0.6,0.16,50,20,0.65,,,,,PRUNED
485,-0.6518186051175421,2026-05-08 11:24:22.136614,2026-05-08 11:24:22.311080,0 days 00:00:00.174466,3,0.03,0.02,0.6,0.16,20,10,0.8,,,,,PRUNED
486,-0.6071843219395869,2026-05-08 11:24:22.348346,2026-05-08 11:24:22.595960,0 days 00:00:00.247614,4,0.05,0.01,0.3,0.12,20,10,0.8,,,,,PRUNED
487,-0.578969099929025,2026-05-08 11:24:22.610541,2026-05-08 11:24:22.870641,0 days 00:00:00.260100,3,0.05,0.02,0.6,0.08,30,20,0.8,-0.4560462215679272,0.00605337496133322,0.2458457567221957,0.4620995965292604,COMPLETE
488,-0.6150092699411038,2026-05-08 11:24:22.884315,2026-05-08 11:24:23.058124,0 days 00:00:00.173809,3,0.03,0.02,0.6,0.08,30,10,0.5,,,,,PRUNED
489,-0.6137293129180694,2026-05-08 11:24:23.072316,2026-05-08 11:24:23.217472,0 days 00:00:00.145156,2,0.03,0.01,0.3,0.08,20,10,0.5,,,,,PRUNED
490,-0.5749687272496626,2026-05-08 11:24:23.233364,2026-05-08 11:24:23.373248,0 days 00:00:00.139884,3,0.05,0.02,0.3,0.08,30,20,0.5,,,,,PRUNED
491,-0.5909179871540535,2026-05-08 11:24:23.386452,2026-05-08 11:24:23.533863,0 days 00:00:00.147411,2,0.05,0.01,0.6,0.08,20,5,0.8,,,,,PRUNED
492,-0.578969099929025,2026-05-08 11:24:23.546410,2026-05-08 11:24:23.772976,0 days 00:00:00.226566,3,0.05,0.01,0.6,0.08,50,20,0.65,-0.4560462215679272,0.00605337496133322,0.2458457567221957,0.4620995965292604,COMPLETE
493,-0.578969099929025,2026-05-08 11:24:23.785449,2026-05-08 11:24:23.997599,0 days 00:00:00.212150,3,0.05,0.01,0.6,0.08,30,20,0.8,-0.4560462215679272,0.00605337496133322,0.2458457567221957,0.4620995965292604,COMPLETE
494,-0.578969099929025,2026-05-08 11:24:24.007967,2026-05-08 11:24:24.247556,0 days 00:00:00.239589,3,0.05,0.01,0.6,0.08,30,20,0.5,-0.4560462215679272,0.00605337496133322,0.2458457567221957,0.4620995965292604,COMPLETE
495,-0.6086636307731006,2026-05-08 11:24:24.261377,2026-05-08 11:24:24.402602,0 days 00:00:00.141225,3,0.05,0.01,0.3,0.16,50,20,0.5,,,,,PRUNED
496,-0.578969099929025,2026-05-08 11:24:24.415259,2026-05-08 11:24:24.644472,0 days 00:00:00.229213,3,0.05,0.02,0.6,0.08,30,20,0.5,-0.4560462215679272,0.00605337496133322,0.2458457567221957,0.4620995965292604,COMPLETE
497,-0.6103216756535097,2026-05-08 11:24:24.655120,2026-05-08 11:24:24.808175,0 days 00:00:00.153055,3,0.05,0.01,0.45,0.16,10,5,0.5,,,,,PRUNED
498,-0.5968016608986657,2026-05-08 11:24:24.823523,2026-05-08 11:24:24.981310,0 days 00:00:00.157787,2,0.03,0.02,0.6,0.08,30,20,0.5,,,,,PRUNED
499,-0.6429144585535893,2026-05-08 11:24:24.998139,2026-05-08 11:24:25.166991,0 days 00:00:00.168852,3,0.05,0.01,0.45,0.16,10,10,0.8,,,,,PRUNED
500,-0.574873306442636,2026-05-08 11:24:25.186344,2026-05-08 11:24:25.351760,0 days 00:00:00.165416,3,0.05,0.01,0.45,0.08,30,20,0.5,,,,,PRUNED
501,-0.578969099929025,2026-05-08 11:24:25.365389,2026-05-08 11:24:25.596213,0 days 00:00:00.230824,3,0.05,0.01,0.6,0.08,50,20,0.8,-0.4560462215679272,0.00605337496133322,0.2458457567221957,0.4620995965292604,COMPLETE
502,-0.5952477886687461,2026-05-08 11:24:25.611344,2026-05-08 11:24:25.745934,0 days 00:00:00.134590,2,0.05,0.01,0.6,0.08,30,10,0.65,,,,,PRUNED
503,-0.6355464876990627,2026-05-08 11:24:25.760800,2026-05-08 11:24:25.896344,0 days 00:00:00.135544,2,0.03,0.01,0.45,0.12,20,10,0.8,,,,,PRUNED
504,-0.5986362602015844,2026-05-08 11:24:25.909121,2026-05-08 11:24:26.041694,0 days 00:00:00.132573,3,0.03,0.01,0.3,0.08,30,20,0.8,,,,,PRUNED
505,-0.578969099929025,2026-05-08 11:24:26.053119,2026-05-08 11:24:26.281789,0 days 00:00:00.228670,3,0.05,0.01,0.6,0.08,20,20,0.5,-0.4560462215679272,0.00605337496133322,0.2458457567221957,0.4620995965292604,COMPLETE
506,-0.6058722619931499,2026-05-08 11:24:26.294689,2026-05-08 11:24:26.445676,0 days 00:00:00.150987,2,0.05,0.02,0.6,0.12,50,5,0.65,,,,,PRUNED
507,-0.578969099929025,2026-05-08 11:24:26.459432,2026-05-08 11:24:26.691003,0 days 00:00:00.231571,3,0.05,0.01,0.6,0.08,30,20,0.5,-0.4560462215679272,0.00605337496133322,0.2458457567221957,0.4620995965292604,COMPLETE
508,-0.6304920072314364,2026-05-08 11:24:26.703856,2026-05-08 11:24:26.839092,0 days 00:00:00.135236,2,0.03,0.02,0.45,0.16,50,20,0.65,,,,,PRUNED
509,-0.5749687272496626,2026-05-08 11:24:26.851016,2026-05-08 11:24:26.980985,0 days 00:00:00.129969,3,0.05,0.01,0.3,0.08,50,20,0.8,,,,,PRUNED
510,-0.578969099929025,2026-05-08 11:24:26.992558,2026-05-08 11:24:27.229430,0 days 00:00:00.236872,3,0.05,0.01,0.6,0.08,50,20,0.5,-0.4560462215679272,0.00605337496133322,0.2458457567221957,0.4620995965292604,COMPLETE
511,-0.6299523917599154,2026-05-08 11:24:27.246565,2026-05-08 11:24:27.393666,0 days 00:00:00.147101,4,0.03,0.02,0.45,0.12,30,10,0.8,,,,,PRUNED
512,-0.5957511125305064,2026-05-08 11:24:27.408930,2026-05-08 11:24:27.568064,0 days 00:00:00.159134,3,0.05,0.02,0.6,0.08,30,10,0.5,,,,,PRUNED
513,-0.5927185030454039,2026-05-08 11:24:27.581962,2026-05-08 11:24:27.719110,0 days 00:00:00.137148,3,0.05,0.01,0.45,0.08,50,5,0.8,,,,,PRUNED
514,-0.578969099929025,2026-05-08 11:24:27.731580,2026-05-08 11:24:27.990196,0 days 00:00:00.258616,3,0.05,0.01,0.6,0.08,20,20,0.8,-0.4560462215679272,0.00605337496133322,0.2458457567221957,0.4620995965292604,COMPLETE
515,-0.5745132488334075,2026-05-08 11:24:28.005371,2026-05-08 11:24:28.174500,0 days 00:00:00.169129,2,0.05,0.01,0.6,0.08,20,20,0.8,,,,,PRUNED
516,-0.5927185030454039,2026-05-08 11:24:28.190319,2026-05-08 11:24:28.347298,0 days 00:00:00.156979,3,0.05,0.02,0.45,0.08,30,5,0.5,,,,,PRUNED
517,-0.6081213510976907,2026-05-08 11:24:28.362889,2026-05-08 11:24:28.528141,0 days 00:00:00.165252,3,0.05,0.01,0.6,0.12,20,5,0.5,,,,,PRUNED
518,-0.578969099929025,2026-05-08 11:24:28.541097,2026-05-08 11:24:28.787775,0 days 00:00:00.246678,3,0.05,0.02,0.6,0.08,30,20,0.5,-0.4560462215679272,0.00605337496133322,0.2458457567221957,0.4620995965292604,COMPLETE
519,-0.5767861238051477,2026-05-08 11:24:28.802259,2026-05-08 11:24:28.933065,0 days 00:00:00.130806,4,0.05,0.02,0.6,0.08,20,20,0.8,,,,,PRUNED
520,-0.6335931593237965,2026-05-08 11:24:28.947711,2026-05-08 11:24:29.088832,0 days 00:00:00.141121,3,0.03,0.01,0.6,0.16,50,20,0.65,,,,,PRUNED
521,-0.578969099929025,2026-05-08 11:24:29.101043,2026-05-08 11:24:29.397678,0 days 00:00:00.296635,3,0.05,0.01,0.6,0.08,30,20,0.5,-0.4560462215679272,0.00605337496133322,0.2458457567221957,0.4620995965292604,COMPLETE
522,-0.5975526404445798,2026-05-08 11:24:29.413271,2026-05-08 11:24:29.580591,0 days 00:00:00.167320,3,0.03,0.02,0.45,0.08,30,20,0.5,,,,,PRUNED
523,-0.578969099929025,2026-05-08 11:24:29.594399,2026-05-08 11:24:29.829355,0 days 00:00:00.234956,3,0.05,0.01,0.6,0.08,50,20,0.8,-0.4560462215679272,0.00605337496133322,0.2458457567221957,0.4620995965292604,COMPLETE
524,-0.5952477886687461,2026-05-08 11:24:29.842250,2026-05-08 11:24:29.979899,0 days 00:00:00.137649,2,0.05,0.01,0.6,0.08,30,10,0.5,,,,,PRUNED
525,-0.6142229389207586,2026-05-08 11:24:29.992528,2026-05-08 11:24:30.136907,0 days 00:00:00.144379,4,0.05,0.01,0.6,0.12,20,5,0.8,,,,,PRUNED
526,-0.6231503240990874,2026-05-08 11:24:30.150190,2026-05-08 11:24:30.288767,0 days 00:00:00.138577,3,0.05,0.01,0.6,0.16,50,10,0.8,,,,,PRUNED
527,-0.6377759177388146,2026-05-08 11:24:30.303564,2026-05-08 11:24:30.455869,0 days 00:00:00.152305,3,0.05,0.01,0.3,0.12,10,10,0.5,,,,,PRUNED
528,-0.6090566335893609,2026-05-08 11:24:30.469136,2026-05-08 11:24:30.623038,0 days 00:00:00.153902,3,0.05,0.02,0.45,0.16,30,20,0.5,,,,,PRUNED
529,-0.578969099929025,2026-05-08 11:24:30.637608,2026-05-08 11:24:30.881560,0 days 00:00:00.243952,3,0.05,0.01,0.6,0.08,30,20,0.65,-0.4560462215679272,0.00605337496133322,0.2458457567221957,0.4620995965292604,COMPLETE
530,-0.6255331368105286,2026-05-08 11:24:30.894430,2026-05-08 11:24:31.034384,0 days 00:00:00.139954,2,0.03,0.01,0.45,0.12,10,5,0.65,,,,,PRUNED
531,-0.6851846289715295,2026-05-08 11:24:31.048591,2026-05-08 11:24:31.191584,0 days 00:00:00.142993,2,0.03,0.01,0.45,0.16,10,10,0.5,,,,,PRUNED
532,-0.5931245265228606,2026-05-08 11:24:31.203782,2026-05-08 11:24:31.348685,0 days 00:00:00.144903,3,0.05,0.01,0.3,0.08,30,5,0.5,,,,,PRUNED
533,-0.5768783778003106,2026-05-08 11:24:31.360164,2026-05-08 11:24:31.531227,0 days 00:00:00.171063,4,0.05,0.01,0.3,0.08,30,20,0.65,,,,,PRUNED
534,-0.6314168990377385,2026-05-08 11:24:31.545451,2026-05-08 11:24:31.701314,0 days 00:00:00.155863,4,0.03,0.02,0.6,0.16,20,20,0.5,,,,,PRUNED
535,-0.578969099929025,2026-05-08 11:24:31.715752,2026-05-08 11:24:31.955760,0 days 00:00:00.240008,3,0.05,0.02,0.6,0.08,20,20,0.65,-0.4560462215679272,0.00605337496133322,0.2458457567221957,0.4620995965292604,COMPLETE
536,-0.578969099929025,2026-05-08 11:24:31.972526,2026-05-08 11:24:32.230366,0 days 00:00:00.257840,3,0.05,0.01,0.6,0.08,20,20,0.5,-0.4560462215679272,0.00605337496133322,0.2458457567221957,0.4620995965292604,COMPLETE
537,-0.578969099929025,2026-05-08 11:24:32.243307,2026-05-08 11:24:32.471463,0 days 00:00:00.228156,3,0.05,0.02,0.6,0.08,20,20,0.5,-0.4560462215679272,0.00605337496133322,0.2458457567221957,0.4620995965292604,COMPLETE
538,-0.6103216756535097,2026-05-08 11:24:32.485809,2026-05-08 11:24:32.618297,0 days 00:00:00.132488,3,0.05,0.02,0.45,0.16,10,5,0.65,,,,,PRUNED
539,-0.6097036268649256,2026-05-08 11:24:32.633738,2026-05-08 11:24:32.786745,0 days 00:00:00.153007,3,0.03,0.01,0.6,0.12,50,20,0.8,,,,,PRUNED
540,-0.6231503240990874,2026-05-08 11:24:32.800820,2026-05-08 11:24:32.945328,0 days 00:00:00.144508,3,0.05,0.01,0.6,0.16,30,10,0.65,,,,,PRUNED
541,-0.6334717714690978,2026-05-08 11:24:32.957558,2026-05-08 11:24:33.091180,0 days 00:00:00.133622,3,0.03,0.02,0.6,0.12,10,5,0.65,,,,,PRUNED
542,-0.6397308905438676,2026-05-08 11:24:33.103408,2026-05-08 11:24:33.241812,0 days 00:00:00.138404,2,0.03,0.02,0.45,0.12,30,5,0.5,,,,,PRUNED
543,-0.5975526404445798,2026-05-08 11:24:33.255101,2026-05-08 11:24:33.388728,0 days 00:00:00.133627,3,0.03,0.02,0.6,0.08,30,20,0.5,,,,,PRUNED
544,-0.6907607300179144,2026-05-08 11:24:33.402905,2026-05-08 11:24:33.570506,0 days 00:00:00.167601,4,0.03,0.01,0.3,0.16,10,10,0.5,,,,,PRUNED
545,-0.578969099929025,2026-05-08 11:24:33.590677,2026-05-08 11:24:33.871079,0 days 00:00:00.280402,3,0.05,0.02,0.6,0.08,50,20,0.8,-0.4560462215679272,0.00605337496133322,0.2458457567221957,0.4620995965292604,COMPLETE
546,-0.5767861238051477,2026-05-08 11:24:33.884659,2026-05-08 11:24:34.019607,0 days 00:00:00.134948,4,0.05,0.02,0.6,0.08,30,20,0.5,,,,,PRUNED
547,-0.6212075778761772,2026-05-08 11:24:34.031584,2026-05-08 11:24:34.171516,0 days 00:00:00.139932,3,0.05,0.01,0.6,0.16,30,5,0.5,,,,,PRUNED
548,-0.6028828818846882,2026-05-08 11:24:34.185952,2026-05-08 11:24:34.335154,0 days 00:00:00.149202,3,0.05,0.01,0.45,0.12,20,10,0.5,,,,,PRUNED
549,-0.5745132488334075,2026-05-08 11:24:34.349798,2026-05-08 11:24:34.496181,0 days 00:00:00.146383,2,0.05,0.01,0.6,0.08,30,20,0.5,,,,,PRUNED
550,-0.5927185030454039,2026-05-08 11:24:34.510109,2026-05-08 11:24:34.648312,0 days 00:00:00.138203,3,0.05,0.02,0.45,0.08,50,5,0.65,,,,,PRUNED
551,-0.6465399877762202,2026-05-08 11:24:34.660969,2026-05-08 11:24:34.807356,0 days 00:00:00.146387,3,0.05,0.01,0.6,0.16,10,20,0.8,,,,,PRUNED
552,-0.5767861238051477,2026-05-08 11:24:34.825334,2026-05-08 11:24:34.991273,0 days 00:00:00.165939,4,0.05,0.02,0.6,0.08,30,20,0.65,,,,,PRUNED
553,-0.578969099929025,2026-05-08 11:24:35.003759,2026-05-08 11:24:35.243890,0 days 00:00:00.240131,3,0.05,0.01,0.6,0.08,50,20,0.5,-0.4560462215679272,0.00605337496133322,0.2458457567221957,0.4620995965292604,COMPLETE
554,-0.6551978052231415,2026-05-08 11:24:35.256960,2026-05-08 11:24:35.396157,0 days 00:00:00.139197,3,0.03,0.02,0.45,0.16,20,5,0.8,,,,,PRUNED
555,-0.6375845264517194,2026-05-08 11:24:35.407974,2026-05-08 11:24:35.545673,0 days 00:00:00.137699,4,0.05,0.01,0.45,0.12,10,20,0.8,,,,,PRUNED
556,-0.6090566335893609,2026-05-08 11:24:35.557109,2026-05-08 11:24:35.723490,0 days 00:00:00.166381,3,0.05,0.02,0.45,0.16,20,20,0.65,,,,,PRUNED
557,-0.6314168990377385,2026-05-08 11:24:35.742262,2026-05-08 11:24:35.897703,0 days 00:00:00.155441,4,0.03,0.01,0.45,0.16,50,20,0.5,,,,,PRUNED
558,-0.6072697001521162,2026-05-08 11:24:35.911816,2026-05-08 11:24:36.051130,0 days 00:00:00.139314,2,0.05,0.02,0.45,0.12,30,10,0.65,,,,,PRUNED
559,-0.6203357912949469,2026-05-08 11:24:36.065095,2026-05-08 11:24:36.211392,0 days 00:00:00.146297,4,0.05,0.01,0.45,0.16,30,10,0.65,,,,,PRUNED
560,-0.6038900871162599,2026-05-08 11:24:36.223417,2026-05-08 11:24:36.382155,0 days 00:00:00.158738,3,0.05,0.02,0.6,0.12,20,10,0.5,,,,,PRUNED
561,-0.578969099929025,2026-05-08 11:24:36.395822,2026-05-08 11:24:36.638516,0 days 00:00:00.242694,3,0.05,0.01,0.6,0.08,30,20,0.5,-0.4560462215679272,0.00605337496133322,0.2458457567221957,0.4620995965292604,COMPLETE
562,-0.6260891508132937,2026-05-08 11:24:36.652772,2026-05-08 11:24:36.793956,0 days 00:00:00.141184,4,0.05,0.02,0.3,0.16,50,5,0.5,,,,,PRUNED
563,-0.6049308612774009,2026-05-08 11:24:36.808091,2026-05-08 11:24:36.958754,0 days 00:00:00.150663,4,0.05,0.02,0.6,0.16,50,20,0.8,,,,,PRUNED
564,-0.5918800289557269,2026-05-08 11:24:36.972755,2026-05-08 11:24:37.112567,0 days 00:00:00.139812,2,0.05,0.02,0.45,0.08,50,5,0.5,,,,,PRUNED
565,-0.5928193994794824,2026-05-08 11:24:37.127237,2026-05-08 11:24:37.270799,0 days 00:00:00.143562,3,0.05,0.02,0.6,0.08,30,5,0.5,,,,,PRUNED
566,-0.5966001222690867,2026-05-08 11:24:37.282322,2026-05-08 11:24:37.429388,0 days 00:00:00.147066,4,0.05,0.01,0.6,0.08,20,10,0.5,,,,,PRUNED
567,-0.578969099929025,2026-05-08 11:24:37.443107,2026-05-08 11:24:37.699813,0 days 00:00:00.256706,3,0.05,0.02,0.6,0.08,30,20,0.5,-0.4560462215679272,0.00605337496133322,0.2458457567221957,0.4620995965292604,COMPLETE
568,-0.5979561445337263,2026-05-08 11:24:37.713116,2026-05-08 11:24:37.895596,0 days 00:00:00.182480,2,0.05,0.01,0.6,0.08,10,5,0.5,,,,,PRUNED
569,-0.6162754155103025,2026-05-08 11:24:37.914942,2026-05-08 11:24:38.091803,0 days 00:00:00.176861,3,0.05,0.02,0.45,0.12,50,5,0.5,,,,,PRUNED
570,-0.6003224832707464,2026-05-08 11:24:38.108781,2026-05-08 11:24:38.259987,0 days 00:00:00.151206,3,0.05,0.01,0.6,0.08,10,5,0.5,,,,,PRUNED
571,-0.5901101001234356,2026-05-08 11:24:38.272716,2026-05-08 11:24:38.410864,0 days 00:00:00.138148,3,0.05,0.01,0.6,0.12,50,20,0.5,,,,,PRUNED
572,-0.5904595065745881,2026-05-08 11:24:38.426553,2026-05-08 11:24:38.566542,0 days 00:00:00.139989,4,0.05,0.02,0.45,0.08,50,5,0.8,,,,,PRUNED
573,-0.578969099929025,2026-05-08 11:24:38.579030,2026-05-08 11:24:38.815254,0 days 00:00:00.236224,3,0.05,0.01,0.6,0.08,50,20,0.8,-0.4560462215679272,0.00605337496133322,0.2458457567221957,0.4620995965292604,COMPLETE
574,-0.6224186595356082,2026-05-08 11:24:38.829129,2026-05-08 11:24:38.969133,0 days 00:00:00.140004,2,0.05,0.02,0.3,0.16,50,10,0.8,,,,,PRUNED
575,-0.578969099929025,2026-05-08 11:24:38.986378,2026-05-08 11:24:39.232709,0 days 00:00:00.246331,3,0.05,0.01,0.6,0.08,50,20,0.65,-0.4560462215679272,0.00605337496133322,0.2458457567221957,0.4620995965292604,COMPLETE
576,-0.5952477886687461,2026-05-08 11:24:39.248863,2026-05-08 11:24:39.392340,0 days 00:00:00.143477,2,0.05,0.01,0.6,0.08,50,10,0.5,,,,,PRUNED
577,-0.5745132488334075,2026-05-08 11:24:39.404885,2026-05-08 11:24:39.548891,0 days 00:00:00.144006,2,0.05,0.02,0.6,0.08,30,20,0.5,,,,,PRUNED
578,-0.578969099929025,2026-05-08 11:24:39.563644,2026-05-08 11:24:39.797172,0 days 00:00:00.233528,3,0.05,0.01,0.6,0.08,30,20,0.8,-0.4560462215679272,0.00605337496133322,0.2458457567221957,0.4620995965292604,COMPLETE
579,-0.6989170694978759,2026-05-08 11:24:39.812824,2026-05-08 11:24:39.977638,0 days 00:00:00.164814,2,0.03,0.02,0.6,0.16,10,20,0.65,,,,,PRUNED
580,-0.5745132488334075,2026-05-08 11:24:39.995487,2026-05-08 11:24:40.150838,0 days 00:00:00.155351,2,0.05,0.02,0.6,0.08,20,20,0.8,,,,,PRUNED
581,-0.574873306442636,2026-05-08 11:24:40.164893,2026-05-08 11:24:40.297835,0 days 00:00:00.132942,3,0.05,0.01,0.45,0.08,50,20,0.5,,,,,PRUNED
582,-0.6086636307731006,2026-05-08 11:24:40.310379,2026-05-08 11:24:40.445531,0 days 00:00:00.135152,3,0.05,0.02,0.3,0.16,30,20,0.5,,,,,PRUNED
583,-0.5745132488334075,2026-05-08 11:24:40.458263,2026-05-08 11:24:40.597610,0 days 00:00:00.139347,2,0.05,0.02,0.6,0.08,50,20,0.8,,,,,PRUNED
584,-0.578969099929025,2026-05-08 11:24:40.612063,2026-05-08 11:24:40.850195,0 days 00:00:00.238132,3,0.05,0.02,0.6,0.08,50,20,0.5,-0.4560462215679272,0.00605337496133322,0.2458457567221957,0.4620995965292604,COMPLETE
585,-0.5767861238051477,2026-05-08 11:24:40.864847,2026-05-08 11:24:41.008248,0 days 00:00:00.143401,4,0.05,0.01,0.6,0.08,20,20,0.65,,,,,PRUNED
586,-0.6551978052231415,2026-05-08 11:24:41.020883,2026-05-08 11:24:41.175175,0 days 00:00:00.154292,3,0.03,0.01,0.6,0.16,20,5,0.65,,,,,PRUNED
587,-0.578969099929025,2026-05-08 11:24:41.187297,2026-05-08 11:24:41.418366,0 days 00:00:00.231069,3,0.05,0.01,0.6,0.08,30,20,0.5,-0.4560462215679272,0.00605337496133322,0.2458457567221957,0.4620995965292604,COMPLETE
588,-0.5923203217846534,2026-05-08 11:24:41.431707,2026-05-08 11:24:41.571327,0 days 00:00:00.139620,4,0.03,0.01,0.45,0.08,20,20,0.8,,,,,PRUNED
589,-0.578969099929025,2026-05-08 11:24:41.587604,2026-05-08 11:24:41.819926,0 days 00:00:00.232322,3,0.05,0.02,0.6,0.08,50,20,0.65,-0.4560462215679272,0.00605337496133322,0.2458457567221957,0.4620995965292604,COMPLETE
590,-0.5966456116846328,2026-05-08 11:24:41.833789,2026-05-08 11:24:41.975468,0 days 00:00:00.141679,2,0.03,0.02,0.3,0.08,20,20,0.65,,,,,PRUNED
591,-0.6907607300179144,2026-05-08 11:24:41.988831,2026-05-08 11:24:42.172675,0 days 00:00:00.183844,4,0.03,0.02,0.3,0.16,10,10,0.8,,,,,PRUNED
592,-0.6101706689371709,2026-05-08 11:24:42.192266,2026-05-08 11:24:42.377679,0 days 00:00:00.185413,4,0.03,0.01,0.45,0.12,20,20,0.5,,,,,PRUNED
593,-0.5767861238051477,2026-05-08 11:24:42.393848,2026-05-08 11:24:42.551985,0 days 00:00:00.158137,4,0.05,0.01,0.6,0.08,50,20,0.5,,,,,PRUNED
594,-0.5902782589637803,2026-05-08 11:24:42.566751,2026-05-08 11:24:42.719618,0 days 00:00:00.152867,4,0.05,0.01,0.6,0.08,20,5,0.5,,,,,PRUNED
595,-0.578969099929025,2026-05-08 11:24:42.734821,2026-05-08 11:24:42.976416,0 days 00:00:00.241595,3,0.05,0.01,0.6,0.08,50,20,0.5,-0.4560462215679272,0.00605337496133322,0.2458457567221957,0.4620995965292604,COMPLETE
596,-0.5928193994794824,2026-05-08 11:24:42.991111,2026-05-08 11:24:43.131161,0 days 00:00:00.140050,3,0.05,0.01,0.6,0.08,20,5,0.65,,,,,PRUNED
597,-0.5745132488334075,2026-05-08 11:24:43.146235,2026-05-08 11:24:43.296922,0 days 00:00:00.150687,2,0.05,0.01,0.6,0.08,30,20,0.65,,,,,PRUNED
598,-0.6314168990377385,2026-05-08 11:24:43.311031,2026-05-08 11:24:43.448403,0 days 00:00:00.137372,4,0.03,0.02,0.6,0.16,50,20,0.65,,,,,PRUNED
599,-0.6125287656564921,2026-05-08 11:24:43.463474,2026-05-08 11:24:43.601204,0 days 00:00:00.137730,3,0.03,0.02,0.6,0.08,50,5,0.5,,,,,PRUNED
600,-0.6314822235719273,2026-05-08 11:24:43.615034,2026-05-08 11:24:43.760715,0 days 00:00:00.145681,3,0.05,0.01,0.6,0.08,10,20,0.5,,,,,PRUNED
601,-0.6150092699411038,2026-05-08 11:24:43.773610,2026-05-08 11:24:43.910896,0 days 00:00:00.137286,3,0.03,0.02,0.6,0.08,20,10,0.65,,,,,PRUNED
602,-0.6335931593237965,2026-05-08 11:24:43.924457,2026-05-08 11:24:44.077471,0 days 00:00:00.153014,3,0.03,0.01,0.6,0.16,50,20,0.8,,,,,PRUNED
603,-0.578969099929025,2026-05-08 11:24:44.091118,2026-05-08 11:24:44.359824,0 days 00:00:00.268706,3,0.05,0.01,0.6,0.08,50,20,0.8,-0.4560462215679272,0.00605337496133322,0.2458457567221957,0.4620995965292604,COMPLETE
604,-0.578969099929025,2026-05-08 11:24:44.373619,2026-05-08 11:24:44.602329,0 days 00:00:00.228710,3,0.05,0.01,0.6,0.08,20,20,0.5,-0.4560462215679272,0.00605337496133322,0.2458457567221957,0.4620995965292604,COMPLETE
605,-0.6081982030239713,2026-05-08 11:24:44.615777,2026-05-08 11:24:44.745686,0 days 00:00:00.129909,3,0.05,0.01,0.6,0.16,50,20,0.5,,,,,PRUNED
606,-0.5968016608986657,2026-05-08 11:24:44.761706,2026-05-08 11:24:44.911878,0 days 00:00:00.150172,2,0.03,0.02,0.6,0.08,50,20,0.65,,,,,PRUNED
607,-0.6134339220580484,2026-05-08 11:24:44.923372,2026-05-08 11:24:45.065277,0 days 00:00:00.141905,4,0.03,0.01,0.45,0.08,20,5,0.65,,,,,PRUNED
608,-0.6491098622548385,2026-05-08 11:24:45.081995,2026-05-08 11:24:45.229410,0 days 00:00:00.147415,2,0.03,0.01,0.6,0.16,10,5,0.65,,,,,PRUNED
609,-0.578969099929025,2026-05-08 11:24:45.243322,2026-05-08 11:24:45.519630,0 days 00:00:00.276308,3,0.05,0.02,0.6,0.08,30,20,0.5,-0.4560462215679272,0.00605337496133322,0.2458457567221957,0.4620995965292604,COMPLETE
610,-0.5869801368260765,2026-05-08 11:24:45.535960,2026-05-08 11:24:45.703156,0 days 00:00:00.167196,3,0.05,0.02,0.45,0.12,20,20,0.5,,,,,PRUNED
611,-0.6335931593237965,2026-05-08 11:24:45.715773,2026-05-08 11:24:45.855054,0 days 00:00:00.139281,3,0.03,0.01,0.6,0.16,30,20,0.5,,,,,PRUNED
612,-0.578969099929025,2026-05-08 11:24:45.871048,2026-05-08 11:24:46.107961,0 days 00:00:00.236913,3,0.05,0.01,0.6,0.08,20,20,0.8,-0.4560462215679272,0.00605337496133322,0.2458457567221957,0.4620995965292604,COMPLETE
613,-0.5968016608986657,2026-05-08 11:24:46.121608,2026-05-08 11:24:46.265475,0 days 00:00:00.143867,2,0.03,0.01,0.6,0.08,20,20,0.5,,,,,PRUNED
614,-0.6524276894073121,2026-05-08 11:24:46.283782,2026-05-08 11:24:46.459983,0 days 00:00:00.176201,2,0.05,0.02,0.45,0.16,10,20,0.8,,,,,PRUNED
615,-0.6405134789743206,2026-05-08 11:24:46.473391,2026-05-08 11:24:46.659102,0 days 00:00:00.185711,3,0.05,0.02,0.6,0.12,10,20,0.5,,,,,PRUNED
616,-0.5928193994794824,2026-05-08 11:24:46.675415,2026-05-08 11:24:46.858905,0 days 00:00:00.183490,3,0.05,0.02,0.6,0.08,30,5,0.65,,,,,PRUNED
617,-0.5953175384698193,2026-05-08 11:24:46.874540,2026-05-08 11:24:47.036638,0 days 00:00:00.162098,3,0.05,0.02,0.45,0.08,30,10,0.5,,,,,PRUNED
618,-0.6049308612774009,2026-05-08 11:24:47.050931,2026-05-08 11:24:47.191828,0 days 00:00:00.140897,4,0.05,0.01,0.6,0.16,30,20,0.5,,,,,PRUNED
619,-0.578969099929025,2026-05-08 11:24:47.206602,2026-05-08 11:24:47.463063,0 days 00:00:00.256461,3,0.05,0.01,0.6,0.08,30,20,0.5,-0.4560462215679272,0.00605337496133322,0.2458457567221957,0.4620995965292604,COMPLETE
620,-0.5928193994794824,2026-05-08 11:24:47.478550,2026-05-08 11:24:47.626354,0 days 00:00:00.147804,3,0.05,0.01,0.6,0.08,50,5,0.5,,,,,PRUNED
621,-0.6150092699411038,2026-05-08 11:24:47.642776,2026-05-08 11:24:47.800880,0 days 00:00:00.158104,3,0.03,0.02,0.6,0.08,50,10,0.8,,,,,PRUNED
622,-0.5952477886687461,2026-05-08 11:24:47.814572,2026-05-08 11:24:47.956873,0 days 00:00:00.142301,2,0.05,0.01,0.6,0.08,50,10,0.8,,,,,PRUNED
623,-0.5955072365299869,2026-05-08 11:24:47.968610,2026-05-08 11:24:48.102447,0 days 00:00:00.133837,2,0.05,0.01,0.45,0.08,20,10,0.65,,,,,PRUNED
624,-0.578969099929025,2026-05-08 11:24:48.253198,2026-05-08 11:24:48.588443,0 days 00:00:00.335245,3,0.05,0.01,0.6,0.08,50,20,0.5,-0.4560462215679272,0.00605337496133322,0.2458457567221957,0.4620995965292604,COMPLETE
625,-0.578969099929025,2026-05-08 11:24:48.604149,2026-05-08 11:24:48.856301,0 days 00:00:00.252152,3,0.05,0.01,0.6,0.08,50,20,0.8,-0.4560462215679272,0.00605337496133322,0.2458457567221957,0.4620995965292604,COMPLETE
626,-0.578969099929025,2026-05-08 11:24:48.869354,2026-05-08 11:24:49.120665,0 days 00:00:00.251311,3,0.05,0.02,0.6,0.08,20,20,0.8,-0.4560462215679272,0.00605337496133322,0.2458457567221957,0.4620995965292604,COMPLETE
627,-0.6212075778761772,2026-05-08 11:24:49.133927,2026-05-08 11:24:49.273175,0 days 00:00:00.139248,3,0.05,0.01,0.6,0.16,30,5,0.8,,,,,PRUNED
628,-0.6429144585535893,2026-05-08 11:24:49.289069,2026-05-08 11:24:49.438738,0 days 00:00:00.149669,3,0.05,0.02,0.6,0.16,10,10,0.65,,,,,PRUNED
629,-0.6405037545162597,2026-05-08 11:24:49.452956,2026-05-08 11:24:49.597851,0 days 00:00:00.144895,2,0.03,0.01,0.3,0.12,20,5,0.65,,,,,PRUNED
630,-0.578969099929025,2026-05-08 11:24:49.613700,2026-05-08 11:24:49.845012,0 days 00:00:00.231312,3,0.05,0.01,0.6,0.08,30,20,0.65,-0.4560462215679272,0.00605337496133322,0.2458457567221957,0.4620995965292604,COMPLETE
631,-0.6142610855417988,2026-05-08 11:24:49.856123,2026-05-08 11:24:49.997949,0 days 00:00:00.141826,3,0.03,0.01,0.3,0.08,20,10,0.8,,,,,PRUNED
632,-0.578969099929025,2026-05-08 11:24:50.012739,2026-05-08 11:24:50.242614,0 days 00:00:00.229875,3,0.05,0.01,0.6,0.08,30,20,0.5,-0.4560462215679272,0.00605337496133322,0.2458457567221957,0.4620995965292604,COMPLETE
633,-0.578969099929025,2026-05-08 11:24:50.256704,2026-05-08 11:24:50.489953,0 days 00:00:00.233249,3,0.05,0.02,0.6,0.08,20,20,0.5,-0.4560462215679272,0.00605337496133322,0.2458457567221957,0.4620995965292604,COMPLETE
634,-0.6125287656564921,2026-05-08 11:24:50.502547,2026-05-08 11:24:50.683307,0 days 00:00:00.180760,3,0.03,0.01,0.6,0.08,50,5,0.8,,,,,PRUNED
635,-0.578969099929025,2026-05-08 11:24:50.697958,2026-05-08 11:24:50.952998,0 days 00:00:00.255040,3,0.05,0.02,0.6,0.08,30,20,0.5,-0.4560462215679272,0.00605337496133322,0.2458457567221957,0.4620995965292604,COMPLETE
636,-0.6138664374096681,2026-05-08 11:24:50.969926,2026-05-08 11:24:51.152170,0 days 00:00:00.182244,4,0.05,0.01,0.45,0.16,10,5,0.65,,,,,PRUNED
637,-0.578969099929025,2026-05-08 11:24:51.165351,2026-05-08 11:24:51.416120,0 days 00:00:00.250769,3,0.05,0.01,0.6,0.08,30,20,0.5,-0.4560462215679272,0.00605337496133322,0.2458457567221957,0.4620995965292604,COMPLETE
638,-0.6284990447891914,2026-05-08 11:24:51.430219,2026-05-08 11:24:51.579596,0 days 00:00:00.149377,4,0.05,0.02,0.3,0.08,10,20,0.65,,,,,PRUNED
639,-0.5975526404445798,2026-05-08 11:24:51.599167,2026-05-08 11:24:51.738989,0 days 00:00:00.139822,3,0.03,0.01,0.45,0.08,50,20,0.65,,,,,PRUNED
640,-0.5928193994794824,2026-05-08 11:24:51.752583,2026-05-08 11:24:51.899539,0 days 00:00:00.146956,3,0.05,0.01,0.6,0.08,50,5,0.65,,,,,PRUNED
641,-0.6697358448438402,2026-05-08 11:24:51.913278,2026-05-08 11:24:52.062287,0 days 00:00:00.149009,4,0.03,0.01,0.45,0.12,10,10,0.5,,,,,PRUNED
642,-0.6244939268964396,2026-05-08 11:24:52.074496,2026-05-08 11:24:52.216878,0 days 00:00:00.142382,4,0.05,0.02,0.45,0.16,20,5,0.5,,,,,PRUNED
643,-0.5957511125305064,2026-05-08 11:24:52.233088,2026-05-08 11:24:52.395030,0 days 00:00:00.161942,3,0.05,0.01,0.6,0.08,50,10,0.5,,,,,PRUNED
644,-0.6335931593237965,2026-05-08 11:24:52.407680,2026-05-08 11:24:52.548720,0 days 00:00:00.141040,3,0.03,0.01,0.6,0.16,30,20,0.8,,,,,PRUNED
645,-0.6038900871162599,2026-05-08 11:24:52.563224,2026-05-08 11:24:52.737125,0 days 00:00:00.173901,3,0.05,0.01,0.6,0.12,20,10,0.8,,,,,PRUNED
646,-0.578969099929025,2026-05-08 11:24:52.754010,2026-05-08 11:24:52.993900,0 days 00:00:00.239890,3,0.05,0.01,0.6,0.08,20,20,0.5,-0.4560462215679272,0.00605337496133322,0.2458457567221957,0.4620995965292604,COMPLETE
647,-0.5767861238051477,2026-05-08 11:24:53.006370,2026-05-08 11:24:53.147372,0 days 00:00:00.141002,4,0.05,0.01,0.6,0.08,20,20,0.5,,,,,PRUNED
648,-0.6035690655536936,2026-05-08 11:24:53.161352,2026-05-08 11:24:53.307883,0 days 00:00:00.146531,4,0.03,0.02,0.3,0.08,10,5,0.65,,,,,PRUNED
649,-0.5857266507754435,2026-05-08 11:24:53.321762,2026-05-08 11:24:53.465751,0 days 00:00:00.143989,4,0.05,0.02,0.6,0.12,30,20,0.5,,,,,PRUNED
650,-0.5975526404445798,2026-05-08 11:24:53.479126,2026-05-08 11:24:53.616397,0 days 00:00:00.137271,3,0.03,0.01,0.6,0.08,20,20,0.5,,,,,PRUNED
651,-0.6286648794403258,2026-05-08 11:24:53.630350,2026-05-08 11:24:53.783826,0 days 00:00:00.153476,3,0.05,0.01,0.3,0.08,10,20,0.8,,,,,PRUNED
652,-0.578969099929025,2026-05-08 11:24:53.796912,2026-05-08 11:24:54.034479,0 days 00:00:00.237567,3,0.05,0.02,0.6,0.08,50,20,0.8,-0.4560462215679272,0.00605337496133322,0.2458457567221957,0.4620995965292604,COMPLETE
653,-0.6097036268649256,2026-05-08 11:24:54.048848,2026-05-08 11:24:54.182977,0 days 00:00:00.134129,3,0.03,0.02,0.6,0.12,50,20,0.5,,,,,PRUNED
654,-0.5749687272496626,2026-05-08 11:24:54.196988,2026-05-08 11:24:54.348767,0 days 00:00:00.151779,3,0.05,0.02,0.3,0.08,30,20,0.8,,,,,PRUNED
655,-0.6677383874793452,2026-05-08 11:24:54.361178,2026-05-08 11:24:54.505659,0 days 00:00:00.144481,3,0.03,0.01,0.6,0.12,10,10,0.65,,,,,PRUNED
656,-0.6260891508132937,2026-05-08 11:24:54.520186,2026-05-08 11:24:54.670480,0 days 00:00:00.150294,4,0.05,0.02,0.3,0.16,20,5,0.65,,,,,PRUNED
657,-0.5749687272496626,2026-05-08 11:24:54.684754,2026-05-08 11:24:54.862078,0 days 00:00:00.177324,3,0.05,0.01,0.3,0.08,20,20,0.5,,,,,PRUNED
658,-0.6314822235719273,2026-05-08 11:24:54.880964,2026-05-08 11:24:55.032438,0 days 00:00:00.151474,3,0.05,0.01,0.6,0.08,10,20,0.8,,,,,PRUNED
659,-0.6125389417937008,2026-05-08 11:24:55.046843,2026-05-08 11:24:55.206793,0 days 00:00:00.159950,3,0.05,0.01,0.3,0.12,20,5,0.65,,,,,PRUNED
660,-0.578969099929025,2026-05-08 11:24:55.228456,2026-05-08 11:24:55.535861,0 days 00:00:00.307405,3,0.05,0.02,0.6,0.08,20,20,0.65,-0.4560462215679272,0.00605337496133322,0.2458457567221957,0.4620995965292604,COMPLETE
661,-0.6664777986759578,2026-05-08 11:24:55.552848,2026-05-08 11:24:55.717571,0 days 00:00:00.164723,3,0.03,0.02,0.6,0.08,10,20,0.5,,,,,PRUNED
662,-0.6211987203281459,2026-05-08 11:24:55.732529,2026-05-08 11:24:55.888410,0 days 00:00:00.155881,2,0.05,0.01,0.3,0.16,30,5,0.5,,,,,PRUNED
663,-0.574873306442636,2026-05-08 11:24:55.904634,2026-05-08 11:24:56.051232,0 days 00:00:00.146598,3,0.05,0.02,0.45,0.08,30,20,0.5,,,,,PRUNED
664,-0.5953175384698193,2026-05-08 11:24:56.067333,2026-05-08 11:24:56.214910,0 days 00:00:00.147577,3,0.05,0.02,0.45,0.08,50,10,0.8,,,,,PRUNED
665,-0.5923203217846534,2026-05-08 11:24:56.230175,2026-05-08 11:24:56.399254,0 days 00:00:00.169079,4,0.03,0.01,0.6,0.08,30,20,0.5,,,,,PRUNED
666,-0.6072697001521162,2026-05-08 11:24:56.412790,2026-05-08 11:24:56.558569,0 days 00:00:00.145779,2,0.05,0.02,0.45,0.12,50,10,0.8,,,,,PRUNED
667,-0.5906803587060463,2026-05-08 11:24:56.572040,2026-05-08 11:24:56.716781,0 days 00:00:00.144741,3,0.05,0.01,0.3,0.12,30,20,0.5,,,,,PRUNED
668,-0.6585965358773658,2026-05-08 11:24:56.731346,2026-05-08 11:24:56.882393,0 days 00:00:00.151047,3,0.03,0.02,0.6,0.16,10,5,0.8,,,,,PRUNED
669,-0.5869801368260765,2026-05-08 11:24:56.897184,2026-05-08 11:24:57.061170,0 days 00:00:00.163986,3,0.05,0.02,0.45,0.12,20,20,0.65,,,,,PRUNED
670,-0.5966001222690867,2026-05-08 11:24:57.074133,2026-05-08 11:24:57.216875,0 days 00:00:00.142742,4,0.05,0.01,0.6,0.08,50,10,0.65,,,,,PRUNED
671,-0.5952477886687461,2026-05-08 11:24:57.231454,2026-05-08 11:24:57.378685,0 days 00:00:00.147231,2,0.05,0.02,0.6,0.08,50,10,0.5,,,,,PRUNED
672,-0.6081982030239713,2026-05-08 11:24:57.391291,2026-05-08 11:24:57.558705,0 days 00:00:00.167414,3,0.05,0.02,0.6,0.16,30,20,0.5,,,,,PRUNED
673,-0.5909179871540535,2026-05-08 11:24:57.574931,2026-05-08 11:24:57.730418,0 days 00:00:00.155487,2,0.05,0.01,0.6,0.08,30,5,0.5,,,,,PRUNED
674,-0.6457783605970093,2026-05-08 11:24:57.743912,2026-05-08 11:24:57.906430,0 days 00:00:00.162518,4,0.05,0.01,0.3,0.16,10,20,0.65,,,,,PRUNED
675,-0.6169252413058524,2026-05-08 11:24:57.921737,2026-05-08 11:24:58.064430,0 days 00:00:00.142693,2,0.03,0.01,0.3,0.12,30,20,0.5,,,,,PRUNED
676,-0.6358943077428192,2026-05-08 11:24:58.078714,2026-05-08 11:24:58.220903,0 days 00:00:00.142189,2,0.03,0.02,0.3,0.12,50,10,0.5,,,,,PRUNED
677,-0.6664777986759578,2026-05-08 11:24:58.236851,2026-05-08 11:24:58.376967,0 days 00:00:00.140116,3,0.03,0.01,0.6,0.08,10,20,0.8,,,,,PRUNED
678,-0.6173937114970438,2026-05-08 11:24:58.390143,2026-05-08 11:24:58.547966,0 days 00:00:00.157823,4,0.05,0.02,0.6,0.16,30,10,0.5,,,,,PRUNED
679,-0.6028828818846882,2026-05-08 11:24:58.562385,2026-05-08 11:24:58.705934,0 days 00:00:00.143549,3,0.05,0.01,0.45,0.12,50,10,0.65,,,,,PRUNED
680,-0.578969099929025,2026-05-08 11:24:58.718853,2026-05-08 11:24:58.974361,0 days 00:00:00.255508,3,0.05,0.01,0.6,0.08,50,20,0.8,-0.4560462215679272,0.00605337496133322,0.2458457567221957,0.4620995965292604,COMPLETE
681,-0.6204536185174097,2026-05-08 11:24:58.990321,2026-05-08 11:24:59.166809,0 days 00:00:00.176488,3,0.05,0.01,0.3,0.16,20,5,0.8,,,,,PRUNED
682,-0.6432041933395319,2026-05-08 11:24:59.181452,2026-05-08 11:24:59.340854,0 days 00:00:00.159402,2,0.05,0.02,0.45,0.12,10,20,0.65,,,,,PRUNED
683,-0.6323375015280674,2026-05-08 11:24:59.356411,2026-05-08 11:24:59.536144,0 days 00:00:00.179733,3,0.03,0.02,0.45,0.12,50,10,0.5,,,,,PRUNED
684,-0.5909179871540535,2026-05-08 11:24:59.559402,2026-05-08 11:24:59.734147,0 days 00:00:00.174745,2,0.05,0.02,0.6,0.08,50,5,0.5,,,,,PRUNED
685,-0.578969099929025,2026-05-08 11:24:59.750639,2026-05-08 11:25:00.010258,0 days 00:00:00.259619,3,0.05,0.01,0.6,0.08,30,20,0.8,-0.4560462215679272,0.00605337496133322,0.2458457567221957,0.4620995965292604,COMPLETE
686,-0.6178000460782378,2026-05-08 11:25:00.027138,2026-05-08 11:25:00.186243,0 days 00:00:00.159105,4,0.05,0.02,0.3,0.16,10,5,0.8,,,,,PRUNED
687,-0.578969099929025,2026-05-08 11:25:00.200441,2026-05-08 11:25:00.444374,0 days 00:00:00.243933,3,0.05,0.01,0.6,0.08,50,20,0.5,-0.4560462215679272,0.00605337496133322,0.2458457567221957,0.4620995965292604,COMPLETE
688,-0.6042551831306888,2026-05-08 11:25:00.459521,2026-05-08 11:25:00.606228,0 days 00:00:00.146707,2,0.05,0.02,0.3,0.12,10,5,0.5,,,,,PRUNED
689,-0.6125287656564921,2026-05-08 11:25:00.621713,2026-05-08 11:25:00.762394,0 days 00:00:00.140681,3,0.03,0.01,0.6,0.08,30,5,0.65,,,,,PRUNED
690,-0.5958391561963492,2026-05-08 11:25:00.777025,2026-05-08 11:25:00.916874,0 days 00:00:00.139849,4,0.05,0.02,0.45,0.08,30,10,0.65,,,,,PRUNED
691,-0.578969099929025,2026-05-08 11:25:00.930991,2026-05-08 11:25:01.209618,0 days 00:00:00.278627,3,0.05,0.02,0.6,0.08,50,20,0.5,-0.4560462215679272,0.00605337496133322,0.2458457567221957,0.4620995965292604,COMPLETE
692,-0.5968016608986657,2026-05-08 11:25:01.226982,2026-05-08 11:25:01.372793,0 days 00:00:00.145811,2,0.03,0.01,0.45,0.08,50,20,0.5,,,,,PRUNED
693,-0.578969099929025,2026-05-08 11:25:01.384787,2026-05-08 11:25:01.629594,0 days 00:00:00.244807,3,0.05,0.01,0.6,0.08,50,20,0.65,-0.4560462215679272,0.00605337496133322,0.2458457567221957,0.4620995965292604,COMPLETE
694,-0.5975526404445798,2026-05-08 11:25:01.645318,2026-05-08 11:25:01.780622,0 days 00:00:00.135304,3,0.03,0.01,0.6,0.08,50,20,0.5,,,,,PRUNED
695,-0.5906803587060463,2026-05-08 11:25:01.794814,2026-05-08 11:25:01.933460,0 days 00:00:00.138646,3,0.05,0.01,0.3,0.12,50,20,0.5,,,,,PRUNED
696,-0.631533751446597,2026-05-08 11:25:01.946833,2026-05-08 11:25:02.109308,0 days 00:00:00.162475,2,0.05,0.02,0.3,0.08,10,20,0.5,,,,,PRUNED
697,-0.6097916623451826,2026-05-08 11:25:02.124733,2026-05-08 11:25:02.268130,0 days 00:00:00.143397,3,0.03,0.02,0.3,0.12,20,20,0.8,,,,,PRUNED
698,-0.5760408379987116,2026-05-08 11:25:02.285806,2026-05-08 11:25:02.447127,0 days 00:00:00.161321,4,0.05,0.01,0.45,0.08,50,20,0.8,,,,,PRUNED
699,-0.6232362924698365,2026-05-08 11:25:02.464368,2026-05-08 11:25:02.611392,0 days 00:00:00.147024,4,0.05,0.01,0.6,0.16,20,5,0.65,,,,,PRUNED
700,-0.6162754155103025,2026-05-08 11:25:02.623905,2026-05-08 11:25:02.768736,0 days 00:00:00.144831,3,0.05,0.01,0.45,0.12,30,5,0.8,,,,,PRUNED
701,-0.5975526404445798,2026-05-08 11:25:02.781626,2026-05-08 11:25:02.920943,0 days 00:00:00.139317,3,0.03,0.02,0.45,0.08,20,20,0.5,,,,,PRUNED
702,-0.5889750732331619,2026-05-08 11:25:02.933154,2026-05-08 11:25:03.083955,0 days 00:00:00.150801,2,0.05,0.01,0.6,0.12,30,20,0.5,,,,,PRUNED
703,-0.5745132488334075,2026-05-08 11:25:03.102131,2026-05-08 11:25:03.252335,0 days 00:00:00.150204,2,0.05,0.02,0.6,0.08,30,20,0.65,,,,,PRUNED
704,-0.578969099929025,2026-05-08 11:25:03.266121,2026-05-08 11:25:03.533461,0 days 00:00:00.267340,3,0.05,0.01,0.6,0.08,30,20,0.5,-0.4560462215679272,0.00605337496133322,0.2458457567221957,0.4620995965292604,COMPLETE
705,-0.6038900871162599,2026-05-08 11:25:03.546680,2026-05-08 11:25:03.691789,0 days 00:00:00.145109,3,0.05,0.01,0.6,0.12,30,10,0.8,,,,,PRUNED
706,-0.5953175384698193,2026-05-08 11:25:03.705692,2026-05-08 11:25:03.853878,0 days 00:00:00.148186,3,0.05,0.01,0.45,0.08,20,10,0.8,,,,,PRUNED
707,-0.5957511125305064,2026-05-08 11:25:03.871848,2026-05-08 11:25:04.057049,0 days 00:00:00.185201,3,0.05,0.02,0.6,0.08,50,10,0.5,,,,,PRUNED
708,-0.5923203217846534,2026-05-08 11:25:04.074472,2026-05-08 11:25:04.242754,0 days 00:00:00.168282,4,0.03,0.02,0.45,0.08,20,20,0.65,,,,,PRUNED
709,-0.578969099929025,2026-05-08 11:25:04.255770,2026-05-08 11:25:04.500750,0 days 00:00:00.244980,3,0.05,0.02,0.6,0.08,30,20,0.5,-0.4560462215679272,0.00605337496133322,0.2458457567221957,0.4620995965292604,COMPLETE
710,-0.5975526404445798,2026-05-08 11:25:04.515596,2026-05-08 11:25:04.660038,0 days 00:00:00.144442,3,0.03,0.02,0.6,0.08,30,20,0.65,,,,,PRUNED
711,-0.578969099929025,2026-05-08 11:25:04.673578,2026-05-08 11:25:04.915543,0 days 00:00:00.241965,3,0.05,0.01,0.6,0.08,50,20,0.8,-0.4560462215679272,0.00605337496133322,0.2458457567221957,0.4620995965292604,COMPLETE
712,-0.6134789222503024,2026-05-08 11:25:04.929656,2026-05-08 11:25:05.079389,0 days 00:00:00.149733,2,0.03,0.02,0.6,0.08,30,10,0.65,,,,,PRUNED
713,-0.6231503240990874,2026-05-08 11:25:05.093910,2026-05-08 11:25:05.236869,0 days 00:00:00.142959,3,0.05,0.02,0.6,0.16,30,10,0.5,,,,,PRUNED
714,-0.6081213510976907,2026-05-08 11:25:05.253556,2026-05-08 11:25:05.413068,0 days 00:00:00.159512,3,0.05,0.01,0.6,0.12,50,5,0.8,,,,,PRUNED
715,-0.6418224611284268,2026-05-08 11:25:05.433226,2026-05-08 11:25:05.600942,0 days 00:00:00.167716,3,0.05,0.02,0.3,0.16,10,10,0.5,,,,,PRUNED
716,-0.578969099929025,2026-05-08 11:25:05.614083,2026-05-08 11:25:05.873175,0 days 00:00:00.259092,3,0.05,0.01,0.6,0.08,50,20,0.5,-0.4560462215679272,0.00605337496133322,0.2458457567221957,0.4620995965292604,COMPLETE
717,-0.578969099929025,2026-05-08 11:25:05.886937,2026-05-08 11:25:06.121215,0 days 00:00:00.234278,3,0.05,0.01,0.6,0.08,30,20,0.5,-0.4560462215679272,0.00605337496133322,0.2458457567221957,0.4620995965292604,COMPLETE
718,-0.6101706689371709,2026-05-08 11:25:06.136159,2026-05-08 11:25:06.300743,0 days 00:00:00.164584,4,0.03,0.02,0.6,0.12,20,20,0.65,,,,,PRUNED
719,-0.6522113483003174,2026-05-08 11:25:06.315681,2026-05-08 11:25:06.464894,0 days 00:00:00.149213,3,0.03,0.01,0.3,0.16,30,10,0.65,,,,,PRUNED
720,-0.6845760284766649,2026-05-08 11:25:06.478825,2026-05-08 11:25:06.629619,0 days 00:00:00.150794,3,0.03,0.01,0.45,0.12,10,20,0.65,,,,,PRUNED
721,-0.6134789222503024,2026-05-08 11:25:06.642817,2026-05-08 11:25:06.791765,0 days 00:00:00.148948,2,0.03,0.01,0.45,0.08,30,10,0.8,,,,,PRUNED
722,-0.5949077026341272,2026-05-08 11:25:06.808713,2026-05-08 11:25:06.953895,0 days 00:00:00.145182,3,0.05,0.01,0.3,0.08,50,10,0.8,,,,,PRUNED
723,-0.578969099929025,2026-05-08 11:25:06.967105,2026-05-08 11:25:07.206999,0 days 00:00:00.239894,3,0.05,0.01,0.6,0.08,20,20,0.5,-0.4560462215679272,0.00605337496133322,0.2458457567221957,0.4620995965292604,COMPLETE
724,-0.578969099929025,2026-05-08 11:25:07.222032,2026-05-08 11:25:07.473884,0 days 00:00:00.251852,3,0.05,0.01,0.6,0.08,20,20,0.8,-0.4560462215679272,0.00605337496133322,0.2458457567221957,0.4620995965292604,COMPLETE
725,-0.5952898842780465,2026-05-08 11:25:07.489659,2026-05-08 11:25:07.661424,0 days 00:00:00.171765,2,0.05,0.01,0.3,0.08,30,5,0.65,,,,,PRUNED
726,-0.5986362602015844,2026-05-08 11:25:07.677502,2026-05-08 11:25:07.809719,0 days 00:00:00.132217,3,0.03,0.01,0.3,0.08,30,20,0.5,,,,,PRUNED
727,-0.6524276894073121,2026-05-08 11:25:07.822299,2026-05-08 11:25:07.980250,0 days 00:00:00.157951,2,0.05,0.02,0.6,0.16,10,20,0.5,,,,,PRUNED
728,-0.578969099929025,2026-05-08 11:25:07.993934,2026-05-08 11:25:08.244734,0 days 00:00:00.250800,3,0.05,0.01,0.6,0.08,50,20,0.8,-0.4560462215679272,0.00605337496133322,0.2458457567221957,0.4620995965292604,COMPLETE
729,-0.578969099929025,2026-05-08 11:25:08.261003,2026-05-08 11:25:08.556027,0 days 00:00:00.295024,3,0.05,0.02,0.6,0.08,30,20,0.5,-0.4560462215679272,0.00605337496133322,0.2458457567221957,0.4620995965292604,COMPLETE
730,-0.5953175384698193,2026-05-08 11:25:08.571604,2026-05-08 11:25:08.721800,0 days 00:00:00.150196,3,0.05,0.01,0.45,0.08,50,10,0.5,,,,,PRUNED
731,-0.5965162820600312,2026-05-08 11:25:08.735744,2026-05-08 11:25:08.884218,0 days 00:00:00.148474,2,0.05,0.01,0.3,0.08,20,10,0.8,,,,,PRUNED
732,-0.578969099929025,2026-05-08 11:25:08.901912,2026-05-08 11:25:09.145167,0 days 00:00:00.243255,3,0.05,0.01,0.6,0.08,30,20,0.65,-0.4560462215679272,0.00605337496133322,0.2458457567221957,0.4620995965292604,COMPLETE
733,-0.5902782589637803,2026-05-08 11:25:09.159422,2026-05-08 11:25:09.324555,0 days 00:00:00.165133,4,0.05,0.01,0.6,0.08,50,5,0.8,,,,,PRUNED
734,-0.6465399877762202,2026-05-08 11:25:09.339017,2026-05-08 11:25:09.589474,0 days 00:00:00.250457,3,0.05,0.02,0.6,0.16,10,20,0.8,,,,,PRUNED
735,-0.578969099929025,2026-05-08 11:25:09.614985,2026-05-08 11:25:09.990422,0 days 00:00:00.375437,3,0.05,0.01,0.6,0.08,30,20,0.5,-0.4560462215679272,0.00605337496133322,0.2458457567221957,0.4620995965292604,COMPLETE
736,-0.6142610855417988,2026-05-08 11:25:10.008627,2026-05-08 11:25:10.206025,0 days 00:00:00.197398,3,0.03,0.02,0.3,0.08,30,10,0.8,,,,,PRUNED
737,-0.5957511125305064,2026-05-08 11:25:10.225851,2026-05-08 11:25:10.416782,0 days 00:00:00.190931,3,0.05,0.01,0.6,0.08,30,10,0.65,,,,,PRUNED
738,-0.578969099929025,2026-05-08 11:25:10.438538,2026-05-08 11:25:10.764389,0 days 00:00:00.325851,3,0.05,0.02,0.6,0.08,20,20,0.5,-0.4560462215679272,0.00605337496133322,0.2458457567221957,0.4620995965292604,COMPLETE
739,-0.578969099929025,2026-05-08 11:25:10.783506,2026-05-08 11:25:11.104897,0 days 00:00:00.321391,3,0.05,0.01,0.6,0.08,30,20,0.8,-0.4560462215679272,0.00605337496133322,0.2458457567221957,0.4620995965292604,COMPLETE
740,-0.653351172704578,2026-05-08 11:25:11.123201,2026-05-08 11:25:11.324374,0 days 00:00:00.201173,4,0.03,0.02,0.3,0.16,20,10,0.65,,,,,PRUNED
741,-0.578969099929025,2026-05-08 11:25:11.341728,2026-05-08 11:25:11.660901,0 days 00:00:00.319173,3,0.05,0.01,0.6,0.08,50,20,0.5,-0.4560462215679272,0.00605337496133322,0.2458457567221957,0.4620995965292604,COMPLETE
742,-0.6049308612774009,2026-05-08 11:25:11.678512,2026-05-08 11:25:11.850078,0 days 00:00:00.171566,4,0.05,0.02,0.6,0.16,20,20,0.65,,,,,PRUNED
743,-0.578969099929025,2026-05-08 11:25:11.867267,2026-05-08 11:25:12.114594,0 days 00:00:00.247327,3,0.05,0.01,0.6,0.08,50,20,0.8,-0.4560462215679272,0.00605337496133322,0.2458457567221957,0.4620995965292604,COMPLETE
744,-0.5780827152141303,2026-05-08 11:25:12.128137,2026-05-08 11:25:12.269318,0 days 00:00:00.141181,2,0.05,0.02,0.3,0.08,50,20,0.5,,,,,PRUNED
745,-0.6155063992312939,2026-05-08 11:25:12.282706,2026-05-08 11:25:12.420788,0 days 00:00:00.138082,2,0.03,0.02,0.45,0.12,50,20,0.5,,,,,PRUNED
746,-0.578969099929025,2026-05-08 11:25:12.435080,2026-05-08 11:25:12.728411,0 days 00:00:00.293331,3,0.05,0.01,0.6,0.08,30,20,0.5,-0.4560462215679272,0.00605337496133322,0.2458457567221957,0.4620995965292604,COMPLETE
747,-0.5901101001234356,2026-05-08 11:25:12.746215,2026-05-08 11:25:12.908991,0 days 00:00:00.162776,3,0.05,0.02,0.6,0.12,20,20,0.8,,,,,PRUNED
748,-0.6299523917599154,2026-05-08 11:25:12.921932,2026-05-08 11:25:13.073485,0 days 00:00:00.151553,4,0.03,0.01,0.6,0.12,30,10,0.5,,,,,PRUNED
749,-0.5750502702581965,2026-05-08 11:25:13.088897,2026-05-08 11:25:13.233330,0 days 00:00:00.144433,2,0.05,0.02,0.45,0.08,50,20,0.5,,,,,PRUNED
750,-0.6697358448438402,2026-05-08 11:25:13.247922,2026-05-08 11:25:13.397592,0 days 00:00:00.149670,4,0.03,0.01,0.3,0.12,10,10,0.65,,,,,PRUNED
751,-0.5952477886687461,2026-05-08 11:25:13.409652,2026-05-08 11:25:13.558929,0 days 00:00:00.149277,2,0.05,0.02,0.6,0.08,50,10,0.8,,,,,PRUNED
752,-0.5750502702581965,2026-05-08 11:25:13.575220,2026-05-08 11:25:13.726127,0 days 00:00:00.150907,2,0.05,0.01,0.45,0.08,30,20,0.65,,,,,PRUNED
753,-0.5923203217846534,2026-05-08 11:25:13.740885,2026-05-08 11:25:13.880574,0 days 00:00:00.139689,4,0.03,0.01,0.6,0.08,20,20,0.8,,,,,PRUNED
754,-0.6035690655536936,2026-05-08 11:25:13.896618,2026-05-08 11:25:14.064550,0 days 00:00:00.167932,4,0.03,0.02,0.6,0.08,10,5,0.8,,,,,PRUNED
755,-0.5918800289557269,2026-05-08 11:25:14.078262,2026-05-08 11:25:14.233124,0 days 00:00:00.154862,2,0.05,0.02,0.45,0.08,20,5,0.8,,,,,PRUNED
756,-0.5952477886687461,2026-05-08 11:25:14.250967,2026-05-08 11:25:14.436983,0 days 00:00:00.186016,2,0.05,0.02,0.6,0.08,20,10,0.5,,,,,PRUNED
757,-0.578969099929025,2026-05-08 11:25:14.450641,2026-05-08 11:25:14.896486,0 days 00:00:00.445845,3,0.05,0.02,0.6,0.08,50,20,0.5,-0.4560462215679272,0.00605337496133322,0.2458457567221957,0.4620995965292604,COMPLETE
758,-0.5986362602015844,2026-05-08 11:25:14.931467,2026-05-08 11:25:15.246679,0 days 00:00:00.315212,3,0.03,0.01,0.3,0.08,50,20,0.8,,,,,PRUNED
759,-0.6335931593237965,2026-05-08 11:25:15.273536,2026-05-08 11:25:15.551629,0 days 00:00:00.278093,3,0.03,0.01,0.45,0.16,20,20,0.8,,,,,PRUNED
760,-0.578969099929025,2026-05-08 11:25:15.574195,2026-05-08 11:25:16.173611,0 days 00:00:00.599416,3,0.05,0.02,0.6,0.08,50,20,0.8,-0.4560462215679272,0.00605337496133322,0.2458457567221957,0.4620995965292604,COMPLETE
761,-0.5869801368260765,2026-05-08 11:25:16.192416,2026-05-08 11:25:16.382446,0 days 00:00:00.190030,3,0.05,0.01,0.45,0.12,50,20,0.8,,,,,PRUNED
762,-0.578969099929025,2026-05-08 11:25:16.397806,2026-05-08 11:25:16.709680,0 days 00:00:00.311874,3,0.05,0.01,0.6,0.08,20,20,0.5,-0.4560462215679272,0.00605337496133322,0.2458457567221957,0.4620995965292604,COMPLETE
763,-0.6081982030239713,2026-05-08 11:25:16.725618,2026-05-08 11:25:16.894867,0 days 00:00:00.169249,3,0.05,0.01,0.6,0.16,30,20,0.5,,,,,PRUNED
764,-0.6335931593237965,2026-05-08 11:25:16.909489,2026-05-08 11:25:17.089100,0 days 00:00:00.179611,3,0.03,0.01,0.45,0.16,30,20,0.65,,,,,PRUNED
765,-0.578969099929025,2026-05-08 11:25:17.107409,2026-05-08 11:25:17.402723,0 days 00:00:00.295314,3,0.05,0.02,0.6,0.08,30,20,0.5,-0.4560462215679272,0.00605337496133322,0.2458457567221957,0.4620995965292604,COMPLETE
766,-0.6101706689371709,2026-05-08 11:25:17.416444,2026-05-08 11:25:17.560354,0 days 00:00:00.143910,4,0.03,0.01,0.6,0.12,50,20,0.5,,,,,PRUNED
767,-0.574873306442636,2026-05-08 11:25:17.574672,2026-05-08 11:25:17.725347,0 days 00:00:00.150675,3,0.05,0.01,0.45,0.08,20,20,0.65,,,,,PRUNED
768,-0.578969099929025,2026-05-08 11:25:17.740175,2026-05-08 11:25:17.983632,0 days 00:00:00.243457,3,0.05,0.01,0.6,0.08,50,20,0.65,-0.4560462215679272,0.00605337496133322,0.2458457567221957,0.4620995965292604,COMPLETE
769,-0.5986362602015844,2026-05-08 11:25:17.999852,2026-05-08 11:25:18.161281,0 days 00:00:00.161429,3,0.03,0.02,0.3,0.08,30,20,0.5,,,,,PRUNED
770,-0.578969099929025,2026-05-08 11:25:18.177150,2026-05-08 11:25:18.439933,0 days 00:00:00.262783,3,0.05,0.02,0.6,0.08,20,20,0.65,-0.4560462215679272,0.00605337496133322,0.2458457567221957,0.4620995965292604,COMPLETE
771,-0.6086636307731006,2026-05-08 11:25:18.455644,2026-05-08 11:25:18.596669,0 days 00:00:00.141025,3,0.05,0.01,0.3,0.16,50,20,0.8,,,,,PRUNED
772,-0.6212075778761772,2026-05-08 11:25:18.607957,2026-05-08 11:25:18.752371,0 days 00:00:00.144414,3,0.05,0.02,0.6,0.16,20,5,0.65,,,,,PRUNED
773,-0.6056548271059506,2026-05-08 11:25:18.766268,2026-05-08 11:25:18.910922,0 days 00:00:00.144654,4,0.05,0.02,0.6,0.12,20,10,0.8,,,,,PRUNED
774,-0.5767861238051477,2026-05-08 11:25:18.926090,2026-05-08 11:25:19.066411,0 days 00:00:00.140321,4,0.05,0.01,0.6,0.08,30,20,0.5,,,,,PRUNED
775,-0.5745132488334075,2026-05-08 11:25:19.079443,2026-05-08 11:25:19.239636,0 days 00:00:00.160193,2,0.05,0.01,0.6,0.08,20,20,0.65,,,,,PRUNED
776,-0.6081213510976907,2026-05-08 11:25:19.252936,2026-05-08 11:25:19.398072,0 days 00:00:00.145136,3,0.05,0.01,0.6,0.12,50,5,0.65,,,,,PRUNED
777,-0.6212075778761772,2026-05-08 11:25:19.412431,2026-05-08 11:25:19.563450,0 days 00:00:00.151019,3,0.05,0.02,0.6,0.16,30,5,0.5,,,,,PRUNED
778,-0.574873306442636,2026-05-08 11:25:19.579902,2026-05-08 11:25:19.727173,0 days 00:00:00.147271,3,0.05,0.02,0.45,0.08,30,20,0.8,,,,,PRUNED
779,-0.6150092699411038,2026-05-08 11:25:19.741880,2026-05-08 11:25:19.878499,0 days 00:00:00.136619,3,0.03,0.02,0.6,0.08,20,10,0.5,,,,,PRUNED
780,-0.578969099929025,2026-05-08 11:25:19.890761,2026-05-08 11:25:20.142120,0 days 00:00:00.251359,3,0.05,0.01,0.6,0.08,30,20,0.5,-0.4560462215679272,0.00605337496133322,0.2458457567221957,0.4620995965292604,COMPLETE
781,-0.578969099929025,2026-05-08 11:25:20.155943,2026-05-08 11:25:20.433475,0 days 00:00:00.277532,3,0.05,0.01,0.6,0.08,50,20,0.5,-0.4560462215679272,0.00605337496133322,0.2458457567221957,0.4620995965292604,COMPLETE
782,-0.608907098941632,2026-05-08 11:25:20.445935,2026-05-08 11:25:20.594169,0 days 00:00:00.148234,4,0.05,0.01,0.3,0.12,50,5,0.5,,,,,PRUNED
783,-0.6049308612774009,2026-05-08 11:25:20.609530,2026-05-08 11:25:20.762762,0 days 00:00:00.153232,4,0.05,0.01,0.6,0.16,50,20,0.65,,,,,PRUNED
784,-0.5928193994794824,2026-05-08 11:25:20.777065,2026-05-08 11:25:20.921358,0 days 00:00:00.144293,3,0.05,0.01,0.6,0.08,20,5,0.5,,,,,PRUNED
785,-0.6312330893714362,2026-05-08 11:25:20.935667,2026-05-08 11:25:21.082690,0 days 00:00:00.147023,4,0.05,0.01,0.45,0.08,10,20,0.65,,,,,PRUNED
786,-0.6081982030239713,2026-05-08 11:25:21.098323,2026-05-08 11:25:21.268228,0 days 00:00:00.169905,3,0.05,0.01,0.6,0.16,20,20,0.5,,,,,PRUNED
787,-0.6335931593237965,2026-05-08 11:25:21.286555,2026-05-08 11:25:21.470599,0 days 00:00:00.184044,3,0.03,0.01,0.6,0.16,20,20,0.8,,,,,PRUNED
788,-0.6169252413058524,2026-05-08 11:25:21.487062,2026-05-08 11:25:21.645349,0 days 00:00:00.158287,2,0.03,0.02,0.3,0.12,50,20,0.65,,,,,PRUNED
789,-0.6134226187526878,2026-05-08 11:25:21.659018,2026-05-08 11:25:21.808443,0 days 00:00:00.149425,4,0.03,0.01,0.3,0.08,50,5,0.65,,,,,PRUNED
790,-0.5928193994794824,2026-05-08 11:25:21.822947,2026-05-08 11:25:21.961462,0 days 00:00:00.138515,3,0.05,0.02,0.6,0.08,20,5,0.5,,,,,PRUNED
791,-0.6150092699411038,2026-05-08 11:25:21.975809,2026-05-08 11:25:22.123316,0 days 00:00:00.147507,3,0.03,0.01,0.6,0.08,30,10,0.8,,,,,PRUNED
792,-0.5745132488334075,2026-05-08 11:25:22.140422,2026-05-08 11:25:22.288802,0 days 00:00:00.148380,2,0.05,0.01,0.6,0.08,50,20,0.8,,,,,PRUNED
793,-0.6228861147145137,2026-05-08 11:25:22.305289,2026-05-08 11:25:22.463513,0 days 00:00:00.158224,4,0.05,0.01,0.3,0.08,10,10,0.8,,,,,PRUNED
794,-0.6125287656564921,2026-05-08 11:25:22.481923,2026-05-08 11:25:22.641862,0 days 00:00:00.159939,3,0.03,0.01,0.6,0.08,50,5,0.5,,,,,PRUNED
795,-0.578969099929025,2026-05-08 11:25:22.658327,2026-05-08 11:25:22.907784,0 days 00:00:00.249457,3,0.05,0.01,0.6,0.08,50,20,0.8,-0.4560462215679272,0.00605337496133322,0.2458457567221957,0.4620995965292604,COMPLETE
796,-0.578969099929025,2026-05-08 11:25:22.922483,2026-05-08 11:25:23.159281,0 days 00:00:00.236798,3,0.05,0.01,0.6,0.08,30,20,0.5,-0.4560462215679272,0.00605337496133322,0.2458457567221957,0.4620995965292604,COMPLETE
797,-0.574873306442636,2026-05-08 11:25:23.176495,2026-05-08 11:25:23.315217,0 days 00:00:00.138722,3,0.05,0.02,0.45,0.08,50,20,0.65,,,,,PRUNED
798,-0.6190808155855795,2026-05-08 11:25:23.328755,2026-05-08 11:25:23.488458,0 days 00:00:00.159703,2,0.05,0.01,0.45,0.16,20,10,0.65,,,,,PRUNED
799,-0.6003224832707464,2026-05-08 11:25:23.503384,2026-05-08 11:25:23.651044,0 days 00:00:00.147660,3,0.05,0.01,0.6,0.08,10,5,0.65,,,,,PRUNED
800,-0.6097036268649256,2026-05-08 11:25:23.667266,2026-05-08 11:25:23.822495,0 days 00:00:00.155229,3,0.03,0.01,0.6,0.12,30,20,0.8,,,,,PRUNED
801,-0.650954743325313,2026-05-08 11:25:23.835915,2026-05-08 11:25:23.981660,0 days 00:00:00.145745,2,0.05,0.02,0.3,0.16,10,20,0.65,,,,,PRUNED
802,-0.5901101001234356,2026-05-08 11:25:23.995852,2026-05-08 11:25:24.137349,0 days 00:00:00.141497,3,0.05,0.01,0.6,0.12,20,20,0.5,,,,,PRUNED
803,-0.6664777986759578,2026-05-08 11:25:24.150930,2026-05-08 11:25:24.299618,0 days 00:00:00.148688,3,0.03,0.02,0.6,0.08,10,20,0.8,,,,,PRUNED
804,-0.6457265734597113,2026-05-08 11:25:24.314889,2026-05-08 11:25:24.474777,0 days 00:00:00.159888,4,0.05,0.01,0.6,0.16,10,20,0.5,,,,,PRUNED
805,-0.578969099929025,2026-05-08 11:25:24.489456,2026-05-08 11:25:24.799120,0 days 00:00:00.309664,3,0.05,0.02,0.6,0.08,30,20,0.5,-0.4560462215679272,0.00605337496133322,0.2458457567221957,0.4620995965292604,COMPLETE
806,-0.6132672382577181,2026-05-08 11:25:24.813919,2026-05-08 11:25:24.954745,0 days 00:00:00.140826,2,0.03,0.01,0.3,0.08,20,5,0.8,,,,,PRUNED
807,-0.578969099929025,2026-05-08 11:25:24.969337,2026-05-08 11:25:25.232754,0 days 00:00:00.263417,3,0.05,0.01,0.6,0.08,20,20,0.8,-0.4560462215679272,0.00605337496133322,0.2458457567221957,0.4620995965292604,COMPLETE
808,-0.6049308612774009,2026-05-08 11:25:25.247146,2026-05-08 11:25:25.400591,0 days 00:00:00.153445,4,0.05,0.01,0.6,0.16,20,20,0.5,,,,,PRUNED
809,-0.578969099929025,2026-05-08 11:25:25.413361,2026-05-08 11:25:25.684143,0 days 00:00:00.270782,3,0.05,0.01,0.6,0.08,50,20,0.8,-0.4560462215679272,0.00605337496133322,0.2458457567221957,0.4620995965292604,COMPLETE
810,-0.6081213510976907,2026-05-08 11:25:25.702144,2026-05-08 11:25:25.894111,0 days 00:00:00.191967,3,0.05,0.02,0.6,0.12,20,5,0.5,,,,,PRUNED
811,-0.6090566335893609,2026-05-08 11:25:25.913204,2026-05-08 11:25:26.088800,0 days 00:00:00.175596,3,0.05,0.01,0.45,0.16,30,20,0.65,,,,,PRUNED
812,-0.6017651620192361,2026-05-08 11:25:26.106203,2026-05-08 11:25:26.282916,0 days 00:00:00.176713,2,0.05,0.01,0.6,0.16,30,20,0.5,,,,,PRUNED
813,-0.6081982030239713,2026-05-08 11:25:26.299400,2026-05-08 11:25:26.449870,0 days 00:00:00.150470,3,0.05,0.02,0.6,0.16,20,20,0.8,,,,,PRUNED
814,-0.578969099929025,2026-05-08 11:25:26.463872,2026-05-08 11:25:26.725682,0 days 00:00:00.261810,3,0.05,0.01,0.6,0.08,50,20,0.5,-0.4560462215679272,0.00605337496133322,0.2458457567221957,0.4620995965292604,COMPLETE
815,-0.6097036268649256,2026-05-08 11:25:26.743950,2026-05-08 11:25:26.918624,0 days 00:00:00.174674,3,0.03,0.01,0.6,0.12,50,20,0.5,,,,,PRUNED
816,-0.6441931297753564,2026-05-08 11:25:26.937681,2026-05-08 11:25:27.125949,0 days 00:00:00.188268,2,0.05,0.01,0.45,0.16,10,10,0.5,,,,,PRUNED
817,-0.5906803587060463,2026-05-08 11:25:27.140204,2026-05-08 11:25:27.290416,0 days 00:00:00.150212,3,0.05,0.02,0.3,0.12,50,20,0.5,,,,,PRUNED
818,-0.5975526404445798,2026-05-08 11:25:27.305644,2026-05-08 11:25:27.450222,0 days 00:00:00.144578,3,0.03,0.01,0.6,0.08,50,20,0.8,,,,,PRUNED
819,-0.5857266507754435,2026-05-08 11:25:27.463851,2026-05-08 11:25:27.616437,0 days 00:00:00.152586,4,0.05,0.02,0.6,0.12,50,20,0.5,,,,,PRUNED
820,-0.5902782589637803,2026-05-08 11:25:27.628540,2026-05-08 11:25:27.777196,0 days 00:00:00.148656,4,0.05,0.01,0.6,0.08,30,5,0.8,,,,,PRUNED
821,-0.6305918583205823,2026-05-08 11:25:27.793666,2026-05-08 11:25:27.945492,0 days 00:00:00.151826,2,0.03,0.01,0.3,0.16,50,20,0.8,,,,,PRUNED
822,-0.6003224832707464,2026-05-08 11:25:27.959808,2026-05-08 11:25:28.114976,0 days 00:00:00.155168,3,0.05,0.01,0.6,0.08,10,5,0.8,,,,,PRUNED
823,-0.5749687272496626,2026-05-08 11:25:28.130872,2026-05-08 11:25:28.283429,0 days 00:00:00.152557,3,0.05,0.02,0.3,0.08,20,20,0.8,,,,,PRUNED
824,-0.5857266507754435,2026-05-08 11:25:28.309922,2026-05-08 11:25:28.485212,0 days 00:00:00.175290,4,0.05,0.01,0.6,0.12,30,20,0.65,,,,,PRUNED
825,-0.5975526404445798,2026-05-08 11:25:28.502331,2026-05-08 11:25:28.665493,0 days 00:00:00.163162,3,0.03,0.01,0.6,0.08,30,20,0.5,,,,,PRUNED
826,-0.5887805064173623,2026-05-08 11:25:28.680871,2026-05-08 11:25:28.841134,0 days 00:00:00.160263,2,0.05,0.01,0.45,0.12,50,20,0.5,,,,,PRUNED
827,-0.5968016608986657,2026-05-08 11:25:28.858329,2026-05-08 11:25:29.021648,0 days 00:00:00.163319,2,0.03,0.01,0.6,0.08,30,20,0.65,,,,,PRUNED
828,-0.5928193994794824,2026-05-08 11:25:29.035092,2026-05-08 11:25:29.176673,0 days 00:00:00.141581,3,0.05,0.01,0.6,0.08,30,5,0.5,,,,,PRUNED
829,-0.578969099929025,2026-05-08 11:25:29.189484,2026-05-08 11:25:29.432552,0 days 00:00:00.243068,3,0.05,0.01,0.6,0.08,20,20,0.5,-0.4560462215679272,0.00605337496133322,0.2458457567221957,0.4620995965292604,COMPLETE
830,-0.5750502702581965,2026-05-08 11:25:29.444466,2026-05-08 11:25:29.591721,0 days 00:00:00.147255,2,0.05,0.01,0.45,0.08,20,20,0.5,,,,,PRUNED
831,-0.6430183402808063,2026-05-08 11:25:29.606002,2026-05-08 11:25:29.756295,0 days 00:00:00.150293,4,0.05,0.01,0.6,0.16,10,10,0.8,,,,,PRUNED
832,-0.5901101001234356,2026-05-08 11:25:29.769297,2026-05-08 11:25:29.923312,0 days 00:00:00.154015,3,0.05,0.01,0.6,0.12,20,20,0.65,,,,,PRUNED
833,-0.6395457214005629,2026-05-08 11:25:29.942629,2026-05-08 11:25:30.124864,0 days 00:00:00.182235,4,0.03,0.01,0.6,0.12,50,5,0.8,,,,,PRUNED
834,-0.6188891096418061,2026-05-08 11:25:30.142449,2026-05-08 11:25:30.309753,0 days 00:00:00.167304,2,0.05,0.01,0.45,0.16,50,5,0.65,,,,,PRUNED
835,-0.6109954412149662,2026-05-08 11:25:30.323856,2026-05-08 11:25:30.469285,0 days 00:00:00.145429,4,0.03,0.01,0.3,0.12,20,20,0.65,,,,,PRUNED
836,-0.5975526404445798,2026-05-08 11:25:30.483421,2026-05-08 11:25:30.642888,0 days 00:00:00.159467,3,0.03,0.02,0.6,0.08,20,20,0.8,,,,,PRUNED
837,-0.5957511125305064,2026-05-08 11:25:30.657509,2026-05-08 11:25:30.836148,0 days 00:00:00.178639,3,0.05,0.01,0.6,0.08,20,10,0.5,,,,,PRUNED
838,-0.6551978052231415,2026-05-08 11:25:30.849114,2026-05-08 11:25:31.022171,0 days 00:00:00.173057,3,0.03,0.01,0.45,0.16,30,5,0.8,,,,,PRUNED
839,-0.5968016608986657,2026-05-08 11:25:31.038566,2026-05-08 11:25:31.180092,0 days 00:00:00.141526,2,0.03,0.02,0.6,0.08,30,20,0.8,,,,,PRUNED
840,-0.6090566335893609,2026-05-08 11:25:31.195639,2026-05-08 11:25:31.345167,0 days 00:00:00.149528,3,0.05,0.02,0.45,0.16,50,20,0.5,,,,,PRUNED
841,-0.6150092699411038,2026-05-08 11:25:31.359966,2026-05-08 11:25:31.505822,0 days 00:00:00.145856,3,0.03,0.02,0.45,0.08,50,10,0.65,,,,,PRUNED
842,-0.578969099929025,2026-05-08 11:25:31.523481,2026-05-08 11:25:31.779284,0 days 00:00:00.255803,3,0.05,0.01,0.6,0.08,30,20,0.5,-0.4560462215679272,0.00605337496133322,0.2458457567221957,0.4620995965292604,COMPLETE
843,-0.578969099929025,2026-05-08 11:25:31.797537,2026-05-08 11:25:32.044726,0 days 00:00:00.247189,3,0.05,0.02,0.6,0.08,20,20,0.5,-0.4560462215679272,0.00605337496133322,0.2458457567221957,0.4620995965292604,COMPLETE
844,-0.6038900871162599,2026-05-08 11:25:32.061035,2026-05-08 11:25:32.223045,0 days 00:00:00.162010,3,0.05,0.02,0.6,0.12,20,10,0.65,,,,,PRUNED
845,-0.6286648794403258,2026-05-08 11:25:32.239006,2026-05-08 11:25:32.388566,0 days 00:00:00.149560,3,0.05,0.01,0.3,0.08,10,20,0.65,,,,,PRUNED
846,-0.578969099929025,2026-05-08 11:25:32.402778,2026-05-08 11:25:32.650243,0 days 00:00:00.247465,3,0.05,0.01,0.6,0.08,30,20,0.8,-0.4560462215679272,0.00605337496133322,0.2458457567221957,0.4620995965292604,COMPLETE
847,-0.6108428352390038,2026-05-08 11:25:32.664598,2026-05-08 11:25:32.829795,0 days 00:00:00.165197,4,0.05,0.01,0.3,0.16,20,20,0.8,,,,,PRUNED
848,-0.6395457214005629,2026-05-08 11:25:32.843543,2026-05-08 11:25:33.030274,0 days 00:00:00.186731,4,0.03,0.02,0.6,0.12,20,5,0.65,,,,,PRUNED
849,-0.578969099929025,2026-05-08 11:25:33.048932,2026-05-08 11:25:33.360560,0 days 00:00:00.311628,3,0.05,0.02,0.6,0.08,30,20,0.5,-0.4560462215679272,0.00605337496133322,0.2458457567221957,0.4620995965292604,COMPLETE
850,-0.5760408379987116,2026-05-08 11:25:33.377804,2026-05-08 11:25:33.560757,0 days 00:00:00.182953,4,0.05,0.01,0.45,0.08,20,20,0.5,,,,,PRUNED
851,-0.6203357912949469,2026-05-08 11:25:33.577502,2026-05-08 11:25:33.752985,0 days 00:00:00.175483,4,0.05,0.02,0.45,0.16,20,10,0.65,,,,,PRUNED
852,-0.6472543742220213,2026-05-08 11:25:33.768936,2026-05-08 11:25:33.956290,0 days 00:00:00.187354,2,0.03,0.01,0.45,0.16,50,10,0.8,,,,,PRUNED
853,-0.5767861238051477,2026-05-08 11:25:33.974202,2026-05-08 11:25:34.128766,0 days 00:00:00.154564,4,0.05,0.01,0.6,0.08,50,20,0.8,,,,,PRUNED
854,-0.5957511125305064,2026-05-08 11:25:34.141911,2026-05-08 11:25:34.320176,0 days 00:00:00.178265,3,0.05,0.01,0.6,0.08,20,10,0.65,,,,,PRUNED
855,-0.6204536185174097,2026-05-08 11:25:34.337391,2026-05-08 11:25:34.515645,0 days 00:00:00.178254,3,0.05,0.01,0.3,0.16,30,5,0.65,,,,,PRUNED
856,-0.6134789222503024,2026-05-08 11:25:34.530815,2026-05-08 11:25:34.698446,0 days 00:00:00.167631,2,0.03,0.02,0.6,0.08,20,10,0.8,,,,,PRUNED
857,-0.5986362602015844,2026-05-08 11:25:34.712047,2026-05-08 11:25:34.886361,0 days 00:00:00.174314,3,0.03,0.02,0.3,0.08,20,20,0.65,,,,,PRUNED
858,-0.578969099929025,2026-05-08 11:25:34.903886,2026-05-08 11:25:35.148386,0 days 00:00:00.244500,3,0.05,0.01,0.6,0.08,30,20,0.65,-0.4560462215679272,0.00605337496133322,0.2458457567221957,0.4620995965292604,COMPLETE
859,-0.5986362602015844,2026-05-08 11:25:35.161919,2026-05-08 11:25:35.331438,0 days 00:00:00.169519,3,0.03,0.01,0.3,0.08,30,20,0.65,,,,,PRUNED
860,-0.6335931593237965,2026-05-08 11:25:35.345018,2026-05-08 11:25:35.489332,0 days 00:00:00.144314,3,0.03,0.01,0.6,0.16,20,20,0.5,,,,,PRUNED
861,-0.5902782589637803,2026-05-08 11:25:35.501500,2026-05-08 11:25:35.653710,0 days 00:00:00.152210,4,0.05,0.02,0.6,0.08,20,5,0.65,,,,,PRUNED
862,-0.5901101001234356,2026-05-08 11:25:35.667725,2026-05-08 11:25:35.828993,0 days 00:00:00.161268,3,0.05,0.01,0.6,0.12,20,20,0.8,,,,,PRUNED
863,-0.578969099929025,2026-05-08 11:25:35.841870,2026-05-08 11:25:36.110413,0 days 00:00:00.268543,3,0.05,0.01,0.6,0.08,50,20,0.8,-0.4560462215679272,0.00605337496133322,0.2458457567221957,0.4620995965292604,COMPLETE
864,-0.6081982030239713,2026-05-08 11:25:36.127119,2026-05-08 11:25:36.283308,0 days 00:00:00.156189,3,0.05,0.01,0.6,0.16,50,20,0.8,,,,,PRUNED
865,-0.5760408379987116,2026-05-08 11:25:36.296982,2026-05-08 11:25:36.440981,0 days 00:00:00.143999,4,0.05,0.02,0.45,0.08,50,20,0.5,,,,,PRUNED
866,-0.5979561445337263,2026-05-08 11:25:36.455848,2026-05-08 11:25:36.602257,0 days 00:00:00.146409,2,0.05,0.01,0.45,0.08,10,5,0.5,,,,,PRUNED
867,-0.6314822235719273,2026-05-08 11:25:36.615561,2026-05-08 11:25:36.756835,0 days 00:00:00.141274,3,0.05,0.01,0.6,0.08,10,20,0.65,,,,,PRUNED
868,-0.6504507616544821,2026-05-08 11:25:36.769899,2026-05-08 11:25:36.916425,0 days 00:00:00.146526,4,0.03,0.02,0.6,0.16,30,10,0.8,,,,,PRUNED
869,-0.6086636307731006,2026-05-08 11:25:36.931237,2026-05-08 11:25:37.087149,0 days 00:00:00.155912,3,0.05,0.02,0.3,0.16,20,20,0.5,,,,,PRUNED
870,-0.5923203217846534,2026-05-08 11:25:37.100201,2026-05-08 11:25:37.255577,0 days 00:00:00.155376,4,0.03,0.02,0.6,0.08,20,20,0.5,,,,,PRUNED
871,-0.578969099929025,2026-05-08 11:25:37.268813,2026-05-08 11:25:37.536855,0 days 00:00:00.268042,3,0.05,0.01,0.6,0.08,20,20,0.65,-0.4560462215679272,0.00605337496133322,0.2458457567221957,0.4620995965292604,COMPLETE
872,-0.5952898842780465,2026-05-08 11:25:37.551132,2026-05-08 11:25:37.700136,0 days 00:00:00.149004,2,0.05,0.02,0.3,0.08,50,5,0.8,,,,,PRUNED
873,-0.578969099929025,2026-05-08 11:25:37.714187,2026-05-08 11:25:37.961515,0 days 00:00:00.247328,3,0.05,0.01,0.6,0.08,30,20,0.5,-0.4560462215679272,0.00605337496133322,0.2458457567221957,0.4620995965292604,COMPLETE
874,-0.6323375015280674,2026-05-08 11:25:37.974251,2026-05-08 11:25:38.123336,0 days 00:00:00.149085,3,0.03,0.01,0.6,0.12,20,10,0.8,,,,,PRUNED
875,-0.5857266507754435,2026-05-08 11:25:38.136704,2026-05-08 11:25:38.297871,0 days 00:00:00.161167,4,0.05,0.01,0.6,0.12,30,20,0.8,,,,,PRUNED
876,-0.5749687272496626,2026-05-08 11:25:38.313064,2026-05-08 11:25:38.460799,0 days 00:00:00.147735,3,0.05,0.02,0.3,0.08,50,20,0.8,,,,,PRUNED
877,-0.6677383874793452,2026-05-08 11:25:38.476734,2026-05-08 11:25:38.633617,0 days 00:00:00.156883,3,0.03,0.02,0.45,0.12,10,10,0.65,,,,,PRUNED
878,-0.5949077026341272,2026-05-08 11:25:38.648439,2026-05-08 11:25:38.819106,0 days 00:00:00.170667,3,0.05,0.01,0.3,0.08,30,10,0.5,,,,,PRUNED
879,-0.578969099929025,2026-05-08 11:25:38.834872,2026-05-08 11:25:39.112486,0 days 00:00:00.277614,3,0.05,0.02,0.6,0.08,50,20,0.5,-0.4560462215679272,0.00605337496133322,0.2458457567221957,0.4620995965292604,COMPLETE
880,-0.6134226187526878,2026-05-08 11:25:39.129968,2026-05-08 11:25:39.269545,0 days 00:00:00.139577,4,0.03,0.02,0.3,0.08,30,5,0.5,,,,,PRUNED
881,-0.578969099929025,2026-05-08 11:25:39.282659,2026-05-08 11:25:39.545250,0 days 00:00:00.262591,3,0.05,0.01,0.6,0.08,50,20,0.5,-0.4560462215679272,0.00605337496133322,0.2458457567221957,0.4620995965292604,COMPLETE
882,-0.5760408379987116,2026-05-08 11:25:39.556386,2026-05-08 11:25:39.699936,0 days 00:00:00.143550,4,0.05,0.01,0.45,0.08,50,20,0.65,,,,,PRUNED
883,-0.578969099929025,2026-05-08 11:25:39.712992,2026-05-08 11:25:39.957592,0 days 00:00:00.244600,3,0.05,0.01,0.6,0.08,20,20,0.5,-0.4560462215679272,0.00605337496133322,0.2458457567221957,0.4620995965292604,COMPLETE
884,-0.578969099929025,2026-05-08 11:25:39.971527,2026-05-08 11:25:40.226847,0 days 00:00:00.255320,3,0.05,0.01,0.6,0.08,50,20,0.65,-0.4560462215679272,0.00605337496133322,0.2458457567221957,0.4620995965292604,COMPLETE
885,-0.5857266507754435,2026-05-08 11:25:40.240302,2026-05-08 11:25:40.389762,0 days 00:00:00.149460,4,0.05,0.01,0.6,0.12,50,20,0.8,,,,,PRUNED
886,-0.6432041933395319,2026-05-08 11:25:40.404737,2026-05-08 11:25:40.543227,0 days 00:00:00.138490,2,0.05,0.02,0.6,0.12,10,20,0.5,,,,,PRUNED
887,-0.5745132488334075,2026-05-08 11:25:40.559060,2026-05-08 11:25:40.706421,0 days 00:00:00.147361,2,0.05,0.01,0.6,0.08,20,20,0.5,,,,,PRUNED
888,-0.5901101001234356,2026-05-08 11:25:40.720896,2026-05-08 11:25:40.868378,0 days 00:00:00.147482,3,0.05,0.01,0.6,0.12,30,20,0.5,,,,,PRUNED
889,-0.6125389417937008,2026-05-08 11:25:40.883204,2026-05-08 11:25:41.022752,0 days 00:00:00.139548,3,0.05,0.02,0.3,0.12,20,5,0.8,,,,,PRUNED
890,-0.5927185030454039,2026-05-08 11:25:41.036284,2026-05-08 11:25:41.177776,0 days 00:00:00.141492,3,0.05,0.01,0.45,0.08,20,5,0.5,,,,,PRUNED
891,-0.578969099929025,2026-05-08 11:25:41.192791,2026-05-08 11:25:41.441056,0 days 00:00:00.248265,3,0.05,0.02,0.6,0.08,50,20,0.8,-0.4560462215679272,0.00605337496133322,0.2458457567221957,0.4620995965292604,COMPLETE
892,-0.6100389180705421,2026-05-08 11:25:41.454249,2026-05-08 11:25:41.623581,0 days 00:00:00.169332,2,0.05,0.02,0.3,0.12,30,5,0.65,,,,,PRUNED
893,-0.578969099929025,2026-05-08 11:25:41.641052,2026-05-08 11:25:41.889273,0 days 00:00:00.248221,3,0.05,0.01,0.6,0.08,50,20,0.8,-0.4560462215679272,0.00605337496133322,0.2458457567221957,0.4620995965292604,COMPLETE
894,-0.6023326775740294,2026-05-08 11:25:41.905067,2026-05-08 11:25:42.074836,0 days 00:00:00.169769,3,0.03,0.01,0.3,0.08,10,5,0.65,,,,,PRUNED
895,-0.5760408379987116,2026-05-08 11:25:42.091355,2026-05-08 11:25:42.323736,0 days 00:00:00.232381,4,0.05,0.01,0.45,0.08,50,20,0.5,,,,,PRUNED
896,-0.578969099929025,2026-05-08 11:25:42.345603,2026-05-08 11:25:42.648680,0 days 00:00:00.303077,3,0.05,0.01,0.6,0.08,30,20,0.5,-0.4560462215679272,0.00605337496133322,0.2458457567221957,0.4620995965292604,COMPLETE
897,-0.5749687272496626,2026-05-08 11:25:42.665312,2026-05-08 11:25:42.903486,0 days 00:00:00.238174,3,0.05,0.02,0.3,0.08,50,20,0.65,,,,,PRUNED
898,-0.5780827152141303,2026-05-08 11:25:42.923053,2026-05-08 11:25:43.159363,0 days 00:00:00.236310,2,0.05,0.02,0.3,0.08,30,20,0.5,,,,,PRUNED
899,-0.6454176530056032,2026-05-08 11:25:43.178503,2026-05-08 11:25:43.367876,0 days 00:00:00.189373,3,0.03,0.01,0.3,0.12,50,5,0.8,,,,,PRUNED
900,-0.5957511125305064,2026-05-08 11:25:43.385377,2026-05-08 11:25:43.540938,0 days 00:00:00.155561,3,0.05,0.01,0.6,0.08,30,10,0.5,,,,,PRUNED
901,-0.6448092430213577,2026-05-08 11:25:43.556174,2026-05-08 11:25:43.733357,0 days 00:00:00.177183,3,0.03,0.01,0.45,0.12,50,5,0.5,,,,,PRUNED
902,-0.5745132488334075,2026-05-08 11:25:43.751505,2026-05-08 11:25:43.911283,0 days 00:00:00.159778,2,0.05,0.01,0.6,0.08,30,20,0.8,,,,,PRUNED
903,-0.578969099929025,2026-05-08 11:25:43.925322,2026-05-08 11:25:44.176009,0 days 00:00:00.250687,3,0.05,0.02,0.6,0.08,30,20,0.65,-0.4560462215679272,0.00605337496133322,0.2458457567221957,0.4620995965292604,COMPLETE
904,-0.578969099929025,2026-05-08 11:25:44.189454,2026-05-08 11:25:44.441197,0 days 00:00:00.251743,3,0.05,0.02,0.6,0.08,30,20,0.5,-0.4560462215679272,0.00605337496133322,0.2458457567221957,0.4620995965292604,COMPLETE
905,-0.5909179871540535,2026-05-08 11:25:44.456245,2026-05-08 11:25:44.599178,0 days 00:00:00.142933,2,0.05,0.01,0.6,0.08,20,5,0.5,,,,,PRUNED
906,-0.578969099929025,2026-05-08 11:25:44.611314,2026-05-08 11:25:44.894675,0 days 00:00:00.283361,3,0.05,0.02,0.6,0.08,20,20,0.65,-0.4560462215679272,0.00605337496133322,0.2458457567221957,0.4620995965292604,COMPLETE
907,-0.6142552843220794,2026-05-08 11:25:44.913719,2026-05-08 11:25:45.089431,0 days 00:00:00.175712,3,0.05,0.02,0.3,0.16,10,5,0.65,,,,,PRUNED
908,-0.6231503240990874,2026-05-08 11:25:45.104600,2026-05-08 11:25:45.260098,0 days 00:00:00.155498,3,0.05,0.02,0.6,0.16,50,10,0.8,,,,,PRUNED
909,-0.5768783778003106,2026-05-08 11:25:45.275357,2026-05-08 11:25:45.440635,0 days 00:00:00.165278,4,0.05,0.01,0.3,0.08,50,20,0.65,,,,,PRUNED
910,-0.578969099929025,2026-05-08 11:25:45.453149,2026-05-08 11:25:45.712965,0 days 00:00:00.259816,3,0.05,0.01,0.6,0.08,50,20,0.5,-0.4560462215679272,0.00605337496133322,0.2458457567221957,0.4620995965292604,COMPLETE
911,-0.5953175384698193,2026-05-08 11:25:45.727657,2026-05-08 11:25:45.903930,0 days 00:00:00.176273,3,0.05,0.01,0.45,0.08,50,10,0.65,,,,,PRUNED
912,-0.6103216756535097,2026-05-08 11:25:45.921676,2026-05-08 11:25:46.076669,0 days 00:00:00.154993,3,0.05,0.01,0.6,0.16,10,5,0.5,,,,,PRUNED
913,-0.578969099929025,2026-05-08 11:25:46.090597,2026-05-08 11:25:46.352035,0 days 00:00:00.261438,3,0.05,0.01,0.6,0.08,30,20,0.5,-0.4560462215679272,0.00605337496133322,0.2458457567221957,0.4620995965292604,COMPLETE
914,-0.6205041648204419,2026-05-08 11:25:46.369957,2026-05-08 11:25:46.529763,0 days 00:00:00.159806,2,0.05,0.02,0.6,0.16,50,10,0.5,,,,,PRUNED
915,-0.6314822235719273,2026-05-08 11:25:46.543851,2026-05-08 11:25:46.707719,0 days 00:00:00.163868,3,0.05,0.01,0.6,0.08,10,20,0.5,,,,,PRUNED
916,-0.5869801368260765,2026-05-08 11:25:46.723630,2026-05-08 11:25:46.899277,0 days 00:00:00.175647,3,0.05,0.01,0.45,0.12,20,20,0.5,,,,,PRUNED
917,-0.578969099929025,2026-05-08 11:25:46.917935,2026-05-08 11:25:47.220284,0 days 00:00:00.302349,3,0.05,0.01,0.6,0.08,50,20,0.8,-0.4560462215679272,0.00605337496133322,0.2458457567221957,0.4620995965292604,COMPLETE
918,-0.578969099929025,2026-05-08 11:25:47.237218,2026-05-08 11:25:47.567470,0 days 00:00:00.330252,3,0.05,0.01,0.6,0.08,30,20,0.5,-0.4560462215679272,0.00605337496133322,0.2458457567221957,0.4620995965292604,COMPLETE
919,-0.6097036268649256,2026-05-08 11:25:47.586263,2026-05-08 11:25:47.781154,0 days 00:00:00.194891,3,0.03,0.02,0.45,0.12,30,20,0.65,,,,,PRUNED
920,-0.5768783778003106,2026-05-08 11:25:47.797703,2026-05-08 11:25:47.981034,0 days 00:00:00.183331,4,0.05,0.01,0.3,0.08,50,20,0.5,,,,,PRUNED
921,-0.578969099929025,2026-05-08 11:25:47.999064,2026-05-08 11:25:48.305481,0 days 00:00:00.306417,3,0.05,0.01,0.6,0.08,20,20,0.8,-0.4560462215679272,0.00605337496133322,0.2458457567221957,0.4620995965292604,COMPLETE
922,-0.5966001222690867,2026-05-08 11:25:48.319644,2026-05-08 11:25:48.504570,0 days 00:00:00.184926,4,0.05,0.02,0.6,0.08,30,10,0.5,,,,,PRUNED
923,-0.6314822235719273,2026-05-08 11:25:48.522969,2026-05-08 11:25:48.709588,0 days 00:00:00.186619,3,0.05,0.02,0.6,0.08,10,20,0.5,,,,,PRUNED
924,-0.6017651620192361,2026-05-08 11:25:48.728671,2026-05-08 11:25:48.907576,0 days 00:00:00.178905,2,0.05,0.01,0.6,0.16,20,20,0.8,,,,,PRUNED
925,-0.6134339220580484,2026-05-08 11:25:48.924831,2026-05-08 11:25:49.106295,0 days 00:00:00.181464,4,0.03,0.01,0.45,0.08,50,5,0.5,,,,,PRUNED
926,-0.578969099929025,2026-05-08 11:25:49.123817,2026-05-08 11:25:49.420594,0 days 00:00:00.296777,3,0.05,0.02,0.6,0.08,30,20,0.5,-0.4560462215679272,0.00605337496133322,0.2458457567221957,0.4620995965292604,COMPLETE
927,-0.578969099929025,2026-05-08 11:25:49.437106,2026-05-08 11:25:49.728122,0 days 00:00:00.291016,3,0.05,0.01,0.6,0.08,20,20,0.5,-0.4560462215679272,0.00605337496133322,0.2458457567221957,0.4620995965292604,COMPLETE
928,-0.6359812493035729,2026-05-08 11:25:49.744384,2026-05-08 11:25:49.926822,0 days 00:00:00.182438,4,0.03,0.02,0.3,0.08,10,10,0.8,,,,,PRUNED
929,-0.6125287656564921,2026-05-08 11:25:49.944048,2026-05-08 11:25:50.117344,0 days 00:00:00.173296,3,0.03,0.02,0.45,0.08,30,5,0.65,,,,,PRUNED
930,-0.578969099929025,2026-05-08 11:25:50.132477,2026-05-08 11:25:50.440878,0 days 00:00:00.308401,3,0.05,0.01,0.6,0.08,30,20,0.65,-0.4560462215679272,0.00605337496133322,0.2458457567221957,0.4620995965292604,COMPLETE
931,-0.6304920072314364,2026-05-08 11:25:50.458452,2026-05-08 11:25:50.637588,0 days 00:00:00.179136,2,0.03,0.02,0.45,0.16,20,20,0.8,,,,,PRUNED
932,-0.578969099929025,2026-05-08 11:25:50.655178,2026-05-08 11:25:50.952015,0 days 00:00:00.296837,3,0.05,0.01,0.6,0.08,30,20,0.8,-0.4560462215679272,0.00605337496133322,0.2458457567221957,0.4620995965292604,COMPLETE
933,-0.5957511125305064,2026-05-08 11:25:50.968661,2026-05-08 11:25:51.143846,0 days 00:00:00.175185,3,0.05,0.02,0.6,0.08,50,10,0.65,,,,,PRUNED
934,-0.578969099929025,2026-05-08 11:25:51.161313,2026-05-08 11:25:51.460872,0 days 00:00:00.299559,3,0.05,0.01,0.6,0.08,50,20,0.5,-0.4560462215679272,0.00605337496133322,0.2458457567221957,0.4620995965292604,COMPLETE
935,-0.578969099929025,2026-05-08 11:25:51.476136,2026-05-08 11:25:51.793501,0 days 00:00:00.317365,3,0.05,0.02,0.6,0.08,20,20,0.5,-0.4560462215679272,0.00605337496133322,0.2458457567221957,0.4620995965292604,COMPLETE
936,-0.578969099929025,2026-05-08 11:25:51.811950,2026-05-08 11:25:52.136437,0 days 00:00:00.324487,3,0.05,0.01,0.6,0.08,50,20,0.8,-0.4560462215679272,0.00605337496133322,0.2458457567221957,0.4620995965292604,COMPLETE
937,-0.6150092699411038,2026-05-08 11:25:52.152272,2026-05-08 11:25:52.337313,0 days 00:00:00.185041,3,0.03,0.01,0.6,0.08,50,10,0.5,,,,,PRUNED
938,-0.574873306442636,2026-05-08 11:25:52.353750,2026-05-08 11:25:52.531920,0 days 00:00:00.178170,3,0.05,0.01,0.45,0.08,20,20,0.5,,,,,PRUNED
939,-0.6314822235719273,2026-05-08 11:25:52.548487,2026-05-08 11:25:52.734204,0 days 00:00:00.185717,3,0.05,0.01,0.45,0.08,10,20,0.8,,,,,PRUNED
940,-0.5949077026341272,2026-05-08 11:25:52.748643,2026-05-08 11:25:52.930472,0 days 00:00:00.181829,3,0.05,0.02,0.3,0.08,20,10,0.5,,,,,PRUNED
941,-0.6238814132544159,2026-05-08 11:25:52.948141,2026-05-08 11:25:53.130070,0 days 00:00:00.181929,3,0.05,0.02,0.3,0.08,10,10,0.8,,,,,PRUNED
942,-0.5968016608986657,2026-05-08 11:25:53.147698,2026-05-08 11:25:53.327949,0 days 00:00:00.180251,2,0.03,0.01,0.6,0.08,50,20,0.8,,,,,PRUNED
943,-0.578969099929025,2026-05-08 11:25:53.346659,2026-05-08 11:25:53.646315,0 days 00:00:00.299656,3,0.05,0.01,0.6,0.08,30,20,0.5,-0.4560462215679272,0.00605337496133322,0.2458457567221957,0.4620995965292604,COMPLETE
944,-0.578969099929025,2026-05-08 11:25:53.663521,2026-05-08 11:25:53.956154,0 days 00:00:00.292633,3,0.05,0.02,0.6,0.08,30,20,0.8,-0.4560462215679272,0.00605337496133322,0.2458457567221957,0.4620995965292604,COMPLETE
945,-0.5957511125305064,2026-05-08 11:25:53.973648,2026-05-08 11:25:54.148414,0 days 00:00:00.174766,3,0.05,0.01,0.6,0.08,50,10,0.8,,,,,PRUNED
946,-0.578969099929025,2026-05-08 11:25:54.165701,2026-05-08 11:25:54.457091,0 days 00:00:00.291390,3,0.05,0.02,0.6,0.08,50,20,0.5,-0.4560462215679272,0.00605337496133322,0.2458457567221957,0.4620995965292604,COMPLETE
947,-0.6697358448438402,2026-05-08 11:25:54.473824,2026-05-08 11:25:54.652016,0 days 00:00:00.178192,4,0.03,0.02,0.6,0.12,10,10,0.5,,,,,PRUNED
948,-0.578969099929025,2026-05-08 11:25:54.668537,2026-05-08 11:25:54.966244,0 days 00:00:00.297707,3,0.05,0.02,0.6,0.08,30,20,0.5,-0.4560462215679272,0.00605337496133322,0.2458457567221957,0.4620995965292604,COMPLETE
949,-0.6457265734597113,2026-05-08 11:25:54.983721,2026-05-08 11:25:55.153646,0 days 00:00:00.169925,4,0.05,0.02,0.45,0.16,10,20,0.65,,,,,PRUNED
950,-0.5889750732331619,2026-05-08 11:25:55.168258,2026-05-08 11:25:55.344400,0 days 00:00:00.176142,2,0.05,0.01,0.6,0.12,20,20,0.5,,,,,PRUNED
951,-0.574873306442636,2026-05-08 11:25:55.362124,2026-05-08 11:25:55.546743,0 days 00:00:00.184619,3,0.05,0.01,0.45,0.08,30,20,0.5,,,,,PRUNED
952,-0.578969099929025,2026-05-08 11:25:55.565661,2026-05-08 11:25:55.868995,0 days 00:00:00.303334,3,0.05,0.01,0.6,0.08,50,20,0.5,-0.4560462215679272,0.00605337496133322,0.2458457567221957,0.4620995965292604,COMPLETE
953,-0.5923203217846534,2026-05-08 11:25:55.886546,2026-05-08 11:25:56.072721,0 days 00:00:00.186175,4,0.03,0.01,0.6,0.08,50,20,0.8,,,,,PRUNED
954,-0.6125287656564921,2026-05-08 11:25:56.092631,2026-05-08 11:25:56.292136,0 days 00:00:00.199505,3,0.03,0.02,0.45,0.08,20,5,0.65,,,,,PRUNED
955,-0.578969099929025,2026-05-08 11:25:56.311273,2026-05-08 11:25:56.624785,0 days 00:00:00.313512,3,0.05,0.01,0.6,0.08,50,20,0.8,-0.4560462215679272,0.00605337496133322,0.2458457567221957,0.4620995965292604,COMPLETE
956,-0.5869801368260765,2026-05-08 11:25:56.644424,2026-05-08 11:25:56.825929,0 days 00:00:00.181505,3,0.05,0.02,0.45,0.12,50,20,0.5,,,,,PRUNED
957,-0.5767861238051477,2026-05-08 11:25:56.843532,2026-05-08 11:25:57.021674,0 days 00:00:00.178142,4,0.05,0.02,0.6,0.08,50,20,0.5,,,,,PRUNED
958,-0.5952477886687461,2026-05-08 11:25:57.038037,2026-05-08 11:25:57.220897,0 days 00:00:00.182860,2,0.05,0.01,0.6,0.08,20,10,0.5,,,,,PRUNED
959,-0.6038900871162599,2026-05-08 11:25:57.238089,2026-05-08 11:25:57.423294,0 days 00:00:00.185205,3,0.05,0.02,0.6,0.12,50,10,0.65,,,,,PRUNED
960,-0.6082278258282937,2026-05-08 11:25:57.440889,2026-05-08 11:25:57.628865,0 days 00:00:00.187976,2,0.05,0.01,0.3,0.16,20,20,0.5,,,,,PRUNED
961,-0.578969099929025,2026-05-08 11:25:57.646912,2026-05-08 11:25:57.964358,0 days 00:00:00.317446,3,0.05,0.02,0.6,0.08,50,20,0.8,-0.4560462215679272,0.00605337496133322,0.2458457567221957,0.4620995965292604,COMPLETE
962,-0.5749687272496626,2026-05-08 11:25:57.981491,2026-05-08 11:25:58.159150,0 days 00:00:00.177659,3,0.05,0.01,0.3,0.08,30,20,0.5,,,,,PRUNED
963,-0.6687548243611401,2026-05-08 11:25:58.176886,2026-05-08 11:25:58.363436,0 days 00:00:00.186550,4,0.03,0.01,0.3,0.08,10,20,0.5,,,,,PRUNED
964,-0.6086636307731006,2026-05-08 11:25:58.380318,2026-05-08 11:25:58.570818,0 days 00:00:00.190500,3,0.05,0.01,0.3,0.16,30,20,0.65,,,,,PRUNED
965,-0.6134789222503024,2026-05-08 11:25:58.587539,2026-05-08 11:25:58.773611,0 days 00:00:00.186072,2,0.03,0.01,0.45,0.08,20,10,0.65,,,,,PRUNED
966,-0.6017651620192361,2026-05-08 11:25:58.790966,2026-05-08 11:25:58.979196,0 days 00:00:00.188230,2,0.05,0.02,0.6,0.16,30,20,0.5,,,,,PRUNED
967,-0.6058722619931499,2026-05-08 11:25:58.995962,2026-05-08 11:25:59.185676,0 days 00:00:00.189714,2,0.05,0.01,0.6,0.12,50,5,0.5,,,,,PRUNED
968,-0.5869801368260765,2026-05-08 11:25:59.203456,2026-05-08 11:25:59.384841,0 days 00:00:00.181385,3,0.05,0.02,0.45,0.12,30,20,0.5,,,,,PRUNED
969,-0.5750502702581965,2026-05-08 11:25:59.401566,2026-05-08 11:25:59.579349,0 days 00:00:00.177783,2,0.05,0.01,0.45,0.08,50,20,0.8,,,,,PRUNED
970,-0.6355464876990627,2026-05-08 11:25:59.596797,2026-05-08 11:25:59.775169,0 days 00:00:00.178372,2,0.03,0.01,0.6,0.12,50,10,0.65,,,,,PRUNED
971,-0.6081982030239713,2026-05-08 11:25:59.791808,2026-05-08 11:25:59.973751,0 days 00:00:00.181943,3,0.05,0.01,0.6,0.16,50,20,0.65,,,,,PRUNED
972,-0.578969099929025,2026-05-08 11:25:59.992243,2026-05-08 11:26:00.300159,0 days 00:00:00.307916,3,0.05,0.01,0.6,0.08,50,20,0.65,-0.4560462215679272,0.00605337496133322,0.2458457567221957,0.4620995965292604,COMPLETE
973,-0.578969099929025,2026-05-08 11:26:00.320330,2026-05-08 11:26:00.656717,0 days 00:00:00.336387,3,0.05,0.01,0.6,0.08,30,20,0.5,-0.4560462215679272,0.00605337496133322,0.2458457567221957,0.4620995965292604,COMPLETE
974,-0.6286097972287283,2026-05-08 11:26:00.673348,2026-05-08 11:26:00.858939,0 days 00:00:00.185591,2,0.05,0.02,0.6,0.08,10,20,0.5,,,,,PRUNED
975,-0.5909179871540535,2026-05-08 11:26:00.876763,2026-05-08 11:26:01.059160,0 days 00:00:00.182397,2,0.05,0.01,0.6,0.08,50,5,0.65,,,,,PRUNED
976,-0.6097036268649256,2026-05-08 11:26:01.074392,2026-05-08 11:26:01.259027,0 days 00:00:00.184635,3,0.03,0.01,0.45,0.12,50,20,0.8,,,,,PRUNED
977,-0.578969099929025,2026-05-08 11:26:01.275272,2026-05-08 11:26:01.582316,0 days 00:00:00.307044,3,0.05,0.01,0.6,0.08,30,20,0.5,-0.4560462215679272,0.00605337496133322,0.2458457567221957,0.4620995965292604,COMPLETE
978,-0.5745132488334075,2026-05-08 11:26:01.598924,2026-05-08 11:26:01.776859,0 days 00:00:00.177935,2,0.05,0.02,0.6,0.08,50,20,0.5,,,,,PRUNED
979,-0.5901101001234356,2026-05-08 11:26:01.793528,2026-05-08 11:26:01.976044,0 days 00:00:00.182516,3,0.05,0.01,0.6,0.12,50,20,0.8,,,,,PRUNED
980,-0.578969099929025,2026-05-08 11:26:01.993761,2026-05-08 11:26:02.295303,0 days 00:00:00.301542,3,0.05,0.01,0.6,0.08,20,20,0.5,-0.4560462215679272,0.00605337496133322,0.2458457567221957,0.4620995965292604,COMPLETE
981,-0.7049820484406476,2026-05-08 11:26:02.312779,2026-05-08 11:26:02.488680,0 days 00:00:00.175901,3,0.03,0.01,0.45,0.16,10,20,0.5,,,,,PRUNED
982,-0.6035690655536936,2026-05-08 11:26:02.507453,2026-05-08 11:26:02.690849,0 days 00:00:00.183396,4,0.03,0.01,0.6,0.08,10,5,0.65,,,,,PRUNED
983,-0.5952477886687461,2026-05-08 11:26:02.708470,2026-05-08 11:26:02.882065,0 days 00:00:00.173595,2,0.05,0.02,0.6,0.08,20,10,0.65,,,,,PRUNED
984,-0.6575887962146099,2026-05-08 11:26:02.899245,2026-05-08 11:26:03.080020,0 days 00:00:00.180775,3,0.03,0.02,0.3,0.16,30,5,0.5,,,,,PRUNED
985,-0.578969099929025,2026-05-08 11:26:03.096667,2026-05-08 11:26:03.401028,0 days 00:00:00.304361,3,0.05,0.01,0.6,0.08,50,20,0.8,-0.4560462215679272,0.00605337496133322,0.2458457567221957,0.4620995965292604,COMPLETE
986,-0.574873306442636,2026-05-08 11:26:03.418563,2026-05-08 11:26:03.599249,0 days 00:00:00.180686,3,0.05,0.01,0.45,0.08,50,20,0.65,,,,,PRUNED
987,-0.578969099929025,2026-05-08 11:26:03.615681,2026-05-08 11:26:03.920932,0 days 00:00:00.305251,3,0.05,0.02,0.6,0.08,30,20,0.5,-0.4560462215679272,0.00605337496133322,0.2458457567221957,0.4620995965292604,COMPLETE
988,-0.5887805064173623,2026-05-08 11:26:03.939765,2026-05-08 11:26:04.115130,0 days 00:00:00.175365,2,0.05,0.01,0.45,0.12,30,20,0.8,,,,,PRUNED
989,-0.6051571589898381,2026-05-08 11:26:04.133756,2026-05-08 11:26:04.304890,0 days 00:00:00.171134,2,0.05,0.01,0.45,0.12,30,5,0.5,,,,,PRUNED
990,-0.6134339220580484,2026-05-08 11:26:04.321477,2026-05-08 11:26:04.508841,0 days 00:00:00.187364,4,0.03,0.02,0.45,0.08,50,5,0.65,,,,,PRUNED
991,-0.6397308905438676,2026-05-08 11:26:04.525091,2026-05-08 11:26:04.715120,0 days 00:00:00.190029,2,0.03,0.02,0.6,0.12,30,5,0.8,,,,,PRUNED
992,-0.578969099929025,2026-05-08 11:26:04.735228,2026-05-08 11:26:05.061464,0 days 00:00:00.326236,3,0.05,0.01,0.6,0.08,50,20,0.5,-0.4560462215679272,0.00605337496133322,0.2458457567221957,0.4620995965292604,COMPLETE
993,-0.578969099929025,2026-05-08 11:26:05.078798,2026-05-08 11:26:05.404490,0 days 00:00:00.325692,3,0.05,0.01,0.6,0.08,20,20,0.8,-0.4560462215679272,0.00605337496133322,0.2458457567221957,0.4620995965292604,COMPLETE
994,-0.5975526404445798,2026-05-08 11:26:05.421636,2026-05-08 11:26:05.634795,0 days 00:00:00.213159,3,0.03,0.02,0.6,0.08,50,20,0.5,,,,,PRUNED
995,-0.578969099929025,2026-05-08 11:26:05.654977,2026-05-08 11:26:05.971267,0 days 00:00:00.316290,3,0.05,0.02,0.6,0.08,20,20,0.65,-0.4560462215679272,0.00605337496133322,0.2458457567221957,0.4620995965292604,COMPLETE
996,-0.578969099929025,2026-05-08 11:26:05.988350,2026-05-08 11:26:06.286725,0 days 00:00:00.298375,3,0.05,0.01,0.6,0.08,30,20,0.5,-0.4560462215679272,0.00605337496133322,0.2458457567221957,0.4620995965292604,COMPLETE
997,-0.6518186051175421,2026-05-08 11:26:06.300763,2026-05-08 11:26:06.476718,0 days 00:00:00.175955,3,0.03,0.02,0.45,0.16,30,10,0.8,,,,,PRUNED
998,-0.6329428257765235,2026-05-08 11:26:06.492462,2026-05-08 11:26:06.677553,0 days 00:00:00.185091,3,0.03,0.02,0.3,0.16,20,20,0.8,,,,,PRUNED
999,-0.5986362602015844,2026-05-08 11:26:06.690342,2026-05-08 11:26:06.876991,0 days 00:00:00.186649,3,0.03,0.02,0.3,0.08,50,20,0.5,,,,,PRUNED
1000,-0.578969099929025,2026-05-08 11:26:06.892828,2026-05-08 11:26:07.201902,0 days 00:00:00.309074,3,0.05,0.01,0.6,0.08,30,20,0.8,-0.4560462215679272,0.00605337496133322,0.2458457567221957,0.4620995965292604,COMPLETE
1001,-0.578969099929025,2026-05-08 11:26:07.216428,2026-05-08 11:26:07.479911,0 days 00:00:00.263483,3,0.05,0.01,0.6,0.08,30,20,0.65,-0.4560462215679272,0.00605337496133322,0.2458457567221957,0.4620995965292604,COMPLETE
1002,-0.6050153264690373,2026-05-08 11:26:07.491938,2026-05-08 11:26:07.636850,0 days 00:00:00.144912,3,0.05,0.02,0.45,0.12,10,5,0.65,,,,,PRUNED
1003,-0.5909179871540535,2026-05-08 11:26:07.651581,2026-05-08 11:26:07.797726,0 days 00:00:00.146145,2,0.05,0.02,0.6,0.08,20,5,0.65,,,,,PRUNED
1004,-0.6070607898760647,2026-05-08 11:26:07.814786,2026-05-08 11:26:07.970897,0 days 00:00:00.156111,4,0.05,0.02,0.45,0.16,30,20,0.8,,,,,PRUNED
1005,-0.5975526404445798,2026-05-08 11:26:07.983976,2026-05-08 11:26:08.121535,0 days 00:00:00.137559,3,0.03,0.02,0.6,0.08,50,20,0.65,,,,,PRUNED
