number,value,datetime_start,datetime_complete,duration,params_BEAR_RATIO,params_BULL_RATIO,params_GRID_MAX_LAYER,params_GRID_STEP_MAX,params_GRID_STEP_MIN,params_GRID_STEP_VOL_FACTOR,params_LAYER_FRACTION,params_MAX_HOLD,params_NEUTRAL_RATIO,params_REBALANCE_FREQ,params_VOL_WEIGHT,user_attrs_avg_test_score,user_attrs_avg_train_score,user_attrs_test_score_std,user_attrs_train_test_gap,user_attrs_validation_error,state
0,-9999.0,2026-05-12 10:51:37.374082,2026-05-12 10:51:37.633971,0 days 00:00:00.259889,0.35,0.7,3,0.03,0.01,0.3,0.12,4,0.7,20,0.65,,,,,BEAR_RATIO < NEUTRAL_RATIO < BULL_RATIO 约束违反: 0.35 / 0.7 / 0.7,COMPLETE
1,-0.6091617611109394,2026-05-12 10:51:37.656788,2026-05-12 10:53:24.749404,0 days 00:01:47.092616,0.45,0.7,2,0.03,0.01,0.3,0.16,4,0.5,20,0.65,-0.4517806840960464,-0.15871608388480066,0.31476215402978625,0.2930646002112457,,COMPLETE
2,-0.6321696801018244,2026-05-12 10:53:24.773773,2026-05-12 10:53:36.641531,0 days 00:00:11.867758,0.35,0.9,2,0.03,0.02,0.45,0.08,6,0.6,20,0.65,-0.5156083008101028,-0.03622392987875928,0.2331227585834431,0.4793843709313435,,COMPLETE
3,-0.6717021525942968,2026-05-12 10:53:36.661627,2026-05-12 10:53:48.538874,0 days 00:00:11.877247,0.25,0.9,4,0.05,0.01,0.45,0.08,6,0.7,5,0.8,-0.5444512231362861,-0.015348651916226752,0.2545018589160213,0.5291025712200594,,COMPLETE
4,-0.6858371038381628,2026-05-12 10:53:48.565774,2026-05-12 10:53:59.448395,0 days 00:00:10.882621,0.35,0.9,2,0.03,0.01,0.45,0.16,6,0.7,5,0.5,-0.5605993482730737,-0.08641370454432673,0.2504755111301783,0.47418564372874694,,COMPLETE
5,-0.6170024587714675,2026-05-12 10:53:59.473875,2026-05-12 10:54:08.611752,0 days 00:00:09.137877,0.45,0.9,2,0.05,0.02,0.45,0.16,6,0.5,5,0.8,-0.5074166665309373,-0.057076769167440804,0.21917158448106044,0.4503398973634965,,COMPLETE
6,-0.5352803038922023,2026-05-12 10:54:08.634985,2026-05-12 10:54:13.816038,0 days 00:00:05.181053,0.25,0.9,2,0.05,0.01,0.6,0.16,6,0.7,10,0.5,,,,,,PRUNED
7,-0.5982548834756236,2026-05-12 10:54:13.841875,2026-05-12 10:54:26.791133,0 days 00:00:12.949258,0.45,0.8,2,0.03,0.01,0.45,0.12,5,0.5,20,0.8,-0.46901500457155204,-0.0891618230355262,0.25847975780814325,0.3798531815360259,,COMPLETE
8,-0.5185813399879047,2026-05-12 10:54:26.813365,2026-05-12 10:54:31.073698,0 days 00:00:04.260333,0.25,0.9,4,0.03,0.01,0.6,0.12,4,0.6,20,0.8,,,,,,PRUNED
9,-0.5395425123685846,2026-05-12 10:54:31.097206,2026-05-12 10:54:36.968609,0 days 00:00:05.871403,0.35,0.8,4,0.05,0.01,0.6,0.12,4,0.7,5,0.8,,,,,,PRUNED
10,-0.4921430947233019,2026-05-12 10:54:36.990642,2026-05-12 10:54:42.253346,0 days 00:00:05.262704,0.45,0.8,3,0.03,0.01,0.45,0.16,5,0.5,20,0.8,,,,,,PRUNED
11,-0.5761280789005867,2026-05-12 10:54:42.274871,2026-05-12 10:54:50.273515,0 days 00:00:07.998644,0.45,0.8,2,0.05,0.01,0.3,0.12,5,0.5,20,0.8,-0.4488004259942998,-0.06418850935463193,0.25465530581257384,0.3846119166396679,,COMPLETE
12,-0.5986667398771766,2026-05-12 10:54:50.295421,2026-05-12 10:54:56.539231,0 days 00:00:06.243810,0.45,0.8,2,0.03,0.02,0.3,0.12,5,0.5,20,0.8,-0.4694973953758286,-0.08971422125499737,0.2583386890026959,0.3797831741208312,,COMPLETE
13,-0.4949072290004033,2026-05-12 10:54:56.584668,2026-05-12 10:55:01.226220,0 days 00:00:04.641552,0.25,0.7,2,0.05,0.01,0.3,0.12,5,0.5,20,0.8,,,,,,PRUNED
14,-0.4471453104723258,2026-05-12 10:55:01.249255,2026-05-12 10:55:09.131147,0 days 00:00:07.881892,0.45,0.8,2,0.03,0.01,0.45,0.12,5,0.5,5,0.5,,,,,,PRUNED
15,-0.5265450732259975,2026-05-12 10:55:09.157270,2026-05-12 10:55:14.917724,0 days 00:00:05.760454,0.45,0.8,2,0.05,0.01,0.3,0.12,3,0.5,10,0.8,,,,,,PRUNED
16,-0.5920665923351822,2026-05-12 10:55:14.940006,2026-05-12 10:55:21.821791,0 days 00:00:06.881785,0.45,0.8,3,0.05,0.01,0.45,0.12,5,0.7,20,0.65,-0.42423391103353625,-0.0414680554681,0.33566536260329183,0.38276585556543624,,COMPLETE
17,-0.5920665923351822,2026-05-12 10:55:21.844310,2026-05-12 10:55:22.354614,0 days 00:00:00.510304,0.45,0.8,3,0.05,0.01,0.45,0.12,5,0.7,20,0.65,-0.42423391103353625,-0.0414680554681,0.33566536260329183,0.38276585556543624,,COMPLETE
18,-0.59816463380757,2026-05-12 10:55:22.380698,2026-05-12 10:55:30.294300,0 days 00:00:07.913602,0.45,0.9,3,0.05,0.01,0.3,0.08,5,0.6,20,0.65,-0.46402680927403794,-0.02710887676205581,0.26827564906706414,0.43691793251198213,,COMPLETE
19,-0.5618102740530405,2026-05-12 10:55:30.317015,2026-05-12 10:55:39.078147,0 days 00:00:08.761132,0.45,0.8,2,0.05,0.01,0.6,0.12,6,0.5,20,0.5,-0.44596883941858134,-0.046914267255937635,0.23168286926891843,0.39905457216264373,,COMPLETE
20,-0.5618102740530405,2026-05-12 10:55:39.103261,2026-05-12 10:55:39.597368,0 days 00:00:00.494107,0.45,0.8,2,0.05,0.01,0.6,0.12,6,0.5,20,0.5,-0.44596883941858134,-0.046914267255937635,0.23168286926891843,0.39905457216264373,,COMPLETE
21,-0.5618102740530405,2026-05-12 10:55:39.619421,2026-05-12 10:55:48.958333,0 days 00:00:09.338912,0.45,0.8,2,0.05,0.01,0.6,0.12,6,0.5,20,0.65,-0.44596883941858134,-0.046914267255937635,0.23168286926891843,0.39905457216264373,,COMPLETE
22,-0.5618102740530405,2026-05-12 10:55:48.984411,2026-05-12 10:55:49.466708,0 days 00:00:00.482297,0.45,0.8,2,0.05,0.01,0.6,0.12,6,0.5,20,0.65,-0.44596883941858134,-0.046914267255937635,0.23168286926891843,0.39905457216264373,,COMPLETE
23,-0.4128616907742292,2026-05-12 10:55:49.490768,2026-05-12 10:55:54.353796,0 days 00:00:04.863028,0.35,0.8,2,0.05,0.01,0.6,0.08,6,0.5,20,0.5,,,,,,PRUNED
24,-0.4025237152644943,2026-05-12 10:55:54.377607,2026-05-12 10:56:02.265292,0 days 00:00:07.887685,0.45,0.8,2,0.05,0.01,0.6,0.12,6,0.5,10,0.5,,,,,,PRUNED
25,-0.583903609129912,2026-05-12 10:56:02.288470,2026-05-12 10:56:11.109892,0 days 00:00:08.821422,0.45,0.8,4,0.05,0.02,0.6,0.12,6,0.7,20,0.5,-0.43025965777907516,-0.023987279622817572,0.3072879027016737,0.4062723781562576,,COMPLETE
26,-0.6035169097211283,2026-05-12 10:56:11.133792,2026-05-12 10:56:15.006516,0 days 00:00:03.872724,0.45,0.8,2,0.05,0.01,0.6,0.12,3,0.6,20,0.5,,,,,,PRUNED
27,-0.5556623137093919,2026-05-12 10:56:15.028923,2026-05-12 10:56:19.921706,0 days 00:00:04.892783,0.25,0.8,2,0.03,0.01,0.6,0.16,6,0.5,20,0.5,,,,,,PRUNED
28,-9999.0,2026-05-12 10:56:19.946008,2026-05-12 10:56:20.239935,0 days 00:00:00.293927,0.45,0.7,2,0.05,0.01,0.6,0.12,5,0.7,20,0.5,,,,,BEAR_RATIO < NEUTRAL_RATIO < BULL_RATIO 约束违反: 0.45 / 0.7 / 0.7,COMPLETE
29,-0.5155372016987303,2026-05-12 10:56:20.263031,2026-05-12 10:56:23.929294,0 days 00:00:03.666263,0.25,0.9,2,0.05,0.01,0.3,0.12,6,0.5,20,0.5,,,,,,PRUNED
30,-0.4322308136369995,2026-05-12 10:56:23.953931,2026-05-12 10:56:31.046696,0 days 00:00:07.092765,0.45,0.9,2,0.05,0.02,0.6,0.12,6,0.5,20,0.5,,,,,,PRUNED
31,-0.567140374056448,2026-05-12 10:56:31.069680,2026-05-12 10:56:39.958088,0 days 00:00:08.888408,0.45,0.8,2,0.03,0.01,0.6,0.08,6,0.5,20,0.65,-0.45091392920122636,-0.049749694809833156,0.23245288971044334,0.4011642343913932,,COMPLETE
32,-0.43363147878966285,2026-05-12 10:56:39.981107,2026-05-12 10:56:46.194397,0 days 00:00:06.213290,0.45,0.9,3,0.05,0.01,0.6,0.12,6,0.5,20,0.65,,,,,,PRUNED
33,-0.5618102740530405,2026-05-12 10:56:46.216199,2026-05-12 10:56:46.676147,0 days 00:00:00.459948,0.45,0.8,2,0.05,0.01,0.6,0.12,6,0.5,20,0.65,-0.44596883941858134,-0.046914267255937635,0.23168286926891843,0.39905457216264373,,COMPLETE
34,-0.5441799507674228,2026-05-12 10:56:46.701274,2026-05-12 10:56:55.387359,0 days 00:00:08.686085,0.45,0.7,3,0.05,0.01,0.45,0.16,6,0.5,20,0.5,-0.42045166576044873,-0.06043574704809381,0.24745657001394802,0.36001591871235494,,COMPLETE
35,-0.5441799507674228,2026-05-12 10:56:55.409088,2026-05-12 10:56:54.580668,-1 days +23:59:59.171580,0.45,0.7,3,0.05,0.01,0.45,0.16,6,0.5,20,0.5,-0.42045166576044873,-0.06043574704809381,0.24745657001394802,0.36001591871235494,,COMPLETE
36,-0.5441799507674228,2026-05-12 10:56:54.602237,2026-05-12 10:56:55.096792,0 days 00:00:00.494555,0.45,0.7,3,0.05,0.01,0.45,0.16,6,0.5,20,0.5,-0.42045166576044873,-0.06043574704809381,0.24745657001394802,0.36001591871235494,,COMPLETE
37,-0.5450188463271333,2026-05-12 10:56:55.121052,2026-05-12 10:57:04.727211,0 days 00:00:09.606159,0.45,0.7,3,0.05,0.01,0.45,0.16,6,0.5,10,0.5,-0.4218365850112491,-0.05307987443611817,0.24636452263176845,0.36875671057513093,,COMPLETE
38,-0.5441799507674228,2026-05-12 10:57:04.749914,2026-05-12 10:57:05.165076,0 days 00:00:00.415162,0.45,0.7,3,0.05,0.01,0.45,0.16,6,0.5,20,0.5,-0.42045166576044873,-0.06043574704809381,0.24745657001394802,0.36001591871235494,,COMPLETE
39,-0.4761186228922672,2026-05-12 10:57:05.184744,2026-05-12 10:57:10.124371,0 days 00:00:04.939627,0.45,0.7,4,0.03,0.01,0.45,0.16,6,0.5,20,0.5,,,,,,PRUNED
40,-0.5004923262458335,2026-05-12 10:57:10.148155,2026-05-12 10:57:15.812384,0 days 00:00:05.664229,0.25,0.7,3,0.05,0.02,0.45,0.16,6,0.5,20,0.5,,,,,,PRUNED
41,-0.5450188463271333,2026-05-12 10:57:15.834206,2026-05-12 10:57:16.316951,0 days 00:00:00.482745,0.45,0.7,3,0.05,0.01,0.45,0.16,6,0.5,10,0.5,-0.4218365850112491,-0.05307987443611817,0.24636452263176845,0.36875671057513093,,COMPLETE
42,-9999.0,2026-05-12 10:57:16.341958,2026-05-12 10:57:16.602839,0 days 00:00:00.260881,0.45,0.7,3,0.05,0.01,0.3,0.16,6,0.7,20,0.5,,,,,BEAR_RATIO < NEUTRAL_RATIO < BULL_RATIO 约束违反: 0.45 / 0.7 / 0.7,COMPLETE
43,-0.5524881004303297,2026-05-12 10:57:16.628753,2026-05-12 10:57:24.824456,0 days 00:00:08.195703,0.45,0.7,3,0.05,0.01,0.45,0.16,5,0.5,20,0.5,-0.4161924065107238,-0.07439755696759455,0.2725913878392117,0.3417948495431293,,COMPLETE
44,-0.5181991654457799,2026-05-12 10:57:24.846563,2026-05-12 10:57:32.449196,0 days 00:00:07.602633,0.45,0.7,3,0.05,0.01,0.45,0.08,6,0.5,20,0.8,-0.39174644129910774,-0.029268776029858605,0.25290544829334444,0.3624776652692491,,COMPLETE
45,-0.5506903456807045,2026-05-12 10:57:32.474723,2026-05-12 10:57:41.292092,0 days 00:00:08.817369,0.35,0.7,3,0.05,0.01,0.45,0.08,6,0.5,20,0.5,-0.4330342974154973,-0.041045589732253265,0.23531209653041435,0.39198870768324406,,COMPLETE
46,-0.45088561931477666,2026-05-12 10:57:41.315330,2026-05-12 10:57:46.313204,0 days 00:00:04.997874,0.45,0.7,4,0.05,0.01,0.45,0.16,6,0.6,20,0.8,,,,,,PRUNED
47,-0.5181991654457799,2026-05-12 10:57:46.356585,2026-05-12 10:57:55.002353,0 days 00:00:08.645768,0.45,0.7,3,0.05,0.01,0.45,0.08,6,0.5,20,0.65,-0.39174644129910774,-0.029268776029858605,0.25290544829334444,0.3624776652692491,,COMPLETE
48,-0.41686813180076837,2026-05-12 10:57:55.029416,2026-05-12 10:57:59.809187,0 days 00:00:04.779771,0.45,0.9,3,0.05,0.01,0.45,0.08,6,0.5,20,0.8,,,,,,PRUNED
49,-0.5182406672588966,2026-05-12 10:57:59.833218,2026-05-12 10:58:09.277653,0 days 00:00:09.444435,0.45,0.7,2,0.05,0.01,0.45,0.08,6,0.5,20,0.65,-0.3910743597599139,-0.030648087966744914,0.25433261499796533,0.360426271793169,,COMPLETE
50,-0.5182406672588966,2026-05-12 10:58:09.320705,2026-05-12 10:58:18.074574,0 days 00:00:08.753869,0.45,0.7,2,0.05,0.02,0.45,0.08,6,0.5,20,0.65,-0.3910743597599139,-0.030648087966744914,0.25433261499796533,0.360426271793169,,COMPLETE
51,-0.5182406672588966,2026-05-12 10:58:18.099500,2026-05-12 10:58:18.593662,0 days 00:00:00.494162,0.45,0.7,2,0.05,0.02,0.45,0.08,6,0.5,20,0.65,-0.3910743597599139,-0.030648087966744914,0.25433261499796533,0.360426271793169,,COMPLETE
52,-0.5182406672588966,2026-05-12 10:58:18.637589,2026-05-12 10:58:19.129841,0 days 00:00:00.492252,0.45,0.7,2,0.05,0.02,0.45,0.08,6,0.5,20,0.65,-0.3910743597599139,-0.030648087966744914,0.25433261499796533,0.360426271793169,,COMPLETE
53,-0.5182406672588966,2026-05-12 10:58:19.152973,2026-05-12 10:58:19.663860,0 days 00:00:00.510887,0.45,0.7,2,0.05,0.02,0.45,0.08,6,0.5,20,0.65,-0.3910743597599139,-0.030648087966744914,0.25433261499796533,0.360426271793169,,COMPLETE
54,-0.5204334334174459,2026-05-12 10:58:19.688851,2026-05-12 10:58:28.382829,0 days 00:00:08.693978,0.45,0.7,3,0.05,0.01,0.3,0.08,6,0.5,20,0.65,-0.3957515036024759,-0.031610794992630406,0.24936385962994,0.3641407086098455,,COMPLETE
55,-0.537337254911793,2026-05-12 10:58:28.407358,2026-05-12 10:58:35.827956,0 days 00:00:07.420598,0.45,0.7,2,0.03,0.01,0.45,0.08,6,0.5,20,0.8,-0.41078161070330677,-0.05054244645673942,0.25311128841697234,0.3602391642465673,,COMPLETE
56,-0.5137856813306336,2026-05-12 10:58:35.850748,2026-05-12 10:58:39.565373,0 days 00:00:03.714625,0.45,0.7,3,0.05,0.02,0.45,0.08,3,0.5,10,0.65,,,,,,PRUNED
57,-0.5302873503724284,2026-05-12 10:58:39.588719,2026-05-12 10:58:48.921364,0 days 00:00:09.332645,0.45,0.7,2,0.05,0.01,0.45,0.08,6,0.6,20,0.65,-0.3815456533653346,-0.020747238207870538,0.29748339401418766,0.360798415157464,,COMPLETE
58,-0.519069186613288,2026-05-12 10:58:48.944015,2026-05-12 10:58:58.187550,0 days 00:00:09.243535,0.45,0.7,3,0.05,0.01,0.6,0.08,6,0.5,10,0.8,-0.39369152888171755,-0.021856611533944192,0.25075531546314106,0.37183491734777335,,COMPLETE
59,-0.4884322371894016,2026-05-12 10:58:58.213947,2026-05-12 10:59:01.978847,0 days 00:00:03.764900,0.35,0.7,2,0.05,0.02,0.45,0.08,4,0.5,5,0.65,,,,,,PRUNED
60,-0.3819542298081919,2026-05-12 10:59:02.003936,2026-05-12 10:59:08.197007,0 days 00:00:06.193071,0.45,0.8,3,0.05,0.01,0.45,0.08,6,0.5,20,0.65,,,,,,PRUNED
61,-0.5182406672588966,2026-05-12 10:59:08.220043,2026-05-12 10:59:08.698342,0 days 00:00:00.478299,0.45,0.7,2,0.05,0.02,0.45,0.08,6,0.5,20,0.65,-0.3910743597599139,-0.030648087966744914,0.25433261499796533,0.360426271793169,,COMPLETE
62,-0.47676357568293565,2026-05-12 10:59:08.720569,2026-05-12 10:59:13.576208,0 days 00:00:04.855639,0.25,0.7,4,0.05,0.01,0.45,0.08,6,0.5,20,0.65,,,,,,PRUNED
63,-0.5278829075993391,2026-05-12 10:59:13.598591,2026-05-12 10:59:21.574216,0 days 00:00:07.975625,0.45,0.7,3,0.05,0.01,0.45,0.08,5,0.5,20,0.8,-0.3901835569182232,-0.04677960144570086,0.27539870136223177,0.34340395547252234,,COMPLETE
64,-0.5715107846558711,2026-05-12 10:59:21.598827,2026-05-12 10:59:25.018932,0 days 00:00:03.420105,0.45,0.7,2,0.05,0.01,0.6,0.08,3,0.5,20,0.65,,,,,,PRUNED
65,-9999.0,2026-05-12 10:59:25.058461,2026-05-12 10:59:25.360466,0 days 00:00:00.302005,0.25,0.7,2,0.05,0.02,0.3,0.08,6,0.7,20,0.65,,,,,BEAR_RATIO < NEUTRAL_RATIO < BULL_RATIO 约束违反: 0.25 / 0.7 / 0.7,COMPLETE
66,-0.5340850151812087,2026-05-12 10:59:25.386212,2026-05-12 10:59:34.797805,0 days 00:00:09.411593,0.45,0.7,2,0.05,0.01,0.45,0.12,6,0.5,5,0.65,-0.41165511936121263,-0.050500865126762516,0.24485979163999205,0.36115425423445013,,COMPLETE
67,-9999.0,2026-05-12 10:59:34.821569,2026-05-12 10:59:35.075738,0 days 00:00:00.254169,0.45,0.7,2,0.05,0.02,0.45,0.08,6,0.7,20,0.5,,,,,BEAR_RATIO < NEUTRAL_RATIO < BULL_RATIO 约束违反: 0.45 / 0.7 / 0.7,COMPLETE
68,-0.5985915428292987,2026-05-12 10:59:35.098702,2026-05-12 10:59:39.292231,0 days 00:00:04.193529,0.45,0.8,2,0.05,0.02,0.45,0.08,3,0.6,20,0.65,,,,,,PRUNED
69,-0.5311606888422244,2026-05-12 10:59:39.317395,2026-05-12 10:59:48.101548,0 days 00:00:08.784153,0.45,0.7,3,0.05,0.02,0.45,0.12,6,0.5,20,0.65,-0.4061875804188883,-0.04541679895811249,0.24994621684667218,0.3607707814607758,,COMPLETE
70,-0.45639875259170154,2026-05-12 10:59:48.125894,2026-05-12 10:59:53.081255,0 days 00:00:04.955361,0.35,0.7,2,0.05,0.01,0.45,0.16,6,0.5,20,0.65,,,,,,PRUNED
71,-0.5182406672588966,2026-05-12 10:59:53.103779,2026-05-12 10:59:53.636360,0 days 00:00:00.532581,0.45,0.7,2,0.05,0.02,0.45,0.08,6,0.5,20,0.65,-0.3910743597599139,-0.030648087966744914,0.25433261499796533,0.360426271793169,,COMPLETE
72,-9999.0,2026-05-12 10:59:53.661032,2026-05-12 10:59:53.931103,0 days 00:00:00.270071,0.45,0.7,2,0.03,0.02,0.45,0.08,5,0.7,20,0.65,,,,,BEAR_RATIO < NEUTRAL_RATIO < BULL_RATIO 约束违反: 0.45 / 0.7 / 0.7,COMPLETE
73,-0.43421872833545394,2026-05-12 10:59:53.954310,2026-05-12 10:59:59.130006,0 days 00:00:05.175696,0.45,0.9,2,0.05,0.01,0.45,0.08,6,0.5,10,0.65,,,,,,PRUNED
74,-9999.0,2026-05-12 10:59:59.154621,2026-05-12 10:59:59.457771,0 days 00:00:00.303150,0.45,0.7,3,0.05,0.01,0.45,0.08,6,0.7,10,0.65,,,,,BEAR_RATIO < NEUTRAL_RATIO < BULL_RATIO 约束违反: 0.45 / 0.7 / 0.7,COMPLETE
75,-0.45456110486561263,2026-05-12 10:59:59.480146,2026-05-12 11:00:04.439036,0 days 00:00:04.958890,0.45,0.9,2,0.03,0.02,0.45,0.08,6,0.5,20,0.65,,,,,,PRUNED
76,-0.5187073896762248,2026-05-12 11:00:04.463517,2026-05-12 11:00:13.008353,0 days 00:00:08.544836,0.45,0.7,4,0.05,0.02,0.45,0.08,6,0.5,20,0.8,-0.3924404427699701,-0.0297567541294489,0.25253389381250935,0.3626836886405212,,COMPLETE
77,-9999.0,2026-05-12 11:00:13.029740,2026-05-12 11:00:13.287020,0 days 00:00:00.257280,0.45,0.7,2,0.05,0.02,0.45,0.12,6,0.7,20,0.65,,,,,BEAR_RATIO < NEUTRAL_RATIO < BULL_RATIO 约束违反: 0.45 / 0.7 / 0.7,COMPLETE
78,-0.432908447556247,2026-05-12 11:00:13.324092,2026-05-12 11:00:17.139755,0 days 00:00:03.815663,0.45,0.7,2,0.05,0.02,0.45,0.16,5,0.5,5,0.65,,,,,,PRUNED
79,-0.701552501181882,2026-05-12 11:00:17.163327,2026-05-12 11:00:26.459452,0 days 00:00:09.296125,0.45,0.7,2,0.05,0.02,0.3,0.08,3,0.5,5,0.65,-0.4922813190067221,-0.1886718328285088,0.41854236435031955,0.3036094861782133,,COMPLETE
80,-0.601383889775209,2026-05-12 11:00:26.485475,2026-05-12 11:00:29.867321,0 days 00:00:03.381846,0.25,0.7,2,0.05,0.02,0.45,0.12,3,0.5,20,0.65,,,,,,PRUNED
81,-0.4327177294022265,2026-05-12 11:00:29.891603,2026-05-12 11:00:34.764157,0 days 00:00:04.872554,0.35,0.7,2,0.05,0.02,0.45,0.08,6,0.5,20,0.65,,,,,,PRUNED
82,-0.3939548516430414,2026-05-12 11:00:34.787496,2026-05-12 11:00:41.986184,0 days 00:00:07.198688,0.45,0.8,2,0.05,0.02,0.45,0.08,6,0.5,5,0.65,,,,,,PRUNED
83,-0.5624796218544736,2026-05-12 11:00:42.009377,2026-05-12 11:00:48.972509,0 days 00:00:06.963132,0.45,0.7,2,0.05,0.02,0.45,0.08,4,0.5,20,0.65,-0.4056845413776323,-0.10037445290018221,0.31359016095368264,0.3053100884774501,,COMPLETE
84,-0.5206511590016456,2026-05-12 11:00:48.996509,2026-05-12 11:00:56.424058,0 days 00:00:07.427549,0.45,0.7,2,0.05,0.02,0.3,0.08,6,0.5,20,0.65,-0.39532733661144764,-0.033171062532550026,0.25064764478039603,0.3621562740788976,,COMPLETE
85,-0.5215363906752739,2026-05-12 11:00:56.451598,2026-05-12 11:01:05.178842,0 days 00:00:08.727244,0.45,0.7,2,0.05,0.02,0.6,0.08,5,0.5,10,0.65,-0.3915613746086035,-0.03734338797386547,0.25995003213334084,0.354217986634738,,COMPLETE
86,-0.46257989881820305,2026-05-12 11:01:05.201882,2026-05-12 11:01:10.799129,0 days 00:00:05.597247,0.45,0.9,3,0.05,0.02,0.45,0.08,6,0.7,20,0.65,,,,,,PRUNED
87,-0.5182406672588966,2026-05-12 11:01:10.826669,2026-05-12 11:01:11.343438,0 days 00:00:00.516769,0.45,0.7,2,0.05,0.02,0.45,0.08,6,0.5,20,0.65,-0.3910743597599139,-0.030648087966744914,0.25433261499796533,0.360426271793169,,COMPLETE
88,-0.5275862997935378,2026-05-12 11:01:11.366022,2026-05-12 11:01:19.297355,0 days 00:00:07.931333,0.45,0.7,2,0.05,0.01,0.45,0.08,5,0.5,20,0.65,-0.38940975425299984,-0.04838590936615044,0.2763530910810758,0.3410238448868494,,COMPLETE
89,-0.5311606888422244,2026-05-12 11:01:19.321717,2026-05-12 11:01:28.189100,0 days 00:00:08.867383,0.45,0.7,3,0.05,0.01,0.45,0.12,6,0.5,20,0.8,-0.4061875804188883,-0.04541679895811249,0.24994621684667218,0.3607707814607758,,COMPLETE
90,-0.5192324693111305,2026-05-12 11:01:28.231298,2026-05-12 11:01:37.401095,0 days 00:00:09.169797,0.45,0.7,2,0.05,0.02,0.45,0.08,6,0.5,10,0.5,-0.39277508526124194,-0.023222535585338204,0.2529147680997772,0.36955254967590373,,COMPLETE
91,-0.5182406672588966,2026-05-12 11:01:37.426079,2026-05-12 11:01:37.925972,0 days 00:00:00.499893,0.45,0.7,2,0.05,0.02,0.45,0.08,6,0.5,20,0.65,-0.3910743597599139,-0.030648087966744914,0.25433261499796533,0.360426271793169,,COMPLETE
92,-0.43076574008516644,2026-05-12 11:01:37.952927,2026-05-12 11:01:42.836481,0 days 00:00:04.883554,0.45,0.7,3,0.03,0.01,0.45,0.08,6,0.5,20,0.65,,,,,,PRUNED
93,-0.5299674474456175,2026-05-12 11:01:42.861224,2026-05-12 11:01:51.609955,0 days 00:00:08.748731,0.45,0.7,2,0.05,0.02,0.45,0.08,6,0.6,10,0.65,-0.3814210934210585,-0.018950106190163234,0.29709270804911814,0.36247098723089527,,COMPLETE
94,-0.46728865863990404,2026-05-12 11:01:51.631740,2026-05-12 11:01:55.988618,0 days 00:00:04.356878,0.45,0.7,3,0.05,0.01,0.45,0.08,4,0.5,5,0.65,,,,,,PRUNED
95,-0.48346830526264173,2026-05-12 11:01:56.006448,2026-05-12 11:02:00.778512,0 days 00:00:04.772064,0.25,0.7,3,0.05,0.02,0.45,0.08,5,0.5,20,0.65,,,,,,PRUNED
96,-0.5298808819333392,2026-05-12 11:02:00.802100,2026-05-12 11:02:08.123945,0 days 00:00:07.321845,0.45,0.7,2,0.05,0.02,0.6,0.08,6,0.6,20,0.8,-0.381367122234835,-0.020832083416424247,0.2970275193970083,0.36053503881841076,,COMPLETE
97,-0.45077535218384135,2026-05-12 11:02:08.145870,2026-05-12 11:02:12.851861,0 days 00:00:04.705991,0.45,0.9,2,0.05,0.02,0.45,0.16,6,0.5,20,0.65,,,,,,PRUNED
98,-0.5182406672588966,2026-05-12 11:02:12.874587,2026-05-12 11:02:13.329810,0 days 00:00:00.455223,0.45,0.7,2,0.05,0.01,0.45,0.08,6,0.5,20,0.65,-0.3910743597599139,-0.030648087966744914,0.25433261499796533,0.360426271793169,,COMPLETE
99,-0.5209225216659618,2026-05-12 11:02:13.353384,2026-05-12 11:02:23.574321,0 days 00:00:10.220937,0.45,0.7,2,0.05,0.02,0.45,0.08,6,0.5,5,0.8,-0.39691949939716903,-0.03309113320285128,0.2480060445375855,0.36382836619431774,,COMPLETE
100,-0.5730010624940768,2026-05-12 11:02:23.597843,2026-05-12 11:02:27.097115,0 days 00:00:03.499272,0.45,0.7,3,0.05,0.01,0.45,0.08,3,0.5,20,0.65,,,,,,PRUNED
101,-0.4296411080598753,2026-05-12 11:02:27.121892,2026-05-12 11:02:32.037792,0 days 00:00:04.915900,0.45,0.7,2,0.05,0.02,0.6,0.16,6,0.5,20,0.65,,,,,,PRUNED
102,-0.5180458011884579,2026-05-12 11:02:32.061512,2026-05-12 11:02:40.183635,0 days 00:00:08.122123,0.45,0.7,3,0.05,0.02,0.6,0.08,6,0.5,20,0.65,-0.3918922837954992,-0.0294793712007094,0.2523070347859173,0.36241291259478975,,COMPLETE
103,-0.4933909675949293,2026-05-12 11:02:40.227591,2026-05-12 11:02:45.951017,0 days 00:00:05.723426,0.25,0.7,2,0.05,0.02,0.45,0.08,6,0.5,5,0.65,,,,,,PRUNED
104,-0.593082116115428,2026-05-12 11:02:45.990312,2026-05-12 11:02:50.110776,0 days 00:00:04.120464,0.45,0.7,3,0.05,0.02,0.6,0.08,3,0.6,20,0.65,,,,,,PRUNED
105,-0.4375177398777454,2026-05-12 11:02:50.135977,2026-05-12 11:02:56.056272,0 days 00:00:05.920295,0.45,0.7,3,0.03,0.02,0.6,0.08,6,0.5,5,0.65,,,,,,PRUNED
106,-0.47503026938657783,2026-05-12 11:02:56.076410,2026-05-12 11:03:00.881709,0 days 00:00:04.805299,0.25,0.7,3,0.05,0.01,0.45,0.08,6,0.5,20,0.8,,,,,,PRUNED
107,-0.37297562236571064,2026-05-12 11:03:00.908290,2026-05-12 11:03:05.817442,0 days 00:00:04.909152,0.45,0.7,3,0.05,0.02,0.6,0.08,4,0.5,20,0.65,,,,,,PRUNED
108,-0.4326127440701006,2026-05-12 11:03:05.840854,2026-05-12 11:03:10.265605,0 days 00:00:04.424751,0.45,0.7,2,0.05,0.02,0.45,0.12,5,0.5,20,0.65,,,,,,PRUNED
109,-0.4318124553734489,2026-05-12 11:03:10.288652,2026-05-12 11:03:14.990824,0 days 00:00:04.702172,0.45,0.7,2,0.03,0.02,0.45,0.08,6,0.5,20,0.65,,,,,,PRUNED
110,-0.43362061482938863,2026-05-12 11:03:15.012340,2026-05-12 11:03:19.594756,0 days 00:00:04.582416,0.45,0.9,3,0.05,0.02,0.6,0.08,6,0.5,20,0.65,,,,,,PRUNED
111,-0.5182406672588966,2026-05-12 11:03:19.615327,2026-05-12 11:03:20.041403,0 days 00:00:00.426076,0.45,0.7,2,0.05,0.02,0.45,0.08,6,0.5,20,0.65,-0.3910743597599139,-0.030648087966744914,0.25433261499796533,0.360426271793169,,COMPLETE
112,-0.5180458011884579,2026-05-12 11:03:20.065806,2026-05-12 11:03:20.542642,0 days 00:00:00.476836,0.45,0.7,3,0.05,0.02,0.6,0.08,6,0.5,20,0.65,-0.3918922837954992,-0.0294793712007094,0.2523070347859173,0.36241291259478975,,COMPLETE
113,-0.5180458011884579,2026-05-12 11:03:20.565329,2026-05-12 11:03:28.993033,0 days 00:00:08.427704,0.45,0.7,3,0.05,0.02,0.6,0.08,6,0.5,20,0.5,-0.3918922837954992,-0.0294793712007094,0.2523070347859173,0.36241291259478975,,COMPLETE
114,-0.42566053181256513,2026-05-12 11:03:29.016102,2026-05-12 11:03:33.405240,0 days 00:00:04.389138,0.45,0.7,3,0.05,0.02,0.6,0.08,5,0.5,20,0.5,,,,,,PRUNED
115,-0.5180458011884579,2026-05-12 11:03:33.426968,2026-05-12 11:03:33.936595,0 days 00:00:00.509627,0.45,0.7,3,0.05,0.02,0.6,0.08,6,0.5,20,0.5,-0.3918922837954992,-0.0294793712007094,0.2523070347859173,0.36241291259478975,,COMPLETE
116,-0.4757310524677019,2026-05-12 11:03:33.960288,2026-05-12 11:03:39.330207,0 days 00:00:05.369919,0.25,0.7,3,0.05,0.02,0.6,0.08,6,0.5,20,0.5,,,,,,PRUNED
117,-9999.0,2026-05-12 11:03:39.351762,2026-05-12 11:03:39.598551,0 days 00:00:00.246789,0.45,0.7,3,0.05,0.02,0.6,0.08,6,0.7,20,0.5,,,,,BEAR_RATIO < NEUTRAL_RATIO < BULL_RATIO 约束违反: 0.45 / 0.7 / 0.7,COMPLETE
118,-0.5180458011884579,2026-05-12 11:03:39.622058,2026-05-12 11:03:40.100109,0 days 00:00:00.478051,0.45,0.7,3,0.05,0.02,0.6,0.08,6,0.5,20,0.5,-0.3918922837954992,-0.0294793712007094,0.2523070347859173,0.36241291259478975,,COMPLETE
119,-0.38295398483373294,2026-05-12 11:03:40.122270,2026-05-12 11:03:46.024030,0 days 00:00:05.901760,0.45,0.8,3,0.05,0.02,0.6,0.08,6,0.5,20,0.5,,,,,,PRUNED
120,-0.5180458011884579,2026-05-12 11:03:46.046080,2026-05-12 11:03:46.515174,0 days 00:00:00.469094,0.45,0.7,3,0.05,0.02,0.6,0.08,6,0.5,20,0.65,-0.3918922837954992,-0.0294793712007094,0.2523070347859173,0.36241291259478975,,COMPLETE
121,-0.5180458011884579,2026-05-12 11:03:46.538442,2026-05-12 11:03:54.888686,0 days 00:00:08.350244,0.45,0.7,3,0.05,0.02,0.6,0.08,6,0.5,20,0.8,-0.3918922837954992,-0.0294793712007094,0.2523070347859173,0.36241291259478975,,COMPLETE
122,-0.35379372965385586,2026-05-12 11:03:54.915996,2026-05-12 11:04:03.353906,0 days 00:00:08.437910,0.45,0.7,3,0.05,0.02,0.6,0.08,6,0.5,5,0.5,,,,,,PRUNED
123,-0.48638702280254853,2026-05-12 11:04:03.376789,2026-05-12 11:04:08.011352,0 days 00:00:04.634563,0.25,0.7,3,0.05,0.02,0.6,0.08,6,0.6,20,0.65,,,,,,PRUNED
124,-0.5180458011884579,2026-05-12 11:04:08.034009,2026-05-12 11:04:08.510757,0 days 00:00:00.476748,0.45,0.7,3,0.05,0.02,0.6,0.08,6,0.5,20,0.8,-0.3918922837954992,-0.0294793712007094,0.2523070347859173,0.36241291259478975,,COMPLETE
125,-0.5180458011884579,2026-05-12 11:04:08.532267,2026-05-12 11:04:08.985912,0 days 00:00:00.453645,0.45,0.7,3,0.05,0.02,0.6,0.08,6,0.5,20,0.8,-0.3918922837954992,-0.0294793712007094,0.2523070347859173,0.36241291259478975,,COMPLETE
126,-0.5180458011884579,2026-05-12 11:04:09.010718,2026-05-12 11:04:09.507520,0 days 00:00:00.496802,0.45,0.7,3,0.05,0.02,0.6,0.08,6,0.5,20,0.8,-0.3918922837954992,-0.0294793712007094,0.2523070347859173,0.36241291259478975,,COMPLETE
127,-0.5180458011884579,2026-05-12 11:04:09.529410,2026-05-12 11:04:09.982497,0 days 00:00:00.453087,0.45,0.7,3,0.05,0.02,0.6,0.08,6,0.5,20,0.8,-0.3918922837954992,-0.0294793712007094,0.2523070347859173,0.36241291259478975,,COMPLETE
128,-0.5180458011884579,2026-05-12 11:04:10.005655,2026-05-12 11:04:10.493074,0 days 00:00:00.487419,0.45,0.7,3,0.05,0.02,0.6,0.08,6,0.5,20,0.8,-0.3918922837954992,-0.0294793712007094,0.2523070347859173,0.36241291259478975,,COMPLETE
129,-0.5180458011884579,2026-05-12 11:04:10.515806,2026-05-12 11:04:10.978037,0 days 00:00:00.462231,0.45,0.7,3,0.05,0.02,0.6,0.08,6,0.5,20,0.8,-0.3918922837954992,-0.0294793712007094,0.2523070347859173,0.36241291259478975,,COMPLETE
130,-0.5180458011884579,2026-05-12 11:04:11.002976,2026-05-12 11:04:11.490556,0 days 00:00:00.487580,0.45,0.7,3,0.05,0.02,0.6,0.08,6,0.5,20,0.8,-0.3918922837954992,-0.0294793712007094,0.2523070347859173,0.36241291259478975,,COMPLETE
131,-0.5180458011884579,2026-05-12 11:04:11.513831,2026-05-12 11:04:12.032899,0 days 00:00:00.519068,0.45,0.7,3,0.05,0.02,0.6,0.08,6,0.5,20,0.8,-0.3918922837954992,-0.0294793712007094,0.2523070347859173,0.36241291259478975,,COMPLETE
132,-0.47492050423763177,2026-05-12 11:04:12.073972,2026-05-12 11:04:16.935057,0 days 00:00:04.861085,0.45,0.7,3,0.03,0.02,0.6,0.16,6,0.5,20,0.8,,,,,,PRUNED
133,-0.5787810955671507,2026-05-12 11:04:16.961701,2026-05-12 11:04:20.182698,0 days 00:00:03.220997,0.45,0.7,3,0.05,0.02,0.6,0.12,3,0.5,20,0.5,,,,,,PRUNED
134,-0.5870375664596477,2026-05-12 11:04:20.207095,2026-05-12 11:04:23.462920,0 days 00:00:03.255825,0.45,0.9,3,0.05,0.02,0.6,0.08,3,0.5,20,0.8,,,,,,PRUNED
135,-0.43155661162383707,2026-05-12 11:04:23.485841,2026-05-12 11:04:28.164774,0 days 00:00:04.678933,0.45,0.7,3,0.05,0.02,0.6,0.16,6,0.5,20,0.5,,,,,,PRUNED
136,-0.3473427776656433,2026-05-12 11:04:28.186286,2026-05-12 11:04:36.517343,0 days 00:00:08.331057,0.45,0.7,3,0.05,0.02,0.6,0.08,6,0.5,10,0.65,,,,,,PRUNED
137,-0.5184185300511026,2026-05-12 11:04:36.539167,2026-05-12 11:04:44.983683,0 days 00:00:08.444516,0.45,0.7,4,0.05,0.02,0.6,0.08,6,0.5,20,0.5,-0.3923759913789934,-0.030032397375603388,0.25208507734421826,0.36234359400339006,,COMPLETE
138,-0.4369421088047426,2026-05-12 11:04:45.006641,2026-05-12 11:04:48.818269,0 days 00:00:03.811628,0.35,0.7,4,0.05,0.02,0.6,0.08,6,0.5,20,0.8,,,,,,PRUNED
139,-0.5180458011884579,2026-05-12 11:04:48.839682,2026-05-12 11:04:49.307365,0 days 00:00:00.467683,0.45,0.7,3,0.05,0.02,0.6,0.08,6,0.5,20,0.65,-0.3918922837954992,-0.0294793712007094,0.2523070347859173,0.36241291259478975,,COMPLETE
140,-9999.0,2026-05-12 11:04:49.328757,2026-05-12 11:04:49.580951,0 days 00:00:00.252194,0.45,0.7,3,0.03,0.02,0.6,0.08,6,0.7,20,0.8,,,,,BEAR_RATIO < NEUTRAL_RATIO < BULL_RATIO 约束违反: 0.45 / 0.7 / 0.7,COMPLETE
141,-0.5180458011884579,2026-05-12 11:04:49.606029,2026-05-12 11:04:50.103344,0 days 00:00:00.497315,0.45,0.7,3,0.05,0.02,0.6,0.08,6,0.5,20,0.8,-0.3918922837954992,-0.0294793712007094,0.2523070347859173,0.36241291259478975,,COMPLETE
142,-0.42903364995569093,2026-05-12 11:04:50.125239,2026-05-12 11:04:54.816618,0 days 00:00:04.691379,0.45,0.7,3,0.05,0.02,0.3,0.08,6,0.6,20,0.8,,,,,,PRUNED
143,-0.43840182819934514,2026-05-12 11:04:54.840815,2026-05-12 11:04:58.648405,0 days 00:00:03.807590,0.35,0.7,3,0.05,0.02,0.6,0.08,4,0.5,20,0.8,,,,,,PRUNED
144,-0.4981097486430177,2026-05-12 11:04:58.670663,2026-05-12 11:05:03.306096,0 days 00:00:04.635433,0.25,0.7,3,0.03,0.02,0.6,0.08,6,0.5,20,0.8,,,,,,PRUNED
145,-0.4309774832863489,2026-05-12 11:05:03.327969,2026-05-12 11:05:08.815121,0 days 00:00:05.487152,0.45,0.8,3,0.05,0.02,0.6,0.08,6,0.5,5,0.8,,,,,,PRUNED
146,-0.4393518572275016,2026-05-12 11:05:08.840052,2026-05-12 11:05:13.565002,0 days 00:00:04.724950,0.35,0.7,3,0.05,0.02,0.3,0.08,6,0.5,20,0.8,,,,,,PRUNED
147,-0.4213231947291116,2026-05-12 11:05:13.592341,2026-05-12 11:05:17.474194,0 days 00:00:03.881853,0.45,0.7,2,0.05,0.02,0.6,0.08,4,0.5,20,0.8,,,,,,PRUNED
148,-0.346678989749323,2026-05-12 11:05:17.498784,2026-05-12 11:05:24.487182,0 days 00:00:06.988398,0.45,0.7,3,0.05,0.02,0.3,0.08,6,0.5,20,0.5,,,,,,PRUNED
149,-0.583160588806616,2026-05-12 11:05:24.509477,2026-05-12 11:05:28.168660,0 days 00:00:03.659183,0.45,0.7,3,0.05,0.02,0.6,0.16,3,0.5,20,0.8,,,,,,PRUNED
150,-0.42271670599255484,2026-05-12 11:05:28.188270,2026-05-12 11:05:33.485623,0 days 00:00:05.297353,0.45,0.7,3,0.05,0.02,0.6,0.12,6,0.5,10,0.8,,,,,,PRUNED
151,-0.5180458011884579,2026-05-12 11:05:33.524297,2026-05-12 11:05:41.616993,0 days 00:00:08.092696,0.45,0.7,3,0.05,0.01,0.6,0.08,6,0.5,20,0.5,-0.3918922837954992,-0.0294793712007094,0.2523070347859173,0.36241291259478975,,COMPLETE
152,-0.43076574008516644,2026-05-12 11:05:41.639084,2026-05-12 11:05:46.483012,0 days 00:00:04.843928,0.45,0.7,3,0.03,0.02,0.6,0.08,6,0.5,20,0.5,,,,,,PRUNED
153,-0.5180458011884579,2026-05-12 11:05:46.506279,2026-05-12 11:05:46.961413,0 days 00:00:00.455134,0.45,0.7,3,0.05,0.02,0.6,0.08,6,0.5,20,0.65,-0.3918922837954992,-0.0294793712007094,0.2523070347859173,0.36241291259478975,,COMPLETE
154,-0.43076574008516644,2026-05-12 11:05:46.985231,2026-05-12 11:05:51.771412,0 days 00:00:04.786181,0.45,0.7,3,0.03,0.01,0.6,0.08,6,0.5,20,0.8,,,,,,PRUNED
155,-0.5180458011884579,2026-05-12 11:05:51.793668,2026-05-12 11:05:51.476965,-1 days +23:59:59.683297,0.45,0.7,3,0.05,0.02,0.6,0.08,6,0.5,20,0.5,-0.3918922837954992,-0.0294793712007094,0.2523070347859173,0.36241291259478975,,COMPLETE
156,-0.4235393629303933,2026-05-12 11:05:51.498881,2026-05-12 11:05:56.181575,0 days 00:00:04.682694,0.45,0.7,4,0.05,0.02,0.6,0.12,6,0.5,20,0.8,,,,,,PRUNED
157,-9999.0,2026-05-12 11:05:56.204271,2026-05-12 11:05:56.464666,0 days 00:00:00.260395,0.25,0.7,3,0.05,0.02,0.6,0.08,6,0.7,20,0.8,,,,,BEAR_RATIO < NEUTRAL_RATIO < BULL_RATIO 约束违反: 0.25 / 0.7 / 0.7,COMPLETE
158,-0.42566053181256513,2026-05-12 11:05:56.485587,2026-05-12 11:06:01.074826,0 days 00:00:04.589239,0.45,0.7,3,0.05,0.02,0.6,0.08,5,0.5,20,0.8,,,,,,PRUNED
159,-0.43231167476902027,2026-05-12 11:06:01.098516,2026-05-12 11:06:05.034485,0 days 00:00:03.935969,0.45,0.7,3,0.05,0.02,0.6,0.12,4,0.5,20,0.8,,,,,,PRUNED
160,-0.5000728400259534,2026-05-12 11:06:05.057654,2026-05-12 11:06:10.553029,0 days 00:00:05.495375,0.25,0.9,3,0.05,0.02,0.6,0.08,6,0.5,20,0.8,,,,,,PRUNED
161,-0.5180458011884579,2026-05-12 11:06:10.575532,2026-05-12 11:06:11.018195,0 days 00:00:00.442663,0.45,0.7,3,0.05,0.02,0.6,0.08,6,0.5,20,0.8,-0.3918922837954992,-0.0294793712007094,0.2523070347859173,0.36241291259478975,,COMPLETE
162,-0.42300571404722564,2026-05-12 11:06:11.040667,2026-05-12 11:06:15.945853,0 days 00:00:04.905186,0.45,0.8,3,0.05,0.02,0.3,0.08,6,0.5,20,0.8,,,,,,PRUNED
163,-0.4496874493877686,2026-05-12 11:06:15.972225,2026-05-12 11:06:20.961471,0 days 00:00:04.989246,0.45,0.7,3,0.05,0.01,0.6,0.16,6,0.6,20,0.8,,,,,,PRUNED
164,-0.5730010624940768,2026-05-12 11:06:20.982982,2026-05-12 11:06:23.317537,0 days 00:00:02.334555,0.45,0.7,3,0.05,0.02,0.45,0.08,3,0.5,20,0.8,,,,,,PRUNED
165,-9999.0,2026-05-12 11:06:23.339236,2026-05-12 11:06:23.545588,0 days 00:00:00.206352,0.45,0.7,3,0.05,0.02,0.45,0.08,6,0.7,20,0.8,,,,,BEAR_RATIO < NEUTRAL_RATIO < BULL_RATIO 约束违反: 0.45 / 0.7 / 0.7,COMPLETE
166,-0.42606172854379265,2026-05-12 11:06:23.567447,2026-05-12 11:06:28.254148,0 days 00:00:04.686701,0.45,0.7,3,0.05,0.02,0.6,0.08,6,0.6,20,0.8,,,,,,PRUNED
167,-0.4359433191790619,2026-05-12 11:06:28.295943,2026-05-12 11:06:33.543537,0 days 00:00:05.247594,0.35,0.7,3,0.05,0.02,0.6,0.08,6,0.5,10,0.8,,,,,,PRUNED
168,-0.44503686832380585,2026-05-12 11:06:33.571231,2026-05-12 11:06:38.403847,0 days 00:00:04.832616,0.45,0.9,3,0.05,0.02,0.6,0.12,6,0.5,20,0.8,,,,,,PRUNED
169,-0.47441457244516044,2026-05-12 11:06:38.426566,2026-05-12 11:06:43.187480,0 days 00:00:04.760914,0.25,0.7,2,0.05,0.02,0.6,0.08,6,0.5,20,0.8,,,,,,PRUNED
170,-0.4351694194242078,2026-05-12 11:06:43.209295,2026-05-12 11:06:48.013102,0 days 00:00:04.803807,0.35,0.7,3,0.05,0.02,0.6,0.08,6,0.5,20,0.65,,,,,,PRUNED
171,-0.421366069161807,2026-05-12 11:06:48.037670,2026-05-12 11:06:52.897631,0 days 00:00:04.859961,0.45,0.7,3,0.05,0.01,0.6,0.12,6,0.5,20,0.5,,,,,,PRUNED
172,-0.4414558091504518,2026-05-12 11:06:52.921350,2026-05-12 11:06:57.605370,0 days 00:00:04.684020,0.45,0.9,3,0.05,0.01,0.6,0.08,4,0.5,20,0.5,,,,,,PRUNED
173,-0.41794096959508104,2026-05-12 11:06:57.627779,2026-05-12 11:07:03.224457,0 days 00:00:05.596678,0.45,0.7,3,0.05,0.02,0.3,0.08,6,0.5,5,0.8,,,,,,PRUNED
174,-0.5180458011884579,2026-05-12 11:07:03.245643,2026-05-12 11:07:03.712603,0 days 00:00:00.466960,0.45,0.7,3,0.05,0.01,0.6,0.08,6,0.5,20,0.5,-0.3918922837954992,-0.0294793712007094,0.2523070347859173,0.36241291259478975,,COMPLETE
175,-0.43155661162383707,2026-05-12 11:07:03.735742,2026-05-12 11:07:08.450830,0 days 00:00:04.715088,0.45,0.7,3,0.05,0.02,0.6,0.16,6,0.5,20,0.8,,,,,,PRUNED
176,-0.5236475234522171,2026-05-12 11:07:08.474206,2026-05-12 11:07:12.222162,0 days 00:00:03.747956,0.25,0.7,3,0.05,0.02,0.6,0.08,4,0.5,5,0.8,,,,,,PRUNED
177,-0.5210909980817,2026-05-12 11:07:12.243717,2026-05-12 11:07:17.781706,0 days 00:00:05.537989,0.25,0.7,3,0.05,0.02,0.6,0.16,6,0.5,5,0.65,,,,,,PRUNED
178,-0.4252415693819519,2026-05-12 11:07:17.805692,2026-05-12 11:07:22.860750,0 days 00:00:05.055058,0.45,0.7,3,0.05,0.01,0.45,0.08,6,0.6,20,0.5,,,,,,PRUNED
179,-0.43148900901251575,2026-05-12 11:07:22.883983,2026-05-12 11:07:27.756460,0 days 00:00:04.872477,0.45,0.7,4,0.03,0.02,0.6,0.08,6,0.5,20,0.8,,,,,,PRUNED
180,-0.5137856813306336,2026-05-12 11:07:27.779786,2026-05-12 11:07:31.474561,0 days 00:00:03.694775,0.45,0.7,3,0.05,0.02,0.6,0.08,3,0.5,10,0.5,,,,,,PRUNED
181,-0.5180458011884579,2026-05-12 11:07:31.500672,2026-05-12 11:07:31.985761,0 days 00:00:00.485089,0.45,0.7,3,0.05,0.02,0.6,0.08,6,0.5,20,0.65,-0.3918922837954992,-0.0294793712007094,0.2523070347859173,0.36241291259478975,,COMPLETE
182,-0.3443653429832819,2026-05-12 11:07:32.007482,2026-05-12 11:07:38.029736,0 days 00:00:06.022254,0.45,0.7,4,0.05,0.02,0.6,0.08,6,0.5,20,0.65,,,,,,PRUNED
183,-0.5180458011884579,2026-05-12 11:07:38.052318,2026-05-12 11:07:45.525530,0 days 00:00:07.473212,0.45,0.7,3,0.05,0.01,0.6,0.08,6,0.5,20,0.8,-0.3918922837954992,-0.0294793712007094,0.2523070347859173,0.36241291259478975,,COMPLETE
184,-9999.0,2026-05-12 11:07:45.547713,2026-05-12 11:07:45.789528,0 days 00:00:00.241815,0.45,0.7,3,0.05,0.02,0.6,0.08,6,0.7,20,0.65,,,,,BEAR_RATIO < NEUTRAL_RATIO < BULL_RATIO 约束违反: 0.45 / 0.7 / 0.7,COMPLETE
185,-0.5179924623587872,2026-05-12 11:07:45.811549,2026-05-12 11:07:55.453442,0 days 00:00:09.641893,0.45,0.7,2,0.05,0.02,0.6,0.08,6,0.5,20,0.8,-0.39108387647623727,-0.030830266507629607,0.2538171717650998,0.36025360996860767,,COMPLETE
186,-0.45339360346082486,2026-05-12 11:07:55.480947,2026-05-12 11:08:00.357524,0 days 00:00:04.876577,0.45,0.9,3,0.03,0.02,0.6,0.08,6,0.5,20,0.8,,,,,,PRUNED
187,-0.5179924623587872,2026-05-12 11:08:00.380815,2026-05-12 11:08:00.872288,0 days 00:00:00.491473,0.45,0.7,2,0.05,0.02,0.6,0.08,6,0.5,20,0.8,-0.39108387647623727,-0.030830266507629607,0.2538171717650998,0.36025360996860767,,COMPLETE
188,-0.5179924623587872,2026-05-12 11:08:00.894253,2026-05-12 11:08:01.396375,0 days 00:00:00.502122,0.45,0.7,2,0.05,0.02,0.6,0.08,6,0.5,20,0.8,-0.39108387647623727,-0.030830266507629607,0.2538171717650998,0.36025360996860767,,COMPLETE
189,-0.34500054996374174,2026-05-12 11:08:01.420733,2026-05-12 11:08:07.785700,0 days 00:00:06.364967,0.45,0.7,2,0.05,0.02,0.6,0.08,6,0.5,10,0.8,,,,,,PRUNED
190,-0.5181991654457799,2026-05-12 11:08:07.810046,2026-05-12 11:08:15.308519,0 days 00:00:07.498473,0.45,0.7,3,0.05,0.02,0.45,0.08,6,0.5,20,0.5,-0.39174644129910774,-0.029268776029858605,0.25290544829334444,0.3624776652692491,,COMPLETE
191,-0.5179924623587872,2026-05-12 11:08:15.331451,2026-05-12 11:08:15.794082,0 days 00:00:00.462631,0.45,0.7,2,0.05,0.02,0.6,0.08,6,0.5,20,0.8,-0.39108387647623727,-0.030830266507629607,0.2538171717650998,0.36025360996860767,,COMPLETE
192,-0.5179924623587872,2026-05-12 11:08:15.817058,2026-05-12 11:08:16.303424,0 days 00:00:00.486366,0.45,0.7,2,0.05,0.02,0.6,0.08,6,0.5,20,0.8,-0.39108387647623727,-0.030830266507629607,0.2538171717650998,0.36025360996860767,,COMPLETE
193,-0.5179924623587872,2026-05-12 11:08:16.328851,2026-05-12 11:08:16.819037,0 days 00:00:00.490186,0.45,0.7,2,0.05,0.02,0.6,0.08,6,0.5,20,0.8,-0.39108387647623727,-0.030830266507629607,0.2538171717650998,0.36025360996860767,,COMPLETE
194,-0.43223096142417294,2026-05-12 11:08:16.843574,2026-05-12 11:08:21.675229,0 days 00:00:04.831655,0.45,0.9,2,0.05,0.02,0.6,0.08,6,0.5,20,0.8,,,,,,PRUNED
195,-0.5179924623587872,2026-05-12 11:08:21.698742,2026-05-12 11:08:22.183828,0 days 00:00:00.485086,0.45,0.7,2,0.05,0.02,0.6,0.08,6,0.5,20,0.8,-0.39108387647623727,-0.030830266507629607,0.2538171717650998,0.36025360996860767,,COMPLETE
196,-0.5179924623587872,2026-05-12 11:08:22.206024,2026-05-12 11:08:22.685347,0 days 00:00:00.479323,0.45,0.7,2,0.05,0.02,0.6,0.08,6,0.5,20,0.8,-0.39108387647623727,-0.030830266507629607,0.2538171717650998,0.36025360996860767,,COMPLETE
197,-0.5179924623587872,2026-05-12 11:08:22.709405,2026-05-12 11:08:23.173694,0 days 00:00:00.464289,0.45,0.7,2,0.05,0.02,0.6,0.08,6,0.5,20,0.8,-0.39108387647623727,-0.030830266507629607,0.2538171717650998,0.36025360996860767,,COMPLETE
198,-0.5179924623587872,2026-05-12 11:08:23.194976,2026-05-12 11:08:23.706173,0 days 00:00:00.511197,0.45,0.7,2,0.05,0.02,0.6,0.08,6,0.5,20,0.8,-0.39108387647623727,-0.030830266507629607,0.2538171717650998,0.36025360996860767,,COMPLETE
199,-9999.0,2026-05-12 11:08:23.730553,2026-05-12 11:08:23.974303,0 days 00:00:00.243750,0.45,0.7,2,0.05,0.01,0.6,0.08,6,0.7,20,0.8,,,,,BEAR_RATIO < NEUTRAL_RATIO < BULL_RATIO 约束违反: 0.45 / 0.7 / 0.7,COMPLETE
200,-0.5179924623587872,2026-05-12 11:08:23.997418,2026-05-12 11:08:24.502910,0 days 00:00:00.505492,0.45,0.7,2,0.05,0.02,0.6,0.08,6,0.5,20,0.8,-0.39108387647623727,-0.030830266507629607,0.2538171717650998,0.36025360996860767,,COMPLETE
201,-0.4366801865000989,2026-05-12 11:08:24.526887,2026-05-12 11:08:29.050092,0 days 00:00:04.523205,0.45,0.8,2,0.05,0.02,0.6,0.08,5,0.5,20,0.8,,,,,,PRUNED
202,-0.5179924623587872,2026-05-12 11:08:29.072648,2026-05-12 11:08:29.574676,0 days 00:00:00.502028,0.45,0.7,2,0.05,0.02,0.6,0.08,6,0.5,20,0.8,-0.39108387647623727,-0.030830266507629607,0.2538171717650998,0.36025360996860767,,COMPLETE
203,-0.5179924623587872,2026-05-12 11:08:29.597689,2026-05-12 11:08:30.069779,0 days 00:00:00.472090,0.45,0.7,2,0.05,0.02,0.6,0.08,6,0.5,20,0.8,-0.39108387647623727,-0.030830266507629607,0.2538171717650998,0.36025360996860767,,COMPLETE
204,-9999.0,2026-05-12 11:08:30.093482,2026-05-12 11:08:30.339078,0 days 00:00:00.245596,0.45,0.7,2,0.05,0.02,0.6,0.08,3,0.7,20,0.8,,,,,BEAR_RATIO < NEUTRAL_RATIO < BULL_RATIO 约束违反: 0.45 / 0.7 / 0.7,COMPLETE
205,-0.5179924623587872,2026-05-12 11:08:30.362313,2026-05-12 11:08:30.838271,0 days 00:00:00.475958,0.45,0.7,2,0.05,0.02,0.6,0.08,6,0.5,20,0.8,-0.39108387647623727,-0.030830266507629607,0.2538171717650998,0.36025360996860767,,COMPLETE
206,-0.44719969144063537,2026-05-12 11:08:30.862263,2026-05-12 11:08:35.689216,0 days 00:00:04.826953,0.35,0.7,2,0.05,0.02,0.6,0.12,6,0.5,20,0.8,,,,,,PRUNED
207,-0.5179924623587872,2026-05-12 11:08:35.711179,2026-05-12 11:08:36.192399,0 days 00:00:00.481220,0.45,0.7,2,0.05,0.02,0.6,0.08,6,0.5,20,0.8,-0.39108387647623727,-0.030830266507629607,0.2538171717650998,0.36025360996860767,,COMPLETE
208,-0.5722378789383502,2026-05-12 11:08:36.218415,2026-05-12 11:08:39.557546,0 days 00:00:03.339131,0.45,0.7,2,0.05,0.02,0.3,0.08,3,0.5,20,0.8,,,,,,PRUNED
209,-0.5179924623587872,2026-05-12 11:08:39.580993,2026-05-12 11:08:40.046544,0 days 00:00:00.465551,0.45,0.7,2,0.05,0.02,0.6,0.08,6,0.5,20,0.8,-0.39108387647623727,-0.030830266507629607,0.2538171717650998,0.36025360996860767,,COMPLETE
210,-0.5179924623587872,2026-05-12 11:08:40.069573,2026-05-12 11:08:40.565137,0 days 00:00:00.495564,0.45,0.7,2,0.05,0.02,0.6,0.08,6,0.5,20,0.8,-0.39108387647623727,-0.030830266507629607,0.2538171717650998,0.36025360996860767,,COMPLETE
211,-0.5179924623587872,2026-05-12 11:08:40.589024,2026-05-12 11:08:41.062164,0 days 00:00:00.473140,0.45,0.7,2,0.05,0.02,0.6,0.08,6,0.5,20,0.8,-0.39108387647623727,-0.030830266507629607,0.2538171717650998,0.36025360996860767,,COMPLETE
212,-0.5179924623587872,2026-05-12 11:08:41.085362,2026-05-12 11:08:41.549304,0 days 00:00:00.463942,0.45,0.7,2,0.05,0.02,0.6,0.08,6,0.5,20,0.8,-0.39108387647623727,-0.030830266507629607,0.2538171717650998,0.36025360996860767,,COMPLETE
213,-0.5179924623587872,2026-05-12 11:08:41.574466,2026-05-12 11:08:42.084430,0 days 00:00:00.509964,0.45,0.7,2,0.05,0.02,0.6,0.08,6,0.5,20,0.8,-0.39108387647623727,-0.030830266507629607,0.2538171717650998,0.36025360996860767,,COMPLETE
214,-0.5179924623587872,2026-05-12 11:08:42.112838,2026-05-12 11:08:42.573571,0 days 00:00:00.460733,0.45,0.7,2,0.05,0.02,0.6,0.08,6,0.5,20,0.8,-0.39108387647623727,-0.030830266507629607,0.2538171717650998,0.36025360996860767,,COMPLETE
215,-0.5179924623587872,2026-05-12 11:08:42.599649,2026-05-12 11:08:43.091621,0 days 00:00:00.491972,0.45,0.7,2,0.05,0.02,0.6,0.08,6,0.5,20,0.8,-0.39108387647623727,-0.030830266507629607,0.2538171717650998,0.36025360996860767,,COMPLETE
216,-0.5179924623587872,2026-05-12 11:08:43.115700,2026-05-12 11:08:43.596603,0 days 00:00:00.480903,0.45,0.7,2,0.05,0.02,0.6,0.08,6,0.5,20,0.8,-0.39108387647623727,-0.030830266507629607,0.2538171717650998,0.36025360996860767,,COMPLETE
217,-0.5715107846558711,2026-05-12 11:08:43.624818,2026-05-12 11:08:47.994275,0 days 00:00:04.369457,0.45,0.7,2,0.05,0.02,0.6,0.08,3,0.5,20,0.5,,,,,,PRUNED
218,-0.4153515435978797,2026-05-12 11:08:48.018010,2026-05-12 11:08:53.430815,0 days 00:00:05.412805,0.45,0.7,2,0.05,0.02,0.6,0.08,5,0.5,5,0.8,,,,,,PRUNED
219,-0.4296411080598753,2026-05-12 11:08:53.455530,2026-05-12 11:08:58.417127,0 days 00:00:04.961597,0.45,0.7,2,0.05,0.02,0.6,0.16,6,0.5,20,0.8,,,,,,PRUNED
220,-0.5179924623587872,2026-05-12 11:08:58.441837,2026-05-12 11:09:07.066766,0 days 00:00:08.624929,0.45,0.7,2,0.05,0.01,0.6,0.08,6,0.5,20,0.8,-0.39108387647623727,-0.030830266507629607,0.2538171717650998,0.36025360996860767,,COMPLETE
221,-0.5179924623587872,2026-05-12 11:09:07.089790,2026-05-12 11:09:07.595667,0 days 00:00:00.505877,0.45,0.7,2,0.05,0.02,0.6,0.08,6,0.5,20,0.8,-0.39108387647623727,-0.030830266507629607,0.2538171717650998,0.36025360996860767,,COMPLETE
222,-0.41425741193738236,2026-05-12 11:09:07.618524,2026-05-12 11:09:13.288845,0 days 00:00:05.670321,0.45,0.7,2,0.05,0.02,0.6,0.08,6,0.5,5,0.8,,,,,,PRUNED
223,-0.43333909441165963,2026-05-12 11:09:13.313531,2026-05-12 11:09:17.296170,0 days 00:00:03.982639,0.35,0.7,2,0.05,0.02,0.6,0.08,6,0.5,20,0.8,,,,,,PRUNED
224,-0.42056632138184724,2026-05-12 11:09:17.319248,2026-05-12 11:09:22.422395,0 days 00:00:05.103147,0.45,0.8,2,0.05,0.02,0.6,0.08,6,0.5,20,0.8,,,,,,PRUNED
225,-0.4100386278766106,2026-05-12 11:09:22.444516,2026-05-12 11:09:27.245181,0 days 00:00:04.800665,0.45,0.7,2,0.05,0.02,0.3,0.08,6,0.5,20,0.8,,,,,,PRUNED
226,-0.4453372005663059,2026-05-12 11:09:27.268754,2026-05-12 11:09:31.878524,0 days 00:00:04.609770,0.45,0.7,2,0.03,0.02,0.6,0.08,5,0.5,20,0.8,,,,,,PRUNED
227,-0.5715107846558711,2026-05-12 11:09:31.907924,2026-05-12 11:09:35.188985,0 days 00:00:03.281061,0.45,0.7,2,0.05,0.02,0.6,0.08,3,0.5,20,0.8,,,,,,PRUNED
228,-0.4318124553734489,2026-05-12 11:09:35.211078,2026-05-12 11:09:40.794216,0 days 00:00:05.583138,0.45,0.7,2,0.03,0.02,0.6,0.08,6,0.5,20,0.8,,,,,,PRUNED
229,-0.4194511448045569,2026-05-12 11:09:40.817091,2026-05-12 11:09:45.681480,0 days 00:00:04.864389,0.45,0.7,2,0.05,0.02,0.6,0.12,6,0.5,20,0.8,,,,,,PRUNED
230,-9999.0,2026-05-12 11:09:45.703884,2026-05-12 11:09:45.989606,0 days 00:00:00.285722,0.45,0.7,2,0.05,0.02,0.6,0.08,6,0.7,20,0.8,,,,,BEAR_RATIO < NEUTRAL_RATIO < BULL_RATIO 约束违反: 0.45 / 0.7 / 0.7,COMPLETE
231,-0.5179924623587872,2026-05-12 11:09:46.013181,2026-05-12 11:09:46.518467,0 days 00:00:00.505286,0.45,0.7,2,0.05,0.02,0.6,0.08,6,0.5,20,0.8,-0.39108387647623727,-0.030830266507629607,0.2538171717650998,0.36025360996860767,,COMPLETE
232,-0.5179924623587872,2026-05-12 11:09:46.542525,2026-05-12 11:09:47.067417,0 days 00:00:00.524892,0.45,0.7,2,0.05,0.01,0.6,0.08,6,0.5,20,0.8,-0.39108387647623727,-0.030830266507629607,0.2538171717650998,0.36025360996860767,,COMPLETE
233,-0.5179924623587872,2026-05-12 11:09:47.090882,2026-05-12 11:09:55.523489,0 days 00:00:08.432607,0.45,0.7,2,0.05,0.02,0.6,0.08,6,0.5,20,0.5,-0.39108387647623727,-0.030830266507629607,0.2538171717650998,0.36025360996860767,,COMPLETE
234,-0.5182406672588966,2026-05-12 11:09:55.545464,2026-05-12 11:10:03.922984,0 days 00:00:08.377520,0.45,0.7,2,0.05,0.02,0.45,0.08,6,0.5,20,0.8,-0.3910743597599139,-0.030648087966744914,0.25433261499796533,0.360426271793169,,COMPLETE
235,-0.5179924623587872,2026-05-12 11:10:03.946409,2026-05-12 11:10:04.418563,0 days 00:00:00.472154,0.45,0.7,2,0.05,0.02,0.6,0.08,6,0.5,20,0.8,-0.39108387647623727,-0.030830266507629607,0.2538171717650998,0.36025360996860767,,COMPLETE
236,-0.4242910183560481,2026-05-12 11:10:04.460446,2026-05-12 11:10:08.692790,0 days 00:00:04.232344,0.45,0.7,2,0.05,0.02,0.6,0.08,5,0.5,20,0.8,,,,,,PRUNED
237,-0.4106117209672115,2026-05-12 11:10:08.712763,2026-05-12 11:10:13.266560,0 days 00:00:04.553797,0.45,0.7,2,0.05,0.01,0.6,0.08,5,0.5,10,0.8,,,,,,PRUNED
238,-0.410125315542252,2026-05-12 11:10:13.289922,2026-05-12 11:10:17.949302,0 days 00:00:04.659380,0.45,0.7,4,0.05,0.02,0.6,0.08,6,0.5,20,0.8,,,,,,PRUNED
239,-0.41425741193738236,2026-05-12 11:10:17.990513,2026-05-12 11:10:23.531758,0 days 00:00:05.541245,0.45,0.7,2,0.05,0.01,0.6,0.08,6,0.5,5,0.8,,,,,,PRUNED
240,-0.4213231947291116,2026-05-12 11:10:23.555079,2026-05-12 11:10:27.386783,0 days 00:00:03.831704,0.45,0.7,2,0.05,0.01,0.6,0.08,4,0.5,20,0.8,,,,,,PRUNED
241,-0.4403466834437159,2026-05-12 11:10:27.408904,2026-05-12 11:10:32.618965,0 days 00:00:05.210061,0.45,0.7,2,0.05,0.02,0.45,0.08,5,0.6,20,0.8,,,,,,PRUNED
242,-0.5179924623587872,2026-05-12 11:10:31.821011,2026-05-12 11:10:40.135066,0 days 00:00:08.314055,0.45,0.7,2,0.05,0.02,0.6,0.08,6,0.5,20,0.65,-0.39108387647623727,-0.030830266507629607,0.2538171717650998,0.36025360996860767,,COMPLETE
243,-0.5179924623587872,2026-05-12 11:10:40.157410,2026-05-12 11:10:40.634567,0 days 00:00:00.477157,0.45,0.7,2,0.05,0.02,0.6,0.08,6,0.5,20,0.8,-0.39108387647623727,-0.030830266507629607,0.2538171717650998,0.36025360996860767,,COMPLETE
244,-0.5179924623587872,2026-05-12 11:10:40.658387,2026-05-12 11:10:41.188261,0 days 00:00:00.529874,0.45,0.7,2,0.05,0.02,0.6,0.08,6,0.5,20,0.8,-0.39108387647623727,-0.030830266507629607,0.2538171717650998,0.36025360996860767,,COMPLETE
245,-0.44222659773842976,2026-05-12 11:10:41.211286,2026-05-12 11:10:45.927577,0 days 00:00:04.716291,0.45,0.8,2,0.05,0.01,0.6,0.16,6,0.5,20,0.8,,,,,,PRUNED
246,-0.5179924623587872,2026-05-12 11:10:45.949488,2026-05-12 11:10:46.411300,0 days 00:00:00.461812,0.45,0.7,2,0.05,0.02,0.6,0.08,6,0.5,20,0.8,-0.39108387647623727,-0.030830266507629607,0.2538171717650998,0.36025360996860767,,COMPLETE
247,-0.48883801249294623,2026-05-12 11:10:46.434041,2026-05-12 11:10:51.451435,0 days 00:00:05.017394,0.25,0.7,2,0.05,0.01,0.6,0.12,6,0.5,20,0.8,,,,,,PRUNED
248,-0.44541496708508066,2026-05-12 11:10:51.476178,2026-05-12 11:10:56.697462,0 days 00:00:05.221284,0.45,0.9,2,0.05,0.02,0.6,0.12,6,0.5,10,0.8,,,,,,PRUNED
249,-9999.0,2026-05-12 11:10:56.724179,2026-05-12 11:10:57.011991,0 days 00:00:00.287812,0.25,0.7,2,0.05,0.02,0.6,0.16,6,0.7,20,0.8,,,,,BEAR_RATIO < NEUTRAL_RATIO < BULL_RATIO 约束违反: 0.25 / 0.7 / 0.7,COMPLETE
250,-0.4313006510632476,2026-05-12 11:10:57.038563,2026-05-12 11:11:01.971734,0 days 00:00:04.933171,0.45,0.9,2,0.05,0.02,0.45,0.08,6,0.5,20,0.5,,,,,,PRUNED
251,-0.5179924623587872,2026-05-12 11:11:01.995175,2026-05-12 11:11:02.497683,0 days 00:00:00.502508,0.45,0.7,2,0.05,0.02,0.6,0.08,6,0.5,20,0.8,-0.39108387647623727,-0.030830266507629607,0.2538171717650998,0.36025360996860767,,COMPLETE
252,-0.4787721702235628,2026-05-12 11:11:02.520029,2026-05-12 11:11:07.202976,0 days 00:00:04.682947,0.45,0.7,2,0.03,0.02,0.3,0.16,6,0.5,20,0.8,,,,,,PRUNED
253,-0.43333909441165963,2026-05-12 11:11:07.227912,2026-05-12 11:11:11.837881,0 days 00:00:04.609969,0.35,0.7,2,0.05,0.01,0.6,0.08,6,0.5,20,0.8,,,,,,PRUNED
254,-0.5179924623587872,2026-05-12 11:11:11.878282,2026-05-12 11:11:12.435474,0 days 00:00:00.557192,0.45,0.7,2,0.05,0.02,0.6,0.08,6,0.5,20,0.8,-0.39108387647623727,-0.030830266507629607,0.2538171717650998,0.36025360996860767,,COMPLETE
255,-0.4338764564691239,2026-05-12 11:11:12.461925,2026-05-12 11:11:17.165404,0 days 00:00:04.703479,0.45,0.9,2,0.05,0.02,0.3,0.08,6,0.5,20,0.8,,,,,,PRUNED
256,-0.5179924623587872,2026-05-12 11:11:17.187423,2026-05-12 11:11:17.673146,0 days 00:00:00.485723,0.45,0.7,2,0.05,0.02,0.6,0.08,6,0.5,20,0.8,-0.39108387647623727,-0.030830266507629607,0.2538171717650998,0.36025360996860767,,COMPLETE
257,-0.5715107846558711,2026-05-12 11:11:17.709697,2026-05-12 11:11:20.631489,0 days 00:00:02.921792,0.45,0.7,2,0.05,0.01,0.6,0.08,3,0.5,20,0.8,,,,,,PRUNED
258,-0.43223096142417294,2026-05-12 11:11:20.670321,2026-05-12 11:11:25.335249,0 days 00:00:04.664928,0.45,0.9,2,0.05,0.01,0.6,0.08,6,0.5,20,0.8,,,,,,PRUNED
259,-0.4278019617453936,2026-05-12 11:11:25.360052,2026-05-12 11:11:29.771523,0 days 00:00:04.411471,0.45,0.7,2,0.05,0.02,0.6,0.08,4,0.5,10,0.8,,,,,,PRUNED
260,-0.5179924623587872,2026-05-12 11:11:29.795774,2026-05-12 11:11:30.369691,0 days 00:00:00.573917,0.45,0.7,2,0.05,0.02,0.6,0.08,6,0.5,20,0.8,-0.39108387647623727,-0.030830266507629607,0.2538171717650998,0.36025360996860767,,COMPLETE
261,-0.43080537961669585,2026-05-12 11:11:30.394818,2026-05-12 11:11:35.823986,0 days 00:00:05.429168,0.45,0.7,2,0.05,0.02,0.6,0.16,6,0.5,10,0.8,,,,,,PRUNED
262,-0.4873613934071964,2026-05-12 11:11:35.847386,2026-05-12 11:11:40.864186,0 days 00:00:05.016800,0.25,0.7,4,0.05,0.02,0.6,0.08,6,0.6,20,0.8,,,,,,PRUNED
263,-0.42290957988043265,2026-05-12 11:11:40.905505,2026-05-12 11:11:46.076409,0 days 00:00:05.170904,0.45,0.7,2,0.05,0.02,0.6,0.08,6,0.6,10,0.8,,,,,,PRUNED
264,-0.42357363260304626,2026-05-12 11:11:46.104507,2026-05-12 11:11:49.728968,0 days 00:00:03.624461,0.45,0.7,2,0.05,0.02,0.6,0.08,6,0.6,20,0.5,,,,,,PRUNED
265,-0.48257029713894073,2026-05-12 11:11:49.753691,2026-05-12 11:11:54.155529,0 days 00:00:04.401838,0.25,0.7,2,0.05,0.02,0.6,0.08,5,0.5,20,0.65,,,,,,PRUNED
266,-0.42795376063587454,2026-05-12 11:11:54.177787,2026-05-12 11:11:58.800704,0 days 00:00:04.622917,0.45,0.7,2,0.05,0.02,0.45,0.16,6,0.5,20,0.5,,,,,,PRUNED
267,-0.5179924623587872,2026-05-12 11:11:58.827283,2026-05-12 11:11:59.299031,0 days 00:00:00.471748,0.45,0.7,2,0.05,0.02,0.6,0.08,6,0.5,20,0.8,-0.39108387647623727,-0.030830266507629607,0.2538171717650998,0.36025360996860767,,COMPLETE
268,-0.432980707092909,2026-05-12 11:11:59.325798,2026-05-12 11:12:04.053571,0 days 00:00:04.727773,0.45,0.7,2,0.05,0.02,0.6,0.12,5,0.5,20,0.8,,,,,,PRUNED
269,-0.5179924623587872,2026-05-12 11:12:04.078341,2026-05-12 11:12:04.582825,0 days 00:00:00.504484,0.45,0.7,2,0.05,0.02,0.6,0.08,6,0.5,20,0.8,-0.39108387647623727,-0.030830266507629607,0.2538171717650998,0.36025360996860767,,COMPLETE
270,-0.5179924623587872,2026-05-12 11:12:04.606374,2026-05-12 11:12:05.141560,0 days 00:00:00.535186,0.45,0.7,2,0.05,0.02,0.6,0.08,6,0.5,20,0.8,-0.39108387647623727,-0.030830266507629607,0.2538171717650998,0.36025360996860767,,COMPLETE
271,-0.45025880891973635,2026-05-12 11:12:05.165491,2026-05-12 11:12:12.004588,0 days 00:00:06.839097,0.45,0.8,2,0.05,0.02,0.6,0.16,6,0.5,5,0.8,,,,,,PRUNED
272,-0.4578296361284331,2026-05-12 11:12:12.029312,2026-05-12 11:12:16.902278,0 days 00:00:04.872966,0.35,0.7,2,0.03,0.02,0.6,0.08,6,0.5,20,0.8,,,,,,PRUNED
273,-0.43517185891140797,2026-05-12 11:12:16.923743,2026-05-12 11:12:20.892773,0 days 00:00:03.969030,0.45,0.9,2,0.05,0.02,0.6,0.08,6,0.5,10,0.8,,,,,,PRUNED
274,-0.43588147116932807,2026-05-12 11:12:20.914703,2026-05-12 11:12:24.815737,0 days 00:00:03.901034,0.45,0.7,2,0.05,0.02,0.6,0.16,4,0.5,20,0.8,,,,,,PRUNED
275,-0.4481101710792979,2026-05-12 11:12:24.837963,2026-05-12 11:12:29.324942,0 days 00:00:04.486979,0.35,0.7,2,0.05,0.02,0.6,0.08,5,0.5,20,0.8,,,,,,PRUNED
276,-0.4392374219430675,2026-05-12 11:12:29.348283,2026-05-12 11:12:33.327475,0 days 00:00:03.979192,0.45,0.9,2,0.05,0.02,0.6,0.08,4,0.5,20,0.8,,,,,,PRUNED
277,-0.4318124553734489,2026-05-12 11:12:33.346512,2026-05-12 11:12:38.185522,0 days 00:00:04.839010,0.45,0.7,2,0.03,0.01,0.6,0.08,6,0.5,20,0.8,,,,,,PRUNED
278,-0.42056632138184724,2026-05-12 11:12:38.208900,2026-05-12 11:12:43.047648,0 days 00:00:04.838748,0.45,0.8,2,0.05,0.01,0.6,0.08,6,0.5,20,0.8,,,,,,PRUNED
279,-0.49385874671956154,2026-05-12 11:12:43.070825,2026-05-12 11:12:48.786794,0 days 00:00:05.715969,0.25,0.7,2,0.05,0.02,0.6,0.08,6,0.5,5,0.8,,,,,,PRUNED
280,-0.4194511448045569,2026-05-12 11:12:48.809953,2026-05-12 11:12:52.603785,0 days 00:00:03.793832,0.45,0.7,2,0.05,0.01,0.6,0.12,6,0.5,20,0.8,,,,,,PRUNED
281,-0.4194511448045569,2026-05-12 11:12:52.629453,2026-05-12 11:12:58.173165,0 days 00:00:05.543712,0.45,0.7,2,0.05,0.02,0.6,0.12,6,0.5,20,0.5,,,,,,PRUNED
282,-0.4544919476022754,2026-05-12 11:12:58.198562,2026-05-12 11:13:03.064244,0 days 00:00:04.865682,0.45,0.7,2,0.03,0.02,0.6,0.12,6,0.5,20,0.8,,,,,,PRUNED
283,-0.410125315542252,2026-05-12 11:13:03.088424,2026-05-12 11:13:07.970147,0 days 00:00:04.881723,0.45,0.7,4,0.05,0.01,0.6,0.08,6,0.5,20,0.8,,,,,,PRUNED
284,-0.43333909441165963,2026-05-12 11:13:07.994055,2026-05-12 11:13:12.861583,0 days 00:00:04.867528,0.35,0.7,2,0.05,0.02,0.6,0.08,6,0.5,20,0.65,,,,,,PRUNED
285,-0.4387147179881395,2026-05-12 11:13:12.884394,2026-05-12 11:13:18.579531,0 days 00:00:05.695137,0.45,0.7,2,0.03,0.02,0.6,0.08,6,0.5,5,0.8,,,,,,PRUNED
286,-0.42630634949312973,2026-05-12 11:13:18.603196,2026-05-12 11:13:23.313963,0 days 00:00:04.710767,0.45,0.7,2,0.05,0.02,0.6,0.12,6,0.5,5,0.8,,,,,,PRUNED
287,-0.48397165528127967,2026-05-12 11:13:23.339014,2026-05-12 11:13:28.084281,0 days 00:00:04.745267,0.25,0.7,2,0.05,0.02,0.6,0.08,6,0.6,20,0.8,,,,,,PRUNED
288,-0.4318124553734489,2026-05-12 11:13:28.110104,2026-05-12 11:13:32.931916,0 days 00:00:04.821812,0.45,0.7,2,0.03,0.02,0.6,0.08,6,0.5,20,0.5,,,,,,PRUNED
289,-0.44986038198872647,2026-05-12 11:13:32.953057,2026-05-12 11:13:37.539312,0 days 00:00:04.586255,0.45,0.9,4,0.05,0.02,0.6,0.08,5,0.5,20,0.8,,,,,,PRUNED
290,-0.4527203217292627,2026-05-12 11:13:37.565099,2026-05-12 11:13:41.901341,0 days 00:00:04.336242,0.35,0.7,2,0.05,0.02,0.6,0.08,3,0.5,5,0.8,,,,,,PRUNED
291,-0.5182406672588966,2026-05-12 11:13:41.925399,2026-05-12 11:13:51.223718,0 days 00:00:09.298319,0.45,0.7,2,0.05,0.01,0.45,0.08,6,0.5,20,0.8,-0.3910743597599139,-0.030648087966744914,0.25433261499796533,0.360426271793169,,COMPLETE
292,-0.5766915889648762,2026-05-12 11:13:51.266053,2026-05-12 11:13:54.695423,0 days 00:00:03.429370,0.45,0.7,2,0.05,0.02,0.6,0.12,3,0.5,20,0.8,,,,,,PRUNED
293,-9999.0,2026-05-12 11:13:54.717888,2026-05-12 11:13:54.958078,0 days 00:00:00.240190,0.45,0.7,4,0.05,0.02,0.6,0.08,6,0.7,5,0.8,,,,,BEAR_RATIO < NEUTRAL_RATIO < BULL_RATIO 约束违反: 0.45 / 0.7 / 0.7,COMPLETE
294,-0.43910035108642065,2026-05-12 11:13:54.982775,2026-05-12 11:13:58.736516,0 days 00:00:03.753741,0.45,0.8,4,0.05,0.02,0.6,0.08,6,0.6,20,0.8,,,,,,PRUNED
295,-0.4464754396709185,2026-05-12 11:13:58.754783,2026-05-12 11:14:03.543202,0 days 00:00:04.788419,0.45,0.9,2,0.05,0.02,0.6,0.08,6,0.6,20,0.8,,,,,,PRUNED
296,-0.41966843205749144,2026-05-12 11:14:03.568252,2026-05-12 11:14:08.370398,0 days 00:00:04.802146,0.45,0.8,2,0.05,0.02,0.45,0.08,6,0.5,20,0.8,,,,,,PRUNED
297,-0.4242910183560481,2026-05-12 11:14:08.393534,2026-05-12 11:14:13.056071,0 days 00:00:04.662537,0.45,0.7,2,0.05,0.01,0.6,0.08,5,0.5,20,0.8,,,,,,PRUNED
298,-0.5179924623587872,2026-05-12 11:14:13.082819,2026-05-12 11:14:13.550362,0 days 00:00:00.467543,0.45,0.7,2,0.05,0.02,0.6,0.08,6,0.5,20,0.8,-0.39108387647623727,-0.030830266507629607,0.2538171717650998,0.36025360996860767,,COMPLETE
299,-0.34500054996374174,2026-05-12 11:14:13.573585,2026-05-12 11:14:20.076339,0 days 00:00:06.502754,0.45,0.7,2,0.05,0.02,0.6,0.08,6,0.5,10,0.5,,,,,,PRUNED
300,-0.41145313209857104,2026-05-12 11:14:20.101524,2026-05-12 11:14:25.189523,0 days 00:00:05.087999,0.45,0.7,2,0.05,0.02,0.3,0.08,6,0.5,10,0.8,,,,,,PRUNED
301,-0.5179924623587872,2026-05-12 11:14:25.212448,2026-05-12 11:14:25.701816,0 days 00:00:00.489368,0.45,0.7,2,0.05,0.02,0.6,0.08,6,0.5,20,0.8,-0.39108387647623727,-0.030830266507629607,0.2538171717650998,0.36025360996860767,,COMPLETE
302,-0.42357363260304626,2026-05-12 11:14:25.724165,2026-05-12 11:14:26.023278,0 days 00:00:00.299113,0.45,0.7,2,0.05,0.02,0.6,0.08,6,0.6,20,0.8,,,,,,PRUNED
303,-0.4296411080598753,2026-05-12 11:14:26.045191,2026-05-12 11:14:29.808130,0 days 00:00:03.762939,0.45,0.7,2,0.05,0.01,0.6,0.16,6,0.5,20,0.8,,,,,,PRUNED
304,-0.434017431204229,2026-05-12 11:14:29.830668,2026-05-12 11:14:34.965772,0 days 00:00:05.135104,0.35,0.7,2,0.05,0.02,0.6,0.08,6,0.5,10,0.8,,,,,,PRUNED
305,-0.47441457244516044,2026-05-12 11:14:34.988847,2026-05-12 11:14:40.607195,0 days 00:00:05.618348,0.25,0.7,2,0.05,0.01,0.6,0.08,6,0.5,20,0.8,,,,,,PRUNED
306,-0.5179924623587872,2026-05-12 11:14:40.631910,2026-05-12 11:14:41.125112,0 days 00:00:00.493202,0.45,0.7,2,0.05,0.01,0.6,0.08,6,0.5,20,0.8,-0.39108387647623727,-0.030830266507629607,0.2538171717650998,0.36025360996860767,,COMPLETE
307,-0.5179924623587872,2026-05-12 11:14:41.147799,2026-05-12 11:14:49.852564,0 days 00:00:08.704765,0.45,0.7,2,0.05,0.01,0.6,0.08,6,0.5,20,0.65,-0.39108387647623727,-0.030830266507629607,0.2538171717650998,0.36025360996860767,,COMPLETE
308,-0.42357363260304626,2026-05-12 11:14:49.878795,2026-05-12 11:14:54.745795,0 days 00:00:04.867000,0.45,0.7,2,0.05,0.01,0.6,0.08,6,0.6,20,0.8,,,,,,PRUNED
309,-0.4460413013310782,2026-05-12 11:14:54.769332,2026-05-12 11:14:58.528972,0 days 00:00:03.759640,0.35,0.8,2,0.05,0.02,0.6,0.08,6,0.5,20,0.8,,,,,,PRUNED
310,-0.4242910183560481,2026-05-12 11:14:58.551073,2026-05-12 11:15:03.159618,0 days 00:00:04.608545,0.45,0.7,2,0.05,0.02,0.6,0.08,5,0.5,20,0.65,,,,,,PRUNED
311,-0.43223096142417294,2026-05-12 11:15:03.181682,2026-05-12 11:15:08.095624,0 days 00:00:04.913942,0.45,0.9,2,0.05,0.02,0.6,0.08,6,0.5,20,0.65,,,,,,PRUNED
312,-0.5739853679128459,2026-05-12 11:15:08.120989,2026-05-12 11:15:11.570866,0 days 00:00:03.449877,0.45,0.7,4,0.05,0.02,0.6,0.08,3,0.5,20,0.8,,,,,,PRUNED
313,-0.4569223683011577,2026-05-12 11:15:11.594958,2026-05-12 11:15:15.520287,0 days 00:00:03.925329,0.25,0.7,2,0.05,0.02,0.6,0.08,4,0.5,20,0.8,,,,,,PRUNED
314,-0.4242910183560481,2026-05-12 11:15:15.544306,2026-05-12 11:15:20.131447,0 days 00:00:04.587141,0.45,0.7,2,0.05,0.02,0.6,0.08,5,0.5,20,0.5,,,,,,PRUNED
315,-0.44786475625500555,2026-05-12 11:15:20.165688,2026-05-12 11:15:24.945545,0 days 00:00:04.779857,0.45,0.7,2,0.03,0.02,0.6,0.08,6,0.6,20,0.8,,,,,,PRUNED
316,-9999.0,2026-05-12 11:15:24.967235,2026-05-12 11:15:25.215277,0 days 00:00:00.248042,0.45,0.7,2,0.05,0.02,0.6,0.12,6,0.7,20,0.8,,,,,BEAR_RATIO < NEUTRAL_RATIO < BULL_RATIO 约束违反: 0.45 / 0.7 / 0.7,COMPLETE
317,-0.4228254687038583,2026-05-12 11:15:25.237657,2026-05-12 11:15:28.947169,0 days 00:00:03.709512,0.45,0.7,2,0.05,0.02,0.3,0.08,4,0.5,20,0.8,,,,,,PRUNED
318,-0.45456110486561263,2026-05-12 11:15:28.969002,2026-05-12 11:15:33.758770,0 days 00:00:04.789768,0.45,0.9,2,0.03,0.02,0.6,0.08,6,0.5,20,0.8,,,,,,PRUNED
319,-0.4660835109924683,2026-05-12 11:15:33.781116,2026-05-12 11:15:38.741601,0 days 00:00:04.960485,0.45,0.7,2,0.05,0.02,0.6,0.08,4,0.5,5,0.8,,,,,,PRUNED
320,-9999.0,2026-05-12 11:15:38.766521,2026-05-12 11:15:39.049787,0 days 00:00:00.283266,0.25,0.7,2,0.05,0.02,0.6,0.08,6,0.7,20,0.8,,,,,BEAR_RATIO < NEUTRAL_RATIO < BULL_RATIO 约束违反: 0.25 / 0.7 / 0.7,COMPLETE
321,-9999.0,2026-05-12 11:15:39.075917,2026-05-12 11:15:39.354613,0 days 00:00:00.278696,0.45,0.7,2,0.05,0.02,0.3,0.08,6,0.7,20,0.8,,,,,BEAR_RATIO < NEUTRAL_RATIO < BULL_RATIO 约束违反: 0.45 / 0.7 / 0.7,COMPLETE
322,-0.5179924623587872,2026-05-12 11:15:39.385232,2026-05-12 11:15:39.939567,0 days 00:00:00.554335,0.45,0.7,2,0.05,0.02,0.6,0.08,6,0.5,20,0.8,-0.39108387647623727,-0.030830266507629607,0.2538171717650998,0.36025360996860767,,COMPLETE
323,-0.4378742937405975,2026-05-12 11:15:39.963444,2026-05-12 11:15:44.826017,0 days 00:00:04.862573,0.35,0.7,2,0.05,0.02,0.3,0.08,6,0.5,20,0.8,,,,,,PRUNED
324,-0.43477835000817266,2026-05-12 11:15:44.853665,2026-05-12 11:15:49.718254,0 days 00:00:04.864589,0.45,0.7,4,0.05,0.02,0.6,0.16,6,0.5,20,0.8,,,,,,PRUNED
325,-0.34500054996374174,2026-05-12 11:15:49.741694,2026-05-12 11:15:56.261690,0 days 00:00:06.519996,0.45,0.7,2,0.05,0.02,0.6,0.08,6,0.5,10,0.65,,,,,,PRUNED
326,-0.5966298317509102,2026-05-12 11:15:56.285312,2026-05-12 11:15:59.675455,0 days 00:00:03.390143,0.25,0.7,2,0.05,0.02,0.6,0.08,3,0.5,20,0.8,,,,,,PRUNED
327,-0.4507958114649815,2026-05-12 11:15:59.697958,2026-05-12 11:16:03.439683,0 days 00:00:03.741725,0.45,0.8,2,0.05,0.02,0.6,0.08,6,0.7,20,0.8,,,,,,PRUNED
328,-0.4319439890559278,2026-05-12 11:16:03.460947,2026-05-12 11:16:08.243027,0 days 00:00:04.782080,0.45,0.8,2,0.05,0.02,0.6,0.12,6,0.5,20,0.8,,,,,,PRUNED
329,-0.44390442002332425,2026-05-12 11:16:08.266651,2026-05-12 11:16:13.166367,0 days 00:00:04.899716,0.45,0.8,2,0.03,0.02,0.6,0.08,6,0.5,20,0.8,,,,,,PRUNED
330,-0.49933218116375394,2026-05-12 11:16:13.188396,2026-05-12 11:16:18.773658,0 days 00:00:05.585262,0.25,0.7,2,0.05,0.02,0.6,0.16,6,0.5,20,0.8,,,,,,PRUNED
331,-0.5715107846558711,2026-05-12 11:16:18.799667,2026-05-12 11:16:22.283373,0 days 00:00:03.483706,0.45,0.7,2,0.05,0.02,0.45,0.08,3,0.5,20,0.8,,,,,,PRUNED
332,-0.4469510205952677,2026-05-12 11:16:22.305092,2026-05-12 11:16:26.805352,0 days 00:00:04.500260,0.45,0.9,2,0.05,0.02,0.6,0.08,5,0.5,20,0.8,,,,,,PRUNED
333,-0.4115748956289856,2026-05-12 11:16:26.829187,2026-05-12 11:16:30.966639,0 days 00:00:04.137452,0.45,0.7,4,0.05,0.02,0.6,0.08,6,0.5,10,0.8,,,,,,PRUNED
334,-0.4238698659937791,2026-05-12 11:16:30.989211,2026-05-12 11:16:35.605251,0 days 00:00:04.616040,0.45,0.7,2,0.05,0.02,0.45,0.08,5,0.5,20,0.8,,,,,,PRUNED
335,-9999.0,2026-05-12 11:16:35.647630,2026-05-12 11:16:35.909723,0 days 00:00:00.262093,0.35,0.7,2,0.03,0.02,0.3,0.08,6,0.7,5,0.5,,,,,BEAR_RATIO < NEUTRAL_RATIO < BULL_RATIO 约束违反: 0.35 / 0.7 / 0.7,COMPLETE
336,-0.42274706040872767,2026-05-12 11:16:35.932343,2026-05-12 11:16:40.929013,0 days 00:00:04.996670,0.45,0.7,2,0.05,0.02,0.3,0.12,6,0.5,20,0.8,,,,,,PRUNED
337,-9999.0,2026-05-12 11:16:40.949134,2026-05-12 11:16:41.184429,0 days 00:00:00.235295,0.45,0.7,2,0.05,0.02,0.6,0.08,6,0.7,5,0.8,,,,,BEAR_RATIO < NEUTRAL_RATIO < BULL_RATIO 约束违反: 0.45 / 0.7 / 0.7,COMPLETE
338,-0.43375982273222335,2026-05-12 11:16:41.208628,2026-05-12 11:16:45.293876,0 days 00:00:04.085248,0.45,0.7,2,0.05,0.02,0.6,0.08,4,0.6,20,0.8,,,,,,PRUNED
339,-0.5819638576325634,2026-05-12 11:16:45.317133,2026-05-12 11:16:48.704835,0 days 00:00:03.387702,0.35,0.7,2,0.05,0.02,0.6,0.08,3,0.5,20,0.8,,,,,,PRUNED
340,-0.41425741193738236,2026-05-12 11:16:48.727600,2026-05-12 11:16:54.557574,0 days 00:00:05.829974,0.45,0.7,2,0.05,0.02,0.6,0.08,6,0.5,5,0.65,,,,,,PRUNED
341,-0.48883801249294623,2026-05-12 11:16:54.582778,2026-05-12 11:16:59.349810,0 days 00:00:04.767032,0.25,0.7,2,0.05,0.02,0.6,0.12,6,0.5,20,0.8,,,,,,PRUNED
342,-0.4974073281927062,2026-05-12 11:16:59.374386,2026-05-12 11:17:03.196345,0 days 00:00:03.821959,0.25,0.7,2,0.03,0.02,0.6,0.08,6,0.5,20,0.8,,,,,,PRUNED
343,-0.42795376063587454,2026-05-12 11:17:03.220253,2026-05-12 11:17:08.825712,0 days 00:00:05.605459,0.45,0.7,2,0.05,0.02,0.45,0.16,6,0.5,20,0.8,,,,,,PRUNED
344,-0.34500054996374174,2026-05-12 11:17:08.869137,2026-05-12 11:17:15.337529,0 days 00:00:06.468392,0.45,0.7,2,0.05,0.01,0.6,0.08,6,0.5,10,0.8,,,,,,PRUNED
345,-0.4248849607391425,2026-05-12 11:17:15.369639,2026-05-12 11:17:20.088031,0 days 00:00:04.718392,0.45,0.7,2,0.05,0.02,0.3,0.08,5,0.5,20,0.8,,,,,,PRUNED
346,-0.43450855750432177,2026-05-12 11:17:20.110411,2026-05-12 11:17:24.962265,0 days 00:00:04.851854,0.45,0.9,4,0.05,0.02,0.6,0.08,6,0.5,20,0.8,,,,,,PRUNED
347,-0.42357363260304626,2026-05-12 11:17:24.998796,2026-05-12 11:17:29.830168,0 days 00:00:04.831372,0.45,0.7,2,0.05,0.02,0.6,0.08,6,0.6,20,0.65,,,,,,PRUNED
348,-0.4319040374717247,2026-05-12 11:17:29.853889,2026-05-12 11:17:35.650102,0 days 00:00:05.796213,0.45,0.8,4,0.05,0.02,0.6,0.08,6,0.5,5,0.5,,,,,,PRUNED
349,-0.47805881185671306,2026-05-12 11:17:35.675206,2026-05-12 11:17:40.411896,0 days 00:00:04.736690,0.25,0.7,2,0.05,0.02,0.3,0.08,6,0.5,20,0.8,,,,,,PRUNED
350,-0.5179924623587872,2026-05-12 11:17:40.436993,2026-05-12 11:17:40.927130,0 days 00:00:00.490137,0.45,0.7,2,0.05,0.02,0.6,0.08,6,0.5,20,0.8,-0.39108387647623727,-0.030830266507629607,0.2538171717650998,0.36025360996860767,,COMPLETE
351,-0.5179924623587872,2026-05-12 11:17:40.950087,2026-05-12 11:17:41.370465,0 days 00:00:00.420378,0.45,0.7,2,0.05,0.02,0.6,0.08,6,0.5,20,0.8,-0.39108387647623727,-0.030830266507629607,0.2538171717650998,0.36025360996860767,,COMPLETE
352,-0.45828045941973783,2026-05-12 11:17:41.390721,2026-05-12 11:17:46.125681,0 days 00:00:04.734960,0.35,0.7,2,0.05,0.02,0.6,0.16,6,0.5,20,0.8,,,,,,PRUNED
353,-0.47314162288156875,2026-05-12 11:17:46.149339,2026-05-12 11:17:48.664947,0 days 00:00:02.515608,0.45,0.7,2,0.03,0.01,0.3,0.12,4,0.6,20,0.5,,,,,,PRUNED
354,-0.4408085471343632,2026-05-12 11:17:48.688922,2026-05-12 11:17:53.185238,0 days 00:00:04.496316,0.45,0.7,2,0.05,0.02,0.6,0.08,5,0.6,20,0.8,,,,,,PRUNED
355,-0.5179924623587872,2026-05-12 11:17:53.210582,2026-05-12 11:17:53.718617,0 days 00:00:00.508035,0.45,0.7,2,0.05,0.02,0.6,0.08,6,0.5,20,0.8,-0.39108387647623727,-0.030830266507629607,0.2538171717650998,0.36025360996860767,,COMPLETE
356,-0.4663020634000308,2026-05-12 11:17:53.739848,2026-05-12 11:17:58.957918,0 days 00:00:05.218070,0.25,0.7,3,0.05,0.02,0.45,0.08,4,0.5,10,0.5,,,,,,PRUNED
357,-0.4836800018066013,2026-05-12 11:17:58.981631,2026-05-12 11:18:03.988026,0 days 00:00:05.006395,0.35,0.9,2,0.05,0.01,0.45,0.08,6,0.7,20,0.5,,,,,,PRUNED
358,-0.5179924623587872,2026-05-12 11:18:04.013372,2026-05-12 11:18:04.512219,0 days 00:00:00.498847,0.45,0.7,2,0.05,0.02,0.6,0.08,6,0.5,20,0.8,-0.39108387647623727,-0.030830266507629607,0.2538171717650998,0.36025360996860767,,COMPLETE
359,-0.5179924623587872,2026-05-12 11:18:04.536923,2026-05-12 11:18:05.027585,0 days 00:00:00.490662,0.45,0.7,2,0.05,0.02,0.6,0.08,6,0.5,20,0.8,-0.39108387647623727,-0.030830266507629607,0.2538171717650998,0.36025360996860767,,COMPLETE
360,-9999.0,2026-05-12 11:18:05.052980,2026-05-12 11:18:05.314488,0 days 00:00:00.261508,0.45,0.7,2,0.05,0.02,0.6,0.16,6,0.7,20,0.8,,,,,BEAR_RATIO < NEUTRAL_RATIO < BULL_RATIO 约束违反: 0.45 / 0.7 / 0.7,COMPLETE
361,-0.4738221018429511,2026-05-12 11:18:05.339542,2026-05-12 11:18:10.016621,0 days 00:00:04.677079,0.25,0.7,2,0.05,0.02,0.45,0.08,6,0.5,20,0.8,,,,,,PRUNED
362,-0.5053739428556437,2026-05-12 11:18:10.039271,2026-05-12 11:18:15.917930,0 days 00:00:05.878659,0.45,0.9,4,0.05,0.02,0.6,0.16,6,0.7,5,0.65,,,,,,PRUNED
363,-0.4100386278766106,2026-05-12 11:18:15.942969,2026-05-12 11:18:20.747302,0 days 00:00:04.804333,0.45,0.7,2,0.05,0.01,0.3,0.08,6,0.5,20,0.8,,,,,,PRUNED
364,-0.4213231947291116,2026-05-12 11:18:20.769340,2026-05-12 11:18:19.971788,-1 days +23:59:59.202448,0.45,0.7,2,0.05,0.02,0.6,0.08,4,0.5,20,0.8,,,,,,PRUNED
365,-0.4577059413734039,2026-05-12 11:18:19.997088,2026-05-12 11:18:24.831849,0 days 00:00:04.834761,0.35,0.9,2,0.05,0.02,0.6,0.08,6,0.5,20,0.8,,,,,,PRUNED
366,-0.579255552145076,2026-05-12 11:18:24.853257,2026-05-12 11:18:28.534666,0 days 00:00:03.681409,0.25,0.9,4,0.03,0.02,0.3,0.08,3,0.6,10,0.65,,,,,,PRUNED
367,-0.4962680054023346,2026-05-12 11:18:28.559698,2026-05-12 11:18:33.775341,0 days 00:00:05.215643,0.45,0.8,3,0.03,0.02,0.45,0.12,6,0.7,10,0.8,,,,,,PRUNED
368,-0.5179924623587872,2026-05-12 11:18:33.798728,2026-05-12 11:18:34.245863,0 days 00:00:00.447135,0.45,0.7,2,0.05,0.02,0.6,0.08,6,0.5,20,0.8,-0.39108387647623727,-0.030830266507629607,0.2538171717650998,0.36025360996860767,,COMPLETE
369,-0.5825139853896287,2026-05-12 11:18:34.268091,2026-05-12 11:18:37.752134,0 days 00:00:03.484043,0.45,0.7,2,0.03,0.02,0.6,0.08,3,0.5,20,0.8,,,,,,PRUNED
370,-0.42328876156084305,2026-05-12 11:18:37.776614,2026-05-12 11:18:42.010873,0 days 00:00:04.234259,0.45,0.7,2,0.05,0.02,0.6,0.08,3,0.5,5,0.8,,,,,,PRUNED
371,-0.5800800945924067,2026-05-12 11:18:42.032202,2026-05-12 11:18:45.474495,0 days 00:00:03.442293,0.45,0.7,2,0.05,0.02,0.6,0.16,3,0.5,20,0.8,,,,,,PRUNED
372,-0.46981253898788367,2026-05-12 11:18:45.498923,2026-05-12 11:18:49.760552,0 days 00:00:04.261629,0.45,0.8,3,0.03,0.02,0.3,0.08,4,0.6,10,0.65,,,,,,PRUNED
373,-0.450280016182787,2026-05-12 11:18:49.784734,2026-05-12 11:18:54.393846,0 days 00:00:04.609112,0.35,0.7,2,0.05,0.02,0.6,0.08,6,0.6,20,0.8,,,,,,PRUNED
374,-0.44172615219409717,2026-05-12 11:18:54.418564,2026-05-12 11:18:59.246676,0 days 00:00:04.828112,0.45,0.9,2,0.05,0.02,0.45,0.12,6,0.5,20,0.8,,,,,,PRUNED
375,-0.42293370088728216,2026-05-12 11:18:59.272784,2026-05-12 11:19:04.511163,0 days 00:00:05.238379,0.45,0.8,4,0.05,0.02,0.6,0.08,6,0.5,20,0.8,,,,,,PRUNED
376,-0.4287355409983588,2026-05-12 11:19:04.534703,2026-05-12 11:19:10.307023,0 days 00:00:05.772320,0.45,0.8,2,0.05,0.02,0.6,0.08,6,0.5,5,0.8,,,,,,PRUNED
377,-0.5610853071510992,2026-05-12 11:19:10.330714,2026-05-12 11:19:15.319444,0 days 00:00:04.988730,0.25,0.8,4,0.03,0.02,0.45,0.08,4,0.6,5,0.5,,,,,,PRUNED
378,-0.4630964224855756,2026-05-12 11:19:15.344805,2026-05-12 11:19:20.183198,0 days 00:00:04.838393,0.45,0.9,3,0.05,0.02,0.6,0.08,6,0.7,20,0.8,,,,,,PRUNED
379,-0.5445693112072015,2026-05-12 11:19:20.206893,2026-05-12 11:19:23.213541,0 days 00:00:03.006648,0.25,0.7,3,0.03,0.01,0.3,0.16,3,0.6,5,0.5,,,,,,PRUNED
380,-0.586116411632514,2026-05-12 11:19:23.235793,2026-05-12 11:19:26.530540,0 days 00:00:03.294747,0.35,0.7,4,0.05,0.01,0.3,0.08,3,0.5,20,0.8,,,,,,PRUNED
381,-0.4414523581792496,2026-05-12 11:19:26.552974,2026-05-12 11:19:32.269423,0 days 00:00:05.716449,0.45,0.9,2,0.05,0.02,0.6,0.08,6,0.5,5,0.8,,,,,,PRUNED
382,-9999.0,2026-05-12 11:19:32.293361,2026-05-12 11:19:32.547899,0 days 00:00:00.254538,0.35,0.7,2,0.05,0.02,0.6,0.08,6,0.7,20,0.8,,,,,BEAR_RATIO < NEUTRAL_RATIO < BULL_RATIO 约束违反: 0.35 / 0.7 / 0.7,COMPLETE
383,-0.516944908247554,2026-05-12 11:19:32.570548,2026-05-12 11:19:36.872028,0 days 00:00:04.301480,0.45,0.8,4,0.03,0.01,0.3,0.16,3,0.7,5,0.5,,,,,,PRUNED
384,-0.43644494572696835,2026-05-12 11:19:36.897264,2026-05-12 11:19:42.789002,0 days 00:00:05.891738,0.45,0.7,2,0.05,0.02,0.6,0.16,6,0.5,5,0.8,,,,,,PRUNED
385,-0.5179924623587872,2026-05-12 11:19:42.814195,2026-05-12 11:19:43.318603,0 days 00:00:00.504408,0.45,0.7,2,0.05,0.02,0.6,0.08,6,0.5,20,0.8,-0.39108387647623727,-0.030830266507629607,0.2538171717650998,0.36025360996860767,,COMPLETE
386,-0.46608888789259295,2026-05-12 11:19:43.344197,2026-05-12 11:19:49.005174,0 days 00:00:05.660977,0.45,0.8,2,0.03,0.01,0.6,0.12,6,0.5,20,0.8,,,,,,PRUNED
387,-0.5792061418857395,2026-05-12 11:19:49.028353,2026-05-12 11:19:52.415905,0 days 00:00:03.387552,0.45,0.8,2,0.05,0.02,0.6,0.08,3,0.5,20,0.8,,,,,,PRUNED
388,-0.43573028946402204,2026-05-12 11:19:52.441124,2026-05-12 11:19:56.218539,0 days 00:00:03.777415,0.45,0.7,2,0.05,0.02,0.6,0.12,6,0.6,20,0.8,,,,,,PRUNED
389,-9999.0,2026-05-12 11:19:56.243747,2026-05-12 11:19:56.517088,0 days 00:00:00.273341,0.45,0.7,2,0.05,0.02,0.6,0.08,5,0.7,20,0.8,,,,,BEAR_RATIO < NEUTRAL_RATIO < BULL_RATIO 约束违反: 0.45 / 0.7 / 0.7,COMPLETE
390,-0.47441457244516044,2026-05-12 11:19:56.539593,2026-05-12 11:19:56.839532,0 days 00:00:00.299939,0.25,0.7,2,0.05,0.02,0.6,0.08,6,0.5,20,0.8,,,,,,PRUNED
391,-0.42056632138184724,2026-05-12 11:19:56.861468,2026-05-12 11:20:01.735357,0 days 00:00:04.873889,0.45,0.8,2,0.05,0.02,0.6,0.08,6,0.5,20,0.65,,,,,,PRUNED
392,-0.46411073813360626,2026-05-12 11:20:01.757532,2026-05-12 11:20:07.486082,0 days 00:00:05.728550,0.45,0.9,3,0.05,0.02,0.3,0.08,5,0.6,5,0.5,,,,,,PRUNED
393,-0.4107809201109101,2026-05-12 11:20:07.509633,2026-05-12 11:20:12.354214,0 days 00:00:04.844581,0.45,0.7,3,0.05,0.02,0.3,0.08,6,0.5,20,0.8,,,,,,PRUNED
394,-0.4170964359595015,2026-05-12 11:20:12.379510,2026-05-12 11:20:18.272312,0 days 00:00:05.892802,0.45,0.7,4,0.05,0.02,0.6,0.08,6,0.5,5,0.8,,,,,,PRUNED
395,-0.44328603688297663,2026-05-12 11:20:18.295462,2026-05-12 11:20:23.315557,0 days 00:00:05.020095,0.45,0.9,2,0.05,0.02,0.6,0.12,6,0.5,20,0.8,,,,,,PRUNED
396,-0.434307923993398,2026-05-12 11:20:23.338518,2026-05-12 11:20:26.953319,0 days 00:00:03.614801,0.45,0.7,2,0.05,0.02,0.3,0.16,6,0.5,20,0.8,,,,,,PRUNED
397,-9999.0,2026-05-12 11:20:26.975091,2026-05-12 11:20:27.223288,0 days 00:00:00.248197,0.45,0.7,2,0.03,0.02,0.6,0.08,6,0.7,20,0.8,,,,,BEAR_RATIO < NEUTRAL_RATIO < BULL_RATIO 约束违反: 0.45 / 0.7 / 0.7,COMPLETE
398,-0.4092137988646166,2026-05-12 11:20:27.248617,2026-05-12 11:20:27.561841,0 days 00:00:00.313224,0.45,0.7,2,0.05,0.02,0.6,0.08,6,0.5,10,0.8,,,,,,PRUNED
399,-9999.0,2026-05-12 11:20:27.587362,2026-05-12 11:20:27.868570,0 days 00:00:00.281208,0.45,0.7,2,0.05,0.02,0.6,0.08,6,0.7,20,0.5,,,,,BEAR_RATIO < NEUTRAL_RATIO < BULL_RATIO 约束违反: 0.45 / 0.7 / 0.7,COMPLETE
400,-0.4945412639320097,2026-05-12 11:20:27.894693,2026-05-12 11:20:31.879076,0 days 00:00:03.984383,0.25,0.8,2,0.03,0.01,0.3,0.08,4,0.7,20,0.8,,,,,,PRUNED
401,-0.4467619369398962,2026-05-12 11:20:31.902951,2026-05-12 11:20:37.559563,0 days 00:00:05.656612,0.45,0.7,2,0.05,0.02,0.6,0.16,6,0.6,20,0.8,,,,,,PRUNED
402,-0.4271696217311971,2026-05-12 11:20:37.584381,2026-05-12 11:20:42.164213,0 days 00:00:04.579832,0.45,0.7,4,0.05,0.02,0.6,0.08,5,0.5,20,0.8,,,,,,PRUNED
403,-0.5436746856649866,2026-05-12 11:20:42.188043,2026-05-12 11:20:45.856332,0 days 00:00:03.668289,0.45,0.7,4,0.05,0.02,0.45,0.16,3,0.6,10,0.8,,,,,,PRUNED
404,-0.4309812888470534,2026-05-12 11:20:45.879922,2026-05-12 11:20:49.875090,0 days 00:00:03.995168,0.45,0.8,2,0.05,0.02,0.6,0.08,4,0.5,20,0.8,,,,,,PRUNED
405,-0.5242127509282859,2026-05-12 11:20:49.893840,2026-05-12 11:20:54.610371,0 days 00:00:04.716531,0.35,0.8,3,0.03,0.02,0.45,0.12,5,0.7,20,0.65,,,,,,PRUNED
406,-0.42756359809491007,2026-05-12 11:20:54.633250,2026-05-12 11:20:59.466903,0 days 00:00:04.833653,0.45,0.7,2,0.05,0.02,0.3,0.08,6,0.6,20,0.8,,,,,,PRUNED
407,-0.42056632138184724,2026-05-12 11:20:59.492193,2026-05-12 11:21:04.364044,0 days 00:00:04.871851,0.45,0.8,2,0.05,0.02,0.6,0.08,6,0.5,20,0.5,,,,,,PRUNED
408,-0.4293044368137132,2026-05-12 11:21:04.386241,2026-05-12 11:21:08.359539,0 days 00:00:03.973298,0.45,0.7,2,0.05,0.02,0.6,0.12,4,0.5,20,0.8,,,,,,PRUNED
409,-0.5636918199279275,2026-05-12 11:21:08.382716,2026-05-12 11:21:12.087417,0 days 00:00:03.704701,0.25,0.7,4,0.03,0.01,0.45,0.08,3,0.6,10,0.8,,,,,,PRUNED
410,-0.5303786976481801,2026-05-12 11:21:12.111548,2026-05-12 11:21:17.864230,0 days 00:00:05.752682,0.25,0.7,4,0.05,0.02,0.3,0.16,6,0.5,5,0.5,,,,,,PRUNED
411,-0.41425741193738236,2026-05-12 11:21:17.885555,2026-05-12 11:21:23.730669,0 days 00:00:05.845114,0.45,0.7,2,0.05,0.02,0.6,0.08,6,0.5,5,0.5,,,,,,PRUNED
412,-0.4742836939261093,2026-05-12 11:21:23.755619,2026-05-12 11:21:28.917727,0 days 00:00:05.162108,0.25,0.7,2,0.05,0.02,0.6,0.08,6,0.5,10,0.8,,,,,,PRUNED
413,-0.5179924623587872,2026-05-12 11:21:28.946059,2026-05-12 11:21:29.493332,0 days 00:00:00.547273,0.45,0.7,2,0.05,0.02,0.6,0.08,6,0.5,20,0.8,-0.39108387647623727,-0.030830266507629607,0.2538171717650998,0.36025360996860767,,COMPLETE
414,-0.5258088977710795,2026-05-12 11:21:29.517746,2026-05-12 11:21:33.834527,0 days 00:00:04.316781,0.35,0.9,4,0.05,0.02,0.3,0.16,6,0.6,5,0.8,,,,,,PRUNED
415,-0.4739287746776689,2026-05-12 11:21:33.859780,2026-05-12 11:21:39.367902,0 days 00:00:05.508122,0.35,0.9,3,0.05,0.01,0.6,0.08,5,0.5,5,0.65,,,,,,PRUNED
416,-0.5182991595024287,2026-05-12 11:21:39.392857,2026-05-12 11:21:45.142711,0 days 00:00:05.749854,0.35,0.8,3,0.05,0.01,0.45,0.16,6,0.7,5,0.8,,,,,,PRUNED
417,-0.5179924623587872,2026-05-12 11:21:45.162966,2026-05-12 11:21:53.761128,0 days 00:00:08.598162,0.45,0.7,2,0.05,0.01,0.6,0.08,6,0.5,20,0.5,-0.39108387647623727,-0.030830266507629607,0.2538171717650998,0.36025360996860767,,COMPLETE
418,-0.43223096142417294,2026-05-12 11:21:53.787772,2026-05-12 11:21:58.735179,0 days 00:00:04.947407,0.45,0.9,2,0.05,0.02,0.6,0.08,6,0.5,20,0.5,,,,,,PRUNED
419,-0.5538822223472626,2026-05-12 11:21:58.756805,2026-05-12 11:22:02.296008,0 days 00:00:03.539203,0.25,0.8,4,0.03,0.02,0.3,0.16,5,0.5,20,0.8,,,,,,PRUNED
420,-9999.0,2026-05-12 11:22:02.319391,2026-05-12 11:22:02.598050,0 days 00:00:00.278659,0.45,0.7,3,0.05,0.02,0.6,0.08,6,0.7,20,0.8,,,,,BEAR_RATIO < NEUTRAL_RATIO < BULL_RATIO 约束违反: 0.45 / 0.7 / 0.7,COMPLETE
421,-0.46423091775217196,2026-05-12 11:22:02.632241,2026-05-12 11:22:06.603609,0 days 00:00:03.971368,0.35,0.8,2,0.05,0.01,0.6,0.12,4,0.6,20,0.8,,,,,,PRUNED
422,-0.4524922313933547,2026-05-12 11:22:06.625504,2026-05-12 11:22:11.527083,0 days 00:00:04.901579,0.45,0.9,2,0.05,0.02,0.6,0.16,6,0.5,20,0.8,,,,,,PRUNED
423,-9999.0,2026-05-12 11:22:11.550170,2026-05-12 11:22:11.808198,0 days 00:00:00.258028,0.45,0.7,4,0.05,0.02,0.6,0.08,6,0.7,20,0.8,,,,,BEAR_RATIO < NEUTRAL_RATIO < BULL_RATIO 约束违反: 0.45 / 0.7 / 0.7,COMPLETE
424,-0.44132560848440905,2026-05-12 11:22:11.832560,2026-05-12 11:22:16.391543,0 days 00:00:04.558983,0.45,0.7,2,0.05,0.02,0.6,0.16,5,0.5,20,0.8,,,,,,PRUNED
425,-0.4211524445063394,2026-05-12 11:22:16.431400,2026-05-12 11:22:21.270114,0 days 00:00:04.838714,0.45,0.7,2,0.05,0.02,0.45,0.08,4,0.5,20,0.8,,,,,,PRUNED
426,-0.52538556763629,2026-05-12 11:22:21.308425,2026-05-12 11:22:25.642518,0 days 00:00:04.334093,0.25,0.9,2,0.03,0.02,0.45,0.08,3,0.5,5,0.5,,,,,,PRUNED
427,-0.4221640008750966,2026-05-12 11:22:25.667250,2026-05-12 11:22:30.486703,0 days 00:00:04.819453,0.45,0.8,3,0.05,0.02,0.6,0.08,6,0.5,20,0.8,,,,,,PRUNED
428,-0.4318124553734489,2026-05-12 11:22:30.509552,2026-05-12 11:22:34.410802,0 days 00:00:03.901250,0.45,0.7,2,0.03,0.02,0.45,0.08,6,0.5,20,0.8,,,,,,PRUNED
429,-9999.0,2026-05-12 11:22:34.455102,2026-05-12 11:22:34.702406,0 days 00:00:00.247304,0.25,0.7,4,0.05,0.02,0.6,0.12,5,0.7,5,0.5,,,,,BEAR_RATIO < NEUTRAL_RATIO < BULL_RATIO 约束违反: 0.25 / 0.7 / 0.7,COMPLETE
430,-0.41789523230149306,2026-05-12 11:22:34.727266,2026-05-12 11:22:39.676320,0 days 00:00:04.949054,0.45,0.7,2,0.05,0.01,0.45,0.12,6,0.5,20,0.5,,,,,,PRUNED
431,-0.47078041076867455,2026-05-12 11:22:39.701433,2026-05-12 11:22:43.665375,0 days 00:00:03.963942,0.45,0.9,2,0.03,0.01,0.45,0.08,4,0.6,20,0.5,,,,,,PRUNED
432,-0.4296411080598753,2026-05-12 11:22:43.703012,2026-05-12 11:22:44.014637,0 days 00:00:00.311625,0.45,0.7,2,0.05,0.02,0.6,0.16,6,0.5,20,0.8,,,,,,PRUNED
433,-0.446193649179386,2026-05-12 11:22:44.038143,2026-05-12 11:22:49.818056,0 days 00:00:05.779913,0.35,0.7,2,0.05,0.02,0.6,0.08,6,0.5,5,0.8,,,,,,PRUNED
434,-0.41425741193738236,2026-05-12 11:22:49.843693,2026-05-12 11:22:50.164528,0 days 00:00:00.320835,0.45,0.7,2,0.05,0.02,0.6,0.08,6,0.5,5,0.8,,,,,,PRUNED
435,-0.48257029713894073,2026-05-12 11:22:50.189461,2026-05-12 11:22:54.716388,0 days 00:00:04.526927,0.25,0.7,2,0.05,0.02,0.6,0.08,5,0.5,20,0.8,,,,,,PRUNED
436,-0.4167185686265585,2026-05-12 11:22:54.739200,2026-05-12 11:23:00.515157,0 days 00:00:05.775957,0.45,0.7,2,0.05,0.02,0.3,0.08,6,0.5,5,0.8,,,,,,PRUNED
437,-0.5679062528539587,2026-05-12 11:23:00.538601,2026-05-12 11:23:04.279256,0 days 00:00:03.740655,0.35,0.8,3,0.03,0.01,0.45,0.16,3,0.5,10,0.65,,,,,,PRUNED
438,-0.47792527670287044,2026-05-12 11:23:04.303003,2026-05-12 11:23:09.042657,0 days 00:00:04.739654,0.25,0.7,4,0.05,0.02,0.6,0.08,6,0.5,20,0.8,,,,,,PRUNED
439,-9999.0,2026-05-12 11:23:09.061347,2026-05-12 11:23:09.275529,0 days 00:00:00.214182,0.45,0.7,2,0.05,0.02,0.45,0.08,6,0.7,20,0.8,,,,,BEAR_RATIO < NEUTRAL_RATIO < BULL_RATIO 约束违反: 0.45 / 0.7 / 0.7,COMPLETE
440,-0.43333909441165963,2026-05-12 11:23:09.297414,2026-05-12 11:23:09.551648,0 days 00:00:00.254234,0.35,0.7,2,0.05,0.02,0.6,0.08,6,0.5,20,0.8,,,,,,PRUNED
441,-0.4100386278766106,2026-05-12 11:23:09.573612,2026-05-12 11:23:09.826220,0 days 00:00:00.252608,0.45,0.7,2,0.05,0.02,0.3,0.08,6,0.5,20,0.8,,,,,,PRUNED
442,-0.4208413622985072,2026-05-12 11:23:09.845136,2026-05-12 11:23:15.750165,0 days 00:00:05.905029,0.45,0.7,2,0.05,0.02,0.6,0.12,6,0.5,10,0.8,,,,,,PRUNED
443,-0.42056632138184724,2026-05-12 11:23:15.772083,2026-05-12 11:23:16.077692,0 days 00:00:00.305609,0.45,0.8,2,0.05,0.02,0.6,0.08,6,0.5,20,0.8,,,,,,PRUNED
444,-0.5139073597907324,2026-05-12 11:23:16.099914,2026-05-12 11:23:19.036836,0 days 00:00:02.936922,0.25,0.9,2,0.05,0.02,0.6,0.08,5,0.6,20,0.5,,,,,,PRUNED
445,-9999.0,2026-05-12 11:23:19.059154,2026-05-12 11:23:19.329309,0 days 00:00:00.270155,0.25,0.7,3,0.03,0.01,0.3,0.16,5,0.7,5,0.8,,,,,BEAR_RATIO < NEUTRAL_RATIO < BULL_RATIO 约束违反: 0.25 / 0.7 / 0.7,COMPLETE
446,-0.5670011081135096,2026-05-12 11:23:19.355072,2026-05-12 11:23:24.320321,0 days 00:00:04.965249,0.35,0.9,3,0.03,0.02,0.6,0.16,4,0.6,5,0.65,,,,,,PRUNED
447,-0.4327177294022265,2026-05-12 11:23:24.345420,2026-05-12 11:23:29.181701,0 days 00:00:04.836281,0.35,0.7,2,0.05,0.02,0.45,0.08,6,0.5,20,0.8,,,,,,PRUNED
448,-0.44330448101464204,2026-05-12 11:23:29.206086,2026-05-12 11:23:34.055328,0 days 00:00:04.849242,0.45,0.8,2,0.03,0.02,0.6,0.08,5,0.5,10,0.5,,,,,,PRUNED
449,-0.46152728035568846,2026-05-12 11:23:34.077988,2026-05-12 11:23:39.048144,0 days 00:00:04.970156,0.45,0.9,2,0.05,0.02,0.6,0.08,6,0.7,20,0.8,,,,,,PRUNED
450,-0.43076574008516644,2026-05-12 11:23:39.071944,2026-05-12 11:23:43.991287,0 days 00:00:04.919343,0.45,0.7,3,0.03,0.02,0.6,0.08,6,0.5,20,0.8,,,,,,PRUNED
451,-0.4194511448045569,2026-05-12 11:23:44.014176,2026-05-12 11:23:48.944638,0 days 00:00:04.930462,0.45,0.7,2,0.05,0.02,0.6,0.12,6,0.5,20,0.65,,,,,,PRUNED
452,-0.47441457244516044,2026-05-12 11:23:48.967280,2026-05-12 11:23:52.696359,0 days 00:00:03.729079,0.25,0.7,2,0.05,0.02,0.6,0.08,6,0.5,20,0.65,,,,,,PRUNED
453,-0.4351694194242078,2026-05-12 11:23:52.720258,2026-05-12 11:23:57.525249,0 days 00:00:04.804991,0.35,0.7,3,0.05,0.02,0.6,0.08,6,0.5,20,0.8,,,,,,PRUNED
454,-0.487116779364579,2026-05-12 11:23:57.550291,2026-05-12 11:24:03.182299,0 days 00:00:05.632008,0.25,0.8,2,0.05,0.02,0.6,0.08,6,0.5,20,0.8,,,,,,PRUNED
455,-0.47441457244516044,2026-05-12 11:24:03.207309,2026-05-12 11:24:08.013576,0 days 00:00:04.806267,0.25,0.7,2,0.05,0.02,0.6,0.08,6,0.5,20,0.5,,,,,,PRUNED
456,-0.4100386278766106,2026-05-12 11:24:08.037602,2026-05-12 11:24:12.884819,0 days 00:00:04.847217,0.45,0.7,2,0.05,0.02,0.3,0.08,6,0.5,20,0.5,,,,,,PRUNED
457,-9999.0,2026-05-12 11:24:12.906536,2026-05-12 11:24:13.171477,0 days 00:00:00.264941,0.45,0.7,2,0.05,0.02,0.6,0.08,6,0.7,20,0.65,,,,,BEAR_RATIO < NEUTRAL_RATIO < BULL_RATIO 约束违反: 0.45 / 0.7 / 0.7,COMPLETE
458,-0.5346635564407141,2026-05-12 11:24:13.197243,2026-05-12 11:24:16.902655,0 days 00:00:03.705412,0.45,0.8,2,0.03,0.01,0.3,0.08,3,0.5,10,0.65,,,,,,PRUNED
459,-0.43588278815153436,2026-05-12 11:24:16.925344,2026-05-12 11:24:21.048096,0 days 00:00:04.122752,0.35,0.7,2,0.05,0.02,0.6,0.08,4,0.5,20,0.5,,,,,,PRUNED
460,-0.5306835459869904,2026-05-12 11:24:21.071679,2026-05-12 11:24:24.855208,0 days 00:00:03.783529,0.25,0.7,3,0.03,0.01,0.45,0.12,6,0.6,20,0.8,,,,,,PRUNED
461,-0.43223096142417294,2026-05-12 11:24:24.877544,2026-05-12 11:24:25.206040,0 days 00:00:00.328496,0.45,0.9,2,0.05,0.02,0.6,0.08,6,0.5,20,0.8,,,,,,PRUNED
462,-0.4213231947291116,2026-05-12 11:24:25.229025,2026-05-12 11:24:29.262886,0 days 00:00:04.033861,0.45,0.7,2,0.05,0.02,0.6,0.08,4,0.5,20,0.5,,,,,,PRUNED
463,-0.5486788820814671,2026-05-12 11:24:29.289006,2026-05-12 11:24:34.169457,0 days 00:00:04.880451,0.25,0.8,4,0.03,0.02,0.3,0.16,5,0.6,10,0.5,,,,,,PRUNED
464,-0.4607557593780091,2026-05-12 11:24:34.192331,2026-05-12 11:24:39.175690,0 days 00:00:04.983359,0.45,0.8,3,0.05,0.02,0.45,0.16,5,0.6,10,0.5,,,,,,PRUNED
465,-0.4082686481911698,2026-05-12 11:24:39.199998,2026-05-12 11:24:44.389305,0 days 00:00:05.189307,0.45,0.7,2,0.05,0.02,0.45,0.08,6,0.5,10,0.8,,,,,,PRUNED
466,-0.5179924623587872,2026-05-12 11:24:44.429756,2026-05-12 11:24:44.917626,0 days 00:00:00.487870,0.45,0.7,2,0.05,0.02,0.6,0.08,6,0.5,20,0.8,-0.39108387647623727,-0.030830266507629607,0.2538171717650998,0.36025360996860767,,COMPLETE
467,-0.4283610173415879,2026-05-12 11:24:44.940172,2026-05-12 11:24:49.665042,0 days 00:00:04.724870,0.45,0.7,4,0.05,0.01,0.3,0.08,5,0.5,20,0.8,,,,,,PRUNED
468,-9999.0,2026-05-12 11:24:49.688948,2026-05-12 11:24:49.971118,0 days 00:00:00.282170,0.35,0.7,4,0.05,0.01,0.6,0.16,3,0.7,10,0.8,,,,,BEAR_RATIO < NEUTRAL_RATIO < BULL_RATIO 约束违反: 0.35 / 0.7 / 0.7,COMPLETE
469,-0.5910622890072166,2026-05-12 11:24:49.994984,2026-05-12 11:24:53.414720,0 days 00:00:03.419736,0.45,0.7,2,0.05,0.02,0.6,0.08,3,0.6,20,0.8,,,,,,PRUNED
470,-0.4764889183318943,2026-05-12 11:24:53.435896,2026-05-12 11:24:57.398093,0 days 00:00:03.962197,0.45,0.8,2,0.05,0.01,0.6,0.16,4,0.7,10,0.5,,,,,,PRUNED
471,-0.5310489519191157,2026-05-12 11:24:57.421703,2026-05-12 11:25:02.343888,0 days 00:00:04.922185,0.35,0.8,3,0.03,0.01,0.3,0.16,6,0.6,20,0.8,,,,,,PRUNED
472,-0.4322626817353953,2026-05-12 11:25:02.370429,2026-05-12 11:25:08.241786,0 days 00:00:05.871357,0.45,0.7,2,0.05,0.02,0.6,0.08,6,0.6,5,0.8,,,,,,PRUNED
473,-0.43588278815153436,2026-05-12 11:25:08.266543,2026-05-12 11:25:12.324332,0 days 00:00:04.057789,0.35,0.7,2,0.05,0.02,0.6,0.08,4,0.5,20,0.8,,,,,,PRUNED
474,-0.5715107846558711,2026-05-12 11:25:12.346575,2026-05-12 11:25:12.657413,0 days 00:00:00.310838,0.45,0.7,2,0.05,0.02,0.6,0.08,3,0.5,20,0.8,,,,,,PRUNED
475,-9999.0,2026-05-12 11:25:12.683205,2026-05-12 11:25:12.942975,0 days 00:00:00.259770,0.45,0.7,2,0.05,0.02,0.6,0.08,6,0.7,20,0.8,,,,,BEAR_RATIO < NEUTRAL_RATIO < BULL_RATIO 约束违反: 0.45 / 0.7 / 0.7,COMPLETE
476,-0.4829500241661813,2026-05-12 11:25:12.966502,2026-05-12 11:25:17.956086,0 days 00:00:04.989584,0.45,0.7,2,0.03,0.02,0.45,0.08,4,0.5,5,0.5,,,,,,PRUNED
477,-0.5182406672588966,2026-05-12 11:25:17.980101,2026-05-12 11:25:18.455113,0 days 00:00:00.475012,0.45,0.7,2,0.05,0.02,0.45,0.08,6,0.5,20,0.8,-0.3910743597599139,-0.030648087966744914,0.25433261499796533,0.360426271793169,,COMPLETE
478,-0.5179924623587872,2026-05-12 11:25:18.477787,2026-05-12 11:25:18.946364,0 days 00:00:00.468577,0.45,0.7,2,0.05,0.02,0.6,0.08,6,0.5,20,0.5,-0.39108387647623727,-0.030830266507629607,0.2538171717650998,0.36025360996860767,,COMPLETE
479,-0.4257392076995694,2026-05-12 11:25:18.968796,2026-05-12 11:25:22.971082,0 days 00:00:04.002286,0.45,0.7,4,0.05,0.02,0.6,0.08,4,0.5,20,0.8,,,,,,PRUNED
480,-0.5335433861251057,2026-05-12 11:25:22.992624,2026-05-12 11:25:26.943463,0 days 00:00:03.950839,0.25,0.9,4,0.05,0.01,0.3,0.16,6,0.5,10,0.65,,,,,,PRUNED
481,-0.4318124553734489,2026-05-12 11:25:26.967503,2026-05-12 11:25:27.272853,0 days 00:00:00.305350,0.45,0.7,2,0.03,0.02,0.6,0.08,6,0.5,20,0.8,,,,,,PRUNED
482,-0.5182406672588966,2026-05-12 11:25:27.296330,2026-05-12 11:25:36.089967,0 days 00:00:08.793637,0.45,0.7,2,0.05,0.02,0.45,0.08,6,0.5,20,0.5,-0.3910743597599139,-0.030648087966744914,0.25433261499796533,0.360426271793169,,COMPLETE
483,-0.43539398241717564,2026-05-12 11:25:36.113357,2026-05-12 11:25:40.986816,0 days 00:00:04.873459,0.45,0.8,2,0.05,0.02,0.6,0.08,6,0.6,20,0.8,,,,,,PRUNED
484,-0.45390282536587445,2026-05-12 11:25:41.012019,2026-05-12 11:25:45.093355,0 days 00:00:04.081336,0.45,0.8,4,0.03,0.02,0.3,0.08,4,0.5,20,0.8,,,,,,PRUNED
485,-0.4857155708936963,2026-05-12 11:25:45.116161,2026-05-12 11:25:50.873674,0 days 00:00:05.757513,0.45,0.8,4,0.03,0.01,0.3,0.12,6,0.6,20,0.5,,,,,,PRUNED
486,-0.4194511448045569,2026-05-12 11:25:50.899374,2026-05-12 11:25:51.221398,0 days 00:00:00.322024,0.45,0.7,2,0.05,0.02,0.6,0.12,6,0.5,20,0.8,,,,,,PRUNED
487,-0.4227083328226171,2026-05-12 11:25:51.246771,2026-05-12 11:25:55.233263,0 days 00:00:03.986492,0.45,0.8,2,0.05,0.02,0.6,0.08,6,0.5,10,0.8,,,,,,PRUNED
488,-0.4242910183560481,2026-05-12 11:25:55.257934,2026-05-12 11:25:55.563390,0 days 00:00:00.305456,0.45,0.7,2,0.05,0.02,0.6,0.08,5,0.5,20,0.8,,,,,,PRUNED
489,-0.5715107846558711,2026-05-12 11:25:55.588032,2026-05-12 11:25:58.995375,0 days 00:00:03.407343,0.45,0.7,2,0.05,0.02,0.6,0.08,3,0.5,20,0.65,,,,,,PRUNED
490,-0.5179924623587872,2026-05-12 11:25:59.020261,2026-05-12 11:25:59.489811,0 days 00:00:00.469550,0.45,0.7,2,0.05,0.02,0.6,0.08,6,0.5,20,0.8,-0.39108387647623727,-0.030830266507629607,0.2538171717650998,0.36025360996860767,,COMPLETE
491,-0.5179924623587872,2026-05-12 11:25:59.514524,2026-05-12 11:26:00.101954,0 days 00:00:00.587430,0.45,0.7,2,0.05,0.02,0.6,0.08,6,0.5,20,0.8,-0.39108387647623727,-0.030830266507629607,0.2538171717650998,0.36025360996860767,,COMPLETE
492,-0.5179924623587872,2026-05-12 11:26:00.127622,2026-05-12 11:26:00.586234,0 days 00:00:00.458612,0.45,0.7,2,0.05,0.01,0.6,0.08,6,0.5,20,0.8,-0.39108387647623727,-0.030830266507629607,0.2538171717650998,0.36025360996860767,,COMPLETE
493,-0.4974583222707743,2026-05-12 11:26:00.612668,2026-05-12 11:26:05.823131,0 days 00:00:05.210463,0.45,0.8,3,0.03,0.02,0.3,0.12,6,0.7,10,0.5,,,,,,PRUNED
494,-0.480896955850613,2026-05-12 11:26:05.847146,2026-05-12 11:26:10.209060,0 days 00:00:04.361914,0.45,0.9,4,0.03,0.01,0.6,0.08,3,0.6,5,0.65,,,,,,PRUNED
495,-0.5179924623587872,2026-05-12 11:26:10.233606,2026-05-12 11:26:10.736265,0 days 00:00:00.502659,0.45,0.7,2,0.05,0.02,0.6,0.08,6,0.5,20,0.8,-0.39108387647623727,-0.030830266507629607,0.2538171717650998,0.36025360996860767,,COMPLETE
496,-0.5179924623587872,2026-05-12 11:26:10.759130,2026-05-12 11:26:11.262637,0 days 00:00:00.503507,0.45,0.7,2,0.05,0.02,0.6,0.08,6,0.5,20,0.65,-0.39108387647623727,-0.030830266507629607,0.2538171717650998,0.36025360996860767,,COMPLETE
497,-0.4925578671718266,2026-05-12 11:26:11.289490,2026-05-12 11:26:15.281113,0 days 00:00:03.991623,0.35,0.9,3,0.05,0.02,0.45,0.16,4,0.7,20,0.65,,,,,,PRUNED
498,-0.410125315542252,2026-05-12 11:26:15.303072,2026-05-12 11:26:15.610827,0 days 00:00:00.307755,0.45,0.7,4,0.05,0.02,0.6,0.08,6,0.5,20,0.8,,,,,,PRUNED
499,-9999.0,2026-05-12 11:26:15.635528,2026-05-12 11:26:15.944774,0 days 00:00:00.309246,0.45,0.7,2,0.05,0.02,0.6,0.08,4,0.7,20,0.8,,,,,BEAR_RATIO < NEUTRAL_RATIO < BULL_RATIO 约束违反: 0.45 / 0.7 / 0.7,COMPLETE
500,-0.4121653833865075,2026-05-12 11:26:15.969510,2026-05-12 11:26:20.799974,0 days 00:00:04.830464,0.45,0.7,4,0.05,0.02,0.3,0.08,6,0.5,20,0.8,,,,,,PRUNED
501,-0.41072198076880906,2026-05-12 11:26:20.825761,2026-05-12 11:26:25.999604,0 days 00:00:05.173843,0.45,0.7,3,0.05,0.02,0.6,0.08,6,0.5,10,0.8,,,,,,PRUNED
502,-0.42743124794033643,2026-05-12 11:26:26.022046,2026-05-12 11:26:30.866026,0 days 00:00:04.843980,0.45,0.7,4,0.05,0.02,0.6,0.08,6,0.6,20,0.8,,,,,,PRUNED
503,-0.5721484789066836,2026-05-12 11:26:30.889247,2026-05-12 11:26:36.459225,0 days 00:00:05.569978,0.25,0.9,4,0.03,0.02,0.6,0.16,5,0.5,5,0.5,,,,,,PRUNED
504,-0.6254093669446171,2026-05-12 11:26:36.483558,2026-05-12 11:26:39.839915,0 days 00:00:03.356357,0.25,0.8,3,0.05,0.02,0.45,0.08,3,0.7,20,0.8,,,,,,PRUNED
505,-0.5179924623587872,2026-05-12 11:26:39.863308,2026-05-12 11:26:40.302476,0 days 00:00:00.439168,0.45,0.7,2,0.05,0.02,0.6,0.08,6,0.5,20,0.8,-0.39108387647623727,-0.030830266507629607,0.2538171717650998,0.36025360996860767,,COMPLETE
506,-0.568297512223408,2026-05-12 11:26:40.326969,2026-05-12 11:26:44.295823,0 days 00:00:03.968854,0.25,0.9,4,0.03,0.01,0.6,0.16,6,0.5,20,0.8,,,,,,PRUNED
507,-9999.0,2026-05-12 11:26:44.318426,2026-05-12 11:26:44.570091,0 days 00:00:00.251665,0.45,0.7,2,0.05,0.02,0.6,0.08,6,0.7,10,0.8,,,,,BEAR_RATIO < NEUTRAL_RATIO < BULL_RATIO 约束违反: 0.45 / 0.7 / 0.7,COMPLETE
508,-0.6376253428340839,2026-05-12 11:26:44.593591,2026-05-12 11:26:47.979319,0 days 00:00:03.385728,0.35,0.9,2,0.03,0.01,0.6,0.08,3,0.7,20,0.8,,,,,,PRUNED
509,-0.5179924623587872,2026-05-12 11:26:48.002390,2026-05-12 11:26:48.484288,0 days 00:00:00.481898,0.45,0.7,2,0.05,0.02,0.6,0.08,6,0.5,20,0.8,-0.39108387647623727,-0.030830266507629607,0.2538171717650998,0.36025360996860767,,COMPLETE
510,-0.488811030608893,2026-05-12 11:26:48.506762,2026-05-12 11:26:52.908361,0 days 00:00:04.401599,0.35,0.7,4,0.03,0.02,0.3,0.12,4,0.6,10,0.5,,,,,,PRUNED
511,-0.4106117209672115,2026-05-12 11:26:52.931580,2026-05-12 11:26:57.939631,0 days 00:00:05.008051,0.45,0.7,2,0.05,0.02,0.6,0.08,5,0.5,10,0.8,,,,,,PRUNED
512,-0.43303418604199423,2026-05-12 11:26:57.960028,2026-05-12 11:27:03.099034,0 days 00:00:05.139006,0.45,0.7,2,0.03,0.02,0.6,0.08,6,0.5,10,0.8,,,,,,PRUNED
513,-0.4603883774162137,2026-05-12 11:27:03.123253,2026-05-12 11:27:07.180402,0 days 00:00:04.057149,0.35,0.8,3,0.05,0.02,0.3,0.08,4,0.6,20,0.8,,,,,,PRUNED
514,-0.4237402173189843,2026-05-12 11:27:07.206814,2026-05-12 11:27:11.232151,0 days 00:00:04.025337,0.45,0.7,3,0.05,0.02,0.6,0.08,4,0.5,20,0.8,,,,,,PRUNED
515,-0.5179924623587872,2026-05-12 11:27:11.255510,2026-05-12 11:27:11.741666,0 days 00:00:00.486156,0.45,0.7,2,0.05,0.02,0.6,0.08,6,0.5,20,0.8,-0.39108387647623727,-0.030830266507629607,0.2538171717650998,0.36025360996860767,,COMPLETE
516,-0.4296411080598753,2026-05-12 11:27:11.764068,2026-05-12 11:27:15.494303,0 days 00:00:03.730235,0.45,0.7,2,0.05,0.02,0.6,0.16,6,0.5,20,0.5,,,,,,PRUNED
517,-0.4809081466613071,2026-05-12 11:27:15.517888,2026-05-12 11:27:20.721316,0 days 00:00:05.203428,0.45,0.9,4,0.03,0.01,0.3,0.12,6,0.5,10,0.8,,,,,,PRUNED
518,-0.4747755734372663,2026-05-12 11:27:20.745407,2026-05-12 11:27:24.694226,0 days 00:00:03.948819,0.45,0.8,3,0.05,0.02,0.45,0.16,4,0.7,20,0.65,,,,,,PRUNED
519,-0.5179924623587872,2026-05-12 11:27:24.718971,2026-05-12 11:27:25.201592,0 days 00:00:00.482621,0.45,0.7,2,0.05,0.02,0.6,0.08,6,0.5,20,0.8,-0.39108387647623727,-0.030830266507629607,0.2538171717650998,0.36025360996860767,,COMPLETE
520,-0.5179924623587872,2026-05-12 11:27:25.224582,2026-05-12 11:27:25.709404,0 days 00:00:00.484822,0.45,0.7,2,0.05,0.02,0.6,0.08,6,0.5,20,0.8,-0.39108387647623727,-0.030830266507629607,0.2538171717650998,0.36025360996860767,,COMPLETE
521,-0.6223300851712885,2026-05-12 11:27:25.732771,2026-05-12 11:27:29.078484,0 days 00:00:03.345713,0.35,0.7,2,0.03,0.02,0.6,0.12,3,0.6,20,0.65,,,,,,PRUNED
522,-0.5179924623587872,2026-05-12 11:27:29.101892,2026-05-12 11:27:29.554609,0 days 00:00:00.452717,0.45,0.7,2,0.05,0.02,0.6,0.08,6,0.5,20,0.8,-0.39108387647623727,-0.030830266507629607,0.2538171717650998,0.36025360996860767,,COMPLETE
523,-0.41789523230149306,2026-05-12 11:27:29.576398,2026-05-12 11:27:34.479186,0 days 00:00:04.902788,0.45,0.7,2,0.05,0.02,0.45,0.12,6,0.5,20,0.8,,,,,,PRUNED
524,-0.5179924623587872,2026-05-12 11:27:34.505834,2026-05-12 11:27:35.011389,0 days 00:00:00.505555,0.45,0.7,2,0.05,0.02,0.6,0.08,6,0.5,20,0.8,-0.39108387647623727,-0.030830266507629607,0.2538171717650998,0.36025360996860767,,COMPLETE
525,-0.5096150904615067,2026-05-12 11:27:35.040728,2026-05-12 11:27:39.913335,0 days 00:00:04.872607,0.45,0.9,4,0.03,0.01,0.45,0.16,4,0.6,20,0.5,,,,,,PRUNED
526,-0.5179924623587872,2026-05-12 11:27:39.932790,2026-05-12 11:27:40.332309,0 days 00:00:00.399519,0.45,0.7,2,0.05,0.02,0.6,0.08,6,0.5,20,0.8,-0.39108387647623727,-0.030830266507629607,0.2538171717650998,0.36025360996860767,,COMPLETE
527,-0.47956736096663144,2026-05-12 11:27:40.352988,2026-05-12 11:27:44.152312,0 days 00:00:03.799324,0.45,0.8,4,0.03,0.02,0.45,0.12,5,0.6,10,0.8,,,,,,PRUNED
528,-0.5179924623587872,2026-05-12 11:27:44.174221,2026-05-12 11:27:44.655500,0 days 00:00:00.481279,0.45,0.7,2,0.05,0.02,0.6,0.08,6,0.5,20,0.8,-0.39108387647623727,-0.030830266507629607,0.2538171717650998,0.36025360996860767,,COMPLETE
529,-0.648197757760185,2026-05-12 11:27:44.677941,2026-05-12 11:27:48.104819,0 days 00:00:03.426878,0.25,0.9,4,0.03,0.01,0.45,0.12,3,0.6,20,0.65,,,,,,PRUNED
530,-0.48883889976630934,2026-05-12 11:27:48.128991,2026-05-12 11:27:52.148444,0 days 00:00:04.019453,0.35,0.9,2,0.03,0.02,0.45,0.12,4,0.5,20,0.8,,,,,,PRUNED
531,-0.5179924623587872,2026-05-12 11:27:52.171475,2026-05-12 11:27:52.661636,0 days 00:00:00.490161,0.45,0.7,2,0.05,0.02,0.6,0.08,6,0.5,20,0.8,-0.39108387647623727,-0.030830266507629607,0.2538171717650998,0.36025360996860767,,COMPLETE
532,-0.42357363260304626,2026-05-12 11:27:52.686029,2026-05-12 11:27:52.985160,0 days 00:00:00.299131,0.45,0.7,2,0.05,0.02,0.6,0.08,6,0.6,20,0.8,,,,,,PRUNED
533,-9999.0,2026-05-12 11:27:53.007983,2026-05-12 11:27:53.291025,0 days 00:00:00.283042,0.35,0.7,4,0.03,0.01,0.3,0.16,4,0.7,5,0.65,,,,,BEAR_RATIO < NEUTRAL_RATIO < BULL_RATIO 约束违反: 0.35 / 0.7 / 0.7,COMPLETE
534,-0.4495738726787218,2026-05-12 11:27:53.316086,2026-05-12 11:27:58.918002,0 days 00:00:05.601916,0.45,0.8,4,0.03,0.01,0.3,0.08,5,0.5,5,0.65,,,,,,PRUNED
535,-0.5836343245793995,2026-05-12 11:27:58.941488,2026-05-12 11:28:03.939460,0 days 00:00:04.997972,0.35,0.9,4,0.03,0.02,0.45,0.16,4,0.7,5,0.8,,,,,,PRUNED
536,-0.4313006510632476,2026-05-12 11:28:03.961798,2026-05-12 11:28:08.838756,0 days 00:00:04.876958,0.45,0.9,2,0.05,0.02,0.45,0.08,6,0.5,20,0.8,,,,,,PRUNED
537,-9999.0,2026-05-12 11:28:08.878423,2026-05-12 11:28:09.148220,0 days 00:00:00.269797,0.45,0.7,2,0.03,0.02,0.45,0.16,3,0.7,20,0.8,,,,,BEAR_RATIO < NEUTRAL_RATIO < BULL_RATIO 约束违反: 0.45 / 0.7 / 0.7,COMPLETE
538,-0.5915694502553908,2026-05-12 11:28:09.172997,2026-05-12 11:28:15.001072,0 days 00:00:05.828075,0.25,0.9,4,0.03,0.02,0.3,0.12,6,0.7,5,0.8,,,,,,PRUNED
539,-0.6105968529926237,2026-05-12 11:28:15.025943,2026-05-12 11:28:17.274228,0 days 00:00:02.248285,0.45,0.9,2,0.05,0.02,0.3,0.12,3,0.6,20,0.5,,,,,,PRUNED
540,-0.5179924623587872,2026-05-12 11:28:17.296489,2026-05-12 11:28:17.780877,0 days 00:00:00.484388,0.45,0.7,2,0.05,0.01,0.6,0.08,6,0.5,20,0.8,-0.39108387647623727,-0.030830266507629607,0.2538171717650998,0.36025360996860767,,COMPLETE
541,-9999.0,2026-05-12 11:28:17.806658,2026-05-12 11:28:18.071723,0 days 00:00:00.265065,0.35,0.7,4,0.03,0.02,0.6,0.08,6,0.7,20,0.8,,,,,BEAR_RATIO < NEUTRAL_RATIO < BULL_RATIO 约束违反: 0.35 / 0.7 / 0.7,COMPLETE
542,-0.5855496147753049,2026-05-12 11:28:18.097324,2026-05-12 11:28:21.428453,0 days 00:00:03.331129,0.45,0.9,2,0.05,0.02,0.6,0.08,3,0.5,20,0.8,,,,,,PRUNED
543,-0.4213231947291116,2026-05-12 11:28:21.452388,2026-05-12 11:28:25.417913,0 days 00:00:03.965525,0.45,0.7,2,0.05,0.02,0.6,0.08,4,0.5,20,0.65,,,,,,PRUNED
544,-0.6131810860492313,2026-05-12 11:28:25.443675,2026-05-12 11:28:28.810143,0 days 00:00:03.366468,0.45,0.9,3,0.03,0.01,0.3,0.16,3,0.5,20,0.65,,,,,,PRUNED
545,-0.4413208778376437,2026-05-12 11:28:28.834957,2026-05-12 11:28:33.641368,0 days 00:00:04.806411,0.45,0.7,2,0.03,0.02,0.6,0.08,4,0.5,20,0.8,,,,,,PRUNED
546,-0.4775039028511857,2026-05-12 11:28:33.664508,2026-05-12 11:28:38.559741,0 days 00:00:04.895233,0.45,0.7,2,0.03,0.02,0.6,0.16,6,0.5,20,0.8,,,,,,PRUNED
547,-0.5179924623587872,2026-05-12 11:28:38.582814,2026-05-12 11:28:39.080161,0 days 00:00:00.497347,0.45,0.7,2,0.05,0.02,0.6,0.08,6,0.5,20,0.8,-0.39108387647623727,-0.030830266507629607,0.2538171717650998,0.36025360996860767,,COMPLETE
548,-0.4535570290685313,2026-05-12 11:28:39.104245,2026-05-12 11:28:43.234048,0 days 00:00:04.129803,0.45,0.9,2,0.05,0.01,0.6,0.16,4,0.5,20,0.8,,,,,,PRUNED
549,-9999.0,2026-05-12 11:28:43.257610,2026-05-12 11:28:43.529141,0 days 00:00:00.271531,0.25,0.7,3,0.05,0.02,0.6,0.16,5,0.7,10,0.65,,,,,BEAR_RATIO < NEUTRAL_RATIO < BULL_RATIO 约束违反: 0.25 / 0.7 / 0.7,COMPLETE
550,-0.5179924623587872,2026-05-12 11:28:43.554192,2026-05-12 11:28:44.082012,0 days 00:00:00.527820,0.45,0.7,2,0.05,0.02,0.6,0.08,6,0.5,20,0.8,-0.39108387647623727,-0.030830266507629607,0.2538171717650998,0.36025360996860767,,COMPLETE
551,-0.43923189093640774,2026-05-12 11:28:44.106273,2026-05-12 11:28:48.044479,0 days 00:00:03.938206,0.45,0.7,4,0.05,0.02,0.45,0.12,6,0.6,20,0.8,,,,,,PRUNED
552,-0.4324364259573655,2026-05-12 11:28:48.253543,2026-05-12 11:28:53.753024,0 days 00:00:05.499481,0.45,0.7,2,0.03,0.02,0.3,0.08,6,0.5,20,0.8,,,,,,PRUNED
553,-0.5179924623587872,2026-05-12 11:28:53.776572,2026-05-12 11:28:54.240411,0 days 00:00:00.463839,0.45,0.7,2,0.05,0.02,0.6,0.08,6,0.5,20,0.8,-0.39108387647623727,-0.030830266507629607,0.2538171717650998,0.36025360996860767,,COMPLETE
554,-0.5119411255673495,2026-05-12 11:28:54.265243,2026-05-12 11:28:57.951190,0 days 00:00:03.685947,0.45,0.7,2,0.05,0.02,0.6,0.08,3,0.5,10,0.8,,,,,,PRUNED
555,-0.4213231947291116,2026-05-12 11:28:57.972653,2026-05-12 11:28:58.227591,0 days 00:00:00.254938,0.45,0.7,2,0.05,0.02,0.6,0.08,4,0.5,20,0.8,,,,,,PRUNED
556,-0.613885913826025,2026-05-12 11:28:58.251154,2026-05-12 11:29:01.729132,0 days 00:00:03.477978,0.25,0.8,4,0.05,0.01,0.6,0.12,3,0.5,20,0.65,,,,,,PRUNED
557,-0.5145989314988659,2026-05-12 11:29:01.752253,2026-05-12 11:29:06.106970,0 days 00:00:04.354717,0.25,0.9,4,0.03,0.01,0.45,0.12,4,0.5,10,0.5,,,,,,PRUNED
558,-0.49878141940690474,2026-05-12 11:29:06.130871,2026-05-12 11:29:11.026098,0 days 00:00:04.895227,0.25,0.9,2,0.05,0.02,0.6,0.08,6,0.5,20,0.8,,,,,,PRUNED
559,-0.4814222877295103,2026-05-12 11:29:11.051940,2026-05-12 11:29:16.602938,0 days 00:00:05.550998,0.45,0.9,3,0.05,0.02,0.45,0.16,5,0.6,5,0.5,,,,,,PRUNED
560,-0.4805782856205968,2026-05-12 11:29:16.626500,2026-05-12 11:29:20.169848,0 days 00:00:03.543348,0.35,0.9,2,0.03,0.02,0.6,0.08,6,0.5,20,0.65,,,,,,PRUNED
561,-0.42509425747705676,2026-05-12 11:29:20.192635,2026-05-12 11:29:24.197396,0 days 00:00:04.004761,0.45,0.7,4,0.05,0.01,0.45,0.08,4,0.5,20,0.8,,,,,,PRUNED
562,-0.5179924623587872,2026-05-12 11:29:24.220015,2026-05-12 11:29:24.696976,0 days 00:00:00.476961,0.45,0.7,2,0.05,0.02,0.6,0.08,6,0.5,20,0.8,-0.39108387647623727,-0.030830266507629607,0.2538171717650998,0.36025360996860767,,COMPLETE
563,-0.42224768267245916,2026-05-12 11:29:24.721165,2026-05-12 11:29:30.339497,0 days 00:00:05.618332,0.45,0.8,2,0.05,0.02,0.3,0.08,6,0.5,20,0.8,,,,,,PRUNED
564,-0.42314434753360175,2026-05-12 11:29:30.365336,2026-05-12 11:29:35.255045,0 days 00:00:04.889709,0.45,0.7,2,0.05,0.02,0.45,0.08,6,0.6,20,0.8,,,,,,PRUNED
565,-0.4550491770897389,2026-05-12 11:29:35.279340,2026-05-12 11:29:40.846164,0 days 00:00:05.566824,0.45,0.7,2,0.03,0.02,0.3,0.12,5,0.5,5,0.8,,,,,,PRUNED
566,-0.49822804637207285,2026-05-12 11:29:40.871168,2026-05-12 11:29:45.871252,0 days 00:00:05.000084,0.45,0.7,4,0.03,0.02,0.6,0.08,4,0.6,5,0.65,,,,,,PRUNED
567,-0.4708757276482046,2026-05-12 11:29:45.893988,2026-05-12 11:29:49.116874,0 days 00:00:03.222886,0.35,0.9,3,0.05,0.02,0.3,0.12,4,0.5,10,0.65,,,,,,PRUNED
568,-0.45668145532858223,2026-05-12 11:29:49.140410,2026-05-12 11:29:53.969871,0 days 00:00:04.829461,0.45,0.8,4,0.05,0.01,0.3,0.08,6,0.7,20,0.5,,,,,,PRUNED
569,-0.421366069161807,2026-05-12 11:29:53.995784,2026-05-12 11:29:58.901217,0 days 00:00:04.905433,0.45,0.7,3,0.05,0.02,0.6,0.12,6,0.5,20,0.8,,,,,,PRUNED
570,-0.5179924623587872,2026-05-12 11:29:58.926440,2026-05-12 11:29:59.424917,0 days 00:00:00.498477,0.45,0.7,2,0.05,0.02,0.6,0.08,6,0.5,20,0.8,-0.39108387647623727,-0.030830266507629607,0.2538171717650998,0.36025360996860767,,COMPLETE
571,-0.47441457244516044,2026-05-12 11:29:59.448493,2026-05-12 11:29:59.763777,0 days 00:00:00.315284,0.25,0.7,2,0.05,0.02,0.6,0.08,6,0.5,20,0.8,,,,,,PRUNED
572,-0.4081111993881487,2026-05-12 11:29:59.787062,2026-05-12 11:30:04.679721,0 days 00:00:04.892659,0.45,0.7,3,0.05,0.02,0.45,0.08,6,0.5,20,0.8,,,,,,PRUNED
573,-0.5179924623587872,2026-05-12 11:30:04.702751,2026-05-12 11:30:05.195845,0 days 00:00:00.493094,0.45,0.7,2,0.05,0.02,0.6,0.08,6,0.5,20,0.8,-0.39108387647623727,-0.030830266507629607,0.2538171717650998,0.36025360996860767,,COMPLETE
574,-0.41610686693884014,2026-05-12 11:30:05.219527,2026-05-12 11:30:10.947403,0 days 00:00:05.727876,0.45,0.7,3,0.05,0.02,0.6,0.08,6,0.5,5,0.8,,,,,,PRUNED
575,-0.5730010624940768,2026-05-12 11:30:10.973201,2026-05-12 11:30:14.425812,0 days 00:00:03.452611,0.45,0.7,3,0.05,0.02,0.6,0.08,3,0.5,20,0.8,,,,,,PRUNED
576,-0.4675620327059678,2026-05-12 11:30:14.448344,2026-05-12 11:30:18.419209,0 days 00:00:03.970865,0.25,0.7,4,0.05,0.02,0.6,0.08,4,0.6,20,0.65,,,,,,PRUNED
577,-0.5210271825699901,2026-05-12 11:30:18.440965,2026-05-12 11:30:21.712182,0 days 00:00:03.271217,0.45,0.7,2,0.05,0.02,0.6,0.16,3,0.5,10,0.65,,,,,,PRUNED
578,-0.4757310524677019,2026-05-12 11:30:21.735971,2026-05-12 11:30:26.604125,0 days 00:00:04.868154,0.25,0.7,3,0.05,0.02,0.6,0.08,6,0.5,20,0.8,,,,,,PRUNED
579,-0.4806945078613154,2026-05-12 11:30:26.630525,2026-05-12 11:30:31.533315,0 days 00:00:04.902790,0.35,0.9,3,0.03,0.01,0.6,0.08,6,0.5,20,0.5,,,,,,PRUNED
580,-0.5179924623587872,2026-05-12 11:30:31.570462,2026-05-12 11:30:32.017451,0 days 00:00:00.446989,0.45,0.7,2,0.05,0.02,0.6,0.08,6,0.5,20,0.8,-0.39108387647623727,-0.030830266507629607,0.2538171717650998,0.36025360996860767,,COMPLETE
581,-0.5171668833155848,2026-05-12 11:30:32.059740,2026-05-12 11:30:36.892492,0 days 00:00:04.832752,0.25,0.9,4,0.05,0.02,0.6,0.12,6,0.5,20,0.8,,,,,,PRUNED
582,-0.5179924623587872,2026-05-12 11:30:36.915546,2026-05-12 11:30:37.434216,0 days 00:00:00.518670,0.45,0.7,2,0.05,0.02,0.6,0.08,6,0.5,20,0.8,-0.39108387647623727,-0.030830266507629607,0.2538171717650998,0.36025360996860767,,COMPLETE
583,-0.43155661162383707,2026-05-12 11:30:37.459167,2026-05-12 11:30:42.390445,0 days 00:00:04.931278,0.45,0.7,3,0.05,0.01,0.6,0.16,6,0.5,20,0.8,,,,,,PRUNED
584,-0.5179924623587872,2026-05-12 11:30:42.412615,2026-05-12 11:30:42.906021,0 days 00:00:00.493406,0.45,0.7,2,0.05,0.02,0.6,0.08,6,0.5,20,0.8,-0.39108387647623727,-0.030830266507629607,0.2538171717650998,0.36025360996860767,,COMPLETE
585,-0.4092137988646166,2026-05-12 11:30:42.929612,2026-05-12 11:30:43.242491,0 days 00:00:00.312879,0.45,0.7,2,0.05,0.02,0.6,0.08,6,0.5,10,0.8,,,,,,PRUNED
586,-0.5787810955671507,2026-05-12 11:30:43.278979,2026-05-12 11:30:46.684412,0 days 00:00:03.405433,0.45,0.7,3,0.05,0.01,0.45,0.12,3,0.5,20,0.5,,,,,,PRUNED
587,-0.4100386278766106,2026-05-12 11:30:46.707720,2026-05-12 11:30:47.020299,0 days 00:00:00.312579,0.45,0.7,2,0.05,0.02,0.3,0.08,6,0.5,20,0.8,,,,,,PRUNED
588,-0.6235290333184342,2026-05-12 11:30:47.044418,2026-05-12 11:30:50.416861,0 days 00:00:03.372443,0.45,0.7,2,0.03,0.02,0.3,0.16,3,0.6,20,0.65,,,,,,PRUNED
589,-0.4771737930117628,2026-05-12 11:30:50.439854,2026-05-12 11:30:53.656988,0 days 00:00:03.217134,0.45,0.9,3,0.03,0.02,0.6,0.08,3,0.6,5,0.65,,,,,,PRUNED
590,-0.4296411080598753,2026-05-12 11:30:53.699226,2026-05-12 11:30:54.003092,0 days 00:00:00.303866,0.45,0.7,2,0.05,0.02,0.6,0.16,6,0.5,20,0.8,,,,,,PRUNED
591,-0.43362061482938863,2026-05-12 11:30:54.040296,2026-05-12 11:30:58.922765,0 days 00:00:04.882469,0.45,0.9,3,0.05,0.02,0.6,0.08,6,0.5,20,0.8,,,,,,PRUNED
592,-0.41425741193738236,2026-05-12 11:30:58.969937,2026-05-12 11:30:59.298903,0 days 00:00:00.328966,0.45,0.7,2,0.05,0.02,0.6,0.08,6,0.5,5,0.8,,,,,,PRUNED
593,-0.43333909441165963,2026-05-12 11:30:59.325208,2026-05-12 11:30:59.629847,0 days 00:00:00.304639,0.35,0.7,2,0.05,0.02,0.6,0.08,6,0.5,20,0.8,,,,,,PRUNED
594,-0.5732956946690431,2026-05-12 11:30:59.656205,2026-05-12 11:31:03.334456,0 days 00:00:03.678251,0.25,0.9,4,0.05,0.02,0.3,0.08,3,0.7,10,0.5,,,,,,PRUNED
595,-0.42056632138184724,2026-05-12 11:31:03.357805,2026-05-12 11:31:03.674975,0 days 00:00:00.317170,0.45,0.8,2,0.05,0.02,0.6,0.08,6,0.5,20,0.8,,,,,,PRUNED
596,-0.5179924623587872,2026-05-12 11:31:03.697040,2026-05-12 11:31:04.214135,0 days 00:00:00.517095,0.45,0.7,2,0.05,0.02,0.6,0.08,6,0.5,20,0.8,-0.39108387647623727,-0.030830266507629607,0.2538171717650998,0.36025360996860767,,COMPLETE
597,-0.5642467925026992,2026-05-12 11:31:04.238579,2026-05-12 11:31:09.994190,0 days 00:00:05.755611,0.25,0.7,2,0.03,0.01,0.6,0.16,6,0.5,5,0.8,,,,,,PRUNED
598,-0.5179924623587872,2026-05-12 11:31:10.019426,2026-05-12 11:31:10.528529,0 days 00:00:00.509103,0.45,0.7,2,0.05,0.02,0.6,0.08,6,0.5,20,0.8,-0.39108387647623727,-0.030830266507629607,0.2538171717650998,0.36025360996860767,,COMPLETE
599,-0.5822934201857063,2026-05-12 11:31:10.552056,2026-05-12 11:31:14.252695,0 days 00:00:03.700639,0.35,0.9,4,0.05,0.01,0.3,0.16,3,0.7,10,0.65,,,,,,PRUNED
600,-9999.0,2026-05-12 11:31:14.275712,2026-05-12 11:31:14.531879,0 days 00:00:00.256167,0.45,0.7,2,0.05,0.02,0.6,0.08,6,0.7,20,0.8,,,,,BEAR_RATIO < NEUTRAL_RATIO < BULL_RATIO 约束违反: 0.45 / 0.7 / 0.7,COMPLETE
601,-0.5304369562418706,2026-05-12 11:31:14.555559,2026-05-12 11:31:20.272471,0 days 00:00:05.716912,0.25,0.8,2,0.03,0.02,0.45,0.12,5,0.6,10,0.8,,,,,,PRUNED
602,-0.4318124553734489,2026-05-12 11:31:20.295469,2026-05-12 11:31:20.624413,0 days 00:00:00.328944,0.45,0.7,2,0.03,0.02,0.6,0.08,6,0.5,20,0.8,,,,,,PRUNED
603,-0.4614878253751211,2026-05-12 11:31:20.643029,2026-05-12 11:31:24.321696,0 days 00:00:03.678667,0.35,0.8,2,0.05,0.02,0.45,0.08,6,0.6,20,0.8,,,,,,PRUNED
604,-0.5179924623587872,2026-05-12 11:31:24.344746,2026-05-12 11:31:24.824537,0 days 00:00:00.479791,0.45,0.7,2,0.05,0.02,0.6,0.08,6,0.5,20,0.8,-0.39108387647623727,-0.030830266507629607,0.2538171717650998,0.36025360996860767,,COMPLETE
605,-0.483561621425272,2026-05-12 11:31:24.848851,2026-05-12 11:31:29.470834,0 days 00:00:04.621983,0.45,0.7,2,0.03,0.02,0.6,0.16,5,0.5,20,0.5,,,,,,PRUNED
606,-0.43223096142417294,2026-05-12 11:31:29.494696,2026-05-12 11:31:29.809018,0 days 00:00:00.314322,0.45,0.9,2,0.05,0.02,0.6,0.08,6,0.5,20,0.8,,,,,,PRUNED
607,-0.5321590237560975,2026-05-12 11:31:29.832495,2026-05-12 11:31:35.649233,0 days 00:00:05.816738,0.25,0.8,2,0.03,0.01,0.45,0.08,6,0.5,5,0.5,,,,,,PRUNED
608,-0.42929145792298257,2026-05-12 11:31:35.672550,2026-05-12 11:31:40.612996,0 days 00:00:04.940446,0.45,0.7,3,0.03,0.02,0.3,0.08,5,0.5,10,0.65,,,,,,PRUNED
609,-0.5182406672588966,2026-05-12 11:31:40.639461,2026-05-12 11:31:41.112776,0 days 00:00:00.473315,0.45,0.7,2,0.05,0.02,0.45,0.08,6,0.5,20,0.8,-0.3910743597599139,-0.030648087966744914,0.25433261499796533,0.360426271793169,,COMPLETE
610,-0.4660835109924683,2026-05-12 11:31:41.138303,2026-05-12 11:31:46.022091,0 days 00:00:04.883788,0.45,0.7,2,0.05,0.01,0.6,0.08,4,0.5,5,0.8,,,,,,PRUNED
611,-0.43935386060094006,2026-05-12 11:31:46.068239,2026-05-12 11:31:50.091486,0 days 00:00:04.023247,0.45,0.7,3,0.05,0.02,0.45,0.16,4,0.5,20,0.8,,,,,,PRUNED
612,-9999.0,2026-05-12 11:31:50.116840,2026-05-12 11:31:50.347404,0 days 00:00:00.230564,0.45,0.7,4,0.03,0.01,0.6,0.16,5,0.7,10,0.8,,,,,BEAR_RATIO < NEUTRAL_RATIO < BULL_RATIO 约束违反: 0.45 / 0.7 / 0.7,COMPLETE
613,-0.4194511448045569,2026-05-12 11:31:50.369966,2026-05-12 11:31:50.638141,0 days 00:00:00.268175,0.45,0.7,2,0.05,0.02,0.6,0.12,6,0.5,20,0.8,,,,,,PRUNED
614,-0.5314431766791777,2026-05-12 11:31:50.656828,2026-05-12 11:31:55.179011,0 days 00:00:04.522183,0.25,0.8,4,0.05,0.01,0.45,0.08,6,0.7,5,0.8,,,,,,PRUNED
615,-0.474532058331672,2026-05-12 11:31:55.202036,2026-05-12 11:31:59.471551,0 days 00:00:04.269515,0.45,0.9,3,0.05,0.01,0.45,0.08,4,0.7,10,0.8,,,,,,PRUNED
616,-9999.0,2026-05-12 11:31:59.495889,2026-05-12 11:31:59.753648,0 days 00:00:00.257759,0.45,0.7,2,0.05,0.01,0.6,0.08,3,0.7,20,0.8,,,,,BEAR_RATIO < NEUTRAL_RATIO < BULL_RATIO 约束违反: 0.45 / 0.7 / 0.7,COMPLETE
617,-0.4949665252233238,2026-05-12 11:31:59.791968,2026-05-12 11:32:04.754087,0 days 00:00:04.962119,0.45,0.7,4,0.03,0.02,0.45,0.12,4,0.5,5,0.8,,,,,,PRUNED
618,-0.4242910183560481,2026-05-12 11:32:04.776922,2026-05-12 11:32:05.064404,0 days 00:00:00.287482,0.45,0.7,2,0.05,0.02,0.6,0.08,5,0.5,20,0.8,,,,,,PRUNED
619,-9999.0,2026-05-12 11:32:05.084488,2026-05-12 11:32:05.295431,0 days 00:00:00.210943,0.35,0.7,4,0.05,0.01,0.45,0.16,5,0.7,20,0.65,,,,,BEAR_RATIO < NEUTRAL_RATIO < BULL_RATIO 约束违反: 0.35 / 0.7 / 0.7,COMPLETE
620,-0.5399766400904975,2026-05-12 11:32:05.317203,2026-05-12 11:32:10.979313,0 days 00:00:05.662110,0.25,0.9,4,0.05,0.01,0.6,0.12,6,0.5,5,0.5,,,,,,PRUNED
621,-0.5164926600271573,2026-05-12 11:32:11.003622,2026-05-12 11:32:16.733909,0 days 00:00:05.730287,0.45,0.8,3,0.05,0.01,0.3,0.12,4,0.7,5,0.65,,,,,,PRUNED
622,-0.6193672417392525,2026-05-12 11:32:16.757813,2026-05-12 11:32:20.149387,0 days 00:00:03.391574,0.25,0.9,2,0.05,0.01,0.6,0.16,3,0.5,20,0.5,,,,,,PRUNED
623,-0.5715107846558711,2026-05-12 11:32:20.174052,2026-05-12 11:32:20.494560,0 days 00:00:00.320508,0.45,0.7,2,0.05,0.02,0.6,0.08,3,0.5,20,0.8,,,,,,PRUNED
624,-0.496472303795198,2026-05-12 11:32:20.520763,2026-05-12 11:32:25.474777,0 days 00:00:04.954014,0.25,0.8,3,0.05,0.02,0.3,0.08,5,0.6,10,0.5,,,,,,PRUNED
625,-0.43333909441165963,2026-05-12 11:32:25.498597,2026-05-12 11:32:29.093922,0 days 00:00:03.595325,0.35,0.7,2,0.05,0.01,0.6,0.08,6,0.5,20,0.65,,,,,,PRUNED
626,-0.5179924623587872,2026-05-12 11:32:29.118161,2026-05-12 11:32:29.623182,0 days 00:00:00.505021,0.45,0.7,2,0.05,0.02,0.6,0.08,6,0.5,20,0.8,-0.39108387647623727,-0.030830266507629607,0.2538171717650998,0.36025360996860767,,COMPLETE
627,-9999.0,2026-05-12 11:32:29.647150,2026-05-12 11:32:29.901595,0 days 00:00:00.254445,0.25,0.7,3,0.05,0.01,0.6,0.08,4,0.7,10,0.8,,,,,BEAR_RATIO < NEUTRAL_RATIO < BULL_RATIO 约束违反: 0.25 / 0.7 / 0.7,COMPLETE
628,-0.5135517307846288,2026-05-12 11:32:29.926127,2026-05-12 11:32:34.818968,0 days 00:00:04.892841,0.25,0.9,2,0.03,0.02,0.6,0.08,5,0.5,10,0.65,,,,,,PRUNED
629,-0.5162362054904734,2026-05-12 11:32:34.844164,2026-05-12 11:32:39.690252,0 days 00:00:04.846088,0.25,0.9,4,0.05,0.02,0.6,0.08,6,0.7,20,0.8,,,,,,PRUNED
630,-0.543336359319625,2026-05-12 11:32:39.714181,2026-05-12 11:32:44.742238,0 days 00:00:05.028057,0.35,0.9,4,0.05,0.02,0.6,0.08,4,0.7,5,0.5,,,,,,PRUNED
631,-0.4840003760211016,2026-05-12 11:32:44.767703,2026-05-12 11:32:50.014505,0 days 00:00:05.246802,0.35,0.8,2,0.03,0.02,0.6,0.08,6,0.6,10,0.5,,,,,,PRUNED
632,-0.6713256144971002,2026-05-12 11:32:50.040432,2026-05-12 11:32:53.423080,0 days 00:00:03.382648,0.25,0.9,4,0.03,0.02,0.45,0.16,3,0.7,20,0.65,,,,,,PRUNED
633,-0.5179924623587872,2026-05-12 11:32:53.445706,2026-05-12 11:32:53.922987,0 days 00:00:00.477281,0.45,0.7,2,0.05,0.02,0.6,0.08,6,0.5,20,0.5,-0.39108387647623727,-0.030830266507629607,0.2538171717650998,0.36025360996860767,,COMPLETE
634,-0.5179924623587872,2026-05-12 11:32:53.949245,2026-05-12 11:32:54.361099,0 days 00:00:00.411854,0.45,0.7,2,0.05,0.01,0.6,0.08,6,0.5,20,0.8,-0.39108387647623727,-0.030830266507629607,0.2538171717650998,0.36025360996860767,,COMPLETE
635,-0.5537460221510456,2026-05-12 11:32:54.382529,2026-05-12 11:32:59.008157,0 days 00:00:04.625628,0.35,0.9,4,0.03,0.02,0.45,0.16,5,0.7,20,0.65,,,,,,PRUNED
636,-0.4982722041790032,2026-05-12 11:32:59.032741,2026-05-12 11:33:03.869329,0 days 00:00:04.836588,0.25,0.8,4,0.05,0.02,0.45,0.08,6,0.6,20,0.5,,,,,,PRUNED
637,-0.5179924623587872,2026-05-12 11:33:03.890117,2026-05-12 11:33:04.418603,0 days 00:00:00.528486,0.45,0.7,2,0.05,0.02,0.6,0.08,6,0.5,20,0.8,-0.39108387647623727,-0.030830266507629607,0.2538171717650998,0.36025360996860767,,COMPLETE
638,-0.5179924623587872,2026-05-12 11:33:04.443311,2026-05-12 11:33:04.957279,0 days 00:00:00.513968,0.45,0.7,2,0.05,0.02,0.6,0.08,6,0.5,20,0.8,-0.39108387647623727,-0.030830266507629607,0.2538171717650998,0.36025360996860767,,COMPLETE
639,-0.5115845631825812,2026-05-12 11:33:04.982673,2026-05-12 11:33:10.597499,0 days 00:00:05.614826,0.25,0.9,2,0.05,0.02,0.6,0.08,5,0.7,10,0.5,,,,,,PRUNED
640,-0.5881044386452069,2026-05-12 11:33:10.619937,2026-05-12 11:33:12.322947,0 days 00:00:01.703010,0.45,0.9,4,0.05,0.02,0.6,0.08,3,0.5,20,0.5,,,,,,PRUNED
641,-9999.0,2026-05-12 11:33:12.347400,2026-05-12 11:33:12.603198,0 days 00:00:00.255798,0.45,0.7,2,0.05,0.01,0.6,0.08,5,0.7,20,0.65,,,,,BEAR_RATIO < NEUTRAL_RATIO < BULL_RATIO 约束违反: 0.45 / 0.7 / 0.7,COMPLETE
642,-0.410125315542252,2026-05-12 11:33:12.626524,2026-05-12 11:33:12.975897,0 days 00:00:00.349373,0.45,0.7,4,0.05,0.02,0.6,0.08,6,0.5,20,0.8,,,,,,PRUNED
643,-0.4921486656608252,2026-05-12 11:33:13.000455,2026-05-12 11:33:17.290484,0 days 00:00:04.290029,0.45,0.9,4,0.03,0.01,0.45,0.08,4,0.7,10,0.8,,,,,,PRUNED
644,-0.5179924623587872,2026-05-12 11:33:17.315200,2026-05-12 11:33:17.824241,0 days 00:00:00.509041,0.45,0.7,2,0.05,0.02,0.6,0.08,6,0.5,20,0.8,-0.39108387647623727,-0.030830266507629607,0.2538171717650998,0.36025360996860767,,COMPLETE
645,-0.6010774300894761,2026-05-12 11:33:17.847772,2026-05-12 11:33:21.508421,0 days 00:00:03.660649,0.25,0.9,4,0.03,0.01,0.45,0.12,3,0.7,10,0.65,,,,,,PRUNED
646,-0.6057172157297301,2026-05-12 11:33:21.532165,2026-05-12 11:33:25.009115,0 days 00:00:03.476950,0.45,0.9,2,0.05,0.01,0.3,0.08,3,0.6,20,0.8,,,,,,PRUNED
647,-0.5179924623587872,2026-05-12 11:33:25.031597,2026-05-12 11:33:25.501488,0 days 00:00:00.469891,0.45,0.7,2,0.05,0.02,0.6,0.08,6,0.5,20,0.8,-0.39108387647623727,-0.030830266507629607,0.2538171717650998,0.36025360996860767,,COMPLETE
648,-0.5179924623587872,2026-05-12 11:33:25.524565,2026-05-12 11:33:26.011192,0 days 00:00:00.486627,0.45,0.7,2,0.05,0.02,0.6,0.08,6,0.5,20,0.65,-0.39108387647623727,-0.030830266507629607,0.2538171717650998,0.36025360996860767,,COMPLETE
649,-0.5983699398467377,2026-05-12 11:33:26.036448,2026-05-12 11:33:29.451052,0 days 00:00:03.414604,0.25,0.7,3,0.05,0.01,0.6,0.08,3,0.5,20,0.8,,,,,,PRUNED
650,-0.5248568347049509,2026-05-12 11:33:29.475958,2026-05-12 11:33:34.390615,0 days 00:00:04.914657,0.35,0.9,4,0.03,0.01,0.45,0.12,5,0.7,10,0.5,,,,,,PRUNED
651,-9999.0,2026-05-12 11:33:34.414206,2026-05-12 11:33:34.695645,0 days 00:00:00.281439,0.35,0.7,2,0.05,0.02,0.6,0.16,3,0.7,5,0.5,,,,,BEAR_RATIO < NEUTRAL_RATIO < BULL_RATIO 约束违反: 0.35 / 0.7 / 0.7,COMPLETE
652,-0.6157598720216648,2026-05-12 11:33:34.719140,2026-05-12 11:33:38.079376,0 days 00:00:03.360236,0.25,0.8,2,0.05,0.01,0.3,0.08,3,0.6,20,0.5,,,,,,PRUNED
653,-0.4689915125604101,2026-05-12 11:33:38.104815,2026-05-12 11:33:42.393078,0 days 00:00:04.288263,0.35,0.8,4,0.05,0.02,0.6,0.16,4,0.5,10,0.65,,,,,,PRUNED
654,-0.4559613201265007,2026-05-12 11:33:42.416503,2026-05-12 11:33:46.204170,0 days 00:00:03.787667,0.35,0.7,4,0.05,0.01,0.3,0.12,6,0.5,20,0.8,,,,,,PRUNED
655,-0.48257029713894073,2026-05-12 11:33:46.228489,2026-05-12 11:33:51.066568,0 days 00:00:04.838079,0.25,0.7,2,0.05,0.01,0.6,0.08,5,0.5,20,0.8,,,,,,PRUNED
656,-0.4617082128111798,2026-05-12 11:33:51.091503,2026-05-12 11:33:55.738946,0 days 00:00:04.647443,0.45,0.7,3,0.03,0.02,0.6,0.08,5,0.6,20,0.65,,,,,,PRUNED
657,-0.5179924623587872,2026-05-12 11:33:55.763221,2026-05-12 11:33:56.240948,0 days 00:00:00.477727,0.45,0.7,2,0.05,0.02,0.6,0.08,6,0.5,20,0.8,-0.39108387647623727,-0.030830266507629607,0.2538171717650998,0.36025360996860767,,COMPLETE
658,-0.576813148213964,2026-05-12 11:33:56.265002,2026-05-12 11:34:00.858601,0 days 00:00:04.593599,0.25,0.9,3,0.03,0.02,0.3,0.16,5,0.7,20,0.65,,,,,,PRUNED
659,-0.5362850984067946,2026-05-12 11:34:00.882538,2026-05-12 11:34:05.818149,0 days 00:00:04.935611,0.35,0.7,3,0.05,0.02,0.45,0.16,3,0.5,10,0.65,,,,,,PRUNED
660,-0.4362936586710665,2026-05-12 11:34:05.841940,2026-05-12 11:34:10.092446,0 days 00:00:04.250506,0.45,0.7,4,0.05,0.02,0.3,0.12,4,0.5,20,0.5,,,,,,PRUNED
661,-0.5121339086176364,2026-05-12 11:34:10.115681,2026-05-12 11:34:13.376004,0 days 00:00:03.260323,0.25,0.7,4,0.05,0.02,0.6,0.08,3,0.6,5,0.8,,,,,,PRUNED
662,-0.5179924623587872,2026-05-12 11:34:13.399934,2026-05-12 11:34:13.880831,0 days 00:00:00.480897,0.45,0.7,2,0.05,0.02,0.6,0.08,6,0.5,20,0.8,-0.39108387647623727,-0.030830266507629607,0.2538171717650998,0.36025360996860767,,COMPLETE
663,-0.5431015159820093,2026-05-12 11:34:13.904340,2026-05-12 11:34:17.771959,0 days 00:00:03.867619,0.35,0.9,4,0.05,0.02,0.45,0.08,3,0.5,10,0.5,,,,,,PRUNED
664,-0.44006212983461973,2026-05-12 11:34:17.794678,2026-05-12 11:34:23.132644,0 days 00:00:05.337966,0.45,0.7,4,0.05,0.02,0.6,0.12,6,0.6,10,0.8,,,,,,PRUNED
665,-0.5298114140195777,2026-05-12 11:34:23.158074,2026-05-12 11:34:29.088978,0 days 00:00:05.930904,0.25,0.7,3,0.03,0.01,0.6,0.08,6,0.6,5,0.8,,,,,,PRUNED
666,-0.5179924623587872,2026-05-12 11:34:29.112166,2026-05-12 11:34:29.608650,0 days 00:00:00.496484,0.45,0.7,2,0.05,0.02,0.6,0.08,6,0.5,20,0.8,-0.39108387647623727,-0.030830266507629607,0.2538171717650998,0.36025360996860767,,COMPLETE
667,-0.5650079397981908,2026-05-12 11:34:29.635982,2026-05-12 11:34:33.276945,0 days 00:00:03.640963,0.25,0.8,4,0.05,0.01,0.3,0.16,3,0.5,10,0.65,,,,,,PRUNED
668,-9999.0,2026-05-12 11:34:33.301644,2026-05-12 11:34:33.570051,0 days 00:00:00.268407,0.45,0.7,2,0.05,0.02,0.3,0.08,5,0.7,20,0.65,,,,,BEAR_RATIO < NEUTRAL_RATIO < BULL_RATIO 约束违反: 0.45 / 0.7 / 0.7,COMPLETE
669,-0.5179924623587872,2026-05-12 11:34:33.594257,2026-05-12 11:34:34.113913,0 days 00:00:00.519656,0.45,0.7,2,0.05,0.02,0.6,0.08,6,0.5,20,0.8,-0.39108387647623727,-0.030830266507629607,0.2538171717650998,0.36025360996860767,,COMPLETE
670,-0.5179924623587872,2026-05-12 11:34:34.140723,2026-05-12 11:34:34.638100,0 days 00:00:00.497377,0.45,0.7,2,0.05,0.02,0.6,0.08,6,0.5,20,0.8,-0.39108387647623727,-0.030830266507629607,0.2538171717650998,0.36025360996860767,,COMPLETE
671,-0.47522607550970514,2026-05-12 11:34:34.664322,2026-05-12 11:34:38.878529,0 days 00:00:04.214207,0.35,0.9,4,0.03,0.02,0.3,0.08,4,0.5,20,0.8,,,,,,PRUNED
672,-0.5179924623587872,2026-05-12 11:34:38.901474,2026-05-12 11:34:39.368743,0 days 00:00:00.467269,0.45,0.7,2,0.05,0.02,0.6,0.08,6,0.5,20,0.8,-0.39108387647623727,-0.030830266507629607,0.2538171717650998,0.36025360996860767,,COMPLETE
673,-0.4812371529370906,2026-05-12 11:34:39.392800,2026-05-12 11:34:44.036210,0 days 00:00:04.643410,0.35,0.8,2,0.03,0.01,0.3,0.08,5,0.5,20,0.8,,,,,,PRUNED
674,-0.5179924623587872,2026-05-12 11:34:44.061128,2026-05-12 11:34:44.579426,0 days 00:00:00.518298,0.45,0.7,2,0.05,0.02,0.6,0.08,6,0.5,20,0.8,-0.39108387647623727,-0.030830266507629607,0.2538171717650998,0.36025360996860767,,COMPLETE
675,-0.5825139853896287,2026-05-12 11:34:44.602396,2026-05-12 11:34:46.742084,0 days 00:00:02.139688,0.45,0.7,2,0.03,0.01,0.6,0.08,3,0.5,20,0.8,,,,,,PRUNED
676,-0.5179924623587872,2026-05-12 11:34:46.766224,2026-05-12 11:34:47.266393,0 days 00:00:00.500169,0.45,0.7,2,0.05,0.01,0.6,0.08,6,0.5,20,0.8,-0.39108387647623727,-0.030830266507629607,0.2538171717650998,0.36025360996860767,,COMPLETE
677,-0.538753391018129,2026-05-12 11:34:47.289719,2026-05-12 11:34:51.892823,0 days 00:00:04.603104,0.25,0.8,4,0.05,0.01,0.3,0.16,5,0.7,20,0.8,,,,,,PRUNED
678,-0.4369421088047426,2026-05-12 11:34:51.918473,2026-05-12 11:34:56.736509,0 days 00:00:04.818036,0.35,0.7,4,0.05,0.02,0.6,0.08,6,0.5,20,0.65,,,,,,PRUNED
679,-0.5179924623587872,2026-05-12 11:34:56.779371,2026-05-12 11:34:57.315176,0 days 00:00:00.535805,0.45,0.7,2,0.05,0.02,0.6,0.08,6,0.5,20,0.8,-0.39108387647623727,-0.030830266507629607,0.2538171717650998,0.36025360996860767,,COMPLETE
680,-0.5825139853896287,2026-05-12 11:34:57.341682,2026-05-12 11:35:00.716504,0 days 00:00:03.374822,0.45,0.7,2,0.03,0.02,0.6,0.08,3,0.5,20,0.5,,,,,,PRUNED
681,-0.4387147179881395,2026-05-12 11:35:00.739290,2026-05-12 11:35:07.384199,0 days 00:00:06.644909,0.45,0.7,2,0.03,0.01,0.6,0.08,6,0.5,5,0.8,,,,,,PRUNED
682,-0.442147038807083,2026-05-12 11:35:07.408665,2026-05-12 11:35:11.429399,0 days 00:00:04.020734,0.35,0.7,2,0.05,0.01,0.45,0.12,4,0.5,20,0.8,,,,,,PRUNED
683,-0.4403794270599254,2026-05-12 11:35:11.453669,2026-05-12 11:35:15.122136,0 days 00:00:03.668467,0.45,0.8,2,0.05,0.01,0.45,0.16,6,0.5,20,0.65,,,,,,PRUNED
684,-0.5415672670686277,2026-05-12 11:35:15.147558,2026-05-12 11:35:18.810938,0 days 00:00:03.663380,0.35,0.9,3,0.05,0.01,0.45,0.08,3,0.5,10,0.65,,,,,,PRUNED
685,-0.5142692083063747,2026-05-12 11:35:18.834022,2026-05-12 11:35:23.411629,0 days 00:00:04.577607,0.25,0.8,3,0.05,0.01,0.45,0.12,5,0.6,20,0.65,,,,,,PRUNED
