timestamp,159915.XSHE,510500.XSHG,512100.XSHG,513100.XSHG,518880.XSHG
2019-01-02,49909.2,49873.600000000006,49990.5,49794.6,49737.6
2019-01-03,0.0,0.0,0.0,0.0,0.0
2019-01-04,49783.8,49873.600000000006,49990.5,49794.6,49737.6
2019-01-05,0.0,0.0,0.0,0.0,0.0
2019-01-06,0.0,0.0,0.0,0.0,0.0
2019-01-07,49783.8,46348.9,46379.5,49794.6,49737.6
2019-01-08,49783.8,46348.9,46379.5,46280.0,49737.6
2019-01-09,46257.9,46348.9,46379.5,46280.0,49737.6
2019-01-10,0.0,0.0,0.0,0.0,0.0
2019-01-11,0.0,0.0,0.0,0.0,0.0
2019-01-12,0.0,0.0,0.0,0.0,0.0
2019-01-13,0.0,0.0,0.0,0.0,0.0
2019-01-14,0.0,0.0,0.0,0.0,0.0
2019-01-15,49742.0,46348.9,46379.5,46280.0,49737.6
2019-01-16,0.0,0.0,0.0,0.0,0.0
2019-01-17,0.0,0.0,0.0,0.0,0.0
2019-01-18,0.0,0.0,0.0,0.0,0.0
2019-01-19,0.0,0.0,0.0,0.0,0.0
2019-01-20,0.0,0.0,0.0,0.0,0.0
2019-01-21,46220.2,46348.9,46379.5,42435.2,49737.6
2019-01-22,0.0,0.0,0.0,0.0,0.0
2019-01-23,0.0,0.0,0.0,0.0,0.0
2019-01-24,0.0,0.0,0.0,0.0,0.0
2019-01-25,0.0,0.0,0.0,0.0,0.0
2019-01-26,0.0,0.0,0.0,0.0,0.0
2019-01-27,0.0,0.0,0.0,0.0,0.0
2019-01-28,0.0,0.0,0.0,0.0,0.0
2019-01-29,49700.200000000004,46348.9,46379.5,42435.2,49737.6
2019-01-30,0.0,0.0,0.0,0.0,0.0
2019-01-31,49700.200000000004,49828.799999999996,49801.5,42435.2,49737.6
2019-02-01,49700.200000000004,46288.3,49801.5,42435.2,49737.6
2019-02-02,0.0,0.0,0.0,0.0,0.0
2019-02-03,0.0,0.0,0.0,0.0,0.0
2019-02-04,0.0,0.0,0.0,0.0,0.0
2019-02-05,0.0,0.0,0.0,0.0,0.0
2019-02-06,0.0,0.0,0.0,0.0,0.0
2019-02-07,0.0,0.0,0.0,0.0,0.0
2019-02-08,0.0,0.0,0.0,0.0,0.0
2019-02-09,0.0,0.0,0.0,0.0,0.0
2019-02-10,0.0,0.0,0.0,0.0,0.0
2019-02-11,42403.2,46288.3,46209.3,42435.2,49737.6
2019-02-12,42403.2,42516.0,42392.00000000001,38313.6,49737.6
2019-02-13,38350.0,42516.0,42392.00000000001,38313.6,49737.6
2019-02-14,38350.0,38465.1,42392.00000000001,38313.6,49737.6
2019-02-15,0.0,0.0,0.0,0.0,0.0
2019-02-16,0.0,0.0,0.0,0.0,0.0
2019-02-17,0.0,0.0,0.0,0.0,0.0
2019-02-18,34036.0,38465.1,38321.399999999994,38313.6,49737.6
2019-02-19,34036.0,34204.0,33969.299999999996,38313.6,49737.6
2019-02-20,0.0,0.0,0.0,0.0,0.0
2019-02-21,29479.199999999997,34204.0,33969.299999999996,38313.6,49737.6
2019-02-22,0.0,0.0,0.0,0.0,0.0
2019-02-23,0.0,0.0,0.0,0.0,0.0
2019-02-24,0.0,0.0,0.0,0.0,0.0
2019-02-25,19335.6,24725.0,24269.7,38313.6,49737.6
2019-02-26,0.0,0.0,0.0,0.0,0.0
2019-02-27,0.0,0.0,0.0,0.0,0.0
2019-02-28,0.0,0.0,0.0,0.0,0.0
2019-03-01,0.0,0.0,0.0,0.0,0.0
2019-03-02,0.0,0.0,0.0,0.0,0.0
2019-03-03,0.0,0.0,0.0,0.0,0.0
2019-03-04,49927.5,19386.5,18855.9,38313.6,49737.6
2019-03-05,49927.5,19386.5,13066.1,38313.6,49737.6
2019-03-06,46417.8,13694.400000000001,13066.1,38313.6,49737.6
2019-03-07,46417.8,49434.0,49976.799999999996,38313.6,49737.6
2019-03-08,46332.0,51998.4,53279.9,38313.6,49737.6
2019-03-09,0.0,0.0,0.0,0.0,0.0
2019-03-10,0.0,0.0,0.0,0.0,0.0
2019-03-11,46332.0,48938.399999999994,49976.799999999996,38313.6,49737.6
2019-03-12,42636.0,48938.399999999994,46375.5,38313.6,49737.6
2019-03-13,46332.0,48938.399999999994,46375.5,38313.6,49737.6
2019-03-14,49800.7,51924.8,49690.399999999994,33902.0,49737.6
2019-03-15,0.0,0.0,0.0,0.0,0.0
2019-03-16,0.0,0.0,0.0,0.0,0.0
2019-03-17,0.0,0.0,0.0,0.0,0.0
2019-03-18,46303.4,48837.6,49690.399999999994,33902.0,49737.6
2019-03-19,46303.4,48837.6,46117.5,33902.0,49737.6
2019-03-20,0.0,0.0,0.0,0.0,0.0
2019-03-21,46303.4,45539.2,46117.5,33902.0,49737.6
2019-03-22,46303.4,45539.2,46117.5,29220.8,49737.6
2019-03-23,0.0,0.0,0.0,0.0,0.0
2019-03-24,0.0,0.0,0.0,0.0,0.0
2019-03-25,0.0,0.0,0.0,0.0,0.0
2019-03-26,49769.0,48812.4,49618.799999999996,29220.8,49737.6
2019-03-27,0.0,0.0,0.0,0.0,0.0
2019-03-28,0.0,0.0,0.0,0.0,0.0
2019-03-29,46274.8,48812.4,49618.799999999996,29220.8,49737.6
2019-03-30,0.0,0.0,0.0,0.0,0.0
2019-03-31,0.0,0.0,0.0,0.0,0.0
2019-04-01,42508.5,41956.0,42246.4,29220.8,49737.6
2019-04-02,0.0,0.0,0.0,0.0,0.0
2019-04-03,0.0,0.0,0.0,0.0,0.0
2019-04-04,0.0,0.0,0.0,0.0,0.0
2019-04-05,0.0,0.0,0.0,0.0,0.0
2019-04-06,0.0,0.0,0.0,0.0,0.0
2019-04-07,0.0,0.0,0.0,0.0,0.0
2019-04-08,42508.5,41956.0,42246.4,29220.8,49737.6
2019-04-09,0.0,0.0,0.0,0.0,0.0
2019-04-10,0.0,0.0,0.0,0.0,0.0
2019-04-11,0.0,0.0,0.0,0.0,0.0
2019-04-12,46217.600000000006,41956.0,42246.4,29220.8,49737.6
2019-04-13,0.0,0.0,0.0,0.0,0.0
2019-04-14,0.0,0.0,0.0,0.0,0.0
2019-04-15,0.0,0.0,0.0,0.0,0.0
2019-04-16,46217.600000000006,41860.799999999996,42246.4,29220.8,49737.6
2019-04-17,0.0,0.0,0.0,0.0,0.0
2019-04-18,0.0,0.0,0.0,0.0,0.0
2019-04-19,46217.600000000006,41860.799999999996,42246.4,24201.0,49737.6
2019-04-20,0.0,0.0,0.0,0.0,0.0
2019-04-21,0.0,0.0,0.0,0.0,0.0
2019-04-22,0.0,0.0,0.0,0.0,0.0
2019-04-23,0.0,0.0,0.0,0.0,0.0
2019-04-24,46217.600000000006,45364.4,42246.4,24201.0,49737.6
2019-04-25,46217.600000000006,45364.4,45988.5,24201.0,49737.6
2019-04-26,46217.600000000006,45364.4,45988.5,18856.4,49737.6
2019-04-27,0.0,0.0,0.0,0.0,0.0
2019-04-28,0.0,0.0,0.0,0.0,0.0
2019-04-29,49642.200000000004,48577.200000000004,49475.6,18856.4,49737.6
2019-04-30,0.0,0.0,0.0,0.0,0.0
2019-05-01,0.0,0.0,0.0,0.0,0.0
2019-05-02,0.0,0.0,0.0,0.0,0.0
2019-05-03,0.0,0.0,0.0,0.0,0.0
2019-05-04,0.0,0.0,0.0,0.0,0.0
2019-05-05,0.0,0.0,0.0,0.0,0.0
2019-05-06,54841.3,52939.99999999999,53882.4,18856.4,49737.6
2019-05-07,0.0,0.0,0.0,0.0,0.0
2019-05-08,0.0,0.0,0.0,0.0,0.0
2019-05-09,54841.3,52939.99999999999,53882.4,24201.0,49737.6
2019-05-10,54841.3,52939.99999999999,50682.8,24201.0,49737.6
2019-05-11,0.0,0.0,0.0,0.0,0.0
2019-05-12,0.0,0.0,0.0,0.0,0.0
2019-05-13,0.0,0.0,0.0,0.0,0.0
2019-05-14,0.0,0.0,0.0,0.0,0.0
2019-05-15,0.0,0.0,0.0,0.0,0.0
2019-05-16,54841.3,50167.600000000006,47542.4,24201.0,49737.6
2019-05-17,54841.3,52890.0,50682.8,24201.0,49737.6
2019-05-18,0.0,0.0,0.0,0.0,0.0
2019-05-19,0.0,0.0,0.0,0.0,0.0
2019-05-20,57523.0,52890.0,50682.8,24201.0,49737.6
2019-05-21,0.0,0.0,0.0,0.0,0.0
2019-05-22,0.0,0.0,0.0,0.0,0.0
2019-05-23,0.0,0.0,0.0,0.0,0.0
2019-05-24,0.0,0.0,0.0,0.0,0.0
2019-05-25,0.0,0.0,0.0,0.0,0.0
2019-05-26,0.0,0.0,0.0,0.0,0.0
2019-05-27,0.0,0.0,0.0,0.0,0.0
2019-05-28,0.0,0.0,0.0,0.0,0.0
2019-05-29,57523.0,52890.0,50682.8,29153.600000000002,49737.6
2019-05-30,0.0,0.0,0.0,0.0,0.0
2019-05-31,0.0,0.0,0.0,0.0,0.0
2019-06-01,0.0,0.0,0.0,0.0,0.0
2019-06-02,0.0,0.0,0.0,0.0,0.0
2019-06-03,57523.0,52890.0,50682.8,29153.600000000002,46284.9
2019-06-04,57523.0,55404.0,53539.2,33580.399999999994,46284.9
2019-06-05,0.0,0.0,0.0,0.0,0.0
2019-06-06,59976.00000000001,55404.0,53539.2,28952.0,46284.9
2019-06-07,0.0,0.0,0.0,0.0,0.0
2019-06-08,0.0,0.0,0.0,0.0,0.0
2019-06-09,0.0,0.0,0.0,0.0,0.0
2019-06-10,59976.00000000001,55404.0,53539.2,23976.0,46284.9
2019-06-11,57441.0,55404.0,53539.2,23976.0,46284.9
2019-06-12,57441.0,55404.0,50604.1,23976.0,46284.9
2019-06-13,0.0,0.0,0.0,0.0,0.0
2019-06-14,57441.0,55404.0,50604.1,23976.0,42585.8
2019-06-15,0.0,0.0,0.0,0.0,0.0
2019-06-16,0.0,0.0,0.0,0.0,0.0
2019-06-17,57441.0,55404.0,53367.6,23976.0,42585.8
2019-06-18,0.0,0.0,0.0,0.0,0.0
2019-06-19,54879.2,52930.0,50525.4,23976.0,42585.8
2019-06-20,54879.2,52930.0,50525.4,18672.8,42585.8
2019-06-21,54879.2,52930.0,50525.4,18672.8,38612.5
2019-06-22,0.0,0.0,0.0,0.0,0.0
2019-06-23,0.0,0.0,0.0,0.0,0.0
2019-06-24,0.0,0.0,0.0,0.0,0.0
2019-06-25,54879.2,52930.0,50525.4,18672.8,34376.4
2019-06-26,0.0,0.0,0.0,0.0,0.0
2019-06-27,0.0,0.0,0.0,0.0,0.0
2019-06-28,0.0,0.0,0.0,0.0,0.0
2019-06-29,0.0,0.0,0.0,0.0,0.0
2019-06-30,0.0,0.0,0.0,0.0,0.0
2019-07-01,51921.6,50186.0,47470.8,18672.8,38150.0
2019-07-02,0.0,0.0,0.0,0.0,0.0
2019-07-03,51921.6,50186.0,47470.8,18672.8,34279.2
2019-07-04,0.0,0.0,0.0,0.0,0.0
2019-07-05,0.0,0.0,0.0,0.0,0.0
2019-07-06,0.0,0.0,0.0,0.0,0.0
2019-07-07,0.0,0.0,0.0,0.0,0.0
2019-07-08,54841.3,52900.0,50604.1,18672.8,34279.2
2019-07-09,54841.3,52900.0,50604.1,18672.8,38475.0
2019-07-10,0.0,0.0,0.0,0.0,0.0
2019-07-11,0.0,0.0,0.0,0.0,0.0
2019-07-12,0.0,0.0,0.0,0.0,0.0
2019-07-13,0.0,0.0,0.0,0.0,0.0
2019-07-14,0.0,0.0,0.0,0.0,0.0
2019-07-15,51921.6,52900.0,50604.1,13022.6,38475.0
2019-07-16,0.0,0.0,0.0,0.0,0.0
2019-07-17,0.0,0.0,0.0,0.0,0.0
2019-07-18,0.0,0.0,0.0,0.0,0.0
2019-07-19,51921.6,52900.0,50604.1,13022.6,34398.0
2019-07-20,0.0,0.0,0.0,0.0,0.0
2019-07-21,0.0,0.0,0.0,0.0,0.0
2019-07-22,51921.6,52900.0,53367.6,13022.6,34398.0
2019-07-23,0.0,0.0,0.0,0.0,0.0
2019-07-24,51921.6,52900.0,50446.700000000004,13022.6,34398.0
2019-07-25,0.0,0.0,0.0,0.0,0.0
2019-07-26,0.0,0.0,0.0,0.0,0.0
2019-07-27,0.0,0.0,0.0,0.0,0.0
2019-07-28,0.0,0.0,0.0,0.0,0.0
2019-07-29,0.0,0.0,0.0,0.0,0.0
2019-07-30,0.0,0.0,0.0,0.0,0.0
2019-07-31,0.0,0.0,0.0,0.0,0.0
2019-08-01,0.0,0.0,0.0,0.0,0.0
2019-08-02,0.0,0.0,0.0,0.0,0.0
2019-08-03,0.0,0.0,0.0,0.0,0.0
2019-08-04,0.0,0.0,0.0,0.0,0.0
2019-08-05,51921.6,52900.0,50446.700000000004,13022.6,29866.2
2019-08-06,54727.6,54561.6,55647.1,18380.399999999998,29866.2
2019-08-07,54727.6,54561.6,53024.4,18380.399999999998,29866.2
2019-08-08,54727.6,54561.6,53024.4,12811.0,25049.0
2019-08-09,0.0,0.0,0.0,0.0,0.0
2019-08-10,0.0,0.0,0.0,0.0,0.0
2019-08-11,0.0,0.0,0.0,0.0,0.0
2019-08-12,0.0,0.0,0.0,0.0,0.0
2019-08-13,0.0,0.0,0.0,0.0,0.0
2019-08-14,51817.200000000004,54561.6,53024.4,12811.0,25049.0
2019-08-15,0.0,0.0,0.0,0.0,0.0
2019-08-16,51817.200000000004,54561.6,50131.9,12811.0,25049.0
2019-08-17,0.0,0.0,0.0,0.0,0.0
2019-08-18,0.0,0.0,0.0,0.0,0.0
2019-08-19,48627.8,52060.00000000001,50131.9,12811.0,25049.0
2019-08-20,48627.8,52060.00000000001,47041.200000000004,12811.0,25049.0
2019-08-21,0.0,0.0,0.0,0.0,0.0
2019-08-22,0.0,0.0,0.0,0.0,0.0
2019-08-23,0.0,0.0,0.0,0.0,0.0
2019-08-24,0.0,0.0,0.0,0.0,0.0
2019-08-25,0.0,0.0,0.0,0.0,0.0
2019-08-26,48627.8,52060.00000000001,47041.200000000004,12811.0,20086.8
2019-08-27,45273.799999999996,49385.600000000006,47041.200000000004,12811.0,20086.8
2019-08-28,0.0,0.0,0.0,0.0,0.0
2019-08-29,0.0,0.0,0.0,0.0,0.0
2019-08-30,0.0,0.0,0.0,0.0,0.0
2019-08-31,0.0,0.0,0.0,0.0,0.0
2019-09-01,0.0,0.0,0.0,0.0,0.0
2019-09-02,0.0,0.0,0.0,0.0,0.0
2019-09-03,45273.799999999996,49385.600000000006,43666.5,12811.0,20086.8
2019-09-04,0.0,0.0,0.0,0.0,0.0
2019-09-05,41616.0,46636.799999999996,40065.2,49920.600000000006,20086.8
2019-09-06,0.0,0.0,0.0,0.0,0.0
2019-09-07,0.0,0.0,0.0,0.0,0.0
2019-09-08,0.0,0.0,0.0,0.0,0.0
2019-09-09,0.0,0.0,0.0,0.0,0.0
2019-09-10,41616.0,46636.799999999996,40065.2,49920.600000000006,25012.0
2019-09-11,0.0,0.0,0.0,0.0,0.0
2019-09-12,0.0,0.0,0.0,0.0,0.0
2019-09-13,0.0,0.0,0.0,0.0,0.0
2019-09-14,0.0,0.0,0.0,0.0,0.0
2019-09-15,0.0,0.0,0.0,0.0,0.0
2019-09-16,0.0,0.0,0.0,0.0,0.0
2019-09-17,0.0,0.0,0.0,0.0,0.0
2019-09-18,0.0,0.0,0.0,0.0,0.0
2019-09-19,0.0,0.0,0.0,0.0,0.0
2019-09-20,0.0,0.0,0.0,0.0,0.0
2019-09-21,0.0,0.0,0.0,0.0,0.0
2019-09-22,0.0,0.0,0.0,0.0,0.0
2019-09-23,0.0,0.0,0.0,0.0,0.0
2019-09-24,0.0,0.0,0.0,0.0,0.0
2019-09-25,0.0,0.0,0.0,0.0,0.0
2019-09-26,45273.799999999996,49532.8,43666.5,49920.600000000006,25012.0
2019-09-27,0.0,0.0,0.0,0.0,0.0
2019-09-28,0.0,0.0,0.0,0.0,0.0
2019-09-29,0.0,0.0,0.0,0.0,0.0
2019-09-30,0.0,0.0,0.0,0.0,0.0
2019-10-01,0.0,0.0,0.0,0.0,0.0
2019-10-02,0.0,0.0,0.0,0.0,0.0
2019-10-03,0.0,0.0,0.0,0.0,0.0
2019-10-04,0.0,0.0,0.0,0.0,0.0
2019-10-05,0.0,0.0,0.0,0.0,0.0
2019-10-06,0.0,0.0,0.0,0.0,0.0
2019-10-07,0.0,0.0,0.0,0.0,0.0
2019-10-08,0.0,0.0,0.0,0.0,0.0
2019-10-09,0.0,0.0,0.0,0.0,0.0
2019-10-10,0.0,0.0,0.0,0.0,0.0
2019-10-11,0.0,0.0,0.0,0.0,0.0
2019-10-12,0.0,0.0,0.0,0.0,0.0
2019-10-13,0.0,0.0,0.0,0.0,0.0
2019-10-14,45273.799999999996,46594.799999999996,43666.5,49920.600000000006,25012.0
2019-10-15,0.0,0.0,0.0,0.0,0.0
2019-10-16,0.0,0.0,0.0,0.0,0.0
2019-10-17,0.0,0.0,0.0,0.0,0.0
2019-10-18,45273.799999999996,49486.799999999996,43666.5,49920.600000000006,25012.0
2019-10-19,0.0,0.0,0.0,0.0,0.0
2019-10-20,0.0,0.0,0.0,0.0,0.0
2019-10-21,0.0,0.0,0.0,0.0,0.0
2019-10-22,0.0,0.0,0.0,0.0,0.0
2019-10-23,0.0,0.0,0.0,0.0,0.0
2019-10-24,0.0,0.0,0.0,0.0,0.0
2019-10-25,0.0,0.0,0.0,0.0,0.0
2019-10-26,0.0,0.0,0.0,0.0,0.0
2019-10-27,0.0,0.0,0.0,0.0,0.0
2019-10-28,41616.0,49486.799999999996,43666.5,49920.600000000006,25012.0
2019-10-29,41616.0,49486.799999999996,43666.5,46440.600000000006,25012.0
2019-10-30,0.0,0.0,0.0,0.0,0.0
2019-10-31,0.0,0.0,0.0,0.0,0.0
2019-11-01,0.0,0.0,0.0,0.0,0.0
2019-11-02,0.0,0.0,0.0,0.0,0.0
2019-11-03,0.0,0.0,0.0,0.0,0.0
2019-11-04,0.0,0.0,0.0,0.0,0.0
2019-11-05,0.0,0.0,0.0,0.0,0.0
2019-11-06,0.0,0.0,0.0,0.0,0.0
2019-11-07,0.0,0.0,0.0,0.0,0.0
2019-11-08,41616.0,49486.799999999996,43666.5,46440.600000000006,29593.199999999997
2019-11-09,0.0,0.0,0.0,0.0,0.0
2019-11-10,0.0,0.0,0.0,0.0,0.0
2019-11-11,0.0,0.0,0.0,0.0,0.0
2019-11-12,41616.0,52160.0,46969.6,46440.600000000006,29593.199999999997
2019-11-13,0.0,0.0,0.0,0.0,0.0
2019-11-14,0.0,0.0,0.0,0.0,0.0
2019-11-15,0.0,0.0,0.0,0.0,0.0
2019-11-16,0.0,0.0,0.0,0.0,0.0
2019-11-17,0.0,0.0,0.0,0.0,0.0
2019-11-18,0.0,0.0,0.0,0.0,0.0
2019-11-19,41616.0,49431.6,46969.6,46440.600000000006,29593.199999999997
2019-11-20,41616.0,49431.6,43602.0,46440.600000000006,29593.199999999997
2019-11-21,0.0,0.0,0.0,0.0,0.0
2019-11-22,0.0,0.0,0.0,0.0,0.0
2019-11-23,0.0,0.0,0.0,0.0,0.0
2019-11-24,0.0,0.0,0.0,0.0,0.0
2019-11-25,41616.0,49431.6,46898.0,46440.600000000006,29593.199999999997
2019-11-26,41616.0,49431.6,46898.0,43008.0,29593.199999999997
2019-11-27,0.0,0.0,0.0,0.0,0.0
2019-11-28,0.0,0.0,0.0,0.0,0.0
2019-11-29,0.0,0.0,0.0,0.0,0.0
2019-11-30,0.0,0.0,0.0,0.0,0.0
2019-12-01,0.0,0.0,0.0,0.0,0.0
2019-12-02,0.0,0.0,0.0,0.0,0.0
2019-12-03,0.0,0.0,0.0,0.0,0.0
2019-12-04,0.0,0.0,0.0,0.0,0.0
2019-12-05,0.0,0.0,0.0,0.0,0.0
2019-12-06,0.0,0.0,0.0,0.0,0.0
2019-12-07,0.0,0.0,0.0,0.0,0.0
2019-12-08,0.0,0.0,0.0,0.0,0.0
2019-12-09,41616.0,49431.6,43602.0,43008.0,29593.199999999997
2019-12-10,0.0,0.0,0.0,0.0,0.0
2019-12-11,0.0,0.0,0.0,0.0,0.0
2019-12-12,0.0,0.0,0.0,0.0,0.0
2019-12-13,37676.799999999996,49431.6,43602.0,43008.0,29593.199999999997
2019-12-14,0.0,0.0,0.0,0.0,0.0
2019-12-15,0.0,0.0,0.0,0.0,0.0
2019-12-16,37676.799999999996,46494.0,40007.799999999996,43008.0,29593.199999999997
2019-12-17,33446.9,46494.0,40007.799999999996,38966.4,29593.199999999997
2019-12-18,33446.9,43373.2,40007.799999999996,38966.4,29593.199999999997
2019-12-19,0.0,0.0,0.0,0.0,0.0
2019-12-20,0.0,0.0,0.0,0.0,0.0
2019-12-21,0.0,0.0,0.0,0.0,0.0
2019-12-22,0.0,0.0,0.0,0.0,0.0
2019-12-23,37654.4,46485.6,40007.799999999996,38966.4,29593.199999999997
2019-12-24,0.0,0.0,0.0,0.0,0.0
2019-12-25,37654.4,46485.6,40007.799999999996,38966.4,24790.0
2019-12-26,0.0,0.0,0.0,0.0,0.0
2019-12-27,33427.6,46485.6,40007.799999999996,38966.4,24790.0
2019-12-28,0.0,0.0,0.0,0.0,0.0
2019-12-29,0.0,0.0,0.0,0.0,0.0
2019-12-30,0.0,0.0,0.0,0.0,0.0
2019-12-31,33427.6,43365.600000000006,40007.799999999996,38966.4,24790.0
2020-01-01,0.0,0.0,0.0,0.0,0.0
2020-01-02,33427.6,43365.600000000006,36316.6,38966.4,24790.0
2020-01-03,33427.6,43365.600000000006,36316.6,34640.799999999996,24790.0
2020-01-04,0.0,0.0,0.0,0.0,0.0
2020-01-05,0.0,0.0,0.0,0.0,0.0
2020-01-06,28900.8,39990.8,32140.8,34640.799999999996,19927.2
2020-01-07,0.0,0.0,0.0,0.0,0.0
2020-01-08,0.0,0.0,0.0,0.0,0.0
2020-01-09,24077.8,39990.8,32140.8,34640.799999999996,19927.2
2020-01-10,24077.8,39990.8,32140.8,29966.3,19927.2
2020-01-11,0.0,0.0,0.0,0.0,0.0
2020-01-12,0.0,0.0,0.0,0.0,0.0
2020-01-13,0.0,0.0,0.0,0.0,0.0
2020-01-14,24077.8,39990.8,32140.8,29966.3,24908.4
2020-01-15,0.0,0.0,0.0,0.0,0.0
2020-01-16,0.0,0.0,0.0,0.0,0.0
2020-01-17,24077.8,39990.8,32140.8,25164.0,24908.4
2020-01-18,0.0,0.0,0.0,0.0,0.0
2020-01-19,0.0,0.0,0.0,0.0,0.0
2020-01-20,18940.0,36360.0,32140.8,25164.0,24908.4
2020-01-21,18940.0,36360.0,32140.8,30171.0,24908.4
2020-01-22,0.0,0.0,0.0,0.0,0.0
2020-01-23,24025.4,39922.8,32140.8,30171.0,24908.4
2020-01-24,0.0,0.0,0.0,0.0,0.0
2020-01-25,0.0,0.0,0.0,0.0,0.0
2020-01-26,0.0,0.0,0.0,0.0,0.0
2020-01-27,0.0,0.0,0.0,0.0,0.0
2020-01-28,0.0,0.0,0.0,0.0,0.0
2020-01-29,0.0,0.0,0.0,0.0,0.0
2020-01-30,0.0,0.0,0.0,0.0,0.0
2020-01-31,0.0,0.0,0.0,0.0,0.0
2020-02-01,0.0,0.0,0.0,0.0,0.0
2020-02-02,0.0,0.0,0.0,0.0,0.0
2020-02-03,27070.2,40606.8,33499.8,30171.0,20029.8
2020-02-04,17760.0,40606.8,33499.8,30171.0,20029.8
2020-02-05,49869.6,37434.0,29678.4,25214.399999999998,20029.8
2020-02-06,49869.6,34026.0,25594.899999999998,19877.0,20029.8
2020-02-07,46338.6,34026.0,25594.899999999998,14155.0,20029.8
2020-02-08,0.0,0.0,0.0,0.0,0.0
2020-02-09,0.0,0.0,0.0,0.0,0.0
2020-02-10,46338.6,34026.0,21199.0,14155.0,20029.8
2020-02-11,46338.6,34026.0,21199.0,49959.0,20029.8
2020-02-12,42569.6,30388.800000000003,21199.0,46355.4,20029.8
2020-02-13,42569.6,30388.800000000003,21199.0,38456.6,20029.8
2020-02-14,42569.6,30388.800000000003,21199.0,41662.4,20029.8
2020-02-15,0.0,0.0,0.0,0.0,0.0
2020-02-16,0.0,0.0,0.0,0.0,0.0
2020-02-17,38502.0,26487.999999999996,16490.7,41204.8,20029.8
2020-02-18,38502.0,26487.999999999996,11484.800000000001,44928.0,20029.8
2020-02-19,0.0,0.0,0.0,0.0,0.0
2020-02-20,0.0,0.0,0.0,0.0,0.0
2020-02-21,34144.0,22334.399999999998,50000.0,48412.0,14480.0
2020-02-22,0.0,0.0,0.0,0.0,0.0
2020-02-23,0.0,0.0,0.0,0.0,0.0
2020-02-24,34144.0,22334.399999999998,46447.5,51494.3,49968.6
2020-02-25,29466.6,22334.399999999998,46391.2,51294.100000000006,49968.6
2020-02-26,34080.0,22334.399999999998,46391.2,51294.100000000006,49968.6
2020-02-27,34080.0,22334.399999999998,49875.0,51294.100000000006,49968.6
2020-02-28,37944.0,26444.0,53173.8,53476.799999999996,53155.200000000004
2020-02-29,0.0,0.0,0.0,0.0,0.0
2020-03-01,0.0,0.0,0.0,0.0,0.0
2020-03-02,37944.0,26444.0,49875.0,50593.399999999994,53155.200000000004
2020-03-03,33632.0,22395.6,46278.6,51008.100000000006,53155.200000000004
2020-03-04,33632.0,22395.6,49812.5,51008.100000000006,53155.200000000004
2020-03-05,33632.0,22395.6,46278.6,51008.100000000006,53155.200000000004
2020-03-06,0.0,0.0,0.0,0.0,0.0
2020-03-07,0.0,0.0,0.0,0.0,0.0
2020-03-08,0.0,0.0,0.0,0.0,0.0
2020-03-09,37906.799999999996,26549.6,49812.5,55634.799999999996,52581.9
2020-03-10,37906.799999999996,26549.6,49750.0,53024.4,52581.9
2020-03-11,37906.799999999996,26549.6,49750.0,55702.399999999994,52581.9
2020-03-12,41891.2,26549.6,53036.4,58112.6,52581.9
2020-03-13,41128.0,25889.600000000002,52555.5,53961.700000000004,55408.0
2020-03-14,0.0,0.0,0.0,0.0,0.0
2020-03-15,0.0,0.0,0.0,0.0,0.0
2020-03-16,44767.8,29676.399999999998,55500.9,56056.0,55408.0
2020-03-17,48021.6,33192.0,55426.0,56056.0,57297.6
2020-03-18,44601.200000000004,29686.8,55426.0,56056.0,57297.6
2020-03-19,47916.0,33156.0,58148.7,58227.00000000001,57297.6
2020-03-20,47916.0,33156.0,55351.1,56383.6,57297.6
2020-03-21,0.0,0.0,0.0,0.0,0.0
2020-03-22,0.0,0.0,0.0,0.0,0.0
2020-03-23,51040.0,33156.0,57986.5,56383.6,57297.6
2020-03-24,51040.0,33156.0,57986.5,56383.6,56784.0
2020-03-25,48734.4,33156.0,57986.5,56108.0,56784.0
2020-03-26,48734.4,33156.0,55201.299999999996,56108.0,56784.0
2020-03-27,48734.4,33156.0,55201.299999999996,58585.799999999996,56784.0
2020-03-28,0.0,0.0,0.0,0.0,0.0
2020-03-29,0.0,0.0,0.0,0.0,0.0
2020-03-30,51910.0,33156.0,57499.899999999994,59923.5,56784.0
2020-03-31,0.0,0.0,0.0,0.0,0.0
2020-04-01,0.0,0.0,0.0,0.0,0.0
2020-04-02,48681.600000000006,33156.0,57499.899999999994,59923.5,56784.0
2020-04-03,0.0,0.0,0.0,0.0,0.0
2020-04-04,0.0,0.0,0.0,0.0,0.0
2020-04-05,0.0,0.0,0.0,0.0,0.0
2020-04-06,0.0,0.0,0.0,0.0,0.0
2020-04-07,48681.600000000006,29598.4,54751.9,58130.799999999996,54198.899999999994
2020-04-08,45220.0,29598.4,54751.9,58130.799999999996,54198.899999999994
2020-04-09,45220.0,29598.4,51731.1,58130.799999999996,54198.899999999994
2020-04-10,0.0,0.0,0.0,0.0,0.0
2020-04-11,0.0,0.0,0.0,0.0,0.0
2020-04-12,0.0,0.0,0.0,0.0,0.0
2020-04-13,48655.2,29598.4,54452.299999999996,60313.5,54198.899999999994
2020-04-14,45196.2,29598.4,54452.299999999996,60313.5,54198.899999999994
2020-04-15,45196.2,29598.4,54452.299999999996,58331.0,54198.899999999994
2020-04-16,0.0,0.0,0.0,0.0,0.0
2020-04-17,41488.4,29598.4,51456.3,56479.8,54198.899999999994
2020-04-18,0.0,0.0,0.0,0.0,0.0
2020-04-19,0.0,0.0,0.0,0.0,0.0
2020-04-20,0.0,0.0,0.0,0.0,0.0
2020-04-21,0.0,0.0,0.0,0.0,0.0
2020-04-22,0.0,0.0,0.0,0.0,0.0
2020-04-23,41488.4,29598.4,51456.3,53882.4,54198.899999999994
2020-04-24,0.0,0.0,0.0,0.0,0.0
2020-04-25,0.0,0.0,0.0,0.0,0.0
2020-04-26,0.0,0.0,0.0,0.0,0.0
2020-04-27,41488.4,29598.4,51456.3,50950.9,54198.899999999994
2020-04-28,41361.200000000004,29598.4,54227.6,50950.9,54198.899999999994
2020-04-29,41361.200000000004,29598.4,54227.6,48048.0,54198.899999999994
2020-04-30,41361.200000000004,29598.4,54227.6,48412.0,54198.899999999994
2020-05-01,0.0,0.0,0.0,0.0,0.0
2020-05-02,0.0,0.0,0.0,0.0,0.0
2020-05-03,0.0,0.0,0.0,0.0,0.0
2020-05-04,0.0,0.0,0.0,0.0,0.0
2020-05-05,0.0,0.0,0.0,0.0,0.0
2020-05-06,37385.99999999999,25810.399999999998,51250.2,48412.0,54198.899999999994
2020-05-07,0.0,0.0,0.0,0.0,0.0
2020-05-08,37385.99999999999,25810.399999999998,48062.5,48412.0,54198.899999999994
2020-05-09,0.0,0.0,0.0,0.0,0.0
2020-05-10,0.0,0.0,0.0,0.0,0.0
2020-05-11,0.0,0.0,0.0,0.0,0.0
2020-05-12,0.0,0.0,0.0,0.0,0.0
2020-05-13,37385.99999999999,25810.399999999998,48062.5,51623.0,54198.899999999994
2020-05-14,0.0,0.0,0.0,0.0,0.0
2020-05-15,37385.99999999999,25810.399999999998,48062.5,51623.0,51188.0
2020-05-16,0.0,0.0,0.0,0.0,0.0
2020-05-17,0.0,0.0,0.0,0.0,0.0
2020-05-18,37385.99999999999,25810.399999999998,48062.5,51623.0,47637.7
2020-05-19,37385.99999999999,25810.399999999998,48062.5,48360.0,47637.7
2020-05-20,33136.0,25810.399999999998,48062.5,48360.0,47637.7
2020-05-21,0.0,0.0,0.0,0.0,0.0
2020-05-22,37293.0,25810.399999999998,51181.5,51522.9,47637.7
2020-05-23,0.0,0.0,0.0,0.0,0.0
2020-05-24,0.0,0.0,0.0,0.0,0.0
2020-05-25,37293.0,25810.399999999998,51181.5,48295.0,47637.7
2020-05-26,0.0,0.0,0.0,0.0,0.0
2020-05-27,37293.0,25810.399999999998,51181.5,44857.8,47637.7
2020-05-28,0.0,0.0,0.0,0.0,0.0
2020-05-29,37293.0,25810.399999999998,48000.0,44857.8,47637.7
2020-05-30,0.0,0.0,0.0,0.0,0.0
2020-05-31,0.0,0.0,0.0,0.0,0.0
2020-06-01,33056.0,21751.2,48000.0,44857.8,47637.7
2020-06-02,33056.0,21751.2,44645.9,44857.8,47637.7
2020-06-03,0.0,0.0,0.0,0.0,0.0
2020-06-04,33056.0,21751.2,44645.9,44857.8,51161.200000000004
2020-06-05,0.0,0.0,0.0,0.0,0.0
2020-06-06,0.0,0.0,0.0,0.0,0.0
2020-06-07,0.0,0.0,0.0,0.0,0.0
2020-06-08,0.0,0.0,0.0,0.0,0.0
2020-06-09,0.0,0.0,0.0,0.0,0.0
2020-06-10,0.0,0.0,0.0,0.0,0.0
2020-06-11,28515.2,21751.2,44645.9,44857.8,51161.200000000004
2020-06-12,28515.2,21751.2,44645.9,47541.0,51161.200000000004
2020-06-13,0.0,0.0,0.0,0.0,0.0
2020-06-14,0.0,0.0,0.0,0.0,0.0
2020-06-15,0.0,0.0,0.0,0.0,0.0
2020-06-16,28515.2,21751.2,44645.9,44109.0,51161.200000000004
2020-06-17,23695.2,17427.2,44645.9,44109.0,51161.200000000004
2020-06-18,0.0,0.0,0.0,0.0,0.0
2020-06-19,23695.2,17427.2,40931.7,44109.0,51161.200000000004
2020-06-20,0.0,0.0,0.0,0.0,0.0
2020-06-21,0.0,0.0,0.0,0.0,0.0
2020-06-22,18532.0,17427.2,40931.7,44109.0,51161.200000000004
2020-06-23,0.0,0.0,0.0,0.0,0.0
2020-06-24,0.0,0.0,0.0,0.0,0.0
2020-06-25,0.0,0.0,0.0,0.0,0.0
2020-06-26,0.0,0.0,0.0,0.0,0.0
2020-06-27,0.0,0.0,0.0,0.0,0.0
2020-06-28,0.0,0.0,0.0,0.0,0.0
2020-06-29,0.0,0.0,0.0,0.0,0.0
2020-06-30,13042.400000000001,12824.0,40931.7,44109.0,51161.200000000004
2020-07-01,13042.400000000001,12824.0,40931.7,44109.0,47589.299999999996
2020-07-02,13042.400000000001,12824.0,36963.799999999996,44109.0,47589.299999999996
2020-07-03,13042.400000000001,49567.5,36963.799999999996,44109.0,47589.299999999996
2020-07-04,0.0,0.0,0.0,0.0,0.0
2020-07-05,0.0,0.0,0.0,0.0,0.0
2020-07-06,49762.799999999996,46301.200000000004,32874.4,44109.0,47589.299999999996
2020-07-07,42618.4,42785.4,28318.5,44109.0,47589.299999999996
2020-07-08,42618.4,42785.4,23427.800000000003,44109.0,47589.299999999996
2020-07-09,38646.3,39036.6,18221.399999999998,44109.0,47589.299999999996
2020-07-10,0.0,0.0,0.0,0.0,0.0
2020-07-11,0.0,0.0,0.0,0.0,0.0
2020-07-12,0.0,0.0,0.0,0.0,0.0
2020-07-13,29959.999999999996,35005.6,12680.699999999999,40601.6,47589.299999999996
2020-07-14,34442.4,35005.6,12680.699999999999,40601.6,47589.299999999996
2020-07-15,29874.399999999998,35005.6,18164.1,40601.6,47589.299999999996
2020-07-16,38499.3,42706.1,23301.3,40601.6,47589.299999999996
2020-07-17,42418.0,42706.1,23301.3,40601.6,47589.299999999996
2020-07-18,0.0,0.0,0.0,0.0,0.0
2020-07-19,0.0,0.0,0.0,0.0,0.0
2020-07-20,42317.799999999996,42706.1,23301.3,40601.6,47589.299999999996
2020-07-21,38469.9,38950.2,23301.3,40601.6,47589.299999999996
2020-07-22,34264.6,38950.2,18125.899999999998,40601.6,43750.8
2020-07-23,34213.8,38950.2,18125.899999999998,40601.6,43750.8
2020-07-24,42234.299999999996,42663.4,23276.0,40601.6,43750.8
2020-07-25,0.0,0.0,0.0,0.0,0.0
2020-07-26,0.0,0.0,0.0,0.0,0.0
2020-07-27,42234.299999999996,42663.4,23276.0,40601.6,39643.5
2020-07-28,0.0,0.0,0.0,0.0,0.0
2020-07-29,38293.5,42663.4,18106.8,40601.6,39643.5
2020-07-30,34099.5,38907.0,18106.8,40601.6,39643.5
2020-07-31,0.0,0.0,0.0,0.0,0.0
2020-08-01,0.0,0.0,0.0,0.0,0.0
2020-08-02,0.0,0.0,0.0,0.0,0.0
2020-08-03,29596.2,38907.0,12616.199999999999,40601.6,39643.5
2020-08-04,0.0,0.0,0.0,0.0,0.0
2020-08-05,29596.2,34902.200000000004,12616.199999999999,40601.6,35260.0
2020-08-06,0.0,0.0,0.0,0.0,0.0
2020-08-07,34074.1,34902.200000000004,12616.199999999999,40601.6,35260.0
2020-08-08,0.0,0.0,0.0,0.0,0.0
2020-08-09,0.0,0.0,0.0,0.0,0.0
2020-08-10,0.0,0.0,0.0,0.0,0.0
2020-08-11,38220.0,34902.200000000004,12616.199999999999,40601.6,35260.0
2020-08-12,42117.399999999994,38869.200000000004,18106.8,40601.6,38189.99999999999
2020-08-13,42117.399999999994,38869.200000000004,18106.8,36727.6,38189.99999999999
2020-08-14,42117.399999999994,38869.200000000004,18106.8,36727.6,33956.2
2020-08-15,0.0,0.0,0.0,0.0,0.0
2020-08-16,0.0,0.0,0.0,0.0,0.0
2020-08-17,38190.6,38869.200000000004,12616.199999999999,36727.6,33956.2
2020-08-18,38190.6,34869.299999999996,12616.199999999999,36727.6,33956.2
2020-08-19,0.0,0.0,0.0,0.0,0.0
2020-08-20,41783.399999999994,34869.299999999996,12616.199999999999,36727.6,33956.2
2020-08-21,41783.399999999994,34869.299999999996,12616.199999999999,32440.199999999997,33956.2
2020-08-22,0.0,0.0,0.0,0.0,0.0
2020-08-23,0.0,0.0,0.0,0.0,0.0
2020-08-24,37911.3,34869.299999999996,12616.199999999999,23015.2,33956.2
2020-08-25,37911.3,34869.299999999996,12616.199999999999,17784.0,33956.2
2020-08-26,37911.3,38831.4,12616.199999999999,17772.300000000003,33956.2
2020-08-27,37911.3,38831.4,12616.199999999999,12207.0,33956.2
2020-08-28,33743.9,38831.4,12616.199999999999,52729.6,33956.2
2020-08-29,0.0,0.0,0.0,0.0,0.0
2020-08-30,0.0,0.0,0.0,0.0,0.0
2020-08-31,33743.9,34817.6,12616.199999999999,46294.4,33956.2
2020-09-01,33743.9,34817.6,12616.199999999999,46082.8,33956.2
2020-09-02,33743.9,34817.6,12616.199999999999,42394.0,33956.2
2020-09-03,33743.9,34817.6,12616.199999999999,38433.6,33956.2
2020-09-04,33743.9,34817.6,12616.199999999999,44150.8,33956.2
2020-09-05,0.0,0.0,0.0,0.0,0.0
2020-09-06,0.0,0.0,0.0,0.0,0.0
2020-09-07,37867.200000000004,38772.0,12616.199999999999,50456.0,33956.2
2020-09-08,37867.200000000004,38772.0,12616.199999999999,47338.2,33956.2
2020-09-09,41716.600000000006,42474.3,18087.7,46206.0,33956.2
2020-09-10,45310.1,42474.3,23225.4,42964.0,33956.2
2020-09-11,45310.1,42474.3,23225.4,45910.200000000004,33956.2
2020-09-12,0.0,0.0,0.0,0.0,0.0
2020-09-13,0.0,0.0,0.0,0.0,0.0
2020-09-14,41683.2,42474.3,18068.6,42789.2,33956.2
2020-09-15,41683.2,42474.3,18068.6,39319.0,33956.2
2020-09-16,41683.2,42474.3,18068.6,39032.0,33956.2
2020-09-17,41683.2,42474.3,18068.6,42439.600000000006,33956.2
2020-09-18,41683.2,42474.3,18068.6,38999.200000000004,33956.2
2020-09-19,0.0,0.0,0.0,0.0,0.0
2020-09-20,0.0,0.0,0.0,0.0,0.0
2020-09-21,0.0,0.0,0.0,0.0,0.0
2020-09-22,41683.2,42474.3,18068.6,42439.600000000006,37791.0
2020-09-23,0.0,0.0,0.0,0.0,0.0
2020-09-24,41683.2,42474.3,18068.6,45573.6,37791.0
2020-09-25,0.0,0.0,0.0,0.0,0.0
2020-09-26,0.0,0.0,0.0,0.0,0.0
2020-09-27,0.0,0.0,0.0,0.0,0.0
2020-09-28,41683.2,42474.3,23200.100000000002,45573.6,37791.0
2020-09-29,41683.2,42474.3,23200.100000000002,42366.00000000001,37791.0
2020-09-30,0.0,0.0,0.0,0.0,0.0
2020-10-01,0.0,0.0,0.0,0.0,0.0
2020-10-02,0.0,0.0,0.0,0.0,0.0
2020-10-03,0.0,0.0,0.0,0.0,0.0
2020-10-04,0.0,0.0,0.0,0.0,0.0
2020-10-05,0.0,0.0,0.0,0.0,0.0
2020-10-06,0.0,0.0,0.0,0.0,0.0
2020-10-07,0.0,0.0,0.0,0.0,0.0
2020-10-08,0.0,0.0,0.0,0.0,0.0
2020-10-09,37808.4,42474.3,18049.5,42366.00000000001,37791.0
2020-10-10,0.0,0.0,0.0,0.0,0.0
2020-10-11,0.0,0.0,0.0,0.0,0.0
2020-10-12,33655.0,38734.2,12564.6,42366.00000000001,37791.0
2020-10-13,33655.0,38734.2,12564.6,38909.0,37791.0
2020-10-14,0.0,0.0,0.0,0.0,0.0
2020-10-15,33655.0,38734.2,12564.6,42338.4,37791.0
2020-10-16,0.0,0.0,0.0,0.0,0.0
2020-10-17,0.0,0.0,0.0,0.0,0.0
2020-10-18,0.0,0.0,0.0,0.0,0.0
2020-10-19,0.0,0.0,0.0,0.0,0.0
2020-10-20,0.0,0.0,0.0,0.0,0.0
2020-10-21,0.0,0.0,0.0,0.0,0.0
2020-10-22,37779.0,42425.5,18011.3,42338.4,37791.0
2020-10-23,37779.0,42425.5,18011.3,45481.799999999996,37791.0
2020-10-24,0.0,0.0,0.0,0.0,0.0
2020-10-25,0.0,0.0,0.0,0.0,0.0
2020-10-26,41549.6,42425.5,23124.2,45481.799999999996,37791.0
2020-10-27,0.0,0.0,0.0,0.0,0.0
2020-10-28,37676.100000000006,42425.5,23124.2,45481.799999999996,37791.0
2020-10-29,37676.100000000006,42425.5,23124.2,47532.799999999996,37791.0
2020-10-30,37676.100000000006,45859.2,23124.2,47532.799999999996,37791.0
2020-10-31,0.0,0.0,0.0,0.0,0.0
2020-11-01,0.0,0.0,0.0,0.0,0.0
2020-11-02,0.0,0.0,0.0,0.0,0.0
2020-11-03,33540.7,45859.2,23124.2,44614.799999999996,37791.0
2020-11-04,33540.7,45859.2,23124.2,38433.4,37791.0
2020-11-05,33540.7,42419.4,17992.2,38474.4,37791.0
2020-11-06,33540.7,42419.4,17992.2,41814.0,37791.0
2020-11-07,0.0,0.0,0.0,0.0,0.0
2020-11-08,0.0,0.0,0.0,0.0,0.0
2020-11-09,29146.800000000003,42419.4,17992.2,41814.0,37791.0
2020-11-10,29146.800000000003,42419.4,17992.2,41814.0,41612.4
2020-11-11,33528.0,42419.4,17992.2,44920.799999999996,41612.4
2020-11-12,0.0,0.0,0.0,0.0,0.0
2020-11-13,0.0,0.0,0.0,0.0,0.0
2020-11-14,0.0,0.0,0.0,0.0,0.0
2020-11-15,0.0,0.0,0.0,0.0,0.0
2020-11-16,0.0,0.0,0.0,0.0,0.0
2020-11-17,37632.0,42419.4,17992.2,44920.799999999996,41612.4
2020-11-18,0.0,0.0,0.0,0.0,0.0
2020-11-19,37632.0,42419.4,17992.2,47734.399999999994,41612.4
2020-11-20,0.0,0.0,0.0,0.0,0.0
2020-11-21,0.0,0.0,0.0,0.0,0.0
2020-11-22,0.0,0.0,0.0,0.0,0.0
2020-11-23,37632.0,38685.6,17992.2,47734.399999999994,41612.4
2020-11-24,0.0,0.0,0.0,0.0,0.0
2020-11-25,37632.0,38685.6,17992.2,47734.399999999994,45072.5
2020-11-26,37632.0,42388.9,17992.2,47734.399999999994,45072.5
2020-11-27,0.0,0.0,0.0,0.0,0.0
2020-11-28,0.0,0.0,0.0,0.0,0.0
2020-11-29,0.0,0.0,0.0,0.0,0.0
2020-11-30,37632.0,42388.9,17992.2,47734.399999999994,48360.6
2020-12-01,0.0,0.0,0.0,0.0,0.0
2020-12-02,37632.0,42388.9,17992.2,45043.200000000004,48360.6
2020-12-03,37632.0,42388.9,17992.2,45043.200000000004,45108.8
2020-12-04,33489.9,42388.9,17992.2,45043.200000000004,45108.8
2020-12-05,0.0,0.0,0.0,0.0,0.0
2020-12-06,0.0,0.0,0.0,0.0,0.0
2020-12-07,0.0,0.0,0.0,0.0,0.0
2020-12-08,0.0,0.0,0.0,0.0,0.0
2020-12-09,0.0,0.0,0.0,0.0,0.0
2020-12-10,33489.9,42388.9,17992.2,47084.799999999996,45108.8
2020-12-11,33489.9,42388.9,23098.9,47084.799999999996,45108.8
2020-12-12,0.0,0.0,0.0,0.0,0.0
2020-12-13,0.0,0.0,0.0,0.0,0.0
2020-12-14,0.0,0.0,0.0,0.0,0.0
2020-12-15,0.0,0.0,0.0,0.0,0.0
2020-12-16,0.0,0.0,0.0,0.0,0.0
2020-12-17,0.0,0.0,0.0,0.0,0.0
2020-12-18,33489.9,42388.9,23098.9,47084.799999999996,41472.0
2020-12-19,0.0,0.0,0.0,0.0,0.0
2020-12-20,0.0,0.0,0.0,0.0,0.0
2020-12-21,29071.9,42388.9,17973.1,44196.6,41472.0
2020-12-22,0.0,0.0,0.0,0.0,0.0
2020-12-23,0.0,0.0,0.0,0.0,0.0
2020-12-24,0.0,0.0,0.0,0.0,0.0
2020-12-25,0.0,0.0,0.0,0.0,0.0
2020-12-26,0.0,0.0,0.0,0.0,0.0
2020-12-27,0.0,0.0,0.0,0.0,0.0
2020-12-28,0.0,0.0,0.0,0.0,0.0
2020-12-29,0.0,0.0,0.0,0.0,0.0
2020-12-30,24360.0,42388.9,23073.600000000002,44196.6,41472.0
2020-12-31,0.0,0.0,0.0,0.0,0.0
2021-01-01,0.0,0.0,0.0,0.0,0.0
2021-01-02,0.0,0.0,0.0,0.0,0.0
2021-01-03,0.0,0.0,0.0,0.0,0.0
2021-01-04,13987.2,38653.200000000004,17954.0,44196.6,41472.0
2021-01-05,0.0,0.0,0.0,0.0,0.0
2021-01-06,0.0,0.0,0.0,0.0,0.0
2021-01-07,0.0,0.0,0.0,0.0,0.0
2021-01-08,49734.0,38653.200000000004,17954.0,44196.6,41472.0
2021-01-09,0.0,0.0,0.0,0.0,0.0
2021-01-10,0.0,0.0,0.0,0.0,0.0
2021-01-11,52990.6,38653.200000000004,23048.3,44196.6,45036.2
2021-01-12,49701.6,38653.200000000004,23048.3,44196.6,45036.2
2021-01-13,0.0,0.0,0.0,0.0,0.0
2021-01-14,52955.0,38653.200000000004,23048.3,44196.6,45036.2
2021-01-15,0.0,0.0,0.0,0.0,0.0
2021-01-16,0.0,0.0,0.0,0.0,0.0
2021-01-17,0.0,0.0,0.0,0.0,0.0
2021-01-18,52955.0,38653.200000000004,17934.899999999998,44196.6,45036.2
2021-01-19,0.0,0.0,0.0,0.0,0.0
2021-01-20,49653.0,38653.200000000004,17934.899999999998,44196.6,45036.2
2021-01-21,46106.799999999996,38653.200000000004,17934.899999999998,44196.6,45036.2
2021-01-22,0.0,0.0,0.0,0.0,0.0
2021-01-23,0.0,0.0,0.0,0.0,0.0
2021-01-24,0.0,0.0,0.0,0.0,0.0
2021-01-25,42341.0,34676.6,17934.899999999998,41087.200000000004,45036.2
2021-01-26,46106.799999999996,34676.6,17934.899999999998,41087.200000000004,45036.2
2021-01-27,0.0,0.0,0.0,0.0,0.0
2021-01-28,49604.399999999994,38631.6,23023.0,44186.4,45036.2
2021-01-29,52866.0,42309.6,27783.0,44186.4,45036.2
2021-01-30,0.0,0.0,0.0,0.0,0.0
2021-01-31,0.0,0.0,0.0,0.0,0.0
2021-02-01,49572.0,42309.6,27783.0,44186.4,45036.2
2021-02-02,0.0,0.0,0.0,0.0,0.0
2021-02-03,46019.200000000004,38583.0,27783.0,41538.0,45036.2
2021-02-04,49491.0,38583.0,27783.0,41538.0,45036.2
2021-02-05,49491.0,42273.0,27783.0,41538.0,45036.2
2021-02-06,0.0,0.0,0.0,0.0,0.0
2021-02-07,0.0,0.0,0.0,0.0,0.0
2021-02-08,49491.0,42273.0,32120.399999999998,41538.0,45036.2
2021-02-09,46428.0,38545.2,27657.0,41538.0,45036.2
2021-02-10,42627.0,38545.2,27657.0,41538.0,45036.2
2021-02-11,0.0,0.0,0.0,0.0,0.0
2021-02-12,0.0,0.0,0.0,0.0,0.0
2021-02-13,0.0,0.0,0.0,0.0,0.0
2021-02-14,0.0,0.0,0.0,0.0,0.0
2021-02-15,0.0,0.0,0.0,0.0,0.0
2021-02-16,0.0,0.0,0.0,0.0,0.0
2021-02-17,0.0,0.0,0.0,0.0,0.0
2021-02-18,42627.0,34596.7,22972.4,41538.0,45036.2
2021-02-19,46369.600000000006,34596.7,22972.4,41538.0,45036.2
2021-02-20,0.0,0.0,0.0,0.0,0.0
2021-02-21,0.0,0.0,0.0,0.0,0.0
2021-02-22,49896.0,34596.7,17877.600000000002,41538.0,45036.2
2021-02-23,0.0,0.0,0.0,0.0,0.0
2021-02-24,56124.2,34596.7,22921.8,44635.200000000004,45036.2
2021-02-25,0.0,0.0,0.0,0.0,0.0
2021-02-26,58926.0,38356.2,22921.8,47521.600000000006,48374.0
2021-02-27,0.0,0.0,0.0,0.0,0.0
2021-02-28,0.0,0.0,0.0,0.0,0.0
2021-03-01,56104.799999999996,38356.2,22921.8,47521.600000000006,48374.0
2021-03-02,56104.799999999996,38356.2,22921.8,45186.0,48374.0
2021-03-03,0.0,0.0,0.0,0.0,0.0
2021-03-04,58863.0,38356.2,22921.8,47689.6,48374.0
2021-03-05,58674.0,38356.2,22921.8,50386.0,50950.200000000004
2021-03-06,0.0,0.0,0.0,0.0,0.0
2021-03-07,0.0,0.0,0.0,0.0,0.0
2021-03-08,61246.0,38356.2,22921.8,50386.0,50950.200000000004
2021-03-09,63283.00000000001,41998.5,27657.0,50386.0,50950.200000000004
2021-03-10,63283.00000000001,41998.5,27657.0,47846.4,50950.200000000004
2021-03-11,63283.00000000001,41998.5,27657.0,47846.4,47838.0
2021-03-12,0.0,0.0,0.0,0.0,0.0
2021-03-13,0.0,0.0,0.0,0.0,0.0
2021-03-14,0.0,0.0,0.0,0.0,0.0
2021-03-15,65403.00000000001,41998.5,27657.0,47846.4,47838.0
2021-03-16,0.0,0.0,0.0,0.0,0.0
2021-03-17,63210.4,41998.5,27657.0,47846.4,47838.0
2021-03-18,63210.4,41998.5,27657.0,44971.799999999996,47838.0
2021-03-19,63210.4,41998.5,27657.0,47846.4,47838.0
2021-03-20,0.0,0.0,0.0,0.0,0.0
2021-03-21,0.0,0.0,0.0,0.0,0.0
2021-03-22,0.0,0.0,0.0,0.0,0.0
2021-03-23,0.0,0.0,0.0,0.0,0.0
2021-03-24,65351.4,41998.5,27657.0,47846.4,47838.0
2021-03-25,0.0,0.0,0.0,0.0,0.0
2021-03-26,63137.8,41998.5,27657.0,47846.4,47838.0
2021-03-27,0.0,0.0,0.0,0.0,0.0
2021-03-28,0.0,0.0,0.0,0.0,0.0
2021-03-29,0.0,0.0,0.0,0.0,0.0
2021-03-30,0.0,0.0,0.0,0.0,0.0
2021-03-31,0.0,0.0,0.0,0.0,0.0
2021-04-01,60794.0,41998.5,27657.0,44890.2,47838.0
2021-04-02,0.0,0.0,0.0,0.0,0.0
2021-04-03,0.0,0.0,0.0,0.0,0.0
2021-04-04,0.0,0.0,0.0,0.0,0.0
2021-04-05,0.0,0.0,0.0,0.0,0.0
2021-04-06,60794.0,41998.5,22896.5,41915.2,47838.0
2021-04-07,0.0,0.0,0.0,0.0,0.0
2021-04-08,0.0,0.0,0.0,0.0,0.0
2021-04-09,0.0,0.0,0.0,0.0,0.0
2021-04-10,0.0,0.0,0.0,0.0,0.0
2021-04-11,0.0,0.0,0.0,0.0,0.0
2021-04-12,0.0,0.0,0.0,0.0,0.0
2021-04-13,0.0,0.0,0.0,0.0,0.0
2021-04-14,0.0,0.0,0.0,0.0,0.0
2021-04-15,0.0,0.0,0.0,0.0,0.0
2021-04-16,0.0,0.0,0.0,0.0,0.0
2021-04-17,0.0,0.0,0.0,0.0,0.0
2021-04-18,0.0,0.0,0.0,0.0,0.0
2021-04-19,58233.0,38302.2,22896.5,38482.6,47838.0
2021-04-20,0.0,0.0,0.0,0.0,0.0
2021-04-21,0.0,0.0,0.0,0.0,0.0
2021-04-22,58233.0,38302.2,22896.5,38482.6,44600.6
2021-04-23,55425.8,38302.2,22896.5,38482.6,44600.6
2021-04-24,0.0,0.0,0.0,0.0,0.0
2021-04-25,0.0,0.0,0.0,0.0,0.0
2021-04-26,52385.4,38302.2,22896.5,38482.6,44600.6
2021-04-27,55328.799999999996,38302.2,22896.5,38482.6,44600.6
2021-04-28,52296.4,38302.2,22896.5,38482.6,44600.6
2021-04-29,0.0,0.0,0.0,0.0,0.0
2021-04-30,0.0,0.0,0.0,0.0,0.0
2021-05-01,0.0,0.0,0.0,0.0,0.0
2021-05-02,0.0,0.0,0.0,0.0,0.0
2021-05-03,0.0,0.0,0.0,0.0,0.0
2021-05-04,0.0,0.0,0.0,0.0,0.0
2021-05-05,0.0,0.0,0.0,0.0,0.0
2021-05-06,52296.4,38302.2,22896.5,41400.0,44600.6
2021-05-07,55270.600000000006,38302.2,22896.5,41400.0,44600.6
2021-05-08,0.0,0.0,0.0,0.0,0.0
2021-05-09,0.0,0.0,0.0,0.0,0.0
2021-05-10,0.0,0.0,0.0,0.0,0.0
2021-05-11,0.0,0.0,0.0,0.0,0.0
2021-05-12,0.0,0.0,0.0,0.0,0.0
2021-05-13,55270.600000000006,38302.2,22896.5,44094.600000000006,44600.6
2021-05-14,52243.0,38302.2,22896.5,44094.600000000006,44600.6
2021-05-15,0.0,0.0,0.0,0.0,0.0
2021-05-16,0.0,0.0,0.0,0.0,0.0
2021-05-17,52243.0,34366.4,22896.5,44094.600000000006,44600.6
2021-05-18,52243.0,34366.4,22896.5,40967.600000000006,41126.4
2021-05-19,0.0,0.0,0.0,0.0,0.0
2021-05-20,49086.0,34366.4,22896.5,40967.600000000006,41126.4
2021-05-21,0.0,0.0,0.0,0.0,0.0
2021-05-22,0.0,0.0,0.0,0.0,0.0
2021-05-23,0.0,0.0,0.0,0.0,0.0
2021-05-24,49086.0,34366.4,17820.3,40967.600000000006,41126.4
2021-05-25,45566.6,34366.4,17820.3,40967.600000000006,41126.4
2021-05-26,0.0,0.0,0.0,0.0,0.0
2021-05-27,45566.6,34366.4,12396.9,40967.600000000006,41126.4
2021-05-28,0.0,0.0,0.0,0.0,0.0
2021-05-29,0.0,0.0,0.0,0.0,0.0
2021-05-30,0.0,0.0,0.0,0.0,0.0
2021-05-31,0.0,0.0,0.0,0.0,0.0
2021-06-01,0.0,0.0,0.0,0.0,0.0
2021-06-02,0.0,0.0,0.0,0.0,0.0
2021-06-03,0.0,0.0,0.0,0.0,0.0
2021-06-04,45566.6,34366.4,12396.9,40967.600000000006,44685.3
2021-06-05,0.0,0.0,0.0,0.0,0.0
2021-06-06,0.0,0.0,0.0,0.0,0.0
2021-06-07,0.0,0.0,0.0,0.0,0.0
2021-06-08,0.0,0.0,0.0,0.0,0.0
2021-06-09,0.0,0.0,0.0,0.0,0.0
2021-06-10,45566.6,30128.0,49995.0,40967.600000000006,44685.3
2021-06-11,0.0,0.0,0.0,0.0,0.0
2021-06-12,0.0,0.0,0.0,0.0,0.0
2021-06-13,0.0,0.0,0.0,0.0,0.0
2021-06-14,0.0,0.0,0.0,0.0,0.0
2021-06-15,45566.6,30128.0,49995.0,37826.600000000006,44685.3
2021-06-16,49037.4,30128.0,53280.0,37826.600000000006,44685.3
2021-06-17,0.0,0.0,0.0,0.0,0.0
2021-06-18,45522.799999999996,30128.0,49944.5,37826.600000000006,44685.3
2021-06-19,0.0,0.0,0.0,0.0,0.0
2021-06-20,0.0,0.0,0.0,0.0,0.0
2021-06-21,0.0,0.0,0.0,0.0,0.0
2021-06-22,0.0,0.0,0.0,0.0,0.0
2021-06-23,41756.0,30128.0,49944.5,37826.600000000006,44685.3
2021-06-24,41756.0,30128.0,46364.49999999999,37826.600000000006,44685.3
2021-06-25,41756.0,30128.0,46364.49999999999,34279.200000000004,44685.3
2021-06-26,0.0,0.0,0.0,0.0,0.0
2021-06-27,0.0,0.0,0.0,0.0,0.0
2021-06-28,37722.6,30128.0,46364.49999999999,34279.200000000004,44685.3
2021-06-29,0.0,0.0,0.0,0.0,0.0
2021-06-30,37722.6,30128.0,46364.49999999999,34279.200000000004,47998.799999999996
2021-07-01,0.0,0.0,0.0,0.0,0.0
2021-07-02,0.0,0.0,0.0,0.0,0.0
2021-07-03,0.0,0.0,0.0,0.0,0.0
2021-07-04,0.0,0.0,0.0,0.0,0.0
2021-07-05,0.0,0.0,0.0,0.0,0.0
2021-07-06,41704.0,30128.0,46364.49999999999,34279.200000000004,47998.799999999996
2021-07-07,37699.8,30128.0,46364.49999999999,30429.600000000002,47998.799999999996
2021-07-08,0.0,0.0,0.0,0.0,0.0
2021-07-09,37699.8,30128.0,46364.49999999999,30429.600000000002,44649.0
2021-07-10,0.0,0.0,0.0,0.0,0.0
2021-07-11,0.0,0.0,0.0,0.0,0.0
2021-07-12,33398.4,30128.0,42525.0,30429.600000000002,44649.0
2021-07-13,33398.4,25604.7,42525.0,30429.600000000002,44649.0
2021-07-14,0.0,0.0,0.0,0.0,0.0
2021-07-15,0.0,0.0,0.0,0.0,0.0
2021-07-16,0.0,0.0,0.0,0.0,0.0
2021-07-17,0.0,0.0,0.0,0.0,0.0
2021-07-18,0.0,0.0,0.0,0.0,0.0
2021-07-19,0.0,0.0,0.0,0.0,0.0
2021-07-20,0.0,0.0,0.0,0.0,0.0
2021-07-21,0.0,0.0,0.0,0.0,0.0
2021-07-22,0.0,0.0,0.0,0.0,0.0
2021-07-23,0.0,0.0,0.0,0.0,0.0
2021-07-24,0.0,0.0,0.0,0.0,0.0
2021-07-25,0.0,0.0,0.0,0.0,0.0
2021-07-26,41665.0,25604.7,42525.0,30429.600000000002,44649.0
2021-07-27,41626.0,25604.7,42525.0,30429.600000000002,44649.0
2021-07-28,41509.0,30072.0,46137.0,30429.600000000002,44649.0
2021-07-29,37506.0,30072.0,42322.5,30429.600000000002,44649.0
2021-07-30,0.0,0.0,0.0,0.0,0.0
2021-07-31,0.0,0.0,0.0,0.0,0.0
2021-08-01,0.0,0.0,0.0,0.0,0.0
2021-08-02,33231.8,30072.0,38233.5,30429.600000000002,44649.0
2021-08-03,0.0,0.0,0.0,0.0,0.0
2021-08-04,33231.8,25555.2,38233.5,30429.600000000002,44649.0
2021-08-05,0.0,0.0,0.0,0.0,0.0
2021-08-06,0.0,0.0,0.0,0.0,0.0
2021-08-07,0.0,0.0,0.0,0.0,0.0
2021-08-08,0.0,0.0,0.0,0.0,0.0
2021-08-09,33231.8,25555.2,38233.5,30429.600000000002,47637.0
2021-08-10,0.0,0.0,0.0,0.0,0.0
2021-08-11,0.0,0.0,0.0,0.0,0.0
2021-08-12,37460.4,20745.4,33855.0,30429.600000000002,47637.0
2021-08-13,0.0,0.0,0.0,0.0,0.0
2021-08-14,0.0,0.0,0.0,0.0,0.0
2021-08-15,0.0,0.0,0.0,0.0,0.0
2021-08-16,0.0,0.0,0.0,0.0,0.0
2021-08-17,41418.0,25535.4,38198.0,30429.600000000002,47637.0
2021-08-18,41418.0,25535.4,38198.0,30429.600000000002,44310.2
2021-08-19,0.0,0.0,0.0,0.0,0.0
2021-08-20,45099.4,25535.4,38198.0,30429.600000000002,44310.2
2021-08-21,0.0,0.0,0.0,0.0,0.0
2021-08-22,0.0,0.0,0.0,0.0,0.0
2021-08-23,41405.0,25535.4,33824.5,30429.600000000002,44310.2
2021-08-24,41405.0,20724.6,33824.5,26556.4,44310.2
2021-08-25,0.0,0.0,0.0,0.0,0.0
2021-08-26,0.0,0.0,0.0,0.0,0.0
2021-08-27,0.0,0.0,0.0,0.0,0.0
2021-08-28,0.0,0.0,0.0,0.0,0.0
2021-08-29,0.0,0.0,0.0,0.0,0.0
2021-08-30,0.0,0.0,0.0,0.0,0.0
2021-08-31,45099.4,20724.6,33824.5,26556.4,44310.2
2021-09-01,0.0,0.0,0.0,0.0,0.0
2021-09-02,45099.4,15602.8,33824.5,26556.4,44310.2
2021-09-03,0.0,0.0,0.0,0.0,0.0
2021-09-04,0.0,0.0,0.0,0.0,0.0
2021-09-05,0.0,0.0,0.0,0.0,0.0
2021-09-06,0.0,0.0,0.0,0.0,0.0
2021-09-07,45099.4,15602.8,29146.5,26556.4,44310.2
2021-09-08,45099.4,49908.1,29146.5,26556.4,44310.2
2021-09-09,0.0,0.0,0.0,0.0,0.0
2021-09-10,0.0,0.0,0.0,0.0,0.0
2021-09-11,0.0,0.0,0.0,0.0,0.0
2021-09-12,0.0,0.0,0.0,0.0,0.0
2021-09-13,0.0,0.0,0.0,0.0,0.0
2021-09-14,0.0,0.0,0.0,0.0,0.0
2021-09-15,0.0,0.0,0.0,0.0,0.0
2021-09-16,0.0,0.0,0.0,0.0,0.0
2021-09-17,45099.4,52499.2,33794.0,26556.4,44310.2
2021-09-18,0.0,0.0,0.0,0.0,0.0
2021-09-19,0.0,0.0,0.0,0.0,0.0
2021-09-20,0.0,0.0,0.0,0.0,0.0
2021-09-21,0.0,0.0,0.0,0.0,0.0
2021-09-22,0.0,0.0,0.0,0.0,0.0
2021-09-23,45099.4,49854.99999999999,33794.0,26556.4,44310.2
2021-09-24,0.0,0.0,0.0,0.0,0.0
2021-09-25,0.0,0.0,0.0,0.0,0.0
2021-09-26,0.0,0.0,0.0,0.0,0.0
2021-09-27,45099.4,52435.2,38127.0,26556.4,44310.2
2021-09-28,0.0,0.0,0.0,0.0,0.0
2021-09-29,45099.4,54827.4,38127.0,30373.8,47596.8
2021-09-30,0.0,0.0,0.0,0.0,0.0
2021-10-01,0.0,0.0,0.0,0.0,0.0
2021-10-02,0.0,0.0,0.0,0.0,0.0
2021-10-03,0.0,0.0,0.0,0.0,0.0
2021-10-04,0.0,0.0,0.0,0.0,0.0
2021-10-05,0.0,0.0,0.0,0.0,0.0
2021-10-06,0.0,0.0,0.0,0.0,0.0
2021-10-07,0.0,0.0,0.0,0.0,0.0
2021-10-08,41379.0,54827.4,38127.0,30373.8,47596.8
2021-10-09,0.0,0.0,0.0,0.0,0.0
2021-10-10,0.0,0.0,0.0,0.0,0.0
2021-10-11,0.0,0.0,0.0,0.0,0.0
2021-10-12,45055.6,54827.4,42160.5,30373.8,47596.8
2021-10-13,0.0,0.0,0.0,0.0,0.0
2021-10-14,0.0,0.0,0.0,0.0,0.0
2021-10-15,41327.0,54827.4,42160.5,30373.8,47596.8
2021-10-16,0.0,0.0,0.0,0.0,0.0
2021-10-17,0.0,0.0,0.0,0.0,0.0
2021-10-18,41327.0,54827.4,38091.5,30373.8,47596.8
2021-10-19,0.0,0.0,0.0,0.0,0.0
2021-10-20,41327.0,54827.4,38091.5,26254.800000000003,47596.8
2021-10-21,0.0,0.0,0.0,0.0,0.0
2021-10-22,0.0,0.0,0.0,0.0,0.0
2021-10-23,0.0,0.0,0.0,0.0,0.0
2021-10-24,0.0,0.0,0.0,0.0,0.0
2021-10-25,0.0,0.0,0.0,0.0,0.0
2021-10-26,0.0,0.0,0.0,0.0,0.0
2021-10-27,0.0,0.0,0.0,0.0,0.0
2021-10-28,0.0,0.0,0.0,0.0,0.0
2021-10-29,0.0,0.0,0.0,0.0,0.0
2021-10-30,0.0,0.0,0.0,0.0,0.0
2021-10-31,0.0,0.0,0.0,0.0,0.0
2021-11-01,41327.0,54827.4,38091.5,21873.600000000002,47596.8
2021-11-02,0.0,0.0,0.0,0.0,0.0
2021-11-03,0.0,0.0,0.0,0.0,0.0
2021-11-04,0.0,0.0,0.0,0.0,0.0
2021-11-05,37335.0,54827.4,38091.5,17184.0,47596.8
2021-11-06,0.0,0.0,0.0,0.0,0.0
2021-11-07,0.0,0.0,0.0,0.0,0.0
2021-11-08,37335.0,54827.4,38091.5,17184.0,44419.1
2021-11-09,0.0,0.0,0.0,0.0,0.0
2021-11-10,0.0,0.0,0.0,0.0,0.0
2021-11-11,37335.0,54827.4,33733.0,17184.0,44419.1
2021-11-12,0.0,0.0,0.0,0.0,0.0
2021-11-13,0.0,0.0,0.0,0.0,0.0
2021-11-14,0.0,0.0,0.0,0.0,0.0
2021-11-15,0.0,0.0,0.0,0.0,0.0
2021-11-16,0.0,0.0,0.0,0.0,0.0
2021-11-17,0.0,0.0,0.0,0.0,0.0
2021-11-18,0.0,0.0,0.0,0.0,0.0
2021-11-19,0.0,0.0,0.0,0.0,0.0
2021-11-20,0.0,0.0,0.0,0.0,0.0
2021-11-21,0.0,0.0,0.0,0.0,0.0
2021-11-22,33065.200000000004,54827.4,29069.999999999996,17184.0,44419.1
2021-11-23,0.0,0.0,0.0,0.0,0.0
2021-11-24,0.0,0.0,0.0,0.0,0.0
2021-11-25,0.0,0.0,0.0,0.0,0.0
2021-11-26,0.0,0.0,0.0,0.0,0.0
2021-11-27,0.0,0.0,0.0,0.0,0.0
2021-11-28,0.0,0.0,0.0,0.0,0.0
2021-11-29,0.0,0.0,0.0,0.0,0.0
2021-11-30,33065.200000000004,54827.4,24087.5,17184.0,44419.1
2021-12-01,33065.200000000004,52390.4,24087.5,17184.0,44419.1
2021-12-02,0.0,0.0,0.0,0.0,0.0
2021-12-03,33065.200000000004,52390.4,24087.5,21873.600000000002,44419.1
2021-12-04,0.0,0.0,0.0,0.0,0.0
2021-12-05,0.0,0.0,0.0,0.0,0.0
2021-12-06,0.0,0.0,0.0,0.0,0.0
2021-12-07,37300.799999999996,52390.4,29044.5,21873.600000000002,44419.1
2021-12-08,0.0,0.0,0.0,0.0,0.0
2021-12-09,0.0,0.0,0.0,0.0,0.0
2021-12-10,33045.6,52390.4,29044.5,21873.600000000002,44419.1
2021-12-11,0.0,0.0,0.0,0.0,0.0
2021-12-12,0.0,0.0,0.0,0.0,0.0
2021-12-13,0.0,0.0,0.0,0.0,0.0
2021-12-14,0.0,0.0,0.0,0.0,0.0
2021-12-15,33045.6,52390.4,29044.5,21873.600000000002,47704.0
2021-12-16,0.0,0.0,0.0,0.0,0.0
2021-12-17,0.0,0.0,0.0,0.0,0.0
2021-12-18,0.0,0.0,0.0,0.0,0.0
2021-12-19,0.0,0.0,0.0,0.0,0.0
2021-12-20,37278.0,52390.4,29044.5,21873.600000000002,47704.0
2021-12-21,0.0,0.0,0.0,0.0,0.0
2021-12-22,0.0,0.0,0.0,0.0,0.0
2021-12-23,0.0,0.0,0.0,0.0,0.0
2021-12-24,0.0,0.0,0.0,0.0,0.0
2021-12-25,0.0,0.0,0.0,0.0,0.0
2021-12-26,0.0,0.0,0.0,0.0,0.0
2021-12-27,0.0,0.0,0.0,0.0,0.0
2021-12-28,37278.0,52390.4,29044.5,17257.6,47704.0
2021-12-29,0.0,0.0,0.0,0.0,0.0
2021-12-30,0.0,0.0,0.0,0.0,0.0
2021-12-31,0.0,0.0,0.0,0.0,0.0
2022-01-01,0.0,0.0,0.0,0.0,0.0
2022-01-02,0.0,0.0,0.0,0.0,0.0
2022-01-03,0.0,0.0,0.0,0.0,0.0
2022-01-04,41223.0,52390.4,29044.5,17257.6,47704.0
2022-01-05,44895.0,52390.4,29044.5,17257.6,47704.0
2022-01-06,44895.0,52390.4,29044.5,21642.6,47704.0
2022-01-07,0.0,0.0,0.0,0.0,0.0
2022-01-08,0.0,0.0,0.0,0.0,0.0
2022-01-09,0.0,0.0,0.0,0.0,0.0
2022-01-10,48308.4,52390.4,29044.5,21642.6,47704.0
2022-01-11,0.0,0.0,0.0,0.0,0.0
2022-01-12,0.0,0.0,0.0,0.0,0.0
2022-01-13,0.0,0.0,0.0,0.0,0.0
2022-01-14,48308.4,54779.1,33672.0,22220.0,47704.0
2022-01-15,0.0,0.0,0.0,0.0,0.0
2022-01-16,0.0,0.0,0.0,0.0,0.0
2022-01-17,44851.200000000004,54779.1,33672.0,22220.0,47704.0
2022-01-18,44851.200000000004,54779.1,29018.999999999996,22220.0,47704.0
2022-01-19,48243.600000000006,54779.1,29018.999999999996,22220.0,47704.0
2022-01-20,48243.600000000006,54779.1,33641.5,22517.0,44528.0
2022-01-21,0.0,0.0,0.0,0.0,0.0
2022-01-22,0.0,0.0,0.0,0.0,0.0
2022-01-23,0.0,0.0,0.0,0.0,0.0
2022-01-24,48243.600000000006,54779.1,37843.0,22752.0,44528.0
2022-01-25,51406.4,56980.0,37843.0,22752.0,44528.0
2022-01-26,51406.4,56980.0,41836.5,22752.0,44528.0
2022-01-27,51406.4,58941.9,41836.5,22825.0,44528.0
2022-01-28,54320.0,58941.9,45591.0,22825.0,44528.0
2022-01-29,0.0,0.0,0.0,0.0,0.0
2022-01-30,0.0,0.0,0.0,0.0,0.0
2022-01-31,0.0,0.0,0.0,0.0,0.0
2022-02-01,0.0,0.0,0.0,0.0,0.0
2022-02-02,0.0,0.0,0.0,0.0,0.0
2022-02-03,0.0,0.0,0.0,0.0,0.0
2022-02-04,0.0,0.0,0.0,0.0,0.0
2022-02-05,0.0,0.0,0.0,0.0,0.0
2022-02-06,0.0,0.0,0.0,0.0,0.0
2022-02-07,51352.99999999999,58941.9,45591.0,22776.0,44528.0
2022-02-08,56910.0,58941.9,41836.5,22776.0,44528.0
2022-02-09,54164.799999999996,56869.0,41836.5,22776.0,44528.0
2022-02-10,54164.799999999996,56869.0,41836.5,22517.0,44528.0
2022-02-11,56805.0,56869.0,41836.5,22517.0,44528.0
2022-02-12,0.0,0.0,0.0,0.0,0.0
2022-02-13,0.0,0.0,0.0,0.0,0.0
2022-02-14,56805.0,56869.0,41836.5,22344.0,44528.0
2022-02-15,0.0,0.0,0.0,0.0,0.0
2022-02-16,0.0,0.0,0.0,0.0,0.0
2022-02-17,0.0,0.0,0.0,0.0,0.0
2022-02-18,0.0,0.0,0.0,0.0,0.0
2022-02-19,0.0,0.0,0.0,0.0,0.0
2022-02-20,0.0,0.0,0.0,0.0,0.0
2022-02-21,56805.0,56869.0,37772.0,22344.0,44528.0
2022-02-22,56805.0,56869.0,37772.0,22575.0,40942.799999999996
2022-02-23,0.0,0.0,0.0,0.0,0.0
2022-02-24,56805.0,56869.0,37772.0,22750.0,40942.799999999996
2022-02-25,54067.799999999996,56869.0,37772.0,22750.0,40942.799999999996
2022-02-26,0.0,0.0,0.0,0.0,0.0
2022-02-27,0.0,0.0,0.0,0.0,0.0
2022-02-28,0.0,0.0,0.0,0.0,0.0
2022-03-01,54067.799999999996,56869.0,37772.0,22850.0,40942.799999999996
2022-03-02,0.0,0.0,0.0,0.0,0.0
2022-03-03,56763.0,56869.0,37772.0,22850.0,40942.799999999996
2022-03-04,0.0,0.0,0.0,0.0,0.0
2022-03-05,0.0,0.0,0.0,0.0,0.0
2022-03-06,0.0,0.0,0.0,0.0,0.0
2022-03-07,61468.0,58878.700000000004,41796.0,22880.0,37382.5
2022-03-08,61468.0,60606.0,45545.49999999999,23031.0,37382.5
2022-03-09,63545.4,62282.200000000004,48985.0,23031.0,33242.8
2022-03-10,61637.4,60564.0,45682.0,23010.0,37002.5
2022-03-11,0.0,0.0,0.0,0.0,0.0
2022-03-12,0.0,0.0,0.0,0.0,0.0
2022-03-13,0.0,0.0,0.0,0.0,0.0
2022-03-14,0.0,0.0,0.0,0.0,0.0
2022-03-15,63313.200000000004,63215.0,52336.5,23031.0,37002.5
2022-03-16,61177.6,61685.9,49086.0,22854.0,37002.5
2022-03-17,58895.6,59984.4,45591.0,22650.0,37002.5
2022-03-18,0.0,0.0,0.0,0.0,0.0
2022-03-19,0.0,0.0,0.0,0.0,0.0
2022-03-20,0.0,0.0,0.0,0.0,0.0
2022-03-21,0.0,0.0,0.0,0.0,0.0
2022-03-22,0.0,0.0,0.0,0.0,0.0
2022-03-23,58895.6,59984.4,45591.0,22872.0,37002.5
2022-03-24,0.0,0.0,0.0,0.0,0.0
2022-03-25,0.0,0.0,0.0,0.0,0.0
2022-03-26,0.0,0.0,0.0,0.0,0.0
2022-03-27,0.0,0.0,0.0,0.0,0.0
2022-03-28,61129.2,59984.4,45591.0,22872.0,37002.5
2022-03-29,0.0,0.0,0.0,0.0,0.0
2022-03-30,58805.2,59984.4,45591.0,22816.0,37002.5
2022-03-31,0.0,0.0,0.0,0.0,0.0
2022-04-01,0.0,0.0,0.0,0.0,0.0
2022-04-02,0.0,0.0,0.0,0.0,0.0
2022-04-03,0.0,0.0,0.0,0.0,0.0
2022-04-04,0.0,0.0,0.0,0.0,0.0
2022-04-05,0.0,0.0,0.0,0.0,0.0
2022-04-06,0.0,0.0,0.0,0.0,0.0
2022-04-07,61008.2,59984.4,49035.5,22656.0,37002.5
2022-04-08,61008.2,61623.600000000006,49035.5,22656.0,37002.5
2022-04-09,0.0,0.0,0.0,0.0,0.0
2022-04-10,0.0,0.0,0.0,0.0,0.0
2022-04-11,63055.2,61623.600000000006,52225.5,22656.0,37002.5
2022-04-12,63055.2,63130.4,55176.0,22750.0,37002.5
2022-04-13,0.0,0.0,0.0,0.0,0.0
2022-04-14,64938.0,61570.200000000004,55176.0,22750.0,37002.5
2022-04-15,0.0,0.0,0.0,0.0,0.0
2022-04-16,0.0,0.0,0.0,0.0,0.0
2022-04-17,0.0,0.0,0.0,0.0,0.0
2022-04-18,0.0,0.0,0.0,0.0,0.0
2022-04-19,0.0,0.0,0.0,0.0,0.0
2022-04-20,66613.0,63074.0,55176.0,22750.0,37002.5
2022-04-21,68176.8,64350.0,57902.0,22750.0,37002.5
2022-04-22,68176.8,64350.0,60418.5,22750.0,37002.5
2022-04-23,0.0,0.0,0.0,0.0,0.0
2022-04-24,0.0,0.0,0.0,0.0,0.0
2022-04-25,69552.0,66599.0,64802.50000000001,22750.0,37002.5
2022-04-26,69552.0,66599.0,66519.0,22750.0,37002.5
2022-04-27,69552.0,66599.0,64561.00000000001,22750.0,37002.5
2022-04-28,0.0,0.0,0.0,0.0,0.0
2022-04-29,68329.8,65457.6,62438.5,22575.0,37002.5
2022-04-30,0.0,0.0,0.0,0.0,0.0
2022-05-01,0.0,0.0,0.0,0.0,0.0
2022-05-02,0.0,0.0,0.0,0.0,0.0
2022-05-03,0.0,0.0,0.0,0.0,0.0
2022-05-04,0.0,0.0,0.0,0.0,0.0
2022-05-05,68329.8,65457.6,60066.0,22575.0,37002.5
2022-05-06,69455.4,65457.6,60066.0,22672.0,37002.5
2022-05-07,0.0,0.0,0.0,0.0,0.0
2022-05-08,0.0,0.0,0.0,0.0,0.0
2022-05-09,0.0,0.0,0.0,0.0,0.0
2022-05-10,69455.4,65457.6,60066.0,22680.0,37002.5
2022-05-11,66381.0,64201.5,57509.0,22680.0,37002.5
2022-05-12,0.0,0.0,0.0,0.0,0.0
2022-05-13,0.0,0.0,0.0,0.0,0.0
2022-05-14,0.0,0.0,0.0,0.0,0.0
2022-05-15,0.0,0.0,0.0,0.0,0.0
2022-05-16,0.0,0.0,0.0,0.0,0.0
2022-05-17,0.0,0.0,0.0,0.0,0.0
2022-05-18,66381.0,64201.5,57509.0,22516.0,37002.5
2022-05-19,66381.0,64201.5,57509.0,22275.0,37002.5
2022-05-20,66381.0,62810.8,54813.0,22275.0,37002.5
2022-05-21,0.0,0.0,0.0,0.0,0.0
2022-05-22,0.0,0.0,0.0,0.0,0.0
2022-05-23,0.0,0.0,0.0,0.0,0.0
2022-05-24,0.0,0.0,0.0,0.0,0.0
2022-05-25,66381.0,64142.1,54813.0,22275.0,37002.5
2022-05-26,67932.0,62773.2,54813.0,22275.0,37002.5
2022-05-27,66410.0,62773.2,54813.0,22275.0,37002.5
2022-05-28,0.0,0.0,0.0,0.0,0.0
2022-05-29,0.0,0.0,0.0,0.0,0.0
2022-05-30,66410.0,62773.2,54813.0,22828.0,37002.5
2022-05-31,0.0,0.0,0.0,0.0,0.0
2022-06-01,64636.6,62773.2,54813.0,22828.0,37002.5
2022-06-02,64636.6,61223.1,51837.0,22828.0,37002.5
2022-06-03,0.0,0.0,0.0,0.0,0.0
2022-06-04,0.0,0.0,0.0,0.0,0.0
2022-06-05,0.0,0.0,0.0,0.0,0.0
2022-06-06,62719.8,61223.1,48631.5,22828.0,37002.5
2022-06-07,0.0,0.0,0.0,0.0,0.0
2022-06-08,0.0,0.0,0.0,0.0,0.0
2022-06-09,0.0,0.0,0.0,0.0,0.0
2022-06-10,62719.8,59522.4,48631.5,22707.0,37002.5
2022-06-11,0.0,0.0,0.0,0.0,0.0
2022-06-12,0.0,0.0,0.0,0.0,0.0
2022-06-13,62719.8,59522.4,48631.5,22820.0,37002.5
2022-06-14,62719.8,59522.4,48631.5,22852.0,37002.5
2022-06-15,60621.0,59522.4,48631.5,22852.0,37002.5
2022-06-16,60621.0,59522.4,48631.5,22876.0,37002.5
2022-06-17,58353.2,59522.4,48631.5,22562.0,37002.5
2022-06-18,0.0,0.0,0.0,0.0,0.0
2022-06-19,0.0,0.0,0.0,0.0,0.0
2022-06-20,55860.0,59522.4,45181.5,22562.0,37002.5
2022-06-21,55860.0,59522.4,45181.5,22456.0,37002.5
2022-06-22,0.0,0.0,0.0,0.0,0.0
2022-06-23,0.0,0.0,0.0,0.0,0.0
2022-06-24,55860.0,59522.4,45181.5,22329.0,37002.5
2022-06-25,0.0,0.0,0.0,0.0,0.0
2022-06-26,0.0,0.0,0.0,0.0,0.0
2022-06-27,53388.799999999996,57741.1,41431.49999999999,22329.0,37002.5
2022-06-28,0.0,0.0,0.0,0.0,0.0
2022-06-29,0.0,0.0,0.0,0.0,0.0
2022-06-30,53388.799999999996,57741.1,41431.49999999999,22456.0,37002.5
2022-07-01,0.0,0.0,0.0,0.0,0.0
2022-07-02,0.0,0.0,0.0,0.0,0.0
2022-07-03,0.0,0.0,0.0,0.0,0.0
2022-07-04,53330.6,57741.1,41431.49999999999,22456.0,37002.5
2022-07-05,0.0,0.0,0.0,0.0,0.0
2022-07-06,53330.6,57741.1,41431.49999999999,22456.0,40284.0
2022-07-07,53330.6,57741.1,41431.49999999999,22329.0,40284.0
2022-07-08,0.0,0.0,0.0,0.0,0.0
2022-07-09,0.0,0.0,0.0,0.0,0.0
2022-07-10,0.0,0.0,0.0,0.0,0.0
2022-07-11,55986.0,57741.1,41431.49999999999,22329.0,40284.0
2022-07-12,55986.0,57741.1,45136.0,22329.0,40284.0
2022-07-13,55986.0,59547.600000000006,45136.0,22329.0,40284.0
2022-07-14,53272.4,59547.600000000006,45136.0,22329.0,40284.0
2022-07-15,53272.4,59547.600000000006,45136.0,22329.0,43777.799999999996
2022-07-16,0.0,0.0,0.0,0.0,0.0
2022-07-17,0.0,0.0,0.0,0.0,0.0
2022-07-18,55881.0,59547.600000000006,45136.0,22329.0,43777.799999999996
2022-07-19,55881.0,59547.600000000006,41431.49999999999,22329.0,43777.799999999996
2022-07-20,55881.0,57701.6,41431.49999999999,22152.0,43777.799999999996
2022-07-21,0.0,0.0,0.0,0.0,0.0
2022-07-22,0.0,0.0,0.0,0.0,0.0
2022-07-23,0.0,0.0,0.0,0.0,0.0
2022-07-24,0.0,0.0,0.0,0.0,0.0
2022-07-25,0.0,0.0,0.0,0.0,0.0
2022-07-26,0.0,0.0,0.0,0.0,0.0
2022-07-27,0.0,0.0,0.0,0.0,0.0
2022-07-28,0.0,0.0,0.0,0.0,0.0
2022-07-29,55881.0,57701.6,41431.49999999999,22100.0,40251.6
2022-07-30,0.0,0.0,0.0,0.0,0.0
2022-07-31,0.0,0.0,0.0,0.0,0.0
2022-08-01,58285.4,57701.6,41431.49999999999,22100.0,40251.6
2022-08-02,58285.4,59480.4,41431.49999999999,22100.0,40251.6
2022-08-03,0.0,0.0,0.0,0.0,0.0
2022-08-04,58285.4,59480.4,41431.49999999999,21864.0,40251.6
2022-08-05,0.0,0.0,0.0,0.0,0.0
2022-08-06,0.0,0.0,0.0,0.0,0.0
2022-08-07,0.0,0.0,0.0,0.0,0.0
2022-08-08,0.0,0.0,0.0,0.0,0.0
2022-08-09,58285.4,59480.4,37417.0,21864.0,40251.6
2022-08-10,0.0,0.0,0.0,0.0,0.0
2022-08-11,58285.4,57630.5,37417.0,21864.0,40251.6
2022-08-12,0.0,0.0,0.0,0.0,0.0
2022-08-13,0.0,0.0,0.0,0.0,0.0
2022-08-14,0.0,0.0,0.0,0.0,0.0
2022-08-15,0.0,0.0,0.0,0.0,0.0
2022-08-16,55797.0,57630.5,37417.0,21643.0,40251.6
2022-08-17,0.0,0.0,0.0,0.0,0.0
2022-08-18,0.0,0.0,0.0,0.0,0.0
2022-08-19,0.0,0.0,0.0,0.0,0.0
2022-08-20,0.0,0.0,0.0,0.0,0.0
2022-08-21,0.0,0.0,0.0,0.0,0.0
2022-08-22,55797.0,57630.5,37417.0,21888.0,40251.6
2022-08-23,0.0,0.0,0.0,0.0,0.0
2022-08-24,0.0,0.0,0.0,0.0,0.0
2022-08-25,58240.2,57630.5,41391.0,21888.0,40251.6
2022-08-26,0.0,0.0,0.0,0.0,0.0
2022-08-27,0.0,0.0,0.0,0.0,0.0
2022-08-28,0.0,0.0,0.0,0.0,0.0
2022-08-29,58240.2,59347.034999999996,41391.0,21775.0,40251.6
2022-08-30,0.0,0.0,0.0,0.0,0.0
2022-08-31,60451.600000000006,59347.034999999996,45090.5,21775.0,40251.6
2022-09-01,0.0,0.0,0.0,0.0,0.0
2022-09-02,0.0,0.0,0.0,0.0,0.0
2022-09-03,0.0,0.0,0.0,0.0,0.0
2022-09-04,0.0,0.0,0.0,0.0,0.0
2022-09-05,60451.600000000006,59347.034999999996,31443.999,21775.0,40251.6
2022-09-06,62513.4,59347.034999999996,31443.999,21775.0,40251.6
2022-09-07,60403.2,59347.034999999996,18472.905000000002,21775.0,40251.6
2022-09-08,0.0,0.0,0.0,0.0,0.0
2022-09-09,0.0,0.0,0.0,0.0,0.0
2022-09-10,0.0,0.0,0.0,0.0,0.0
2022-09-11,0.0,0.0,0.0,0.0,0.0
2022-09-12,0.0,0.0,0.0,0.0,0.0
2022-09-13,60403.2,59347.034999999996,18472.905000000002,21552.0,40251.6
2022-09-14,62461.799999999996,59347.034999999996,18472.905000000002,21350.0,40251.6
2022-09-15,64335.2,59347.034999999996,43561.827000000005,21350.0,40251.6
2022-09-16,64335.2,60565.323000000004,43561.827000000005,21350.0,40251.6
2022-09-17,0.0,0.0,0.0,0.0,0.0
2022-09-18,0.0,0.0,0.0,0.0,0.0
2022-09-19,66033.0,60565.323000000004,43561.827000000005,21350.0,40251.6
2022-09-20,0.0,0.0,0.0,0.0,0.0
2022-09-21,0.0,0.0,0.0,0.0,0.0
2022-09-22,66033.0,60565.323000000004,43561.827000000005,21528.0,40251.6
2022-09-23,66033.0,61669.454,54904.554,21528.0,40251.6
2022-09-24,0.0,0.0,0.0,0.0,0.0
2022-09-25,0.0,0.0,0.0,0.0,0.0
2022-09-26,0.0,0.0,0.0,0.0,0.0
2022-09-27,0.0,0.0,0.0,0.0,0.0
2022-09-28,0.0,0.0,0.0,0.0,0.0
2022-09-29,0.0,0.0,0.0,0.0,0.0
2022-09-30,66033.0,61669.454,65543.813,21528.0,40251.6
2022-10-01,0.0,0.0,0.0,0.0,0.0
2022-10-02,0.0,0.0,0.0,0.0,0.0
2022-10-03,0.0,0.0,0.0,0.0,0.0
2022-10-04,0.0,0.0,0.0,0.0,0.0
2022-10-05,0.0,0.0,0.0,0.0,0.0
2022-10-06,0.0,0.0,0.0,0.0,0.0
2022-10-07,0.0,0.0,0.0,0.0,0.0
2022-10-08,0.0,0.0,0.0,0.0,0.0
2022-10-09,0.0,0.0,0.0,0.0,0.0
2022-10-10,67534.2,62647.83,75507.971,21573.0,40251.6
2022-10-11,0.0,0.0,0.0,0.0,0.0
2022-10-12,65946.0,62647.83,65543.813,21573.0,40251.6
2022-10-13,65946.0,61648.356,65543.813,21573.0,40251.6
2022-10-14,64225.6,61648.356,54861.288,21573.0,40251.6
2022-10-15,0.0,0.0,0.0,0.0,0.0
2022-10-16,0.0,0.0,0.0,0.0,0.0
2022-10-17,64225.6,60515.078,54861.288,21573.0,40251.6
2022-10-18,64225.6,60515.078,43462.029,21450.0,40251.6
2022-10-19,0.0,0.0,0.0,0.0,0.0
2022-10-20,64225.6,60515.078,43445.396,21450.0,40251.6
2022-10-21,0.0,0.0,0.0,0.0,0.0
2022-10-22,0.0,0.0,0.0,0.0,0.0
2022-10-23,0.0,0.0,0.0,0.0,0.0
2022-10-24,65859.0,60515.078,54796.388999999996,21450.0,40251.6
2022-10-25,65859.0,61595.611000000004,54796.388999999996,21450.0,40251.6
2022-10-26,65859.0,60444.73499999999,43395.497,21450.0,40251.6
2022-10-27,0.0,0.0,0.0,0.0,0.0
2022-10-28,67381.2,61542.865999999995,54731.49,21450.0,40251.6
2022-10-29,0.0,0.0,0.0,0.0,0.0
2022-10-30,0.0,0.0,0.0,0.0,0.0
2022-10-31,0.0,0.0,0.0,0.0,0.0
2022-11-01,65801.0,61542.865999999995,54731.49,21250.0,40251.6
2022-11-02,65801.0,60394.49,43362.23100000001,21250.0,40251.6
2022-11-03,65801.0,60394.49,43362.23100000001,21112.0,40251.6
2022-11-04,64115.99999999999,60394.49,31246.237999999998,21112.0,40251.6
2022-11-05,0.0,0.0,0.0,0.0,0.0
2022-11-06,0.0,0.0,0.0,0.0,0.0
2022-11-07,0.0,0.0,0.0,0.0,0.0
2022-11-08,64115.99999999999,60394.49,31246.237999999998,21112.0,36470.5
2022-11-09,64115.99999999999,59127.408,31246.237999999998,21112.0,32447.399999999998
2022-11-10,0.0,0.0,0.0,0.0,0.0
2022-11-11,64115.99999999999,59127.408,31246.237999999998,21400.0,32447.399999999998
2022-11-12,0.0,0.0,0.0,0.0,0.0
2022-11-13,0.0,0.0,0.0,0.0,0.0
2022-11-14,0.0,0.0,0.0,0.0,0.0
2022-11-15,0.0,0.0,0.0,0.0,0.0
2022-11-16,0.0,0.0,0.0,0.0,0.0
2022-11-17,0.0,0.0,0.0,0.0,0.0
2022-11-18,0.0,0.0,0.0,0.0,0.0
2022-11-19,0.0,0.0,0.0,0.0,0.0
2022-11-20,0.0,0.0,0.0,0.0,0.0
2022-11-21,0.0,0.0,0.0,0.0,0.0
2022-11-22,65801.0,59127.408,31246.237999999998,21400.0,32447.399999999998
2022-11-23,65801.0,59127.408,43328.965,21400.0,32447.399999999998
2022-11-24,0.0,0.0,0.0,0.0,0.0
2022-11-25,0.0,0.0,0.0,0.0,0.0
2022-11-26,0.0,0.0,0.0,0.0,0.0
2022-11-27,0.0,0.0,0.0,0.0,0.0
2022-11-28,67289.4,60283.950999999994,43328.965,21400.0,32447.399999999998
2022-11-29,65743.0,59051.016,43328.965,21400.0,32447.399999999998
2022-11-30,0.0,0.0,0.0,0.0,0.0
2022-12-01,0.0,0.0,0.0,0.0,0.0
2022-12-02,64006.399999999994,59051.016,31222.972,21400.0,32447.399999999998
2022-12-03,0.0,0.0,0.0,0.0,0.0
2022-12-04,0.0,0.0,0.0,0.0,0.0
2022-12-05,0.0,0.0,0.0,0.0,0.0
2022-12-06,0.0,0.0,0.0,0.0,0.0
2022-12-07,64006.399999999994,59051.016,31222.972,21580.0,32447.399999999998
2022-12-08,0.0,0.0,0.0,0.0,0.0
2022-12-09,0.0,0.0,0.0,0.0,0.0
2022-12-10,0.0,0.0,0.0,0.0,0.0
2022-12-11,0.0,0.0,0.0,0.0,0.0
2022-12-12,0.0,0.0,0.0,0.0,0.0
2022-12-13,0.0,0.0,0.0,0.0,0.0
2022-12-14,0.0,0.0,0.0,0.0,0.0
2022-12-15,0.0,0.0,0.0,0.0,0.0
2022-12-16,64006.399999999994,59051.016,43295.699,21580.0,32447.399999999998
2022-12-17,0.0,0.0,0.0,0.0,0.0
2022-12-18,0.0,0.0,0.0,0.0,0.0
2022-12-19,64006.399999999994,60253.804000000004,43295.699,21580.0,32447.399999999998
2022-12-20,65656.0,60253.804000000004,43295.699,21735.0,32447.399999999998
2022-12-21,65656.0,60253.804000000004,54601.692,21735.0,32447.399999999998
2022-12-22,65656.0,61331.886,54601.692,21735.0,32447.399999999998
2022-12-23,65656.0,61331.886,65197.583999999995,21735.0,32447.399999999998
2022-12-24,0.0,0.0,0.0,0.0,0.0
2022-12-25,0.0,0.0,0.0,0.0,0.0
2022-12-26,0.0,0.0,0.0,0.0,0.0
2022-12-27,65656.0,61331.886,54558.42599999999,21735.0,32447.399999999998
2022-12-28,0.0,0.0,0.0,0.0,0.0
2022-12-29,0.0,0.0,0.0,0.0,0.0
2022-12-30,0.0,0.0,0.0,0.0,0.0
2022-12-31,0.0,0.0,0.0,0.0,0.0
2023-01-01,0.0,0.0,0.0,0.0,0.0
2023-01-02,0.0,0.0,0.0,0.0,0.0
2023-01-03,0.0,0.0,0.0,0.0,0.0
2023-01-04,0.0,0.0,0.0,0.0,0.0
2023-01-05,63896.799999999996,60203.558999999994,54558.42599999999,21735.0,32447.399999999998
2023-01-06,63896.799999999996,60203.558999999994,43212.534,21735.0,32447.399999999998
2023-01-07,0.0,0.0,0.0,0.0,0.0
2023-01-08,0.0,0.0,0.0,0.0,0.0
2023-01-09,0.0,0.0,0.0,0.0,0.0
2023-01-10,61971.600000000006,60203.558999999994,43212.534,21735.0,32447.399999999998
2023-01-11,0.0,0.0,0.0,0.0,0.0
2023-01-12,0.0,0.0,0.0,0.0,0.0
2023-01-13,0.0,0.0,0.0,0.0,0.0
2023-01-14,0.0,0.0,0.0,0.0,0.0
2023-01-15,0.0,0.0,0.0,0.0,0.0
2023-01-16,59895.0,58936.428,43212.534,21735.0,32447.399999999998
2023-01-17,0.0,0.0,0.0,0.0,0.0
2023-01-18,0.0,0.0,0.0,0.0,0.0
2023-01-19,0.0,0.0,0.0,0.0,0.0
2023-01-20,59895.0,58936.428,31188.073,21735.0,28324.500000000004
2023-01-21,0.0,0.0,0.0,0.0,0.0
2023-01-22,0.0,0.0,0.0,0.0,0.0
2023-01-23,0.0,0.0,0.0,0.0,0.0
2023-01-24,0.0,0.0,0.0,0.0,0.0
2023-01-25,0.0,0.0,0.0,0.0,0.0
2023-01-26,0.0,0.0,0.0,0.0,0.0
2023-01-27,0.0,0.0,0.0,0.0,0.0
2023-01-28,0.0,0.0,0.0,0.0,0.0
2023-01-29,0.0,0.0,0.0,0.0,0.0
2023-01-30,58172.399999999994,57605.933999999994,31188.073,21944.0,28324.500000000004
2023-01-31,0.0,0.0,0.0,0.0,0.0
2023-02-01,60403.2,57605.933999999994,31188.073,21944.0,28324.500000000004
2023-02-02,60403.2,57605.933999999994,18340.245000000003,21944.0,28324.500000000004
2023-02-03,60403.2,57605.933999999994,18340.245000000003,21825.0,28324.500000000004
2023-02-04,0.0,0.0,0.0,0.0,0.0
2023-02-05,0.0,0.0,0.0,0.0,0.0
2023-02-06,0.0,0.0,0.0,0.0,0.0
2023-02-07,0.0,0.0,0.0,0.0,0.0
2023-02-08,0.0,0.0,0.0,0.0,0.0
2023-02-09,0.0,0.0,0.0,0.0,0.0
2023-02-10,0.0,0.0,0.0,0.0,0.0
2023-02-11,0.0,0.0,0.0,0.0,0.0
2023-02-12,0.0,0.0,0.0,0.0,0.0
2023-02-13,0.0,0.0,0.0,0.0,0.0
2023-02-14,0.0,0.0,0.0,0.0,0.0
2023-02-15,0.0,0.0,0.0,0.0,0.0
2023-02-16,0.0,0.0,0.0,0.0,0.0
2023-02-17,62461.799999999996,57605.933999999994,18340.245000000003,21825.0,28324.500000000004
2023-02-18,0.0,0.0,0.0,0.0,0.0
2023-02-19,0.0,0.0,0.0,0.0,0.0
2023-02-20,0.0,0.0,0.0,0.0,0.0
2023-02-21,0.0,0.0,0.0,0.0,0.0
2023-02-22,0.0,0.0,0.0,0.0,0.0
2023-02-23,0.0,0.0,0.0,0.0,0.0
2023-02-24,0.0,0.0,0.0,0.0,0.0
2023-02-25,0.0,0.0,0.0,0.0,0.0
2023-02-26,0.0,0.0,0.0,0.0,0.0
2023-02-27,64307.8,57605.933999999994,18340.245000000003,21825.0,28324.500000000004
2023-02-28,0.0,0.0,0.0,0.0,0.0
2023-03-01,0.0,0.0,0.0,0.0,0.0
2023-03-02,64307.8,57605.933999999994,18340.245000000003,21970.0,28324.500000000004
2023-03-03,0.0,0.0,0.0,0.0,0.0
2023-03-04,0.0,0.0,0.0,0.0,0.0
2023-03-05,0.0,0.0,0.0,0.0,0.0
2023-03-06,64307.8,57605.933999999994,18340.245000000003,21775.0,28324.500000000004
2023-03-07,0.0,0.0,0.0,0.0,0.0
2023-03-08,0.0,0.0,0.0,0.0,0.0
2023-03-09,0.0,0.0,0.0,0.0,0.0
2023-03-10,0.0,0.0,0.0,0.0,0.0
2023-03-11,0.0,0.0,0.0,0.0,0.0
2023-03-12,0.0,0.0,0.0,0.0,0.0
2023-03-13,66004.0,57605.933999999994,18340.245000000003,21944.0,28324.500000000004
2023-03-14,66004.0,58945.977,31199.706,21944.0,28324.500000000004
2023-03-15,0.0,0.0,0.0,0.0,0.0
2023-03-16,0.0,0.0,0.0,0.0,0.0
2023-03-17,66004.0,58945.977,31199.706,22100.0,28324.500000000004
2023-03-18,0.0,0.0,0.0,0.0,0.0
2023-03-19,0.0,0.0,0.0,0.0,0.0
2023-03-20,66004.0,58945.977,31199.706,22100.0,23917.6
2023-03-21,0.0,0.0,0.0,0.0,0.0
2023-03-22,0.0,0.0,0.0,0.0,0.0
2023-03-23,0.0,0.0,0.0,0.0,0.0
2023-03-24,0.0,0.0,0.0,0.0,0.0
2023-03-25,0.0,0.0,0.0,0.0,0.0
2023-03-26,0.0,0.0,0.0,0.0,0.0
2023-03-27,0.0,0.0,0.0,0.0,0.0
2023-03-28,0.0,0.0,0.0,0.0,0.0
2023-03-29,0.0,0.0,0.0,0.0,0.0
2023-03-30,0.0,0.0,0.0,0.0,0.0
2023-03-31,66004.0,57542.591,31199.706,21888.0,23917.6
2023-04-01,0.0,0.0,0.0,0.0,0.0
2023-04-02,0.0,0.0,0.0,0.0,0.0
2023-04-03,64280.4,57542.591,18333.611999999997,21888.0,23917.6
2023-04-04,0.0,0.0,0.0,0.0,0.0
2023-04-05,0.0,0.0,0.0,0.0,0.0
2023-04-06,0.0,0.0,0.0,0.0,0.0
2023-04-07,0.0,0.0,0.0,0.0,0.0
2023-04-08,0.0,0.0,0.0,0.0,0.0
2023-04-09,0.0,0.0,0.0,0.0,0.0
2023-04-10,0.0,0.0,0.0,0.0,0.0
2023-04-11,0.0,0.0,0.0,0.0,0.0
2023-04-12,0.0,0.0,0.0,0.0,0.0
2023-04-13,0.0,0.0,0.0,0.0,0.0
2023-04-14,0.0,0.0,0.0,0.0,0.0
2023-04-15,0.0,0.0,0.0,0.0,0.0
2023-04-16,0.0,0.0,0.0,0.0,0.0
2023-04-17,0.0,0.0,0.0,0.0,0.0
2023-04-18,0.0,0.0,0.0,0.0,0.0
2023-04-19,0.0,0.0,0.0,0.0,0.0
2023-04-20,0.0,0.0,0.0,0.0,0.0
2023-04-21,65975.0,57542.591,18333.611999999997,21888.0,23917.6
2023-04-22,0.0,0.0,0.0,0.0,0.0
2023-04-23,0.0,0.0,0.0,0.0,0.0
2023-04-24,65975.0,57542.591,31188.073,21888.0,23917.6
2023-04-25,67503.6,58888.683,31188.073,21888.0,23917.6
2023-04-26,0.0,0.0,0.0,0.0,0.0
2023-04-27,0.0,0.0,0.0,0.0,0.0
2023-04-28,0.0,0.0,0.0,0.0,0.0
2023-04-29,0.0,0.0,0.0,0.0,0.0
2023-04-30,0.0,0.0,0.0,0.0,0.0
2023-05-01,0.0,0.0,0.0,0.0,0.0
2023-05-02,0.0,0.0,0.0,0.0,0.0
2023-05-03,0.0,0.0,0.0,0.0,0.0
2023-05-04,67503.6,58888.683,31188.073,21888.0,18963.0
2023-05-05,0.0,0.0,0.0,0.0,0.0
2023-05-06,0.0,0.0,0.0,0.0,0.0
2023-05-07,0.0,0.0,0.0,0.0,0.0
2023-05-08,0.0,0.0,0.0,0.0,0.0
2023-05-09,0.0,0.0,0.0,0.0,0.0
2023-05-10,0.0,0.0,0.0,0.0,0.0
2023-05-11,67503.6,58888.683,31188.073,21620.0,18963.0
2023-05-12,0.0,0.0,0.0,0.0,0.0
2023-05-13,0.0,0.0,0.0,0.0,0.0
2023-05-14,0.0,0.0,0.0,0.0,0.0
2023-05-15,67503.6,58888.683,43245.8,21620.0,18963.0
2023-05-16,0.0,0.0,0.0,0.0,0.0
2023-05-17,0.0,0.0,0.0,0.0,0.0
2023-05-18,67503.6,58888.683,43245.8,21318.0,18963.0
2023-05-19,0.0,0.0,0.0,0.0,0.0
2023-05-20,0.0,0.0,0.0,0.0,0.0
2023-05-21,0.0,0.0,0.0,0.0,0.0
2023-05-22,0.0,0.0,0.0,0.0,0.0
2023-05-23,67503.6,58888.683,43245.8,21000.0,18963.0
2023-05-24,0.0,0.0,0.0,0.0,0.0
2023-05-25,67503.6,60093.020000000004,43245.8,21000.0,18963.0
2023-05-26,0.0,0.0,0.0,0.0,0.0
2023-05-27,0.0,0.0,0.0,0.0,0.0
2023-05-28,0.0,0.0,0.0,0.0,0.0
2023-05-29,68843.59999999999,60093.020000000004,43245.8,20600.0,18963.0
2023-05-30,0.0,0.0,0.0,0.0,0.0
2023-05-31,0.0,0.0,0.0,0.0,0.0
2023-06-01,0.0,0.0,0.0,0.0,0.0
2023-06-02,68843.59999999999,58821.840000000004,43245.8,20600.0,18963.0
2023-06-03,0.0,0.0,0.0,0.0,0.0
2023-06-04,0.0,0.0,0.0,0.0,0.0
2023-06-05,0.0,0.0,0.0,0.0,0.0
2023-06-06,0.0,0.0,0.0,0.0,0.0
2023-06-07,0.0,0.0,0.0,0.0,0.0
2023-06-08,0.0,0.0,0.0,0.0,0.0
2023-06-09,0.0,0.0,0.0,0.0,0.0
2023-06-10,0.0,0.0,0.0,0.0,0.0
2023-06-11,0.0,0.0,0.0,0.0,0.0
2023-06-12,0.0,0.0,0.0,0.0,0.0
2023-06-13,68843.59999999999,58821.840000000004,43245.8,20501.0,18963.0
2023-06-14,0.0,0.0,0.0,0.0,0.0
2023-06-15,0.0,0.0,0.0,0.0,0.0
2023-06-16,67411.79999999999,58821.840000000004,43245.8,20501.0,18963.0
2023-06-17,0.0,0.0,0.0,0.0,0.0
2023-06-18,0.0,0.0,0.0,0.0,0.0
2023-06-19,67411.79999999999,58821.840000000004,31176.440000000002,20501.0,18963.0
2023-06-20,0.0,0.0,0.0,0.0,0.0
2023-06-21,0.0,0.0,0.0,0.0,0.0
2023-06-22,0.0,0.0,0.0,0.0,0.0
2023-06-23,0.0,0.0,0.0,0.0,0.0
2023-06-24,0.0,0.0,0.0,0.0,0.0
2023-06-25,0.0,0.0,0.0,0.0,0.0
2023-06-26,68779.2,60042.774999999994,43229.167,20501.0,18963.0
2023-06-27,0.0,0.0,0.0,0.0,0.0
2023-06-28,0.0,0.0,0.0,0.0,0.0
2023-06-29,0.0,0.0,0.0,0.0,0.0
2023-06-30,0.0,0.0,0.0,0.0,0.0
2023-07-01,0.0,0.0,0.0,0.0,0.0
2023-07-02,0.0,0.0,0.0,0.0,0.0
2023-07-03,68779.2,60042.774999999994,43229.167,49996.8,18963.0
2023-07-04,0.0,0.0,0.0,0.0,0.0
2023-07-05,0.0,0.0,0.0,0.0,0.0
2023-07-06,0.0,0.0,0.0,0.0,0.0
2023-07-07,0.0,0.0,0.0,0.0,0.0
2023-07-08,0.0,0.0,0.0,0.0,0.0
2023-07-09,0.0,0.0,0.0,0.0,0.0
2023-07-10,0.0,0.0,0.0,0.0,0.0
2023-07-11,0.0,0.0,0.0,0.0,0.0
2023-07-12,0.0,0.0,0.0,0.0,0.0
2023-07-13,0.0,0.0,0.0,0.0,0.0
2023-07-14,0.0,0.0,0.0,0.0,0.0
2023-07-15,0.0,0.0,0.0,0.0,0.0
2023-07-16,0.0,0.0,0.0,0.0,0.0
2023-07-17,0.0,0.0,0.0,0.0,0.0
2023-07-18,0.0,0.0,0.0,0.0,0.0
2023-07-19,68779.2,60042.774999999994,43229.167,46581.200000000004,18963.0
2023-07-20,0.0,0.0,0.0,0.0,0.0
2023-07-21,0.0,0.0,0.0,0.0,0.0
2023-07-22,0.0,0.0,0.0,0.0,0.0
2023-07-23,0.0,0.0,0.0,0.0,0.0
2023-07-24,0.0,0.0,0.0,0.0,0.0
2023-07-25,0.0,0.0,0.0,0.0,0.0
2023-07-26,0.0,0.0,0.0,0.0,0.0
2023-07-27,0.0,0.0,0.0,0.0,0.0
2023-07-28,68779.2,58783.644,43229.167,46581.200000000004,18963.0
2023-07-29,0.0,0.0,0.0,0.0,0.0
2023-07-30,0.0,0.0,0.0,0.0,0.0
2023-07-31,0.0,0.0,0.0,0.0,0.0
2023-08-01,0.0,0.0,0.0,0.0,0.0
2023-08-02,0.0,0.0,0.0,0.0,0.0
2023-08-03,68779.2,58783.644,43229.167,50086.4,18963.0
2023-08-04,67626.0,58783.644,43229.167,50086.4,18963.0
2023-08-05,0.0,0.0,0.0,0.0,0.0
2023-08-06,0.0,0.0,0.0,0.0,0.0
2023-08-07,0.0,0.0,0.0,0.0,0.0
2023-08-08,0.0,0.0,0.0,0.0,0.0
2023-08-09,0.0,0.0,0.0,0.0,0.0
2023-08-10,0.0,0.0,0.0,0.0,0.0
2023-08-11,69004.59999999999,58783.644,43229.167,50086.4,18963.0
2023-08-12,0.0,0.0,0.0,0.0,0.0
2023-08-13,0.0,0.0,0.0,0.0,0.0
2023-08-14,69004.59999999999,60002.579,54515.16,50086.4,18963.0
2023-08-15,0.0,0.0,0.0,0.0,0.0
2023-08-16,0.0,0.0,0.0,0.0,0.0
2023-08-17,0.0,0.0,0.0,0.0,0.0
2023-08-18,69004.59999999999,60002.579,54515.16,53332.8,18963.0
2023-08-19,0.0,0.0,0.0,0.0,0.0
2023-08-20,0.0,0.0,0.0,0.0,0.0
2023-08-21,69004.59999999999,60002.579,65091.051999999996,53332.8,18963.0
2023-08-22,69004.59999999999,61089.259000000005,65091.051999999996,53332.8,18963.0
2023-08-23,0.0,0.0,0.0,0.0,0.0
2023-08-24,69004.59999999999,61089.259000000005,65091.051999999996,50623.99999999999,18963.0
2023-08-25,69004.59999999999,61089.259000000005,74906.944,53923.200000000004,18963.0
2023-08-26,0.0,0.0,0.0,0.0,0.0
2023-08-27,0.0,0.0,0.0,0.0,0.0
2023-08-28,69004.59999999999,61110.357,76710.025,53923.200000000004,18963.0
2023-08-29,0.0,0.0,0.0,0.0,0.0
2023-08-30,69004.59999999999,61110.357,76710.025,50848.0,18963.0
2023-08-31,0.0,0.0,0.0,0.0,0.0
2023-09-01,0.0,0.0,0.0,0.0,0.0
2023-09-02,0.0,0.0,0.0,0.0,0.0
2023-09-03,0.0,0.0,0.0,0.0,0.0
2023-09-04,0.0,0.0,0.0,0.0,0.0
2023-09-05,0.0,0.0,0.0,0.0,0.0
2023-09-06,0.0,0.0,0.0,0.0,0.0
2023-09-07,0.0,0.0,0.0,0.0,0.0
2023-09-08,0.0,0.0,0.0,0.0,0.0
2023-09-09,0.0,0.0,0.0,0.0,0.0
2023-09-10,0.0,0.0,0.0,0.0,0.0
2023-09-11,69004.59999999999,61110.357,76710.025,50848.0,13631.999999999998
2023-09-12,69004.59999999999,61110.357,66529.23400000001,50848.0,13631.999999999998
2023-09-13,0.0,0.0,0.0,0.0,0.0
2023-09-14,0.0,0.0,0.0,0.0,0.0
2023-09-15,0.0,0.0,0.0,0.0,0.0
2023-09-16,0.0,0.0,0.0,0.0,0.0
2023-09-17,0.0,0.0,0.0,0.0,0.0
2023-09-18,0.0,0.0,0.0,0.0,0.0
2023-09-19,69004.59999999999,61110.357,76646.759,50848.0,13631.999999999998
2023-09-20,0.0,0.0,0.0,0.0,0.0
2023-09-21,69004.59999999999,61110.357,76646.759,54120.00000000001,13631.999999999998
2023-09-22,0.0,0.0,0.0,0.0,0.0
2023-09-23,0.0,0.0,0.0,0.0,0.0
2023-09-24,0.0,0.0,0.0,0.0,0.0
2023-09-25,0.0,0.0,0.0,0.0,0.0
2023-09-26,0.0,0.0,0.0,0.0,0.0
2023-09-27,0.0,0.0,0.0,0.0,0.0
2023-09-28,0.0,0.0,0.0,0.0,0.0
2023-09-29,0.0,0.0,0.0,0.0,0.0
2023-09-30,0.0,0.0,0.0,0.0,0.0
2023-10-01,0.0,0.0,0.0,0.0,0.0
2023-10-02,0.0,0.0,0.0,0.0,0.0
2023-10-03,0.0,0.0,0.0,0.0,0.0
2023-10-04,0.0,0.0,0.0,0.0,0.0
2023-10-05,0.0,0.0,0.0,0.0,0.0
2023-10-06,0.0,0.0,0.0,0.0,0.0
2023-10-07,0.0,0.0,0.0,0.0,0.0
2023-10-08,0.0,0.0,0.0,0.0,0.0
2023-10-09,69004.59999999999,61110.357,76646.759,54120.00000000001,18932.899999999998
2023-10-10,0.0,0.0,0.0,0.0,0.0
2023-10-11,0.0,0.0,0.0,0.0,0.0
2023-10-12,0.0,0.0,0.0,0.0,0.0
2023-10-13,0.0,0.0,0.0,0.0,0.0
2023-10-14,0.0,0.0,0.0,0.0,0.0
2023-10-15,0.0,0.0,0.0,0.0,0.0
2023-10-16,0.0,0.0,0.0,0.0,0.0
2023-10-17,0.0,0.0,0.0,0.0,0.0
2023-10-18,69004.59999999999,62084.331,76646.759,54120.00000000001,18932.899999999998
2023-10-19,69004.59999999999,62084.331,86050.917,54120.00000000001,13644.0
2023-10-20,0.0,0.0,0.0,0.0,0.0
2023-10-21,0.0,0.0,0.0,0.0,0.0
2023-10-22,0.0,0.0,0.0,0.0,0.0
2023-10-23,69004.59999999999,62907.403,94839.974,54120.00000000001,13644.0
2023-10-24,0.0,0.0,0.0,0.0,0.0
2023-10-25,0.0,0.0,0.0,0.0,0.0
2023-10-26,69004.59999999999,62907.403,94839.974,56440.799999999996,13644.0
2023-10-27,69004.59999999999,61995.939,86014.284,56440.799999999996,13644.0
2023-10-28,0.0,0.0,0.0,0.0,0.0
2023-10-29,0.0,0.0,0.0,0.0,0.0
2023-10-30,69004.59999999999,61995.939,76520.227,56440.799999999996,13644.0
2023-10-31,0.0,0.0,0.0,0.0,0.0
2023-11-01,0.0,0.0,0.0,0.0,0.0
2023-11-02,69004.59999999999,61995.939,76520.227,53628.00000000001,13644.0
2023-11-03,0.0,0.0,0.0,0.0,0.0
2023-11-04,0.0,0.0,0.0,0.0,0.0
2023-11-05,0.0,0.0,0.0,0.0,0.0
2023-11-06,0.0,0.0,0.0,0.0,0.0
2023-11-07,0.0,0.0,0.0,0.0,0.0
2023-11-08,69004.59999999999,61995.939,76520.227,50310.4,13644.0
2023-11-09,0.0,0.0,0.0,0.0,0.0
2023-11-10,0.0,0.0,0.0,0.0,0.0
2023-11-11,0.0,0.0,0.0,0.0,0.0
2023-11-12,0.0,0.0,0.0,0.0,0.0
2023-11-13,0.0,0.0,0.0,0.0,0.0
2023-11-14,69004.59999999999,61995.939,66369.436,50310.4,13644.0
2023-11-15,69004.59999999999,60973.22,66369.436,47066.0,13644.0
2023-11-16,0.0,0.0,0.0,0.0,0.0
2023-11-17,0.0,0.0,0.0,0.0,0.0
2023-11-18,0.0,0.0,0.0,0.0,0.0
2023-11-19,0.0,0.0,0.0,0.0,0.0
2023-11-20,0.0,0.0,0.0,0.0,0.0
2023-11-21,0.0,0.0,0.0,0.0,0.0
2023-11-22,0.0,0.0,0.0,0.0,0.0
2023-11-23,0.0,0.0,0.0,0.0,0.0
2023-11-24,0.0,0.0,0.0,0.0,0.0
2023-11-25,0.0,0.0,0.0,0.0,0.0
2023-11-26,0.0,0.0,0.0,0.0,0.0
2023-11-27,0.0,0.0,0.0,0.0,0.0
2023-11-28,0.0,0.0,0.0,0.0,0.0
2023-11-29,0.0,0.0,0.0,0.0,0.0
2023-11-30,69004.59999999999,61940.693999999996,66369.436,47066.0,13644.0
2023-12-01,0.0,0.0,0.0,0.0,0.0
2023-12-02,0.0,0.0,0.0,0.0,0.0
2023-12-03,0.0,0.0,0.0,0.0,0.0
2023-12-04,0.0,0.0,0.0,0.0,0.0
2023-12-05,69004.59999999999,61940.693999999996,76456.961,47066.0,13644.0
2023-12-06,0.0,0.0,0.0,0.0,0.0
2023-12-07,0.0,0.0,0.0,0.0,0.0
2023-12-08,0.0,0.0,0.0,0.0,0.0
2023-12-09,0.0,0.0,0.0,0.0,0.0
2023-12-10,0.0,0.0,0.0,0.0,0.0
2023-12-11,0.0,0.0,0.0,0.0,0.0
2023-12-12,0.0,0.0,0.0,0.0,0.0
2023-12-13,0.0,0.0,0.0,0.0,0.0
2023-12-14,69004.59999999999,61940.693999999996,76456.961,43308.0,13644.0
2023-12-15,0.0,0.0,0.0,0.0,0.0
2023-12-16,0.0,0.0,0.0,0.0,0.0
2023-12-17,0.0,0.0,0.0,0.0,0.0
2023-12-18,0.0,0.0,0.0,0.0,0.0
2023-12-19,0.0,0.0,0.0,0.0,0.0
2023-12-20,69004.59999999999,62791.913,85867.752,43308.0,13644.0
2023-12-21,0.0,0.0,0.0,0.0,0.0
2023-12-22,0.0,0.0,0.0,0.0,0.0
2023-12-23,0.0,0.0,0.0,0.0,0.0
2023-12-24,0.0,0.0,0.0,0.0,0.0
2023-12-25,0.0,0.0,0.0,0.0,0.0
2023-12-26,69004.59999999999,62791.913,94590.17599999999,43308.0,13644.0
2023-12-27,0.0,0.0,0.0,0.0,0.0
2023-12-28,69004.59999999999,62791.913,85831.119,43308.0,49671.6
2023-12-29,0.0,0.0,0.0,0.0,0.0
2023-12-30,0.0,0.0,0.0,0.0,0.0
2023-12-31,0.0,0.0,0.0,0.0,0.0
2024-01-01,0.0,0.0,0.0,0.0,0.0
2024-01-02,0.0,0.0,0.0,0.0,0.0
2024-01-03,0.0,0.0,0.0,0.0,0.0
2024-01-04,0.0,0.0,0.0,0.0,0.0
2024-01-05,0.0,0.0,0.0,0.0,0.0
2024-01-06,0.0,0.0,0.0,0.0,0.0
2024-01-07,0.0,0.0,0.0,0.0,0.0
2024-01-08,69004.59999999999,63522.328,94548.54299999999,43308.0,49671.6
2024-01-09,0.0,0.0,0.0,0.0,0.0
2024-01-10,69004.59999999999,63522.328,102639.23300000001,43308.0,49671.6
2024-01-11,69004.59999999999,63522.328,94423.64399999999,43308.0,49671.6
2024-01-12,0.0,0.0,0.0,0.0,0.0
2024-01-13,0.0,0.0,0.0,0.0,0.0
2024-01-14,0.0,0.0,0.0,0.0,0.0
2024-01-15,0.0,0.0,0.0,0.0,0.0
2024-01-16,0.0,0.0,0.0,0.0,0.0
2024-01-17,69004.59999999999,63522.328,102545.96699999999,43308.0,49671.6
2024-01-18,69004.59999999999,63522.328,110133.189,43308.0,49671.6
2024-01-19,69004.59999999999,63522.328,110133.189,39184.0,49671.6
2024-01-20,0.0,0.0,0.0,0.0,0.0
2024-01-21,0.0,0.0,0.0,0.0,0.0
2024-01-22,69004.59999999999,63522.328,123512.532,34761.6,49671.6
2024-01-23,0.0,0.0,0.0,0.0,0.0
2024-01-24,69004.59999999999,63522.328,117003.77799999999,34761.6,49671.6
2024-01-25,69004.59999999999,63522.328,109875.024,34761.6,49671.6
2024-01-26,0.0,0.0,0.0,0.0,0.0
2024-01-27,0.0,0.0,0.0,0.0,0.0
2024-01-28,0.0,0.0,0.0,0.0,0.0
2024-01-29,69004.59999999999,63522.328,116890.512,34761.6,49671.6
2024-01-30,69004.59999999999,63522.328,123389.26599999999,34761.6,49671.6
2024-01-31,69004.59999999999,63522.328,129334.653,34761.6,49671.6
2024-02-01,0.0,0.0,0.0,0.0,0.0
2024-02-02,69004.59999999999,63522.328,134813.30599999998,34761.6,49671.6
2024-02-03,0.0,0.0,0.0,0.0,0.0
2024-02-04,0.0,0.0,0.0,0.0,0.0
2024-02-05,0.0,0.0,0.0,0.0,0.0
2024-02-06,0.0,0.0,0.0,0.0,0.0
2024-02-07,69004.59999999999,63522.328,129201.387,34761.6,49671.6
2024-02-08,69004.59999999999,63462.083000000006,123820.697,34761.6,49671.6
2024-02-09,0.0,0.0,0.0,0.0,0.0
2024-02-10,0.0,0.0,0.0,0.0,0.0
2024-02-11,0.0,0.0,0.0,0.0,0.0
2024-02-12,0.0,0.0,0.0,0.0,0.0
2024-02-13,0.0,0.0,0.0,0.0,0.0
2024-02-14,0.0,0.0,0.0,0.0,0.0
2024-02-15,0.0,0.0,0.0,0.0,0.0
2024-02-16,0.0,0.0,0.0,0.0,0.0
2024-02-17,0.0,0.0,0.0,0.0,0.0
2024-02-18,0.0,0.0,0.0,0.0,0.0
2024-02-19,0.0,0.0,0.0,0.0,0.0
2024-02-20,0.0,0.0,0.0,0.0,0.0
2024-02-21,69004.59999999999,63462.083000000006,117230.31,34761.6,49671.6
2024-02-22,0.0,0.0,0.0,0.0,0.0
2024-02-23,69004.59999999999,63462.083000000006,117230.31,30141.600000000002,49671.6
2024-02-24,0.0,0.0,0.0,0.0,0.0
2024-02-25,0.0,0.0,0.0,0.0,0.0
2024-02-26,69004.59999999999,63462.083000000006,110133.189,30141.600000000002,49671.6
2024-02-27,0.0,0.0,0.0,0.0,0.0
2024-02-28,69004.59999999999,63401.837999999996,109771.75799999999,30141.600000000002,49671.6
2024-02-29,69004.59999999999,62618.678,109771.75799999999,30141.600000000002,49671.6
2024-03-01,0.0,0.0,0.0,0.0,0.0
2024-03-02,0.0,0.0,0.0,0.0,0.0
2024-03-03,0.0,0.0,0.0,0.0,0.0
2024-03-04,0.0,0.0,0.0,0.0,0.0
2024-03-05,0.0,0.0,0.0,0.0,0.0
2024-03-06,0.0,0.0,0.0,0.0,0.0
2024-03-07,69004.59999999999,62618.678,109771.75799999999,30141.600000000002,46531.200000000004
2024-03-08,0.0,0.0,0.0,0.0,0.0
2024-03-09,0.0,0.0,0.0,0.0,0.0
2024-03-10,0.0,0.0,0.0,0.0,0.0
2024-03-11,69004.59999999999,62618.678,102126.27,30141.600000000002,46531.200000000004
2024-03-12,0.0,0.0,0.0,0.0,0.0
2024-03-13,0.0,0.0,0.0,0.0,0.0
2024-03-14,0.0,0.0,0.0,0.0,0.0
2024-03-15,0.0,0.0,0.0,0.0,0.0
2024-03-16,0.0,0.0,0.0,0.0,0.0
2024-03-17,0.0,0.0,0.0,0.0,0.0
2024-03-18,69004.59999999999,61708.665,93924.048,30141.600000000002,46531.200000000004
2024-03-19,0.0,0.0,0.0,0.0,0.0
2024-03-20,0.0,0.0,0.0,0.0,0.0
2024-03-21,0.0,0.0,0.0,0.0,0.0
2024-03-22,0.0,0.0,0.0,0.0,0.0
2024-03-23,0.0,0.0,0.0,0.0,0.0
2024-03-24,0.0,0.0,0.0,0.0,0.0
2024-03-25,69004.59999999999,62560.933,93924.048,30141.600000000002,46531.200000000004
2024-03-26,69004.59999999999,62560.933,101986.371,30141.600000000002,46531.200000000004
2024-03-27,69004.59999999999,63281.348,109461.96,30141.600000000002,46531.200000000004
2024-03-28,69004.59999999999,63281.348,101846.47200000001,30141.600000000002,43000.0
2024-03-29,0.0,0.0,0.0,0.0,0.0
2024-03-30,0.0,0.0,0.0,0.0,0.0
2024-03-31,0.0,0.0,0.0,0.0,0.0
2024-04-01,69004.59999999999,62549.384000000005,101846.47200000001,30141.600000000002,39314.8
2024-04-02,0.0,0.0,0.0,0.0,0.0
2024-04-03,0.0,0.0,0.0,0.0,0.0
2024-04-04,0.0,0.0,0.0,0.0,0.0
2024-04-05,0.0,0.0,0.0,0.0,0.0
2024-04-06,0.0,0.0,0.0,0.0,0.0
2024-04-07,0.0,0.0,0.0,0.0,0.0
2024-04-08,69004.59999999999,62549.384000000005,101846.47200000001,30141.600000000002,35191.2
2024-04-09,0.0,0.0,0.0,0.0,0.0
2024-04-10,0.0,0.0,0.0,0.0,0.0
2024-04-11,0.0,0.0,0.0,0.0,0.0
2024-04-12,69004.59999999999,62549.384000000005,101846.47200000001,30141.600000000002,30755.2
2024-04-13,0.0,0.0,0.0,0.0,0.0
2024-04-14,0.0,0.0,0.0,0.0,0.0
2024-04-15,69004.59999999999,62549.384000000005,109048.89600000001,30141.600000000002,30755.2
2024-04-16,69004.59999999999,62549.384000000005,115927.751,30141.600000000002,30755.2
2024-04-17,69004.59999999999,62549.384000000005,108893.997,30141.600000000002,30755.2
2024-04-18,69004.59999999999,62549.384000000005,108893.997,34843.2,30755.2
2024-04-19,0.0,0.0,0.0,0.0,0.0
2024-04-20,0.0,0.0,0.0,0.0,0.0
2024-04-21,0.0,0.0,0.0,0.0,0.0
2024-04-22,0.0,0.0,0.0,0.0,0.0
2024-04-23,69004.59999999999,62549.384000000005,108893.997,34843.2,35105.4
2024-04-24,0.0,0.0,0.0,0.0,0.0
2024-04-25,0.0,0.0,0.0,0.0,0.0
2024-04-26,69004.59999999999,62549.384000000005,101333.509,34843.2,35105.4
2024-04-27,0.0,0.0,0.0,0.0,0.0
2024-04-28,0.0,0.0,0.0,0.0,0.0
2024-04-29,69004.59999999999,61664.469000000005,101333.509,34843.2,35105.4
2024-04-30,0.0,0.0,0.0,0.0,0.0
2024-05-01,0.0,0.0,0.0,0.0,0.0
2024-05-02,0.0,0.0,0.0,0.0,0.0
2024-05-03,0.0,0.0,0.0,0.0,0.0
2024-05-04,0.0,0.0,0.0,0.0,0.0
2024-05-05,0.0,0.0,0.0,0.0,0.0
2024-05-06,69004.59999999999,61664.469000000005,93466.085,34843.2,35105.4
2024-05-07,0.0,0.0,0.0,0.0,0.0
2024-05-08,0.0,0.0,0.0,0.0,0.0
2024-05-09,0.0,0.0,0.0,0.0,0.0
2024-05-10,69004.59999999999,61664.469000000005,93466.085,30096.0,35105.4
2024-05-11,0.0,0.0,0.0,0.0,0.0
2024-05-12,0.0,0.0,0.0,0.0,0.0
2024-05-13,0.0,0.0,0.0,0.0,0.0
2024-05-14,0.0,0.0,0.0,0.0,0.0
2024-05-15,0.0,0.0,0.0,0.0,0.0
2024-05-16,0.0,0.0,0.0,0.0,0.0
2024-05-17,0.0,0.0,0.0,0.0,0.0
2024-05-18,0.0,0.0,0.0,0.0,0.0
2024-05-19,0.0,0.0,0.0,0.0,0.0
2024-05-20,69004.59999999999,61664.469000000005,93466.085,30096.0,30934.4
2024-05-21,69004.59999999999,61664.469000000005,93466.085,25116.0,30934.4
2024-05-22,0.0,0.0,0.0,0.0,0.0
2024-05-23,69004.59999999999,62491.638999999996,101520.041,25116.0,35336.4
2024-05-24,0.0,0.0,0.0,0.0,0.0
2024-05-25,0.0,0.0,0.0,0.0,0.0
2024-05-26,0.0,0.0,0.0,0.0,0.0
2024-05-27,0.0,0.0,0.0,0.0,0.0
2024-05-28,0.0,0.0,0.0,0.0,0.0
2024-05-29,0.0,0.0,0.0,0.0,0.0
2024-05-30,0.0,0.0,0.0,0.0,0.0
2024-05-31,0.0,0.0,0.0,0.0,0.0
2024-06-01,0.0,0.0,0.0,0.0,0.0
2024-06-02,0.0,0.0,0.0,0.0,0.0
2024-06-03,0.0,0.0,0.0,0.0,0.0
2024-06-04,0.0,0.0,0.0,0.0,0.0
2024-06-05,0.0,0.0,0.0,0.0,0.0
2024-06-06,69004.59999999999,63221.102999999996,108893.997,25116.0,35336.4
2024-06-07,0.0,0.0,0.0,0.0,0.0
2024-06-08,0.0,0.0,0.0,0.0,0.0
2024-06-09,0.0,0.0,0.0,0.0,0.0
2024-06-10,0.0,0.0,0.0,0.0,0.0
2024-06-11,0.0,0.0,0.0,0.0,0.0
2024-06-12,69004.59999999999,63221.102999999996,108893.997,19712.0,35336.4
2024-06-13,0.0,0.0,0.0,0.0,0.0
2024-06-14,0.0,0.0,0.0,0.0,0.0
2024-06-15,0.0,0.0,0.0,0.0,0.0
2024-06-16,0.0,0.0,0.0,0.0,0.0
2024-06-17,0.0,0.0,0.0,0.0,0.0
2024-06-18,69004.59999999999,63221.102999999996,108893.997,13987.2,35336.4
2024-06-19,0.0,0.0,0.0,0.0,0.0
2024-06-20,69004.59999999999,63221.102999999996,115814.485,13987.2,35336.4
2024-06-21,0.0,0.0,0.0,0.0,0.0
2024-06-22,0.0,0.0,0.0,0.0,0.0
2024-06-23,0.0,0.0,0.0,0.0,0.0
2024-06-24,69004.59999999999,63221.102999999996,122156.606,13987.2,35336.4
2024-06-25,0.0,0.0,0.0,0.0,0.0
2024-06-26,0.0,0.0,0.0,0.0,0.0
2024-06-27,0.0,0.0,0.0,0.0,0.0
2024-06-28,0.0,0.0,0.0,0.0,0.0
2024-06-29,0.0,0.0,0.0,0.0,0.0
2024-06-30,0.0,0.0,0.0,0.0,0.0
2024-07-01,0.0,0.0,0.0,0.0,0.0
2024-07-02,0.0,0.0,0.0,0.0,0.0
2024-07-03,69004.59999999999,63221.102999999996,122156.606,49983.299999999996,35336.4
2024-07-04,69004.59999999999,63221.102999999996,128068.62599999999,49983.299999999996,35336.4
2024-07-05,0.0,0.0,0.0,0.0,0.0
2024-07-06,0.0,0.0,0.0,0.0,0.0
2024-07-07,0.0,0.0,0.0,0.0,0.0
2024-07-08,69004.59999999999,63221.102999999996,128068.62599999999,46410.0,35336.4
2024-07-09,0.0,0.0,0.0,0.0,0.0
2024-07-10,0.0,0.0,0.0,0.0,0.0
2024-07-11,69004.59999999999,63221.102999999996,122033.34,46410.0,35336.4
2024-07-12,69004.59999999999,63221.102999999996,122033.34,49883.4,35336.4
2024-07-13,0.0,0.0,0.0,0.0,0.0
2024-07-14,0.0,0.0,0.0,0.0,0.0
2024-07-15,0.0,0.0,0.0,0.0,0.0
2024-07-16,69004.59999999999,63221.102999999996,122033.34,46320.0,35336.4
2024-07-17,69004.59999999999,63221.102999999996,122033.34,46320.0,31359.999999999996
2024-07-18,69004.59999999999,63221.102999999996,127935.36,48851.100000000006,31359.999999999996
2024-07-19,69004.59999999999,63221.102999999996,127935.36,48851.100000000006,35824.8
2024-07-20,0.0,0.0,0.0,0.0,0.0
2024-07-21,0.0,0.0,0.0,0.0,0.0
2024-07-22,0.0,0.0,0.0,0.0,0.0
2024-07-23,0.0,0.0,0.0,0.0,0.0
2024-07-24,0.0,0.0,0.0,0.0,0.0
2024-07-25,69004.59999999999,63221.102999999996,127935.36,51606.0,35824.8
2024-07-26,0.0,0.0,0.0,0.0,0.0
2024-07-27,0.0,0.0,0.0,0.0,0.0
2024-07-28,0.0,0.0,0.0,0.0,0.0
2024-07-29,0.0,0.0,0.0,0.0,0.0
2024-07-30,0.0,0.0,0.0,0.0,0.0
2024-07-31,69004.59999999999,63221.102999999996,122033.34,51606.0,35824.8
2024-08-01,69004.59999999999,63221.102999999996,122033.34,48784.5,35824.8
2024-08-02,69004.59999999999,63221.102999999996,122033.34,51642.6,35824.8
2024-08-03,0.0,0.0,0.0,0.0,0.0
2024-08-04,0.0,0.0,0.0,0.0,0.0
2024-08-05,69004.59999999999,63221.102999999996,127868.727,55771.2,35824.8
2024-08-06,69004.59999999999,63221.102999999996,127868.727,53306.4,35824.8
2024-08-07,0.0,0.0,0.0,0.0,0.0
2024-08-08,0.0,0.0,0.0,0.0,0.0
2024-08-09,0.0,0.0,0.0,0.0,0.0
2024-08-10,0.0,0.0,0.0,0.0,0.0
2024-08-11,0.0,0.0,0.0,0.0,0.0
2024-08-12,0.0,0.0,0.0,0.0,0.0
2024-08-13,69004.59999999999,63221.102999999996,127868.727,50398.2,35824.8
2024-08-14,0.0,0.0,0.0,0.0,0.0
2024-08-15,69004.59999999999,63221.102999999996,127868.727,47252.700000000004,35824.8
2024-08-16,69004.59999999999,63221.102999999996,127868.727,43890.0,35824.8
2024-08-17,0.0,0.0,0.0,0.0,0.0
2024-08-18,0.0,0.0,0.0,0.0,0.0
2024-08-19,0.0,0.0,0.0,0.0,0.0
2024-08-20,69004.59999999999,63221.102999999996,133309.013,43890.0,35824.8
2024-08-21,0.0,0.0,0.0,0.0,0.0
2024-08-22,0.0,0.0,0.0,0.0,0.0
2024-08-23,0.0,0.0,0.0,0.0,0.0
2024-08-24,0.0,0.0,0.0,0.0,0.0
2024-08-25,0.0,0.0,0.0,0.0,0.0
2024-08-26,0.0,0.0,0.0,0.0,0.0
2024-08-27,0.0,0.0,0.0,0.0,0.0
2024-08-28,0.0,0.0,0.0,0.0,0.0
2024-08-29,69004.59999999999,63221.102999999996,133309.013,46953.0,35824.8
2024-08-30,0.0,0.0,0.0,0.0,0.0
2024-08-31,0.0,0.0,0.0,0.0,0.0
2024-09-01,0.0,0.0,0.0,0.0,0.0
2024-09-02,0.0,0.0,0.0,0.0,0.0
2024-09-03,0.0,0.0,0.0,0.0,0.0
2024-09-04,69004.59999999999,63221.102999999996,133309.013,50032.2,35824.8
2024-09-05,0.0,0.0,0.0,0.0,0.0
2024-09-06,0.0,0.0,0.0,0.0,0.0
2024-09-07,0.0,0.0,0.0,0.0,0.0
2024-09-08,0.0,0.0,0.0,0.0,0.0
2024-09-09,0.0,0.0,0.0,0.0,0.0
2024-09-10,0.0,0.0,0.0,0.0,0.0
2024-09-11,0.0,0.0,0.0,0.0,0.0
2024-09-12,69004.59999999999,63221.102999999996,133309.013,47086.2,35824.8
2024-09-13,69004.59999999999,63221.102999999996,133309.013,47086.2,31432.800000000003
2024-09-14,0.0,0.0,0.0,0.0,0.0
2024-09-15,0.0,0.0,0.0,0.0,0.0
2024-09-16,0.0,0.0,0.0,0.0,0.0
2024-09-17,0.0,0.0,0.0,0.0,0.0
2024-09-18,0.0,0.0,0.0,0.0,0.0
2024-09-19,0.0,0.0,0.0,0.0,0.0
2024-09-20,69004.59999999999,63221.102999999996,133309.013,43710.0,31432.800000000003
2024-09-21,0.0,0.0,0.0,0.0,0.0
2024-09-22,0.0,0.0,0.0,0.0,0.0
2024-09-23,0.0,0.0,0.0,0.0,0.0
2024-09-24,0.0,0.0,0.0,0.0,0.0
2024-09-25,69004.59999999999,63221.102999999996,127802.094,43710.0,31432.800000000003
2024-09-26,69004.59999999999,63221.102999999996,121786.808,43710.0,31432.800000000003
2024-09-27,69004.59999999999,62595.58,101146.977,46986.3,31432.800000000003
2024-09-28,0.0,0.0,0.0,0.0,0.0
2024-09-29,0.0,0.0,0.0,0.0,0.0
2024-09-30,67044.59999999999,62756.001,85244.991,46986.3,31432.800000000003
2024-10-01,0.0,0.0,0.0,0.0,0.0
2024-10-02,0.0,0.0,0.0,0.0,0.0
2024-10-03,0.0,0.0,0.0,0.0,0.0
2024-10-04,0.0,0.0,0.0,0.0,0.0
2024-10-05,0.0,0.0,0.0,0.0,0.0
2024-10-06,0.0,0.0,0.0,0.0,0.0
2024-10-07,0.0,0.0,0.0,0.0,0.0
2024-10-08,75806.0,68525.898,93230.985,46986.3,31432.800000000003
2024-10-09,73255.0,69190.059,109307.752,46986.3,31432.800000000003
2024-10-10,73255.0,69956.494,109307.752,46986.3,31432.800000000003
2024-10-11,73255.0,69956.494,124762.499,46986.3,31432.800000000003
2024-10-12,0.0,0.0,0.0,0.0,0.0
2024-10-13,0.0,0.0,0.0,0.0,0.0
2024-10-14,73255.0,69956.494,117310.17599999999,46986.3,26606.399999999998
2024-10-15,73255.0,69956.494,117310.17599999999,43800.0,26606.399999999998
2024-10-16,0.0,0.0,0.0,0.0,0.0
2024-10-17,0.0,0.0,0.0,0.0,0.0
2024-10-18,73255.0,69956.494,109167.853,43800.0,21459.600000000002
2024-10-19,0.0,0.0,0.0,0.0,0.0
2024-10-20,0.0,0.0,0.0,0.0,0.0
2024-10-21,73255.0,69956.494,100418.796,43800.0,21459.600000000002
2024-10-22,0.0,0.0,0.0,0.0,0.0
2024-10-23,0.0,0.0,0.0,0.0,0.0
2024-10-24,0.0,0.0,0.0,0.0,0.0
2024-10-25,0.0,0.0,0.0,0.0,0.0
2024-10-26,0.0,0.0,0.0,0.0,0.0
2024-10-27,0.0,0.0,0.0,0.0,0.0
2024-10-28,0.0,0.0,0.0,0.0,0.0
2024-10-29,73255.0,69247.804,100418.796,43800.0,21459.600000000002
2024-10-30,73255.0,69247.804,100418.796,43800.0,15964.0
2024-10-31,73255.0,69247.804,91033.00499999999,43800.0,15964.0
2024-11-01,73255.0,69247.804,100252.264,43800.0,15964.0
2024-11-02,0.0,0.0,0.0,0.0,0.0
2024-11-03,0.0,0.0,0.0,0.0,0.0
2024-11-04,0.0,0.0,0.0,0.0,0.0
2024-11-05,73255.0,68249.673,80853.948,43800.0,15964.0
2024-11-06,0.0,0.0,0.0,0.0,0.0
2024-11-07,73255.0,68249.673,80853.948,40450.5,21121.2
2024-11-08,73544.79999999999,67597.992,70257.85399999999,40450.5,21121.2
2024-11-09,0.0,0.0,0.0,0.0,0.0
2024-11-10,0.0,0.0,0.0,0.0,0.0
2024-11-11,0.0,0.0,0.0,0.0,0.0
2024-11-12,72460.8,67597.992,70257.85399999999,40450.5,21121.2
2024-11-13,0.0,0.0,0.0,0.0,0.0
2024-11-14,73931.2,68669.535,80917.21399999999,40450.5,26174.0
2024-11-15,73931.2,69605.823,80917.21399999999,40450.5,26174.0
2024-11-16,0.0,0.0,0.0,0.0,0.0
2024-11-17,0.0,0.0,0.0,0.0,0.0
2024-11-18,73931.2,69605.823,90886.473,40450.5,26174.0
2024-11-19,0.0,0.0,0.0,0.0,0.0
2024-11-20,73931.2,69605.823,90886.473,40450.5,21207.6
2024-11-21,0.0,0.0,0.0,0.0,0.0
2024-11-22,73931.2,70426.405,90886.473,40450.5,21207.6
2024-11-23,0.0,0.0,0.0,0.0,0.0
2024-11-24,0.0,0.0,0.0,0.0,0.0
2024-11-25,0.0,0.0,0.0,0.0,0.0
2024-11-26,0.0,0.0,0.0,0.0,0.0
2024-11-27,73931.2,70426.405,90703.308,40450.5,21207.6
2024-11-28,0.0,0.0,0.0,0.0,0.0
2024-11-29,0.0,0.0,0.0,0.0,0.0
2024-11-30,0.0,0.0,0.0,0.0,0.0
2024-12-01,0.0,0.0,0.0,0.0,0.0
2024-12-02,73931.2,69548.07800000001,80727.416,40450.5,21207.6
2024-12-03,73931.2,69548.07800000001,80727.416,36527.4,21207.6
2024-12-04,0.0,0.0,0.0,0.0,0.0
2024-12-05,0.0,0.0,0.0,0.0,0.0
2024-12-06,0.0,0.0,0.0,0.0,0.0
2024-12-07,0.0,0.0,0.0,0.0,0.0
2024-12-08,0.0,0.0,0.0,0.0,0.0
2024-12-09,73931.2,69548.07800000001,80727.416,32320.800000000003,21207.6
2024-12-10,73931.2,69233.034,70364.386,32320.800000000003,21207.6
2024-12-11,0.0,0.0,0.0,0.0,0.0
2024-12-12,0.0,0.0,0.0,0.0,0.0
2024-12-13,0.0,0.0,0.0,0.0,0.0
2024-12-14,0.0,0.0,0.0,0.0,0.0
2024-12-15,0.0,0.0,0.0,0.0,0.0
2024-12-16,73931.2,70079.332,81043.746,32320.800000000003,21207.6
2024-12-17,73931.2,70079.332,81043.746,28173.600000000002,21207.6
2024-12-18,0.0,0.0,0.0,0.0,0.0
2024-12-19,73931.2,70079.332,90996.372,32521.800000000003,21207.6
2024-12-20,73931.2,70079.332,80980.48,32521.800000000003,21207.6
2024-12-21,0.0,0.0,0.0,0.0,0.0
2024-12-22,0.0,0.0,0.0,0.0,0.0
2024-12-23,73931.2,70079.332,90959.739,32521.800000000003,21207.6
2024-12-24,73931.2,70079.332,90959.739,28106.4,21207.6
2024-12-25,0.0,0.0,0.0,0.0,0.0
2024-12-26,0.0,0.0,0.0,0.0,0.0
2024-12-27,0.0,0.0,0.0,0.0,0.0
2024-12-28,0.0,0.0,0.0,0.0,0.0
2024-12-29,0.0,0.0,0.0,0.0,0.0
2024-12-30,0.0,0.0,0.0,0.0,0.0
2024-12-31,73931.2,70908.36499999999,90959.739,32602.2,21207.6
2025-01-01,0.0,0.0,0.0,0.0,0.0
2025-01-02,73931.2,70908.36499999999,108888.055,32602.2,21207.6
2025-01-03,0.0,0.0,0.0,0.0,0.0
2025-01-04,0.0,0.0,0.0,0.0,0.0
2025-01-05,0.0,0.0,0.0,0.0,0.0
2025-01-06,73931.2,70908.36499999999,116742.213,32602.2,21207.6
2025-01-07,73931.2,70908.36499999999,116742.213,28341.600000000002,21207.6
2025-01-08,73931.2,70908.36499999999,116742.213,32843.4,21207.6
2025-01-09,0.0,0.0,0.0,0.0,0.0
2025-01-10,73931.2,70908.36499999999,116742.213,32843.4,15815.800000000001
2025-01-11,0.0,0.0,0.0,0.0,0.0
2025-01-12,0.0,0.0,0.0,0.0,0.0
2025-01-13,0.0,0.0,0.0,0.0,0.0
2025-01-14,73931.2,70908.36499999999,108608.25700000001,32843.4,15815.800000000001
2025-01-15,0.0,0.0,0.0,0.0,0.0
2025-01-16,0.0,0.0,0.0,0.0,0.0
2025-01-17,0.0,0.0,0.0,0.0,0.0
2025-01-18,0.0,0.0,0.0,0.0,0.0
2025-01-19,0.0,0.0,0.0,0.0,0.0
2025-01-20,0.0,0.0,0.0,0.0,0.0
2025-01-21,0.0,0.0,0.0,0.0,0.0
2025-01-22,0.0,0.0,0.0,0.0,0.0
2025-01-23,0.0,0.0,0.0,0.0,0.0
2025-01-24,0.0,0.0,0.0,0.0,0.0
2025-01-25,0.0,0.0,0.0,0.0,0.0
2025-01-26,0.0,0.0,0.0,0.0,0.0
2025-01-27,0.0,0.0,0.0,0.0,0.0
2025-01-28,0.0,0.0,0.0,0.0,0.0
2025-01-29,0.0,0.0,0.0,0.0,0.0
2025-01-30,0.0,0.0,0.0,0.0,0.0
2025-01-31,0.0,0.0,0.0,0.0,0.0
2025-02-01,0.0,0.0,0.0,0.0,0.0
2025-02-02,0.0,0.0,0.0,0.0,0.0
2025-02-03,0.0,0.0,0.0,0.0,0.0
2025-02-04,0.0,0.0,0.0,0.0,0.0
2025-02-05,73931.2,70908.36499999999,108608.25700000001,32843.4,49920.0
2025-02-06,73931.2,70908.36499999999,99877.567,32843.4,49920.0
2025-02-07,73931.2,70908.36499999999,90520.143,32843.4,49920.0
2025-02-08,0.0,0.0,0.0,0.0,0.0
2025-02-09,0.0,0.0,0.0,0.0,0.0
2025-02-10,0.0,0.0,0.0,0.0,0.0
2025-02-11,73931.2,70908.36499999999,90520.143,32843.4,47016.2
2025-02-12,0.0,0.0,0.0,0.0,0.0
2025-02-13,0.0,0.0,0.0,0.0,0.0
2025-02-14,0.0,0.0,0.0,0.0,0.0
2025-02-15,0.0,0.0,0.0,0.0,0.0
2025-02-16,0.0,0.0,0.0,0.0,0.0
2025-02-17,0.0,0.0,0.0,0.0,0.0
2025-02-18,0.0,0.0,0.0,0.0,0.0
2025-02-19,0.0,0.0,0.0,0.0,0.0
2025-02-20,0.0,0.0,0.0,0.0,0.0
2025-02-21,73931.2,70021.587,80537.61799999999,32843.4,47016.2
2025-02-22,0.0,0.0,0.0,0.0,0.0
2025-02-23,0.0,0.0,0.0,0.0,0.0
2025-02-24,73931.2,70021.587,80537.61799999999,36995.4,47016.2
2025-02-25,0.0,0.0,0.0,0.0,0.0
2025-02-26,0.0,0.0,0.0,0.0,0.0
2025-02-27,0.0,0.0,0.0,0.0,0.0
2025-02-28,73931.2,70860.16900000001,80537.61799999999,40797.6,47016.2
2025-03-01,0.0,0.0,0.0,0.0,0.0
2025-03-02,0.0,0.0,0.0,0.0,0.0
2025-03-03,0.0,0.0,0.0,0.0,0.0
2025-03-04,0.0,0.0,0.0,0.0,0.0
2025-03-05,0.0,0.0,0.0,0.0,0.0
2025-03-06,73931.2,69963.842,69858.35900000001,40797.6,47016.2
2025-03-07,0.0,0.0,0.0,0.0,0.0
2025-03-08,0.0,0.0,0.0,0.0,0.0
2025-03-09,0.0,0.0,0.0,0.0,0.0
2025-03-10,0.0,0.0,0.0,0.0,0.0
2025-03-11,73931.2,69963.842,69858.35900000001,42870.0,47016.2
2025-03-12,0.0,0.0,0.0,0.0,0.0
2025-03-13,0.0,0.0,0.0,0.0,0.0
2025-03-14,0.0,0.0,0.0,0.0,0.0
2025-03-15,0.0,0.0,0.0,0.0,0.0
2025-03-16,0.0,0.0,0.0,0.0,0.0
2025-03-17,0.0,0.0,0.0,0.0,0.0
2025-03-18,0.0,0.0,0.0,0.0,0.0
2025-03-19,0.0,0.0,0.0,0.0,0.0
2025-03-20,73931.2,69963.842,69858.35900000001,39302.4,43654.4
2025-03-21,0.0,0.0,0.0,0.0,0.0
2025-03-22,0.0,0.0,0.0,0.0,0.0
2025-03-23,0.0,0.0,0.0,0.0,0.0
2025-03-24,73931.2,69963.842,80474.352,39302.4,43654.4
2025-03-25,73931.2,69963.842,80474.352,35638.2,43654.4
2025-03-26,0.0,0.0,0.0,0.0,0.0
2025-03-27,0.0,0.0,0.0,0.0,0.0
2025-03-28,73931.2,69963.842,80474.352,39435.9,43654.4
2025-03-29,0.0,0.0,0.0,0.0,0.0
2025-03-30,0.0,0.0,0.0,0.0,0.0
2025-03-31,73931.2,70763.777,90336.978,42840.0,40099.5
2025-04-01,0.0,0.0,0.0,0.0,0.0
2025-04-02,0.0,0.0,0.0,0.0,0.0
2025-04-03,0.0,0.0,0.0,0.0,0.0
2025-04-04,0.0,0.0,0.0,0.0,0.0
2025-04-05,0.0,0.0,0.0,0.0,0.0
2025-04-06,0.0,0.0,0.0,0.0,0.0
2025-04-07,73931.2,70763.777,107022.735,42357.6,40099.5
2025-04-08,73931.2,70763.777,114263.829,39360.0,40099.5
2025-04-09,73931.2,70763.777,106090.075,42257.7,40099.5
2025-04-10,73931.2,70763.777,97629.38500000001,42900.0,40099.5
2025-04-11,73931.2,70763.777,97629.38500000001,42450.0,36620.0
2025-04-12,0.0,0.0,0.0,0.0,0.0
2025-04-13,0.0,0.0,0.0,0.0,0.0
2025-04-14,0.0,0.0,0.0,0.0,0.0
2025-04-15,0.0,0.0,0.0,0.0,0.0
2025-04-16,0.0,0.0,0.0,0.0,0.0
2025-04-17,73931.2,70763.777,97629.38500000001,42450.0,32895.0
2025-04-18,0.0,0.0,0.0,0.0,0.0
2025-04-19,0.0,0.0,0.0,0.0,0.0
2025-04-20,0.0,0.0,0.0,0.0,0.0
2025-04-21,73931.2,70763.777,97629.38500000001,45687.600000000006,32895.0
2025-04-22,73931.2,70763.777,97629.38500000001,45687.600000000006,28389.600000000002
2025-04-23,73931.2,70763.777,97629.38500000001,42420.0,32839.1
2025-04-24,0.0,0.0,0.0,0.0,0.0
2025-04-25,0.0,0.0,0.0,0.0,0.0
2025-04-26,0.0,0.0,0.0,0.0,0.0
2025-04-27,0.0,0.0,0.0,0.0,0.0
2025-04-28,0.0,0.0,0.0,0.0,0.0
2025-04-29,0.0,0.0,0.0,0.0,0.0
2025-04-30,0.0,0.0,0.0,0.0,0.0
2025-05-01,0.0,0.0,0.0,0.0,0.0
2025-05-02,0.0,0.0,0.0,0.0,0.0
2025-05-03,0.0,0.0,0.0,0.0,0.0
2025-05-04,0.0,0.0,0.0,0.0,0.0
2025-05-05,0.0,0.0,0.0,0.0,0.0
2025-05-06,73931.2,70763.777,88505.328,39195.6,32839.1
2025-05-07,0.0,0.0,0.0,0.0,0.0
2025-05-08,0.0,0.0,0.0,0.0,0.0
2025-05-09,0.0,0.0,0.0,0.0,0.0
2025-05-10,0.0,0.0,0.0,0.0,0.0
2025-05-11,0.0,0.0,0.0,0.0,0.0
2025-05-12,73931.2,70763.777,88505.328,35427.6,36735.0
2025-05-13,0.0,0.0,0.0,0.0,0.0
2025-05-14,73931.2,70763.777,88505.328,31376.1,36735.0
2025-05-15,73931.2,70763.777,88505.328,31376.1,40601.1
2025-05-16,0.0,0.0,0.0,0.0,0.0
2025-05-17,0.0,0.0,0.0,0.0,0.0
2025-05-18,0.0,0.0,0.0,0.0,0.0
2025-05-19,0.0,0.0,0.0,0.0,0.0
2025-05-20,0.0,0.0,0.0,0.0,0.0
2025-05-21,73931.2,70763.777,88505.328,31376.1,36900.0
2025-05-22,0.0,0.0,0.0,0.0,0.0
2025-05-23,0.0,0.0,0.0,0.0,0.0
2025-05-24,0.0,0.0,0.0,0.0,0.0
2025-05-25,0.0,0.0,0.0,0.0,0.0
2025-05-26,0.0,0.0,0.0,0.0,0.0
2025-05-27,0.0,0.0,0.0,0.0,0.0
2025-05-28,0.0,0.0,0.0,0.0,0.0
2025-05-29,0.0,0.0,0.0,0.0,0.0
2025-05-30,0.0,0.0,0.0,0.0,0.0
2025-05-31,0.0,0.0,0.0,0.0,0.0
2025-06-01,0.0,0.0,0.0,0.0,0.0
2025-06-02,0.0,0.0,0.0,0.0,0.0
2025-06-03,0.0,0.0,0.0,0.0,0.0
2025-06-04,0.0,0.0,0.0,0.0,0.0
2025-06-05,0.0,0.0,0.0,0.0,0.0
2025-06-06,0.0,0.0,0.0,0.0,0.0
2025-06-07,0.0,0.0,0.0,0.0,0.0
2025-06-08,0.0,0.0,0.0,0.0,0.0
2025-06-09,73931.2,70763.777,78734.537,31376.1,36900.0
2025-06-10,0.0,0.0,0.0,0.0,0.0
2025-06-11,0.0,0.0,0.0,0.0,0.0
2025-06-12,0.0,0.0,0.0,0.0,0.0
2025-06-13,73931.2,70763.777,78734.537,31376.1,32761.7
2025-06-14,0.0,0.0,0.0,0.0,0.0
2025-06-15,0.0,0.0,0.0,0.0,0.0
2025-06-16,0.0,0.0,0.0,0.0,0.0
2025-06-17,0.0,0.0,0.0,0.0,0.0
2025-06-18,0.0,0.0,0.0,0.0,0.0
2025-06-19,0.0,0.0,0.0,0.0,0.0
2025-06-20,0.0,0.0,0.0,0.0,0.0
2025-06-21,0.0,0.0,0.0,0.0,0.0
2025-06-22,0.0,0.0,0.0,0.0,0.0
2025-06-23,73931.2,70763.777,88285.53,31376.1,32761.7
2025-06-24,73931.2,70763.777,78544.739,31376.1,36935.0
2025-06-25,0.0,0.0,0.0,0.0,0.0
2025-06-26,0.0,0.0,0.0,0.0,0.0
2025-06-27,73931.2,70763.777,78544.739,27081.600000000002,36935.0
2025-06-28,0.0,0.0,0.0,0.0,0.0
2025-06-29,0.0,0.0,0.0,0.0,0.0
2025-06-30,73931.2,70763.777,68127.21399999999,27081.600000000002,36935.0
2025-07-01,0.0,0.0,0.0,0.0,0.0
2025-07-02,0.0,0.0,0.0,0.0,0.0
2025-07-03,0.0,0.0,0.0,0.0,0.0
2025-07-04,0.0,0.0,0.0,0.0,0.0
2025-07-05,0.0,0.0,0.0,0.0,0.0
2025-07-06,0.0,0.0,0.0,0.0,0.0
2025-07-07,0.0,0.0,0.0,0.0,0.0
2025-07-08,0.0,0.0,0.0,0.0,0.0
2025-07-09,0.0,0.0,0.0,0.0,0.0
2025-07-10,73931.2,69871.45,68127.21399999999,27081.600000000002,36935.0
2025-07-11,0.0,0.0,0.0,0.0,0.0
2025-07-12,0.0,0.0,0.0,0.0,0.0
2025-07-13,0.0,0.0,0.0,0.0,0.0
2025-07-14,0.0,0.0,0.0,0.0,0.0
2025-07-15,0.0,0.0,0.0,0.0,0.0
2025-07-16,0.0,0.0,0.0,0.0,0.0
2025-07-17,73931.2,69871.45,57002.954999999994,27081.600000000002,36935.0
2025-07-18,73931.2,69871.45,57002.954999999994,22423.5,36935.0
2025-07-19,0.0,0.0,0.0,0.0,0.0
2025-07-20,0.0,0.0,0.0,0.0,0.0
2025-07-21,0.0,0.0,0.0,0.0,0.0
2025-07-22,73931.2,68857.368,57002.954999999994,22423.5,36935.0
2025-07-23,0.0,0.0,0.0,0.0,0.0
2025-07-24,0.0,0.0,0.0,0.0,0.0
2025-07-25,0.0,0.0,0.0,0.0,0.0
2025-07-26,0.0,0.0,0.0,0.0,0.0
2025-07-27,0.0,0.0,0.0,0.0,0.0
2025-07-28,73931.2,68857.368,45158.595,22423.5,36935.0
2025-07-29,72369.0,67724.58,45158.595,22423.5,36935.0
2025-07-30,0.0,0.0,0.0,0.0,0.0
2025-07-31,0.0,0.0,0.0,0.0,0.0
2025-08-01,73866.8,67724.58,45158.595,22423.5,36935.0
2025-08-02,0.0,0.0,0.0,0.0,0.0
2025-08-03,0.0,0.0,0.0,0.0,0.0
2025-08-04,0.0,0.0,0.0,0.0,0.0
2025-08-05,0.0,0.0,0.0,0.0,0.0
2025-08-06,0.0,0.0,0.0,0.0,0.0
2025-08-07,0.0,0.0,0.0,0.0,0.0
2025-08-08,0.0,0.0,0.0,0.0,0.0
2025-08-09,0.0,0.0,0.0,0.0,0.0
2025-08-10,0.0,0.0,0.0,0.0,0.0
2025-08-11,73866.8,67724.58,32537.501,22423.5,36935.0
2025-08-12,72307.8,67724.58,32537.501,22423.5,36935.0
2025-08-13,70615.0,67724.58,32537.501,17554.2,36935.0
2025-08-14,0.0,0.0,0.0,0.0,0.0
2025-08-15,68746.59999999999,66494.233,19109.673,17554.2,36935.0
2025-08-16,0.0,0.0,0.0,0.0,0.0
2025-08-17,0.0,0.0,0.0,0.0,0.0
2025-08-18,66770.40000000001,66494.233,19109.673,17554.2,36935.0
2025-08-19,0.0,0.0,0.0,0.0,0.0
2025-08-20,66770.40000000001,65105.081999999995,19109.673,17554.2,36935.0
2025-08-21,66770.40000000001,65105.081999999995,4846.744,17554.2,36935.0
2025-08-22,0.0,0.0,0.0,0.0,0.0
2025-08-23,0.0,0.0,0.0,0.0,0.0
2025-08-24,0.0,0.0,0.0,0.0,0.0
2025-08-25,65218.99999999999,63560.176,4846.744,17554.2,36935.0
2025-08-26,0.0,0.0,0.0,0.0,0.0
2025-08-27,62737.6,63560.176,4846.744,17554.2,36935.0
2025-08-28,62602.0,63560.176,4846.744,17554.2,36935.0
2025-08-29,60060.0,63560.176,4846.744,17554.2,36935.0
2025-08-30,0.0,0.0,0.0,0.0,0.0
2025-08-31,0.0,0.0,0.0,0.0,0.0
2025-09-01,60060.0,63560.176,4846.744,22531.5,32718.7
2025-09-02,60060.0,63560.176,4846.744,22531.5,32718.7
2025-09-03,0.0,0.0,0.0,0.0,0.0
2025-09-04,62489.0,65009.592,19089.774,22531.5,32718.7
2025-09-05,56919.600000000006,63478.735,19089.774,22531.5,32718.7
2025-09-06,0.0,0.0,0.0,0.0,0.0
2025-09-07,0.0,0.0,0.0,0.0,0.0
2025-09-08,56919.600000000006,63478.735,19089.774,22531.5,28220.4
2025-09-09,59745.00000000001,63478.735,19089.774,22531.5,28220.4
2025-09-10,0.0,0.0,0.0,0.0,0.0
2025-09-11,53756.0,63478.735,4841.844999999999,22531.5,28220.4
2025-09-12,53756.0,61800.721,4841.844999999999,22531.5,28220.4
2025-09-13,0.0,0.0,0.0,0.0,0.0
2025-09-14,0.0,0.0,0.0,0.0,0.0
2025-09-15,53756.0,61800.721,4841.844999999999,17544.0,28220.4
2025-09-16,0.0,0.0,0.0,0.0,0.0
2025-09-17,50430.6,61800.721,4841.844999999999,17544.0,28220.4
2025-09-18,50430.6,61689.584,4841.844999999999,17544.0,28220.4
2025-09-19,0.0,0.0,0.0,0.0,0.0
2025-09-20,0.0,0.0,0.0,0.0,0.0
2025-09-21,0.0,0.0,0.0,0.0,0.0
2025-09-22,50430.6,61689.584,4841.844999999999,12226.8,28220.4
2025-09-23,53702.6,61689.584,4841.844999999999,12226.8,23545.1
2025-09-24,50349.6,59836.266,4841.844999999999,12226.8,23545.1
2025-09-25,46793.0,59836.266,4841.844999999999,12226.8,23545.1
2025-09-26,0.0,0.0,0.0,0.0,0.0
2025-09-27,0.0,0.0,0.0,0.0,0.0
2025-09-28,0.0,0.0,0.0,0.0,0.0
2025-09-29,0.0,0.0,0.0,0.0,0.0
2025-09-30,46793.0,59836.266,4841.844999999999,12226.8,18425.0
2025-10-01,0.0,0.0,0.0,0.0,0.0
2025-10-02,0.0,0.0,0.0,0.0,0.0
2025-10-03,0.0,0.0,0.0,0.0,0.0
2025-10-04,0.0,0.0,0.0,0.0,0.0
2025-10-05,0.0,0.0,0.0,0.0,0.0
2025-10-06,0.0,0.0,0.0,0.0,0.0
2025-10-07,0.0,0.0,0.0,0.0,0.0
2025-10-08,0.0,0.0,0.0,0.0,0.0
2025-10-09,46793.0,57825.340000000004,4841.844999999999,49945.299999999996,49766.7
2025-10-10,50333.4,57825.340000000004,4841.844999999999,49945.299999999996,49766.7
2025-10-11,0.0,0.0,0.0,0.0,0.0
2025-10-12,0.0,0.0,0.0,0.0,0.0
2025-10-13,49604.399999999994,58797.945,4841.844999999999,49945.299999999996,49766.7
2025-10-14,52866.0,58741.602,4841.844999999999,49945.299999999996,47242.00000000001
2025-10-15,0.0,0.0,0.0,0.0,0.0
2025-10-16,0.0,0.0,0.0,0.0,0.0
2025-10-17,52866.0,58741.602,4841.844999999999,49945.299999999996,44579.5
2025-10-18,0.0,0.0,0.0,0.0,0.0
2025-10-19,0.0,0.0,0.0,0.0,0.0
2025-10-20,0.0,0.0,0.0,0.0,0.0
2025-10-21,49572.0,58741.602,4841.844999999999,49945.299999999996,44579.5
2025-10-22,49572.0,58741.602,4841.844999999999,49945.299999999996,46716.8
2025-10-23,0.0,0.0,0.0,0.0,0.0
2025-10-24,49572.0,58741.602,4841.844999999999,46555.2,46716.8
2025-10-25,0.0,0.0,0.0,0.0,0.0
2025-10-26,0.0,0.0,0.0,0.0,0.0
2025-10-27,46793.0,58741.602,4841.844999999999,46555.2,46716.8
2025-10-28,46793.0,58741.602,4841.844999999999,42879.2,49664.1
2025-10-29,46793.0,56753.382,4841.844999999999,42879.2,49664.1
2025-10-30,42926.0,56753.382,4841.844999999999,42879.2,49664.1
2025-10-31,46720.0,56753.382,4841.844999999999,42879.2,49664.1
2025-11-01,0.0,0.0,0.0,0.0,0.0
2025-11-02,0.0,0.0,0.0,0.0,0.0
2025-11-03,50268.600000000006,56753.382,4841.844999999999,42879.2,49664.1
2025-11-04,50268.600000000006,58677.21,4841.844999999999,42879.2,49664.1
2025-11-05,50268.600000000006,58677.21,4841.844999999999,46067.2,49664.1
2025-11-06,46690.8,58677.21,4841.844999999999,42206.5,49664.1
2025-11-07,0.0,0.0,0.0,0.0,0.0
2025-11-08,0.0,0.0,0.0,0.0,0.0
2025-11-09,0.0,0.0,0.0,0.0,0.0
2025-11-10,0.0,0.0,0.0,0.0,0.0
2025-11-11,46690.8,58677.21,4841.844999999999,42206.5,47413.6
2025-11-12,50220.0,58677.21,4841.844999999999,42206.5,47413.6
2025-11-13,0.0,0.0,0.0,0.0,0.0
2025-11-14,0.0,0.0,0.0,0.0,0.0
2025-11-15,0.0,0.0,0.0,0.0,0.0
2025-11-16,0.0,0.0,0.0,0.0,0.0
2025-11-17,50220.0,58677.21,4841.844999999999,42206.5,50410.799999999996
2025-11-18,50220.0,58677.21,4841.844999999999,45945.2,50410.799999999996
2025-11-19,0.0,0.0,0.0,0.0,0.0
2025-11-20,0.0,0.0,0.0,0.0,0.0
2025-11-21,52972.8,60449.979,19069.875,45945.2,50410.799999999996
2025-11-22,0.0,0.0,0.0,0.0,0.0
2025-11-23,0.0,0.0,0.0,0.0,0.0
2025-11-24,55988.4,60449.979,19069.875,45945.2,50410.799999999996
2025-11-25,52919.399999999994,60449.979,19069.875,45945.2,50410.799999999996
2025-11-26,0.0,0.0,0.0,0.0,0.0
2025-11-27,49653.0,60449.979,4838.579,42098.0,50410.799999999996
2025-11-28,0.0,0.0,0.0,0.0,0.0
2025-11-29,0.0,0.0,0.0,0.0,0.0
2025-11-30,0.0,0.0,0.0,0.0,0.0
2025-12-01,49653.0,60449.979,4838.579,42098.0,47611.200000000004
2025-12-02,0.0,0.0,0.0,0.0,0.0
2025-12-03,0.0,0.0,0.0,0.0,0.0
2025-12-04,0.0,0.0,0.0,0.0,0.0
2025-12-05,0.0,0.0,0.0,0.0,0.0
2025-12-06,0.0,0.0,0.0,0.0,0.0
2025-12-07,0.0,0.0,0.0,0.0,0.0
2025-12-08,46121.399999999994,58636.965000000004,4838.579,42098.0,47611.200000000004
2025-12-09,0.0,0.0,0.0,0.0,0.0
2025-12-10,0.0,0.0,0.0,0.0,0.0
2025-12-11,0.0,0.0,0.0,0.0,0.0
2025-12-12,0.0,0.0,0.0,0.0,0.0
2025-12-13,0.0,0.0,0.0,0.0,0.0
2025-12-14,0.0,0.0,0.0,0.0,0.0
2025-12-15,0.0,0.0,0.0,0.0,0.0
2025-12-16,49636.8,58636.965000000004,4838.579,45896.4,47611.200000000004
2025-12-17,46121.399999999994,58636.965000000004,4838.579,45896.4,47611.200000000004
2025-12-18,0.0,0.0,0.0,0.0,0.0
2025-12-19,0.0,0.0,0.0,0.0,0.0
2025-12-20,0.0,0.0,0.0,0.0,0.0
2025-12-21,0.0,0.0,0.0,0.0,0.0
2025-12-22,46121.399999999994,58636.965000000004,4838.579,42119.700000000004,44325.7
2025-12-23,0.0,0.0,0.0,0.0,0.0
2025-12-24,46121.399999999994,58636.965000000004,4838.579,42119.700000000004,40811.4
2025-12-25,46121.399999999994,56647.695999999996,4838.579,42119.700000000004,40811.4
2025-12-26,0.0,0.0,0.0,0.0,0.0
2025-12-27,0.0,0.0,0.0,0.0,0.0
2025-12-28,0.0,0.0,0.0,0.0,0.0
2025-12-29,0.0,0.0,0.0,0.0,0.0
2025-12-30,46121.399999999994,56647.695999999996,4838.579,42119.700000000004,43592.5
2025-12-31,0.0,0.0,0.0,0.0,0.0
2026-01-01,0.0,0.0,0.0,0.0,0.0
2026-01-02,0.0,0.0,0.0,0.0,0.0
2026-01-03,0.0,0.0,0.0,0.0,0.0
2026-01-04,0.0,0.0,0.0,0.0,0.0
2026-01-05,42302.0,54488.770000000004,4838.579,42119.700000000004,43592.5
2026-01-06,42302.0,54488.770000000004,4838.579,42119.700000000004,40126.8
2026-01-07,42302.0,52156.236000000004,4838.579,42119.700000000004,40126.8
2026-01-08,0.0,0.0,0.0,0.0,0.0
2026-01-09,42302.0,49619.94699999999,4838.579,42119.700000000004,40126.8
2026-01-10,0.0,0.0,0.0,0.0,0.0
2026-01-11,0.0,0.0,0.0,0.0,0.0
2026-01-12,38212.799999999996,49619.94699999999,4838.579,42119.700000000004,40126.8
2026-01-13,0.0,0.0,0.0,0.0,0.0
2026-01-14,38212.799999999996,46889.049999999996,4838.579,42119.700000000004,36530.1
2026-01-15,0.0,0.0,0.0,0.0,0.0
2026-01-16,0.0,0.0,0.0,0.0,0.0
2026-01-17,0.0,0.0,0.0,0.0,0.0
2026-01-18,0.0,0.0,0.0,0.0,0.0
2026-01-19,0.0,0.0,0.0,0.0,0.0
2026-01-20,42250.0,46889.049999999996,4838.579,45920.799999999996,36530.1
2026-01-21,42250.0,46889.049999999996,4838.579,45920.799999999996,33177.6
2026-01-22,0.0,0.0,0.0,0.0,0.0
2026-01-23,42250.0,43951.545,4838.579,45920.799999999996,33177.6
2026-01-24,0.0,0.0,0.0,0.0,0.0
2026-01-25,0.0,0.0,0.0,0.0,0.0
2026-01-26,38201.4,43951.545,4838.579,45920.799999999996,29411.100000000002
2026-01-27,38201.4,46850.206999999995,4838.579,45920.799999999996,29411.100000000002
2026-01-28,38201.4,43921.251,4838.579,45920.799999999996,24692.8
2026-01-29,38201.4,43921.251,4838.579,45920.799999999996,20247.0
2026-01-30,38144.4,46772.521,4838.579,45920.799999999996,29978.1
2026-01-31,0.0,0.0,0.0,0.0,0.0
2026-02-01,0.0,0.0,0.0,0.0,0.0
2026-02-02,38144.4,49438.477,4838.579,45920.799999999996,31747.199999999997
2026-02-03,42172.0,49438.477,4838.579,45920.799999999996,27977.4
2026-02-04,42172.0,49438.477,4838.579,45920.799999999996,23744.6
2026-02-05,42172.0,49438.477,4838.579,45920.799999999996,28250.1
2026-02-06,42172.0,49438.477,4838.579,49023.9,28028.7
2026-02-07,0.0,0.0,0.0,0.0,0.0
2026-02-08,0.0,0.0,0.0,0.0,0.0
2026-02-09,42172.0,49438.477,4838.579,49023.9,23581.8
2026-02-10,0.0,0.0,0.0,0.0,0.0
2026-02-11,42172.0,46728.12899999999,4838.579,49023.9,23581.8
2026-02-12,0.0,0.0,0.0,0.0,0.0
2026-02-13,0.0,0.0,0.0,0.0,0.0
2026-02-14,0.0,0.0,0.0,0.0,0.0
2026-02-15,0.0,0.0,0.0,0.0,0.0
2026-02-16,0.0,0.0,0.0,0.0,0.0
2026-02-17,0.0,0.0,0.0,0.0,0.0
2026-02-18,0.0,0.0,0.0,0.0,0.0
2026-02-19,0.0,0.0,0.0,0.0,0.0
2026-02-20,0.0,0.0,0.0,0.0,0.0
2026-02-21,0.0,0.0,0.0,0.0,0.0
2026-02-22,0.0,0.0,0.0,0.0,0.0
2026-02-23,0.0,0.0,0.0,0.0,0.0
2026-02-24,0.0,0.0,0.0,0.0,0.0
2026-02-25,38098.8,46728.12899999999,4838.579,49023.9,23581.8
2026-02-26,0.0,0.0,0.0,0.0,0.0
2026-02-27,38098.8,43810.172999999995,4838.579,49023.9,23581.8
2026-02-28,0.0,0.0,0.0,0.0,0.0
2026-03-01,0.0,0.0,0.0,0.0,0.0
2026-03-02,38098.8,43810.172999999995,4838.579,49023.9,19259.3
2026-03-03,42133.0,46672.638999999996,4838.579,49023.9,19259.3
2026-03-04,45844.0,46672.638999999996,4838.579,49023.9,24169.2
2026-03-05,42055.0,46672.638999999996,4838.579,49023.9,24169.2
2026-03-06,0.0,0.0,0.0,0.0,0.0
2026-03-07,0.0,0.0,0.0,0.0,0.0
2026-03-08,0.0,0.0,0.0,0.0,0.0
2026-03-09,45639.6,49311.448,4838.579,52090.4,24169.2
2026-03-10,42484.0,46911.24600000001,4838.579,52090.4,24169.2
2026-03-11,38383.8,46911.24600000001,4838.579,52090.4,24169.2
2026-03-12,0.0,0.0,0.0,0.0,0.0
2026-03-13,0.0,0.0,0.0,0.0,0.0
2026-03-14,0.0,0.0,0.0,0.0,0.0
2026-03-15,0.0,0.0,0.0,0.0,0.0
2026-03-16,38383.8,49535.261,4838.579,52090.4,28687.5
2026-03-17,0.0,0.0,0.0,0.0,0.0
2026-03-18,0.0,0.0,0.0,0.0,0.0
2026-03-19,38383.8,52012.158,4838.579,52090.4,32934.4
2026-03-20,38383.8,52012.158,4838.579,52090.4,36663.3
2026-03-21,0.0,0.0,0.0,0.0,0.0
2026-03-22,0.0,0.0,0.0,0.0,0.0
2026-03-23,42432.0,56330.638,4838.579,55055.0,46347.6
2026-03-24,46223.6,56330.638,4838.579,55055.0,43301.1
2026-03-25,42575.0,54390.084,4838.579,55055.0,40744.200000000004
2026-03-26,42575.0,54390.084,4838.579,55055.0,44217.6
2026-03-27,0.0,0.0,0.0,0.0,0.0
2026-03-28,0.0,0.0,0.0,0.0,0.0
2026-03-29,0.0,0.0,0.0,0.0,0.0
2026-03-30,0.0,0.0,0.0,0.0,0.0
2026-03-31,42575.0,54390.084,4838.579,55055.0,40983.6
2026-04-01,42575.0,54390.084,4838.579,52001.0,40983.6
2026-04-02,46340.4,54390.084,4838.579,52001.0,40983.6
2026-04-03,0.0,0.0,0.0,0.0,0.0
2026-04-04,0.0,0.0,0.0,0.0,0.0
2026-04-05,0.0,0.0,0.0,0.0,0.0
2026-04-06,0.0,0.0,0.0,0.0,0.0
2026-04-07,0.0,0.0,0.0,0.0,0.0
2026-04-08,42510.0,52058.001,4838.579,48780.0,37366.3
2026-04-09,0.0,0.0,0.0,0.0,0.0
2026-04-10,38418.0,52058.001,4838.579,48780.0,37366.3
2026-04-11,0.0,0.0,0.0,0.0,0.0
2026-04-12,0.0,0.0,0.0,0.0,0.0
2026-04-13,34025.6,52058.001,4838.579,48780.0,37366.3
2026-04-14,0.0,0.0,0.0,0.0,0.0
2026-04-15,29413.4,49728.829,4838.579,45310.8,37366.3
2026-04-16,0.0,0.0,0.0,0.0,0.0
2026-04-17,0.0,0.0,0.0,0.0,0.0
2026-04-18,0.0,0.0,0.0,0.0,0.0
2026-04-19,0.0,0.0,0.0,0.0,0.0
2026-04-20,0.0,0.0,0.0,0.0,0.0
2026-04-21,0.0,0.0,0.0,0.0,0.0
2026-04-22,24400.2,49728.829,4838.579,45310.8,37366.3
2026-04-23,24400.2,49728.829,4838.579,41533.799999999996,37366.3
2026-04-24,0.0,0.0,0.0,0.0,0.0
2026-04-25,0.0,0.0,0.0,0.0,0.0
2026-04-26,0.0,0.0,0.0,0.0,0.0
2026-04-27,0.0,0.0,0.0,0.0,0.0
2026-04-28,24400.2,49728.829,4838.579,41533.799999999996,41101.2
2026-04-29,0.0,0.0,0.0,0.0,0.0
2026-04-30,24400.2,49728.829,4838.579,37544.0,41101.2
2026-05-01,0.0,0.0,0.0,0.0,0.0
2026-05-02,0.0,0.0,0.0,0.0,0.0
2026-05-03,0.0,0.0,0.0,0.0,0.0
2026-05-04,0.0,0.0,0.0,0.0,0.0
2026-05-05,0.0,0.0,0.0,0.0,0.0
2026-05-06,19060.0,47394.009000000005,4838.579,37544.0,41101.2
2026-05-07,19060.0,47394.009000000005,4838.579,33203.1,41101.2
2026-05-08,0.0,0.0,0.0,0.0,0.0
2026-05-09,0.0,0.0,0.0,0.0,0.0
2026-05-10,0.0,0.0,0.0,0.0,0.0
2026-05-11,13358.599999999999,44633.159999999996,4838.579,28614.4,41101.2
2026-05-12,0.0,0.0,0.0,0.0,0.0
2026-05-13,49815.0,44633.159999999996,4838.579,28614.4,41101.2
2026-05-14,0.0,0.0,0.0,0.0,0.0
2026-05-15,53001.0,47571.577000000005,4838.579,28614.4,41101.2
2026-05-16,0.0,0.0,0.0,0.0,0.0
2026-05-17,0.0,0.0,0.0,0.0,0.0
2026-05-18,53001.0,47571.577000000005,4838.579,28614.4,44368.0
2026-05-19,53001.0,47571.577000000005,4838.579,33252.0,44368.0
2026-05-20,0.0,0.0,0.0,0.0,0.0
2026-05-21,53001.0,47582.674999999996,4838.579,28587.199999999997,44368.0
