timestamp,510500.XSHG,512010.XSHG,513050.XSHG,513100.XSHG,518880.XSHG
2019-01-02,49873.600000000006,49932.8,49959.600000000006,49794.6,49737.6
2019-01-03,49873.600000000006,52285.8,49959.600000000006,49794.6,49737.6
2019-01-04,49873.600000000006,52285.8,52464.7,49794.6,49737.6
2019-01-05,0.0,0.0,0.0,0.0,0.0
2019-01-06,0.0,0.0,0.0,0.0,0.0
2019-01-07,49873.600000000006,52285.8,50481.0,49794.6,49737.6
2019-01-08,49873.600000000006,52285.8,50481.0,46660.00000000001,49737.6
2019-01-09,46803.4,49519.2,50481.0,46660.00000000001,49737.6
2019-01-10,46803.4,49519.2,47567.8,46660.00000000001,49737.6
2019-01-11,0.0,0.0,0.0,0.0,0.0
2019-01-12,0.0,0.0,0.0,0.0,0.0
2019-01-13,0.0,0.0,0.0,0.0,0.0
2019-01-14,0.0,0.0,0.0,0.0,0.0
2019-01-15,0.0,0.0,0.0,0.0,0.0
2019-01-16,0.0,0.0,0.0,0.0,0.0
2019-01-17,0.0,0.0,0.0,0.0,0.0
2019-01-18,0.0,0.0,0.0,0.0,0.0
2019-01-19,0.0,0.0,0.0,0.0,0.0
2019-01-20,0.0,0.0,0.0,0.0,0.0
2019-01-21,46803.4,46443.0,47567.8,46660.00000000001,49737.6
2019-01-22,0.0,0.0,0.0,0.0,0.0
2019-01-23,0.0,0.0,0.0,0.0,0.0
2019-01-24,0.0,0.0,0.0,0.0,0.0
2019-01-25,0.0,0.0,0.0,0.0,0.0
2019-01-26,0.0,0.0,0.0,0.0,0.0
2019-01-27,0.0,0.0,0.0,0.0,0.0
2019-01-28,46803.4,46443.0,44194.0,46660.00000000001,49737.6
2019-01-29,0.0,0.0,0.0,0.0,0.0
2019-01-30,0.0,0.0,0.0,0.0,0.0
2019-01-31,49817.600000000006,46443.0,44194.0,46660.00000000001,49737.6
2019-02-01,0.0,0.0,0.0,0.0,0.0
2019-02-02,0.0,0.0,0.0,0.0,0.0
2019-02-03,0.0,0.0,0.0,0.0,0.0
2019-02-04,0.0,0.0,0.0,0.0,0.0
2019-02-05,0.0,0.0,0.0,0.0,0.0
2019-02-06,0.0,0.0,0.0,0.0,0.0
2019-02-07,0.0,0.0,0.0,0.0,0.0
2019-02-08,0.0,0.0,0.0,0.0,0.0
2019-02-09,0.0,0.0,0.0,0.0,0.0
2019-02-10,0.0,0.0,0.0,0.0,0.0
2019-02-11,46752.899999999994,46443.0,44194.0,43200.6,49737.6
2019-02-12,46752.899999999994,43065.2,40293.0,43200.6,49737.6
2019-02-13,43335.0,43065.2,40293.0,43200.6,49737.6
2019-02-14,0.0,0.0,0.0,0.0,0.0
2019-02-15,0.0,0.0,0.0,0.0,0.0
2019-02-16,0.0,0.0,0.0,0.0,0.0
2019-02-17,0.0,0.0,0.0,0.0,0.0
2019-02-18,39563.2,39326.0,40293.0,43200.6,49737.6
2019-02-19,0.0,0.0,0.0,0.0,0.0
2019-02-20,0.0,0.0,0.0,0.0,0.0
2019-02-21,0.0,0.0,0.0,0.0,0.0
2019-02-22,0.0,0.0,0.0,0.0,0.0
2019-02-23,0.0,0.0,0.0,0.0,0.0
2019-02-24,0.0,0.0,0.0,0.0,0.0
2019-02-25,30956.7,39326.0,40293.0,43200.6,49737.6
2019-02-26,30956.7,35180.4,40293.0,43200.6,49737.6
2019-02-27,0.0,0.0,0.0,0.0,0.0
2019-02-28,0.0,0.0,0.0,0.0,0.0
2019-03-01,0.0,0.0,0.0,0.0,0.0
2019-03-02,0.0,0.0,0.0,0.0,0.0
2019-03-03,0.0,0.0,0.0,0.0,0.0
2019-03-04,30956.7,30655.5,36007.399999999994,43200.6,49737.6
2019-03-05,25990.0,30655.5,36007.399999999994,43200.6,49737.6
2019-03-06,0.0,0.0,0.0,0.0,0.0
2019-03-07,20569.5,30655.5,36007.399999999994,43200.6,49737.6
2019-03-08,25944.0,30655.5,36007.399999999994,43200.6,49737.6
2019-03-09,0.0,0.0,0.0,0.0,0.0
2019-03-10,0.0,0.0,0.0,0.0,0.0
2019-03-11,0.0,0.0,0.0,0.0,0.0
2019-03-12,20569.5,30655.5,36007.399999999994,43200.6,49737.6
2019-03-13,0.0,0.0,0.0,0.0,0.0
2019-03-14,25948.6,30655.5,36007.399999999994,39421.200000000004,49737.6
2019-03-15,0.0,0.0,0.0,0.0,0.0
2019-03-16,0.0,0.0,0.0,0.0,0.0
2019-03-17,0.0,0.0,0.0,0.0,0.0
2019-03-18,20541.5,25718.0,36007.399999999994,39421.200000000004,49737.6
2019-03-19,0.0,0.0,0.0,0.0,0.0
2019-03-20,0.0,0.0,0.0,0.0,0.0
2019-03-21,0.0,0.0,0.0,0.0,0.0
2019-03-22,0.0,0.0,0.0,0.0,0.0
2019-03-23,0.0,0.0,0.0,0.0,0.0
2019-03-24,0.0,0.0,0.0,0.0,0.0
2019-03-25,0.0,0.0,0.0,0.0,0.0
2019-03-26,20541.5,30617.3,36007.399999999994,39421.200000000004,49737.6
2019-03-27,0.0,0.0,0.0,0.0,0.0
2019-03-28,20541.5,25718.0,36007.399999999994,39421.200000000004,49737.6
2019-03-29,0.0,0.0,0.0,0.0,0.0
2019-03-30,0.0,0.0,0.0,0.0,0.0
2019-03-31,0.0,0.0,0.0,0.0,0.0
2019-04-01,14649.6,20393.100000000002,36007.399999999994,39421.200000000004,49737.6
2019-04-02,14649.6,20393.100000000002,36007.399999999994,35255.399999999994,49737.6
2019-04-03,0.0,0.0,0.0,0.0,0.0
2019-04-04,0.0,0.0,0.0,0.0,0.0
2019-04-05,0.0,0.0,0.0,0.0,0.0
2019-04-06,0.0,0.0,0.0,0.0,0.0
2019-04-07,0.0,0.0,0.0,0.0,0.0
2019-04-08,49522.200000000004,20393.100000000002,31309.0,35255.399999999994,49737.6
2019-04-09,0.0,0.0,0.0,0.0,0.0
2019-04-10,0.0,0.0,0.0,0.0,0.0
2019-04-11,0.0,0.0,0.0,0.0,0.0
2019-04-12,51782.0,20393.100000000002,31309.0,35255.399999999994,49737.6
2019-04-13,0.0,0.0,0.0,0.0,0.0
2019-04-14,0.0,0.0,0.0,0.0,0.0
2019-04-15,0.0,0.0,0.0,0.0,0.0
2019-04-16,0.0,0.0,0.0,0.0,0.0
2019-04-17,0.0,0.0,0.0,0.0,0.0
2019-04-18,0.0,0.0,0.0,0.0,0.0
2019-04-19,0.0,0.0,0.0,0.0,0.0
2019-04-20,0.0,0.0,0.0,0.0,0.0
2019-04-21,0.0,0.0,0.0,0.0,0.0
2019-04-22,0.0,0.0,0.0,0.0,0.0
2019-04-23,0.0,0.0,0.0,0.0,0.0
2019-04-24,51782.0,20393.100000000002,31309.0,30654.4,49737.6
2019-04-25,0.0,0.0,0.0,0.0,0.0
2019-04-26,53709.6,25748.8,31309.0,30654.4,49737.6
2019-04-27,0.0,0.0,0.0,0.0,0.0
2019-04-28,0.0,0.0,0.0,0.0,0.0
2019-04-29,0.0,0.0,0.0,0.0,0.0
2019-04-30,0.0,0.0,0.0,0.0,0.0
2019-05-01,0.0,0.0,0.0,0.0,0.0
2019-05-02,0.0,0.0,0.0,0.0,0.0
2019-05-03,0.0,0.0,0.0,0.0,0.0
2019-05-04,0.0,0.0,0.0,0.0,0.0
2019-05-05,0.0,0.0,0.0,0.0,0.0
2019-05-06,55575.8,30617.3,31309.0,30654.4,49737.6
2019-05-07,0.0,0.0,0.0,0.0,0.0
2019-05-08,0.0,0.0,0.0,0.0,0.0
2019-05-09,0.0,0.0,0.0,0.0,0.0
2019-05-10,0.0,0.0,0.0,0.0,0.0
2019-05-11,0.0,0.0,0.0,0.0,0.0
2019-05-12,0.0,0.0,0.0,0.0,0.0
2019-05-13,55575.8,30617.3,35950.2,30654.4,49737.6
2019-05-14,55575.8,30617.3,35950.2,35014.2,49737.6
2019-05-15,0.0,0.0,0.0,0.0,0.0
2019-05-16,53984.700000000004,30617.3,35950.2,35014.2,49737.6
2019-05-17,53984.700000000004,30617.3,35950.2,30452.8,49737.6
2019-05-18,0.0,0.0,0.0,0.0,0.0
2019-05-19,0.0,0.0,0.0,0.0,0.0
2019-05-20,55469.799999999996,30617.3,35950.2,30452.8,49737.6
2019-05-21,55469.799999999996,30617.3,39227.4,30452.8,49737.6
2019-05-22,0.0,0.0,0.0,0.0,0.0
2019-05-23,0.0,0.0,0.0,0.0,0.0
2019-05-24,0.0,0.0,0.0,0.0,0.0
2019-05-25,0.0,0.0,0.0,0.0,0.0
2019-05-26,0.0,0.0,0.0,0.0,0.0
2019-05-27,55469.799999999996,35043.6,42939.99999999999,30452.8,49737.6
2019-05-28,0.0,0.0,0.0,0.0,0.0
2019-05-29,55469.799999999996,35043.6,42939.99999999999,34880.200000000004,49737.6
2019-05-30,0.0,0.0,0.0,0.0,0.0
2019-05-31,0.0,0.0,0.0,0.0,0.0
2019-06-01,0.0,0.0,0.0,0.0,0.0
2019-06-02,0.0,0.0,0.0,0.0,0.0
2019-06-03,0.0,0.0,0.0,0.0,0.0
2019-06-04,55469.799999999996,35043.6,42939.99999999999,34880.200000000004,46825.5
2019-06-05,0.0,0.0,0.0,0.0,0.0
2019-06-06,56748.600000000006,39061.0,42939.99999999999,34880.200000000004,46825.5
2019-06-07,0.0,0.0,0.0,0.0,0.0
2019-06-08,0.0,0.0,0.0,0.0,0.0
2019-06-09,0.0,0.0,0.0,0.0,0.0
2019-06-10,0.0,0.0,0.0,0.0,0.0
2019-06-11,55374.4,34952.4,42939.99999999999,34880.200000000004,46825.5
2019-06-12,0.0,0.0,0.0,0.0,0.0
2019-06-13,0.0,0.0,0.0,0.0,0.0
2019-06-14,0.0,0.0,0.0,0.0,0.0
2019-06-15,0.0,0.0,0.0,0.0,0.0
2019-06-16,0.0,0.0,0.0,0.0,0.0
2019-06-17,0.0,0.0,0.0,0.0,0.0
2019-06-18,0.0,0.0,0.0,0.0,0.0
2019-06-19,55374.4,34952.4,39327.3,30609.600000000002,46825.5
2019-06-20,55374.4,30464.5,39327.3,30609.600000000002,46825.5
2019-06-21,55374.4,30464.5,39327.3,30609.600000000002,43693.4
2019-06-22,0.0,0.0,0.0,0.0,0.0
2019-06-23,0.0,0.0,0.0,0.0,0.0
2019-06-24,0.0,0.0,0.0,0.0,0.0
2019-06-25,0.0,0.0,0.0,0.0,0.0
2019-06-26,0.0,0.0,0.0,0.0,0.0
2019-06-27,0.0,0.0,0.0,0.0,0.0
2019-06-28,0.0,0.0,0.0,0.0,0.0
2019-06-29,0.0,0.0,0.0,0.0,0.0
2019-06-30,0.0,0.0,0.0,0.0,0.0
2019-07-01,53856.00000000001,25625.6,35235.2,30609.600000000002,43693.4
2019-07-02,0.0,0.0,0.0,0.0,0.0
2019-07-03,0.0,0.0,0.0,0.0,0.0
2019-07-04,0.0,0.0,0.0,0.0,0.0
2019-07-05,0.0,0.0,0.0,0.0,0.0
2019-07-06,0.0,0.0,0.0,0.0,0.0
2019-07-07,0.0,0.0,0.0,0.0,0.0
2019-07-08,0.0,0.0,0.0,0.0,0.0
2019-07-09,55310.8,25625.6,35235.2,30609.600000000002,43693.4
2019-07-10,0.0,0.0,0.0,0.0,0.0
2019-07-11,0.0,0.0,0.0,0.0,0.0
2019-07-12,0.0,0.0,0.0,0.0,0.0
2019-07-13,0.0,0.0,0.0,0.0,0.0
2019-07-14,0.0,0.0,0.0,0.0,0.0
2019-07-15,0.0,0.0,0.0,0.0,0.0
2019-07-16,55310.8,25625.6,35235.2,25587.0,43693.4
2019-07-17,0.0,0.0,0.0,0.0,0.0
2019-07-18,0.0,0.0,0.0,0.0,0.0
2019-07-19,0.0,0.0,0.0,0.0,0.0
2019-07-20,0.0,0.0,0.0,0.0,0.0
2019-07-21,0.0,0.0,0.0,0.0,0.0
2019-07-22,0.0,0.0,0.0,0.0,0.0
2019-07-23,0.0,0.0,0.0,0.0,0.0
2019-07-24,0.0,0.0,0.0,0.0,0.0
2019-07-25,0.0,0.0,0.0,0.0,0.0
2019-07-26,0.0,0.0,0.0,0.0,0.0
2019-07-27,0.0,0.0,0.0,0.0,0.0
2019-07-28,0.0,0.0,0.0,0.0,0.0
2019-07-29,0.0,0.0,0.0,0.0,0.0
2019-07-30,0.0,0.0,0.0,0.0,0.0
2019-07-31,0.0,0.0,0.0,0.0,0.0
2019-08-01,0.0,0.0,0.0,0.0,0.0
2019-08-02,0.0,0.0,0.0,0.0,0.0
2019-08-03,0.0,0.0,0.0,0.0,0.0
2019-08-04,0.0,0.0,0.0,0.0,0.0
2019-08-05,55310.8,30502.7,38994.3,25587.0,40500.0
2019-08-06,56556.5,30502.7,42484.00000000001,30273.6,40500.0
2019-08-07,56556.5,30502.7,42484.00000000001,30273.6,36406.8
2019-08-08,0.0,0.0,0.0,0.0,0.0
2019-08-09,56556.5,30502.7,42484.00000000001,25416.0,36406.8
2019-08-10,0.0,0.0,0.0,0.0,0.0
2019-08-11,0.0,0.0,0.0,0.0,0.0
2019-08-12,0.0,0.0,0.0,0.0,0.0
2019-08-13,0.0,0.0,0.0,0.0,0.0
2019-08-14,56556.5,30502.7,38994.3,25416.0,36406.8
2019-08-15,56556.5,25610.2,38994.3,25416.0,36406.8
2019-08-16,0.0,0.0,0.0,0.0,0.0
2019-08-17,0.0,0.0,0.0,0.0,0.0
2019-08-18,0.0,0.0,0.0,0.0,0.0
2019-08-19,55183.600000000006,25610.2,34863.4,25416.0,36406.8
2019-08-20,0.0,0.0,0.0,0.0,0.0
2019-08-21,0.0,0.0,0.0,0.0,0.0
2019-08-22,0.0,0.0,0.0,0.0,0.0
2019-08-23,55183.600000000006,20252.7,34863.4,25416.0,36406.8
2019-08-24,0.0,0.0,0.0,0.0,0.0
2019-08-25,0.0,0.0,0.0,0.0,0.0
2019-08-26,55183.600000000006,20252.7,34863.4,25416.0,32068.4
2019-08-27,55183.600000000006,14424.0,34863.4,25416.0,32068.4
2019-08-28,0.0,0.0,0.0,0.0,0.0
2019-08-29,0.0,0.0,0.0,0.0,0.0
2019-08-30,0.0,0.0,0.0,0.0,0.0
2019-08-31,0.0,0.0,0.0,0.0,0.0
2019-09-01,0.0,0.0,0.0,0.0,0.0
2019-09-02,53638.200000000004,14424.0,34863.4,25416.0,32068.4
2019-09-03,0.0,0.0,0.0,0.0,0.0
2019-09-04,0.0,0.0,0.0,0.0,0.0
2019-09-05,0.0,0.0,0.0,0.0,0.0
2019-09-06,0.0,0.0,0.0,0.0,0.0
2019-09-07,0.0,0.0,0.0,0.0,0.0
2019-09-08,0.0,0.0,0.0,0.0,0.0
2019-09-09,51878.8,14424.0,34863.4,25416.0,32068.4
2019-09-10,51878.8,14424.0,34863.4,25416.0,36504.0
2019-09-11,51878.8,14424.0,30305.2,25416.0,36504.0
2019-09-12,0.0,0.0,0.0,0.0,0.0
2019-09-13,0.0,0.0,0.0,0.0,0.0
2019-09-14,0.0,0.0,0.0,0.0,0.0
2019-09-15,0.0,0.0,0.0,0.0,0.0
2019-09-16,0.0,0.0,0.0,0.0,0.0
2019-09-17,0.0,0.0,0.0,0.0,0.0
2019-09-18,0.0,0.0,0.0,0.0,0.0
2019-09-19,0.0,0.0,0.0,0.0,0.0
2019-09-20,0.0,0.0,0.0,0.0,0.0
2019-09-21,0.0,0.0,0.0,0.0,0.0
2019-09-22,0.0,0.0,0.0,0.0,0.0
2019-09-23,0.0,0.0,0.0,0.0,0.0
2019-09-24,0.0,0.0,0.0,0.0,0.0
2019-09-25,51878.8,14424.0,34777.6,25416.0,36504.0
2019-09-26,53588.700000000004,14424.0,34777.6,25416.0,36504.0
2019-09-27,0.0,0.0,0.0,0.0,0.0
2019-09-28,0.0,0.0,0.0,0.0,0.0
2019-09-29,0.0,0.0,0.0,0.0,0.0
2019-09-30,0.0,0.0,0.0,0.0,0.0
2019-10-01,0.0,0.0,0.0,0.0,0.0
2019-10-02,0.0,0.0,0.0,0.0,0.0
2019-10-03,0.0,0.0,0.0,0.0,0.0
2019-10-04,0.0,0.0,0.0,0.0,0.0
2019-10-05,0.0,0.0,0.0,0.0,0.0
2019-10-06,0.0,0.0,0.0,0.0,0.0
2019-10-07,0.0,0.0,0.0,0.0,0.0
2019-10-08,0.0,0.0,0.0,0.0,0.0
2019-10-09,0.0,0.0,0.0,0.0,0.0
2019-10-10,0.0,0.0,0.0,0.0,0.0
2019-10-11,0.0,0.0,0.0,0.0,0.0
2019-10-12,0.0,0.0,0.0,0.0,0.0
2019-10-13,0.0,0.0,0.0,0.0,0.0
2019-10-14,0.0,0.0,0.0,0.0,0.0
2019-10-15,0.0,0.0,0.0,0.0,0.0
2019-10-16,0.0,0.0,0.0,0.0,0.0
2019-10-17,0.0,0.0,0.0,0.0,0.0
2019-10-18,0.0,0.0,0.0,0.0,0.0
2019-10-19,0.0,0.0,0.0,0.0,0.0
2019-10-20,0.0,0.0,0.0,0.0,0.0
2019-10-21,0.0,0.0,0.0,0.0,0.0
2019-10-22,0.0,0.0,0.0,0.0,0.0
2019-10-23,0.0,0.0,0.0,0.0,0.0
2019-10-24,0.0,0.0,0.0,0.0,0.0
2019-10-25,0.0,0.0,0.0,0.0,0.0
2019-10-26,0.0,0.0,0.0,0.0,0.0
2019-10-27,0.0,0.0,0.0,0.0,0.0
2019-10-28,53588.700000000004,49901.6,34777.6,25416.0,36504.0
2019-10-29,53588.700000000004,49901.6,34777.6,20114.4,36504.0
2019-10-30,0.0,0.0,0.0,0.0,0.0
2019-10-31,0.0,0.0,0.0,0.0,0.0
2019-11-01,0.0,0.0,0.0,0.0,0.0
2019-11-02,0.0,0.0,0.0,0.0,0.0
2019-11-03,0.0,0.0,0.0,0.0,0.0
2019-11-04,0.0,0.0,0.0,0.0,0.0
2019-11-05,53588.700000000004,49901.6,30424.699999999997,20114.4,36504.0
2019-11-06,0.0,0.0,0.0,0.0,0.0
2019-11-07,53588.700000000004,46848.0,30424.699999999997,20114.4,36504.0
2019-11-08,0.0,0.0,0.0,0.0,0.0
2019-11-09,0.0,0.0,0.0,0.0,0.0
2019-11-10,0.0,0.0,0.0,0.0,0.0
2019-11-11,0.0,0.0,0.0,0.0,0.0
2019-11-12,53588.700000000004,46848.0,30424.699999999997,20114.4,40550.0
2019-11-13,0.0,0.0,0.0,0.0,0.0
2019-11-14,0.0,0.0,0.0,0.0,0.0
2019-11-15,0.0,0.0,0.0,0.0,0.0
2019-11-16,0.0,0.0,0.0,0.0,0.0
2019-11-17,0.0,0.0,0.0,0.0,0.0
2019-11-18,0.0,0.0,0.0,0.0,0.0
2019-11-19,0.0,0.0,0.0,0.0,0.0
2019-11-20,0.0,0.0,0.0,0.0,0.0
2019-11-21,0.0,0.0,0.0,0.0,0.0
2019-11-22,0.0,0.0,0.0,0.0,0.0
2019-11-23,0.0,0.0,0.0,0.0,0.0
2019-11-24,0.0,0.0,0.0,0.0,0.0
2019-11-25,53588.700000000004,49715.4,30424.699999999997,20114.4,40550.0
2019-11-26,53588.700000000004,49715.4,30424.699999999997,14163.400000000001,40550.0
2019-11-27,0.0,0.0,0.0,0.0,0.0
2019-11-28,53588.700000000004,49715.4,25459.2,14163.400000000001,40550.0
2019-11-29,0.0,0.0,0.0,0.0,0.0
2019-11-30,0.0,0.0,0.0,0.0,0.0
2019-12-01,0.0,0.0,0.0,0.0,0.0
2019-12-02,0.0,0.0,0.0,0.0,0.0
2019-12-03,53588.700000000004,52326.4,25459.2,14163.400000000001,40550.0
2019-12-04,0.0,0.0,0.0,0.0,0.0
2019-12-05,0.0,0.0,0.0,0.0,0.0
2019-12-06,0.0,0.0,0.0,0.0,0.0
2019-12-07,0.0,0.0,0.0,0.0,0.0
2019-12-08,0.0,0.0,0.0,0.0,0.0
2019-12-09,0.0,0.0,0.0,0.0,0.0
2019-12-10,0.0,0.0,0.0,0.0,0.0
2019-12-11,0.0,0.0,0.0,0.0,0.0
2019-12-12,0.0,0.0,0.0,0.0,0.0
2019-12-13,53588.700000000004,52326.4,20010.0,14163.400000000001,40550.0
2019-12-14,0.0,0.0,0.0,0.0,0.0
2019-12-15,0.0,0.0,0.0,0.0,0.0
2019-12-16,53588.700000000004,49582.4,20010.0,14163.400000000001,40550.0
2019-12-17,51823.6,49582.4,20010.0,14163.400000000001,40550.0
2019-12-18,0.0,0.0,0.0,0.0,0.0
2019-12-19,0.0,0.0,0.0,0.0,0.0
2019-12-20,0.0,0.0,0.0,0.0,0.0
2019-12-21,0.0,0.0,0.0,0.0,0.0
2019-12-22,0.0,0.0,0.0,0.0,0.0
2019-12-23,0.0,0.0,0.0,0.0,0.0
2019-12-24,51823.6,49582.4,14072.8,14163.400000000001,40550.0
2019-12-25,0.0,0.0,0.0,0.0,0.0
2019-12-26,0.0,0.0,0.0,0.0,0.0
2019-12-27,51823.6,49582.4,14072.8,49739.5,36439.200000000004
2019-12-28,0.0,0.0,0.0,0.0,0.0
2019-12-29,0.0,0.0,0.0,0.0,0.0
2019-12-30,0.0,0.0,0.0,0.0,0.0
2019-12-31,0.0,0.0,0.0,0.0,0.0
2020-01-01,0.0,0.0,0.0,0.0,0.0
2020-01-02,0.0,0.0,0.0,0.0,0.0
2020-01-03,0.0,0.0,0.0,0.0,0.0
2020-01-04,0.0,0.0,0.0,0.0,0.0
2020-01-05,0.0,0.0,0.0,0.0,0.0
2020-01-06,49810.0,49582.4,14072.8,49739.5,31940.999999999996
2020-01-07,0.0,0.0,0.0,0.0,0.0
2020-01-08,0.0,0.0,0.0,0.0,0.0
2020-01-09,49810.0,49582.4,49899.6,49739.5,31940.999999999996
2020-01-10,49810.0,49582.4,49899.6,46732.0,31940.999999999996
2020-01-11,0.0,0.0,0.0,0.0,0.0
2020-01-12,0.0,0.0,0.0,0.0,0.0
2020-01-13,49810.0,46536.0,49899.6,46732.0,31940.999999999996
2020-01-14,49810.0,46536.0,46865.7,46732.0,36352.8
2020-01-15,0.0,0.0,0.0,0.0,0.0
2020-01-16,0.0,0.0,0.0,0.0,0.0
2020-01-17,49810.0,46536.0,46865.7,43687.5,36352.8
2020-01-18,0.0,0.0,0.0,0.0,0.0
2020-01-19,0.0,0.0,0.0,0.0,0.0
2020-01-20,0.0,0.0,0.0,0.0,0.0
2020-01-21,49810.0,43185.2,49899.6,46970.0,36352.8
2020-01-22,0.0,0.0,0.0,0.0,0.0
2020-01-23,49810.0,46488.0,49899.6,46970.0,36352.8
2020-01-24,0.0,0.0,0.0,0.0,0.0
2020-01-25,0.0,0.0,0.0,0.0,0.0
2020-01-26,0.0,0.0,0.0,0.0,0.0
2020-01-27,0.0,0.0,0.0,0.0,0.0
2020-01-28,0.0,0.0,0.0,0.0,0.0
2020-01-29,0.0,0.0,0.0,0.0,0.0
2020-01-30,0.0,0.0,0.0,0.0,0.0
2020-01-31,0.0,0.0,0.0,0.0,0.0
2020-02-01,0.0,0.0,0.0,0.0,0.0
2020-02-02,0.0,0.0,0.0,0.0,0.0
2020-02-03,49155.6,48119.4,50719.399999999994,46970.0,31977.399999999998
2020-02-04,49155.6,45168.0,48263.0,46970.0,31977.399999999998
2020-02-05,47243.0,41901.2,45330.6,43775.0,31977.399999999998
2020-02-06,47243.0,41901.2,45330.6,40139.0,31977.399999999998
2020-02-07,0.0,0.0,0.0,0.0,0.0
2020-02-08,0.0,0.0,0.0,0.0,0.0
2020-02-09,0.0,0.0,0.0,0.0,0.0
2020-02-10,45130.799999999996,41901.2,45330.6,40139.0,31977.399999999998
2020-02-11,45130.799999999996,41901.2,45330.6,36366.0,31977.399999999998
2020-02-12,45130.799999999996,41901.2,45330.6,31856.0,31977.399999999998
2020-02-13,45130.799999999996,41901.2,45330.6,26955.5,31977.399999999998
2020-02-14,0.0,0.0,0.0,0.0,0.0
2020-02-15,0.0,0.0,0.0,0.0,0.0
2020-02-16,0.0,0.0,0.0,0.0,0.0
2020-02-17,42727.799999999996,41901.2,45330.6,31816.0,31977.399999999998
2020-02-18,0.0,0.0,0.0,0.0,0.0
2020-02-19,42727.799999999996,41901.2,45330.6,36043.0,31977.399999999998
2020-02-20,0.0,0.0,0.0,0.0,0.0
2020-02-21,40076.799999999996,41901.2,45330.6,36043.0,31977.399999999998
2020-02-22,0.0,0.0,0.0,0.0,0.0
2020-02-23,0.0,0.0,0.0,0.0,0.0
2020-02-24,40076.799999999996,41901.2,45330.6,39809.0,27572.4
2020-02-25,40076.799999999996,41901.2,45330.6,39457.0,27572.4
2020-02-26,0.0,0.0,0.0,0.0,0.0
2020-02-27,0.0,0.0,0.0,0.0,0.0
2020-02-28,42671.0,41901.2,47762.0,42850.0,27572.4
2020-02-29,0.0,0.0,0.0,0.0,0.0
2020-03-01,0.0,0.0,0.0,0.0,0.0
2020-03-02,42671.0,41901.2,47762.0,42850.0,32305.0
2020-03-03,40057.600000000006,41901.2,47762.0,40458.0,32305.0
2020-03-04,40057.600000000006,41901.2,47762.0,43787.5,32305.0
2020-03-05,40057.600000000006,38314.399999999994,47762.0,40205.0,32305.0
2020-03-06,40057.600000000006,38314.399999999994,47762.0,43650.0,27328.2
2020-03-07,0.0,0.0,0.0,0.0,0.0
2020-03-08,0.0,0.0,0.0,0.0,0.0
2020-03-09,42656.8,38314.399999999994,47762.0,46928.0,27328.2
2020-03-10,0.0,0.0,0.0,0.0,0.0
2020-03-11,0.0,0.0,0.0,0.0,0.0
2020-03-12,42656.8,41858.4,50352.4,49491.5,27328.2
2020-03-13,42103.0,44184.0,48957.8,46144.0,31513.3
2020-03-14,0.0,0.0,0.0,0.0,0.0
2020-03-15,0.0,0.0,0.0,0.0,0.0
2020-03-16,44397.6,44184.0,48957.8,51119.0,31513.3
2020-03-17,44397.6,44184.0,48957.8,51238.0,35769.6
2020-03-18,44397.6,44184.0,51200.0,51101.99999999999,35769.6
2020-03-19,46435.5,46975.6,51200.0,51101.99999999999,35769.6
2020-03-20,46435.5,44088.0,48921.1,48499.5,35769.6
2020-03-21,0.0,0.0,0.0,0.0,0.0
2020-03-22,0.0,0.0,0.0,0.0,0.0
2020-03-23,0.0,0.0,0.0,0.0,0.0
2020-03-24,46435.5,44088.0,48921.1,48499.5,32295.899999999998
2020-03-25,46435.5,40959.6,47194.200000000004,46480.0,32295.899999999998
2020-03-26,0.0,0.0,0.0,0.0,0.0
2020-03-27,46435.5,37430.8,47194.200000000004,49259.0,32295.899999999998
2020-03-28,0.0,0.0,0.0,0.0,0.0
2020-03-29,0.0,0.0,0.0,0.0,0.0
2020-03-30,0.0,0.0,0.0,0.0,0.0
2020-03-31,0.0,0.0,0.0,0.0,0.0
2020-04-01,0.0,0.0,0.0,0.0,0.0
2020-04-02,0.0,0.0,0.0,0.0,0.0
2020-04-03,0.0,0.0,0.0,0.0,0.0
2020-04-04,0.0,0.0,0.0,0.0,0.0
2020-04-05,0.0,0.0,0.0,0.0,0.0
2020-04-06,0.0,0.0,0.0,0.0,0.0
2020-04-07,44319.600000000006,37430.8,47194.200000000004,49259.0,27313.399999999998
2020-04-08,0.0,0.0,0.0,0.0,0.0
2020-04-09,44319.600000000006,33550.200000000004,47194.200000000004,49259.0,27313.399999999998
2020-04-10,0.0,0.0,0.0,0.0,0.0
2020-04-11,0.0,0.0,0.0,0.0,0.0
2020-04-12,0.0,0.0,0.0,0.0,0.0
2020-04-13,0.0,0.0,0.0,0.0,0.0
2020-04-14,0.0,0.0,0.0,0.0,0.0
2020-04-15,0.0,0.0,0.0,0.0,0.0
2020-04-16,0.0,0.0,0.0,0.0,0.0
2020-04-17,44319.600000000006,33550.200000000004,44668.4,46788.0,27313.399999999998
2020-04-18,0.0,0.0,0.0,0.0,0.0
2020-04-19,0.0,0.0,0.0,0.0,0.0
2020-04-20,0.0,0.0,0.0,0.0,0.0
2020-04-21,0.0,0.0,0.0,0.0,0.0
2020-04-22,0.0,0.0,0.0,0.0,0.0
2020-04-23,44319.600000000006,33550.200000000004,44668.4,43675.0,27313.399999999998
2020-04-24,0.0,0.0,0.0,0.0,0.0
2020-04-25,0.0,0.0,0.0,0.0,0.0
2020-04-26,0.0,0.0,0.0,0.0,0.0
2020-04-27,0.0,0.0,0.0,0.0,0.0
2020-04-28,44319.600000000006,33550.200000000004,44668.4,40238.0,27313.399999999998
2020-04-29,0.0,0.0,0.0,0.0,0.0
2020-04-30,44319.600000000006,33550.200000000004,44668.4,40436.0,27313.399999999998
2020-05-01,0.0,0.0,0.0,0.0,0.0
2020-05-02,0.0,0.0,0.0,0.0,0.0
2020-05-03,0.0,0.0,0.0,0.0,0.0
2020-05-04,0.0,0.0,0.0,0.0,0.0
2020-05-05,0.0,0.0,0.0,0.0,0.0
2020-05-06,41961.0,33550.200000000004,44668.4,40436.0,27313.399999999998
2020-05-07,0.0,0.0,0.0,0.0,0.0
2020-05-08,41961.0,29294.399999999998,44668.4,36356.5,27313.399999999998
2020-05-09,0.0,0.0,0.0,0.0,0.0
2020-05-10,0.0,0.0,0.0,0.0,0.0
2020-05-11,0.0,0.0,0.0,0.0,0.0
2020-05-12,41961.0,29294.399999999998,44668.4,40403.0,27313.399999999998
2020-05-13,0.0,0.0,0.0,0.0,0.0
2020-05-14,0.0,0.0,0.0,0.0,0.0
2020-05-15,41961.0,29294.399999999998,44668.4,40403.0,21882.3
2020-05-16,0.0,0.0,0.0,0.0,0.0
2020-05-17,0.0,0.0,0.0,0.0,0.0
2020-05-18,0.0,0.0,0.0,0.0,0.0
2020-05-19,41961.0,29294.399999999998,42397.6,40403.0,21882.3
2020-05-20,0.0,0.0,0.0,0.0,0.0
2020-05-21,0.0,0.0,0.0,0.0,0.0
2020-05-22,0.0,0.0,0.0,0.0,0.0
2020-05-23,0.0,0.0,0.0,0.0,0.0
2020-05-24,0.0,0.0,0.0,0.0,0.0
2020-05-25,41961.0,29294.399999999998,45631.6,40403.0,21882.3
2020-05-26,41961.0,29294.399999999998,42344.0,40403.0,21882.3
2020-05-27,41961.0,29294.399999999998,42344.0,36290.0,21882.3
2020-05-28,0.0,0.0,0.0,0.0,0.0
2020-05-29,0.0,0.0,0.0,0.0,0.0
2020-05-30,0.0,0.0,0.0,0.0,0.0
2020-05-31,0.0,0.0,0.0,0.0,0.0
2020-06-01,0.0,0.0,0.0,0.0,0.0
2020-06-02,0.0,0.0,0.0,0.0,0.0
2020-06-03,0.0,0.0,0.0,0.0,0.0
2020-06-04,41961.0,29294.399999999998,38657.5,36290.0,21882.3
2020-06-05,0.0,0.0,0.0,0.0,0.0
2020-06-06,0.0,0.0,0.0,0.0,0.0
2020-06-07,0.0,0.0,0.0,0.0,0.0
2020-06-08,0.0,0.0,0.0,0.0,0.0
2020-06-09,41961.0,24662.0,38657.5,36290.0,21882.3
2020-06-10,0.0,0.0,0.0,0.0,0.0
2020-06-11,39340.8,24662.0,34562.200000000004,36290.0,21882.3
2020-06-12,39340.8,24662.0,38563.5,40227.0,21882.3
2020-06-13,0.0,0.0,0.0,0.0,0.0
2020-06-14,0.0,0.0,0.0,0.0,0.0
2020-06-15,0.0,0.0,0.0,0.0,0.0
2020-06-16,39340.8,19597.2,38563.5,36157.0,21882.3
2020-06-17,39340.8,19597.2,34643.0,36157.0,21882.3
2020-06-18,0.0,0.0,0.0,0.0,0.0
2020-06-19,39340.8,14076.6,30149.600000000002,36157.0,21882.3
2020-06-20,0.0,0.0,0.0,0.0,0.0
2020-06-21,0.0,0.0,0.0,0.0,0.0
2020-06-22,0.0,0.0,0.0,0.0,0.0
2020-06-23,0.0,0.0,0.0,0.0,0.0
2020-06-24,39340.8,49821.299999999996,25268.800000000003,36157.0,21882.3
2020-06-25,0.0,0.0,0.0,0.0,0.0
2020-06-26,0.0,0.0,0.0,0.0,0.0
2020-06-27,0.0,0.0,0.0,0.0,0.0
2020-06-28,0.0,0.0,0.0,0.0,0.0
2020-06-29,0.0,0.0,0.0,0.0,0.0
2020-06-30,36445.8,49821.299999999996,25268.800000000003,36157.0,21882.3
2020-07-01,0.0,0.0,0.0,0.0,0.0
2020-07-02,0.0,0.0,0.0,0.0,0.0
2020-07-03,0.0,0.0,0.0,0.0,0.0
2020-07-04,0.0,0.0,0.0,0.0,0.0
2020-07-05,0.0,0.0,0.0,0.0,0.0
2020-07-06,29885.0,49821.299999999996,25268.800000000003,36157.0,21882.3
2020-07-07,29885.0,46831.799999999996,20054.100000000002,36157.0,21882.3
2020-07-08,0.0,0.0,0.0,0.0,0.0
2020-07-09,26024.4,46831.799999999996,14181.999999999998,36157.0,21882.3
2020-07-10,26024.4,43534.2,14181.999999999998,36157.0,21882.3
2020-07-11,0.0,0.0,0.0,0.0,0.0
2020-07-12,0.0,0.0,0.0,0.0,0.0
2020-07-13,21810.9,39886.0,14181.999999999998,36157.0,21882.3
2020-07-14,0.0,0.0,0.0,0.0,0.0
2020-07-15,21810.9,35924.9,20012.9,36157.0,21882.3
2020-07-16,29751.699999999997,43438.8,25336.8,36157.0,21882.3
2020-07-17,0.0,0.0,0.0,0.0,0.0
2020-07-18,0.0,0.0,0.0,0.0,0.0
2020-07-19,0.0,0.0,0.0,0.0,0.0
2020-07-20,0.0,0.0,0.0,0.0,0.0
2020-07-21,25927.2,39802.0,20105.6,31672.0,21882.3
2020-07-22,25927.2,39802.0,20105.6,31672.0,16204.0
2020-07-23,0.0,0.0,0.0,0.0,0.0
2020-07-24,29713.0,39802.0,20105.6,31672.0,16204.0
2020-07-25,0.0,0.0,0.0,0.0,0.0
2020-07-26,0.0,0.0,0.0,0.0,0.0
2020-07-27,29713.0,39802.0,25472.8,31672.0,49748.8
2020-07-28,0.0,0.0,0.0,0.0,0.0
2020-07-29,29713.0,39802.0,20064.399999999998,31672.0,49748.8
2020-07-30,25873.2,35864.4,20064.399999999998,31672.0,49748.8
2020-07-31,0.0,0.0,0.0,0.0,0.0
2020-08-01,0.0,0.0,0.0,0.0,0.0
2020-08-02,0.0,0.0,0.0,0.0,0.0
2020-08-03,25873.2,31467.0,20064.399999999998,31672.0,49748.8
2020-08-04,0.0,0.0,0.0,0.0,0.0
2020-08-05,25873.2,31467.0,14181.999999999998,31672.0,49748.8
2020-08-06,0.0,0.0,0.0,0.0,0.0
2020-08-07,25873.2,35816.0,19909.9,31672.0,47112.1
2020-08-08,0.0,0.0,0.0,0.0,0.0
2020-08-09,0.0,0.0,0.0,0.0,0.0
2020-08-10,0.0,0.0,0.0,0.0,0.0
2020-08-11,0.0,0.0,0.0,0.0,0.0
2020-08-12,25873.2,39746.0,19909.9,31672.0,47435.99999999999
2020-08-13,0.0,0.0,0.0,0.0,0.0
2020-08-14,0.0,0.0,0.0,0.0,0.0
2020-08-15,0.0,0.0,0.0,0.0,0.0
2020-08-16,0.0,0.0,0.0,0.0,0.0
2020-08-17,0.0,0.0,0.0,0.0,0.0
2020-08-18,21686.2,39746.0,19909.9,31672.0,44993.5
2020-08-19,0.0,0.0,0.0,0.0,0.0
2020-08-20,21686.2,39746.0,19909.9,26786.500000000004,44993.5
2020-08-21,0.0,0.0,0.0,0.0,0.0
2020-08-22,0.0,0.0,0.0,0.0,0.0
2020-08-23,0.0,0.0,0.0,0.0,0.0
2020-08-24,21686.2,39746.0,14181.999999999998,21475.0,44993.5
2020-08-25,21686.2,39746.0,49983.3,15858.499999999998,44993.5
2020-08-26,25837.199999999997,39746.0,49983.3,15858.499999999998,44993.5
2020-08-27,0.0,0.0,0.0,0.0,0.0
2020-08-28,25837.199999999997,39746.0,49983.3,49979.0,44993.5
2020-08-29,0.0,0.0,0.0,0.0,0.0
2020-08-30,0.0,0.0,0.0,0.0,0.0
2020-08-31,25837.199999999997,35743.4,49983.3,47347.200000000004,44993.5
2020-09-01,25837.199999999997,35743.4,49983.3,48086.4,44993.5
2020-09-02,0.0,0.0,0.0,0.0,0.0
2020-09-03,25837.199999999997,35743.4,49983.3,45485.399999999994,44993.5
2020-09-04,25837.199999999997,39634.0,52598.0,47548.8,44993.5
2020-09-05,0.0,0.0,0.0,0.0,0.0
2020-09-06,0.0,0.0,0.0,0.0,0.0
2020-09-07,25837.199999999997,39634.0,52598.0,52826.4,44993.5
2020-09-08,0.0,0.0,0.0,0.0,0.0
2020-09-09,25837.199999999997,43104.899999999994,54505.799999999996,52826.4,44993.5
2020-09-10,29601.2,43104.899999999994,54505.799999999996,52826.4,44993.5
2020-09-11,0.0,0.0,0.0,0.0,0.0
2020-09-12,0.0,0.0,0.0,0.0,0.0
2020-09-13,0.0,0.0,0.0,0.0,0.0
2020-09-14,29601.2,43104.899999999994,52104.0,52826.4,44993.5
2020-09-15,29601.2,43104.899999999994,52104.0,50222.8,44993.5
2020-09-16,29601.2,43104.899999999994,52104.0,47596.8,44993.5
2020-09-17,29601.2,46315.6,52104.0,49650.4,44993.5
2020-09-18,0.0,0.0,0.0,0.0,0.0
2020-09-19,0.0,0.0,0.0,0.0,0.0
2020-09-20,0.0,0.0,0.0,0.0,0.0
2020-09-21,0.0,0.0,0.0,0.0,0.0
2020-09-22,29601.2,46315.6,52104.0,49650.4,46940.4
2020-09-23,29601.2,43057.200000000004,52104.0,49650.4,46940.4
2020-09-24,29601.2,43057.200000000004,54420.9,52107.2,46940.4
2020-09-25,0.0,0.0,0.0,0.0,0.0
2020-09-26,0.0,0.0,0.0,0.0,0.0
2020-09-27,0.0,0.0,0.0,0.0,0.0
2020-09-28,0.0,0.0,0.0,0.0,0.0
2020-09-29,0.0,0.0,0.0,0.0,0.0
2020-09-30,0.0,0.0,0.0,0.0,0.0
2020-10-01,0.0,0.0,0.0,0.0,0.0
2020-10-02,0.0,0.0,0.0,0.0,0.0
2020-10-03,0.0,0.0,0.0,0.0,0.0
2020-10-04,0.0,0.0,0.0,0.0,0.0
2020-10-05,0.0,0.0,0.0,0.0,0.0
2020-10-06,0.0,0.0,0.0,0.0,0.0
2020-10-07,0.0,0.0,0.0,0.0,0.0
2020-10-08,0.0,0.0,0.0,0.0,0.0
2020-10-09,29601.2,43057.200000000004,53534.00000000001,49650.4,46940.4
2020-10-10,0.0,0.0,0.0,0.0,0.0
2020-10-11,0.0,0.0,0.0,0.0,0.0
2020-10-12,25786.8,39438.0,53534.00000000001,49650.4,46940.4
2020-10-13,0.0,0.0,0.0,0.0,0.0
2020-10-14,0.0,0.0,0.0,0.0,0.0
2020-10-15,0.0,0.0,0.0,0.0,0.0
2020-10-16,0.0,0.0,0.0,0.0,0.0
2020-10-17,0.0,0.0,0.0,0.0,0.0
2020-10-18,0.0,0.0,0.0,0.0,0.0
2020-10-19,0.0,0.0,0.0,0.0,0.0
2020-10-20,0.0,0.0,0.0,0.0,0.0
2020-10-21,0.0,0.0,0.0,0.0,0.0
2020-10-22,0.0,0.0,0.0,0.0,0.0
2020-10-23,29553.9,42977.7,53534.00000000001,52153.600000000006,46940.4
2020-10-24,0.0,0.0,0.0,0.0,0.0
2020-10-25,0.0,0.0,0.0,0.0,0.0
2020-10-26,0.0,0.0,0.0,0.0,0.0
2020-10-27,0.0,0.0,0.0,0.0,0.0
2020-10-28,29553.9,42977.7,50955.0,52153.600000000006,46940.4
2020-10-29,29553.9,39410.0,50955.0,53474.399999999994,46940.4
2020-10-30,0.0,0.0,0.0,0.0,0.0
2020-10-31,0.0,0.0,0.0,0.0,0.0
2020-11-01,0.0,0.0,0.0,0.0,0.0
2020-11-02,0.0,0.0,0.0,0.0,0.0
2020-11-03,29553.9,39410.0,50955.0,51225.600000000006,46940.4
2020-11-04,29553.9,39410.0,50955.0,48579.8,46940.4
2020-11-05,29553.9,39410.0,47914.6,46310.4,46940.4
2020-11-06,29553.9,42961.8,47914.6,48993.2,46940.4
2020-11-07,0.0,0.0,0.0,0.0,0.0
2020-11-08,0.0,0.0,0.0,0.0,0.0
2020-11-09,0.0,0.0,0.0,0.0,0.0
2020-11-10,29553.9,39480.0,47914.6,48993.2,46940.4
2020-11-11,29553.9,43025.4,49888.5,51353.2,46940.4
2020-11-12,0.0,0.0,0.0,0.0,0.0
2020-11-13,0.0,0.0,0.0,0.0,0.0
2020-11-14,0.0,0.0,0.0,0.0,0.0
2020-11-15,0.0,0.0,0.0,0.0,0.0
2020-11-16,0.0,0.0,0.0,0.0,0.0
2020-11-17,0.0,0.0,0.0,0.0,0.0
2020-11-18,0.0,0.0,0.0,0.0,0.0
2020-11-19,29553.9,43025.4,49888.5,53524.8,46940.4
2020-11-20,0.0,0.0,0.0,0.0,0.0
2020-11-21,0.0,0.0,0.0,0.0,0.0
2020-11-22,0.0,0.0,0.0,0.0,0.0
2020-11-23,25736.4,43025.4,49888.5,53524.8,46940.4
2020-11-24,25736.4,43025.4,49888.5,53524.8,48607.2
2020-11-25,25736.4,46226.6,49888.5,53524.8,48607.2
2020-11-26,0.0,0.0,0.0,0.0,0.0
2020-11-27,0.0,0.0,0.0,0.0,0.0
2020-11-28,0.0,0.0,0.0,0.0,0.0
2020-11-29,0.0,0.0,0.0,0.0,0.0
2020-11-30,25736.4,46226.6,49888.5,53524.8,50596.0
2020-12-01,0.0,0.0,0.0,0.0,0.0
2020-12-02,0.0,0.0,0.0,0.0,0.0
2020-12-03,25736.4,42961.8,49888.5,53524.8,50596.0
2020-12-04,25736.4,42961.8,49888.5,53524.8,48504.0
2020-12-05,0.0,0.0,0.0,0.0,0.0
2020-12-06,0.0,0.0,0.0,0.0,0.0
2020-12-07,0.0,0.0,0.0,0.0,0.0
2020-12-08,0.0,0.0,0.0,0.0,0.0
2020-12-09,0.0,0.0,0.0,0.0,0.0
2020-12-10,0.0,0.0,0.0,0.0,0.0
2020-12-11,29506.600000000002,42961.8,49888.5,53524.8,48504.0
2020-12-12,0.0,0.0,0.0,0.0,0.0
2020-12-13,0.0,0.0,0.0,0.0,0.0
2020-12-14,0.0,0.0,0.0,0.0,0.0
2020-12-15,0.0,0.0,0.0,0.0,0.0
2020-12-16,29506.600000000002,39368.0,49888.5,53524.8,48504.0
2020-12-17,29506.600000000002,35404.6,49888.5,53524.8,48504.0
2020-12-18,0.0,0.0,0.0,0.0,0.0
2020-12-19,0.0,0.0,0.0,0.0,0.0
2020-12-20,0.0,0.0,0.0,0.0,0.0
2020-12-21,0.0,0.0,0.0,0.0,0.0
2020-12-22,0.0,0.0,0.0,0.0,0.0
2020-12-23,0.0,0.0,0.0,0.0,0.0
2020-12-24,29506.600000000002,35404.6,52520.0,53524.8,48504.0
2020-12-25,0.0,0.0,0.0,0.0,0.0
2020-12-26,0.0,0.0,0.0,0.0,0.0
2020-12-27,0.0,0.0,0.0,0.0,0.0
2020-12-28,0.0,0.0,0.0,0.0,0.0
2020-12-29,0.0,0.0,0.0,0.0,0.0
2020-12-30,0.0,0.0,0.0,0.0,0.0
2020-12-31,0.0,0.0,0.0,0.0,0.0
2021-01-01,0.0,0.0,0.0,0.0,0.0
2021-01-02,0.0,0.0,0.0,0.0,0.0
2021-01-03,0.0,0.0,0.0,0.0,0.0
2021-01-04,25700.4,35404.6,49817.399999999994,53524.8,48504.0
2021-01-05,25700.4,31048.8,49817.399999999994,53524.8,46315.0
2021-01-06,0.0,0.0,0.0,0.0,0.0
2021-01-07,25700.4,26277.8,49817.399999999994,53524.8,46315.0
2021-01-08,0.0,0.0,0.0,0.0,0.0
2021-01-09,0.0,0.0,0.0,0.0,0.0
2021-01-10,0.0,0.0,0.0,0.0,0.0
2021-01-11,25700.4,26277.8,49817.399999999994,53524.8,48013.8
2021-01-12,0.0,0.0,0.0,0.0,0.0
2021-01-13,0.0,0.0,0.0,0.0,0.0
2021-01-14,0.0,0.0,0.0,0.0,0.0
2021-01-15,25700.4,30997.800000000003,46844.6,53524.8,48013.8
2021-01-16,0.0,0.0,0.0,0.0,0.0
2021-01-17,0.0,0.0,0.0,0.0,0.0
2021-01-18,0.0,0.0,0.0,0.0,0.0
2021-01-19,25700.4,30997.800000000003,43605.299999999996,53524.8,48013.8
2021-01-20,0.0,0.0,0.0,0.0,0.0
2021-01-21,25700.4,26244.6,39900.0,51353.2,48013.8
2021-01-22,25700.4,21062.399999999998,39900.0,51353.2,48013.8
2021-01-23,0.0,0.0,0.0,0.0,0.0
2021-01-24,0.0,0.0,0.0,0.0,0.0
2021-01-25,21535.4,21062.399999999998,35829.5,51353.2,48013.8
2021-01-26,0.0,0.0,0.0,0.0,0.0
2021-01-27,21535.4,26219.699999999997,39748.8,51353.2,48013.8
2021-01-28,25650.0,26219.699999999997,39748.8,51353.2,48013.8
2021-01-29,0.0,0.0,0.0,0.0,0.0
2021-01-30,0.0,0.0,0.0,0.0,0.0
2021-01-31,0.0,0.0,0.0,0.0,0.0
2021-02-01,0.0,0.0,0.0,0.0,0.0
2021-02-02,0.0,0.0,0.0,0.0,0.0
2021-02-03,25650.0,21043.199999999997,39748.8,51353.2,48013.8
2021-02-04,25650.0,21043.199999999997,35684.5,51353.2,48013.8
2021-02-05,0.0,0.0,0.0,0.0,0.0
2021-02-06,0.0,0.0,0.0,0.0,0.0
2021-02-07,0.0,0.0,0.0,0.0,0.0
2021-02-08,0.0,0.0,0.0,0.0,0.0
2021-02-09,25650.0,15408.0,35684.5,51353.2,48013.8
2021-02-10,25650.0,49868.0,31268.600000000002,51353.2,48013.8
2021-02-11,0.0,0.0,0.0,0.0,0.0
2021-02-12,0.0,0.0,0.0,0.0,0.0
2021-02-13,0.0,0.0,0.0,0.0,0.0
2021-02-14,0.0,0.0,0.0,0.0,0.0
2021-02-15,0.0,0.0,0.0,0.0,0.0
2021-02-16,0.0,0.0,0.0,0.0,0.0
2021-02-17,0.0,0.0,0.0,0.0,0.0
2021-02-18,25650.0,52621.799999999996,31268.600000000002,51353.2,48013.8
2021-02-19,21494.8,52621.799999999996,31268.600000000002,51353.2,48013.8
2021-02-20,0.0,0.0,0.0,0.0,0.0
2021-02-21,0.0,0.0,0.0,0.0,0.0
2021-02-22,21494.8,55104.0,31268.600000000002,51353.2,48013.8
2021-02-23,21494.8,55104.0,35307.5,51353.2,48013.8
2021-02-24,21494.8,57239.0,39244.799999999996,51353.2,48013.8
2021-02-25,0.0,0.0,0.0,0.0,0.0
2021-02-26,25570.8,59074.399999999994,39244.799999999996,53524.8,48013.8
2021-02-27,0.0,0.0,0.0,0.0,0.0
2021-02-28,0.0,0.0,0.0,0.0,0.0
2021-03-01,0.0,0.0,0.0,0.0,0.0
2021-03-02,25570.8,59074.399999999994,39244.799999999996,51388.0,49462.0
2021-03-03,0.0,0.0,0.0,0.0,0.0
2021-03-04,25570.8,59074.399999999994,39244.799999999996,53436.6,49462.0
2021-03-05,25570.8,60312.0,41790.8,53436.6,49462.0
2021-03-06,0.0,0.0,0.0,0.0,0.0
2021-03-07,0.0,0.0,0.0,0.0,0.0
2021-03-08,25570.8,61756.8,41790.8,53436.6,49462.0
2021-03-09,29304.5,61443.2,44704.6,53436.6,49462.0
2021-03-10,29304.5,61443.2,41676.2,53436.6,49462.0
2021-03-11,29304.5,59913.00000000001,41676.2,53436.6,49462.0
2021-03-12,0.0,0.0,0.0,0.0,0.0
2021-03-13,0.0,0.0,0.0,0.0,0.0
2021-03-14,0.0,0.0,0.0,0.0,0.0
2021-03-15,29304.5,61286.4,41676.2,53436.6,49462.0
2021-03-16,0.0,0.0,0.0,0.0,0.0
2021-03-17,0.0,0.0,0.0,0.0,0.0
2021-03-18,29304.5,61286.4,41676.2,51179.2,49462.0
2021-03-19,0.0,0.0,0.0,0.0,0.0
2021-03-20,0.0,0.0,0.0,0.0,0.0
2021-03-21,0.0,0.0,0.0,0.0,0.0
2021-03-22,0.0,0.0,0.0,0.0,0.0
2021-03-23,0.0,0.0,0.0,0.0,0.0
2021-03-24,29304.5,61286.4,44811.6,51179.2,49462.0
2021-03-25,29304.5,61286.4,47636.99999999999,51179.2,49462.0
2021-03-26,29304.5,59808.0,47636.99999999999,51179.2,49462.0
2021-03-27,0.0,0.0,0.0,0.0,0.0
2021-03-28,0.0,0.0,0.0,0.0,0.0
2021-03-29,0.0,0.0,0.0,0.0,0.0
2021-03-30,0.0,0.0,0.0,0.0,0.0
2021-03-31,0.0,0.0,0.0,0.0,0.0
2021-04-01,29304.5,59808.0,44811.6,51179.2,49462.0
2021-04-02,29304.5,58094.4,44811.6,51179.2,49462.0
2021-04-03,0.0,0.0,0.0,0.0,0.0
2021-04-04,0.0,0.0,0.0,0.0,0.0
2021-04-05,0.0,0.0,0.0,0.0,0.0
2021-04-06,0.0,0.0,0.0,0.0,0.0
2021-04-07,0.0,0.0,0.0,0.0,0.0
2021-04-08,29304.5,58094.4,44811.6,48643.4,49462.0
2021-04-09,0.0,0.0,0.0,0.0,0.0
2021-04-10,0.0,0.0,0.0,0.0,0.0
2021-04-11,0.0,0.0,0.0,0.0,0.0
2021-04-12,29304.5,59745.00000000001,44811.6,48643.4,49462.0
2021-04-13,0.0,0.0,0.0,0.0,0.0
2021-04-14,0.0,0.0,0.0,0.0,0.0
2021-04-15,0.0,0.0,0.0,0.0,0.0
2021-04-16,0.0,0.0,0.0,0.0,0.0
2021-04-17,0.0,0.0,0.0,0.0,0.0
2021-04-18,0.0,0.0,0.0,0.0,0.0
2021-04-19,25516.8,59745.00000000001,44811.6,48643.4,47407.5
2021-04-20,0.0,0.0,0.0,0.0,0.0
2021-04-21,25516.8,58035.6,47589.6,48643.4,47407.5
2021-04-22,0.0,0.0,0.0,0.0,0.0
2021-04-23,0.0,0.0,0.0,0.0,0.0
2021-04-24,0.0,0.0,0.0,0.0,0.0
2021-04-25,0.0,0.0,0.0,0.0,0.0
2021-04-26,25516.8,56274.4,47589.6,48643.4,47407.5
2021-04-27,0.0,0.0,0.0,0.0,0.0
2021-04-28,25516.8,56274.4,44704.6,48643.4,47407.5
2021-04-29,0.0,0.0,0.0,0.0,0.0
2021-04-30,25516.8,54045.6,44704.6,48643.4,47407.5
2021-05-01,0.0,0.0,0.0,0.0,0.0
2021-05-02,0.0,0.0,0.0,0.0,0.0
2021-05-03,0.0,0.0,0.0,0.0,0.0
2021-05-04,0.0,0.0,0.0,0.0,0.0
2021-05-05,0.0,0.0,0.0,0.0,0.0
2021-05-06,25516.8,56201.6,47447.399999999994,48643.4,47407.5
2021-05-07,0.0,0.0,0.0,0.0,0.0
2021-05-08,0.0,0.0,0.0,0.0,0.0
2021-05-09,0.0,0.0,0.0,0.0,0.0
2021-05-10,25516.8,56201.6,49946.0,48643.4,47407.5
2021-05-11,25516.8,56201.6,52185.200000000004,51086.4,47407.5
2021-05-12,0.0,0.0,0.0,0.0,0.0
2021-05-13,0.0,0.0,0.0,0.0,0.0
2021-05-14,25516.8,53961.600000000006,52185.200000000004,51086.4,47407.5
2021-05-15,0.0,0.0,0.0,0.0,0.0
2021-05-16,0.0,0.0,0.0,0.0,0.0
2021-05-17,0.0,0.0,0.0,0.0,0.0
2021-05-18,0.0,0.0,0.0,0.0,0.0
2021-05-19,0.0,0.0,0.0,0.0,0.0
2021-05-20,25516.8,53961.600000000006,52185.200000000004,51086.4,45099.6
2021-05-21,25516.8,53961.600000000006,50076.0,51086.4,45099.6
2021-05-22,0.0,0.0,0.0,0.0,0.0
2021-05-23,0.0,0.0,0.0,0.0,0.0
2021-05-24,0.0,0.0,0.0,0.0,0.0
2021-05-25,21381.7,53961.600000000006,50076.0,51086.4,45099.6
2021-05-26,0.0,0.0,0.0,0.0,0.0
2021-05-27,0.0,0.0,0.0,0.0,0.0
2021-05-28,0.0,0.0,0.0,0.0,0.0
2021-05-29,0.0,0.0,0.0,0.0,0.0
2021-05-30,0.0,0.0,0.0,0.0,0.0
2021-05-31,0.0,0.0,0.0,0.0,0.0
2021-06-01,21381.7,51497.6,47494.8,51086.4,45099.6
2021-06-02,0.0,0.0,0.0,0.0,0.0
2021-06-03,0.0,0.0,0.0,0.0,0.0
2021-06-04,21381.7,53928.0,49920.0,51086.4,45099.6
2021-06-05,0.0,0.0,0.0,0.0,0.0
2021-06-06,0.0,0.0,0.0,0.0,0.0
2021-06-07,0.0,0.0,0.0,0.0,0.0
2021-06-08,0.0,0.0,0.0,0.0,0.0
2021-06-09,0.0,0.0,0.0,0.0,0.0
2021-06-10,0.0,0.0,0.0,0.0,0.0
2021-06-11,0.0,0.0,0.0,0.0,0.0
2021-06-12,0.0,0.0,0.0,0.0,0.0
2021-06-13,0.0,0.0,0.0,0.0,0.0
2021-06-14,0.0,0.0,0.0,0.0,0.0
2021-06-15,21381.7,53928.0,49920.0,48897.8,45099.6
2021-06-16,0.0,0.0,0.0,0.0,0.0
2021-06-17,21381.7,53928.0,52100.299999999996,48897.8,47317.200000000004
2021-06-18,0.0,0.0,0.0,0.0,0.0
2021-06-19,0.0,0.0,0.0,0.0,0.0
2021-06-20,0.0,0.0,0.0,0.0,0.0
2021-06-21,0.0,0.0,0.0,0.0,0.0
2021-06-22,0.0,0.0,0.0,0.0,0.0
2021-06-23,0.0,0.0,0.0,0.0,0.0
2021-06-24,0.0,0.0,0.0,0.0,0.0
2021-06-25,21381.7,53928.0,49790.0,48897.8,47317.200000000004
2021-06-26,0.0,0.0,0.0,0.0,0.0
2021-06-27,0.0,0.0,0.0,0.0,0.0
2021-06-28,21381.7,56389.2,49790.0,48897.8,47317.200000000004
2021-06-29,21381.7,56389.2,49790.0,46099.2,47317.200000000004
2021-06-30,0.0,0.0,0.0,0.0,0.0
2021-07-01,0.0,0.0,0.0,0.0,0.0
2021-07-02,0.0,0.0,0.0,0.0,0.0
2021-07-03,0.0,0.0,0.0,0.0,0.0
2021-07-04,0.0,0.0,0.0,0.0,0.0
2021-07-05,21381.7,56389.2,51958.8,46099.2,47317.200000000004
2021-07-06,21381.7,54049.8,51958.8,46099.2,47317.200000000004
2021-07-07,21381.7,55160.0,51958.8,46099.2,47317.200000000004
2021-07-08,21381.7,55160.0,53856.0,46099.2,47317.200000000004
2021-07-09,21381.7,53978.4,55502.3,46099.2,47317.200000000004
2021-07-10,0.0,0.0,0.0,0.0,0.0
2021-07-11,0.0,0.0,0.0,0.0,0.0
2021-07-12,16885.0,55160.0,53825.399999999994,46099.2,47317.200000000004
2021-07-13,0.0,0.0,0.0,0.0,0.0
2021-07-14,0.0,0.0,0.0,0.0,0.0
2021-07-15,0.0,0.0,0.0,0.0,0.0
2021-07-16,0.0,0.0,0.0,0.0,0.0
2021-07-17,0.0,0.0,0.0,0.0,0.0
2021-07-18,0.0,0.0,0.0,0.0,0.0
2021-07-19,16885.0,56252.0,53825.399999999994,46099.2,47317.200000000004
2021-07-20,0.0,0.0,0.0,0.0,0.0
2021-07-21,0.0,0.0,0.0,0.0,0.0
2021-07-22,0.0,0.0,0.0,0.0,0.0
2021-07-23,16885.0,55090.0,53825.399999999994,46099.2,47317.200000000004
2021-07-24,0.0,0.0,0.0,0.0,0.0
2021-07-25,0.0,0.0,0.0,0.0,0.0
2021-07-26,16885.0,52634.4,55239.1,43103.2,47317.200000000004
2021-07-27,16885.0,52634.4,56355.2,43103.2,47317.200000000004
2021-07-28,21341.1,52634.4,57375.0,43103.2,47317.200000000004
2021-07-29,21341.1,53692.8,56848.0,43103.2,47317.200000000004
2021-07-30,0.0,0.0,0.0,0.0,0.0
2021-07-31,0.0,0.0,0.0,0.0,0.0
2021-08-01,0.0,0.0,0.0,0.0,0.0
2021-08-02,16852.0,53550.0,56848.0,43103.2,47317.200000000004
2021-08-03,16852.0,54600.0,56848.0,43103.2,47317.200000000004
2021-08-04,0.0,0.0,0.0,0.0,0.0
2021-08-05,0.0,0.0,0.0,0.0,0.0
2021-08-06,16852.0,53335.8,56848.0,43103.2,47317.200000000004
2021-08-07,0.0,0.0,0.0,0.0,0.0
2021-08-08,0.0,0.0,0.0,0.0,0.0
2021-08-09,0.0,0.0,0.0,0.0,0.0
2021-08-10,0.0,0.0,0.0,0.0,0.0
2021-08-11,0.0,0.0,0.0,0.0,0.0
2021-08-12,49407.8,53335.8,56848.0,43103.2,47317.200000000004
2021-08-13,0.0,0.0,0.0,0.0,0.0
2021-08-14,0.0,0.0,0.0,0.0,0.0
2021-08-15,0.0,0.0,0.0,0.0,0.0
2021-08-16,49407.8,53335.8,58125.0,43103.2,47317.200000000004
2021-08-17,49407.8,52197.6,58125.0,43103.2,47317.200000000004
2021-08-18,0.0,0.0,0.0,0.0,0.0
2021-08-19,49407.8,52197.6,59222.4,43103.2,47317.200000000004
2021-08-20,49407.8,49820.4,59222.4,43103.2,47317.200000000004
2021-08-21,0.0,0.0,0.0,0.0,0.0
2021-08-22,0.0,0.0,0.0,0.0,0.0
2021-08-23,0.0,0.0,0.0,0.0,0.0
2021-08-24,49407.8,50901.200000000004,59222.4,43103.2,47317.200000000004
2021-08-25,49407.8,50901.200000000004,59362.5,43103.2,47317.200000000004
2021-08-26,0.0,0.0,0.0,0.0,0.0
2021-08-27,49407.8,50901.200000000004,60416.4,43103.2,47317.200000000004
2021-08-28,0.0,0.0,0.0,0.0,0.0
2021-08-29,0.0,0.0,0.0,0.0,0.0
2021-08-30,0.0,0.0,0.0,0.0,0.0
2021-08-31,49407.8,49744.8,60416.4,39634.0,47317.200000000004
2021-09-01,0.0,0.0,0.0,0.0,0.0
2021-09-02,0.0,0.0,0.0,0.0,0.0
2021-09-03,46429.6,48510.0,60416.4,39634.0,47317.200000000004
2021-09-04,0.0,0.0,0.0,0.0,0.0
2021-09-05,0.0,0.0,0.0,0.0,0.0
2021-09-06,46429.6,49593.6,60416.4,39634.0,47317.200000000004
2021-09-07,46429.6,49593.6,59250.0,39634.0,47317.200000000004
2021-09-08,0.0,0.0,0.0,0.0,0.0
2021-09-09,46429.6,49593.6,60336.8,39634.0,47317.200000000004
2021-09-10,0.0,0.0,0.0,0.0,0.0
2021-09-11,0.0,0.0,0.0,0.0,0.0
2021-09-12,0.0,0.0,0.0,0.0,0.0
2021-09-13,0.0,0.0,0.0,0.0,0.0
2021-09-14,43150.00000000001,49593.6,60336.8,39634.0,47317.200000000004
2021-09-15,43150.00000000001,49593.6,61045.0,39634.0,47317.200000000004
2021-09-16,0.0,0.0,0.0,0.0,0.0
2021-09-17,46390.4,50678.600000000006,61045.0,39634.0,47317.200000000004
2021-09-18,0.0,0.0,0.0,0.0,0.0
2021-09-19,0.0,0.0,0.0,0.0,0.0
2021-09-20,0.0,0.0,0.0,0.0,0.0
2021-09-21,0.0,0.0,0.0,0.0,0.0
2021-09-22,46390.4,50678.600000000006,61045.0,42965.600000000006,47317.200000000004
2021-09-23,0.0,0.0,0.0,0.0,0.0
2021-09-24,0.0,0.0,0.0,0.0,0.0
2021-09-25,0.0,0.0,0.0,0.0,0.0
2021-09-26,0.0,0.0,0.0,0.0,0.0
2021-09-27,46390.4,50678.600000000006,61804.799999999996,42965.600000000006,47317.200000000004
2021-09-28,0.0,0.0,0.0,0.0,0.0
2021-09-29,49290.0,50678.600000000006,61804.799999999996,42965.600000000006,47317.200000000004
2021-09-30,0.0,0.0,0.0,0.0,0.0
2021-10-01,0.0,0.0,0.0,0.0,0.0
2021-10-02,0.0,0.0,0.0,0.0,0.0
2021-10-03,0.0,0.0,0.0,0.0,0.0
2021-10-04,0.0,0.0,0.0,0.0,0.0
2021-10-05,0.0,0.0,0.0,0.0,0.0
2021-10-06,0.0,0.0,0.0,0.0,0.0
2021-10-07,0.0,0.0,0.0,0.0,0.0
2021-10-08,49290.0,50678.600000000006,61129.2,42965.600000000006,47317.200000000004
2021-10-09,0.0,0.0,0.0,0.0,0.0
2021-10-10,0.0,0.0,0.0,0.0,0.0
2021-10-11,49290.0,50678.600000000006,60137.799999999996,42965.600000000006,47317.200000000004
2021-10-12,0.0,0.0,0.0,0.0,0.0
2021-10-13,0.0,0.0,0.0,0.0,0.0
2021-10-14,0.0,0.0,0.0,0.0,0.0
2021-10-15,0.0,0.0,0.0,0.0,0.0
2021-10-16,0.0,0.0,0.0,0.0,0.0
2021-10-17,0.0,0.0,0.0,0.0,0.0
2021-10-18,49290.0,49518.0,60137.799999999996,42965.600000000006,47317.200000000004
2021-10-19,0.0,0.0,0.0,0.0,0.0
2021-10-20,49290.0,49518.0,59025.0,42965.600000000006,47317.200000000004
2021-10-21,0.0,0.0,0.0,0.0,0.0
2021-10-22,0.0,0.0,0.0,0.0,0.0
2021-10-23,0.0,0.0,0.0,0.0,0.0
2021-10-24,0.0,0.0,0.0,0.0,0.0
2021-10-25,0.0,0.0,0.0,0.0,0.0
2021-10-26,0.0,0.0,0.0,0.0,0.0
2021-10-27,49290.0,49518.0,59739.799999999996,42965.600000000006,47317.200000000004
2021-10-28,0.0,0.0,0.0,0.0,0.0
2021-10-29,0.0,0.0,0.0,0.0,0.0
2021-10-30,0.0,0.0,0.0,0.0,0.0
2021-10-31,0.0,0.0,0.0,0.0,0.0
2021-11-01,49290.0,49518.0,59739.799999999996,39580.8,47317.200000000004
2021-11-02,0.0,0.0,0.0,0.0,0.0
2021-11-03,0.0,0.0,0.0,0.0,0.0
2021-11-04,0.0,0.0,0.0,0.0,0.0
2021-11-05,0.0,0.0,0.0,0.0,0.0
2021-11-06,0.0,0.0,0.0,0.0,0.0
2021-11-07,0.0,0.0,0.0,0.0,0.0
2021-11-08,49290.0,48356.0,59739.799999999996,39580.8,47317.200000000004
2021-11-09,0.0,0.0,0.0,0.0,0.0
2021-11-10,0.0,0.0,0.0,0.0,0.0
2021-11-11,0.0,0.0,0.0,0.0,0.0
2021-11-12,0.0,0.0,0.0,0.0,0.0
2021-11-13,0.0,0.0,0.0,0.0,0.0
2021-11-14,0.0,0.0,0.0,0.0,0.0
2021-11-15,49290.0,49442.4,59739.799999999996,39580.8,47317.200000000004
2021-11-16,0.0,0.0,0.0,0.0,0.0
2021-11-17,49290.0,50752.8,59739.799999999996,39580.8,47317.200000000004
2021-11-18,0.0,0.0,0.0,0.0,0.0
2021-11-19,49290.0,49593.6,60455.6,35758.8,47317.200000000004
2021-11-20,0.0,0.0,0.0,0.0,0.0
2021-11-21,0.0,0.0,0.0,0.0,0.0
2021-11-22,0.0,0.0,0.0,0.0,0.0
2021-11-23,0.0,0.0,0.0,0.0,0.0
2021-11-24,0.0,0.0,0.0,0.0,0.0
2021-11-25,0.0,0.0,0.0,0.0,0.0
2021-11-26,0.0,0.0,0.0,0.0,0.0
2021-11-27,0.0,0.0,0.0,0.0,0.0
2021-11-28,0.0,0.0,0.0,0.0,0.0
2021-11-29,49290.0,50752.8,60455.6,35758.8,47317.200000000004
2021-11-30,49290.0,49593.6,60455.6,35758.8,47317.200000000004
2021-12-01,0.0,0.0,0.0,0.0,0.0
2021-12-02,49290.0,49593.6,61183.2,35758.8,47317.200000000004
2021-12-03,49290.0,49593.6,61183.2,39527.6,47317.200000000004
2021-12-04,0.0,0.0,0.0,0.0,0.0
2021-12-05,0.0,0.0,0.0,0.0,0.0
2021-12-06,49290.0,49593.6,61644.0,39527.6,47317.200000000004
2021-12-07,0.0,0.0,0.0,0.0,0.0
2021-12-08,0.0,0.0,0.0,0.0,0.0
2021-12-09,0.0,0.0,0.0,0.0,0.0
2021-12-10,0.0,0.0,0.0,0.0,0.0
2021-12-11,0.0,0.0,0.0,0.0,0.0
2021-12-12,0.0,0.0,0.0,0.0,0.0
2021-12-13,0.0,0.0,0.0,0.0,0.0
2021-12-14,0.0,0.0,0.0,0.0,0.0
2021-12-15,0.0,0.0,0.0,0.0,0.0
2021-12-16,46300.8,49593.6,61644.0,39527.6,47317.200000000004
2021-12-17,0.0,0.0,0.0,0.0,0.0
2021-12-18,0.0,0.0,0.0,0.0,0.0
2021-12-19,0.0,0.0,0.0,0.0,0.0
2021-12-20,46300.8,48433.0,61644.0,39527.6,47317.200000000004
2021-12-21,0.0,0.0,0.0,0.0,0.0
2021-12-22,0.0,0.0,0.0,0.0,0.0
2021-12-23,0.0,0.0,0.0,0.0,0.0
2021-12-24,0.0,0.0,0.0,0.0,0.0
2021-12-25,0.0,0.0,0.0,0.0,0.0
2021-12-26,0.0,0.0,0.0,0.0,0.0
2021-12-27,0.0,0.0,0.0,0.0,0.0
2021-12-28,0.0,0.0,0.0,0.0,0.0
2021-12-29,0.0,0.0,0.0,0.0,0.0
2021-12-30,0.0,0.0,0.0,0.0,0.0
2021-12-31,0.0,0.0,0.0,0.0,0.0
2022-01-01,0.0,0.0,0.0,0.0,0.0
2022-01-02,0.0,0.0,0.0,0.0,0.0
2022-01-03,0.0,0.0,0.0,0.0,0.0
2022-01-04,0.0,0.0,0.0,0.0,0.0
2022-01-05,0.0,0.0,0.0,0.0,0.0
2022-01-06,46300.8,47275.2,61644.0,39527.6,47317.200000000004
2022-01-07,0.0,0.0,0.0,0.0,0.0
2022-01-08,0.0,0.0,0.0,0.0,0.0
2022-01-09,0.0,0.0,0.0,0.0,0.0
2022-01-10,0.0,0.0,0.0,0.0,0.0
2022-01-11,0.0,0.0,0.0,0.0,0.0
2022-01-12,0.0,0.0,0.0,0.0,0.0
2022-01-13,0.0,0.0,0.0,0.0,0.0
2022-01-14,49209.4,47275.2,61644.0,39390.0,47317.200000000004
2022-01-15,0.0,0.0,0.0,0.0,0.0
2022-01-16,0.0,0.0,0.0,0.0,0.0
2022-01-17,0.0,0.0,0.0,0.0,0.0
2022-01-18,0.0,0.0,0.0,0.0,0.0
2022-01-19,0.0,0.0,0.0,0.0,0.0
2022-01-20,0.0,0.0,0.0,0.0,0.0
2022-01-21,49209.4,47275.2,61644.0,38560.0,47317.200000000004
2022-01-22,0.0,0.0,0.0,0.0,0.0
2022-01-23,0.0,0.0,0.0,0.0,0.0
2022-01-24,0.0,0.0,0.0,0.0,0.0
2022-01-25,51802.4,47275.2,61644.0,37925.0,47317.200000000004
2022-01-26,0.0,0.0,0.0,0.0,0.0
2022-01-27,0.0,0.0,0.0,0.0,0.0
2022-01-28,54101.4,47275.2,61644.0,37925.0,47317.200000000004
2022-01-29,0.0,0.0,0.0,0.0,0.0
2022-01-30,0.0,0.0,0.0,0.0,0.0
2022-01-31,0.0,0.0,0.0,0.0,0.0
2022-02-01,0.0,0.0,0.0,0.0,0.0
2022-02-02,0.0,0.0,0.0,0.0,0.0
2022-02-03,0.0,0.0,0.0,0.0,0.0
2022-02-04,0.0,0.0,0.0,0.0,0.0
2022-02-05,0.0,0.0,0.0,0.0,0.0
2022-02-06,0.0,0.0,0.0,0.0,0.0
2022-02-07,0.0,0.0,0.0,0.0,0.0
2022-02-08,0.0,0.0,0.0,0.0,0.0
2022-02-09,51707.2,47275.2,61644.0,38520.0,47317.200000000004
2022-02-10,0.0,0.0,0.0,0.0,0.0
2022-02-11,0.0,0.0,0.0,0.0,0.0
2022-02-12,0.0,0.0,0.0,0.0,0.0
2022-02-13,0.0,0.0,0.0,0.0,0.0
2022-02-14,0.0,0.0,0.0,0.0,0.0
2022-02-15,0.0,0.0,0.0,0.0,0.0
2022-02-16,0.0,0.0,0.0,0.0,0.0
2022-02-17,0.0,0.0,0.0,0.0,0.0
2022-02-18,51707.2,47275.2,61644.0,37720.0,47317.200000000004
2022-02-19,0.0,0.0,0.0,0.0,0.0
2022-02-20,0.0,0.0,0.0,0.0,0.0
2022-02-21,0.0,0.0,0.0,0.0,0.0
2022-02-22,0.0,0.0,0.0,0.0,0.0
2022-02-23,0.0,0.0,0.0,0.0,0.0
2022-02-24,51707.2,47275.2,61644.0,36750.0,45017.0
2022-02-25,0.0,0.0,0.0,0.0,0.0
2022-02-26,0.0,0.0,0.0,0.0,0.0
2022-02-27,0.0,0.0,0.0,0.0,0.0
2022-02-28,0.0,0.0,0.0,0.0,0.0
2022-03-01,51707.2,47275.2,61644.0,37474.0,45017.0
2022-03-02,0.0,0.0,0.0,0.0,0.0
2022-03-03,0.0,0.0,0.0,0.0,0.0
2022-03-04,0.0,0.0,0.0,0.0,0.0
2022-03-05,0.0,0.0,0.0,0.0,0.0
2022-03-06,0.0,0.0,0.0,0.0,0.0
2022-03-07,51707.2,47275.2,61644.0,36834.0,45017.0
2022-03-08,53968.200000000004,47275.2,61644.0,36834.0,42532.5
2022-03-09,55984.0,47275.2,61644.0,36834.0,42532.5
2022-03-10,0.0,0.0,0.0,0.0,0.0
2022-03-11,53872.0,47275.2,61644.0,36834.0,42532.5
2022-03-12,0.0,0.0,0.0,0.0,0.0
2022-03-13,0.0,0.0,0.0,0.0,0.0
2022-03-14,0.0,0.0,0.0,0.0,0.0
2022-03-15,57568.4,47275.2,61644.0,36834.0,42532.5
2022-03-16,57568.4,47275.2,61644.0,36834.0,45028.799999999996
2022-03-17,56000.0,47275.2,61644.0,36834.0,45028.799999999996
2022-03-18,0.0,0.0,0.0,0.0,0.0
2022-03-19,0.0,0.0,0.0,0.0,0.0
2022-03-20,0.0,0.0,0.0,0.0,0.0
2022-03-21,56000.0,47275.2,61644.0,38171.0,45028.799999999996
2022-03-22,0.0,0.0,0.0,0.0,0.0
2022-03-23,0.0,0.0,0.0,0.0,0.0
2022-03-24,0.0,0.0,0.0,0.0,0.0
2022-03-25,0.0,0.0,0.0,0.0,0.0
2022-03-26,0.0,0.0,0.0,0.0,0.0
2022-03-27,0.0,0.0,0.0,0.0,0.0
2022-03-28,0.0,0.0,0.0,0.0,0.0
2022-03-29,56000.0,47275.2,61644.0,39000.0,45028.799999999996
2022-03-30,0.0,0.0,0.0,0.0,0.0
2022-03-31,0.0,0.0,0.0,0.0,0.0
2022-04-01,0.0,0.0,0.0,0.0,0.0
2022-04-02,0.0,0.0,0.0,0.0,0.0
2022-04-03,0.0,0.0,0.0,0.0,0.0
2022-04-04,0.0,0.0,0.0,0.0,0.0
2022-04-05,0.0,0.0,0.0,0.0,0.0
2022-04-06,0.0,0.0,0.0,0.0,0.0
2022-04-07,0.0,0.0,0.0,0.0,0.0
2022-04-08,0.0,0.0,0.0,0.0,0.0
2022-04-09,0.0,0.0,0.0,0.0,0.0
2022-04-10,0.0,0.0,0.0,0.0,0.0
2022-04-11,56000.0,47275.2,61644.0,38294.0,45028.799999999996
2022-04-12,57783.4,47275.2,61644.0,38294.0,45028.799999999996
2022-04-13,0.0,0.0,0.0,0.0,0.0
2022-04-14,0.0,0.0,0.0,0.0,0.0
2022-04-15,0.0,0.0,0.0,0.0,0.0
2022-04-16,0.0,0.0,0.0,0.0,0.0
2022-04-17,0.0,0.0,0.0,0.0,0.0
2022-04-18,57783.4,47275.2,61644.0,37632.0,45028.799999999996
2022-04-19,0.0,0.0,0.0,0.0,0.0
2022-04-20,0.0,0.0,0.0,0.0,0.0
2022-04-21,0.0,0.0,0.0,0.0,0.0
2022-04-22,59192.8,47275.2,61644.0,37632.0,45028.799999999996
2022-04-23,0.0,0.0,0.0,0.0,0.0
2022-04-24,0.0,0.0,0.0,0.0,0.0
2022-04-25,60505.200000000004,47275.2,61644.0,37632.0,45028.799999999996
2022-04-26,61599.2,47275.2,61644.0,37632.0,45028.799999999996
2022-04-27,0.0,0.0,0.0,0.0,0.0
2022-04-28,0.0,0.0,0.0,0.0,0.0
2022-04-29,60368.0,47275.2,61644.0,37632.0,45028.799999999996
2022-04-30,0.0,0.0,0.0,0.0,0.0
2022-05-01,0.0,0.0,0.0,0.0,0.0
2022-05-02,0.0,0.0,0.0,0.0,0.0
2022-05-03,0.0,0.0,0.0,0.0,0.0
2022-05-04,0.0,0.0,0.0,0.0,0.0
2022-05-05,59027.200000000004,47275.2,61644.0,37632.0,45028.799999999996
2022-05-06,0.0,0.0,0.0,0.0,0.0
2022-05-07,0.0,0.0,0.0,0.0,0.0
2022-05-08,0.0,0.0,0.0,0.0,0.0
2022-05-09,0.0,0.0,0.0,0.0,0.0
2022-05-10,59027.200000000004,47275.2,61644.0,36120.0,45028.799999999996
2022-05-11,0.0,0.0,0.0,0.0,0.0
2022-05-12,0.0,0.0,0.0,0.0,0.0
2022-05-13,0.0,0.0,0.0,0.0,0.0
2022-05-14,0.0,0.0,0.0,0.0,0.0
2022-05-15,0.0,0.0,0.0,0.0,0.0
2022-05-16,0.0,0.0,0.0,0.0,0.0
2022-05-17,0.0,0.0,0.0,0.0,0.0
2022-05-18,0.0,0.0,0.0,0.0,0.0
2022-05-19,0.0,0.0,0.0,0.0,0.0
2022-05-20,57396.4,47275.2,61644.0,36120.0,45028.799999999996
2022-05-21,0.0,0.0,0.0,0.0,0.0
2022-05-22,0.0,0.0,0.0,0.0,0.0
2022-05-23,0.0,0.0,0.0,0.0,0.0
2022-05-24,0.0,0.0,0.0,0.0,0.0
2022-05-25,0.0,0.0,0.0,0.0,0.0
2022-05-26,0.0,0.0,0.0,0.0,0.0
2022-05-27,0.0,0.0,0.0,0.0,0.0
2022-05-28,0.0,0.0,0.0,0.0,0.0
2022-05-29,0.0,0.0,0.0,0.0,0.0
2022-05-30,57396.4,47275.2,61644.0,36876.0,45028.799999999996
2022-05-31,0.0,0.0,0.0,0.0,0.0
2022-06-01,0.0,0.0,0.0,0.0,0.0
2022-06-02,0.0,0.0,0.0,0.0,0.0
2022-06-03,0.0,0.0,0.0,0.0,0.0
2022-06-04,0.0,0.0,0.0,0.0,0.0
2022-06-05,0.0,0.0,0.0,0.0,0.0
2022-06-06,55600.0,47275.2,61644.0,36876.0,45028.799999999996
2022-06-07,0.0,0.0,0.0,0.0,0.0
2022-06-08,0.0,0.0,0.0,0.0,0.0
2022-06-09,0.0,0.0,0.0,0.0,0.0
2022-06-10,55600.0,47275.2,61644.0,36163.0,45028.799999999996
2022-06-11,0.0,0.0,0.0,0.0,0.0
2022-06-12,0.0,0.0,0.0,0.0,0.0
2022-06-13,55600.0,47275.2,61644.0,35508.0,45028.799999999996
2022-06-14,0.0,0.0,0.0,0.0,0.0
2022-06-15,53494.6,47275.2,61644.0,35508.0,45028.799999999996
2022-06-16,0.0,0.0,0.0,0.0,0.0
2022-06-17,0.0,0.0,0.0,0.0,0.0
2022-06-18,0.0,0.0,0.0,0.0,0.0
2022-06-19,0.0,0.0,0.0,0.0,0.0
2022-06-20,0.0,0.0,0.0,0.0,0.0
2022-06-21,0.0,0.0,0.0,0.0,0.0
2022-06-22,0.0,0.0,0.0,0.0,0.0
2022-06-23,0.0,0.0,0.0,0.0,0.0
2022-06-24,0.0,0.0,0.0,0.0,0.0
2022-06-25,0.0,0.0,0.0,0.0,0.0
2022-06-26,0.0,0.0,0.0,0.0,0.0
2022-06-27,53494.6,47275.2,61644.0,36120.0,45028.799999999996
2022-06-28,0.0,0.0,0.0,0.0,0.0
2022-06-29,53494.6,47275.2,61644.0,35464.0,45028.799999999996
2022-06-30,0.0,0.0,0.0,0.0,0.0
2022-07-01,0.0,0.0,0.0,0.0,0.0
2022-07-02,0.0,0.0,0.0,0.0,0.0
2022-07-03,0.0,0.0,0.0,0.0,0.0
2022-07-04,0.0,0.0,0.0,0.0,0.0
2022-07-05,0.0,0.0,0.0,0.0,0.0
2022-07-06,0.0,0.0,0.0,0.0,0.0
2022-07-07,0.0,0.0,0.0,0.0,0.0
2022-07-08,53494.6,47275.2,61644.0,36077.0,47252.7
2022-07-09,0.0,0.0,0.0,0.0,0.0
2022-07-10,0.0,0.0,0.0,0.0,0.0
2022-07-11,0.0,0.0,0.0,0.0,0.0
2022-07-12,0.0,0.0,0.0,0.0,0.0
2022-07-13,0.0,0.0,0.0,0.0,0.0
2022-07-14,0.0,0.0,0.0,0.0,0.0
2022-07-15,0.0,0.0,0.0,0.0,0.0
2022-07-16,0.0,0.0,0.0,0.0,0.0
2022-07-17,0.0,0.0,0.0,0.0,0.0
2022-07-18,0.0,0.0,0.0,0.0,0.0
2022-07-19,0.0,0.0,0.0,0.0,0.0
2022-07-20,0.0,0.0,0.0,0.0,0.0
2022-07-21,0.0,0.0,0.0,0.0,0.0
2022-07-22,0.0,0.0,0.0,0.0,0.0
2022-07-23,0.0,0.0,0.0,0.0,0.0
2022-07-24,0.0,0.0,0.0,0.0,0.0
2022-07-25,0.0,0.0,0.0,0.0,0.0
2022-07-26,0.0,0.0,0.0,0.0,0.0
2022-07-27,0.0,0.0,0.0,0.0,0.0
2022-07-28,0.0,0.0,0.0,0.0,0.0
2022-07-29,53494.6,47275.2,61644.0,37128.0,47252.7
2022-07-30,0.0,0.0,0.0,0.0,0.0
2022-07-31,0.0,0.0,0.0,0.0,0.0
2022-08-01,0.0,0.0,0.0,0.0,0.0
2022-08-02,0.0,0.0,0.0,0.0,0.0
2022-08-03,0.0,0.0,0.0,0.0,0.0
2022-08-04,0.0,0.0,0.0,0.0,0.0
2022-08-05,0.0,0.0,0.0,0.0,0.0
2022-08-06,0.0,0.0,0.0,0.0,0.0
2022-08-07,0.0,0.0,0.0,0.0,0.0
2022-08-08,0.0,0.0,0.0,0.0,0.0
2022-08-09,0.0,0.0,0.0,0.0,0.0
2022-08-10,0.0,0.0,0.0,0.0,0.0
2022-08-11,53494.6,47275.2,61644.0,37720.0,47252.7
2022-08-12,0.0,0.0,0.0,0.0,0.0
2022-08-13,0.0,0.0,0.0,0.0,0.0
2022-08-14,0.0,0.0,0.0,0.0,0.0
2022-08-15,53494.6,47275.2,61644.0,37720.0,44958.0
2022-08-16,0.0,0.0,0.0,0.0,0.0
2022-08-17,0.0,0.0,0.0,0.0,0.0
2022-08-18,0.0,0.0,0.0,0.0,0.0
2022-08-19,0.0,0.0,0.0,0.0,0.0
2022-08-20,0.0,0.0,0.0,0.0,0.0
2022-08-21,0.0,0.0,0.0,0.0,0.0
2022-08-22,0.0,0.0,0.0,0.0,0.0
2022-08-23,0.0,0.0,0.0,0.0,0.0
2022-08-24,0.0,0.0,0.0,0.0,0.0
2022-08-25,0.0,0.0,0.0,0.0,0.0
2022-08-26,0.0,0.0,0.0,0.0,0.0
2022-08-27,0.0,0.0,0.0,0.0,0.0
2022-08-28,0.0,0.0,0.0,0.0,0.0
2022-08-29,56407.34,47275.2,61644.0,36582.0,44958.0
2022-08-30,0.0,0.0,0.0,0.0,0.0
2022-08-31,0.0,0.0,0.0,0.0,0.0
2022-09-01,0.0,0.0,0.0,0.0,0.0
2022-09-02,0.0,0.0,0.0,0.0,0.0
2022-09-03,0.0,0.0,0.0,0.0,0.0
2022-09-04,0.0,0.0,0.0,0.0,0.0
2022-09-05,0.0,0.0,0.0,0.0,0.0
2022-09-06,0.0,0.0,0.0,0.0,0.0
2022-09-07,0.0,0.0,0.0,0.0,0.0
2022-09-08,0.0,0.0,0.0,0.0,0.0
2022-09-09,0.0,0.0,0.0,0.0,0.0
2022-09-10,0.0,0.0,0.0,0.0,0.0
2022-09-11,0.0,0.0,0.0,0.0,0.0
2022-09-12,0.0,0.0,0.0,0.0,0.0
2022-09-13,0.0,0.0,0.0,0.0,0.0
2022-09-14,0.0,0.0,0.0,0.0,0.0
2022-09-15,0.0,0.0,0.0,0.0,0.0
2022-09-16,57678.636000000006,47275.2,61644.0,36582.0,44958.0
2022-09-17,0.0,0.0,0.0,0.0,0.0
2022-09-18,0.0,0.0,0.0,0.0,0.0
2022-09-19,0.0,0.0,0.0,0.0,0.0
2022-09-20,0.0,0.0,0.0,0.0,0.0
2022-09-21,0.0,0.0,0.0,0.0,0.0
2022-09-22,57678.636000000006,47275.2,61644.0,35690.0,44958.0
2022-09-23,0.0,0.0,0.0,0.0,0.0
2022-09-24,0.0,0.0,0.0,0.0,0.0
2022-09-25,0.0,0.0,0.0,0.0,0.0
2022-09-26,0.0,0.0,0.0,0.0,0.0
2022-09-27,0.0,0.0,0.0,0.0,0.0
2022-09-28,0.0,0.0,0.0,0.0,0.0
2022-09-29,0.0,0.0,0.0,0.0,0.0
2022-09-30,58788.996,47275.2,61644.0,35690.0,44958.0
2022-10-01,0.0,0.0,0.0,0.0,0.0
2022-10-02,0.0,0.0,0.0,0.0,0.0
2022-10-03,0.0,0.0,0.0,0.0,0.0
2022-10-04,0.0,0.0,0.0,0.0,0.0
2022-10-05,0.0,0.0,0.0,0.0,0.0
2022-10-06,0.0,0.0,0.0,0.0,0.0
2022-10-07,0.0,0.0,0.0,0.0,0.0
2022-10-08,0.0,0.0,0.0,0.0,0.0
2022-10-09,0.0,0.0,0.0,0.0,0.0
2022-10-10,58788.996,47275.2,61644.0,35024.0,44958.0
2022-10-11,0.0,0.0,0.0,0.0,0.0
2022-10-12,0.0,0.0,0.0,0.0,0.0
2022-10-13,0.0,0.0,0.0,0.0,0.0
2022-10-14,57610.903999999995,47275.2,61644.0,35024.0,44958.0
2022-10-15,0.0,0.0,0.0,0.0,0.0
2022-10-16,0.0,0.0,0.0,0.0,0.0
2022-10-17,0.0,0.0,0.0,0.0,0.0
2022-10-18,0.0,0.0,0.0,0.0,0.0
2022-10-19,57610.903999999995,47275.2,61644.0,35647.0,44958.0
2022-10-20,0.0,0.0,0.0,0.0,0.0
2022-10-21,0.0,0.0,0.0,0.0,0.0
2022-10-22,0.0,0.0,0.0,0.0,0.0
2022-10-23,0.0,0.0,0.0,0.0,0.0
2022-10-24,0.0,0.0,0.0,0.0,0.0
2022-10-25,0.0,0.0,0.0,0.0,0.0
2022-10-26,0.0,0.0,0.0,0.0,0.0
2022-10-27,0.0,0.0,0.0,0.0,0.0
2022-10-28,0.0,0.0,0.0,0.0,0.0
2022-10-29,0.0,0.0,0.0,0.0,0.0
2022-10-30,0.0,0.0,0.0,0.0,0.0
2022-10-31,0.0,0.0,0.0,0.0,0.0
2022-11-01,0.0,0.0,0.0,0.0,0.0
2022-11-02,0.0,0.0,0.0,0.0,0.0
2022-11-03,0.0,0.0,0.0,0.0,0.0
2022-11-04,0.0,0.0,0.0,0.0,0.0
2022-11-05,0.0,0.0,0.0,0.0,0.0
2022-11-06,0.0,0.0,0.0,0.0,0.0
2022-11-07,0.0,0.0,0.0,0.0,0.0
2022-11-08,0.0,0.0,0.0,0.0,0.0
2022-11-09,57610.903999999995,47275.2,61644.0,35647.0,42414.8
2022-11-10,0.0,0.0,0.0,0.0,0.0
2022-11-11,56888.367999999995,47275.2,61644.0,35647.0,42414.8
2022-11-12,0.0,0.0,0.0,0.0,0.0
2022-11-13,0.0,0.0,0.0,0.0,0.0
2022-11-14,0.0,0.0,0.0,0.0,0.0
2022-11-15,0.0,0.0,0.0,0.0,0.0
2022-11-16,56888.367999999995,47275.2,61644.0,36246.0,42414.8
2022-11-17,0.0,0.0,0.0,0.0,0.0
2022-11-18,0.0,0.0,0.0,0.0,0.0
2022-11-19,0.0,0.0,0.0,0.0,0.0
2022-11-20,0.0,0.0,0.0,0.0,0.0
2022-11-21,0.0,0.0,0.0,0.0,0.0
2022-11-22,0.0,0.0,0.0,0.0,0.0
2022-11-23,0.0,0.0,0.0,0.0,0.0
2022-11-24,0.0,0.0,0.0,0.0,0.0
2022-11-25,0.0,0.0,0.0,0.0,0.0
2022-11-26,0.0,0.0,0.0,0.0,0.0
2022-11-27,0.0,0.0,0.0,0.0,0.0
2022-11-28,58123.731999999996,47275.2,61644.0,36246.0,42414.8
2022-11-29,0.0,0.0,0.0,0.0,0.0
2022-11-30,0.0,0.0,0.0,0.0,0.0
2022-12-01,0.0,0.0,0.0,0.0,0.0
2022-12-02,0.0,0.0,0.0,0.0,0.0
2022-12-03,0.0,0.0,0.0,0.0,0.0
2022-12-04,0.0,0.0,0.0,0.0,0.0
2022-12-05,0.0,0.0,0.0,0.0,0.0
2022-12-06,56715.924,47275.2,61644.0,36246.0,42414.8
2022-12-07,0.0,0.0,0.0,0.0,0.0
2022-12-08,0.0,0.0,0.0,0.0,0.0
2022-12-09,0.0,0.0,0.0,0.0,0.0
2022-12-10,0.0,0.0,0.0,0.0,0.0
2022-12-11,0.0,0.0,0.0,0.0,0.0
2022-12-12,56715.924,47275.2,61644.0,35475.0,42414.8
2022-12-13,0.0,0.0,0.0,0.0,0.0
2022-12-14,0.0,0.0,0.0,0.0,0.0
2022-12-15,0.0,0.0,0.0,0.0,0.0
2022-12-16,0.0,0.0,0.0,0.0,0.0
2022-12-17,0.0,0.0,0.0,0.0,0.0
2022-12-18,0.0,0.0,0.0,0.0,0.0
2022-12-19,58017.296,47275.2,61644.0,35475.0,42414.8
2022-12-20,0.0,0.0,0.0,0.0,0.0
2022-12-21,0.0,0.0,0.0,0.0,0.0
2022-12-22,0.0,0.0,0.0,0.0,0.0
2022-12-23,0.0,0.0,0.0,0.0,0.0
2022-12-24,0.0,0.0,0.0,0.0,0.0
2022-12-25,0.0,0.0,0.0,0.0,0.0
2022-12-26,0.0,0.0,0.0,0.0,0.0
2022-12-27,0.0,0.0,0.0,0.0,0.0
2022-12-28,0.0,0.0,0.0,0.0,0.0
2022-12-29,58017.296,47275.2,61644.0,34804.0,42414.8
2022-12-30,0.0,0.0,0.0,0.0,0.0
2022-12-31,0.0,0.0,0.0,0.0,0.0
2023-01-01,0.0,0.0,0.0,0.0,0.0
2023-01-02,0.0,0.0,0.0,0.0,0.0
2023-01-03,0.0,0.0,0.0,0.0,0.0
2023-01-04,0.0,0.0,0.0,0.0,0.0
2023-01-05,0.0,0.0,0.0,0.0,0.0
2023-01-06,0.0,0.0,0.0,0.0,0.0
2023-01-07,0.0,0.0,0.0,0.0,0.0
2023-01-08,0.0,0.0,0.0,0.0,0.0
2023-01-09,0.0,0.0,0.0,0.0,0.0
2023-01-10,0.0,0.0,0.0,0.0,0.0
2023-01-11,0.0,0.0,0.0,0.0,0.0
2023-01-12,0.0,0.0,0.0,0.0,0.0
2023-01-13,0.0,0.0,0.0,0.0,0.0
2023-01-14,0.0,0.0,0.0,0.0,0.0
2023-01-15,0.0,0.0,0.0,0.0,0.0
2023-01-16,0.0,0.0,0.0,0.0,0.0
2023-01-17,0.0,0.0,0.0,0.0,0.0
2023-01-18,58017.296,47275.2,61644.0,35389.0,42414.8
2023-01-19,0.0,0.0,0.0,0.0,0.0
2023-01-20,56597.935999999994,47275.2,61644.0,35389.0,42414.8
2023-01-21,0.0,0.0,0.0,0.0,0.0
2023-01-22,0.0,0.0,0.0,0.0,0.0
2023-01-23,0.0,0.0,0.0,0.0,0.0
2023-01-24,0.0,0.0,0.0,0.0,0.0
2023-01-25,0.0,0.0,0.0,0.0,0.0
2023-01-26,0.0,0.0,0.0,0.0,0.0
2023-01-27,0.0,0.0,0.0,0.0,0.0
2023-01-28,0.0,0.0,0.0,0.0,0.0
2023-01-29,0.0,0.0,0.0,0.0,0.0
2023-01-30,0.0,0.0,0.0,0.0,0.0
2023-01-31,0.0,0.0,0.0,0.0,0.0
2023-02-01,0.0,0.0,0.0,0.0,0.0
2023-02-02,56597.935999999994,47275.2,61644.0,36288.0,39609.600000000006
2023-02-03,0.0,0.0,0.0,0.0,0.0
2023-02-04,0.0,0.0,0.0,0.0,0.0
2023-02-05,0.0,0.0,0.0,0.0,0.0
2023-02-06,0.0,0.0,0.0,0.0,0.0
2023-02-07,0.0,0.0,0.0,0.0,0.0
2023-02-08,0.0,0.0,0.0,0.0,0.0
2023-02-09,0.0,0.0,0.0,0.0,0.0
2023-02-10,0.0,0.0,0.0,0.0,0.0
2023-02-11,0.0,0.0,0.0,0.0,0.0
2023-02-12,0.0,0.0,0.0,0.0,0.0
2023-02-13,0.0,0.0,0.0,0.0,0.0
2023-02-14,0.0,0.0,0.0,0.0,0.0
2023-02-15,0.0,0.0,0.0,0.0,0.0
2023-02-16,0.0,0.0,0.0,0.0,0.0
2023-02-17,0.0,0.0,0.0,0.0,0.0
2023-02-18,0.0,0.0,0.0,0.0,0.0
2023-02-19,0.0,0.0,0.0,0.0,0.0
2023-02-20,0.0,0.0,0.0,0.0,0.0
2023-02-21,0.0,0.0,0.0,0.0,0.0
2023-02-22,0.0,0.0,0.0,0.0,0.0
2023-02-23,0.0,0.0,0.0,0.0,0.0
2023-02-24,0.0,0.0,0.0,0.0,0.0
2023-02-25,0.0,0.0,0.0,0.0,0.0
2023-02-26,0.0,0.0,0.0,0.0,0.0
2023-02-27,0.0,0.0,0.0,0.0,0.0
2023-02-28,0.0,0.0,0.0,0.0,0.0
2023-03-01,0.0,0.0,0.0,0.0,0.0
2023-03-02,0.0,0.0,0.0,0.0,0.0
2023-03-03,0.0,0.0,0.0,0.0,0.0
2023-03-04,0.0,0.0,0.0,0.0,0.0
2023-03-05,0.0,0.0,0.0,0.0,0.0
2023-03-06,0.0,0.0,0.0,0.0,0.0
2023-03-07,0.0,0.0,0.0,0.0,0.0
2023-03-08,0.0,0.0,0.0,0.0,0.0
2023-03-09,0.0,0.0,0.0,0.0,0.0
2023-03-10,0.0,0.0,0.0,0.0,0.0
2023-03-11,0.0,0.0,0.0,0.0,0.0
2023-03-12,0.0,0.0,0.0,0.0,0.0
2023-03-13,0.0,0.0,0.0,0.0,0.0
2023-03-14,0.0,0.0,0.0,0.0,0.0
2023-03-15,0.0,0.0,0.0,0.0,0.0
2023-03-16,0.0,0.0,0.0,0.0,0.0
2023-03-17,0.0,0.0,0.0,0.0,0.0
2023-03-18,0.0,0.0,0.0,0.0,0.0
2023-03-19,0.0,0.0,0.0,0.0,0.0
2023-03-20,56597.935999999994,47275.2,61644.0,36288.0,36482.0
2023-03-21,0.0,0.0,0.0,0.0,0.0
2023-03-22,0.0,0.0,0.0,0.0,0.0
2023-03-23,0.0,0.0,0.0,0.0,0.0
2023-03-24,0.0,0.0,0.0,0.0,0.0
2023-03-25,0.0,0.0,0.0,0.0,0.0
2023-03-26,0.0,0.0,0.0,0.0,0.0
2023-03-27,56597.935999999994,47275.2,61644.0,36859.0,36482.0
2023-03-28,0.0,0.0,0.0,0.0,0.0
2023-03-29,0.0,0.0,0.0,0.0,0.0
2023-03-30,0.0,0.0,0.0,0.0,0.0
2023-03-31,0.0,0.0,0.0,0.0,0.0
2023-04-01,0.0,0.0,0.0,0.0,0.0
2023-04-02,0.0,0.0,0.0,0.0,0.0
2023-04-03,0.0,0.0,0.0,0.0,0.0
2023-04-04,0.0,0.0,0.0,0.0,0.0
2023-04-05,0.0,0.0,0.0,0.0,0.0
2023-04-06,0.0,0.0,0.0,0.0,0.0
2023-04-07,0.0,0.0,0.0,0.0,0.0
2023-04-08,0.0,0.0,0.0,0.0,0.0
2023-04-09,0.0,0.0,0.0,0.0,0.0
2023-04-10,0.0,0.0,0.0,0.0,0.0
2023-04-11,0.0,0.0,0.0,0.0,0.0
2023-04-12,0.0,0.0,0.0,0.0,0.0
2023-04-13,0.0,0.0,0.0,0.0,0.0
2023-04-14,0.0,0.0,0.0,0.0,0.0
2023-04-15,0.0,0.0,0.0,0.0,0.0
2023-04-16,0.0,0.0,0.0,0.0,0.0
2023-04-17,0.0,0.0,0.0,0.0,0.0
2023-04-18,0.0,0.0,0.0,0.0,0.0
2023-04-19,0.0,0.0,0.0,0.0,0.0
2023-04-20,0.0,0.0,0.0,0.0,0.0
2023-04-21,0.0,0.0,0.0,0.0,0.0
2023-04-22,0.0,0.0,0.0,0.0,0.0
2023-04-23,0.0,0.0,0.0,0.0,0.0
2023-04-24,0.0,0.0,0.0,0.0,0.0
2023-04-25,0.0,0.0,0.0,0.0,0.0
2023-04-26,0.0,0.0,0.0,0.0,0.0
2023-04-27,0.0,0.0,0.0,0.0,0.0
2023-04-28,0.0,0.0,0.0,0.0,0.0
2023-04-29,0.0,0.0,0.0,0.0,0.0
2023-04-30,0.0,0.0,0.0,0.0,0.0
2023-05-01,0.0,0.0,0.0,0.0,0.0
2023-05-02,0.0,0.0,0.0,0.0,0.0
2023-05-03,0.0,0.0,0.0,0.0,0.0
2023-05-04,0.0,0.0,0.0,0.0,0.0
2023-05-05,0.0,0.0,0.0,0.0,0.0
2023-05-06,0.0,0.0,0.0,0.0,0.0
2023-05-07,0.0,0.0,0.0,0.0,0.0
2023-05-08,0.0,0.0,0.0,0.0,0.0
2023-05-09,0.0,0.0,0.0,0.0,0.0
2023-05-10,0.0,0.0,0.0,0.0,0.0
2023-05-11,56597.935999999994,47275.2,61644.0,37600.0,36482.0
2023-05-12,0.0,0.0,0.0,0.0,0.0
2023-05-13,0.0,0.0,0.0,0.0,0.0
2023-05-14,0.0,0.0,0.0,0.0,0.0
2023-05-15,0.0,0.0,0.0,0.0,0.0
2023-05-16,0.0,0.0,0.0,0.0,0.0
2023-05-17,0.0,0.0,0.0,0.0,0.0
2023-05-18,0.0,0.0,0.0,0.0,0.0
2023-05-19,56597.935999999994,47275.2,61644.0,38688.0,36482.0
2023-05-20,0.0,0.0,0.0,0.0,0.0
2023-05-21,0.0,0.0,0.0,0.0,0.0
2023-05-22,0.0,0.0,0.0,0.0,0.0
2023-05-23,0.0,0.0,0.0,0.0,0.0
2023-05-24,0.0,0.0,0.0,0.0,0.0
2023-05-25,57901.184,47275.2,61644.0,38688.0,36482.0
2023-05-26,0.0,0.0,0.0,0.0,0.0
2023-05-27,0.0,0.0,0.0,0.0,0.0
2023-05-28,0.0,0.0,0.0,0.0,0.0
2023-05-29,57901.184,47275.2,61644.0,39216.0,36482.0
2023-05-30,0.0,0.0,0.0,0.0,0.0
2023-05-31,0.0,0.0,0.0,0.0,0.0
2023-06-01,0.0,0.0,0.0,0.0,0.0
2023-06-02,0.0,0.0,0.0,0.0,0.0
2023-06-03,0.0,0.0,0.0,0.0,0.0
2023-06-04,0.0,0.0,0.0,0.0,0.0
2023-06-05,0.0,0.0,0.0,0.0,0.0
2023-06-06,0.0,0.0,0.0,0.0,0.0
2023-06-07,0.0,0.0,0.0,0.0,0.0
2023-06-08,0.0,0.0,0.0,0.0,0.0
2023-06-09,0.0,0.0,0.0,0.0,0.0
2023-06-10,0.0,0.0,0.0,0.0,0.0
2023-06-11,0.0,0.0,0.0,0.0,0.0
2023-06-12,0.0,0.0,0.0,0.0,0.0
2023-06-13,57901.184,47275.2,61644.0,39923.0,36482.0
2023-06-14,0.0,0.0,0.0,0.0,0.0
2023-06-15,0.0,0.0,0.0,0.0,0.0
2023-06-16,56498.1,47275.2,61644.0,39923.0,36482.0
2023-06-17,0.0,0.0,0.0,0.0,0.0
2023-06-18,0.0,0.0,0.0,0.0,0.0
2023-06-19,0.0,0.0,0.0,0.0,0.0
2023-06-20,0.0,0.0,0.0,0.0,0.0
2023-06-21,0.0,0.0,0.0,0.0,0.0
2023-06-22,0.0,0.0,0.0,0.0,0.0
2023-06-23,0.0,0.0,0.0,0.0,0.0
2023-06-24,0.0,0.0,0.0,0.0,0.0
2023-06-25,0.0,0.0,0.0,0.0,0.0
2023-06-26,57814.1,47275.2,61644.0,39923.0,36482.0
2023-06-27,0.0,0.0,0.0,0.0,0.0
2023-06-28,0.0,0.0,0.0,0.0,0.0
2023-06-29,0.0,0.0,0.0,0.0,0.0
2023-06-30,0.0,0.0,0.0,0.0,0.0
2023-07-01,0.0,0.0,0.0,0.0,0.0
2023-07-02,0.0,0.0,0.0,0.0,0.0
2023-07-03,0.0,0.0,0.0,0.0,0.0
2023-07-04,0.0,0.0,0.0,0.0,0.0
2023-07-05,0.0,0.0,0.0,0.0,0.0
2023-07-06,0.0,0.0,0.0,0.0,0.0
2023-07-07,0.0,0.0,0.0,0.0,0.0
2023-07-08,0.0,0.0,0.0,0.0,0.0
2023-07-09,0.0,0.0,0.0,0.0,0.0
2023-07-10,0.0,0.0,0.0,0.0,0.0
2023-07-11,0.0,0.0,0.0,0.0,0.0
2023-07-12,0.0,0.0,0.0,0.0,0.0
2023-07-13,0.0,0.0,0.0,0.0,0.0
2023-07-14,57814.1,47275.2,61644.0,40644.0,36482.0
2023-07-15,0.0,0.0,0.0,0.0,0.0
2023-07-16,0.0,0.0,0.0,0.0,0.0
2023-07-17,0.0,0.0,0.0,0.0,0.0
2023-07-18,0.0,0.0,0.0,0.0,0.0
2023-07-19,57814.1,47275.2,61644.0,40644.0,33033.600000000006
2023-07-20,0.0,0.0,0.0,0.0,0.0
2023-07-21,0.0,0.0,0.0,0.0,0.0
2023-07-22,0.0,0.0,0.0,0.0,0.0
2023-07-23,0.0,0.0,0.0,0.0,0.0
2023-07-24,0.0,0.0,0.0,0.0,0.0
2023-07-25,0.0,0.0,0.0,0.0,0.0
2023-07-26,0.0,0.0,0.0,0.0,0.0
2023-07-27,0.0,0.0,0.0,0.0,0.0
2023-07-28,0.0,0.0,0.0,0.0,0.0
2023-07-29,0.0,0.0,0.0,0.0,0.0
2023-07-30,0.0,0.0,0.0,0.0,0.0
2023-07-31,56416.416000000005,47275.2,61644.0,40644.0,33033.600000000006
2023-08-01,0.0,0.0,0.0,0.0,0.0
2023-08-02,0.0,0.0,0.0,0.0,0.0
2023-08-03,0.0,0.0,0.0,0.0,0.0
2023-08-04,0.0,0.0,0.0,0.0,0.0
2023-08-05,0.0,0.0,0.0,0.0,0.0
2023-08-06,0.0,0.0,0.0,0.0,0.0
2023-08-07,0.0,0.0,0.0,0.0,0.0
2023-08-08,0.0,0.0,0.0,0.0,0.0
2023-08-09,0.0,0.0,0.0,0.0,0.0
2023-08-10,0.0,0.0,0.0,0.0,0.0
2023-08-11,0.0,0.0,0.0,0.0,0.0
2023-08-12,0.0,0.0,0.0,0.0,0.0
2023-08-13,0.0,0.0,0.0,0.0,0.0
2023-08-14,57697.988,47275.2,61644.0,40644.0,33033.600000000006
2023-08-15,0.0,0.0,0.0,0.0,0.0
2023-08-16,0.0,0.0,0.0,0.0,0.0
2023-08-17,0.0,0.0,0.0,0.0,0.0
2023-08-18,57697.988,47275.2,61644.0,40071.0,33033.600000000006
2023-08-19,0.0,0.0,0.0,0.0,0.0
2023-08-20,0.0,0.0,0.0,0.0,0.0
2023-08-21,0.0,0.0,0.0,0.0,0.0
2023-08-22,0.0,0.0,0.0,0.0,0.0
2023-08-23,0.0,0.0,0.0,0.0,0.0
2023-08-24,57697.988,47275.2,61644.0,40679.99999999999,33033.600000000006
2023-08-25,58809.547999999995,47275.2,61644.0,40679.99999999999,33033.600000000006
2023-08-26,0.0,0.0,0.0,0.0,0.0
2023-08-27,0.0,0.0,0.0,0.0,0.0
2023-08-28,58891.756,47275.2,61644.0,40679.99999999999,33033.600000000006
2023-08-29,0.0,0.0,0.0,0.0,0.0
2023-08-30,0.0,0.0,0.0,0.0,0.0
2023-08-31,0.0,0.0,0.0,0.0,0.0
2023-09-01,0.0,0.0,0.0,0.0,0.0
2023-09-02,0.0,0.0,0.0,0.0,0.0
2023-09-03,0.0,0.0,0.0,0.0,0.0
2023-09-04,0.0,0.0,0.0,0.0,0.0
2023-09-05,0.0,0.0,0.0,0.0,0.0
2023-09-06,0.0,0.0,0.0,0.0,0.0
2023-09-07,0.0,0.0,0.0,0.0,0.0
2023-09-08,0.0,0.0,0.0,0.0,0.0
2023-09-09,0.0,0.0,0.0,0.0,0.0
2023-09-10,0.0,0.0,0.0,0.0,0.0
2023-09-11,0.0,0.0,0.0,0.0,0.0
2023-09-12,0.0,0.0,0.0,0.0,0.0
2023-09-13,0.0,0.0,0.0,0.0,0.0
2023-09-14,0.0,0.0,0.0,0.0,0.0
2023-09-15,0.0,0.0,0.0,0.0,0.0
2023-09-16,0.0,0.0,0.0,0.0,0.0
2023-09-17,0.0,0.0,0.0,0.0,0.0
2023-09-18,0.0,0.0,0.0,0.0,0.0
2023-09-19,0.0,0.0,0.0,0.0,0.0
2023-09-20,0.0,0.0,0.0,0.0,0.0
2023-09-21,0.0,0.0,0.0,0.0,0.0
2023-09-22,58891.756,47275.2,61644.0,40108.0,33033.600000000006
2023-09-23,0.0,0.0,0.0,0.0,0.0
2023-09-24,0.0,0.0,0.0,0.0,0.0
2023-09-25,0.0,0.0,0.0,0.0,0.0
2023-09-26,0.0,0.0,0.0,0.0,0.0
2023-09-27,0.0,0.0,0.0,0.0,0.0
2023-09-28,0.0,0.0,0.0,0.0,0.0
2023-09-29,0.0,0.0,0.0,0.0,0.0
2023-09-30,0.0,0.0,0.0,0.0,0.0
2023-10-01,0.0,0.0,0.0,0.0,0.0
2023-10-02,0.0,0.0,0.0,0.0,0.0
2023-10-03,0.0,0.0,0.0,0.0,0.0
2023-10-04,0.0,0.0,0.0,0.0,0.0
2023-10-05,0.0,0.0,0.0,0.0,0.0
2023-10-06,0.0,0.0,0.0,0.0,0.0
2023-10-07,0.0,0.0,0.0,0.0,0.0
2023-10-08,0.0,0.0,0.0,0.0,0.0
2023-10-09,0.0,0.0,0.0,0.0,0.0
2023-10-10,0.0,0.0,0.0,0.0,0.0
2023-10-11,0.0,0.0,0.0,0.0,0.0
2023-10-12,58891.756,47275.2,61644.0,40644.0,33033.600000000006
2023-10-13,0.0,0.0,0.0,0.0,0.0
2023-10-14,0.0,0.0,0.0,0.0,0.0
2023-10-15,0.0,0.0,0.0,0.0,0.0
2023-10-16,0.0,0.0,0.0,0.0,0.0
2023-10-17,0.0,0.0,0.0,0.0,0.0
2023-10-18,0.0,0.0,0.0,0.0,0.0
2023-10-19,0.0,0.0,0.0,0.0,0.0
2023-10-20,0.0,0.0,0.0,0.0,0.0
2023-10-21,0.0,0.0,0.0,0.0,0.0
2023-10-22,0.0,0.0,0.0,0.0,0.0
2023-10-23,59676.612,47275.2,61644.0,39812.0,33033.600000000006
2023-10-24,0.0,0.0,0.0,0.0,0.0
2023-10-25,0.0,0.0,0.0,0.0,0.0
2023-10-26,0.0,0.0,0.0,0.0,0.0
2023-10-27,0.0,0.0,0.0,0.0,0.0
2023-10-28,0.0,0.0,0.0,0.0,0.0
2023-10-29,0.0,0.0,0.0,0.0,0.0
2023-10-30,0.0,0.0,0.0,0.0,0.0
2023-10-31,0.0,0.0,0.0,0.0,0.0
2023-11-01,0.0,0.0,0.0,0.0,0.0
2023-11-02,0.0,0.0,0.0,0.0,0.0
2023-11-03,0.0,0.0,0.0,0.0,0.0
2023-11-04,0.0,0.0,0.0,0.0,0.0
2023-11-05,0.0,0.0,0.0,0.0,0.0
2023-11-06,0.0,0.0,0.0,0.0,0.0
2023-11-07,58645.132,47275.2,61644.0,39812.0,33033.600000000006
2023-11-08,58645.132,47275.2,61644.0,40392.00000000001,33033.600000000006
2023-11-09,0.0,0.0,0.0,0.0,0.0
2023-11-10,0.0,0.0,0.0,0.0,0.0
2023-11-11,0.0,0.0,0.0,0.0,0.0
2023-11-12,0.0,0.0,0.0,0.0,0.0
2023-11-13,0.0,0.0,0.0,0.0,0.0
2023-11-14,0.0,0.0,0.0,0.0,0.0
2023-11-15,0.0,0.0,0.0,0.0,0.0
2023-11-16,0.0,0.0,0.0,0.0,0.0
2023-11-17,0.0,0.0,0.0,0.0,0.0
2023-11-18,0.0,0.0,0.0,0.0,0.0
2023-11-19,0.0,0.0,0.0,0.0,0.0
2023-11-20,0.0,0.0,0.0,0.0,0.0
2023-11-21,0.0,0.0,0.0,0.0,0.0
2023-11-22,0.0,0.0,0.0,0.0,0.0
2023-11-23,0.0,0.0,0.0,0.0,0.0
2023-11-24,0.0,0.0,0.0,0.0,0.0
2023-11-25,0.0,0.0,0.0,0.0,0.0
2023-11-26,0.0,0.0,0.0,0.0,0.0
2023-11-27,0.0,0.0,0.0,0.0,0.0
2023-11-28,0.0,0.0,0.0,0.0,0.0
2023-11-29,0.0,0.0,0.0,0.0,0.0
2023-11-30,0.0,0.0,0.0,0.0,0.0
2023-12-01,0.0,0.0,0.0,0.0,0.0
2023-12-02,0.0,0.0,0.0,0.0,0.0
2023-12-03,0.0,0.0,0.0,0.0,0.0
2023-12-04,58645.132,47275.2,61644.0,40392.00000000001,29414.699999999997
2023-12-05,0.0,0.0,0.0,0.0,0.0
2023-12-06,0.0,0.0,0.0,0.0,0.0
2023-12-07,0.0,0.0,0.0,0.0,0.0
2023-12-08,0.0,0.0,0.0,0.0,0.0
2023-12-09,0.0,0.0,0.0,0.0,0.0
2023-12-10,0.0,0.0,0.0,0.0,0.0
2023-12-11,0.0,0.0,0.0,0.0,0.0
2023-12-12,58645.132,47275.2,61644.0,41195.0,29414.699999999997
2023-12-13,0.0,0.0,0.0,0.0,0.0
2023-12-14,0.0,0.0,0.0,0.0,0.0
2023-12-15,0.0,0.0,0.0,0.0,0.0
2023-12-16,0.0,0.0,0.0,0.0,0.0
2023-12-17,0.0,0.0,0.0,0.0,0.0
2023-12-18,59578.727999999996,47275.2,61644.0,41195.0,29414.699999999997
2023-12-19,0.0,0.0,0.0,0.0,0.0
2023-12-20,0.0,0.0,0.0,0.0,0.0
2023-12-21,0.0,0.0,0.0,0.0,0.0
2023-12-22,0.0,0.0,0.0,0.0,0.0
2023-12-23,0.0,0.0,0.0,0.0,0.0
2023-12-24,0.0,0.0,0.0,0.0,0.0
2023-12-25,0.0,0.0,0.0,0.0,0.0
2023-12-26,0.0,0.0,0.0,0.0,0.0
2023-12-27,0.0,0.0,0.0,0.0,0.0
2023-12-28,0.0,0.0,0.0,0.0,0.0
2023-12-29,0.0,0.0,0.0,0.0,0.0
2023-12-30,0.0,0.0,0.0,0.0,0.0
2023-12-31,0.0,0.0,0.0,0.0,0.0
2024-01-01,0.0,0.0,0.0,0.0,0.0
2024-01-02,0.0,0.0,0.0,0.0,0.0
2024-01-03,0.0,0.0,0.0,0.0,0.0
2024-01-04,0.0,0.0,0.0,0.0,0.0
2024-01-05,0.0,0.0,0.0,0.0,0.0
2024-01-06,0.0,0.0,0.0,0.0,0.0
2024-01-07,0.0,0.0,0.0,0.0,0.0
2024-01-08,60340.808,47275.2,61644.0,41195.0,29414.699999999997
2024-01-09,0.0,0.0,0.0,0.0,0.0
2024-01-10,0.0,0.0,0.0,0.0,0.0
2024-01-11,0.0,0.0,0.0,0.0,0.0
2024-01-12,0.0,0.0,0.0,0.0,0.0
2024-01-13,0.0,0.0,0.0,0.0,0.0
2024-01-14,0.0,0.0,0.0,0.0,0.0
2024-01-15,60340.808,47275.2,61644.0,41650.0,29414.699999999997
2024-01-16,0.0,0.0,0.0,0.0,0.0
2024-01-17,0.0,0.0,0.0,0.0,0.0
2024-01-18,60947.572,47275.2,61644.0,41650.0,29414.699999999997
2024-01-19,0.0,0.0,0.0,0.0,0.0
2024-01-20,0.0,0.0,0.0,0.0,0.0
2024-01-21,0.0,0.0,0.0,0.0,0.0
2024-01-22,61250.432,47275.2,61644.0,42075.0,29414.699999999997
2024-01-23,0.0,0.0,0.0,0.0,0.0
2024-01-24,0.0,0.0,0.0,0.0,0.0
2024-01-25,60693.975999999995,47275.2,61644.0,42075.0,29414.699999999997
2024-01-26,0.0,0.0,0.0,0.0,0.0
2024-01-27,0.0,0.0,0.0,0.0,0.0
2024-01-28,0.0,0.0,0.0,0.0,0.0
2024-01-29,0.0,0.0,0.0,0.0,0.0
2024-01-30,0.0,0.0,0.0,0.0,0.0
2024-01-31,61072.96799999999,47275.2,61644.0,42075.0,29414.699999999997
2024-02-01,0.0,0.0,0.0,0.0,0.0
2024-02-02,61388.223999999995,47275.2,61644.0,42075.0,29414.699999999997
2024-02-03,0.0,0.0,0.0,0.0,0.0
2024-02-04,0.0,0.0,0.0,0.0,0.0
2024-02-05,0.0,0.0,0.0,0.0,0.0
2024-02-06,60984.236,47275.2,61644.0,42075.0,29414.699999999997
2024-02-07,59870.291999999994,47275.2,61644.0,42075.0,29414.699999999997
2024-02-08,59100.184,47275.2,61644.0,42075.0,29414.699999999997
2024-02-09,0.0,0.0,0.0,0.0,0.0
2024-02-10,0.0,0.0,0.0,0.0,0.0
2024-02-11,0.0,0.0,0.0,0.0,0.0
2024-02-12,0.0,0.0,0.0,0.0,0.0
2024-02-13,0.0,0.0,0.0,0.0,0.0
2024-02-14,0.0,0.0,0.0,0.0,0.0
2024-02-15,0.0,0.0,0.0,0.0,0.0
2024-02-16,0.0,0.0,0.0,0.0,0.0
2024-02-17,0.0,0.0,0.0,0.0,0.0
2024-02-18,0.0,0.0,0.0,0.0,0.0
2024-02-19,59858.816,47275.2,61644.0,42075.0,29414.699999999997
2024-02-20,0.0,0.0,0.0,0.0,0.0
2024-02-21,0.0,0.0,0.0,0.0,0.0
2024-02-22,0.0,0.0,0.0,0.0,0.0
2024-02-23,0.0,0.0,0.0,0.0,0.0
2024-02-24,0.0,0.0,0.0,0.0,0.0
2024-02-25,0.0,0.0,0.0,0.0,0.0
2024-02-26,0.0,0.0,0.0,0.0,0.0
2024-02-27,0.0,0.0,0.0,0.0,0.0
2024-02-28,59013.176,47275.2,61644.0,42075.0,29414.699999999997
2024-02-29,0.0,0.0,0.0,0.0,0.0
2024-03-01,0.0,0.0,0.0,0.0,0.0
2024-03-02,0.0,0.0,0.0,0.0,0.0
2024-03-03,0.0,0.0,0.0,0.0,0.0
2024-03-04,59013.176,47275.2,61644.0,49870.1,29414.699999999997
2024-03-05,0.0,0.0,0.0,0.0,0.0
2024-03-06,0.0,0.0,0.0,0.0,0.0
2024-03-07,59013.176,47275.2,61644.0,49870.1,25251.2
2024-03-08,0.0,0.0,0.0,0.0,0.0
2024-03-09,0.0,0.0,0.0,0.0,0.0
2024-03-10,0.0,0.0,0.0,0.0,0.0
2024-03-11,0.0,0.0,0.0,0.0,0.0
2024-03-12,0.0,0.0,0.0,0.0,0.0
2024-03-13,0.0,0.0,0.0,0.0,0.0
2024-03-14,0.0,0.0,0.0,0.0,0.0
2024-03-15,0.0,0.0,0.0,0.0,0.0
2024-03-16,0.0,0.0,0.0,0.0,0.0
2024-03-17,0.0,0.0,0.0,0.0,0.0
2024-03-18,0.0,0.0,0.0,0.0,0.0
2024-03-19,0.0,0.0,0.0,0.0,0.0
2024-03-20,0.0,0.0,0.0,0.0,0.0
2024-03-21,0.0,0.0,0.0,0.0,0.0
2024-03-22,0.0,0.0,0.0,0.0,0.0
2024-03-23,0.0,0.0,0.0,0.0,0.0
2024-03-24,0.0,0.0,0.0,0.0,0.0
2024-03-25,0.0,0.0,0.0,0.0,0.0
2024-03-26,0.0,0.0,0.0,0.0,0.0
2024-03-27,0.0,0.0,0.0,0.0,0.0
2024-03-28,0.0,0.0,0.0,0.0,0.0
2024-03-29,59013.176,47275.2,61644.0,49870.1,20893.6
2024-03-30,0.0,0.0,0.0,0.0,0.0
2024-03-31,0.0,0.0,0.0,0.0,0.0
2024-04-01,0.0,0.0,0.0,0.0,0.0
2024-04-02,0.0,0.0,0.0,0.0,0.0
2024-04-03,0.0,0.0,0.0,0.0,0.0
2024-04-04,0.0,0.0,0.0,0.0,0.0
2024-04-05,0.0,0.0,0.0,0.0,0.0
2024-04-06,0.0,0.0,0.0,0.0,0.0
2024-04-07,0.0,0.0,0.0,0.0,0.0
2024-04-08,59013.176,47275.2,61644.0,49870.1,15900.0
2024-04-09,0.0,0.0,0.0,0.0,0.0
2024-04-10,0.0,0.0,0.0,0.0,0.0
2024-04-11,0.0,0.0,0.0,0.0,0.0
2024-04-12,0.0,0.0,0.0,0.0,0.0
2024-04-13,0.0,0.0,0.0,0.0,0.0
2024-04-14,0.0,0.0,0.0,0.0,0.0
2024-04-15,0.0,0.0,0.0,0.0,0.0
2024-04-16,0.0,0.0,0.0,0.0,0.0
2024-04-17,0.0,0.0,0.0,0.0,0.0
2024-04-18,59013.176,47275.2,61644.0,52521.0,15900.0
2024-04-19,59013.176,47275.2,61644.0,52521.0,49607.99999999999
2024-04-20,0.0,0.0,0.0,0.0,0.0
2024-04-21,0.0,0.0,0.0,0.0,0.0
2024-04-22,0.0,0.0,0.0,0.0,0.0
2024-04-23,59013.176,47275.2,61644.0,52521.0,52371.0
2024-04-24,0.0,0.0,0.0,0.0,0.0
2024-04-25,0.0,0.0,0.0,0.0,0.0
2024-04-26,0.0,0.0,0.0,0.0,0.0
2024-04-27,0.0,0.0,0.0,0.0,0.0
2024-04-28,0.0,0.0,0.0,0.0,0.0
2024-04-29,0.0,0.0,0.0,0.0,0.0
2024-04-30,0.0,0.0,0.0,0.0,0.0
2024-05-01,0.0,0.0,0.0,0.0,0.0
2024-05-02,0.0,0.0,0.0,0.0,0.0
2024-05-03,0.0,0.0,0.0,0.0,0.0
2024-05-04,0.0,0.0,0.0,0.0,0.0
2024-05-05,0.0,0.0,0.0,0.0,0.0
2024-05-06,0.0,0.0,0.0,0.0,0.0
2024-05-07,0.0,0.0,0.0,0.0,0.0
2024-05-08,0.0,0.0,0.0,0.0,0.0
2024-05-09,58008.02,47275.2,61644.0,52521.0,52371.0
2024-05-10,0.0,0.0,0.0,0.0,0.0
2024-05-11,0.0,0.0,0.0,0.0,0.0
2024-05-12,0.0,0.0,0.0,0.0,0.0
2024-05-13,0.0,0.0,0.0,0.0,0.0
2024-05-14,0.0,0.0,0.0,0.0,0.0
2024-05-15,58008.02,47275.2,61644.0,49832.8,52371.0
2024-05-16,0.0,0.0,0.0,0.0,0.0
2024-05-17,0.0,0.0,0.0,0.0,0.0
2024-05-18,0.0,0.0,0.0,0.0,0.0
2024-05-19,0.0,0.0,0.0,0.0,0.0
2024-05-20,58008.02,47275.2,61644.0,49832.8,49716.0
2024-05-21,0.0,0.0,0.0,0.0,0.0
2024-05-22,0.0,0.0,0.0,0.0,0.0
2024-05-23,58937.043999999994,47275.2,61644.0,49832.8,49716.0
2024-05-24,58937.043999999994,47275.2,61644.0,49832.8,52430.4
2024-05-25,0.0,0.0,0.0,0.0,0.0
2024-05-26,0.0,0.0,0.0,0.0,0.0
2024-05-27,0.0,0.0,0.0,0.0,0.0
2024-05-28,0.0,0.0,0.0,0.0,0.0
2024-05-29,0.0,0.0,0.0,0.0,0.0
2024-05-30,0.0,0.0,0.0,0.0,0.0
2024-05-31,0.0,0.0,0.0,0.0,0.0
2024-06-01,0.0,0.0,0.0,0.0,0.0
2024-06-02,0.0,0.0,0.0,0.0,0.0
2024-06-03,0.0,0.0,0.0,0.0,0.0
2024-06-04,0.0,0.0,0.0,0.0,0.0
2024-06-05,0.0,0.0,0.0,0.0,0.0
2024-06-06,58937.043999999994,47275.2,61644.0,46804.8,52430.4
2024-06-07,0.0,0.0,0.0,0.0,0.0
2024-06-08,0.0,0.0,0.0,0.0,0.0
2024-06-09,0.0,0.0,0.0,0.0,0.0
2024-06-10,0.0,0.0,0.0,0.0,0.0
2024-06-11,59675.200000000004,47275.2,61644.0,46804.8,52430.4
2024-06-12,0.0,0.0,0.0,0.0,0.0
2024-06-13,0.0,0.0,0.0,0.0,0.0
2024-06-14,0.0,0.0,0.0,0.0,0.0
2024-06-15,0.0,0.0,0.0,0.0,0.0
2024-06-16,0.0,0.0,0.0,0.0,0.0
2024-06-17,0.0,0.0,0.0,0.0,0.0
2024-06-18,59675.200000000004,47275.2,61644.0,43564.3,52430.4
2024-06-19,0.0,0.0,0.0,0.0,0.0
2024-06-20,0.0,0.0,0.0,0.0,0.0
2024-06-21,0.0,0.0,0.0,0.0,0.0
2024-06-22,0.0,0.0,0.0,0.0,0.0
2024-06-23,0.0,0.0,0.0,0.0,0.0
2024-06-24,0.0,0.0,0.0,0.0,0.0
2024-06-25,60259.240000000005,47275.2,61644.0,43564.3,52430.4
2024-06-26,0.0,0.0,0.0,0.0,0.0
2024-06-27,0.0,0.0,0.0,0.0,0.0
2024-06-28,0.0,0.0,0.0,0.0,0.0
2024-06-29,0.0,0.0,0.0,0.0,0.0
2024-06-30,0.0,0.0,0.0,0.0,0.0
2024-07-01,0.0,0.0,0.0,0.0,0.0
2024-07-02,0.0,0.0,0.0,0.0,0.0
2024-07-03,0.0,0.0,0.0,0.0,0.0
2024-07-04,60259.240000000005,47275.2,61644.0,39876.4,52430.4
2024-07-05,0.0,0.0,0.0,0.0,0.0
2024-07-06,0.0,0.0,0.0,0.0,0.0
2024-07-07,0.0,0.0,0.0,0.0,0.0
2024-07-08,0.0,0.0,0.0,0.0,0.0
2024-07-09,0.0,0.0,0.0,0.0,0.0
2024-07-10,0.0,0.0,0.0,0.0,0.0
2024-07-11,0.0,0.0,0.0,0.0,0.0
2024-07-12,0.0,0.0,0.0,0.0,0.0
2024-07-13,0.0,0.0,0.0,0.0,0.0
2024-07-14,0.0,0.0,0.0,0.0,0.0
2024-07-15,0.0,0.0,0.0,0.0,0.0
2024-07-16,0.0,0.0,0.0,0.0,0.0
2024-07-17,60259.240000000005,47275.2,61644.0,39876.4,50400.0
2024-07-18,0.0,0.0,0.0,0.0,0.0
2024-07-19,0.0,0.0,0.0,0.0,0.0
2024-07-20,0.0,0.0,0.0,0.0,0.0
2024-07-21,0.0,0.0,0.0,0.0,0.0
2024-07-22,60259.240000000005,47275.2,61644.0,43683.9,50400.0
2024-07-23,0.0,0.0,0.0,0.0,0.0
2024-07-24,60718.04,47275.2,61644.0,43683.9,50400.0
2024-07-25,60718.04,47275.2,61644.0,47107.2,53172.9
2024-07-26,0.0,0.0,0.0,0.0,0.0
2024-07-27,0.0,0.0,0.0,0.0,0.0
2024-07-28,0.0,0.0,0.0,0.0,0.0
2024-07-29,0.0,0.0,0.0,0.0,0.0
2024-07-30,0.0,0.0,0.0,0.0,0.0
2024-07-31,0.0,0.0,0.0,0.0,0.0
2024-08-01,60295.468,47275.2,61644.0,43803.5,53172.9
2024-08-02,60295.468,47275.2,61644.0,47241.6,53172.9
2024-08-03,0.0,0.0,0.0,0.0,0.0
2024-08-04,0.0,0.0,0.0,0.0,0.0
2024-08-05,60730.71600000001,47275.2,61644.0,52316.0,53172.9
2024-08-06,60730.71600000001,47275.2,61644.0,49832.8,53172.9
2024-08-07,0.0,0.0,0.0,0.0,0.0
2024-08-08,0.0,0.0,0.0,0.0,0.0
2024-08-09,0.0,0.0,0.0,0.0,0.0
2024-08-10,0.0,0.0,0.0,0.0,0.0
2024-08-11,0.0,0.0,0.0,0.0,0.0
2024-08-12,0.0,0.0,0.0,0.0,0.0
2024-08-13,0.0,0.0,0.0,0.0,0.0
2024-08-14,60730.71600000001,47275.2,61644.0,47476.8,53172.9
2024-08-15,0.0,0.0,0.0,0.0,0.0
2024-08-16,60730.71600000001,47275.2,61644.0,43953.0,53172.9
2024-08-17,0.0,0.0,0.0,0.0,0.0
2024-08-18,0.0,0.0,0.0,0.0,0.0
2024-08-19,0.0,0.0,0.0,0.0,0.0
2024-08-20,0.0,0.0,0.0,0.0,0.0
2024-08-21,0.0,0.0,0.0,0.0,0.0
2024-08-22,0.0,0.0,0.0,0.0,0.0
2024-08-23,61056.324,47275.2,61644.0,43953.0,53172.9
2024-08-24,0.0,0.0,0.0,0.0,0.0
2024-08-25,0.0,0.0,0.0,0.0,0.0
2024-08-26,0.0,0.0,0.0,0.0,0.0
2024-08-27,0.0,0.0,0.0,0.0,0.0
2024-08-28,0.0,0.0,0.0,0.0,0.0
2024-08-29,61056.324,47275.2,61644.0,47376.0,53172.9
2024-08-30,60629.308000000005,47275.2,61644.0,47376.0,53172.9
2024-08-31,0.0,0.0,0.0,0.0,0.0
2024-09-01,0.0,0.0,0.0,0.0,0.0
2024-09-02,0.0,0.0,0.0,0.0,0.0
2024-09-03,0.0,0.0,0.0,0.0,0.0
2024-09-04,0.0,0.0,0.0,0.0,0.0
2024-09-05,0.0,0.0,0.0,0.0,0.0
2024-09-06,60629.308000000005,47275.2,61644.0,50429.600000000006,53172.9
2024-09-07,0.0,0.0,0.0,0.0,0.0
2024-09-08,0.0,0.0,0.0,0.0,0.0
2024-09-09,60950.116,47275.2,61644.0,50429.600000000006,53172.9
2024-09-10,0.0,0.0,0.0,0.0,0.0
2024-09-11,0.0,0.0,0.0,0.0,0.0
2024-09-12,60950.116,47275.2,61644.0,47510.399999999994,53172.9
2024-09-13,60950.116,47275.2,61644.0,47510.399999999994,50517.00000000001
2024-09-14,0.0,0.0,0.0,0.0,0.0
2024-09-15,0.0,0.0,0.0,0.0,0.0
2024-09-16,0.0,0.0,0.0,0.0,0.0
2024-09-17,0.0,0.0,0.0,0.0,0.0
2024-09-18,0.0,0.0,0.0,0.0,0.0
2024-09-19,0.0,0.0,0.0,0.0,0.0
2024-09-20,0.0,0.0,0.0,0.0,0.0
2024-09-21,0.0,0.0,0.0,0.0,0.0
2024-09-22,0.0,0.0,0.0,0.0,0.0
2024-09-23,0.0,0.0,0.0,0.0,0.0
2024-09-24,60553.252,47275.2,61644.0,47510.399999999994,50517.00000000001
2024-09-25,0.0,0.0,0.0,0.0,0.0
2024-09-26,60029.796,47275.2,61644.0,47510.399999999994,50517.00000000001
2024-09-27,58502.00399999999,47275.2,61644.0,47510.399999999994,50517.00000000001
2024-09-28,0.0,0.0,0.0,0.0,0.0
2024-09-29,0.0,0.0,0.0,0.0,0.0
2024-09-30,58414.012,47275.2,61644.0,47510.399999999994,50517.00000000001
2024-10-01,0.0,0.0,0.0,0.0,0.0
2024-10-02,0.0,0.0,0.0,0.0,0.0
2024-10-03,0.0,0.0,0.0,0.0,0.0
2024-10-04,0.0,0.0,0.0,0.0,0.0
2024-10-05,0.0,0.0,0.0,0.0,0.0
2024-10-06,0.0,0.0,0.0,0.0,0.0
2024-10-07,0.0,0.0,0.0,0.0,0.0
2024-10-08,60629.816,47275.2,63512.00000000001,47510.399999999994,50517.00000000001
2024-10-09,61512.136,47275.2,63512.00000000001,47510.399999999994,50517.00000000001
2024-10-10,61378.547999999995,47275.2,63512.00000000001,47510.399999999994,50517.00000000001
2024-10-11,63140.952,47275.2,63512.00000000001,47510.399999999994,50517.00000000001
2024-10-12,0.0,0.0,0.0,0.0,0.0
2024-10-13,0.0,0.0,0.0,0.0,0.0
2024-10-14,0.0,0.0,0.0,0.0,0.0
2024-10-15,62243.348,47275.2,63512.00000000001,43982.9,50517.00000000001
2024-10-16,62243.348,47275.2,63512.00000000001,43982.9,47401.200000000004
2024-10-17,0.0,0.0,0.0,0.0,0.0
2024-10-18,0.0,0.0,0.0,0.0,0.0
2024-10-19,0.0,0.0,0.0,0.0,0.0
2024-10-20,0.0,0.0,0.0,0.0,0.0
2024-10-21,0.0,0.0,0.0,0.0,0.0
2024-10-22,0.0,0.0,0.0,0.0,0.0
2024-10-23,61173.028000000006,47275.2,63512.00000000001,43982.9,47401.200000000004
2024-10-24,0.0,0.0,0.0,0.0,0.0
2024-10-25,0.0,0.0,0.0,0.0,0.0
2024-10-26,0.0,0.0,0.0,0.0,0.0
2024-10-27,0.0,0.0,0.0,0.0,0.0
2024-10-28,0.0,0.0,0.0,0.0,0.0
2024-10-29,0.0,0.0,0.0,0.0,0.0
2024-10-30,61173.028000000006,47275.2,63512.00000000001,43982.9,43984.8
2024-10-31,0.0,0.0,0.0,0.0,0.0
2024-11-01,0.0,0.0,0.0,0.0,0.0
2024-11-02,0.0,0.0,0.0,0.0,0.0
2024-11-03,0.0,0.0,0.0,0.0,0.0
2024-11-04,0.0,0.0,0.0,0.0,0.0
2024-11-05,59971.848000000005,47275.2,63512.00000000001,43982.9,43984.8
2024-11-06,0.0,0.0,0.0,0.0,0.0
2024-11-07,59971.848000000005,47275.2,63512.00000000001,43982.9,47498.4
2024-11-08,0.0,0.0,0.0,0.0,0.0
2024-11-09,0.0,0.0,0.0,0.0,0.0
2024-11-10,0.0,0.0,0.0,0.0,0.0
2024-11-11,59971.848000000005,47275.2,63512.00000000001,40086.0,47498.4
2024-11-12,58567.428,47275.2,63512.00000000001,40086.0,47498.4
2024-11-13,0.0,0.0,0.0,0.0,0.0
2024-11-14,59875.087999999996,47275.2,63512.00000000001,40086.0,47498.4
2024-11-15,0.0,0.0,0.0,0.0,0.0
2024-11-16,0.0,0.0,0.0,0.0,0.0
2024-11-17,0.0,0.0,0.0,0.0,0.0
2024-11-18,61029.164,47275.2,63512.00000000001,40086.0,47498.4
2024-11-19,0.0,0.0,0.0,0.0,0.0
2024-11-20,0.0,0.0,0.0,0.0,0.0
2024-11-21,0.0,0.0,0.0,0.0,0.0
2024-11-22,0.0,0.0,0.0,0.0,0.0
2024-11-23,0.0,0.0,0.0,0.0,0.0
2024-11-24,0.0,0.0,0.0,0.0,0.0
2024-11-25,0.0,0.0,0.0,0.0,0.0
2024-11-26,0.0,0.0,0.0,0.0,0.0
2024-11-27,62004.075999999994,47275.2,63512.00000000001,40086.0,47498.4
2024-11-28,0.0,0.0,0.0,0.0,0.0
2024-11-29,60967.508,47275.2,63512.00000000001,40086.0,47498.4
2024-11-30,0.0,0.0,0.0,0.0,0.0
2024-12-01,0.0,0.0,0.0,0.0,0.0
2024-12-02,0.0,0.0,0.0,0.0,0.0
2024-12-03,0.0,0.0,0.0,0.0,0.0
2024-12-04,0.0,0.0,0.0,0.0,0.0
2024-12-05,60967.508,47275.2,63512.00000000001,35820.0,47498.4
2024-12-06,0.0,0.0,0.0,0.0,0.0
2024-12-07,0.0,0.0,0.0,0.0,0.0
2024-12-08,0.0,0.0,0.0,0.0,0.0
2024-12-09,0.0,0.0,0.0,0.0,0.0
2024-12-10,60629.816,47275.2,63512.00000000001,35820.0,47498.4
2024-12-11,0.0,0.0,0.0,0.0,0.0
2024-12-12,0.0,0.0,0.0,0.0,0.0
2024-12-13,0.0,0.0,0.0,0.0,0.0
2024-12-14,0.0,0.0,0.0,0.0,0.0
2024-12-15,0.0,0.0,0.0,0.0,0.0
2024-12-16,61789.587999999996,47275.2,63512.00000000001,35820.0,47498.4
2024-12-17,61789.587999999996,47275.2,63512.00000000001,31527.600000000002,47498.4
2024-12-18,0.0,0.0,0.0,0.0,0.0
2024-12-19,0.0,0.0,0.0,0.0,0.0
2024-12-20,61789.587999999996,47275.2,63512.00000000001,36180.0,47498.4
2024-12-21,0.0,0.0,0.0,0.0,0.0
2024-12-22,0.0,0.0,0.0,0.0,0.0
2024-12-23,0.0,0.0,0.0,0.0,0.0
2024-12-24,61789.587999999996,47275.2,63512.00000000001,31452.4,47498.4
2024-12-25,0.0,0.0,0.0,0.0,0.0
2024-12-26,0.0,0.0,0.0,0.0,0.0
2024-12-27,0.0,0.0,0.0,0.0,0.0
2024-12-28,0.0,0.0,0.0,0.0,0.0
2024-12-29,0.0,0.0,0.0,0.0,0.0
2024-12-30,0.0,0.0,0.0,0.0,0.0
2024-12-31,0.0,0.0,0.0,0.0,0.0
2025-01-01,0.0,0.0,0.0,0.0,0.0
2025-01-02,62732.768,47275.2,63512.00000000001,31452.4,47498.4
2025-01-03,63542.612,47275.2,63512.00000000001,31452.4,47498.4
2025-01-04,0.0,0.0,0.0,0.0,0.0
2025-01-05,0.0,0.0,0.0,0.0,0.0
2025-01-06,0.0,0.0,0.0,0.0,0.0
2025-01-07,0.0,0.0,0.0,0.0,0.0
2025-01-08,0.0,0.0,0.0,0.0,0.0
2025-01-09,0.0,0.0,0.0,0.0,0.0
2025-01-10,63542.612,47275.2,63512.00000000001,31452.4,43912.8
2025-01-11,0.0,0.0,0.0,0.0,0.0
2025-01-12,0.0,0.0,0.0,0.0,0.0
2025-01-13,63542.612,47275.2,63512.00000000001,36135.0,43912.8
2025-01-14,0.0,0.0,0.0,0.0,0.0
2025-01-15,0.0,0.0,0.0,0.0,0.0
2025-01-16,0.0,0.0,0.0,0.0,0.0
2025-01-17,0.0,0.0,0.0,0.0,0.0
2025-01-18,0.0,0.0,0.0,0.0,0.0
2025-01-19,0.0,0.0,0.0,0.0,0.0
2025-01-20,0.0,0.0,0.0,0.0,0.0
2025-01-21,0.0,0.0,0.0,0.0,0.0
2025-01-22,0.0,0.0,0.0,0.0,0.0
2025-01-23,0.0,0.0,0.0,0.0,0.0
2025-01-24,0.0,0.0,0.0,0.0,0.0
2025-01-25,0.0,0.0,0.0,0.0,0.0
2025-01-26,0.0,0.0,0.0,0.0,0.0
2025-01-27,0.0,0.0,0.0,0.0,0.0
2025-01-28,0.0,0.0,0.0,0.0,0.0
2025-01-29,0.0,0.0,0.0,0.0,0.0
2025-01-30,0.0,0.0,0.0,0.0,0.0
2025-01-31,0.0,0.0,0.0,0.0,0.0
2025-02-01,0.0,0.0,0.0,0.0,0.0
2025-02-02,0.0,0.0,0.0,0.0,0.0
2025-02-03,0.0,0.0,0.0,0.0,0.0
2025-02-04,0.0,0.0,0.0,0.0,0.0
2025-02-05,63542.612,47275.2,63512.00000000001,36135.0,40320.0
2025-02-06,0.0,0.0,0.0,0.0,0.0
2025-02-07,62634.884000000005,47275.2,63512.00000000001,36135.0,40320.0
2025-02-08,0.0,0.0,0.0,0.0,0.0
2025-02-09,0.0,0.0,0.0,0.0,0.0
2025-02-10,0.0,0.0,0.0,0.0,0.0
2025-02-11,0.0,0.0,0.0,0.0,0.0
2025-02-12,0.0,0.0,0.0,0.0,0.0
2025-02-13,62634.884000000005,47275.2,62826.0,36135.0,40320.0
2025-02-14,0.0,0.0,0.0,0.0,0.0
2025-02-15,0.0,0.0,0.0,0.0,0.0
2025-02-16,0.0,0.0,0.0,0.0,0.0
2025-02-17,62634.884000000005,47275.2,62826.0,36135.0,40320.0
2025-02-18,62634.884000000005,47275.2,61971.2,36135.0,40320.0
2025-02-19,0.0,0.0,0.0,0.0,0.0
2025-02-20,62634.884000000005,47275.2,62737.200000000004,36135.0,40320.0
2025-02-21,61553.240000000005,47275.2,62223.799999999996,36135.0,40320.0
2025-02-22,0.0,0.0,0.0,0.0,0.0
2025-02-23,0.0,0.0,0.0,0.0,0.0
2025-02-24,0.0,0.0,0.0,0.0,0.0
2025-02-25,0.0,0.0,0.0,0.0,0.0
2025-02-26,0.0,0.0,0.0,0.0,0.0
2025-02-27,0.0,0.0,0.0,0.0,0.0
2025-02-28,61553.240000000005,47275.2,62223.799999999996,40033.6,40320.0
2025-03-01,0.0,0.0,0.0,0.0,0.0
2025-03-02,0.0,0.0,0.0,0.0,0.0
2025-03-03,0.0,0.0,0.0,0.0,0.0
2025-03-04,61553.240000000005,47275.2,62692.799999999996,40033.6,40320.0
2025-03-05,61553.240000000005,47275.2,61887.0,40033.6,40320.0
2025-03-06,61553.240000000005,47275.2,61371.6,40033.6,40320.0
2025-03-07,61553.240000000005,47275.2,60150.0,40033.6,40320.0
2025-03-08,0.0,0.0,0.0,0.0,0.0
2025-03-09,0.0,0.0,0.0,0.0,0.0
2025-03-10,61553.240000000005,47275.2,61252.2,40033.6,40320.0
2025-03-11,61553.240000000005,47275.2,61252.2,42727.1,40320.0
2025-03-12,0.0,0.0,0.0,0.0,0.0
2025-03-13,61553.240000000005,47275.2,62181.700000000004,42727.1,40320.0
2025-03-14,61553.240000000005,47275.2,61172.6,42727.1,36115.2
2025-03-15,0.0,0.0,0.0,0.0,0.0
2025-03-16,0.0,0.0,0.0,0.0,0.0
2025-03-17,0.0,0.0,0.0,0.0,0.0
2025-03-18,0.0,0.0,0.0,0.0,0.0
2025-03-19,61553.240000000005,47275.2,59962.5,42727.1,36115.2
2025-03-20,61553.240000000005,47275.2,61053.200000000004,42727.1,36115.2
2025-03-21,0.0,0.0,0.0,0.0,0.0
2025-03-22,0.0,0.0,0.0,0.0,0.0
2025-03-23,0.0,0.0,0.0,0.0,0.0
2025-03-24,61553.240000000005,47275.2,61053.200000000004,38985.6,36115.2
2025-03-25,61553.240000000005,47275.2,61971.2,38985.6,36115.2
2025-03-26,0.0,0.0,0.0,0.0,0.0
2025-03-27,0.0,0.0,0.0,0.0,0.0
2025-03-28,0.0,0.0,0.0,0.0,0.0
2025-03-29,0.0,0.0,0.0,0.0,0.0
2025-03-30,0.0,0.0,0.0,0.0,0.0
2025-03-31,61553.240000000005,47275.2,61971.2,42697.2,31315.5
2025-04-01,0.0,0.0,0.0,0.0,0.0
2025-04-02,0.0,0.0,0.0,0.0,0.0
2025-04-03,61553.240000000005,47275.2,62737.200000000004,42697.2,31315.5
2025-04-04,0.0,0.0,0.0,0.0,0.0
2025-04-05,0.0,0.0,0.0,0.0,0.0
2025-04-06,0.0,0.0,0.0,0.0,0.0
2025-04-07,61832.688,47275.2,60616.6,42739.2,31315.5
2025-04-08,61832.688,47275.2,60616.6,39587.6,31315.5
2025-04-09,61488.407999999996,47275.2,60616.6,42672.0,31315.5
2025-04-10,60742.46,47275.2,60616.6,42757.0,31315.5
2025-04-11,60742.46,47275.2,60616.6,46099.200000000004,26366.399999999998
2025-04-12,0.0,0.0,0.0,0.0,0.0
2025-04-13,0.0,0.0,0.0,0.0,0.0
2025-04-14,60742.46,47275.2,60616.6,42876.6,26366.399999999998
2025-04-15,0.0,0.0,0.0,0.0,0.0
2025-04-16,0.0,0.0,0.0,0.0,0.0
2025-04-17,60742.46,47275.2,60616.6,42876.6,20655.0
2025-04-18,0.0,0.0,0.0,0.0,0.0
2025-04-19,0.0,0.0,0.0,0.0,0.0
2025-04-20,0.0,0.0,0.0,0.0,0.0
2025-04-21,60742.46,47275.2,60616.6,46132.8,20655.0
2025-04-22,60742.46,47275.2,60616.6,46132.8,14322.6
2025-04-23,60742.46,47275.2,60616.6,46132.8,20619.899999999998
2025-04-24,0.0,0.0,0.0,0.0,0.0
2025-04-25,60742.46,47275.2,59940.00000000001,42996.2,20619.899999999998
2025-04-26,0.0,0.0,0.0,0.0,0.0
2025-04-27,0.0,0.0,0.0,0.0,0.0
2025-04-28,0.0,0.0,0.0,0.0,0.0
2025-04-29,0.0,0.0,0.0,0.0,0.0
2025-04-30,0.0,0.0,0.0,0.0,0.0
2025-05-01,0.0,0.0,0.0,0.0,0.0
2025-05-02,0.0,0.0,0.0,0.0,0.0
2025-05-03,0.0,0.0,0.0,0.0,0.0
2025-05-04,0.0,0.0,0.0,0.0,0.0
2025-05-05,0.0,0.0,0.0,0.0,0.0
2025-05-06,60742.46,47275.2,59150.5,42996.2,20619.899999999998
2025-05-07,59775.492,47275.2,59150.5,42996.2,20619.899999999998
2025-05-08,0.0,0.0,0.0,0.0,0.0
2025-05-09,0.0,0.0,0.0,0.0,0.0
2025-05-10,0.0,0.0,0.0,0.0,0.0
2025-05-11,0.0,0.0,0.0,0.0,0.0
2025-05-12,59775.492,47275.2,59150.5,39666.8,20619.899999999998
2025-05-13,59775.492,47275.2,59150.5,39666.8,26211.6
2025-05-14,0.0,0.0,0.0,0.0,0.0
2025-05-15,0.0,0.0,0.0,0.0,0.0
2025-05-16,0.0,0.0,0.0,0.0,0.0
2025-05-17,0.0,0.0,0.0,0.0,0.0
2025-05-18,0.0,0.0,0.0,0.0,0.0
2025-05-19,0.0,0.0,0.0,0.0,0.0
2025-05-20,0.0,0.0,0.0,0.0,0.0
2025-05-21,0.0,0.0,0.0,0.0,0.0
2025-05-22,0.0,0.0,0.0,0.0,0.0
2025-05-23,0.0,0.0,0.0,0.0,0.0
2025-05-24,0.0,0.0,0.0,0.0,0.0
2025-05-25,0.0,0.0,0.0,0.0,0.0
2025-05-26,0.0,0.0,0.0,0.0,0.0
2025-05-27,0.0,0.0,0.0,0.0,0.0
2025-05-28,0.0,0.0,0.0,0.0,0.0
2025-05-29,59775.492,47275.2,59150.5,35752.5,26211.6
2025-05-30,0.0,0.0,0.0,0.0,0.0
2025-05-31,0.0,0.0,0.0,0.0,0.0
2025-06-01,0.0,0.0,0.0,0.0,0.0
2025-06-02,0.0,0.0,0.0,0.0,0.0
2025-06-03,0.0,0.0,0.0,0.0,0.0
2025-06-04,0.0,0.0,0.0,0.0,0.0
2025-06-05,0.0,0.0,0.0,0.0,0.0
2025-06-06,0.0,0.0,0.0,0.0,0.0
2025-06-07,0.0,0.0,0.0,0.0,0.0
2025-06-08,0.0,0.0,0.0,0.0,0.0
2025-06-09,0.0,0.0,0.0,0.0,0.0
2025-06-10,0.0,0.0,0.0,0.0,0.0
2025-06-11,0.0,0.0,0.0,0.0,0.0
2025-06-12,0.0,0.0,0.0,0.0,0.0
2025-06-13,59775.492,47275.2,59150.5,35752.5,20571.3
2025-06-14,0.0,0.0,0.0,0.0,0.0
2025-06-15,0.0,0.0,0.0,0.0,0.0
2025-06-16,0.0,0.0,0.0,0.0,0.0
2025-06-17,0.0,0.0,0.0,0.0,0.0
2025-06-18,0.0,0.0,0.0,0.0,0.0
2025-06-19,59775.492,47275.2,59851.200000000004,35752.5,20571.3
2025-06-20,0.0,0.0,0.0,0.0,0.0
2025-06-21,0.0,0.0,0.0,0.0,0.0
2025-06-22,0.0,0.0,0.0,0.0,0.0
2025-06-23,0.0,0.0,0.0,0.0,0.0
2025-06-24,0.0,0.0,0.0,0.0,0.0
2025-06-25,59775.492,47275.2,59024.2,35752.5,20571.3
2025-06-26,0.0,0.0,0.0,0.0,0.0
2025-06-27,59775.492,47275.2,59024.2,35752.5,26326.8
2025-06-28,0.0,0.0,0.0,0.0,0.0
2025-06-29,0.0,0.0,0.0,0.0,0.0
2025-06-30,0.0,0.0,0.0,0.0,0.0
2025-07-01,0.0,0.0,0.0,0.0,0.0
2025-07-02,0.0,0.0,0.0,0.0,0.0
2025-07-03,0.0,0.0,0.0,0.0,0.0
2025-07-04,59775.492,47275.2,59718.0,35752.5,26326.8
2025-07-05,0.0,0.0,0.0,0.0,0.0
2025-07-06,0.0,0.0,0.0,0.0,0.0
2025-07-07,0.0,0.0,0.0,0.0,0.0
2025-07-08,0.0,0.0,0.0,0.0,0.0
2025-07-09,0.0,0.0,0.0,0.0,0.0
2025-07-10,58539.799999999996,47275.2,59718.0,35752.5,26326.8
2025-07-11,0.0,0.0,0.0,0.0,0.0
2025-07-12,0.0,0.0,0.0,0.0,0.0
2025-07-13,0.0,0.0,0.0,0.0,0.0
2025-07-14,0.0,0.0,0.0,0.0,0.0
2025-07-15,0.0,0.0,0.0,0.0,0.0
2025-07-16,58539.799999999996,47275.2,59445.2,35752.5,26326.8
2025-07-17,0.0,0.0,0.0,0.0,0.0
2025-07-18,58539.799999999996,47275.2,59445.2,31170.399999999998,26326.8
2025-07-19,0.0,0.0,0.0,0.0,0.0
2025-07-20,0.0,0.0,0.0,0.0,0.0
2025-07-21,0.0,0.0,0.0,0.0,0.0
2025-07-22,57106.191999999995,47275.2,59445.2,31170.399999999998,26326.8
2025-07-23,57106.191999999995,47275.2,58625.4,31170.399999999998,26326.8
2025-07-24,0.0,0.0,0.0,0.0,0.0
2025-07-25,0.0,0.0,0.0,0.0,0.0
2025-07-26,0.0,0.0,0.0,0.0,0.0
2025-07-27,0.0,0.0,0.0,0.0,0.0
2025-07-28,0.0,0.0,0.0,0.0,0.0
2025-07-29,0.0,0.0,0.0,0.0,0.0
2025-07-30,0.0,0.0,0.0,0.0,0.0
2025-07-31,0.0,0.0,0.0,0.0,0.0
2025-08-01,0.0,0.0,0.0,0.0,0.0
2025-08-02,0.0,0.0,0.0,0.0,0.0
2025-08-03,0.0,0.0,0.0,0.0,0.0
2025-08-04,57106.191999999995,47275.2,59529.399999999994,31170.399999999998,26326.8
2025-08-05,0.0,0.0,0.0,0.0,0.0
2025-08-06,0.0,0.0,0.0,0.0,0.0
2025-08-07,0.0,0.0,0.0,0.0,0.0
2025-08-08,0.0,0.0,0.0,0.0,0.0
2025-08-09,0.0,0.0,0.0,0.0,0.0
2025-08-10,0.0,0.0,0.0,0.0,0.0
2025-08-11,0.0,0.0,0.0,0.0,0.0
2025-08-12,0.0,0.0,0.0,0.0,0.0
2025-08-13,55483.896,47275.2,58545.8,31170.399999999998,26326.8
2025-08-14,0.0,0.0,0.0,0.0,0.0
2025-08-15,0.0,0.0,0.0,0.0,0.0
2025-08-16,0.0,0.0,0.0,0.0,0.0
2025-08-17,0.0,0.0,0.0,0.0,0.0
2025-08-18,0.0,0.0,0.0,0.0,0.0
2025-08-19,0.0,0.0,0.0,0.0,0.0
2025-08-20,53619.808,47275.2,58545.8,31170.399999999998,26326.8
2025-08-21,0.0,0.0,0.0,0.0,0.0
2025-08-22,0.0,0.0,0.0,0.0,0.0
2025-08-23,0.0,0.0,0.0,0.0,0.0
2025-08-24,0.0,0.0,0.0,0.0,0.0
2025-08-25,53619.808,47275.2,57375.0,31170.399999999998,26326.8
2025-08-26,51535.908,47275.2,57375.0,31170.399999999998,26326.8
2025-08-27,0.0,0.0,0.0,0.0,0.0
2025-08-28,0.0,0.0,0.0,0.0,0.0
2025-08-29,0.0,0.0,0.0,0.0,0.0
2025-08-30,0.0,0.0,0.0,0.0,0.0
2025-08-31,0.0,0.0,0.0,0.0,0.0
2025-09-01,51535.908,47275.2,57375.0,31170.399999999998,20538.9
2025-09-02,0.0,0.0,0.0,0.0,0.0
2025-09-03,0.0,0.0,0.0,0.0,0.0
2025-09-04,53501.668,47275.2,57375.0,31170.399999999998,20538.9
2025-09-05,0.0,0.0,0.0,0.0,0.0
2025-09-06,0.0,0.0,0.0,0.0,0.0
2025-09-07,0.0,0.0,0.0,0.0,0.0
2025-09-08,51412.216,47275.2,57375.0,31170.399999999998,20538.9
2025-09-09,51412.216,47275.2,56038.4,31170.399999999998,14283.0
2025-09-10,0.0,0.0,0.0,0.0,0.0
2025-09-11,0.0,0.0,0.0,0.0,0.0
2025-09-12,51412.216,47275.2,54646.9,31170.399999999998,14283.0
2025-09-13,0.0,0.0,0.0,0.0,0.0
2025-09-14,0.0,0.0,0.0,0.0,0.0
2025-09-15,51412.216,47275.2,54646.9,26047.5,14283.0
2025-09-16,0.0,0.0,0.0,0.0,0.0
2025-09-17,49068.6,47275.2,54646.9,26047.5,14283.0
2025-09-18,49068.6,47275.2,52876.8,26047.5,14283.0
2025-09-19,0.0,0.0,0.0,0.0,0.0
2025-09-20,0.0,0.0,0.0,0.0,0.0
2025-09-21,0.0,0.0,0.0,0.0,0.0
2025-09-22,0.0,0.0,0.0,0.0,0.0
2025-09-23,49068.6,47275.2,54515.3,20463.0,14283.0
2025-09-24,0.0,0.0,0.0,0.0,0.0
2025-09-25,49068.6,47275.2,52999.2,20463.0,14283.0
2025-09-26,0.0,0.0,0.0,0.0,0.0
2025-09-27,0.0,0.0,0.0,0.0,0.0
2025-09-28,0.0,0.0,0.0,0.0,0.0
2025-09-29,49068.6,47275.2,52999.2,20463.0,49518.0
2025-09-30,0.0,0.0,0.0,0.0,0.0
2025-10-01,0.0,0.0,0.0,0.0,0.0
2025-10-02,0.0,0.0,0.0,0.0,0.0
2025-10-03,0.0,0.0,0.0,0.0,0.0
2025-10-04,0.0,0.0,0.0,0.0,0.0
2025-10-05,0.0,0.0,0.0,0.0,0.0
2025-10-06,0.0,0.0,0.0,0.0,0.0
2025-10-07,0.0,0.0,0.0,0.0,0.0
2025-10-08,0.0,0.0,0.0,0.0,0.0
2025-10-09,46444.944,47275.2,52999.2,20463.0,47147.4
2025-10-10,0.0,0.0,0.0,0.0,0.0
2025-10-11,0.0,0.0,0.0,0.0,0.0
2025-10-12,0.0,0.0,0.0,0.0,0.0
2025-10-13,48768.18,47275.2,53396.7,20463.0,47147.4
2025-10-14,48768.18,47275.2,53396.7,20463.0,43608.00000000001
2025-10-15,0.0,0.0,0.0,0.0,0.0
2025-10-16,0.0,0.0,0.0,0.0,0.0
2025-10-17,48768.18,47275.2,53396.7,20463.0,39837.0
2025-10-18,0.0,0.0,0.0,0.0,0.0
2025-10-19,0.0,0.0,0.0,0.0,0.0
2025-10-20,0.0,0.0,0.0,0.0,0.0
2025-10-21,48768.18,47275.2,53396.7,14522.199999999999,39837.0
2025-10-22,48768.18,47275.2,53396.7,14522.199999999999,43123.2
2025-10-23,0.0,0.0,0.0,0.0,0.0
2025-10-24,0.0,0.0,0.0,0.0,0.0
2025-10-25,0.0,0.0,0.0,0.0,0.0
2025-10-26,0.0,0.0,0.0,0.0,0.0
2025-10-27,48768.18,47275.2,51652.799999999996,14522.199999999999,43123.2
2025-10-28,48768.18,47275.2,51652.799999999996,49992.8,46569.600000000006
2025-10-29,0.0,0.0,0.0,0.0,0.0
2025-10-30,0.0,0.0,0.0,0.0,0.0
2025-10-31,0.0,0.0,0.0,0.0,0.0
2025-11-01,0.0,0.0,0.0,0.0,0.0
2025-11-02,0.0,0.0,0.0,0.0,0.0
2025-11-03,48768.18,47275.2,53298.0,49992.8,46569.600000000006
2025-11-04,0.0,0.0,0.0,0.0,0.0
2025-11-05,48768.18,47275.2,53298.0,52486.399999999994,46569.600000000006
2025-11-06,0.0,0.0,0.0,0.0,0.0
2025-11-07,0.0,0.0,0.0,0.0,0.0
2025-11-08,0.0,0.0,0.0,0.0,0.0
2025-11-09,0.0,0.0,0.0,0.0,0.0
2025-11-10,0.0,0.0,0.0,0.0,0.0
2025-11-11,48768.18,47275.2,53298.0,49942.2,43766.4
2025-11-12,0.0,0.0,0.0,0.0,0.0
2025-11-13,0.0,0.0,0.0,0.0,0.0
2025-11-14,0.0,0.0,0.0,0.0,0.0
2025-11-15,0.0,0.0,0.0,0.0,0.0
2025-11-16,0.0,0.0,0.0,0.0,0.0
2025-11-17,48768.18,47275.2,53298.0,52597.6,43766.4
2025-11-18,0.0,0.0,0.0,0.0,0.0
2025-11-19,48768.18,47275.2,54736.0,52597.6,43766.4
2025-11-20,0.0,0.0,0.0,0.0,0.0
2025-11-21,51019.312,47275.2,54736.0,52597.6,43766.4
2025-11-22,0.0,0.0,0.0,0.0,0.0
2025-11-23,0.0,0.0,0.0,0.0,0.0
2025-11-24,0.0,0.0,0.0,0.0,0.0
2025-11-25,0.0,0.0,0.0,0.0,0.0
2025-11-26,0.0,0.0,0.0,0.0,0.0
2025-11-27,0.0,0.0,0.0,0.0,0.0
2025-11-28,0.0,0.0,0.0,0.0,0.0
2025-11-29,0.0,0.0,0.0,0.0,0.0
2025-11-30,0.0,0.0,0.0,0.0,0.0
2025-12-01,0.0,0.0,0.0,0.0,0.0
2025-12-02,0.0,0.0,0.0,0.0,0.0
2025-12-03,0.0,0.0,0.0,0.0,0.0
2025-12-04,51019.312,47275.2,54736.0,49841.0,43766.4
2025-12-05,0.0,0.0,0.0,0.0,0.0
2025-12-06,0.0,0.0,0.0,0.0,0.0
2025-12-07,0.0,0.0,0.0,0.0,0.0
2025-12-08,48701.42,47275.2,54736.0,49841.0,43766.4
2025-12-09,0.0,0.0,0.0,0.0,0.0
2025-12-10,0.0,0.0,0.0,0.0,0.0
2025-12-11,0.0,0.0,0.0,0.0,0.0
2025-12-12,0.0,0.0,0.0,0.0,0.0
2025-12-13,0.0,0.0,0.0,0.0,0.0
2025-12-14,0.0,0.0,0.0,0.0,0.0
2025-12-15,48701.42,47275.2,54736.0,52569.8,43766.4
2025-12-16,48701.42,47275.2,55950.0,52569.8,43766.4
2025-12-17,0.0,0.0,0.0,0.0,0.0
2025-12-18,0.0,0.0,0.0,0.0,0.0
2025-12-19,0.0,0.0,0.0,0.0,0.0
2025-12-20,0.0,0.0,0.0,0.0,0.0
2025-12-21,0.0,0.0,0.0,0.0,0.0
2025-12-22,48701.42,47275.2,55950.0,52569.8,39841.200000000004
2025-12-23,0.0,0.0,0.0,0.0,0.0
2025-12-24,0.0,0.0,0.0,0.0,0.0
2025-12-25,0.0,0.0,0.0,0.0,0.0
2025-12-26,46116.84,47275.2,55950.0,52569.8,39841.200000000004
2025-12-27,0.0,0.0,0.0,0.0,0.0
2025-12-28,0.0,0.0,0.0,0.0,0.0
2025-12-29,0.0,0.0,0.0,0.0,0.0
2025-12-30,0.0,0.0,0.0,0.0,0.0
2025-12-31,0.0,0.0,0.0,0.0,0.0
2026-01-01,0.0,0.0,0.0,0.0,0.0
2026-01-02,0.0,0.0,0.0,0.0,0.0
2026-01-03,0.0,0.0,0.0,0.0,0.0
2026-01-04,0.0,0.0,0.0,0.0,0.0
2026-01-05,0.0,0.0,0.0,0.0,0.0
2026-01-06,43249.448,47275.2,55950.0,52569.8,39841.200000000004
2026-01-07,0.0,0.0,0.0,0.0,0.0
2026-01-08,0.0,0.0,0.0,0.0,0.0
2026-01-09,40066.092000000004,47275.2,55950.0,52569.8,39841.200000000004
2026-01-10,0.0,0.0,0.0,0.0,0.0
2026-01-11,0.0,0.0,0.0,0.0,0.0
2026-01-12,0.0,0.0,0.0,0.0,0.0
2026-01-13,40066.092000000004,47275.2,55651.2,52569.8,39841.200000000004
2026-01-14,40066.092000000004,47275.2,55651.2,52569.8,35542.799999999996
2026-01-15,0.0,0.0,0.0,0.0,0.0
2026-01-16,0.0,0.0,0.0,0.0,0.0
2026-01-17,0.0,0.0,0.0,0.0,0.0
2026-01-18,0.0,0.0,0.0,0.0,0.0
2026-01-19,40066.092000000004,47275.2,56737.49999999999,52569.8,35542.799999999996
2026-01-20,0.0,0.0,0.0,0.0,0.0
2026-01-21,40066.092000000004,47275.2,56737.49999999999,52569.8,31104.0
2026-01-22,0.0,0.0,0.0,0.0,0.0
2026-01-23,36542.695999999996,47275.2,56737.49999999999,52569.8,31104.0
2026-01-24,0.0,0.0,0.0,0.0,0.0
2026-01-25,0.0,0.0,0.0,0.0,0.0
2026-01-26,36542.695999999996,47275.2,56737.49999999999,52569.8,26143.2
2026-01-27,0.0,0.0,0.0,0.0,0.0
2026-01-28,0.0,0.0,0.0,0.0,0.0
2026-01-29,36542.695999999996,47275.2,56737.49999999999,52569.8,21438.0
2026-01-30,36542.695999999996,47275.2,56737.49999999999,52569.8,32762.999999999996
2026-01-31,0.0,0.0,0.0,0.0,0.0
2026-02-01,0.0,0.0,0.0,0.0,0.0
2026-02-02,39978.324,47275.2,56737.49999999999,52569.8,35704.799999999996
2026-02-03,39978.324,47275.2,57749.8,52569.8,31086.0
2026-02-04,39978.324,47275.2,57749.8,52569.8,25903.199999999997
2026-02-05,39978.324,47275.2,57749.8,52569.8,31022.999999999996
2026-02-06,39978.324,47275.2,57749.8,54812.7,31022.999999999996
2026-02-07,0.0,0.0,0.0,0.0,0.0
2026-02-08,0.0,0.0,0.0,0.0,0.0
2026-02-09,0.0,0.0,0.0,0.0,0.0
2026-02-10,0.0,0.0,0.0,0.0,0.0
2026-02-11,0.0,0.0,0.0,0.0,0.0
2026-02-12,39978.324,47275.2,58603.2,54812.7,25819.199999999997
2026-02-13,0.0,0.0,0.0,0.0,0.0
2026-02-14,0.0,0.0,0.0,0.0,0.0
2026-02-15,0.0,0.0,0.0,0.0,0.0
2026-02-16,0.0,0.0,0.0,0.0,0.0
2026-02-17,0.0,0.0,0.0,0.0,0.0
2026-02-18,0.0,0.0,0.0,0.0,0.0
2026-02-19,0.0,0.0,0.0,0.0,0.0
2026-02-20,0.0,0.0,0.0,0.0,0.0
2026-02-21,0.0,0.0,0.0,0.0,0.0
2026-02-22,0.0,0.0,0.0,0.0,0.0
2026-02-23,0.0,0.0,0.0,0.0,0.0
2026-02-24,36474.28,47275.2,58603.2,54812.7,25819.199999999997
2026-02-25,36474.28,47275.2,59318.4,54812.7,25819.199999999997
2026-02-26,0.0,0.0,0.0,0.0,0.0
2026-02-27,0.0,0.0,0.0,0.0,0.0
2026-02-28,0.0,0.0,0.0,0.0,0.0
2026-03-01,0.0,0.0,0.0,0.0,0.0
2026-03-02,36474.28,47275.2,59869.4,54812.7,20392.2
2026-03-03,0.0,0.0,0.0,0.0,0.0
2026-03-04,0.0,0.0,0.0,0.0,0.0
2026-03-05,0.0,0.0,0.0,0.0,0.0
2026-03-06,36474.28,47275.2,59869.4,54812.7,26004.000000000004
2026-03-07,0.0,0.0,0.0,0.0,0.0
2026-03-08,0.0,0.0,0.0,0.0,0.0
2026-03-09,39875.92800000001,47275.2,59869.4,54812.7,26004.000000000004
2026-03-10,0.0,0.0,0.0,0.0,0.0
2026-03-11,36388.76,47275.2,59869.4,54812.7,26004.000000000004
2026-03-12,0.0,0.0,0.0,0.0,0.0
2026-03-13,0.0,0.0,0.0,0.0,0.0
2026-03-14,0.0,0.0,0.0,0.0,0.0
2026-03-15,0.0,0.0,0.0,0.0,0.0
2026-03-16,39812.53999999999,47275.2,59869.4,54812.7,26004.000000000004
2026-03-17,0.0,0.0,0.0,0.0,0.0
2026-03-18,0.0,0.0,0.0,0.0,0.0
2026-03-19,39812.53999999999,47275.2,59869.4,54812.7,30876.0
2026-03-20,42909.936,47275.2,59869.4,54812.7,30876.0
2026-03-21,0.0,0.0,0.0,0.0,0.0
2026-03-22,0.0,0.0,0.0,0.0,0.0
2026-03-23,45703.672,47275.2,59869.4,56514.4,38106.6
2026-03-24,0.0,0.0,0.0,0.0,0.0
2026-03-25,42838.748,47275.2,59869.4,56514.4,34923.6
2026-03-26,0.0,0.0,0.0,0.0,0.0
2026-03-27,0.0,0.0,0.0,0.0,0.0
2026-03-28,0.0,0.0,0.0,0.0,0.0
2026-03-29,0.0,0.0,0.0,0.0,0.0
2026-03-30,0.0,0.0,0.0,0.0,0.0
2026-03-31,0.0,0.0,0.0,0.0,0.0
2026-04-01,0.0,0.0,0.0,0.0,0.0
2026-04-02,0.0,0.0,0.0,0.0,0.0
2026-04-03,0.0,0.0,0.0,0.0,0.0
2026-04-04,0.0,0.0,0.0,0.0,0.0
2026-04-05,0.0,0.0,0.0,0.0,0.0
2026-04-06,0.0,0.0,0.0,0.0,0.0
2026-04-07,0.0,0.0,0.0,0.0,0.0
2026-04-08,42838.748,47275.2,59869.4,54297.6,30297.0
2026-04-09,0.0,0.0,0.0,0.0,0.0
2026-04-10,39671.136,47275.2,59869.4,54297.6,30297.0
2026-04-11,0.0,0.0,0.0,0.0,0.0
2026-04-12,0.0,0.0,0.0,0.0,0.0
2026-04-13,0.0,0.0,0.0,0.0,0.0
2026-04-14,0.0,0.0,0.0,0.0,0.0
2026-04-15,39671.136,47275.2,59869.4,51819.200000000004,30297.0
2026-04-16,0.0,0.0,0.0,0.0,0.0
2026-04-17,0.0,0.0,0.0,0.0,0.0
2026-04-18,0.0,0.0,0.0,0.0,0.0
2026-04-19,0.0,0.0,0.0,0.0,0.0
2026-04-20,0.0,0.0,0.0,0.0,0.0
2026-04-21,0.0,0.0,0.0,0.0,0.0
2026-04-22,0.0,0.0,0.0,0.0,0.0
2026-04-23,36196.34,47275.2,59869.4,51819.200000000004,30297.0
2026-04-24,0.0,0.0,0.0,0.0,0.0
2026-04-25,0.0,0.0,0.0,0.0,0.0
2026-04-26,0.0,0.0,0.0,0.0,0.0
2026-04-27,36196.34,47275.2,59869.4,49056.700000000004,30297.0
2026-04-28,0.0,0.0,0.0,0.0,0.0
2026-04-29,36196.34,47275.2,59869.4,49056.700000000004,34700.399999999994
2026-04-30,0.0,0.0,0.0,0.0,0.0
2026-05-01,0.0,0.0,0.0,0.0,0.0
2026-05-02,0.0,0.0,0.0,0.0,0.0
2026-05-03,0.0,0.0,0.0,0.0,0.0
2026-05-04,0.0,0.0,0.0,0.0,0.0
2026-05-05,0.0,0.0,0.0,0.0,0.0
2026-05-06,36196.34,47275.2,59869.4,46033.200000000004,34700.399999999994
2026-05-07,0.0,0.0,0.0,0.0,0.0
2026-05-08,0.0,0.0,0.0,0.0,0.0
2026-05-09,0.0,0.0,0.0,0.0,0.0
2026-05-10,0.0,0.0,0.0,0.0,0.0
2026-05-11,32495.84,47275.2,59869.4,42711.200000000004,34700.399999999994
