timestamp,510500.XSHG,512010.XSHG,513050.XSHG,513100.XSHG,518880.XSHG
2019-01-02,49873.600000000006,53690.0,53767.200000000004,49794.6,49737.6
2019-01-03,49873.600000000006,60388.0,53767.200000000004,49794.6,49737.6
2019-01-04,49873.600000000006,56924.99999999999,53663.0,53314.0,49737.6
2019-01-05,0.0,0.0,0.0,0.0,0.0
2019-01-06,0.0,0.0,0.0,0.0,0.0
2019-01-07,45944.9,56924.99999999999,50481.0,51148.799999999996,49737.6
2019-01-08,45944.9,53318.299999999996,50481.0,51148.799999999996,49737.6
2019-01-09,41769.0,49519.2,46414.9,47020.0,49737.6
2019-01-10,41769.0,49481.600000000006,42332.00000000001,47020.0,49737.6
2019-01-11,41769.0,53235.7,42332.00000000001,47020.0,49737.6
2019-01-12,0.0,0.0,0.0,0.0,0.0
2019-01-13,0.0,0.0,0.0,0.0,0.0
2019-01-14,41769.0,53235.7,46585.7,51126.6,49737.6
2019-01-15,0.0,0.0,0.0,0.0,0.0
2019-01-16,41769.0,49444.0,46585.7,47000.0,49737.6
2019-01-17,41769.0,49444.0,42332.00000000001,47000.0,49737.6
2019-01-18,41769.0,45595.5,42332.00000000001,47000.0,49737.6
2019-01-19,0.0,0.0,0.0,0.0,0.0
2019-01-20,0.0,0.0,0.0,0.0,0.0
2019-01-21,41769.0,41434.4,37928.7,47000.0,49737.6
2019-01-22,41769.0,45527.7,37928.7,47000.0,49737.6
2019-01-23,41769.0,45527.7,42408.00000000001,47000.0,49737.6
2019-01-24,0.0,0.0,0.0,0.0,0.0
2019-01-25,41769.0,45527.7,37928.7,47000.0,49737.6
2019-01-26,0.0,0.0,0.0,0.0,0.0
2019-01-27,0.0,0.0,0.0,0.0,0.0
2019-01-28,41769.0,45527.7,33261.8,47000.0,49737.6
2019-01-29,45934.8,45527.7,33261.8,47000.0,49737.6
2019-01-30,0.0,0.0,0.0,0.0,0.0
2019-01-31,49918.4,45527.7,33261.8,47000.0,49737.6
2019-02-01,45924.7,41374.0,28369.300000000003,42844.6,49737.6
2019-02-02,0.0,0.0,0.0,0.0,0.0
2019-02-03,0.0,0.0,0.0,0.0,0.0
2019-02-04,0.0,0.0,0.0,0.0,0.0
2019-02-05,0.0,0.0,0.0,0.0,0.0
2019-02-06,0.0,0.0,0.0,0.0,0.0
2019-02-07,0.0,0.0,0.0,0.0,0.0
2019-02-08,0.0,0.0,0.0,0.0,0.0
2019-02-09,0.0,0.0,0.0,0.0,0.0
2019-02-10,0.0,0.0,0.0,0.0,0.0
2019-02-11,41751.0,37047.0,28369.300000000003,42844.6,49737.6
2019-02-12,37390.7,32512.8,23251.2,38313.6,49737.6
2019-02-13,32837.2,27790.5,23251.2,38313.6,49737.6
2019-02-14,0.0,0.0,0.0,0.0,0.0
2019-02-15,0.0,0.0,0.0,0.0,0.0
2019-02-16,0.0,0.0,0.0,0.0,0.0
2019-02-17,0.0,0.0,0.0,0.0,0.0
2019-02-18,28078.2,22869.0,23251.2,38313.6,49737.6
2019-02-19,23138.0,22869.0,23251.2,38313.6,45839.7
2019-02-20,23138.0,27790.5,23251.2,38313.6,45839.7
2019-02-21,0.0,0.0,0.0,0.0,0.0
2019-02-22,17962.0,27790.5,23251.2,38313.6,45839.7
2019-02-23,0.0,0.0,0.0,0.0,0.0
2019-02-24,0.0,0.0,0.0,0.0,0.0
2019-02-25,45880.799999999996,17748.899999999998,17922.0,38313.6,45839.7
2019-02-26,45880.799999999996,53646.200000000004,17922.0,38313.6,45839.7
2019-02-27,49689.9,53646.200000000004,17922.0,38313.6,45839.7
2019-02-28,0.0,0.0,0.0,0.0,0.0
2019-03-01,49689.9,50022.799999999996,17922.0,38313.6,49720.0
2019-03-02,0.0,0.0,0.0,0.0,0.0
2019-03-03,0.0,0.0,0.0,0.0,0.0
2019-03-04,45872.4,49991.200000000004,17922.0,33580.399999999994,49720.0
2019-03-05,41805.0,49991.200000000004,12357.8,33580.399999999994,49720.0
2019-03-06,37547.4,49991.200000000004,49935.6,33580.399999999994,49720.0
2019-03-07,33122.7,49991.200000000004,49935.6,33580.399999999994,49720.0
2019-03-08,37303.200000000004,49738.4,52653.6,38298.0,49720.0
2019-03-09,0.0,0.0,0.0,0.0,0.0
2019-03-10,0.0,0.0,0.0,0.0,0.0
2019-03-11,32883.3,49738.4,52653.6,38298.0,49720.0
2019-03-12,28286.399999999998,45885.0,49237.2,33593.8,49720.0
2019-03-13,32889.0,45885.0,52951.8,33593.8,49720.0
2019-03-14,37309.799999999996,45885.0,52951.8,33593.8,49720.0
2019-03-15,32894.7,45885.0,52951.8,33593.8,49720.0
2019-03-16,0.0,0.0,0.0,0.0,0.0
2019-03-17,0.0,0.0,0.0,0.0,0.0
2019-03-18,28257.6,37397.1,49198.4,28649.6,49720.0
2019-03-19,0.0,0.0,0.0,0.0,0.0
2019-03-20,28257.6,41732.2,49198.4,28649.6,49720.0
2019-03-21,23427.3,41732.2,49198.4,28649.6,49720.0
2019-03-22,23419.5,41732.2,49198.4,23508.0,49720.0
2019-03-23,0.0,0.0,0.0,0.0,0.0
2019-03-24,0.0,0.0,0.0,0.0,0.0
2019-03-25,23419.5,41732.2,52057.2,28492.8,49720.0
2019-03-26,32860.5,45885.0,52057.2,28492.8,49720.0
2019-03-27,32860.5,41732.2,52057.2,28492.8,49720.0
2019-03-28,32860.5,37374.799999999996,52057.2,28492.8,49720.0
2019-03-29,28233.6,32832.0,48383.600000000006,28492.8,49720.0
2019-03-30,0.0,0.0,0.0,0.0,0.0
2019-03-31,0.0,0.0,0.0,0.0,0.0
2019-04-01,18411.0,28094.5,44520.0,23355.0,49720.0
2019-04-02,0.0,0.0,0.0,0.0,0.0
2019-04-03,13146.0,28094.5,40497.6,23355.0,49720.0
2019-04-04,13146.0,28094.5,40497.6,17999.6,49720.0
2019-04-05,0.0,0.0,0.0,0.0,0.0
2019-04-06,0.0,0.0,0.0,0.0,0.0
2019-04-07,0.0,0.0,0.0,0.0,0.0
2019-04-08,13146.0,32832.0,36277.6,17999.6,49720.0
2019-04-09,13146.0,28094.5,36277.6,17999.6,49720.0
2019-04-10,13146.0,23140.0,36277.6,17999.6,49720.0
2019-04-11,18402.0,28078.4,36277.6,17999.6,49720.0
2019-04-12,18402.0,32812.8,36277.6,17999.6,49720.0
2019-04-13,0.0,0.0,0.0,0.0,0.0
2019-04-14,0.0,0.0,0.0,0.0,0.0
2019-04-15,18402.0,32793.6,36277.6,17999.6,49720.0
2019-04-16,18381.0,32793.6,36277.6,17999.6,49720.0
2019-04-17,18381.0,32793.6,36277.6,17999.6,53422.399999999994
2019-04-18,0.0,0.0,0.0,0.0,0.0
2019-04-19,0.0,0.0,0.0,0.0,0.0
2019-04-20,0.0,0.0,0.0,0.0,0.0
2019-04-21,0.0,0.0,0.0,0.0,0.0
2019-04-22,18381.0,32793.6,40466.4,17999.6,53422.399999999994
2019-04-23,23407.8,32793.6,40466.4,12420.0,53422.399999999994
2019-04-24,0.0,0.0,0.0,0.0,0.0
2019-04-25,28224.0,32793.6,40466.4,49865.5,53422.399999999994
2019-04-26,28224.0,37285.6,40466.4,49865.5,53422.399999999994
2019-04-27,0.0,0.0,0.0,0.0,0.0
2019-04-28,0.0,0.0,0.0,0.0,0.0
2019-04-29,37237.200000000004,32755.2,40466.4,45819.299999999996,53422.399999999994
2019-04-30,0.0,0.0,0.0,0.0,0.0
2019-05-01,0.0,0.0,0.0,0.0,0.0
2019-05-02,0.0,0.0,0.0,0.0,0.0
2019-05-03,0.0,0.0,0.0,0.0,0.0
2019-05-04,0.0,0.0,0.0,0.0,0.0
2019-05-05,0.0,0.0,0.0,0.0,0.0
2019-05-06,48759.9,40716.2,40466.4,49847.4,53422.399999999994
2019-05-07,48759.9,36482.799999999996,40466.4,49847.4,53422.399999999994
2019-05-08,44948.4,36415.9,40466.4,49847.4,53422.399999999994
2019-05-09,48732.0,44688.0,44485.0,53670.3,53422.399999999994
2019-05-10,44940.0,40563.8,44485.0,53670.3,53422.399999999994
2019-05-11,0.0,0.0,0.0,0.0,0.0
2019-05-12,0.0,0.0,0.0,0.0,0.0
2019-05-13,44940.0,40563.8,44485.0,53670.3,49702.399999999994
2019-05-14,44940.0,40563.8,47879.2,56702.1,49702.399999999994
2019-05-15,44940.0,36326.7,44065.0,56702.1,49702.399999999994
2019-05-16,40935.0,36326.7,44065.0,53431.5,49702.399999999994
2019-05-17,44898.0,36326.7,44065.0,53431.5,49702.399999999994
2019-05-18,0.0,0.0,0.0,0.0,0.0
2019-05-19,0.0,0.0,0.0,0.0,0.0
2019-05-20,48666.899999999994,44488.5,47646.4,53431.5,49702.399999999994
2019-05-21,44839.2,40462.2,46637.6,53431.5,49702.399999999994
2019-05-22,44839.2,40462.2,50140.200000000004,53431.5,49702.399999999994
2019-05-23,48648.299999999996,44488.5,53499.200000000004,53431.5,49702.399999999994
2019-05-24,48648.299999999996,44488.5,53499.200000000004,56962.5,49702.399999999994
2019-05-25,0.0,0.0,0.0,0.0,0.0
2019-05-26,0.0,0.0,0.0,0.0,0.0
2019-05-27,44847.600000000006,44488.5,56675.8,56962.5,49702.399999999994
2019-05-28,44847.600000000006,44488.5,53452.799999999996,56962.5,49702.399999999994
2019-05-29,44847.600000000006,44488.5,56625.59999999999,56962.5,49702.399999999994
2019-05-30,48648.299999999996,44488.5,56625.59999999999,56962.5,49702.399999999994
2019-05-31,48648.299999999996,44488.5,56625.59999999999,60442.0,49702.399999999994
2019-06-01,0.0,0.0,0.0,0.0,0.0
2019-06-02,0.0,0.0,0.0,0.0,0.0
2019-06-03,48648.299999999996,44488.5,56625.59999999999,60442.0,46253.1
2019-06-04,48648.299999999996,44488.5,59670.0,63401.799999999996,46253.1
2019-06-05,48648.299999999996,51945.9,56675.8,60324.50000000001,46253.1
2019-06-06,52224.0,55377.0,59670.0,60324.50000000001,46253.1
2019-06-07,0.0,0.0,0.0,0.0,0.0
2019-06-08,0.0,0.0,0.0,0.0,0.0
2019-06-09,0.0,0.0,0.0,0.0,0.0
2019-06-10,55677.6,51876.50000000001,56625.59999999999,57808.8,42145.6
2019-06-11,48555.3,48190.0,53406.4,57808.8,42145.6
2019-06-12,0.0,0.0,0.0,0.0,0.0
2019-06-13,0.0,0.0,0.0,0.0,0.0
2019-06-14,0.0,0.0,0.0,0.0,0.0
2019-06-15,0.0,0.0,0.0,0.0,0.0
2019-06-16,0.0,0.0,0.0,0.0,0.0
2019-06-17,48555.3,44346.0,53406.4,57808.8,42145.6
2019-06-18,0.0,0.0,0.0,0.0,0.0
2019-06-19,48555.3,44346.0,50310.6,54386.700000000004,42145.6
2019-06-20,44746.8,40335.200000000004,50310.6,54386.700000000004,38187.5
2019-06-21,0.0,0.0,0.0,0.0,0.0
2019-06-22,0.0,0.0,0.0,0.0,0.0
2019-06-23,0.0,0.0,0.0,0.0,0.0
2019-06-24,44746.8,36126.0,50310.6,54386.700000000004,38187.5
2019-06-25,44746.8,40309.799999999996,50310.6,54386.700000000004,34020.0
2019-06-26,44746.8,36148.3,50310.6,54386.700000000004,34020.0
2019-06-27,0.0,0.0,0.0,0.0,0.0
2019-06-28,44746.8,36148.3,46870.4,54386.700000000004,34020.0
2019-06-29,0.0,0.0,0.0,0.0,0.0
2019-06-30,0.0,0.0,0.0,0.0,0.0
2019-07-01,40800.0,31948.8,43190.0,54386.700000000004,38150.0
2019-07-02,40800.0,27353.9,43190.0,54386.700000000004,38150.0
2019-07-03,40800.0,27353.9,43190.0,54386.700000000004,34279.2
2019-07-04,40800.0,31948.8,43190.0,50589.5,34279.2
2019-07-05,0.0,0.0,0.0,0.0,0.0
2019-07-06,0.0,0.0,0.0,0.0,0.0
2019-07-07,0.0,0.0,0.0,0.0,0.0
2019-07-08,44746.8,36349.0,43190.0,50589.5,38625.0
2019-07-09,48527.4,36349.0,46831.600000000006,50589.5,38625.0
2019-07-10,0.0,0.0,0.0,0.0,0.0
2019-07-11,48527.4,31929.600000000002,46831.600000000006,50589.5,38625.0
2019-07-12,0.0,0.0,0.0,0.0,0.0
2019-07-13,0.0,0.0,0.0,0.0,0.0
2019-07-14,0.0,0.0,0.0,0.0,0.0
2019-07-15,44730.0,31929.600000000002,46831.600000000006,50589.5,38625.0
2019-07-16,44730.0,31929.600000000002,46831.600000000006,46471.3,38625.0
2019-07-17,0.0,0.0,0.0,0.0,0.0
2019-07-18,44730.0,36326.7,46831.600000000006,46471.3,38625.0
2019-07-19,44730.0,36326.7,46831.600000000006,46471.3,34398.0
2019-07-20,0.0,0.0,0.0,0.0,0.0
2019-07-21,0.0,0.0,0.0,0.0,0.0
2019-07-22,48471.6,36326.7,46831.600000000006,46471.3,34398.0
2019-07-23,0.0,0.0,0.0,0.0,0.0
2019-07-24,48471.6,36326.7,43295.0,46471.3,34398.0
2019-07-25,0.0,0.0,0.0,0.0,0.0
2019-07-26,0.0,0.0,0.0,0.0,0.0
2019-07-27,0.0,0.0,0.0,0.0,0.0
2019-07-28,0.0,0.0,0.0,0.0,0.0
2019-07-29,0.0,0.0,0.0,0.0,0.0
2019-07-30,44679.6,36326.7,43295.0,46471.3,34398.0
2019-07-31,0.0,0.0,0.0,0.0,0.0
2019-08-01,44679.6,36326.7,43295.0,46471.3,39012.5
2019-08-02,47904.299999999996,36326.7,45978.0,46471.3,34419.6
2019-08-03,0.0,0.0,0.0,0.0,0.0
2019-08-04,0.0,0.0,0.0,0.0,0.0
2019-08-05,47904.299999999996,40487.6,49458.6,50499.0,29584.1
2019-08-06,54856.200000000004,44232.0,48734.399999999994,53789.7,24612.4
2019-08-07,51418.200000000004,40233.6,52014.4,53789.7,24612.4
2019-08-08,51418.200000000004,40233.6,48777.0,50173.2,19345.8
2019-08-09,51418.200000000004,36081.4,48777.0,46129.0,19345.8
2019-08-10,0.0,0.0,0.0,0.0,0.0
2019-08-11,0.0,0.0,0.0,0.0,0.0
2019-08-12,0.0,0.0,0.0,0.0,0.0
2019-08-13,51418.200000000004,36081.4,48777.0,50191.3,13848.0
2019-08-14,51418.200000000004,31699.2,45434.8,50191.3,19209.0
2019-08-15,51418.200000000004,31699.2,45008.0,50191.3,13760.0
2019-08-16,0.0,0.0,0.0,0.0,0.0
2019-08-17,0.0,0.0,0.0,0.0,0.0
2019-08-18,0.0,0.0,0.0,0.0,0.0
2019-08-19,44074.799999999996,27144.6,37908.0,50191.3,13760.0
2019-08-20,44074.799999999996,27144.6,33976.0,46112.700000000004,13760.0
2019-08-21,0.0,0.0,0.0,0.0,0.0
2019-08-22,44074.799999999996,27144.6,37908.0,46112.700000000004,13760.0
2019-08-23,44074.799999999996,17374.5,37908.0,46112.700000000004,13760.0
2019-08-24,0.0,0.0,0.0,0.0,0.0
2019-08-25,0.0,0.0,0.0,0.0,0.0
2019-08-26,44074.799999999996,17374.5,41160.0,49955.99999999999,49688.4
2019-08-27,40147.5,12185.6,37440.0,49955.99999999999,49688.4
2019-08-28,40147.5,17384.4,37440.0,49955.99999999999,49688.4
2019-08-29,0.0,0.0,0.0,0.0,0.0
2019-08-30,40147.5,12192.4,37440.0,46243.100000000006,49688.4
2019-08-31,0.0,0.0,0.0,0.0,0.0
2019-09-01,0.0,0.0,0.0,0.0,0.0
2019-09-02,40147.5,12192.4,33537.6,46243.100000000006,49688.4
2019-09-03,0.0,0.0,0.0,0.0,0.0
2019-09-04,36055.8,17394.3,29500.0,46243.100000000006,49688.4
2019-09-05,31811.7,17394.3,29500.0,46243.100000000006,49688.4
2019-09-06,31811.7,12199.2,29500.0,42079.0,53490.5
2019-09-07,0.0,0.0,0.0,0.0,0.0
2019-09-08,0.0,0.0,0.0,0.0,0.0
2019-09-09,0.0,0.0,0.0,0.0,0.0
2019-09-10,31811.7,49959.0,29500.0,42079.0,57122.0
2019-09-11,27345.6,53790.0,29500.0,42079.0,57122.0
2019-09-12,27345.6,53790.0,25245.0,42079.0,57122.0
2019-09-13,0.0,0.0,0.0,0.0,0.0
2019-09-14,0.0,0.0,0.0,0.0,0.0
2019-09-15,0.0,0.0,0.0,0.0,0.0
2019-09-16,0.0,0.0,0.0,0.0,0.0
2019-09-17,31811.7,53790.0,29476.4,42079.0,57122.0
2019-09-18,0.0,0.0,0.0,0.0,0.0
2019-09-19,0.0,0.0,0.0,0.0,0.0
2019-09-20,0.0,0.0,0.0,0.0,0.0
2019-09-21,0.0,0.0,0.0,0.0,0.0
2019-09-22,0.0,0.0,0.0,0.0,0.0
2019-09-23,31811.7,53790.0,29476.4,42079.0,53444.0
2019-09-24,0.0,0.0,0.0,0.0,0.0
2019-09-25,31811.7,53790.0,33537.6,46324.6,53444.0
2019-09-26,36082.2,53790.0,33537.6,46324.6,53444.0
2019-09-27,36082.2,57453.899999999994,33537.6,46324.6,53444.0
2019-09-28,0.0,0.0,0.0,0.0,0.0
2019-09-29,0.0,0.0,0.0,0.0,0.0
2019-09-30,40147.5,57453.899999999994,33537.6,46324.6,53444.0
2019-10-01,0.0,0.0,0.0,0.0,0.0
2019-10-02,0.0,0.0,0.0,0.0,0.0
2019-10-03,0.0,0.0,0.0,0.0,0.0
2019-10-04,0.0,0.0,0.0,0.0,0.0
2019-10-05,0.0,0.0,0.0,0.0,0.0
2019-10-06,0.0,0.0,0.0,0.0,0.0
2019-10-07,0.0,0.0,0.0,0.0,0.0
2019-10-08,0.0,0.0,0.0,0.0,0.0
2019-10-09,40147.5,57453.899999999994,37159.200000000004,46324.6,53444.0
2019-10-10,40147.5,53790.0,37159.200000000004,46324.6,53444.0
2019-10-11,36062.4,53790.0,37159.200000000004,46324.6,53444.0
2019-10-12,0.0,0.0,0.0,0.0,0.0
2019-10-13,0.0,0.0,0.0,0.0,0.0
2019-10-14,36062.4,49986.299999999996,33647.2,46324.6,56868.5
2019-10-15,0.0,0.0,0.0,0.0,0.0
2019-10-16,36062.4,49986.299999999996,33647.2,42108.0,56868.5
2019-10-17,36062.4,45952.8,33647.2,42108.0,56868.5
2019-10-18,40140.0,45952.8,33647.2,42108.0,56868.5
2019-10-19,0.0,0.0,0.0,0.0,0.0
2019-10-20,0.0,0.0,0.0,0.0,0.0
2019-10-21,40140.0,49959.0,33647.2,42108.0,56868.5
2019-10-22,0.0,0.0,0.0,0.0,0.0
2019-10-23,0.0,0.0,0.0,0.0,0.0
2019-10-24,40140.0,53790.0,33647.2,42108.0,56868.5
2019-10-25,40140.0,49959.0,33647.2,42108.0,56868.5
2019-10-26,0.0,0.0,0.0,0.0,0.0
2019-10-27,0.0,0.0,0.0,0.0,0.0
2019-10-28,36069.0,45928.2,33647.2,42108.0,56868.5
2019-10-29,36069.0,45928.2,29617.999999999996,42108.0,56868.5
2019-10-30,40125.0,45928.2,29617.999999999996,42108.0,56868.5
2019-10-31,40125.0,41719.5,29617.999999999996,42108.0,56868.5
2019-11-01,0.0,0.0,0.0,0.0,0.0
2019-11-02,0.0,0.0,0.0,0.0,0.0
2019-11-03,0.0,0.0,0.0,0.0,0.0
2019-11-04,40125.0,37344.0,29617.999999999996,37846.0,56868.5
2019-11-05,0.0,0.0,0.0,0.0,0.0
2019-11-06,40125.0,37344.0,25482.6,37846.0,56868.5
2019-11-07,0.0,0.0,0.0,0.0,0.0
2019-11-08,36016.2,37344.0,25482.6,37846.0,59511.6
2019-11-09,0.0,0.0,0.0,0.0,0.0
2019-11-10,0.0,0.0,0.0,0.0,0.0
2019-11-11,40057.5,41741.4,25482.6,37846.0,59511.6
2019-11-12,43957.2,41741.4,25482.6,37846.0,59511.6
2019-11-13,43957.2,37344.0,25482.6,37846.0,59511.6
2019-11-14,0.0,0.0,0.0,0.0,0.0
2019-11-15,0.0,0.0,0.0,0.0,0.0
2019-11-16,0.0,0.0,0.0,0.0,0.0
2019-11-17,0.0,0.0,0.0,0.0,0.0
2019-11-18,0.0,0.0,0.0,0.0,0.0
2019-11-19,40050.0,32736.0,25482.6,33136.0,59511.6
2019-11-20,0.0,0.0,0.0,0.0,0.0
2019-11-21,0.0,0.0,0.0,0.0,0.0
2019-11-22,40050.0,41697.6,25482.6,33136.0,59511.6
2019-11-23,0.0,0.0,0.0,0.0,0.0
2019-11-24,0.0,0.0,0.0,0.0,0.0
2019-11-25,40050.0,45879.0,25482.6,33136.0,59511.6
2019-11-26,40050.0,41697.6,25482.6,33136.0,59511.6
2019-11-27,40050.0,41697.6,21008.0,28246.4,59511.6
2019-11-28,0.0,0.0,0.0,0.0,0.0
2019-11-29,40050.0,49822.5,21008.0,28246.4,59511.6
2019-11-30,0.0,0.0,0.0,0.0,0.0
2019-12-01,0.0,0.0,0.0,0.0,0.0
2019-12-02,0.0,0.0,0.0,0.0,0.0
2019-12-03,40050.0,53610.0,21008.0,28246.4,59511.6
2019-12-04,40050.0,49795.200000000004,21008.0,33146.9,56243.2
2019-12-05,0.0,0.0,0.0,0.0,0.0
2019-12-06,0.0,0.0,0.0,0.0,0.0
2019-12-07,0.0,0.0,0.0,0.0,0.0
2019-12-08,0.0,0.0,0.0,0.0,0.0
2019-12-09,35950.2,49795.200000000004,21008.0,33146.9,56243.2
2019-12-10,0.0,0.0,0.0,0.0,0.0
2019-12-11,0.0,0.0,0.0,0.0,0.0
2019-12-12,35950.2,49795.200000000004,16457.8,33146.9,56243.2
2019-12-13,35950.2,49795.200000000004,11575.199999999999,28291.9,59657.99999999999
2019-12-14,0.0,0.0,0.0,0.0,0.0
2019-12-15,0.0,0.0,0.0,0.0,0.0
2019-12-16,31669.2,45854.4,11575.199999999999,28291.9,59657.99999999999
2019-12-17,27249.6,45854.4,11575.199999999999,28291.9,59657.99999999999
2019-12-18,0.0,0.0,0.0,0.0,0.0
2019-12-19,0.0,0.0,0.0,0.0,0.0
2019-12-20,27249.6,45854.4,49913.0,28291.9,59657.99999999999
2019-12-21,0.0,0.0,0.0,0.0,0.0
2019-12-22,0.0,0.0,0.0,0.0,0.0
2019-12-23,31709.1,45854.4,49913.0,23155.600000000002,59657.99999999999
2019-12-24,31709.1,45854.4,45952.0,23155.600000000002,56209.4
2019-12-25,31709.1,49849.8,45952.0,23155.600000000002,56209.4
2019-12-26,0.0,0.0,0.0,0.0,0.0
2019-12-27,27244.8,49849.8,41781.0,23155.600000000002,56209.4
2019-12-28,0.0,0.0,0.0,0.0,0.0
2019-12-29,0.0,0.0,0.0,0.0,0.0
2019-12-30,27230.4,49849.8,41781.0,23155.600000000002,56209.4
2019-12-31,27230.4,45829.8,45600.0,23155.600000000002,56209.4
2020-01-01,0.0,0.0,0.0,0.0,0.0
2020-01-02,22569.3,45829.8,41439.0,17798.0,56209.4
2020-01-03,22569.3,45829.8,37100.0,17798.0,52607.0
2020-01-04,0.0,0.0,0.0,0.0,0.0
2020-01-05,0.0,0.0,0.0,0.0,0.0
2020-01-06,17715.0,45829.8,41439.0,17798.0,49293.6
2020-01-07,0.0,0.0,0.0,0.0,0.0
2020-01-08,0.0,0.0,0.0,0.0,0.0
2020-01-09,17715.0,41631.9,37100.0,17798.0,53103.0
2020-01-10,17715.0,41631.9,32551.0,12309.9,53103.0
2020-01-11,0.0,0.0,0.0,0.0,0.0
2020-01-12,0.0,0.0,0.0,0.0,0.0
2020-01-13,12650.4,37248.0,32551.0,12309.9,53103.0
2020-01-14,12650.4,37248.0,32787.5,49683.8,53103.0
2020-01-15,0.0,0.0,0.0,0.0,0.0
2020-01-16,0.0,0.0,0.0,0.0,0.0
2020-01-17,12650.4,37248.0,32787.5,46134.0,53103.0
2020-01-18,0.0,0.0,0.0,0.0,0.0
2020-01-19,0.0,0.0,0.0,0.0,0.0
2020-01-20,12650.4,37670.4,32787.5,49961.200000000004,53103.0
2020-01-21,12650.4,33181.5,37350.0,49961.200000000004,53103.0
2020-01-22,12646.2,37824.0,37425.0,49961.200000000004,53103.0
2020-01-23,22545.899999999998,42223.2,45952.0,49961.200000000004,53103.0
2020-01-24,0.0,0.0,0.0,0.0,0.0
2020-01-25,0.0,0.0,0.0,0.0,0.0
2020-01-26,0.0,0.0,0.0,0.0,0.0
2020-01-27,0.0,0.0,0.0,0.0,0.0
2020-01-28,0.0,0.0,0.0,0.0,0.0
2020-01-29,0.0,0.0,0.0,0.0,0.0
2020-01-30,0.0,0.0,0.0,0.0,0.0
2020-01-31,0.0,0.0,0.0,0.0,0.0
2020-02-01,0.0,0.0,0.0,0.0,0.0
2020-02-02,0.0,0.0,0.0,0.0,0.0
2020-02-03,25646.4,39748.5,45248.0,52880.0,49547.399999999994
2020-02-04,25646.4,31267.5,36850.0,49275.0,49547.399999999994
2020-02-05,16698.0,26703.0,32379.0,42173.2,49547.399999999994
2020-02-06,11938.5,16926.0,32379.0,37949.6,53366.5
2020-02-07,11938.5,21900.3,32379.0,33498.0,53366.5
2020-02-08,0.0,0.0,0.0,0.0,0.0
2020-02-09,0.0,0.0,0.0,0.0,0.0
2020-02-10,49880.0,21900.3,32379.0,33471.0,53366.5
2020-02-11,49880.0,21900.3,32379.0,29092.8,53366.5
2020-02-12,49880.0,21900.3,32379.0,24254.399999999998,53366.5
2020-02-13,46168.2,21900.3,32379.0,14099.800000000001,53366.5
2020-02-14,46168.2,21900.3,32379.0,19315.2,53366.5
2020-02-15,0.0,0.0,0.0,0.0,0.0
2020-02-16,0.0,0.0,0.0,0.0,0.0
2020-02-17,42280.0,16909.2,27666.0,19180.8,53366.5
2020-02-18,42280.0,16909.2,27666.0,29138.4,49561.5
2020-02-19,42280.0,21889.2,27666.0,29138.4,49561.5
2020-02-20,38223.0,21889.2,27666.0,29138.4,45542.2
2020-02-21,33960.6,21889.2,27666.0,33732.0,45542.2
2020-02-22,0.0,0.0,0.0,0.0,0.0
2020-02-23,0.0,0.0,0.0,0.0,0.0
2020-02-24,33960.6,21889.2,31970.500000000004,37637.600000000006,42103.8
2020-02-25,33922.8,16884.0,31992.0,32616.0,46355.0
2020-02-26,33922.8,21844.8,36400.0,32598.0,46355.0
2020-02-27,0.0,0.0,0.0,0.0,0.0
2020-02-28,41538.0,26606.399999999998,36400.0,35651.2,46355.0
2020-02-29,0.0,0.0,0.0,0.0,0.0
2020-03-01,0.0,0.0,0.0,0.0,0.0
2020-03-02,37534.8,26606.399999999998,40641.0,31517.999999999996,50055.0
2020-03-03,33593.4,16900.8,36700.0,32418.0,50055.0
2020-03-04,37795.2,16900.8,40926.0,36431.200000000004,45999.4
2020-03-05,33852.6,11702.1,36625.0,37232.0,45999.4
2020-03-06,33852.6,49932.399999999994,36625.0,41205.6,41753.5
2020-03-07,0.0,0.0,0.0,0.0,0.0
2020-03-08,0.0,0.0,0.0,0.0,0.0
2020-03-09,42014.0,53087.399999999994,40071.0,48545.0,41290.2
2020-03-10,37968.799999999996,52982.99999999999,40071.0,44866.8,41290.2
2020-03-11,37968.799999999996,52982.99999999999,40071.0,48618.0,41290.2
2020-03-12,41762.0,59281.700000000004,44000.0,51600.0,41290.2
2020-03-13,36815.6,57746.7,34325.0,42820.8,43980.1
2020-03-14,0.0,0.0,0.0,0.0,0.0
2020-03-15,0.0,0.0,0.0,0.0,0.0
2020-03-16,44460.0,60753.0,42144.0,52321.8,47799.0
2020-03-17,48013.8,60588.0,42144.0,53139.6,51336.0
2020-03-18,48082.6,60555.0,45759.5,56306.0,51289.5
2020-03-19,47927.8,66251.2,45724.0,53226.600000000006,51289.5
2020-03-20,47927.8,63822.4,38475.0,49952.0,51289.5
2020-03-21,0.0,0.0,0.0,0.0,0.0
2020-03-22,0.0,0.0,0.0,0.0,0.0
2020-03-23,51295.799999999996,63822.4,37990.5,49136.0,51289.5
2020-03-24,51295.799999999996,60885.0,34150.0,45741.8,50040.9
2020-03-25,48237.4,58391.399999999994,30379.5,43824.0,50040.9
2020-03-26,48237.4,55124.4,30379.5,47479.2,50040.9
2020-03-27,48237.4,51939.0,30379.5,50848.0,45974.0
2020-03-28,0.0,0.0,0.0,0.0,0.0
2020-03-29,0.0,0.0,0.0,0.0,0.0
2020-03-30,51606.0,55152.799999999996,30379.5,53470.2,45974.0
2020-03-31,51606.0,55152.799999999996,30379.5,50416.0,45974.0
2020-04-01,51606.0,55152.799999999996,34575.0,53365.8,49406.4
2020-04-02,51606.0,55152.799999999996,30336.5,53365.8,49406.4
2020-04-03,51606.0,51730.2,30336.5,53365.8,45491.4
2020-04-04,0.0,0.0,0.0,0.0,0.0
2020-04-05,0.0,0.0,0.0,0.0,0.0
2020-04-06,0.0,0.0,0.0,0.0,0.0
2020-04-07,48400.8,48147.4,30336.5,51104.0,41663.1
2020-04-08,0.0,0.0,0.0,0.0,0.0
2020-04-09,44795.4,44376.0,30336.5,51104.0,41663.1
2020-04-10,48400.8,44354.5,30336.5,54427.200000000004,41663.1
2020-04-11,0.0,0.0,0.0,0.0,0.0
2020-04-12,0.0,0.0,0.0,0.0,0.0
2020-04-13,0.0,0.0,0.0,0.0,0.0
2020-04-14,0.0,0.0,0.0,0.0,0.0
2020-04-15,44787.6,40416.0,30336.5,51280.0,41663.1
2020-04-16,44787.6,44311.5,25920.0,47771.2,41663.1
2020-04-17,44787.6,44311.5,21518.0,44114.4,41663.1
2020-04-18,0.0,0.0,0.0,0.0,0.0
2020-04-19,0.0,0.0,0.0,0.0,0.0
2020-04-20,0.0,0.0,0.0,0.0,0.0
2020-04-21,0.0,0.0,0.0,0.0,0.0
2020-04-22,44787.6,40377.600000000006,21460.0,40249.8,41663.1
2020-04-23,44787.6,40377.600000000006,21460.0,36337.600000000006,41663.1
2020-04-24,44787.6,40377.600000000006,26064.0,36337.600000000006,37233.9
2020-04-25,0.0,0.0,0.0,0.0,0.0
2020-04-26,0.0,0.0,0.0,0.0,0.0
2020-04-27,44787.6,40377.600000000006,26064.0,32076.0,37233.9
2020-04-28,48375.0,40377.600000000006,21460.0,27800.8,37233.9
2020-04-29,48375.0,40377.600000000006,21460.0,23144.600000000002,37233.9
2020-04-30,44756.4,40377.600000000006,16610.0,27937.600000000002,37233.9
2020-05-01,0.0,0.0,0.0,0.0,0.0
2020-05-02,0.0,0.0,0.0,0.0,0.0
2020-05-03,0.0,0.0,0.0,0.0,0.0
2020-05-04,0.0,0.0,0.0,0.0,0.0
2020-05-05,0.0,0.0,0.0,0.0,0.0
2020-05-06,40971.0,40377.600000000006,21431.0,23262.399999999998,37233.9
2020-05-07,0.0,0.0,0.0,0.0,0.0
2020-05-08,37020.2,36267.4,21431.0,23262.399999999998,37233.9
2020-05-09,0.0,0.0,0.0,0.0,0.0
2020-05-10,0.0,0.0,0.0,0.0,0.0
2020-05-11,37020.2,36267.4,16621.0,23262.399999999998,37233.9
2020-05-12,37020.2,36267.4,16621.0,27937.600000000002,37233.9
2020-05-13,37020.2,36267.4,16621.0,32400.0,37233.9
2020-05-14,0.0,0.0,0.0,0.0,0.0
2020-05-15,37020.2,36267.4,16621.0,32400.0,32614.5
2020-05-16,0.0,0.0,0.0,0.0,0.0
2020-05-17,0.0,0.0,0.0,0.0,0.0
2020-05-18,37020.2,31974.0,16621.0,32400.0,27789.4
2020-05-19,37020.2,27490.5,11865.0,28211.2,27789.4
2020-05-20,37020.2,31974.0,11865.0,28211.2,27789.4
2020-05-21,0.0,0.0,0.0,0.0,0.0
2020-05-22,40936.0,36267.4,17050.0,32733.0,32597.5
2020-05-23,0.0,0.0,0.0,0.0,0.0
2020-05-24,0.0,0.0,0.0,0.0,0.0
2020-05-25,40936.0,36267.4,21982.0,28203.6,32597.5
2020-05-26,40936.0,31974.0,17083.0,23479.399999999998,32597.5
2020-05-27,40936.0,31974.0,11887.5,23479.399999999998,32597.5
2020-05-28,40936.0,36250.5,17083.0,23479.399999999998,32597.5
2020-05-29,0.0,0.0,0.0,0.0,0.0
2020-05-30,0.0,0.0,0.0,0.0,0.0
2020-05-31,0.0,0.0,0.0,0.0,0.0
2020-06-01,37014.0,32003.2,11895.0,23479.399999999998,32597.5
2020-06-02,0.0,0.0,0.0,0.0,0.0
2020-06-03,32896.799999999996,32003.2,49887.5,23479.399999999998,32597.5
2020-06-04,0.0,0.0,0.0,0.0,0.0
2020-06-05,0.0,0.0,0.0,0.0,0.0
2020-06-06,0.0,0.0,0.0,0.0,0.0
2020-06-07,0.0,0.0,0.0,0.0,0.0
2020-06-08,32896.799999999996,32017.8,46203.6,23479.399999999998,32597.5
2020-06-09,32896.799999999996,27515.100000000002,46203.6,23479.399999999998,32597.5
2020-06-10,32896.799999999996,22820.0,46203.6,23479.399999999998,32597.5
2020-06-11,32896.799999999996,22820.0,42064.1,23479.399999999998,32597.5
2020-06-12,32896.799999999996,22820.0,41372.5,23138.4,32597.5
2020-06-13,0.0,0.0,0.0,0.0,0.0
2020-06-14,0.0,0.0,0.0,0.0,0.0
2020-06-15,32896.799999999996,22820.0,45455.7,23138.4,32597.5
2020-06-16,32896.799999999996,17925.6,41594.799999999996,23138.4,32597.5
2020-06-17,28593.600000000002,12825.0,37302.3,18297.6,32597.5
2020-06-18,28593.600000000002,12825.0,32799.8,18297.6,32597.5
2020-06-19,28593.600000000002,49975.600000000006,32799.8,18297.6,32597.5
2020-06-20,0.0,0.0,0.0,0.0,0.0
2020-06-21,0.0,0.0,0.0,0.0,0.0
2020-06-22,24095.8,46053.6,32799.8,18297.6,32597.5
2020-06-23,24095.8,46053.6,23202.899999999998,18297.6,32597.5
2020-06-24,24095.8,46072.2,18139.0,18297.6,27789.4
2020-06-25,0.0,0.0,0.0,0.0,0.0
2020-06-26,0.0,0.0,0.0,0.0,0.0
2020-06-27,0.0,0.0,0.0,0.0,0.0
2020-06-28,0.0,0.0,0.0,0.0,0.0
2020-06-29,24095.8,46072.2,23190.2,18297.6,27789.4
2020-06-30,24095.8,41981.4,23190.2,18297.6,27789.4
2020-07-01,24095.8,46090.8,23190.2,18297.6,27789.4
2020-07-02,19410.0,46090.8,23190.2,18297.6,27789.4
2020-07-03,14520.0,46090.8,18080.8,18297.6,27789.4
2020-07-04,0.0,0.0,0.0,0.0,0.0
2020-07-05,0.0,0.0,0.0,0.0,0.0
2020-07-06,46035.700000000004,41964.8,12743.4,18297.6,27789.4
2020-07-07,42084.0,33150.6,49843.200000000004,18297.6,27789.4
2020-07-08,37937.4,33150.6,49920.0,18297.6,27789.4
2020-07-09,33607.6,28450.4,46407.899999999994,18297.6,27789.4
2020-07-10,33607.6,23546.8,42229.99999999999,18297.6,27789.4
2020-07-11,0.0,0.0,0.0,0.0,0.0
2020-07-12,0.0,0.0,0.0,0.0,0.0
2020-07-13,29074.5,13105.400000000001,42229.99999999999,13273.6,27789.4
2020-07-14,29074.5,13091.6,50099.200000000004,13273.6,27789.4
2020-07-15,33603.0,49675.5,53867.700000000004,13273.6,27789.4
2020-07-16,42054.0,60361.799999999996,57466.799999999996,18350.4,27789.4
2020-07-17,42054.0,60361.799999999996,57466.799999999996,18350.4,27789.4
2020-07-18,0.0,0.0,0.0,0.0,0.0
2020-07-19,0.0,0.0,0.0,0.0,0.0
2020-07-20,37905.6,60317.4,57405.6,18350.4,27789.4
2020-07-21,37905.6,53279.200000000004,50995.2,13396.0,27789.4
2020-07-22,33593.8,49453.2,50995.2,13396.0,23090.7
2020-07-23,37868.5,49453.2,50995.2,13396.0,23090.7
2020-07-24,42012.0,56907.99999999999,58262.399999999994,18532.8,23090.7
2020-07-25,0.0,0.0,0.0,0.0,0.0
2020-07-26,0.0,0.0,0.0,0.0,0.0
2020-07-27,45968.7,53241.6,61665.3,18532.8,12325.0
2020-07-28,41994.0,53241.6,58690.799999999996,18532.8,12325.0
2020-07-29,37842.0,45399.2,58690.799999999996,18532.8,12325.0
2020-07-30,37842.0,45383.8,55216.5,18532.8,17896.6
2020-07-31,37842.0,45383.8,55216.5,13396.0,17896.6
2020-08-01,0.0,0.0,0.0,0.0,0.0
2020-08-02,0.0,0.0,0.0,0.0,0.0
2020-08-03,33584.6,36804.0,55216.5,13396.0,17896.6
2020-08-04,33584.6,36768.0,51328.0,13396.0,17896.6
2020-08-05,33584.6,36648.0,51328.0,13396.0,12470.0
2020-08-06,29051.1,41017.8,51379.200000000004,13396.0,12470.0
2020-08-07,33478.799999999996,45183.600000000006,55216.5,13396.0,49753.899999999994
2020-08-08,0.0,0.0,0.0,0.0,0.0
2020-08-09,0.0,0.0,0.0,0.0,0.0
2020-08-10,28969.2,45183.600000000006,58262.399999999994,13396.0,49753.899999999994
2020-08-11,33478.799999999996,45152.799999999996,54626.4,13396.0,53468.8
2020-08-12,37794.3,52903.200000000004,58201.2,13396.0,54269.99999999999
2020-08-13,37794.3,52903.200000000004,54935.5,49642.799999999996,54269.99999999999
2020-08-14,33483.4,56518.5,58476.6,49642.799999999996,51348.4
2020-08-15,0.0,0.0,0.0,0.0,0.0
2020-08-16,0.0,0.0,0.0,0.0,0.0
2020-08-17,33483.4,52922.0,58476.6,49642.799999999996,51348.4
2020-08-18,28969.2,49145.4,54795.0,49642.799999999996,47731.200000000004
2020-08-19,28969.2,52940.799999999996,54795.0,49642.799999999996,47731.200000000004
2020-08-20,33405.2,56497.99999999999,54795.0,45698.7,50319.2
2020-08-21,33405.2,52940.799999999996,50918.4,41580.0,50319.2
2020-08-22,0.0,0.0,0.0,0.0,0.0
2020-08-23,0.0,0.0,0.0,0.0,0.0
2020-08-24,33405.2,56518.5,47054.7,32910.0,50319.2
2020-08-25,33405.2,52922.0,42848.0,28545.3,50319.2
2020-08-26,33405.2,52940.799999999996,38516.8,33765.0,50319.2
2020-08-27,33405.2,52940.799999999996,38516.8,23929.2,50319.2
2020-08-28,33405.2,45168.2,38516.8,18673.2,50319.2
2020-08-29,0.0,0.0,0.0,0.0,0.0
2020-08-30,0.0,0.0,0.0,0.0,0.0
2020-08-31,28891.2,45168.2,38516.8,49880.00000000001,46782.0
2020-09-01,28891.2,45168.2,38516.8,50000.0,46782.0
2020-09-02,28891.2,49145.4,38516.8,46503.0,46782.0
2020-09-03,28891.2,45168.2,38516.8,42312.0,50257.2
2020-09-04,33285.6,48649.5,41735.6,48480.0,50257.2
2020-09-05,0.0,0.0,0.0,0.0,0.0
2020-09-06,0.0,0.0,0.0,0.0,0.0
2020-09-07,33285.6,52414.399999999994,45830.4,62216.0,50257.2
2020-09-08,37571.700000000004,52414.399999999994,45853.5,56123.99999999999,50257.2
2020-09-09,37571.700000000004,59140.8,49305.6,50314.0,50257.2
2020-09-10,41682.0,59140.8,45437.700000000004,50259.0,50257.2
2020-09-11,41682.0,59140.8,45437.700000000004,53699.99999999999,50257.2
2020-09-12,0.0,0.0,0.0,0.0,0.0
2020-09-13,0.0,0.0,0.0,0.0,0.0
2020-09-14,41682.0,59229.600000000006,45437.700000000004,50259.0,50257.2
2020-09-15,41682.0,59229.600000000006,41344.200000000004,43200.0,50257.2
2020-09-16,41682.0,59229.600000000006,41344.200000000004,42840.0,50257.2
2020-09-17,41682.0,62474.6,41344.200000000004,46630.0,50257.2
2020-09-18,37561.1,62474.6,45414.6,42714.00000000001,50257.2
2020-09-19,0.0,0.0,0.0,0.0,0.0
2020-09-20,0.0,0.0,0.0,0.0,0.0
2020-09-21,37561.1,62474.6,45414.6,46490.0,50257.2
2020-09-22,37561.1,62474.6,45414.6,46490.0,53608.5
2020-09-23,37561.1,59296.2,45414.6,46490.0,53608.5
2020-09-24,41670.0,59296.2,49305.6,49543.99999999999,56808.6
2020-09-25,0.0,0.0,0.0,0.0,0.0
2020-09-26,0.0,0.0,0.0,0.0,0.0
2020-09-27,0.0,0.0,0.0,0.0,0.0
2020-09-28,45580.1,59296.2,49305.6,49543.99999999999,56808.6
2020-09-29,45580.1,59274.0,45391.5,46020.0,53608.5
2020-09-30,45580.1,59274.0,45391.5,49566.0,53608.5
2020-10-01,0.0,0.0,0.0,0.0,0.0
2020-10-02,0.0,0.0,0.0,0.0,0.0
2020-10-03,0.0,0.0,0.0,0.0,0.0
2020-10-04,0.0,0.0,0.0,0.0,0.0
2020-10-05,0.0,0.0,0.0,0.0,0.0
2020-10-06,0.0,0.0,0.0,0.0,0.0
2020-10-07,0.0,0.0,0.0,0.0,0.0
2020-10-08,0.0,0.0,0.0,0.0,0.0
2020-10-09,41640.0,55862.5,42415.4,46840.0,53608.5
2020-10-10,0.0,0.0,0.0,0.0,0.0
2020-10-11,0.0,0.0,0.0,0.0,0.0
2020-10-12,37545.2,48598.200000000004,42415.4,46840.0,53608.5
2020-10-13,37545.2,48598.200000000004,38118.6,46840.0,53608.5
2020-10-14,0.0,0.0,0.0,0.0,0.0
2020-10-15,37545.2,48598.200000000004,38118.6,50490.0,53608.5
2020-10-16,0.0,0.0,0.0,0.0,0.0
2020-10-17,0.0,0.0,0.0,0.0,0.0
2020-10-18,0.0,0.0,0.0,0.0,0.0
2020-10-19,37545.2,52358.0,38118.6,50490.0,53608.5
2020-10-20,0.0,0.0,0.0,0.0,0.0
2020-10-21,37545.2,48598.200000000004,38118.6,50490.0,53608.5
2020-10-22,41640.0,52358.0,38118.6,50490.0,53608.5
2020-10-23,41640.0,59318.4,38118.6,53952.00000000001,53608.5
2020-10-24,0.0,0.0,0.0,0.0,0.0
2020-10-25,0.0,0.0,0.0,0.0,0.0
2020-10-26,45446.100000000006,59296.2,42436.0,53952.00000000001,53608.5
2020-10-27,45446.100000000006,55903.5,38064.3,56810.0,53608.5
2020-10-28,45446.100000000006,52301.6,28741.399999999998,56810.0,53608.5
2020-10-29,41544.0,48529.8,28741.399999999998,59416.0,53608.5
2020-10-30,45439.4,52263.99999999999,33540.0,59416.0,56794.0
2020-10-31,0.0,0.0,0.0,0.0,0.0
2020-11-01,0.0,0.0,0.0,0.0,0.0
2020-11-02,0.0,0.0,0.0,0.0,0.0
2020-11-03,45439.4,52263.99999999999,33540.0,53052.0,56794.0
2020-11-04,45439.4,52263.99999999999,33540.0,46449.99999999999,53595.0
2020-11-05,41622.0,52263.99999999999,29330.899999999998,47089.99999999999,53595.0
2020-11-06,41622.0,55780.5,29330.899999999998,54096.0,53595.0
2020-11-07,0.0,0.0,0.0,0.0,0.0
2020-11-08,0.0,0.0,0.0,0.0,0.0
2020-11-09,37545.2,52188.799999999996,24210.399999999998,50599.99999999999,53595.0
2020-11-10,37545.2,52263.99999999999,29029.600000000002,53880.0,56253.8
2020-11-11,41652.0,55821.5,37322.2,53880.0,56253.8
2020-11-12,41652.0,55821.5,32822.4,53880.0,56253.8
2020-11-13,41652.0,55821.5,32822.4,57044.0,56253.8
2020-11-14,0.0,0.0,0.0,0.0,0.0
2020-11-15,0.0,0.0,0.0,0.0,0.0
2020-11-16,0.0,0.0,0.0,0.0,0.0
2020-11-17,41652.0,59207.399999999994,32822.4,57044.0,56253.8
2020-11-18,41652.0,59207.399999999994,32822.4,60144.00000000001,56253.8
2020-11-19,41652.0,62307.3,37286.0,60144.00000000001,56253.8
2020-11-20,37529.3,62307.3,37286.0,60144.00000000001,56253.8
2020-11-21,0.0,0.0,0.0,0.0,0.0
2020-11-22,0.0,0.0,0.0,0.0,0.0
2020-11-23,37529.3,62307.3,32947.200000000004,60144.00000000001,56253.8
2020-11-24,37529.3,62307.3,32947.200000000004,60144.00000000001,59157.6
2020-11-25,37529.3,62307.3,33025.2,60144.00000000001,59157.6
2020-11-26,37529.3,65331.200000000004,33025.2,60144.00000000001,59157.6
2020-11-27,41622.0,65331.200000000004,28296.000000000004,60144.00000000001,59157.6
2020-11-28,0.0,0.0,0.0,0.0,0.0
2020-11-29,0.0,0.0,0.0,0.0,0.0
2020-11-30,41622.0,65331.200000000004,32962.8,60144.00000000001,61320.0
2020-12-01,37502.799999999996,59052.0,32962.8,60144.00000000001,61320.0
2020-12-02,37502.799999999996,59052.0,37467.0,57408.00000000001,61320.0
2020-12-03,37502.799999999996,55678.00000000001,37467.0,57408.00000000001,58529.600000000006
2020-12-04,37502.799999999996,55678.00000000001,32947.200000000004,57408.00000000001,58529.600000000006
2020-12-05,0.0,0.0,0.0,0.0,0.0
2020-12-06,0.0,0.0,0.0,0.0,0.0
2020-12-07,37502.799999999996,55678.00000000001,32947.200000000004,60563.99999999999,58529.600000000006
2020-12-08,37502.799999999996,55678.00000000001,32947.200000000004,60563.99999999999,55523.799999999996
2020-12-09,0.0,0.0,0.0,0.0,0.0
2020-12-10,41580.0,58985.4,32947.200000000004,63059.99999999999,55523.799999999996
2020-12-11,41580.0,55596.00000000001,32947.200000000004,63059.99999999999,55523.799999999996
2020-12-12,0.0,0.0,0.0,0.0,0.0
2020-12-13,0.0,0.0,0.0,0.0,0.0
2020-12-14,41580.0,55596.00000000001,37448.9,63059.99999999999,55523.799999999996
2020-12-15,41580.0,52113.6,41756.200000000004,63059.99999999999,55523.799999999996
2020-12-16,0.0,0.0,0.0,0.0,0.0
2020-12-17,41580.0,45060.4,37684.2,60227.99999999999,55523.799999999996
2020-12-18,0.0,0.0,0.0,0.0,0.0
2020-12-19,0.0,0.0,0.0,0.0,0.0
2020-12-20,0.0,0.0,0.0,0.0,0.0
2020-12-21,37497.5,45060.4,37684.2,60227.99999999999,52407.0
2020-12-22,41592.0,45045.0,37684.2,60227.99999999999,52407.0
2020-12-23,0.0,0.0,0.0,0.0,0.0
2020-12-24,41592.0,45045.0,41900.399999999994,60227.99999999999,52407.0
2020-12-25,41592.0,40894.5,45784.2,60227.99999999999,52407.0
2020-12-26,0.0,0.0,0.0,0.0,0.0
2020-12-27,0.0,0.0,0.0,0.0,0.0
2020-12-28,0.0,0.0,0.0,0.0,0.0
2020-12-29,41592.0,44998.8,45784.2,60227.99999999999,52407.0
2020-12-30,41592.0,40853.4,41694.4,60227.99999999999,52407.0
2020-12-31,41592.0,40853.4,37684.2,60227.99999999999,52407.0
2021-01-01,0.0,0.0,0.0,0.0,0.0
2021-01-02,0.0,0.0,0.0,0.0,0.0
2021-01-03,0.0,0.0,0.0,0.0,0.0
2021-01-04,37508.1,40853.4,37684.2,60227.99999999999,52407.0
2021-01-05,33212.0,36516.0,37684.2,60227.99999999999,52407.0
2021-01-06,33212.0,32094.8,33134.4,60227.99999999999,52407.0
2021-01-07,33212.0,27348.0,37648.0,60227.99999999999,52407.0
2021-01-08,0.0,0.0,0.0,0.0,0.0
2021-01-09,0.0,0.0,0.0,0.0,0.0
2021-01-10,0.0,0.0,0.0,0.0,0.0
2021-01-11,33212.0,32084.500000000004,33103.2,60227.99999999999,54341.2
2021-01-12,33212.0,32084.500000000004,37629.9,60227.99999999999,51259.5
2021-01-13,0.0,0.0,0.0,0.0,0.0
2021-01-14,33212.0,36588.0,33118.8,60227.99999999999,51259.5
2021-01-15,37471.0,36588.0,28466.3,60227.99999999999,51259.5
2021-01-16,0.0,0.0,0.0,0.0,0.0
2021-01-17,0.0,0.0,0.0,0.0,0.0
2021-01-18,33179.8,36588.0,23510.8,60227.99999999999,51259.5
2021-01-19,33179.8,40935.6,23574.4,60227.99999999999,51259.5
2021-01-20,33179.8,36576.0,13137.6,60227.99999999999,51259.5
2021-01-21,28696.199999999997,32208.1,53488.8,57342.99999999999,51259.5
2021-01-22,28696.199999999997,22487.1,53488.8,57342.99999999999,51259.5
2021-01-23,0.0,0.0,0.0,0.0,0.0
2021-01-24,0.0,0.0,0.0,0.0,0.0
2021-01-25,28696.199999999997,17295.2,45928.4,57342.99999999999,51259.5
2021-01-26,28696.199999999997,22487.1,45928.4,57342.99999999999,51259.5
2021-01-27,33152.2,27434.0,49774.399999999994,54000.0,51259.5
2021-01-28,33152.2,32187.5,53397.6,56757.99999999999,51259.5
2021-01-29,37423.3,36744.0,53397.6,56757.99999999999,51259.5
2021-01-30,0.0,0.0,0.0,0.0,0.0
2021-01-31,0.0,0.0,0.0,0.0,0.0
2021-02-01,37423.3,32218.4,53397.6,59654.0,51259.5
2021-02-02,37423.3,27442.6,50273.6,57252.0,51259.5
2021-02-03,37423.3,22514.7,50273.6,54179.99999999999,51259.5
2021-02-04,37423.3,27468.399999999998,50294.4,54179.99999999999,54312.0
2021-02-05,41478.0,17336.8,46868.399999999994,54179.99999999999,54312.0
2021-02-06,0.0,0.0,0.0,0.0,0.0
2021-02-07,0.0,0.0,0.0,0.0,0.0
2021-02-08,0.0,0.0,0.0,0.0,0.0
2021-02-09,37380.9,49692.5,46868.399999999994,54179.99999999999,54312.0
2021-02-10,33110.8,45743.399999999994,42722.4,54179.99999999999,54312.0
2021-02-11,0.0,0.0,0.0,0.0,0.0
2021-02-12,0.0,0.0,0.0,0.0,0.0
2021-02-13,0.0,0.0,0.0,0.0,0.0
2021-02-14,0.0,0.0,0.0,0.0,0.0
2021-02-15,0.0,0.0,0.0,0.0,0.0
2021-02-16,0.0,0.0,0.0,0.0,0.0
2021-02-17,0.0,0.0,0.0,0.0,0.0
2021-02-18,28707.899999999998,53348.6,43192.8,54179.99999999999,57179.4
2021-02-19,28707.899999999998,53270.1,47282.0,54179.99999999999,57179.4
2021-02-20,0.0,0.0,0.0,0.0,0.0
2021-02-21,0.0,0.0,0.0,0.0,0.0
2021-02-22,24028.800000000003,60143.5,47319.6,54179.99999999999,57179.4
2021-02-23,28594.8,60143.5,50648.0,57018.0,54253.600000000006
2021-02-24,28594.8,69325.8,57883.200000000004,57018.0,54253.600000000006
2021-02-25,33041.799999999996,66392.1,54446.399999999994,57018.0,54253.600000000006
2021-02-26,37290.799999999996,68395.09999999999,56568.8,59500.0,57100.9
2021-02-27,0.0,0.0,0.0,0.0,0.0
2021-02-28,0.0,0.0,0.0,0.0,0.0
2021-03-01,33023.4,68395.09999999999,56568.8,56368.00000000001,57100.9
2021-03-02,33023.4,68463.2,53785.2,53160.0,59354.4
2021-03-03,33023.4,68463.2,53762.4,56355.0,59354.4
2021-03-04,33023.4,71215.5,60567.99999999999,59373.99999999999,59354.4
2021-03-05,37274.9,70613.0,59871.2,62265.0,59354.4
2021-03-06,0.0,0.0,0.0,0.0,0.0
2021-03-07,0.0,0.0,0.0,0.0,0.0
2021-03-08,37269.6,77853.3,66035.2,59304.0,59354.4
2021-03-09,41316.0,77853.3,68519.2,62010.00000000001,59354.4
2021-03-10,45191.5,77853.3,66866.79999999999,59808.0,59354.4
2021-03-11,41304.0,75535.2,63907.2,59808.0,59354.4
2021-03-12,0.0,0.0,0.0,0.0,0.0
2021-03-13,0.0,0.0,0.0,0.0,0.0
2021-03-14,0.0,0.0,0.0,0.0,0.0
2021-03-15,41304.0,77796.7,69864.0,59808.0,59354.4
2021-03-16,41304.0,77796.7,69864.0,56693.0,59354.4
2021-03-17,41304.0,77796.7,66928.4,56693.0,59354.4
2021-03-18,41304.0,75427.59999999999,63878.4,56693.0,56708.4
2021-03-19,41304.0,77711.8,66897.6,59808.0,56708.4
2021-03-20,0.0,0.0,0.0,0.0,0.0
2021-03-21,0.0,0.0,0.0,0.0,0.0
2021-03-22,0.0,0.0,0.0,0.0,0.0
2021-03-23,41304.0,77711.8,69798.40000000001,59808.0,56708.4
2021-03-24,41304.0,77711.8,69798.40000000001,56653.99999999999,56708.4
2021-03-25,41304.0,77711.8,69947.99999999999,56653.99999999999,56708.4
2021-03-26,41304.0,72930.0,67272.8,56653.99999999999,56708.4
2021-03-27,0.0,0.0,0.0,0.0,0.0
2021-03-28,0.0,0.0,0.0,0.0,0.0
2021-03-29,41304.0,72930.0,69878.4,56653.99999999999,56708.4
2021-03-30,41304.0,70323.8,69878.4,56653.99999999999,59455.200000000004
2021-03-31,41304.0,72904.5,67240.0,56653.99999999999,59455.200000000004
2021-04-01,41304.0,70347.9,64495.2,56653.99999999999,59455.200000000004
2021-04-02,37227.2,67600.6,64495.2,53844.0,56677.0
2021-04-03,0.0,0.0,0.0,0.0,0.0
2021-04-04,0.0,0.0,0.0,0.0,0.0
2021-04-05,0.0,0.0,0.0,0.0,0.0
2021-04-06,37227.2,70251.5,64495.2,53844.0,56677.0
2021-04-07,37227.2,70251.5,64495.2,53844.0,56677.0
2021-04-08,37227.2,70251.5,67305.6,50358.0,56677.0
2021-04-09,37227.2,70251.5,67338.4,50358.0,56677.0
2021-04-10,0.0,0.0,0.0,0.0,0.0
2021-04-11,0.0,0.0,0.0,0.0,0.0
2021-04-12,37227.2,72828.0,67338.4,50358.0,56677.0
2021-04-13,41292.0,72828.0,67338.4,50358.0,56677.0
2021-04-14,41292.0,72828.0,67338.4,46720.0,56677.0
2021-04-15,41292.0,75185.5,67338.4,46720.0,56677.0
2021-04-16,37216.6,75185.5,67338.4,46720.0,56677.0
2021-04-17,0.0,0.0,0.0,0.0,0.0
2021-04-18,0.0,0.0,0.0,0.0,0.0
2021-04-19,37216.6,72777.0,67338.4,46720.0,56677.0
2021-04-20,32949.8,70203.29999999999,67338.4,46720.0,56677.0
2021-04-21,32949.8,70203.29999999999,69878.4,50335.99999999999,56677.0
2021-04-22,32949.8,67487.09999999999,69878.4,50335.99999999999,53815.6
2021-04-23,32949.8,64666.8,67207.2,50335.99999999999,53815.6
2021-04-24,0.0,0.0,0.0,0.0,0.0
2021-04-25,0.0,0.0,0.0,0.0,0.0
2021-04-26,32949.8,64645.5,67207.2,50335.99999999999,53815.6
2021-04-27,32949.8,61610.4,67207.2,50335.99999999999,53815.6
2021-04-28,32949.8,58423.0,64371.99999999999,50335.99999999999,53815.6
2021-04-29,0.0,0.0,0.0,0.0,0.0
2021-04-30,32949.8,55113.299999999996,67141.6,50335.99999999999,56708.4
2021-05-01,0.0,0.0,0.0,0.0,0.0
2021-05-02,0.0,0.0,0.0,0.0,0.0
2021-05-03,0.0,0.0,0.0,0.0,0.0
2021-05-04,0.0,0.0,0.0,0.0,0.0
2021-05-05,0.0,0.0,0.0,0.0,0.0
2021-05-06,32949.8,61053.200000000004,69669.59999999999,50335.99999999999,56708.4
2021-05-07,32949.8,64027.799999999996,72164.8,50335.99999999999,54209.8
2021-05-08,0.0,0.0,0.0,0.0,0.0
2021-05-09,0.0,0.0,0.0,0.0,0.0
2021-05-10,32949.8,61053.200000000004,74534.8,50335.99999999999,54209.8
2021-05-11,32949.8,61093.0,75806.40000000001,52848.0,54209.8
2021-05-12,32949.8,57960.5,73564.8,52848.0,54209.8
2021-05-13,0.0,0.0,0.0,0.0,0.0
2021-05-14,32949.8,51197.700000000004,74908.8,52848.0,54209.8
2021-05-15,0.0,0.0,0.0,0.0,0.0
2021-05-16,0.0,0.0,0.0,0.0,0.0
2021-05-17,28516.8,47647.6,74908.8,52848.0,54209.8
2021-05-18,28516.8,51213.4,72711.2,52848.0,51408.0
2021-05-19,0.0,0.0,0.0,0.0,0.0
2021-05-20,0.0,0.0,0.0,0.0,0.0
2021-05-21,28516.8,51213.4,70876.8,52848.0,51408.0
2021-05-22,0.0,0.0,0.0,0.0,0.0
2021-05-23,0.0,0.0,0.0,0.0,0.0
2021-05-24,28516.8,54549.0,73215.6,52848.0,51408.0
2021-05-25,28516.8,51103.5,70876.8,49488.99999999999,51408.0
2021-05-26,28516.8,51103.5,68416.8,49488.99999999999,51408.0
2021-05-27,0.0,0.0,0.0,0.0,0.0
2021-05-28,23868.8,51103.5,68416.8,49488.99999999999,51408.0
2021-05-29,0.0,0.0,0.0,0.0,0.0
2021-05-30,0.0,0.0,0.0,0.0,0.0
2021-05-31,0.0,0.0,0.0,0.0,0.0
2021-06-01,23868.8,47576.1,63047.600000000006,49488.99999999999,51408.0
2021-06-02,0.0,0.0,0.0,0.0,0.0
2021-06-03,23868.8,51150.6,65206.4,49488.99999999999,51408.0
2021-06-04,23868.8,51150.6,66816.0,49488.99999999999,54020.0
2021-06-05,0.0,0.0,0.0,0.0,0.0
2021-06-06,0.0,0.0,0.0,0.0,0.0
2021-06-07,0.0,0.0,0.0,0.0,0.0
2021-06-08,23868.8,51150.6,69220.8,49488.99999999999,51273.0
2021-06-09,0.0,0.0,0.0,0.0,0.0
2021-06-10,0.0,0.0,0.0,0.0,0.0
2021-06-11,0.0,0.0,0.0,0.0,0.0
2021-06-12,0.0,0.0,0.0,0.0,0.0
2021-06-13,0.0,0.0,0.0,0.0,0.0
2021-06-14,0.0,0.0,0.0,0.0,0.0
2021-06-15,23868.8,51150.6,69220.8,46130.00000000001,54297.4
2021-06-16,28505.100000000002,57812.5,69220.8,46130.00000000001,54297.4
2021-06-17,28505.100000000002,57812.5,71430.8,46130.00000000001,54297.4
2021-06-18,23865.600000000002,54514.8,69110.4,46130.00000000001,56928.2
2021-06-19,0.0,0.0,0.0,0.0,0.0
2021-06-20,0.0,0.0,0.0,0.0,0.0
2021-06-21,0.0,0.0,0.0,0.0,0.0
2021-06-22,23865.600000000002,51056.399999999994,71392.0,46130.00000000001,56928.2
2021-06-23,23865.600000000002,51056.399999999994,71392.0,42561.0,56928.2
2021-06-24,23865.600000000002,54480.6,69110.4,42561.0,56928.2
2021-06-25,19020.0,54480.6,66676.8,42561.0,56928.2
2021-06-26,0.0,0.0,0.0,0.0,0.0
2021-06-27,0.0,0.0,0.0,0.0,0.0
2021-06-28,19020.0,57375.6,64288.0,42561.0,56928.2
2021-06-29,19020.0,57375.6,66816.0,42561.0,56928.2
2021-06-30,19020.0,57375.6,66816.0,38600.0,56928.2
2021-07-01,19020.0,57387.6,66816.0,38600.0,56928.2
2021-07-02,23843.199999999997,57375.6,69220.8,38600.0,56928.2
2021-07-03,0.0,0.0,0.0,0.0,0.0
2021-07-04,0.0,0.0,0.0,0.0,0.0
2021-07-05,23843.199999999997,57031.200000000004,71236.8,38600.0,56928.2
2021-07-06,23843.199999999997,56832.0,73399.2,38600.0,56928.2
2021-07-07,23843.199999999997,56918.4,73399.2,34454.0,56928.2
2021-07-08,0.0,0.0,0.0,0.0,0.0
2021-07-09,19002.5,56758.0,73399.2,34454.0,56928.2
2021-07-10,0.0,0.0,0.0,0.0,0.0
2021-07-11,0.0,0.0,0.0,0.0,0.0
2021-07-12,19002.5,56888.8,73399.2,34454.0,56928.2
2021-07-13,13959.0,56888.8,73399.2,34454.0,56928.2
2021-07-14,13959.0,56888.8,73399.2,34454.0,54005.399999999994
2021-07-15,0.0,0.0,0.0,0.0,0.0
2021-07-16,0.0,0.0,0.0,0.0,0.0
2021-07-17,0.0,0.0,0.0,0.0,0.0
2021-07-18,0.0,0.0,0.0,0.0,0.0
2021-07-19,13959.0,56886.99999999999,73399.2,34454.0,54005.399999999994
2021-07-20,0.0,0.0,0.0,0.0,0.0
2021-07-21,13959.0,56908.799999999996,73399.2,34454.0,54005.399999999994
2021-07-22,13959.0,56886.99999999999,73399.2,34454.0,54005.399999999994
2021-07-23,49839.299999999996,56773.200000000004,73399.2,34454.0,54005.399999999994
2021-07-24,0.0,0.0,0.0,0.0,0.0
2021-07-25,0.0,0.0,0.0,0.0,0.0
2021-07-26,53468.1,56448.0,73399.2,30137.999999999996,54005.399999999994
2021-07-27,56827.5,56304.0,73399.2,30137.999999999996,54005.399999999994
2021-07-28,59899.5,56225.799999999996,73399.2,30137.999999999996,54005.399999999994
2021-07-29,56580.0,56985.6,73399.2,30137.999999999996,54005.399999999994
2021-07-30,56580.0,56985.6,73399.2,34454.0,54005.399999999994
2021-07-31,0.0,0.0,0.0,0.0,0.0
2021-08-01,0.0,0.0,0.0,0.0,0.0
2021-08-02,53095.5,57062.4,73399.2,34454.0,54005.399999999994
2021-08-03,53095.5,57350.0,73399.2,34454.0,54005.399999999994
2021-08-04,0.0,0.0,0.0,0.0,0.0
2021-08-05,0.0,0.0,0.0,0.0,0.0
2021-08-06,53095.5,56985.6,73399.2,30215.999999999996,54005.399999999994
2021-08-07,0.0,0.0,0.0,0.0,0.0
2021-08-08,0.0,0.0,0.0,0.0,0.0
2021-08-09,53095.5,56985.6,73399.2,30215.999999999996,55813.5
2021-08-10,49473.9,57077.8,73399.2,30215.999999999996,55813.5
2021-08-11,49473.9,56908.8,73399.2,30215.999999999996,55813.5
2021-08-12,0.0,0.0,0.0,0.0,0.0
2021-08-13,49473.9,56773.2,73399.2,30215.999999999996,55813.5
2021-08-14,0.0,0.0,0.0,0.0,0.0
2021-08-15,0.0,0.0,0.0,0.0,0.0
2021-08-16,49473.9,56773.2,73399.2,30215.999999999996,53085.6
2021-08-17,49473.9,56595.6,73399.2,30215.999999999996,53085.6
2021-08-18,0.0,0.0,0.0,0.0,0.0
2021-08-19,49473.9,56595.6,73399.2,34545.0,53085.6
2021-08-20,0.0,0.0,0.0,0.0,0.0
2021-08-21,0.0,0.0,0.0,0.0,0.0
2021-08-22,0.0,0.0,0.0,0.0,0.0
2021-08-23,49473.9,56595.6,73399.2,30204.0,53085.6
2021-08-24,0.0,0.0,0.0,0.0,0.0
2021-08-25,45668.4,56595.6,73399.2,30204.0,53085.6
2021-08-26,0.0,0.0,0.0,0.0,0.0
2021-08-27,0.0,0.0,0.0,0.0,0.0
2021-08-28,0.0,0.0,0.0,0.0,0.0
2021-08-29,0.0,0.0,0.0,0.0,0.0
2021-08-30,45668.4,56595.6,73399.2,25750.0,53085.6
2021-08-31,0.0,0.0,0.0,0.0,0.0
2021-09-01,0.0,0.0,0.0,0.0,0.0
2021-09-02,41707.8,56595.6,73399.2,25750.0,53085.6
2021-09-03,0.0,0.0,0.0,0.0,0.0
2021-09-04,0.0,0.0,0.0,0.0,0.0
2021-09-05,0.0,0.0,0.0,0.0,0.0
2021-09-06,41707.8,56595.6,73399.2,25750.0,50098.5
2021-09-07,37579.50000000001,56595.6,73399.2,25750.0,50098.5
2021-09-08,0.0,0.0,0.0,0.0,0.0
2021-09-09,33239.7,56595.6,73399.2,25750.0,53085.6
2021-09-10,0.0,0.0,0.0,0.0,0.0
2021-09-11,0.0,0.0,0.0,0.0,0.0
2021-09-12,0.0,0.0,0.0,0.0,0.0
2021-09-13,0.0,0.0,0.0,0.0,0.0
2021-09-14,0.0,0.0,0.0,0.0,0.0
2021-09-15,0.0,0.0,0.0,0.0,0.0
2021-09-16,0.0,0.0,0.0,0.0,0.0
2021-09-17,37548.0,56595.6,73399.2,25750.0,53085.6
2021-09-18,0.0,0.0,0.0,0.0,0.0
2021-09-19,0.0,0.0,0.0,0.0,0.0
2021-09-20,0.0,0.0,0.0,0.0,0.0
2021-09-21,0.0,0.0,0.0,0.0,0.0
2021-09-22,37548.0,56595.6,73399.2,29976.000000000004,53085.6
2021-09-23,0.0,0.0,0.0,0.0,0.0
2021-09-24,0.0,0.0,0.0,0.0,0.0
2021-09-25,0.0,0.0,0.0,0.0,0.0
2021-09-26,0.0,0.0,0.0,0.0,0.0
2021-09-27,41702.7,56595.6,73399.2,25480.0,53085.6
2021-09-28,41702.7,56595.6,73399.2,25480.0,55939.100000000006
2021-09-29,45674.1,56595.6,73399.2,29394.0,55939.100000000006
2021-09-30,0.0,0.0,0.0,0.0,0.0
2021-10-01,0.0,0.0,0.0,0.0,0.0
2021-10-02,0.0,0.0,0.0,0.0,0.0
2021-10-03,0.0,0.0,0.0,0.0,0.0
2021-10-04,0.0,0.0,0.0,0.0,0.0
2021-10-05,0.0,0.0,0.0,0.0,0.0
2021-10-06,0.0,0.0,0.0,0.0,0.0
2021-10-07,0.0,0.0,0.0,0.0,0.0
2021-10-08,0.0,0.0,0.0,0.0,0.0
2021-10-09,0.0,0.0,0.0,0.0,0.0
2021-10-10,0.0,0.0,0.0,0.0,0.0
2021-10-11,0.0,0.0,0.0,0.0,0.0
2021-10-12,49467.6,56595.6,73399.2,29394.0,55939.100000000006
2021-10-13,0.0,0.0,0.0,0.0,0.0
2021-10-14,49467.6,56595.6,73399.2,29394.0,53085.6
2021-10-15,49467.6,56595.6,73399.2,24985.0,53085.6
2021-10-16,0.0,0.0,0.0,0.0,0.0
2021-10-17,0.0,0.0,0.0,0.0,0.0
2021-10-18,0.0,0.0,0.0,0.0,0.0
2021-10-19,0.0,0.0,0.0,0.0,0.0
2021-10-20,45662.7,56595.6,73399.2,24985.0,53085.6
2021-10-21,0.0,0.0,0.0,0.0,0.0
2021-10-22,0.0,0.0,0.0,0.0,0.0
2021-10-23,0.0,0.0,0.0,0.0,0.0
2021-10-24,0.0,0.0,0.0,0.0,0.0
2021-10-25,0.0,0.0,0.0,0.0,0.0
2021-10-26,45662.7,56595.6,73399.2,20388.0,53085.6
2021-10-27,0.0,0.0,0.0,0.0,0.0
2021-10-28,49429.8,56595.6,73399.2,20388.0,53085.6
2021-10-29,0.0,0.0,0.0,0.0,0.0
2021-10-30,0.0,0.0,0.0,0.0,0.0
2021-10-31,0.0,0.0,0.0,0.0,0.0
2021-11-01,49429.8,56595.6,73399.2,15624.0,53085.6
2021-11-02,0.0,0.0,0.0,0.0,0.0
2021-11-03,0.0,0.0,0.0,0.0,0.0
2021-11-04,49429.8,56595.6,73399.2,10628.0,53085.6
2021-11-05,0.0,0.0,0.0,0.0,0.0
2021-11-06,0.0,0.0,0.0,0.0,0.0
2021-11-07,0.0,0.0,0.0,0.0,0.0
2021-11-08,0.0,0.0,0.0,0.0,0.0
2021-11-09,0.0,0.0,0.0,0.0,0.0
2021-11-10,0.0,0.0,0.0,0.0,0.0
2021-11-11,49429.8,56595.6,73399.2,10628.0,50166.0
2021-11-12,45634.200000000004,56595.6,73399.2,10628.0,50166.0
2021-11-13,0.0,0.0,0.0,0.0,0.0
2021-11-14,0.0,0.0,0.0,0.0,0.0
2021-11-15,0.0,0.0,0.0,0.0,0.0
2021-11-16,0.0,0.0,0.0,0.0,0.0
2021-11-17,0.0,0.0,0.0,0.0,0.0
2021-11-18,0.0,0.0,0.0,0.0,0.0
2021-11-19,45634.200000000004,56595.6,73399.2,49873.200000000004,50166.0
2021-11-20,0.0,0.0,0.0,0.0,0.0
2021-11-21,0.0,0.0,0.0,0.0,0.0
2021-11-22,0.0,0.0,0.0,0.0,0.0
2021-11-23,41656.799999999996,56595.6,73399.2,49873.200000000004,53129.399999999994
2021-11-24,0.0,0.0,0.0,0.0,0.0
2021-11-25,0.0,0.0,0.0,0.0,0.0
2021-11-26,0.0,0.0,0.0,0.0,0.0
2021-11-27,0.0,0.0,0.0,0.0,0.0
2021-11-28,0.0,0.0,0.0,0.0,0.0
2021-11-29,41656.799999999996,56595.6,73399.2,53429.0,53129.399999999994
2021-11-30,0.0,0.0,0.0,0.0,0.0
2021-12-01,41656.799999999996,56595.6,73399.2,53429.0,55986.2
2021-12-02,0.0,0.0,0.0,0.0,0.0
2021-12-03,0.0,0.0,0.0,0.0,0.0
2021-12-04,0.0,0.0,0.0,0.0,0.0
2021-12-05,0.0,0.0,0.0,0.0,0.0
2021-12-06,41656.799999999996,56595.6,73399.2,56551.0,55986.2
2021-12-07,0.0,0.0,0.0,0.0,0.0
2021-12-08,41656.799999999996,56595.6,73399.2,53994.6,55986.2
2021-12-09,0.0,0.0,0.0,0.0,0.0
2021-12-10,0.0,0.0,0.0,0.0,0.0
2021-12-11,0.0,0.0,0.0,0.0,0.0
2021-12-12,0.0,0.0,0.0,0.0,0.0
2021-12-13,0.0,0.0,0.0,0.0,0.0
2021-12-14,0.0,0.0,0.0,0.0,0.0
2021-12-15,41656.799999999996,56595.6,73399.2,57453.0,55986.2
2021-12-16,41656.799999999996,56595.6,73399.2,53812.8,55986.2
2021-12-17,41656.799999999996,56595.6,73399.2,57386.99999999999,55986.2
2021-12-18,0.0,0.0,0.0,0.0,0.0
2021-12-19,0.0,0.0,0.0,0.0,0.0
2021-12-20,41656.799999999996,56595.6,73399.2,60832.8,55986.2
2021-12-21,0.0,0.0,0.0,0.0,0.0
2021-12-22,41656.799999999996,56595.6,73399.2,57365.0,55986.2
2021-12-23,0.0,0.0,0.0,0.0,0.0
2021-12-24,0.0,0.0,0.0,0.0,0.0
2021-12-25,0.0,0.0,0.0,0.0,0.0
2021-12-26,0.0,0.0,0.0,0.0,0.0
2021-12-27,41656.799999999996,56595.6,73399.2,53792.6,55986.2
2021-12-28,41656.799999999996,56595.6,73399.2,53792.6,53114.799999999996
2021-12-29,0.0,0.0,0.0,0.0,0.0
2021-12-30,0.0,0.0,0.0,0.0,0.0
2021-12-31,0.0,0.0,0.0,0.0,0.0
2022-01-01,0.0,0.0,0.0,0.0,0.0
2022-01-02,0.0,0.0,0.0,0.0,0.0
2022-01-03,0.0,0.0,0.0,0.0,0.0
2022-01-04,0.0,0.0,0.0,0.0,0.0
2022-01-05,0.0,0.0,0.0,0.0,0.0
2022-01-06,41656.799999999996,56595.6,73399.2,56682.99999999999,53114.799999999996
2022-01-07,0.0,0.0,0.0,0.0,0.0
2022-01-08,0.0,0.0,0.0,0.0,0.0
2022-01-09,0.0,0.0,0.0,0.0,0.0
2022-01-10,0.0,0.0,0.0,0.0,0.0
2022-01-11,45622.799999999996,56595.6,73399.2,56682.99999999999,53114.799999999996
2022-01-12,0.0,0.0,0.0,0.0,0.0
2022-01-13,0.0,0.0,0.0,0.0,0.0
2022-01-14,45622.799999999996,56595.6,73399.2,56459.0,53114.799999999996
2022-01-15,0.0,0.0,0.0,0.0,0.0
2022-01-16,0.0,0.0,0.0,0.0,0.0
2022-01-17,0.0,0.0,0.0,0.0,0.0
2022-01-18,0.0,0.0,0.0,0.0,0.0
2022-01-19,45622.799999999996,56595.6,73399.2,56175.2,53114.799999999996
2022-01-20,0.0,0.0,0.0,0.0,0.0
2022-01-21,49398.3,56595.6,73399.2,55622.799999999996,53114.799999999996
2022-01-22,0.0,0.0,0.0,0.0,0.0
2022-01-23,0.0,0.0,0.0,0.0,0.0
2022-01-24,49398.3,56595.6,73399.2,55318.399999999994,53114.799999999996
2022-01-25,53005.8,56595.6,73399.2,55037.5,53114.799999999996
2022-01-26,0.0,0.0,0.0,0.0,0.0
2022-01-27,56460.0,56595.6,73399.2,54722.4,53114.799999999996
2022-01-28,59705.100000000006,56595.6,73399.2,54722.4,53114.799999999996
2022-01-29,0.0,0.0,0.0,0.0,0.0
2022-01-30,0.0,0.0,0.0,0.0,0.0
2022-01-31,0.0,0.0,0.0,0.0,0.0
2022-02-01,0.0,0.0,0.0,0.0,0.0
2022-02-02,0.0,0.0,0.0,0.0,0.0
2022-02-03,0.0,0.0,0.0,0.0,0.0
2022-02-04,0.0,0.0,0.0,0.0,0.0
2022-02-05,0.0,0.0,0.0,0.0,0.0
2022-02-06,0.0,0.0,0.0,0.0,0.0
2022-02-07,59705.100000000006,56595.6,73399.2,56465.5,53114.799999999996
2022-02-08,56415.0,56595.6,73399.2,56465.5,53114.799999999996
2022-02-09,52950.600000000006,56595.6,73399.2,56465.5,53114.799999999996
2022-02-10,52950.600000000006,56595.6,73399.2,57369.4,53114.799999999996
2022-02-11,52950.600000000006,56595.6,73399.2,57001.0,53114.799999999996
2022-02-12,0.0,0.0,0.0,0.0,0.0
2022-02-13,0.0,0.0,0.0,0.0,0.0
2022-02-14,56385.0,56595.6,73399.2,56232.4,50139.0
2022-02-15,0.0,0.0,0.0,0.0,0.0
2022-02-16,56385.0,56595.6,73399.2,56525.0,50139.0
2022-02-17,0.0,0.0,0.0,0.0,0.0
2022-02-18,52936.799999999996,56595.6,73399.2,55568.0,50139.0
2022-02-19,0.0,0.0,0.0,0.0,0.0
2022-02-20,0.0,0.0,0.0,0.0,0.0
2022-02-21,0.0,0.0,0.0,0.0,0.0
2022-02-22,52936.799999999996,56595.6,73399.2,55231.3,46996.0
2022-02-23,0.0,0.0,0.0,0.0,0.0
2022-02-24,52936.799999999996,56595.6,73399.2,54425.0,46996.0
2022-02-25,52936.799999999996,56595.6,73399.2,54863.5,46996.0
2022-02-26,0.0,0.0,0.0,0.0,0.0
2022-02-27,0.0,0.0,0.0,0.0,0.0
2022-02-28,0.0,0.0,0.0,0.0,0.0
2022-03-01,52936.799999999996,56595.6,73399.2,55205.6,46996.0
2022-03-02,0.0,0.0,0.0,0.0,0.0
2022-03-03,0.0,0.0,0.0,0.0,0.0
2022-03-04,0.0,0.0,0.0,0.0,0.0
2022-03-05,0.0,0.0,0.0,0.0,0.0
2022-03-06,0.0,0.0,0.0,0.0,0.0
2022-03-07,56340.0,56595.6,73399.2,53944.0,44465.5
2022-03-08,62727.0,56595.6,73399.2,53616.4,44465.5
2022-03-09,65648.7,56595.6,73399.2,53616.4,40953.0
2022-03-10,62727.0,56595.6,73399.2,54250.5,44013.5
2022-03-11,62605.2,56595.6,73399.2,54250.5,44013.5
2022-03-12,0.0,0.0,0.0,0.0,0.0
2022-03-13,0.0,0.0,0.0,0.0,0.0
2022-03-14,62605.2,56595.6,73399.2,53927.4,44013.5
2022-03-15,67171.5,56595.6,73399.2,53927.4,44013.5
2022-03-16,64458.3,56595.6,73399.2,53927.4,47330.8
2022-03-17,61509.0,56595.6,73399.2,55476.5,47330.8
2022-03-18,0.0,0.0,0.0,0.0,0.0
2022-03-19,0.0,0.0,0.0,0.0,0.0
2022-03-20,0.0,0.0,0.0,0.0,0.0
2022-03-21,61509.0,56595.6,73399.2,56232.4,47330.8
2022-03-22,0.0,0.0,0.0,0.0,0.0
2022-03-23,58449.6,56595.6,73399.2,56703.5,47330.8
2022-03-24,0.0,0.0,0.0,0.0,0.0
2022-03-25,61474.2,56595.6,73399.2,56703.5,44228.200000000004
2022-03-26,0.0,0.0,0.0,0.0,0.0
2022-03-27,0.0,0.0,0.0,0.0,0.0
2022-03-28,0.0,0.0,0.0,0.0,0.0
2022-03-29,61474.2,56595.6,73399.2,57135.0,44228.200000000004
2022-03-30,0.0,0.0,0.0,0.0,0.0
2022-03-31,61474.2,56595.6,73399.2,57135.0,47554.0
2022-04-01,0.0,0.0,0.0,0.0,0.0
2022-04-02,0.0,0.0,0.0,0.0,0.0
2022-04-03,0.0,0.0,0.0,0.0,0.0
2022-04-04,0.0,0.0,0.0,0.0,0.0
2022-04-05,0.0,0.0,0.0,0.0,0.0
2022-04-06,0.0,0.0,0.0,0.0,0.0
2022-04-07,61474.2,56595.6,73399.2,56168.0,47554.0
2022-04-08,64393.200000000004,56595.6,73399.2,56168.0,47554.0
2022-04-09,0.0,0.0,0.0,0.0,0.0
2022-04-10,0.0,0.0,0.0,0.0,0.0
2022-04-11,67141.8,56595.6,73399.2,56168.0,47554.0
2022-04-12,67141.8,56595.6,73399.2,54964.0,44205.6
2022-04-13,0.0,0.0,0.0,0.0,0.0
2022-04-14,64337.4,56595.6,73399.2,55275.5,44205.6
2022-04-15,64337.4,56595.6,73399.2,54722.4,44205.6
2022-04-16,0.0,0.0,0.0,0.0,0.0
2022-04-17,0.0,0.0,0.0,0.0,0.0
2022-04-18,66627.0,56595.6,73399.2,54722.4,44205.6
2022-04-19,0.0,0.0,0.0,0.0,0.0
2022-04-20,66627.0,56595.6,73399.2,55037.5,44205.6
2022-04-21,71728.2,56595.6,73399.2,55037.5,44205.6
2022-04-22,71728.2,56595.6,73399.2,54420.4,44205.6
2022-04-23,0.0,0.0,0.0,0.0,0.0
2022-04-24,0.0,0.0,0.0,0.0,0.0
2022-04-25,76063.2,56595.6,73399.2,54420.4,44205.6
2022-04-26,0.0,0.0,0.0,0.0,0.0
2022-04-27,76063.2,56595.6,73399.2,53637.5,44205.6
2022-04-28,76063.2,56595.6,73399.2,53937.200000000004,44205.6
2022-04-29,73944.0,56595.6,73399.2,53937.200000000004,44205.6
2022-04-30,0.0,0.0,0.0,0.0,0.0
2022-05-01,0.0,0.0,0.0,0.0,0.0
2022-05-02,0.0,0.0,0.0,0.0,0.0
2022-05-03,0.0,0.0,0.0,0.0,0.0
2022-05-04,0.0,0.0,0.0,0.0,0.0
2022-05-05,73944.0,56595.6,73399.2,54442.5,44205.6
2022-05-06,73944.0,56595.6,73399.2,52668.8,44205.6
2022-05-07,0.0,0.0,0.0,0.0,0.0
2022-05-08,0.0,0.0,0.0,0.0,0.0
2022-05-09,0.0,0.0,0.0,0.0,0.0
2022-05-10,73944.0,56595.6,73399.2,51492.0,44205.6
2022-05-11,69058.5,56595.6,73399.2,51762.799999999996,44205.6
2022-05-12,71384.1,56595.6,73399.2,51308.1,44205.6
2022-05-13,0.0,0.0,0.0,0.0,0.0
2022-05-14,0.0,0.0,0.0,0.0,0.0
2022-05-15,0.0,0.0,0.0,0.0,0.0
2022-05-16,68974.5,56595.6,73399.2,52185.6,44205.6
2022-05-17,0.0,0.0,0.0,0.0,0.0
2022-05-18,0.0,0.0,0.0,0.0,0.0
2022-05-19,68974.5,56595.6,73399.2,50572.5,44205.6
2022-05-20,0.0,0.0,0.0,0.0,0.0
2022-05-21,0.0,0.0,0.0,0.0,0.0
2022-05-22,0.0,0.0,0.0,0.0,0.0
2022-05-23,66379.5,56595.6,73399.2,50572.5,44205.6
2022-05-24,68985.0,56595.6,73399.2,50572.5,44205.6
2022-05-25,0.0,0.0,0.0,0.0,0.0
2022-05-26,0.0,0.0,0.0,0.0,0.0
2022-05-27,66409.2,56595.6,73399.2,50917.2,44205.6
2022-05-28,0.0,0.0,0.0,0.0,0.0
2022-05-29,0.0,0.0,0.0,0.0,0.0
2022-05-30,66409.2,56595.6,73399.2,52241.0,44205.6
2022-05-31,0.0,0.0,0.0,0.0,0.0
2022-06-01,0.0,0.0,0.0,0.0,0.0
2022-06-02,63649.200000000004,56595.6,73399.2,51944.0,44205.6
2022-06-03,0.0,0.0,0.0,0.0,0.0
2022-06-04,0.0,0.0,0.0,0.0,0.0
2022-06-05,0.0,0.0,0.0,0.0,0.0
2022-06-06,60795.600000000006,56595.6,73399.2,51944.0,44205.6
2022-06-07,0.0,0.0,0.0,0.0,0.0
2022-06-08,0.0,0.0,0.0,0.0,0.0
2022-06-09,0.0,0.0,0.0,0.0,0.0
2022-06-10,60795.600000000006,56595.6,73399.2,51553.299999999996,44205.6
2022-06-11,0.0,0.0,0.0,0.0,0.0
2022-06-12,0.0,0.0,0.0,0.0,0.0
2022-06-13,60795.600000000006,56595.6,73399.2,50817.399999999994,44205.6
2022-06-14,57736.8,56595.6,73399.2,50817.399999999994,44205.6
2022-06-15,57736.8,56595.6,73399.2,50817.399999999994,47504.4
2022-06-16,0.0,0.0,0.0,0.0,0.0
2022-06-17,0.0,0.0,0.0,0.0,0.0
2022-06-18,0.0,0.0,0.0,0.0,0.0
2022-06-19,0.0,0.0,0.0,0.0,0.0
2022-06-20,0.0,0.0,0.0,0.0,0.0
2022-06-21,0.0,0.0,0.0,0.0,0.0
2022-06-22,0.0,0.0,0.0,0.0,0.0
2022-06-23,0.0,0.0,0.0,0.0,0.0
2022-06-24,0.0,0.0,0.0,0.0,0.0
2022-06-25,0.0,0.0,0.0,0.0,0.0
2022-06-26,0.0,0.0,0.0,0.0,0.0
2022-06-27,54600.0,56595.6,73399.2,51492.0,47504.4
2022-06-28,0.0,0.0,0.0,0.0,0.0
2022-06-29,54600.0,56595.6,73399.2,50133.200000000004,47504.4
2022-06-30,0.0,0.0,0.0,0.0,0.0
2022-07-01,0.0,0.0,0.0,0.0,0.0
2022-07-02,0.0,0.0,0.0,0.0,0.0
2022-07-03,0.0,0.0,0.0,0.0,0.0
2022-07-04,0.0,0.0,0.0,0.0,0.0
2022-07-05,51391.200000000004,56595.6,73399.2,50133.200000000004,47504.4
2022-07-06,54742.5,56595.6,73399.2,50449.899999999994,50355.0
2022-07-07,0.0,0.0,0.0,0.0,0.0
2022-07-08,54742.5,56595.6,73399.2,50736.0,50355.0
2022-07-09,0.0,0.0,0.0,0.0,0.0
2022-07-10,0.0,0.0,0.0,0.0,0.0
2022-07-11,0.0,0.0,0.0,0.0,0.0
2022-07-12,57931.200000000004,56595.6,73399.2,49959.5,50355.0
2022-07-13,57931.200000000004,56595.6,73399.2,49959.5,53348.4
2022-07-14,0.0,0.0,0.0,0.0,0.0
2022-07-15,0.0,0.0,0.0,0.0,0.0
2022-07-16,0.0,0.0,0.0,0.0,0.0
2022-07-17,0.0,0.0,0.0,0.0,0.0
2022-07-18,57931.200000000004,56595.6,73399.2,50373.6,53348.4
2022-07-19,0.0,0.0,0.0,0.0,0.0
2022-07-20,54750.0,56595.6,73399.2,50694.0,53348.4
2022-07-21,0.0,0.0,0.0,0.0,0.0
2022-07-22,57898.799999999996,56595.6,73399.2,50982.0,53348.4
2022-07-23,0.0,0.0,0.0,0.0,0.0
2022-07-24,0.0,0.0,0.0,0.0,0.0
2022-07-25,57898.799999999996,56595.6,73399.2,50694.0,53348.4
2022-07-26,0.0,0.0,0.0,0.0,0.0
2022-07-27,0.0,0.0,0.0,0.0,0.0
2022-07-28,54712.5,56595.6,73399.2,50694.0,53348.4
2022-07-29,54712.5,56595.6,73399.2,51802.4,50328.0
2022-07-30,0.0,0.0,0.0,0.0,0.0
2022-07-31,0.0,0.0,0.0,0.0,0.0
2022-08-01,57890.700000000004,56595.6,73399.2,51802.4,50328.0
2022-08-02,57858.299999999996,56595.6,73399.2,51802.4,50328.0
2022-08-03,60900.0,56595.6,73399.2,51802.4,50328.0
2022-08-04,60900.0,56595.6,73399.2,52449.3,50328.0
2022-08-05,57890.700000000004,56595.6,73399.2,52449.3,50328.0
2022-08-06,0.0,0.0,0.0,0.0,0.0
2022-08-07,0.0,0.0,0.0,0.0,0.0
2022-08-08,0.0,0.0,0.0,0.0,0.0
2022-08-09,0.0,0.0,0.0,0.0,0.0
2022-08-10,57890.700000000004,56595.6,73399.2,52154.0,47157.2
2022-08-11,54675.0,56595.6,73399.2,53084.0,47157.2
2022-08-12,0.0,0.0,0.0,0.0,0.0
2022-08-13,0.0,0.0,0.0,0.0,0.0
2022-08-14,0.0,0.0,0.0,0.0,0.0
2022-08-15,0.0,0.0,0.0,0.0,0.0
2022-08-16,54675.0,56595.6,73399.2,53448.799999999996,47157.2
2022-08-17,51308.4,56595.6,73399.2,53448.799999999996,47157.2
2022-08-18,0.0,0.0,0.0,0.0,0.0
2022-08-19,0.0,0.0,0.0,0.0,0.0
2022-08-20,0.0,0.0,0.0,0.0,0.0
2022-08-21,0.0,0.0,0.0,0.0,0.0
2022-08-22,54622.5,56595.6,73399.2,52737.8,47157.2
2022-08-23,54622.5,56595.6,73399.2,52447.0,47157.2
2022-08-24,0.0,0.0,0.0,0.0,0.0
2022-08-25,0.0,0.0,0.0,0.0,0.0
2022-08-26,54622.5,56595.6,73399.2,52853.200000000004,47157.2
2022-08-27,0.0,0.0,0.0,0.0,0.0
2022-08-28,0.0,0.0,0.0,0.0,0.0
2022-08-29,57115.85,56595.6,73399.2,51040.6,47157.2
2022-08-30,0.0,0.0,0.0,0.0,0.0
2022-08-31,0.0,0.0,0.0,0.0,0.0
2022-09-01,57115.85,56595.6,73399.2,50753.5,50301.0
2022-09-02,0.0,0.0,0.0,0.0,0.0
2022-09-03,0.0,0.0,0.0,0.0,0.0
2022-09-04,0.0,0.0,0.0,0.0,0.0
2022-09-05,0.0,0.0,0.0,0.0,0.0
2022-09-06,0.0,0.0,0.0,0.0,0.0
2022-09-07,0.0,0.0,0.0,0.0,0.0
2022-09-08,57115.85,56595.6,73399.2,51040.6,50301.0
2022-09-09,0.0,0.0,0.0,0.0,0.0
2022-09-10,0.0,0.0,0.0,0.0,0.0
2022-09-11,0.0,0.0,0.0,0.0,0.0
2022-09-12,0.0,0.0,0.0,0.0,0.0
2022-09-13,54460.6,56595.6,73399.2,51641.5,50301.0
2022-09-14,54460.6,56595.6,73399.2,50044.4,50301.0
2022-09-15,59601.520000000004,56595.6,73399.2,50044.4,50301.0
2022-09-16,61934.79,56595.6,73399.2,50044.4,50301.0
2022-09-17,0.0,0.0,0.0,0.0,0.0
2022-09-18,0.0,0.0,0.0,0.0,0.0
2022-09-19,0.0,0.0,0.0,0.0,0.0
2022-09-20,0.0,0.0,0.0,0.0,0.0
2022-09-21,0.0,0.0,0.0,0.0,0.0
2022-09-22,61934.79,56595.6,73399.2,49385.0,50301.0
2022-09-23,61893.229999999996,56595.6,73399.2,49385.0,50301.0
2022-09-24,0.0,0.0,0.0,0.0,0.0
2022-09-25,0.0,0.0,0.0,0.0,0.0
2022-09-26,64115.659999999996,56595.6,73399.2,49385.0,50301.0
2022-09-27,0.0,0.0,0.0,0.0,0.0
2022-09-28,0.0,0.0,0.0,0.0,0.0
2022-09-29,0.0,0.0,0.0,0.0,0.0
2022-09-30,66225.26000000001,56595.6,73399.2,48984.4,50301.0
2022-10-01,0.0,0.0,0.0,0.0,0.0
2022-10-02,0.0,0.0,0.0,0.0,0.0
2022-10-03,0.0,0.0,0.0,0.0,0.0
2022-10-04,0.0,0.0,0.0,0.0,0.0
2022-10-05,0.0,0.0,0.0,0.0,0.0
2022-10-06,0.0,0.0,0.0,0.0,0.0
2022-10-07,0.0,0.0,0.0,0.0,0.0
2022-10-08,0.0,0.0,0.0,0.0,0.0
2022-10-09,0.0,0.0,0.0,0.0,0.0
2022-10-10,66225.26000000001,56595.6,73399.2,48672.200000000004,47516.799999999996
2022-10-11,0.0,0.0,0.0,0.0,0.0
2022-10-12,66317.98000000001,56595.6,73399.2,48672.200000000004,47516.799999999996
2022-10-13,64159.62,56595.6,73399.2,48672.200000000004,47516.799999999996
2022-10-14,61945.18,56595.6,73399.2,48924.0,47516.799999999996
2022-10-15,0.0,0.0,0.0,0.0,0.0
2022-10-16,0.0,0.0,0.0,0.0,0.0
2022-10-17,61945.18,56595.6,73399.2,48488.3,47516.799999999996
2022-10-18,61945.18,56595.6,73399.2,49286.399999999994,47516.799999999996
2022-10-19,0.0,0.0,0.0,0.0,0.0
2022-10-20,0.0,0.0,0.0,0.0,0.0
2022-10-21,0.0,0.0,0.0,0.0,0.0
2022-10-22,0.0,0.0,0.0,0.0,0.0
2022-10-23,0.0,0.0,0.0,0.0,0.0
2022-10-24,61945.18,56595.6,73399.2,49742.0,47516.799999999996
2022-10-25,64170.61000000001,56595.6,73399.2,49742.0,47516.799999999996
2022-10-26,61882.840000000004,56595.6,73399.2,49742.0,47516.799999999996
2022-10-27,0.0,0.0,0.0,0.0,0.0
2022-10-28,64115.659999999996,56595.6,73399.2,49467.6,47516.799999999996
2022-10-29,0.0,0.0,0.0,0.0,0.0
2022-10-30,0.0,0.0,0.0,0.0,0.0
2022-10-31,64115.659999999996,56595.6,73399.2,50277.5,47516.799999999996
2022-11-01,61830.89,56595.6,73399.2,50277.5,47516.799999999996
2022-11-02,0.0,0.0,0.0,0.0,0.0
2022-11-03,61830.89,56595.6,73399.2,49044.8,47516.799999999996
2022-11-04,59435.09,56595.6,73399.2,49044.8,47516.799999999996
2022-11-05,0.0,0.0,0.0,0.0,0.0
2022-11-06,0.0,0.0,0.0,0.0,0.0
2022-11-07,0.0,0.0,0.0,0.0,0.0
2022-11-08,0.0,0.0,0.0,0.0,0.0
2022-11-09,59435.09,56595.6,73399.2,49044.8,44171.7
2022-11-10,0.0,0.0,0.0,0.0,0.0
2022-11-11,57602.92,56595.6,73399.2,50932.0,44171.7
2022-11-12,0.0,0.0,0.0,0.0,0.0
2022-11-13,0.0,0.0,0.0,0.0,0.0
2022-11-14,60110.6,56595.6,73399.2,50932.0,44171.7
2022-11-15,0.0,0.0,0.0,0.0,0.0
2022-11-16,57566.16,56595.6,73399.2,50932.0,44171.7
2022-11-17,0.0,0.0,0.0,0.0,0.0
2022-11-18,0.0,0.0,0.0,0.0,0.0
2022-11-19,0.0,0.0,0.0,0.0,0.0
2022-11-20,0.0,0.0,0.0,0.0,0.0
2022-11-21,0.0,0.0,0.0,0.0,0.0
2022-11-22,60091.02,56595.6,73399.2,50932.0,44171.7
2022-11-23,0.0,0.0,0.0,0.0,0.0
2022-11-24,0.0,0.0,0.0,0.0,0.0
2022-11-25,0.0,0.0,0.0,0.0,0.0
2022-11-26,0.0,0.0,0.0,0.0,0.0
2022-11-27,0.0,0.0,0.0,0.0,0.0
2022-11-28,62412.729999999996,56595.6,73399.2,50932.0,44171.7
2022-11-29,60022.490000000005,56595.6,73399.2,50932.0,44171.7
2022-11-30,0.0,0.0,0.0,0.0,0.0
2022-12-01,0.0,0.0,0.0,0.0,0.0
2022-12-02,0.0,0.0,0.0,0.0,0.0
2022-12-03,0.0,0.0,0.0,0.0,0.0
2022-12-04,0.0,0.0,0.0,0.0,0.0
2022-12-05,0.0,0.0,0.0,0.0,0.0
2022-12-06,57520.21000000001,56595.6,73399.2,50932.0,44171.7
2022-12-07,57520.21000000001,56595.6,73399.2,50132.0,44171.7
2022-12-08,0.0,0.0,0.0,0.0,0.0
2022-12-09,0.0,0.0,0.0,0.0,0.0
2022-12-10,0.0,0.0,0.0,0.0,0.0
2022-12-11,0.0,0.0,0.0,0.0,0.0
2022-12-12,0.0,0.0,0.0,0.0,0.0
2022-12-13,0.0,0.0,0.0,0.0,0.0
2022-12-14,60042.07,56595.6,73399.2,50396.5,44171.7
2022-12-15,0.0,0.0,0.0,0.0,0.0
2022-12-16,60042.07,56595.6,73399.2,49044.8,44171.7
2022-12-17,0.0,0.0,0.0,0.0,0.0
2022-12-18,0.0,0.0,0.0,0.0,0.0
2022-12-19,62443.899999999994,56595.6,73399.2,49044.8,44171.7
2022-12-20,64720.11,56595.6,73399.2,49044.8,44171.7
2022-12-21,64720.11,56595.6,73399.2,49044.8,40677.6
2022-12-22,0.0,0.0,0.0,0.0,0.0
2022-12-23,66885.89,56595.6,73399.2,49044.8,40677.6
2022-12-24,0.0,0.0,0.0,0.0,0.0
2022-12-25,0.0,0.0,0.0,0.0,0.0
2022-12-26,0.0,0.0,0.0,0.0,0.0
2022-12-27,64698.13,56595.6,73399.2,49044.8,40677.6
2022-12-28,0.0,0.0,0.0,0.0,0.0
2022-12-29,64698.13,56595.6,73399.2,48549.600000000006,40677.6
2022-12-30,0.0,0.0,0.0,0.0,0.0
2022-12-31,0.0,0.0,0.0,0.0,0.0
2023-01-01,0.0,0.0,0.0,0.0,0.0
2023-01-02,0.0,0.0,0.0,0.0,0.0
2023-01-03,64698.13,56595.6,73399.2,48803.200000000004,40677.6
2023-01-04,0.0,0.0,0.0,0.0,0.0
2023-01-05,62402.340000000004,56595.6,73399.2,48803.200000000004,40677.6
2023-01-06,0.0,0.0,0.0,0.0,0.0
2023-01-07,0.0,0.0,0.0,0.0,0.0
2023-01-08,0.0,0.0,0.0,0.0,0.0
2023-01-09,0.0,0.0,0.0,0.0,0.0
2023-01-10,0.0,0.0,0.0,0.0,0.0
2023-01-11,0.0,0.0,0.0,0.0,0.0
2023-01-12,0.0,0.0,0.0,0.0,0.0
2023-01-13,0.0,0.0,0.0,0.0,0.0
2023-01-14,0.0,0.0,0.0,0.0,0.0
2023-01-15,0.0,0.0,0.0,0.0,0.0
2023-01-16,59983.329999999994,56595.6,73399.2,48803.200000000004,37018.799999999996
2023-01-17,0.0,0.0,0.0,0.0,0.0
2023-01-18,0.0,0.0,0.0,0.0,0.0
2023-01-19,0.0,0.0,0.0,0.0,0.0
2023-01-20,57437.5,56595.6,73399.2,48803.200000000004,37018.799999999996
2023-01-21,0.0,0.0,0.0,0.0,0.0
2023-01-22,0.0,0.0,0.0,0.0,0.0
2023-01-23,0.0,0.0,0.0,0.0,0.0
2023-01-24,0.0,0.0,0.0,0.0,0.0
2023-01-25,0.0,0.0,0.0,0.0,0.0
2023-01-26,0.0,0.0,0.0,0.0,0.0
2023-01-27,0.0,0.0,0.0,0.0,0.0
2023-01-28,0.0,0.0,0.0,0.0,0.0
2023-01-29,0.0,0.0,0.0,0.0,0.0
2023-01-30,57437.5,56595.6,73399.2,50218.0,37018.799999999996
2023-01-31,0.0,0.0,0.0,0.0,0.0
2023-02-01,54761.25,56595.6,73399.2,50218.0,37018.799999999996
2023-02-02,54761.25,56595.6,73399.2,50630.4,37018.799999999996
2023-02-03,0.0,0.0,0.0,0.0,0.0
2023-02-04,0.0,0.0,0.0,0.0,0.0
2023-02-05,0.0,0.0,0.0,0.0,0.0
2023-02-06,0.0,0.0,0.0,0.0,0.0
2023-02-07,0.0,0.0,0.0,0.0,0.0
2023-02-08,54761.25,56595.6,73399.2,50891.4,37018.799999999996
2023-02-09,0.0,0.0,0.0,0.0,0.0
2023-02-10,54761.25,56595.6,73399.2,50571.8,40657.200000000004
2023-02-11,0.0,0.0,0.0,0.0,0.0
2023-02-12,0.0,0.0,0.0,0.0,0.0
2023-02-13,0.0,0.0,0.0,0.0,0.0
2023-02-14,0.0,0.0,0.0,0.0,0.0
2023-02-15,0.0,0.0,0.0,0.0,0.0
2023-02-16,54761.25,56595.6,73399.2,51237.6,40657.200000000004
2023-02-17,54761.25,56595.6,73399.2,50982.0,40657.200000000004
2023-02-18,0.0,0.0,0.0,0.0,0.0
2023-02-19,0.0,0.0,0.0,0.0,0.0
2023-02-20,57382.36,56595.6,73399.2,50982.0,40657.200000000004
2023-02-21,54718.3,56595.6,73399.2,50982.0,40657.200000000004
2023-02-22,54718.3,56595.6,73399.2,50634.5,40657.200000000004
2023-02-23,0.0,0.0,0.0,0.0,0.0
2023-02-24,0.0,0.0,0.0,0.0,0.0
2023-02-25,0.0,0.0,0.0,0.0,0.0
2023-02-26,0.0,0.0,0.0,0.0,0.0
2023-02-27,0.0,0.0,0.0,0.0,0.0
2023-02-28,0.0,0.0,0.0,0.0,0.0
2023-03-01,0.0,0.0,0.0,0.0,0.0
2023-03-02,0.0,0.0,0.0,0.0,0.0
2023-03-03,0.0,0.0,0.0,0.0,0.0
2023-03-04,0.0,0.0,0.0,0.0,0.0
2023-03-05,0.0,0.0,0.0,0.0,0.0
2023-03-06,54718.3,56595.6,73399.2,50923.4,37000.6
2023-03-07,0.0,0.0,0.0,0.0,0.0
2023-03-08,0.0,0.0,0.0,0.0,0.0
2023-03-09,0.0,0.0,0.0,0.0,0.0
2023-03-10,57345.6,56595.6,73399.2,50634.5,37000.6
2023-03-11,0.0,0.0,0.0,0.0,0.0
2023-03-12,0.0,0.0,0.0,0.0,0.0
2023-03-13,0.0,0.0,0.0,0.0,0.0
2023-03-14,0.0,0.0,0.0,0.0,0.0
2023-03-15,0.0,0.0,0.0,0.0,0.0
2023-03-16,57345.6,56595.6,73399.2,50634.5,33336.0
2023-03-17,57345.6,56595.6,73399.2,51802.4,33336.0
2023-03-18,0.0,0.0,0.0,0.0,0.0
2023-03-19,0.0,0.0,0.0,0.0,0.0
2023-03-20,57345.6,56595.6,73399.2,51802.4,29469.899999999998
2023-03-21,0.0,0.0,0.0,0.0,0.0
2023-03-22,0.0,0.0,0.0,0.0,0.0
2023-03-23,0.0,0.0,0.0,0.0,0.0
2023-03-24,0.0,0.0,0.0,0.0,0.0
2023-03-25,0.0,0.0,0.0,0.0,0.0
2023-03-26,0.0,0.0,0.0,0.0,0.0
2023-03-27,0.0,0.0,0.0,0.0,0.0
2023-03-28,0.0,0.0,0.0,0.0,0.0
2023-03-29,0.0,0.0,0.0,0.0,0.0
2023-03-30,57345.6,56595.6,73399.2,52045.4,29469.899999999998
2023-03-31,0.0,0.0,0.0,0.0,0.0
2023-04-01,0.0,0.0,0.0,0.0,0.0
2023-04-02,0.0,0.0,0.0,0.0,0.0
2023-04-03,54735.479999999996,56595.6,73399.2,52312.8,29469.899999999998
2023-04-04,0.0,0.0,0.0,0.0,0.0
2023-04-05,0.0,0.0,0.0,0.0,0.0
2023-04-06,0.0,0.0,0.0,0.0,0.0
2023-04-07,0.0,0.0,0.0,0.0,0.0
2023-04-08,0.0,0.0,0.0,0.0,0.0
2023-04-09,0.0,0.0,0.0,0.0,0.0
2023-04-10,0.0,0.0,0.0,0.0,0.0
2023-04-11,0.0,0.0,0.0,0.0,0.0
2023-04-12,0.0,0.0,0.0,0.0,0.0
2023-04-13,54735.479999999996,56595.6,73399.2,51872.3,29469.899999999998
2023-04-14,54735.479999999996,56595.6,73399.2,51872.3,25415.6
2023-04-15,0.0,0.0,0.0,0.0,0.0
2023-04-16,0.0,0.0,0.0,0.0,0.0
2023-04-17,54735.479999999996,56595.6,73399.2,52256.0,25415.6
2023-04-18,54735.479999999996,56595.6,73399.2,52256.0,29628.6
2023-04-19,0.0,0.0,0.0,0.0,0.0
2023-04-20,0.0,0.0,0.0,0.0,0.0
2023-04-21,0.0,0.0,0.0,0.0,0.0
2023-04-22,0.0,0.0,0.0,0.0,0.0
2023-04-23,0.0,0.0,0.0,0.0,0.0
2023-04-24,57382.36,56595.6,73399.2,52256.0,29628.6
2023-04-25,59865.85,56595.6,73399.2,52256.0,29628.6
2023-04-26,0.0,0.0,0.0,0.0,0.0
2023-04-27,0.0,0.0,0.0,0.0,0.0
2023-04-28,57327.22,56595.6,73399.2,52256.0,29628.6
2023-04-29,0.0,0.0,0.0,0.0,0.0
2023-04-30,0.0,0.0,0.0,0.0,0.0
2023-05-01,0.0,0.0,0.0,0.0,0.0
2023-05-02,0.0,0.0,0.0,0.0,0.0
2023-05-03,0.0,0.0,0.0,0.0,0.0
2023-05-04,57327.22,56595.6,73399.2,52256.0,25578.0
2023-05-05,0.0,0.0,0.0,0.0,0.0
2023-05-06,0.0,0.0,0.0,0.0,0.0
2023-05-07,0.0,0.0,0.0,0.0,0.0
2023-05-08,0.0,0.0,0.0,0.0,0.0
2023-05-09,0.0,0.0,0.0,0.0,0.0
2023-05-10,0.0,0.0,0.0,0.0,0.0
2023-05-11,57327.22,56595.6,73399.2,52546.0,25578.0
2023-05-12,59846.270000000004,56595.6,73399.2,52546.0,25578.0
2023-05-13,0.0,0.0,0.0,0.0,0.0
2023-05-14,0.0,0.0,0.0,0.0,0.0
2023-05-15,0.0,0.0,0.0,0.0,0.0
2023-05-16,0.0,0.0,0.0,0.0,0.0
2023-05-17,0.0,0.0,0.0,0.0,0.0
2023-05-18,59846.270000000004,56595.6,73399.2,53075.0,25578.0
2023-05-19,59846.270000000004,56595.6,73399.2,53667.2,29814.899999999998
2023-05-20,0.0,0.0,0.0,0.0,0.0
2023-05-21,0.0,0.0,0.0,0.0,0.0
2023-05-22,0.0,0.0,0.0,0.0,0.0
2023-05-23,0.0,0.0,0.0,0.0,0.0
2023-05-24,0.0,0.0,0.0,0.0,0.0
2023-05-25,62215.32000000001,56595.6,73399.2,53667.2,29814.899999999998
2023-05-26,0.0,0.0,0.0,0.0,0.0
2023-05-27,0.0,0.0,0.0,0.0,0.0
2023-05-28,0.0,0.0,0.0,0.0,0.0
2023-05-29,62215.32000000001,56595.6,73399.2,54742.799999999996,29814.899999999998
2023-05-30,0.0,0.0,0.0,0.0,0.0
2023-05-31,0.0,0.0,0.0,0.0,0.0
2023-06-01,59826.689999999995,56595.6,73399.2,54742.799999999996,29814.899999999998
2023-06-02,0.0,0.0,0.0,0.0,0.0
2023-06-03,0.0,0.0,0.0,0.0,0.0
2023-06-04,0.0,0.0,0.0,0.0,0.0
2023-06-05,0.0,0.0,0.0,0.0,0.0
2023-06-06,59826.689999999995,56595.6,73399.2,54915.0,29814.899999999998
2023-06-07,0.0,0.0,0.0,0.0,0.0
2023-06-08,62204.93,56595.6,73399.2,54915.0,29814.899999999998
2023-06-09,0.0,0.0,0.0,0.0,0.0
2023-06-10,0.0,0.0,0.0,0.0,0.0
2023-06-11,0.0,0.0,0.0,0.0,0.0
2023-06-12,59816.9,56595.6,73399.2,54915.0,29814.899999999998
2023-06-13,59816.9,56595.6,73399.2,55460.6,29814.899999999998
2023-06-14,0.0,0.0,0.0,0.0,0.0
2023-06-15,0.0,0.0,0.0,0.0,0.0
2023-06-16,59816.9,56595.6,73399.2,55600.5,29814.899999999998
2023-06-17,0.0,0.0,0.0,0.0,0.0
2023-06-18,0.0,0.0,0.0,0.0,0.0
2023-06-19,0.0,0.0,0.0,0.0,0.0
2023-06-20,0.0,0.0,0.0,0.0,0.0
2023-06-21,0.0,0.0,0.0,0.0,0.0
2023-06-22,0.0,0.0,0.0,0.0,0.0
2023-06-23,0.0,0.0,0.0,0.0,0.0
2023-06-24,0.0,0.0,0.0,0.0,0.0
2023-06-25,0.0,0.0,0.0,0.0,0.0
2023-06-26,62194.54,56595.6,73399.2,55600.5,29814.899999999998
2023-06-27,62194.54,56595.6,73399.2,55357.799999999996,29814.899999999998
2023-06-28,0.0,0.0,0.0,0.0,0.0
2023-06-29,62194.54,56595.6,73399.2,55499.5,29814.899999999998
2023-06-30,0.0,0.0,0.0,0.0,0.0
2023-07-01,0.0,0.0,0.0,0.0,0.0
2023-07-02,0.0,0.0,0.0,0.0,0.0
2023-07-03,59924.590000000004,56595.6,73399.2,55499.5,29814.899999999998
2023-07-04,0.0,0.0,0.0,0.0,0.0
2023-07-05,0.0,0.0,0.0,0.0,0.0
2023-07-06,0.0,0.0,0.0,0.0,0.0
2023-07-07,0.0,0.0,0.0,0.0,0.0
2023-07-08,0.0,0.0,0.0,0.0,0.0
2023-07-09,0.0,0.0,0.0,0.0,0.0
2023-07-10,0.0,0.0,0.0,0.0,0.0
2023-07-11,0.0,0.0,0.0,0.0,0.0
2023-07-12,0.0,0.0,0.0,0.0,0.0
2023-07-13,59924.590000000004,56595.6,73399.2,55499.5,25566.4
2023-07-14,59924.590000000004,56595.6,73399.2,55998.4,25566.4
2023-07-15,0.0,0.0,0.0,0.0,0.0
2023-07-16,0.0,0.0,0.0,0.0,0.0
2023-07-17,0.0,0.0,0.0,0.0,0.0
2023-07-18,0.0,0.0,0.0,0.0,0.0
2023-07-19,59924.590000000004,56595.6,73399.2,56151.1,25566.4
2023-07-20,0.0,0.0,0.0,0.0,0.0
2023-07-21,59924.590000000004,56595.6,73399.2,55750.40000000001,25566.4
2023-07-22,0.0,0.0,0.0,0.0,0.0
2023-07-23,0.0,0.0,0.0,0.0,0.0
2023-07-24,0.0,0.0,0.0,0.0,0.0
2023-07-25,0.0,0.0,0.0,0.0,0.0
2023-07-26,0.0,0.0,0.0,0.0,0.0
2023-07-27,0.0,0.0,0.0,0.0,0.0
2023-07-28,0.0,0.0,0.0,0.0,0.0
2023-07-29,0.0,0.0,0.0,0.0,0.0
2023-07-30,0.0,0.0,0.0,0.0,0.0
2023-07-31,57382.36,56595.6,73399.2,55858.9,25566.4
2023-08-01,0.0,0.0,0.0,0.0,0.0
2023-08-02,0.0,0.0,0.0,0.0,0.0
2023-08-03,57382.36,56595.6,73399.2,55651.200000000004,25566.4
2023-08-04,0.0,0.0,0.0,0.0,0.0
2023-08-05,0.0,0.0,0.0,0.0,0.0
2023-08-06,0.0,0.0,0.0,0.0,0.0
2023-08-07,0.0,0.0,0.0,0.0,0.0
2023-08-08,0.0,0.0,0.0,0.0,0.0
2023-08-09,0.0,0.0,0.0,0.0,0.0
2023-08-10,59905.009999999995,56595.6,73399.2,55651.200000000004,25566.4
2023-08-11,0.0,0.0,0.0,0.0,0.0
2023-08-12,0.0,0.0,0.0,0.0,0.0
2023-08-13,0.0,0.0,0.0,0.0,0.0
2023-08-14,62111.42,56595.6,73399.2,55499.5,25566.4
2023-08-15,62111.42,56595.6,73399.2,55601.6,25566.4
2023-08-16,0.0,0.0,0.0,0.0,0.0
2023-08-17,62111.42,56595.6,73399.2,55449.00000000001,25566.4
2023-08-18,0.0,0.0,0.0,0.0,0.0
2023-08-19,0.0,0.0,0.0,0.0,0.0
2023-08-20,0.0,0.0,0.0,0.0,0.0
2023-08-21,64368.43,56595.6,73399.2,55449.00000000001,25566.4
2023-08-22,0.0,0.0,0.0,0.0,0.0
2023-08-23,66503.42,56595.6,73399.2,55449.00000000001,25566.4
2023-08-24,66503.42,56595.6,73399.2,56047.99999999999,25566.4
2023-08-25,66503.42,56595.6,73399.2,55348.00000000001,25566.4
2023-08-26,0.0,0.0,0.0,0.0,0.0
2023-08-27,0.0,0.0,0.0,0.0,0.0
2023-08-28,69860.89,56595.6,73399.2,55348.00000000001,25566.4
2023-08-29,67766.73000000001,56595.6,73399.2,55348.00000000001,25566.4
2023-08-30,67766.73000000001,56595.6,73399.2,56296.0,25566.4
2023-08-31,0.0,0.0,0.0,0.0,0.0
2023-09-01,0.0,0.0,0.0,0.0,0.0
2023-09-02,0.0,0.0,0.0,0.0,0.0
2023-09-03,0.0,0.0,0.0,0.0,0.0
2023-09-04,67766.73000000001,56595.6,73399.2,56296.0,21135.899999999998
2023-09-05,0.0,0.0,0.0,0.0,0.0
2023-09-06,0.0,0.0,0.0,0.0,0.0
2023-09-07,0.0,0.0,0.0,0.0,0.0
2023-09-08,0.0,0.0,0.0,0.0,0.0
2023-09-09,0.0,0.0,0.0,0.0,0.0
2023-09-10,0.0,0.0,0.0,0.0,0.0
2023-09-11,0.0,0.0,0.0,0.0,0.0
2023-09-12,0.0,0.0,0.0,0.0,0.0
2023-09-13,0.0,0.0,0.0,0.0,0.0
2023-09-14,67766.73000000001,56595.6,73399.2,56296.0,16513.2
2023-09-15,0.0,0.0,0.0,0.0,0.0
2023-09-16,0.0,0.0,0.0,0.0,0.0
2023-09-17,0.0,0.0,0.0,0.0,0.0
2023-09-18,0.0,0.0,0.0,0.0,0.0
2023-09-19,0.0,0.0,0.0,0.0,0.0
2023-09-20,0.0,0.0,0.0,0.0,0.0
2023-09-21,69848.70000000001,56595.6,73399.2,55752.00000000001,16513.2
2023-09-22,0.0,0.0,0.0,0.0,0.0
2023-09-23,0.0,0.0,0.0,0.0,0.0
2023-09-24,0.0,0.0,0.0,0.0,0.0
2023-09-25,0.0,0.0,0.0,0.0,0.0
2023-09-26,0.0,0.0,0.0,0.0,0.0
2023-09-27,69848.70000000001,56595.6,73399.2,55409.200000000004,16513.2
2023-09-28,69848.70000000001,56595.6,73399.2,55409.200000000004,20952.600000000002
2023-09-29,0.0,0.0,0.0,0.0,0.0
2023-09-30,0.0,0.0,0.0,0.0,0.0
2023-10-01,0.0,0.0,0.0,0.0,0.0
2023-10-02,0.0,0.0,0.0,0.0,0.0
2023-10-03,0.0,0.0,0.0,0.0,0.0
2023-10-04,0.0,0.0,0.0,0.0,0.0
2023-10-05,0.0,0.0,0.0,0.0,0.0
2023-10-06,0.0,0.0,0.0,0.0,0.0
2023-10-07,0.0,0.0,0.0,0.0,0.0
2023-10-08,0.0,0.0,0.0,0.0,0.0
2023-10-09,0.0,0.0,0.0,0.0,0.0
2023-10-10,69848.70000000001,56595.6,73399.2,56004.5,25334.4
2023-10-11,0.0,0.0,0.0,0.0,0.0
2023-10-12,0.0,0.0,0.0,0.0,0.0
2023-10-13,0.0,0.0,0.0,0.0,0.0
2023-10-14,0.0,0.0,0.0,0.0,0.0
2023-10-15,0.0,0.0,0.0,0.0,0.0
2023-10-16,69848.70000000001,56595.6,73399.2,56004.5,21046.6
2023-10-17,0.0,0.0,0.0,0.0,0.0
2023-10-18,0.0,0.0,0.0,0.0,0.0
2023-10-19,71675.16,56595.6,73399.2,56004.5,21046.6
2023-10-20,71675.16,56595.6,73399.2,55820.4,16531.199999999997
2023-10-21,0.0,0.0,0.0,0.0,0.0
2023-10-22,0.0,0.0,0.0,0.0,0.0
2023-10-23,73470.93000000001,56595.6,73399.2,55820.4,16531.199999999997
2023-10-24,0.0,0.0,0.0,0.0,0.0
2023-10-25,0.0,0.0,0.0,0.0,0.0
2023-10-26,73470.93000000001,56595.6,73399.2,55071.899999999994,16531.199999999997
2023-10-27,71585.63,56595.6,73399.2,55071.899999999994,16531.199999999997
2023-10-28,0.0,0.0,0.0,0.0,0.0
2023-10-29,0.0,0.0,0.0,0.0,0.0
2023-10-30,0.0,0.0,0.0,0.0,0.0
2023-10-31,0.0,0.0,0.0,0.0,0.0
2023-11-01,0.0,0.0,0.0,0.0,0.0
2023-11-02,71585.63,56595.6,73399.2,56026.00000000001,16531.199999999997
2023-11-03,0.0,0.0,0.0,0.0,0.0
2023-11-04,0.0,0.0,0.0,0.0,0.0
2023-11-05,0.0,0.0,0.0,0.0,0.0
2023-11-06,71585.63,56595.6,73399.2,56156.00000000001,16531.199999999997
2023-11-07,69592.70999999999,56595.6,73399.2,56156.00000000001,16531.199999999997
2023-11-08,0.0,0.0,0.0,0.0,0.0
2023-11-09,0.0,0.0,0.0,0.0,0.0
2023-11-10,0.0,0.0,0.0,0.0,0.0
2023-11-11,0.0,0.0,0.0,0.0,0.0
2023-11-12,0.0,0.0,0.0,0.0,0.0
2023-11-13,69592.70999999999,56595.6,73399.2,56543.99999999999,16531.199999999997
2023-11-14,0.0,0.0,0.0,0.0,0.0
2023-11-15,69592.70999999999,56595.6,73399.2,56735.5,16531.199999999997
2023-11-16,0.0,0.0,0.0,0.0,0.0
2023-11-17,0.0,0.0,0.0,0.0,0.0
2023-11-18,0.0,0.0,0.0,0.0,0.0
2023-11-19,0.0,0.0,0.0,0.0,0.0
2023-11-20,0.0,0.0,0.0,0.0,0.0
2023-11-21,0.0,0.0,0.0,0.0,0.0
2023-11-22,69592.70999999999,56595.6,73399.2,56735.5,21150.0
2023-11-23,0.0,0.0,0.0,0.0,0.0
2023-11-24,0.0,0.0,0.0,0.0,0.0
2023-11-25,0.0,0.0,0.0,0.0,0.0
2023-11-26,0.0,0.0,0.0,0.0,0.0
2023-11-27,0.0,0.0,0.0,0.0,0.0
2023-11-28,0.0,0.0,0.0,0.0,0.0
2023-11-29,69592.70999999999,56595.6,73399.2,56735.5,16578.0
2023-11-30,0.0,0.0,0.0,0.0,0.0
2023-12-01,0.0,0.0,0.0,0.0,0.0
2023-12-02,0.0,0.0,0.0,0.0,0.0
2023-12-03,0.0,0.0,0.0,0.0,0.0
2023-12-04,0.0,0.0,0.0,0.0,0.0
2023-12-05,71547.26000000001,56595.6,73399.2,56593.6,16578.0
2023-12-06,0.0,0.0,0.0,0.0,0.0
2023-12-07,0.0,0.0,0.0,0.0,0.0
2023-12-08,0.0,0.0,0.0,0.0,0.0
2023-12-09,0.0,0.0,0.0,0.0,0.0
2023-12-10,0.0,0.0,0.0,0.0,0.0
2023-12-11,71547.26000000001,56595.6,73399.2,56686.799999999996,16578.0
2023-12-12,0.0,0.0,0.0,0.0,0.0
2023-12-13,71547.26000000001,56595.6,73399.2,56786.399999999994,16578.0
2023-12-14,0.0,0.0,0.0,0.0,0.0
2023-12-15,0.0,0.0,0.0,0.0,0.0
2023-12-16,0.0,0.0,0.0,0.0,0.0
2023-12-17,0.0,0.0,0.0,0.0,0.0
2023-12-18,73403.98,56595.6,73399.2,56786.399999999994,16578.0
2023-12-19,0.0,0.0,0.0,0.0,0.0
2023-12-20,73403.98,56595.6,73399.2,56936.6,16578.0
2023-12-21,0.0,0.0,0.0,0.0,0.0
2023-12-22,0.0,0.0,0.0,0.0,0.0
2023-12-23,0.0,0.0,0.0,0.0,0.0
2023-12-24,0.0,0.0,0.0,0.0,0.0
2023-12-25,0.0,0.0,0.0,0.0,0.0
2023-12-26,0.0,0.0,0.0,0.0,0.0
2023-12-27,0.0,0.0,0.0,0.0,0.0
2023-12-28,0.0,0.0,0.0,0.0,0.0
2023-12-29,0.0,0.0,0.0,0.0,0.0
2023-12-30,0.0,0.0,0.0,0.0,0.0
2023-12-31,0.0,0.0,0.0,0.0,0.0
2024-01-01,0.0,0.0,0.0,0.0,0.0
2024-01-02,0.0,0.0,0.0,0.0,0.0
2024-01-03,73403.98,56595.6,73399.2,56834.200000000004,16578.0
2024-01-04,0.0,0.0,0.0,0.0,0.0
2024-01-05,0.0,0.0,0.0,0.0,0.0
2024-01-06,0.0,0.0,0.0,0.0,0.0
2024-01-07,0.0,0.0,0.0,0.0,0.0
2024-01-08,0.0,0.0,0.0,0.0,0.0
2024-01-09,0.0,0.0,0.0,0.0,0.0
2024-01-10,0.0,0.0,0.0,0.0,0.0
2024-01-11,73403.98,56595.6,73399.2,57264.9,16578.0
2024-01-12,0.0,0.0,0.0,0.0,0.0
2024-01-13,0.0,0.0,0.0,0.0,0.0
2024-01-14,0.0,0.0,0.0,0.0,0.0
2024-01-15,0.0,0.0,0.0,0.0,0.0
2024-01-16,0.0,0.0,0.0,0.0,0.0
2024-01-17,0.0,0.0,0.0,0.0,0.0
2024-01-18,0.0,0.0,0.0,0.0,0.0
2024-01-19,0.0,0.0,0.0,0.0,0.0
2024-01-20,0.0,0.0,0.0,0.0,0.0
2024-01-21,0.0,0.0,0.0,0.0,0.0
2024-01-22,73403.98,56595.6,73399.2,58420.0,16578.0
2024-01-23,0.0,0.0,0.0,0.0,0.0
2024-01-24,0.0,0.0,0.0,0.0,0.0
2024-01-25,0.0,0.0,0.0,0.0,0.0
2024-01-26,0.0,0.0,0.0,0.0,0.0
2024-01-27,0.0,0.0,0.0,0.0,0.0
2024-01-28,0.0,0.0,0.0,0.0,0.0
2024-01-29,0.0,0.0,0.0,0.0,0.0
2024-01-30,0.0,0.0,0.0,0.0,0.0
2024-01-31,0.0,0.0,0.0,0.0,0.0
2024-02-01,0.0,0.0,0.0,0.0,0.0
2024-02-02,0.0,0.0,0.0,0.0,0.0
2024-02-03,0.0,0.0,0.0,0.0,0.0
2024-02-04,0.0,0.0,0.0,0.0,0.0
2024-02-05,0.0,0.0,0.0,0.0,0.0
2024-02-06,0.0,0.0,0.0,0.0,0.0
2024-02-07,0.0,0.0,0.0,0.0,0.0
2024-02-08,73403.98,56595.6,73399.2,49973.0,16578.0
2024-02-09,0.0,0.0,0.0,0.0,0.0
2024-02-10,0.0,0.0,0.0,0.0,0.0
2024-02-11,0.0,0.0,0.0,0.0,0.0
2024-02-12,0.0,0.0,0.0,0.0,0.0
2024-02-13,0.0,0.0,0.0,0.0,0.0
2024-02-14,0.0,0.0,0.0,0.0,0.0
2024-02-15,0.0,0.0,0.0,0.0,0.0
2024-02-16,0.0,0.0,0.0,0.0,0.0
2024-02-17,0.0,0.0,0.0,0.0,0.0
2024-02-18,0.0,0.0,0.0,0.0,0.0
2024-02-19,0.0,0.0,0.0,0.0,0.0
2024-02-20,0.0,0.0,0.0,0.0,0.0
2024-02-21,0.0,0.0,0.0,0.0,0.0
2024-02-22,0.0,0.0,0.0,0.0,0.0
2024-02-23,73403.98,56595.6,73399.2,45942.8,16578.0
2024-02-24,0.0,0.0,0.0,0.0,0.0
2024-02-25,0.0,0.0,0.0,0.0,0.0
2024-02-26,0.0,0.0,0.0,0.0,0.0
2024-02-27,0.0,0.0,0.0,0.0,0.0
2024-02-28,0.0,0.0,0.0,0.0,0.0
2024-02-29,0.0,0.0,0.0,0.0,0.0
2024-03-01,0.0,0.0,0.0,0.0,0.0
2024-03-02,0.0,0.0,0.0,0.0,0.0
2024-03-03,0.0,0.0,0.0,0.0,0.0
2024-03-04,73403.98,56595.6,73399.2,45942.8,11817.5
2024-03-05,0.0,0.0,0.0,0.0,0.0
2024-03-06,73403.98,56595.6,73399.2,45942.8,49666.6
2024-03-07,0.0,0.0,0.0,0.0,0.0
2024-03-08,0.0,0.0,0.0,0.0,0.0
2024-03-09,0.0,0.0,0.0,0.0,0.0
2024-03-10,0.0,0.0,0.0,0.0,0.0
2024-03-11,73403.98,56595.6,73399.2,45942.8,45746.7
2024-03-12,0.0,0.0,0.0,0.0,0.0
2024-03-13,0.0,0.0,0.0,0.0,0.0
2024-03-14,0.0,0.0,0.0,0.0,0.0
2024-03-15,0.0,0.0,0.0,0.0,0.0
2024-03-16,0.0,0.0,0.0,0.0,0.0
2024-03-17,0.0,0.0,0.0,0.0,0.0
2024-03-18,71534.47,56595.6,73399.2,45942.8,45746.7
2024-03-19,0.0,0.0,0.0,0.0,0.0
2024-03-20,0.0,0.0,0.0,0.0,0.0
2024-03-21,0.0,0.0,0.0,0.0,0.0
2024-03-22,73363.81,56595.6,73399.2,45942.8,45746.7
2024-03-23,0.0,0.0,0.0,0.0,0.0
2024-03-24,0.0,0.0,0.0,0.0,0.0
2024-03-25,0.0,0.0,0.0,0.0,0.0
2024-03-26,0.0,0.0,0.0,0.0,0.0
2024-03-27,0.0,0.0,0.0,0.0,0.0
2024-03-28,73363.81,56595.6,73399.2,45942.8,41649.4
2024-03-29,73363.81,56595.6,73399.2,45942.8,37368.7
2024-03-30,0.0,0.0,0.0,0.0,0.0
2024-03-31,0.0,0.0,0.0,0.0,0.0
2024-04-01,0.0,0.0,0.0,0.0,0.0
2024-04-02,0.0,0.0,0.0,0.0,0.0
2024-04-03,73363.81,56595.6,73399.2,45942.8,32898.600000000006
2024-04-04,0.0,0.0,0.0,0.0,0.0
2024-04-05,0.0,0.0,0.0,0.0,0.0
2024-04-06,0.0,0.0,0.0,0.0,0.0
2024-04-07,0.0,0.0,0.0,0.0,0.0
2024-04-08,73363.81,56595.6,73399.2,45942.8,28259.6
2024-04-09,0.0,0.0,0.0,0.0,0.0
2024-04-10,0.0,0.0,0.0,0.0,0.0
2024-04-11,0.0,0.0,0.0,0.0,0.0
2024-04-12,73363.81,56595.6,73399.2,45942.8,23469.4
2024-04-13,0.0,0.0,0.0,0.0,0.0
2024-04-14,0.0,0.0,0.0,0.0,0.0
2024-04-15,0.0,0.0,0.0,0.0,0.0
2024-04-16,73363.81,56595.6,73399.2,49934.5,23469.4
2024-04-17,0.0,0.0,0.0,0.0,0.0
2024-04-18,0.0,0.0,0.0,0.0,0.0
2024-04-19,73363.81,56595.6,73399.2,53340.299999999996,23469.4
2024-04-20,0.0,0.0,0.0,0.0,0.0
2024-04-21,0.0,0.0,0.0,0.0,0.0
2024-04-22,0.0,0.0,0.0,0.0,0.0
2024-04-23,73363.81,56595.6,73399.2,53340.299999999996,28190.7
2024-04-24,73363.81,56595.6,73399.2,49549.5,28190.7
2024-04-25,0.0,0.0,0.0,0.0,0.0
2024-04-26,0.0,0.0,0.0,0.0,0.0
2024-04-27,0.0,0.0,0.0,0.0,0.0
2024-04-28,0.0,0.0,0.0,0.0,0.0
2024-04-29,0.0,0.0,0.0,0.0,0.0
2024-04-30,0.0,0.0,0.0,0.0,0.0
2024-05-01,0.0,0.0,0.0,0.0,0.0
2024-05-02,0.0,0.0,0.0,0.0,0.0
2024-05-03,0.0,0.0,0.0,0.0,0.0
2024-05-04,0.0,0.0,0.0,0.0,0.0
2024-05-05,0.0,0.0,0.0,0.0,0.0
2024-05-06,71777.48,56595.6,73399.2,49549.5,28190.7
2024-05-07,71777.48,56595.6,73399.2,45595.8,28190.7
2024-05-08,0.0,0.0,0.0,0.0,0.0
2024-05-09,0.0,0.0,0.0,0.0,0.0
2024-05-10,0.0,0.0,0.0,0.0,0.0
2024-05-11,0.0,0.0,0.0,0.0,0.0
2024-05-12,0.0,0.0,0.0,0.0,0.0
2024-05-13,0.0,0.0,0.0,0.0,0.0
2024-05-14,0.0,0.0,0.0,0.0,0.0
2024-05-15,0.0,0.0,0.0,0.0,0.0
2024-05-16,73604.83,56595.6,73399.2,41931.3,23409.2
2024-05-17,0.0,0.0,0.0,0.0,0.0
2024-05-18,0.0,0.0,0.0,0.0,0.0
2024-05-19,0.0,0.0,0.0,0.0,0.0
2024-05-20,73604.83,56595.6,73399.2,41931.3,18328.2
2024-05-21,0.0,0.0,0.0,0.0,0.0
2024-05-22,0.0,0.0,0.0,0.0,0.0
2024-05-23,73604.83,56595.6,73399.2,41931.3,23078.1
2024-05-24,0.0,0.0,0.0,0.0,0.0
2024-05-25,0.0,0.0,0.0,0.0,0.0
2024-05-26,0.0,0.0,0.0,0.0,0.0
2024-05-27,0.0,0.0,0.0,0.0,0.0
2024-05-28,0.0,0.0,0.0,0.0,0.0
2024-05-29,0.0,0.0,0.0,0.0,0.0
2024-05-30,0.0,0.0,0.0,0.0,0.0
2024-05-31,0.0,0.0,0.0,0.0,0.0
2024-06-01,0.0,0.0,0.0,0.0,0.0
2024-06-02,0.0,0.0,0.0,0.0,0.0
2024-06-03,0.0,0.0,0.0,0.0,0.0
2024-06-04,0.0,0.0,0.0,0.0,0.0
2024-06-05,0.0,0.0,0.0,0.0,0.0
2024-06-06,73604.83,56595.6,73399.2,37750.3,23078.1
2024-06-07,0.0,0.0,0.0,0.0,0.0
2024-06-08,0.0,0.0,0.0,0.0,0.0
2024-06-09,0.0,0.0,0.0,0.0,0.0
2024-06-10,0.0,0.0,0.0,0.0,0.0
2024-06-11,73604.83,56595.6,73399.2,37750.3,27835.6
2024-06-12,0.0,0.0,0.0,0.0,0.0
2024-06-13,73604.83,56595.6,73399.2,33412.2,27835.6
2024-06-14,0.0,0.0,0.0,0.0,0.0
2024-06-15,0.0,0.0,0.0,0.0,0.0
2024-06-16,0.0,0.0,0.0,0.0,0.0
2024-06-17,0.0,0.0,0.0,0.0,0.0
2024-06-18,0.0,0.0,0.0,0.0,0.0
2024-06-19,73604.83,56595.6,73399.2,28528.5,27835.6
2024-06-20,0.0,0.0,0.0,0.0,0.0
2024-06-21,73604.83,56595.6,73399.2,28528.5,23155.5
2024-06-22,0.0,0.0,0.0,0.0,0.0
2024-06-23,0.0,0.0,0.0,0.0,0.0
2024-06-24,0.0,0.0,0.0,0.0,0.0
2024-06-25,73604.83,56595.6,73399.2,33225.799999999996,23155.5
2024-06-26,73604.83,56595.6,73399.2,28372.5,27968.100000000002
2024-06-27,0.0,0.0,0.0,0.0,0.0
2024-06-28,0.0,0.0,0.0,0.0,0.0
2024-06-29,0.0,0.0,0.0,0.0,0.0
2024-06-30,0.0,0.0,0.0,0.0,0.0
2024-07-01,0.0,0.0,0.0,0.0,0.0
2024-07-02,0.0,0.0,0.0,0.0,0.0
2024-07-03,73604.83,56595.6,73399.2,23487.2,27968.100000000002
2024-07-04,73604.83,56595.6,73399.2,18159.4,23146.9
2024-07-05,0.0,0.0,0.0,0.0,0.0
2024-07-06,0.0,0.0,0.0,0.0,0.0
2024-07-07,0.0,0.0,0.0,0.0,0.0
2024-07-08,0.0,0.0,0.0,0.0,0.0
2024-07-09,73604.83,56595.6,73399.2,12636.0,23146.9
2024-07-10,0.0,0.0,0.0,0.0,0.0
2024-07-11,0.0,0.0,0.0,0.0,0.0
2024-07-12,73604.83,56595.6,73399.2,17921.4,23146.9
2024-07-13,0.0,0.0,0.0,0.0,0.0
2024-07-14,0.0,0.0,0.0,0.0,0.0
2024-07-15,73604.83,56595.6,73399.2,12449.699999999999,23146.9
2024-07-16,73604.83,56595.6,73399.2,12449.699999999999,18120.3
2024-07-17,73604.83,56595.6,73399.2,12449.699999999999,12882.3
2024-07-18,73604.83,56595.6,73399.2,17457.3,12882.3
2024-07-19,73604.83,56595.6,73399.2,17457.3,18001.5
2024-07-20,0.0,0.0,0.0,0.0,0.0
2024-07-21,0.0,0.0,0.0,0.0,0.0
2024-07-22,0.0,0.0,0.0,0.0,0.0
2024-07-23,0.0,0.0,0.0,0.0,0.0
2024-07-24,0.0,0.0,0.0,0.0,0.0
2024-07-25,73604.83,56595.6,73399.2,22137.0,22979.2
2024-07-26,0.0,0.0,0.0,0.0,0.0
2024-07-27,0.0,0.0,0.0,0.0,0.0
2024-07-28,0.0,0.0,0.0,0.0,0.0
2024-07-29,0.0,0.0,0.0,0.0,0.0
2024-07-30,0.0,0.0,0.0,0.0,0.0
2024-07-31,73604.83,56595.6,73399.2,22137.0,17988.3
2024-08-01,73604.83,56595.6,73399.2,17433.5,17988.3
2024-08-02,73604.83,56595.6,73399.2,22152.7,17988.3
2024-08-03,0.0,0.0,0.0,0.0,0.0
2024-08-04,0.0,0.0,0.0,0.0,0.0
2024-08-05,73604.83,56595.6,73399.2,34579.6,17988.3
2024-08-06,73604.83,56595.6,73399.2,31128.800000000003,22962.0
2024-08-07,0.0,0.0,0.0,0.0,0.0
2024-08-08,73604.83,56595.6,73399.2,35473.9,22962.0
2024-08-09,73604.83,56595.6,73399.2,31548.2,22962.0
2024-08-10,0.0,0.0,0.0,0.0,0.0
2024-08-11,0.0,0.0,0.0,0.0,0.0
2024-08-12,0.0,0.0,0.0,0.0,0.0
2024-08-13,73604.83,56595.6,73399.2,31548.2,18084.0
2024-08-14,73604.83,56595.6,73399.2,27553.5,18084.0
2024-08-15,0.0,0.0,0.0,0.0,0.0
2024-08-16,73604.83,56595.6,73399.2,22969.100000000002,18084.0
2024-08-17,0.0,0.0,0.0,0.0,0.0
2024-08-18,0.0,0.0,0.0,0.0,0.0
2024-08-19,0.0,0.0,0.0,0.0,0.0
2024-08-20,0.0,0.0,0.0,0.0,0.0
2024-08-21,0.0,0.0,0.0,0.0,0.0
2024-08-22,0.0,0.0,0.0,0.0,0.0
2024-08-23,0.0,0.0,0.0,0.0,0.0
2024-08-24,0.0,0.0,0.0,0.0,0.0
2024-08-25,0.0,0.0,0.0,0.0,0.0
2024-08-26,0.0,0.0,0.0,0.0,0.0
2024-08-27,0.0,0.0,0.0,0.0,0.0
2024-08-28,0.0,0.0,0.0,0.0,0.0
2024-08-29,73604.83,56595.6,73399.2,27495.0,18084.0
2024-08-30,0.0,0.0,0.0,0.0,0.0
2024-08-31,0.0,0.0,0.0,0.0,0.0
2024-09-01,0.0,0.0,0.0,0.0,0.0
2024-09-02,0.0,0.0,0.0,0.0,0.0
2024-09-03,0.0,0.0,0.0,0.0,0.0
2024-09-04,73604.83,56595.6,73399.2,32014.200000000004,18084.0
2024-09-05,0.0,0.0,0.0,0.0,0.0
2024-09-06,0.0,0.0,0.0,0.0,0.0
2024-09-07,0.0,0.0,0.0,0.0,0.0
2024-09-08,0.0,0.0,0.0,0.0,0.0
2024-09-09,73604.83,56595.6,73399.2,36449.5,18084.0
2024-09-10,73604.83,56595.6,73399.2,31990.9,18084.0
2024-09-11,0.0,0.0,0.0,0.0,0.0
2024-09-12,73604.83,56595.6,73399.2,27573.0,18084.0
2024-09-13,73604.83,56595.6,73399.2,27573.0,12909.900000000001
2024-09-14,0.0,0.0,0.0,0.0,0.0
2024-09-15,0.0,0.0,0.0,0.0,0.0
2024-09-16,0.0,0.0,0.0,0.0,0.0
2024-09-17,0.0,0.0,0.0,0.0,0.0
2024-09-18,0.0,0.0,0.0,0.0,0.0
2024-09-19,0.0,0.0,0.0,0.0,0.0
2024-09-20,73604.83,56595.6,73399.2,22859.2,12909.900000000001
2024-09-21,0.0,0.0,0.0,0.0,0.0
2024-09-22,0.0,0.0,0.0,0.0,0.0
2024-09-23,0.0,0.0,0.0,0.0,0.0
2024-09-24,73604.83,56595.6,73399.2,22859.2,49816.2
2024-09-25,73604.83,56595.6,73399.2,27807.0,49816.2
2024-09-26,0.0,0.0,0.0,0.0,0.0
2024-09-27,0.0,0.0,0.0,0.0,0.0
2024-09-28,0.0,0.0,0.0,0.0,0.0
2024-09-29,0.0,0.0,0.0,0.0,0.0
2024-09-30,71896.62,56595.6,73399.2,32503.5,49816.2
2024-10-01,0.0,0.0,0.0,0.0,0.0
2024-10-02,0.0,0.0,0.0,0.0,0.0
2024-10-03,0.0,0.0,0.0,0.0,0.0
2024-10-04,0.0,0.0,0.0,0.0,0.0
2024-10-05,0.0,0.0,0.0,0.0,0.0
2024-10-06,0.0,0.0,0.0,0.0,0.0
2024-10-07,0.0,0.0,0.0,0.0,0.0
2024-10-08,79963.08,56595.6,73399.2,32503.5,49816.2
2024-10-09,80661.36,56595.6,73399.2,27865.5,49816.2
2024-10-10,0.0,0.0,0.0,0.0,0.0
2024-10-11,0.0,0.0,0.0,0.0,0.0
2024-10-12,0.0,0.0,0.0,0.0,0.0
2024-10-13,0.0,0.0,0.0,0.0,0.0
2024-10-14,0.0,0.0,0.0,0.0,0.0
2024-10-15,80661.36,56595.6,73399.2,22922.0,49816.2
2024-10-16,80661.36,56595.6,73399.2,22922.0,46230.8
2024-10-17,0.0,0.0,0.0,0.0,0.0
2024-10-18,80661.36,56595.6,73399.2,22922.0,42387.0
2024-10-19,0.0,0.0,0.0,0.0,0.0
2024-10-20,0.0,0.0,0.0,0.0,0.0
2024-10-21,0.0,0.0,0.0,0.0,0.0
2024-10-22,0.0,0.0,0.0,0.0,0.0
2024-10-23,0.0,0.0,0.0,0.0,0.0
2024-10-24,0.0,0.0,0.0,0.0,0.0
2024-10-25,0.0,0.0,0.0,0.0,0.0
2024-10-26,0.0,0.0,0.0,0.0,0.0
2024-10-27,0.0,0.0,0.0,0.0,0.0
2024-10-28,0.0,0.0,0.0,0.0,0.0
2024-10-29,0.0,0.0,0.0,0.0,0.0
2024-10-30,80661.36,56595.6,73399.2,22922.0,38486.7
2024-10-31,0.0,0.0,0.0,0.0,0.0
2024-11-01,0.0,0.0,0.0,0.0,0.0
2024-11-02,0.0,0.0,0.0,0.0,0.0
2024-11-03,0.0,0.0,0.0,0.0,0.0
2024-11-04,0.0,0.0,0.0,0.0,0.0
2024-11-05,78645.71,56595.6,73399.2,22922.0,42479.299999999996
2024-11-06,76577.58,56595.6,73399.2,22922.0,42479.299999999996
2024-11-07,76577.58,56595.6,73399.2,18028.5,46309.8
2024-11-08,74268.72,56595.6,73399.2,18028.5,46309.8
2024-11-09,0.0,0.0,0.0,0.0,0.0
2024-11-10,0.0,0.0,0.0,0.0,0.0
2024-11-11,0.0,0.0,0.0,0.0,0.0
2024-11-12,0.0,0.0,0.0,0.0,0.0
2024-11-13,76492.25,56595.6,73399.2,18028.5,46309.8
2024-11-14,76492.25,56595.6,73399.2,18028.5,49798.8
2024-11-15,80621.19,56595.6,73399.2,18028.5,49798.8
2024-11-16,0.0,0.0,0.0,0.0,0.0
2024-11-17,0.0,0.0,0.0,0.0,0.0
2024-11-18,0.0,0.0,0.0,0.0,0.0
2024-11-19,80621.19,56595.6,73399.2,18028.5,46128.100000000006
2024-11-20,0.0,0.0,0.0,0.0,0.0
2024-11-21,0.0,0.0,0.0,0.0,0.0
2024-11-22,80621.19,56595.6,73399.2,18028.5,42372.8
2024-11-23,0.0,0.0,0.0,0.0,0.0
2024-11-24,0.0,0.0,0.0,0.0,0.0
2024-11-25,0.0,0.0,0.0,0.0,0.0
2024-11-26,80621.19,56595.6,73399.2,18028.5,46151.799999999996
2024-11-27,80621.19,56595.6,73399.2,12522.6,46151.799999999996
2024-11-28,0.0,0.0,0.0,0.0,0.0
2024-11-29,0.0,0.0,0.0,0.0,0.0
2024-11-30,0.0,0.0,0.0,0.0,0.0
2024-12-01,0.0,0.0,0.0,0.0,0.0
2024-12-02,0.0,0.0,0.0,0.0,0.0
2024-12-03,0.0,0.0,0.0,0.0,0.0
2024-12-04,80621.19,56595.6,73399.2,49990.9,46151.799999999996
2024-12-05,0.0,0.0,0.0,0.0,0.0
2024-12-06,0.0,0.0,0.0,0.0,0.0
2024-12-07,0.0,0.0,0.0,0.0,0.0
2024-12-08,0.0,0.0,0.0,0.0,0.0
2024-12-09,80621.19,56595.6,73399.2,46017.4,46151.799999999996
2024-12-10,82201.21,56595.6,73399.2,46017.4,42387.0
2024-12-11,0.0,0.0,0.0,0.0,0.0
2024-12-12,0.0,0.0,0.0,0.0,0.0
2024-12-13,0.0,0.0,0.0,0.0,0.0
2024-12-14,0.0,0.0,0.0,0.0,0.0
2024-12-15,0.0,0.0,0.0,0.0,0.0
2024-12-16,82201.21,56595.6,73399.2,41871.0,42387.0
2024-12-17,82201.21,56595.6,73399.2,37564.8,42387.0
2024-12-18,0.0,0.0,0.0,0.0,0.0
2024-12-19,82201.21,56595.6,73399.2,41259.0,42387.0
2024-12-20,0.0,0.0,0.0,0.0,0.0
2024-12-21,0.0,0.0,0.0,0.0,0.0
2024-12-22,0.0,0.0,0.0,0.0,0.0
2024-12-23,82201.21,56595.6,73399.2,36982.4,42387.0
2024-12-24,0.0,0.0,0.0,0.0,0.0
2024-12-25,0.0,0.0,0.0,0.0,0.0
2024-12-26,0.0,0.0,0.0,0.0,0.0
2024-12-27,0.0,0.0,0.0,0.0,0.0
2024-12-28,0.0,0.0,0.0,0.0,0.0
2024-12-29,0.0,0.0,0.0,0.0,0.0
2024-12-30,0.0,0.0,0.0,0.0,0.0
2024-12-31,0.0,0.0,0.0,0.0,0.0
2025-01-01,0.0,0.0,0.0,0.0,0.0
2025-01-02,0.0,0.0,0.0,0.0,0.0
2025-01-03,0.0,0.0,0.0,0.0,0.0
2025-01-04,0.0,0.0,0.0,0.0,0.0
2025-01-05,0.0,0.0,0.0,0.0,0.0
2025-01-06,0.0,0.0,0.0,0.0,0.0
2025-01-07,82201.21,56595.6,73399.2,32559.100000000002,42387.0
2025-01-08,82201.21,56595.6,73399.2,36601.6,42387.0
2025-01-09,0.0,0.0,0.0,0.0,0.0
2025-01-10,82201.21,56595.6,73399.2,36601.6,38367.0
2025-01-11,0.0,0.0,0.0,0.0,0.0
2025-01-12,0.0,0.0,0.0,0.0,0.0
2025-01-13,82201.21,56595.6,73399.2,40825.5,38367.0
2025-01-14,0.0,0.0,0.0,0.0,0.0
2025-01-15,0.0,0.0,0.0,0.0,0.0
2025-01-16,82201.21,56595.6,73399.2,36736.0,38367.0
2025-01-17,0.0,0.0,0.0,0.0,0.0
2025-01-18,0.0,0.0,0.0,0.0,0.0
2025-01-19,0.0,0.0,0.0,0.0,0.0
2025-01-20,0.0,0.0,0.0,0.0,0.0
2025-01-21,0.0,0.0,0.0,0.0,0.0
2025-01-22,82201.21,56595.6,73399.2,36736.0,34171.5
2025-01-23,0.0,0.0,0.0,0.0,0.0
2025-01-24,0.0,0.0,0.0,0.0,0.0
2025-01-25,0.0,0.0,0.0,0.0,0.0
2025-01-26,0.0,0.0,0.0,0.0,0.0
2025-01-27,0.0,0.0,0.0,0.0,0.0
2025-01-28,0.0,0.0,0.0,0.0,0.0
2025-01-29,0.0,0.0,0.0,0.0,0.0
2025-01-30,0.0,0.0,0.0,0.0,0.0
2025-01-31,0.0,0.0,0.0,0.0,0.0
2025-02-01,0.0,0.0,0.0,0.0,0.0
2025-02-02,0.0,0.0,0.0,0.0,0.0
2025-02-03,0.0,0.0,0.0,0.0,0.0
2025-02-04,0.0,0.0,0.0,0.0,0.0
2025-02-05,82201.21,56595.6,73399.2,36736.0,30080.0
2025-02-06,0.0,0.0,0.0,0.0,0.0
2025-02-07,0.0,0.0,0.0,0.0,0.0
2025-02-08,0.0,0.0,0.0,0.0,0.0
2025-02-09,0.0,0.0,0.0,0.0,0.0
2025-02-10,82201.21,56595.6,73399.2,40953.0,30080.0
2025-02-11,82201.21,56595.6,73399.2,40953.0,25825.8
2025-02-12,0.0,0.0,0.0,0.0,0.0
2025-02-13,0.0,0.0,0.0,0.0,0.0
2025-02-14,0.0,0.0,0.0,0.0,0.0
2025-02-15,0.0,0.0,0.0,0.0,0.0
2025-02-16,0.0,0.0,0.0,0.0,0.0
2025-02-17,82201.21,56595.6,73399.2,40953.0,30446.6
2025-02-18,82201.21,56595.6,73399.2,36713.6,30446.6
2025-02-19,82201.21,56595.6,73399.2,36713.6,25771.199999999997
2025-02-20,0.0,0.0,0.0,0.0,0.0
2025-02-21,0.0,0.0,0.0,0.0,0.0
2025-02-22,0.0,0.0,0.0,0.0,0.0
2025-02-23,0.0,0.0,0.0,0.0,0.0
2025-02-24,82201.21,56595.6,73399.2,40315.5,25771.199999999997
2025-02-25,0.0,0.0,0.0,0.0,0.0
2025-02-26,0.0,0.0,0.0,0.0,0.0
2025-02-27,0.0,0.0,0.0,0.0,0.0
2025-02-28,82201.21,56595.6,73399.2,43700.8,30432.5
2025-03-01,0.0,0.0,0.0,0.0,0.0
2025-03-02,0.0,0.0,0.0,0.0,0.0
2025-03-03,0.0,0.0,0.0,0.0,0.0
2025-03-04,0.0,0.0,0.0,0.0,0.0
2025-03-05,0.0,0.0,0.0,0.0,0.0
2025-03-06,0.0,0.0,0.0,0.0,0.0
2025-03-07,0.0,0.0,0.0,0.0,0.0
2025-03-08,0.0,0.0,0.0,0.0,0.0
2025-03-09,0.0,0.0,0.0,0.0,0.0
2025-03-10,82201.21,56595.6,73399.2,47454.9,30432.5
2025-03-11,82201.21,56595.6,73399.2,49729.200000000004,30432.5
2025-03-12,0.0,0.0,0.0,0.0,0.0
2025-03-13,0.0,0.0,0.0,0.0,0.0
2025-03-14,82201.21,56595.6,73399.2,49729.200000000004,26083.2
2025-03-15,0.0,0.0,0.0,0.0,0.0
2025-03-16,0.0,0.0,0.0,0.0,0.0
2025-03-17,0.0,0.0,0.0,0.0,0.0
2025-03-18,0.0,0.0,0.0,0.0,0.0
2025-03-19,0.0,0.0,0.0,0.0,0.0
2025-03-20,82201.21,56595.6,73399.2,46345.4,26083.2
2025-03-21,0.0,0.0,0.0,0.0,0.0
2025-03-22,0.0,0.0,0.0,0.0,0.0
2025-03-23,0.0,0.0,0.0,0.0,0.0
2025-03-24,82201.21,56595.6,73399.2,42671.2,26083.2
2025-03-25,82201.21,56595.6,73399.2,38836.5,26083.2
2025-03-26,0.0,0.0,0.0,0.0,0.0
2025-03-27,82201.21,56595.6,73399.2,42299.4,26083.2
2025-03-28,82201.21,56595.6,73399.2,42299.4,21414.800000000003
2025-03-29,0.0,0.0,0.0,0.0,0.0
2025-03-30,0.0,0.0,0.0,0.0,0.0
2025-03-31,82201.21,56595.6,73399.2,45267.6,21414.800000000003
2025-04-01,82201.21,56595.6,73399.2,45267.6,16251.8
2025-04-02,0.0,0.0,0.0,0.0,0.0
2025-04-03,0.0,0.0,0.0,0.0,0.0
2025-04-04,0.0,0.0,0.0,0.0,0.0
2025-04-05,0.0,0.0,0.0,0.0,0.0
2025-04-06,0.0,0.0,0.0,0.0,0.0
2025-04-07,82201.21,56595.6,73399.2,44265.6,16056.3
2025-04-08,82201.21,56595.6,73399.2,41495.299999999996,16056.3
2025-04-09,82201.21,56595.6,73399.2,41083.200000000004,16056.3
2025-04-10,82201.21,56595.6,73399.2,40898.0,49917.0
2025-04-11,82201.21,56595.6,73399.2,40125.8,46141.2
2025-04-12,0.0,0.0,0.0,0.0,0.0
2025-04-13,0.0,0.0,0.0,0.0,0.0
2025-04-14,82201.21,56595.6,73399.2,36567.0,46141.2
2025-04-15,0.0,0.0,0.0,0.0,0.0
2025-04-16,82201.21,56595.6,73399.2,40040.0,41848.799999999996
2025-04-17,82201.21,56595.6,73399.2,40040.0,37485.0
2025-04-18,0.0,0.0,0.0,0.0,0.0
2025-04-19,0.0,0.0,0.0,0.0,0.0
2025-04-20,0.0,0.0,0.0,0.0,0.0
2025-04-21,82201.21,56595.6,73399.2,43460.7,37485.0
2025-04-22,82201.21,56595.6,73399.2,43460.7,28098.0
2025-04-23,82201.21,56595.6,73399.2,40068.6,37112.6
2025-04-24,0.0,0.0,0.0,0.0,0.0
2025-04-25,82201.21,56595.6,73399.2,36669.0,37112.6
2025-04-26,0.0,0.0,0.0,0.0,0.0
2025-04-27,0.0,0.0,0.0,0.0,0.0
2025-04-28,0.0,0.0,0.0,0.0,0.0
2025-04-29,0.0,0.0,0.0,0.0,0.0
2025-04-30,0.0,0.0,0.0,0.0,0.0
2025-05-01,0.0,0.0,0.0,0.0,0.0
2025-05-02,0.0,0.0,0.0,0.0,0.0
2025-05-03,0.0,0.0,0.0,0.0,0.0
2025-05-04,0.0,0.0,0.0,0.0,0.0
2025-05-05,0.0,0.0,0.0,0.0,0.0
2025-05-06,82201.21,56595.6,73399.2,32883.2,37112.6
2025-05-07,0.0,0.0,0.0,0.0,0.0
2025-05-08,82201.21,56595.6,73399.2,32883.2,37093.0
2025-05-09,0.0,0.0,0.0,0.0,0.0
2025-05-10,0.0,0.0,0.0,0.0,0.0
2025-05-11,0.0,0.0,0.0,0.0,0.0
2025-05-12,82201.21,56595.6,73399.2,29220.2,41143.200000000004
2025-05-13,0.0,0.0,0.0,0.0,0.0
2025-05-14,82201.21,56595.6,73399.2,25061.399999999998,41143.200000000004
2025-05-15,82201.21,56595.6,73399.2,25061.399999999998,49112.0
2025-05-16,82201.21,56595.6,73399.2,25061.399999999998,45303.299999999996
2025-05-17,0.0,0.0,0.0,0.0,0.0
2025-05-18,0.0,0.0,0.0,0.0,0.0
2025-05-19,0.0,0.0,0.0,0.0,0.0
2025-05-20,0.0,0.0,0.0,0.0,0.0
2025-05-21,82201.21,56595.6,73399.2,25061.399999999998,41328.0
2025-05-22,0.0,0.0,0.0,0.0,0.0
2025-05-23,0.0,0.0,0.0,0.0,0.0
2025-05-24,0.0,0.0,0.0,0.0,0.0
2025-05-25,0.0,0.0,0.0,0.0,0.0
2025-05-26,0.0,0.0,0.0,0.0,0.0
2025-05-27,0.0,0.0,0.0,0.0,0.0
2025-05-28,0.0,0.0,0.0,0.0,0.0
2025-05-29,82201.21,56595.6,73399.2,20815.899999999998,41328.0
2025-05-30,82201.21,56595.6,73399.2,25174.8,41328.0
2025-05-31,0.0,0.0,0.0,0.0,0.0
2025-06-01,0.0,0.0,0.0,0.0,0.0
2025-06-02,0.0,0.0,0.0,0.0,0.0
2025-06-03,0.0,0.0,0.0,0.0,0.0
2025-06-04,0.0,0.0,0.0,0.0,0.0
2025-06-05,0.0,0.0,0.0,0.0,0.0
2025-06-06,0.0,0.0,0.0,0.0,0.0
2025-06-07,0.0,0.0,0.0,0.0,0.0
2025-06-08,0.0,0.0,0.0,0.0,0.0
2025-06-09,0.0,0.0,0.0,0.0,0.0
2025-06-10,0.0,0.0,0.0,0.0,0.0
2025-06-11,0.0,0.0,0.0,0.0,0.0
2025-06-12,0.0,0.0,0.0,0.0,0.0
2025-06-13,82201.21,56595.6,73399.2,25174.8,37333.1
2025-06-14,0.0,0.0,0.0,0.0,0.0
2025-06-15,0.0,0.0,0.0,0.0,0.0
2025-06-16,0.0,0.0,0.0,0.0,0.0
2025-06-17,0.0,0.0,0.0,0.0,0.0
2025-06-18,0.0,0.0,0.0,0.0,0.0
2025-06-19,82201.21,56595.6,73399.2,25174.8,41798.4
2025-06-20,0.0,0.0,0.0,0.0,0.0
2025-06-21,0.0,0.0,0.0,0.0,0.0
2025-06-22,0.0,0.0,0.0,0.0,0.0
2025-06-23,0.0,0.0,0.0,0.0,0.0
2025-06-24,82201.21,56595.6,73399.2,20776.600000000002,41798.4
2025-06-25,0.0,0.0,0.0,0.0,0.0
2025-06-26,0.0,0.0,0.0,0.0,0.0
2025-06-27,82201.21,56595.6,73399.2,16180.000000000002,46071.9
2025-06-28,0.0,0.0,0.0,0.0,0.0
2025-06-29,0.0,0.0,0.0,0.0,0.0
2025-06-30,0.0,0.0,0.0,0.0,0.0
2025-07-01,0.0,0.0,0.0,0.0,0.0
2025-07-02,0.0,0.0,0.0,0.0,0.0
2025-07-03,0.0,0.0,0.0,0.0,0.0
2025-07-04,0.0,0.0,0.0,0.0,0.0
2025-07-05,0.0,0.0,0.0,0.0,0.0
2025-07-06,0.0,0.0,0.0,0.0,0.0
2025-07-07,0.0,0.0,0.0,0.0,0.0
2025-07-08,0.0,0.0,0.0,0.0,0.0
2025-07-09,0.0,0.0,0.0,0.0,0.0
2025-07-10,0.0,0.0,0.0,0.0,0.0
2025-07-11,0.0,0.0,0.0,0.0,0.0
2025-07-12,0.0,0.0,0.0,0.0,0.0
2025-07-13,0.0,0.0,0.0,0.0,0.0
2025-07-14,0.0,0.0,0.0,0.0,0.0
2025-07-15,0.0,0.0,0.0,0.0,0.0
2025-07-16,0.0,0.0,0.0,0.0,0.0
2025-07-17,82201.21,56595.6,73399.2,11391.9,46071.9
2025-07-18,0.0,0.0,0.0,0.0,0.0
2025-07-19,0.0,0.0,0.0,0.0,0.0
2025-07-20,0.0,0.0,0.0,0.0,0.0
2025-07-21,0.0,0.0,0.0,0.0,0.0
2025-07-22,80129.34999999999,56595.6,73399.2,11391.9,41916.0
2025-07-23,0.0,0.0,0.0,0.0,0.0
2025-07-24,0.0,0.0,0.0,0.0,0.0
2025-07-25,0.0,0.0,0.0,0.0,0.0
2025-07-26,0.0,0.0,0.0,0.0,0.0
2025-07-27,0.0,0.0,0.0,0.0,0.0
2025-07-28,77906.29,56595.6,73399.2,11391.9,41916.0
2025-07-29,77906.29,56595.6,73399.2,49876.0,41916.0
2025-07-30,0.0,0.0,0.0,0.0,0.0
2025-07-31,77906.29,56595.6,73399.2,49876.0,46128.6
2025-08-01,80078.19,56595.6,73399.2,49876.0,46128.6
2025-08-02,0.0,0.0,0.0,0.0,0.0
2025-08-03,0.0,0.0,0.0,0.0,0.0
2025-08-04,80078.19,56595.6,73399.2,53430.0,46128.6
2025-08-05,80078.19,56595.6,73399.2,49639.200000000004,41899.200000000004
2025-08-06,77857.53,56595.6,73399.2,49639.200000000004,41899.200000000004
2025-08-07,0.0,0.0,0.0,0.0,0.0
2025-08-08,0.0,0.0,0.0,0.0,0.0
2025-08-09,0.0,0.0,0.0,0.0,0.0
2025-08-10,0.0,0.0,0.0,0.0,0.0
2025-08-11,0.0,0.0,0.0,0.0,0.0
2025-08-12,0.0,0.0,0.0,0.0,0.0
2025-08-13,75520.44,56595.6,73399.2,45950.700000000004,41899.200000000004
2025-08-14,0.0,0.0,0.0,0.0,0.0
2025-08-15,73061.51999999999,56595.6,73399.2,45950.700000000004,41899.200000000004
2025-08-16,0.0,0.0,0.0,0.0,0.0
2025-08-17,0.0,0.0,0.0,0.0,0.0
2025-08-18,70506.54,56595.6,73399.2,45950.700000000004,41899.200000000004
2025-08-19,0.0,0.0,0.0,0.0,0.0
2025-08-20,70506.54,56595.6,73399.2,49668.799999999996,41899.200000000004
2025-08-21,0.0,0.0,0.0,0.0,0.0
2025-08-22,0.0,0.0,0.0,0.0,0.0
2025-08-23,0.0,0.0,0.0,0.0,0.0
2025-08-24,0.0,0.0,0.0,0.0,0.0
2025-08-25,68255.88,56595.6,73399.2,49668.799999999996,41899.200000000004
2025-08-26,0.0,0.0,0.0,0.0,0.0
2025-08-27,68226.51000000001,56595.6,73399.2,49668.799999999996,41899.200000000004
2025-08-28,0.0,0.0,0.0,0.0,0.0
2025-08-29,65359.28,56595.6,73399.2,49668.799999999996,41899.200000000004
2025-08-30,0.0,0.0,0.0,0.0,0.0
2025-08-31,0.0,0.0,0.0,0.0,0.0
2025-09-01,65359.28,56595.6,73399.2,49668.799999999996,37396.799999999996
2025-09-02,0.0,0.0,0.0,0.0,0.0
2025-09-03,68216.72,56595.6,73399.2,49668.799999999996,32697.0
2025-09-04,73534.09,56595.6,73399.2,49668.799999999996,32697.0
2025-09-05,68255.88,56595.6,73399.2,49668.799999999996,32697.0
2025-09-06,0.0,0.0,0.0,0.0,0.0
2025-09-07,0.0,0.0,0.0,0.0,0.0
2025-09-08,0.0,0.0,0.0,0.0,0.0
2025-09-09,68255.88,56595.6,73399.2,49668.799999999996,27800.5
2025-09-10,0.0,0.0,0.0,0.0,0.0
2025-09-11,65396.03999999999,56595.6,73399.2,49668.799999999996,27800.5
2025-09-12,62354.810000000005,56595.6,73399.2,45737.1,27800.5
2025-09-13,0.0,0.0,0.0,0.0,0.0
2025-09-14,0.0,0.0,0.0,0.0,0.0
2025-09-15,0.0,0.0,0.0,0.0,0.0
2025-09-16,0.0,0.0,0.0,0.0,0.0
2025-09-17,0.0,0.0,0.0,0.0,0.0
2025-09-18,62397.76,56595.6,73399.2,45737.1,27800.5
2025-09-19,62397.76,56595.6,73399.2,41697.6,27800.5
2025-09-20,0.0,0.0,0.0,0.0,0.0
2025-09-21,0.0,0.0,0.0,0.0,0.0
2025-09-22,0.0,0.0,0.0,0.0,0.0
2025-09-23,62397.76,56595.6,73399.2,37369.2,22733.2
2025-09-24,59221.88,56595.6,73399.2,37369.2,22733.2
2025-09-25,0.0,0.0,0.0,0.0,0.0
2025-09-26,0.0,0.0,0.0,0.0,0.0
2025-09-27,0.0,0.0,0.0,0.0,0.0
2025-09-28,0.0,0.0,0.0,0.0,0.0
2025-09-29,0.0,0.0,0.0,0.0,0.0
2025-09-30,59221.88,56595.6,73399.2,37369.2,17486.7
2025-10-01,0.0,0.0,0.0,0.0,0.0
2025-10-02,0.0,0.0,0.0,0.0,0.0
2025-10-03,0.0,0.0,0.0,0.0,0.0
2025-10-04,0.0,0.0,0.0,0.0,0.0
2025-10-05,0.0,0.0,0.0,0.0,0.0
2025-10-06,0.0,0.0,0.0,0.0,0.0
2025-10-07,0.0,0.0,0.0,0.0,0.0
2025-10-08,0.0,0.0,0.0,0.0,0.0
2025-10-09,55883.18,56595.6,73399.2,33174.0,12223.4
2025-10-10,0.0,0.0,0.0,0.0,0.0
2025-10-11,0.0,0.0,0.0,0.0,0.0
2025-10-12,0.0,0.0,0.0,0.0,0.0
2025-10-13,55085.06,56595.6,73399.2,33174.0,12223.4
2025-10-14,58358.96,56595.6,73399.2,37724.5,53346.0
2025-10-15,58358.96,56595.6,73399.2,37724.5,50347.0
2025-10-16,0.0,0.0,0.0,0.0,0.0
2025-10-17,61470.04,56595.6,73399.2,37724.5,47425.0
2025-10-18,0.0,0.0,0.0,0.0,0.0
2025-10-19,0.0,0.0,0.0,0.0,0.0
2025-10-20,61470.04,56595.6,73399.2,33156.0,51117.0
2025-10-21,61470.04,56595.6,73399.2,28478.6,47539.99999999999
2025-10-22,61470.04,56595.6,73399.2,28478.6,49412.0
2025-10-23,0.0,0.0,0.0,0.0,0.0
2025-10-24,58382.93,56595.6,73399.2,28478.6,49412.0
2025-10-25,0.0,0.0,0.0,0.0,0.0
2025-10-26,0.0,0.0,0.0,0.0,0.0
2025-10-27,55107.229999999996,56595.6,73399.2,23472.8,49412.0
2025-10-28,55107.229999999996,56595.6,73399.2,23607.0,55925.99999999999
2025-10-29,55107.229999999996,56595.6,73399.2,18432.6,55925.99999999999
2025-10-30,0.0,0.0,0.0,0.0,0.0
2025-10-31,55107.229999999996,56595.6,73399.2,18432.6,52884.0
2025-11-01,0.0,0.0,0.0,0.0,0.0
2025-11-02,0.0,0.0,0.0,0.0,0.0
2025-11-03,0.0,0.0,0.0,0.0,0.0
2025-11-04,58382.93,56595.6,73399.2,23692.399999999998,52884.0
2025-11-05,58382.93,56595.6,73399.2,23497.2,52884.0
2025-11-06,55099.840000000004,56595.6,73399.2,23497.2,52884.0
2025-11-07,0.0,0.0,0.0,0.0,0.0
2025-11-08,0.0,0.0,0.0,0.0,0.0
2025-11-09,0.0,0.0,0.0,0.0,0.0
2025-11-10,0.0,0.0,0.0,0.0,0.0
2025-11-11,55099.840000000004,56595.6,73399.2,18358.2,50149.0
2025-11-12,58374.94,56595.6,73399.2,18358.2,50149.0
2025-11-13,55077.670000000006,56595.6,73399.2,18358.2,50149.0
2025-11-14,55077.670000000006,56595.6,73399.2,23594.8,50149.0
2025-11-15,0.0,0.0,0.0,0.0,0.0
2025-11-16,0.0,0.0,0.0,0.0,0.0
2025-11-17,55077.670000000006,56595.6,73399.2,28569.199999999997,53556.0
2025-11-18,58295.04,56595.6,73399.2,33372.0,53556.0
2025-11-19,0.0,0.0,0.0,0.0,0.0
2025-11-20,58295.04,56595.6,73399.2,28584.3,53556.0
2025-11-21,63971.590000000004,56595.6,73399.2,33030.0,53556.0
2025-11-22,0.0,0.0,0.0,0.0,0.0
2025-11-23,0.0,0.0,0.0,0.0,0.0
2025-11-24,63971.590000000004,56595.6,73399.2,28282.3,53556.0
2025-11-25,60997.59,56595.6,73399.2,28282.3,53556.0
2025-11-26,60997.59,56595.6,73399.2,23326.399999999998,53556.0
2025-11-27,0.0,0.0,0.0,0.0,0.0
2025-11-28,0.0,0.0,0.0,0.0,0.0
2025-11-29,0.0,0.0,0.0,0.0,0.0
2025-11-30,0.0,0.0,0.0,0.0,0.0
2025-12-01,60997.59,56595.6,73399.2,23326.399999999998,50358.0
2025-12-02,0.0,0.0,0.0,0.0,0.0
2025-12-03,60997.59,56595.6,73399.2,18144.3,50358.0
2025-12-04,0.0,0.0,0.0,0.0,0.0
2025-12-05,0.0,0.0,0.0,0.0,0.0
2025-12-06,0.0,0.0,0.0,0.0,0.0
2025-12-07,0.0,0.0,0.0,0.0,0.0
2025-12-08,57895.54,56595.6,73399.2,18144.3,50358.0
2025-12-09,0.0,0.0,0.0,0.0,0.0
2025-12-10,0.0,0.0,0.0,0.0,0.0
2025-12-11,0.0,0.0,0.0,0.0,0.0
2025-12-12,0.0,0.0,0.0,0.0,0.0
2025-12-13,0.0,0.0,0.0,0.0,0.0
2025-12-14,0.0,0.0,0.0,0.0,0.0
2025-12-15,57895.54,56595.6,73399.2,23070.2,46700.0
2025-12-16,60928.87,56595.6,73399.2,23070.2,46700.0
2025-12-17,57831.62,56595.6,73399.2,23070.2,46700.0
2025-12-18,0.0,0.0,0.0,0.0,0.0
2025-12-19,0.0,0.0,0.0,0.0,0.0
2025-12-20,0.0,0.0,0.0,0.0,0.0
2025-12-21,0.0,0.0,0.0,0.0,0.0
2025-12-22,54567.76,56595.6,73399.2,18051.3,46700.0
2025-12-23,54567.76,56595.6,73399.2,18051.3,43366.5
2025-12-24,0.0,0.0,0.0,0.0,0.0
2025-12-25,51189.81,56595.6,73399.2,18051.3,43366.5
2025-12-26,0.0,0.0,0.0,0.0,0.0
2025-12-27,0.0,0.0,0.0,0.0,0.0
2025-12-28,0.0,0.0,0.0,0.0,0.0
2025-12-29,0.0,0.0,0.0,0.0,0.0
2025-12-30,51189.81,56595.6,73399.2,23204.399999999998,46375.0
2025-12-31,0.0,0.0,0.0,0.0,0.0
2026-01-01,0.0,0.0,0.0,0.0,0.0
2026-01-02,0.0,0.0,0.0,0.0,0.0
2026-01-03,0.0,0.0,0.0,0.0,0.0
2026-01-04,0.0,0.0,0.0,0.0,0.0
2026-01-05,47601.100000000006,56595.6,73399.2,23204.399999999998,42583.49999999999
2026-01-06,43892.68,56595.6,73399.2,23204.399999999998,42583.49999999999
2026-01-07,40004.829999999994,56595.6,73399.2,23204.399999999998,42583.49999999999
2026-01-08,0.0,0.0,0.0,0.0,0.0
2026-01-09,35918.98,56595.6,73399.2,23204.399999999998,42583.49999999999
2026-01-10,0.0,0.0,0.0,0.0,0.0
2026-01-11,0.0,0.0,0.0,0.0,0.0
2026-01-12,31642.71,56595.6,73399.2,23204.399999999998,39128.0
2026-01-13,0.0,0.0,0.0,0.0,0.0
2026-01-14,31551.749999999996,56595.6,73399.2,23204.399999999998,39128.0
2026-01-15,0.0,0.0,0.0,0.0,0.0
2026-01-16,0.0,0.0,0.0,0.0,0.0
2026-01-17,0.0,0.0,0.0,0.0,0.0
2026-01-18,0.0,0.0,0.0,0.0,0.0
2026-01-19,31551.749999999996,56595.6,73399.2,23204.399999999998,34926.5
2026-01-20,0.0,0.0,0.0,0.0,0.0
2026-01-21,31551.749999999996,56595.6,73399.2,28101.1,31104.0
2026-01-22,31551.749999999996,56595.6,73399.2,23167.8,31104.0
2026-01-23,22483.789999999997,56595.6,73399.2,23167.8,26530.0
2026-01-24,0.0,0.0,0.0,0.0,0.0
2026-01-25,0.0,0.0,0.0,0.0,0.0
2026-01-26,22483.789999999997,56595.6,73399.2,23167.8,21786.0
2026-01-27,22444.940000000002,56595.6,73399.2,23167.8,21786.0
2026-01-28,22444.940000000002,56595.6,73399.2,23167.8,16671.0
2026-01-29,22444.940000000002,56595.6,73399.2,23167.8,48831.0
2026-01-30,27051.2,56595.6,73399.2,23167.8,54664.4
2026-01-31,0.0,0.0,0.0,0.0,0.0
2026-02-01,0.0,0.0,0.0,0.0,0.0
2026-02-02,35708.26,56595.6,73399.2,28101.1,52692.6
2026-02-03,31445.63,56595.6,73399.2,28101.1,50798.3
2026-02-04,31445.63,56595.6,73399.2,28101.1,48568.5
2026-02-05,31445.63,56595.6,73399.2,28101.1,51724.399999999994
2026-02-06,31339.510000000002,56595.6,73399.2,32562.0,47209.5
2026-02-07,0.0,0.0,0.0,0.0,0.0
2026-02-08,0.0,0.0,0.0,0.0,0.0
2026-02-09,31339.510000000002,56595.6,73399.2,27874.600000000002,43947.899999999994
2026-02-10,0.0,0.0,0.0,0.0,0.0
2026-02-11,26920.41,56595.6,73399.2,27874.600000000002,43947.899999999994
2026-02-12,0.0,0.0,0.0,0.0,0.0
2026-02-13,0.0,0.0,0.0,0.0,0.0
2026-02-14,0.0,0.0,0.0,0.0,0.0
2026-02-15,0.0,0.0,0.0,0.0,0.0
2026-02-16,0.0,0.0,0.0,0.0,0.0
2026-02-17,0.0,0.0,0.0,0.0,0.0
2026-02-18,0.0,0.0,0.0,0.0,0.0
2026-02-19,0.0,0.0,0.0,0.0,0.0
2026-02-20,0.0,0.0,0.0,0.0,0.0
2026-02-21,0.0,0.0,0.0,0.0,0.0
2026-02-22,0.0,0.0,0.0,0.0,0.0
2026-02-23,0.0,0.0,0.0,0.0,0.0
2026-02-24,26920.41,56595.6,73399.2,27874.600000000002,40470.600000000006
2026-02-25,22294.72,56595.6,73399.2,27874.600000000002,40470.600000000006
2026-02-26,0.0,0.0,0.0,0.0,0.0
2026-02-27,0.0,0.0,0.0,0.0,0.0
2026-02-28,0.0,0.0,0.0,0.0,0.0
2026-03-01,0.0,0.0,0.0,0.0,0.0
2026-03-02,22294.72,56595.6,73399.2,32526.0,37385.700000000004
2026-03-03,26894.889999999996,56595.6,73399.2,32526.0,37385.700000000004
2026-03-04,26894.889999999996,56595.6,73399.2,36930.299999999996,40677.799999999996
2026-03-05,0.0,0.0,0.0,0.0,0.0
2026-03-06,26894.889999999996,56595.6,73399.2,32454.0,40677.799999999996
2026-03-07,0.0,0.0,0.0,0.0,0.0
2026-03-08,0.0,0.0,0.0,0.0,0.0
2026-03-09,31271.289999999997,56595.6,73399.2,36533.2,40677.799999999996
2026-03-10,26968.260000000002,56595.6,73399.2,32238.0,40677.799999999996
2026-03-11,0.0,0.0,0.0,0.0,0.0
2026-03-12,0.0,0.0,0.0,0.0,0.0
2026-03-13,0.0,0.0,0.0,0.0,0.0
2026-03-14,0.0,0.0,0.0,0.0,0.0
2026-03-15,0.0,0.0,0.0,0.0,0.0
2026-03-16,31275.08,56595.6,73399.2,32238.0,43562.5
2026-03-17,35479.98,56595.6,73399.2,32238.0,43562.5
2026-03-18,0.0,0.0,0.0,0.0,0.0
2026-03-19,39505.83,56595.6,73399.2,32238.0,49421.4
2026-03-20,39505.83,56595.6,73399.2,36658.6,49421.4
2026-03-21,0.0,0.0,0.0,0.0,0.0
2026-03-22,0.0,0.0,0.0,0.0,0.0
2026-03-23,46691.17,56595.6,73399.2,44909.4,55345.3
2026-03-24,46691.17,56595.6,73399.2,40888.4,52884.600000000006
2026-03-25,39291.259999999995,56595.6,73399.2,40888.4,51415.3
2026-03-26,43126.85,56595.6,73399.2,40888.4,54155.7
2026-03-27,0.0,0.0,0.0,0.0,0.0
2026-03-28,0.0,0.0,0.0,0.0,0.0
2026-03-29,0.0,0.0,0.0,0.0,0.0
2026-03-30,43126.85,56595.6,73399.2,44615.700000000004,54155.7
2026-03-31,43126.85,56595.6,73399.2,44615.700000000004,51717.399999999994
2026-04-01,43126.85,56595.6,73399.2,41031.2,48794.200000000004
2026-04-02,43126.85,56595.6,73399.2,41031.2,51696.2
2026-04-03,0.0,0.0,0.0,0.0,0.0
2026-04-04,0.0,0.0,0.0,0.0,0.0
2026-04-05,0.0,0.0,0.0,0.0,0.0
2026-04-06,0.0,0.0,0.0,0.0,0.0
2026-04-07,0.0,0.0,0.0,0.0,0.0
2026-04-08,39316.21,56595.6,73399.2,32868.0,49485.1
2026-04-09,0.0,0.0,0.0,0.0,0.0
2026-04-10,35299.990000000005,56595.6,73399.2,32868.0,49485.1
2026-04-11,0.0,0.0,0.0,0.0,0.0
2026-04-12,0.0,0.0,0.0,0.0,0.0
2026-04-13,0.0,0.0,0.0,0.0,0.0
2026-04-14,0.0,0.0,0.0,0.0,0.0
2026-04-15,31157.59,56595.6,73399.2,28131.3,49485.1
2026-04-16,31157.59,56595.6,73399.2,23277.6,49485.1
2026-04-17,0.0,0.0,0.0,0.0,0.0
2026-04-18,0.0,0.0,0.0,0.0,0.0
2026-04-19,0.0,0.0,0.0,0.0,0.0
2026-04-20,26757.72,56595.6,73399.2,23277.6,49485.1
2026-04-21,0.0,0.0,0.0,0.0,0.0
2026-04-22,0.0,0.0,0.0,0.0,0.0
2026-04-23,26757.72,56595.6,73399.2,23277.6,52432.9
2026-04-24,0.0,0.0,0.0,0.0,0.0
2026-04-25,0.0,0.0,0.0,0.0,0.0
2026-04-26,0.0,0.0,0.0,0.0,0.0
2026-04-27,0.0,0.0,0.0,0.0,0.0
2026-04-28,26757.72,56595.6,73399.2,18116.399999999998,52432.9
2026-04-29,26757.72,56595.6,73399.2,18116.399999999998,54942.299999999996
2026-04-30,0.0,0.0,0.0,0.0,0.0
2026-05-01,0.0,0.0,0.0,0.0,0.0
2026-05-02,0.0,0.0,0.0,0.0,0.0
2026-05-03,0.0,0.0,0.0,0.0,0.0
2026-05-04,0.0,0.0,0.0,0.0,0.0
2026-05-05,0.0,0.0,0.0,0.0,0.0
2026-05-06,22191.12,56595.6,73399.2,12921.6,54942.299999999996
2026-05-07,49823.7,56595.6,73399.2,12921.6,52284.5
2026-05-08,49823.7,56595.6,73399.2,49852.0,52284.5
2026-05-09,0.0,0.0,0.0,0.0,0.0
2026-05-10,0.0,0.0,0.0,0.0,0.0
2026-05-11,46305.18,56595.6,73399.2,45867.200000000004,52284.5
2026-05-12,0.0,0.0,0.0,0.0,0.0
2026-05-13,0.0,0.0,0.0,0.0,0.0
2026-05-14,0.0,0.0,0.0,0.0,0.0
2026-05-15,53035.92,56595.6,73399.2,45867.200000000004,54919.5
2026-05-16,0.0,0.0,0.0,0.0,0.0
2026-05-17,0.0,0.0,0.0,0.0,0.0
2026-05-18,53035.92,56595.6,73399.2,49876.2,57584.0
2026-05-19,0.0,0.0,0.0,0.0,0.0
2026-05-20,49741.98,56595.6,73399.2,49876.2,57584.0
2026-05-21,52918.31,56595.6,73399.2,45845.4,57584.0
2026-05-22,52918.31,56595.6,73399.2,41632.4,57584.0
