timestamp,action,name,code,price,shares,position,profit,level,date,year_month,label
2019-01-02 09:30:00,重装建仓,纳指ETF,513100.XSHG,2.243,22200.0,22200,,,2019-01-02,2019-01,"纳指ETF
513100.XSHG"
2019-01-02 09:30:00,重装建仓,黄金ETF,518880.XSHG,2.826,17600.0,17600,,,2019-01-02,2019-01,"黄金ETF
518880.XSHG"
2019-01-02 09:30:00,重装建仓,500ETF,510500.XSHG,4.453,11200.0,11200,,,2019-01-02,2019-01,"500ETF
510500.XSHG"
2019-01-02 09:30:00,重装建仓,医药ETF,512010.XSHG,1.328,37600.0,37600,,,2019-01-02,2019-01,"医药ETF
512010.XSHG"
2019-01-02 09:30:00,重装建仓,中概互联,513050.XSHG,1.054,47400.0,47400,,,2019-01-02,2019-01,"中概互联
513050.XSHG"
2019-01-02 09:55:00,加仓,医药ETF,512010.XSHG,1.3,3700.0,41300,,1.0,2019-01-02,2019-01,"医药ETF
512010.XSHG"
2019-01-02 11:06:00,加仓,中概互联,513050.XSHG,1.032,4700.0,52100,,1.0,2019-01-02,2019-01,"中概互联
513050.XSHG"
2019-01-03 09:33:00,加仓,医药ETF,512010.XSHG,1.266,3700.0,45000,,2.0,2019-01-03,2019-01,"医药ETF
512010.XSHG"
2019-01-03 14:16:00,加仓,医药ETF,512010.XSHG,1.24,3700.0,48700,,3.0,2019-01-03,2019-01,"医药ETF
512010.XSHG"
2019-01-04 09:31:00,加仓,纳指ETF,513100.XSHG,2.185,2200.0,24400,,1.0,2019-01-04,2019-01,"纳指ETF
513100.XSHG"
2019-01-04 09:31:00,加仓,中概互联,513050.XSHG,1.007,4700.0,56800,,2.0,2019-01-04,2019-01,"中概互联
513050.XSHG"
2019-01-04 11:07:00,止盈,中概互联,513050.XSHG,1.03,4700.0,52100,107.62,1.0,2019-01-04,2019-01,"中概互联
513050.XSHG"
2019-01-04 11:16:00,止盈,医药ETF,512010.XSHG,1.265,3700.0,45000,92.03,2.0,2019-01-04,2019-01,"医药ETF
512010.XSHG"
2019-01-07 09:31:00,止盈,纳指ETF,513100.XSHG,2.304,2200.0,22200,261.29,0.0,2019-01-07,2019-01,"纳指ETF
513100.XSHG"
2019-01-07 09:31:00,止盈,中概互联,513050.XSHG,1.065,4700.0,47400,164.0,0.0,2019-01-07,2019-01,"中概互联
513050.XSHG"
2019-01-07 10:00:00,止盈,500ETF,510500.XSHG,4.549,1100.0,10100,105.1,-1.0,2019-01-07,2019-01,"500ETF
510500.XSHG"
2019-01-08 09:49:00,止盈,医药ETF,512010.XSHG,1.291,3700.0,41300,95.72,1.0,2019-01-08,2019-01,"医药ETF
512010.XSHG"
2019-01-09 09:31:00,止盈,中概互联,513050.XSHG,1.087,4700.0,42700,102.89,-1.0,2019-01-09,2019-01,"中概互联
513050.XSHG"
2019-01-09 09:37:00,止盈,纳指ETF,513100.XSHG,2.351,2200.0,20000,102.88,-1.0,2019-01-09,2019-01,"纳指ETF
513100.XSHG"
2019-01-09 10:03:00,止盈,500ETF,510500.XSHG,4.641,1100.0,9000,100.69,-2.0,2019-01-09,2019-01,"500ETF
510500.XSHG"
2019-01-09 10:38:00,止盈,医药ETF,512010.XSHG,1.317,3700.0,37600,95.71,0.0,2019-01-09,2019-01,"医药ETF
512010.XSHG"
2019-01-10 09:31:00,止盈,中概互联,513050.XSHG,1.114,4700.0,38000,126.38,-2.0,2019-01-10,2019-01,"中概互联
513050.XSHG"
2019-01-10 09:49:00,加仓,医药ETF,512010.XSHG,1.289,3700.0,41300,,1.0,2019-01-10,2019-01,"医药ETF
512010.XSHG"
2019-01-10 13:12:00,止盈,医药ETF,512010.XSHG,1.316,3700.0,37600,99.41,0.0,2019-01-10,2019-01,"医药ETF
512010.XSHG"
2019-01-11 10:43:00,加仓,医药ETF,512010.XSHG,1.289,3700.0,41300,,1.0,2019-01-11,2019-01,"医药ETF
512010.XSHG"
2019-01-14 10:13:00,加仓,纳指ETF,513100.XSHG,2.303,2200.0,22200,,0.0,2019-01-14,2019-01,"纳指ETF
513100.XSHG"
2019-01-14 14:37:00,加仓,中概互联,513050.XSHG,1.091,4700.0,42700,,-1.0,2019-01-14,2019-01,"中概互联
513050.XSHG"
2019-01-16 09:32:00,止盈,纳指ETF,513100.XSHG,2.35,2200.0,20000,102.88,-1.0,2019-01-16,2019-01,"纳指ETF
513100.XSHG"
2019-01-16 09:51:00,止盈,医药ETF,512010.XSHG,1.315,3700.0,37600,95.71,0.0,2019-01-16,2019-01,"医药ETF
512010.XSHG"
2019-01-17 09:31:00,止盈,中概互联,513050.XSHG,1.114,4700.0,38000,107.58,-2.0,2019-01-17,2019-01,"中概互联
513050.XSHG"
2019-01-18 09:49:00,止盈,医药ETF,512010.XSHG,1.345,3700.0,33900,110.5,-1.0,2019-01-18,2019-01,"医药ETF
512010.XSHG"
2019-01-21 09:32:00,止盈,中概互联,513050.XSHG,1.139,4700.0,33300,116.96,-3.0,2019-01-21,2019-01,"中概互联
513050.XSHG"
2019-01-21 09:44:00,止盈,医药ETF,512010.XSHG,1.372,3700.0,30200,99.39,-2.0,2019-01-21,2019-01,"医药ETF
512010.XSHG"
2019-01-22 09:43:00,加仓,医药ETF,512010.XSHG,1.343,3700.0,33900,,-1.0,2019-01-22,2019-01,"医药ETF
512010.XSHG"
2019-01-23 14:39:00,加仓,中概互联,513050.XSHG,1.116,4700.0,38000,,-2.0,2019-01-23,2019-01,"中概互联
513050.XSHG"
2019-01-25 13:01:00,止盈,中概互联,513050.XSHG,1.139,4700.0,33300,107.56,-3.0,2019-01-25,2019-01,"中概互联
513050.XSHG"
2019-01-28 09:31:00,止盈,中概互联,513050.XSHG,1.163,4700.0,28600,112.25,-4.0,2019-01-28,2019-01,"中概互联
513050.XSHG"
2019-01-29 10:04:00,加仓,500ETF,510500.XSHG,4.548,1100.0,10100,,-1.0,2019-01-29,2019-01,"500ETF
510500.XSHG"
2019-01-31 14:12:00,加仓,500ETF,510500.XSHG,4.457,1100.0,11200,,0.0,2019-01-31,2019-01,"500ETF
510500.XSHG"
2019-02-01 09:31:00,止盈,纳指ETF,513100.XSHG,2.407,2200.0,17800,124.87,-2.0,2019-02-01,2019-02,"纳指ETF
513100.XSHG"
2019-02-01 09:37:00,止盈,中概互联,513050.XSHG,1.187,4700.0,23900,112.24,-5.0,2019-02-01,2019-02,"中概互联
513050.XSHG"
2019-02-01 11:13:00,止盈,500ETF,510500.XSHG,4.547,1100.0,10100,98.5,-1.0,2019-02-01,2019-02,"500ETF
510500.XSHG"
2019-02-01 13:41:00,止盈,医药ETF,512010.XSHG,1.37,3700.0,30200,99.39,-2.0,2019-02-01,2019-02,"医药ETF
512010.XSHG"
2019-02-11 09:39:00,止盈,500ETF,510500.XSHG,4.639,1100.0,9000,100.69,-2.0,2019-02-11,2019-02,"500ETF
510500.XSHG"
2019-02-11 11:11:00,止盈,医药ETF,512010.XSHG,1.398,3700.0,26500,103.08,-3.0,2019-02-11,2019-02,"医药ETF
512010.XSHG"
2019-02-12 09:39:00,止盈,医药ETF,512010.XSHG,1.426,3700.0,22800,103.07,-4.0,2019-02-12,2019-02,"医药ETF
512010.XSHG"
2019-02-12 09:54:00,止盈,500ETF,510500.XSHG,4.733,1100.0,7900,102.88,-3.0,2019-02-12,2019-02,"500ETF
510500.XSHG"
2019-02-12 10:42:00,止盈,纳指ETF,513100.XSHG,2.456,2200.0,15600,107.26,-3.0,2019-02-12,2019-02,"纳指ETF
513100.XSHG"
2019-02-12 14:55:00,止盈,中概互联,513050.XSHG,1.211,4700.0,19200,112.23,-6.0,2019-02-12,2019-02,"中概互联
513050.XSHG"
2019-02-13 10:45:00,止盈,医药ETF,512010.XSHG,1.455,3700.0,19100,106.76,-5.0,2019-02-13,2019-02,"医药ETF
512010.XSHG"
2019-02-13 13:54:00,止盈,500ETF,510500.XSHG,4.829,1100.0,6800,105.07,-4.0,2019-02-13,2019-02,"500ETF
510500.XSHG"
2019-02-18 10:42:00,止盈,500ETF,510500.XSHG,4.926,1100.0,5700,106.16,-5.0,2019-02-18,2019-02,"500ETF
510500.XSHG"
2019-02-18 10:45:00,止盈,医药ETF,512010.XSHG,1.485,3700.0,15400,110.45,-6.0,2019-02-18,2019-02,"医药ETF
512010.XSHG"
2019-02-19 09:31:00,止盈,500ETF,510500.XSHG,5.03,1100.0,4600,113.85,-6.0,2019-02-19,2019-02,"500ETF
510500.XSHG"
2019-02-19 10:17:00,止盈,黄金ETF,518880.XSHG,2.883,1700.0,15900,96.41,-1.0,2019-02-19,2019-02,"黄金ETF
518880.XSHG"
2019-02-20 10:06:00,加仓,医药ETF,512010.XSHG,1.455,3700.0,19100,,-5.0,2019-02-20,2019-02,"医药ETF
512010.XSHG"
2019-02-22 14:59:00,止盈,500ETF,510500.XSHG,5.132,1100.0,3500,111.64,-7.0,2019-02-22,2019-02,"500ETF
510500.XSHG"
2019-02-25 09:32:00,止盈,医药ETF,512010.XSHG,1.486,3700.0,15400,114.15,-6.0,2019-02-25,2019-02,"医药ETF
512010.XSHG"
2019-02-25 09:43:00,止盈,500ETF,510500.XSHG,5.239,1100.0,2400,117.12,-8.0,2019-02-25,2019-02,"500ETF
510500.XSHG"
2019-02-25 13:03:00,破顶,500ETF,510500.XSHG,5.347,,9300,,,2019-02-25,2019-02,"500ETF
510500.XSHG"
2019-02-25 13:03:00,止盈,医药ETF,512010.XSHG,1.517,3700.0,11700,114.14,-7.0,2019-02-25,2019-02,"医药ETF
512010.XSHG"
2019-02-25 14:54:00,止盈,中概互联,513050.XSHG,1.236,4700.0,14500,116.92,-7.0,2019-02-25,2019-02,"中概互联
513050.XSHG"
2019-02-25 14:57:00,止盈,500ETF,510500.XSHG,5.462,900.0,8400,103.01,-1.0,2019-02-25,2019-02,"500ETF
510500.XSHG"
2019-02-26 09:51:00,止盈,医药ETF,512010.XSHG,1.548,3700.0,8000,114.13,-8.0,2019-02-26,2019-02,"医药ETF
512010.XSHG"
2019-02-26 09:57:00,破顶,医药ETF,512010.XSHG,1.581,,31600,,,2019-02-26,2019-02,"医药ETF
512010.XSHG"
2019-02-26 14:35:00,加仓,医药ETF,512010.XSHG,1.546,3100.0,34700,,1.0,2019-02-26,2019-02,"医药ETF
512010.XSHG"
2019-02-27 14:22:00,加仓,500ETF,510500.XSHG,5.343,900.0,9300,,0.0,2019-02-27,2019-02,"500ETF
510500.XSHG"
2019-03-01 09:31:00,止盈,医药ETF,512010.XSHG,1.583,3100.0,31600,114.21,0.0,2019-03-01,2019-03,"医药ETF
512010.XSHG"
2019-03-01 13:52:00,加仓,黄金ETF,518880.XSHG,2.825,1700.0,17600,,0.0,2019-03-01,2019-03,"黄金ETF
518880.XSHG"
2019-03-04 09:31:00,止盈,500ETF,510500.XSHG,5.464,900.0,8400,108.41,-1.0,2019-03-04,2019-03,"500ETF
510500.XSHG"
2019-03-04 10:06:00,止盈,纳指ETF,513100.XSHG,2.506,2200.0,13400,109.45,-4.0,2019-03-04,2019-03,"纳指ETF
513100.XSHG"
2019-03-04 11:11:00,止盈,500ETF,510500.XSHG,5.578,900.0,7500,102.1,-2.0,2019-03-04,2019-03,"500ETF
510500.XSHG"
2019-03-04 13:06:00,止盈,医药ETF,512010.XSHG,1.616,3100.0,28500,101.8,-1.0,2019-03-04,2019-03,"医药ETF
512010.XSHG"
2019-03-04 14:15:00,加仓,医药ETF,512010.XSHG,1.582,3100.0,31600,,0.0,2019-03-04,2019-03,"医药ETF
512010.XSHG"
2019-03-04 14:37:00,加仓,500ETF,510500.XSHG,5.461,900.0,8400,,-1.0,2019-03-04,2019-03,"500ETF
510500.XSHG"
2019-03-05 10:41:00,止盈,500ETF,510500.XSHG,5.574,900.0,7500,101.2,-2.0,2019-03-05,2019-03,"500ETF
510500.XSHG"
2019-03-05 14:57:00,止盈,中概互联,513050.XSHG,1.261,4700.0,9800,116.91,-8.0,2019-03-05,2019-03,"中概互联
513050.XSHG"
2019-03-06 09:31:00,止盈,500ETF,510500.XSHG,5.689,900.0,6600,102.99,-3.0,2019-03-06,2019-03,"500ETF
510500.XSHG"
2019-03-06 13:20:00,破顶,中概互联,513050.XSHG,1.287,,38800,,,2019-03-06,2019-03,"中概互联
513050.XSHG"
2019-03-07 10:03:00,止盈,500ETF,510500.XSHG,5.811,900.0,5700,109.28,-4.0,2019-03-07,2019-03,"500ETF
510500.XSHG"
2019-03-08 09:31:00,加仓,纳指ETF,513100.XSHG,2.455,2200.0,15600,,-3.0,2019-03-08,2019-03,"纳指ETF
513100.XSHG"
2019-03-08 09:31:00,加仓,500ETF,510500.XSHG,5.658,900.0,6600,,-3.0,2019-03-08,2019-03,"500ETF
510500.XSHG"
2019-03-08 09:31:00,加仓,中概互联,513050.XSHG,1.236,3800.0,42600,,1.0,2019-03-08,2019-03,"中概互联
513050.XSHG"
2019-03-08 09:32:00,加仓,医药ETF,512010.XSHG,1.543,3100.0,34700,,1.0,2019-03-08,2019-03,"医药ETF
512010.XSHG"
2019-03-08 09:56:00,止盈,医药ETF,512010.XSHG,1.574,3100.0,31600,95.61,0.0,2019-03-08,2019-03,"医药ETF
512010.XSHG"
2019-03-08 10:12:00,止盈,500ETF,510500.XSHG,5.772,900.0,5700,102.08,-4.0,2019-03-08,2019-03,"500ETF
510500.XSHG"
2019-03-08 14:41:00,加仓,500ETF,510500.XSHG,5.652,900.0,6600,,-3.0,2019-03-08,2019-03,"500ETF
510500.XSHG"
2019-03-11 11:11:00,止盈,500ETF,510500.XSHG,5.769,900.0,5700,104.78,-4.0,2019-03-11,2019-03,"500ETF
510500.XSHG"
2019-03-12 09:31:00,止盈,纳指ETF,513100.XSHG,2.507,2200.0,13400,113.85,-4.0,2019-03-12,2019-03,"纳指ETF
513100.XSHG"
2019-03-12 09:31:00,止盈,医药ETF,512010.XSHG,1.61,3100.0,28500,111.1,-1.0,2019-03-12,2019-03,"医药ETF
512010.XSHG"
2019-03-12 09:31:00,止盈,中概互联,513050.XSHG,1.269,3800.0,38800,124.92,0.0,2019-03-12,2019-03,"中概互联
513050.XSHG"
2019-03-12 09:34:00,止盈,500ETF,510500.XSHG,5.893,900.0,4800,111.07,-5.0,2019-03-12,2019-03,"500ETF
510500.XSHG"
2019-03-13 14:46:00,加仓,500ETF,510500.XSHG,5.77,900.0,5700,,-4.0,2019-03-13,2019-03,"500ETF
510500.XSHG"
2019-03-13 14:47:00,加仓,中概互联,513050.XSHG,1.243,3800.0,42600,,1.0,2019-03-13,2019-03,"中概互联
513050.XSHG"
2019-03-14 10:40:00,加仓,500ETF,510500.XSHG,5.653,900.0,6600,,-3.0,2019-03-14,2019-03,"500ETF
510500.XSHG"
2019-03-15 11:01:00,止盈,500ETF,510500.XSHG,5.771,900.0,5700,105.68,-4.0,2019-03-15,2019-03,"500ETF
510500.XSHG"
2019-03-18 09:36:00,止盈,纳指ETF,513100.XSHG,2.558,2200.0,11200,111.64,-5.0,2019-03-18,2019-03,"纳指ETF
513100.XSHG"
2019-03-18 10:28:00,止盈,医药ETF,512010.XSHG,1.643,3100.0,25400,101.79,-2.0,2019-03-18,2019-03,"医药ETF
512010.XSHG"
2019-03-18 14:26:00,止盈,医药ETF,512010.XSHG,1.677,3100.0,22300,104.88,-3.0,2019-03-18,2019-03,"医药ETF
512010.XSHG"
2019-03-18 14:33:00,止盈,500ETF,510500.XSHG,5.887,900.0,4800,103.87,-5.0,2019-03-18,2019-03,"500ETF
510500.XSHG"
2019-03-18 14:34:00,止盈,中概互联,513050.XSHG,1.268,3800.0,38800,94.52,0.0,2019-03-18,2019-03,"中概互联
513050.XSHG"
2019-03-20 09:35:00,加仓,医药ETF,512010.XSHG,1.643,3100.0,25400,,-2.0,2019-03-20,2019-03,"医药ETF
512010.XSHG"
2019-03-21 13:12:00,止盈,500ETF,510500.XSHG,6.007,900.0,3900,107.46,-6.0,2019-03-21,2019-03,"500ETF
510500.XSHG"
2019-03-22 09:32:00,止盈,纳指ETF,513100.XSHG,2.612,2200.0,9000,118.23,-6.0,2019-03-22,2019-03,"纳指ETF
513100.XSHG"
2019-03-22 11:01:00,加仓,500ETF,510500.XSHG,5.886,900.0,4800,,-5.0,2019-03-22,2019-03,"500ETF
510500.XSHG"
2019-03-22 14:11:00,止盈,500ETF,510500.XSHG,6.005,900.0,3900,106.56,-6.0,2019-03-22,2019-03,"500ETF
510500.XSHG"
2019-03-25 09:31:00,加仓,纳指ETF,513100.XSHG,2.544,2200.0,11200,,-5.0,2019-03-25,2019-03,"纳指ETF
513100.XSHG"
2019-03-25 09:31:00,加仓,中概互联,513050.XSHG,1.222,3800.0,42600,,1.0,2019-03-25,2019-03,"中概互联
513050.XSHG"
2019-03-26 10:00:00,加仓,500ETF,510500.XSHG,5.884,900.0,4800,,-5.0,2019-03-26,2019-03,"500ETF
510500.XSHG"
2019-03-26 13:13:00,加仓,医药ETF,512010.XSHG,1.61,3100.0,28500,,-1.0,2019-03-26,2019-03,"医药ETF
512010.XSHG"
2019-03-26 14:36:00,加仓,500ETF,510500.XSHG,5.765,900.0,5700,,-4.0,2019-03-26,2019-03,"500ETF
510500.XSHG"
2019-03-27 09:50:00,止盈,医药ETF,512010.XSHG,1.643,3100.0,25400,101.79,-2.0,2019-03-27,2019-03,"医药ETF
512010.XSHG"
2019-03-28 13:47:00,止盈,医药ETF,512010.XSHG,1.676,3100.0,22300,101.78,-3.0,2019-03-28,2019-03,"医药ETF
512010.XSHG"
2019-03-29 11:12:00,止盈,500ETF,510500.XSHG,5.882,900.0,4800,104.77,-5.0,2019-03-29,2019-03,"500ETF
510500.XSHG"
2019-03-29 13:33:00,止盈,中概互联,513050.XSHG,1.247,3800.0,38800,94.53,0.0,2019-03-29,2019-03,"中概互联
513050.XSHG"
2019-03-29 14:27:00,止盈,医药ETF,512010.XSHG,1.71,3100.0,19200,104.87,-4.0,2019-03-29,2019-03,"医药ETF
512010.XSHG"
2019-04-01 09:31:00,止盈,中概互联,513050.XSHG,1.272,3800.0,35000,94.52,-1.0,2019-04-01,2019-04,"中概互联
513050.XSHG"
2019-04-01 09:32:00,止盈,500ETF,510500.XSHG,6.016,900.0,3900,120.06,-6.0,2019-04-01,2019-04,"500ETF
510500.XSHG"
2019-04-01 09:41:00,止盈,医药ETF,512010.XSHG,1.745,3100.0,16100,107.96,-5.0,2019-04-01,2019-04,"医药ETF
512010.XSHG"
2019-04-01 10:05:00,止盈,纳指ETF,513100.XSHG,2.595,2200.0,9000,111.63,-6.0,2019-04-01,2019-04,"纳指ETF
513100.XSHG"
2019-04-01 10:32:00,止盈,500ETF,510500.XSHG,6.137,900.0,3000,108.35,-7.0,2019-04-01,2019-04,"500ETF
510500.XSHG"
2019-04-03 14:37:00,止盈,中概互联,513050.XSHG,1.298,3800.0,31200,98.31,-2.0,2019-04-03,2019-04,"中概互联
513050.XSHG"
2019-04-03 14:44:00,止盈,500ETF,510500.XSHG,6.26,900.0,2100,110.14,-8.0,2019-04-03,2019-04,"500ETF
510500.XSHG"
2019-04-04 09:48:00,止盈,纳指ETF,513100.XSHG,2.647,2200.0,6800,113.82,-7.0,2019-04-04,2019-04,"纳指ETF
513100.XSHG"
2019-04-08 11:07:00,止盈,中概互联,513050.XSHG,1.324,3800.0,27400,98.3,-3.0,2019-04-08,2019-04,"中概互联
513050.XSHG"
2019-04-08 13:09:00,加仓,医药ETF,512010.XSHG,1.71,3100.0,19200,,-4.0,2019-04-08,2019-04,"医药ETF
512010.XSHG"
2019-04-09 11:25:00,止盈,医药ETF,512010.XSHG,1.745,3100.0,16100,107.96,-5.0,2019-04-09,2019-04,"医药ETF
512010.XSHG"
2019-04-10 09:54:00,止盈,医药ETF,512010.XSHG,1.78,3100.0,13000,107.95,-6.0,2019-04-10,2019-04,"医药ETF
512010.XSHG"
2019-04-11 10:16:00,加仓,医药ETF,512010.XSHG,1.744,3100.0,16100,,-5.0,2019-04-11,2019-04,"医药ETF
512010.XSHG"
2019-04-11 14:44:00,加仓,500ETF,510500.XSHG,6.134,900.0,3000,,-7.0,2019-04-11,2019-04,"500ETF
510500.XSHG"
2019-04-12 10:43:00,加仓,医药ETF,512010.XSHG,1.709,3100.0,19200,,-4.0,2019-04-12,2019-04,"医药ETF
512010.XSHG"
2019-04-15 09:36:00,止盈,医药ETF,512010.XSHG,1.744,3100.0,16100,107.96,-5.0,2019-04-15,2019-04,"医药ETF
512010.XSHG"
2019-04-15 13:56:00,加仓,医药ETF,512010.XSHG,1.708,3100.0,19200,,-4.0,2019-04-15,2019-04,"医药ETF
512010.XSHG"
2019-04-16 09:31:00,加仓,500ETF,510500.XSHG,6.002,900.0,3900,,-6.0,2019-04-16,2019-04,"500ETF
510500.XSHG"
2019-04-16 13:53:00,止盈,500ETF,510500.XSHG,6.127,900.0,3000,111.95,-7.0,2019-04-16,2019-04,"500ETF
510500.XSHG"
2019-04-17 14:37:00,加仓,黄金ETF,518880.XSHG,2.768,1700.0,19300,,1.0,2019-04-17,2019-04,"黄金ETF
518880.XSHG"
2019-04-22 14:58:00,加仓,中概互联,513050.XSHG,1.297,3800.0,31200,,-2.0,2019-04-22,2019-04,"中概互联
513050.XSHG"
2019-04-23 11:14:00,加仓,500ETF,510500.XSHG,6.002,900.0,3900,,-6.0,2019-04-23,2019-04,"500ETF
510500.XSHG"
2019-04-23 13:48:00,止盈,纳指ETF,513100.XSHG,2.7,2200.0,4600,116.01,-8.0,2019-04-23,2019-04,"纳指ETF
513100.XSHG"
2019-04-25 09:55:00,破顶,纳指ETF,513100.XSHG,2.755,,18100,,,2019-04-25,2019-04,"纳指ETF
513100.XSHG"
2019-04-25 14:34:00,加仓,500ETF,510500.XSHG,5.88,900.0,4800,,-5.0,2019-04-25,2019-04,"500ETF
510500.XSHG"
2019-04-26 09:47:00,加仓,医药ETF,512010.XSHG,1.672,3100.0,22300,,-3.0,2019-04-26,2019-04,"医药ETF
512010.XSHG"
2019-04-29 09:37:00,加仓,500ETF,510500.XSHG,5.76,900.0,5700,,-4.0,2019-04-29,2019-04,"500ETF
510500.XSHG"
2019-04-29 10:46:00,加仓,500ETF,510500.XSHG,5.643,900.0,6600,,-3.0,2019-04-29,2019-04,"500ETF
510500.XSHG"
2019-04-29 10:52:00,止盈,纳指ETF,513100.XSHG,2.811,1800.0,16300,100.29,-1.0,2019-04-29,2019-04,"纳指ETF
513100.XSHG"
2019-04-29 13:25:00,止盈,医药ETF,512010.XSHG,1.706,3100.0,19200,104.87,-4.0,2019-04-29,2019-04,"医药ETF
512010.XSHG"
2019-04-29 13:30:00,止盈,500ETF,510500.XSHG,5.758,900.0,5700,102.98,-4.0,2019-04-29,2019-04,"500ETF
510500.XSHG"
2019-04-29 14:50:00,加仓,500ETF,510500.XSHG,5.642,900.0,6600,,-3.0,2019-04-29,2019-04,"500ETF
510500.XSHG"
2019-05-06 09:31:00,加仓,500ETF,510500.XSHG,5.462,900.0,7500,,-2.0,2019-05-06,2019-05,"500ETF
510500.XSHG"
2019-05-06 09:31:00,加仓,医药ETF,512010.XSHG,1.642,3100.0,22300,,-3.0,2019-05-06,2019-05,"医药ETF
512010.XSHG"
2019-05-06 10:54:00,加仓,500ETF,510500.XSHG,5.352,900.0,8400,,-1.0,2019-05-06,2019-05,"500ETF
510500.XSHG"
2019-05-06 10:59:00,加仓,医药ETF,512010.XSHG,1.603,3100.0,25400,,-2.0,2019-05-06,2019-05,"医药ETF
512010.XSHG"
2019-05-06 13:29:00,加仓,纳指ETF,513100.XSHG,2.754,1800.0,18100,,0.0,2019-05-06,2019-05,"纳指ETF
513100.XSHG"
2019-05-06 14:03:00,加仓,500ETF,510500.XSHG,5.243,900.0,9300,,0.0,2019-05-06,2019-05,"500ETF
510500.XSHG"
2019-05-07 09:52:00,止盈,医药ETF,512010.XSHG,1.636,3100.0,22300,101.79,-3.0,2019-05-07,2019-05,"医药ETF
512010.XSHG"
2019-05-08 09:31:00,加仓,医药ETF,512010.XSHG,1.6,3100.0,25400,,-2.0,2019-05-08,2019-05,"医药ETF
512010.XSHG"
2019-05-08 10:26:00,止盈,医药ETF,512010.XSHG,1.633,3100.0,22300,101.79,-3.0,2019-05-08,2019-05,"医药ETF
512010.XSHG"
2019-05-08 10:45:00,止盈,500ETF,510500.XSHG,5.351,900.0,8400,96.72,-1.0,2019-05-08,2019-05,"500ETF
510500.XSHG"
2019-05-09 09:32:00,加仓,纳指ETF,513100.XSHG,2.697,1800.0,19900,,1.0,2019-05-09,2019-05,"纳指ETF
513100.XSHG"
2019-05-09 09:50:00,加仓,医药ETF,512010.XSHG,1.6,3100.0,25400,,-2.0,2019-05-09,2019-05,"医药ETF
512010.XSHG"
2019-05-09 10:29:00,加仓,中概互联,513050.XSHG,1.271,3800.0,35000,,-1.0,2019-05-09,2019-05,"中概互联
513050.XSHG"
2019-05-09 10:48:00,加仓,500ETF,510500.XSHG,5.24,900.0,9300,,0.0,2019-05-09,2019-05,"500ETF
510500.XSHG"
2019-05-09 10:48:00,加仓,医药ETF,512010.XSHG,1.568,3100.0,28500,,-1.0,2019-05-09,2019-05,"医药ETF
512010.XSHG"
2019-05-10 09:40:00,止盈,500ETF,510500.XSHG,5.35,900.0,8400,98.52,-1.0,2019-05-10,2019-05,"500ETF
510500.XSHG"
2019-05-10 09:48:00,止盈,医药ETF,512010.XSHG,1.6,3100.0,25400,98.7,-2.0,2019-05-10,2019-05,"医药ETF
512010.XSHG"
2019-05-10 13:03:00,加仓,500ETF,510500.XSHG,5.241,900.0,9300,,0.0,2019-05-10,2019-05,"500ETF
510500.XSHG"
2019-05-10 13:03:00,加仓,医药ETF,512010.XSHG,1.564,3100.0,28500,,-1.0,2019-05-10,2019-05,"医药ETF
512010.XSHG"
2019-05-10 13:41:00,止盈,500ETF,510500.XSHG,5.35,900.0,8400,97.62,-1.0,2019-05-10,2019-05,"500ETF
510500.XSHG"
2019-05-10 13:44:00,止盈,医药ETF,512010.XSHG,1.597,3100.0,25400,101.8,-2.0,2019-05-10,2019-05,"医药ETF
512010.XSHG"
2019-05-13 09:32:00,止盈,黄金ETF,518880.XSHG,2.824,1700.0,17600,94.72,0.0,2019-05-13,2019-05,"黄金ETF
518880.XSHG"
2019-05-14 09:31:00,加仓,纳指ETF,513100.XSHG,2.613,1800.0,21700,,2.0,2019-05-14,2019-05,"纳指ETF
513100.XSHG"
2019-05-14 09:31:00,加仓,中概互联,513050.XSHG,1.234,3800.0,38800,,0.0,2019-05-14,2019-05,"中概互联
513050.XSHG"
2019-05-15 14:06:00,止盈,医药ETF,512010.XSHG,1.629,3100.0,22300,98.7,-3.0,2019-05-15,2019-05,"医药ETF
512010.XSHG"
2019-05-15 14:20:00,止盈,中概互联,513050.XSHG,1.259,3800.0,35000,94.52,-1.0,2019-05-15,2019-05,"中概互联
513050.XSHG"
2019-05-16 09:31:00,止盈,纳指ETF,513100.XSHG,2.685,1800.0,19900,129.12,1.0,2019-05-16,2019-05,"纳指ETF
513100.XSHG"
2019-05-16 13:20:00,止盈,500ETF,510500.XSHG,5.458,900.0,7500,96.71,-2.0,2019-05-16,2019-05,"500ETF
510500.XSHG"
2019-05-17 13:43:00,加仓,500ETF,510500.XSHG,5.345,900.0,8400,,-1.0,2019-05-17,2019-05,"500ETF
510500.XSHG"
2019-05-20 09:31:00,加仓,中概互联,513050.XSHG,1.228,3800.0,38800,,0.0,2019-05-20,2019-05,"中概互联
513050.XSHG"
2019-05-20 09:33:00,加仓,医药ETF,512010.XSHG,1.594,3100.0,25400,,-2.0,2019-05-20,2019-05,"医药ETF
512010.XSHG"
2019-05-20 09:45:00,加仓,500ETF,510500.XSHG,5.233,900.0,9300,,0.0,2019-05-20,2019-05,"500ETF
510500.XSHG"
2019-05-20 10:20:00,加仓,医药ETF,512010.XSHG,1.561,3100.0,28500,,-1.0,2019-05-20,2019-05,"医药ETF
512010.XSHG"
2019-05-21 09:31:00,加仓,中概互联,513050.XSHG,1.178,3800.0,42600,,1.0,2019-05-21,2019-05,"中概互联
513050.XSHG"
2019-05-21 10:02:00,止盈,医药ETF,512010.XSHG,1.593,3100.0,25400,98.71,-2.0,2019-05-21,2019-05,"医药ETF
512010.XSHG"
2019-05-21 10:46:00,止盈,500ETF,510500.XSHG,5.338,900.0,8400,94.02,-1.0,2019-05-21,2019-05,"500ETF
510500.XSHG"
2019-05-21 11:09:00,止盈,中概互联,513050.XSHG,1.202,3800.0,38800,90.74,0.0,2019-05-21,2019-05,"中概互联
513050.XSHG"
2019-05-22 14:17:00,加仓,中概互联,513050.XSHG,1.177,3800.0,42600,,1.0,2019-05-22,2019-05,"中概互联
513050.XSHG"
2019-05-23 13:43:00,加仓,中概互联,513050.XSHG,1.153,3800.0,46400,,2.0,2019-05-23,2019-05,"中概互联
513050.XSHG"
2019-05-23 13:52:00,加仓,医药ETF,512010.XSHG,1.561,3100.0,28500,,-1.0,2019-05-23,2019-05,"医药ETF
512010.XSHG"
2019-05-23 14:07:00,加仓,500ETF,510500.XSHG,5.231,900.0,9300,,0.0,2019-05-23,2019-05,"500ETF
510500.XSHG"
2019-05-24 09:31:00,加仓,纳指ETF,513100.XSHG,2.625,1800.0,21700,,2.0,2019-05-24,2019-05,"纳指ETF
513100.XSHG"
2019-05-27 10:55:00,加仓,中概互联,513050.XSHG,1.129,3800.0,50200,,3.0,2019-05-27,2019-05,"中概互联
513050.XSHG"
2019-05-27 14:22:00,止盈,500ETF,510500.XSHG,5.339,900.0,8400,96.72,-1.0,2019-05-27,2019-05,"500ETF
510500.XSHG"
2019-05-28 11:16:00,止盈,中概互联,513050.XSHG,1.152,3800.0,46400,86.96,2.0,2019-05-28,2019-05,"中概互联
513050.XSHG"
2019-05-29 09:33:00,加仓,中概互联,513050.XSHG,1.128,3800.0,50200,,3.0,2019-05-29,2019-05,"中概互联
513050.XSHG"
2019-05-30 11:00:00,加仓,500ETF,510500.XSHG,5.231,900.0,9300,,0.0,2019-05-30,2019-05,"500ETF
510500.XSHG"
2019-05-31 14:34:00,加仓,纳指ETF,513100.XSHG,2.572,1800.0,23500,,3.0,2019-05-31,2019-05,"纳指ETF
513100.XSHG"
2019-06-03 09:31:00,止盈,黄金ETF,518880.XSHG,2.909,1700.0,15900,144.01,-1.0,2019-06-03,2019-06,"黄金ETF
518880.XSHG"
2019-06-04 09:31:00,加仓,纳指ETF,513100.XSHG,2.506,1800.0,25300,,4.0,2019-06-04,2019-06,"纳指ETF
513100.XSHG"
2019-06-04 09:39:00,加仓,中概互联,513050.XSHG,1.105,3800.0,54000,,4.0,2019-06-04,2019-06,"中概互联
513050.XSHG"
2019-06-05 09:31:00,止盈,纳指ETF,513100.XSHG,2.567,1800.0,23500,109.34,3.0,2019-06-05,2019-06,"纳指ETF
513100.XSHG"
2019-06-05 09:34:00,止盈,中概互联,513050.XSHG,1.129,3800.0,50200,90.77,3.0,2019-06-05,2019-06,"中概互联
513050.XSHG"
2019-06-05 09:44:00,加仓,医药ETF,512010.XSHG,1.528,3100.0,31600,,0.0,2019-06-05,2019-06,"医药ETF
512010.XSHG"
2019-06-05 14:31:00,加仓,医药ETF,512010.XSHG,1.497,3100.0,34700,,1.0,2019-06-05,2019-06,"医药ETF
512010.XSHG"
2019-06-06 09:32:00,加仓,500ETF,510500.XSHG,5.12,900.0,10200,,1.0,2019-06-06,2019-06,"500ETF
510500.XSHG"
2019-06-06 09:33:00,加仓,中概互联,513050.XSHG,1.105,3800.0,54000,,4.0,2019-06-06,2019-06,"中概互联
513050.XSHG"
2019-06-06 09:35:00,加仓,医药ETF,512010.XSHG,1.465,3100.0,37800,,2.0,2019-06-06,2019-06,"医药ETF
512010.XSHG"
2019-06-10 09:30:00,加仓,500ETF,510500.XSHG,5.016,900.0,11100,,2.0,2019-06-10,2019-06,"500ETF
510500.XSHG"
2019-06-10 09:31:00,止盈,纳指ETF,513100.XSHG,2.664,1800.0,21700,174.12,2.0,2019-06-10,2019-06,"纳指ETF
513100.XSHG"
2019-06-10 10:17:00,止盈,中概互联,513050.XSHG,1.128,3800.0,50200,86.97,3.0,2019-06-10,2019-06,"中概互联
513050.XSHG"
2019-06-10 10:28:00,止盈,黄金ETF,518880.XSHG,2.968,1700.0,14200,99.8,-2.0,2019-06-10,2019-06,"黄金ETF
518880.XSHG"
2019-06-10 11:07:00,止盈,医药ETF,512010.XSHG,1.495,3100.0,34700,92.54,1.0,2019-06-10,2019-06,"医药ETF
512010.XSHG"
2019-06-11 09:58:00,止盈,500ETF,510500.XSHG,5.118,900.0,10200,91.34,1.0,2019-06-11,2019-06,"500ETF
510500.XSHG"
2019-06-11 10:11:00,止盈,中概互联,513050.XSHG,1.151,3800.0,46400,86.96,2.0,2019-06-11,2019-06,"中概互联
513050.XSHG"
2019-06-11 10:53:00,止盈,医药ETF,512010.XSHG,1.525,3100.0,31600,92.53,0.0,2019-06-11,2019-06,"医药ETF
512010.XSHG"
2019-06-11 11:20:00,止盈,500ETF,510500.XSHG,5.221,900.0,9300,92.23,0.0,2019-06-11,2019-06,"500ETF
510500.XSHG"
2019-06-17 09:36:00,止盈,医药ETF,512010.XSHG,1.556,3100.0,28500,95.62,-1.0,2019-06-17,2019-06,"医药ETF
512010.XSHG"
2019-06-19 09:31:00,止盈,纳指ETF,513100.XSHG,2.733,1800.0,19900,123.71,1.0,2019-06-19,2019-06,"纳指ETF
513100.XSHG"
2019-06-19 09:31:00,止盈,中概互联,513050.XSHG,1.181,3800.0,42600,113.55,1.0,2019-06-19,2019-06,"中概互联
513050.XSHG"
2019-06-20 09:31:00,止盈,黄金ETF,518880.XSHG,3.055,1700.0,12500,147.38,-3.0,2019-06-20,2019-06,"黄金ETF
518880.XSHG"
2019-06-20 10:26:00,止盈,医药ETF,512010.XSHG,1.588,3100.0,25400,98.71,-2.0,2019-06-20,2019-06,"医药ETF
512010.XSHG"
2019-06-20 11:22:00,止盈,500ETF,510500.XSHG,5.327,900.0,8400,94.92,-1.0,2019-06-20,2019-06,"500ETF
510500.XSHG"
2019-06-24 10:43:00,止盈,医药ETF,512010.XSHG,1.62,3100.0,22300,98.7,-3.0,2019-06-24,2019-06,"医药ETF
512010.XSHG"
2019-06-25 09:31:00,止盈,黄金ETF,518880.XSHG,3.15,1700.0,10800,160.96,-4.0,2019-06-25,2019-06,"黄金ETF
518880.XSHG"
2019-06-25 11:05:00,加仓,医药ETF,512010.XSHG,1.587,3100.0,25400,,-2.0,2019-06-25,2019-06,"医药ETF
512010.XSHG"
2019-06-26 09:42:00,止盈,医药ETF,512010.XSHG,1.621,3100.0,22300,104.9,-3.0,2019-06-26,2019-06,"医药ETF
512010.XSHG"
2019-06-28 09:31:00,止盈,中概互联,513050.XSHG,1.208,3800.0,38800,102.14,0.0,2019-06-28,2019-06,"中概互联
513050.XSHG"
2019-07-01 09:31:00,加仓,黄金ETF,518880.XSHG,3.052,1700.0,12500,,-3.0,2019-07-01,2019-07,"黄金ETF
518880.XSHG"
2019-07-01 09:31:00,止盈,500ETF,510500.XSHG,5.44,900.0,7500,101.21,-2.0,2019-07-01,2019-07,"500ETF
510500.XSHG"
2019-07-01 09:31:00,止盈,医药ETF,512010.XSHG,1.664,3100.0,19200,132.78,-4.0,2019-07-01,2019-07,"医药ETF
512010.XSHG"
2019-07-01 09:33:00,止盈,中概互联,513050.XSHG,1.234,3800.0,35000,98.33,-1.0,2019-07-01,2019-07,"中概互联
513050.XSHG"
2019-07-02 09:44:00,止盈,医药ETF,512010.XSHG,1.699,3100.0,16100,107.97,-5.0,2019-07-02,2019-07,"医药ETF
512010.XSHG"
2019-07-03 09:31:00,止盈,黄金ETF,518880.XSHG,3.174,1700.0,10800,206.86,-4.0,2019-07-03,2019-07,"黄金ETF
518880.XSHG"
2019-07-04 09:31:00,止盈,纳指ETF,513100.XSHG,2.795,1800.0,18100,111.1,0.0,2019-07-04,2019-07,"纳指ETF
513100.XSHG"
2019-07-04 09:49:00,加仓,医药ETF,512010.XSHG,1.664,3100.0,19200,,-4.0,2019-07-04,2019-07,"医药ETF
512010.XSHG"
2019-07-08 09:31:00,加仓,黄金ETF,518880.XSHG,3.09,1700.0,12500,,-3.0,2019-07-08,2019-07,"黄金ETF
518880.XSHG"
2019-07-08 09:56:00,加仓,500ETF,510500.XSHG,5.327,900.0,8400,,-1.0,2019-07-08,2019-07,"500ETF
510500.XSHG"
2019-07-08 10:53:00,加仓,医药ETF,512010.XSHG,1.63,3100.0,22300,,-3.0,2019-07-08,2019-07,"医药ETF
512010.XSHG"
2019-07-09 09:39:00,加仓,中概互联,513050.XSHG,1.207,3800.0,38800,,0.0,2019-07-09,2019-07,"中概互联
513050.XSHG"
2019-07-09 11:21:00,加仓,500ETF,510500.XSHG,5.218,900.0,9300,,0.0,2019-07-09,2019-07,"500ETF
510500.XSHG"
2019-07-11 09:56:00,止盈,医药ETF,512010.XSHG,1.663,3100.0,19200,101.78,-4.0,2019-07-11,2019-07,"医药ETF
512010.XSHG"
2019-07-15 11:24:00,止盈,500ETF,510500.XSHG,5.325,900.0,8400,95.82,-1.0,2019-07-15,2019-07,"500ETF
510500.XSHG"
2019-07-16 11:11:00,止盈,纳指ETF,513100.XSHG,2.851,1800.0,16300,100.29,-1.0,2019-07-16,2019-07,"纳指ETF
513100.XSHG"
2019-07-18 10:02:00,加仓,医药ETF,512010.XSHG,1.629,3100.0,22300,,-3.0,2019-07-18,2019-07,"医药ETF
512010.XSHG"
2019-07-19 09:31:00,止盈,黄金ETF,518880.XSHG,3.185,1700.0,10800,160.96,-4.0,2019-07-19,2019-07,"黄金ETF
518880.XSHG"
2019-07-22 09:34:00,加仓,500ETF,510500.XSHG,5.212,900.0,9300,,0.0,2019-07-22,2019-07,"500ETF
510500.XSHG"
2019-07-24 09:31:00,止盈,中概互联,513050.XSHG,1.237,3800.0,35000,113.53,-1.0,2019-07-24,2019-07,"中概互联
513050.XSHG"
2019-07-30 09:44:00,止盈,500ETF,510500.XSHG,5.319,900.0,8400,95.82,-1.0,2019-07-30,2019-07,"500ETF
510500.XSHG"
2019-08-01 10:05:00,加仓,黄金ETF,518880.XSHG,3.121,1700.0,12500,,-3.0,2019-08-01,2019-08,"黄金ETF
518880.XSHG"
2019-08-02 09:31:00,止盈,黄金ETF,518880.XSHG,3.187,1700.0,10800,111.66,-4.0,2019-08-02,2019-08,"黄金ETF
518880.XSHG"
2019-08-02 09:31:00,加仓,500ETF,510500.XSHG,5.151,900.0,9300,,0.0,2019-08-02,2019-08,"500ETF
510500.XSHG"
2019-08-02 09:31:00,加仓,中概互联,513050.XSHG,1.185,3800.0,38800,,0.0,2019-08-02,2019-08,"中概互联
513050.XSHG"
2019-08-05 09:31:00,加仓,纳指ETF,513100.XSHG,2.79,1800.0,18100,,0.0,2019-08-05,2019-08,"纳指ETF
513100.XSHG"
2019-08-05 09:35:00,止盈,黄金ETF,518880.XSHG,3.251,1700.0,9100,108.25,-5.0,2019-08-05,2019-08,"黄金ETF
518880.XSHG"
2019-08-05 09:44:00,加仓,医药ETF,512010.XSHG,1.594,3100.0,25400,,-2.0,2019-08-05,2019-08,"医药ETF
512010.XSHG"
2019-08-05 11:25:00,加仓,中概互联,513050.XSHG,1.161,3800.0,42600,,1.0,2019-08-05,2019-08,"中概互联
513050.XSHG"
2019-08-06 09:31:00,加仓,纳指ETF,513100.XSHG,2.703,1800.0,19900,,1.0,2019-08-06,2019-08,"纳指ETF
513100.XSHG"
2019-08-06 09:31:00,止盈,黄金ETF,518880.XSHG,3.326,1700.0,7400,126.93,-6.0,2019-08-06,2019-08,"黄金ETF
518880.XSHG"
2019-08-06 09:31:00,加仓,医药ETF,512010.XSHG,1.552,3100.0,28500,,-1.0,2019-08-06,2019-08,"医药ETF
512010.XSHG"
2019-08-06 09:31:00,加仓,中概互联,513050.XSHG,1.118,3800.0,46400,,2.0,2019-08-06,2019-08,"中概互联
513050.XSHG"
2019-08-06 09:36:00,加仓,500ETF,510500.XSHG,5.047,900.0,10200,,1.0,2019-08-06,2019-08,"500ETF
510500.XSHG"
2019-08-06 10:27:00,加仓,500ETF,510500.XSHG,4.942,900.0,11100,,2.0,2019-08-06,2019-08,"500ETF
510500.XSHG"
2019-08-06 13:02:00,止盈,中概互联,513050.XSHG,1.144,3800.0,42600,98.37,1.0,2019-08-06,2019-08,"中概互联
513050.XSHG"
2019-08-07 09:37:00,止盈,医药ETF,512010.XSHG,1.584,3100.0,25400,98.71,-2.0,2019-08-07,2019-08,"医药ETF
512010.XSHG"
2019-08-07 09:40:00,止盈,500ETF,510500.XSHG,5.041,900.0,10200,88.65,1.0,2019-08-07,2019-08,"500ETF
510500.XSHG"
2019-08-07 11:18:00,加仓,中概互联,513050.XSHG,1.121,3800.0,46400,,2.0,2019-08-07,2019-08,"中概互联
513050.XSHG"
2019-08-08 09:31:00,止盈,纳指ETF,513100.XSHG,2.772,1800.0,18100,123.7,0.0,2019-08-08,2019-08,"纳指ETF
513100.XSHG"
2019-08-08 09:42:00,止盈,中概互联,513050.XSHG,1.145,3800.0,42600,90.76,1.0,2019-08-08,2019-08,"中概互联
513050.XSHG"
2019-08-08 10:32:00,止盈,黄金ETF,518880.XSHG,3.394,1700.0,5700,115.02,-7.0,2019-08-08,2019-08,"黄金ETF
518880.XSHG"
2019-08-09 09:31:00,止盈,医药ETF,512010.XSHG,1.618,3100.0,22300,104.9,-3.0,2019-08-09,2019-08,"医药ETF
512010.XSHG"
2019-08-09 09:53:00,止盈,纳指ETF,513100.XSHG,2.83,1800.0,16300,103.89,-1.0,2019-08-09,2019-08,"纳指ETF
513100.XSHG"
2019-08-13 14:22:00,止盈,黄金ETF,518880.XSHG,3.462,1700.0,4000,115.01,-8.0,2019-08-13,2019-08,"黄金ETF
518880.XSHG"
2019-08-13 14:49:00,加仓,纳指ETF,513100.XSHG,2.773,1800.0,18100,,0.0,2019-08-13,2019-08,"纳指ETF
513100.XSHG"
2019-08-14 09:31:00,加仓,黄金ETF,518880.XSHG,3.37,1700.0,5700,,-7.0,2019-08-14,2019-08,"黄金ETF
518880.XSHG"
2019-08-14 09:31:00,止盈,中概互联,513050.XSHG,1.171,3800.0,38800,98.36,0.0,2019-08-14,2019-08,"中概互联
513050.XSHG"
2019-08-14 10:15:00,止盈,医药ETF,512010.XSHG,1.651,3100.0,19200,101.79,-4.0,2019-08-14,2019-08,"医药ETF
512010.XSHG"
2019-08-15 09:31:00,加仓,中概互联,513050.XSHG,1.137,3800.0,42600,,1.0,2019-08-15,2019-08,"中概互联
513050.XSHG"
2019-08-15 09:32:00,止盈,黄金ETF,518880.XSHG,3.44,1700.0,4000,118.42,-8.0,2019-08-15,2019-08,"黄金ETF
518880.XSHG"
2019-08-15 14:22:00,止盈,中概互联,513050.XSHG,1.16,3800.0,38800,86.96,0.0,2019-08-15,2019-08,"中概互联
513050.XSHG"
2019-08-19 09:31:00,止盈,500ETF,510500.XSHG,5.144,900.0,9300,92.24,0.0,2019-08-19,2019-08,"500ETF
510500.XSHG"
2019-08-19 09:31:00,止盈,中概互联,513050.XSHG,1.191,3800.0,35000,117.35,-1.0,2019-08-19,2019-08,"中概互联
513050.XSHG"
2019-08-19 09:33:00,止盈,医药ETF,512010.XSHG,1.686,3100.0,16100,107.98,-5.0,2019-08-19,2019-08,"医药ETF
512010.XSHG"
2019-08-19 13:16:00,止盈,500ETF,510500.XSHG,5.247,900.0,8400,92.23,-1.0,2019-08-19,2019-08,"500ETF
510500.XSHG"
2019-08-19 14:47:00,止盈,中概互联,513050.XSHG,1.215,3800.0,31200,90.74,-2.0,2019-08-19,2019-08,"中概互联
513050.XSHG"
2019-08-20 10:15:00,止盈,纳指ETF,513100.XSHG,2.829,1800.0,16300,100.29,-1.0,2019-08-20,2019-08,"纳指ETF
513100.XSHG"
2019-08-20 10:18:00,止盈,中概互联,513050.XSHG,1.24,3800.0,27400,94.53,-3.0,2019-08-20,2019-08,"中概互联
513050.XSHG"
2019-08-22 13:59:00,加仓,中概互联,513050.XSHG,1.215,3800.0,31200,,-2.0,2019-08-22,2019-08,"中概互联
513050.XSHG"
2019-08-23 09:57:00,止盈,医药ETF,512010.XSHG,1.72,3100.0,13000,104.87,-6.0,2019-08-23,2019-08,"医药ETF
512010.XSHG"
2019-08-23 10:57:00,止盈,医药ETF,512010.XSHG,1.755,3100.0,9900,107.96,-7.0,2019-08-23,2019-08,"医药ETF
512010.XSHG"
2019-08-26 09:31:00,加仓,纳指ETF,513100.XSHG,2.76,1800.0,18100,,0.0,2019-08-26,2019-08,"纳指ETF
513100.XSHG"
2019-08-26 09:31:00,破顶,黄金ETF,518880.XSHG,3.524,,14100,,,2019-08-26,2019-08,"黄金ETF
518880.XSHG"
2019-08-26 09:31:00,加仓,中概互联,513050.XSHG,1.176,3800.0,35000,,-1.0,2019-08-26,2019-08,"中概互联
513050.XSHG"
2019-08-27 09:46:00,止盈,医药ETF,512010.XSHG,1.792,3100.0,6800,114.14,-8.0,2019-08-27,2019-08,"医药ETF
512010.XSHG"
2019-08-27 10:31:00,止盈,500ETF,510500.XSHG,5.353,900.0,7500,94.92,-2.0,2019-08-27,2019-08,"500ETF
510500.XSHG"
2019-08-27 11:07:00,止盈,中概互联,513050.XSHG,1.2,3800.0,31200,90.74,-2.0,2019-08-27,2019-08,"中概互联
513050.XSHG"
2019-08-28 09:54:00,加仓,医药ETF,512010.XSHG,1.756,3100.0,9900,,-7.0,2019-08-28,2019-08,"医药ETF
512010.XSHG"
2019-08-30 09:31:00,止盈,纳指ETF,513100.XSHG,2.837,1800.0,16300,138.09,-1.0,2019-08-30,2019-08,"纳指ETF
513100.XSHG"
2019-08-30 10:07:00,止盈,医药ETF,512010.XSHG,1.793,3100.0,6800,114.14,-8.0,2019-08-30,2019-08,"医药ETF
512010.XSHG"
2019-09-02 13:03:00,止盈,中概互联,513050.XSHG,1.224,3800.0,27400,90.73,-3.0,2019-09-02,2019-09,"中概互联
513050.XSHG"
2019-09-04 09:35:00,止盈,500ETF,510500.XSHG,5.463,900.0,6600,98.51,-3.0,2019-09-04,2019-09,"500ETF
510500.XSHG"
2019-09-04 11:19:00,加仓,医药ETF,512010.XSHG,1.757,3100.0,9900,,-7.0,2019-09-04,2019-09,"医药ETF
512010.XSHG"
2019-09-04 14:14:00,止盈,中概互联,513050.XSHG,1.25,3800.0,23600,98.33,-4.0,2019-09-04,2019-09,"中概互联
513050.XSHG"
2019-09-05 10:14:00,止盈,500ETF,510500.XSHG,5.581,900.0,5700,105.7,-4.0,2019-09-05,2019-09,"500ETF
510500.XSHG"
2019-09-06 09:31:00,止盈,纳指ETF,513100.XSHG,2.902,1800.0,14500,116.48,-2.0,2019-09-06,2019-09,"纳指ETF
513100.XSHG"
2019-09-06 11:02:00,止盈,医药ETF,512010.XSHG,1.794,3100.0,6800,114.14,-8.0,2019-09-06,2019-09,"医药ETF
512010.XSHG"
2019-09-06 14:40:00,加仓,黄金ETF,518880.XSHG,3.451,1400.0,15500,,1.0,2019-09-06,2019-09,"黄金ETF
518880.XSHG"
2019-09-10 09:31:00,加仓,黄金ETF,518880.XSHG,3.38,1400.0,16900,,2.0,2019-09-10,2019-09,"黄金ETF
518880.XSHG"
2019-09-10 10:54:00,破顶,医药ETF,512010.XSHG,1.83,,27300,,,2019-09-10,2019-09,"医药ETF
512010.XSHG"
2019-09-11 09:36:00,止盈,500ETF,510500.XSHG,5.697,900.0,4800,103.89,-5.0,2019-09-11,2019-09,"500ETF
510500.XSHG"
2019-09-11 10:25:00,加仓,医药ETF,512010.XSHG,1.793,2700.0,30000,,1.0,2019-09-11,2019-09,"医药ETF
512010.XSHG"
2019-09-12 09:31:00,止盈,中概互联,513050.XSHG,1.275,3800.0,19800,94.52,-5.0,2019-09-12,2019-09,"中概互联
513050.XSHG"
2019-09-17 13:04:00,加仓,500ETF,510500.XSHG,5.581,900.0,5700,,-4.0,2019-09-17,2019-09,"500ETF
510500.XSHG"
2019-09-17 13:48:00,加仓,中概互联,513050.XSHG,1.249,3800.0,23600,,-4.0,2019-09-17,2019-09,"中概互联
513050.XSHG"
2019-09-23 09:33:00,止盈,黄金ETF,518880.XSHG,3.448,1400.0,15500,94.72,1.0,2019-09-23,2019-09,"黄金ETF
518880.XSHG"
2019-09-25 09:31:00,加仓,纳指ETF,513100.XSHG,2.842,1800.0,16300,,-1.0,2019-09-25,2019-09,"纳指ETF
513100.XSHG"
2019-09-25 09:54:00,加仓,中概互联,513050.XSHG,1.224,3800.0,27400,,-3.0,2019-09-25,2019-09,"中概互联
513050.XSHG"
2019-09-26 10:30:00,加仓,500ETF,510500.XSHG,5.467,900.0,6600,,-3.0,2019-09-26,2019-09,"500ETF
510500.XSHG"
2019-09-27 09:39:00,加仓,医药ETF,512010.XSHG,1.757,2700.0,32700,,2.0,2019-09-27,2019-09,"医药ETF
512010.XSHG"
2019-09-30 10:02:00,加仓,500ETF,510500.XSHG,5.353,900.0,7500,,-2.0,2019-09-30,2019-09,"500ETF
510500.XSHG"
2019-10-09 09:31:00,加仓,中概互联,513050.XSHG,1.191,3800.0,31200,,-2.0,2019-10-09,2019-10,"中概互联
513050.XSHG"
2019-10-10 13:10:00,止盈,医药ETF,512010.XSHG,1.793,2700.0,30000,96.72,1.0,2019-10-10,2019-10,"医药ETF
512010.XSHG"
2019-10-11 13:40:00,止盈,500ETF,510500.XSHG,5.464,900.0,6600,99.41,-3.0,2019-10-11,2019-10,"500ETF
510500.XSHG"
2019-10-14 09:31:00,加仓,黄金ETF,518880.XSHG,3.365,1400.0,16900,,2.0,2019-10-14,2019-10,"黄金ETF
518880.XSHG"
2019-10-14 09:31:00,止盈,医药ETF,512010.XSHG,1.831,2700.0,27300,102.11,0.0,2019-10-14,2019-10,"医药ETF
512010.XSHG"
2019-10-14 09:31:00,止盈,中概互联,513050.XSHG,1.228,3800.0,27400,140.13,-3.0,2019-10-14,2019-10,"中概互联
513050.XSHG"
2019-10-16 09:31:00,止盈,纳指ETF,513100.XSHG,2.904,1800.0,14500,111.08,-2.0,2019-10-16,2019-10,"纳指ETF
513100.XSHG"
2019-10-17 09:37:00,止盈,医药ETF,512010.XSHG,1.868,2700.0,24600,99.4,-1.0,2019-10-17,2019-10,"医药ETF
512010.XSHG"
2019-10-18 14:12:00,加仓,500ETF,510500.XSHG,5.352,900.0,7500,,-2.0,2019-10-18,2019-10,"500ETF
510500.XSHG"
2019-10-21 09:47:00,加仓,医药ETF,512010.XSHG,1.83,2700.0,27300,,0.0,2019-10-21,2019-10,"医药ETF
512010.XSHG"
2019-10-24 13:28:00,加仓,医药ETF,512010.XSHG,1.793,2700.0,30000,,1.0,2019-10-24,2019-10,"医药ETF
512010.XSHG"
2019-10-25 09:40:00,止盈,医药ETF,512010.XSHG,1.83,2700.0,27300,99.41,0.0,2019-10-25,2019-10,"医药ETF
512010.XSHG"
2019-10-28 09:32:00,止盈,500ETF,510500.XSHG,5.465,900.0,6600,101.21,-3.0,2019-10-28,2019-10,"500ETF
510500.XSHG"
2019-10-28 09:36:00,止盈,医药ETF,512010.XSHG,1.867,2700.0,24600,99.4,-1.0,2019-10-28,2019-10,"医药ETF
512010.XSHG"
2019-10-29 09:31:00,止盈,中概互联,513050.XSHG,1.255,3800.0,23600,102.12,-4.0,2019-10-29,2019-10,"中概互联
513050.XSHG"
2019-10-30 09:39:00,加仓,500ETF,510500.XSHG,5.35,900.0,7500,,-2.0,2019-10-30,2019-10,"500ETF
510500.XSHG"
2019-10-31 10:20:00,止盈,医药ETF,512010.XSHG,1.905,2700.0,21900,102.09,-2.0,2019-10-31,2019-10,"医药ETF
512010.XSHG"
2019-11-04 09:31:00,止盈,纳指ETF,513100.XSHG,2.98,1800.0,12700,136.26,-3.0,2019-11-04,2019-11,"纳指ETF
513100.XSHG"
2019-11-04 09:37:00,止盈,医药ETF,512010.XSHG,1.945,2700.0,19200,107.47,-3.0,2019-11-04,2019-11,"医药ETF
512010.XSHG"
2019-11-06 09:31:00,止盈,中概互联,513050.XSHG,1.287,3800.0,19800,121.11,-5.0,2019-11-06,2019-11,"中概互联
513050.XSHG"
2019-11-08 09:31:00,加仓,黄金ETF,518880.XSHG,3.252,1400.0,18300,,3.0,2019-11-08,2019-11,"黄金ETF
518880.XSHG"
2019-11-08 11:28:00,止盈,500ETF,510500.XSHG,5.457,900.0,6600,95.81,-3.0,2019-11-08,2019-11,"500ETF
510500.XSHG"
2019-11-11 09:32:00,加仓,500ETF,510500.XSHG,5.341,900.0,7500,,-2.0,2019-11-11,2019-11,"500ETF
510500.XSHG"
2019-11-11 14:18:00,加仓,医药ETF,512010.XSHG,1.906,2700.0,21900,,-2.0,2019-11-11,2019-11,"医药ETF
512010.XSHG"
2019-11-12 10:40:00,加仓,500ETF,510500.XSHG,5.233,900.0,8400,,-1.0,2019-11-12,2019-11,"500ETF
510500.XSHG"
2019-11-13 11:17:00,止盈,医药ETF,512010.XSHG,1.945,2700.0,19200,104.77,-3.0,2019-11-13,2019-11,"医药ETF
512010.XSHG"
2019-11-19 09:49:00,止盈,医药ETF,512010.XSHG,1.984,2700.0,16500,104.76,-4.0,2019-11-19,2019-11,"医药ETF
512010.XSHG"
2019-11-19 10:06:00,止盈,纳指ETF,513100.XSHG,3.04,1800.0,10900,107.45,-4.0,2019-11-19,2019-11,"纳指ETF
513100.XSHG"
2019-11-19 10:32:00,止盈,500ETF,510500.XSHG,5.34,900.0,7500,95.82,-2.0,2019-11-19,2019-11,"500ETF
510500.XSHG"
2019-11-22 10:49:00,加仓,医药ETF,512010.XSHG,1.943,2700.0,19200,,-3.0,2019-11-22,2019-11,"医药ETF
512010.XSHG"
2019-11-22 13:12:00,加仓,医药ETF,512010.XSHG,1.904,2700.0,21900,,-2.0,2019-11-22,2019-11,"医药ETF
512010.XSHG"
2019-11-25 09:54:00,加仓,医药ETF,512010.XSHG,1.865,2700.0,24600,,-1.0,2019-11-25,2019-11,"医药ETF
512010.XSHG"
2019-11-26 09:32:00,止盈,医药ETF,512010.XSHG,1.904,2700.0,21900,104.79,-2.0,2019-11-26,2019-11,"医药ETF
512010.XSHG"
2019-11-27 09:31:00,止盈,中概互联,513050.XSHG,1.313,3800.0,16000,98.3,-6.0,2019-11-27,2019-11,"中概互联
513050.XSHG"
2019-11-27 10:20:00,止盈,纳指ETF,513100.XSHG,3.104,1800.0,9100,114.64,-5.0,2019-11-27,2019-11,"纳指ETF
513100.XSHG"
2019-11-29 09:51:00,加仓,医药ETF,512010.XSHG,1.864,2700.0,24600,,-1.0,2019-11-29,2019-11,"医药ETF
512010.XSHG"
2019-11-29 13:14:00,加仓,医药ETF,512010.XSHG,1.825,2700.0,27300,,0.0,2019-11-29,2019-11,"医药ETF
512010.XSHG"
2019-12-03 09:40:00,加仓,医药ETF,512010.XSHG,1.787,2700.0,30000,,1.0,2019-12-03,2019-12,"医药ETF
512010.XSHG"
2019-12-04 09:31:00,止盈,黄金ETF,518880.XSHG,3.328,1400.0,16900,105.93,2.0,2019-12-04,2019-12,"黄金ETF
518880.XSHG"
2019-12-04 10:06:00,止盈,医药ETF,512010.XSHG,1.824,2700.0,27300,99.41,0.0,2019-12-04,2019-12,"医药ETF
512010.XSHG"
2019-12-04 14:43:00,加仓,纳指ETF,513100.XSHG,3.041,1800.0,10900,,-4.0,2019-12-04,2019-12,"纳指ETF
513100.XSHG"
2019-12-09 10:35:00,止盈,500ETF,510500.XSHG,5.447,900.0,6600,95.81,-3.0,2019-12-09,2019-12,"500ETF
510500.XSHG"
2019-12-12 09:31:00,止盈,中概互联,513050.XSHG,1.349,3800.0,12200,136.29,-7.0,2019-12-12,2019-12,"中概互联
513050.XSHG"
2019-12-13 09:31:00,止盈,纳指ETF,513100.XSHG,3.109,1800.0,9100,121.84,-5.0,2019-12-13,2019-12,"纳指ETF
513100.XSHG"
2019-12-13 09:31:00,加仓,黄金ETF,518880.XSHG,3.26,1400.0,18300,,3.0,2019-12-13,2019-12,"黄金ETF
518880.XSHG"
2019-12-13 09:32:00,止盈,中概互联,513050.XSHG,1.378,3800.0,8400,109.68,-8.0,2019-12-13,2019-12,"中概互联
513050.XSHG"
2019-12-16 09:31:00,止盈,医药ETF,512010.XSHG,1.864,2700.0,24600,107.5,-1.0,2019-12-16,2019-12,"医药ETF
512010.XSHG"
2019-12-16 13:20:00,止盈,500ETF,510500.XSHG,5.556,900.0,5700,97.6,-4.0,2019-12-16,2019-12,"500ETF
510500.XSHG"
2019-12-17 13:12:00,止盈,500ETF,510500.XSHG,5.677,900.0,4800,108.39,-5.0,2019-12-17,2019-12,"500ETF
510500.XSHG"
2019-12-20 09:34:00,破顶,中概互联,513050.XSHG,1.406,,35500,,,2019-12-20,2019-12,"中概互联
513050.XSHG"
2019-12-23 10:57:00,加仓,500ETF,510500.XSHG,5.563,900.0,5700,,-4.0,2019-12-23,2019-12,"500ETF
510500.XSHG"
2019-12-23 14:48:00,止盈,纳指ETF,513100.XSHG,3.172,1800.0,7300,112.83,-6.0,2019-12-23,2019-12,"纳指ETF
513100.XSHG"
2019-12-24 10:12:00,止盈,黄金ETF,518880.XSHG,3.326,1400.0,16900,91.93,2.0,2019-12-24,2019-12,"黄金ETF
518880.XSHG"
2019-12-24 11:27:00,止盈,中概互联,513050.XSHG,1.436,3500.0,32000,104.5,-1.0,2019-12-24,2019-12,"中概互联
513050.XSHG"
2019-12-25 10:03:00,加仓,医药ETF,512010.XSHG,1.826,2700.0,27300,,0.0,2019-12-25,2019-12,"医药ETF
512010.XSHG"
2019-12-27 09:40:00,止盈,中概互联,513050.XSHG,1.466,3500.0,28500,104.49,-2.0,2019-12-27,2019-12,"中概互联
513050.XSHG"
2019-12-27 10:40:00,止盈,500ETF,510500.XSHG,5.676,900.0,4800,101.19,-5.0,2019-12-27,2019-12,"500ETF
510500.XSHG"
2019-12-30 09:40:00,加仓,500ETF,510500.XSHG,5.561,900.0,5700,,-4.0,2019-12-30,2019-12,"500ETF
510500.XSHG"
2019-12-30 11:26:00,止盈,500ETF,510500.XSHG,5.673,900.0,4800,100.29,-5.0,2019-12-30,2019-12,"500ETF
510500.XSHG"
2019-12-31 09:31:00,加仓,中概互联,513050.XSHG,1.425,3500.0,32000,,-1.0,2019-12-31,2019-12,"中概互联
513050.XSHG"
2019-12-31 09:38:00,止盈,医药ETF,512010.XSHG,1.863,2700.0,24600,99.4,-1.0,2019-12-31,2019-12,"医药ETF
512010.XSHG"
2020-01-02 10:00:00,止盈,500ETF,510500.XSHG,5.787,900.0,3900,102.08,-6.0,2020-01-02,2020-01,"500ETF
510500.XSHG"
2020-01-02 14:23:00,止盈,中概互联,513050.XSHG,1.454,3500.0,28500,100.99,-2.0,2020-01-02,2020-01,"中概互联
513050.XSHG"
2020-01-02 14:40:00,止盈,纳指ETF,513100.XSHG,3.236,1800.0,5500,114.62,-7.0,2020-01-02,2020-01,"纳指ETF
513100.XSHG"
2020-01-03 09:32:00,止盈,中概互联,513050.XSHG,1.484,3500.0,25000,104.48,-3.0,2020-01-03,2020-01,"中概互联
513050.XSHG"
2020-01-03 09:43:00,止盈,黄金ETF,518880.XSHG,3.394,1400.0,15500,94.72,1.0,2020-01-03,2020-01,"黄金ETF
518880.XSHG"
2020-01-06 09:31:00,止盈,黄金ETF,518880.XSHG,3.496,1400.0,14100,142.31,0.0,2020-01-06,2020-01,"黄金ETF
518880.XSHG"
2020-01-06 10:56:00,止盈,500ETF,510500.XSHG,5.905,900.0,3000,105.67,-7.0,2020-01-06,2020-01,"500ETF
510500.XSHG"
2020-01-06 14:07:00,加仓,中概互联,513050.XSHG,1.454,3500.0,28500,,-2.0,2020-01-06,2020-01,"中概互联
513050.XSHG"
2020-01-09 10:01:00,止盈,医药ETF,512010.XSHG,1.901,2700.0,21900,102.09,-2.0,2020-01-09,2020-01,"医药ETF
512010.XSHG"
2020-01-09 10:35:00,止盈,中概互联,513050.XSHG,1.484,3500.0,25000,104.48,-3.0,2020-01-09,2020-01,"中概互联
513050.XSHG"
2020-01-09 14:30:00,加仓,黄金ETF,518880.XSHG,3.426,1400.0,15500,,1.0,2020-01-09,2020-01,"黄金ETF
518880.XSHG"
2020-01-10 09:31:00,止盈,纳指ETF,513100.XSHG,3.327,1800.0,3700,163.2,-8.0,2020-01-10,2020-01,"纳指ETF
513100.XSHG"
2020-01-10 13:08:00,止盈,中概互联,513050.XSHG,1.514,3500.0,21500,104.47,-4.0,2020-01-10,2020-01,"中概互联
513050.XSHG"
2020-01-13 14:50:00,止盈,500ETF,510500.XSHG,6.024,900.0,2100,106.56,-8.0,2020-01-13,2020-01,"500ETF
510500.XSHG"
2020-01-13 14:56:00,止盈,医药ETF,512010.XSHG,1.94,2700.0,19200,104.78,-3.0,2020-01-13,2020-01,"医药ETF
512010.XSHG"
2020-01-14 09:31:00,破顶,纳指ETF,513100.XSHG,3.403,,14600,,,2020-01-14,2020-01,"纳指ETF
513100.XSHG"
2020-01-14 09:31:00,止盈,中概互联,513050.XSHG,1.557,3500.0,18000,149.96,-5.0,2020-01-14,2020-01,"中概互联
513050.XSHG"
2020-01-14 14:29:00,加仓,中概互联,513050.XSHG,1.525,3500.0,21500,,-4.0,2020-01-14,2020-01,"中概互联
513050.XSHG"
2020-01-17 09:31:00,止盈,纳指ETF,513100.XSHG,3.495,1400.0,13200,128.31,-1.0,2020-01-17,2020-01,"纳指ETF
513100.XSHG"
2020-01-20 09:31:00,止盈,医药ETF,512010.XSHG,2.003,2700.0,16500,169.56,-4.0,2020-01-20,2020-01,"医药ETF
512010.XSHG"
2020-01-20 09:52:00,加仓,医药ETF,512010.XSHG,1.962,2700.0,19200,,-3.0,2020-01-20,2020-01,"医药ETF
512010.XSHG"
2020-01-20 14:55:00,加仓,纳指ETF,513100.XSHG,3.422,1400.0,14600,,0.0,2020-01-20,2020-01,"纳指ETF
513100.XSHG"
2020-01-21 09:32:00,止盈,医药ETF,512010.XSHG,2.011,2700.0,16500,131.76,-4.0,2020-01-21,2020-01,"医药ETF
512010.XSHG"
2020-01-21 09:38:00,加仓,中概互联,513050.XSHG,1.494,3500.0,25000,,-3.0,2020-01-21,2020-01,"中概互联
513050.XSHG"
2020-01-22 09:36:00,加仓,医药ETF,512010.XSHG,1.97,2700.0,19200,,-3.0,2020-01-22,2020-01,"医药ETF
512010.XSHG"
2020-01-22 09:44:00,加仓,500ETF,510500.XSHG,5.903,900.0,3000,,-7.0,2020-01-22,2020-01,"500ETF
510500.XSHG"
2020-01-22 09:45:00,加仓,中概互联,513050.XSHG,1.464,3500.0,28500,,-2.0,2020-01-22,2020-01,"中概互联
513050.XSHG"
2020-01-22 10:43:00,止盈,中概互联,513050.XSHG,1.497,3500.0,25000,114.98,-3.0,2020-01-22,2020-01,"中概互联
513050.XSHG"
2020-01-22 13:37:00,止盈,500ETF,510500.XSHG,6.022,900.0,2100,106.56,-8.0,2020-01-22,2020-01,"500ETF
510500.XSHG"
2020-01-23 11:20:00,加仓,中概互联,513050.XSHG,1.467,3500.0,28500,,-2.0,2020-01-23,2020-01,"中概互联
513050.XSHG"
2020-01-23 13:04:00,加仓,500ETF,510500.XSHG,5.901,900.0,3000,,-7.0,2020-01-23,2020-01,"500ETF
510500.XSHG"
2020-01-23 13:10:00,加仓,医药ETF,512010.XSHG,1.928,2700.0,21900,,-2.0,2020-01-23,2020-01,"医药ETF
512010.XSHG"
2020-01-23 13:33:00,加仓,中概互联,513050.XSHG,1.436,3500.0,32000,,-1.0,2020-01-23,2020-01,"中概互联
513050.XSHG"
2020-01-23 14:32:00,加仓,500ETF,510500.XSHG,5.781,900.0,3900,,-6.0,2020-01-23,2020-01,"500ETF
510500.XSHG"
2020-02-03 09:31:00,加仓,纳指ETF,513100.XSHG,3.305,1400.0,16000,,1.0,2020-02-03,2020-02,"纳指ETF
513100.XSHG"
2020-02-03 09:31:00,止盈,黄金ETF,518880.XSHG,3.514,1400.0,14100,122.71,0.0,2020-02-03,2020-02,"黄金ETF
518880.XSHG"
2020-02-03 09:31:00,加仓,500ETF,510500.XSHG,5.343,900.0,4800,,-5.0,2020-02-03,2020-02,"500ETF
510500.XSHG"
2020-02-03 09:31:00,止盈,医药ETF,512010.XSHG,1.97,2700.0,19200,112.87,-3.0,2020-02-03,2020-02,"医药ETF
512010.XSHG"
2020-02-03 09:31:00,加仓,中概互联,513050.XSHG,1.382,3500.0,35500,,0.0,2020-02-03,2020-02,"中概互联
513050.XSHG"
2020-02-03 09:32:00,加仓,医药ETF,512010.XSHG,1.809,2700.0,21900,,-2.0,2020-02-03,2020-02,"医药ETF
512010.XSHG"
2020-02-03 09:39:00,止盈,中概互联,513050.XSHG,1.414,3500.0,32000,111.51,-1.0,2020-02-03,2020-02,"中概互联
513050.XSHG"
2020-02-03 09:46:00,止盈,医药ETF,512010.XSHG,1.855,2700.0,19200,123.7,-3.0,2020-02-03,2020-02,"医药ETF
512010.XSHG"
2020-02-03 11:20:00,加仓,医药ETF,512010.XSHG,1.817,2700.0,21900,,-2.0,2020-02-03,2020-02,"医药ETF
512010.XSHG"
2020-02-03 13:25:00,止盈,医药ETF,512010.XSHG,1.854,2700.0,19200,99.4,-3.0,2020-02-03,2020-02,"医药ETF
512010.XSHG"
2020-02-03 14:33:00,加仓,医药ETF,512010.XSHG,1.815,2700.0,21900,,-2.0,2020-02-03,2020-02,"医药ETF
512010.XSHG"
2020-02-04 09:31:00,止盈,中概互联,513050.XSHG,1.445,3500.0,28500,107.99,-2.0,2020-02-04,2020-02,"中概互联
513050.XSHG"
2020-02-04 09:56:00,止盈,纳指ETF,513100.XSHG,3.375,1400.0,14600,97.53,0.0,2020-02-04,2020-02,"纳指ETF
513100.XSHG"
2020-02-04 09:58:00,止盈,医药ETF,512010.XSHG,1.856,2700.0,19200,110.2,-3.0,2020-02-04,2020-02,"医药ETF
512010.XSHG"
2020-02-04 10:05:00,止盈,中概互联,513050.XSHG,1.474,3500.0,25000,100.98,-3.0,2020-02-04,2020-02,"中概互联
513050.XSHG"
2020-02-04 13:42:00,止盈,医药ETF,512010.XSHG,1.895,2700.0,16500,104.79,-4.0,2020-02-04,2020-02,"医药ETF
512010.XSHG"
2020-02-05 09:31:00,止盈,纳指ETF,513100.XSHG,3.502,1400.0,13200,177.31,-1.0,2020-02-05,2020-02,"纳指ETF
513100.XSHG"
2020-02-05 09:31:00,止盈,中概互联,513050.XSHG,1.506,3500.0,21500,111.47,-4.0,2020-02-05,2020-02,"中概互联
513050.XSHG"
2020-02-05 09:37:00,止盈,500ETF,510500.XSHG,5.456,900.0,3900,101.21,-6.0,2020-02-05,2020-02,"500ETF
510500.XSHG"
2020-02-05 10:22:00,止盈,500ETF,510500.XSHG,5.566,900.0,3000,98.5,-7.0,2020-02-05,2020-02,"500ETF
510500.XSHG"
2020-02-05 14:36:00,止盈,医药ETF,512010.XSHG,1.935,2700.0,13800,107.48,-5.0,2020-02-05,2020-02,"医药ETF
512010.XSHG"
2020-02-05 14:46:00,止盈,纳指ETF,513100.XSHG,3.574,1400.0,11800,100.3,-2.0,2020-02-05,2020-02,"纳指ETF
513100.XSHG"
2020-02-06 09:34:00,止盈,纳指ETF,513100.XSHG,3.649,1400.0,10400,104.49,-3.0,2020-02-06,2020-02,"纳指ETF
513100.XSHG"
2020-02-06 09:57:00,止盈,医药ETF,512010.XSHG,1.975,2700.0,11100,107.47,-6.0,2020-02-06,2020-02,"医药ETF
512010.XSHG"
2020-02-06 10:41:00,止盈,医药ETF,512010.XSHG,2.015,2700.0,8400,107.46,-7.0,2020-02-06,2020-02,"医药ETF
512010.XSHG"
2020-02-06 13:02:00,止盈,500ETF,510500.XSHG,5.685,900.0,2100,106.59,-8.0,2020-02-06,2020-02,"500ETF
510500.XSHG"
2020-02-06 13:03:00,加仓,黄金ETF,518880.XSHG,3.443,1400.0,15500,,1.0,2020-02-06,2020-02,"黄金ETF
518880.XSHG"
2020-02-07 09:44:00,止盈,纳指ETF,513100.XSHG,3.722,1400.0,9000,101.68,-4.0,2020-02-07,2020-02,"纳指ETF
513100.XSHG"
2020-02-07 10:54:00,加仓,医药ETF,512010.XSHG,1.973,2700.0,11100,,-6.0,2020-02-07,2020-02,"医药ETF
512010.XSHG"
2020-02-10 09:32:00,加仓,纳指ETF,513100.XSHG,3.641,1400.0,10400,,-3.0,2020-02-10,2020-02,"纳指ETF
513100.XSHG"
2020-02-10 10:21:00,止盈,纳指ETF,513100.XSHG,3.719,1400.0,9000,108.68,-4.0,2020-02-10,2020-02,"纳指ETF
513100.XSHG"
2020-02-10 10:21:00,破顶,500ETF,510500.XSHG,5.8,,8600,,,2020-02-10,2020-02,"500ETF
510500.XSHG"
2020-02-11 09:31:00,止盈,纳指ETF,513100.XSHG,3.828,1400.0,7600,152.06,-5.0,2020-02-11,2020-02,"纳指ETF
513100.XSHG"
2020-02-12 09:35:00,止盈,纳指ETF,513100.XSHG,3.912,1400.0,6200,117.05,-6.0,2020-02-12,2020-02,"纳指ETF
513100.XSHG"
2020-02-13 09:31:00,止盈,纳指ETF,513100.XSHG,4.055,1400.0,4800,199.63,-7.0,2020-02-13,2020-02,"纳指ETF
513100.XSHG"
2020-02-13 09:37:00,止盈,500ETF,510500.XSHG,5.919,800.0,7800,94.73,-1.0,2020-02-13,2020-02,"500ETF
510500.XSHG"
2020-02-13 14:27:00,止盈,纳指ETF,513100.XSHG,4.147,1400.0,3400,128.22,-8.0,2020-02-13,2020-02,"纳指ETF
513100.XSHG"
2020-02-14 09:32:00,加仓,纳指ETF,513100.XSHG,4.023,1400.0,4800,,-7.0,2020-02-14,2020-02,"纳指ETF
513100.XSHG"
2020-02-14 09:42:00,止盈,纳指ETF,513100.XSHG,4.11,1400.0,3400,121.22,-8.0,2020-02-14,2020-02,"纳指ETF
513100.XSHG"
2020-02-14 14:26:00,加仓,纳指ETF,513100.XSHG,4.024,1400.0,4800,,-7.0,2020-02-14,2020-02,"纳指ETF
513100.XSHG"
2020-02-17 09:33:00,加仓,纳指ETF,513100.XSHG,3.932,1400.0,6200,,-6.0,2020-02-17,2020-02,"纳指ETF
513100.XSHG"
2020-02-17 09:34:00,加仓,纳指ETF,513100.XSHG,3.84,1400.0,7600,,-5.0,2020-02-17,2020-02,"纳指ETF
513100.XSHG"
2020-02-17 10:57:00,止盈,纳指ETF,513100.XSHG,3.917,1400.0,6200,107.25,-6.0,2020-02-17,2020-02,"纳指ETF
513100.XSHG"
2020-02-17 13:06:00,止盈,纳指ETF,513100.XSHG,3.996,1400.0,4800,110.04,-7.0,2020-02-17,2020-02,"纳指ETF
513100.XSHG"
2020-02-17 13:16:00,止盈,中概互联,513050.XSHG,1.537,3500.0,18000,107.96,-5.0,2020-02-17,2020-02,"中概互联
513050.XSHG"
2020-02-17 13:30:00,止盈,医药ETF,512010.XSHG,2.013,2700.0,8400,107.46,-7.0,2020-02-17,2020-02,"医药ETF
512010.XSHG"
2020-02-17 14:34:00,止盈,500ETF,510500.XSHG,6.04,800.0,7000,96.32,-2.0,2020-02-17,2020-02,"500ETF
510500.XSHG"
2020-02-18 09:31:00,止盈,黄金ETF,518880.XSHG,3.515,1400.0,14100,100.31,0.0,2020-02-18,2020-02,"黄金ETF
518880.XSHG"
2020-02-18 09:50:00,加仓,纳指ETF,513100.XSHG,3.914,1400.0,6200,,-6.0,2020-02-18,2020-02,"纳指ETF
513100.XSHG"
2020-02-18 14:21:00,加仓,纳指ETF,513100.XSHG,3.834,1400.0,7600,,-5.0,2020-02-18,2020-02,"纳指ETF
513100.XSHG"
2020-02-19 14:51:00,加仓,医药ETF,512010.XSHG,1.972,2700.0,11100,,-6.0,2020-02-19,2020-02,"医药ETF
512010.XSHG"
2020-02-20 10:36:00,止盈,黄金ETF,518880.XSHG,3.586,1400.0,12700,98.9,-1.0,2020-02-20,2020-02,"黄金ETF
518880.XSHG"
2020-02-20 14:26:00,止盈,500ETF,510500.XSHG,6.165,800.0,6200,99.51,-3.0,2020-02-20,2020-02,"500ETF
510500.XSHG"
2020-02-21 09:31:00,加仓,纳指ETF,513100.XSHG,3.748,1400.0,9000,,-4.0,2020-02-21,2020-02,"纳指ETF
513100.XSHG"
2020-02-21 13:04:00,止盈,500ETF,510500.XSHG,6.289,800.0,5400,98.7,-4.0,2020-02-21,2020-02,"500ETF
510500.XSHG"
2020-02-24 09:31:00,加仓,纳指ETF,513100.XSHG,3.619,1400.0,10400,,-3.0,2020-02-24,2020-02,"纳指ETF
513100.XSHG"
2020-02-24 09:31:00,止盈,黄金ETF,518880.XSHG,3.726,1400.0,11300,195.48,-2.0,2020-02-24,2020-02,"黄金ETF
518880.XSHG"
2020-02-24 09:31:00,加仓,中概互联,513050.XSHG,1.487,3500.0,21500,,-4.0,2020-02-24,2020-02,"中概互联
513050.XSHG"
2020-02-25 09:31:00,加仓,纳指ETF,513100.XSHG,3.479,1400.0,11800,,-2.0,2020-02-25,2020-02,"纳指ETF
513100.XSHG"
2020-02-25 09:31:00,加仓,中概互联,513050.XSHG,1.456,3500.0,25000,,-3.0,2020-02-25,2020-02,"中概互联
513050.XSHG"
2020-02-25 09:54:00,止盈,医药ETF,512010.XSHG,2.013,2700.0,8400,110.16,-7.0,2020-02-25,2020-02,"医药ETF
512010.XSHG"
2020-02-25 10:09:00,止盈,纳指ETF,513100.XSHG,3.552,1400.0,10400,101.7,-3.0,2020-02-25,2020-02,"纳指ETF
513100.XSHG"
2020-02-25 11:10:00,加仓,500ETF,510500.XSHG,6.158,800.0,6200,,-3.0,2020-02-25,2020-02,"500ETF
510500.XSHG"
2020-02-25 11:13:00,加仓,医药ETF,512010.XSHG,1.97,2700.0,11100,,-6.0,2020-02-25,2020-02,"医药ETF
512010.XSHG"
2020-02-25 13:21:00,止盈,500ETF,510500.XSHG,6.282,800.0,5400,98.7,-4.0,2020-02-25,2020-02,"500ETF
510500.XSHG"
2020-02-25 13:25:00,止盈,纳指ETF,513100.XSHG,3.624,1400.0,9000,100.29,-4.0,2020-02-25,2020-02,"纳指ETF
513100.XSHG"
2020-02-25 14:28:00,加仓,黄金ETF,518880.XSHG,3.65,1400.0,12700,,-1.0,2020-02-25,2020-02,"黄金ETF
518880.XSHG"
2020-02-25 14:36:00,止盈,中概互联,513050.XSHG,1.488,3500.0,21500,111.48,-4.0,2020-02-25,2020-02,"中概互联
513050.XSHG"
2020-02-25 14:55:00,止盈,医药ETF,512010.XSHG,2.01,2700.0,8400,107.46,-7.0,2020-02-25,2020-02,"医药ETF
512010.XSHG"
2020-02-26 09:31:00,加仓,纳指ETF,513100.XSHG,3.543,1400.0,10400,,-3.0,2020-02-26,2020-02,"纳指ETF
513100.XSHG"
2020-02-26 09:31:00,加仓,中概互联,513050.XSHG,1.456,3500.0,25000,,-3.0,2020-02-26,2020-02,"中概互联
513050.XSHG"
2020-02-26 09:34:00,止盈,纳指ETF,513100.XSHG,3.622,1400.0,9000,110.09,-4.0,2020-02-26,2020-02,"纳指ETF
513100.XSHG"
2020-02-26 09:52:00,加仓,医药ETF,512010.XSHG,1.968,2700.0,11100,,-6.0,2020-02-26,2020-02,"医药ETF
512010.XSHG"
2020-02-28 09:31:00,加仓,纳指ETF,513100.XSHG,3.428,1400.0,10400,,-3.0,2020-02-28,2020-02,"纳指ETF
513100.XSHG"
2020-02-28 09:31:00,加仓,500ETF,510500.XSHG,6.056,800.0,6200,,-3.0,2020-02-28,2020-02,"500ETF
510500.XSHG"
2020-02-28 10:32:00,加仓,医药ETF,512010.XSHG,1.928,2700.0,13800,,-5.0,2020-02-28,2020-02,"医药ETF
512010.XSHG"
2020-02-28 13:04:00,加仓,500ETF,510500.XSHG,5.934,800.0,7000,,-2.0,2020-02-28,2020-02,"500ETF
510500.XSHG"
2020-03-02 09:31:00,加仓,黄金ETF,518880.XSHG,3.55,1400.0,14100,,0.0,2020-03-02,2020-03,"黄金ETF
518880.XSHG"
2020-03-02 09:58:00,加仓,中概互联,513050.XSHG,1.426,3500.0,28500,,-2.0,2020-03-02,2020-03,"中概互联
513050.XSHG"
2020-03-02 10:39:00,止盈,500ETF,510500.XSHG,6.054,800.0,6200,95.52,-3.0,2020-03-02,2020-03,"500ETF
510500.XSHG"
2020-03-02 13:03:00,止盈,纳指ETF,513100.XSHG,3.502,1400.0,9000,103.11,-4.0,2020-03-02,2020-03,"纳指ETF
513100.XSHG"
2020-03-03 09:31:00,止盈,纳指ETF,513100.XSHG,3.678,1400.0,7600,245.89,-5.0,2020-03-03,2020-03,"纳指ETF
513100.XSHG"
2020-03-03 09:31:00,止盈,500ETF,510500.XSHG,6.221,800.0,5400,133.1,-4.0,2020-03-03,2020-03,"500ETF
510500.XSHG"
2020-03-03 09:31:00,止盈,医药ETF,512010.XSHG,1.972,2700.0,11100,118.27,-6.0,2020-03-03,2020-03,"医药ETF
512010.XSHG"
2020-03-03 09:31:00,止盈,中概互联,513050.XSHG,1.468,3500.0,25000,146.49,-3.0,2020-03-03,2020-03,"中概互联
513050.XSHG"
2020-03-03 10:14:00,止盈,医药ETF,512010.XSHG,2.012,2700.0,8400,107.46,-7.0,2020-03-03,2020-03,"医药ETF
512010.XSHG"
2020-03-03 13:00:00,加仓,纳指ETF,513100.XSHG,3.602,1400.0,9000,,-4.0,2020-03-03,2020-03,"纳指ETF
513100.XSHG"
2020-03-04 09:31:00,加仓,纳指ETF,513100.XSHG,3.503,1400.0,10400,,-3.0,2020-03-04,2020-03,"纳指ETF
513100.XSHG"
2020-03-04 09:31:00,加仓,中概互联,513050.XSHG,1.436,3500.0,28500,,-2.0,2020-03-04,2020-03,"中概互联
513050.XSHG"
2020-03-04 09:47:00,止盈,黄金ETF,518880.XSHG,3.622,1400.0,12700,100.29,-1.0,2020-03-04,2020-03,"黄金ETF
518880.XSHG"
2020-03-04 13:26:00,加仓,500ETF,510500.XSHG,6.096,800.0,6200,,-3.0,2020-03-04,2020-03,"500ETF
510500.XSHG"
2020-03-05 09:31:00,止盈,纳指ETF,513100.XSHG,3.655,1400.0,9000,212.29,-4.0,2020-03-05,2020-03,"纳指ETF
513100.XSHG"
2020-03-05 09:31:00,止盈,500ETF,510500.XSHG,6.269,800.0,5400,137.9,-4.0,2020-03-05,2020-03,"500ETF
510500.XSHG"
2020-03-05 10:21:00,加仓,纳指ETF,513100.XSHG,3.58,1400.0,10400,,-3.0,2020-03-05,2020-03,"纳指ETF
513100.XSHG"
2020-03-05 10:52:00,止盈,医药ETF,512010.XSHG,2.053,2700.0,5700,110.15,-8.0,2020-03-05,2020-03,"医药ETF
512010.XSHG"
2020-03-05 13:30:00,止盈,中概互联,513050.XSHG,1.465,3500.0,25000,100.99,-3.0,2020-03-05,2020-03,"中概互联
513050.XSHG"
2020-03-06 09:31:00,加仓,纳指ETF,513100.XSHG,3.492,1400.0,11800,,-2.0,2020-03-06,2020-03,"纳指ETF
513100.XSHG"
2020-03-06 09:40:00,破顶,医药ETF,512010.XSHG,2.098,,23800,,,2020-03-06,2020-03,"医药ETF
512010.XSHG"
2020-03-06 13:10:00,止盈,黄金ETF,518880.XSHG,3.695,1400.0,11300,101.68,-2.0,2020-03-06,2020-03,"黄金ETF
518880.XSHG"
2020-03-09 09:31:00,加仓,纳指ETF,513100.XSHG,3.398,1400.0,13200,,-1.0,2020-03-09,2020-03,"纳指ETF
513100.XSHG"
2020-03-09 09:31:00,加仓,500ETF,510500.XSHG,6.126,800.0,6200,,-3.0,2020-03-09,2020-03,"500ETF
510500.XSHG"
2020-03-09 09:31:00,加仓,医药ETF,512010.XSHG,2.034,2300.0,26100,,1.0,2020-03-09,2020-03,"医药ETF
512010.XSHG"
2020-03-09 09:31:00,加仓,中概互联,513050.XSHG,1.406,3500.0,28500,,-2.0,2020-03-09,2020-03,"中概互联
513050.XSHG"
2020-03-09 13:01:00,加仓,黄金ETF,518880.XSHG,3.577,1400.0,12700,,-1.0,2020-03-09,2020-03,"黄金ETF
518880.XSHG"
2020-03-09 13:03:00,止盈,黄金ETF,518880.XSHG,3.654,1400.0,11300,107.29,-2.0,2020-03-09,2020-03,"黄金ETF
518880.XSHG"
2020-03-09 13:21:00,加仓,纳指ETF,513100.XSHG,3.325,1400.0,14600,,0.0,2020-03-09,2020-03,"纳指ETF
513100.XSHG"
2020-03-09 14:40:00,加仓,500ETF,510500.XSHG,6.002,800.0,7000,,-2.0,2020-03-09,2020-03,"500ETF
510500.XSHG"
2020-03-10 09:30:00,加仓,纳指ETF,513100.XSHG,3.258,1400.0,16000,,1.0,2020-03-10,2020-03,"纳指ETF
513100.XSHG"
2020-03-10 09:32:00,止盈,纳指ETF,513100.XSHG,3.324,1400.0,14600,91.93,0.0,2020-03-10,2020-03,"纳指ETF
513100.XSHG"
2020-03-10 09:40:00,加仓,医药ETF,512010.XSHG,1.99,2300.0,28400,,2.0,2020-03-10,2020-03,"医药ETF
512010.XSHG"
2020-03-10 09:42:00,加仓,纳指ETF,513100.XSHG,3.257,1400.0,16000,,1.0,2020-03-10,2020-03,"纳指ETF
513100.XSHG"
2020-03-10 10:50:00,加仓,500ETF,510500.XSHG,5.879,800.0,7800,,-1.0,2020-03-10,2020-03,"500ETF
510500.XSHG"
2020-03-10 11:25:00,止盈,500ETF,510500.XSHG,6.003,800.0,7000,98.72,-2.0,2020-03-10,2020-03,"500ETF
510500.XSHG"
2020-03-10 13:05:00,止盈,纳指ETF,513100.XSHG,3.324,1400.0,14600,93.33,0.0,2020-03-10,2020-03,"纳指ETF
513100.XSHG"
2020-03-10 13:32:00,止盈,纳指ETF,513100.XSHG,3.399,1400.0,13200,104.52,-1.0,2020-03-10,2020-03,"纳指ETF
513100.XSHG"
2020-03-10 13:40:00,止盈,医药ETF,512010.XSHG,2.03,2300.0,26100,91.53,1.0,2020-03-10,2020-03,"医药ETF
512010.XSHG"
2020-03-10 14:55:00,止盈,500ETF,510500.XSHG,6.124,800.0,6200,96.31,-3.0,2020-03-10,2020-03,"500ETF
510500.XSHG"
2020-03-11 14:05:00,加仓,纳指ETF,513100.XSHG,3.33,1400.0,14600,,0.0,2020-03-11,2020-03,"纳指ETF
513100.XSHG"
2020-03-12 09:31:00,加仓,纳指ETF,513100.XSHG,3.225,1400.0,16000,,1.0,2020-03-12,2020-03,"纳指ETF
513100.XSHG"
2020-03-12 09:31:00,加仓,500ETF,510500.XSHG,5.966,800.0,7000,,-2.0,2020-03-12,2020-03,"500ETF
510500.XSHG"
2020-03-12 09:31:00,加仓,医药ETF,512010.XSHG,1.971,2300.0,28400,,2.0,2020-03-12,2020-03,"医药ETF
512010.XSHG"
2020-03-12 09:31:00,加仓,中概互联,513050.XSHG,1.375,3500.0,32000,,-1.0,2020-03-12,2020-03,"中概互联
513050.XSHG"
2020-03-12 10:23:00,加仓,医药ETF,512010.XSHG,1.931,2300.0,30700,,3.0,2020-03-12,2020-03,"医药ETF
512010.XSHG"
2020-03-13 09:31:00,加仓,纳指ETF,513100.XSHG,2.987,1400.0,17400,,2.0,2020-03-13,2020-03,"纳指ETF
513100.XSHG"
2020-03-13 09:31:00,加仓,黄金ETF,518880.XSHG,3.463,1400.0,12700,,-1.0,2020-03-13,2020-03,"黄金ETF
518880.XSHG"
2020-03-13 09:31:00,加仓,500ETF,510500.XSHG,5.7,800.0,7800,,-1.0,2020-03-13,2020-03,"500ETF
510500.XSHG"
2020-03-13 09:31:00,加仓,医药ETF,512010.XSHG,1.841,2300.0,33000,,4.0,2020-03-13,2020-03,"医药ETF
512010.XSHG"
2020-03-13 09:31:00,加仓,中概互联,513050.XSHG,1.282,3500.0,35500,,0.0,2020-03-13,2020-03,"中概互联
513050.XSHG"
2020-03-13 09:32:00,止盈,中概互联,513050.XSHG,1.318,3500.0,32000,125.54,-1.0,2020-03-13,2020-03,"中概互联
513050.XSHG"
2020-03-13 10:32:00,止盈,纳指ETF,513100.XSHG,3.049,1400.0,16000,86.37,1.0,2020-03-13,2020-03,"纳指ETF
513100.XSHG"
2020-03-13 10:34:00,止盈,500ETF,510500.XSHG,5.821,800.0,7000,96.33,-2.0,2020-03-13,2020-03,"500ETF
510500.XSHG"
2020-03-13 10:34:00,止盈,医药ETF,512010.XSHG,1.881,2300.0,30700,91.57,3.0,2020-03-13,2020-03,"医药ETF
512010.XSHG"
2020-03-13 13:02:00,止盈,纳指ETF,513100.XSHG,3.168,1400.0,14600,166.16,0.0,2020-03-13,2020-03,"纳指ETF
513100.XSHG"
2020-03-13 13:02:00,止盈,中概互联,513050.XSHG,1.345,3500.0,28500,94.03,-2.0,2020-03-13,2020-03,"中概互联
513050.XSHG"
2020-03-13 13:09:00,止盈,纳指ETF,513100.XSHG,3.241,1400.0,13200,101.75,-1.0,2020-03-13,2020-03,"纳指ETF
513100.XSHG"
2020-03-13 13:19:00,止盈,500ETF,510500.XSHG,5.938,800.0,6200,93.12,-3.0,2020-03-13,2020-03,"500ETF
510500.XSHG"
2020-03-13 13:21:00,止盈,纳指ETF,513100.XSHG,3.316,1400.0,11800,104.54,-2.0,2020-03-13,2020-03,"纳指ETF
513100.XSHG"
2020-03-13 13:21:00,止盈,中概互联,513050.XSHG,1.373,3500.0,25000,97.52,-3.0,2020-03-13,2020-03,"中概互联
513050.XSHG"
2020-03-13 14:05:00,加仓,纳指ETF,513100.XSHG,3.244,1400.0,13200,,-1.0,2020-03-13,2020-03,"纳指ETF
513100.XSHG"
2020-03-16 09:31:00,加仓,纳指ETF,513100.XSHG,3.134,1400.0,14600,,0.0,2020-03-16,2020-03,"纳指ETF
513100.XSHG"
2020-03-16 09:32:00,加仓,黄金ETF,518880.XSHG,3.39,1400.0,14100,,0.0,2020-03-16,2020-03,"黄金ETF
518880.XSHG"
2020-03-16 09:32:00,加仓,中概互联,513050.XSHG,1.345,3500.0,28500,,-2.0,2020-03-16,2020-03,"中概互联
513050.XSHG"
2020-03-16 09:59:00,止盈,纳指ETF,513100.XSHG,3.208,1400.0,13200,103.15,-1.0,2020-03-16,2020-03,"纳指ETF
513100.XSHG"
2020-03-16 13:02:00,加仓,500ETF,510500.XSHG,5.817,800.0,7000,,-2.0,2020-03-16,2020-03,"500ETF
510500.XSHG"
2020-03-16 13:28:00,加仓,纳指ETF,513100.XSHG,3.14,1400.0,14600,,0.0,2020-03-16,2020-03,"纳指ETF
513100.XSHG"
2020-03-16 14:01:00,加仓,500ETF,510500.XSHG,5.7,800.0,7800,,-1.0,2020-03-16,2020-03,"500ETF
510500.XSHG"
2020-03-16 14:04:00,加仓,中概互联,513050.XSHG,1.317,3500.0,32000,,-1.0,2020-03-16,2020-03,"中概互联
513050.XSHG"
2020-03-16 14:10:00,加仓,医药ETF,512010.XSHG,1.841,2300.0,33000,,4.0,2020-03-16,2020-03,"医药ETF
512010.XSHG"
2020-03-16 14:32:00,加仓,纳指ETF,513100.XSHG,3.07,1400.0,16000,,1.0,2020-03-16,2020-03,"纳指ETF
513100.XSHG"
2020-03-16 14:55:00,加仓,纳指ETF,513100.XSHG,3.007,1400.0,17400,,2.0,2020-03-16,2020-03,"纳指ETF
513100.XSHG"
2020-03-17 09:31:00,止盈,纳指ETF,513100.XSHG,3.124,1400.0,16000,163.36,1.0,2020-03-17,2020-03,"纳指ETF
513100.XSHG"
2020-03-17 09:31:00,加仓,黄金ETF,518880.XSHG,3.312,1400.0,15500,,1.0,2020-03-17,2020-03,"黄金ETF
518880.XSHG"
2020-03-17 09:38:00,加仓,纳指ETF,513100.XSHG,3.054,1400.0,17400,,2.0,2020-03-17,2020-03,"纳指ETF
513100.XSHG"
2020-03-17 10:07:00,加仓,500ETF,510500.XSHG,5.583,800.0,8600,,0.0,2020-03-17,2020-03,"500ETF
510500.XSHG"
2020-03-17 10:10:00,加仓,医药ETF,512010.XSHG,1.8,2300.0,35300,,5.0,2020-03-17,2020-03,"医药ETF
512010.XSHG"
2020-03-17 11:10:00,止盈,医药ETF,512010.XSHG,1.836,2300.0,33000,82.38,4.0,2020-03-17,2020-03,"医药ETF
512010.XSHG"
2020-03-18 09:32:00,止盈,纳指ETF,513100.XSHG,3.122,1400.0,16000,94.76,1.0,2020-03-18,2020-03,"纳指ETF
513100.XSHG"
2020-03-18 09:35:00,止盈,黄金ETF,518880.XSHG,3.379,1400.0,14100,93.33,0.0,2020-03-18,2020-03,"黄金ETF
518880.XSHG"
2020-03-18 09:37:00,止盈,医药ETF,512010.XSHG,1.873,2300.0,30700,84.67,3.0,2020-03-18,2020-03,"医药ETF
512010.XSHG"
2020-03-18 09:47:00,止盈,500ETF,510500.XSHG,5.709,800.0,7800,100.34,-1.0,2020-03-18,2020-03,"500ETF
510500.XSHG"
2020-03-18 13:55:00,加仓,医药ETF,512010.XSHG,1.835,2300.0,33000,,4.0,2020-03-18,2020-03,"医药ETF
512010.XSHG"
2020-03-18 14:09:00,加仓,纳指ETF,513100.XSHG,3.058,1400.0,17400,,2.0,2020-03-18,2020-03,"纳指ETF
513100.XSHG"
2020-03-18 14:24:00,加仓,纳指ETF,513100.XSHG,2.995,1400.0,18800,,3.0,2020-03-18,2020-03,"纳指ETF
513100.XSHG"
2020-03-18 14:25:00,加仓,500ETF,510500.XSHG,5.591,800.0,8600,,0.0,2020-03-18,2020-03,"500ETF
510500.XSHG"
2020-03-18 14:28:00,加仓,中概互联,513050.XSHG,1.289,3500.0,35500,,0.0,2020-03-18,2020-03,"中概互联
513050.XSHG"
2020-03-18 14:43:00,加仓,黄金ETF,518880.XSHG,3.309,1400.0,15500,,1.0,2020-03-18,2020-03,"黄金ETF
518880.XSHG"
2020-03-19 09:49:00,加仓,医药ETF,512010.XSHG,1.798,2300.0,35300,,5.0,2020-03-19,2020-03,"医药ETF
512010.XSHG"
2020-03-19 10:59:00,加仓,医药ETF,512010.XSHG,1.762,2300.0,37600,,6.0,2020-03-19,2020-03,"医药ETF
512010.XSHG"
2020-03-19 11:00:00,加仓,500ETF,510500.XSHG,5.463,800.0,9400,,1.0,2020-03-19,2020-03,"500ETF
510500.XSHG"
2020-03-19 11:00:00,加仓,中概互联,513050.XSHG,1.262,3500.0,39000,,1.0,2020-03-19,2020-03,"中概互联
513050.XSHG"
2020-03-19 14:08:00,止盈,中概互联,513050.XSHG,1.288,3500.0,35500,90.55,0.0,2020-03-19,2020-03,"中概互联
513050.XSHG"
2020-03-19 14:11:00,止盈,500ETF,510500.XSHG,5.573,800.0,8600,87.55,0.0,2020-03-19,2020-03,"500ETF
510500.XSHG"
2020-03-19 14:58:00,止盈,纳指ETF,513100.XSHG,3.059,1400.0,17400,89.17,2.0,2020-03-19,2020-03,"纳指ETF
513100.XSHG"
2020-03-20 09:31:00,止盈,医药ETF,512010.XSHG,1.808,2300.0,35300,105.38,5.0,2020-03-20,2020-03,"医药ETF
512010.XSHG"
2020-03-20 09:31:00,止盈,中概互联,513050.XSHG,1.32,3500.0,32000,111.54,-1.0,2020-03-20,2020-03,"中概互联
513050.XSHG"
2020-03-20 10:23:00,止盈,中概互联,513050.XSHG,1.347,3500.0,28500,94.03,-2.0,2020-03-20,2020-03,"中概互联
513050.XSHG"
2020-03-20 10:48:00,止盈,纳指ETF,513100.XSHG,3.122,1400.0,16000,87.76,1.0,2020-03-20,2020-03,"纳指ETF
513100.XSHG"
2020-03-20 13:47:00,加仓,中概互联,513050.XSHG,1.32,3500.0,32000,,-1.0,2020-03-20,2020-03,"中概互联
513050.XSHG"
2020-03-20 14:53:00,止盈,中概互联,513050.XSHG,1.35,3500.0,28500,104.53,-2.0,2020-03-20,2020-03,"中概互联
513050.XSHG"
2020-03-23 09:31:00,加仓,纳指ETF,513100.XSHG,3.01,1400.0,17400,,2.0,2020-03-23,2020-03,"纳指ETF
513100.XSHG"
2020-03-23 09:31:00,加仓,中概互联,513050.XSHG,1.306,3500.0,32000,,-1.0,2020-03-23,2020-03,"中概互联
513050.XSHG"
2020-03-23 09:51:00,止盈,中概互联,513050.XSHG,1.333,3500.0,28500,94.03,-2.0,2020-03-23,2020-03,"中概互联
513050.XSHG"
2020-03-23 10:11:00,加仓,500ETF,510500.XSHG,5.457,800.0,9400,,1.0,2020-03-23,2020-03,"500ETF
510500.XSHG"
2020-03-23 11:17:00,止盈,纳指ETF,513100.XSHG,3.071,1400.0,16000,84.97,1.0,2020-03-23,2020-03,"纳指ETF
513100.XSHG"
2020-03-24 09:31:00,止盈,黄金ETF,518880.XSHG,3.549,1400.0,14100,335.5,0.0,2020-03-24,2020-03,"黄金ETF
518880.XSHG"
2020-03-24 09:31:00,止盈,中概互联,513050.XSHG,1.367,3500.0,25000,118.52,-3.0,2020-03-24,2020-03,"中概互联
513050.XSHG"
2020-03-24 09:48:00,止盈,医药ETF,512010.XSHG,1.845,2300.0,33000,84.68,4.0,2020-03-24,2020-03,"医药ETF
512010.XSHG"
2020-03-24 10:00:00,止盈,纳指ETF,513100.XSHG,3.133,1400.0,14600,86.36,0.0,2020-03-24,2020-03,"纳指ETF
513100.XSHG"
2020-03-24 13:37:00,加仓,中概互联,513050.XSHG,1.339,3500.0,28500,,-2.0,2020-03-24,2020-03,"中概互联
513050.XSHG"
2020-03-24 14:59:00,止盈,中概互联,513050.XSHG,1.366,3500.0,25000,94.02,-3.0,2020-03-24,2020-03,"中概互联
513050.XSHG"
2020-03-25 09:31:00,止盈,纳指ETF,513100.XSHG,3.32,1400.0,13200,261.34,-1.0,2020-03-25,2020-03,"纳指ETF
513100.XSHG"
2020-03-25 09:31:00,止盈,500ETF,510500.XSHG,5.609,800.0,8600,121.15,0.0,2020-03-25,2020-03,"500ETF
510500.XSHG"
2020-03-25 09:31:00,止盈,医药ETF,512010.XSHG,1.902,2300.0,30700,130.66,3.0,2020-03-25,2020-03,"医药ETF
512010.XSHG"
2020-03-25 09:31:00,止盈,中概互联,513050.XSHG,1.413,3500.0,21500,164.01,-4.0,2020-03-25,2020-03,"中概互联
513050.XSHG"
2020-03-26 09:41:00,加仓,纳指ETF,513100.XSHG,3.252,1400.0,14600,,0.0,2020-03-26,2020-03,"纳指ETF
513100.XSHG"
2020-03-26 09:45:00,止盈,医药ETF,512010.XSHG,1.941,2300.0,28400,89.25,2.0,2020-03-26,2020-03,"医药ETF
512010.XSHG"
2020-03-27 09:31:00,止盈,医药ETF,512010.XSHG,1.99,2300.0,26100,112.24,1.0,2020-03-27,2020-03,"医药ETF
512010.XSHG"
2020-03-27 14:13:00,止盈,黄金ETF,518880.XSHG,3.62,1400.0,12700,98.89,-1.0,2020-03-27,2020-03,"黄金ETF
518880.XSHG"
2020-03-27 14:50:00,加仓,纳指ETF,513100.XSHG,3.178,1400.0,16000,,1.0,2020-03-27,2020-03,"纳指ETF
513100.XSHG"
2020-03-30 09:31:00,加仓,纳指ETF,513100.XSHG,3.073,1400.0,17400,,2.0,2020-03-30,2020-03,"纳指ETF
513100.XSHG"
2020-03-30 09:31:00,加仓,500ETF,510500.XSHG,5.49,800.0,9400,,1.0,2020-03-30,2020-03,"500ETF
510500.XSHG"
2020-03-30 09:31:00,加仓,医药ETF,512010.XSHG,1.942,2300.0,28400,,2.0,2020-03-30,2020-03,"医药ETF
512010.XSHG"
2020-03-31 09:31:00,止盈,纳指ETF,513100.XSHG,3.151,1400.0,16000,108.76,1.0,2020-03-31,2020-03,"纳指ETF
513100.XSHG"
2020-04-01 09:31:00,加仓,纳指ETF,513100.XSHG,3.067,1400.0,17400,,2.0,2020-04-01,2020-04,"纳指ETF
513100.XSHG"
2020-04-01 09:31:00,加仓,黄金ETF,518880.XSHG,3.504,1400.0,14100,,0.0,2020-04-01,2020-04,"黄金ETF
518880.XSHG"
2020-04-01 14:10:00,加仓,中概互联,513050.XSHG,1.383,3500.0,25000,,-3.0,2020-04-01,2020-04,"中概互联
513050.XSHG"
2020-04-02 10:10:00,止盈,中概互联,513050.XSHG,1.411,3500.0,21500,97.51,-4.0,2020-04-02,2020-04,"中概互联
513050.XSHG"
2020-04-03 09:31:00,止盈,黄金ETF,518880.XSHG,3.582,1400.0,12700,108.7,-1.0,2020-04-03,2020-04,"黄金ETF
518880.XSHG"
2020-04-03 09:39:00,止盈,医药ETF,512010.XSHG,1.982,2300.0,26100,91.54,1.0,2020-04-03,2020-04,"医药ETF
512010.XSHG"
2020-04-07 09:31:00,止盈,纳指ETF,513100.XSHG,3.194,1400.0,16000,177.35,1.0,2020-04-07,2020-04,"纳指ETF
513100.XSHG"
2020-04-07 09:31:00,止盈,黄金ETF,518880.XSHG,3.687,1400.0,11300,146.48,-2.0,2020-04-07,2020-04,"黄金ETF
518880.XSHG"
2020-04-07 09:31:00,止盈,500ETF,510500.XSHG,5.628,800.0,8600,109.95,0.0,2020-04-07,2020-04,"500ETF
510500.XSHG"
2020-04-07 11:05:00,止盈,医药ETF,512010.XSHG,2.023,2300.0,23800,93.83,0.0,2020-04-07,2020-04,"医药ETF
512010.XSHG"
2020-04-09 09:42:00,止盈,500ETF,510500.XSHG,5.743,800.0,7800,91.54,-1.0,2020-04-09,2020-04,"500ETF
510500.XSHG"
2020-04-09 10:56:00,止盈,医药ETF,512010.XSHG,2.064,2300.0,21500,93.83,-1.0,2020-04-09,2020-04,"医药ETF
512010.XSHG"
2020-04-10 10:05:00,止盈,医药ETF,512010.XSHG,2.106,2300.0,19200,96.12,-2.0,2020-04-10,2020-04,"医药ETF
512010.XSHG"
2020-04-10 13:05:00,加仓,医药ETF,512010.XSHG,2.063,2300.0,21500,,-1.0,2020-04-10,2020-04,"医药ETF
512010.XSHG"
2020-04-10 14:04:00,加仓,500ETF,510500.XSHG,5.628,800.0,8600,,0.0,2020-04-10,2020-04,"500ETF
510500.XSHG"
2020-04-10 14:56:00,加仓,纳指ETF,513100.XSHG,3.128,1400.0,17400,,2.0,2020-04-10,2020-04,"纳指ETF
513100.XSHG"
2020-04-15 09:31:00,止盈,纳指ETF,513100.XSHG,3.205,1400.0,16000,107.35,1.0,2020-04-15,2020-04,"纳指ETF
513100.XSHG"
2020-04-15 09:43:00,止盈,医药ETF,512010.XSHG,2.105,2300.0,19200,96.12,-2.0,2020-04-15,2020-04,"医药ETF
512010.XSHG"
2020-04-15 10:26:00,止盈,500ETF,510500.XSHG,5.742,800.0,7800,90.74,-1.0,2020-04-15,2020-04,"500ETF
510500.XSHG"
2020-04-16 09:32:00,加仓,医药ETF,512010.XSHG,2.061,2300.0,21500,,-1.0,2020-04-16,2020-04,"医药ETF
512010.XSHG"
2020-04-16 10:31:00,止盈,中概互联,513050.XSHG,1.44,3500.0,18000,101.0,-5.0,2020-04-16,2020-04,"中概互联
513050.XSHG"
2020-04-16 14:44:00,止盈,纳指ETF,513100.XSHG,3.272,1400.0,14600,93.34,0.0,2020-04-16,2020-04,"纳指ETF
513100.XSHG"
2020-04-17 09:31:00,止盈,纳指ETF,513100.XSHG,3.342,1400.0,13200,97.53,-1.0,2020-04-17,2020-04,"纳指ETF
513100.XSHG"
2020-04-17 09:31:00,止盈,中概互联,513050.XSHG,1.484,3500.0,14500,153.48,-6.0,2020-04-17,2020-04,"中概互联
513050.XSHG"
2020-04-22 09:31:00,加仓,中概互联,513050.XSHG,1.45,3500.0,18000,,-5.0,2020-04-22,2020-04,"中概互联
513050.XSHG"
2020-04-22 13:30:00,止盈,中概互联,513050.XSHG,1.48,3500.0,14500,104.48,-6.0,2020-04-22,2020-04,"中概互联
513050.XSHG"
2020-04-22 13:45:00,止盈,医药ETF,512010.XSHG,2.103,2300.0,19200,96.12,-2.0,2020-04-22,2020-04,"医药ETF
512010.XSHG"
2020-04-22 14:31:00,止盈,纳指ETF,513100.XSHG,3.411,1400.0,11800,96.12,-2.0,2020-04-22,2020-04,"纳指ETF
513100.XSHG"
2020-04-23 09:34:00,止盈,纳指ETF,513100.XSHG,3.494,1400.0,10400,115.71,-3.0,2020-04-23,2020-04,"纳指ETF
513100.XSHG"
2020-04-24 09:33:00,加仓,中概互联,513050.XSHG,1.448,3500.0,18000,,-5.0,2020-04-24,2020-04,"中概互联
513050.XSHG"
2020-04-24 14:28:00,止盈,黄金ETF,518880.XSHG,3.761,1400.0,9900,103.07,-3.0,2020-04-24,2020-04,"黄金ETF
518880.XSHG"
2020-04-27 13:04:00,止盈,纳指ETF,513100.XSHG,3.564,1400.0,9000,97.5,-4.0,2020-04-27,2020-04,"纳指ETF
513100.XSHG"
2020-04-28 09:34:00,止盈,纳指ETF,513100.XSHG,3.658,1400.0,7600,131.09,-5.0,2020-04-28,2020-04,"纳指ETF
513100.XSHG"
2020-04-28 09:50:00,加仓,500ETF,510500.XSHG,5.625,800.0,8600,,0.0,2020-04-28,2020-04,"500ETF
510500.XSHG"
2020-04-28 13:22:00,止盈,中概互联,513050.XSHG,1.48,3500.0,14500,111.48,-6.0,2020-04-28,2020-04,"中概互联
513050.XSHG"
2020-04-29 13:03:00,止盈,纳指ETF,513100.XSHG,3.733,1400.0,6200,104.48,-6.0,2020-04-29,2020-04,"纳指ETF
513100.XSHG"
2020-04-30 09:31:00,止盈,纳指ETF,513100.XSHG,3.842,1400.0,4800,152.06,-7.0,2020-04-30,2020-04,"纳指ETF
513100.XSHG"
2020-04-30 09:41:00,止盈,500ETF,510500.XSHG,5.738,800.0,7800,89.94,-1.0,2020-04-30,2020-04,"500ETF
510500.XSHG"
2020-04-30 09:54:00,止盈,中概互联,513050.XSHG,1.51,3500.0,11000,104.47,-7.0,2020-04-30,2020-04,"中概互联
513050.XSHG"
2020-04-30 14:07:00,加仓,纳指ETF,513100.XSHG,3.759,1400.0,6200,,-6.0,2020-04-30,2020-04,"纳指ETF
513100.XSHG"
2020-04-30 14:38:00,加仓,纳指ETF,513100.XSHG,3.676,1400.0,7600,,-5.0,2020-04-30,2020-04,"纳指ETF
513100.XSHG"
2020-05-06 09:31:00,加仓,中概互联,513050.XSHG,1.478,3500.0,14500,,-6.0,2020-05-06,2020-05,"中概互联
513050.XSHG"
2020-05-06 09:34:00,止盈,纳指ETF,513100.XSHG,3.752,1400.0,6200,105.87,-6.0,2020-05-06,2020-05,"纳指ETF
513100.XSHG"
2020-05-06 11:29:00,止盈,500ETF,510500.XSHG,5.853,800.0,7000,91.53,-2.0,2020-05-06,2020-05,"500ETF
510500.XSHG"
2020-05-08 10:02:00,止盈,医药ETF,512010.XSHG,2.146,2300.0,16900,98.41,-3.0,2020-05-08,2020-05,"医药ETF
512010.XSHG"
2020-05-08 13:12:00,止盈,500ETF,510500.XSHG,5.971,800.0,6200,93.92,-3.0,2020-05-08,2020-05,"500ETF
510500.XSHG"
2020-05-11 09:31:00,止盈,中概互联,513050.XSHG,1.511,3500.0,11000,114.97,-7.0,2020-05-11,2020-05,"中概互联
513050.XSHG"
2020-05-12 10:41:00,加仓,纳指ETF,513100.XSHG,3.676,1400.0,7600,,-5.0,2020-05-12,2020-05,"纳指ETF
513100.XSHG"
2020-05-13 09:42:00,加仓,纳指ETF,513100.XSHG,3.6,1400.0,9000,,-4.0,2020-05-13,2020-05,"纳指ETF
513100.XSHG"
2020-05-15 14:23:00,止盈,黄金ETF,518880.XSHG,3.837,1400.0,8500,105.86,-4.0,2020-05-15,2020-05,"黄金ETF
518880.XSHG"
2020-05-18 10:03:00,止盈,黄金ETF,518880.XSHG,3.914,1400.0,7100,107.25,-5.0,2020-05-18,2020-05,"黄金ETF
518880.XSHG"
2020-05-18 11:01:00,止盈,医药ETF,512010.XSHG,2.19,2300.0,14600,100.7,-4.0,2020-05-18,2020-05,"医药ETF
512010.XSHG"
2020-05-19 09:31:00,止盈,纳指ETF,513100.XSHG,3.712,1400.0,7600,156.28,-5.0,2020-05-19,2020-05,"纳指ETF
513100.XSHG"
2020-05-19 09:31:00,止盈,中概互联,513050.XSHG,1.582,3500.0,7500,247.95,-8.0,2020-05-19,2020-05,"中概互联
513050.XSHG"
2020-05-19 09:37:00,止盈,医药ETF,512010.XSHG,2.235,2300.0,12300,102.99,-5.0,2020-05-19,2020-05,"医药ETF
512010.XSHG"
2020-05-20 13:27:00,加仓,医药ETF,512010.XSHG,2.19,2300.0,14600,,-4.0,2020-05-20,2020-05,"医药ETF
512010.XSHG"
2020-05-22 10:28:00,加仓,500ETF,510500.XSHG,5.848,800.0,7000,,-2.0,2020-05-22,2020-05,"500ETF
510500.XSHG"
2020-05-22 10:34:00,加仓,黄金ETF,518880.XSHG,3.835,1400.0,8500,,-4.0,2020-05-22,2020-05,"黄金ETF
518880.XSHG"
2020-05-22 10:58:00,加仓,中概互联,513050.XSHG,1.55,3500.0,11000,,-7.0,2020-05-22,2020-05,"中概互联
513050.XSHG"
2020-05-22 11:25:00,加仓,医药ETF,512010.XSHG,2.146,2300.0,16900,,-3.0,2020-05-22,2020-05,"医药ETF
512010.XSHG"
2020-05-22 13:05:00,加仓,纳指ETF,513100.XSHG,3.637,1400.0,9000,,-4.0,2020-05-22,2020-05,"纳指ETF
513100.XSHG"
2020-05-25 09:33:00,加仓,中概互联,513050.XSHG,1.516,3500.0,14500,,-6.0,2020-05-25,2020-05,"中概互联
513050.XSHG"
2020-05-25 14:57:00,止盈,纳指ETF,513100.XSHG,3.711,1400.0,7600,103.08,-5.0,2020-05-25,2020-05,"纳指ETF
513100.XSHG"
2020-05-26 09:31:00,止盈,中概互联,513050.XSHG,1.553,3500.0,11000,128.96,-7.0,2020-05-26,2020-05,"中概互联
513050.XSHG"
2020-05-26 09:58:00,止盈,医药ETF,512010.XSHG,2.19,2300.0,14600,100.7,-4.0,2020-05-26,2020-05,"医药ETF
512010.XSHG"
2020-05-26 13:50:00,止盈,纳指ETF,513100.XSHG,3.787,1400.0,6200,105.87,-6.0,2020-05-26,2020-05,"纳指ETF
513100.XSHG"
2020-05-27 09:34:00,止盈,中概互联,513050.XSHG,1.585,3500.0,7500,111.45,-8.0,2020-05-27,2020-05,"中概互联
513050.XSHG"
2020-05-28 10:25:00,加仓,医药ETF,512010.XSHG,2.145,2300.0,16900,,-3.0,2020-05-28,2020-05,"医药ETF
512010.XSHG"
2020-05-28 10:44:00,加仓,中概互联,513050.XSHG,1.553,3500.0,11000,,-7.0,2020-05-28,2020-05,"中概互联
513050.XSHG"
2020-06-01 09:31:00,止盈,中概互联,513050.XSHG,1.586,3500.0,7500,114.94,-8.0,2020-06-01,2020-06,"中概互联
513050.XSHG"
2020-06-01 09:44:00,止盈,医药ETF,512010.XSHG,2.192,2300.0,14600,107.6,-4.0,2020-06-01,2020-06,"医药ETF
512010.XSHG"
2020-06-01 09:56:00,止盈,500ETF,510500.XSHG,5.97,800.0,6200,97.12,-3.0,2020-06-01,2020-06,"500ETF
510500.XSHG"
2020-06-03 09:31:00,破顶,中概互联,513050.XSHG,1.625,,30700,,,2020-06-03,2020-06,"中概互联
513050.XSHG"
2020-06-03 13:13:00,止盈,500ETF,510500.XSHG,6.092,800.0,5400,97.11,-4.0,2020-06-03,2020-06,"500ETF
510500.XSHG"
2020-06-08 09:31:00,止盈,医药ETF,512010.XSHG,2.239,2300.0,12300,107.59,-5.0,2020-06-08,2020-06,"医药ETF
512010.XSHG"
2020-06-08 09:31:00,止盈,中概互联,513050.XSHG,1.668,3000.0,27700,128.5,-1.0,2020-06-08,2020-06,"中概互联
513050.XSHG"
2020-06-08 13:22:00,加仓,医药ETF,512010.XSHG,2.193,2300.0,14600,,-4.0,2020-06-08,2020-06,"医药ETF
512010.XSHG"
2020-06-09 10:55:00,止盈,医药ETF,512010.XSHG,2.237,2300.0,12300,100.69,-5.0,2020-06-09,2020-06,"医药ETF
512010.XSHG"
2020-06-10 13:17:00,止盈,医药ETF,512010.XSHG,2.282,2300.0,10000,102.98,-6.0,2020-06-10,2020-06,"医药ETF
512010.XSHG"
2020-06-11 09:37:00,止盈,中概互联,513050.XSHG,1.703,3000.0,24700,104.49,-2.0,2020-06-11,2020-06,"中概互联
513050.XSHG"
2020-06-12 09:31:00,加仓,纳指ETF,513100.XSHG,3.657,1400.0,7600,,-5.0,2020-06-12,2020-06,"纳指ETF
513100.XSHG"
2020-06-12 09:31:00,加仓,中概互联,513050.XSHG,1.641,3000.0,27700,,-1.0,2020-06-12,2020-06,"中概互联
513050.XSHG"
2020-06-12 09:56:00,止盈,纳指ETF,513100.XSHG,3.732,1400.0,6200,104.48,-6.0,2020-06-12,2020-06,"纳指ETF
513100.XSHG"
2020-06-12 10:13:00,止盈,中概互联,513050.XSHG,1.675,3000.0,24700,101.5,-2.0,2020-06-12,2020-06,"中概互联
513050.XSHG"
2020-06-15 14:48:00,加仓,中概互联,513050.XSHG,1.641,3000.0,27700,,-1.0,2020-06-15,2020-06,"中概互联
513050.XSHG"
2020-06-16 09:31:00,止盈,中概互联,513050.XSHG,1.684,3000.0,24700,128.49,-2.0,2020-06-16,2020-06,"中概互联
513050.XSHG"
2020-06-16 09:56:00,止盈,医药ETF,512010.XSHG,2.328,2300.0,7700,105.26,-7.0,2020-06-16,2020-06,"医药ETF
512010.XSHG"
2020-06-17 09:31:00,止盈,纳指ETF,513100.XSHG,3.812,1400.0,4800,111.47,-7.0,2020-06-17,2020-06,"纳指ETF
513100.XSHG"
2020-06-17 09:32:00,止盈,医药ETF,512010.XSHG,2.375,2300.0,5400,107.55,-8.0,2020-06-17,2020-06,"医药ETF
512010.XSHG"
2020-06-17 09:40:00,止盈,中概互联,513050.XSHG,1.719,3000.0,21700,104.48,-3.0,2020-06-17,2020-06,"中概互联
513050.XSHG"
2020-06-17 09:42:00,止盈,500ETF,510500.XSHG,6.216,800.0,4600,98.7,-5.0,2020-06-17,2020-06,"500ETF
510500.XSHG"
2020-06-18 10:06:00,止盈,中概互联,513050.XSHG,1.754,3000.0,18700,104.47,-4.0,2020-06-18,2020-06,"中概互联
513050.XSHG"
2020-06-19 09:41:00,破顶,医药ETF,512010.XSHG,2.426,,20600,,,2020-06-19,2020-06,"医药ETF
512010.XSHG"
2020-06-22 09:33:00,止盈,医药ETF,512010.XSHG,2.476,2000.0,18600,99.5,-1.0,2020-06-22,2020-06,"医药ETF
512010.XSHG"
2020-06-22 09:38:00,止盈,500ETF,510500.XSHG,6.341,800.0,3800,99.49,-6.0,2020-06-22,2020-06,"500ETF
510500.XSHG"
2020-06-23 10:19:00,止盈,中概互联,513050.XSHG,1.791,3000.0,15700,110.46,-5.0,2020-06-23,2020-06,"中概互联
513050.XSHG"
2020-06-23 13:42:00,止盈,中概互联,513050.XSHG,1.827,3000.0,12700,107.45,-6.0,2020-06-23,2020-06,"中概互联
513050.XSHG"
2020-06-24 09:31:00,止盈,黄金ETF,518880.XSHG,3.914,1400.0,7100,110.05,-5.0,2020-06-24,2020-06,"黄金ETF
518880.XSHG"
2020-06-24 09:32:00,止盈,医药ETF,512010.XSHG,2.529,2000.0,16600,105.49,-2.0,2020-06-24,2020-06,"医药ETF
512010.XSHG"
2020-06-24 09:39:00,止盈,中概互联,513050.XSHG,1.87,3000.0,9700,128.44,-7.0,2020-06-24,2020-06,"中概互联
513050.XSHG"
2020-06-24 10:02:00,加仓,医药ETF,512010.XSHG,2.477,2000.0,18600,,-1.0,2020-06-24,2020-06,"医药ETF
512010.XSHG"
2020-06-29 09:31:00,加仓,中概互联,513050.XSHG,1.826,3000.0,12700,,-6.0,2020-06-29,2020-06,"中概互联
513050.XSHG"
2020-06-30 09:49:00,止盈,医药ETF,512010.XSHG,2.529,2000.0,16600,103.49,-2.0,2020-06-30,2020-06,"医药ETF
512010.XSHG"
2020-07-01 13:37:00,加仓,医药ETF,512010.XSHG,2.478,2000.0,18600,,-1.0,2020-07-01,2020-07,"医药ETF
512010.XSHG"
2020-07-02 09:49:00,止盈,500ETF,510500.XSHG,6.47,800.0,3000,102.68,-7.0,2020-07-02,2020-07,"500ETF
510500.XSHG"
2020-07-03 09:31:00,止盈,中概互联,513050.XSHG,1.864,3000.0,9700,113.44,-7.0,2020-07-03,2020-07,"中概互联
513050.XSHG"
2020-07-03 10:07:00,止盈,500ETF,510500.XSHG,6.6,800.0,2200,103.47,-8.0,2020-07-03,2020-07,"500ETF
510500.XSHG"
2020-07-06 09:33:00,止盈,中概互联,513050.XSHG,1.902,3000.0,6700,113.43,-8.0,2020-07-06,2020-07,"中概互联
513050.XSHG"
2020-07-06 09:46:00,破顶,500ETF,510500.XSHG,6.734,,7400,,,2020-07-06,2020-07,"500ETF
510500.XSHG"
2020-07-06 11:28:00,止盈,500ETF,510500.XSHG,6.871,700.0,6700,95.42,-1.0,2020-07-06,2020-07,"500ETF
510500.XSHG"
2020-07-06 13:06:00,止盈,医药ETF,512010.XSHG,2.528,2000.0,16600,99.49,-2.0,2020-07-06,2020-07,"医药ETF
512010.XSHG"
2020-07-07 09:31:00,止盈,500ETF,510500.XSHG,7.014,700.0,6000,99.61,-2.0,2020-07-07,2020-07,"500ETF
510500.XSHG"
2020-07-07 09:32:00,破顶,中概互联,513050.XSHG,1.947,,25600,,,2020-07-07,2020-07,"中概互联
513050.XSHG"
2020-07-07 10:28:00,止盈,医药ETF,512010.XSHG,2.579,2000.0,14600,101.48,-3.0,2020-07-07,2020-07,"医药ETF
512010.XSHG"
2020-07-07 13:40:00,止盈,医药ETF,512010.XSHG,2.631,2000.0,12600,103.47,-4.0,2020-07-07,2020-07,"医药ETF
512010.XSHG"
2020-07-08 09:32:00,加仓,中概互联,513050.XSHG,1.906,2500.0,28100,,1.0,2020-07-08,2020-07,"中概互联
513050.XSHG"
2020-07-08 13:28:00,止盈,中概互联,513050.XSHG,1.95,2500.0,25600,109.51,0.0,2020-07-08,2020-07,"中概互联
513050.XSHG"
2020-07-08 14:30:00,止盈,500ETF,510500.XSHG,7.158,700.0,5300,100.3,-3.0,2020-07-08,2020-07,"500ETF
510500.XSHG"
2020-07-09 09:31:00,止盈,中概互联,513050.XSHG,2.009,2500.0,23100,147.0,-1.0,2020-07-09,2020-07,"中概互联
513050.XSHG"
2020-07-09 10:50:00,止盈,医药ETF,512010.XSHG,2.684,2000.0,10600,105.46,-5.0,2020-07-09,2020-07,"医药ETF
512010.XSHG"
2020-07-09 11:28:00,止盈,500ETF,510500.XSHG,7.306,700.0,4600,103.09,-4.0,2020-07-09,2020-07,"500ETF
510500.XSHG"
2020-07-10 09:38:00,止盈,医药ETF,512010.XSHG,2.738,2000.0,8600,107.45,-6.0,2020-07-10,2020-07,"医药ETF
512010.XSHG"
2020-07-10 10:00:00,止盈,中概互联,513050.XSHG,2.05,2500.0,20600,101.99,-2.0,2020-07-10,2020-07,"中概互联
513050.XSHG"
2020-07-13 09:31:00,止盈,纳指ETF,513100.XSHG,3.904,1400.0,3400,128.25,-8.0,2020-07-13,2020-07,"纳指ETF
513100.XSHG"
2020-07-13 10:25:00,止盈,500ETF,510500.XSHG,7.455,700.0,3900,103.78,-5.0,2020-07-13,2020-07,"500ETF
510500.XSHG"
2020-07-13 11:10:00,止盈,医药ETF,512010.XSHG,2.793,2000.0,6600,109.44,-7.0,2020-07-13,2020-07,"医药ETF
512010.XSHG"
2020-07-13 14:44:00,止盈,医药ETF,512010.XSHG,2.849,2000.0,4600,111.43,-8.0,2020-07-13,2020-07,"医药ETF
512010.XSHG"
2020-07-14 09:31:00,加仓,中概互联,513050.XSHG,1.997,2500.0,23100,,-1.0,2020-07-14,2020-07,"中概互联
513050.XSHG"
2020-07-14 10:37:00,加仓,医药ETF,512010.XSHG,2.789,2000.0,6600,,-7.0,2020-07-14,2020-07,"医药ETF
512010.XSHG"
2020-07-14 13:58:00,加仓,中概互联,513050.XSHG,1.957,2500.0,25600,,0.0,2020-07-14,2020-07,"中概互联
513050.XSHG"
2020-07-14 14:46:00,止盈,医药ETF,512010.XSHG,2.846,2000.0,4600,113.43,-8.0,2020-07-14,2020-07,"医药ETF
512010.XSHG"
2020-07-15 09:45:00,破顶,医药ETF,512010.XSHG,2.908,,17100,,,2020-07-15,2020-07,"医药ETF
512010.XSHG"
2020-07-15 10:08:00,止盈,医药ETF,512010.XSHG,2.969,1700.0,15400,103.2,-1.0,2020-07-15,2020-07,"医药ETF
512010.XSHG"
2020-07-15 10:37:00,加仓,医药ETF,512010.XSHG,2.905,1700.0,17100,,0.0,2020-07-15,2020-07,"医药ETF
512010.XSHG"
2020-07-15 11:00:00,加仓,500ETF,510500.XSHG,7.305,700.0,4600,,-4.0,2020-07-15,2020-07,"500ETF
510500.XSHG"
2020-07-15 13:05:00,加仓,中概互联,513050.XSHG,1.917,2500.0,28100,,1.0,2020-07-15,2020-07,"中概互联
513050.XSHG"
2020-07-16 10:07:00,加仓,医药ETF,512010.XSHG,2.837,1700.0,18800,,1.0,2020-07-16,2020-07,"医药ETF
512010.XSHG"
2020-07-16 10:41:00,加仓,中概互联,513050.XSHG,1.878,2500.0,30600,,2.0,2020-07-16,2020-07,"中概互联
513050.XSHG"
2020-07-16 13:06:00,加仓,医药ETF,512010.XSHG,2.78,1700.0,20500,,2.0,2020-07-16,2020-07,"医药ETF
512010.XSHG"
2020-07-16 13:23:00,加仓,500ETF,510500.XSHG,7.154,700.0,5300,,-3.0,2020-07-16,2020-07,"500ETF
510500.XSHG"
2020-07-16 13:35:00,加仓,医药ETF,512010.XSHG,2.719,1700.0,22200,,3.0,2020-07-16,2020-07,"医药ETF
512010.XSHG"
2020-07-16 14:21:00,加仓,500ETF,510500.XSHG,7.009,700.0,6000,,-2.0,2020-07-16,2020-07,"500ETF
510500.XSHG"
2020-07-16 14:38:00,加仓,纳指ETF,513100.XSHG,3.823,1400.0,4800,,-7.0,2020-07-16,2020-07,"纳指ETF
513100.XSHG"
2020-07-17 10:27:00,止盈,医药ETF,512010.XSHG,2.776,1700.0,20500,96.43,2.0,2020-07-17,2020-07,"医药ETF
512010.XSHG"
2020-07-17 11:24:00,加仓,医药ETF,512010.XSHG,2.719,1700.0,22200,,3.0,2020-07-17,2020-07,"医药ETF
512010.XSHG"
2020-07-20 09:32:00,止盈,中概互联,513050.XSHG,1.918,2500.0,28100,99.52,1.0,2020-07-20,2020-07,"中概互联
513050.XSHG"
2020-07-20 10:02:00,加仓,医药ETF,512010.XSHG,2.663,1700.0,23900,,4.0,2020-07-20,2020-07,"医药ETF
512010.XSHG"
2020-07-20 10:02:00,加仓,中概互联,513050.XSHG,1.876,2500.0,30600,,2.0,2020-07-20,2020-07,"中概互联
513050.XSHG"
2020-07-20 11:00:00,止盈,医药ETF,512010.XSHG,2.717,1700.0,22200,91.34,3.0,2020-07-20,2020-07,"医药ETF
512010.XSHG"
2020-07-20 14:57:00,止盈,500ETF,510500.XSHG,7.152,700.0,5300,99.6,-3.0,2020-07-20,2020-07,"500ETF
510500.XSHG"
2020-07-21 09:31:00,止盈,纳指ETF,513100.XSHG,3.94,1400.0,3400,163.25,-8.0,2020-07-21,2020-07,"纳指ETF
513100.XSHG"
2020-07-21 09:31:00,止盈,中概互联,513050.XSHG,1.952,2500.0,28100,189.51,1.0,2020-07-21,2020-07,"中概互联
513050.XSHG"
2020-07-21 09:37:00,止盈,医药ETF,512010.XSHG,2.778,1700.0,20500,103.23,2.0,2020-07-21,2020-07,"医药ETF
512010.XSHG"
2020-07-21 10:20:00,止盈,中概互联,513050.XSHG,1.992,2500.0,25600,99.5,0.0,2020-07-21,2020-07,"中概互联
513050.XSHG"
2020-07-21 13:45:00,止盈,医药ETF,512010.XSHG,2.834,1700.0,18800,94.72,1.0,2020-07-21,2020-07,"医药ETF
512010.XSHG"
2020-07-22 09:31:00,止盈,黄金ETF,518880.XSHG,4.051,1400.0,5700,191.23,-6.0,2020-07-22,2020-07,"黄金ETF
518880.XSHG"
2020-07-22 09:59:00,止盈,医药ETF,512010.XSHG,2.892,1700.0,17100,98.11,0.0,2020-07-22,2020-07,"医药ETF
512010.XSHG"
2020-07-22 10:43:00,止盈,500ETF,510500.XSHG,7.303,700.0,4600,105.19,-4.0,2020-07-22,2020-07,"500ETF
510500.XSHG"
2020-07-23 10:22:00,加仓,500ETF,510500.XSHG,7.145,700.0,5300,,-3.0,2020-07-23,2020-07,"500ETF
510500.XSHG"
2020-07-24 09:38:00,加仓,中概互联,513050.XSHG,1.951,2500.0,28100,,1.0,2020-07-24,2020-07,"中概互联
513050.XSHG"
2020-07-24 11:24:00,加仓,医药ETF,512010.XSHG,2.833,1700.0,18800,,1.0,2020-07-24,2020-07,"医药ETF
512010.XSHG"
2020-07-24 13:02:00,加仓,中概互联,513050.XSHG,1.904,2500.0,30600,,2.0,2020-07-24,2020-07,"中概互联
513050.XSHG"
2020-07-24 13:04:00,加仓,500ETF,510500.XSHG,7.002,700.0,6000,,-2.0,2020-07-24,2020-07,"500ETF
510500.XSHG"
2020-07-24 13:05:00,加仓,医药ETF,512010.XSHG,2.776,1700.0,20500,,2.0,2020-07-24,2020-07,"医药ETF
512010.XSHG"
2020-07-24 14:00:00,加仓,纳指ETF,513100.XSHG,3.861,1400.0,4800,,-7.0,2020-07-24,2020-07,"纳指ETF
513100.XSHG"
2020-07-27 09:31:00,止盈,黄金ETF,518880.XSHG,4.166,1400.0,4300,160.42,-7.0,2020-07-27,2020-07,"黄金ETF
518880.XSHG"
2020-07-27 09:38:00,止盈,医药ETF,512010.XSHG,2.832,1700.0,18800,94.72,1.0,2020-07-27,2020-07,"医药ETF
512010.XSHG"
2020-07-27 11:16:00,止盈,黄金ETF,518880.XSHG,4.25,1400.0,2900,117.0,-8.0,2020-07-27,2020-07,"黄金ETF
518880.XSHG"
2020-07-27 13:10:00,加仓,中概互联,513050.XSHG,1.863,2500.0,33100,,3.0,2020-07-27,2020-07,"中概互联
513050.XSHG"
2020-07-27 13:16:00,加仓,500ETF,510500.XSHG,6.861,700.0,6700,,-1.0,2020-07-27,2020-07,"500ETF
510500.XSHG"
2020-07-28 09:31:00,止盈,中概互联,513050.XSHG,1.918,2500.0,30600,137.02,2.0,2020-07-28,2020-07,"中概互联
513050.XSHG"
2020-07-28 10:57:00,止盈,500ETF,510500.XSHG,6.999,700.0,6000,96.11,-2.0,2020-07-28,2020-07,"500ETF
510500.XSHG"
2020-07-29 10:17:00,止盈,医药ETF,512010.XSHG,2.89,1700.0,17100,98.11,0.0,2020-07-29,2020-07,"医药ETF
512010.XSHG"
2020-07-29 14:15:00,止盈,500ETF,510500.XSHG,7.14,700.0,5300,98.2,-3.0,2020-07-29,2020-07,"500ETF
510500.XSHG"
2020-07-29 14:15:00,止盈,医药ETF,512010.XSHG,2.948,1700.0,15400,98.1,-1.0,2020-07-29,2020-07,"医药ETF
512010.XSHG"
2020-07-30 09:31:00,止盈,中概互联,513050.XSHG,1.965,2500.0,28100,117.01,1.0,2020-07-30,2020-07,"中概互联
513050.XSHG"
2020-07-30 09:49:00,止盈,医药ETF,512010.XSHG,3.008,1700.0,13700,101.49,-2.0,2020-07-30,2020-07,"医药ETF
512010.XSHG"
2020-07-30 14:18:00,加仓,医药ETF,512010.XSHG,2.947,1700.0,15400,,-1.0,2020-07-30,2020-07,"医药ETF
512010.XSHG"
2020-07-30 14:54:00,加仓,黄金ETF,518880.XSHG,4.162,1400.0,4300,,-7.0,2020-07-30,2020-07,"黄金ETF
518880.XSHG"
2020-07-31 09:52:00,止盈,纳指ETF,513100.XSHG,3.94,1400.0,3400,110.05,-8.0,2020-07-31,2020-07,"纳指ETF
513100.XSHG"
2020-08-03 09:30:00,止盈,医药ETF,512010.XSHG,3.006,1700.0,13700,99.79,-2.0,2020-08-03,2020-08,"医药ETF
512010.XSHG"
2020-08-03 09:31:00,止盈,500ETF,510500.XSHG,7.301,700.0,4600,112.19,-4.0,2020-08-03,2020-08,"500ETF
510500.XSHG"
2020-08-03 14:44:00,止盈,医药ETF,512010.XSHG,3.067,1700.0,12000,103.18,-3.0,2020-08-03,2020-08,"医药ETF
512010.XSHG"
2020-08-04 09:57:00,止盈,医药ETF,512010.XSHG,3.129,1700.0,10300,104.87,-4.0,2020-08-04,2020-08,"医药ETF
512010.XSHG"
2020-08-04 13:07:00,加仓,医药ETF,512010.XSHG,3.064,1700.0,12000,,-3.0,2020-08-04,2020-08,"医药ETF
512010.XSHG"
2020-08-04 13:52:00,止盈,中概互联,513050.XSHG,2.005,2500.0,25600,99.5,0.0,2020-08-04,2020-08,"中概互联
513050.XSHG"
2020-08-05 09:31:00,止盈,黄金ETF,518880.XSHG,4.3,1400.0,2900,192.6,-8.0,2020-08-05,2020-08,"黄金ETF
518880.XSHG"
2020-08-05 09:32:00,加仓,医药ETF,512010.XSHG,2.991,1700.0,13700,,-2.0,2020-08-05,2020-08,"医药ETF
512010.XSHG"
2020-08-05 09:51:00,止盈,医药ETF,512010.XSHG,3.054,1700.0,12000,106.58,-3.0,2020-08-05,2020-08,"医药ETF
512010.XSHG"
2020-08-06 09:33:00,止盈,医药ETF,512010.XSHG,3.122,1700.0,10300,115.07,-4.0,2020-08-06,2020-08,"医药ETF
512010.XSHG"
2020-08-06 09:36:00,止盈,500ETF,510500.XSHG,7.449,700.0,3900,103.08,-5.0,2020-08-06,2020-08,"500ETF
510500.XSHG"
2020-08-06 09:39:00,止盈,中概互联,513050.XSHG,2.049,2500.0,23100,109.49,-1.0,2020-08-06,2020-08,"中概互联
513050.XSHG"
2020-08-06 09:56:00,加仓,医药ETF,512010.XSHG,3.058,1700.0,12000,,-3.0,2020-08-06,2020-08,"医药ETF
512010.XSHG"
2020-08-06 10:46:00,加仓,中概互联,513050.XSHG,2.007,2500.0,25600,,0.0,2020-08-06,2020-08,"中概互联
513050.XSHG"
2020-08-06 10:58:00,加仓,医药ETF,512010.XSHG,2.994,1700.0,13700,,-2.0,2020-08-06,2020-08,"医药ETF
512010.XSHG"
2020-08-07 09:31:00,破顶,黄金ETF,518880.XSHG,4.403,,11300,,,2020-08-07,2020-08,"黄金ETF
518880.XSHG"
2020-08-07 10:29:00,加仓,医药ETF,512010.XSHG,2.934,1700.0,15400,,-1.0,2020-08-07,2020-08,"医药ETF
512010.XSHG"
2020-08-07 11:24:00,加仓,中概互联,513050.XSHG,1.966,2500.0,28100,,1.0,2020-08-07,2020-08,"中概互联
513050.XSHG"
2020-08-07 13:02:00,加仓,500ETF,510500.XSHG,7.278,700.0,4600,,-4.0,2020-08-07,2020-08,"500ETF
510500.XSHG"
2020-08-07 13:22:00,加仓,中概互联,513050.XSHG,1.926,2500.0,30600,,2.0,2020-08-07,2020-08,"中概互联
513050.XSHG"
2020-08-07 14:08:00,止盈,中概互联,513050.XSHG,1.965,2500.0,28100,97.01,1.0,2020-08-07,2020-08,"中概互联
513050.XSHG"
2020-08-10 09:31:00,加仓,中概互联,513050.XSHG,1.904,2500.0,30600,,2.0,2020-08-10,2020-08,"中概互联
513050.XSHG"
2020-08-10 09:53:00,加仓,医药ETF,512010.XSHG,2.875,1700.0,17100,,0.0,2020-08-10,2020-08,"医药ETF
512010.XSHG"
2020-08-10 10:24:00,止盈,医药ETF,512010.XSHG,2.934,1700.0,15400,99.8,-1.0,2020-08-10,2020-08,"医药ETF
512010.XSHG"
2020-08-10 14:03:00,止盈,500ETF,510500.XSHG,7.428,700.0,3900,104.48,-5.0,2020-08-10,2020-08,"500ETF
510500.XSHG"
2020-08-11 09:36:00,止盈,中概互联,513050.XSHG,1.944,2500.0,28100,99.51,1.0,2020-08-11,2020-08,"中概互联
513050.XSHG"
2020-08-11 09:39:00,止盈,医药ETF,512010.XSHG,2.994,1700.0,13700,101.49,-2.0,2020-08-11,2020-08,"医药ETF
512010.XSHG"
2020-08-11 13:11:00,加仓,黄金ETF,518880.XSHG,4.312,1100.0,12400,,1.0,2020-08-11,2020-08,"黄金ETF
518880.XSHG"
2020-08-11 14:37:00,加仓,500ETF,510500.XSHG,7.278,700.0,4600,,-4.0,2020-08-11,2020-08,"500ETF
510500.XSHG"
2020-08-11 14:37:00,加仓,医药ETF,512010.XSHG,2.932,1700.0,15400,,-1.0,2020-08-11,2020-08,"医药ETF
512010.XSHG"
2020-08-12 09:31:00,加仓,黄金ETF,518880.XSHG,4.02,1100.0,13500,,2.0,2020-08-12,2020-08,"黄金ETF
518880.XSHG"
2020-08-12 09:41:00,加仓,中概互联,513050.XSHG,1.902,2500.0,30600,,2.0,2020-08-12,2020-08,"中概互联
513050.XSHG"
2020-08-12 09:44:00,加仓,医药ETF,512010.XSHG,2.873,1700.0,17100,,0.0,2020-08-12,2020-08,"医药ETF
512010.XSHG"
2020-08-12 10:13:00,加仓,500ETF,510500.XSHG,7.131,700.0,5300,,-3.0,2020-08-12,2020-08,"500ETF
510500.XSHG"
2020-08-12 11:17:00,加仓,医药ETF,512010.XSHG,2.814,1700.0,18800,,1.0,2020-08-12,2020-08,"医药ETF
512010.XSHG"
2020-08-13 09:31:00,破顶,纳指ETF,513100.XSHG,4.036,,12300,,,2020-08-13,2020-08,"纳指ETF
513100.XSHG"
2020-08-13 09:31:00,止盈,中概互联,513050.XSHG,1.955,2500.0,28100,132.01,1.0,2020-08-13,2020-08,"中概互联
513050.XSHG"
2020-08-14 09:31:00,止盈,黄金ETF,518880.XSHG,4.141,1100.0,12400,132.64,1.0,2020-08-14,2020-08,"黄金ETF
518880.XSHG"
2020-08-14 09:31:00,加仓,中概互联,513050.XSHG,1.911,2500.0,30600,,2.0,2020-08-14,2020-08,"中概互联
513050.XSHG"
2020-08-14 10:57:00,加仓,医药ETF,512010.XSHG,2.757,1700.0,20500,,2.0,2020-08-14,2020-08,"医药ETF
512010.XSHG"
2020-08-14 14:43:00,止盈,500ETF,510500.XSHG,7.279,700.0,4600,103.09,-4.0,2020-08-14,2020-08,"500ETF
510500.XSHG"
2020-08-17 10:40:00,止盈,医药ETF,512010.XSHG,2.815,1700.0,18800,98.12,1.0,2020-08-17,2020-08,"医药ETF
512010.XSHG"
2020-08-18 09:31:00,止盈,中概互联,513050.XSHG,1.95,2500.0,28100,97.01,1.0,2020-08-18,2020-08,"中概互联
513050.XSHG"
2020-08-18 09:33:00,止盈,医药ETF,512010.XSHG,2.874,1700.0,17100,99.81,0.0,2020-08-18,2020-08,"医药ETF
512010.XSHG"
2020-08-18 09:38:00,止盈,500ETF,510500.XSHG,7.428,700.0,3900,103.78,-5.0,2020-08-18,2020-08,"500ETF
510500.XSHG"
2020-08-18 14:26:00,止盈,黄金ETF,518880.XSHG,4.224,1100.0,11300,90.84,0.0,2020-08-18,2020-08,"黄金ETF
518880.XSHG"
2020-08-19 11:27:00,加仓,医药ETF,512010.XSHG,2.816,1700.0,18800,,1.0,2020-08-19,2020-08,"医药ETF
512010.XSHG"
2020-08-20 09:31:00,加仓,黄金ETF,518880.XSHG,4.058,1100.0,12400,,1.0,2020-08-20,2020-08,"黄金ETF
518880.XSHG"
2020-08-20 09:32:00,加仓,500ETF,510500.XSHG,7.262,700.0,4600,,-4.0,2020-08-20,2020-08,"500ETF
510500.XSHG"
2020-08-20 09:32:00,加仓,医药ETF,512010.XSHG,2.756,1700.0,20500,,2.0,2020-08-20,2020-08,"医药ETF
512010.XSHG"
2020-08-20 14:37:00,止盈,纳指ETF,513100.XSHG,4.117,1200.0,11100,96.71,-1.0,2020-08-20,2020-08,"纳指ETF
513100.XSHG"
2020-08-21 09:35:00,止盈,医药ETF,512010.XSHG,2.816,1700.0,18800,101.52,1.0,2020-08-21,2020-08,"医药ETF
512010.XSHG"
2020-08-21 11:14:00,止盈,中概互联,513050.XSHG,1.989,2500.0,25600,97.0,0.0,2020-08-21,2020-08,"中概互联
513050.XSHG"
2020-08-21 14:25:00,止盈,纳指ETF,513100.XSHG,4.2,1200.0,9900,99.1,-2.0,2020-08-21,2020-08,"纳指ETF
513100.XSHG"
2020-08-24 09:32:00,止盈,中概互联,513050.XSHG,2.037,2500.0,23100,119.49,-1.0,2020-08-24,2020-08,"中概互联
513050.XSHG"
2020-08-24 09:37:00,止盈,纳指ETF,513100.XSHG,4.295,1200.0,8700,113.48,-3.0,2020-08-24,2020-08,"纳指ETF
513100.XSHG"
2020-08-24 09:48:00,加仓,医药ETF,512010.XSHG,2.757,1700.0,20500,,2.0,2020-08-24,2020-08,"医药ETF
512010.XSHG"
2020-08-24 13:06:00,止盈,纳指ETF,513100.XSHG,4.388,1200.0,7500,111.07,-4.0,2020-08-24,2020-08,"纳指ETF
513100.XSHG"
2020-08-25 09:31:00,止盈,中概互联,513050.XSHG,2.08,2500.0,20600,106.98,-2.0,2020-08-25,2020-08,"中概互联
513050.XSHG"
2020-08-25 09:32:00,止盈,纳指ETF,513100.XSHG,4.531,1200.0,6300,171.06,-5.0,2020-08-25,2020-08,"纳指ETF
513100.XSHG"
2020-08-25 09:32:00,止盈,医药ETF,512010.XSHG,2.815,1700.0,18800,98.12,1.0,2020-08-25,2020-08,"医药ETF
512010.XSHG"
2020-08-26 09:31:00,止盈,纳指ETF,513100.XSHG,4.69,1200.0,5100,190.24,-6.0,2020-08-26,2020-08,"纳指ETF
513100.XSHG"
2020-08-26 09:31:00,止盈,中概互联,513050.XSHG,2.128,2500.0,18100,119.47,-3.0,2020-08-26,2020-08,"中概互联
513050.XSHG"
2020-08-26 09:36:00,加仓,纳指ETF,513100.XSHG,4.594,1200.0,6300,,-5.0,2020-08-26,2020-08,"纳指ETF
513100.XSHG"
2020-08-26 09:49:00,止盈,医药ETF,512010.XSHG,2.874,1700.0,17100,99.81,0.0,2020-08-26,2020-08,"医药ETF
512010.XSHG"
2020-08-26 10:13:00,加仓,纳指ETF,513100.XSHG,4.502,1200.0,7500,,-4.0,2020-08-26,2020-08,"纳指ETF
513100.XSHG"
2020-08-26 14:14:00,加仓,医药ETF,512010.XSHG,2.816,1700.0,18800,,1.0,2020-08-26,2020-08,"医药ETF
512010.XSHG"
2020-08-27 09:31:00,止盈,纳指ETF,513100.XSHG,4.6,1200.0,6300,117.05,-5.0,2020-08-27,2020-08,"纳指ETF
513100.XSHG"
2020-08-27 13:48:00,止盈,纳指ETF,513100.XSHG,4.692,1200.0,5100,109.84,-6.0,2020-08-27,2020-08,"纳指ETF
513100.XSHG"
2020-08-28 09:59:00,止盈,纳指ETF,513100.XSHG,4.788,1200.0,3900,114.63,-7.0,2020-08-28,2020-08,"纳指ETF
513100.XSHG"
2020-08-28 10:13:00,止盈,医药ETF,512010.XSHG,2.873,1700.0,17100,96.41,0.0,2020-08-28,2020-08,"医药ETF
512010.XSHG"
2020-08-28 14:11:00,止盈,医药ETF,512010.XSHG,2.933,1700.0,15400,101.5,-1.0,2020-08-28,2020-08,"医药ETF
512010.XSHG"
2020-08-31 09:31:00,止盈,纳指ETF,513100.XSHG,4.885,1200.0,2700,115.81,-8.0,2020-08-31,2020-08,"纳指ETF
513100.XSHG"
2020-08-31 09:34:00,止盈,500ETF,510500.XSHG,7.408,700.0,3900,101.68,-5.0,2020-08-31,2020-08,"500ETF
510500.XSHG"
2020-08-31 09:49:00,止盈,黄金ETF,518880.XSHG,4.14,1100.0,11300,89.74,0.0,2020-08-31,2020-08,"黄金ETF
518880.XSHG"
2020-08-31 10:26:00,破顶,纳指ETF,513100.XSHG,4.988,,10000,,,2020-08-31,2020-08,"纳指ETF
513100.XSHG"
2020-09-01 09:31:00,止盈,纳指ETF,513100.XSHG,5.093,1000.0,9000,104.49,-1.0,2020-09-01,2020-09,"纳指ETF
513100.XSHG"
2020-09-01 09:32:00,止盈,纳指ETF,513100.XSHG,5.218,1000.0,8000,124.48,-2.0,2020-09-01,2020-09,"纳指ETF
513100.XSHG"
2020-09-01 13:48:00,加仓,纳指ETF,513100.XSHG,5.111,1000.0,9000,,-1.0,2020-09-01,2020-09,"纳指ETF
513100.XSHG"
2020-09-01 13:51:00,加仓,纳指ETF,513100.XSHG,4.993,1000.0,10000,,0.0,2020-09-01,2020-09,"纳指ETF
513100.XSHG"
2020-09-01 13:53:00,止盈,纳指ETF,513100.XSHG,5.127,1000.0,9000,133.49,-1.0,2020-09-01,2020-09,"纳指ETF
513100.XSHG"
2020-09-01 14:04:00,加仓,纳指ETF,513100.XSHG,5.0,1000.0,10000,,0.0,2020-09-01,2020-09,"纳指ETF
513100.XSHG"
2020-09-02 09:31:00,止盈,纳指ETF,513100.XSHG,5.17,1000.0,9000,169.48,-1.0,2020-09-02,2020-09,"纳指ETF
513100.XSHG"
2020-09-02 10:42:00,加仓,纳指ETF,513100.XSHG,5.063,1000.0,10000,,0.0,2020-09-02,2020-09,"纳指ETF
513100.XSHG"
2020-09-02 10:57:00,加仓,医药ETF,512010.XSHG,2.874,1700.0,17100,,0.0,2020-09-02,2020-09,"医药ETF
512010.XSHG"
2020-09-02 14:53:00,止盈,纳指ETF,513100.XSHG,5.167,1000.0,9000,103.48,-1.0,2020-09-02,2020-09,"纳指ETF
513100.XSHG"
2020-09-03 09:31:00,止盈,纳指ETF,513100.XSHG,5.289,1000.0,8000,121.47,-2.0,2020-09-03,2020-09,"纳指ETF
513100.XSHG"
2020-09-03 09:40:00,止盈,医药ETF,512010.XSHG,2.933,1700.0,15400,99.8,-1.0,2020-09-03,2020-09,"医药ETF
512010.XSHG"
2020-09-03 14:42:00,加仓,黄金ETF,518880.XSHG,4.053,1100.0,12400,,1.0,2020-09-03,2020-09,"黄金ETF
518880.XSHG"
2020-09-04 09:31:00,加仓,纳指ETF,513100.XSHG,4.953,1000.0,9000,,-1.0,2020-09-04,2020-09,"纳指ETF
513100.XSHG"
2020-09-04 09:31:00,加仓,500ETF,510500.XSHG,7.236,700.0,4600,,-4.0,2020-09-04,2020-09,"500ETF
510500.XSHG"
2020-09-04 09:31:00,加仓,医药ETF,512010.XSHG,2.845,1700.0,17100,,0.0,2020-09-04,2020-09,"医药ETF
512010.XSHG"
2020-09-04 09:31:00,加仓,中概互联,513050.XSHG,2.026,2500.0,20600,,-2.0,2020-09-04,2020-09,"中概互联
513050.XSHG"
2020-09-04 13:58:00,加仓,纳指ETF,513100.XSHG,4.848,1000.0,10000,,0.0,2020-09-04,2020-09,"纳指ETF
513100.XSHG"
2020-09-07 09:32:00,加仓,纳指ETF,513100.XSHG,4.749,1000.0,11000,,1.0,2020-09-07,2020-09,"纳指ETF
513100.XSHG"
2020-09-07 10:36:00,加仓,纳指ETF,513100.XSHG,4.645,1000.0,12000,,2.0,2020-09-07,2020-09,"纳指ETF
513100.XSHG"
2020-09-07 13:20:00,加仓,纳指ETF,513100.XSHG,4.552,1000.0,13000,,3.0,2020-09-07,2020-09,"纳指ETF
513100.XSHG"
2020-09-07 14:09:00,加仓,医药ETF,512010.XSHG,2.788,1700.0,18800,,1.0,2020-09-07,2020-09,"医药ETF
512010.XSHG"
2020-09-07 14:34:00,加仓,中概互联,513050.XSHG,1.984,2500.0,23100,,-1.0,2020-09-07,2020-09,"中概互联
513050.XSHG"
2020-09-07 14:35:00,加仓,纳指ETF,513100.XSHG,4.444,1000.0,14000,,4.0,2020-09-07,2020-09,"纳指ETF
513100.XSHG"
2020-09-08 09:32:00,止盈,纳指ETF,513100.XSHG,4.584,1000.0,13000,139.54,3.0,2020-09-08,2020-09,"纳指ETF
513100.XSHG"
2020-09-08 13:00:00,加仓,500ETF,510500.XSHG,7.089,700.0,5300,,-3.0,2020-09-08,2020-09,"500ETF
510500.XSHG"
2020-09-08 13:00:00,加仓,中概互联,513050.XSHG,1.943,2500.0,25600,,0.0,2020-09-08,2020-09,"中概互联
513050.XSHG"
2020-09-08 13:55:00,止盈,中概互联,513050.XSHG,1.985,2500.0,23100,104.5,-1.0,2020-09-08,2020-09,"中概互联
513050.XSHG"
2020-09-08 14:51:00,止盈,纳指ETF,513100.XSHG,4.677,1000.0,12000,92.53,2.0,2020-09-08,2020-09,"纳指ETF
513100.XSHG"
2020-09-09 09:31:00,加仓,纳指ETF,513100.XSHG,4.393,1000.0,13000,,3.0,2020-09-09,2020-09,"纳指ETF
513100.XSHG"
2020-09-09 09:31:00,加仓,医药ETF,512010.XSHG,2.726,1700.0,20500,,2.0,2020-09-09,2020-09,"医药ETF
512010.XSHG"
2020-09-09 09:31:00,加仓,中概互联,513050.XSHG,1.926,2500.0,25600,,0.0,2020-09-09,2020-09,"中概互联
513050.XSHG"
2020-09-09 09:49:00,加仓,医药ETF,512010.XSHG,2.664,1700.0,22200,,3.0,2020-09-09,2020-09,"医药ETF
512010.XSHG"
2020-09-09 13:10:00,止盈,纳指ETF,513100.XSHG,4.483,1000.0,12000,89.55,2.0,2020-09-09,2020-09,"纳指ETF
513100.XSHG"
2020-09-09 14:12:00,止盈,纳指ETF,513100.XSHG,4.574,1000.0,11000,90.54,1.0,2020-09-09,2020-09,"纳指ETF
513100.XSHG"
2020-09-10 09:32:00,止盈,中概互联,513050.XSHG,1.967,2500.0,23100,102.01,-1.0,2020-09-10,2020-09,"中概互联
513050.XSHG"
2020-09-10 09:33:00,止盈,纳指ETF,513100.XSHG,4.67,1000.0,10000,95.53,0.0,2020-09-10,2020-09,"纳指ETF
513100.XSHG"
2020-09-10 13:08:00,加仓,500ETF,510500.XSHG,6.947,700.0,6000,,-2.0,2020-09-10,2020-09,"500ETF
510500.XSHG"
2020-09-10 14:55:00,加仓,纳指ETF,513100.XSHG,4.569,1000.0,11000,,1.0,2020-09-10,2020-09,"纳指ETF
513100.XSHG"
2020-09-11 10:30:00,加仓,纳指ETF,513100.XSHG,4.475,1000.0,12000,,2.0,2020-09-11,2020-09,"纳指ETF
513100.XSHG"
2020-09-14 09:32:00,止盈,医药ETF,512010.XSHG,2.723,1700.0,20500,99.84,2.0,2020-09-14,2020-09,"医药ETF
512010.XSHG"
2020-09-14 13:28:00,加仓,医药ETF,512010.XSHG,2.668,1700.0,22200,,3.0,2020-09-14,2020-09,"医药ETF
512010.XSHG"
2020-09-14 14:24:00,止盈,纳指ETF,513100.XSHG,4.569,1000.0,11000,93.54,1.0,2020-09-14,2020-09,"纳指ETF
513100.XSHG"
2020-09-15 09:31:00,止盈,纳指ETF,513100.XSHG,4.701,1000.0,10000,131.53,0.0,2020-09-15,2020-09,"纳指ETF
513100.XSHG"
2020-09-15 13:36:00,止盈,纳指ETF,513100.XSHG,4.8,1000.0,9000,98.52,-1.0,2020-09-15,2020-09,"纳指ETF
513100.XSHG"
2020-09-15 14:31:00,止盈,中概互联,513050.XSHG,2.007,2500.0,20600,99.5,-2.0,2020-09-15,2020-09,"中概互联
513050.XSHG"
2020-09-16 09:31:00,止盈,纳指ETF,513100.XSHG,4.902,1000.0,8000,101.51,-2.0,2020-09-16,2020-09,"纳指ETF
513100.XSHG"
2020-09-16 14:52:00,加仓,纳指ETF,513100.XSHG,4.76,1000.0,9000,,-1.0,2020-09-16,2020-09,"纳指ETF
513100.XSHG"
2020-09-17 09:32:00,加仓,纳指ETF,513100.XSHG,4.648,1000.0,10000,,0.0,2020-09-17,2020-09,"纳指ETF
513100.XSHG"
2020-09-17 09:39:00,止盈,纳指ETF,513100.XSHG,4.759,1000.0,9000,110.52,-1.0,2020-09-17,2020-09,"纳指ETF
513100.XSHG"
2020-09-17 09:46:00,加仓,医药ETF,512010.XSHG,2.614,1700.0,23900,,4.0,2020-09-17,2020-09,"医药ETF
512010.XSHG"
2020-09-17 11:22:00,加仓,纳指ETF,513100.XSHG,4.663,1000.0,10000,,0.0,2020-09-17,2020-09,"纳指ETF
513100.XSHG"
2020-09-18 09:31:00,加仓,纳指ETF,513100.XSHG,4.556,1000.0,11000,,1.0,2020-09-18,2020-09,"纳指ETF
513100.XSHG"
2020-09-18 09:31:00,加仓,中概互联,513050.XSHG,1.966,2500.0,23100,,-1.0,2020-09-18,2020-09,"中概互联
513050.XSHG"
2020-09-18 10:23:00,止盈,纳指ETF,513100.XSHG,4.65,1000.0,10000,93.53,0.0,2020-09-18,2020-09,"纳指ETF
513100.XSHG"
2020-09-18 13:18:00,止盈,500ETF,510500.XSHG,7.087,700.0,5300,97.5,-3.0,2020-09-18,2020-09,"500ETF
510500.XSHG"
2020-09-18 14:57:00,止盈,纳指ETF,513100.XSHG,4.746,1000.0,9000,95.53,-1.0,2020-09-18,2020-09,"纳指ETF
513100.XSHG"
2020-09-21 13:36:00,加仓,纳指ETF,513100.XSHG,4.649,1000.0,10000,,0.0,2020-09-21,2020-09,"纳指ETF
513100.XSHG"
2020-09-22 14:37:00,加仓,黄金ETF,518880.XSHG,3.971,1100.0,13500,,2.0,2020-09-22,2020-09,"黄金ETF
518880.XSHG"
2020-09-23 10:23:00,止盈,医药ETF,512010.XSHG,2.671,1700.0,22200,96.45,3.0,2020-09-23,2020-09,"医药ETF
512010.XSHG"
2020-09-24 09:31:00,加仓,纳指ETF,513100.XSHG,4.504,1000.0,11000,,1.0,2020-09-24,2020-09,"纳指ETF
513100.XSHG"
2020-09-24 09:47:00,加仓,500ETF,510500.XSHG,6.945,700.0,6000,,-2.0,2020-09-24,2020-09,"500ETF
510500.XSHG"
2020-09-24 10:40:00,加仓,中概互联,513050.XSHG,1.926,2500.0,25600,,0.0,2020-09-24,2020-09,"中概互联
513050.XSHG"
2020-09-24 13:31:00,加仓,黄金ETF,518880.XSHG,3.891,1100.0,14600,,3.0,2020-09-24,2020-09,"黄金ETF
518880.XSHG"
2020-09-28 11:24:00,加仓,500ETF,510500.XSHG,6.803,700.0,6700,,-1.0,2020-09-28,2020-09,"500ETF
510500.XSHG"
2020-09-29 09:31:00,止盈,黄金ETF,518880.XSHG,3.971,1100.0,13500,87.56,2.0,2020-09-29,2020-09,"黄金ETF
518880.XSHG"
2020-09-29 09:32:00,止盈,纳指ETF,513100.XSHG,4.602,1000.0,10000,97.54,0.0,2020-09-29,2020-09,"纳指ETF
513100.XSHG"
2020-09-29 09:41:00,加仓,医药ETF,512010.XSHG,2.617,1700.0,23900,,4.0,2020-09-29,2020-09,"医药ETF
512010.XSHG"
2020-09-29 13:59:00,止盈,中概互联,513050.XSHG,1.965,2500.0,23100,97.01,-1.0,2020-09-29,2020-09,"中概互联
513050.XSHG"
2020-09-29 14:12:00,止盈,医药ETF,512010.XSHG,2.67,1700.0,22200,89.65,3.0,2020-09-29,2020-09,"医药ETF
512010.XSHG"
2020-09-30 13:34:00,加仓,纳指ETF,513100.XSHG,4.506,1000.0,11000,,1.0,2020-09-30,2020-09,"纳指ETF
513100.XSHG"
2020-10-09 09:31:00,止盈,纳指ETF,513100.XSHG,4.684,1000.0,10000,177.53,0.0,2020-10-09,2020-10,"纳指ETF
513100.XSHG"
2020-10-09 09:31:00,止盈,中概互联,513050.XSHG,2.059,2500.0,20600,234.49,-2.0,2020-10-09,2020-10,"中概互联
513050.XSHG"
2020-10-09 09:32:00,止盈,500ETF,510500.XSHG,6.94,700.0,6000,95.41,-2.0,2020-10-09,2020-10,"500ETF
510500.XSHG"
2020-10-09 09:32:00,止盈,医药ETF,512010.XSHG,2.725,1700.0,20500,93.04,2.0,2020-10-09,2020-10,"医药ETF
512010.XSHG"
2020-10-12 09:32:00,止盈,医药ETF,512010.XSHG,2.785,1700.0,18800,101.53,1.0,2020-10-12,2020-10,"医药ETF
512010.XSHG"
2020-10-12 09:36:00,止盈,500ETF,510500.XSHG,7.084,700.0,5300,100.3,-3.0,2020-10-12,2020-10,"500ETF
510500.XSHG"
2020-10-12 14:06:00,止盈,医药ETF,512010.XSHG,2.842,1700.0,17100,96.42,0.0,2020-10-12,2020-10,"医药ETF
512010.XSHG"
2020-10-13 09:31:00,止盈,中概互联,513050.XSHG,2.106,2500.0,18100,116.97,-3.0,2020-10-13,2020-10,"中概互联
513050.XSHG"
2020-10-15 14:48:00,加仓,纳指ETF,513100.XSHG,4.59,1000.0,11000,,1.0,2020-10-15,2020-10,"纳指ETF
513100.XSHG"
2020-10-19 14:24:00,加仓,医药ETF,512010.XSHG,2.785,1700.0,18800,,1.0,2020-10-19,2020-10,"医药ETF
512010.XSHG"
2020-10-21 09:53:00,止盈,医药ETF,512010.XSHG,2.842,1700.0,17100,96.42,0.0,2020-10-21,2020-10,"医药ETF
512010.XSHG"
2020-10-22 09:31:00,加仓,医药ETF,512010.XSHG,2.785,1700.0,18800,,1.0,2020-10-22,2020-10,"医药ETF
512010.XSHG"
2020-10-22 09:35:00,加仓,500ETF,510500.XSHG,6.94,700.0,6000,,-2.0,2020-10-22,2020-10,"500ETF
510500.XSHG"
2020-10-23 10:59:00,加仓,医药ETF,512010.XSHG,2.728,1700.0,20500,,2.0,2020-10-23,2020-10,"医药ETF
512010.XSHG"
2020-10-23 13:40:00,加仓,医药ETF,512010.XSHG,2.672,1700.0,22200,,3.0,2020-10-23,2020-10,"医药ETF
512010.XSHG"
2020-10-23 14:12:00,加仓,纳指ETF,513100.XSHG,4.496,1000.0,12000,,2.0,2020-10-23,2020-10,"纳指ETF
513100.XSHG"
2020-10-26 09:33:00,加仓,500ETF,510500.XSHG,6.783,700.0,6700,,-1.0,2020-10-26,2020-10,"500ETF
510500.XSHG"
2020-10-26 09:39:00,加仓,中概互联,513050.XSHG,2.06,2500.0,20600,,-2.0,2020-10-26,2020-10,"中概互联
513050.XSHG"
2020-10-26 09:41:00,加仓,医药ETF,512010.XSHG,2.616,1700.0,23900,,4.0,2020-10-26,2020-10,"医药ETF
512010.XSHG"
2020-10-26 10:00:00,止盈,医药ETF,512010.XSHG,2.671,1700.0,22200,93.05,3.0,2020-10-26,2020-10,"医药ETF
512010.XSHG"
2020-10-27 09:31:00,加仓,纳指ETF,513100.XSHG,4.37,1000.0,13000,,3.0,2020-10-27,2020-10,"纳指ETF
513100.XSHG"
2020-10-27 09:46:00,止盈,中概互联,513050.XSHG,2.103,2500.0,18100,106.97,-3.0,2020-10-27,2020-10,"中概互联
513050.XSHG"
2020-10-27 09:53:00,止盈,医药ETF,512010.XSHG,2.727,1700.0,20500,94.74,2.0,2020-10-27,2020-10,"医药ETF
512010.XSHG"
2020-10-28 09:31:00,止盈,中概互联,513050.XSHG,2.15,2500.0,15600,116.96,-4.0,2020-10-28,2020-10,"中概互联
513050.XSHG"
2020-10-28 11:25:00,止盈,中概互联,513050.XSHG,2.194,2500.0,13100,109.45,-5.0,2020-10-28,2020-10,"中概互联
513050.XSHG"
2020-10-28 13:22:00,止盈,医药ETF,512010.XSHG,2.782,1700.0,18800,93.03,1.0,2020-10-28,2020-10,"医药ETF
512010.XSHG"
2020-10-29 09:31:00,加仓,纳指ETF,513100.XSHG,4.244,1000.0,14000,,4.0,2020-10-29,2020-10,"纳指ETF
513100.XSHG"
2020-10-29 11:11:00,止盈,500ETF,510500.XSHG,6.924,700.0,6000,98.22,-2.0,2020-10-29,2020-10,"500ETF
510500.XSHG"
2020-10-29 13:21:00,止盈,医药ETF,512010.XSHG,2.838,1700.0,17100,94.72,0.0,2020-10-29,2020-10,"医药ETF
512010.XSHG"
2020-10-30 14:01:00,加仓,黄金ETF,518880.XSHG,3.89,1100.0,14600,,3.0,2020-10-30,2020-10,"黄金ETF
518880.XSHG"
2020-10-30 14:01:00,加仓,500ETF,510500.XSHG,6.782,700.0,6700,,-1.0,2020-10-30,2020-10,"500ETF
510500.XSHG"
2020-10-30 14:02:00,加仓,中概互联,513050.XSHG,2.15,2500.0,15600,,-4.0,2020-10-30,2020-10,"中概互联
513050.XSHG"
2020-10-30 14:08:00,加仓,医药ETF,512010.XSHG,2.78,1700.0,18800,,1.0,2020-10-30,2020-10,"医药ETF
512010.XSHG"
2020-11-03 10:32:00,止盈,纳指ETF,513100.XSHG,4.331,1000.0,13000,86.57,3.0,2020-11-03,2020-11,"纳指ETF
513100.XSHG"
2020-11-03 14:11:00,止盈,纳指ETF,513100.XSHG,4.421,1000.0,12000,89.56,2.0,2020-11-03,2020-11,"纳指ETF
513100.XSHG"
2020-11-04 09:31:00,止盈,黄金ETF,518880.XSHG,3.97,1100.0,13500,87.56,2.0,2020-11-04,2020-11,"黄金ETF
518880.XSHG"
2020-11-04 09:32:00,止盈,纳指ETF,513100.XSHG,4.532,1000.0,11000,110.55,1.0,2020-11-04,2020-11,"纳指ETF
513100.XSHG"
2020-11-04 13:17:00,止盈,纳指ETF,513100.XSHG,4.626,1000.0,10000,93.54,0.0,2020-11-04,2020-11,"纳指ETF
513100.XSHG"
2020-11-04 13:43:00,止盈,纳指ETF,513100.XSHG,4.744,1000.0,9000,117.53,-1.0,2020-11-04,2020-11,"纳指ETF
513100.XSHG"
2020-11-04 14:22:00,加仓,纳指ETF,513100.XSHG,4.645,1000.0,10000,,0.0,2020-11-04,2020-11,"纳指ETF
513100.XSHG"
2020-11-05 09:31:00,止盈,纳指ETF,513100.XSHG,4.824,1000.0,9000,178.52,-1.0,2020-11-05,2020-11,"纳指ETF
513100.XSHG"
2020-11-05 09:31:00,止盈,500ETF,510500.XSHG,6.937,700.0,6000,108.01,-2.0,2020-11-05,2020-11,"500ETF
510500.XSHG"
2020-11-05 09:31:00,止盈,中概互联,513050.XSHG,2.239,2500.0,13100,221.94,-5.0,2020-11-05,2020-11,"中概互联
513050.XSHG"
2020-11-05 09:46:00,加仓,纳指ETF,513100.XSHG,4.709,1000.0,10000,,0.0,2020-11-05,2020-11,"纳指ETF
513100.XSHG"
2020-11-06 10:10:00,加仓,医药ETF,512010.XSHG,2.721,1700.0,20500,,2.0,2020-11-06,2020-11,"医药ETF
512010.XSHG"
2020-11-06 10:26:00,加仓,纳指ETF,513100.XSHG,4.603,1000.0,11000,,1.0,2020-11-06,2020-11,"纳指ETF
513100.XSHG"
2020-11-06 14:02:00,加仓,纳指ETF,513100.XSHG,4.508,1000.0,12000,,2.0,2020-11-06,2020-11,"纳指ETF
513100.XSHG"
2020-11-09 09:46:00,止盈,500ETF,510500.XSHG,7.084,700.0,5300,102.4,-3.0,2020-11-09,2020-11,"500ETF
510500.XSHG"
2020-11-09 10:31:00,止盈,医药ETF,512010.XSHG,2.776,1700.0,18800,93.03,1.0,2020-11-09,2020-11,"医药ETF
512010.XSHG"
2020-11-09 10:52:00,止盈,中概互联,513050.XSHG,2.284,2500.0,10600,111.93,-6.0,2020-11-09,2020-11,"中概互联
513050.XSHG"
2020-11-09 13:11:00,止盈,纳指ETF,513100.XSHG,4.6,1000.0,11000,91.54,1.0,2020-11-09,2020-11,"纳指ETF
513100.XSHG"
2020-11-10 09:31:00,加仓,纳指ETF,513100.XSHG,4.49,1000.0,12000,,2.0,2020-11-10,2020-11,"纳指ETF
513100.XSHG"
2020-11-10 09:31:00,加仓,黄金ETF,518880.XSHG,3.853,1100.0,14600,,3.0,2020-11-10,2020-11,"黄金ETF
518880.XSHG"
2020-11-10 09:31:00,加仓,中概互联,513050.XSHG,2.216,2500.0,13100,,-5.0,2020-11-10,2020-11,"中概互联
513050.XSHG"
2020-11-10 09:32:00,止盈,医药ETF,512010.XSHG,2.839,1700.0,17100,106.62,0.0,2020-11-10,2020-11,"医药ETF
512010.XSHG"
2020-11-10 09:58:00,加仓,医药ETF,512010.XSHG,2.78,1700.0,18800,,1.0,2020-11-10,2020-11,"医药ETF
512010.XSHG"
2020-11-11 09:31:00,加仓,中概互联,513050.XSHG,2.105,2500.0,15600,,-4.0,2020-11-11,2020-11,"中概互联
513050.XSHG"
2020-11-11 09:37:00,加仓,医药ETF,512010.XSHG,2.723,1700.0,20500,,2.0,2020-11-11,2020-11,"医药ETF
512010.XSHG"
2020-11-11 13:14:00,加仓,中概互联,513050.XSHG,2.062,2500.0,18100,,-3.0,2020-11-11,2020-11,"中概互联
513050.XSHG"
2020-11-11 14:21:00,加仓,500ETF,510500.XSHG,6.942,700.0,6000,,-2.0,2020-11-11,2020-11,"500ETF
510500.XSHG"
2020-11-12 09:31:00,止盈,中概互联,513050.XSHG,2.104,2500.0,15600,104.47,-4.0,2020-11-12,2020-11,"中概互联
513050.XSHG"
2020-11-13 09:31:00,加仓,纳指ETF,513100.XSHG,4.388,1000.0,13000,,3.0,2020-11-13,2020-11,"纳指ETF
513100.XSHG"
2020-11-17 11:09:00,加仓,医药ETF,512010.XSHG,2.667,1700.0,22200,,3.0,2020-11-17,2020-11,"医药ETF
512010.XSHG"
2020-11-18 09:33:00,加仓,纳指ETF,513100.XSHG,4.296,1000.0,14000,,4.0,2020-11-18,2020-11,"纳指ETF
513100.XSHG"
2020-11-19 09:32:00,加仓,医药ETF,512010.XSHG,2.607,1700.0,23900,,4.0,2020-11-19,2020-11,"医药ETF
512010.XSHG"
2020-11-19 09:37:00,加仓,中概互联,513050.XSHG,2.06,2500.0,18100,,-3.0,2020-11-19,2020-11,"中概互联
513050.XSHG"
2020-11-20 13:56:00,止盈,500ETF,510500.XSHG,7.081,700.0,5300,96.8,-3.0,2020-11-20,2020-11,"500ETF
510500.XSHG"
2020-11-23 09:31:00,止盈,中概互联,513050.XSHG,2.112,2500.0,15600,129.47,-4.0,2020-11-23,2020-11,"中概互联
513050.XSHG"
2020-11-24 09:31:00,加仓,黄金ETF,518880.XSHG,3.768,1100.0,15700,,4.0,2020-11-24,2020-11,"黄金ETF
518880.XSHG"
2020-11-25 09:31:00,止盈,中概互联,513050.XSHG,2.161,2500.0,13100,121.96,-5.0,2020-11-25,2020-11,"中概互联
513050.XSHG"
2020-11-25 13:19:00,加仓,中概互联,513050.XSHG,2.117,2500.0,15600,,-4.0,2020-11-25,2020-11,"中概互联
513050.XSHG"
2020-11-26 10:11:00,加仓,医药ETF,512010.XSHG,2.552,1700.0,25600,,5.0,2020-11-26,2020-11,"医药ETF
512010.XSHG"
2020-11-27 11:19:00,加仓,500ETF,510500.XSHG,6.937,700.0,6000,,-2.0,2020-11-27,2020-11,"500ETF
510500.XSHG"
2020-11-27 14:33:00,止盈,中概互联,513050.XSHG,2.16,2500.0,13100,106.96,-5.0,2020-11-27,2020-11,"中概互联
513050.XSHG"
2020-11-30 09:31:00,加仓,黄金ETF,518880.XSHG,3.65,1100.0,16800,,5.0,2020-11-30,2020-11,"黄金ETF
518880.XSHG"
2020-11-30 09:48:00,加仓,中概互联,513050.XSHG,2.113,2500.0,15600,,-4.0,2020-11-30,2020-11,"中概互联
513050.XSHG"
2020-12-01 09:33:00,止盈,医药ETF,512010.XSHG,2.607,1700.0,23900,93.06,4.0,2020-12-01,2020-12,"医药ETF
512010.XSHG"
2020-12-01 10:02:00,止盈,医药ETF,512010.XSHG,2.66,1700.0,22200,89.65,3.0,2020-12-01,2020-12,"医药ETF
512010.XSHG"
2020-12-01 11:23:00,止盈,500ETF,510500.XSHG,7.076,700.0,5300,96.8,-3.0,2020-12-01,2020-12,"500ETF
510500.XSHG"
2020-12-02 09:31:00,止盈,纳指ETF,513100.XSHG,4.416,1000.0,13000,119.56,3.0,2020-12-02,2020-12,"纳指ETF
513100.XSHG"
2020-12-02 10:07:00,加仓,中概互联,513050.XSHG,2.07,2500.0,18100,,-3.0,2020-12-02,2020-12,"中概互联
513050.XSHG"
2020-12-03 09:31:00,止盈,黄金ETF,518880.XSHG,3.728,1100.0,15700,85.39,4.0,2020-12-03,2020-12,"黄金ETF
518880.XSHG"
2020-12-03 10:45:00,止盈,医药ETF,512010.XSHG,2.716,1700.0,20500,94.74,2.0,2020-12-03,2020-12,"医药ETF
512010.XSHG"
2020-12-04 13:59:00,止盈,中概互联,513050.XSHG,2.112,2500.0,15600,104.47,-4.0,2020-12-04,2020-12,"中概互联
513050.XSHG"
2020-12-07 11:00:00,加仓,纳指ETF,513100.XSHG,4.326,1000.0,14000,,4.0,2020-12-07,2020-12,"纳指ETF
513100.XSHG"
2020-12-08 10:51:00,止盈,黄金ETF,518880.XSHG,3.803,1100.0,14600,82.08,3.0,2020-12-08,2020-12,"黄金ETF
518880.XSHG"
2020-12-10 09:31:00,加仓,纳指ETF,513100.XSHG,4.204,1000.0,15000,,5.0,2020-12-10,2020-12,"纳指ETF
513100.XSHG"
2020-12-10 09:32:00,加仓,医药ETF,512010.XSHG,2.657,1700.0,22200,,3.0,2020-12-10,2020-12,"医药ETF
512010.XSHG"
2020-12-10 09:45:00,加仓,500ETF,510500.XSHG,6.93,700.0,6000,,-2.0,2020-12-10,2020-12,"500ETF
510500.XSHG"
2020-12-11 09:31:00,止盈,医药ETF,512010.XSHG,2.712,1700.0,20500,93.04,2.0,2020-12-11,2020-12,"医药ETF
512010.XSHG"
2020-12-14 09:38:00,加仓,中概互联,513050.XSHG,2.069,2500.0,18100,,-3.0,2020-12-14,2020-12,"中概互联
513050.XSHG"
2020-12-15 09:42:00,加仓,中概互联,513050.XSHG,2.027,2500.0,20600,,-2.0,2020-12-15,2020-12,"中概互联
513050.XSHG"
2020-12-15 09:51:00,止盈,医药ETF,512010.XSHG,2.772,1700.0,18800,101.53,1.0,2020-12-15,2020-12,"医药ETF
512010.XSHG"
2020-12-17 09:31:00,止盈,纳指ETF,513100.XSHG,4.302,1000.0,14000,97.57,4.0,2020-12-17,2020-12,"纳指ETF
513100.XSHG"
2020-12-17 09:31:00,止盈,医药ETF,512010.XSHG,2.868,1700.0,17100,162.71,0.0,2020-12-17,2020-12,"医药ETF
512010.XSHG"
2020-12-17 09:31:00,止盈,中概互联,513050.XSHG,2.082,2500.0,18100,136.98,-3.0,2020-12-17,2020-12,"中概互联
513050.XSHG"
2020-12-17 09:57:00,止盈,医药ETF,512010.XSHG,2.926,1700.0,15400,98.1,-1.0,2020-12-17,2020-12,"医药ETF
512010.XSHG"
2020-12-21 09:31:00,止盈,黄金ETF,518880.XSHG,3.882,1100.0,13500,86.47,2.0,2020-12-21,2020-12,"黄金ETF
518880.XSHG"
2020-12-21 10:31:00,止盈,500ETF,510500.XSHG,7.075,700.0,5300,101.0,-3.0,2020-12-21,2020-12,"500ETF
510500.XSHG"
2020-12-22 10:05:00,止盈,医药ETF,512010.XSHG,2.986,1700.0,13700,101.49,-2.0,2020-12-22,2020-12,"医药ETF
512010.XSHG"
2020-12-22 14:09:00,加仓,医药ETF,512010.XSHG,2.925,1700.0,15400,,-1.0,2020-12-22,2020-12,"医药ETF
512010.XSHG"
2020-12-22 14:45:00,加仓,500ETF,510500.XSHG,6.932,700.0,6000,,-2.0,2020-12-22,2020-12,"500ETF
510500.XSHG"
2020-12-24 09:42:00,加仓,中概互联,513050.XSHG,2.034,2500.0,20600,,-2.0,2020-12-24,2020-12,"中概互联
513050.XSHG"
2020-12-25 09:31:00,加仓,中概互联,513050.XSHG,1.982,2500.0,23100,,-1.0,2020-12-25,2020-12,"中概互联
513050.XSHG"
2020-12-25 09:49:00,止盈,医药ETF,512010.XSHG,2.985,1700.0,13700,101.49,-2.0,2020-12-25,2020-12,"医药ETF
512010.XSHG"
2020-12-29 09:55:00,加仓,医药ETF,512010.XSHG,2.922,1700.0,15400,,-1.0,2020-12-29,2020-12,"医药ETF
512010.XSHG"
2020-12-30 09:34:00,止盈,中概互联,513050.XSHG,2.024,2500.0,20600,104.49,-2.0,2020-12-30,2020-12,"中概互联
513050.XSHG"
2020-12-30 14:16:00,止盈,医药ETF,512010.XSHG,2.982,1700.0,13700,101.49,-2.0,2020-12-30,2020-12,"医药ETF
512010.XSHG"
2020-12-31 09:31:00,止盈,中概互联,513050.XSHG,2.082,2500.0,18100,144.48,-3.0,2020-12-31,2020-12,"中概互联
513050.XSHG"
2021-01-04 09:42:00,止盈,500ETF,510500.XSHG,7.077,700.0,5300,101.0,-3.0,2021-01-04,2021-01,"500ETF
510500.XSHG"
2021-01-05 09:47:00,止盈,医药ETF,512010.XSHG,3.043,1700.0,12000,103.18,-3.0,2021-01-05,2021-01,"医药ETF
512010.XSHG"
2021-01-05 14:01:00,止盈,500ETF,510500.XSHG,7.22,700.0,4600,99.59,-4.0,2021-01-05,2021-01,"500ETF
510500.XSHG"
2021-01-06 09:32:00,止盈,医药ETF,512010.XSHG,3.116,1700.0,10300,123.57,-4.0,2021-01-06,2021-01,"医药ETF
512010.XSHG"
2021-01-06 09:33:00,止盈,中概互联,513050.XSHG,2.124,2500.0,15600,104.47,-4.0,2021-01-06,2021-01,"中概互联
513050.XSHG"
2021-01-07 09:31:00,加仓,中概互联,513050.XSHG,2.08,2500.0,18100,,-3.0,2021-01-07,2021-01,"中概互联
513050.XSHG"
2021-01-07 14:59:00,止盈,医药ETF,512010.XSHG,3.18,1700.0,8600,108.26,-5.0,2021-01-07,2021-01,"医药ETF
512010.XSHG"
2021-01-11 09:31:00,加仓,黄金ETF,518880.XSHG,3.722,1100.0,14600,,3.0,2021-01-11,2021-01,"黄金ETF
518880.XSHG"
2021-01-11 09:33:00,加仓,医药ETF,512010.XSHG,3.115,1700.0,10300,,-4.0,2021-01-11,2021-01,"医药ETF
512010.XSHG"
2021-01-11 13:20:00,止盈,中概互联,513050.XSHG,2.122,2500.0,15600,104.47,-4.0,2021-01-11,2021-01,"中概互联
513050.XSHG"
2021-01-12 09:54:00,加仓,中概互联,513050.XSHG,2.079,2500.0,18100,,-3.0,2021-01-12,2021-01,"中概互联
513050.XSHG"
2021-01-12 13:39:00,止盈,黄金ETF,518880.XSHG,3.797,1100.0,13500,82.08,2.0,2021-01-12,2021-01,"黄金ETF
518880.XSHG"
2021-01-14 09:31:00,止盈,中概互联,513050.XSHG,2.123,2500.0,15600,109.47,-4.0,2021-01-14,2021-01,"中概互联
513050.XSHG"
2021-01-14 09:58:00,加仓,医药ETF,512010.XSHG,3.049,1700.0,12000,,-3.0,2021-01-14,2021-01,"医药ETF
512010.XSHG"
2021-01-15 09:31:00,止盈,中概互联,513050.XSHG,2.173,2500.0,13100,124.46,-5.0,2021-01-15,2021-01,"中概互联
513050.XSHG"
2021-01-15 11:28:00,加仓,500ETF,510500.XSHG,7.07,700.0,5300,,-3.0,2021-01-15,2021-01,"500ETF
510500.XSHG"
2021-01-18 10:00:00,止盈,中概互联,513050.XSHG,2.218,2500.0,10600,111.95,-6.0,2021-01-18,2021-01,"中概互联
513050.XSHG"
2021-01-18 13:15:00,止盈,500ETF,510500.XSHG,7.213,700.0,4600,99.6,-4.0,2021-01-18,2021-01,"500ETF
510500.XSHG"
2021-01-19 09:31:00,止盈,中概互联,513050.XSHG,2.283,2500.0,8100,161.93,-7.0,2021-01-19,2021-01,"中概互联
513050.XSHG"
2021-01-19 09:34:00,止盈,中概互联,513050.XSHG,2.341,2500.0,5600,144.41,-8.0,2021-01-19,2021-01,"中概互联
513050.XSHG"
2021-01-19 13:58:00,加仓,中概互联,513050.XSHG,2.274,2500.0,8100,,-7.0,2021-01-19,2021-01,"中概互联
513050.XSHG"
2021-01-19 14:20:00,加仓,医药ETF,512010.XSHG,2.988,1700.0,13700,,-2.0,2021-01-19,2021-01,"医药ETF
512010.XSHG"
2021-01-19 14:40:00,加仓,中概互联,513050.XSHG,2.224,2500.0,10600,,-6.0,2021-01-19,2021-01,"中概互联
513050.XSHG"
2021-01-20 09:31:00,止盈,中概互联,513050.XSHG,2.295,2500.0,8100,176.93,-7.0,2021-01-20,2021-01,"中概互联
513050.XSHG"
2021-01-20 09:44:00,止盈,医药ETF,512010.XSHG,3.048,1700.0,12000,101.48,-3.0,2021-01-20,2021-01,"医药ETF
512010.XSHG"
2021-01-20 13:50:00,止盈,中概互联,513050.XSHG,2.346,2500.0,5600,126.91,-8.0,2021-01-20,2021-01,"中概互联
513050.XSHG"
2021-01-21 09:31:00,止盈,纳指ETF,513100.XSHG,4.411,1000.0,13000,108.56,3.0,2021-01-21,2021-01,"纳指ETF
513100.XSHG"
2021-01-21 09:31:00,止盈,医药ETF,512010.XSHG,3.127,1700.0,10300,133.77,-4.0,2021-01-21,2021-01,"医药ETF
512010.XSHG"
2021-01-21 09:37:00,破顶,中概互联,513050.XSHG,2.394,,20800,,,2021-01-21,2021-01,"中概互联
513050.XSHG"
2021-01-21 13:27:00,止盈,500ETF,510500.XSHG,7.358,700.0,3900,100.98,-5.0,2021-01-21,2021-01,"500ETF
510500.XSHG"
2021-01-21 14:19:00,加仓,中概互联,513050.XSHG,2.346,2000.0,22800,,1.0,2021-01-21,2021-01,"中概互联
513050.XSHG"
2021-01-22 09:35:00,止盈,医药ETF,512010.XSHG,3.194,1700.0,8600,113.36,-5.0,2021-01-22,2021-01,"医药ETF
512010.XSHG"
2021-01-22 10:11:00,止盈,医药ETF,512010.XSHG,3.259,1700.0,6900,109.95,-6.0,2021-01-22,2021-01,"医药ETF
512010.XSHG"
2021-01-25 09:30:00,止盈,医药ETF,512010.XSHG,3.326,1700.0,5200,113.33,-7.0,2021-01-25,2021-01,"医药ETF
512010.XSHG"
2021-01-25 09:32:00,止盈,中概互联,513050.XSHG,2.394,2000.0,20800,95.52,0.0,2021-01-25,2021-01,"中概互联
513050.XSHG"
2021-01-25 10:13:00,止盈,中概互联,513050.XSHG,2.443,2000.0,18800,97.51,-1.0,2021-01-25,2021-01,"中概互联
513050.XSHG"
2021-01-26 09:42:00,加仓,医药ETF,512010.XSHG,3.259,1700.0,6900,,-6.0,2021-01-26,2021-01,"医药ETF
512010.XSHG"
2021-01-26 09:46:00,止盈,中概互联,513050.XSHG,2.493,2000.0,16800,99.5,-2.0,2021-01-26,2021-01,"中概互联
513050.XSHG"
2021-01-26 10:24:00,加仓,中概互联,513050.XSHG,2.443,2000.0,18800,,-1.0,2021-01-26,2021-01,"中概互联
513050.XSHG"
2021-01-27 09:48:00,加仓,医药ETF,512010.XSHG,3.19,1700.0,8600,,-5.0,2021-01-27,2021-01,"医药ETF
512010.XSHG"
2021-01-27 09:55:00,加仓,中概互联,513050.XSHG,2.393,2000.0,20800,,0.0,2021-01-27,2021-01,"中概互联
513050.XSHG"
2021-01-27 10:05:00,加仓,500ETF,510500.XSHG,7.207,700.0,4600,,-4.0,2021-01-27,2021-01,"500ETF
510500.XSHG"
2021-01-27 14:43:00,止盈,纳指ETF,513100.XSHG,4.5,1000.0,12000,88.55,2.0,2021-01-27,2021-01,"纳指ETF
513100.XSHG"
2021-01-28 09:31:00,加仓,纳指ETF,513100.XSHG,4.366,1000.0,13000,,3.0,2021-01-28,2021-01,"纳指ETF
513100.XSHG"
2021-01-28 09:31:00,加仓,中概互联,513050.XSHG,2.342,2000.0,22800,,1.0,2021-01-28,2021-01,"中概互联
513050.XSHG"
2021-01-28 14:03:00,加仓,医药ETF,512010.XSHG,3.125,1700.0,10300,,-4.0,2021-01-28,2021-01,"医药ETF
512010.XSHG"
2021-01-29 13:15:00,加仓,500ETF,510500.XSHG,7.061,700.0,5300,,-3.0,2021-01-29,2021-01,"500ETF
510500.XSHG"
2021-01-29 14:24:00,加仓,医药ETF,512010.XSHG,3.062,1700.0,12000,,-3.0,2021-01-29,2021-01,"医药ETF
512010.XSHG"
2021-02-01 09:31:00,加仓,纳指ETF,513100.XSHG,4.261,1000.0,14000,,4.0,2021-02-01,2021-02,"纳指ETF
513100.XSHG"
2021-02-01 09:41:00,止盈,医药ETF,512010.XSHG,3.128,1700.0,10300,111.67,-4.0,2021-02-01,2021-02,"医药ETF
512010.XSHG"
2021-02-02 09:31:00,止盈,纳指ETF,513100.XSHG,4.404,1000.0,13000,142.56,3.0,2021-02-02,2021-02,"纳指ETF
513100.XSHG"
2021-02-02 09:31:00,止盈,中概互联,513050.XSHG,2.417,2000.0,20800,149.52,0.0,2021-02-02,2021-02,"中概互联
513050.XSHG"
2021-02-02 10:18:00,止盈,医药ETF,512010.XSHG,3.191,1700.0,8600,106.56,-5.0,2021-02-02,2021-02,"医药ETF
512010.XSHG"
2021-02-03 09:31:00,止盈,纳指ETF,513100.XSHG,4.515,1000.0,12000,110.55,2.0,2021-02-03,2021-02,"纳指ETF
513100.XSHG"
2021-02-03 09:43:00,止盈,医药ETF,512010.XSHG,3.263,1700.0,6900,121.85,-6.0,2021-02-03,2021-02,"医药ETF
512010.XSHG"
2021-02-04 09:47:00,止盈,中概互联,513050.XSHG,2.469,2000.0,18800,103.51,-1.0,2021-02-04,2021-02,"中概互联
513050.XSHG"
2021-02-04 09:54:00,加仓,黄金ETF,518880.XSHG,3.72,1100.0,14600,,3.0,2021-02-04,2021-02,"黄金ETF
518880.XSHG"
2021-02-04 13:03:00,加仓,医药ETF,512010.XSHG,3.194,1700.0,8600,,-5.0,2021-02-04,2021-02,"医药ETF
512010.XSHG"
2021-02-04 13:03:00,加仓,中概互联,513050.XSHG,2.418,2000.0,20800,,0.0,2021-02-04,2021-02,"中概互联
513050.XSHG"
2021-02-05 09:31:00,止盈,中概互联,513050.XSHG,2.493,2000.0,18800,149.5,-1.0,2021-02-05,2021-02,"中概互联
513050.XSHG"
2021-02-05 09:46:00,止盈,医药ETF,512010.XSHG,3.268,1700.0,6900,125.24,-6.0,2021-02-05,2021-02,"医药ETF
512010.XSHG"
2021-02-05 10:52:00,止盈,医药ETF,512010.XSHG,3.334,1700.0,5200,111.63,-7.0,2021-02-05,2021-02,"医药ETF
512010.XSHG"
2021-02-05 14:39:00,加仓,500ETF,510500.XSHG,6.913,700.0,6000,,-2.0,2021-02-05,2021-02,"500ETF
510500.XSHG"
2021-02-09 09:30:00,止盈,医药ETF,512010.XSHG,3.406,1700.0,3500,121.82,-8.0,2021-02-09,2021-02,"医药ETF
512010.XSHG"
2021-02-09 09:48:00,止盈,500ETF,510500.XSHG,7.053,700.0,5300,97.51,-3.0,2021-02-09,2021-02,"500ETF
510500.XSHG"
2021-02-09 14:30:00,破顶,医药ETF,512010.XSHG,3.475,,14300,,,2021-02-09,2021-02,"医药ETF
512010.XSHG"
2021-02-10 11:04:00,止盈,中概互联,513050.XSHG,2.543,2000.0,16800,99.49,-2.0,2021-02-10,2021-02,"中概互联
513050.XSHG"
2021-02-10 11:26:00,止盈,500ETF,510500.XSHG,7.198,700.0,4600,101.0,-4.0,2021-02-10,2021-02,"500ETF
510500.XSHG"
2021-02-10 13:04:00,止盈,医药ETF,512010.XSHG,3.546,1400.0,12900,98.9,-1.0,2021-02-10,2021-02,"医药ETF
512010.XSHG"
2021-02-18 09:31:00,加仓,黄金ETF,518880.XSHG,3.642,1100.0,15700,,4.0,2021-02-18,2021-02,"黄金ETF
518880.XSHG"
2021-02-18 09:31:00,止盈,500ETF,510500.XSHG,7.361,700.0,3900,113.58,-5.0,2021-02-18,2021-02,"500ETF
510500.XSHG"
2021-02-18 09:31:00,止盈,中概互联,513050.XSHG,2.624,2000.0,14800,161.48,-3.0,2021-02-18,2021-02,"中概互联
513050.XSHG"
2021-02-18 10:17:00,加仓,医药ETF,512010.XSHG,3.47,1400.0,14300,,0.0,2021-02-18,2021-02,"医药ETF
512010.XSHG"
2021-02-18 13:03:00,加仓,医药ETF,512010.XSHG,3.398,1400.0,15700,,1.0,2021-02-18,2021-02,"医药ETF
512010.XSHG"
2021-02-18 13:56:00,加仓,中概互联,513050.XSHG,2.571,2000.0,16800,,-2.0,2021-02-18,2021-02,"中概互联
513050.XSHG"
2021-02-19 09:36:00,加仓,中概互联,513050.XSHG,2.515,2000.0,18800,,-1.0,2021-02-19,2021-02,"中概互联
513050.XSHG"
2021-02-19 10:06:00,加仓,医药ETF,512010.XSHG,3.326,1400.0,17100,,2.0,2021-02-19,2021-02,"医药ETF
512010.XSHG"
2021-02-19 13:53:00,止盈,医药ETF,512010.XSHG,3.393,1400.0,15700,93.32,1.0,2021-02-19,2021-02,"医药ETF
512010.XSHG"
2021-02-22 09:31:00,止盈,中概互联,513050.XSHG,2.571,2000.0,16800,111.49,-2.0,2021-02-22,2021-02,"中概互联
513050.XSHG"
2021-02-22 09:40:00,加仓,医药ETF,512010.XSHG,3.319,1400.0,17100,,2.0,2021-02-22,2021-02,"医药ETF
512010.XSHG"
2021-02-22 09:59:00,止盈,500ETF,510500.XSHG,7.509,700.0,3200,103.07,-6.0,2021-02-22,2021-02,"500ETF
510500.XSHG"
2021-02-22 13:05:00,加仓,中概互联,513050.XSHG,2.517,2000.0,18800,,-1.0,2021-02-22,2021-02,"中概互联
513050.XSHG"
2021-02-22 13:18:00,加仓,医药ETF,512010.XSHG,3.251,1400.0,18500,,3.0,2021-02-22,2021-02,"医药ETF
512010.XSHG"
2021-02-23 09:31:00,加仓,纳指ETF,513100.XSHG,4.386,1000.0,13000,,3.0,2021-02-23,2021-02,"纳指ETF
513100.XSHG"
2021-02-23 09:31:00,加仓,500ETF,510500.XSHG,7.332,700.0,3900,,-5.0,2021-02-23,2021-02,"500ETF
510500.XSHG"
2021-02-23 09:31:00,加仓,中概互联,513050.XSHG,2.435,2000.0,20800,,0.0,2021-02-23,2021-02,"中概互联
513050.XSHG"
2021-02-23 09:45:00,止盈,黄金ETF,518880.XSHG,3.716,1100.0,14600,80.99,3.0,2021-02-23,2021-02,"黄金ETF
518880.XSHG"
2021-02-24 09:38:00,加仓,医药ETF,512010.XSHG,3.184,1400.0,19900,,4.0,2021-02-24,2021-02,"医药ETF
512010.XSHG"
2021-02-24 10:31:00,加仓,医药ETF,512010.XSHG,3.118,1400.0,21300,,5.0,2021-02-24,2021-02,"医药ETF
512010.XSHG"
2021-02-24 10:50:00,加仓,中概互联,513050.XSHG,2.383,2000.0,22800,,1.0,2021-02-24,2021-02,"中概互联
513050.XSHG"
2021-02-24 14:10:00,加仓,医药ETF,512010.XSHG,3.054,1400.0,22700,,6.0,2021-02-24,2021-02,"医药ETF
512010.XSHG"
2021-02-24 14:11:00,加仓,中概互联,513050.XSHG,2.334,2000.0,24800,,2.0,2021-02-24,2021-02,"中概互联
513050.XSHG"
2021-02-25 09:31:00,止盈,中概互联,513050.XSHG,2.388,2000.0,22800,107.52,1.0,2021-02-25,2021-02,"中概互联
513050.XSHG"
2021-02-25 10:52:00,止盈,医药ETF,512010.XSHG,3.117,1400.0,21300,87.76,5.0,2021-02-25,2021-02,"医药ETF
512010.XSHG"
2021-02-25 14:09:00,加仓,500ETF,510500.XSHG,7.183,700.0,4600,,-4.0,2021-02-25,2021-02,"500ETF
510500.XSHG"
2021-02-26 09:31:00,加仓,纳指ETF,513100.XSHG,4.25,1000.0,14000,,4.0,2021-02-26,2021-02,"纳指ETF
513100.XSHG"
2021-02-26 09:31:00,加仓,黄金ETF,518880.XSHG,3.637,1100.0,15700,,4.0,2021-02-26,2021-02,"黄金ETF
518880.XSHG"
2021-02-26 09:31:00,加仓,医药ETF,512010.XSHG,3.014,1400.0,22700,,6.0,2021-02-26,2021-02,"医药ETF
512010.XSHG"
2021-02-26 09:31:00,加仓,中概互联,513050.XSHG,2.281,2000.0,24800,,2.0,2021-02-26,2021-02,"中概互联
513050.XSHG"
2021-02-26 10:25:00,止盈,医药ETF,512010.XSHG,3.077,1400.0,21300,87.77,5.0,2021-02-26,2021-02,"医药ETF
512010.XSHG"
2021-02-26 13:19:00,加仓,医药ETF,512010.XSHG,3.013,1400.0,22700,,6.0,2021-02-26,2021-02,"医药ETF
512010.XSHG"
2021-02-26 13:38:00,加仓,500ETF,510500.XSHG,7.036,700.0,5300,,-3.0,2021-02-26,2021-02,"500ETF
510500.XSHG"
2021-03-01 09:40:00,止盈,纳指ETF,513100.XSHG,4.336,1000.0,13000,85.57,3.0,2021-03-01,2021-03,"纳指ETF
513100.XSHG"
2021-03-01 14:52:00,止盈,500ETF,510500.XSHG,7.179,700.0,4600,99.6,-4.0,2021-03-01,2021-03,"500ETF
510500.XSHG"
2021-03-02 09:31:00,止盈,纳指ETF,513100.XSHG,4.43,1000.0,12000,93.56,2.0,2021-03-02,2021-03,"纳指ETF
513100.XSHG"
2021-03-02 09:31:00,加仓,黄金ETF,518880.XSHG,3.533,1100.0,16800,,5.0,2021-03-02,2021-03,"黄金ETF
518880.XSHG"
2021-03-02 09:31:00,止盈,医药ETF,512010.XSHG,3.08,1400.0,21300,93.37,5.0,2021-03-02,2021-03,"医药ETF
512010.XSHG"
2021-03-02 09:31:00,止盈,中概互联,513050.XSHG,2.359,2000.0,22800,155.53,1.0,2021-03-02,2021-03,"中概互联
513050.XSHG"
2021-03-02 11:19:00,加仓,医药ETF,512010.XSHG,3.016,1400.0,22700,,6.0,2021-03-02,2021-03,"医药ETF
512010.XSHG"
2021-03-03 09:32:00,加仓,纳指ETF,513100.XSHG,4.335,1000.0,13000,,3.0,2021-03-03,2021-03,"纳指ETF
513100.XSHG"
2021-03-03 09:35:00,加仓,中概互联,513050.XSHG,2.311,2000.0,24800,,2.0,2021-03-03,2021-03,"中概互联
513050.XSHG"
2021-03-03 14:43:00,止盈,中概互联,513050.XSHG,2.358,2000.0,22800,93.53,1.0,2021-03-03,2021-03,"中概互联
513050.XSHG"
2021-03-04 09:31:00,加仓,中概互联,513050.XSHG,2.307,2000.0,24800,,2.0,2021-03-04,2021-03,"中概互联
513050.XSHG"
2021-03-04 09:32:00,加仓,纳指ETF,513100.XSHG,4.241,1000.0,14000,,4.0,2021-03-04,2021-03,"纳指ETF
513100.XSHG"
2021-03-04 10:34:00,加仓,医药ETF,512010.XSHG,2.955,1400.0,24100,,7.0,2021-03-04,2021-03,"医药ETF
512010.XSHG"
2021-03-04 13:38:00,加仓,中概互联,513050.XSHG,2.26,2000.0,26800,,3.0,2021-03-04,2021-03,"中概互联
513050.XSHG"
2021-03-05 09:31:00,加仓,纳指ETF,513100.XSHG,4.151,1000.0,15000,,5.0,2021-03-05,2021-03,"纳指ETF
513100.XSHG"
2021-03-05 09:31:00,加仓,医药ETF,512010.XSHG,2.872,1400.0,25500,,8.0,2021-03-05,2021-03,"医药ETF
512010.XSHG"
2021-03-05 09:31:00,加仓,中概互联,513050.XSHG,2.188,2000.0,28800,,4.0,2021-03-05,2021-03,"中概互联
513050.XSHG"
2021-03-05 09:32:00,加仓,500ETF,510500.XSHG,7.033,700.0,5300,,-3.0,2021-03-05,2021-03,"500ETF
510500.XSHG"
2021-03-05 10:50:00,止盈,医药ETF,512010.XSHG,2.93,1400.0,24100,80.79,7.0,2021-03-05,2021-03,"医药ETF
512010.XSHG"
2021-03-05 13:56:00,止盈,中概互联,513050.XSHG,2.234,2000.0,26800,91.55,3.0,2021-03-05,2021-03,"中概互联
513050.XSHG"
2021-03-08 09:35:00,止盈,500ETF,510500.XSHG,7.176,700.0,4600,99.6,-4.0,2021-03-08,2021-03,"500ETF
510500.XSHG"
2021-03-08 09:47:00,止盈,纳指ETF,513100.XSHG,4.236,1000.0,14000,84.58,4.0,2021-03-08,2021-03,"纳指ETF
513100.XSHG"
2021-03-08 10:12:00,加仓,中概互联,513050.XSHG,2.188,2000.0,28800,,4.0,2021-03-08,2021-03,"中概互联
513050.XSHG"
2021-03-08 10:46:00,加仓,医药ETF,512010.XSHG,2.87,1400.0,25500,,8.0,2021-03-08,2021-03,"医药ETF
512010.XSHG"
2021-03-08 11:28:00,加仓,500ETF,510500.XSHG,7.032,700.0,5300,,-3.0,2021-03-08,2021-03,"500ETF
510500.XSHG"
2021-03-08 13:16:00,加仓,中概互联,513050.XSHG,2.144,2000.0,30800,,5.0,2021-03-08,2021-03,"中概互联
513050.XSHG"
2021-03-08 13:25:00,加仓,医药ETF,512010.XSHG,2.808,1400.0,26900,,9.0,2021-03-08,2021-03,"医药ETF
512010.XSHG"
2021-03-08 14:44:00,加仓,医药ETF,512010.XSHG,2.751,1400.0,28300,,10.0,2021-03-08,2021-03,"医药ETF
512010.XSHG"
2021-03-09 09:31:00,加仓,纳指ETF,513100.XSHG,4.134,1000.0,15000,,5.0,2021-03-09,2021-03,"纳指ETF
513100.XSHG"
2021-03-09 09:31:00,加仓,中概互联,513050.XSHG,2.089,2000.0,32800,,6.0,2021-03-09,2021-03,"中概互联
513050.XSHG"
2021-03-09 09:34:00,加仓,500ETF,510500.XSHG,6.885,700.0,6000,,-2.0,2021-03-09,2021-03,"500ETF
510500.XSHG"
2021-03-09 09:44:00,加仓,中概互联,513050.XSHG,2.043,2000.0,34800,,7.0,2021-03-09,2021-03,"中概互联
513050.XSHG"
2021-03-09 09:57:00,加仓,500ETF,510500.XSHG,6.747,700.0,6700,,-1.0,2021-03-09,2021-03,"500ETF
510500.XSHG"
2021-03-09 10:12:00,止盈,中概互联,513050.XSHG,2.086,2000.0,32800,85.58,6.0,2021-03-09,2021-03,"中概互联
513050.XSHG"
2021-03-09 11:02:00,止盈,中概互联,513050.XSHG,2.133,2000.0,30800,93.57,5.0,2021-03-09,2021-03,"中概互联
513050.XSHG"
2021-03-09 11:18:00,止盈,500ETF,510500.XSHG,6.886,700.0,6000,96.82,-2.0,2021-03-09,2021-03,"500ETF
510500.XSHG"
2021-03-09 14:28:00,加仓,中概互联,513050.XSHG,2.089,2000.0,32800,,6.0,2021-03-09,2021-03,"中概互联
513050.XSHG"
2021-03-10 09:31:00,止盈,纳指ETF,513100.XSHG,4.272,1000.0,14000,137.57,4.0,2021-03-10,2021-03,"纳指ETF
513100.XSHG"
2021-03-10 09:31:00,止盈,中概互联,513050.XSHG,2.171,2000.0,30800,163.57,5.0,2021-03-10,2021-03,"中概互联
513050.XSHG"
2021-03-10 10:12:00,加仓,500ETF,510500.XSHG,6.745,700.0,6700,,-1.0,2021-03-10,2021-03,"500ETF
510500.XSHG"
2021-03-11 09:53:00,止盈,医药ETF,512010.XSHG,2.808,1400.0,26900,79.41,9.0,2021-03-11,2021-03,"医药ETF
512010.XSHG"
2021-03-11 13:06:00,止盈,中概互联,513050.XSHG,2.219,2000.0,28800,95.56,4.0,2021-03-11,2021-03,"中概互联
513050.XSHG"
2021-03-11 14:57:00,止盈,500ETF,510500.XSHG,6.884,700.0,6000,96.82,-2.0,2021-03-11,2021-03,"500ETF
510500.XSHG"
2021-03-15 09:33:00,加仓,中概互联,513050.XSHG,2.174,2000.0,30800,,5.0,2021-03-15,2021-03,"中概互联
513050.XSHG"
2021-03-15 09:41:00,加仓,医药ETF,512010.XSHG,2.749,1400.0,28300,,10.0,2021-03-15,2021-03,"医药ETF
512010.XSHG"
2021-03-15 13:31:00,加仓,中概互联,513050.XSHG,2.13,2000.0,32800,,6.0,2021-03-15,2021-03,"中概互联
513050.XSHG"
2021-03-16 09:31:00,止盈,纳指ETF,513100.XSHG,4.361,1000.0,13000,88.56,3.0,2021-03-16,2021-03,"纳指ETF
513100.XSHG"
2021-03-17 10:20:00,止盈,中概互联,513050.XSHG,2.173,2000.0,30800,85.57,5.0,2021-03-17,2021-03,"中概互联
513050.XSHG"
2021-03-18 09:31:00,止盈,黄金ETF,518880.XSHG,3.612,1100.0,15700,86.5,4.0,2021-03-18,2021-03,"黄金ETF
518880.XSHG"
2021-03-18 10:06:00,止盈,医药ETF,512010.XSHG,2.804,1400.0,26900,76.61,9.0,2021-03-18,2021-03,"医药ETF
512010.XSHG"
2021-03-18 10:54:00,止盈,中概互联,513050.XSHG,2.218,2000.0,28800,89.56,4.0,2021-03-18,2021-03,"中概互联
513050.XSHG"
2021-03-19 09:31:00,加仓,纳指ETF,513100.XSHG,4.272,1000.0,14000,,4.0,2021-03-19,2021-03,"纳指ETF
513100.XSHG"
2021-03-19 09:31:00,加仓,医药ETF,512010.XSHG,2.746,1400.0,28300,,10.0,2021-03-19,2021-03,"医药ETF
512010.XSHG"
2021-03-19 09:32:00,加仓,中概互联,513050.XSHG,2.172,2000.0,30800,,5.0,2021-03-19,2021-03,"中概互联
513050.XSHG"
2021-03-23 11:21:00,加仓,中概互联,513050.XSHG,2.128,2000.0,32800,,6.0,2021-03-23,2021-03,"中概互联
513050.XSHG"
2021-03-24 09:38:00,止盈,纳指ETF,513100.XSHG,4.358,1000.0,13000,85.56,3.0,2021-03-24,2021-03,"纳指ETF
513100.XSHG"
2021-03-25 09:31:00,加仓,中概互联,513050.XSHG,2.01,2000.0,34800,,7.0,2021-03-25,2021-03,"中概互联
513050.XSHG"
2021-03-26 09:33:00,止盈,医药ETF,512010.XSHG,2.801,1400.0,26900,76.61,9.0,2021-03-26,2021-03,"医药ETF
512010.XSHG"
2021-03-26 11:12:00,止盈,医药ETF,512010.XSHG,2.86,1400.0,25500,82.2,8.0,2021-03-26,2021-03,"医药ETF
512010.XSHG"
2021-03-26 13:41:00,止盈,中概互联,513050.XSHG,2.051,2000.0,32800,81.59,6.0,2021-03-26,2021-03,"中概互联
513050.XSHG"
2021-03-29 09:38:00,加仓,中概互联,513050.XSHG,2.008,2000.0,34800,,7.0,2021-03-29,2021-03,"中概互联
513050.XSHG"
2021-03-30 10:18:00,止盈,医药ETF,512010.XSHG,2.918,1400.0,24100,80.79,7.0,2021-03-30,2021-03,"医药ETF
512010.XSHG"
2021-03-30 13:39:00,加仓,黄金ETF,518880.XSHG,3.539,1100.0,16800,,5.0,2021-03-30,2021-03,"黄金ETF
518880.XSHG"
2021-03-31 09:32:00,止盈,中概互联,513050.XSHG,2.05,2000.0,32800,83.59,6.0,2021-03-31,2021-03,"中概互联
513050.XSHG"
2021-03-31 10:36:00,加仓,医药ETF,512010.XSHG,2.859,1400.0,25500,,8.0,2021-03-31,2021-03,"医药ETF
512010.XSHG"
2021-04-01 10:11:00,止盈,医药ETF,512010.XSHG,2.919,1400.0,24100,83.59,7.0,2021-04-01,2021-04,"医药ETF
512010.XSHG"
2021-04-01 13:02:00,止盈,中概互联,513050.XSHG,2.094,2000.0,30800,87.58,5.0,2021-04-01,2021-04,"中概互联
513050.XSHG"
2021-04-02 09:31:00,止盈,纳指ETF,513100.XSHG,4.487,1000.0,12000,128.55,2.0,2021-04-02,2021-04,"纳指ETF
513100.XSHG"
2021-04-02 09:46:00,止盈,医药ETF,512010.XSHG,2.978,1400.0,22700,82.18,6.0,2021-04-02,2021-04,"医药ETF
512010.XSHG"
2021-04-02 10:33:00,止盈,黄金ETF,518880.XSHG,3.61,1100.0,15700,77.7,4.0,2021-04-02,2021-04,"黄金ETF
518880.XSHG"
2021-04-02 10:55:00,止盈,500ETF,510500.XSHG,7.024,700.0,5300,97.51,-3.0,2021-04-02,2021-04,"500ETF
510500.XSHG"
2021-04-06 09:57:00,加仓,医药ETF,512010.XSHG,2.915,1400.0,24100,,7.0,2021-04-06,2021-04,"医药ETF
512010.XSHG"
2021-04-07 09:32:00,止盈,中概互联,513050.XSHG,2.137,2000.0,28800,85.57,4.0,2021-04-07,2021-04,"中概互联
513050.XSHG"
2021-04-07 10:48:00,加仓,中概互联,513050.XSHG,2.094,2000.0,30800,,5.0,2021-04-07,2021-04,"中概互联
513050.XSHG"
2021-04-08 09:31:00,加仓,中概互联,513050.XSHG,2.052,2000.0,32800,,6.0,2021-04-08,2021-04,"中概互联
513050.XSHG"
2021-04-08 10:31:00,止盈,纳指ETF,513100.XSHG,4.578,1000.0,11000,90.54,1.0,2021-04-08,2021-04,"纳指ETF
513100.XSHG"
2021-04-09 09:31:00,止盈,中概互联,513050.XSHG,2.095,2000.0,30800,85.58,5.0,2021-04-09,2021-04,"中概互联
513050.XSHG"
2021-04-09 13:45:00,加仓,中概互联,513050.XSHG,2.053,2000.0,32800,,6.0,2021-04-09,2021-04,"中概互联
513050.XSHG"
2021-04-12 10:33:00,加仓,医药ETF,512010.XSHG,2.856,1400.0,25500,,8.0,2021-04-12,2021-04,"医药ETF
512010.XSHG"
2021-04-13 14:34:00,加仓,500ETF,510500.XSHG,6.882,700.0,6000,,-2.0,2021-04-13,2021-04,"500ETF
510500.XSHG"
2021-04-14 09:31:00,止盈,纳指ETF,513100.XSHG,4.672,1000.0,10000,93.53,0.0,2021-04-14,2021-04,"纳指ETF
513100.XSHG"
2021-04-15 11:18:00,加仓,医药ETF,512010.XSHG,2.795,1400.0,26900,,9.0,2021-04-15,2021-04,"医药ETF
512010.XSHG"
2021-04-16 13:05:00,止盈,500ETF,510500.XSHG,7.022,700.0,5300,97.51,-3.0,2021-04-16,2021-04,"500ETF
510500.XSHG"
2021-04-19 10:07:00,止盈,医药ETF,512010.XSHG,2.854,1400.0,25500,82.2,8.0,2021-04-19,2021-04,"医药ETF
512010.XSHG"
2021-04-20 10:39:00,止盈,医药ETF,512010.XSHG,2.913,1400.0,24100,82.19,7.0,2021-04-20,2021-04,"医药ETF
512010.XSHG"
2021-04-20 11:11:00,止盈,500ETF,510500.XSHG,7.163,700.0,4600,98.2,-4.0,2021-04-20,2021-04,"500ETF
510500.XSHG"
2021-04-21 09:31:00,加仓,纳指ETF,513100.XSHG,4.576,1000.0,11000,,1.0,2021-04-21,2021-04,"纳指ETF
513100.XSHG"
2021-04-21 09:31:00,加仓,中概互联,513050.XSHG,2.008,2000.0,34800,,7.0,2021-04-21,2021-04,"中概互联
513050.XSHG"
2021-04-22 09:31:00,止盈,黄金ETF,518880.XSHG,3.686,1100.0,14600,83.19,3.0,2021-04-22,2021-04,"黄金ETF
518880.XSHG"
2021-04-22 10:50:00,止盈,医药ETF,512010.XSHG,2.973,1400.0,22700,83.58,6.0,2021-04-22,2021-04,"医药ETF
512010.XSHG"
2021-04-23 10:30:00,止盈,医药ETF,512010.XSHG,3.036,1400.0,21300,87.77,5.0,2021-04-23,2021-04,"医药ETF
512010.XSHG"
2021-04-23 10:39:00,止盈,中概互联,513050.XSHG,2.049,2000.0,32800,81.59,6.0,2021-04-23,2021-04,"中概互联
513050.XSHG"
2021-04-26 10:00:00,止盈,医药ETF,512010.XSHG,3.097,1400.0,19900,84.97,4.0,2021-04-26,2021-04,"医药ETF
512010.XSHG"
2021-04-26 13:52:00,加仓,医药ETF,512010.XSHG,3.035,1400.0,21300,,5.0,2021-04-26,2021-04,"医药ETF
512010.XSHG"
2021-04-27 14:56:00,止盈,医药ETF,512010.XSHG,3.096,1400.0,19900,84.97,4.0,2021-04-27,2021-04,"医药ETF
512010.XSHG"
2021-04-28 10:30:00,止盈,中概互联,513050.XSHG,2.09,2000.0,30800,81.58,5.0,2021-04-28,2021-04,"中概互联
513050.XSHG"
2021-04-28 14:48:00,止盈,医药ETF,512010.XSHG,3.158,1400.0,18500,86.36,3.0,2021-04-28,2021-04,"医药ETF
512010.XSHG"
2021-04-30 09:35:00,加仓,中概互联,513050.XSHG,2.047,2000.0,32800,,6.0,2021-04-30,2021-04,"中概互联
513050.XSHG"
2021-04-30 11:06:00,加仓,黄金ETF,518880.XSHG,3.612,1100.0,15700,,4.0,2021-04-30,2021-04,"黄金ETF
518880.XSHG"
2021-04-30 11:29:00,止盈,医药ETF,512010.XSHG,3.223,1400.0,17100,90.55,2.0,2021-04-30,2021-04,"医药ETF
512010.XSHG"
2021-05-06 09:31:00,加仓,医药ETF,512010.XSHG,3.14,1400.0,18500,,3.0,2021-05-06,2021-05,"医药ETF
512010.XSHG"
2021-05-06 09:31:00,加仓,中概互联,513050.XSHG,2.002,2000.0,34800,,7.0,2021-05-06,2021-05,"中概互联
513050.XSHG"
2021-05-06 09:45:00,加仓,医药ETF,512010.XSHG,3.068,1400.0,19900,,4.0,2021-05-06,2021-05,"医药ETF
512010.XSHG"
2021-05-07 09:31:00,止盈,黄金ETF,518880.XSHG,3.713,1100.0,14600,110.69,3.0,2021-05-07,2021-05,"黄金ETF
518880.XSHG"
2021-05-07 13:06:00,加仓,中概互联,513050.XSHG,1.961,2000.0,36800,,8.0,2021-05-07,2021-05,"中概互联
513050.XSHG"
2021-05-07 13:54:00,加仓,医药ETF,512010.XSHG,3.006,1400.0,21300,,5.0,2021-05-07,2021-05,"医药ETF
512010.XSHG"
2021-05-10 09:47:00,止盈,医药ETF,512010.XSHG,3.068,1400.0,19900,86.37,4.0,2021-05-10,2021-05,"医药ETF
512010.XSHG"
2021-05-10 11:04:00,加仓,中概互联,513050.XSHG,1.921,2000.0,38800,,9.0,2021-05-10,2021-05,"中概互联
513050.XSHG"
2021-05-11 09:31:00,加仓,纳指ETF,513100.XSHG,4.404,1000.0,12000,,2.0,2021-05-11,2021-05,"纳指ETF
513100.XSHG"
2021-05-11 09:31:00,加仓,中概互联,513050.XSHG,1.858,2000.0,40800,,10.0,2021-05-11,2021-05,"中概互联
513050.XSHG"
2021-05-11 09:44:00,加仓,医药ETF,512010.XSHG,3.005,1400.0,21300,,5.0,2021-05-11,2021-05,"医药ETF
512010.XSHG"
2021-05-11 13:07:00,止盈,医药ETF,512010.XSHG,3.07,1400.0,19900,90.57,4.0,2021-05-11,2021-05,"医药ETF
512010.XSHG"
2021-05-12 10:17:00,止盈,中概互联,513050.XSHG,1.896,2000.0,38800,75.62,9.0,2021-05-12,2021-05,"中概互联
513050.XSHG"
2021-05-12 14:04:00,止盈,医药ETF,512010.XSHG,3.133,1400.0,18500,87.76,3.0,2021-05-12,2021-05,"医药ETF
512010.XSHG"
2021-05-14 09:31:00,加仓,中概互联,513050.XSHG,1.836,2000.0,40800,,10.0,2021-05-14,2021-05,"中概互联
513050.XSHG"
2021-05-14 09:58:00,止盈,医药ETF,512010.XSHG,3.196,1400.0,17100,87.75,2.0,2021-05-14,2021-05,"医药ETF
512010.XSHG"
2021-05-14 10:57:00,止盈,医药ETF,512010.XSHG,3.261,1400.0,15700,90.54,1.0,2021-05-14,2021-05,"医药ETF
512010.XSHG"
2021-05-17 09:40:00,止盈,500ETF,510500.XSHG,7.312,700.0,3900,103.79,-5.0,2021-05-17,2021-05,"500ETF
510500.XSHG"
2021-05-17 09:51:00,止盈,医药ETF,512010.XSHG,3.332,1400.0,14300,98.93,0.0,2021-05-17,2021-05,"医药ETF
512010.XSHG"
2021-05-18 09:31:00,止盈,黄金ETF,518880.XSHG,3.808,1100.0,13500,104.08,2.0,2021-05-18,2021-05,"黄金ETF
518880.XSHG"
2021-05-18 09:32:00,止盈,中概互联,513050.XSHG,1.874,2000.0,38800,75.63,9.0,2021-05-18,2021-05,"中概互联
513050.XSHG"
2021-05-18 09:53:00,加仓,医药ETF,512010.XSHG,3.262,1400.0,15700,,1.0,2021-05-18,2021-05,"医药ETF
512010.XSHG"
2021-05-21 09:31:00,止盈,中概互联,513050.XSHG,1.926,2000.0,36800,103.61,8.0,2021-05-21,2021-05,"中概互联
513050.XSHG"
2021-05-24 09:32:00,加仓,医药ETF,512010.XSHG,3.192,1400.0,17100,,2.0,2021-05-24,2021-05,"医药ETF
512010.XSHG"
2021-05-24 09:32:00,加仓,中概互联,513050.XSHG,1.887,2000.0,38800,,9.0,2021-05-24,2021-05,"中概互联
513050.XSHG"
2021-05-24 10:09:00,加仓,医药ETF,512010.XSHG,3.126,1400.0,18500,,3.0,2021-05-24,2021-05,"医药ETF
512010.XSHG"
2021-05-24 13:07:00,止盈,医药ETF,512010.XSHG,3.19,1400.0,17100,89.15,2.0,2021-05-24,2021-05,"医药ETF
512010.XSHG"
2021-05-25 09:31:00,止盈,纳指ETF,513100.XSHG,4.499,1000.0,11000,94.55,1.0,2021-05-25,2021-05,"纳指ETF
513100.XSHG"
2021-05-25 10:06:00,止盈,医药ETF,512010.XSHG,3.255,1400.0,15700,90.54,1.0,2021-05-25,2021-05,"医药ETF
512010.XSHG"
2021-05-25 10:15:00,止盈,中概互联,513050.XSHG,1.926,2000.0,36800,77.61,8.0,2021-05-25,2021-05,"中概互联
513050.XSHG"
2021-05-26 09:44:00,止盈,中概互联,513050.XSHG,1.966,2000.0,34800,79.61,7.0,2021-05-26,2021-05,"中概互联
513050.XSHG"
2021-05-28 09:47:00,止盈,500ETF,510500.XSHG,7.459,700.0,3200,102.38,-6.0,2021-05-28,2021-05,"500ETF
510500.XSHG"
2021-06-01 09:46:00,止盈,医药ETF,512010.XSHG,3.327,1400.0,14300,100.33,0.0,2021-06-01,2021-06,"医药ETF
512010.XSHG"
2021-06-01 10:09:00,止盈,中概互联,513050.XSHG,2.006,2000.0,32800,79.6,6.0,2021-06-01,2021-06,"中概互联
513050.XSHG"
2021-06-01 14:42:00,止盈,中概互联,513050.XSHG,2.047,2000.0,30800,81.59,5.0,2021-06-01,2021-06,"中概互联
513050.XSHG"
2021-06-03 09:32:00,加仓,中概互联,513050.XSHG,1.988,2000.0,32800,,6.0,2021-06-03,2021-06,"中概互联
513050.XSHG"
2021-06-03 09:40:00,加仓,医药ETF,512010.XSHG,3.258,1400.0,15700,,1.0,2021-06-03,2021-06,"医药ETF
512010.XSHG"
2021-06-04 09:31:00,加仓,黄金ETF,518880.XSHG,3.7,1100.0,14600,,3.0,2021-06-04,2021-06,"黄金ETF
518880.XSHG"
2021-06-04 09:31:00,加仓,中概互联,513050.XSHG,1.92,2000.0,34800,,7.0,2021-06-04,2021-06,"中概互联
513050.XSHG"
2021-06-08 09:31:00,止盈,黄金ETF,518880.XSHG,3.798,1100.0,13500,107.38,2.0,2021-06-08,2021-06,"黄金ETF
518880.XSHG"
2021-06-08 13:26:00,加仓,中概互联,513050.XSHG,1.881,2000.0,36800,,8.0,2021-06-08,2021-06,"中概互联
513050.XSHG"
2021-06-15 09:31:00,止盈,纳指ETF,513100.XSHG,4.613,1000.0,10000,113.54,0.0,2021-06-15,2021-06,"纳指ETF
513100.XSHG"
2021-06-15 09:31:00,加仓,黄金ETF,518880.XSHG,3.719,1100.0,14600,,3.0,2021-06-15,2021-06,"黄金ETF
518880.XSHG"
2021-06-16 10:12:00,加仓,医药ETF,512010.XSHG,3.19,1400.0,17100,,2.0,2021-06-16,2021-06,"医药ETF
512010.XSHG"
2021-06-16 14:02:00,加仓,500ETF,510500.XSHG,7.309,700.0,3900,,-5.0,2021-06-16,2021-06,"500ETF
510500.XSHG"
2021-06-16 14:41:00,加仓,医药ETF,512010.XSHG,3.125,1400.0,18500,,3.0,2021-06-16,2021-06,"医药ETF
512010.XSHG"
2021-06-17 09:33:00,加仓,中概互联,513050.XSHG,1.841,2000.0,38800,,9.0,2021-06-17,2021-06,"中概互联
513050.XSHG"
2021-06-18 09:31:00,加仓,黄金ETF,518880.XSHG,3.626,1100.0,15700,,4.0,2021-06-18,2021-06,"黄金ETF
518880.XSHG"
2021-06-18 09:40:00,止盈,中概互联,513050.XSHG,1.878,2000.0,36800,73.62,8.0,2021-06-18,2021-06,"中概互联
513050.XSHG"
2021-06-18 10:09:00,止盈,医药ETF,512010.XSHG,3.188,1400.0,17100,87.75,2.0,2021-06-18,2021-06,"医药ETF
512010.XSHG"
2021-06-18 14:19:00,止盈,500ETF,510500.XSHG,7.458,700.0,3200,103.78,-6.0,2021-06-18,2021-06,"500ETF
510500.XSHG"
2021-06-22 13:26:00,止盈,医药ETF,512010.XSHG,3.252,1400.0,15700,89.14,1.0,2021-06-22,2021-06,"医药ETF
512010.XSHG"
2021-06-22 13:30:00,加仓,中概互联,513050.XSHG,1.84,2000.0,38800,,9.0,2021-06-22,2021-06,"中概互联
513050.XSHG"
2021-06-23 09:31:00,止盈,纳指ETF,513100.XSHG,4.729,1000.0,9000,115.53,-1.0,2021-06-23,2021-06,"纳指ETF
513100.XSHG"
2021-06-24 09:31:00,止盈,中概互联,513050.XSHG,1.878,2000.0,36800,75.62,8.0,2021-06-24,2021-06,"中概互联
513050.XSHG"
2021-06-24 10:52:00,加仓,医药ETF,512010.XSHG,3.186,1400.0,17100,,2.0,2021-06-24,2021-06,"医药ETF
512010.XSHG"
2021-06-25 10:56:00,止盈,中概互联,513050.XSHG,1.916,2000.0,34800,75.62,7.0,2021-06-25,2021-06,"中概互联
513050.XSHG"
2021-06-25 13:34:00,止盈,500ETF,510500.XSHG,7.608,700.0,2500,104.47,-7.0,2021-06-25,2021-06,"500ETF
510500.XSHG"
2021-06-28 09:31:00,加仓,医药ETF,512010.XSHG,0.822,1400.0,69800,,3.0,2021-06-28,2021-06,"医药ETF
512010.XSHG"
2021-06-28 09:31:00,止盈,中概互联,513050.XSHG,1.96,2000.0,32800,87.61,6.0,2021-06-28,2021-06,"中概互联
513050.XSHG"
2021-06-29 13:09:00,加仓,中概互联,513050.XSHG,1.92,2000.0,34800,,7.0,2021-06-29,2021-06,"中概互联
513050.XSHG"
2021-06-30 09:32:00,止盈,纳指ETF,513100.XSHG,4.825,1000.0,8000,95.52,-2.0,2021-06-30,2021-06,"纳指ETF
513100.XSHG"
2021-07-01 09:37:00,止盈,医药ETF,512010.XSHG,0.839,1400.0,68400,23.68,2.0,2021-07-01,2021-07,"医药ETF
512010.XSHG"
2021-07-02 10:01:00,加仓,医药ETF,512010.XSHG,0.822,1400.0,69800,,3.0,2021-07-02,2021-07,"医药ETF
512010.XSHG"
2021-07-02 10:18:00,加仓,中概互联,513050.XSHG,1.881,2000.0,36800,,8.0,2021-07-02,2021-07,"中概互联
513050.XSHG"
2021-07-02 11:03:00,加仓,500ETF,510500.XSHG,7.451,700.0,3200,,-6.0,2021-07-02,2021-07,"500ETF
510500.XSHG"
2021-07-05 09:31:00,加仓,医药ETF,512010.XSHG,0.801,1400.0,71200,,4.0,2021-07-05,2021-07,"医药ETF
512010.XSHG"
2021-07-05 09:32:00,加仓,中概互联,513050.XSHG,1.836,2000.0,38800,,9.0,2021-07-05,2021-07,"中概互联
513050.XSHG"
2021-07-06 09:41:00,加仓,中概互联,513050.XSHG,1.799,2000.0,40800,,10.0,2021-07-06,2021-07,"中概互联
513050.XSHG"
2021-07-06 09:45:00,加仓,医药ETF,512010.XSHG,0.784,1400.0,72600,,5.0,2021-07-06,2021-07,"医药ETF
512010.XSHG"
2021-07-06 10:41:00,加仓,医药ETF,512010.XSHG,0.768,1400.0,74000,,6.0,2021-07-06,2021-07,"医药ETF
512010.XSHG"
2021-07-07 09:58:00,止盈,医药ETF,512010.XSHG,0.784,1400.0,72600,22.29,5.0,2021-07-07,2021-07,"医药ETF
512010.XSHG"
2021-07-07 14:13:00,止盈,纳指ETF,513100.XSHG,4.922,1000.0,7000,96.51,-3.0,2021-07-07,2021-07,"纳指ETF
513100.XSHG"
2021-07-09 09:42:00,加仓,医药ETF,512010.XSHG,0.767,1400.0,74000,,6.0,2021-07-09,2021-07,"医药ETF
512010.XSHG"
2021-07-09 13:50:00,止盈,500ETF,510500.XSHG,7.601,700.0,2500,104.47,-7.0,2021-07-09,2021-07,"500ETF
510500.XSHG"
2021-07-12 10:01:00,止盈,医药ETF,512010.XSHG,0.783,1400.0,72600,22.29,5.0,2021-07-12,2021-07,"医药ETF
512010.XSHG"
2021-07-12 10:54:00,止盈,医药ETF,512010.XSHG,0.799,1400.0,71200,22.29,4.0,2021-07-12,2021-07,"医药ETF
512010.XSHG"
2021-07-13 10:16:00,止盈,500ETF,510500.XSHG,7.755,700.0,1800,107.26,-8.0,2021-07-13,2021-07,"500ETF
510500.XSHG"
2021-07-14 11:13:00,止盈,黄金ETF,518880.XSHG,3.699,1100.0,14600,79.89,3.0,2021-07-14,2021-07,"黄金ETF
518880.XSHG"
2021-07-19 09:50:00,止盈,医药ETF,512010.XSHG,0.815,1400.0,69800,22.29,3.0,2021-07-19,2021-07,"医药ETF
512010.XSHG"
2021-07-21 10:01:00,止盈,医药ETF,512010.XSHG,0.832,1400.0,68400,23.68,2.0,2021-07-21,2021-07,"医药ETF
512010.XSHG"
2021-07-22 10:20:00,加仓,医药ETF,512010.XSHG,0.815,1400.0,69800,,3.0,2021-07-22,2021-07,"医药ETF
512010.XSHG"
2021-07-23 09:40:00,加仓,医药ETF,512010.XSHG,0.798,1400.0,71200,,4.0,2021-07-23,2021-07,"医药ETF
512010.XSHG"
2021-07-23 10:06:00,破顶,500ETF,510500.XSHG,7.911,,6300,,,2021-07-23,2021-07,"500ETF
510500.XSHG"
2021-07-23 10:24:00,加仓,医药ETF,512010.XSHG,0.782,1400.0,72600,,5.0,2021-07-23,2021-07,"医药ETF
512010.XSHG"
2021-07-26 09:32:00,加仓,医药ETF,512010.XSHG,0.766,1400.0,74000,,6.0,2021-07-26,2021-07,"医药ETF
512010.XSHG"
2021-07-26 09:35:00,止盈,纳指ETF,513100.XSHG,5.023,1000.0,6000,100.5,-4.0,2021-07-26,2021-07,"纳指ETF
513100.XSHG"
2021-07-26 10:01:00,加仓,医药ETF,512010.XSHG,0.75,1400.0,75400,,7.0,2021-07-26,2021-07,"医药ETF
512010.XSHG"
2021-07-26 11:08:00,加仓,500ETF,510500.XSHG,7.749,600.0,6900,,1.0,2021-07-26,2021-07,"500ETF
510500.XSHG"
2021-07-26 13:07:00,加仓,医药ETF,512010.XSHG,0.735,1400.0,76800,,8.0,2021-07-26,2021-07,"医药ETF
512010.XSHG"
2021-07-27 14:33:00,加仓,医药ETF,512010.XSHG,0.72,1400.0,78200,,9.0,2021-07-27,2021-07,"医药ETF
512010.XSHG"
2021-07-27 14:37:00,加仓,500ETF,510500.XSHG,7.577,600.0,7500,,2.0,2021-07-27,2021-07,"500ETF
510500.XSHG"
2021-07-28 09:42:00,加仓,医药ETF,512010.XSHG,0.704,1400.0,79600,,10.0,2021-07-28,2021-07,"医药ETF
512010.XSHG"
2021-07-28 09:43:00,加仓,500ETF,510500.XSHG,7.395,600.0,8100,,3.0,2021-07-28,2021-07,"500ETF
510500.XSHG"
2021-07-28 10:32:00,止盈,医药ETF,512010.XSHG,0.719,1400.0,78200,20.9,9.0,2021-07-28,2021-07,"医药ETF
512010.XSHG"
2021-07-29 09:31:00,止盈,医药ETF,512010.XSHG,0.742,1400.0,76800,32.1,8.0,2021-07-29,2021-07,"医药ETF
512010.XSHG"
2021-07-29 09:37:00,止盈,500ETF,510500.XSHG,7.544,600.0,7500,88.95,2.0,2021-07-29,2021-07,"500ETF
510500.XSHG"
2021-07-30 09:41:00,加仓,医药ETF,512010.XSHG,0.727,1400.0,78200,,9.0,2021-07-30,2021-07,"医药ETF
512010.XSHG"
2021-07-30 13:37:00,止盈,医药ETF,512010.XSHG,0.742,1400.0,76800,20.9,8.0,2021-07-30,2021-07,"医药ETF
512010.XSHG"
2021-07-30 14:39:00,加仓,纳指ETF,513100.XSHG,4.922,1000.0,7000,,-3.0,2021-07-30,2021-07,"纳指ETF
513100.XSHG"
2021-08-02 09:38:00,加仓,医药ETF,512010.XSHG,0.726,1400.0,78200,,9.0,2021-08-02,2021-08,"医药ETF
512010.XSHG"
2021-08-02 10:50:00,止盈,医药ETF,512010.XSHG,0.743,1400.0,76800,23.7,8.0,2021-08-02,2021-08,"医药ETF
512010.XSHG"
2021-08-02 14:12:00,止盈,500ETF,510500.XSHG,7.695,600.0,6900,90.14,1.0,2021-08-02,2021-08,"500ETF
510500.XSHG"
2021-08-03 10:02:00,止盈,医药ETF,512010.XSHG,0.758,1400.0,75400,20.89,7.0,2021-08-03,2021-08,"医药ETF
512010.XSHG"
2021-08-03 10:36:00,止盈,医药ETF,512010.XSHG,0.775,1400.0,74000,23.69,6.0,2021-08-03,2021-08,"医药ETF
512010.XSHG"
2021-08-06 09:31:00,止盈,纳指ETF,513100.XSHG,5.036,1000.0,6000,113.5,-4.0,2021-08-06,2021-08,"纳指ETF
513100.XSHG"
2021-08-06 09:32:00,加仓,医药ETF,512010.XSHG,0.758,1400.0,75400,,7.0,2021-08-06,2021-08,"医药ETF
512010.XSHG"
2021-08-06 11:18:00,加仓,医药ETF,512010.XSHG,0.742,1400.0,76800,,8.0,2021-08-06,2021-08,"医药ETF
512010.XSHG"
2021-08-09 09:31:00,加仓,黄金ETF,518880.XSHG,3.555,1100.0,15700,,4.0,2021-08-09,2021-08,"黄金ETF
518880.XSHG"
2021-08-10 09:51:00,止盈,500ETF,510500.XSHG,7.853,600.0,6300,94.33,0.0,2021-08-10,2021-08,"500ETF
510500.XSHG"
2021-08-10 14:48:00,止盈,医药ETF,512010.XSHG,0.757,1400.0,75400,20.89,7.0,2021-08-10,2021-08,"医药ETF
512010.XSHG"
2021-08-11 14:04:00,加仓,医药ETF,512010.XSHG,0.741,1400.0,76800,,8.0,2021-08-11,2021-08,"医药ETF
512010.XSHG"
2021-08-13 10:56:00,加仓,医药ETF,512010.XSHG,0.726,1400.0,78200,,9.0,2021-08-13,2021-08,"医药ETF
512010.XSHG"
2021-08-16 09:31:00,止盈,黄金ETF,518880.XSHG,3.636,1100.0,14600,88.7,3.0,2021-08-16,2021-08,"黄金ETF
518880.XSHG"
2021-08-17 13:01:00,加仓,医药ETF,512010.XSHG,0.711,1400.0,79600,,10.0,2021-08-17,2021-08,"医药ETF
512010.XSHG"
2021-08-19 14:25:00,加仓,纳指ETF,513100.XSHG,4.935,1000.0,7000,,-3.0,2021-08-19,2021-08,"纳指ETF
513100.XSHG"
2021-08-23 10:02:00,止盈,纳指ETF,513100.XSHG,5.034,1000.0,6000,98.5,-4.0,2021-08-23,2021-08,"纳指ETF
513100.XSHG"
2021-08-25 14:13:00,止盈,500ETF,510500.XSHG,8.012,600.0,5700,94.92,-1.0,2021-08-25,2021-08,"500ETF
510500.XSHG"
2021-08-30 09:31:00,止盈,纳指ETF,513100.XSHG,5.15,1000.0,5000,115.48,-5.0,2021-08-30,2021-08,"纳指ETF
513100.XSHG"
2021-09-02 10:48:00,止盈,500ETF,510500.XSHG,8.178,600.0,5100,99.11,-2.0,2021-09-02,2021-09,"500ETF
510500.XSHG"
2021-09-06 09:31:00,止盈,黄金ETF,518880.XSHG,3.711,1100.0,13500,82.09,2.0,2021-09-06,2021-09,"黄金ETF
518880.XSHG"
2021-09-07 10:39:00,止盈,500ETF,510500.XSHG,8.351,600.0,4500,103.3,-3.0,2021-09-07,2021-09,"500ETF
510500.XSHG"
2021-09-09 09:31:00,加仓,黄金ETF,518880.XSHG,3.636,1100.0,14600,,3.0,2021-09-09,2021-09,"黄金ETF
518880.XSHG"
2021-09-09 10:18:00,止盈,500ETF,510500.XSHG,8.523,600.0,3900,102.69,-4.0,2021-09-09,2021-09,"500ETF
510500.XSHG"
2021-09-17 09:31:00,加仓,500ETF,510500.XSHG,8.344,600.0,4500,,-3.0,2021-09-17,2021-09,"500ETF
510500.XSHG"
2021-09-22 09:31:00,加仓,纳指ETF,513100.XSHG,4.996,1000.0,6000,,-4.0,2021-09-22,2021-09,"纳指ETF
513100.XSHG"
2021-09-27 10:13:00,加仓,500ETF,510500.XSHG,8.177,600.0,5100,,-2.0,2021-09-27,2021-09,"500ETF
510500.XSHG"
2021-09-27 14:13:00,止盈,纳指ETF,513100.XSHG,5.096,1000.0,5000,99.49,-5.0,2021-09-27,2021-09,"纳指ETF
513100.XSHG"
2021-09-28 14:51:00,加仓,黄金ETF,518880.XSHG,3.563,1100.0,15700,,4.0,2021-09-28,2021-09,"黄金ETF
518880.XSHG"
2021-09-29 09:31:00,加仓,纳指ETF,513100.XSHG,4.899,1000.0,6000,,-4.0,2021-09-29,2021-09,"纳指ETF
513100.XSHG"
2021-09-29 09:32:00,加仓,500ETF,510500.XSHG,8.013,600.0,5700,,-1.0,2021-09-29,2021-09,"500ETF
510500.XSHG"
2021-10-12 11:11:00,加仓,500ETF,510500.XSHG,7.852,600.0,6300,,0.0,2021-10-12,2021-10,"500ETF
510500.XSHG"
2021-10-14 09:31:00,止盈,黄金ETF,518880.XSHG,3.636,1100.0,14600,79.9,3.0,2021-10-14,2021-10,"黄金ETF
518880.XSHG"
2021-10-15 14:02:00,止盈,纳指ETF,513100.XSHG,4.997,1000.0,5000,97.5,-5.0,2021-10-15,2021-10,"纳指ETF
513100.XSHG"
2021-10-20 11:21:00,止盈,500ETF,510500.XSHG,8.011,600.0,5700,94.92,-1.0,2021-10-20,2021-10,"500ETF
510500.XSHG"
2021-10-26 13:20:00,止盈,纳指ETF,513100.XSHG,5.097,1000.0,4000,99.49,-6.0,2021-10-26,2021-10,"纳指ETF
513100.XSHG"
2021-10-28 10:08:00,加仓,500ETF,510500.XSHG,7.846,600.0,6300,,0.0,2021-10-28,2021-10,"500ETF
510500.XSHG"
2021-11-01 09:32:00,止盈,纳指ETF,513100.XSHG,5.208,1000.0,3000,110.48,-7.0,2021-11-01,2021-11,"纳指ETF
513100.XSHG"
2021-11-04 10:46:00,止盈,纳指ETF,513100.XSHG,5.314,1000.0,2000,105.47,-8.0,2021-11-04,2021-11,"纳指ETF
513100.XSHG"
2021-11-11 09:31:00,止盈,黄金ETF,518880.XSHG,3.716,1100.0,13500,87.59,2.0,2021-11-11,2021-11,"黄金ETF
518880.XSHG"
2021-11-12 09:35:00,止盈,500ETF,510500.XSHG,8.006,600.0,5700,95.52,-1.0,2021-11-12,2021-11,"500ETF
510500.XSHG"
2021-11-19 10:30:00,破顶,纳指ETF,513100.XSHG,5.421,,9200,,,2021-11-19,2021-11,"纳指ETF
513100.XSHG"
2021-11-23 09:32:00,加仓,黄金ETF,518880.XSHG,3.639,1100.0,14600,,3.0,2021-11-23,2021-11,"黄金ETF
518880.XSHG"
2021-11-23 10:41:00,止盈,500ETF,510500.XSHG,8.168,600.0,5100,96.71,-2.0,2021-11-23,2021-11,"500ETF
510500.XSHG"
2021-11-29 09:31:00,加仓,纳指ETF,513100.XSHG,5.29,900.0,10100,,1.0,2021-11-29,2021-11,"纳指ETF
513100.XSHG"
2021-12-01 09:32:00,加仓,黄金ETF,518880.XSHG,3.566,1100.0,15700,,4.0,2021-12-01,2021-12,"黄金ETF
518880.XSHG"
2021-12-06 09:31:00,加仓,纳指ETF,513100.XSHG,5.141,900.0,11000,,2.0,2021-12-06,2021-12,"纳指ETF
513100.XSHG"
2021-12-08 09:31:00,止盈,纳指ETF,513100.XSHG,5.346,900.0,10100,184.02,1.0,2021-12-08,2021-12,"纳指ETF
513100.XSHG"
2021-12-15 09:31:00,加仓,纳指ETF,513100.XSHG,5.223,900.0,11000,,2.0,2021-12-15,2021-12,"纳指ETF
513100.XSHG"
2021-12-16 13:37:00,止盈,纳指ETF,513100.XSHG,5.328,900.0,10100,94.02,1.0,2021-12-16,2021-12,"纳指ETF
513100.XSHG"
2021-12-17 09:31:00,加仓,纳指ETF,513100.XSHG,5.217,900.0,11000,,2.0,2021-12-17,2021-12,"纳指ETF
513100.XSHG"
2021-12-20 13:54:00,加仓,纳指ETF,513100.XSHG,5.112,900.0,11900,,3.0,2021-12-20,2021-12,"纳指ETF
513100.XSHG"
2021-12-22 09:31:00,止盈,纳指ETF,513100.XSHG,5.215,900.0,11000,92.23,2.0,2021-12-22,2021-12,"纳指ETF
513100.XSHG"
2021-12-27 09:31:00,止盈,纳指ETF,513100.XSHG,5.326,900.0,10100,99.42,1.0,2021-12-27,2021-12,"纳指ETF
513100.XSHG"
2021-12-28 13:47:00,止盈,黄金ETF,518880.XSHG,3.638,1100.0,14600,78.8,3.0,2021-12-28,2021-12,"黄金ETF
518880.XSHG"
2022-01-06 09:31:00,加仓,纳指ETF,513100.XSHG,5.153,900.0,11000,,2.0,2022-01-06,2022-01,"纳指ETF
513100.XSHG"
2022-01-11 14:43:00,加仓,500ETF,510500.XSHG,8.004,600.0,5700,,-1.0,2022-01-11,2022-01,"500ETF
510500.XSHG"
2022-01-14 09:31:00,加仓,纳指ETF,513100.XSHG,1.01,900.0,55900,,3.0,2022-01-14,2022-01,"纳指ETF
513100.XSHG"
2022-01-19 10:48:00,加仓,纳指ETF,513100.XSHG,0.989,900.0,56800,,4.0,2022-01-19,2022-01,"纳指ETF
513100.XSHG"
2022-01-21 09:31:00,加仓,纳指ETF,513100.XSHG,0.964,900.0,57700,,5.0,2022-01-21,2022-01,"纳指ETF
513100.XSHG"
2022-01-21 13:26:00,加仓,500ETF,510500.XSHG,7.841,600.0,6300,,0.0,2022-01-21,2022-01,"500ETF
510500.XSHG"
2022-01-24 10:34:00,加仓,纳指ETF,513100.XSHG,0.944,900.0,58600,,6.0,2022-01-24,2022-01,"纳指ETF
513100.XSHG"
2022-01-25 13:03:00,加仓,纳指ETF,513100.XSHG,0.925,900.0,59500,,7.0,2022-01-25,2022-01,"纳指ETF
513100.XSHG"
2022-01-25 13:16:00,加仓,500ETF,510500.XSHG,7.682,600.0,6900,,1.0,2022-01-25,2022-01,"500ETF
510500.XSHG"
2022-01-27 10:10:00,加仓,500ETF,510500.XSHG,7.528,600.0,7500,,2.0,2022-01-27,2022-01,"500ETF
510500.XSHG"
2022-01-27 10:14:00,加仓,纳指ETF,513100.XSHG,0.906,900.0,60400,,8.0,2022-01-27,2022-01,"纳指ETF
513100.XSHG"
2022-01-28 10:03:00,加仓,500ETF,510500.XSHG,7.371,600.0,8100,,3.0,2022-01-28,2022-01,"500ETF
510500.XSHG"
2022-02-07 09:31:00,止盈,纳指ETF,513100.XSHG,0.949,900.0,59500,38.6,7.0,2022-02-07,2022-02,"纳指ETF
513100.XSHG"
2022-02-08 10:02:00,止盈,500ETF,510500.XSHG,7.522,600.0,7500,90.15,2.0,2022-02-08,2022-02,"500ETF
510500.XSHG"
2022-02-09 13:16:00,止盈,500ETF,510500.XSHG,7.674,600.0,6900,90.74,1.0,2022-02-09,2022-02,"500ETF
510500.XSHG"
2022-02-10 09:31:00,止盈,纳指ETF,513100.XSHG,0.979,900.0,58600,26.9,6.0,2022-02-10,2022-02,"纳指ETF
513100.XSHG"
2022-02-11 09:31:00,加仓,纳指ETF,513100.XSHG,0.958,900.0,59500,,7.0,2022-02-11,2022-02,"纳指ETF
513100.XSHG"
2022-02-14 09:31:00,加仓,纳指ETF,513100.XSHG,0.931,900.0,60400,,8.0,2022-02-14,2022-02,"纳指ETF
513100.XSHG"
2022-02-14 09:31:00,止盈,黄金ETF,518880.XSHG,3.714,1100.0,13500,83.19,2.0,2022-02-14,2022-02,"黄金ETF
518880.XSHG"
2022-02-14 14:21:00,加仓,500ETF,510500.XSHG,7.518,600.0,7500,,2.0,2022-02-14,2022-02,"500ETF
510500.XSHG"
2022-02-16 11:07:00,止盈,纳指ETF,513100.XSHG,0.95,900.0,59500,17.0,7.0,2022-02-16,2022-02,"纳指ETF
513100.XSHG"
2022-02-18 09:31:00,加仓,纳指ETF,513100.XSHG,0.92,900.0,60400,,8.0,2022-02-18,2022-02,"纳指ETF
513100.XSHG"
2022-02-18 13:07:00,止盈,500ETF,510500.XSHG,7.672,600.0,6900,91.94,1.0,2022-02-18,2022-02,"500ETF
510500.XSHG"
2022-02-22 09:31:00,止盈,黄金ETF,518880.XSHG,3.79,1100.0,12400,83.18,1.0,2022-02-22,2022-02,"黄金ETF
518880.XSHG"
2022-02-22 09:47:00,加仓,纳指ETF,513100.XSHG,0.901,900.0,61300,,9.0,2022-02-22,2022-02,"纳指ETF
513100.XSHG"
2022-02-24 09:31:00,加仓,纳指ETF,513100.XSHG,0.875,900.0,62200,,10.0,2022-02-24,2022-02,"纳指ETF
513100.XSHG"
2022-02-25 09:31:00,止盈,纳指ETF,513100.XSHG,0.895,900.0,61300,17.9,9.0,2022-02-25,2022-02,"纳指ETF
513100.XSHG"
2022-03-01 09:31:00,止盈,纳指ETF,513100.XSHG,0.914,900.0,60400,17.0,8.0,2022-03-01,2022-03,"纳指ETF
513100.XSHG"
2022-03-07 09:31:00,加仓,纳指ETF,513100.XSHG,0.88,900.0,61300,,9.0,2022-03-07,2022-03,"纳指ETF
513100.XSHG"
2022-03-07 09:31:00,止盈,黄金ETF,518880.XSHG,3.935,1100.0,11300,159.07,0.0,2022-03-07,2022-03,"黄金ETF
518880.XSHG"
2022-03-07 11:03:00,加仓,500ETF,510500.XSHG,7.512,600.0,7500,,2.0,2022-03-07,2022-03,"500ETF
510500.XSHG"
2022-03-08 10:03:00,加仓,纳指ETF,513100.XSHG,0.862,900.0,62200,,10.0,2022-03-08,2022-03,"纳指ETF
513100.XSHG"
2022-03-08 10:26:00,加仓,500ETF,510500.XSHG,7.361,600.0,8100,,3.0,2022-03-08,2022-03,"500ETF
510500.XSHG"
2022-03-08 11:23:00,加仓,500ETF,510500.XSHG,7.21,600.0,8700,,4.0,2022-03-08,2022-03,"500ETF
510500.XSHG"
2022-03-09 09:30:00,止盈,黄金ETF,518880.XSHG,4.015,1100.0,10200,87.56,-1.0,2022-03-09,2022-03,"黄金ETF
518880.XSHG"
2022-03-09 13:04:00,加仓,500ETF,510500.XSHG,7.062,600.0,9300,,5.0,2022-03-09,2022-03,"500ETF
510500.XSHG"
2022-03-09 13:45:00,加仓,500ETF,510500.XSHG,6.92,600.0,9900,,6.0,2022-03-09,2022-03,"500ETF
510500.XSHG"
2022-03-09 14:43:00,止盈,500ETF,510500.XSHG,7.059,600.0,9300,82.98,5.0,2022-03-09,2022-03,"500ETF
510500.XSHG"
2022-03-10 09:31:00,止盈,纳指ETF,513100.XSHG,0.885,900.0,61300,20.6,9.0,2022-03-10,2022-03,"纳指ETF
513100.XSHG"
2022-03-10 09:31:00,加仓,黄金ETF,518880.XSHG,3.895,1100.0,11300,,0.0,2022-03-10,2022-03,"黄金ETF
518880.XSHG"
2022-03-10 09:32:00,止盈,500ETF,510500.XSHG,7.21,600.0,8700,90.17,4.0,2022-03-10,2022-03,"500ETF
510500.XSHG"
2022-03-11 09:34:00,加仓,500ETF,510500.XSHG,7.052,600.0,9300,,5.0,2022-03-11,2022-03,"500ETF
510500.XSHG"
2022-03-11 13:55:00,止盈,500ETF,510500.XSHG,7.196,600.0,8700,85.97,4.0,2022-03-11,2022-03,"500ETF
510500.XSHG"
2022-03-14 09:32:00,加仓,纳指ETF,513100.XSHG,0.867,900.0,62200,,10.0,2022-03-14,2022-03,"纳指ETF
513100.XSHG"
2022-03-15 09:31:00,加仓,500ETF,510500.XSHG,7.002,600.0,9300,,5.0,2022-03-15,2022-03,"500ETF
510500.XSHG"
2022-03-15 13:46:00,加仓,500ETF,510500.XSHG,6.785,600.0,9900,,6.0,2022-03-15,2022-03,"500ETF
510500.XSHG"
2022-03-16 09:46:00,加仓,黄金ETF,518880.XSHG,3.817,1100.0,12400,,1.0,2022-03-16,2022-03,"黄金ETF
518880.XSHG"
2022-03-16 10:13:00,加仓,500ETF,510500.XSHG,6.649,600.0,10500,,7.0,2022-03-16,2022-03,"500ETF
510500.XSHG"
2022-03-16 13:20:00,止盈,500ETF,510500.XSHG,6.788,600.0,9900,82.99,6.0,2022-03-16,2022-03,"500ETF
510500.XSHG"
2022-03-16 14:18:00,止盈,500ETF,510500.XSHG,6.931,600.0,9300,85.38,5.0,2022-03-16,2022-03,"500ETF
510500.XSHG"
2022-03-17 09:31:00,止盈,纳指ETF,513100.XSHG,0.905,900.0,61300,34.1,9.0,2022-03-17,2022-03,"纳指ETF
513100.XSHG"
2022-03-17 10:22:00,止盈,500ETF,510500.XSHG,7.07,600.0,8700,82.98,4.0,2022-03-17,2022-03,"500ETF
510500.XSHG"
2022-03-21 09:31:00,止盈,纳指ETF,513100.XSHG,0.931,900.0,60400,23.3,8.0,2022-03-21,2022-03,"纳指ETF
513100.XSHG"
2022-03-23 09:31:00,止盈,纳指ETF,513100.XSHG,0.953,900.0,59500,19.7,7.0,2022-03-23,2022-03,"纳指ETF
513100.XSHG"
2022-03-23 13:36:00,止盈,500ETF,510500.XSHG,7.216,600.0,8100,87.17,3.0,2022-03-23,2022-03,"500ETF
510500.XSHG"
2022-03-25 09:31:00,止盈,黄金ETF,518880.XSHG,3.914,1100.0,11300,106.27,0.0,2022-03-25,2022-03,"黄金ETF
518880.XSHG"
2022-03-25 13:36:00,加仓,500ETF,510500.XSHG,7.066,600.0,8700,,4.0,2022-03-25,2022-03,"500ETF
510500.XSHG"
2022-03-29 09:31:00,止盈,纳指ETF,513100.XSHG,0.975,900.0,58600,19.7,6.0,2022-03-29,2022-03,"纳指ETF
513100.XSHG"
2022-03-31 13:01:00,加仓,黄金ETF,518880.XSHG,3.835,1100.0,12400,,1.0,2022-03-31,2022-03,"黄金ETF
518880.XSHG"
2022-04-07 09:31:00,加仓,纳指ETF,513100.XSHG,0.944,900.0,59500,,7.0,2022-04-07,2022-04,"纳指ETF
513100.XSHG"
2022-04-08 10:02:00,加仓,500ETF,510500.XSHG,6.924,600.0,9300,,5.0,2022-04-08,2022-04,"500ETF
510500.XSHG"
2022-04-11 14:31:00,加仓,500ETF,510500.XSHG,6.782,600.0,9900,,6.0,2022-04-11,2022-04,"500ETF
510500.XSHG"
2022-04-12 09:31:00,加仓,纳指ETF,513100.XSHG,0.91,900.0,60400,,8.0,2022-04-12,2022-04,"纳指ETF
513100.XSHG"
2022-04-12 10:06:00,止盈,黄金ETF,518880.XSHG,3.912,1100.0,11300,84.27,0.0,2022-04-12,2022-04,"黄金ETF
518880.XSHG"
2022-04-14 09:53:00,止盈,纳指ETF,513100.XSHG,0.929,900.0,59500,17.0,7.0,2022-04-14,2022-04,"纳指ETF
513100.XSHG"
2022-04-14 13:44:00,止盈,500ETF,510500.XSHG,6.918,600.0,9300,81.18,5.0,2022-04-14,2022-04,"500ETF
510500.XSHG"
2022-04-15 09:31:00,加仓,纳指ETF,513100.XSHG,0.906,900.0,60400,,8.0,2022-04-15,2022-04,"纳指ETF
513100.XSHG"
2022-04-18 09:31:00,加仓,500ETF,510500.XSHG,6.73,600.0,9900,,6.0,2022-04-18,2022-04,"500ETF
510500.XSHG"
2022-04-20 13:01:00,止盈,纳指ETF,513100.XSHG,0.925,900.0,59500,17.0,7.0,2022-04-20,2022-04,"纳指ETF
513100.XSHG"
2022-04-21 11:07:00,加仓,500ETF,510500.XSHG,6.594,600.0,10500,,7.0,2022-04-21,2022-04,"500ETF
510500.XSHG"
2022-04-21 14:49:00,加仓,500ETF,510500.XSHG,6.462,600.0,11100,,8.0,2022-04-21,2022-04,"500ETF
510500.XSHG"
2022-04-22 09:31:00,加仓,纳指ETF,513100.XSHG,0.901,900.0,60400,,8.0,2022-04-22,2022-04,"纳指ETF
513100.XSHG"
2022-04-25 09:32:00,加仓,500ETF,510500.XSHG,6.312,600.0,11700,,9.0,2022-04-25,2022-04,"500ETF
510500.XSHG"
2022-04-25 13:38:00,加仓,500ETF,510500.XSHG,6.184,600.0,12300,,10.0,2022-04-25,2022-04,"500ETF
510500.XSHG"
2022-04-27 09:31:00,加仓,纳指ETF,513100.XSHG,0.875,900.0,61300,,9.0,2022-04-27,2022-04,"纳指ETF
513100.XSHG"
2022-04-28 14:34:00,止盈,纳指ETF,513100.XSHG,0.893,900.0,60400,16.1,8.0,2022-04-28,2022-04,"纳指ETF
513100.XSHG"
2022-04-29 13:10:00,止盈,500ETF,510500.XSHG,6.32,600.0,11700,81.22,9.0,2022-04-29,2022-04,"500ETF
510500.XSHG"
2022-05-05 09:31:00,止盈,纳指ETF,513100.XSHG,0.915,900.0,59500,19.7,7.0,2022-05-05,2022-05,"纳指ETF
513100.XSHG"
2022-05-06 09:31:00,加仓,纳指ETF,513100.XSHG,0.872,900.0,60400,,8.0,2022-05-06,2022-05,"纳指ETF
513100.XSHG"
2022-05-10 09:31:00,加仓,纳指ETF,513100.XSHG,0.84,900.0,61300,,9.0,2022-05-10,2022-05,"纳指ETF
513100.XSHG"
2022-05-11 09:40:00,止盈,500ETF,510500.XSHG,6.448,600.0,11100,76.41,8.0,2022-05-11,2022-05,"500ETF
510500.XSHG"
2022-05-11 10:15:00,止盈,纳指ETF,513100.XSHG,0.857,900.0,60400,15.2,8.0,2022-05-11,2022-05,"纳指ETF
513100.XSHG"
2022-05-11 13:04:00,止盈,500ETF,510500.XSHG,6.577,600.0,10500,77.01,7.0,2022-05-11,2022-05,"500ETF
510500.XSHG"
2022-05-12 09:31:00,加仓,纳指ETF,513100.XSHG,0.837,900.0,61300,,9.0,2022-05-12,2022-05,"纳指ETF
513100.XSHG"
2022-05-12 09:31:00,加仓,500ETF,510500.XSHG,6.431,600.0,11100,,8.0,2022-05-12,2022-05,"500ETF
510500.XSHG"
2022-05-16 09:31:00,止盈,纳指ETF,513100.XSHG,0.864,900.0,60400,24.2,8.0,2022-05-16,2022-05,"纳指ETF
513100.XSHG"
2022-05-16 09:31:00,止盈,500ETF,510500.XSHG,6.569,600.0,10500,82.41,7.0,2022-05-16,2022-05,"500ETF
510500.XSHG"
2022-05-19 09:31:00,加仓,纳指ETF,513100.XSHG,0.825,900.0,61300,,9.0,2022-05-19,2022-05,"纳指ETF
513100.XSHG"
2022-05-23 13:49:00,止盈,500ETF,510500.XSHG,6.705,600.0,9900,81.2,6.0,2022-05-23,2022-05,"500ETF
510500.XSHG"
2022-05-24 13:25:00,加仓,500ETF,510500.XSHG,6.57,600.0,10500,,7.0,2022-05-24,2022-05,"500ETF
510500.XSHG"
2022-05-27 09:31:00,止盈,纳指ETF,513100.XSHG,0.843,900.0,60400,16.1,8.0,2022-05-27,2022-05,"纳指ETF
513100.XSHG"
2022-05-27 09:32:00,止盈,500ETF,510500.XSHG,6.708,600.0,9900,82.4,6.0,2022-05-27,2022-05,"500ETF
510500.XSHG"
2022-05-30 09:31:00,止盈,纳指ETF,513100.XSHG,0.878,900.0,59500,31.4,7.0,2022-05-30,2022-05,"纳指ETF
513100.XSHG"
2022-06-02 10:03:00,加仓,纳指ETF,513100.XSHG,0.86,900.0,60400,,8.0,2022-06-02,2022-06,"纳指ETF
513100.XSHG"
2022-06-02 11:29:00,止盈,500ETF,510500.XSHG,6.844,600.0,9300,81.19,5.0,2022-06-02,2022-06,"500ETF
510500.XSHG"
2022-06-06 11:13:00,止盈,500ETF,510500.XSHG,6.988,600.0,8700,85.98,4.0,2022-06-06,2022-06,"500ETF
510500.XSHG"
2022-06-10 09:31:00,加仓,纳指ETF,513100.XSHG,0.841,900.0,61300,,9.0,2022-06-10,2022-06,"纳指ETF
513100.XSHG"
2022-06-13 09:31:00,加仓,纳指ETF,513100.XSHG,0.817,900.0,62200,,10.0,2022-06-13,2022-06,"纳指ETF
513100.XSHG"
2022-06-14 14:53:00,止盈,500ETF,510500.XSHG,7.128,600.0,8100,83.57,3.0,2022-06-14,2022-06,"500ETF
510500.XSHG"
2022-06-15 09:31:00,加仓,黄金ETF,518880.XSHG,3.831,1100.0,12400,,1.0,2022-06-15,2022-06,"黄金ETF
518880.XSHG"
2022-06-27 09:31:00,止盈,纳指ETF,513100.XSHG,0.84,900.0,61300,20.6,9.0,2022-06-27,2022-06,"纳指ETF
513100.XSHG"
2022-06-27 09:31:00,止盈,500ETF,510500.XSHG,7.28,600.0,7500,90.76,2.0,2022-06-27,2022-06,"500ETF
510500.XSHG"
2022-06-29 09:31:00,加仓,纳指ETF,513100.XSHG,0.806,900.0,62200,,10.0,2022-06-29,2022-06,"纳指ETF
513100.XSHG"
2022-07-05 09:31:00,止盈,500ETF,510500.XSHG,7.448,600.0,6900,100.35,1.0,2022-07-05,2022-07,"500ETF
510500.XSHG"
2022-07-06 09:31:00,加仓,黄金ETF,518880.XSHG,3.73,1100.0,13500,,2.0,2022-07-06,2022-07,"黄金ETF
518880.XSHG"
2022-07-06 09:33:00,止盈,纳指ETF,513100.XSHG,0.823,900.0,61300,15.2,9.0,2022-07-06,2022-07,"纳指ETF
513100.XSHG"
2022-07-06 13:33:00,加仓,500ETF,510500.XSHG,7.299,600.0,7500,,2.0,2022-07-06,2022-07,"500ETF
510500.XSHG"
2022-07-08 09:32:00,止盈,纳指ETF,513100.XSHG,0.84,900.0,60400,15.2,8.0,2022-07-08,2022-07,"纳指ETF
513100.XSHG"
2022-07-12 09:31:00,加仓,纳指ETF,513100.XSHG,0.815,900.0,61300,,9.0,2022-07-12,2022-07,"纳指ETF
513100.XSHG"
2022-07-12 11:19:00,加仓,500ETF,510500.XSHG,7.152,600.0,8100,,3.0,2022-07-12,2022-07,"500ETF
510500.XSHG"
2022-07-13 09:31:00,加仓,黄金ETF,518880.XSHG,3.654,1100.0,14600,,3.0,2022-07-13,2022-07,"黄金ETF
518880.XSHG"
2022-07-18 09:31:00,止盈,纳指ETF,513100.XSHG,0.834,900.0,60400,17.0,8.0,2022-07-18,2022-07,"纳指ETF
513100.XSHG"
2022-07-20 09:31:00,止盈,纳指ETF,513100.XSHG,0.852,900.0,59500,16.1,7.0,2022-07-20,2022-07,"纳指ETF
513100.XSHG"
2022-07-20 09:41:00,止盈,500ETF,510500.XSHG,7.3,600.0,7500,88.36,2.0,2022-07-20,2022-07,"500ETF
510500.XSHG"
2022-07-22 09:43:00,止盈,纳指ETF,513100.XSHG,0.87,900.0,58600,16.1,6.0,2022-07-22,2022-07,"纳指ETF
513100.XSHG"
2022-07-22 13:32:00,加仓,500ETF,510500.XSHG,7.148,600.0,8100,,3.0,2022-07-22,2022-07,"500ETF
510500.XSHG"
2022-07-25 14:44:00,加仓,纳指ETF,513100.XSHG,0.852,900.0,59500,,7.0,2022-07-25,2022-07,"纳指ETF
513100.XSHG"
2022-07-28 10:21:00,止盈,500ETF,510500.XSHG,7.295,600.0,7500,87.76,2.0,2022-07-28,2022-07,"500ETF
510500.XSHG"
2022-07-29 09:31:00,止盈,纳指ETF,513100.XSHG,0.884,900.0,58600,28.7,6.0,2022-07-29,2022-07,"纳指ETF
513100.XSHG"
2022-07-29 10:14:00,止盈,黄金ETF,518880.XSHG,3.728,1100.0,13500,80.99,2.0,2022-07-29,2022-07,"黄金ETF
518880.XSHG"
2022-08-01 09:42:00,加仓,500ETF,510500.XSHG,7.147,600.0,8100,,3.0,2022-08-01,2022-08,"500ETF
510500.XSHG"
2022-08-02 10:50:00,加仓,500ETF,510500.XSHG,7.002,600.0,8700,,4.0,2022-08-02,2022-08,"500ETF
510500.XSHG"
2022-08-02 14:20:00,止盈,500ETF,510500.XSHG,7.143,600.0,8100,84.17,3.0,2022-08-02,2022-08,"500ETF
510500.XSHG"
2022-08-03 14:44:00,加仓,500ETF,510500.XSHG,7.0,600.0,8700,,4.0,2022-08-03,2022-08,"500ETF
510500.XSHG"
2022-08-04 09:31:00,止盈,纳指ETF,513100.XSHG,0.909,900.0,57700,22.4,5.0,2022-08-04,2022-08,"纳指ETF
513100.XSHG"
2022-08-05 14:05:00,止盈,500ETF,510500.XSHG,7.147,600.0,8100,87.77,3.0,2022-08-05,2022-08,"500ETF
510500.XSHG"
2022-08-10 09:59:00,止盈,黄金ETF,518880.XSHG,3.803,1100.0,12400,82.08,1.0,2022-08-10,2022-08,"黄金ETF
518880.XSHG"
2022-08-10 14:05:00,加仓,纳指ETF,513100.XSHG,0.89,900.0,58600,,6.0,2022-08-10,2022-08,"纳指ETF
513100.XSHG"
2022-08-11 09:31:00,止盈,纳指ETF,513100.XSHG,0.92,900.0,57700,26.9,5.0,2022-08-11,2022-08,"纳指ETF
513100.XSHG"
2022-08-11 10:50:00,止盈,500ETF,510500.XSHG,7.29,600.0,7500,85.36,2.0,2022-08-11,2022-08,"500ETF
510500.XSHG"
2022-08-16 09:31:00,止盈,纳指ETF,513100.XSHG,0.941,900.0,56800,18.8,4.0,2022-08-16,2022-08,"纳指ETF
513100.XSHG"
2022-08-17 13:06:00,止盈,500ETF,510500.XSHG,7.436,600.0,6900,87.15,1.0,2022-08-17,2022-08,"500ETF
510500.XSHG"
2022-08-22 09:31:00,加仓,纳指ETF,513100.XSHG,0.914,900.0,57700,,5.0,2022-08-22,2022-08,"纳指ETF
513100.XSHG"
2022-08-22 09:39:00,加仓,500ETF,510500.XSHG,7.283,600.0,7500,,2.0,2022-08-22,2022-08,"500ETF
510500.XSHG"
2022-08-23 13:28:00,加仓,纳指ETF,513100.XSHG,0.895,900.0,58600,,6.0,2022-08-23,2022-08,"纳指ETF
513100.XSHG"
2022-08-26 09:31:00,止盈,纳指ETF,513100.XSHG,0.916,900.0,57700,18.8,5.0,2022-08-26,2022-08,"纳指ETF
513100.XSHG"
2022-08-29 09:31:00,加仓,纳指ETF,513100.XSHG,0.871,900.0,58600,,6.0,2022-08-29,2022-08,"纳指ETF
513100.XSHG"
2022-08-29 09:31:00,加仓,500ETF,510500.XSHG,6.215,600.0,9190,,3.0,2022-08-29,2022-08,"500ETF
510500.XSHG"
2022-09-01 10:05:00,加仓,黄金ETF,518880.XSHG,3.726,1100.0,13500,,2.0,2022-09-01,2022-09,"黄金ETF
518880.XSHG"
2022-09-01 14:14:00,加仓,纳指ETF,513100.XSHG,0.853,900.0,59500,,7.0,2022-09-01,2022-09,"纳指ETF
513100.XSHG"
2022-09-08 14:18:00,止盈,纳指ETF,513100.XSHG,0.871,900.0,58600,16.1,6.0,2022-09-08,2022-09,"纳指ETF
513100.XSHG"
2022-09-13 09:31:00,止盈,纳指ETF,513100.XSHG,0.895,900.0,57700,21.5,5.0,2022-09-13,2022-09,"纳指ETF
513100.XSHG"
2022-09-13 09:38:00,止盈,500ETF,510500.XSHG,6.34,600.0,8590,74.62,2.0,2022-09-13,2022-09,"500ETF
510500.XSHG"
2022-09-14 09:31:00,加仓,纳指ETF,513100.XSHG,0.854,900.0,58600,,6.0,2022-09-14,2022-09,"纳指ETF
513100.XSHG"
2022-09-15 10:08:00,加仓,500ETF,510500.XSHG,6.213,600.0,9190,,3.0,2022-09-15,2022-09,"500ETF
510500.XSHG"
2022-09-15 13:50:00,加仓,500ETF,510500.XSHG,6.088,600.0,9790,,4.0,2022-09-15,2022-09,"500ETF
510500.XSHG"
2022-09-16 14:16:00,加仓,500ETF,510500.XSHG,5.961,600.0,10390,,5.0,2022-09-16,2022-09,"500ETF
510500.XSHG"
2022-09-22 09:31:00,加仓,纳指ETF,513100.XSHG,0.83,900.0,59500,,7.0,2022-09-22,2022-09,"纳指ETF
513100.XSHG"
2022-09-23 11:23:00,加仓,500ETF,510500.XSHG,5.838,600.0,10990,,6.0,2022-09-23,2022-09,"500ETF
510500.XSHG"
2022-09-23 13:23:00,止盈,500ETF,510500.XSHG,5.957,600.0,10390,71.04,5.0,2022-09-23,2022-09,"500ETF
510500.XSHG"
2022-09-26 09:34:00,加仓,500ETF,510500.XSHG,5.834,600.0,10990,,6.0,2022-09-26,2022-09,"500ETF
510500.XSHG"
2022-09-30 09:31:00,加仓,纳指ETF,513100.XSHG,0.811,900.0,60400,,8.0,2022-09-30,2022-09,"纳指ETF
513100.XSHG"
2022-09-30 14:43:00,加仓,500ETF,510500.XSHG,5.714,600.0,11590,,7.0,2022-09-30,2022-09,"500ETF
510500.XSHG"
2022-10-10 09:31:00,止盈,黄金ETF,518880.XSHG,3.832,1100.0,12400,116.18,1.0,2022-10-10,2022-10,"黄金ETF
518880.XSHG"
2022-10-10 14:36:00,加仓,纳指ETF,513100.XSHG,0.794,900.0,61300,,9.0,2022-10-10,2022-10,"纳指ETF
513100.XSHG"
2022-10-12 13:06:00,加仓,500ETF,510500.XSHG,5.599,600.0,12190,,8.0,2022-10-12,2022-10,"500ETF
510500.XSHG"
2022-10-12 13:48:00,止盈,500ETF,510500.XSHG,5.722,600.0,11590,73.46,7.0,2022-10-12,2022-10,"500ETF
510500.XSHG"
2022-10-13 09:47:00,止盈,500ETF,510500.XSHG,5.838,600.0,10990,69.25,6.0,2022-10-13,2022-10,"500ETF
510500.XSHG"
2022-10-14 10:24:00,止盈,500ETF,510500.XSHG,5.962,600.0,10390,74.04,5.0,2022-10-14,2022-10,"500ETF
510500.XSHG"
2022-10-14 10:41:00,止盈,纳指ETF,513100.XSHG,0.81,900.0,60400,14.3,8.0,2022-10-14,2022-10,"纳指ETF
513100.XSHG"
2022-10-17 09:31:00,加仓,纳指ETF,513100.XSHG,0.791,900.0,61300,,9.0,2022-10-17,2022-10,"纳指ETF
513100.XSHG"
2022-10-18 09:31:00,止盈,纳指ETF,513100.XSHG,0.816,900.0,60400,22.4,8.0,2022-10-18,2022-10,"纳指ETF
513100.XSHG"
2022-10-24 09:31:00,止盈,纳指ETF,513100.XSHG,0.836,900.0,59500,17.9,7.0,2022-10-24,2022-10,"纳指ETF
513100.XSHG"
2022-10-25 09:37:00,加仓,500ETF,510500.XSHG,5.839,600.0,10990,,6.0,2022-10-25,2022-10,"500ETF
510500.XSHG"
2022-10-26 10:03:00,止盈,500ETF,510500.XSHG,5.956,600.0,10390,69.84,5.0,2022-10-26,2022-10,"500ETF
510500.XSHG"
2022-10-28 09:38:00,加仓,纳指ETF,513100.XSHG,0.819,900.0,60400,,8.0,2022-10-28,2022-10,"纳指ETF
513100.XSHG"
2022-10-28 13:45:00,加仓,500ETF,510500.XSHG,5.834,600.0,10990,,6.0,2022-10-28,2022-10,"500ETF
510500.XSHG"
2022-10-31 09:31:00,止盈,纳指ETF,513100.XSHG,0.845,900.0,59500,23.3,7.0,2022-10-31,2022-10,"纳指ETF
513100.XSHG"
2022-11-01 14:52:00,止盈,500ETF,510500.XSHG,5.951,600.0,10390,69.84,5.0,2022-11-01,2022-11,"500ETF
510500.XSHG"
2022-11-03 09:31:00,加仓,纳指ETF,513100.XSHG,0.812,900.0,60400,,8.0,2022-11-03,2022-11,"纳指ETF
513100.XSHG"
2022-11-04 10:16:00,止盈,500ETF,510500.XSHG,6.071,600.0,9790,71.64,4.0,2022-11-04,2022-11,"500ETF
510500.XSHG"
2022-11-09 09:33:00,止盈,黄金ETF,518880.XSHG,3.909,1100.0,11300,84.27,0.0,2022-11-09,2022-11,"黄金ETF
518880.XSHG"
2022-11-11 09:31:00,止盈,纳指ETF,513100.XSHG,0.856,900.0,59500,39.5,7.0,2022-11-11,2022-11,"纳指ETF
513100.XSHG"
2022-11-11 09:31:00,止盈,500ETF,510500.XSHG,6.268,600.0,9190,117.82,3.0,2022-11-11,2022-11,"500ETF
510500.XSHG"
2022-11-14 13:27:00,加仓,500ETF,510500.XSHG,6.14,600.0,9790,,4.0,2022-11-14,2022-11,"500ETF
510500.XSHG"
2022-11-16 10:23:00,止盈,500ETF,510500.XSHG,6.264,600.0,9190,74.02,3.0,2022-11-16,2022-11,"500ETF
510500.XSHG"
2022-11-22 13:48:00,加仓,500ETF,510500.XSHG,6.138,600.0,9790,,4.0,2022-11-22,2022-11,"500ETF
510500.XSHG"
2022-11-28 09:31:00,加仓,500ETF,510500.XSHG,6.007,600.0,10390,,5.0,2022-11-28,2022-11,"500ETF
510500.XSHG"
2022-11-29 09:33:00,止盈,500ETF,510500.XSHG,6.131,600.0,9790,74.03,4.0,2022-11-29,2022-11,"500ETF
510500.XSHG"
2022-12-06 10:37:00,止盈,500ETF,510500.XSHG,6.259,600.0,9190,76.42,3.0,2022-12-06,2022-12,"500ETF
510500.XSHG"
2022-12-07 09:31:00,加仓,纳指ETF,513100.XSHG,0.83,900.0,60400,,8.0,2022-12-07,2022-12,"纳指ETF
513100.XSHG"
2022-12-14 13:09:00,加仓,500ETF,510500.XSHG,6.133,600.0,9790,,4.0,2022-12-14,2022-12,"500ETF
510500.XSHG"
2022-12-14 14:15:00,止盈,纳指ETF,513100.XSHG,0.847,900.0,59500,15.2,7.0,2022-12-14,2022-12,"纳指ETF
513100.XSHG"
2022-12-16 09:31:00,加仓,纳指ETF,513100.XSHG,0.812,900.0,60400,,8.0,2022-12-16,2022-12,"纳指ETF
513100.XSHG"
2022-12-19 10:57:00,加仓,500ETF,510500.XSHG,6.01,600.0,10390,,5.0,2022-12-19,2022-12,"500ETF
510500.XSHG"
2022-12-20 13:52:00,加仓,500ETF,510500.XSHG,5.889,600.0,10990,,6.0,2022-12-20,2022-12,"500ETF
510500.XSHG"
2022-12-21 09:31:00,止盈,黄金ETF,518880.XSHG,3.988,1100.0,10200,86.46,-1.0,2022-12-21,2022-12,"黄金ETF
518880.XSHG"
2022-12-23 14:11:00,加仓,500ETF,510500.XSHG,5.771,600.0,11590,,7.0,2022-12-23,2022-12,"500ETF
510500.XSHG"
2022-12-27 13:14:00,止盈,500ETF,510500.XSHG,5.887,600.0,10990,69.25,6.0,2022-12-27,2022-12,"500ETF
510500.XSHG"
2022-12-29 09:31:00,加仓,纳指ETF,513100.XSHG,0.792,900.0,61300,,9.0,2022-12-29,2022-12,"纳指ETF
513100.XSHG"
2023-01-03 14:31:00,止盈,纳指ETF,513100.XSHG,0.808,900.0,60400,14.3,8.0,2023-01-03,2023-01,"纳指ETF
513100.XSHG"
2023-01-05 09:50:00,止盈,500ETF,510500.XSHG,6.006,600.0,10390,71.04,5.0,2023-01-05,2023-01,"500ETF
510500.XSHG"
2023-01-16 09:36:00,止盈,500ETF,510500.XSHG,6.127,600.0,9790,72.23,4.0,2023-01-16,2023-01,"500ETF
510500.XSHG"
2023-01-16 11:00:00,止盈,黄金ETF,518880.XSHG,4.068,1100.0,9100,87.55,-2.0,2023-01-16,2023-01,"黄金ETF
518880.XSHG"
2023-01-20 09:31:00,止盈,500ETF,510500.XSHG,6.25,600.0,9190,73.43,3.0,2023-01-20,2023-01,"500ETF
510500.XSHG"
2023-01-30 09:31:00,止盈,纳指ETF,513100.XSHG,0.844,900.0,59500,32.3,7.0,2023-01-30,2023-01,"纳指ETF
513100.XSHG"
2023-02-01 14:29:00,止盈,500ETF,510500.XSHG,6.375,600.0,8590,74.62,2.0,2023-02-01,2023-02,"500ETF
510500.XSHG"
2023-02-02 09:31:00,止盈,纳指ETF,513100.XSHG,0.864,900.0,58600,17.9,6.0,2023-02-02,2023-02,"纳指ETF
513100.XSHG"
2023-02-08 13:21:00,止盈,纳指ETF,513100.XSHG,0.882,900.0,57700,16.1,5.0,2023-02-08,2023-02,"纳指ETF
513100.XSHG"
2023-02-10 09:31:00,加仓,纳指ETF,513100.XSHG,0.863,900.0,58600,,6.0,2023-02-10,2023-02,"纳指ETF
513100.XSHG"
2023-02-10 13:36:00,加仓,黄金ETF,518880.XSHG,3.986,1100.0,10200,,-1.0,2023-02-10,2023-02,"黄金ETF
518880.XSHG"
2023-02-16 09:31:00,止盈,纳指ETF,513100.XSHG,0.888,900.0,57700,22.4,5.0,2023-02-16,2023-02,"纳指ETF
513100.XSHG"
2023-02-17 09:31:00,加仓,纳指ETF,513100.XSHG,0.87,900.0,58600,,6.0,2023-02-17,2023-02,"纳指ETF
513100.XSHG"
2023-02-20 09:34:00,加仓,500ETF,510500.XSHG,6.244,600.0,9190,,3.0,2023-02-20,2023-02,"500ETF
510500.XSHG"
2023-02-21 09:34:00,止盈,500ETF,510500.XSHG,6.37,600.0,8590,75.22,2.0,2023-02-21,2023-02,"500ETF
510500.XSHG"
2023-02-22 09:31:00,加仓,纳指ETF,513100.XSHG,0.851,900.0,59500,,7.0,2023-02-22,2023-02,"纳指ETF
513100.XSHG"
2023-03-06 09:31:00,止盈,黄金ETF,518880.XSHG,4.066,1100.0,9100,87.55,-2.0,2023-03-06,2023-03,"黄金ETF
518880.XSHG"
2023-03-06 10:06:00,止盈,纳指ETF,513100.XSHG,0.869,900.0,58600,16.1,6.0,2023-03-06,2023-03,"纳指ETF
513100.XSHG"
2023-03-10 09:32:00,加仓,纳指ETF,513100.XSHG,0.851,900.0,59500,,7.0,2023-03-10,2023-03,"纳指ETF
513100.XSHG"
2023-03-10 09:54:00,加仓,500ETF,510500.XSHG,6.24,600.0,9190,,3.0,2023-03-10,2023-03,"500ETF
510500.XSHG"
2023-03-16 09:31:00,止盈,黄金ETF,518880.XSHG,4.167,1100.0,8000,110.64,-3.0,2023-03-16,2023-03,"黄金ETF
518880.XSHG"
2023-03-17 09:31:00,止盈,纳指ETF,513100.XSHG,0.884,900.0,58600,29.6,6.0,2023-03-17,2023-03,"纳指ETF
513100.XSHG"
2023-03-20 09:31:00,止盈,黄金ETF,518880.XSHG,4.271,1100.0,6900,113.93,-4.0,2023-03-20,2023-03,"黄金ETF
518880.XSHG"
2023-03-30 09:31:00,止盈,纳指ETF,513100.XSHG,0.902,900.0,57700,16.1,5.0,2023-03-30,2023-03,"纳指ETF
513100.XSHG"
2023-04-03 09:31:00,止盈,500ETF,510500.XSHG,6.372,600.0,8590,78.82,2.0,2023-04-03,2023-04,"500ETF
510500.XSHG"
2023-04-03 11:09:00,止盈,纳指ETF,513100.XSHG,0.921,900.0,56800,17.0,4.0,2023-04-03,2023-04,"纳指ETF
513100.XSHG"
2023-04-13 09:31:00,加仓,纳指ETF,513100.XSHG,0.899,900.0,57700,,5.0,2023-04-13,2023-04,"纳指ETF
513100.XSHG"
2023-04-14 09:31:00,止盈,黄金ETF,518880.XSHG,4.382,1100.0,5800,121.62,-5.0,2023-04-14,2023-04,"黄金ETF
518880.XSHG"
2023-04-17 10:59:00,止盈,纳指ETF,513100.XSHG,0.92,900.0,56800,18.8,4.0,2023-04-17,2023-04,"纳指ETF
513100.XSHG"
2023-04-18 10:02:00,加仓,黄金ETF,518880.XSHG,4.294,1100.0,6900,,-4.0,2023-04-18,2023-04,"黄金ETF
518880.XSHG"
2023-04-24 09:52:00,加仓,500ETF,510500.XSHG,6.244,600.0,9190,,3.0,2023-04-24,2023-04,"500ETF
510500.XSHG"
2023-04-25 13:08:00,加仓,500ETF,510500.XSHG,6.115,600.0,9790,,4.0,2023-04-25,2023-04,"500ETF
510500.XSHG"
2023-04-28 10:35:00,止盈,500ETF,510500.XSHG,6.238,600.0,9190,73.43,3.0,2023-04-28,2023-04,"500ETF
510500.XSHG"
2023-05-04 09:31:00,止盈,黄金ETF,518880.XSHG,4.41,1100.0,5800,127.11,-5.0,2023-05-04,2023-05,"黄金ETF
518880.XSHG"
2023-05-11 09:31:00,止盈,纳指ETF,513100.XSHG,0.94,900.0,55900,17.9,3.0,2023-05-11,2023-05,"纳指ETF
513100.XSHG"
2023-05-12 14:57:00,加仓,500ETF,510500.XSHG,6.113,600.0,9790,,4.0,2023-05-12,2023-05,"500ETF
510500.XSHG"
2023-05-18 09:31:00,止盈,纳指ETF,513100.XSHG,0.965,900.0,55000,22.4,2.0,2023-05-18,2023-05,"纳指ETF
513100.XSHG"
2023-05-19 09:31:00,止盈,纳指ETF,513100.XSHG,0.992,900.0,54100,24.2,1.0,2023-05-19,2023-05,"纳指ETF
513100.XSHG"
2023-05-19 09:38:00,加仓,黄金ETF,518880.XSHG,4.321,1100.0,6900,,-4.0,2023-05-19,2023-05,"黄金ETF
518880.XSHG"
2023-05-25 11:01:00,加仓,500ETF,510500.XSHG,5.988,600.0,10390,,5.0,2023-05-25,2023-05,"500ETF
510500.XSHG"
2023-05-29 09:31:00,止盈,纳指ETF,513100.XSHG,1.029,900.0,53200,33.2,0.0,2023-05-29,2023-05,"纳指ETF
513100.XSHG"
2023-06-01 09:54:00,止盈,500ETF,510500.XSHG,6.111,600.0,9790,73.43,4.0,2023-06-01,2023-06,"500ETF
510500.XSHG"
2023-06-06 09:31:00,止盈,纳指ETF,513100.XSHG,1.05,900.0,52300,18.8,-1.0,2023-06-06,2023-06,"纳指ETF
513100.XSHG"
2023-06-08 09:53:00,加仓,500ETF,510500.XSHG,5.987,600.0,10390,,5.0,2023-06-08,2023-06,"500ETF
510500.XSHG"
2023-06-12 13:11:00,止盈,500ETF,510500.XSHG,6.11,600.0,9790,73.43,4.0,2023-06-12,2023-06,"500ETF
510500.XSHG"
2023-06-13 09:31:00,止盈,纳指ETF,513100.XSHG,1.079,900.0,51400,26.0,-2.0,2023-06-13,2023-06,"纳指ETF
513100.XSHG"
2023-06-16 13:02:00,止盈,纳指ETF,513100.XSHG,1.101,900.0,50500,19.7,-3.0,2023-06-16,2023-06,"纳指ETF
513100.XSHG"
2023-06-26 10:31:00,加仓,500ETF,510500.XSHG,5.986,600.0,10390,,5.0,2023-06-26,2023-06,"500ETF
510500.XSHG"
2023-06-27 09:31:00,加仓,纳指ETF,513100.XSHG,1.077,900.0,51400,,-2.0,2023-06-27,2023-06,"纳指ETF
513100.XSHG"
2023-06-29 09:32:00,止盈,纳指ETF,513100.XSHG,1.099,900.0,50500,19.7,-3.0,2023-06-29,2023-06,"纳指ETF
513100.XSHG"
2023-07-03 09:32:00,止盈,500ETF,510500.XSHG,6.121,600.0,9790,80.63,4.0,2023-07-03,2023-07,"500ETF
510500.XSHG"
2023-07-13 09:57:00,止盈,黄金ETF,518880.XSHG,4.408,1100.0,5800,95.22,-5.0,2023-07-13,2023-07,"黄金ETF
518880.XSHG"
2023-07-14 09:31:00,止盈,纳指ETF,513100.XSHG,1.129,900.0,49600,26.9,-4.0,2023-07-14,2023-07,"纳指ETF
513100.XSHG"
2023-07-19 09:31:00,止盈,纳指ETF,513100.XSHG,1.153,900.0,48700,21.5,-5.0,2023-07-19,2023-07,"纳指ETF
513100.XSHG"
2023-07-21 09:31:00,加仓,纳指ETF,513100.XSHG,1.124,900.0,49600,,-4.0,2023-07-21,2023-07,"纳指ETF
513100.XSHG"
2023-07-31 09:31:00,止盈,纳指ETF,513100.XSHG,1.147,900.0,48700,20.6,-5.0,2023-07-31,2023-07,"纳指ETF
513100.XSHG"
2023-07-31 10:11:00,止盈,500ETF,510500.XSHG,6.244,600.0,9190,73.43,3.0,2023-07-31,2023-07,"500ETF
510500.XSHG"
2023-08-03 09:31:00,加仓,纳指ETF,513100.XSHG,1.122,900.0,49600,,-4.0,2023-08-03,2023-08,"纳指ETF
513100.XSHG"
2023-08-10 11:28:00,加仓,500ETF,510500.XSHG,6.119,600.0,9790,,4.0,2023-08-10,2023-08,"500ETF
510500.XSHG"
2023-08-14 09:31:00,加仓,500ETF,510500.XSHG,5.978,600.0,10390,,5.0,2023-08-14,2023-08,"500ETF
510500.XSHG"
2023-08-14 10:56:00,加仓,纳指ETF,513100.XSHG,1.099,900.0,50500,,-3.0,2023-08-14,2023-08,"纳指ETF
513100.XSHG"
2023-08-15 09:31:00,止盈,纳指ETF,513100.XSHG,1.121,900.0,49600,19.7,-4.0,2023-08-15,2023-08,"纳指ETF
513100.XSHG"
2023-08-17 09:31:00,加仓,纳指ETF,513100.XSHG,1.098,900.0,50500,,-3.0,2023-08-17,2023-08,"纳指ETF
513100.XSHG"
2023-08-21 13:42:00,加仓,500ETF,510500.XSHG,5.857,600.0,10990,,6.0,2023-08-21,2023-08,"500ETF
510500.XSHG"
2023-08-23 14:35:00,加仓,500ETF,510500.XSHG,5.738,600.0,11590,,7.0,2023-08-23,2023-08,"500ETF
510500.XSHG"
2023-08-24 09:31:00,止盈,纳指ETF,513100.XSHG,1.13,900.0,49600,28.7,-4.0,2023-08-24,2023-08,"纳指ETF
513100.XSHG"
2023-08-25 09:31:00,加仓,纳指ETF,513100.XSHG,1.096,900.0,50500,,-3.0,2023-08-25,2023-08,"纳指ETF
513100.XSHG"
2023-08-28 09:31:00,止盈,500ETF,510500.XSHG,5.974,600.0,10990,141.24,6.0,2023-08-28,2023-08,"500ETF
510500.XSHG"
2023-08-28 09:50:00,加仓,500ETF,510500.XSHG,5.853,600.0,11590,,7.0,2023-08-28,2023-08,"500ETF
510500.XSHG"
2023-08-28 14:35:00,加仓,500ETF,510500.XSHG,5.731,600.0,12190,,8.0,2023-08-28,2023-08,"500ETF
510500.XSHG"
2023-08-29 11:14:00,止盈,500ETF,510500.XSHG,5.847,600.0,11590,69.25,7.0,2023-08-29,2023-08,"500ETF
510500.XSHG"
2023-08-30 09:31:00,止盈,纳指ETF,513100.XSHG,1.135,900.0,49600,35.0,-4.0,2023-08-30,2023-08,"纳指ETF
513100.XSHG"
2023-09-04 09:34:00,止盈,黄金ETF,518880.XSHG,4.497,1100.0,4700,97.41,-6.0,2023-09-04,2023-09,"黄金ETF
518880.XSHG"
2023-09-14 10:02:00,止盈,黄金ETF,518880.XSHG,4.587,1100.0,3600,98.5,-7.0,2023-09-14,2023-09,"黄金ETF
518880.XSHG"
2023-09-21 09:31:00,加仓,纳指ETF,513100.XSHG,1.104,900.0,50500,,-3.0,2023-09-21,2023-09,"纳指ETF
513100.XSHG"
2023-09-21 10:35:00,加仓,500ETF,510500.XSHG,5.73,600.0,12190,,8.0,2023-09-21,2023-09,"500ETF
510500.XSHG"
2023-09-27 09:31:00,加仓,纳指ETF,513100.XSHG,1.078,900.0,51400,,-2.0,2023-09-27,2023-09,"纳指ETF
513100.XSHG"
2023-09-28 09:31:00,加仓,黄金ETF,518880.XSHG,4.458,1100.0,4700,,-6.0,2023-09-28,2023-09,"黄金ETF
518880.XSHG"
2023-10-10 09:31:00,止盈,纳指ETF,513100.XSHG,1.109,900.0,50500,27.8,-3.0,2023-10-10,2023-10,"纳指ETF
513100.XSHG"
2023-10-10 09:56:00,加仓,黄金ETF,518880.XSHG,4.368,1100.0,5800,,-5.0,2023-10-10,2023-10,"黄金ETF
518880.XSHG"
2023-10-16 09:31:00,止盈,黄金ETF,518880.XSHG,4.478,1100.0,4700,120.51,-6.0,2023-10-16,2023-10,"黄金ETF
518880.XSHG"
2023-10-19 09:31:00,加仓,500ETF,510500.XSHG,5.604,600.0,12790,,9.0,2023-10-19,2023-10,"500ETF
510500.XSHG"
2023-10-20 09:31:00,加仓,纳指ETF,513100.XSHG,1.086,900.0,51400,,-2.0,2023-10-20,2023-10,"纳指ETF
513100.XSHG"
2023-10-20 09:31:00,止盈,黄金ETF,518880.XSHG,4.592,1100.0,3600,124.89,-7.0,2023-10-20,2023-10,"黄金ETF
518880.XSHG"
2023-10-23 09:31:00,加仓,500ETF,510500.XSHG,5.487,600.0,13390,,10.0,2023-10-23,2023-10,"500ETF
510500.XSHG"
2023-10-26 09:31:00,加仓,纳指ETF,513100.XSHG,1.053,900.0,52300,,-1.0,2023-10-26,2023-10,"纳指ETF
513100.XSHG"
2023-10-27 13:49:00,止盈,500ETF,510500.XSHG,5.597,600.0,12790,65.66,9.0,2023-10-27,2023-10,"500ETF
510500.XSHG"
2023-11-02 09:31:00,止盈,纳指ETF,513100.XSHG,1.09,900.0,51400,33.2,-2.0,2023-11-02,2023-11,"纳指ETF
513100.XSHG"
2023-11-06 09:33:00,止盈,纳指ETF,513100.XSHG,1.112,900.0,50500,19.7,-3.0,2023-11-06,2023-11,"纳指ETF
513100.XSHG"
2023-11-07 13:58:00,止盈,500ETF,510500.XSHG,5.709,600.0,12190,66.86,8.0,2023-11-07,2023-11,"500ETF
510500.XSHG"
2023-11-13 09:31:00,止盈,纳指ETF,513100.XSHG,1.14,900.0,49600,25.1,-4.0,2023-11-13,2023-11,"纳指ETF
513100.XSHG"
2023-11-15 09:31:00,止盈,纳指ETF,513100.XSHG,1.165,900.0,48700,22.4,-5.0,2023-11-15,2023-11,"纳指ETF
513100.XSHG"
2023-11-22 14:17:00,加仓,黄金ETF,518880.XSHG,4.5,1100.0,4700,,-6.0,2023-11-22,2023-11,"黄金ETF
518880.XSHG"
2023-11-29 09:31:00,止盈,黄金ETF,518880.XSHG,4.605,1100.0,3600,114.99,-7.0,2023-11-29,2023-11,"黄金ETF
518880.XSHG"
2023-12-05 09:31:00,加仓,纳指ETF,513100.XSHG,1.141,900.0,49600,,-4.0,2023-12-05,2023-12,"纳指ETF
513100.XSHG"
2023-12-05 13:16:00,加仓,500ETF,510500.XSHG,5.594,600.0,12790,,9.0,2023-12-05,2023-12,"500ETF
510500.XSHG"
2023-12-11 09:31:00,止盈,纳指ETF,513100.XSHG,1.164,900.0,48700,20.6,-5.0,2023-12-11,2023-12,"纳指ETF
513100.XSHG"
2023-12-13 09:31:00,止盈,纳指ETF,513100.XSHG,1.188,900.0,47800,21.49,-6.0,2023-12-13,2023-12,"纳指ETF
513100.XSHG"
2023-12-18 14:16:00,加仓,500ETF,510500.XSHG,5.482,600.0,13390,,10.0,2023-12-18,2023-12,"500ETF
510500.XSHG"
2023-12-20 09:31:00,止盈,纳指ETF,513100.XSHG,1.214,900.0,46900,23.29,-7.0,2023-12-20,2023-12,"纳指ETF
513100.XSHG"
2024-01-03 13:05:00,加仓,纳指ETF,513100.XSHG,1.189,900.0,47800,,-6.0,2024-01-03,2024-01,"纳指ETF
513100.XSHG"
2024-01-11 09:31:00,止盈,纳指ETF,513100.XSHG,1.221,900.0,46900,28.69,-7.0,2024-01-11,2024-01,"纳指ETF
513100.XSHG"
2024-01-22 09:31:00,止盈,纳指ETF,513100.XSHG,1.27,900.0,46000,43.99,-8.0,2024-01-22,2024-01,"纳指ETF
513100.XSHG"
2024-02-08 09:31:00,破顶,纳指ETF,513100.XSHG,1.298,7500.0,38500,209.03,,2024-02-08,2024-02,"纳指ETF
513100.XSHG"
2024-02-23 09:41:00,止盈,纳指ETF,513100.XSHG,1.324,3800.0,34700,98.3,-1.0,2024-02-23,2024-02,"纳指ETF
513100.XSHG"
2024-03-04 09:31:00,止盈,黄金ETF,518880.XSHG,4.727,1100.0,2500,133.68,-8.0,2024-03-04,2024-03,"黄金ETF
518880.XSHG"
2024-03-06 14:37:00,破顶,黄金ETF,518880.XSHG,4.822,,10300,,,2024-03-06,2024-03,"黄金ETF
518880.XSHG"
2024-03-11 09:35:00,止盈,黄金ETF,518880.XSHG,4.919,1000.0,9300,96.51,-1.0,2024-03-11,2024-03,"黄金ETF
518880.XSHG"
2024-03-18 14:25:00,止盈,500ETF,510500.XSHG,5.593,600.0,12790,66.26,9.0,2024-03-18,2024-03,"500ETF
510500.XSHG"
2024-03-22 10:06:00,加仓,500ETF,510500.XSHG,5.479,600.0,13390,,10.0,2024-03-22,2024-03,"500ETF
510500.XSHG"
2024-03-28 14:29:00,止盈,黄金ETF,518880.XSHG,5.018,1000.0,8300,98.5,-2.0,2024-03-28,2024-03,"黄金ETF
518880.XSHG"
2024-03-29 10:14:00,止盈,黄金ETF,518880.XSHG,5.119,1000.0,7300,100.49,-3.0,2024-03-29,2024-03,"黄金ETF
518880.XSHG"
2024-04-03 10:17:00,止盈,黄金ETF,518880.XSHG,5.222,1000.0,6300,102.48,-4.0,2024-04-03,2024-04,"黄金ETF
518880.XSHG"
2024-04-08 09:56:00,止盈,黄金ETF,518880.XSHG,5.332,1000.0,5300,109.47,-5.0,2024-04-08,2024-04,"黄金ETF
518880.XSHG"
2024-04-12 09:31:00,止盈,黄金ETF,518880.XSHG,5.458,1000.0,4300,125.45,-6.0,2024-04-12,2024-04,"黄金ETF
518880.XSHG"
2024-04-16 09:40:00,加仓,纳指ETF,513100.XSHG,1.297,3800.0,38500,,0.0,2024-04-16,2024-04,"纳指ETF
513100.XSHG"
2024-04-19 09:31:00,加仓,纳指ETF,513100.XSHG,1.261,3800.0,42300,,1.0,2024-04-19,2024-04,"纳指ETF
513100.XSHG"
2024-04-23 09:31:00,加仓,黄金ETF,518880.XSHG,5.319,1000.0,5300,,-5.0,2024-04-23,2024-04,"黄金ETF
518880.XSHG"
2024-04-24 09:31:00,止盈,纳指ETF,513100.XSHG,1.287,3800.0,38500,98.31,0.0,2024-04-24,2024-04,"纳指ETF
513100.XSHG"
2024-05-06 09:31:00,止盈,500ETF,510500.XSHG,5.612,600.0,12790,79.46,9.0,2024-05-06,2024-05,"500ETF
510500.XSHG"
2024-05-07 09:31:00,止盈,纳指ETF,513100.XSHG,1.314,3800.0,34700,102.1,-1.0,2024-05-07,2024-05,"纳指ETF
513100.XSHG"
2024-05-16 09:31:00,止盈,纳指ETF,513100.XSHG,1.357,3800.0,30900,162.88,-2.0,2024-05-16,2024-05,"纳指ETF
513100.XSHG"
2024-05-16 09:31:00,止盈,黄金ETF,518880.XSHG,5.444,1000.0,4300,124.46,-6.0,2024-05-16,2024-05,"黄金ETF
518880.XSHG"
2024-05-16 14:39:00,加仓,500ETF,510500.XSHG,5.497,600.0,13390,,10.0,2024-05-16,2024-05,"500ETF
510500.XSHG"
2024-05-20 13:32:00,止盈,黄金ETF,518880.XSHG,5.554,1000.0,3300,109.44,-7.0,2024-05-20,2024-05,"黄金ETF
518880.XSHG"
2024-05-23 09:31:00,加仓,黄金ETF,518880.XSHG,5.367,1000.0,4300,,-6.0,2024-05-23,2024-05,"黄金ETF
518880.XSHG"
2024-06-06 09:31:00,止盈,纳指ETF,513100.XSHG,1.393,3800.0,27100,136.27,-3.0,2024-06-06,2024-06,"纳指ETF
513100.XSHG"
2024-06-11 09:31:00,加仓,黄金ETF,518880.XSHG,5.252,1000.0,5300,,-5.0,2024-06-11,2024-06,"黄金ETF
518880.XSHG"
2024-06-13 09:31:00,止盈,纳指ETF,513100.XSHG,1.434,3800.0,23300,155.26,-4.0,2024-06-13,2024-06,"纳指ETF
513100.XSHG"
2024-06-19 09:46:00,止盈,纳指ETF,513100.XSHG,1.463,3800.0,19500,109.64,-5.0,2024-06-19,2024-06,"纳指ETF
513100.XSHG"
2024-06-21 09:31:00,止盈,黄金ETF,518880.XSHG,5.385,1000.0,4300,132.46,-6.0,2024-06-21,2024-06,"黄金ETF
518880.XSHG"
2024-06-25 09:31:00,加仓,纳指ETF,513100.XSHG,1.426,3800.0,23300,,-4.0,2024-06-25,2024-06,"纳指ETF
513100.XSHG"
2024-06-26 09:38:00,加仓,黄金ETF,518880.XSHG,5.277,1000.0,5300,,-5.0,2024-06-26,2024-06,"黄金ETF
518880.XSHG"
2024-06-26 14:49:00,止盈,纳指ETF,513100.XSHG,1.455,3800.0,19500,109.65,-5.0,2024-06-26,2024-06,"纳指ETF
513100.XSHG"
2024-07-03 09:31:00,止盈,纳指ETF,513100.XSHG,1.496,3800.0,15700,155.23,-6.0,2024-07-03,2024-07,"纳指ETF
513100.XSHG"
2024-07-04 09:32:00,止盈,纳指ETF,513100.XSHG,1.526,3800.0,11900,113.42,-7.0,2024-07-04,2024-07,"纳指ETF
513100.XSHG"
2024-07-04 09:34:00,止盈,黄金ETF,518880.XSHG,5.383,1000.0,4300,105.46,-6.0,2024-07-04,2024-07,"黄金ETF
518880.XSHG"
2024-07-09 09:31:00,止盈,纳指ETF,513100.XSHG,1.56,3800.0,8100,128.61,-8.0,2024-07-09,2024-07,"纳指ETF
513100.XSHG"
2024-07-12 09:31:00,加仓,纳指ETF,513100.XSHG,1.506,3800.0,11900,,-7.0,2024-07-12,2024-07,"纳指ETF
513100.XSHG"
2024-07-15 14:53:00,止盈,纳指ETF,513100.XSHG,1.537,3800.0,8100,117.22,-8.0,2024-07-15,2024-07,"纳指ETF
513100.XSHG"
2024-07-16 09:50:00,止盈,黄金ETF,518880.XSHG,5.491,1000.0,3300,107.45,-7.0,2024-07-16,2024-07,"黄金ETF
518880.XSHG"
2024-07-17 09:33:00,止盈,黄金ETF,518880.XSHG,5.601,1000.0,2300,109.44,-8.0,2024-07-17,2024-07,"黄金ETF
518880.XSHG"
2024-07-18 09:31:00,加仓,纳指ETF,513100.XSHG,1.467,3800.0,11900,,-7.0,2024-07-18,2024-07,"纳指ETF
513100.XSHG"
2024-07-19 09:31:00,加仓,黄金ETF,518880.XSHG,5.455,1000.0,3300,,-7.0,2024-07-19,2024-07,"黄金ETF
518880.XSHG"
2024-07-25 09:31:00,加仓,纳指ETF,513100.XSHG,1.41,3800.0,15700,,-6.0,2024-07-25,2024-07,"纳指ETF
513100.XSHG"
2024-07-25 09:42:00,加仓,黄金ETF,518880.XSHG,5.344,1000.0,4300,,-6.0,2024-07-25,2024-07,"黄金ETF
518880.XSHG"
2024-07-31 14:30:00,止盈,黄金ETF,518880.XSHG,5.451,1000.0,3300,106.45,-7.0,2024-07-31,2024-07,"黄金ETF
518880.XSHG"
2024-08-01 09:31:00,止盈,纳指ETF,513100.XSHG,1.465,3800.0,11900,208.44,-7.0,2024-08-01,2024-08,"纳指ETF
513100.XSHG"
2024-08-02 09:31:00,加仓,纳指ETF,513100.XSHG,1.411,3800.0,15700,,-6.0,2024-08-02,2024-08,"纳指ETF
513100.XSHG"
2024-08-05 09:31:00,加仓,纳指ETF,513100.XSHG,1.331,3800.0,19500,,-5.0,2024-08-05,2024-08,"纳指ETF
513100.XSHG"
2024-08-05 13:04:00,加仓,纳指ETF,513100.XSHG,1.303,3800.0,23300,,-4.0,2024-08-05,2024-08,"纳指ETF
513100.XSHG"
2024-08-05 13:53:00,加仓,纳指ETF,513100.XSHG,1.276,3800.0,27100,,-3.0,2024-08-05,2024-08,"纳指ETF
513100.XSHG"
2024-08-06 09:31:00,止盈,纳指ETF,513100.XSHG,1.336,3800.0,23300,227.49,-4.0,2024-08-06,2024-08,"纳指ETF
513100.XSHG"
2024-08-06 10:38:00,加仓,黄金ETF,518880.XSHG,5.34,1000.0,4300,,-6.0,2024-08-06,2024-08,"黄金ETF
518880.XSHG"
2024-08-08 09:41:00,加仓,纳指ETF,513100.XSHG,1.309,3800.0,27100,,-3.0,2024-08-08,2024-08,"纳指ETF
513100.XSHG"
2024-08-09 09:31:00,止盈,纳指ETF,513100.XSHG,1.354,3800.0,23300,170.49,-4.0,2024-08-09,2024-08,"纳指ETF
513100.XSHG"
2024-08-13 09:31:00,止盈,黄金ETF,518880.XSHG,5.48,1000.0,3300,139.45,-7.0,2024-08-13,2024-08,"黄金ETF
518880.XSHG"
2024-08-14 09:31:00,止盈,纳指ETF,513100.XSHG,1.413,3800.0,19500,223.66,-5.0,2024-08-14,2024-08,"纳指ETF
513100.XSHG"
2024-08-16 09:31:00,止盈,纳指ETF,513100.XSHG,1.463,3800.0,15700,189.44,-6.0,2024-08-16,2024-08,"纳指ETF
513100.XSHG"
2024-08-29 09:31:00,加仓,纳指ETF,513100.XSHG,1.41,3800.0,19500,,-5.0,2024-08-29,2024-08,"纳指ETF
513100.XSHG"
2024-09-04 09:31:00,加仓,纳指ETF,513100.XSHG,1.374,3800.0,23300,,-4.0,2024-09-04,2024-09,"纳指ETF
513100.XSHG"
2024-09-09 09:32:00,加仓,纳指ETF,513100.XSHG,1.345,3800.0,27100,,-3.0,2024-09-09,2024-09,"纳指ETF
513100.XSHG"
2024-09-10 09:31:00,止盈,纳指ETF,513100.XSHG,1.373,3800.0,23300,105.88,-4.0,2024-09-10,2024-09,"纳指ETF
513100.XSHG"
2024-09-12 09:31:00,止盈,纳指ETF,513100.XSHG,1.414,3800.0,19500,155.26,-5.0,2024-09-12,2024-09,"纳指ETF
513100.XSHG"
2024-09-13 09:31:00,止盈,黄金ETF,518880.XSHG,5.613,1000.0,2300,132.44,-8.0,2024-09-13,2024-09,"黄金ETF
518880.XSHG"
2024-09-20 09:31:00,止盈,纳指ETF,513100.XSHG,1.456,3800.0,15700,159.05,-6.0,2024-09-20,2024-09,"纳指ETF
513100.XSHG"
2024-09-24 09:32:00,破顶,黄金ETF,518880.XSHG,5.726,,8700,,,2024-09-24,2024-09,"黄金ETF
518880.XSHG"
2024-09-25 09:34:00,加仓,纳指ETF,513100.XSHG,1.426,3800.0,19500,,-5.0,2024-09-25,2024-09,"纳指ETF
513100.XSHG"
2024-09-30 09:31:00,止盈,500ETF,510500.XSHG,5.787,600.0,12790,173.65,9.0,2024-09-30,2024-09,"500ETF
510500.XSHG"
2024-09-30 09:32:00,加仓,纳指ETF,513100.XSHG,1.395,3800.0,23300,,-4.0,2024-09-30,2024-09,"纳指ETF
513100.XSHG"
2024-09-30 09:40:00,加仓,500ETF,510500.XSHG,5.649,600.0,13390,,10.0,2024-09-30,2024-09,"500ETF
510500.XSHG"
2024-09-30 10:54:00,止盈,500ETF,510500.XSHG,5.775,600.0,12790,75.25,9.0,2024-09-30,2024-09,"500ETF
510500.XSHG"
2024-09-30 13:07:00,止盈,500ETF,510500.XSHG,5.894,600.0,12190,71.05,8.0,2024-09-30,2024-09,"500ETF
510500.XSHG"
2024-09-30 13:59:00,止盈,500ETF,510500.XSHG,6.02,600.0,11590,75.24,7.0,2024-09-30,2024-09,"500ETF
510500.XSHG"
2024-09-30 14:25:00,加仓,500ETF,510500.XSHG,5.898,600.0,12190,,8.0,2024-09-30,2024-09,"500ETF
510500.XSHG"
2024-10-08 09:31:00,止盈,500ETF,510500.XSHG,6.595,600.0,11590,417.8,7.0,2024-10-08,2024-10,"500ETF
510500.XSHG"
2024-10-08 09:46:00,加仓,500ETF,510500.XSHG,6.407,600.0,12190,,8.0,2024-10-08,2024-10,"500ETF
510500.XSHG"
2024-10-08 10:29:00,加仓,500ETF,510500.XSHG,6.275,600.0,12790,,9.0,2024-10-08,2024-10,"500ETF
510500.XSHG"
2024-10-08 10:34:00,加仓,500ETF,510500.XSHG,6.131,600.0,13390,,10.0,2024-10-08,2024-10,"500ETF
510500.XSHG"
2024-10-08 10:45:00,止盈,500ETF,510500.XSHG,6.256,600.0,12790,74.62,9.0,2024-10-08,2024-10,"500ETF
510500.XSHG"
2024-10-08 11:01:00,加仓,500ETF,510500.XSHG,6.126,600.0,13390,,10.0,2024-10-08,2024-10,"500ETF
510500.XSHG"
2024-10-08 11:07:00,止盈,500ETF,510500.XSHG,6.259,600.0,12790,79.42,9.0,2024-10-08,2024-10,"500ETF
510500.XSHG"
2024-10-08 13:26:00,加仓,500ETF,510500.XSHG,6.129,600.0,13390,,10.0,2024-10-08,2024-10,"500ETF
510500.XSHG"
2024-10-08 14:29:00,止盈,500ETF,510500.XSHG,6.252,600.0,12790,73.42,9.0,2024-10-08,2024-10,"500ETF
510500.XSHG"
2024-10-09 09:31:00,止盈,纳指ETF,513100.XSHG,1.429,3800.0,19500,128.66,-5.0,2024-10-09,2024-10,"纳指ETF
513100.XSHG"
2024-10-09 09:31:00,加仓,500ETF,510500.XSHG,6.036,600.0,13390,,10.0,2024-10-09,2024-10,"500ETF
510500.XSHG"
2024-10-09 09:50:00,止盈,500ETF,510500.XSHG,6.162,600.0,12790,75.23,9.0,2024-10-09,2024-10,"500ETF
510500.XSHG"
2024-10-09 10:08:00,加仓,500ETF,510500.XSHG,6.024,600.0,13390,,10.0,2024-10-09,2024-10,"500ETF
510500.XSHG"
2024-10-15 09:31:00,止盈,纳指ETF,513100.XSHG,1.46,3800.0,15700,117.25,-6.0,2024-10-15,2024-10,"纳指ETF
513100.XSHG"
2024-10-16 09:31:00,止盈,黄金ETF,518880.XSHG,5.852,800.0,7900,100.33,-1.0,2024-10-16,2024-10,"黄金ETF
518880.XSHG"
2024-10-18 09:49:00,止盈,黄金ETF,518880.XSHG,5.97,800.0,7100,93.92,-2.0,2024-10-18,2024-10,"黄金ETF
518880.XSHG"
2024-10-30 09:31:00,止盈,黄金ETF,518880.XSHG,6.109,800.0,6300,110.71,-3.0,2024-10-30,2024-10,"黄金ETF
518880.XSHG"
2024-11-05 10:16:00,止盈,500ETF,510500.XSHG,6.149,600.0,12790,74.63,9.0,2024-11-05,2024-11,"500ETF
510500.XSHG"
2024-11-05 10:36:00,加仓,黄金ETF,518880.XSHG,5.983,800.0,7100,,-2.0,2024-11-05,2024-11,"黄金ETF
518880.XSHG"
2024-11-06 10:02:00,止盈,500ETF,510500.XSHG,6.282,600.0,12190,79.42,8.0,2024-11-06,2024-11,"500ETF
510500.XSHG"
2024-11-07 09:31:00,止盈,纳指ETF,513100.XSHG,1.515,3800.0,11900,208.42,-7.0,2024-11-07,2024-11,"纳指ETF
513100.XSHG"
2024-11-07 09:43:00,加仓,黄金ETF,518880.XSHG,5.862,800.0,7900,,-1.0,2024-11-07,2024-11,"黄金ETF
518880.XSHG"
2024-11-08 09:31:00,止盈,500ETF,510500.XSHG,6.408,600.0,11590,75.22,7.0,2024-11-08,2024-11,"500ETF
510500.XSHG"
2024-11-13 10:32:00,加仓,500ETF,510500.XSHG,6.275,600.0,12190,,8.0,2024-11-13,2024-11,"500ETF
510500.XSHG"
2024-11-14 09:31:00,加仓,黄金ETF,518880.XSHG,5.724,800.0,8700,,0.0,2024-11-14,2024-11,"黄金ETF
518880.XSHG"
2024-11-15 09:46:00,加仓,500ETF,510500.XSHG,6.148,600.0,12790,,9.0,2024-11-15,2024-11,"500ETF
510500.XSHG"
2024-11-15 14:59:00,加仓,500ETF,510500.XSHG,6.021,600.0,13390,,10.0,2024-11-15,2024-11,"500ETF
510500.XSHG"
2024-11-19 10:34:00,止盈,黄金ETF,518880.XSHG,5.839,800.0,7900,91.53,-1.0,2024-11-19,2024-11,"黄金ETF
518880.XSHG"
2024-11-22 09:31:00,止盈,黄金ETF,518880.XSHG,5.968,800.0,7100,102.72,-2.0,2024-11-22,2024-11,"黄金ETF
518880.XSHG"
2024-11-26 09:31:00,加仓,黄金ETF,518880.XSHG,5.842,800.0,7900,,-1.0,2024-11-26,2024-11,"黄金ETF
518880.XSHG"
2024-11-27 09:33:00,止盈,纳指ETF,513100.XSHG,1.546,3800.0,8100,117.21,-8.0,2024-11-27,2024-11,"纳指ETF
513100.XSHG"
2024-12-04 13:35:00,破顶,纳指ETF,513100.XSHG,1.577,,31700,,,2024-12-04,2024-12,"纳指ETF
513100.XSHG"
2024-12-09 13:24:00,止盈,纳指ETF,513100.XSHG,1.609,3100.0,28600,98.7,-1.0,2024-12-09,2024-12,"纳指ETF
513100.XSHG"
2024-12-10 09:31:00,止盈,黄金ETF,518880.XSHG,5.97,800.0,7100,101.92,-2.0,2024-12-10,2024-12,"黄金ETF
518880.XSHG"
2024-12-10 09:31:00,止盈,500ETF,510500.XSHG,6.266,600.0,12790,146.62,9.0,2024-12-10,2024-12,"500ETF
510500.XSHG"
2024-12-10 11:05:00,加仓,500ETF,510500.XSHG,6.139,600.0,13390,,10.0,2024-12-10,2024-12,"500ETF
510500.XSHG"
2024-12-16 10:13:00,止盈,纳指ETF,513100.XSHG,1.642,3100.0,25500,101.79,-2.0,2024-12-16,2024-12,"纳指ETF
513100.XSHG"
2024-12-17 09:31:00,止盈,纳指ETF,513100.XSHG,1.677,3100.0,22400,107.98,-3.0,2024-12-17,2024-12,"纳指ETF
513100.XSHG"
2024-12-19 09:31:00,加仓,纳指ETF,513100.XSHG,1.618,3100.0,25500,,-2.0,2024-12-19,2024-12,"纳指ETF
513100.XSHG"
2024-12-23 14:59:00,止盈,纳指ETF,513100.XSHG,1.651,3100.0,22400,101.79,-3.0,2024-12-23,2024-12,"纳指ETF
513100.XSHG"
2025-01-07 09:31:00,止盈,纳指ETF,513100.XSHG,1.687,3100.0,19300,111.08,-4.0,2025-01-07,2025-01,"纳指ETF
513100.XSHG"
2025-01-08 09:31:00,加仓,纳指ETF,513100.XSHG,1.634,3100.0,22400,,-3.0,2025-01-08,2025-01,"纳指ETF
513100.XSHG"
2025-01-10 13:38:00,止盈,黄金ETF,518880.XSHG,6.09,800.0,6300,95.51,-3.0,2025-01-10,2025-01,"黄金ETF
518880.XSHG"
2025-01-13 13:10:00,加仓,纳指ETF,513100.XSHG,1.601,3100.0,25500,,-2.0,2025-01-13,2025-01,"纳指ETF
513100.XSHG"
2025-01-16 09:31:00,止盈,纳指ETF,513100.XSHG,1.64,3100.0,22400,120.39,-3.0,2025-01-16,2025-01,"纳指ETF
513100.XSHG"
2025-01-22 13:59:00,止盈,黄金ETF,518880.XSHG,6.213,800.0,5500,97.9,-4.0,2025-01-22,2025-01,"黄金ETF
518880.XSHG"
2025-02-05 09:31:00,止盈,黄金ETF,518880.XSHG,6.4,800.0,4700,149.09,-5.0,2025-02-05,2025-02,"黄金ETF
518880.XSHG"
2025-02-10 09:32:00,加仓,纳指ETF,513100.XSHG,1.606,3100.0,25500,,-2.0,2025-02-10,2025-02,"纳指ETF
513100.XSHG"
2025-02-11 09:31:00,止盈,黄金ETF,518880.XSHG,6.622,800.0,3900,177.07,-6.0,2025-02-11,2025-02,"黄金ETF
518880.XSHG"
2025-02-17 09:31:00,加仓,黄金ETF,518880.XSHG,6.478,800.0,4700,,-5.0,2025-02-17,2025-02,"黄金ETF
518880.XSHG"
2025-02-18 14:28:00,止盈,纳指ETF,513100.XSHG,1.639,3100.0,22400,101.79,-3.0,2025-02-18,2025-02,"纳指ETF
513100.XSHG"
2025-02-19 09:36:00,止盈,黄金ETF,518880.XSHG,6.608,800.0,3900,103.47,-6.0,2025-02-19,2025-02,"黄金ETF
518880.XSHG"
2025-02-24 09:31:00,加仓,纳指ETF,513100.XSHG,1.581,3100.0,25500,,-2.0,2025-02-24,2025-02,"纳指ETF
513100.XSHG"
2025-02-28 09:31:00,加仓,纳指ETF,513100.XSHG,1.528,3100.0,28600,,-1.0,2025-02-28,2025-02,"纳指ETF
513100.XSHG"
2025-02-28 09:55:00,加仓,黄金ETF,518880.XSHG,6.475,800.0,4700,,-5.0,2025-02-28,2025-02,"黄金ETF
518880.XSHG"
2025-03-10 09:31:00,加仓,纳指ETF,513100.XSHG,1.497,3100.0,31700,,0.0,2025-03-10,2025-03,"纳指ETF
513100.XSHG"
2025-03-11 09:31:00,加仓,纳指ETF,513100.XSHG,1.429,3100.0,34800,,1.0,2025-03-11,2025-03,"纳指ETF
513100.XSHG"
2025-03-11 09:32:00,加仓,纳指ETF,513100.XSHG,1.4,3100.0,37900,,2.0,2025-03-11,2025-03,"纳指ETF
513100.XSHG"
2025-03-11 13:18:00,止盈,纳指ETF,513100.XSHG,1.429,3100.0,34800,89.46,1.0,2025-03-11,2025-03,"纳指ETF
513100.XSHG"
2025-03-14 09:31:00,止盈,黄金ETF,518880.XSHG,6.688,800.0,3900,169.86,-6.0,2025-03-14,2025-03,"黄金ETF
518880.XSHG"
2025-03-20 09:31:00,止盈,纳指ETF,513100.XSHG,1.462,3100.0,31700,101.85,0.0,2025-03-20,2025-03,"纳指ETF
513100.XSHG"
2025-03-24 09:39:00,止盈,纳指ETF,513100.XSHG,1.492,3100.0,28600,92.54,-1.0,2025-03-24,2025-03,"纳指ETF
513100.XSHG"
2025-03-25 09:31:00,止盈,纳指ETF,513100.XSHG,1.523,3100.0,25500,95.63,-2.0,2025-03-25,2025-03,"纳指ETF
513100.XSHG"
2025-03-27 09:31:00,加仓,纳指ETF,513100.XSHG,1.479,3100.0,28600,,-1.0,2025-03-27,2025-03,"纳指ETF
513100.XSHG"
2025-03-28 09:31:00,止盈,黄金ETF,518880.XSHG,6.908,800.0,3100,175.45,-7.0,2025-03-28,2025-03,"黄金ETF
518880.XSHG"
2025-03-31 09:31:00,加仓,纳指ETF,513100.XSHG,1.428,3100.0,31700,,0.0,2025-03-31,2025-03,"纳指ETF
513100.XSHG"
2025-04-01 09:31:00,止盈,黄金ETF,518880.XSHG,7.066,800.0,2300,125.83,-8.0,2025-04-01,2025-04,"黄金ETF
518880.XSHG"
2025-04-07 09:31:00,加仓,纳指ETF,513100.XSHG,1.272,3100.0,34800,,1.0,2025-04-07,2025-04,"纳指ETF
513100.XSHG"
2025-04-07 09:31:00,加仓,黄金ETF,518880.XSHG,6.833,800.0,3100,,-7.0,2025-04-07,2025-04,"黄金ETF
518880.XSHG"
2025-04-07 09:45:00,止盈,黄金ETF,518880.XSHG,6.981,800.0,2300,117.84,-8.0,2025-04-07,2025-04,"黄金ETF
518880.XSHG"
2025-04-08 09:31:00,止盈,纳指ETF,513100.XSHG,1.309,3100.0,31700,114.29,0.0,2025-04-08,2025-04,"纳指ETF
513100.XSHG"
2025-04-09 09:31:00,加仓,纳指ETF,513100.XSHG,1.27,3100.0,34800,,1.0,2025-04-09,2025-04,"纳指ETF
513100.XSHG"
2025-04-09 10:27:00,止盈,纳指ETF,513100.XSHG,1.296,3100.0,31700,80.2,0.0,2025-04-09,2025-04,"纳指ETF
513100.XSHG"
2025-04-09 13:10:00,加仓,纳指ETF,513100.XSHG,1.27,3100.0,34800,,1.0,2025-04-09,2025-04,"纳指ETF
513100.XSHG"
2025-04-09 14:39:00,止盈,纳指ETF,513100.XSHG,1.296,3100.0,31700,80.2,0.0,2025-04-09,2025-04,"纳指ETF
513100.XSHG"
2025-04-10 09:31:00,止盈,纳指ETF,513100.XSHG,1.43,3100.0,28600,414.96,-1.0,2025-04-10,2025-04,"纳指ETF
513100.XSHG"
2025-04-10 09:31:00,破顶,黄金ETF,518880.XSHG,7.131,,7000,,,2025-04-10,2025-04,"黄金ETF
518880.XSHG"
2025-04-11 09:31:00,加仓,纳指ETF,513100.XSHG,1.372,3100.0,31700,,0.0,2025-04-11,2025-04,"纳指ETF
513100.XSHG"
2025-04-11 09:31:00,止盈,黄金ETF,518880.XSHG,7.324,700.0,6300,134.59,-1.0,2025-04-11,2025-04,"黄金ETF
518880.XSHG"
2025-04-11 13:04:00,止盈,纳指ETF,513100.XSHG,1.403,3100.0,28600,95.67,-1.0,2025-04-11,2025-04,"纳指ETF
513100.XSHG"
2025-04-14 09:31:00,止盈,纳指ETF,513100.XSHG,1.434,3100.0,25500,95.66,-2.0,2025-04-14,2025-04,"纳指ETF
513100.XSHG"
2025-04-16 09:31:00,加仓,纳指ETF,513100.XSHG,1.4,3100.0,28600,,-1.0,2025-04-16,2025-04,"纳指ETF
513100.XSHG"
2025-04-16 13:03:00,止盈,黄金ETF,518880.XSHG,7.473,700.0,5600,103.78,-2.0,2025-04-16,2025-04,"黄金ETF
518880.XSHG"
2025-04-17 09:31:00,止盈,黄金ETF,518880.XSHG,7.65,700.0,4900,123.36,-3.0,2025-04-17,2025-04,"黄金ETF
518880.XSHG"
2025-04-21 09:54:00,加仓,纳指ETF,513100.XSHG,1.371,3100.0,31700,,0.0,2025-04-21,2025-04,"纳指ETF
513100.XSHG"
2025-04-22 09:31:00,止盈,黄金ETF,518880.XSHG,7.87,700.0,4200,153.45,-4.0,2025-04-22,2025-04,"黄金ETF
518880.XSHG"
2025-04-22 13:04:00,止盈,黄金ETF,518880.XSHG,8.028,700.0,3500,110.04,-5.0,2025-04-22,2025-04,"黄金ETF
518880.XSHG"
2025-04-23 09:31:00,止盈,纳指ETF,513100.XSHG,1.401,3100.0,28600,92.57,-1.0,2025-04-23,2025-04,"纳指ETF
513100.XSHG"
2025-04-23 09:31:00,加仓,黄金ETF,518880.XSHG,7.742,700.0,4200,,-4.0,2025-04-23,2025-04,"黄金ETF
518880.XSHG"
2025-04-23 11:13:00,加仓,黄金ETF,518880.XSHG,7.574,700.0,4900,,-3.0,2025-04-23,2025-04,"黄金ETF
518880.XSHG"
2025-04-25 09:31:00,止盈,纳指ETF,513100.XSHG,1.438,3100.0,25500,114.25,-2.0,2025-04-25,2025-04,"纳指ETF
513100.XSHG"
2025-05-06 09:31:00,止盈,纳指ETF,513100.XSHG,1.468,3100.0,22400,92.54,-3.0,2025-05-06,2025-05,"纳指ETF
513100.XSHG"
2025-05-08 10:00:00,止盈,黄金ETF,518880.XSHG,7.726,700.0,4200,105.86,-4.0,2025-05-08,2025-05,"黄金ETF
518880.XSHG"
2025-05-08 14:17:00,加仓,黄金ETF,518880.XSHG,7.57,700.0,4900,,-3.0,2025-05-08,2025-05,"黄金ETF
518880.XSHG"
2025-05-12 09:31:00,止盈,纳指ETF,513100.XSHG,1.514,3100.0,19300,142.13,-4.0,2025-05-12,2025-05,"纳指ETF
513100.XSHG"
2025-05-12 09:31:00,加仓,黄金ETF,518880.XSHG,7.347,700.0,5600,,-2.0,2025-05-12,2025-05,"黄金ETF
518880.XSHG"
2025-05-14 09:31:00,止盈,纳指ETF,513100.XSHG,1.547,3100.0,16200,101.82,-5.0,2025-05-14,2025-05,"纳指ETF
513100.XSHG"
2025-05-15 09:31:00,加仓,黄金ETF,518880.XSHG,7.165,700.0,6300,,-1.0,2025-05-15,2025-05,"黄金ETF
518880.XSHG"
2025-05-15 13:56:00,加仓,黄金ETF,518880.XSHG,7.016,700.0,7000,,0.0,2025-05-15,2025-05,"黄金ETF
518880.XSHG"
2025-05-16 09:31:00,止盈,黄金ETF,518880.XSHG,7.191,700.0,6300,122.0,-1.0,2025-05-16,2025-05,"黄金ETF
518880.XSHG"
2025-05-21 09:31:00,止盈,黄金ETF,518880.XSHG,7.38,700.0,5600,131.78,-2.0,2025-05-21,2025-05,"黄金ETF
518880.XSHG"
2025-05-29 09:31:00,止盈,纳指ETF,513100.XSHG,1.589,3100.0,13100,129.71,-6.0,2025-05-29,2025-05,"纳指ETF
513100.XSHG"
2025-05-30 09:31:00,加仓,纳指ETF,513100.XSHG,1.554,3100.0,16200,,-5.0,2025-05-30,2025-05,"纳指ETF
513100.XSHG"
2025-06-13 09:31:00,止盈,黄金ETF,518880.XSHG,7.619,700.0,4900,166.77,-3.0,2025-06-13,2025-06,"黄金ETF
518880.XSHG"
2025-06-19 14:04:00,加仓,黄金ETF,518880.XSHG,7.464,700.0,5600,,-2.0,2025-06-19,2025-06,"黄金ETF
518880.XSHG"
2025-06-24 09:39:00,止盈,纳指ETF,513100.XSHG,1.586,3100.0,13100,98.71,-6.0,2025-06-24,2025-06,"纳指ETF
513100.XSHG"
2025-06-27 13:41:00,止盈,纳指ETF,513100.XSHG,1.618,3100.0,10000,98.7,-7.0,2025-06-27,2025-06,"纳指ETF
513100.XSHG"
2025-06-27 14:40:00,加仓,黄金ETF,518880.XSHG,7.313,700.0,6300,,-1.0,2025-06-27,2025-06,"黄金ETF
518880.XSHG"
2025-07-17 14:29:00,止盈,纳指ETF,513100.XSHG,1.651,3100.0,6900,101.79,-8.0,2025-07-17,2025-07,"纳指ETF
513100.XSHG"
2025-07-22 09:31:00,止盈,黄金ETF,518880.XSHG,7.485,700.0,5600,119.88,-2.0,2025-07-22,2025-07,"黄金ETF
518880.XSHG"
2025-07-22 11:21:00,止盈,500ETF,510500.XSHG,6.265,600.0,12790,75.22,9.0,2025-07-22,2025-07,"500ETF
510500.XSHG"
2025-07-28 10:11:00,止盈,500ETF,510500.XSHG,6.391,600.0,12190,75.22,8.0,2025-07-28,2025-07,"500ETF
510500.XSHG"
2025-07-29 13:55:00,破顶,纳指ETF,513100.XSHG,1.685,,29600,,,2025-07-29,2025-07,"纳指ETF
513100.XSHG"
2025-07-31 09:31:00,加仓,黄金ETF,518880.XSHG,7.322,700.0,6300,,-1.0,2025-07-31,2025-07,"黄金ETF
518880.XSHG"
2025-08-01 13:35:00,加仓,500ETF,510500.XSHG,6.261,600.0,12790,,9.0,2025-08-01,2025-08,"500ETF
510500.XSHG"
2025-08-04 09:31:00,加仓,纳指ETF,513100.XSHG,1.644,2900.0,32500,,1.0,2025-08-04,2025-08,"纳指ETF
513100.XSHG"
2025-08-05 09:31:00,止盈,黄金ETF,518880.XSHG,7.482,700.0,5600,111.48,-2.0,2025-08-05,2025-08,"黄金ETF
518880.XSHG"
2025-08-05 14:19:00,止盈,纳指ETF,513100.XSHG,1.677,2900.0,29600,95.21,0.0,2025-08-05,2025-08,"纳指ETF
513100.XSHG"
2025-08-06 09:46:00,止盈,500ETF,510500.XSHG,6.387,600.0,12190,75.22,8.0,2025-08-06,2025-08,"500ETF
510500.XSHG"
2025-08-13 09:31:00,止盈,纳指ETF,513100.XSHG,1.721,2900.0,26700,127.1,-1.0,2025-08-13,2025-08,"纳指ETF
513100.XSHG"
2025-08-13 09:36:00,止盈,500ETF,510500.XSHG,6.516,600.0,11590,77.01,7.0,2025-08-13,2025-08,"500ETF
510500.XSHG"
2025-08-15 13:07:00,止盈,500ETF,510500.XSHG,6.648,600.0,10990,78.8,6.0,2025-08-15,2025-08,"500ETF
510500.XSHG"
2025-08-18 11:26:00,止盈,500ETF,510500.XSHG,6.786,600.0,10390,82.39,5.0,2025-08-18,2025-08,"500ETF
510500.XSHG"
2025-08-20 09:31:00,加仓,纳指ETF,513100.XSHG,1.678,2900.0,29600,,0.0,2025-08-20,2025-08,"纳指ETF
513100.XSHG"
2025-08-25 09:31:00,止盈,500ETF,510500.XSHG,6.972,600.0,9790,111.18,4.0,2025-08-25,2025-08,"500ETF
510500.XSHG"
2025-08-27 10:26:00,止盈,500ETF,510500.XSHG,7.112,600.0,9190,83.57,3.0,2025-08-27,2025-08,"500ETF
510500.XSHG"
2025-08-27 14:54:00,加仓,500ETF,510500.XSHG,6.969,600.0,9790,,4.0,2025-08-27,2025-08,"500ETF
510500.XSHG"
2025-08-29 09:53:00,止盈,500ETF,510500.XSHG,7.112,600.0,9190,85.37,3.0,2025-08-29,2025-08,"500ETF
510500.XSHG"
2025-09-01 10:46:00,止盈,黄金ETF,518880.XSHG,7.632,700.0,4900,104.47,-3.0,2025-09-01,2025-09,"黄金ETF
518880.XSHG"
2025-09-03 10:08:00,止盈,黄金ETF,518880.XSHG,7.785,700.0,4200,106.56,-4.0,2025-09-03,2025-09,"黄金ETF
518880.XSHG"
2025-09-03 13:36:00,加仓,500ETF,510500.XSHG,6.968,600.0,9790,,4.0,2025-09-03,2025-09,"500ETF
510500.XSHG"
2025-09-04 10:50:00,加仓,500ETF,510500.XSHG,6.828,600.0,10390,,5.0,2025-09-04,2025-09,"500ETF
510500.XSHG"
2025-09-04 14:36:00,加仓,500ETF,510500.XSHG,6.691,600.0,10990,,6.0,2025-09-04,2025-09,"500ETF
510500.XSHG"
2025-09-05 09:56:00,止盈,500ETF,510500.XSHG,6.835,600.0,10390,85.99,5.0,2025-09-05,2025-09,"500ETF
510500.XSHG"
2025-09-05 14:11:00,止盈,500ETF,510500.XSHG,6.972,600.0,9790,81.78,4.0,2025-09-05,2025-09,"500ETF
510500.XSHG"
2025-09-09 09:37:00,止盈,黄金ETF,518880.XSHG,7.943,700.0,3500,110.04,-5.0,2025-09-09,2025-09,"黄金ETF
518880.XSHG"
2025-09-11 11:04:00,止盈,500ETF,510500.XSHG,7.116,600.0,9190,85.97,3.0,2025-09-11,2025-09,"500ETF
510500.XSHG"
2025-09-12 09:31:00,止盈,纳指ETF,513100.XSHG,1.713,2900.0,26700,101.0,-1.0,2025-09-12,2025-09,"纳指ETF
513100.XSHG"
2025-09-12 10:23:00,止盈,500ETF,510500.XSHG,7.259,600.0,8590,85.36,2.0,2025-09-12,2025-09,"500ETF
510500.XSHG"
2025-09-18 10:15:00,止盈,500ETF,510500.XSHG,7.414,600.0,7990,92.56,1.0,2025-09-18,2025-09,"500ETF
510500.XSHG"
2025-09-18 14:14:00,加仓,500ETF,510500.XSHG,7.264,600.0,8590,,2.0,2025-09-18,2025-09,"500ETF
510500.XSHG"
2025-09-19 09:31:00,止盈,纳指ETF,513100.XSHG,1.752,2900.0,23800,112.59,-2.0,2025-09-19,2025-09,"纳指ETF
513100.XSHG"
2025-09-23 09:31:00,止盈,纳指ETF,513100.XSHG,1.788,2900.0,20900,103.88,-3.0,2025-09-23,2025-09,"纳指ETF
513100.XSHG"
2025-09-23 09:31:00,止盈,黄金ETF,518880.XSHG,8.119,700.0,2800,122.63,-6.0,2025-09-23,2025-09,"黄金ETF
518880.XSHG"
2025-09-24 13:45:00,止盈,500ETF,510500.XSHG,7.412,600.0,7990,88.36,1.0,2025-09-24,2025-09,"500ETF
510500.XSHG"
2025-09-30 09:31:00,止盈,黄金ETF,518880.XSHG,8.327,700.0,2100,145.02,-7.0,2025-09-30,2025-09,"黄金ETF
518880.XSHG"
2025-10-09 09:31:00,止盈,纳指ETF,513100.XSHG,1.843,2900.0,18000,158.97,-4.0,2025-10-09,2025-10,"纳指ETF
513100.XSHG"
2025-10-09 09:31:00,止盈,黄金ETF,518880.XSHG,8.731,700.0,1400,282.19,-8.0,2025-10-09,2025-10,"黄金ETF
518880.XSHG"
2025-10-09 09:34:00,止盈,500ETF,510500.XSHG,7.562,600.0,7390,89.55,0.0,2025-10-09,2025-10,"500ETF
510500.XSHG"
2025-10-13 09:31:00,加仓,500ETF,510500.XSHG,7.305,600.0,7990,,1.0,2025-10-13,2025-10,"500ETF
510500.XSHG"
2025-10-13 14:27:00,止盈,500ETF,510500.XSHG,7.454,600.0,7390,88.95,0.0,2025-10-13,2025-10,"500ETF
510500.XSHG"
2025-10-14 09:31:00,破顶,黄金ETF,518880.XSHG,9.085,,5500,,,2025-10-14,2025-10,"黄金ETF
518880.XSHG"
2025-10-14 13:12:00,止盈,黄金ETF,518880.XSHG,9.272,500.0,5000,93.04,-1.0,2025-10-14,2025-10,"黄金ETF
518880.XSHG"
2025-10-14 13:39:00,加仓,黄金ETF,518880.XSHG,9.081,500.0,5500,,0.0,2025-10-14,2025-10,"黄金ETF
518880.XSHG"
2025-10-14 14:19:00,加仓,500ETF,510500.XSHG,7.304,600.0,7990,,1.0,2025-10-14,2025-10,"500ETF
510500.XSHG"
2025-10-14 14:25:00,加仓,黄金ETF,518880.XSHG,8.891,500.0,6000,,1.0,2025-10-14,2025-10,"黄金ETF
518880.XSHG"
2025-10-14 14:29:00,加仓,纳指ETF,513100.XSHG,1.805,2900.0,20900,,-3.0,2025-10-14,2025-10,"纳指ETF
513100.XSHG"
2025-10-15 09:31:00,止盈,黄金ETF,518880.XSHG,9.154,500.0,5500,131.04,0.0,2025-10-15,2025-10,"黄金ETF
518880.XSHG"
2025-10-17 09:31:00,止盈,黄金ETF,518880.XSHG,9.485,500.0,5000,165.03,-1.0,2025-10-17,2025-10,"黄金ETF
518880.XSHG"
2025-10-17 14:13:00,加仓,500ETF,510500.XSHG,7.156,600.0,8590,,2.0,2025-10-17,2025-10,"500ETF
510500.XSHG"
2025-10-20 09:56:00,止盈,纳指ETF,513100.XSHG,1.842,2900.0,18000,106.77,-4.0,2025-10-20,2025-10,"纳指ETF
513100.XSHG"
2025-10-20 13:57:00,加仓,黄金ETF,518880.XSHG,9.294,500.0,5500,,0.0,2025-10-20,2025-10,"黄金ETF
518880.XSHG"
2025-10-21 09:31:00,止盈,纳指ETF,513100.XSHG,1.886,2900.0,15100,127.05,-5.0,2025-10-21,2025-10,"纳指ETF
513100.XSHG"
2025-10-21 09:31:00,止盈,黄金ETF,518880.XSHG,9.508,500.0,5000,106.52,-1.0,2025-10-21,2025-10,"黄金ETF
518880.XSHG"
2025-10-22 09:31:00,加仓,黄金ETF,518880.XSHG,8.984,500.0,5500,,0.0,2025-10-22,2025-10,"黄金ETF
518880.XSHG"
2025-10-24 09:34:00,止盈,500ETF,510500.XSHG,7.307,600.0,7990,90.16,1.0,2025-10-24,2025-10,"500ETF
510500.XSHG"
2025-10-27 09:31:00,止盈,纳指ETF,513100.XSHG,1.924,2900.0,12200,109.64,-6.0,2025-10-27,2025-10,"纳指ETF
513100.XSHG"
2025-10-27 09:32:00,止盈,500ETF,510500.XSHG,7.457,600.0,7390,89.55,0.0,2025-10-27,2025-10,"500ETF
510500.XSHG"
2025-10-28 09:31:00,止盈,纳指ETF,513100.XSHG,1.976,2900.0,9300,150.23,-7.0,2025-10-28,2025-10,"纳指ETF
513100.XSHG"
2025-10-28 09:31:00,加仓,黄金ETF,518880.XSHG,8.78,500.0,6000,,1.0,2025-10-28,2025-10,"黄金ETF
518880.XSHG"
2025-10-28 13:39:00,加仓,纳指ETF,513100.XSHG,1.935,2900.0,12200,,-6.0,2025-10-28,2025-10,"纳指ETF
513100.XSHG"
2025-10-28 14:41:00,加仓,黄金ETF,518880.XSHG,8.604,500.0,6500,,2.0,2025-10-28,2025-10,"黄金ETF
518880.XSHG"
2025-10-29 09:31:00,止盈,纳指ETF,513100.XSHG,1.982,2900.0,9300,135.73,-7.0,2025-10-29,2025-10,"纳指ETF
513100.XSHG"
2025-10-31 09:31:00,止盈,黄金ETF,518880.XSHG,8.814,500.0,6000,104.56,1.0,2025-10-31,2025-10,"黄金ETF
518880.XSHG"
2025-11-04 13:02:00,加仓,纳指ETF,513100.XSHG,1.942,2900.0,12200,,-6.0,2025-11-04,2025-11,"纳指ETF
513100.XSHG"
2025-11-04 13:47:00,加仓,500ETF,510500.XSHG,7.307,600.0,7990,,1.0,2025-11-04,2025-11,"500ETF
510500.XSHG"
2025-11-05 09:31:00,加仓,纳指ETF,513100.XSHG,1.888,2900.0,15100,,-5.0,2025-11-05,2025-11,"纳指ETF
513100.XSHG"
2025-11-05 13:36:00,止盈,纳指ETF,513100.XSHG,1.926,2900.0,12200,109.64,-6.0,2025-11-05,2025-11,"纳指ETF
513100.XSHG"
2025-11-06 14:02:00,止盈,500ETF,510500.XSHG,7.456,600.0,7390,88.95,0.0,2025-11-06,2025-11,"500ETF
510500.XSHG"
2025-11-11 09:31:00,止盈,纳指ETF,513100.XSHG,1.974,2900.0,9300,138.63,-7.0,2025-11-11,2025-11,"纳指ETF
513100.XSHG"
2025-11-11 09:31:00,止盈,黄金ETF,518880.XSHG,9.118,500.0,5500,151.54,0.0,2025-11-11,2025-11,"黄金ETF
518880.XSHG"
2025-11-12 13:01:00,加仓,500ETF,510500.XSHG,7.306,600.0,7990,,1.0,2025-11-12,2025-11,"500ETF
510500.XSHG"
2025-11-13 11:20:00,止盈,500ETF,510500.XSHG,7.453,600.0,7390,87.75,0.0,2025-11-13,2025-11,"500ETF
510500.XSHG"
2025-11-14 09:31:00,加仓,纳指ETF,513100.XSHG,1.934,2900.0,12200,,-6.0,2025-11-14,2025-11,"纳指ETF
513100.XSHG"
2025-11-17 09:31:00,加仓,黄金ETF,518880.XSHG,8.926,500.0,6000,,1.0,2025-11-17,2025-11,"黄金ETF
518880.XSHG"
2025-11-17 14:52:00,加仓,纳指ETF,513100.XSHG,1.892,2900.0,15100,,-5.0,2025-11-17,2025-11,"纳指ETF
513100.XSHG"
2025-11-18 09:32:00,加仓,500ETF,510500.XSHG,7.296,600.0,7990,,1.0,2025-11-18,2025-11,"500ETF
510500.XSHG"
2025-11-18 14:07:00,加仓,纳指ETF,513100.XSHG,1.854,2900.0,18000,,-4.0,2025-11-18,2025-11,"纳指ETF
513100.XSHG"
2025-11-20 09:49:00,止盈,纳指ETF,513100.XSHG,1.893,2900.0,15100,112.55,-5.0,2025-11-20,2025-11,"纳指ETF
513100.XSHG"
2025-11-21 09:31:00,加仓,纳指ETF,513100.XSHG,1.835,2900.0,18000,,-4.0,2025-11-21,2025-11,"纳指ETF
513100.XSHG"
2025-11-21 09:31:00,加仓,500ETF,510500.XSHG,7.11,600.0,8590,,2.0,2025-11-21,2025-11,"500ETF
510500.XSHG"
2025-11-21 10:39:00,加仓,500ETF,510500.XSHG,6.961,600.0,9190,,3.0,2025-11-21,2025-11,"500ETF
510500.XSHG"
2025-11-24 09:32:00,止盈,纳指ETF,513100.XSHG,1.873,2900.0,15100,109.66,-5.0,2025-11-24,2025-11,"纳指ETF
513100.XSHG"
2025-11-25 10:27:00,止盈,500ETF,510500.XSHG,7.101,600.0,8590,83.57,2.0,2025-11-25,2025-11,"500ETF
510500.XSHG"
2025-11-26 09:31:00,止盈,纳指ETF,513100.XSHG,1.912,2900.0,12200,112.55,-6.0,2025-11-26,2025-11,"纳指ETF
513100.XSHG"
2025-12-01 09:31:00,止盈,黄金ETF,518880.XSHG,9.156,500.0,5500,114.54,0.0,2025-12-01,2025-12,"黄金ETF
518880.XSHG"
2025-12-03 09:31:00,止盈,纳指ETF,513100.XSHG,1.951,2900.0,9300,112.53,-7.0,2025-12-03,2025-12,"纳指ETF
513100.XSHG"
2025-12-08 09:31:00,止盈,500ETF,510500.XSHG,7.246,600.0,7990,86.57,1.0,2025-12-08,2025-12,"500ETF
510500.XSHG"
2025-12-15 09:31:00,加仓,纳指ETF,513100.XSHG,1.891,2900.0,12200,,-6.0,2025-12-15,2025-12,"纳指ETF
513100.XSHG"
2025-12-15 13:44:00,止盈,黄金ETF,518880.XSHG,9.34,500.0,5000,91.53,-1.0,2025-12-15,2025-12,"黄金ETF
518880.XSHG"
2025-12-16 10:36:00,加仓,500ETF,510500.XSHG,7.093,600.0,8590,,2.0,2025-12-16,2025-12,"500ETF
510500.XSHG"
2025-12-17 14:00:00,止盈,500ETF,510500.XSHG,7.238,600.0,7990,86.57,1.0,2025-12-17,2025-12,"500ETF
510500.XSHG"
2025-12-22 09:31:00,止盈,纳指ETF,513100.XSHG,1.941,2900.0,9300,144.44,-7.0,2025-12-22,2025-12,"纳指ETF
513100.XSHG"
2025-12-22 10:07:00,止盈,500ETF,510500.XSHG,7.384,600.0,7390,87.16,0.0,2025-12-22,2025-12,"500ETF
510500.XSHG"
2025-12-23 09:31:00,止盈,黄金ETF,518880.XSHG,9.637,500.0,4500,148.02,-2.0,2025-12-23,2025-12,"黄金ETF
518880.XSHG"
2025-12-25 13:24:00,止盈,500ETF,510500.XSHG,7.539,600.0,6790,92.55,-1.0,2025-12-25,2025-12,"500ETF
510500.XSHG"
2025-12-30 09:31:00,加仓,黄金ETF,518880.XSHG,9.275,500.0,5000,,-1.0,2025-12-30,2025-12,"黄金ETF
518880.XSHG"
2025-12-30 09:32:00,加仓,纳指ETF,513100.XSHG,1.902,2900.0,12200,,-6.0,2025-12-30,2025-12,"纳指ETF
513100.XSHG"
2026-01-05 09:47:00,止盈,黄金ETF,518880.XSHG,9.463,500.0,4500,93.53,-2.0,2026-01-05,2026-01,"黄金ETF
518880.XSHG"
2026-01-05 09:47:00,止盈,500ETF,510500.XSHG,7.69,600.0,6190,90.14,-2.0,2026-01-05,2026-01,"500ETF
510500.XSHG"
2026-01-06 09:38:00,止盈,500ETF,510500.XSHG,7.852,600.0,5590,96.73,-3.0,2026-01-06,2026-01,"500ETF
510500.XSHG"
2026-01-07 09:48:00,止盈,500ETF,510500.XSHG,8.017,600.0,4990,98.52,-4.0,2026-01-07,2026-01,"500ETF
510500.XSHG"
2026-01-09 10:08:00,止盈,500ETF,510500.XSHG,8.182,600.0,4390,98.51,-5.0,2026-01-09,2026-01,"500ETF
510500.XSHG"
2026-01-12 09:31:00,止盈,黄金ETF,518880.XSHG,9.782,500.0,4000,159.01,-3.0,2026-01-12,2026-01,"黄金ETF
518880.XSHG"
2026-01-12 11:20:00,止盈,500ETF,510500.XSHG,8.349,600.0,3790,99.7,-6.0,2026-01-12,2026-01,"500ETF
510500.XSHG"
2026-01-14 10:34:00,止盈,500ETF,510500.XSHG,8.516,600.0,3190,99.69,-7.0,2026-01-14,2026-01,"500ETF
510500.XSHG"
2026-01-14 13:16:00,加仓,500ETF,510500.XSHG,8.325,600.0,3790,,-6.0,2026-01-14,2026-01,"500ETF
510500.XSHG"
2026-01-19 09:50:00,止盈,黄金ETF,518880.XSHG,9.979,500.0,3500,98.0,-4.0,2026-01-19,2026-01,"黄金ETF
518880.XSHG"
2026-01-21 09:31:00,加仓,纳指ETF,513100.XSHG,1.861,2900.0,15100,,-5.0,2026-01-21,2026-01,"纳指ETF
513100.XSHG"
2026-01-21 09:31:00,止盈,黄金ETF,518880.XSHG,10.368,500.0,3000,193.98,-5.0,2026-01-21,2026-01,"黄金ETF
518880.XSHG"
2026-01-22 09:38:00,止盈,纳指ETF,513100.XSHG,1.899,2900.0,12200,109.65,-6.0,2026-01-22,2026-01,"纳指ETF
513100.XSHG"
2026-01-23 09:31:00,止盈,黄金ETF,518880.XSHG,10.612,500.0,2500,121.47,-6.0,2026-01-23,2026-01,"黄金ETF
518880.XSHG"
2026-01-23 09:31:00,止盈,500ETF,510500.XSHG,8.508,600.0,3190,109.29,-7.0,2026-01-23,2026-01,"500ETF
510500.XSHG"
2026-01-23 14:08:00,止盈,500ETF,510500.XSHG,8.681,600.0,2590,103.28,-8.0,2026-01-23,2026-01,"500ETF
510500.XSHG"
2026-01-26 09:31:00,止盈,黄金ETF,518880.XSHG,10.893,500.0,2000,139.96,-7.0,2026-01-26,2026-01,"黄金ETF
518880.XSHG"
2026-01-27 09:41:00,加仓,500ETF,510500.XSHG,8.496,600.0,3190,,-7.0,2026-01-27,2026-01,"500ETF
510500.XSHG"
2026-01-27 14:02:00,止盈,500ETF,510500.XSHG,8.666,600.0,2590,101.48,-8.0,2026-01-27,2026-01,"500ETF
510500.XSHG"
2026-01-28 09:31:00,止盈,黄金ETF,518880.XSHG,11.114,500.0,1500,109.94,-8.0,2026-01-28,2026-01,"黄金ETF
518880.XSHG"
2026-01-29 09:31:00,破顶,黄金ETF,518880.XSHG,11.91,,4100,,,2026-01-29,2026-01,"黄金ETF
518880.XSHG"
2026-01-30 09:31:00,加仓,黄金ETF,518880.XSHG,11.464,400.0,4500,,1.0,2026-01-30,2026-01,"黄金ETF
518880.XSHG"
2026-01-30 09:38:00,加仓,500ETF,510500.XSHG,8.486,600.0,3190,,-7.0,2026-01-30,2026-01,"500ETF
510500.XSHG"
2026-01-30 10:11:00,加仓,黄金ETF,518880.XSHG,11.234,400.0,4900,,2.0,2026-01-30,2026-01,"黄金ETF
518880.XSHG"
2026-01-30 10:17:00,加仓,黄金ETF,518880.XSHG,10.921,400.0,5300,,3.0,2026-01-30,2026-01,"黄金ETF
518880.XSHG"
2026-01-30 10:30:00,加仓,500ETF,510500.XSHG,8.313,600.0,3790,,-6.0,2026-01-30,2026-01,"500ETF
510500.XSHG"
2026-01-30 10:39:00,止盈,黄金ETF,518880.XSHG,11.156,400.0,4900,93.55,2.0,2026-01-30,2026-01,"黄金ETF
518880.XSHG"
2026-01-30 13:39:00,止盈,500ETF,510500.XSHG,8.48,600.0,3190,99.69,-7.0,2026-01-30,2026-01,"500ETF
510500.XSHG"
2026-02-02 09:31:00,加仓,黄金ETF,518880.XSHG,9.918,400.0,5300,,3.0,2026-02-02,2026-02,"黄金ETF
518880.XSHG"
2026-02-02 09:37:00,止盈,黄金ETF,518880.XSHG,10.149,400.0,4900,91.99,2.0,2026-02-02,2026-02,"黄金ETF
518880.XSHG"
2026-02-02 09:47:00,加仓,500ETF,510500.XSHG,8.306,600.0,3790,,-6.0,2026-02-02,2026-02,"500ETF
510500.XSHG"
2026-02-02 10:58:00,加仓,纳指ETF,513100.XSHG,1.861,2900.0,15100,,-5.0,2026-02-02,2026-02,"纳指ETF
513100.XSHG"
2026-02-02 13:37:00,加仓,黄金ETF,518880.XSHG,9.942,400.0,5300,,3.0,2026-02-02,2026-02,"黄金ETF
518880.XSHG"
2026-02-02 13:50:00,加仓,500ETF,510500.XSHG,8.134,600.0,4390,,-5.0,2026-02-02,2026-02,"500ETF
510500.XSHG"
2026-02-03 09:31:00,止盈,黄金ETF,518880.XSHG,10.362,400.0,4900,167.59,2.0,2026-02-03,2026-02,"黄金ETF
518880.XSHG"
2026-02-03 10:45:00,加仓,黄金ETF,518880.XSHG,10.151,400.0,5300,,3.0,2026-02-03,2026-02,"黄金ETF
518880.XSHG"
2026-02-03 13:36:00,止盈,500ETF,510500.XSHG,8.297,600.0,3790,97.3,-6.0,2026-02-03,2026-02,"500ETF
510500.XSHG"
2026-02-03 14:21:00,止盈,黄金ETF,518880.XSHG,10.367,400.0,4900,85.99,2.0,2026-02-03,2026-02,"黄金ETF
518880.XSHG"
2026-02-04 09:31:00,止盈,黄金ETF,518880.XSHG,10.793,400.0,4500,169.97,1.0,2026-02-04,2026-02,"黄金ETF
518880.XSHG"
2026-02-05 10:13:00,加仓,黄金ETF,518880.XSHG,10.573,400.0,4900,,2.0,2026-02-05,2026-02,"黄金ETF
518880.XSHG"
2026-02-05 10:53:00,加仓,黄金ETF,518880.XSHG,10.341,400.0,5300,,3.0,2026-02-05,2026-02,"黄金ETF
518880.XSHG"
2026-02-05 14:29:00,止盈,黄金ETF,518880.XSHG,10.556,400.0,4900,85.58,2.0,2026-02-05,2026-02,"黄金ETF
518880.XSHG"
2026-02-06 09:31:00,加仓,纳指ETF,513100.XSHG,1.809,2900.0,18000,,-4.0,2026-02-06,2026-02,"纳指ETF
513100.XSHG"
2026-02-06 09:31:00,加仓,黄金ETF,518880.XSHG,10.077,400.0,5300,,3.0,2026-02-06,2026-02,"黄金ETF
518880.XSHG"
2026-02-06 09:31:00,加仓,500ETF,510500.XSHG,8.106,600.0,4390,,-5.0,2026-02-06,2026-02,"500ETF
510500.XSHG"
2026-02-06 10:13:00,止盈,黄金ETF,518880.XSHG,10.283,400.0,4900,81.99,2.0,2026-02-06,2026-02,"黄金ETF
518880.XSHG"
2026-02-06 10:27:00,止盈,500ETF,510500.XSHG,8.269,600.0,3790,97.3,-6.0,2026-02-06,2026-02,"500ETF
510500.XSHG"
2026-02-06 13:56:00,止盈,黄金ETF,518880.XSHG,10.491,400.0,4500,82.78,1.0,2026-02-06,2026-02,"黄金ETF
518880.XSHG"
2026-02-09 09:31:00,止盈,纳指ETF,513100.XSHG,1.846,2900.0,15100,106.76,-5.0,2026-02-09,2026-02,"纳指ETF
513100.XSHG"
2026-02-09 09:31:00,止盈,黄金ETF,518880.XSHG,10.719,400.0,4100,90.77,0.0,2026-02-09,2026-02,"黄金ETF
518880.XSHG"
2026-02-11 09:41:00,止盈,500ETF,510500.XSHG,8.439,600.0,3190,101.49,-7.0,2026-02-11,2026-02,"500ETF
510500.XSHG"
2026-02-24 09:38:00,止盈,黄金ETF,518880.XSHG,10.938,400.0,3700,87.16,-1.0,2026-02-24,2026-02,"黄金ETF
518880.XSHG"
2026-02-25 11:15:00,止盈,500ETF,510500.XSHG,8.608,600.0,2590,100.88,-8.0,2026-02-25,2026-02,"500ETF
510500.XSHG"
2026-03-02 09:31:00,加仓,纳指ETF,513100.XSHG,1.807,2900.0,18000,,-4.0,2026-03-02,2026-03,"纳指ETF
513100.XSHG"
2026-03-02 09:31:00,止盈,黄金ETF,518880.XSHG,11.329,400.0,3300,155.95,-2.0,2026-03-02,2026-03,"黄金ETF
518880.XSHG"
2026-03-03 13:53:00,加仓,500ETF,510500.XSHG,8.431,600.0,3190,,-7.0,2026-03-03,2026-03,"500ETF
510500.XSHG"
2026-03-04 09:31:00,加仓,黄金ETF,518880.XSHG,10.994,400.0,3700,,-1.0,2026-03-04,2026-03,"黄金ETF
518880.XSHG"
2026-03-04 09:32:00,加仓,纳指ETF,513100.XSHG,1.767,2900.0,20900,,-3.0,2026-03-04,2026-03,"纳指ETF
513100.XSHG"
2026-03-06 14:06:00,止盈,纳指ETF,513100.XSHG,1.803,2900.0,18000,103.88,-4.0,2026-03-06,2026-03,"纳指ETF
513100.XSHG"
2026-03-09 09:31:00,加仓,纳指ETF,513100.XSHG,1.748,2900.0,20900,,-3.0,2026-03-09,2026-03,"纳指ETF
513100.XSHG"
2026-03-09 09:32:00,加仓,500ETF,510500.XSHG,8.251,600.0,3790,,-6.0,2026-03-09,2026-03,"500ETF
510500.XSHG"
2026-03-10 09:31:00,止盈,纳指ETF,513100.XSHG,1.791,2900.0,18000,124.18,-4.0,2026-03-10,2026-03,"纳指ETF
513100.XSHG"
2026-03-10 09:31:00,止盈,500ETF,510500.XSHG,8.454,600.0,3190,121.29,-7.0,2026-03-10,2026-03,"500ETF
510500.XSHG"
2026-03-16 09:31:00,加仓,黄金ETF,518880.XSHG,10.625,400.0,4100,,0.0,2026-03-16,2026-03,"黄金ETF
518880.XSHG"
2026-03-16 09:32:00,加仓,500ETF,510500.XSHG,8.252,600.0,3790,,-6.0,2026-03-16,2026-03,"500ETF
510500.XSHG"
2026-03-17 14:59:00,加仓,500ETF,510500.XSHG,8.082,600.0,4390,,-5.0,2026-03-17,2026-03,"500ETF
510500.XSHG"
2026-03-19 09:31:00,加仓,黄金ETF,518880.XSHG,10.292,400.0,4500,,1.0,2026-03-19,2026-03,"黄金ETF
518880.XSHG"
2026-03-19 14:45:00,加仓,500ETF,510500.XSHG,7.917,600.0,4990,,-4.0,2026-03-19,2026-03,"500ETF
510500.XSHG"
2026-03-19 14:54:00,加仓,黄金ETF,518880.XSHG,10.086,400.0,4900,,2.0,2026-03-19,2026-03,"黄金ETF
518880.XSHG"
2026-03-20 14:45:00,加仓,纳指ETF,513100.XSHG,1.754,2900.0,20900,,-3.0,2026-03-20,2026-03,"纳指ETF
513100.XSHG"
2026-03-23 09:31:00,加仓,黄金ETF,518880.XSHG,9.48,400.0,5300,,3.0,2026-03-23,2026-03,"黄金ETF
518880.XSHG"
2026-03-23 09:31:00,加仓,500ETF,510500.XSHG,7.705,600.0,5590,,-3.0,2026-03-23,2026-03,"500ETF
510500.XSHG"
2026-03-23 09:32:00,加仓,纳指ETF,513100.XSHG,1.717,2900.0,23800,,-2.0,2026-03-23,2026-03,"纳指ETF
513100.XSHG"
2026-03-23 10:54:00,加仓,黄金ETF,518880.XSHG,9.279,400.0,5700,,4.0,2026-03-23,2026-03,"黄金ETF
518880.XSHG"
2026-03-23 13:31:00,加仓,纳指ETF,513100.XSHG,1.682,2900.0,26700,,-1.0,2026-03-23,2026-03,"纳指ETF
513100.XSHG"
2026-03-23 13:45:00,加仓,500ETF,510500.XSHG,7.543,600.0,6190,,-2.0,2026-03-23,2026-03,"500ETF
510500.XSHG"
2026-03-23 14:04:00,加仓,黄金ETF,518880.XSHG,9.073,400.0,6100,,5.0,2026-03-23,2026-03,"黄金ETF
518880.XSHG"
2026-03-24 14:23:00,止盈,黄金ETF,518880.XSHG,9.278,400.0,5700,81.63,4.0,2026-03-24,2026-03,"黄金ETF
518880.XSHG"
2026-03-24 14:40:00,止盈,纳指ETF,513100.XSHG,1.718,2900.0,23800,103.9,-2.0,2026-03-24,2026-03,"纳指ETF
513100.XSHG"
2026-03-25 09:31:00,止盈,黄金ETF,518880.XSHG,9.701,400.0,5300,168.81,3.0,2026-03-25,2026-03,"黄金ETF
518880.XSHG"
2026-03-25 09:31:00,止盈,500ETF,510500.XSHG,7.716,600.0,5590,103.34,-3.0,2026-03-25,2026-03,"500ETF
510500.XSHG"
2026-03-25 09:58:00,止盈,500ETF,510500.XSHG,7.874,600.0,4990,94.33,-4.0,2026-03-25,2026-03,"500ETF
510500.XSHG"
2026-03-26 13:10:00,加仓,500ETF,510500.XSHG,7.715,600.0,5590,,-3.0,2026-03-26,2026-03,"500ETF
510500.XSHG"
2026-03-26 13:47:00,加仓,黄金ETF,518880.XSHG,9.501,400.0,5700,,4.0,2026-03-26,2026-03,"黄金ETF
518880.XSHG"
2026-03-30 09:31:00,加仓,纳指ETF,513100.XSHG,1.671,2900.0,26700,,-1.0,2026-03-30,2026-03,"纳指ETF
513100.XSHG"
2026-03-31 09:31:00,止盈,黄金ETF,518880.XSHG,9.758,400.0,5300,102.41,3.0,2026-03-31,2026-03,"黄金ETF
518880.XSHG"
2026-04-01 09:31:00,止盈,纳指ETF,513100.XSHG,1.724,2900.0,23800,153.2,-2.0,2026-04-01,2026-04,"纳指ETF
513100.XSHG"
2026-04-01 09:31:00,止盈,黄金ETF,518880.XSHG,9.958,400.0,4900,79.6,2.0,2026-04-01,2026-04,"黄金ETF
518880.XSHG"
2026-04-02 13:48:00,加仓,黄金ETF,518880.XSHG,9.754,400.0,5300,,3.0,2026-04-02,2026-04,"黄金ETF
518880.XSHG"
2026-04-08 09:31:00,止盈,纳指ETF,513100.XSHG,1.79,2900.0,20900,190.88,-3.0,2026-04-08,2026-04,"纳指ETF
513100.XSHG"
2026-04-08 09:31:00,止盈,黄金ETF,518880.XSHG,10.099,400.0,4900,137.6,2.0,2026-04-08,2026-04,"黄金ETF
518880.XSHG"
2026-04-08 09:39:00,止盈,500ETF,510500.XSHG,7.879,600.0,4990,97.93,-4.0,2026-04-08,2026-04,"500ETF
510500.XSHG"
2026-04-08 14:50:00,止盈,纳指ETF,513100.XSHG,1.826,2900.0,18000,103.87,-4.0,2026-04-08,2026-04,"纳指ETF
513100.XSHG"
2026-04-10 09:34:00,止盈,500ETF,510500.XSHG,8.041,600.0,4390,96.72,-5.0,2026-04-10,2026-04,"500ETF
510500.XSHG"
2026-04-15 09:31:00,止盈,500ETF,510500.XSHG,8.221,600.0,3790,107.51,-6.0,2026-04-15,2026-04,"500ETF
510500.XSHG"
2026-04-15 09:42:00,止盈,纳指ETF,513100.XSHG,1.863,2900.0,15100,106.76,-5.0,2026-04-15,2026-04,"纳指ETF
513100.XSHG"
2026-04-16 09:32:00,止盈,纳指ETF,513100.XSHG,1.908,2900.0,12200,129.95,-6.0,2026-04-16,2026-04,"纳指ETF
513100.XSHG"
2026-04-20 09:53:00,止盈,500ETF,510500.XSHG,8.388,600.0,3190,99.7,-7.0,2026-04-20,2026-04,"500ETF
510500.XSHG"
2026-04-23 10:12:00,加仓,黄金ETF,518880.XSHG,9.893,400.0,5300,,3.0,2026-04-23,2026-04,"黄金ETF
518880.XSHG"
2026-04-28 09:32:00,止盈,纳指ETF,513100.XSHG,1.948,2900.0,9300,115.44,-7.0,2026-04-28,2026-04,"纳指ETF
513100.XSHG"
2026-04-29 09:31:00,加仓,黄金ETF,518880.XSHG,9.639,400.0,5700,,4.0,2026-04-29,2026-04,"黄金ETF
518880.XSHG"
2026-05-06 09:31:00,止盈,纳指ETF,513100.XSHG,2.019,2900.0,6400,205.31,-8.0,2026-05-06,2026-05,"纳指ETF
513100.XSHG"
2026-05-06 09:32:00,止盈,500ETF,510500.XSHG,8.568,600.0,2590,107.49,-8.0,2026-05-06,2026-05,"500ETF
510500.XSHG"
2026-05-07 09:31:00,止盈,黄金ETF,518880.XSHG,9.865,400.0,5300,90.01,3.0,2026-05-07,2026-05,"黄金ETF
518880.XSHG"
2026-05-07 13:36:00,破顶,500ETF,510500.XSHG,8.741,,5700,,,2026-05-07,2026-05,"500ETF
510500.XSHG"
2026-05-08 14:39:00,破顶,纳指ETF,513100.XSHG,2.06,,24200,,,2026-05-08,2026-05,"纳指ETF
513100.XSHG"
2026-05-11 09:31:00,止盈,纳指ETF,513100.XSHG,2.104,2400.0,21800,105.1,-1.0,2026-05-11,2026-05,"纳指ETF
513100.XSHG"
2026-05-11 11:10:00,止盈,500ETF,510500.XSHG,8.922,500.0,5190,90.05,-1.0,2026-05-11,2026-05,"500ETF
510500.XSHG"
2026-05-15 09:31:00,加仓,黄金ETF,518880.XSHG,9.635,400.0,5700,,4.0,2026-05-15,2026-05,"黄金ETF
518880.XSHG"
2026-05-15 09:37:00,加仓,500ETF,510500.XSHG,8.743,500.0,5690,,0.0,2026-05-15,2026-05,"500ETF
510500.XSHG"
2026-05-15 14:06:00,加仓,500ETF,510500.XSHG,8.568,500.0,6190,,1.0,2026-05-15,2026-05,"500ETF
510500.XSHG"
2026-05-18 09:31:00,加仓,黄金ETF,518880.XSHG,9.44,400.0,6100,,5.0,2026-05-18,2026-05,"黄金ETF
518880.XSHG"
2026-05-18 14:35:00,加仓,纳指ETF,513100.XSHG,2.061,2400.0,24200,,0.0,2026-05-18,2026-05,"纳指ETF
513100.XSHG"
2026-05-20 13:07:00,止盈,500ETF,510500.XSHG,8.742,500.0,5690,86.56,0.0,2026-05-20,2026-05,"500ETF
510500.XSHG"
2026-05-21 13:19:00,止盈,纳指ETF,513100.XSHG,2.103,2400.0,21800,100.3,-1.0,2026-05-21,2026-05,"纳指ETF
513100.XSHG"
2026-05-21 14:33:00,加仓,500ETF,510500.XSHG,8.549,500.0,6190,,1.0,2026-05-21,2026-05,"500ETF
510500.XSHG"
2026-05-22 13:21:00,止盈,纳指ETF,513100.XSHG,2.146,2400.0,19400,102.68,-2.0,2026-05-22,2026-05,"纳指ETF
513100.XSHG"
