number,value,datetime_start,datetime_complete,duration,params_GRID_MAX_LAYER,params_GRID_STEP_MAX,params_GRID_STEP_MIN,params_GRID_STEP_VOL_FACTOR,params_LAYER_FRACTION,params_MAX_HOLD,params_REBALANCE_FREQ,params_VOL_WEIGHT,user_attrs_avg_test_score,user_attrs_avg_train_score,user_attrs_test_score_std,user_attrs_train_test_gap,state
0,-0.5630912990737771,2026-05-08 20:23:17.274521,2026-05-08 20:23:17.461396,0 days 00:00:00.186875,3,0.03,0.01,0.3,0.12,50,5,0.5,-0.25878896440755483,-0.05244396977594689,0.6086046693324445,0.20634499463160794,COMPLETE
1,-0.6378347865945238,2026-05-08 20:23:17.470581,2026-05-08 20:23:17.656161,0 days 00:00:00.185580,4,0.05,0.01,0.3,0.12,30,10,0.5,-0.24955591042349634,0.05594654202538418,0.7765577523420548,0.3055024524488805,COMPLETE
2,-0.6554254739467028,2026-05-08 20:23:17.670220,2026-05-08 20:23:17.852288,0 days 00:00:00.182068,4,0.05,0.02,0.6,0.12,50,20,0.65,-0.33548933654813623,0.02589440739069984,0.6398722747971332,0.36138374393883604,COMPLETE
3,-0.6014406617632507,2026-05-08 20:23:17.861484,2026-05-08 20:23:18.035985,0 days 00:00:00.174501,2,0.05,0.02,0.3,0.12,10,20,0.8,-0.1127733992675503,0.10965279799213463,0.9773345249914008,0.22242619725968493,COMPLETE
4,-0.6747636967235379,2026-05-08 20:23:18.044847,2026-05-08 20:23:18.261192,0 days 00:00:00.216345,4,0.05,0.01,0.6,0.16,30,10,0.5,-0.29703827026507507,0.010107781798809088,0.7554508529169256,0.3071460520638842,COMPLETE
5,-0.3237561633766096,2026-05-08 20:23:18.273372,2026-05-08 20:23:18.387941,0 days 00:00:00.114569,2,0.03,0.02,0.3,0.16,20,20,0.8,,,,,PRUNED
6,-0.3019708985162914,2026-05-08 20:23:18.397142,2026-05-08 20:23:18.498047,0 days 00:00:00.100905,3,0.05,0.01,0.45,0.16,50,20,0.65,,,,,PRUNED
7,-0.7151950477654504,2026-05-08 20:23:18.507987,2026-05-08 20:23:18.683901,0 days 00:00:00.175914,3,0.05,0.01,0.6,0.12,30,5,0.65,-0.31390551993913096,0.008969574875040551,0.8025790556526389,0.32287509481417154,COMPLETE
8,-0.4715152983325776,2026-05-08 20:23:18.694685,2026-05-08 20:23:18.886412,0 days 00:00:00.191727,4,0.03,0.01,0.45,0.16,10,20,0.5,-0.06460392189697022,0.17877240722446214,0.8138227528712147,0.24337632912143237,COMPLETE
9,-0.41752725592831286,2026-05-08 20:23:18.894378,2026-05-08 20:23:19.071806,0 days 00:00:00.177428,2,0.05,0.01,0.3,0.16,10,20,0.65,0.023812545826503013,0.13406711635266422,0.8826796035096317,0.11025457052616121,COMPLETE
10,-0.1630763385074783,2026-05-08 20:23:19.081762,2026-05-08 20:23:19.202094,0 days 00:00:00.120332,2,0.05,0.01,0.3,0.16,10,5,0.8,,,,,PRUNED
11,-0.45190786688031215,2026-05-08 20:23:19.213168,2026-05-08 20:23:19.393443,0 days 00:00:00.180275,4,0.05,0.01,0.45,0.16,10,20,0.5,-0.03951886500340256,0.2117419592054431,0.8247780037538192,0.25126082420884566,COMPLETE
12,-0.4647070740645458,2026-05-08 20:23:19.403084,2026-05-08 20:23:19.576665,0 days 00:00:00.173581,4,0.05,0.01,0.3,0.16,10,20,0.65,-0.03274131683557235,0.091068505660313,0.8639315144579469,0.12380982249588535,COMPLETE
13,-0.5220185301190803,2026-05-08 20:23:19.585566,2026-05-08 20:23:19.784424,0 days 00:00:00.198858,2,0.05,0.01,0.45,0.16,30,20,0.5,-0.13591087988051595,0.12261778851867024,0.7722153004771287,0.2585286683991862,COMPLETE
14,-0.4215086845984,2026-05-08 20:23:19.793678,2026-05-08 20:23:19.969669,0 days 00:00:00.175991,3,0.05,0.01,0.45,0.12,10,20,0.5,0.0010269978725197526,0.2592322342070615,0.8450713649418395,0.25820523633454173,COMPLETE
15,-0.4211438098767177,2026-05-08 20:23:19.979208,2026-05-08 20:23:20.152577,0 days 00:00:00.173369,3,0.05,0.01,0.3,0.12,10,20,0.5,0.0013576598670131232,0.259213068813707,0.8450029394874616,0.25785540894669384,COMPLETE
16,-0.4879750488767341,2026-05-08 20:23:20.161637,2026-05-08 20:23:20.354565,0 days 00:00:00.192928,2,0.05,0.01,0.3,0.08,20,20,0.65,-0.0276611883902784,0.2660115198641148,0.9206277209729113,0.29367270825439323,COMPLETE
17,-0.41697324154926385,2026-05-08 20:23:20.364302,2026-05-08 20:23:20.540728,0 days 00:00:00.176426,2,0.05,0.01,0.6,0.16,10,20,0.65,0.02416605790213375,0.1341835981838939,0.8822785989027953,0.11001754028176014,COMPLETE
18,-0.41697324154926385,2026-05-08 20:23:20.550598,2026-05-08 20:23:20.721759,0 days 00:00:00.171161,2,0.05,0.01,0.6,0.16,10,20,0.65,0.02416605790213375,0.1341835981838939,0.8822785989027953,0.11001754028176014,COMPLETE
19,-0.4016326711093792,2026-05-08 20:23:20.735854,2026-05-08 20:23:20.979135,0 days 00:00:00.243281,2,0.03,0.01,0.6,0.12,10,20,0.65,0.045027547762059625,0.1469057508464348,0.8933204377428777,0.10187820308437519,COMPLETE
20,-0.4016326711093792,2026-05-08 20:23:20.991560,2026-05-08 20:23:21.204169,0 days 00:00:00.212609,2,0.03,0.02,0.6,0.12,10,20,0.65,0.045027547762059625,0.1469057508464348,0.8933204377428777,0.10187820308437519,COMPLETE
21,-0.4316437020435597,2026-05-08 20:23:21.215113,2026-05-08 20:23:21.406001,0 days 00:00:00.190888,2,0.03,0.02,0.6,0.12,10,10,0.65,-0.02465930239597194,0.19264284473379978,0.8139687992951755,0.21730214712977172,COMPLETE
22,-0.0425400946351821,2026-05-08 20:23:21.415946,2026-05-08 20:23:21.519063,0 days 00:00:00.103117,2,0.03,0.01,0.6,0.12,20,20,0.65,,,,,PRUNED
23,-0.4016326711093792,2026-05-08 20:23:21.528409,2026-05-08 20:23:21.694049,0 days 00:00:00.165640,2,0.03,0.02,0.6,0.12,10,20,0.65,0.045027547762059625,0.1469057508464348,0.8933204377428777,0.10187820308437519,COMPLETE
24,-0.09881566439993017,2026-05-08 20:23:21.702872,2026-05-08 20:23:21.834309,0 days 00:00:00.131437,2,0.03,0.02,0.45,0.12,30,20,0.65,,,,,PRUNED
25,-0.40983435006335966,2026-05-08 20:23:21.843160,2026-05-08 20:23:22.019795,0 days 00:00:00.176635,2,0.03,0.01,0.6,0.12,10,20,0.5,0.012934970848652956,0.2602287071119403,0.8455386418240253,0.24729373626328735,COMPLETE
26,0.12643596843620714,2026-05-08 20:23:22.028834,2026-05-08 20:23:22.143047,0 days 00:00:00.114213,4,0.03,0.02,0.6,0.12,10,20,0.65,,,,,PRUNED
27,-0.39689667557231345,2026-05-08 20:23:22.151779,2026-05-08 20:23:22.338898,0 days 00:00:00.187119,2,0.05,0.02,0.6,0.08,10,20,0.5,0.03532189890636802,0.2969800796074037,0.8644371489573629,0.2616581807010357,COMPLETE
28,-0.39689667557231345,2026-05-08 20:23:22.349553,2026-05-08 20:23:22.521208,0 days 00:00:00.171655,2,0.05,0.02,0.6,0.08,10,20,0.5,0.03532189890636802,0.2969800796074037,0.8644371489573629,0.2616581807010357,COMPLETE
29,-0.4939271926807545,2026-05-08 20:23:22.529513,2026-05-08 20:23:22.701389,0 days 00:00:00.171876,2,0.05,0.02,0.6,0.08,10,5,0.5,-0.05988353126401338,0.20721243599553676,0.8680873228334823,0.26709596725955015,COMPLETE
30,-0.39689667557231345,2026-05-08 20:23:22.709628,2026-05-08 20:23:22.897244,0 days 00:00:00.187616,2,0.05,0.02,0.45,0.08,10,20,0.5,0.03532189890636802,0.2969800796074037,0.8644371489573629,0.2616581807010357,COMPLETE
31,-0.39689667557231345,2026-05-08 20:23:22.905995,2026-05-08 20:23:23.083007,0 days 00:00:00.177012,2,0.05,0.02,0.45,0.08,10,20,0.5,0.03532189890636802,0.2969800796074037,0.8644371489573629,0.2616581807010357,COMPLETE
32,-0.39689667557231345,2026-05-08 20:23:23.092319,2026-05-08 20:23:23.306067,0 days 00:00:00.213748,2,0.05,0.02,0.45,0.08,10,20,0.5,0.03532189890636802,0.2969800796074037,0.8644371489573629,0.2616581807010357,COMPLETE
33,-0.40626296870545636,2026-05-08 20:23:23.319310,2026-05-08 20:23:23.569127,0 days 00:00:00.249817,3,0.05,0.02,0.6,0.08,10,20,0.5,0.02214707473476565,0.2840643733974033,0.856820086880444,0.2619172986626377,COMPLETE
34,-0.010710683031208285,2026-05-08 20:23:23.582457,2026-05-08 20:23:23.731053,0 days 00:00:00.148596,2,0.05,0.02,0.6,0.08,50,20,0.5,,,,,PRUNED
35,-0.3967871255694792,2026-05-08 20:23:23.748541,2026-05-08 20:23:24.062585,0 days 00:00:00.314044,2,0.05,0.02,0.3,0.08,10,20,0.5,0.035404150674408615,0.29695593125451536,0.8643825524877756,0.26155178058010675,COMPLETE
36,-0.08804583239032104,2026-05-08 20:23:24.076871,2026-05-08 20:23:24.246339,0 days 00:00:00.169468,2,0.05,0.02,0.6,0.08,10,20,0.8,,,,,PRUNED
37,-0.4221366739844022,2026-05-08 20:23:24.260791,2026-05-08 20:23:24.568307,0 days 00:00:00.307516,2,0.05,0.02,0.3,0.16,10,20,0.5,0.009285081254017082,0.2569574157565732,0.8628435104768385,0.24767233450255613,COMPLETE
38,0.003296636487069793,2026-05-08 20:23:24.581842,2026-05-08 20:23:24.742409,0 days 00:00:00.160567,2,0.03,0.02,0.3,0.08,30,20,0.5,,,,,PRUNED
39,0.015469233878802224,2026-05-08 20:23:24.757502,2026-05-08 20:23:24.926996,0 days 00:00:00.169494,4,0.05,0.02,0.6,0.08,30,20,0.5,,,,,PRUNED
40,-0.36667040715256977,2026-05-08 20:23:24.942891,2026-05-08 20:23:25.239845,0 days 00:00:00.296954,2,0.05,0.01,0.3,0.08,10,10,0.5,0.010594847334165238,0.2552415056842905,0.75453050897347,0.24464665835012525,COMPLETE
41,-0.38310405570963235,2026-05-08 20:23:25.261356,2026-05-08 20:23:25.599347,0 days 00:00:00.337991,4,0.05,0.01,0.3,0.08,10,10,0.5,-0.008254579197328051,0.24026181675626349,0.7496989530246086,0.24851639595359154,COMPLETE
42,-0.11034682243128296,2026-05-08 20:23:25.614896,2026-05-08 20:23:25.780678,0 days 00:00:00.165782,4,0.05,0.01,0.3,0.08,10,10,0.8,,,,,PRUNED
43,-0.36667040715256977,2026-05-08 20:23:25.795225,2026-05-08 20:23:26.113151,0 days 00:00:00.317926,2,0.05,0.01,0.3,0.08,10,10,0.5,0.010594847334165238,0.2552415056842905,0.75453050897347,0.24464665835012525,COMPLETE
44,-0.36667040715256977,2026-05-08 20:23:26.130873,2026-05-08 20:23:26.507093,0 days 00:00:00.376220,2,0.05,0.01,0.3,0.08,10,10,0.5,0.010594847334165238,0.2552415056842905,0.75453050897347,0.24464665835012525,COMPLETE
45,-0.043131600755578176,2026-05-08 20:23:26.525785,2026-05-08 20:23:26.736170,0 days 00:00:00.210385,2,0.05,0.01,0.3,0.08,50,10,0.5,,,,,PRUNED
46,-0.38762573846141535,2026-05-08 20:23:26.752415,2026-05-08 20:23:27.048688,0 days 00:00:00.296273,2,0.05,0.01,0.3,0.12,10,10,0.5,-0.011459241956156394,0.22920275462255169,0.7523329930105179,0.24066199657870807,COMPLETE
47,-0.38762573846141535,2026-05-08 20:23:27.065905,2026-05-08 20:23:27.419775,0 days 00:00:00.353870,2,0.05,0.01,0.3,0.12,10,10,0.5,-0.011459241956156394,0.22920275462255169,0.7523329930105179,0.24066199657870807,COMPLETE
48,-0.3752432483651785,2026-05-08 20:23:27.443668,2026-05-08 20:23:27.872496,0 days 00:00:00.428828,2,0.03,0.01,0.3,0.08,10,10,0.5,-0.005418785777046964,0.24309287928482837,0.739648925176263,0.24851166506187533,COMPLETE
49,-0.3752432483651785,2026-05-08 20:23:27.896241,2026-05-08 20:23:28.333984,0 days 00:00:00.437743,2,0.03,0.01,0.3,0.08,10,10,0.5,-0.005418785777046964,0.24309287928482837,0.739648925176263,0.24851166506187533,COMPLETE
50,-0.3752432483651785,2026-05-08 20:23:28.358348,2026-05-08 20:23:28.793164,0 days 00:00:00.434816,2,0.03,0.01,0.3,0.08,10,10,0.5,-0.005418785777046964,0.24309287928482837,0.739648925176263,0.24851166506187533,COMPLETE
51,-0.3752432483651785,2026-05-08 20:23:28.816872,2026-05-08 20:23:29.243066,0 days 00:00:00.426194,2,0.03,0.01,0.3,0.08,10,10,0.5,-0.005418785777046964,0.24309287928482837,0.739648925176263,0.24851166506187533,COMPLETE
52,-0.4939271926807545,2026-05-08 20:23:29.267147,2026-05-08 20:23:29.714377,0 days 00:00:00.447230,2,0.05,0.01,0.3,0.08,10,5,0.5,-0.05988353126401338,0.20721243599553676,0.8680873228334823,0.26709596725955015,COMPLETE
53,-0.36653240549258326,2026-05-08 20:23:29.740783,2026-05-08 20:23:30.189652,0 days 00:00:00.448869,2,0.05,0.01,0.45,0.08,10,10,0.5,0.010670948238428084,0.2551802592944082,0.7544067074620227,0.2445093110559801,COMPLETE
54,0.22261509806036414,2026-05-08 20:23:30.216040,2026-05-08 20:23:30.531132,0 days 00:00:00.315092,2,0.05,0.01,0.45,0.08,10,10,0.65,,,,,PRUNED
55,-0.36667040715256977,2026-05-08 20:23:30.554870,2026-05-08 20:23:30.960849,0 days 00:00:00.405979,2,0.05,0.01,0.3,0.08,10,10,0.5,0.010594847334165238,0.2552415056842905,0.75453050897347,0.24464665835012525,COMPLETE
56,0.052607995265158525,2026-05-08 20:23:30.984523,2026-05-08 20:23:31.242698,0 days 00:00:00.258175,2,0.05,0.01,0.6,0.08,20,10,0.5,,,,,PRUNED
57,-0.36667040715256977,2026-05-08 20:23:31.266356,2026-05-08 20:23:31.656189,0 days 00:00:00.389833,2,0.05,0.01,0.3,0.08,10,10,0.5,0.010594847334165238,0.2552415056842905,0.75453050897347,0.24464665835012525,COMPLETE
58,0.22261509806036414,2026-05-08 20:23:31.676870,2026-05-08 20:23:31.937818,0 days 00:00:00.260948,2,0.05,0.02,0.3,0.08,10,10,0.65,,,,,PRUNED
59,-0.05257092779231454,2026-05-08 20:23:31.957849,2026-05-08 20:23:32.178428,0 days 00:00:00.220579,3,0.05,0.01,0.3,0.08,30,10,0.5,,,,,PRUNED
60,-0.36653240549258326,2026-05-08 20:23:32.202309,2026-05-08 20:23:32.564899,0 days 00:00:00.362590,2,0.05,0.01,0.45,0.08,10,10,0.5,0.010670948238428084,0.2551802592944082,0.7544067074620227,0.2445093110559801,COMPLETE
61,-0.36653240549258326,2026-05-08 20:23:32.583751,2026-05-08 20:23:32.940386,0 days 00:00:00.356635,2,0.05,0.01,0.45,0.08,10,10,0.5,0.010670948238428084,0.2551802592944082,0.7544067074620227,0.2445093110559801,COMPLETE
62,-0.36653240549258326,2026-05-08 20:23:32.960116,2026-05-08 20:23:33.336657,0 days 00:00:00.376541,2,0.05,0.01,0.45,0.08,10,10,0.5,0.010670948238428084,0.2551802592944082,0.7544067074620227,0.2445093110559801,COMPLETE
63,-0.36653240549258326,2026-05-08 20:23:33.359886,2026-05-08 20:23:33.735725,0 days 00:00:00.375839,2,0.05,0.01,0.45,0.08,10,10,0.5,0.010670948238428084,0.2551802592944082,0.7544067074620227,0.2445093110559801,COMPLETE
64,-0.36653240549258326,2026-05-08 20:23:33.754494,2026-05-08 20:23:34.130286,0 days 00:00:00.375792,2,0.05,0.01,0.45,0.08,10,10,0.5,0.010670948238428084,0.2551802592944082,0.7544067074620227,0.2445093110559801,COMPLETE
65,-0.37866009598311456,2026-05-08 20:23:34.152303,2026-05-08 20:23:34.561860,0 days 00:00:00.409557,3,0.05,0.01,0.45,0.08,10,10,0.5,-0.003715759642598293,0.24561727071150358,0.7498886726810325,0.24933303035410187,COMPLETE
66,0.21741536505731177,2026-05-08 20:23:34.582587,2026-05-08 20:23:34.810433,0 days 00:00:00.227846,2,0.05,0.01,0.45,0.16,10,10,0.5,,,,,PRUNED
67,-0.36653240549258326,2026-05-08 20:23:34.830645,2026-05-08 20:23:35.166271,0 days 00:00:00.335626,2,0.05,0.01,0.45,0.08,10,10,0.5,0.010670948238428084,0.2551802592944082,0.7544067074620227,0.2445093110559801,COMPLETE
68,-0.13905832812300967,2026-05-08 20:23:35.189790,2026-05-08 20:23:35.390121,0 days 00:00:00.200331,2,0.05,0.01,0.45,0.08,20,10,0.8,,,,,PRUNED
69,-0.016243913750736028,2026-05-08 20:23:35.407986,2026-05-08 20:23:35.605565,0 days 00:00:00.197579,2,0.05,0.01,0.45,0.08,30,10,0.5,,,,,PRUNED
70,0.23840653978621004,2026-05-08 20:23:35.625048,2026-05-08 20:23:35.827056,0 days 00:00:00.202008,4,0.05,0.02,0.45,0.08,10,10,0.5,,,,,PRUNED
71,-0.36653240549258326,2026-05-08 20:23:35.845453,2026-05-08 20:23:36.175980,0 days 00:00:00.330527,2,0.05,0.01,0.45,0.08,10,10,0.5,0.010670948238428084,0.2551802592944082,0.7544067074620227,0.2445093110559801,COMPLETE
72,0.20678912327812193,2026-05-08 20:23:36.197127,2026-05-08 20:23:36.378366,0 days 00:00:00.181239,2,0.05,0.01,0.45,0.12,10,5,0.5,,,,,PRUNED
73,-0.36653240549258326,2026-05-08 20:23:36.394819,2026-05-08 20:23:36.693166,0 days 00:00:00.298347,2,0.05,0.01,0.45,0.08,10,10,0.5,0.010670948238428084,0.2551802592944082,0.7544067074620227,0.2445093110559801,COMPLETE
74,-0.12460726446031051,2026-05-08 20:23:36.711682,2026-05-08 20:23:36.887276,0 days 00:00:00.175594,2,0.05,0.02,0.45,0.08,10,10,0.8,,,,,PRUNED
75,0.1156410591174844,2026-05-08 20:23:36.901484,2026-05-08 20:23:37.060972,0 days 00:00:00.159488,2,0.05,0.01,0.45,0.08,20,5,0.5,,,,,PRUNED
76,0.23909750161854434,2026-05-08 20:23:37.075935,2026-05-08 20:23:37.240692,0 days 00:00:00.164757,2,0.05,0.02,0.45,0.12,10,10,0.5,,,,,PRUNED
77,0.2911794932090016,2026-05-08 20:23:37.255590,2026-05-08 20:23:37.433370,0 days 00:00:00.177780,4,0.03,0.01,0.45,0.08,10,10,0.5,,,,,PRUNED
78,-0.11834236070084397,2026-05-08 20:23:37.447772,2026-05-08 20:23:37.610530,0 days 00:00:00.162758,2,0.05,0.01,0.45,0.08,10,5,0.8,,,,,PRUNED
79,-0.4939271926807545,2026-05-08 20:23:37.625973,2026-05-08 20:23:37.920118,0 days 00:00:00.294145,2,0.05,0.01,0.45,0.08,10,5,0.5,-0.05988353126401338,0.20721243599553676,0.8680873228334823,0.26709596725955015,COMPLETE
80,0.21375700202937586,2026-05-08 20:23:37.935957,2026-05-08 20:23:38.255831,0 days 00:00:00.319874,4,0.05,0.01,0.45,0.08,10,20,0.5,,,,,PRUNED
81,-0.36653240549258326,2026-05-08 20:23:38.271802,2026-05-08 20:23:38.608496,0 days 00:00:00.336694,2,0.05,0.01,0.45,0.08,10,10,0.5,0.010670948238428084,0.2551802592944082,0.7544067074620227,0.2445093110559801,COMPLETE
82,0.054365993587716266,2026-05-08 20:23:38.631869,2026-05-08 20:23:38.821470,0 days 00:00:00.189601,2,0.05,0.01,0.45,0.12,20,10,0.5,,,,,PRUNED
83,0.03006440465920912,2026-05-08 20:23:38.839622,2026-05-08 20:23:39.011509,0 days 00:00:00.171887,2,0.03,0.01,0.45,0.08,20,10,0.5,,,,,PRUNED
84,0.20730180006236495,2026-05-08 20:23:39.026071,2026-05-08 20:23:39.201204,0 days 00:00:00.175133,4,0.05,0.01,0.45,0.12,10,10,0.65,,,,,PRUNED
85,-0.010710683031208285,2026-05-08 20:23:39.217209,2026-05-08 20:23:39.389309,0 days 00:00:00.172100,2,0.05,0.01,0.45,0.08,50,20,0.5,,,,,PRUNED
86,-0.1254016713331664,2026-05-08 20:23:39.404569,2026-05-08 20:23:39.606806,0 days 00:00:00.202237,4,0.05,0.01,0.45,0.08,50,10,0.65,,,,,PRUNED
87,0.22516899633846796,2026-05-08 20:23:39.623391,2026-05-08 20:23:39.814382,0 days 00:00:00.190991,2,0.03,0.01,0.45,0.12,10,10,0.5,,,,,PRUNED
88,-0.043131600755578176,2026-05-08 20:23:39.830193,2026-05-08 20:23:40.010289,0 days 00:00:00.180096,2,0.05,0.01,0.45,0.08,50,10,0.5,,,,,PRUNED
89,0.23840653978621004,2026-05-08 20:23:40.025969,2026-05-08 20:23:40.225709,0 days 00:00:00.199740,4,0.05,0.01,0.45,0.08,10,10,0.5,,,,,PRUNED
90,0.22365470634539336,2026-05-08 20:23:40.244820,2026-05-08 20:23:40.432186,0 days 00:00:00.187366,2,0.03,0.01,0.45,0.08,10,20,0.5,,,,,PRUNED
91,-0.36653240549258326,2026-05-08 20:23:40.450383,2026-05-08 20:23:40.893576,0 days 00:00:00.443193,2,0.05,0.01,0.45,0.08,10,10,0.5,0.010670948238428084,0.2551802592944082,0.7544067074620227,0.2445093110559801,COMPLETE
92,-0.12460726446031051,2026-05-08 20:23:40.910910,2026-05-08 20:23:41.082709,0 days 00:00:00.171799,2,0.05,0.01,0.45,0.08,10,10,0.8,,,,,PRUNED
93,0.23909750161854434,2026-05-08 20:23:41.099246,2026-05-08 20:23:41.272596,0 days 00:00:00.173350,2,0.05,0.01,0.45,0.12,10,10,0.5,,,,,PRUNED
94,-0.39689667557231345,2026-05-08 20:23:41.289077,2026-05-08 20:23:41.566964,0 days 00:00:00.277887,2,0.05,0.01,0.45,0.08,10,20,0.5,0.03532189890636802,0.2969800796074037,0.8644371489573629,0.2616581807010357,COMPLETE
95,-0.36653240549258326,2026-05-08 20:23:41.580892,2026-05-08 20:23:41.849337,0 days 00:00:00.268445,2,0.05,0.01,0.45,0.08,10,10,0.5,0.010670948238428084,0.2551802592944082,0.7544067074620227,0.2445093110559801,COMPLETE
96,0.052607995265158525,2026-05-08 20:23:41.866238,2026-05-08 20:23:42.022729,0 days 00:00:00.156491,2,0.05,0.02,0.45,0.08,20,10,0.5,,,,,PRUNED
97,-0.36653240549258326,2026-05-08 20:23:42.036324,2026-05-08 20:23:42.308999,0 days 00:00:00.272675,2,0.05,0.02,0.45,0.08,10,10,0.5,0.010670948238428084,0.2551802592944082,0.7544067074620227,0.2445093110559801,COMPLETE
98,0.29459354763564394,2026-05-08 20:23:42.323905,2026-05-08 20:23:42.533085,0 days 00:00:00.209180,2,0.03,0.01,0.45,0.08,10,10,0.5,,,,,PRUNED
99,-0.09597057996571504,2026-05-08 20:23:42.547741,2026-05-08 20:23:42.722567,0 days 00:00:00.174826,2,0.05,0.02,0.45,0.16,30,10,0.5,,,,,PRUNED
100,-0.36653240549258326,2026-05-08 20:23:42.739723,2026-05-08 20:23:43.085168,0 days 00:00:00.345445,2,0.05,0.01,0.6,0.08,10,10,0.5,0.010670948238428084,0.2551802592944082,0.7544067074620227,0.2445093110559801,COMPLETE
101,-0.36653240549258326,2026-05-08 20:23:43.104230,2026-05-08 20:23:43.388571,0 days 00:00:00.284341,2,0.05,0.01,0.45,0.08,10,10,0.5,0.010670948238428084,0.2551802592944082,0.7544067074620227,0.2445093110559801,COMPLETE
102,0.052607995265158525,2026-05-08 20:23:43.403265,2026-05-08 20:23:43.579137,0 days 00:00:00.175872,2,0.05,0.01,0.45,0.08,20,10,0.5,,,,,PRUNED
103,-0.36653240549258326,2026-05-08 20:23:43.593503,2026-05-08 20:23:43.874406,0 days 00:00:00.280903,2,0.05,0.01,0.45,0.08,10,10,0.5,0.010670948238428084,0.2551802592944082,0.7544067074620227,0.2445093110559801,COMPLETE
104,-0.28826357142638176,2026-05-08 20:23:43.890708,2026-05-08 20:23:44.055222,0 days 00:00:00.164514,3,0.03,0.01,0.45,0.08,50,10,0.8,,,,,PRUNED
105,-0.36653240549258326,2026-05-08 20:23:44.070224,2026-05-08 20:23:44.325212,0 days 00:00:00.254988,2,0.05,0.01,0.45,0.08,10,10,0.5,0.010670948238428084,0.2551802592944082,0.7544067074620227,0.2445093110559801,COMPLETE
106,-0.06891797051818016,2026-05-08 20:23:44.338781,2026-05-08 20:23:44.482288,0 days 00:00:00.143507,3,0.03,0.01,0.45,0.08,30,10,0.5,,,,,PRUNED
107,-0.09573171283743995,2026-05-08 20:23:44.496060,2026-05-08 20:23:44.650093,0 days 00:00:00.154033,2,0.05,0.01,0.45,0.16,30,10,0.8,,,,,PRUNED
108,0.297937922966096,2026-05-08 20:23:44.663479,2026-05-08 20:23:44.856356,0 days 00:00:00.192877,3,0.05,0.01,0.6,0.08,10,10,0.5,,,,,PRUNED
109,-0.09152141397539726,2026-05-08 20:23:44.872236,2026-05-08 20:23:45.044828,0 days 00:00:00.172592,3,0.05,0.01,0.45,0.08,10,20,0.8,,,,,PRUNED
110,0.16986714546709775,2026-05-08 20:23:45.062338,2026-05-08 20:23:45.220501,0 days 00:00:00.158163,2,0.05,0.01,0.45,0.16,10,5,0.65,,,,,PRUNED
111,-0.36653240549258326,2026-05-08 20:23:45.236635,2026-05-08 20:23:45.495341,0 days 00:00:00.258706,2,0.05,0.01,0.45,0.08,10,10,0.5,0.010670948238428084,0.2551802592944082,0.7544067074620227,0.2445093110559801,COMPLETE
112,-0.05235174913950358,2026-05-08 20:23:45.509551,2026-05-08 20:23:45.663094,0 days 00:00:00.153543,3,0.05,0.01,0.45,0.08,30,10,0.65,,,,,PRUNED
113,-0.05915453323678621,2026-05-08 20:23:45.678832,2026-05-08 20:23:45.840235,0 days 00:00:00.161403,2,0.05,0.01,0.45,0.08,30,5,0.65,,,,,PRUNED
114,0.21611256630432396,2026-05-08 20:23:45.855424,2026-05-08 20:23:46.014516,0 days 00:00:00.159092,2,0.05,0.01,0.6,0.08,10,5,0.65,,,,,PRUNED
115,-0.13032804206511547,2026-05-08 20:23:46.028172,2026-05-08 20:23:46.180829,0 days 00:00:00.152657,2,0.03,0.01,0.45,0.08,10,10,0.8,,,,,PRUNED
116,-0.36653240549258326,2026-05-08 20:23:46.197812,2026-05-08 20:23:46.452864,0 days 00:00:00.255052,2,0.05,0.01,0.45,0.08,10,10,0.5,0.010670948238428084,0.2551802592944082,0.7544067074620227,0.2445093110559801,COMPLETE
117,0.20432515298551224,2026-05-08 20:23:46.467327,2026-05-08 20:23:46.615272,0 days 00:00:00.147945,2,0.05,0.01,0.45,0.16,10,10,0.65,,,,,PRUNED
118,-0.015986096797357185,2026-05-08 20:23:46.630450,2026-05-08 20:23:46.790554,0 days 00:00:00.160104,3,0.05,0.01,0.45,0.16,20,10,0.5,,,,,PRUNED
119,-0.20051760301067553,2026-05-08 20:23:46.807496,2026-05-08 20:23:46.970552,0 days 00:00:00.163056,2,0.05,0.01,0.45,0.16,50,10,0.5,,,,,PRUNED
120,-0.36653240549258326,2026-05-08 20:23:46.984747,2026-05-08 20:23:47.285070,0 days 00:00:00.300323,2,0.05,0.01,0.45,0.08,10,10,0.5,0.010670948238428084,0.2551802592944082,0.7544067074620227,0.2445093110559801,COMPLETE
121,-0.36653240549258326,2026-05-08 20:23:47.303819,2026-05-08 20:23:47.606308,0 days 00:00:00.302489,2,0.05,0.02,0.45,0.08,10,10,0.5,0.010670948238428084,0.2551802592944082,0.7544067074620227,0.2445093110559801,COMPLETE
122,0.23765921854559427,2026-05-08 20:23:47.618855,2026-05-08 20:23:47.770651,0 days 00:00:00.151796,3,0.05,0.01,0.45,0.08,10,10,0.65,,,,,PRUNED
123,-0.16085023617159377,2026-05-08 20:23:47.785525,2026-05-08 20:23:47.950299,0 days 00:00:00.164774,2,0.05,0.01,0.45,0.12,50,10,0.65,,,,,PRUNED
124,-0.36653240549258326,2026-05-08 20:23:47.966052,2026-05-08 20:23:48.220062,0 days 00:00:00.254010,2,0.05,0.01,0.45,0.08,10,10,0.5,0.010670948238428084,0.2551802592944082,0.7544067074620227,0.2445093110559801,COMPLETE
125,0.29459354763564394,2026-05-08 20:23:48.233801,2026-05-08 20:23:48.419165,0 days 00:00:00.185364,2,0.03,0.02,0.45,0.08,10,10,0.5,,,,,PRUNED
126,0.297937922966096,2026-05-08 20:23:48.435029,2026-05-08 20:23:48.611957,0 days 00:00:00.176928,3,0.05,0.02,0.45,0.08,10,10,0.5,,,,,PRUNED
127,-0.07484568400692054,2026-05-08 20:23:48.627215,2026-05-08 20:23:48.790805,0 days 00:00:00.163590,2,0.03,0.01,0.45,0.08,30,5,0.5,,,,,PRUNED
128,0.10224405863001657,2026-05-08 20:23:48.806477,2026-05-08 20:23:48.969305,0 days 00:00:00.162828,2,0.05,0.01,0.45,0.08,20,20,0.5,,,,,PRUNED
129,-0.11378470874189739,2026-05-08 20:23:48.981802,2026-05-08 20:23:49.137364,0 days 00:00:00.155562,2,0.05,0.01,0.45,0.16,10,20,0.8,,,,,PRUNED
130,-0.02275707691745482,2026-05-08 20:23:49.151292,2026-05-08 20:23:49.308894,0 days 00:00:00.157602,3,0.05,0.01,0.3,0.12,20,20,0.65,,,,,PRUNED
131,-0.36653240549258326,2026-05-08 20:23:49.325615,2026-05-08 20:23:49.579945,0 days 00:00:00.254330,2,0.05,0.01,0.6,0.08,10,10,0.5,0.010670948238428084,0.2551802592944082,0.7544067074620227,0.2445093110559801,COMPLETE
132,-0.0287947339445207,2026-05-08 20:23:49.592267,2026-05-08 20:23:49.738346,0 days 00:00:00.146079,2,0.05,0.02,0.45,0.08,30,5,0.5,,,,,PRUNED
133,-0.36653240549258326,2026-05-08 20:23:49.751897,2026-05-08 20:23:50.007263,0 days 00:00:00.255366,2,0.05,0.02,0.6,0.08,10,10,0.5,0.010670948238428084,0.2551802592944082,0.7544067074620227,0.2445093110559801,COMPLETE
134,0.23840653978621004,2026-05-08 20:23:50.019809,2026-05-08 20:23:50.176356,0 days 00:00:00.156547,4,0.05,0.01,0.6,0.08,10,10,0.5,,,,,PRUNED
135,-0.10200712668974228,2026-05-08 20:23:50.189835,2026-05-08 20:23:50.336528,0 days 00:00:00.146693,2,0.05,0.01,0.6,0.08,50,10,0.65,,,,,PRUNED
136,-0.043131600755578176,2026-05-08 20:23:50.351258,2026-05-08 20:23:50.506347,0 days 00:00:00.155089,2,0.05,0.02,0.45,0.08,50,10,0.5,,,,,PRUNED
137,-0.016243913750736028,2026-05-08 20:23:50.520663,2026-05-08 20:23:50.668666,0 days 00:00:00.148003,2,0.05,0.01,0.6,0.08,30,10,0.5,,,,,PRUNED
138,0.29604110504351544,2026-05-08 20:23:50.683345,2026-05-08 20:23:50.860569,0 days 00:00:00.177224,3,0.03,0.01,0.45,0.08,10,10,0.5,,,,,PRUNED
139,-0.048104073638763234,2026-05-08 20:23:50.876388,2026-05-08 20:23:51.031888,0 days 00:00:00.155500,4,0.05,0.01,0.45,0.08,30,10,0.5,,,,,PRUNED
140,0.16178901925615305,2026-05-08 20:23:51.046754,2026-05-08 20:23:51.206415,0 days 00:00:00.159661,4,0.05,0.01,0.45,0.16,10,10,0.5,,,,,PRUNED
141,0.29459354763564394,2026-05-08 20:23:51.219848,2026-05-08 20:23:51.408034,0 days 00:00:00.188186,2,0.03,0.01,0.6,0.08,10,10,0.5,,,,,PRUNED
142,0.24006157750707274,2026-05-08 20:23:51.423447,2026-05-08 20:23:51.583723,0 days 00:00:00.160276,2,0.05,0.02,0.45,0.08,10,5,0.5,,,,,PRUNED
143,0.23796005777401757,2026-05-08 20:23:51.599302,2026-05-08 20:23:51.795105,0 days 00:00:00.195803,2,0.05,0.02,0.45,0.08,10,10,0.65,,,,,PRUNED
144,-0.09588973586326754,2026-05-08 20:23:51.813193,2026-05-08 20:23:52.018766,0 days 00:00:00.205573,2,0.05,0.01,0.6,0.12,30,5,0.5,,,,,PRUNED
145,0.21741536505731177,2026-05-08 20:23:52.036050,2026-05-08 20:23:52.204598,0 days 00:00:00.168548,2,0.05,0.02,0.45,0.16,10,10,0.5,,,,,PRUNED
146,-0.36653240549258326,2026-05-08 20:23:52.224407,2026-05-08 20:23:52.510143,0 days 00:00:00.285736,2,0.05,0.01,0.45,0.08,10,10,0.5,0.010670948238428084,0.2551802592944082,0.7544067074620227,0.2445093110559801,COMPLETE
147,0.23796005777401757,2026-05-08 20:23:52.526341,2026-05-08 20:23:52.686039,0 days 00:00:00.159698,2,0.05,0.01,0.6,0.08,10,10,0.65,,,,,PRUNED
148,0.23909750161854434,2026-05-08 20:23:52.700685,2026-05-08 20:23:52.851565,0 days 00:00:00.150880,2,0.05,0.01,0.6,0.12,10,10,0.5,,,,,PRUNED
149,-0.19491218732408833,2026-05-08 20:23:52.866456,2026-05-08 20:23:53.031170,0 days 00:00:00.164714,3,0.05,0.01,0.3,0.16,30,20,0.8,,,,,PRUNED
150,-0.016243913750736028,2026-05-08 20:23:53.044402,2026-05-08 20:23:53.202978,0 days 00:00:00.158576,2,0.05,0.02,0.45,0.08,30,10,0.5,,,,,PRUNED
151,-0.36653240549258326,2026-05-08 20:23:53.216341,2026-05-08 20:23:53.509106,0 days 00:00:00.292765,2,0.05,0.01,0.45,0.08,10,10,0.5,0.010670948238428084,0.2551802592944082,0.7544067074620227,0.2445093110559801,COMPLETE
152,-0.36653240549258326,2026-05-08 20:23:53.528307,2026-05-08 20:23:53.825824,0 days 00:00:00.297517,2,0.05,0.01,0.45,0.08,10,10,0.5,0.010670948238428084,0.2551802592944082,0.7544067074620227,0.2445093110559801,COMPLETE
153,-0.36653240549258326,2026-05-08 20:23:53.841750,2026-05-08 20:23:54.113241,0 days 00:00:00.271491,2,0.05,0.01,0.45,0.08,10,10,0.5,0.010670948238428084,0.2551802592944082,0.7544067074620227,0.2445093110559801,COMPLETE
154,-0.043131600755578176,2026-05-08 20:23:54.128523,2026-05-08 20:23:54.281695,0 days 00:00:00.153172,2,0.05,0.01,0.6,0.08,50,10,0.5,,,,,PRUNED
155,-0.11034682243128296,2026-05-08 20:23:54.299250,2026-05-08 20:23:54.460165,0 days 00:00:00.160915,4,0.05,0.01,0.45,0.08,10,10,0.8,,,,,PRUNED
156,-0.36653240549258326,2026-05-08 20:23:54.475317,2026-05-08 20:23:54.754940,0 days 00:00:00.279623,2,0.05,0.01,0.45,0.08,10,10,0.5,0.010670948238428084,0.2551802592944082,0.7544067074620227,0.2445093110559801,COMPLETE
157,0.21531142838495712,2026-05-08 20:23:54.769199,2026-05-08 20:23:54.927283,0 days 00:00:00.158084,2,0.05,0.01,0.45,0.12,10,20,0.5,,,,,PRUNED
158,-0.14895524516403133,2026-05-08 20:23:54.942385,2026-05-08 20:23:55.110935,0 days 00:00:00.168550,2,0.05,0.01,0.45,0.12,10,10,0.8,,,,,PRUNED
159,-0.36653240549258326,2026-05-08 20:23:55.125448,2026-05-08 20:23:55.391722,0 days 00:00:00.266274,2,0.05,0.02,0.45,0.08,10,10,0.5,0.010670948238428084,0.2551802592944082,0.7544067074620227,0.2445093110559801,COMPLETE
160,-0.07628647350127518,2026-05-08 20:23:55.409853,2026-05-08 20:23:55.590711,0 days 00:00:00.180858,3,0.05,0.01,0.45,0.08,50,10,0.5,,,,,PRUNED
161,-0.36653240549258326,2026-05-08 20:23:55.610943,2026-05-08 20:23:55.875984,0 days 00:00:00.265041,2,0.05,0.01,0.45,0.08,10,10,0.5,0.010670948238428084,0.2551802592944082,0.7544067074620227,0.2445093110559801,COMPLETE
162,0.2001921331898091,2026-05-08 20:23:55.889744,2026-05-08 20:23:56.054687,0 days 00:00:00.164943,4,0.05,0.01,0.45,0.12,10,10,0.5,,,,,PRUNED
163,-0.12460726446031051,2026-05-08 20:23:56.071732,2026-05-08 20:23:56.278873,0 days 00:00:00.207141,2,0.05,0.01,0.6,0.08,10,10,0.8,,,,,PRUNED
164,0.03767217368730097,2026-05-08 20:23:56.297090,2026-05-08 20:23:56.485325,0 days 00:00:00.188235,2,0.05,0.01,0.45,0.08,30,20,0.5,,,,,PRUNED
165,0.18974997320425882,2026-05-08 20:23:56.500483,2026-05-08 20:23:56.671749,0 days 00:00:00.171266,3,0.05,0.01,0.45,0.16,10,10,0.5,,,,,PRUNED
166,-0.36653240549258326,2026-05-08 20:23:56.685910,2026-05-08 20:23:56.966779,0 days 00:00:00.280869,2,0.05,0.01,0.6,0.08,10,10,0.5,0.010670948238428084,0.2551802592944082,0.7544067074620227,0.2445093110559801,COMPLETE
167,0.07144916309244603,2026-05-08 20:23:56.982963,2026-05-08 20:23:57.160160,0 days 00:00:00.177197,4,0.03,0.02,0.6,0.08,20,20,0.5,,,,,PRUNED
168,-0.18514220194727188,2026-05-08 20:23:57.181340,2026-05-08 20:23:57.349483,0 days 00:00:00.168143,2,0.03,0.02,0.6,0.16,50,5,0.5,,,,,PRUNED
169,-0.05391842564925098,2026-05-08 20:23:57.365814,2026-05-08 20:23:57.538350,0 days 00:00:00.172536,2,0.05,0.01,0.45,0.08,50,5,0.5,,,,,PRUNED
170,-0.17086161288160168,2026-05-08 20:23:57.553831,2026-05-08 20:23:57.745234,0 days 00:00:00.191403,4,0.03,0.02,0.3,0.12,50,5,0.5,,,,,PRUNED
171,0.21741536505731177,2026-05-08 20:23:57.765460,2026-05-08 20:23:57.932671,0 days 00:00:00.167211,2,0.05,0.01,0.3,0.16,10,10,0.5,,,,,PRUNED
172,-0.36653240549258326,2026-05-08 20:23:57.948971,2026-05-08 20:23:58.236260,0 days 00:00:00.287289,2,0.05,0.01,0.45,0.08,10,10,0.5,0.010670948238428084,0.2551802592944082,0.7544067074620227,0.2445093110559801,COMPLETE
173,0.23932251296107826,2026-05-08 20:23:58.250669,2026-05-08 20:23:58.411393,0 days 00:00:00.160724,2,0.05,0.01,0.6,0.08,10,20,0.5,,,,,PRUNED
174,-0.36667040715256977,2026-05-08 20:23:58.427213,2026-05-08 20:23:58.732487,0 days 00:00:00.305274,2,0.05,0.02,0.3,0.08,10,10,0.5,0.010594847334165238,0.2552415056842905,0.75453050897347,0.24464665835012525,COMPLETE
175,-0.36653240549258326,2026-05-08 20:23:58.748725,2026-05-08 20:23:59.022759,0 days 00:00:00.274034,2,0.05,0.01,0.45,0.08,10,10,0.5,0.010670948238428084,0.2551802592944082,0.7544067074620227,0.2445093110559801,COMPLETE
176,0.052568832240914076,2026-05-08 20:23:59.038929,2026-05-08 20:23:59.219157,0 days 00:00:00.180228,2,0.05,0.01,0.3,0.08,20,10,0.5,,,,,PRUNED
177,-0.06727829578540329,2026-05-08 20:23:59.232821,2026-05-08 20:23:59.401688,0 days 00:00:00.168867,2,0.03,0.01,0.45,0.08,50,10,0.5,,,,,PRUNED
178,0.07064204714446032,2026-05-08 20:23:59.420865,2026-05-08 20:23:59.608663,0 days 00:00:00.187798,3,0.05,0.01,0.45,0.08,20,10,0.5,,,,,PRUNED
179,0.01520164259368717,2026-05-08 20:23:59.631288,2026-05-08 20:23:59.826769,0 days 00:00:00.195481,4,0.03,0.02,0.6,0.16,10,5,0.5,,,,,PRUNED
180,0.23932251296107826,2026-05-08 20:23:59.846949,2026-05-08 20:24:00.060025,0 days 00:00:00.213076,2,0.05,0.01,0.3,0.08,10,20,0.5,,,,,PRUNED
181,-0.36653240549258326,2026-05-08 20:24:00.079770,2026-05-08 20:24:00.401490,0 days 00:00:00.321720,2,0.05,0.01,0.45,0.08,10,10,0.5,0.010670948238428084,0.2551802592944082,0.7544067074620227,0.2445093110559801,COMPLETE
182,-0.014458509643547723,2026-05-08 20:24:00.418409,2026-05-08 20:24:00.631885,0 days 00:00:00.213476,3,0.03,0.02,0.3,0.16,20,5,0.5,,,,,PRUNED
183,0.21741536505731177,2026-05-08 20:24:00.652203,2026-05-08 20:24:00.850761,0 days 00:00:00.198558,2,0.05,0.01,0.6,0.16,10,10,0.5,,,,,PRUNED
184,0.05923916729593426,2026-05-08 20:24:00.869588,2026-05-08 20:24:01.046577,0 days 00:00:00.176989,4,0.05,0.01,0.45,0.08,20,10,0.5,,,,,PRUNED
185,-0.36653240549258326,2026-05-08 20:24:01.062393,2026-05-08 20:24:01.359028,0 days 00:00:00.296635,2,0.05,0.01,0.45,0.08,10,10,0.5,0.010670948238428084,0.2551802592944082,0.7544067074620227,0.2445093110559801,COMPLETE
186,0.21747197106283342,2026-05-08 20:24:01.375983,2026-05-08 20:24:01.533229,0 days 00:00:00.157246,3,0.05,0.01,0.45,0.08,10,5,0.5,,,,,PRUNED
187,-0.3772886074976042,2026-05-08 20:24:01.549423,2026-05-08 20:24:01.725583,0 days 00:00:00.176160,2,0.03,0.01,0.45,0.12,50,5,0.8,,,,,PRUNED
188,-0.027603910243868518,2026-05-08 20:24:01.741455,2026-05-08 20:24:01.901578,0 days 00:00:00.160123,2,0.05,0.01,0.3,0.08,30,10,0.8,,,,,PRUNED
189,0.23796005777401757,2026-05-08 20:24:01.916940,2026-05-08 20:24:02.116813,0 days 00:00:00.199873,2,0.05,0.01,0.45,0.08,10,10,0.65,,,,,PRUNED
190,0.21327520264942842,2026-05-08 20:24:02.135343,2026-05-08 20:24:02.342282,0 days 00:00:00.206939,4,0.05,0.02,0.3,0.08,10,5,0.5,,,,,PRUNED
191,-0.36653240549258326,2026-05-08 20:24:02.359325,2026-05-08 20:24:02.749958,0 days 00:00:00.390633,2,0.05,0.01,0.45,0.08,10,10,0.5,0.010670948238428084,0.2551802592944082,0.7544067074620227,0.2445093110559801,COMPLETE
192,-0.20027775710568513,2026-05-08 20:24:02.768190,2026-05-08 20:24:03.022684,0 days 00:00:00.254494,3,0.03,0.02,0.45,0.12,20,5,0.8,,,,,PRUNED
193,-0.36653240549258326,2026-05-08 20:24:03.044195,2026-05-08 20:24:03.497803,0 days 00:00:00.453608,2,0.05,0.01,0.45,0.08,10,10,0.5,0.010670948238428084,0.2551802592944082,0.7544067074620227,0.2445093110559801,COMPLETE
194,-0.15872452811707474,2026-05-08 20:24:03.521672,2026-05-08 20:24:03.789102,0 days 00:00:00.267430,2,0.05,0.01,0.45,0.16,30,5,0.5,,,,,PRUNED
195,0.24006157750707274,2026-05-08 20:24:03.817985,2026-05-08 20:24:04.078927,0 days 00:00:00.260942,2,0.05,0.01,0.6,0.08,10,5,0.5,,,,,PRUNED
196,-0.10530782472821743,2026-05-08 20:24:04.105748,2026-05-08 20:24:04.374114,0 days 00:00:00.268366,3,0.03,0.02,0.6,0.08,30,5,0.65,,,,,PRUNED
197,0.18447756040735058,2026-05-08 20:24:04.395473,2026-05-08 20:24:04.620861,0 days 00:00:00.225388,2,0.03,0.01,0.45,0.16,10,10,0.5,,,,,PRUNED
198,0.24308425915185713,2026-05-08 20:24:04.641082,2026-05-08 20:24:04.865699,0 days 00:00:00.224617,3,0.05,0.01,0.45,0.08,10,10,0.5,,,,,PRUNED
199,-0.44046647123959004,2026-05-08 20:24:04.888985,2026-05-08 20:24:05.157702,0 days 00:00:00.268717,4,0.05,0.01,0.6,0.16,50,20,0.8,,,,,PRUNED
200,-0.08804583239032104,2026-05-08 20:24:05.183217,2026-05-08 20:24:05.429344,0 days 00:00:00.246127,2,0.05,0.01,0.45,0.08,10,20,0.8,,,,,PRUNED
201,-0.2576136940755139,2026-05-08 20:24:05.449217,2026-05-08 20:24:05.672194,0 days 00:00:00.222977,2,0.05,0.01,0.45,0.08,50,10,0.8,,,,,PRUNED
202,-0.36653240549258326,2026-05-08 20:24:05.691800,2026-05-08 20:24:06.080275,0 days 00:00:00.388475,2,0.05,0.02,0.45,0.08,10,10,0.5,0.010670948238428084,0.2551802592944082,0.7544067074620227,0.2445093110559801,COMPLETE
203,-0.050222008172621097,2026-05-08 20:24:06.100962,2026-05-08 20:24:06.333688,0 days 00:00:00.232726,2,0.03,0.01,0.45,0.08,30,10,0.5,,,,,PRUNED
204,0.21741536505731177,2026-05-08 20:24:06.354402,2026-05-08 20:24:06.589899,0 days 00:00:00.235497,2,0.05,0.01,0.45,0.16,10,10,0.5,,,,,PRUNED
205,-0.1894808532589523,2026-05-08 20:24:06.609937,2026-05-08 20:24:06.849388,0 days 00:00:00.239451,4,0.03,0.02,0.45,0.16,10,20,0.8,,,,,PRUNED
206,-0.11223117915994565,2026-05-08 20:24:06.869684,2026-05-08 20:24:07.099125,0 days 00:00:00.229441,2,0.05,0.01,0.45,0.12,50,10,0.5,,,,,PRUNED
207,-0.029520162686609452,2026-05-08 20:24:07.115843,2026-05-08 20:24:07.347885,0 days 00:00:00.232042,4,0.03,0.02,0.3,0.08,20,10,0.65,,,,,PRUNED
208,-0.05184159940696037,2026-05-08 20:24:07.369542,2026-05-08 20:24:07.614597,0 days 00:00:00.245055,3,0.05,0.02,0.6,0.16,20,20,0.65,,,,,PRUNED
209,0.01741902887561142,2026-05-08 20:24:07.643009,2026-05-08 20:24:07.991075,0 days 00:00:00.348066,2,0.05,0.01,0.45,0.08,20,10,0.65,,,,,PRUNED
210,-0.016243913750736028,2026-05-08 20:24:08.017225,2026-05-08 20:24:08.272205,0 days 00:00:00.254980,2,0.05,0.01,0.45,0.08,30,10,0.5,,,,,PRUNED
211,-0.36653240549258326,2026-05-08 20:24:08.293317,2026-05-08 20:24:08.675205,0 days 00:00:00.381888,2,0.05,0.01,0.45,0.08,10,10,0.5,0.010670948238428084,0.2551802592944082,0.7544067074620227,0.2445093110559801,COMPLETE
212,-0.36653240549258326,2026-05-08 20:24:08.693525,2026-05-08 20:24:09.019935,0 days 00:00:00.326410,2,0.05,0.01,0.45,0.08,10,10,0.5,0.010670948238428084,0.2551802592944082,0.7544067074620227,0.2445093110559801,COMPLETE
213,0.22352258570881062,2026-05-08 20:24:09.034964,2026-05-08 20:24:09.211259,0 days 00:00:00.176295,2,0.03,0.01,0.45,0.08,10,10,0.65,,,,,PRUNED
214,0.24006157750707274,2026-05-08 20:24:09.226963,2026-05-08 20:24:09.443264,0 days 00:00:00.216301,2,0.05,0.01,0.45,0.08,10,5,0.5,,,,,PRUNED
215,-0.36653240549258326,2026-05-08 20:24:09.464779,2026-05-08 20:24:09.942642,0 days 00:00:00.477863,2,0.05,0.01,0.45,0.08,10,10,0.5,0.010670948238428084,0.2551802592944082,0.7544067074620227,0.2445093110559801,COMPLETE
216,-0.27084059557168644,2026-05-08 20:24:09.976602,2026-05-08 20:24:10.294055,0 days 00:00:00.317453,2,0.03,0.01,0.3,0.12,20,20,0.8,,,,,PRUNED
217,-0.36653240549258326,2026-05-08 20:24:10.323380,2026-05-08 20:24:10.877221,0 days 00:00:00.553841,2,0.05,0.01,0.45,0.08,10,10,0.5,0.010670948238428084,0.2551802592944082,0.7544067074620227,0.2445093110559801,COMPLETE
218,-0.36653240549258326,2026-05-08 20:24:10.893858,2026-05-08 20:24:11.182776,0 days 00:00:00.288918,2,0.05,0.02,0.45,0.08,10,10,0.5,0.010670948238428084,0.2551802592944082,0.7544067074620227,0.2445093110559801,COMPLETE
219,-0.12460726446031051,2026-05-08 20:24:11.198916,2026-05-08 20:24:11.364886,0 days 00:00:00.165970,2,0.05,0.01,0.3,0.08,10,10,0.8,,,,,PRUNED
220,-0.12460726446031051,2026-05-08 20:24:11.382308,2026-05-08 20:24:11.540813,0 days 00:00:00.158505,2,0.05,0.01,0.45,0.08,10,10,0.8,,,,,PRUNED
221,-0.07310812321976878,2026-05-08 20:24:11.553834,2026-05-08 20:24:11.708329,0 days 00:00:00.154495,3,0.03,0.02,0.3,0.08,30,20,0.65,,,,,PRUNED
222,-0.36653240549258326,2026-05-08 20:24:11.721577,2026-05-08 20:24:12.000738,0 days 00:00:00.279161,2,0.05,0.01,0.45,0.08,10,10,0.5,0.010670948238428084,0.2551802592944082,0.7544067074620227,0.2445093110559801,COMPLETE
223,0.17608808894846592,2026-05-08 20:24:12.015515,2026-05-08 20:24:12.171851,0 days 00:00:00.156336,2,0.05,0.01,0.45,0.08,10,20,0.65,,,,,PRUNED
224,0.23840653978621004,2026-05-08 20:24:12.190834,2026-05-08 20:24:12.353845,0 days 00:00:00.163011,4,0.05,0.01,0.45,0.08,10,10,0.5,,,,,PRUNED
225,0.23909750161854434,2026-05-08 20:24:12.368020,2026-05-08 20:24:12.535629,0 days 00:00:00.167609,2,0.05,0.01,0.45,0.12,10,10,0.5,,,,,PRUNED
226,-0.36653240549258326,2026-05-08 20:24:12.549275,2026-05-08 20:24:12.837049,0 days 00:00:00.287774,2,0.05,0.01,0.6,0.08,10,10,0.5,0.010670948238428084,0.2551802592944082,0.7544067074620227,0.2445093110559801,COMPLETE
227,-0.2730619461771655,2026-05-08 20:24:12.853067,2026-05-08 20:24:13.030626,0 days 00:00:00.177559,4,0.03,0.01,0.3,0.16,20,5,0.8,,,,,PRUNED
228,-0.36653240549258326,2026-05-08 20:24:13.043253,2026-05-08 20:24:13.322807,0 days 00:00:00.279554,2,0.05,0.01,0.6,0.08,10,10,0.5,0.010670948238428084,0.2551802592944082,0.7544067074620227,0.2445093110559801,COMPLETE
229,-0.07628647350127518,2026-05-08 20:24:13.339606,2026-05-08 20:24:13.514409,0 days 00:00:00.174803,3,0.05,0.02,0.3,0.08,50,10,0.5,,,,,PRUNED
230,0.23932251296107826,2026-05-08 20:24:13.530669,2026-05-08 20:24:13.706323,0 days 00:00:00.175654,2,0.05,0.01,0.45,0.08,10,20,0.5,,,,,PRUNED
231,0.23796005777401757,2026-05-08 20:24:13.719967,2026-05-08 20:24:13.932916,0 days 00:00:00.212949,2,0.05,0.02,0.6,0.08,10,10,0.65,,,,,PRUNED
232,-0.36653240549258326,2026-05-08 20:24:13.954029,2026-05-08 20:24:14.260202,0 days 00:00:00.306173,2,0.05,0.02,0.6,0.08,10,10,0.5,0.010670948238428084,0.2551802592944082,0.7544067074620227,0.2445093110559801,COMPLETE
233,-0.016243913750736028,2026-05-08 20:24:14.280412,2026-05-08 20:24:14.447135,0 days 00:00:00.166723,2,0.05,0.02,0.6,0.08,30,10,0.5,,,,,PRUNED
234,0.052607995265158525,2026-05-08 20:24:14.460334,2026-05-08 20:24:14.648981,0 days 00:00:00.188647,2,0.05,0.02,0.6,0.08,20,10,0.5,,,,,PRUNED
235,-0.27427392633937864,2026-05-08 20:24:14.667843,2026-05-08 20:24:14.847099,0 days 00:00:00.179256,4,0.03,0.01,0.3,0.16,30,5,0.65,,,,,PRUNED
236,0.23796005777401757,2026-05-08 20:24:14.865527,2026-05-08 20:24:15.043898,0 days 00:00:00.178371,2,0.05,0.01,0.3,0.08,10,10,0.65,,,,,PRUNED
237,-0.09264805876001997,2026-05-08 20:24:15.062463,2026-05-08 20:24:15.229489,0 days 00:00:00.167026,4,0.03,0.02,0.45,0.16,20,10,0.5,,,,,PRUNED
238,-0.36653240549258326,2026-05-08 20:24:15.246701,2026-05-08 20:24:15.526550,0 days 00:00:00.279849,2,0.05,0.01,0.45,0.08,10,10,0.5,0.010670948238428084,0.2551802592944082,0.7544067074620227,0.2445093110559801,COMPLETE
239,-0.4119545089830907,2026-05-08 20:24:15.541096,2026-05-08 20:24:15.708001,0 days 00:00:00.166905,4,0.05,0.01,0.3,0.12,50,20,0.8,,,,,PRUNED
240,0.031886917647871105,2026-05-08 20:24:15.724096,2026-05-08 20:24:15.894940,0 days 00:00:00.170844,4,0.05,0.02,0.6,0.12,20,20,0.5,,,,,PRUNED
241,-0.36653240549258326,2026-05-08 20:24:15.911813,2026-05-08 20:24:16.206327,0 days 00:00:00.294514,2,0.05,0.01,0.45,0.08,10,10,0.5,0.010670948238428084,0.2551802592944082,0.7544067074620227,0.2445093110559801,COMPLETE
242,-0.05591122487215011,2026-05-08 20:24:16.220315,2026-05-08 20:24:16.378318,0 days 00:00:00.158003,2,0.05,0.01,0.45,0.12,30,10,0.5,,,,,PRUNED
243,0.2425609767130091,2026-05-08 20:24:16.393991,2026-05-08 20:24:16.561298,0 days 00:00:00.167307,2,0.03,0.01,0.45,0.08,10,10,0.5,,,,,PRUNED
244,0.23909750161854434,2026-05-08 20:24:16.576343,2026-05-08 20:24:16.737894,0 days 00:00:00.161551,2,0.05,0.02,0.6,0.12,10,10,0.5,,,,,PRUNED
245,-0.043131600755578176,2026-05-08 20:24:16.752869,2026-05-08 20:24:16.915803,0 days 00:00:00.162934,2,0.05,0.01,0.45,0.08,50,10,0.5,,,,,PRUNED
246,-0.0975672982036822,2026-05-08 20:24:16.930447,2026-05-08 20:24:17.119394,0 days 00:00:00.188947,3,0.03,0.02,0.6,0.12,30,10,0.5,,,,,PRUNED
247,-0.36653240549258326,2026-05-08 20:24:17.134275,2026-05-08 20:24:17.417640,0 days 00:00:00.283365,2,0.05,0.01,0.45,0.08,10,10,0.5,0.010670948238428084,0.2551802592944082,0.7544067074620227,0.2445093110559801,COMPLETE
248,-0.2576136940755139,2026-05-08 20:24:17.433227,2026-05-08 20:24:17.594701,0 days 00:00:00.161474,2,0.05,0.02,0.6,0.08,50,10,0.8,,,,,PRUNED
249,0.052607995265158525,2026-05-08 20:24:17.607654,2026-05-08 20:24:17.769169,0 days 00:00:00.161515,2,0.05,0.01,0.45,0.08,20,10,0.5,,,,,PRUNED
250,-0.36653240549258326,2026-05-08 20:24:17.783371,2026-05-08 20:24:18.049543,0 days 00:00:00.266172,2,0.05,0.01,0.45,0.08,10,10,0.5,0.010670948238428084,0.2551802592944082,0.7544067074620227,0.2445093110559801,COMPLETE
251,-0.3093594925840041,2026-05-08 20:24:18.065902,2026-05-08 20:24:18.259275,0 days 00:00:00.193373,4,0.03,0.01,0.45,0.12,50,5,0.65,,,,,PRUNED
252,-0.3638908620324772,2026-05-08 20:24:18.278324,2026-05-08 20:24:18.483159,0 days 00:00:00.204835,2,0.05,0.02,0.45,0.16,50,10,0.8,,,,,PRUNED
253,-0.11218054027400386,2026-05-08 20:24:18.501257,2026-05-08 20:24:18.666737,0 days 00:00:00.165480,2,0.03,0.02,0.3,0.08,50,10,0.65,,,,,PRUNED
254,-0.08318989418495831,2026-05-08 20:24:18.682087,2026-05-08 20:24:18.867293,0 days 00:00:00.185206,3,0.05,0.02,0.6,0.12,30,10,0.8,,,,,PRUNED
255,-0.36653240549258326,2026-05-08 20:24:18.883555,2026-05-08 20:24:19.193925,0 days 00:00:00.310370,2,0.05,0.01,0.45,0.08,10,10,0.5,0.010670948238428084,0.2551802592944082,0.7544067074620227,0.2445093110559801,COMPLETE
256,-0.2038493957191969,2026-05-08 20:24:19.209119,2026-05-08 20:24:19.375880,0 days 00:00:00.166761,3,0.05,0.02,0.6,0.16,20,10,0.8,,,,,PRUNED
257,-0.13303820188762652,2026-05-08 20:24:19.390838,2026-05-08 20:24:19.565952,0 days 00:00:00.175114,2,0.03,0.02,0.45,0.16,30,10,0.65,,,,,PRUNED
258,-0.36653240549258326,2026-05-08 20:24:19.581124,2026-05-08 20:24:19.868304,0 days 00:00:00.287180,2,0.05,0.01,0.45,0.08,10,10,0.5,0.010670948238428084,0.2551802592944082,0.7544067074620227,0.2445093110559801,COMPLETE
259,0.2425609767130091,2026-05-08 20:24:19.885617,2026-05-08 20:24:20.051917,0 days 00:00:00.166300,2,0.03,0.02,0.6,0.08,10,10,0.5,,,,,PRUNED
260,0.23840653978621004,2026-05-08 20:24:20.067062,2026-05-08 20:24:20.240462,0 days 00:00:00.173400,4,0.05,0.02,0.6,0.08,10,10,0.5,,,,,PRUNED
261,-0.36653240549258326,2026-05-08 20:24:20.258987,2026-05-08 20:24:20.534681,0 days 00:00:00.275694,2,0.05,0.02,0.45,0.08,10,10,0.5,0.010670948238428084,0.2551802592944082,0.7544067074620227,0.2445093110559801,COMPLETE
262,-0.3910536079947712,2026-05-08 20:24:20.550014,2026-05-08 20:24:20.716783,0 days 00:00:00.166769,3,0.05,0.02,0.3,0.12,50,5,0.8,,,,,PRUNED
263,-0.36653240549258326,2026-05-08 20:24:20.732532,2026-05-08 20:24:21.011245,0 days 00:00:00.278713,2,0.05,0.02,0.6,0.08,10,10,0.5,0.010670948238428084,0.2551802592944082,0.7544067074620227,0.2445093110559801,COMPLETE
264,-0.36653240549258326,2026-05-08 20:24:21.026432,2026-05-08 20:24:21.324338,0 days 00:00:00.297906,2,0.05,0.01,0.45,0.08,10,10,0.5,0.010670948238428084,0.2551802592944082,0.7544067074620227,0.2445093110559801,COMPLETE
265,-0.012479987736422449,2026-05-08 20:24:21.337374,2026-05-08 20:24:21.499678,0 days 00:00:00.162304,3,0.03,0.02,0.3,0.12,20,10,0.5,,,,,PRUNED
266,0.24308425915185713,2026-05-08 20:24:21.515134,2026-05-08 20:24:21.685420,0 days 00:00:00.170286,3,0.05,0.02,0.6,0.08,10,10,0.5,,,,,PRUNED
267,0.24308425915185713,2026-05-08 20:24:21.700267,2026-05-08 20:24:21.855890,0 days 00:00:00.155623,3,0.05,0.01,0.3,0.08,10,10,0.5,,,,,PRUNED
268,-0.1112499675348276,2026-05-08 20:24:21.870930,2026-05-08 20:24:22.056892,0 days 00:00:00.185962,4,0.03,0.02,0.6,0.08,30,5,0.5,,,,,PRUNED
269,-0.10200712668974228,2026-05-08 20:24:22.075899,2026-05-08 20:24:22.246929,0 days 00:00:00.171030,2,0.05,0.01,0.45,0.08,50,10,0.65,,,,,PRUNED
270,-0.2531612645139325,2026-05-08 20:24:22.261307,2026-05-08 20:24:22.424990,0 days 00:00:00.163683,2,0.03,0.01,0.6,0.16,50,10,0.65,,,,,PRUNED
271,0.23008841645219938,2026-05-08 20:24:22.439381,2026-05-08 20:24:22.635028,0 days 00:00:00.195647,2,0.03,0.01,0.45,0.08,10,5,0.5,,,,,PRUNED
272,-0.36653240549258326,2026-05-08 20:24:22.654362,2026-05-08 20:24:22.977557,0 days 00:00:00.323195,2,0.05,0.01,0.45,0.08,10,10,0.5,0.010670948238428084,0.2551802592944082,0.7544067074620227,0.2445093110559801,COMPLETE
273,-0.36653240549258326,2026-05-08 20:24:22.993932,2026-05-08 20:24:23.265911,0 days 00:00:00.271979,2,0.05,0.01,0.6,0.08,10,10,0.5,0.010670948238428084,0.2551802592944082,0.7544067074620227,0.2445093110559801,COMPLETE
274,-0.09597057996571504,2026-05-08 20:24:23.279623,2026-05-08 20:24:23.467417,0 days 00:00:00.187794,2,0.05,0.01,0.45,0.16,30,10,0.5,,,,,PRUNED
275,-0.21905551611959773,2026-05-08 20:24:23.481541,2026-05-08 20:24:23.648930,0 days 00:00:00.167389,3,0.03,0.02,0.3,0.16,10,10,0.8,,,,,PRUNED
276,-0.23308323170747433,2026-05-08 20:24:23.662803,2026-05-08 20:24:23.828959,0 days 00:00:00.166156,3,0.05,0.01,0.6,0.08,20,20,0.8,,,,,PRUNED
277,-0.36653240549258326,2026-05-08 20:24:23.844872,2026-05-08 20:24:24.126665,0 days 00:00:00.281793,2,0.05,0.01,0.45,0.08,10,10,0.5,0.010670948238428084,0.2551802592944082,0.7544067074620227,0.2445093110559801,COMPLETE
278,-0.36653240549258326,2026-05-08 20:24:24.145607,2026-05-08 20:24:24.420344,0 days 00:00:00.274737,2,0.05,0.01,0.45,0.08,10,10,0.5,0.010670948238428084,0.2551802592944082,0.7544067074620227,0.2445093110559801,COMPLETE
279,0.21611256630432396,2026-05-08 20:24:24.436051,2026-05-08 20:24:24.595962,0 days 00:00:00.159911,2,0.05,0.01,0.45,0.08,10,5,0.65,,,,,PRUNED
280,-0.12320431413993727,2026-05-08 20:24:24.611839,2026-05-08 20:24:24.778862,0 days 00:00:00.167023,3,0.05,0.01,0.45,0.08,10,10,0.8,,,,,PRUNED
281,0.2156529545712168,2026-05-08 20:24:24.793555,2026-05-08 20:30:18.821124,0 days 00:05:54.027569,3,0.05,0.01,0.45,0.12,10,10,0.5,,,,,PRUNED
282,0.18594208077716634,2026-05-08 20:30:18.843302,2026-05-08 20:37:50.775169,0 days 00:07:31.931867,3,0.05,0.02,0.3,0.12,10,5,0.65,,,,,PRUNED
283,-0.22167243434376874,2026-05-08 20:37:50.791353,2026-05-08 20:40:22.220397,0 days 00:02:31.429044,4,0.03,0.02,0.3,0.16,30,20,0.65,,,,,PRUNED
284,0.2384591158253938,2026-05-08 20:40:22.238423,2026-05-08 20:41:48.298061,0 days 00:01:26.059638,4,0.05,0.01,0.45,0.08,10,10,0.65,,,,,PRUNED
285,-0.14441091866740127,2026-05-08 20:41:48.313768,2026-05-08 20:43:52.962747,0 days 00:02:04.648979,2,0.03,0.01,0.6,0.08,20,10,0.8,,,,,PRUNED
286,-0.36653240549258326,2026-05-08 20:43:52.982119,2026-05-08 20:43:53.329652,0 days 00:00:00.347533,2,0.05,0.01,0.45,0.08,10,10,0.5,0.010670948238428084,0.2551802592944082,0.7544067074620227,0.2445093110559801,COMPLETE
287,-0.36653240549258326,2026-05-08 20:43:53.349087,2026-05-08 20:43:53.653900,0 days 00:00:00.304813,2,0.05,0.01,0.45,0.08,10,10,0.5,0.010670948238428084,0.2551802592944082,0.7544067074620227,0.2445093110559801,COMPLETE
288,-0.21452599031902692,2026-05-08 20:43:53.669994,2026-05-08 20:45:12.300941,0 days 00:01:18.630947,2,0.05,0.02,0.3,0.08,20,20,0.8,,,,,PRUNED
289,-0.36653240549258326,2026-05-08 20:45:12.316025,2026-05-08 20:45:12.558928,0 days 00:00:00.242903,2,0.05,0.01,0.45,0.08,10,10,0.5,0.010670948238428084,0.2551802592944082,0.7544067074620227,0.2445093110559801,COMPLETE
290,-0.36653240549258326,2026-05-08 20:45:12.578820,2026-05-08 20:45:12.842522,0 days 00:00:00.263702,2,0.05,0.02,0.45,0.08,10,10,0.5,0.010670948238428084,0.2551802592944082,0.7544067074620227,0.2445093110559801,COMPLETE
291,-0.02764171645929614,2026-05-08 20:45:12.858502,2026-05-08 20:47:50.492792,0 days 00:02:37.634290,2,0.05,0.02,0.45,0.08,30,10,0.8,,,,,PRUNED
292,-0.36653240549258326,2026-05-08 20:47:50.505267,2026-05-08 20:47:50.799624,0 days 00:00:00.294357,2,0.05,0.01,0.45,0.08,10,10,0.5,0.010670948238428084,0.2551802592944082,0.7544067074620227,0.2445093110559801,COMPLETE
293,0.2132752026494281,2026-05-08 20:47:50.818356,2026-05-08 20:53:11.463112,0 days 00:05:20.644756,4,0.05,0.01,0.45,0.08,10,5,0.5,,,,,PRUNED
294,-0.17684670511954226,2026-05-08 20:53:11.478407,2026-05-08 20:54:57.182089,0 days 00:01:45.703682,2,0.05,0.01,0.45,0.16,10,10,0.8,,,,,PRUNED
295,-0.14344521751034162,2026-05-08 20:54:57.210671,2026-05-08 20:57:05.796350,0 days 00:02:08.585679,3,0.03,0.02,0.6,0.12,30,20,0.65,,,,,PRUNED
296,-0.36653240549258326,2026-05-08 20:57:05.815594,2026-05-08 20:57:06.382630,0 days 00:00:00.567036,2,0.05,0.01,0.45,0.08,10,10,0.5,0.010670948238428084,0.2551802592944082,0.7544067074620227,0.2445093110559801,COMPLETE
297,-0.36653240549258326,2026-05-08 20:57:06.405033,2026-05-08 20:57:06.770288,0 days 00:00:00.365255,2,0.05,0.01,0.6,0.08,10,10,0.5,0.010670948238428084,0.2551802592944082,0.7544067074620227,0.2445093110559801,COMPLETE
298,-0.20051760301067623,2026-05-08 20:57:06.792808,2026-05-08 21:00:53.332958,0 days 00:03:46.540150,2,0.05,0.02,0.6,0.16,50,10,0.5,,,,,PRUNED
299,-0.11621186383312407,2026-05-08 21:00:53.346771,2026-05-08 21:04:27.710763,0 days 00:03:34.363992,3,0.05,0.02,0.6,0.08,50,10,0.65,,,,,PRUNED
300,0.030064404659208066,2026-05-08 21:04:27.726360,2026-05-08 21:06:37.933958,0 days 00:02:10.207598,2,0.03,0.02,0.45,0.08,20,10,0.5,,,,,PRUNED
301,-0.0798283480947326,2026-05-08 21:06:37.949348,2026-05-08 21:08:51.324914,0 days 00:02:13.375566,3,0.03,0.01,0.3,0.08,30,10,0.65,,,,,PRUNED
302,0.22457719246202396,2026-05-08 21:08:51.343392,2026-05-08 21:10:03.508238,0 days 00:01:12.164846,3,0.05,0.01,0.45,0.08,10,20,0.5,,,,,PRUNED
303,0.21741536505731168,2026-05-08 21:10:03.526630,2026-05-08 21:11:37.111856,0 days 00:01:33.585226,2,0.05,0.02,0.6,0.16,10,10,0.5,,,,,PRUNED
304,-0.36653240549258326,2026-05-08 21:11:37.133247,2026-05-08 21:11:37.503291,0 days 00:00:00.370044,2,0.05,0.01,0.45,0.08,10,10,0.5,0.010670948238428084,0.2551802592944082,0.7544067074620227,0.2445093110559801,COMPLETE
305,-0.36653240549258326,2026-05-08 21:11:37.520376,2026-05-08 21:11:37.861822,0 days 00:00:00.341446,2,0.05,0.01,0.45,0.08,10,10,0.5,0.010670948238428084,0.2551802592944082,0.7544067074620227,0.2445093110559801,COMPLETE
306,-0.36653240549258326,2026-05-08 21:11:37.876146,2026-05-08 21:11:38.194130,0 days 00:00:00.317984,2,0.05,0.01,0.45,0.08,10,10,0.5,0.010670948238428084,0.2551802592944082,0.7544067074620227,0.2445093110559801,COMPLETE
307,-0.36653240549258326,2026-05-08 21:11:38.211192,2026-05-08 21:11:38.531653,0 days 00:00:00.320461,2,0.05,0.01,0.45,0.08,10,10,0.5,0.010670948238428084,0.2551802592944082,0.7544067074620227,0.2445093110559801,COMPLETE
308,0.23796005777401757,2026-05-08 21:11:38.550748,2026-05-08 21:11:38.755657,0 days 00:00:00.204909,2,0.05,0.01,0.45,0.08,10,10,0.65,,,,,PRUNED
309,-0.05102760976928611,2026-05-08 21:11:38.774432,2026-05-08 21:13:44.177615,0 days 00:02:05.403183,3,0.05,0.01,0.6,0.16,30,20,0.5,,,,,PRUNED
310,-0.19675250806056346,2026-05-08 21:13:44.198462,2026-05-08 21:20:33.325485,0 days 00:06:49.127023,3,0.05,0.01,0.6,0.16,50,5,0.5,,,,,PRUNED
311,-0.36667040715256977,2026-05-08 21:20:33.342331,2026-05-08 21:20:33.694876,0 days 00:00:00.352545,2,0.05,0.01,0.3,0.08,10,10,0.5,0.010594847334165238,0.2552415056842905,0.75453050897347,0.24464665835012525,COMPLETE
312,-0.1103468224312833,2026-05-08 21:20:33.713000,2026-05-08 21:22:08.298380,0 days 00:01:34.585380,4,0.05,0.02,0.45,0.08,10,10,0.8,,,,,PRUNED
313,0.24308425915185713,2026-05-08 21:22:08.311515,2026-05-08 21:22:08.505223,0 days 00:00:00.193708,3,0.05,0.01,0.45,0.08,10,10,0.5,,,,,PRUNED
314,-0.36653240549258326,2026-05-08 21:22:08.523498,2026-05-08 21:22:08.837411,0 days 00:00:00.313913,2,0.05,0.01,0.45,0.08,10,10,0.5,0.010670948238428084,0.2551802592944082,0.7544067074620227,0.2445093110559801,COMPLETE
315,-0.09985804262435757,2026-05-08 21:22:08.854088,2026-05-08 21:24:41.342030,0 days 00:02:32.487942,4,0.05,0.01,0.45,0.08,50,10,0.5,,,,,PRUNED
316,-0.36653240549258326,2026-05-08 21:24:41.360330,2026-05-08 21:24:41.656526,0 days 00:00:00.296196,2,0.05,0.01,0.45,0.08,10,10,0.5,0.010670948238428084,0.2551802592944082,0.7544067074620227,0.2445093110559801,COMPLETE
317,0.21741536505731177,2026-05-08 21:24:41.673952,2026-05-08 21:24:41.868860,0 days 00:00:00.194908,2,0.05,0.01,0.45,0.16,10,10,0.5,,,,,PRUNED
318,-0.36653240549258326,2026-05-08 21:24:41.888371,2026-05-08 21:24:42.186949,0 days 00:00:00.298578,2,0.05,0.02,0.45,0.08,10,10,0.5,0.010670948238428084,0.2551802592944082,0.7544067074620227,0.2445093110559801,COMPLETE
319,0.09282559378155691,2026-05-08 21:24:42.204584,2026-05-08 21:27:43.889809,0 days 00:03:01.685225,3,0.03,0.02,0.45,0.08,20,5,0.5,,,,,PRUNED
320,0.008211642540159936,2026-05-08 21:27:43.904971,2026-05-08 21:29:17.568530,0 days 00:01:33.663559,2,0.05,0.02,0.6,0.08,20,20,0.65,,,,,PRUNED
321,-0.36653240549258326,2026-05-08 21:29:17.584056,2026-05-08 21:29:17.904646,0 days 00:00:00.320590,2,0.05,0.01,0.45,0.08,10,10,0.5,0.010670948238428084,0.2551802592944082,0.7544067074620227,0.2445093110559801,COMPLETE
322,-0.36653240549258326,2026-05-08 21:29:17.924653,2026-05-08 21:29:18.257934,0 days 00:00:00.333281,2,0.05,0.02,0.6,0.08,10,10,0.5,0.010670948238428084,0.2551802592944082,0.7544067074620227,0.2445093110559801,COMPLETE
323,-0.06577929870733523,2026-05-08 21:29:18.277862,2026-05-08 21:32:47.581152,0 days 00:03:29.303290,4,0.05,0.01,0.6,0.08,30,5,0.5,,,,,PRUNED
324,0.2009340334131694,2026-05-08 21:32:47.594302,2026-05-08 21:33:55.562185,0 days 00:01:07.967883,2,0.05,0.01,0.45,0.16,10,20,0.5,,,,,PRUNED
325,-0.41712428364903825,2026-05-08 21:33:55.580367,2026-05-08 21:36:48.272545,0 days 00:02:52.692178,2,0.03,0.01,0.6,0.12,50,20,0.8,,,,,PRUNED
326,-0.016243913750736028,2026-05-08 21:36:48.286505,2026-05-08 21:36:48.497653,0 days 00:00:00.211148,2,0.05,0.01,0.45,0.08,30,10,0.5,,,,,PRUNED
327,-0.18457925381717205,2026-05-08 21:36:48.516756,2026-05-08 21:40:23.594056,0 days 00:03:35.077300,4,0.05,0.01,0.3,0.12,30,5,0.65,,,,,PRUNED
328,-0.12460726446031209,2026-05-08 21:40:23.609843,2026-05-08 21:41:56.328738,0 days 00:01:32.718895,2,0.05,0.02,0.6,0.08,10,10,0.8,,,,,PRUNED
329,-0.2311609175423413,2026-05-08 21:41:56.347627,2026-05-08 21:43:58.533272,0 days 00:02:02.185645,4,0.03,0.01,0.45,0.16,30,20,0.8,,,,,PRUNED
330,-0.36653240549258326,2026-05-08 21:43:58.548188,2026-05-08 21:43:58.871738,0 days 00:00:00.323550,2,0.05,0.01,0.6,0.08,10,10,0.5,0.010670948238428084,0.2551802592944082,0.7544067074620227,0.2445093110559801,COMPLETE
331,0.1537302492827651,2026-05-08 21:43:58.893518,2026-05-08 21:45:05.616345,0 days 00:01:06.722827,4,0.03,0.02,0.6,0.12,10,20,0.5,,,,,PRUNED
332,0.24006157750707274,2026-05-08 21:45:05.636738,2026-05-08 21:45:05.821984,0 days 00:00:00.185246,2,0.05,0.01,0.45,0.08,10,5,0.5,,,,,PRUNED
333,-0.36653240549258326,2026-05-08 21:45:05.841901,2026-05-08 21:45:06.145390,0 days 00:00:00.303489,2,0.05,0.01,0.45,0.08,10,10,0.5,0.010670948238428084,0.2551802592944082,0.7544067074620227,0.2445093110559801,COMPLETE
334,-0.3170422335679899,2026-05-08 21:45:06.163563,2026-05-08 21:51:53.582509,0 days 00:06:47.418946,4,0.05,0.02,0.6,0.08,50,5,0.8,,,,,PRUNED
335,-0.36653240549258326,2026-05-08 21:51:53.598204,2026-05-08 21:51:53.904702,0 days 00:00:00.306498,2,0.05,0.01,0.45,0.08,10,10,0.5,0.010670948238428084,0.2551802592944082,0.7544067074620227,0.2445093110559801,COMPLETE
336,0.05458298840866327,2026-05-08 21:51:53.924520,2026-05-08 21:52:58.591366,0 days 00:01:04.666846,4,0.03,0.01,0.45,0.16,10,20,0.65,,,,,PRUNED
337,-0.21602615467821412,2026-05-08 21:52:58.609027,2026-05-08 21:56:09.579992,0 days 00:03:10.970965,2,0.03,0.02,0.6,0.16,20,5,0.8,,,,,PRUNED
338,-0.09350593458337675,2026-05-08 21:56:09.598103,2026-05-08 21:59:18.027660,0 days 00:03:08.429557,3,0.05,0.01,0.45,0.12,20,5,0.65,,,,,PRUNED
339,-0.19301448350074502,2026-05-08 21:59:18.046097,2026-05-08 22:01:45.265590,0 days 00:02:27.219493,4,0.05,0.02,0.6,0.16,20,5,0.8,,,,,PRUNED
340,-0.11694465693407136,2026-05-08 22:01:45.279669,2026-05-08 22:02:50.433193,0 days 00:01:05.153524,3,0.05,0.02,0.45,0.12,10,20,0.8,,,,,PRUNED
341,-0.36653240549258326,2026-05-08 22:02:50.451845,2026-05-08 22:02:50.748050,0 days 00:00:00.296205,2,0.05,0.01,0.45,0.08,10,10,0.5,0.010670948238428084,0.2551802592944082,0.7544067074620227,0.2445093110559801,COMPLETE
342,-0.20276372207815524,2026-05-08 22:02:50.765435,2026-05-08 22:06:28.331970,0 days 00:03:37.566535,3,0.05,0.02,0.45,0.16,30,5,0.5,,,,,PRUNED
343,0.23909750161854434,2026-05-08 22:06:28.348948,2026-05-08 22:06:28.513687,0 days 00:00:00.164739,2,0.05,0.01,0.45,0.12,10,10,0.5,,,,,PRUNED
344,0.014020632424004142,2026-05-08 22:06:28.525054,2026-05-08 22:08:33.355651,0 days 00:02:04.830597,2,0.05,0.01,0.45,0.16,20,10,0.5,,,,,PRUNED
345,0.23932251296107826,2026-05-08 22:08:33.374361,2026-05-08 22:08:33.552134,0 days 00:00:00.177773,2,0.05,0.01,0.45,0.08,10,20,0.5,,,,,PRUNED
346,-0.12460726446031051,2026-05-08 22:08:33.571303,2026-05-08 22:08:33.750880,0 days 00:00:00.179577,2,0.05,0.01,0.45,0.08,10,10,0.8,,,,,PRUNED
347,-0.043131600755578176,2026-05-08 22:08:33.768794,2026-05-08 22:08:33.960618,0 days 00:00:00.191824,2,0.05,0.01,0.45,0.08,50,10,0.5,,,,,PRUNED
348,-0.06625037417962104,2026-05-08 22:08:33.977578,2026-05-08 22:11:08.455350,0 days 00:02:34.477772,4,0.03,0.01,0.45,0.12,30,10,0.8,,,,,PRUNED
349,0.2425609767130091,2026-05-08 22:11:08.472209,2026-05-08 22:11:08.650064,0 days 00:00:00.177855,2,0.03,0.01,0.45,0.08,10,10,0.5,,,,,PRUNED
350,-0.36653240549258326,2026-05-08 22:11:08.669404,2026-05-08 22:11:09.002861,0 days 00:00:00.333457,2,0.05,0.01,0.45,0.08,10,10,0.5,0.010670948238428084,0.2551802592944082,0.7544067074620227,0.2445093110559801,COMPLETE
351,0.24427381693130568,2026-05-08 22:11:09.020783,2026-05-08 22:12:44.236149,0 days 00:01:35.215366,2,0.05,0.01,0.45,0.12,10,10,0.65,,,,,PRUNED
352,-0.023685138331582256,2026-05-08 22:12:44.251847,2026-05-08 22:15:15.536895,0 days 00:02:31.285048,2,0.05,0.01,0.45,0.08,30,10,0.65,,,,,PRUNED
353,-0.3185081988094335,2026-05-08 22:15:15.552572,2026-05-08 22:21:57.279452,0 days 00:06:41.726880,3,0.05,0.01,0.3,0.08,50,5,0.8,,,,,PRUNED
354,-0.028794733944520423,2026-05-08 22:21:57.294620,2026-05-08 22:25:30.284592,0 days 00:03:32.989972,2,0.05,0.01,0.45,0.08,30,5,0.5,,,,,PRUNED
355,-0.36653240549258326,2026-05-08 22:25:30.301635,2026-05-08 22:25:30.593651,0 days 00:00:00.292016,2,0.05,0.01,0.45,0.08,10,10,0.5,0.010670948238428084,0.2551802592944082,0.7544067074620227,0.2445093110559801,COMPLETE
356,-0.36653240549258326,2026-05-08 22:25:30.613198,2026-05-08 22:25:30.912704,0 days 00:00:00.299506,2,0.05,0.02,0.45,0.08,10,10,0.5,0.010670948238428084,0.2551802592944082,0.7544067074620227,0.2445093110559801,COMPLETE
357,-0.04313160075557884,2026-05-08 22:25:30.931985,2026-05-08 22:28:40.074590,0 days 00:03:09.142605,2,0.05,0.02,0.6,0.08,50,10,0.5,,,,,PRUNED
358,-0.4372550071716208,2026-05-08 22:28:40.094013,2026-05-08 22:31:08.899182,0 days 00:02:28.805169,3,0.05,0.01,0.45,0.16,50,20,0.8,,,,,PRUNED
359,0.11564105911748412,2026-05-08 22:31:08.916656,2026-05-08 22:34:14.871639,0 days 00:03:05.954983,2,0.05,0.01,0.6,0.08,20,5,0.5,,,,,PRUNED
360,-0.07628647350127662,2026-05-08 22:34:14.890152,2026-05-08 22:36:03.560999,0 days 00:01:48.670847,3,0.05,0.01,0.6,0.08,50,10,0.5,,,,,PRUNED
361,0.052607995265158525,2026-05-08 22:36:03.577950,2026-05-08 22:36:03.751425,0 days 00:00:00.173475,2,0.05,0.01,0.45,0.08,20,10,0.5,,,,,PRUNED
362,-0.3200655215343245,2026-05-08 22:36:03.766418,2026-05-08 22:37:17.953354,0 days 00:01:14.186936,2,0.05,0.02,0.45,0.08,50,20,0.8,,,,,PRUNED
363,0.23840653978621004,2026-05-08 22:37:17.968034,2026-05-08 22:37:18.149085,0 days 00:00:00.181051,4,0.05,0.01,0.45,0.08,10,10,0.5,,,,,PRUNED
364,-0.05177515915116071,2026-05-08 22:37:18.168107,2026-05-08 22:41:03.530950,0 days 00:03:45.362843,2,0.03,0.02,0.45,0.08,30,5,0.8,,,,,PRUNED
365,-0.36653240549258326,2026-05-08 22:41:03.550190,2026-05-08 22:41:03.854683,0 days 00:00:00.304493,2,0.05,0.01,0.45,0.08,10,10,0.5,0.010670948238428084,0.2551802592944082,0.7544067074620227,0.2445093110559801,COMPLETE
366,-0.36653240549258326,2026-05-08 22:41:03.875330,2026-05-08 22:41:04.257211,0 days 00:00:00.381881,2,0.05,0.01,0.45,0.08,10,10,0.5,0.010670948238428084,0.2551802592944082,0.7544067074620227,0.2445093110559801,COMPLETE
367,-0.0986159808511266,2026-05-08 22:41:04.275166,2026-05-08 22:42:06.373418,0 days 00:01:02.098252,2,0.03,0.01,0.6,0.08,10,20,0.8,,,,,PRUNED
368,-0.19210192480752028,2026-05-08 22:42:06.389945,2026-05-08 22:44:44.795306,0 days 00:02:38.405361,2,0.03,0.02,0.3,0.16,10,5,0.8,,,,,PRUNED
369,-0.36653240549258326,2026-05-08 22:44:44.812619,2026-05-08 22:44:45.129205,0 days 00:00:00.316586,2,0.05,0.01,0.6,0.08,10,10,0.5,0.010670948238428084,0.2551802592944082,0.7544067074620227,0.2445093110559801,COMPLETE
370,-0.3661430653969168,2026-05-08 22:44:45.147659,2026-05-08 22:46:01.379685,0 days 00:01:16.232026,3,0.03,0.01,0.3,0.08,50,20,0.8,,,,,PRUNED
371,-0.36653240549258326,2026-05-08 22:46:01.396151,2026-05-08 22:46:01.705695,0 days 00:00:00.309544,2,0.05,0.01,0.45,0.08,10,10,0.5,0.010670948238428084,0.2551802592944082,0.7544067074620227,0.2445093110559801,COMPLETE
372,-0.36653240549258326,2026-05-08 22:46:01.721459,2026-05-08 22:46:02.032044,0 days 00:00:00.310585,2,0.05,0.01,0.45,0.08,10,10,0.5,0.010670948238428084,0.2551802592944082,0.7544067074620227,0.2445093110559801,COMPLETE
373,-0.36653240549258326,2026-05-08 22:46:02.051965,2026-05-08 22:46:02.335280,0 days 00:00:00.283315,2,0.05,0.01,0.45,0.08,10,10,0.5,0.010670948238428084,0.2551802592944082,0.7544067074620227,0.2445093110559801,COMPLETE
374,-0.36653240549258326,2026-05-08 22:46:02.353792,2026-05-08 22:46:02.668275,0 days 00:00:00.314483,2,0.05,0.01,0.45,0.08,10,10,0.5,0.010670948238428084,0.2551802592944082,0.7544067074620227,0.2445093110559801,COMPLETE
375,-0.36653240549258326,2026-05-08 22:46:02.686015,2026-05-08 22:46:02.980145,0 days 00:00:00.294130,2,0.05,0.01,0.45,0.08,10,10,0.5,0.010670948238428084,0.2551802592944082,0.7544067074620227,0.2445093110559801,COMPLETE
376,-0.36653240549258326,2026-05-08 22:46:02.996144,2026-05-08 22:46:03.324602,0 days 00:00:00.328458,2,0.05,0.01,0.45,0.08,10,10,0.5,0.010670948238428084,0.2551802592944082,0.7544067074620227,0.2445093110559801,COMPLETE
377,0.14815911242368485,2026-05-08 22:46:03.342523,2026-05-08 22:48:43.279163,0 days 00:02:39.936640,2,0.05,0.01,0.45,0.16,10,5,0.5,,,,,PRUNED
378,-0.11834236070084392,2026-05-08 22:48:43.294901,2026-05-08 22:51:04.625080,0 days 00:02:21.330179,2,0.05,0.01,0.6,0.08,10,5,0.8,,,,,PRUNED
379,-0.36653240549258326,2026-05-08 22:51:04.643166,2026-05-08 22:51:04.965772,0 days 00:00:00.322606,2,0.05,0.01,0.45,0.08,10,10,0.5,0.010670948238428084,0.2551802592944082,0.7544067074620227,0.2445093110559801,COMPLETE
380,-0.25284263113686933,2026-05-08 22:51:04.985590,2026-05-08 22:55:33.294305,0 days 00:04:28.308715,2,0.05,0.01,0.6,0.16,50,5,0.65,,,,,PRUNED
381,-0.36653240549258326,2026-05-08 22:55:33.313719,2026-05-08 22:55:33.619773,0 days 00:00:00.306054,2,0.05,0.02,0.45,0.08,10,10,0.5,0.010670948238428084,0.2551802592944082,0.7544067074620227,0.2445093110559801,COMPLETE
382,-0.17055750478482076,2026-05-08 22:55:33.635016,2026-05-08 22:58:05.968186,0 days 00:02:32.333170,4,0.05,0.01,0.3,0.16,30,10,0.5,,,,,PRUNED
383,-0.05248316376705903,2026-05-08 22:58:05.985332,2026-05-08 22:59:41.355306,0 days 00:01:35.369974,3,0.05,0.01,0.45,0.08,30,10,0.5,,,,,PRUNED
384,-0.15568041389417647,2026-05-08 22:59:41.369885,2026-05-08 23:01:43.503813,0 days 00:02:02.133928,2,0.03,0.02,0.3,0.12,30,20,0.8,,,,,PRUNED
385,-0.36653240549258326,2026-05-08 23:01:43.523601,2026-05-08 23:01:43.820101,0 days 00:00:00.296500,2,0.05,0.01,0.45,0.08,10,10,0.5,0.010670948238428084,0.2551802592944082,0.7544067074620227,0.2445093110559801,COMPLETE
386,-0.05391842564925184,2026-05-08 23:01:43.837040,2026-05-08 23:06:05.608327,0 days 00:04:21.771287,2,0.05,0.01,0.6,0.08,50,5,0.5,,,,,PRUNED
387,-0.36653240549258326,2026-05-08 23:06:05.621764,2026-05-08 23:06:05.926815,0 days 00:00:00.305051,2,0.05,0.01,0.6,0.08,10,10,0.5,0.010670948238428084,0.2551802592944082,0.7544067074620227,0.2445093110559801,COMPLETE
388,-0.36653240549258326,2026-05-08 23:06:05.945160,2026-05-08 23:06:06.261102,0 days 00:00:00.315942,2,0.05,0.01,0.45,0.08,10,10,0.5,0.010670948238428084,0.2551802592944082,0.7544067074620227,0.2445093110559801,COMPLETE
389,-0.2671840813007809,2026-05-08 23:06:06.277328,2026-05-08 23:10:30.590542,0 days 00:04:24.313214,2,0.03,0.02,0.3,0.16,50,5,0.65,,,,,PRUNED
390,0.1748384864622793,2026-05-08 23:10:30.607378,2026-05-08 23:11:35.601255,0 days 00:01:04.993877,4,0.05,0.01,0.6,0.12,10,20,0.5,,,,,PRUNED
391,-0.1874025175263095,2026-05-08 23:11:35.617996,2026-05-08 23:13:32.438648,0 days 00:01:56.820652,4,0.05,0.02,0.45,0.12,30,20,0.8,,,,,PRUNED
392,-0.010710683031210588,2026-05-08 23:13:32.459641,2026-05-08 23:16:23.819120,0 days 00:02:51.359479,2,0.05,0.02,0.45,0.08,50,20,0.5,,,,,PRUNED
393,-0.21972745256119136,2026-05-08 23:16:23.836223,2026-05-08 23:18:54.908746,0 days 00:02:31.072523,4,0.05,0.01,0.6,0.16,20,10,0.8,,,,,PRUNED
394,0.14000421896285142,2026-05-08 23:18:54.927372,2026-05-08 23:20:03.911808,0 days 00:01:08.984436,3,0.05,0.01,0.6,0.12,10,20,0.65,,,,,PRUNED
395,-0.36653240549258326,2026-05-08 23:20:03.931409,2026-05-08 23:20:04.263939,0 days 00:00:00.332530,2,0.05,0.01,0.45,0.08,10,10,0.5,0.010670948238428084,0.2551802592944082,0.7544067074620227,0.2445093110559801,COMPLETE
396,-0.36653240549258326,2026-05-08 23:20:04.281739,2026-05-08 23:20:04.589072,0 days 00:00:00.307333,2,0.05,0.02,0.6,0.08,10,10,0.5,0.010670948238428084,0.2551802592944082,0.7544067074620227,0.2445093110559801,COMPLETE
397,-0.3098281234424637,2026-05-08 23:20:04.606815,2026-05-08 23:23:29.796479,0 days 00:03:25.189664,4,0.03,0.02,0.6,0.12,50,10,0.65,,,,,PRUNED
398,-0.36653240549258326,2026-05-08 23:23:29.808704,2026-05-08 23:23:30.091373,0 days 00:00:00.282669,2,0.05,0.01,0.45,0.08,10,10,0.5,0.010670948238428084,0.2551802592944082,0.7544067074620227,0.2445093110559801,COMPLETE
399,-0.09985804262435757,2026-05-08 23:23:30.105621,2026-05-08 23:26:04.903547,0 days 00:02:34.797926,4,0.05,0.01,0.6,0.08,50,10,0.5,,,,,PRUNED
400,-0.36667040715256977,2026-05-08 23:26:04.921258,2026-05-08 23:26:05.210806,0 days 00:00:00.289548,2,0.05,0.01,0.3,0.08,10,10,0.5,0.010594847334165238,0.2552415056842905,0.75453050897347,0.24464665835012525,COMPLETE
401,-0.23209845740117088,2026-05-08 23:26:05.227105,2026-05-08 23:27:54.460653,0 days 00:01:49.233548,3,0.05,0.02,0.45,0.16,50,10,0.5,,,,,PRUNED
402,-0.10594497182508761,2026-05-08 23:27:54.480152,2026-05-08 23:28:57.516207,0 days 00:01:03.036055,2,0.03,0.02,0.45,0.12,10,20,0.8,,,,,PRUNED
403,-0.36653240549258326,2026-05-08 23:28:57.539053,2026-05-08 23:28:58.112858,0 days 00:00:00.573805,2,0.05,0.01,0.45,0.08,10,10,0.5,0.010670948238428084,0.2551802592944082,0.7544067074620227,0.2445093110559801,COMPLETE
404,0.23840653978621004,2026-05-08 23:28:58.139028,2026-05-08 23:28:58.409811,0 days 00:00:00.270783,4,0.05,0.02,0.45,0.08,10,10,0.5,,,,,PRUNED
405,-0.3715359515003197,2026-05-08 23:28:58.433126,2026-05-08 23:30:53.842531,0 days 00:01:55.409405,4,0.03,0.02,0.45,0.16,50,10,0.65,,,,,PRUNED
406,0.09282559378155691,2026-05-08 23:30:53.858631,2026-05-08 23:36:29.214950,0 days 00:05:35.356319,3,0.03,0.01,0.3,0.08,20,5,0.5,,,,,PRUNED
407,-0.061884522887583615,2026-05-08 23:36:29.230788,2026-05-08 23:39:04.426557,0 days 00:02:35.195769,2,0.03,0.01,0.3,0.16,30,10,0.8,,,,,PRUNED
408,-0.13357406190574228,2026-05-08 23:39:04.449505,2026-05-08 23:40:34.065271,0 days 00:01:29.615766,4,0.05,0.02,0.3,0.08,30,20,0.8,,,,,PRUNED
409,-0.18031902155366947,2026-05-08 23:40:34.081991,2026-05-08 23:41:36.986806,0 days 00:01:02.904815,3,0.05,0.01,0.45,0.12,30,20,0.8,,,,,PRUNED
410,-0.13032804206511578,2026-05-08 23:41:37.004212,2026-05-08 23:43:13.529000,0 days 00:01:36.524788,2,0.03,0.02,0.45,0.08,10,10,0.8,,,,,PRUNED
411,-0.22186922069999923,2026-05-08 23:43:13.544643,2026-05-08 23:44:21.499363,0 days 00:01:07.954720,3,0.03,0.02,0.45,0.16,30,20,0.8,,,,,PRUNED
412,0.014020632424004142,2026-05-08 23:44:21.516361,2026-05-08 23:46:07.361663,0 days 00:01:45.845302,2,0.05,0.02,0.45,0.16,20,10,0.5,,,,,PRUNED
413,-0.12375785144366092,2026-05-08 23:46:07.378897,2026-05-08 23:48:35.846445,0 days 00:02:28.467548,3,0.05,0.02,0.3,0.12,30,10,0.65,,,,,PRUNED
414,0.14869927531030405,2026-05-08 23:48:35.863795,2026-05-08 23:50:18.179095,0 days 00:01:42.315300,3,0.03,0.02,0.45,0.16,10,10,0.5,,,,,PRUNED
415,-0.05022200817262165,2026-05-08 23:50:18.198244,2026-05-08 23:52:49.682706,0 days 00:02:31.484462,2,0.03,0.01,0.6,0.08,30,10,0.5,,,,,PRUNED
416,-0.016097346667779344,2026-05-08 23:52:49.698346,2026-05-08 23:54:29.329396,0 days 00:01:39.631050,2,0.05,0.01,0.3,0.08,30,10,0.5,,,,,PRUNED
417,-0.36653240549258326,2026-05-08 23:54:29.347942,2026-05-08 23:54:29.679630,0 days 00:00:00.331688,2,0.05,0.02,0.45,0.08,10,10,0.5,0.010670948238428084,0.2551802592944082,0.7544067074620227,0.2445093110559801,COMPLETE
418,-0.21155211629023518,2026-05-08 23:54:29.699314,2026-05-08 23:59:53.510935,0 days 00:05:23.811621,4,0.03,0.02,0.6,0.12,10,5,0.8,,,,,PRUNED
419,0.15553788915558608,2026-05-08 23:59:53.529548,2026-05-09 00:01:51.697097,0 days 00:01:58.167549,4,0.05,0.02,0.3,0.16,10,10,0.65,,,,,PRUNED
420,-0.36653240549258326,2026-05-09 00:01:51.715444,2026-05-09 00:01:52.047776,0 days 00:00:00.332332,2,0.05,0.01,0.45,0.08,10,10,0.5,0.010670948238428084,0.2551802592944082,0.7544067074620227,0.2445093110559801,COMPLETE
421,-0.04313160075557884,2026-05-09 00:01:52.067647,2026-05-09 00:06:00.032193,0 days 00:04:07.964546,2,0.05,0.02,0.3,0.08,50,10,0.5,,,,,PRUNED
422,-0.36653240549258326,2026-05-09 00:06:00.046904,2026-05-09 00:06:00.360230,0 days 00:00:00.313326,2,0.05,0.01,0.45,0.08,10,10,0.5,0.010670948238428084,0.2551802592944082,0.7544067074620227,0.2445093110559801,COMPLETE
423,0.23796005777401757,2026-05-09 00:06:00.381232,2026-05-09 00:06:00.575561,0 days 00:00:00.194329,2,0.05,0.01,0.45,0.08,10,10,0.65,,,,,PRUNED
424,-0.36653240549258326,2026-05-09 00:06:00.593478,2026-05-09 00:06:00.926677,0 days 00:00:00.333199,2,0.05,0.01,0.6,0.08,10,10,0.5,0.010670948238428084,0.2551802592944082,0.7544067074620227,0.2445093110559801,COMPLETE
425,0.22516899633846785,2026-05-09 00:06:00.946732,2026-05-09 00:07:53.236379,0 days 00:01:52.289647,2,0.03,0.02,0.45,0.12,10,10,0.5,,,,,PRUNED
426,0.2376592185455946,2026-05-09 00:07:53.252277,2026-05-09 00:09:27.634440,0 days 00:01:34.382163,3,0.05,0.02,0.45,0.08,10,10,0.65,,,,,PRUNED
427,-0.1284538301887054,2026-05-09 00:09:27.654228,2026-05-09 00:12:58.781122,0 days 00:03:31.126894,4,0.05,0.01,0.3,0.08,20,5,0.8,,,,,PRUNED
428,-0.09038667615162166,2026-05-09 00:12:58.801469,2026-05-09 00:16:00.555071,0 days 00:03:01.753602,4,0.05,0.02,0.3,0.16,30,10,0.8,,,,,PRUNED
429,-0.05591122487215078,2026-05-09 00:16:00.575936,2026-05-09 00:18:57.610729,0 days 00:02:57.034793,2,0.05,0.02,0.45,0.12,30,10,0.5,,,,,PRUNED
430,-0.16645974532274727,2026-05-09 00:18:57.630589,2026-05-09 00:20:25.626504,0 days 00:01:27.995915,3,0.03,0.01,0.3,0.16,10,20,0.8,,,,,PRUNED
431,-0.36653240549258326,2026-05-09 00:20:25.642146,2026-05-09 00:20:25.987289,0 days 00:00:00.345143,2,0.05,0.01,0.45,0.08,10,10,0.5,0.010670948238428084,0.2551802592944082,0.7544067074620227,0.2445093110559801,COMPLETE
432,-0.05391842564925184,2026-05-09 00:20:26.005683,2026-05-09 00:28:48.095115,0 days 00:08:22.089432,2,0.05,0.02,0.45,0.08,50,5,0.5,,,,,PRUNED
433,0.052607995265158525,2026-05-09 00:28:48.114255,2026-05-09 00:28:48.309618,0 days 00:00:00.195363,2,0.05,0.01,0.6,0.08,20,10,0.5,,,,,PRUNED
434,0.21741536505731177,2026-05-09 00:28:48.325953,2026-05-09 00:28:48.518551,0 days 00:00:00.192598,2,0.05,0.01,0.45,0.16,10,10,0.5,,,,,PRUNED
435,-0.14895524516403175,2026-05-09 00:28:48.538660,2026-05-09 00:30:34.706809,0 days 00:01:46.168149,2,0.05,0.02,0.45,0.12,10,10,0.8,,,,,PRUNED
436,0.14815911242368485,2026-05-09 00:30:34.726908,2026-05-09 00:33:11.367276,0 days 00:02:36.640368,2,0.05,0.02,0.45,0.16,10,5,0.5,,,,,PRUNED
437,-0.36653240549258326,2026-05-09 00:33:11.387183,2026-05-09 00:33:11.695119,0 days 00:00:00.307936,2,0.05,0.01,0.45,0.08,10,10,0.5,0.010670948238428084,0.2551802592944082,0.7544067074620227,0.2445093110559801,COMPLETE
438,0.1674933936668624,2026-05-09 00:33:11.710009,2026-05-09 00:34:15.585183,0 days 00:01:03.875174,3,0.03,0.01,0.6,0.12,10,20,0.5,,,,,PRUNED
439,0.24308425915185713,2026-05-09 00:34:15.605963,2026-05-09 00:34:15.819188,0 days 00:00:00.213225,3,0.05,0.01,0.45,0.08,10,10,0.5,,,,,PRUNED
440,-0.02946286490632455,2026-05-09 00:34:15.840027,2026-05-09 00:36:21.169118,0 days 00:02:05.329091,3,0.03,0.01,0.6,0.16,20,10,0.5,,,,,PRUNED
441,-0.36653240549258326,2026-05-09 00:36:21.188505,2026-05-09 00:36:21.475180,0 days 00:00:00.286675,2,0.05,0.01,0.45,0.08,10,10,0.5,0.010670948238428084,0.2551802592944082,0.7544067074620227,0.2445093110559801,COMPLETE
442,-0.023685138331582256,2026-05-09 00:36:21.494024,2026-05-09 00:38:54.890006,0 days 00:02:33.395982,2,0.05,0.02,0.45,0.08,30,10,0.65,,,,,PRUNED
443,-0.36653240549258326,2026-05-09 00:38:54.906448,2026-05-09 00:38:55.222925,0 days 00:00:00.316477,2,0.05,0.01,0.45,0.08,10,10,0.5,0.010670948238428084,0.2551802592944082,0.7544067074620227,0.2445093110559801,COMPLETE
444,0.21833732663053726,2026-05-09 00:38:55.240537,2026-05-09 00:39:43.680795,0 days 00:00:48.440258,3,0.03,0.02,0.3,0.08,10,20,0.5,,,,,PRUNED
445,0.24006157750707274,2026-05-09 00:39:43.699737,2026-05-09 00:39:43.879503,0 days 00:00:00.179766,2,0.05,0.01,0.45,0.08,10,5,0.5,,,,,PRUNED
446,-0.36653240549258326,2026-05-09 00:39:43.895545,2026-05-09 00:39:44.208995,0 days 00:00:00.313450,2,0.05,0.01,0.45,0.08,10,10,0.5,0.010670948238428084,0.2551802592944082,0.7544067074620227,0.2445093110559801,COMPLETE
447,-0.06738114558849007,2026-05-09 00:39:44.225516,2026-05-09 00:42:34.454107,0 days 00:02:50.228591,2,0.05,0.01,0.3,0.12,50,20,0.5,,,,,PRUNED
448,0.23909750161854434,2026-05-09 00:42:34.474027,2026-05-09 00:42:34.657287,0 days 00:00:00.183260,2,0.05,0.01,0.45,0.12,10,10,0.5,,,,,PRUNED
449,-0.016243913750736028,2026-05-09 00:42:34.674769,2026-05-09 00:42:34.854926,0 days 00:00:00.180157,2,0.05,0.01,0.45,0.08,30,10,0.5,,,,,PRUNED
450,-0.12460726446031051,2026-05-09 00:42:34.869832,2026-05-09 00:42:35.058356,0 days 00:00:00.188524,2,0.05,0.01,0.45,0.08,10,10,0.8,,,,,PRUNED
451,-0.1288693821874505,2026-05-09 00:42:35.075947,2026-05-09 00:49:00.171886,0 days 00:06:25.095939,3,0.03,0.01,0.6,0.08,50,5,0.5,,,,,PRUNED
452,0.21565295457121714,2026-05-09 00:49:00.186799,2026-05-09 00:50:29.301122,0 days 00:01:29.114323,3,0.05,0.02,0.45,0.12,10,10,0.5,,,,,PRUNED
453,-0.11223117915994474,2026-05-09 00:50:29.318875,2026-05-09 00:52:39.749396,0 days 00:02:10.430521,2,0.05,0.01,0.6,0.12,50,10,0.5,,,,,PRUNED
454,-0.36653240549258326,2026-05-09 00:52:39.770983,2026-05-09 00:52:40.092183,0 days 00:00:00.321200,2,0.05,0.02,0.45,0.08,10,10,0.5,0.010670948238428084,0.2551802592944082,0.7544067074620227,0.2445093110559801,COMPLETE
455,-0.36653240549258326,2026-05-09 00:52:40.110102,2026-05-09 00:52:40.412266,0 days 00:00:00.302164,2,0.05,0.01,0.45,0.08,10,10,0.5,0.010670948238428084,0.2551802592944082,0.7544067074620227,0.2445093110559801,COMPLETE
456,0.23932251296107826,2026-05-09 00:52:40.432720,2026-05-09 00:52:40.613943,0 days 00:00:00.181223,2,0.05,0.01,0.45,0.08,10,20,0.5,,,,,PRUNED
457,-0.3436991939849076,2026-05-09 00:52:40.629473,2026-05-09 00:57:02.480931,0 days 00:04:21.851458,2,0.05,0.01,0.3,0.12,50,5,0.8,,,,,PRUNED
458,-0.12460726446031051,2026-05-09 00:57:02.496169,2026-05-09 00:57:02.677281,0 days 00:00:00.181112,2,0.05,0.02,0.45,0.08,10,10,0.8,,,,,PRUNED
459,-0.36653240549258326,2026-05-09 00:57:02.696799,2026-05-09 00:57:02.997956,0 days 00:00:00.301157,2,0.05,0.01,0.45,0.08,10,10,0.5,0.010670948238428084,0.2551802592944082,0.7544067074620227,0.2445093110559801,COMPLETE
460,-0.043131600755578176,2026-05-09 00:57:03.011939,2026-05-09 00:57:03.199160,0 days 00:00:00.187221,2,0.05,0.01,0.45,0.08,50,10,0.5,,,,,PRUNED
461,0.15127712631197318,2026-05-09 00:57:03.212443,2026-05-09 00:59:37.605474,0 days 00:02:34.393031,3,0.03,0.01,0.3,0.12,10,5,0.5,,,,,PRUNED
462,-0.06562589381995404,2026-05-09 00:59:37.620628,2026-05-09 01:01:37.823641,0 days 00:02:00.203013,4,0.03,0.02,0.3,0.12,30,20,0.5,,,,,PRUNED
463,0.21153673817250945,2026-05-09 01:01:37.841116,2026-05-09 01:04:20.243664,0 days 00:02:42.402548,2,0.03,0.02,0.3,0.12,10,5,0.65,,,,,PRUNED
464,-0.36653240549258326,2026-05-09 01:04:20.263620,2026-05-09 01:04:20.574904,0 days 00:00:00.311284,2,0.05,0.01,0.6,0.08,10,10,0.5,0.010670948238428084,0.2551802592944082,0.7544067074620227,0.2445093110559801,COMPLETE
465,0.23840653978621004,2026-05-09 01:04:20.590908,2026-05-09 01:04:20.775101,0 days 00:00:00.184193,4,0.05,0.01,0.45,0.08,10,10,0.5,,,,,PRUNED
466,-0.24342454001534597,2026-05-09 01:04:20.794864,2026-05-09 01:05:52.088030,0 days 00:01:31.293166,2,0.05,0.02,0.45,0.12,20,20,0.8,,,,,PRUNED
467,-0.36653240549258326,2026-05-09 01:05:52.106828,2026-05-09 01:05:52.408428,0 days 00:00:00.301600,2,0.05,0.01,0.45,0.08,10,10,0.5,0.010670948238428084,0.2551802592944082,0.7544067074620227,0.2445093110559801,COMPLETE
468,0.02909868315644093,2026-05-09 01:05:52.425291,2026-05-09 01:07:23.615663,0 days 00:01:31.190372,3,0.05,0.01,0.45,0.08,20,20,0.65,,,,,PRUNED
469,0.2425609767130091,2026-05-09 01:07:23.628863,2026-05-09 01:07:23.803609,0 days 00:00:00.174746,2,0.03,0.01,0.45,0.08,10,10,0.5,,,,,PRUNED
470,-0.36653240549258326,2026-05-09 01:07:23.819171,2026-05-09 01:07:24.124005,0 days 00:00:00.304834,2,0.05,0.01,0.45,0.08,10,10,0.5,0.010670948238428084,0.2551802592944082,0.7544067074620227,0.2445093110559801,COMPLETE
471,-0.36653240549258326,2026-05-09 01:07:24.142428,2026-05-09 01:07:24.442774,0 days 00:00:00.300346,2,0.05,0.01,0.45,0.08,10,10,0.5,0.010670948238428084,0.2551802592944082,0.7544067074620227,0.2445093110559801,COMPLETE
472,-0.010710683031210588,2026-05-09 01:07:24.458423,2026-05-09 01:10:14.966704,0 days 00:02:50.508281,2,0.05,0.01,0.6,0.08,50,20,0.5,,,,,PRUNED
473,0.23909750161854434,2026-05-09 01:10:14.980963,2026-05-09 01:10:15.166723,0 days 00:00:00.185760,2,0.05,0.02,0.45,0.12,10,10,0.5,,,,,PRUNED
474,-0.36653240549258326,2026-05-09 01:10:15.181500,2026-05-09 01:10:15.486355,0 days 00:00:00.304855,2,0.05,0.02,0.6,0.08,10,10,0.5,0.010670948238428084,0.2551802592944082,0.7544067074620227,0.2445093110559801,COMPLETE
475,-0.36653240549258326,2026-05-09 01:10:15.503646,2026-05-09 01:10:15.827251,0 days 00:00:00.323605,2,0.05,0.01,0.45,0.08,10,10,0.5,0.010670948238428084,0.2551802592944082,0.7544067074620227,0.2445093110559801,COMPLETE
476,-0.20954062887445124,2026-05-09 01:10:15.841049,2026-05-09 01:11:58.418326,0 days 00:01:42.577277,4,0.03,0.01,0.6,0.12,10,10,0.8,,,,,PRUNED
477,-0.16438954357065189,2026-05-09 01:11:58.437385,2026-05-09 01:18:02.359475,0 days 00:06:03.922090,2,0.03,0.02,0.3,0.16,30,5,0.5,,,,,PRUNED
478,0.052607995265158525,2026-05-09 01:18:02.378742,2026-05-09 01:18:02.588183,0 days 00:00:00.209441,2,0.05,0.01,0.45,0.08,20,10,0.5,,,,,PRUNED
479,-0.36653240549258326,2026-05-09 01:18:02.608575,2026-05-09 01:18:02.975750,0 days 00:00:00.367175,2,0.05,0.01,0.45,0.08,10,10,0.5,0.010670948238428084,0.2551802592944082,0.7544067074620227,0.2445093110559801,COMPLETE
480,-0.28826357142638287,2026-05-09 01:18:02.993034,2026-05-09 01:21:29.928230,0 days 00:03:26.935196,3,0.03,0.02,0.3,0.08,50,10,0.8,,,,,PRUNED
481,0.24308425915185713,2026-05-09 01:21:29.942756,2026-05-09 01:21:30.128461,0 days 00:00:00.185705,3,0.05,0.01,0.6,0.08,10,10,0.5,,,,,PRUNED
482,-0.36653240549258326,2026-05-09 01:21:30.146248,2026-05-09 01:21:30.482870,0 days 00:00:00.336622,2,0.05,0.01,0.45,0.08,10,10,0.5,0.010670948238428084,0.2551802592944082,0.7544067074620227,0.2445093110559801,COMPLETE
483,-0.31646156349554133,2026-05-09 01:21:30.502442,2026-05-09 01:25:58.617690,0 days 00:04:28.115248,3,0.03,0.02,0.45,0.16,50,5,0.65,,,,,PRUNED
484,0.23932251296107826,2026-05-09 01:25:58.636871,2026-05-09 01:25:58.851077,0 days 00:00:00.214206,2,0.05,0.02,0.45,0.08,10,20,0.5,,,,,PRUNED
485,0.2132752026494281,2026-05-09 01:25:58.870462,2026-05-09 01:28:35.122630,0 days 00:02:36.252168,4,0.05,0.01,0.6,0.08,10,5,0.5,,,,,PRUNED
486,-0.218291791451887,2026-05-09 01:28:35.140483,2026-05-09 01:30:40.952854,0 days 00:02:05.812371,4,0.05,0.01,0.3,0.12,20,10,0.8,,,,,PRUNED
487,-0.36653240549258326,2026-05-09 01:30:40.970270,2026-05-09 01:30:41.327001,0 days 00:00:00.356731,2,0.05,0.01,0.45,0.08,10,10,0.5,0.010670948238428084,0.2551802592944082,0.7544067074620227,0.2445093110559801,COMPLETE
488,0.20678912327812177,2026-05-09 01:30:41.344976,2026-05-09 01:33:00.164146,0 days 00:02:18.819170,2,0.05,0.01,0.6,0.12,10,5,0.5,,,,,PRUNED
489,0.07064204714445993,2026-05-09 01:33:00.180960,2026-05-09 01:35:05.288461,0 days 00:02:05.107501,3,0.05,0.02,0.45,0.08,20,10,0.5,,,,,PRUNED
490,-0.16231374124141937,2026-05-09 01:35:05.306600,2026-05-09 01:37:51.301579,0 days 00:02:45.994979,4,0.03,0.02,0.45,0.08,20,5,0.8,,,,,PRUNED
491,-0.09518393829882377,2026-05-09 01:37:51.318576,2026-05-09 01:39:56.871279,0 days 00:02:05.552703,4,0.05,0.02,0.45,0.16,30,20,0.5,,,,,PRUNED
492,0.1631243800764628,2026-05-09 01:39:56.892598,2026-05-09 01:41:25.886110,0 days 00:01:28.993512,4,0.03,0.01,0.45,0.12,10,10,0.5,,,,,PRUNED
493,-0.36653240549258326,2026-05-09 01:41:25.903801,2026-05-09 01:41:26.212863,0 days 00:00:00.309062,2,0.05,0.02,0.45,0.08,10,10,0.5,0.010670948238428084,0.2551802592944082,0.7544067074620227,0.2445093110559801,COMPLETE
494,0.2174719710628333,2026-05-09 01:41:26.231960,2026-05-09 01:43:52.901742,0 days 00:02:26.669782,3,0.05,0.02,0.6,0.08,10,5,0.5,,,,,PRUNED
495,-0.13905832812301008,2026-05-09 01:43:52.915568,2026-05-09 01:45:40.675594,0 days 00:01:47.760026,2,0.05,0.01,0.6,0.08,20,10,0.8,,,,,PRUNED
496,-0.36653240549258326,2026-05-09 01:45:40.693860,2026-05-09 01:45:41.019289,0 days 00:00:00.325429,2,0.05,0.01,0.6,0.08,10,10,0.5,0.010670948238428084,0.2551802592944082,0.7544067074620227,0.2445093110559801,COMPLETE
497,0.13820826678576117,2026-05-09 01:45:41.038935,2026-05-09 01:47:59.683074,0 days 00:02:18.644139,3,0.05,0.01,0.45,0.16,10,5,0.5,,,,,PRUNED
498,-0.36653240549258326,2026-05-09 01:47:59.702580,2026-05-09 01:48:00.017494,0 days 00:00:00.314914,2,0.05,0.01,0.45,0.08,10,10,0.5,0.010670948238428084,0.2551802592944082,0.7544067074620227,0.2445093110559801,COMPLETE
499,0.141120850524736,2026-05-09 01:48:00.033603,2026-05-09 01:50:21.965671,0 days 00:02:21.932068,2,0.03,0.01,0.6,0.16,10,5,0.5,,,,,PRUNED
500,-0.36653240549258326,2026-05-09 01:50:21.979998,2026-05-09 01:50:22.292978,0 days 00:00:00.312980,2,0.05,0.01,0.45,0.08,10,10,0.5,0.010670948238428084,0.2551802592944082,0.7544067074620227,0.2445093110559801,COMPLETE
501,0.052607995265158525,2026-05-09 01:50:22.310785,2026-05-09 01:50:22.493295,0 days 00:00:00.182510,2,0.05,0.02,0.45,0.08,20,10,0.5,,,,,PRUNED
502,-0.04761898620182484,2026-05-09 01:50:22.513696,2026-05-09 01:53:54.660207,0 days 00:03:32.146511,3,0.05,0.01,0.3,0.12,30,5,0.8,,,,,PRUNED
503,-0.18583258824220636,2026-05-09 01:53:54.680042,2026-05-09 01:55:24.420343,0 days 00:01:29.740301,2,0.03,0.01,0.45,0.12,20,10,0.8,,,,,PRUNED
504,0.2425609767130098,2026-05-09 01:55:24.439156,2026-05-09 01:56:40.917209,0 days 00:01:16.478053,2,0.03,0.02,0.3,0.08,10,10,0.5,,,,,PRUNED
505,0.18328715234268034,2026-05-09 01:56:40.935031,2026-05-09 01:59:17.706830,0 days 00:02:36.771799,2,0.03,0.01,0.3,0.16,10,5,0.65,,,,,PRUNED
506,0.23909750161854454,2026-05-09 01:59:17.721064,2026-05-09 02:00:38.102364,0 days 00:01:20.381300,2,0.05,0.02,0.3,0.12,10,10,0.5,,,,,PRUNED
507,-0.36653240549258326,2026-05-09 02:00:38.119164,2026-05-09 02:00:38.421374,0 days 00:00:00.302210,2,0.05,0.01,0.45,0.08,10,10,0.5,0.010670948238428084,0.2551802592944082,0.7544067074620227,0.2445093110559801,COMPLETE
508,-0.1103468224312833,2026-05-09 02:00:38.437386,2026-05-09 02:02:14.993557,0 days 00:01:36.556171,4,0.05,0.01,0.6,0.08,10,10,0.8,,,,,PRUNED
509,0.021493429025396082,2026-05-09 02:02:15.013532,2026-05-09 02:04:19.205154,0 days 00:02:04.191622,2,0.03,0.01,0.45,0.12,20,10,0.5,,,,,PRUNED
510,-0.36653240549258326,2026-05-09 02:04:19.224234,2026-05-09 02:04:19.527503,0 days 00:00:00.303269,2,0.05,0.01,0.45,0.08,10,10,0.5,0.010670948238428084,0.2551802592944082,0.7544067074620227,0.2445093110559801,COMPLETE
511,-0.36653240549258326,2026-05-09 02:04:19.543793,2026-05-09 02:04:19.869632,0 days 00:00:00.325839,2,0.05,0.01,0.45,0.08,10,10,0.5,0.010670948238428084,0.2551802592944082,0.7544067074620227,0.2445093110559801,COMPLETE
512,-0.36653240549258326,2026-05-09 02:04:19.888341,2026-05-09 02:04:20.199660,0 days 00:00:00.311319,2,0.05,0.01,0.45,0.08,10,10,0.5,0.010670948238428084,0.2551802592944082,0.7544067074620227,0.2445093110559801,COMPLETE
513,-0.024431972149236647,2026-05-09 02:04:20.217074,2026-05-09 02:07:16.176674,0 days 00:02:55.959600,3,0.05,0.02,0.6,0.08,50,20,0.5,,,,,PRUNED
514,0.2425609767130091,2026-05-09 02:07:16.195217,2026-05-09 02:07:16.366763,0 days 00:00:00.171546,2,0.03,0.02,0.45,0.08,10,10,0.5,,,,,PRUNED
515,-0.36667040715256977,2026-05-09 02:07:16.386459,2026-05-09 02:07:16.704383,0 days 00:00:00.317924,2,0.05,0.01,0.3,0.08,10,10,0.5,0.010594847334165238,0.2552415056842905,0.75453050897347,0.24464665835012525,COMPLETE
516,-0.36653240549258326,2026-05-09 02:07:16.723068,2026-05-09 02:07:17.042944,0 days 00:00:00.319876,2,0.05,0.01,0.45,0.08,10,10,0.5,0.010670948238428084,0.2551802592944082,0.7544067074620227,0.2445093110559801,COMPLETE
517,0.05256883224091469,2026-05-09 02:07:17.060358,2026-05-09 02:08:40.832769,0 days 00:01:23.772411,2,0.05,0.02,0.3,0.08,20,10,0.5,,,,,PRUNED
518,-0.36653240549258326,2026-05-09 02:08:40.850263,2026-05-09 02:08:41.152352,0 days 00:00:00.302089,2,0.05,0.02,0.45,0.08,10,10,0.5,0.010670948238428084,0.2551802592944082,0.7544067074620227,0.2445093110559801,COMPLETE
519,0.22516899633846785,2026-05-09 02:08:41.166909,2026-05-09 02:09:58.743216,0 days 00:01:17.576307,2,0.03,0.01,0.6,0.12,10,10,0.5,,,,,PRUNED
520,-0.35378033892185484,2026-05-09 02:09:58.759962,2026-05-09 02:12:52.559320,0 days 00:02:53.799358,3,0.03,0.01,0.6,0.16,50,20,0.65,,,,,PRUNED
521,0.24006157750707274,2026-05-09 02:12:52.574583,2026-05-09 02:12:52.762949,0 days 00:00:00.188366,2,0.05,0.02,0.6,0.08,10,5,0.5,,,,,PRUNED
522,-0.36653240549258326,2026-05-09 02:12:52.778231,2026-05-09 02:12:53.068922,0 days 00:00:00.290691,2,0.05,0.01,0.6,0.08,10,10,0.5,0.010670948238428084,0.2551802592944082,0.7544067074620227,0.2445093110559801,COMPLETE
523,-0.04810407363876387,2026-05-09 02:12:53.085948,2026-05-09 02:15:28.944207,0 days 00:02:35.858259,4,0.05,0.02,0.45,0.08,30,10,0.5,,,,,PRUNED
524,-0.06727829578540453,2026-05-09 02:15:28.961891,2026-05-09 02:18:46.443817,0 days 00:03:17.481926,2,0.03,0.02,0.45,0.08,50,10,0.5,,,,,PRUNED
525,-0.16942738159937265,2026-05-09 02:18:46.462971,2026-05-09 02:24:16.610497,0 days 00:05:30.147526,4,0.05,0.01,0.6,0.12,20,5,0.8,,,,,PRUNED
526,0.20432515298551213,2026-05-09 02:24:16.627155,2026-05-09 02:25:54.989251,0 days 00:01:38.362096,2,0.05,0.02,0.45,0.16,10,10,0.65,,,,,PRUNED
527,0.21565295457121714,2026-05-09 02:25:55.006063,2026-05-09 02:27:29.327768,0 days 00:01:34.321705,3,0.05,0.01,0.3,0.12,10,10,0.5,,,,,PRUNED
528,-0.09047754132680857,2026-05-09 02:27:29.347053,2026-05-09 02:31:03.063141,0 days 00:03:33.716088,2,0.03,0.01,0.3,0.08,30,5,0.65,,,,,PRUNED
529,0.23008841645219955,2026-05-09 02:31:03.084291,2026-05-09 02:33:28.650448,0 days 00:02:25.566157,2,0.03,0.01,0.6,0.08,10,5,0.5,,,,,PRUNED
530,0.21153673817250945,2026-05-09 02:33:28.667709,2026-05-09 02:35:58.972955,0 days 00:02:30.305246,2,0.03,0.01,0.45,0.12,10,5,0.65,,,,,PRUNED
531,0.014020632424004142,2026-05-09 02:35:58.992022,2026-05-09 02:38:04.130891,0 days 00:02:05.138869,2,0.05,0.02,0.6,0.16,20,10,0.5,,,,,PRUNED
532,0.24308425915185713,2026-05-09 02:38:04.148489,2026-05-09 02:38:04.324059,0 days 00:00:00.175570,3,0.05,0.02,0.45,0.08,10,10,0.5,,,,,PRUNED
533,-0.060093840524277575,2026-05-09 02:38:04.341711,2026-05-09 02:39:55.045979,0 days 00:01:50.704268,4,0.05,0.01,0.3,0.08,30,20,0.65,,,,,PRUNED
534,-0.13905832812301008,2026-05-09 02:39:55.065906,2026-05-09 02:41:57.770328,0 days 00:02:02.704422,2,0.05,0.02,0.45,0.08,20,10,0.8,,,,,PRUNED
535,-0.023685138331582256,2026-05-09 02:41:57.789071,2026-05-09 02:43:57.551245,0 days 00:01:59.762174,2,0.05,0.01,0.6,0.08,30,10,0.65,,,,,PRUNED
536,-0.13190141617750323,2026-05-09 02:43:57.567995,2026-05-09 02:46:34.325302,0 days 00:02:36.757307,3,0.05,0.01,0.45,0.16,30,10,0.5,,,,,PRUNED
537,-0.23650183621386267,2026-05-09 02:46:34.342485,2026-05-09 02:49:58.323813,0 days 00:03:23.981328,2,0.03,0.01,0.45,0.16,50,10,0.5,,,,,PRUNED
538,0.15744687089632142,2026-05-09 02:49:58.340651,2026-05-09 02:55:01.258533,0 days 00:05:02.917882,3,0.05,0.02,0.45,0.16,10,5,0.65,,,,,PRUNED
539,-0.14453273432950486,2026-05-09 02:55:01.277461,2026-05-09 02:56:33.547377,0 days 00:01:32.269916,4,0.05,0.02,0.6,0.12,30,10,0.65,,,,,PRUNED
540,-0.36653240549258326,2026-05-09 02:56:33.563910,2026-05-09 02:56:33.852715,0 days 00:00:00.288805,2,0.05,0.01,0.45,0.08,10,10,0.5,0.010670948238428084,0.2551802592944082,0.7544067074620227,0.2445093110559801,COMPLETE
541,0.17419623858504416,2026-05-09 02:56:33.872490,2026-05-09 02:58:50.294792,0 days 00:02:16.422302,3,0.03,0.02,0.6,0.12,10,5,0.65,,,,,PRUNED
542,-0.11341760456255384,2026-05-09 02:58:50.312516,2026-05-09 03:01:56.623945,0 days 00:03:06.311429,2,0.03,0.02,0.45,0.12,30,5,0.5,,,,,PRUNED
543,-0.36667040715256977,2026-05-09 03:01:56.640197,2026-05-09 03:01:56.956824,0 days 00:00:00.316627,2,0.05,0.02,0.3,0.08,10,10,0.5,0.010594847334165238,0.2552415056842905,0.75453050897347,0.24464665835012525,COMPLETE
544,0.1113802398510807,2026-05-09 03:01:56.972367,2026-05-09 03:03:33.851394,0 days 00:01:36.879027,4,0.03,0.01,0.3,0.16,10,10,0.5,,,,,PRUNED
545,0.2384591158253938,2026-05-09 03:03:33.867507,2026-05-09 03:05:02.454675,0 days 00:01:28.587168,4,0.05,0.01,0.6,0.08,10,10,0.65,,,,,PRUNED
546,0.1680414324100973,2026-05-09 03:05:02.470834,2026-05-09 03:06:16.583048,0 days 00:01:14.112214,3,0.05,0.01,0.45,0.16,10,10,0.65,,,,,PRUNED
547,-0.36653240549258326,2026-05-09 03:06:16.598184,2026-05-09 03:06:16.907714,0 days 00:00:00.309530,2,0.05,0.01,0.45,0.08,10,10,0.5,0.010670948238428084,0.2551802592944082,0.7544067074620227,0.2445093110559801,COMPLETE
548,0.22457719246202396,2026-05-09 03:06:16.924433,2026-05-09 03:07:13.220681,0 days 00:00:56.296248,3,0.05,0.02,0.45,0.08,10,20,0.5,,,,,PRUNED
549,-0.016097346667779344,2026-05-09 03:07:13.237942,2026-05-09 03:09:12.218143,0 days 00:01:58.980201,2,0.05,0.02,0.3,0.08,30,10,0.5,,,,,PRUNED
550,-0.1146312714485736,2026-05-09 03:09:12.238026,2026-05-09 03:15:45.110331,0 days 00:06:32.872305,3,0.05,0.02,0.45,0.08,50,5,0.65,,,,,PRUNED
551,-0.31848004540258457,2026-05-09 03:15:45.127132,2026-05-09 03:18:13.441088,0 days 00:02:28.313956,4,0.05,0.01,0.6,0.16,50,20,0.65,,,,,PRUNED
552,-0.012845495822657704,2026-05-09 03:18:13.460160,2026-05-09 03:20:18.915864,0 days 00:02:05.455704,3,0.03,0.01,0.6,0.08,20,10,0.65,,,,,PRUNED
553,0.2425609767130091,2026-05-09 03:20:18.931462,2026-05-09 03:20:19.116480,0 days 00:00:00.185018,2,0.03,0.01,0.6,0.08,10,10,0.5,,,,,PRUNED
554,-0.2442341246953464,2026-05-09 03:20:19.131115,2026-05-09 03:23:23.443060,0 days 00:03:04.311945,3,0.03,0.02,0.45,0.16,20,5,0.8,,,,,PRUNED
555,-0.12023961584618598,2026-05-09 03:23:23.462154,2026-05-09 03:24:29.204630,0 days 00:01:05.742476,4,0.05,0.01,0.45,0.12,10,20,0.8,,,,,PRUNED
556,-0.05184159940696137,2026-05-09 03:24:29.223137,2026-05-09 03:25:45.006067,0 days 00:01:15.782930,3,0.05,0.02,0.45,0.16,20,20,0.65,,,,,PRUNED
557,-0.22784667817078932,2026-05-09 03:25:45.023090,2026-05-09 03:28:35.397157,0 days 00:02:50.374067,4,0.03,0.01,0.45,0.16,50,20,0.5,,,,,PRUNED
558,-0.2713294178513262,2026-05-09 03:28:35.415396,2026-05-09 03:30:08.308384,0 days 00:01:32.892988,4,0.03,0.01,0.45,0.12,20,20,0.8,,,,,PRUNED
559,-0.20744468751480005,2026-05-09 03:30:08.326496,2026-05-09 03:33:47.379269,0 days 00:03:39.052773,4,0.05,0.01,0.45,0.16,30,10,0.65,,,,,PRUNED
560,-0.36653240549258326,2026-05-09 03:33:47.393953,2026-05-09 03:33:47.700400,0 days 00:00:00.306447,2,0.05,0.01,0.45,0.08,10,10,0.5,0.010670948238428084,0.2551802592944082,0.7544067074620227,0.2445093110559801,COMPLETE
561,0.20678912327812177,2026-05-09 03:33:47.715578,2026-05-09 03:38:53.438252,0 days 00:05:05.722674,2,0.05,0.02,0.6,0.12,10,5,0.5,,,,,PRUNED
562,-0.18638715307566073,2026-05-09 03:38:53.454505,2026-05-09 03:42:57.176748,0 days 00:04:03.722243,4,0.05,0.02,0.3,0.16,50,5,0.5,,,,,PRUNED
563,-0.44046647123959193,2026-05-09 03:42:57.195481,2026-05-09 03:45:52.175304,0 days 00:02:54.979823,4,0.05,0.02,0.6,0.16,50,20,0.8,,,,,PRUNED
564,0.2376592185455946,2026-05-09 03:45:52.193629,2026-05-09 03:47:25.952654,0 days 00:01:33.759025,3,0.05,0.01,0.6,0.08,10,10,0.65,,,,,PRUNED
565,0.21741536505731177,2026-05-09 03:47:25.969284,2026-05-09 03:47:26.140323,0 days 00:00:00.171039,2,0.05,0.02,0.45,0.16,10,10,0.5,,,,,PRUNED
566,0.23840653978621004,2026-05-09 03:47:26.159650,2026-05-09 03:47:26.346573,0 days 00:00:00.186923,4,0.05,0.01,0.6,0.08,10,10,0.5,,,,,PRUNED
567,-0.016243913750736028,2026-05-09 03:47:26.366565,2026-05-09 03:47:26.543432,0 days 00:00:00.176867,2,0.05,0.01,0.6,0.08,30,10,0.5,,,,,PRUNED
568,-0.11124996753482713,2026-05-09 03:47:26.561803,2026-05-09 03:50:57.534435,0 days 00:03:30.972632,4,0.03,0.01,0.3,0.08,30,5,0.5,,,,,PRUNED
569,-0.14907883062541594,2026-05-09 03:50:57.550254,2026-05-09 03:55:21.354731,0 days 00:04:23.804477,3,0.05,0.02,0.45,0.12,50,5,0.5,,,,,PRUNED
570,0.2174719710628333,2026-05-09 03:55:21.370641,2026-05-09 03:57:57.019050,0 days 00:02:35.648409,3,0.05,0.01,0.6,0.08,10,5,0.5,,,,,PRUNED
571,-0.36653240549258326,2026-05-09 03:57:57.036509,2026-05-09 03:57:57.359735,0 days 00:00:00.323226,2,0.05,0.01,0.45,0.08,10,10,0.5,0.010670948238428084,0.2551802592944082,0.7544067074620227,0.2445093110559801,COMPLETE
572,-0.10962346511584606,2026-05-09 03:57:57.381141,2026-05-09 04:01:07.578446,0 days 00:03:10.197305,3,0.05,0.02,0.3,0.08,20,5,0.8,,,,,PRUNED
573,0.21741536505731177,2026-05-09 04:01:07.594446,2026-05-09 04:01:07.766922,0 days 00:00:00.172476,2,0.05,0.01,0.45,0.16,10,10,0.5,,,,,PRUNED
574,-0.3631169921788954,2026-05-09 04:01:07.781116,2026-05-09 04:04:27.023279,0 days 00:03:19.242163,2,0.05,0.02,0.3,0.16,50,10,0.8,,,,,PRUNED
575,0.24308425915185713,2026-05-09 04:04:27.038497,2026-05-09 04:04:27.223960,0 days 00:00:00.185463,3,0.05,0.01,0.45,0.08,10,10,0.5,,,,,PRUNED
576,-0.2321554645652904,2026-05-09 04:04:27.243817,2026-05-09 04:07:07.343753,0 days 00:02:40.099936,3,0.05,0.01,0.3,0.16,50,10,0.5,,,,,PRUNED
577,-0.36653240549258326,2026-05-09 04:07:07.360311,2026-05-09 04:07:07.698797,0 days 00:00:00.338486,2,0.05,0.01,0.45,0.08,10,10,0.5,0.010670948238428084,0.2551802592944082,0.7544067074620227,0.2445093110559801,COMPLETE
578,0.23796005777401757,2026-05-09 04:07:07.714752,2026-05-09 04:07:07.921189,0 days 00:00:00.206437,2,0.05,0.01,0.45,0.08,10,10,0.65,,,,,PRUNED
579,0.13137816093820537,2026-05-09 04:07:07.940632,2026-05-09 04:08:10.478952,0 days 00:01:02.538320,2,0.03,0.02,0.6,0.16,10,20,0.65,,,,,PRUNED
580,0.15744687089632142,2026-05-09 04:08:10.496137,2026-05-09 04:11:02.151031,0 days 00:02:51.654894,3,0.05,0.01,0.3,0.16,10,5,0.65,,,,,PRUNED
581,0.23796005777401757,2026-05-09 04:11:02.167265,2026-05-09 04:11:02.358672,0 days 00:00:00.191407,2,0.05,0.01,0.6,0.08,10,10,0.65,,,,,PRUNED
582,-0.36653240549258326,2026-05-09 04:11:02.376554,2026-05-09 04:11:02.683782,0 days 00:00:00.307228,2,0.05,0.02,0.6,0.08,10,10,0.5,0.010670948238428084,0.2551802592944082,0.7544067074620227,0.2445093110559801,COMPLETE
583,-0.2397374358791001,2026-05-09 04:11:02.701310,2026-05-09 04:12:32.992905,0 days 00:01:30.291595,4,0.05,0.01,0.6,0.08,20,20,0.8,,,,,PRUNED
584,0.21833732663053726,2026-05-09 04:12:33.010975,2026-05-09 04:13:38.936790,0 days 00:01:05.925815,3,0.03,0.01,0.45,0.08,10,20,0.5,,,,,PRUNED
585,-0.36653240549258326,2026-05-09 04:13:38.954853,2026-05-09 04:13:39.250680,0 days 00:00:00.295827,2,0.05,0.01,0.45,0.08,10,10,0.5,0.010670948238428084,0.2551802592944082,0.7544067074620227,0.2445093110559801,COMPLETE
586,-0.1318633139782595,2026-05-09 04:13:39.266536,2026-05-09 04:16:51.460390,0 days 00:03:12.193854,3,0.03,0.01,0.6,0.16,20,5,0.65,,,,,PRUNED
587,-0.016243913750736028,2026-05-09 04:16:51.479324,2026-05-09 04:16:51.650938,0 days 00:00:00.171614,2,0.05,0.01,0.45,0.08,30,10,0.5,,,,,PRUNED
588,-0.29120102967106365,2026-05-09 04:16:51.665264,2026-05-09 04:21:19.616521,0 days 00:04:27.951257,4,0.05,0.02,0.6,0.16,50,5,0.65,,,,,PRUNED
589,-0.36653240549258326,2026-05-09 04:21:19.635020,2026-05-09 04:21:19.941128,0 days 00:00:00.306108,2,0.05,0.01,0.45,0.08,10,10,0.5,0.010670948238428084,0.2551802592944082,0.7544067074620227,0.2445093110559801,COMPLETE
590,-0.025504199982974207,2026-05-09 04:21:19.960378,2026-05-09 04:22:44.469656,0 days 00:01:24.509278,2,0.03,0.02,0.3,0.08,20,20,0.65,,,,,PRUNED
591,-0.32021298040994417,2026-05-09 04:22:44.486394,2026-05-09 04:25:35.264815,0 days 00:02:50.778421,2,0.05,0.01,0.3,0.08,50,20,0.8,,,,,PRUNED
592,-0.48234656873800963,2026-05-09 04:25:35.279230,2026-05-09 04:29:34.767564,0 days 00:03:59.488334,3,0.03,0.01,0.6,0.16,50,5,0.8,,,,,PRUNED
593,-0.12539283472509385,2026-05-09 04:29:34.786571,2026-05-09 04:32:09.041058,0 days 00:02:34.254487,4,0.05,0.01,0.3,0.08,50,10,0.65,,,,,PRUNED
594,-0.4423280788682456,2026-05-09 04:32:09.057578,2026-05-09 04:35:04.285817,0 days 00:02:55.228239,4,0.03,0.01,0.3,0.12,50,5,0.8,,,,,PRUNED
595,-0.36653240549258326,2026-05-09 04:35:04.301498,2026-05-09 04:35:04.605403,0 days 00:00:00.303905,2,0.05,0.02,0.45,0.08,10,10,0.5,0.010670948238428084,0.2551802592944082,0.7544067074620227,0.2445093110559801,COMPLETE
596,0.24006157750707274,2026-05-09 04:35:04.627490,2026-05-09 04:35:04.834623,0 days 00:00:00.207133,2,0.05,0.01,0.45,0.08,10,5,0.5,,,,,PRUNED
597,-0.36653240549258326,2026-05-09 04:35:04.855245,2026-05-09 04:35:05.193471,0 days 00:00:00.338226,2,0.05,0.01,0.6,0.08,10,10,0.5,0.010670948238428084,0.2551802592944082,0.7544067074620227,0.2445093110559801,COMPLETE
598,-0.37725884407372956,2026-05-09 04:35:05.214496,2026-05-09 04:37:09.003744,0 days 00:02:03.789248,4,0.03,0.02,0.6,0.16,50,20,0.65,,,,,PRUNED
599,0.014020632424004142,2026-05-09 04:37:09.020662,2026-05-09 04:39:11.056262,0 days 00:02:02.035600,2,0.05,0.01,0.6,0.16,20,10,0.5,,,,,PRUNED
600,-0.36653240549258326,2026-05-09 04:39:11.075246,2026-05-09 04:39:11.380878,0 days 00:00:00.305632,2,0.05,0.01,0.45,0.08,10,10,0.5,0.010670948238428084,0.2551802592944082,0.7544067074620227,0.2445093110559801,COMPLETE
601,0.23008841645219955,2026-05-09 04:39:11.394155,2026-05-09 04:41:51.737416,0 days 00:02:40.343261,2,0.03,0.02,0.45,0.08,10,5,0.5,,,,,PRUNED
602,-0.12460726446031051,2026-05-09 04:41:51.752292,2026-05-09 04:41:51.931686,0 days 00:00:00.179394,2,0.05,0.01,0.45,0.08,10,10,0.8,,,,,PRUNED
603,-0.12460726446031209,2026-05-09 04:41:51.947139,2026-05-09 04:43:24.674348,0 days 00:01:32.727209,2,0.05,0.02,0.3,0.08,10,10,0.8,,,,,PRUNED
604,-0.13905832812301008,2026-05-09 04:43:24.693039,2026-05-09 04:45:33.675078,0 days 00:02:08.982039,2,0.05,0.01,0.3,0.08,20,10,0.8,,,,,PRUNED
605,0.23909750161854434,2026-05-09 04:45:33.695209,2026-05-09 04:45:33.881596,0 days 00:00:00.186387,2,0.05,0.01,0.45,0.12,10,10,0.5,,,,,PRUNED
606,-0.16693026022180674,2026-05-09 04:45:33.900952,2026-05-09 04:48:21.611041,0 days 00:02:47.710089,2,0.03,0.02,0.6,0.08,50,20,0.65,,,,,PRUNED
607,-0.06621330448851226,2026-05-09 04:48:21.629509,2026-05-09 04:52:53.498589,0 days 00:04:31.869080,4,0.03,0.01,0.45,0.08,20,5,0.65,,,,,PRUNED
608,-0.36653240549258326,2026-05-09 04:52:53.513338,2026-05-09 04:52:53.838357,0 days 00:00:00.325019,2,0.05,0.01,0.45,0.08,10,10,0.5,0.010670948238428084,0.2551802592944082,0.7544067074620227,0.2445093110559801,COMPLETE
609,-0.12320431413993727,2026-05-09 04:52:53.859044,2026-05-09 04:54:30.325385,0 days 00:01:36.466341,3,0.05,0.02,0.6,0.08,10,10,0.8,,,,,PRUNED
610,0.23932251296107826,2026-05-09 04:54:30.341668,2026-05-09 04:54:30.533079,0 days 00:00:00.191411,2,0.05,0.01,0.45,0.08,10,20,0.5,,,,,PRUNED
611,-0.2020934939164214,2026-05-09 04:54:30.555238,2026-05-09 04:57:09.065797,0 days 00:02:38.510559,2,0.03,0.01,0.45,0.12,50,10,0.65,,,,,PRUNED
612,-0.19933736103294047,2026-05-09 04:57:09.084342,2026-05-09 04:59:12.846173,0 days 00:02:03.761831,2,0.05,0.01,0.45,0.16,20,10,0.8,,,,,PRUNED
613,-0.043131600755578176,2026-05-09 04:59:12.861333,2026-05-09 04:59:13.061254,0 days 00:00:00.199921,2,0.05,0.01,0.6,0.08,50,10,0.5,,,,,PRUNED
614,-0.11378470874189761,2026-05-09 04:59:13.080333,2026-05-09 05:00:10.213290,0 days 00:00:57.132957,2,0.05,0.02,0.45,0.16,10,20,0.8,,,,,PRUNED
615,0.09260702075844349,2026-05-09 05:00:10.229704,2026-05-09 05:01:46.862301,0 days 00:01:36.632597,2,0.05,0.01,0.45,0.12,20,20,0.5,,,,,PRUNED
616,-0.05022200817262165,2026-05-09 05:01:46.880023,2026-05-09 05:04:18.984644,0 days 00:02:32.104621,2,0.03,0.02,0.6,0.08,30,10,0.5,,,,,PRUNED
617,-0.36653240549258326,2026-05-09 05:04:19.001162,2026-05-09 05:04:19.486833,0 days 00:00:00.485671,2,0.05,0.01,0.45,0.08,10,10,0.5,0.010670948238428084,0.2551802592944082,0.7544067074620227,0.2445093110559801,COMPLETE
618,-0.12460726446031051,2026-05-09 05:04:19.505022,2026-05-09 05:04:19.715927,0 days 00:00:00.210905,2,0.05,0.01,0.6,0.08,10,10,0.8,,,,,PRUNED
619,0.23909750161854434,2026-05-09 05:04:19.734046,2026-05-09 05:04:19.931834,0 days 00:00:00.197788,2,0.05,0.01,0.6,0.12,10,10,0.5,,,,,PRUNED
620,0.23840653978621004,2026-05-09 05:04:19.947544,2026-05-09 05:04:20.139640,0 days 00:00:00.192096,4,0.05,0.01,0.45,0.08,10,10,0.5,,,,,PRUNED
621,0.2425609767130091,2026-05-09 05:04:20.160060,2026-05-09 05:04:20.359693,0 days 00:00:00.199633,2,0.03,0.01,0.45,0.08,10,10,0.5,,,,,PRUNED
622,-0.14663222030967313,2026-05-09 05:04:20.380291,2026-05-09 05:06:55.474063,0 days 00:02:35.093772,4,0.03,0.01,0.6,0.12,30,10,0.65,,,,,PRUNED
623,-0.0017890867128169674,2026-05-09 05:06:55.491628,2026-05-09 05:08:39.222784,0 days 00:01:43.731156,4,0.03,0.02,0.3,0.08,20,10,0.5,,,,,PRUNED
624,-0.02764171645929614,2026-05-09 05:08:39.238104,2026-05-09 05:11:13.344858,0 days 00:02:34.106754,2,0.05,0.01,0.45,0.08,30,10,0.8,,,,,PRUNED
625,0.2384591158253938,2026-05-09 05:11:13.363498,2026-05-09 05:12:48.604042,0 days 00:01:35.240544,4,0.05,0.02,0.6,0.08,10,10,0.65,,,,,PRUNED
626,-0.1324584177733986,2026-05-09 05:12:48.626599,2026-05-09 05:18:26.127680,0 days 00:05:37.501081,3,0.03,0.02,0.6,0.08,20,5,0.8,,,,,PRUNED
627,-0.043131600755578176,2026-05-09 05:18:26.145392,2026-05-09 05:18:26.332803,0 days 00:00:00.187411,2,0.05,0.01,0.45,0.08,50,10,0.5,,,,,PRUNED
628,0.1680414324100973,2026-05-09 05:18:26.348348,2026-05-09 05:19:43.028793,0 days 00:01:16.680445,3,0.05,0.02,0.6,0.16,10,10,0.65,,,,,PRUNED
629,-0.07753172937763037,2026-05-09 05:19:43.045937,2026-05-09 05:22:53.794526,0 days 00:03:10.748589,2,0.03,0.01,0.3,0.12,20,5,0.65,,,,,PRUNED
630,-0.36653240549258326,2026-05-09 05:22:53.810699,2026-05-09 05:22:54.126034,0 days 00:00:00.315335,2,0.05,0.01,0.45,0.08,10,10,0.5,0.010670948238428084,0.2551802592944082,0.7544067074620227,0.2445093110559801,COMPLETE
631,-0.15904766876997994,2026-05-09 05:22:54.142913,2026-05-09 05:24:37.889732,0 days 00:01:43.746819,3,0.03,0.01,0.3,0.08,20,10,0.8,,,,,PRUNED
632,-0.36653240549258326,2026-05-09 05:24:37.908101,2026-05-09 05:24:38.218444,0 days 00:00:00.310343,2,0.05,0.01,0.45,0.08,10,10,0.5,0.010670948238428084,0.2551802592944082,0.7544067074620227,0.2445093110559801,COMPLETE
633,0.22365470634539275,2026-05-09 05:24:38.234422,2026-05-09 05:25:48.182995,0 days 00:01:09.948573,2,0.03,0.02,0.45,0.08,10,20,0.5,,,,,PRUNED
634,0.0915197469023411,2026-05-09 05:25:48.199019,2026-05-09 05:28:53.093948,0 days 00:03:04.894929,2,0.03,0.01,0.45,0.08,20,5,0.5,,,,,PRUNED
635,0.052607995265158525,2026-05-09 05:28:53.112354,2026-05-09 05:28:53.291401,0 days 00:00:00.179047,2,0.05,0.01,0.45,0.08,20,10,0.5,,,,,PRUNED
636,0.15588297728732925,2026-05-09 05:28:53.308293,2026-05-09 05:31:34.716565,0 days 00:02:41.408272,4,0.05,0.01,0.45,0.16,10,5,0.65,,,,,PRUNED
637,-0.02764171645929614,2026-05-09 05:31:34.731450,2026-05-09 05:34:04.878119,0 days 00:02:30.146669,2,0.05,0.02,0.6,0.08,30,10,0.8,,,,,PRUNED
638,-0.3643560003480507,2026-05-09 05:34:04.897489,2026-05-09 05:36:59.286193,0 days 00:02:54.388704,2,0.05,0.01,0.45,0.12,50,20,0.8,,,,,PRUNED
639,-0.10200712668974225,2026-05-09 05:36:59.305351,2026-05-09 05:40:19.496145,0 days 00:03:20.190794,2,0.05,0.02,0.45,0.08,50,10,0.65,,,,,PRUNED
640,-0.36653240549258326,2026-05-09 05:40:19.513456,2026-05-09 05:40:19.830104,0 days 00:00:00.316648,2,0.05,0.01,0.45,0.08,10,10,0.5,0.010670948238428084,0.2551802592944082,0.7544067074620227,0.2445093110559801,COMPLETE
641,-0.36653240549258326,2026-05-09 05:40:19.848552,2026-05-09 05:40:20.150574,0 days 00:00:00.302022,2,0.05,0.02,0.45,0.08,10,10,0.5,0.010670948238428084,0.2551802592944082,0.7544067074620227,0.2445093110559801,COMPLETE
642,-0.026050211894094233,2026-05-09 05:40:20.168273,2026-05-09 05:45:34.200590,0 days 00:05:14.032317,4,0.05,0.02,0.45,0.16,20,5,0.5,,,,,PRUNED
643,-0.12320431413993727,2026-05-09 05:45:34.216514,2026-05-09 05:47:09.629135,0 days 00:01:35.412621,3,0.05,0.02,0.45,0.08,10,10,0.8,,,,,PRUNED
644,0.24006157750707274,2026-05-09 05:47:09.642709,2026-05-09 05:47:09.826837,0 days 00:00:00.184128,2,0.05,0.02,0.45,0.08,10,5,0.5,,,,,PRUNED
645,-0.1993764315596832,2026-05-09 05:47:09.844476,2026-05-09 05:49:11.359178,0 days 00:02:01.514702,3,0.05,0.01,0.6,0.12,20,10,0.8,,,,,PRUNED
646,-0.22186922069999923,2026-05-09 05:49:11.378254,2026-05-09 05:51:14.616168,0 days 00:02:03.237914,3,0.03,0.01,0.6,0.16,30,20,0.8,,,,,PRUNED
647,-0.0443442807400278,2026-05-09 05:51:14.633360,2026-05-09 05:53:14.990246,0 days 00:02:00.356886,3,0.05,0.01,0.6,0.08,30,10,0.8,,,,,PRUNED
648,0.18982666072196547,2026-05-09 05:53:15.008894,2026-05-09 05:58:20.604669,0 days 00:05:05.595775,4,0.03,0.02,0.3,0.08,10,5,0.65,,,,,PRUNED
649,0.07064204714445993,2026-05-09 05:58:20.619939,2026-05-09 06:00:24.988304,0 days 00:02:04.368365,3,0.05,0.01,0.6,0.08,20,10,0.5,,,,,PRUNED
650,0.23932251296107826,2026-05-09 06:00:25.007707,2026-05-09 06:00:25.194764,0 days 00:00:00.187057,2,0.05,0.01,0.6,0.08,10,20,0.5,,,,,PRUNED
651,-0.36653240549258326,2026-05-09 06:00:25.213272,2026-05-09 06:00:25.509012,0 days 00:00:00.295740,2,0.05,0.01,0.45,0.08,10,10,0.5,0.010670948238428084,0.2551802592944082,0.7544067074620227,0.2445093110559801,COMPLETE
652,-0.25761369407551526,2026-05-09 06:00:25.523403,2026-05-09 06:03:45.450168,0 days 00:03:19.926765,2,0.05,0.02,0.45,0.08,50,10,0.8,,,,,PRUNED
653,-0.36653240549258326,2026-05-09 06:03:45.469256,2026-05-09 06:03:45.765435,0 days 00:00:00.296179,2,0.05,0.01,0.6,0.08,10,10,0.5,0.010670948238428084,0.2551802592944082,0.7544067074620227,0.2445093110559801,COMPLETE
654,0.21531142838495693,2026-05-09 06:03:45.782759,2026-05-09 06:04:49.698777,0 days 00:01:03.916018,2,0.05,0.02,0.45,0.12,10,20,0.5,,,,,PRUNED
655,0.19399994316302377,2026-05-09 06:04:49.713427,2026-05-09 06:06:18.453558,0 days 00:01:28.740131,3,0.03,0.01,0.6,0.12,10,10,0.65,,,,,PRUNED
656,-0.13635601127957805,2026-05-09 06:06:18.470410,2026-05-09 06:11:55.592465,0 days 00:05:37.122055,4,0.05,0.02,0.3,0.16,20,5,0.65,,,,,PRUNED
657,0.10224405863001623,2026-05-09 06:11:55.609026,2026-05-09 06:13:27.203114,0 days 00:01:31.594088,2,0.05,0.01,0.6,0.08,20,20,0.5,,,,,PRUNED
658,-0.36653240549258326,2026-05-09 06:13:27.221176,2026-05-09 06:13:27.530748,0 days 00:00:00.309572,2,0.05,0.01,0.45,0.08,10,10,0.5,0.010670948238428084,0.2551802592944082,0.7544067074620227,0.2445093110559801,COMPLETE
659,-0.36653240549258326,2026-05-09 06:13:27.546709,2026-05-09 06:13:27.852700,0 days 00:00:00.305991,2,0.05,0.01,0.45,0.08,10,10,0.5,0.010670948238428084,0.2551802592944082,0.7544067074620227,0.2445093110559801,COMPLETE
660,0.21741536505731177,2026-05-09 06:13:27.873101,2026-05-09 06:13:28.066701,0 days 00:00:00.193600,2,0.05,0.01,0.6,0.16,10,10,0.5,,,,,PRUNED
661,0.22365470634539275,2026-05-09 06:13:28.088210,2026-05-09 06:14:14.134954,0 days 00:00:46.046744,2,0.03,0.01,0.3,0.08,10,20,0.5,,,,,PRUNED
662,-0.15872452811707458,2026-05-09 06:14:14.154021,2026-05-09 06:17:52.413583,0 days 00:03:38.259562,2,0.05,0.01,0.3,0.16,30,5,0.5,,,,,PRUNED
663,-0.043131600755578176,2026-05-09 06:17:52.430704,2026-05-09 06:17:52.612755,0 days 00:00:00.182051,2,0.05,0.02,0.45,0.08,50,10,0.5,,,,,PRUNED
664,-0.36653240549258326,2026-05-09 06:17:52.628611,2026-05-09 06:17:52.957559,0 days 00:00:00.328948,2,0.05,0.01,0.45,0.08,10,10,0.5,0.010670948238428084,0.2551802592944082,0.7544067074620227,0.2445093110559801,COMPLETE
665,-0.0017890867128169674,2026-05-09 06:17:52.973551,2026-05-09 06:19:37.032155,0 days 00:01:44.058604,4,0.03,0.01,0.6,0.08,20,10,0.5,,,,,PRUNED
666,-0.36653240549258326,2026-05-09 06:19:37.048659,2026-05-09 06:19:37.399965,0 days 00:00:00.351306,2,0.05,0.01,0.45,0.08,10,10,0.5,0.010670948238428084,0.2551802592944082,0.7544067074620227,0.2445093110559801,COMPLETE
667,-0.36653240549258326,2026-05-09 06:19:37.416947,2026-05-09 06:19:37.735018,0 days 00:00:00.318071,2,0.05,0.01,0.45,0.08,10,10,0.5,0.010670948238428084,0.2551802592944082,0.7544067074620227,0.2445093110559801,COMPLETE
668,-0.24884968180915906,2026-05-09 06:19:37.752793,2026-05-09 06:22:19.264648,0 days 00:02:41.511855,3,0.03,0.02,0.6,0.16,10,5,0.8,,,,,PRUNED
669,-0.3888930591297158,2026-05-09 06:22:19.278843,2026-05-09 06:25:15.907984,0 days 00:02:56.629141,3,0.05,0.02,0.6,0.12,50,20,0.8,,,,,PRUNED
670,0.20249375138210146,2026-05-09 06:25:15.922700,2026-05-09 06:27:53.252611,0 days 00:02:37.329911,2,0.05,0.01,0.3,0.12,10,5,0.65,,,,,PRUNED
671,-0.03465874273764019,2026-05-09 06:27:53.270729,2026-05-09 06:29:52.243665,0 days 00:01:58.972936,2,0.05,0.01,0.45,0.08,30,20,0.65,,,,,PRUNED
672,-0.1364435986696652,2026-05-09 06:29:52.260357,2026-05-09 06:32:13.888755,0 days 00:02:21.628398,2,0.03,0.01,0.45,0.08,10,5,0.8,,,,,PRUNED
673,-0.14834116490922625,2026-05-09 06:32:13.903181,2026-05-09 06:34:13.879708,0 days 00:01:59.976527,2,0.05,0.02,0.6,0.12,30,20,0.8,,,,,PRUNED
674,-0.14907883062541594,2026-05-09 06:34:13.896681,2026-05-09 06:38:41.756720,0 days 00:04:27.860039,3,0.05,0.01,0.3,0.12,50,5,0.5,,,,,PRUNED
675,-0.03472227497625491,2026-05-09 06:38:41.774564,2026-05-09 06:40:44.726973,0 days 00:02:02.952409,2,0.03,0.01,0.3,0.12,30,20,0.5,,,,,PRUNED
676,-0.1442154381425533,2026-05-09 06:40:44.747378,2026-05-09 06:43:16.806670,0 days 00:02:32.059292,2,0.03,0.02,0.3,0.12,50,10,0.5,,,,,PRUNED
677,-0.18948085325895264,2026-05-09 06:43:16.825232,2026-05-09 06:44:23.239488,0 days 00:01:06.414256,4,0.03,0.02,0.3,0.16,10,20,0.8,,,,,PRUNED
678,0.15449554085637196,2026-05-09 06:44:23.257572,2026-05-09 06:47:04.210818,0 days 00:02:40.953246,4,0.05,0.02,0.45,0.12,10,5,0.5,,,,,PRUNED
679,-0.2121649988983823,2026-05-09 06:47:04.225654,2026-05-09 06:50:26.848882,0 days 00:03:22.623228,3,0.05,0.01,0.45,0.12,50,10,0.65,,,,,PRUNED
680,0.23932251296107826,2026-05-09 06:50:26.869334,2026-05-09 06:50:27.090843,0 days 00:00:00.221509,2,0.05,0.02,0.6,0.08,10,20,0.5,,,,,PRUNED
681,-0.17711433430795484,2026-05-09 06:50:27.110591,2026-05-09 06:53:35.774521,0 days 00:03:08.663930,3,0.05,0.01,0.3,0.16,20,5,0.8,,,,,PRUNED
682,-0.12944816250564867,2026-05-09 06:53:35.794641,2026-05-09 06:55:38.007227,0 days 00:02:02.212586,2,0.03,0.01,0.45,0.08,30,20,0.8,,,,,PRUNED
683,-0.2038619067916026,2026-05-09 06:55:38.022141,2026-05-09 06:59:14.816004,0 days 00:03:36.793863,3,0.03,0.02,0.45,0.12,50,10,0.5,,,,,PRUNED
684,-0.36653240549258326,2026-05-09 06:59:14.836560,2026-05-09 06:59:15.141507,0 days 00:00:00.304947,2,0.05,0.01,0.45,0.08,10,10,0.5,0.010670948238428084,0.2551802592944082,0.7544067074620227,0.2445093110559801,COMPLETE
685,-0.36653240549258326,2026-05-09 06:59:15.157717,2026-05-09 06:59:15.496787,0 days 00:00:00.339070,2,0.05,0.02,0.45,0.08,10,10,0.5,0.010670948238428084,0.2551802592944082,0.7544067074620227,0.2445093110559801,COMPLETE
686,-0.17483722494036355,2026-05-09 06:59:15.513024,2026-05-09 07:01:56.363745,0 days 00:02:40.850721,4,0.05,0.02,0.3,0.16,10,5,0.8,,,,,PRUNED
687,-0.36653240549258326,2026-05-09 07:01:56.378963,2026-05-09 07:01:56.669778,0 days 00:00:00.290815,2,0.05,0.02,0.6,0.08,10,10,0.5,0.010670948238428084,0.2551802592944082,0.7544067074620227,0.2445093110559801,COMPLETE
688,-0.36667040715256977,2026-05-09 07:01:56.686625,2026-05-09 07:01:57.024853,0 days 00:00:00.338228,2,0.05,0.01,0.3,0.08,10,10,0.5,0.010594847334165238,0.2552415056842905,0.75453050897347,0.24464665835012525,COMPLETE
689,-0.01757629806332206,2026-05-09 07:01:57.045728,2026-05-09 07:03:58.982978,0 days 00:02:01.937250,4,0.05,0.01,0.45,0.12,20,10,0.5,,,,,PRUNED
690,-0.3447111967646525,2026-05-09 07:03:59.002119,2026-05-09 07:06:45.224963,0 days 00:02:46.222844,4,0.05,0.01,0.45,0.08,50,20,0.8,,,,,PRUNED
691,-0.36653240549258326,2026-05-09 07:06:45.240643,2026-05-09 07:06:45.515390,0 days 00:00:00.274747,2,0.05,0.01,0.45,0.08,10,10,0.5,0.010670948238428084,0.2551802592944082,0.7544067074620227,0.2445093110559801,COMPLETE
692,-0.02517616954065638,2026-05-09 07:06:45.533775,2026-05-09 07:08:37.468182,0 days 00:01:51.934407,2,0.03,0.01,0.45,0.08,50,20,0.5,,,,,PRUNED
693,-0.36653240549258326,2026-05-09 07:08:37.481658,2026-05-09 07:08:37.745067,0 days 00:00:00.263409,2,0.05,0.01,0.6,0.08,10,10,0.5,0.010670948238428084,0.2551802592944082,0.7544067074620227,0.2445093110559801,COMPLETE
694,-0.016243913750736028,2026-05-09 07:08:37.762919,2026-05-09 07:08:37.916922,0 days 00:00:00.154003,2,0.05,0.02,0.45,0.08,30,10,0.5,,,,,PRUNED
695,-0.36653240549258326,2026-05-09 07:08:37.932939,2026-05-09 07:08:38.236694,0 days 00:00:00.303755,2,0.05,0.01,0.45,0.08,10,10,0.5,0.010670948238428084,0.2551802592944082,0.7544067074620227,0.2445093110559801,COMPLETE
696,-0.36653240549258326,2026-05-09 07:08:38.257057,2026-05-09 07:08:38.563835,0 days 00:00:00.306778,2,0.05,0.01,0.45,0.08,10,10,0.5,0.010670948238428084,0.2551802592944082,0.7544067074620227,0.2445093110559801,COMPLETE
697,-0.2606781876075886,2026-05-09 07:08:38.579449,2026-05-09 07:10:04.677625,0 days 00:01:26.098176,3,0.03,0.02,0.3,0.12,20,20,0.8,,,,,PRUNED
698,0.23796005777401757,2026-05-09 07:10:04.692365,2026-05-09 07:10:04.853427,0 days 00:00:00.161062,2,0.05,0.02,0.45,0.08,10,10,0.65,,,,,PRUNED
699,-0.31848004540258457,2026-05-09 07:10:04.866279,2026-05-09 07:12:50.118751,0 days 00:02:45.252472,4,0.05,0.02,0.45,0.16,50,20,0.65,,,,,PRUNED
700,-0.36653240549258326,2026-05-09 07:12:50.134204,2026-05-09 07:12:50.431353,0 days 00:00:00.297149,2,0.05,0.01,0.45,0.08,10,10,0.5,0.010670948238428084,0.2551802592944082,0.7544067074620227,0.2445093110559801,COMPLETE
701,0.20019213318980905,2026-05-09 07:12:50.446487,2026-05-09 07:15:26.393587,0 days 00:02:35.947100,4,0.05,0.02,0.45,0.12,10,10,0.5,,,,,PRUNED
702,-0.36653240549258326,2026-05-09 07:15:26.409472,2026-05-09 07:15:26.663018,0 days 00:00:00.253546,2,0.05,0.01,0.45,0.08,10,10,0.5,0.010670948238428084,0.2551802592944082,0.7544067074620227,0.2445093110559801,COMPLETE
703,-0.36653240549258326,2026-05-09 07:15:26.678236,2026-05-09 07:15:26.988651,0 days 00:00:00.310415,2,0.05,0.01,0.45,0.08,10,10,0.5,0.010670948238428084,0.2551802592944082,0.7544067074620227,0.2445093110559801,COMPLETE
704,-0.36653240549258326,2026-05-09 07:15:27.000229,2026-05-09 07:15:27.265274,0 days 00:00:00.265045,2,0.05,0.01,0.45,0.08,10,10,0.5,0.010670948238428084,0.2551802592944082,0.7544067074620227,0.2445093110559801,COMPLETE
705,-0.36653240549258326,2026-05-09 07:15:27.282565,2026-05-09 07:15:27.564681,0 days 00:00:00.282116,2,0.05,0.02,0.45,0.08,10,10,0.5,0.010670948238428084,0.2551802592944082,0.7544067074620227,0.2445093110559801,COMPLETE
706,-0.36653240549258326,2026-05-09 07:15:27.580131,2026-05-09 07:15:27.846995,0 days 00:00:00.266864,2,0.05,0.01,0.45,0.08,10,10,0.5,0.010670948238428084,0.2551802592944082,0.7544067074620227,0.2445093110559801,COMPLETE
707,-0.36653240549258326,2026-05-09 07:15:27.861301,2026-05-09 07:15:28.143381,0 days 00:00:00.282080,2,0.05,0.01,0.6,0.08,10,10,0.5,0.010670948238428084,0.2551802592944082,0.7544067074620227,0.2445093110559801,COMPLETE
708,-0.02614695752726326,2026-05-09 07:15:28.159445,2026-05-09 07:16:56.729079,0 days 00:01:28.569634,4,0.03,0.02,0.45,0.08,20,20,0.65,,,,,PRUNED
709,-0.36653240549258326,2026-05-09 07:16:56.743481,2026-05-09 07:16:57.016878,0 days 00:00:00.273397,2,0.05,0.01,0.45,0.08,10,10,0.5,0.010670948238428084,0.2551802592944082,0.7544067074620227,0.2445093110559801,COMPLETE
710,0.0035445249385147592,2026-05-09 07:16:57.031725,2026-05-09 07:18:23.708728,0 days 00:01:26.677003,3,0.05,0.02,0.3,0.16,20,20,0.5,,,,,PRUNED
711,0.23796005777401757,2026-05-09 07:18:23.723389,2026-05-09 07:18:23.881357,0 days 00:00:00.157968,2,0.05,0.01,0.45,0.08,10,10,0.65,,,,,PRUNED
712,-0.08191541166738067,2026-05-09 07:18:23.895521,2026-05-09 07:23:29.581146,0 days 00:05:05.685625,4,0.03,0.01,0.45,0.16,20,5,0.5,,,,,PRUNED
713,-0.100846842926293,2026-05-09 07:23:29.596660,2026-05-09 07:26:56.009644,0 days 00:03:26.412984,3,0.03,0.02,0.3,0.16,30,5,0.8,,,,,PRUNED
714,-0.07818736128495421,2026-05-09 07:26:56.024864,2026-05-09 07:29:16.893504,0 days 00:02:20.868640,2,0.05,0.02,0.3,0.12,30,10,0.65,,,,,PRUNED
715,0.18974997320425854,2026-05-09 07:29:16.910343,2026-05-09 07:30:50.040022,0 days 00:01:33.129679,3,0.05,0.02,0.3,0.16,10,10,0.5,,,,,PRUNED
716,-0.36653240549258326,2026-05-09 07:30:50.055322,2026-05-09 07:30:50.332793,0 days 00:00:00.277471,2,0.05,0.01,0.45,0.08,10,10,0.5,0.010670948238428084,0.2551802592944082,0.7544067074620227,0.2445093110559801,COMPLETE
717,-0.04810407363876387,2026-05-09 07:30:50.345930,2026-05-09 07:33:09.758753,0 days 00:02:19.412823,4,0.05,0.01,0.6,0.08,30,10,0.5,,,,,PRUNED
718,-0.08867937285806465,2026-05-09 07:33:09.772327,2026-05-09 07:34:37.579502,0 days 00:01:27.807175,4,0.03,0.02,0.6,0.12,20,20,0.65,,,,,PRUNED
719,-0.17338932227492912,2026-05-09 07:34:37.593757,2026-05-09 07:36:11.529787,0 days 00:01:33.936030,3,0.03,0.01,0.3,0.16,30,10,0.65,,,,,PRUNED
720,0.13315691084491554,2026-05-09 07:36:11.542742,2026-05-09 07:37:11.911089,0 days 00:01:00.368347,3,0.03,0.01,0.45,0.12,10,20,0.65,,,,,PRUNED
721,-0.029097525646664596,2026-05-09 07:37:11.924832,2026-05-09 07:39:35.701663,0 days 00:02:23.776831,2,0.03,0.01,0.45,0.08,30,10,0.8,,,,,PRUNED
722,0.21375700202937536,2026-05-09 07:39:35.714527,2026-05-09 07:40:39.870145,0 days 00:01:04.155618,4,0.05,0.02,0.45,0.08,10,20,0.5,,,,,PRUNED
723,0.24308425915185713,2026-05-09 07:40:39.889930,2026-05-09 07:40:40.034298,0 days 00:00:00.144368,3,0.05,0.01,0.45,0.08,10,10,0.5,,,,,PRUNED
724,0.03767217368729964,2026-05-09 07:40:40.049401,2026-05-09 07:42:36.275601,0 days 00:01:56.226200,2,0.05,0.02,0.45,0.08,30,20,0.5,,,,,PRUNED
725,-0.05051913453738391,2026-05-09 07:42:36.297842,2026-05-09 07:48:20.203894,0 days 00:05:43.906052,3,0.05,0.02,0.45,0.08,30,5,0.8,,,,,PRUNED
726,0.23840653978621018,2026-05-09 07:48:20.220259,2026-05-09 07:49:42.810082,0 days 00:01:22.589823,4,0.05,0.02,0.3,0.08,10,10,0.5,,,,,PRUNED
727,0.17483092074154089,2026-05-09 07:49:42.825902,2026-05-09 07:50:46.918994,0 days 00:01:04.093092,2,0.03,0.01,0.6,0.08,10,20,0.65,,,,,PRUNED
728,-0.01757629806332206,2026-05-09 07:50:46.932653,2026-05-09 07:52:46.320954,0 days 00:01:59.388301,4,0.05,0.01,0.6,0.12,20,10,0.5,,,,,PRUNED
729,0.1113802398510807,2026-05-09 07:52:46.338813,2026-05-09 07:53:57.549289,0 days 00:01:11.210476,4,0.03,0.02,0.3,0.16,10,10,0.5,,,,,PRUNED
730,-0.36653240549258326,2026-05-09 07:53:57.565589,2026-05-09 07:53:57.829707,0 days 00:00:00.264118,2,0.05,0.01,0.45,0.08,10,10,0.5,0.010670948238428084,0.2551802592944082,0.7544067074620227,0.2445093110559801,COMPLETE
731,-0.06243605998105875,2026-05-09 07:53:57.844328,2026-05-09 07:56:28.508024,0 days 00:02:30.663696,2,0.03,0.01,0.45,0.08,30,10,0.65,,,,,PRUNED
732,0.21741536505731177,2026-05-09 07:56:28.522267,2026-05-09 07:56:28.688586,0 days 00:00:00.166319,2,0.05,0.01,0.45,0.16,10,10,0.5,,,,,PRUNED
733,-0.16886924464056502,2026-05-09 07:56:28.704740,2026-05-09 08:03:03.532549,0 days 00:06:34.827809,3,0.03,0.01,0.45,0.12,50,5,0.5,,,,,PRUNED
734,-0.016243913750736028,2026-05-09 08:03:03.550438,2026-05-09 08:03:03.706860,0 days 00:00:00.156422,2,0.05,0.01,0.45,0.08,30,10,0.5,,,,,PRUNED
735,-0.36653240549258326,2026-05-09 08:03:03.721595,2026-05-09 08:03:03.988536,0 days 00:00:00.266941,2,0.05,0.01,0.45,0.08,10,10,0.5,0.010670948238428084,0.2551802592944082,0.7544067074620227,0.2445093110559801,COMPLETE
736,-0.029652107069191025,2026-05-09 08:03:04.003888,2026-05-09 08:05:27.065867,0 days 00:02:23.061979,3,0.03,0.02,0.3,0.08,30,10,0.8,,,,,PRUNED
737,-0.36653240549258326,2026-05-09 08:05:27.085270,2026-05-09 08:05:27.424751,0 days 00:00:00.339481,2,0.05,0.01,0.45,0.08,10,10,0.5,0.010670948238428084,0.2551802592944082,0.7544067074620227,0.2445093110559801,COMPLETE
738,0.23909750161854434,2026-05-09 08:05:27.443831,2026-05-09 08:05:27.663286,0 days 00:00:00.219455,2,0.05,0.01,0.45,0.12,10,10,0.5,,,,,PRUNED
739,0.23932251296107826,2026-05-09 08:05:27.684467,2026-05-09 08:05:27.895819,0 days 00:00:00.211352,2,0.05,0.01,0.45,0.08,10,20,0.5,,,,,PRUNED
740,-0.10315426707212683,2026-05-09 08:05:27.915481,2026-05-09 08:07:57.682734,0 days 00:02:29.767253,3,0.05,0.01,0.45,0.08,10,5,0.8,,,,,PRUNED
741,-0.056606923759387806,2026-05-09 08:07:57.698143,2026-05-09 08:10:20.606272,0 days 00:02:22.908129,2,0.05,0.01,0.3,0.12,30,10,0.5,,,,,PRUNED
742,-0.098754793344904,2026-05-09 08:10:20.622914,2026-05-09 08:11:50.986041,0 days 00:01:30.363127,4,0.05,0.02,0.6,0.16,20,20,0.65,,,,,PRUNED
743,-0.05248316376705903,2026-05-09 08:11:51.004744,2026-05-09 08:13:19.550025,0 days 00:01:28.545281,3,0.05,0.01,0.6,0.08,30,10,0.5,,,,,PRUNED
744,0.20604860375953266,2026-05-09 08:13:19.567038,2026-05-09 08:15:51.422725,0 days 00:02:31.855687,3,0.05,0.01,0.3,0.08,10,5,0.65,,,,,PRUNED
745,-0.09518963413682327,2026-05-09 08:15:51.439188,2026-05-09 08:18:33.348845,0 days 00:02:41.909657,2,0.03,0.02,0.45,0.12,50,20,0.5,,,,,PRUNED
746,-0.36653240549258326,2026-05-09 08:18:33.362203,2026-05-09 08:18:33.614040,0 days 00:00:00.251837,2,0.05,0.01,0.45,0.08,10,10,0.5,0.010670948238428084,0.2551802592944082,0.7544067074620227,0.2445093110559801,COMPLETE
747,-0.14895524516403175,2026-05-09 08:18:33.630342,2026-05-09 08:20:02.796033,0 days 00:01:29.165691,2,0.05,0.01,0.6,0.12,10,10,0.8,,,,,PRUNED
748,0.0003076909762789737,2026-05-09 08:20:02.811670,2026-05-09 08:23:03.678169,0 days 00:03:00.866499,4,0.03,0.02,0.3,0.12,20,5,0.5,,,,,PRUNED
749,-0.006635157326197072,2026-05-09 08:23:03.691489,2026-05-09 08:24:31.375949,0 days 00:01:27.684460,3,0.03,0.02,0.6,0.08,20,20,0.65,,,,,PRUNED
750,0.18033280567394372,2026-05-09 08:24:31.390015,2026-05-09 08:26:04.402525,0 days 00:01:33.012510,4,0.03,0.01,0.3,0.12,10,10,0.65,,,,,PRUNED
751,-0.36653240549258326,2026-05-09 08:26:04.417619,2026-05-09 08:26:04.708410,0 days 00:00:00.290791,2,0.05,0.02,0.45,0.08,10,10,0.5,0.010670948238428084,0.2551802592944082,0.7544067074620227,0.2445093110559801,COMPLETE
752,0.24006157750707274,2026-05-09 08:26:04.722057,2026-05-09 08:26:04.879814,0 days 00:00:00.157757,2,0.05,0.01,0.45,0.08,10,5,0.5,,,,,PRUNED
753,0.2402685398597145,2026-05-09 08:26:04.896529,2026-05-09 08:27:34.529389,0 days 00:01:29.632860,4,0.03,0.01,0.6,0.08,10,10,0.5,,,,,PRUNED
754,-0.15462523200414857,2026-05-09 08:27:34.545744,2026-05-09 08:30:04.160846,0 days 00:02:29.615102,4,0.03,0.02,0.6,0.08,10,5,0.8,,,,,PRUNED
755,0.17260804462491966,2026-05-09 08:30:04.175185,2026-05-09 08:30:59.270391,0 days 00:00:55.095206,3,0.05,0.01,0.6,0.16,10,20,0.5,,,,,PRUNED
756,-0.36653240549258326,2026-05-09 08:30:59.285578,2026-05-09 08:30:59.553539,0 days 00:00:00.267961,2,0.05,0.01,0.45,0.08,10,10,0.5,0.010670948238428084,0.2551802592944082,0.7544067074620227,0.2445093110559801,COMPLETE
757,-0.0683873336224663,2026-05-09 08:30:59.568475,2026-05-09 08:32:58.479311,0 days 00:01:58.910836,2,0.03,0.02,0.3,0.16,20,10,0.65,,,,,PRUNED
758,-0.1375429090814866,2026-05-09 08:32:58.498437,2026-05-09 08:34:20.000111,0 days 00:01:21.501674,3,0.03,0.01,0.3,0.08,10,10,0.8,,,,,PRUNED
759,-0.3268115281663142,2026-05-09 08:34:20.017190,2026-05-09 08:35:51.161992,0 days 00:01:31.144802,3,0.03,0.01,0.45,0.16,20,20,0.8,,,,,PRUNED
760,-0.12460726446031051,2026-05-09 08:35:51.176396,2026-05-09 08:35:51.336462,0 days 00:00:00.160066,2,0.05,0.01,0.45,0.08,10,10,0.8,,,,,PRUNED
761,-0.36653240549258326,2026-05-09 08:35:51.350566,2026-05-09 08:35:51.630537,0 days 00:00:00.279971,2,0.05,0.01,0.6,0.08,10,10,0.5,0.010670948238428084,0.2551802592944082,0.7544067074620227,0.2445093110559801,COMPLETE
762,-0.09588973586326666,2026-05-09 08:35:51.648883,2026-05-09 08:41:41.310103,0 days 00:05:49.661220,2,0.05,0.02,0.3,0.12,30,5,0.5,,,,,PRUNED
763,0.24308425915185783,2026-05-09 08:41:41.325245,2026-05-09 08:43:11.775092,0 days 00:01:30.449847,3,0.05,0.02,0.3,0.08,10,10,0.5,,,,,PRUNED
764,-0.17764982230715956,2026-05-09 08:43:11.791507,2026-05-09 08:45:08.704892,0 days 00:01:56.913385,3,0.03,0.01,0.45,0.16,30,20,0.65,,,,,PRUNED
765,-0.11584165722376635,2026-05-09 08:45:08.719240,2026-05-09 08:47:50.138284,0 days 00:02:41.419044,3,0.05,0.01,0.45,0.12,50,20,0.5,,,,,PRUNED
766,-0.1578021498675495,2026-05-09 08:47:50.155269,2026-05-09 08:49:05.860182,0 days 00:01:15.704913,4,0.03,0.01,0.6,0.12,50,20,0.5,,,,,PRUNED
767,-0.023775260497023054,2026-05-09 08:49:05.874757,2026-05-09 08:50:59.582477,0 days 00:01:53.707720,2,0.05,0.01,0.3,0.08,30,10,0.65,,,,,PRUNED
768,-0.043131600755578176,2026-05-09 08:50:59.600557,2026-05-09 08:50:59.780910,0 days 00:00:00.180353,2,0.05,0.01,0.45,0.08,50,10,0.5,,,,,PRUNED
769,-0.12366575190809939,2026-05-09 08:50:59.798144,2026-05-09 08:52:29.297251,0 days 00:01:29.499107,3,0.05,0.01,0.6,0.12,30,10,0.65,,,,,PRUNED
770,0.14869927531030405,2026-05-09 08:52:29.316308,2026-05-09 08:53:41.311467,0 days 00:01:11.995159,3,0.03,0.01,0.45,0.16,10,10,0.5,,,,,PRUNED
771,-0.2008945356586791,2026-05-09 08:53:41.325893,2026-05-09 08:56:10.362707,0 days 00:02:29.036814,2,0.05,0.01,0.3,0.16,50,10,0.5,,,,,PRUNED
772,0.14815911242368485,2026-05-09 08:56:10.378330,2026-05-09 09:00:52.538458,0 days 00:04:42.160128,2,0.05,0.01,0.6,0.16,10,5,0.5,,,,,PRUNED
773,-0.218291791451887,2026-05-09 09:00:52.553423,2026-05-09 09:02:49.316859,0 days 00:01:56.763436,4,0.05,0.02,0.6,0.12,20,10,0.8,,,,,PRUNED
774,0.23840653978621004,2026-05-09 09:02:49.330360,2026-05-09 09:02:49.511284,0 days 00:00:00.180924,4,0.05,0.01,0.45,0.08,10,10,0.5,,,,,PRUNED
775,0.2235225857088118,2026-05-09 09:02:49.526075,2026-05-09 09:04:17.831683,0 days 00:01:28.305608,2,0.03,0.02,0.45,0.08,10,10,0.65,,,,,PRUNED
776,0.10107933481336517,2026-05-09 09:04:17.849914,2026-05-09 09:07:17.769282,0 days 00:02:59.919368,2,0.05,0.01,0.45,0.12,20,5,0.5,,,,,PRUNED
777,0.2425609767130091,2026-05-09 09:07:17.783434,2026-05-09 09:07:17.944721,0 days 00:00:00.161287,2,0.03,0.01,0.45,0.08,10,10,0.5,,,,,PRUNED
778,-0.36653240549258326,2026-05-09 09:07:17.961147,2026-05-09 09:07:18.224329,0 days 00:00:00.263182,2,0.05,0.01,0.45,0.08,10,10,0.5,0.010670948238428084,0.2551802592944082,0.7544067074620227,0.2445093110559801,COMPLETE
779,0.21375700202937536,2026-05-09 09:07:18.240041,2026-05-09 09:08:12.829862,0 days 00:00:54.589821,4,0.05,0.02,0.6,0.08,10,20,0.5,,,,,PRUNED
780,-0.36653240549258326,2026-05-09 09:08:12.843745,2026-05-09 09:08:13.110684,0 days 00:00:00.266939,2,0.05,0.01,0.45,0.08,10,10,0.5,0.010670948238428084,0.2551802592944082,0.7544067074620227,0.2445093110559801,COMPLETE
781,-0.25769253948793536,2026-05-09 09:08:13.129274,2026-05-09 09:11:27.993559,0 days 00:03:14.864285,2,0.05,0.01,0.3,0.08,50,10,0.8,,,,,PRUNED
782,0.2235225857088118,2026-05-09 09:11:28.008278,2026-05-09 09:12:46.522895,0 days 00:01:18.514617,2,0.03,0.01,0.6,0.08,10,10,0.65,,,,,PRUNED
783,0.2174719710628333,2026-05-09 09:12:46.541582,2026-05-09 09:15:27.801108,0 days 00:02:41.259526,3,0.05,0.02,0.45,0.08,10,5,0.5,,,,,PRUNED
784,-0.36653240549258326,2026-05-09 09:15:27.814788,2026-05-09 09:15:28.162593,0 days 00:00:00.347805,2,0.05,0.01,0.45,0.08,10,10,0.5,0.010670948238428084,0.2551802592944082,0.7544067074620227,0.2445093110559801,COMPLETE
785,0.175787038316402,2026-05-09 09:15:28.179340,2026-05-09 09:16:40.424240,0 days 00:01:12.244900,4,0.05,0.01,0.45,0.08,10,20,0.65,,,,,PRUNED
786,-0.11834236070084392,2026-05-09 09:16:40.443481,2026-05-09 09:20:04.593481,0 days 00:03:24.150000,2,0.05,0.02,0.45,0.08,10,5,0.8,,,,,PRUNED
787,-0.36653240549258326,2026-05-09 09:20:04.608998,2026-05-09 09:20:04.874483,0 days 00:00:00.265485,2,0.05,0.01,0.45,0.08,10,10,0.5,0.010670948238428084,0.2551802592944082,0.7544067074620227,0.2445093110559801,COMPLETE
788,-0.25297740864091584,2026-05-09 09:20:04.893454,2026-05-09 09:23:42.507477,0 days 00:03:37.614023,2,0.03,0.02,0.3,0.12,50,20,0.65,,,,,PRUNED
789,-0.21751472602397498,2026-05-09 09:23:42.527325,2026-05-09 09:29:08.927353,0 days 00:05:26.400028,4,0.03,0.01,0.3,0.08,50,5,0.65,,,,,PRUNED
790,-0.26446706198228287,2026-05-09 09:29:08.954256,2026-05-09 09:33:21.145984,0 days 00:04:12.191728,3,0.05,0.01,0.45,0.08,50,10,0.8,,,,,PRUNED
791,-0.36653240549258326,2026-05-09 09:33:21.164374,2026-05-09 09:33:21.492925,0 days 00:00:00.328551,2,0.05,0.02,0.6,0.08,10,10,0.5,0.010670948238428084,0.2551802592944082,0.7544067074620227,0.2445093110559801,COMPLETE
792,-0.024543870170482845,2026-05-09 09:33:21.512463,2026-05-09 09:38:14.240284,0 days 00:04:52.727821,2,0.05,0.02,0.6,0.08,30,5,0.8,,,,,PRUNED
793,-0.08137142097994976,2026-05-09 09:38:14.260228,2026-05-09 09:40:30.839636,0 days 00:02:16.579408,4,0.03,0.02,0.3,0.08,30,20,0.65,,,,,PRUNED
794,-0.36653240549258326,2026-05-09 09:40:30.860133,2026-05-09 09:40:31.288121,0 days 00:00:00.427988,2,0.05,0.01,0.45,0.08,10,10,0.5,0.010670948238428084,0.2551802592944082,0.7544067074620227,0.2445093110559801,COMPLETE
795,-0.10568073409495574,2026-05-09 09:40:31.314927,2026-05-09 09:43:02.643328,0 days 00:02:31.328401,2,0.05,0.01,0.6,0.16,30,10,0.65,,,,,PRUNED
796,0.052607995265158525,2026-05-09 09:43:02.660529,2026-05-09 09:43:02.840673,0 days 00:00:00.180144,2,0.05,0.01,0.45,0.08,20,10,0.5,,,,,PRUNED
797,-0.36653240549258326,2026-05-09 09:43:02.858636,2026-05-09 09:43:03.145930,0 days 00:00:00.287294,2,0.05,0.01,0.45,0.08,10,10,0.5,0.010670948238428084,0.2551802592944082,0.7544067074620227,0.2445093110559801,COMPLETE
798,-0.021696285654931757,2026-05-09 09:43:03.160789,2026-05-09 09:45:51.428793,0 days 00:02:48.268004,2,0.05,0.01,0.45,0.16,20,10,0.65,,,,,PRUNED
799,0.24006157750707274,2026-05-09 09:45:51.447695,2026-05-09 09:45:51.630705,0 days 00:00:00.183010,2,0.05,0.01,0.6,0.08,10,5,0.5,,,,,PRUNED
800,-0.17516076028407704,2026-05-09 09:45:51.648607,2026-05-09 09:47:52.127523,0 days 00:02:00.478916,3,0.03,0.01,0.6,0.12,30,20,0.8,,,,,PRUNED
801,0.1492645253846686,2026-05-09 09:47:52.149344,2026-05-09 09:49:06.891034,0 days 00:01:14.741690,2,0.05,0.02,0.3,0.16,10,20,0.65,,,,,PRUNED
802,-0.36653240549258326,2026-05-09 09:49:06.904352,2026-05-09 09:49:07.164310,0 days 00:00:00.259958,2,0.05,0.02,0.45,0.08,10,10,0.5,0.010670948238428084,0.2551802592944082,0.7544067074620227,0.2445093110559801,COMPLETE
803,0.24427381693130568,2026-05-09 09:49:07.179108,2026-05-09 09:50:43.183683,0 days 00:01:36.004575,2,0.05,0.01,0.6,0.12,10,10,0.65,,,,,PRUNED
804,-0.36653240549258326,2026-05-09 09:50:43.208889,2026-05-09 09:50:43.643460,0 days 00:00:00.434571,2,0.05,0.01,0.45,0.08,10,10,0.5,0.010670948238428084,0.2551802592944082,0.7544067074620227,0.2445093110559801,COMPLETE
805,-0.06243605998105875,2026-05-09 09:50:43.669091,2026-05-09 09:53:19.540980,0 days 00:02:35.871889,2,0.03,0.02,0.3,0.08,30,10,0.65,,,,,PRUNED
806,-0.11398750633658977,2026-05-09 09:53:19.558706,2026-05-09 10:00:10.649673,0 days 00:06:51.090967,2,0.03,0.01,0.3,0.08,20,5,0.8,,,,,PRUNED
807,-0.36653240549258326,2026-05-09 10:00:10.663497,2026-05-09 10:00:10.932010,0 days 00:00:00.268513,2,0.05,0.01,0.6,0.08,10,10,0.5,0.010670948238428084,0.2551802592944082,0.7544067074620227,0.2445093110559801,COMPLETE
808,-0.013550561070676814,2026-05-09 10:00:10.946541,2026-05-09 10:01:56.161042,0 days 00:01:45.214501,4,0.05,0.01,0.6,0.16,20,20,0.5,,,,,PRUNED
809,-0.25761369407551526,2026-05-09 10:01:56.180243,2026-05-09 10:06:01.495114,0 days 00:04:05.314871,2,0.05,0.01,0.6,0.08,50,10,0.8,,,,,PRUNED
810,0.20678912327812193,2026-05-09 10:06:01.516875,2026-05-09 10:06:01.698722,0 days 00:00:00.181847,2,0.05,0.01,0.45,0.12,10,5,0.5,,,,,PRUNED
811,-0.1811386134076878,2026-05-09 10:06:01.715635,2026-05-09 10:07:45.246905,0 days 00:01:43.531270,3,0.03,0.02,0.6,0.12,20,10,0.8,,,,,PRUNED
812,0.1617890192561533,2026-05-09 10:07:45.261007,2026-05-09 10:09:23.979240,0 days 00:01:38.718233,4,0.05,0.02,0.45,0.16,10,10,0.5,,,,,PRUNED
813,0.20249375138210146,2026-05-09 10:09:23.995780,2026-05-09 10:16:15.366974,0 days 00:06:51.371194,2,0.05,0.02,0.6,0.12,10,5,0.65,,,,,PRUNED
814,-0.36667040715256977,2026-05-09 10:16:15.385966,2026-05-09 10:16:15.726123,0 days 00:00:00.340157,2,0.05,0.01,0.3,0.08,10,10,0.5,0.010594847334165238,0.2552415056842905,0.75453050897347,0.24464665835012525,COMPLETE
815,0.20432515298551213,2026-05-09 10:16:15.745808,2026-05-09 10:17:47.644643,0 days 00:01:31.898835,2,0.05,0.01,0.6,0.16,10,10,0.65,,,,,PRUNED
816,-0.36653240549258326,2026-05-09 10:17:47.662312,2026-05-09 10:17:48.003613,0 days 00:00:00.341301,2,0.05,0.01,0.45,0.08,10,10,0.5,0.010670948238428084,0.2551802592944082,0.7544067074620227,0.2445093110559801,COMPLETE
817,0.17608808894846525,2026-05-09 10:17:48.019665,2026-05-09 10:18:54.223023,0 days 00:01:06.203358,2,0.05,0.01,0.6,0.08,10,20,0.65,,,,,PRUNED
818,-0.36653240549258326,2026-05-09 10:18:54.256803,2026-05-09 10:18:54.591245,0 days 00:00:00.334442,2,0.05,0.01,0.45,0.08,10,10,0.5,0.010670948238428084,0.2551802592944082,0.7544067074620227,0.2445093110559801,COMPLETE
819,-0.10885270920830403,2026-05-09 10:18:54.611653,2026-05-09 10:22:18.938804,0 days 00:03:24.327151,4,0.05,0.02,0.6,0.12,50,20,0.5,,,,,PRUNED
820,0.2132752026494281,2026-05-09 10:22:18.954231,2026-05-09 10:25:03.664299,0 days 00:02:44.710068,4,0.05,0.02,0.45,0.08,10,5,0.5,,,,,PRUNED
821,-0.465743083193229,2026-05-09 10:25:03.683594,2026-05-09 10:28:57.689632,0 days 00:03:54.006038,2,0.03,0.01,0.3,0.16,50,20,0.8,,,,,PRUNED
822,-0.08013887914556303,2026-05-09 10:28:57.706669,2026-05-09 10:32:55.852508,0 days 00:03:58.145839,2,0.03,0.01,0.45,0.08,50,5,0.5,,,,,PRUNED
823,-0.1375429090814866,2026-05-09 10:32:55.866680,2026-05-09 10:34:27.768883,0 days 00:01:31.902203,3,0.03,0.02,0.45,0.08,10,10,0.8,,,,,PRUNED
824,-0.1206840993946981,2026-05-09 10:34:27.785322,2026-05-09 10:36:26.341922,0 days 00:01:58.556600,4,0.05,0.01,0.6,0.12,30,20,0.65,,,,,PRUNED
825,0.22516899633846785,2026-05-09 10:36:26.356247,2026-05-09 10:38:02.123738,0 days 00:01:35.767491,2,0.03,0.01,0.3,0.12,10,10,0.5,,,,,PRUNED
826,-0.067420762938533,2026-05-09 10:38:02.141161,2026-05-09 10:40:24.517607,0 days 00:02:22.376446,2,0.05,0.01,0.45,0.12,50,20,0.5,,,,,PRUNED
827,-0.36653240549258326,2026-05-09 10:40:24.535075,2026-05-09 10:40:24.846390,0 days 00:00:00.311315,2,0.05,0.01,0.45,0.08,10,10,0.5,0.010670948238428084,0.2551802592944082,0.7544067074620227,0.2445093110559801,COMPLETE
828,-0.36653240549258326,2026-05-09 10:40:24.866225,2026-05-09 10:40:25.179351,0 days 00:00:00.313126,2,0.05,0.01,0.45,0.08,10,10,0.5,0.010670948238428084,0.2551802592944082,0.7544067074620227,0.2445093110559801,COMPLETE
829,0.24026853985971552,2026-05-09 10:40:25.196325,2026-05-09 10:40:25.353713,0 days 00:00:00.157388,4,0.03,0.01,0.45,0.08,10,10,0.5,,,,,PRUNED
830,-0.36653240549258326,2026-05-09 10:40:25.369765,2026-05-09 10:40:25.643626,0 days 00:00:00.273861,2,0.05,0.01,0.45,0.08,10,10,0.5,0.010670948238428084,0.2551802592944082,0.7544067074620227,0.2445093110559801,COMPLETE
831,0.05436599358771654,2026-05-09 10:40:25.657499,2026-05-09 10:42:52.203130,0 days 00:02:26.545631,2,0.05,0.02,0.45,0.12,20,10,0.5,,,,,PRUNED
832,-0.11319392236981002,2026-05-09 10:42:52.218653,2026-05-09 10:45:45.285681,0 days 00:02:53.067028,4,0.05,0.01,0.3,0.12,30,10,0.8,,,,,PRUNED
833,-0.4423280788682456,2026-05-09 10:45:45.302842,2026-05-09 10:53:07.502641,0 days 00:07:22.199799,4,0.03,0.01,0.6,0.12,50,5,0.8,,,,,PRUNED
834,-0.25284263113686933,2026-05-09 10:53:07.518796,2026-05-09 10:57:41.094299,0 days 00:04:33.575503,2,0.05,0.01,0.45,0.16,50,5,0.65,,,,,PRUNED
835,-0.08867937285806465,2026-05-09 10:57:41.110432,2026-05-09 10:59:12.102715,0 days 00:01:30.992283,4,0.03,0.01,0.3,0.12,20,20,0.65,,,,,PRUNED
836,0.20019213318980905,2026-05-09 10:59:12.117159,2026-05-09 11:00:54.829206,0 days 00:01:42.712047,4,0.05,0.01,0.6,0.12,10,10,0.5,,,,,PRUNED
837,-0.36653240549258326,2026-05-09 11:00:54.840183,2026-05-09 11:00:55.079527,0 days 00:00:00.239344,2,0.05,0.01,0.45,0.08,10,10,0.5,0.010670948238428084,0.2551802592944082,0.7544067074620227,0.2445093110559801,COMPLETE
838,-0.100846842926293,2026-05-09 11:00:55.094901,2026-05-09 11:04:29.477352,0 days 00:03:34.382451,3,0.03,0.01,0.45,0.16,30,5,0.8,,,,,PRUNED
839,-0.12944816250564867,2026-05-09 11:04:29.494290,2026-05-09 11:06:23.398901,0 days 00:01:53.904611,2,0.03,0.02,0.6,0.08,30,20,0.8,,,,,PRUNED
840,-0.16520177070867242,2026-05-09 11:06:23.413245,2026-05-09 11:09:13.520478,0 days 00:02:50.107233,3,0.05,0.02,0.45,0.16,50,20,0.5,,,,,PRUNED
841,-0.1798457166652063,2026-05-09 11:09:13.537825,2026-05-09 11:12:43.946975,0 days 00:03:30.409150,3,0.03,0.02,0.45,0.08,50,10,0.65,,,,,PRUNED
842,-0.1598133763204747,2026-05-09 11:12:43.962149,2026-05-09 11:15:15.243967,0 days 00:02:31.281818,3,0.05,0.01,0.45,0.12,50,10,0.5,,,,,PRUNED
843,0.22365470634539275,2026-05-09 11:15:15.258956,2026-05-09 11:16:26.717880,0 days 00:01:11.458924,2,0.03,0.02,0.6,0.08,10,20,0.5,,,,,PRUNED
844,-0.001969581823934252,2026-05-09 11:16:26.735935,2026-05-09 11:18:45.972492,0 days 00:02:19.236557,3,0.05,0.02,0.6,0.12,20,10,0.65,,,,,PRUNED
845,-0.0019178467906506569,2026-05-09 11:18:45.985108,2026-05-09 11:20:13.991835,0 days 00:01:28.006727,3,0.05,0.01,0.3,0.12,20,10,0.65,,,,,PRUNED
846,-0.36653240549258326,2026-05-09 11:20:14.005256,2026-05-09 11:20:14.277042,0 days 00:00:00.271786,2,0.05,0.02,0.45,0.08,10,10,0.5,0.010670948238428084,0.2551802592944082,0.7544067074620227,0.2445093110559801,COMPLETE
847,-0.2840598494414564,2026-05-09 11:20:14.296697,2026-05-09 11:22:03.668625,0 days 00:01:49.371928,4,0.05,0.01,0.3,0.16,20,20,0.8,,,,,PRUNED
848,-0.13333873424643586,2026-05-09 11:22:03.690008,2026-05-09 11:27:46.050253,0 days 00:05:42.360245,4,0.03,0.02,0.6,0.12,20,5,0.65,,,,,PRUNED
849,-0.36653240549258326,2026-05-09 11:27:46.072635,2026-05-09 11:27:46.419917,0 days 00:00:00.347282,2,0.05,0.01,0.45,0.08,10,10,0.5,0.010670948238428084,0.2551802592944082,0.7544067074620227,0.2445093110559801,COMPLETE
850,-0.36653240549258326,2026-05-09 11:27:46.442979,2026-05-09 11:27:46.776098,0 days 00:00:00.333119,2,0.05,0.01,0.45,0.08,10,10,0.5,0.010670948238428084,0.2551802592944082,0.7544067074620227,0.2445093110559801,COMPLETE
851,-0.06386751980912792,2026-05-09 11:27:46.794515,2026-05-09 11:29:42.154684,0 days 00:01:55.360169,4,0.05,0.02,0.45,0.16,20,10,0.65,,,,,PRUNED
852,0.1748384864622793,2026-05-09 11:29:42.175301,2026-05-09 11:30:31.596084,0 days 00:00:49.420783,4,0.05,0.01,0.45,0.12,10,20,0.5,,,,,PRUNED
853,-0.36653240549258326,2026-05-09 11:30:31.613584,2026-05-09 11:30:31.905886,0 days 00:00:00.292302,2,0.05,0.01,0.6,0.08,10,10,0.5,0.010670948238428084,0.2551802592944082,0.7544067074620227,0.2445093110559801,COMPLETE
854,-0.4225694790891692,2026-05-09 11:30:31.922074,2026-05-09 11:35:50.955665,0 days 00:05:19.033591,4,0.05,0.02,0.45,0.16,50,5,0.8,,,,,PRUNED
855,0.14815911242368485,2026-05-09 11:35:50.975154,2026-05-09 11:38:18.734633,0 days 00:02:27.759479,2,0.05,0.01,0.3,0.16,10,5,0.5,,,,,PRUNED
856,-0.09597057996571517,2026-05-09 11:38:18.748683,2026-05-09 11:40:50.838417,0 days 00:02:32.089734,2,0.05,0.02,0.6,0.16,30,10,0.5,,,,,PRUNED
857,-0.13925702867948841,2026-05-09 11:40:50.858960,2026-05-09 11:42:47.258921,0 days 00:01:56.399961,3,0.05,0.01,0.3,0.16,30,20,0.65,,,,,PRUNED
858,0.10965923914345471,2026-05-09 11:42:47.274774,2026-05-09 11:45:45.312977,0 days 00:02:58.038203,4,0.05,0.01,0.45,0.08,20,5,0.5,,,,,PRUNED
859,0.2235225857088118,2026-05-09 11:45:45.338308,2026-05-09 11:47:20.174884,0 days 00:01:34.836576,2,0.03,0.01,0.3,0.08,10,10,0.65,,,,,PRUNED
860,-0.36653240549258326,2026-05-09 11:47:20.192645,2026-05-09 11:47:20.523467,0 days 00:00:00.330822,2,0.05,0.01,0.45,0.08,10,10,0.5,0.010670948238428084,0.2551802592944082,0.7544067074620227,0.2445093110559801,COMPLETE
861,-0.03335953823349794,2026-05-09 11:47:20.538680,2026-05-09 11:50:18.461646,0 days 00:02:57.922966,4,0.05,0.02,0.6,0.08,20,5,0.65,,,,,PRUNED
862,0.23796005777401757,2026-05-09 11:50:18.475773,2026-05-09 11:50:18.637363,0 days 00:00:00.161590,2,0.05,0.01,0.45,0.08,10,10,0.65,,,,,PRUNED
863,-0.36653240549258326,2026-05-09 11:50:18.655527,2026-05-09 11:50:18.958518,0 days 00:00:00.302991,2,0.05,0.01,0.45,0.08,10,10,0.5,0.010670948238428084,0.2551802592944082,0.7544067074620227,0.2445093110559801,COMPLETE
864,-0.36653240549258326,2026-05-09 11:50:18.974795,2026-05-09 11:50:19.285565,0 days 00:00:00.310770,2,0.05,0.01,0.45,0.08,10,10,0.5,0.010670948238428084,0.2551802592944082,0.7544067074620227,0.2445093110559801,COMPLETE
865,0.24006157750707274,2026-05-09 11:50:19.304812,2026-05-09 11:50:19.472658,0 days 00:00:00.167846,2,0.05,0.01,0.3,0.08,10,5,0.5,,,,,PRUNED
866,-0.36653240549258326,2026-05-09 11:50:19.487511,2026-05-09 11:50:19.746616,0 days 00:00:00.259105,2,0.05,0.02,0.6,0.08,10,10,0.5,0.010670948238428084,0.2551802592944082,0.7544067074620227,0.2445093110559801,COMPLETE
867,-0.36653240549258326,2026-05-09 11:50:19.759738,2026-05-09 11:50:20.014796,0 days 00:00:00.255058,2,0.05,0.01,0.45,0.08,10,10,0.5,0.010670948238428084,0.2551802592944082,0.7544067074620227,0.2445093110559801,COMPLETE
868,-0.09290307365411365,2026-05-09 11:50:20.030444,2026-05-09 11:52:50.581560,0 days 00:02:30.551116,4,0.03,0.02,0.6,0.16,30,10,0.8,,,,,PRUNED
869,0.013879579322745972,2026-05-09 11:52:50.595946,2026-05-09 11:54:35.327140,0 days 00:01:44.731194,2,0.05,0.01,0.3,0.16,20,10,0.5,,,,,PRUNED
870,0.24308425915185713,2026-05-09 11:54:35.346398,2026-05-09 11:54:35.554114,0 days 00:00:00.207716,3,0.05,0.01,0.45,0.08,10,10,0.5,,,,,PRUNED
871,0.18447756040734978,2026-05-09 11:54:35.574062,2026-05-09 11:56:11.560320,0 days 00:01:35.986258,2,0.03,0.02,0.45,0.16,10,10,0.5,,,,,PRUNED
872,-0.3237013190124892,2026-05-09 11:56:11.574984,2026-05-09 12:01:52.788985,0 days 00:05:41.214001,2,0.05,0.02,0.3,0.08,50,5,0.8,,,,,PRUNED
873,0.21741536505731177,2026-05-09 12:01:52.803013,2026-05-09 12:01:52.960872,0 days 00:00:00.157859,2,0.05,0.01,0.45,0.16,10,10,0.5,,,,,PRUNED
874,-0.36653240549258326,2026-05-09 12:01:52.974790,2026-05-09 12:01:53.284969,0 days 00:00:00.310179,2,0.05,0.01,0.45,0.08,10,10,0.5,0.010670948238428084,0.2551802592944082,0.7544067074620227,0.2445093110559801,COMPLETE
875,-0.36653240549258326,2026-05-09 12:01:53.304628,2026-05-09 12:01:53.575734,0 days 00:00:00.271106,2,0.05,0.02,0.45,0.08,10,10,0.5,0.010670948238428084,0.2551802592944082,0.7544067074620227,0.2445093110559801,COMPLETE
876,0.18974997320425854,2026-05-09 12:01:53.590295,2026-05-09 12:03:04.619218,0 days 00:01:11.028923,3,0.05,0.01,0.6,0.16,10,10,0.5,,,,,PRUNED
877,0.19399994316302377,2026-05-09 12:03:04.634682,2026-05-09 12:04:38.714793,0 days 00:01:34.080111,3,0.03,0.02,0.45,0.12,10,10,0.65,,,,,PRUNED
878,-0.16438954357065189,2026-05-09 12:04:38.731435,2026-05-09 12:08:07.523027,0 days 00:03:28.791592,2,0.03,0.02,0.45,0.16,30,5,0.5,,,,,PRUNED
879,-0.13356939316802746,2026-05-09 12:08:07.537995,2026-05-09 12:10:05.878125,0 days 00:01:58.340130,4,0.05,0.02,0.6,0.08,30,20,0.8,,,,,PRUNED
880,-0.1044975487619815,2026-05-09 12:10:05.893300,2026-05-09 12:13:08.943932,0 days 00:03:03.050632,2,0.05,0.01,0.45,0.08,20,5,0.8,,,,,PRUNED
881,-0.36653240549258326,2026-05-09 12:13:08.959983,2026-05-09 12:13:09.220740,0 days 00:00:00.260757,2,0.05,0.01,0.45,0.08,10,10,0.5,0.010670948238428084,0.2551802592944082,0.7544067074620227,0.2445093110559801,COMPLETE
882,-0.21452599031902692,2026-05-09 12:13:09.234786,2026-05-09 12:14:27.600793,0 days 00:01:18.366007,2,0.05,0.01,0.45,0.08,20,20,0.8,,,,,PRUNED
883,-0.36653240549258326,2026-05-09 12:14:27.618161,2026-05-09 12:14:27.942911,0 days 00:00:00.324750,2,0.05,0.01,0.45,0.08,10,10,0.5,0.010670948238428084,0.2551802592944082,0.7544067074620227,0.2445093110559801,COMPLETE
884,0.15766313573093493,2026-05-09 12:14:27.962099,2026-05-09 12:15:31.243313,0 days 00:01:03.281214,2,0.03,0.01,0.45,0.16,10,20,0.5,,,,,PRUNED
885,0.030610932647089584,2026-05-09 12:15:31.257179,2026-05-09 12:18:33.678746,0 days 00:03:02.421567,2,0.03,0.02,0.3,0.16,20,5,0.5,,,,,PRUNED
886,0.21531142838495693,2026-05-09 12:18:33.691939,2026-05-09 12:19:17.262461,0 days 00:00:43.570522,2,0.05,0.02,0.6,0.12,10,20,0.5,,,,,PRUNED
887,-0.1948993723822,2026-05-09 12:19:17.276296,2026-05-09 12:21:17.408909,0 days 00:02:00.132613,3,0.05,0.02,0.6,0.16,30,20,0.8,,,,,PRUNED
888,0.24006157750707274,2026-05-09 12:21:17.423647,2026-05-09 12:21:17.586148,0 days 00:00:00.162501,2,0.05,0.01,0.45,0.08,10,5,0.5,,,,,PRUNED
889,-0.16755480979844112,2026-05-09 12:21:17.601598,2026-05-09 12:24:18.744039,0 days 00:03:01.142441,3,0.05,0.02,0.3,0.12,20,5,0.8,,,,,PRUNED
890,-0.36653240549258326,2026-05-09 12:24:18.761730,2026-05-09 12:24:19.031008,0 days 00:00:00.269278,2,0.05,0.01,0.6,0.08,10,10,0.5,0.010670948238428084,0.2551802592944082,0.7544067074620227,0.2445093110559801,COMPLETE
891,-0.02517616954065638,2026-05-09 12:24:19.046834,2026-05-09 12:27:05.498849,0 days 00:02:46.452015,2,0.03,0.01,0.6,0.08,50,20,0.5,,,,,PRUNED
892,-0.14170415170911632,2026-05-09 12:27:05.514078,2026-05-09 12:30:28.724033,0 days 00:03:23.209955,4,0.03,0.02,0.6,0.08,30,5,0.65,,,,,PRUNED
893,0.23909750161854434,2026-05-09 12:30:28.744778,2026-05-09 12:30:28.921970,0 days 00:00:00.177192,2,0.05,0.01,0.45,0.12,10,10,0.5,,,,,PRUNED
894,0.2086419494713132,2026-05-09 12:30:28.938877,2026-05-09 12:33:03.234332,0 days 00:02:34.295455,3,0.03,0.01,0.3,0.08,10,5,0.65,,,,,PRUNED
895,-0.05591122487215078,2026-05-09 12:33:03.248792,2026-05-09 12:35:39.142358,0 days 00:02:35.893566,2,0.05,0.01,0.6,0.12,30,10,0.5,,,,,PRUNED
896,-0.0023721103897093587,2026-05-09 12:35:39.158078,2026-05-09 12:37:09.933754,0 days 00:01:30.775676,3,0.03,0.01,0.3,0.08,30,20,0.5,,,,,PRUNED
897,-0.016243913750736028,2026-05-09 12:37:09.948159,2026-05-09 12:37:10.112913,0 days 00:00:00.164754,2,0.05,0.01,0.45,0.08,30,10,0.5,,,,,PRUNED
898,-0.13905832812300967,2026-05-09 12:37:10.127031,2026-05-09 12:37:10.277196,0 days 00:00:00.150165,2,0.05,0.01,0.45,0.08,20,10,0.8,,,,,PRUNED
899,-0.45015864698560404,2026-05-09 12:37:10.291485,2026-05-09 12:41:28.454574,0 days 00:04:18.163089,3,0.03,0.01,0.3,0.12,50,5,0.8,,,,,PRUNED
900,0.23840653978621004,2026-05-09 12:41:28.472556,2026-05-09 12:41:28.629193,0 days 00:00:00.156637,4,0.05,0.01,0.3,0.08,10,10,0.5,,,,,PRUNED
901,-0.36653240549258326,2026-05-09 12:41:28.649292,2026-05-09 12:41:28.930236,0 days 00:00:00.280944,2,0.05,0.01,0.45,0.08,10,10,0.5,0.010670948238428084,0.2551802592944082,0.7544067074620227,0.2445093110559801,COMPLETE
902,-0.36653240549258326,2026-05-09 12:41:28.944578,2026-05-09 12:41:29.227976,0 days 00:00:00.283398,2,0.05,0.01,0.45,0.08,10,10,0.5,0.010670948238428084,0.2551802592944082,0.7544067074620227,0.2445093110559801,COMPLETE
903,-0.36653240549258326,2026-05-09 12:41:29.247017,2026-05-09 12:41:29.556744,0 days 00:00:00.309727,2,0.05,0.01,0.45,0.08,10,10,0.5,0.010670948238428084,0.2551802592944082,0.7544067074620227,0.2445093110559801,COMPLETE
904,-0.12460726446031051,2026-05-09 12:41:29.573124,2026-05-09 12:41:29.744967,0 days 00:00:00.171843,2,0.05,0.01,0.45,0.08,10,10,0.8,,,,,PRUNED
905,0.20122705035341037,2026-05-09 12:41:29.759822,2026-05-09 12:42:52.087888,0 days 00:01:22.328066,3,0.05,0.01,0.45,0.12,10,10,0.65,,,,,PRUNED
906,-0.20276372207815524,2026-05-09 12:42:52.100378,2026-05-09 12:45:48.125493,0 days 00:02:56.025115,3,0.05,0.02,0.3,0.16,30,5,0.5,,,,,PRUNED
907,-0.010710683031208285,2026-05-09 12:45:48.140271,2026-05-09 12:45:48.294187,0 days 00:00:00.153916,2,0.05,0.01,0.45,0.08,50,20,0.5,,,,,PRUNED
908,0.23840653978621004,2026-05-09 12:45:48.308552,2026-05-09 12:45:48.464144,0 days 00:00:00.155592,4,0.05,0.01,0.45,0.08,10,10,0.5,,,,,PRUNED
909,-0.025260868033098183,2026-05-09 12:45:48.479070,2026-05-09 12:48:50.374747,0 days 00:03:01.895677,2,0.05,0.01,0.45,0.08,20,5,0.65,,,,,PRUNED
910,-0.043131600755578176,2026-05-09 12:48:50.389129,2026-05-09 12:48:50.567015,0 days 00:00:00.177886,2,0.05,0.01,0.45,0.08,50,10,0.5,,,,,PRUNED
911,-0.11621186383312407,2026-05-09 12:48:50.582108,2026-05-09 12:52:01.786676,0 days 00:03:11.204568,3,0.05,0.01,0.45,0.08,50,10,0.65,,,,,PRUNED
912,0.23932251296107826,2026-05-09 12:52:01.804455,2026-05-09 12:52:01.973662,0 days 00:00:00.169207,2,0.05,0.01,0.45,0.08,10,20,0.5,,,,,PRUNED
913,0.08557425947820377,2026-05-09 12:52:01.990145,2026-05-09 12:53:32.547186,0 days 00:01:30.557041,2,0.03,0.01,0.45,0.08,20,20,0.5,,,,,PRUNED
914,-0.36653240549258326,2026-05-09 12:53:32.562874,2026-05-09 12:53:32.828949,0 days 00:00:00.266075,2,0.05,0.01,0.45,0.08,10,10,0.5,0.010670948238428084,0.2551802592944082,0.7544067074620227,0.2445093110559801,COMPLETE
915,-0.1983466973042099,2026-05-09 12:53:32.845877,2026-05-09 12:57:01.868244,0 days 00:03:29.022367,3,0.05,0.02,0.3,0.16,30,5,0.65,,,,,PRUNED
916,-0.36653240549258326,2026-05-09 12:57:01.879352,2026-05-09 12:57:02.126163,0 days 00:00:00.246811,2,0.05,0.01,0.45,0.08,10,10,0.5,0.010670948238428084,0.2551802592944082,0.7544067074620227,0.2445093110559801,COMPLETE
917,-0.36653240549258326,2026-05-09 12:57:02.141435,2026-05-09 12:57:02.418966,0 days 00:00:00.277531,2,0.05,0.01,0.45,0.08,10,10,0.5,0.010670948238428084,0.2551802592944082,0.7544067074620227,0.2445093110559801,COMPLETE
918,-0.36653240549258326,2026-05-09 12:57:02.439699,2026-05-09 12:57:02.776455,0 days 00:00:00.336756,2,0.05,0.02,0.45,0.08,10,10,0.5,0.010670948238428084,0.2551802592944082,0.7544067074620227,0.2445093110559801,COMPLETE
919,-0.14344521751034162,2026-05-09 12:57:02.793417,2026-05-09 12:58:44.663427,0 days 00:01:41.870010,3,0.03,0.02,0.45,0.12,30,20,0.65,,,,,PRUNED
920,-0.11378470874189761,2026-05-09 12:58:44.682839,2026-05-09 12:59:48.174274,0 days 00:01:03.491435,2,0.05,0.02,0.6,0.16,10,20,0.8,,,,,PRUNED
921,0.052607995265158525,2026-05-09 12:59:48.189634,2026-05-09 12:59:48.352177,0 days 00:00:00.162543,2,0.05,0.01,0.45,0.08,20,10,0.5,,,,,PRUNED
922,0.18262169000987916,2026-05-09 12:59:48.370314,2026-05-09 13:00:50.998328,0 days 00:01:02.628014,2,0.05,0.02,0.3,0.12,10,20,0.65,,,,,PRUNED
923,-0.36653240549258326,2026-05-09 13:00:51.013904,2026-05-09 13:00:51.282645,0 days 00:00:00.268741,2,0.05,0.01,0.45,0.08,10,10,0.5,0.010670948238428084,0.2551802592944082,0.7544067074620227,0.2445093110559801,COMPLETE
924,0.2425609767130091,2026-05-09 13:00:51.298746,2026-05-09 13:00:51.483853,0 days 00:00:00.185107,2,0.03,0.01,0.45,0.08,10,10,0.5,,,,,PRUNED
925,-0.16383966430776095,2026-05-09 13:00:51.503597,2026-05-09 13:03:53.412248,0 days 00:03:01.908651,2,0.03,0.02,0.3,0.12,20,5,0.8,,,,,PRUNED
926,-0.36653240549258326,2026-05-09 13:03:53.426228,2026-05-09 13:03:53.701078,0 days 00:00:00.274850,2,0.05,0.01,0.6,0.08,10,10,0.5,0.010670948238428084,0.2551802592944082,0.7544067074620227,0.2445093110559801,COMPLETE
927,-0.36653240549258326,2026-05-09 13:03:53.715883,2026-05-09 13:03:54.029312,0 days 00:00:00.313429,2,0.05,0.01,0.45,0.08,10,10,0.5,0.010670948238428084,0.2551802592944082,0.7544067074620227,0.2445093110559801,COMPLETE
928,-0.15431143916191178,2026-05-09 13:03:54.043835,2026-05-09 13:05:35.426718,0 days 00:01:41.382883,4,0.03,0.02,0.3,0.08,10,10,0.8,,,,,PRUNED
929,-0.10530782472821737,2026-05-09 13:05:35.444597,2026-05-09 13:09:52.811219,0 days 00:04:17.366622,3,0.03,0.02,0.45,0.08,30,5,0.65,,,,,PRUNED
930,0.18072002618394,2026-05-09 13:09:52.826410,2026-05-09 13:12:29.493542,0 days 00:02:36.667132,2,0.03,0.01,0.45,0.12,10,5,0.5,,,,,PRUNED
931,-0.3237561633766095,2026-05-09 13:12:29.510350,2026-05-09 13:13:49.406277,0 days 00:01:19.895927,2,0.03,0.02,0.45,0.16,20,20,0.8,,,,,PRUNED
932,-0.36653240549258326,2026-05-09 13:13:49.421552,2026-05-09 13:13:49.680727,0 days 00:00:00.259175,2,0.05,0.01,0.45,0.08,10,10,0.5,0.010670948238428084,0.2551802592944082,0.7544067074620227,0.2445093110559801,COMPLETE
933,-0.36653240549258326,2026-05-09 13:13:49.697021,2026-05-09 13:13:49.966614,0 days 00:00:00.269593,2,0.05,0.01,0.45,0.08,10,10,0.5,0.010670948238428084,0.2551802592944082,0.7544067074620227,0.2445093110559801,COMPLETE
934,-0.043131600755578176,2026-05-09 13:13:49.985194,2026-05-09 13:13:50.148870,0 days 00:00:00.163676,2,0.05,0.01,0.3,0.08,50,10,0.5,,,,,PRUNED
935,0.05923916729593387,2026-05-09 13:13:50.165170,2026-05-09 13:15:50.070062,0 days 00:01:59.904892,4,0.05,0.01,0.6,0.08,20,10,0.5,,,,,PRUNED
936,-0.28278126925436553,2026-05-09 13:15:50.084595,2026-05-09 13:19:07.097871,0 days 00:03:17.013276,4,0.05,0.02,0.45,0.08,50,10,0.8,,,,,PRUNED
937,-0.36667040715256977,2026-05-09 13:19:07.111930,2026-05-09 13:19:07.383211,0 days 00:00:00.271281,2,0.05,0.01,0.3,0.08,10,10,0.5,0.010594847334165238,0.2552415056842905,0.75453050897347,0.24464665835012525,COMPLETE
938,-0.36653240549258326,2026-05-09 13:19:07.398468,2026-05-09 13:19:07.666289,0 days 00:00:00.267821,2,0.05,0.01,0.45,0.08,10,10,0.5,0.010670948238428084,0.2551802592944082,0.7544067074620227,0.2445093110559801,COMPLETE
939,0.10107933481336517,2026-05-09 13:19:07.678982,2026-05-09 13:21:50.420103,0 days 00:02:42.741121,2,0.05,0.02,0.3,0.12,20,5,0.5,,,,,PRUNED
940,-0.02764171645929614,2026-05-09 13:21:50.436713,2026-05-09 13:24:12.870151,0 days 00:02:22.433438,2,0.05,0.01,0.6,0.08,30,10,0.8,,,,,PRUNED
941,0.23008841645219955,2026-05-09 13:24:12.887079,2026-05-09 13:26:47.583860,0 days 00:02:34.696781,2,0.03,0.02,0.6,0.08,10,5,0.5,,,,,PRUNED
942,-0.09404688707079994,2026-05-09 13:26:47.600720,2026-05-09 13:27:50.035129,0 days 00:01:02.434409,3,0.03,0.02,0.45,0.08,10,20,0.8,,,,,PRUNED
943,-0.36653240549258326,2026-05-09 13:27:50.050195,2026-05-09 13:27:50.326590,0 days 00:00:00.276395,2,0.05,0.01,0.45,0.08,10,10,0.5,0.010670948238428084,0.2551802592944082,0.7544067074620227,0.2445093110559801,COMPLETE
944,-0.36653240549258326,2026-05-09 13:27:50.345663,2026-05-09 13:27:50.629175,0 days 00:00:00.283512,2,0.05,0.01,0.45,0.08,10,10,0.5,0.010670948238428084,0.2551802592944082,0.7544067074620227,0.2445093110559801,COMPLETE
945,-0.36653240549258326,2026-05-09 13:27:50.644594,2026-05-09 13:27:50.912760,0 days 00:00:00.268166,2,0.05,0.02,0.45,0.08,10,10,0.5,0.010670948238428084,0.2551802592944082,0.7544067074620227,0.2445093110559801,COMPLETE
946,-0.36653240549258326,2026-05-09 13:27:50.930190,2026-05-09 13:27:51.217139,0 days 00:00:00.286949,2,0.05,0.01,0.45,0.08,10,10,0.5,0.010670948238428084,0.2551802592944082,0.7544067074620227,0.2445093110559801,COMPLETE
947,0.1631243800764628,2026-05-09 13:27:51.232374,2026-05-09 13:29:12.299888,0 days 00:01:21.067514,4,0.03,0.02,0.6,0.12,10,10,0.5,,,,,PRUNED
948,-0.13032804206511578,2026-05-09 13:29:12.314998,2026-05-09 13:30:34.431683,0 days 00:01:22.116685,2,0.03,0.02,0.6,0.08,10,10,0.8,,,,,PRUNED
949,0.07623627144690143,2026-05-09 13:30:34.445764,2026-05-09 13:31:39.254941,0 days 00:01:04.809177,4,0.05,0.02,0.45,0.16,10,20,0.65,,,,,PRUNED
950,0.2101187970046678,2026-05-09 13:31:39.270004,2026-05-09 13:34:36.666182,0 days 00:02:57.396178,4,0.05,0.01,0.45,0.08,10,5,0.65,,,,,PRUNED
951,-0.36653240549258326,2026-05-09 13:34:36.681406,2026-05-09 13:34:36.944855,0 days 00:00:00.263449,2,0.05,0.01,0.6,0.08,10,10,0.5,0.010670948238428084,0.2551802592944082,0.7544067074620227,0.2445093110559801,COMPLETE
952,-0.36653240549258326,2026-05-09 13:34:36.962519,2026-05-09 13:34:37.311932,0 days 00:00:00.349413,2,0.05,0.02,0.6,0.08,10,10,0.5,0.010670948238428084,0.2551802592944082,0.7544067074620227,0.2445093110559801,COMPLETE
953,0.02157835113722495,2026-05-09 13:34:37.329712,2026-05-09 13:37:39.077478,0 days 00:03:01.747766,4,0.05,0.01,0.3,0.12,20,5,0.5,,,,,PRUNED
954,-0.11834236070084397,2026-05-09 13:37:39.093284,2026-05-09 13:37:39.244140,0 days 00:00:00.150856,2,0.05,0.01,0.45,0.08,10,5,0.8,,,,,PRUNED
955,-0.36653240549258326,2026-05-09 13:37:39.262322,2026-05-09 13:37:39.622999,0 days 00:00:00.360677,2,0.05,0.01,0.45,0.08,10,10,0.5,0.010670948238428084,0.2551802592944082,0.7544067074620227,0.2445093110559801,COMPLETE
956,0.054365993587716266,2026-05-09 13:37:39.644613,2026-05-09 13:37:39.842100,0 days 00:00:00.197487,2,0.05,0.01,0.45,0.12,20,10,0.5,,,,,PRUNED
957,-0.10871758741272614,2026-05-09 13:37:39.859558,2026-05-09 13:41:13.997008,0 days 00:03:34.137450,3,0.05,0.01,0.6,0.16,30,5,0.8,,,,,PRUNED
958,0.21565295457121714,2026-05-09 13:41:14.013253,2026-05-09 13:42:45.429721,0 days 00:01:31.416468,3,0.05,0.02,0.6,0.12,10,10,0.5,,,,,PRUNED
959,0.06327245828737602,2026-05-09 13:42:45.443977,2026-05-09 13:44:04.988162,0 days 00:01:19.544185,3,0.05,0.01,0.6,0.12,20,20,0.5,,,,,PRUNED
960,0.0609153008064888,2026-05-09 13:44:05.006544,2026-05-09 13:44:56.866891,0 days 00:00:51.860347,2,0.05,0.01,0.3,0.16,20,20,0.5,,,,,PRUNED
961,-0.3170422335679899,2026-05-09 13:44:56.884981,2026-05-09 13:49:13.201888,0 days 00:04:16.316907,4,0.05,0.01,0.6,0.08,50,5,0.8,,,,,PRUNED
962,-0.14357354547617973,2026-05-09 13:49:13.218654,2026-05-09 13:51:54.259549,0 days 00:02:41.040895,2,0.05,0.02,0.6,0.08,50,20,0.65,,,,,PRUNED
963,0.11249826709469524,2026-05-09 13:51:54.279537,2026-05-09 13:54:50.476912,0 days 00:02:56.197375,3,0.05,0.02,0.6,0.08,20,5,0.5,,,,,PRUNED
964,-0.36653240549258326,2026-05-09 13:54:50.494970,2026-05-09 13:54:50.755473,0 days 00:00:00.260503,2,0.05,0.01,0.45,0.08,10,10,0.5,0.010670948238428084,0.2551802592944082,0.7544067074620227,0.2445093110559801,COMPLETE
965,0.03767217368729964,2026-05-09 13:54:50.772863,2026-05-09 13:56:45.129128,0 days 00:01:54.356265,2,0.05,0.02,0.6,0.08,30,20,0.5,,,,,PRUNED
966,-0.36653240549258326,2026-05-09 13:56:45.144910,2026-05-09 13:56:45.406565,0 days 00:00:00.261655,2,0.05,0.01,0.45,0.08,10,10,0.5,0.010670948238428084,0.2551802592944082,0.7544067074620227,0.2445093110559801,COMPLETE
967,0.019185682109588098,2026-05-09 13:56:45.422723,2026-05-09 13:57:45.394957,0 days 00:00:59.972234,3,0.05,0.01,0.3,0.08,30,20,0.5,,,,,PRUNED
968,-0.36653240549258326,2026-05-09 13:57:45.407839,2026-05-09 13:57:45.688991,0 days 00:00:00.281152,2,0.05,0.01,0.45,0.08,10,10,0.5,0.010670948238428084,0.2551802592944082,0.7544067074620227,0.2445093110559801,COMPLETE
969,-0.36653240549258326,2026-05-09 13:57:45.702350,2026-05-09 13:57:45.984730,0 days 00:00:00.282380,2,0.05,0.01,0.45,0.08,10,10,0.5,0.010670948238428084,0.2551802592944082,0.7544067074620227,0.2445093110559801,COMPLETE
970,-0.2020934939164214,2026-05-09 13:57:46.005935,2026-05-09 14:00:15.689041,0 days 00:02:29.683106,2,0.03,0.01,0.6,0.12,50,10,0.65,,,,,PRUNED
971,-0.36653240549258326,2026-05-09 14:00:15.704942,2026-05-09 14:00:15.971639,0 days 00:00:00.266697,2,0.05,0.01,0.45,0.08,10,10,0.5,0.010670948238428084,0.2551802592944082,0.7544067074620227,0.2445093110559801,COMPLETE
972,-0.36653240549258326,2026-05-09 14:00:15.989534,2026-05-09 14:00:16.265635,0 days 00:00:00.276101,2,0.05,0.02,0.45,0.08,10,10,0.5,0.010670948238428084,0.2551802592944082,0.7544067074620227,0.2445093110559801,COMPLETE
973,-0.36653240549258326,2026-05-09 14:00:16.281608,2026-05-09 14:00:16.571644,0 days 00:00:00.290036,2,0.05,0.01,0.45,0.08,10,10,0.5,0.010670948238428084,0.2551802592944082,0.7544067074620227,0.2445093110559801,COMPLETE
974,-0.36653240549258326,2026-05-09 14:00:16.587901,2026-05-09 14:00:16.854480,0 days 00:00:00.266579,2,0.05,0.01,0.6,0.08,10,10,0.5,0.010670948238428084,0.2551802592944082,0.7544067074620227,0.2445093110559801,COMPLETE
975,0.19206544833260863,2026-05-09 14:00:16.869838,2026-05-09 14:01:55.677685,0 days 00:01:38.807847,3,0.03,0.02,0.3,0.12,10,10,0.5,,,,,PRUNED
976,-0.45450191330141787,2026-05-09 14:01:55.700553,2026-05-09 14:04:45.160327,0 days 00:02:49.459774,3,0.03,0.01,0.45,0.12,50,20,0.8,,,,,PRUNED
977,0.23796005777401757,2026-05-09 14:04:45.178548,2026-05-09 14:04:45.350697,0 days 00:00:00.172149,2,0.05,0.01,0.45,0.08,10,10,0.65,,,,,PRUNED
978,-0.36653240549258326,2026-05-09 14:04:45.365962,2026-05-09 14:04:45.634033,0 days 00:00:00.268071,2,0.05,0.01,0.45,0.08,10,10,0.5,0.010670948238428084,0.2551802592944082,0.7544067074620227,0.2445093110559801,COMPLETE
979,0.22516899633846796,2026-05-09 14:04:45.649174,2026-05-09 14:04:45.820192,0 days 00:00:00.171018,2,0.03,0.01,0.45,0.12,10,10,0.5,,,,,PRUNED
980,-0.36653240549258326,2026-05-09 14:04:45.837003,2026-05-09 14:04:46.123461,0 days 00:00:00.286458,2,0.05,0.01,0.45,0.08,10,10,0.5,0.010670948238428084,0.2551802592944082,0.7544067074620227,0.2445093110559801,COMPLETE
981,-0.08804583239032154,2026-05-09 14:04:46.138539,2026-05-09 14:05:46.926524,0 days 00:01:00.787985,2,0.05,0.01,0.3,0.08,10,20,0.8,,,,,PRUNED
982,0.18982666072196547,2026-05-09 14:05:46.941825,2026-05-09 14:11:18.577345,0 days 00:05:31.635520,4,0.03,0.01,0.6,0.08,10,5,0.65,,,,,PRUNED
983,-0.36653240549258326,2026-05-09 14:11:18.595106,2026-05-09 14:11:18.944607,0 days 00:00:00.349501,2,0.05,0.01,0.45,0.08,10,10,0.5,0.010670948238428084,0.2551802592944082,0.7544067074620227,0.2445093110559801,COMPLETE
984,-0.36653240549258326,2026-05-09 14:11:18.961874,2026-05-09 14:11:19.285142,0 days 00:00:00.323268,2,0.05,0.01,0.45,0.08,10,10,0.5,0.010670948238428084,0.2551802592944082,0.7544067074620227,0.2445093110559801,COMPLETE
985,0.21375700202937586,2026-05-09 14:11:19.310488,2026-05-09 14:11:19.553750,0 days 00:00:00.243262,4,0.05,0.01,0.45,0.08,10,20,0.5,,,,,PRUNED
986,0.21741536505731177,2026-05-09 14:11:19.575953,2026-05-09 14:11:19.787631,0 days 00:00:00.211678,2,0.05,0.01,0.45,0.16,10,10,0.5,,,,,PRUNED
987,-0.016243913750736028,2026-05-09 14:11:19.809214,2026-05-09 14:11:20.027138,0 days 00:00:00.217924,2,0.05,0.01,0.45,0.08,30,10,0.5,,,,,PRUNED
988,-0.15704352832060317,2026-05-09 14:11:20.046623,2026-05-09 14:12:47.996051,0 days 00:01:27.949428,2,0.03,0.01,0.45,0.12,10,10,0.8,,,,,PRUNED
989,-0.09588973586326666,2026-05-09 14:12:48.017961,2026-05-09 14:18:00.833048,0 days 00:05:12.815087,2,0.05,0.01,0.45,0.12,30,5,0.5,,,,,PRUNED
990,-0.0023721103897093587,2026-05-09 14:18:00.856677,2026-05-09 14:21:56.403467,0 days 00:03:55.546790,3,0.03,0.02,0.45,0.08,30,20,0.5,,,,,PRUNED
991,-0.05425813334643109,2026-05-09 14:21:56.435046,2026-05-09 14:28:37.407978,0 days 00:06:40.972932,2,0.03,0.02,0.6,0.12,30,5,0.8,,,,,PRUNED
992,-0.38888611975497633,2026-05-09 14:28:37.423065,2026-05-09 14:31:31.000982,0 days 00:02:53.577917,3,0.05,0.01,0.3,0.12,50,20,0.8,,,,,PRUNED
993,0.24308425915185713,2026-05-09 14:31:31.020695,2026-05-09 14:31:31.256538,0 days 00:00:00.235843,3,0.05,0.01,0.45,0.08,10,10,0.5,,,,,PRUNED
994,-0.14441091866740127,2026-05-09 14:31:31.277546,2026-05-09 14:33:32.383704,0 days 00:02:01.106158,2,0.03,0.02,0.3,0.08,20,10,0.8,,,,,PRUNED
995,-0.36653240549258326,2026-05-09 14:33:32.399366,2026-05-09 14:33:32.690125,0 days 00:00:00.290759,2,0.05,0.01,0.45,0.08,10,10,0.5,0.010670948238428084,0.2551802592944082,0.7544067074620227,0.2445093110559801,COMPLETE
996,-0.012845495822657704,2026-05-09 14:33:32.706154,2026-05-09 14:35:34.145050,0 days 00:02:01.438896,3,0.03,0.02,0.6,0.08,20,10,0.65,,,,,PRUNED
997,-0.17684670511954226,2026-05-09 14:35:34.163492,2026-05-09 14:37:13.452023,0 days 00:01:39.288531,2,0.05,0.01,0.3,0.16,10,10,0.8,,,,,PRUNED
998,-0.3268115281663142,2026-05-09 14:37:13.466947,2026-05-09 14:38:32.087036,0 days 00:01:18.620089,3,0.03,0.02,0.3,0.16,20,20,0.8,,,,,PRUNED
999,-0.05022200817262165,2026-05-09 14:38:32.102273,2026-05-09 14:41:01.868165,0 days 00:02:29.765892,2,0.03,0.01,0.3,0.08,30,10,0.5,,,,,PRUNED
1000,0.24006157750707274,2026-05-09 14:41:01.884031,2026-05-09 14:41:02.053504,0 days 00:00:00.169473,2,0.05,0.01,0.45,0.08,10,5,0.5,,,,,PRUNED
1001,0.23909750161854434,2026-05-09 14:41:02.067107,2026-05-09 14:41:02.228202,0 days 00:00:00.161095,2,0.05,0.01,0.45,0.12,10,10,0.5,,,,,PRUNED
1002,0.18594208077716634,2026-05-09 14:41:02.242848,2026-05-09 14:46:06.450321,0 days 00:05:04.207473,3,0.05,0.02,0.45,0.12,10,5,0.65,,,,,PRUNED
1003,-0.36653240549258326,2026-05-09 14:46:06.465026,2026-05-09 14:46:06.722994,0 days 00:00:00.257968,2,0.05,0.01,0.45,0.08,10,10,0.5,0.010670948238428084,0.2551802592944082,0.7544067074620227,0.2445093110559801,COMPLETE
1004,-0.20169493338225208,2026-05-09 14:46:06.738818,2026-05-09 14:48:05.188944,0 days 00:01:58.450126,4,0.05,0.02,0.45,0.16,30,20,0.8,,,,,PRUNED
1005,0.1116228050003556,2026-05-09 14:48:05.206820,2026-05-09 14:50:25.248856,0 days 00:02:20.042036,4,0.03,0.01,0.6,0.16,10,5,0.65,,,,,PRUNED
1006,-0.36653240549258326,2026-05-09 14:50:25.265421,2026-05-09 14:50:25.549004,0 days 00:00:00.283583,2,0.05,0.02,0.45,0.08,10,10,0.5,0.010670948238428084,0.2551802592944082,0.7544067074620227,0.2445093110559801,COMPLETE
1007,-0.010638471613100164,2026-05-09 14:50:25.563156,2026-05-09 14:53:25.421911,0 days 00:02:59.858755,2,0.05,0.01,0.3,0.08,50,20,0.5,,,,,PRUNED
1008,-0.4118081625430833,2026-05-09 14:53:25.435745,2026-05-09 14:56:12.190910,0 days 00:02:46.755165,4,0.05,0.01,0.6,0.12,50,20,0.8,,,,,PRUNED
1009,-0.36653240549258326,2026-05-09 14:56:12.205511,2026-05-09 14:56:12.553013,0 days 00:00:00.347502,2,0.05,0.01,0.45,0.08,10,10,0.5,0.010670948238428084,0.2551802592944082,0.7544067074620227,0.2445093110559801,COMPLETE
1010,-0.0911274909509181,2026-05-09 14:56:12.570658,2026-05-09 14:58:57.588769,0 days 00:02:45.018111,3,0.05,0.02,0.45,0.16,30,10,0.8,,,,,PRUNED
1011,-0.36653240549258326,2026-05-09 14:58:57.607111,2026-05-09 14:58:57.898673,0 days 00:00:00.291562,2,0.05,0.01,0.45,0.08,10,10,0.5,0.010670948238428084,0.2551802592944082,0.7544067074620227,0.2445093110559801,COMPLETE
1012,0.22365470634539336,2026-05-09 14:58:57.913040,2026-05-09 14:58:58.093454,0 days 00:00:00.180414,2,0.03,0.01,0.45,0.08,10,20,0.5,,,,,PRUNED
1013,-0.054614318257127425,2026-05-09 14:58:58.109807,2026-05-09 15:02:51.390154,0 days 00:03:53.280347,3,0.05,0.02,0.45,0.08,50,5,0.5,,,,,PRUNED
1014,0.13570421898463522,2026-05-09 15:02:51.403947,2026-05-09 15:04:01.793689,0 days 00:01:10.389742,3,0.03,0.02,0.45,0.16,10,20,0.5,,,,,PRUNED
1015,0.23932251296107826,2026-05-09 15:04:01.810098,2026-05-09 15:04:01.970899,0 days 00:00:00.160801,2,0.05,0.01,0.45,0.08,10,20,0.5,,,,,PRUNED
1016,-0.043131600755578176,2026-05-09 15:04:01.985746,2026-05-09 15:04:02.147572,0 days 00:00:00.161826,2,0.05,0.01,0.45,0.08,50,10,0.5,,,,,PRUNED
1017,-0.05215436441365681,2026-05-09 15:04:02.164514,2026-05-09 15:07:23.846872,0 days 00:03:21.682358,2,0.05,0.01,0.6,0.12,20,5,0.65,,,,,PRUNED
1018,-0.13610577788368108,2026-05-09 15:07:23.864909,2026-05-09 15:08:28.990175,0 days 00:01:05.125266,2,0.03,0.01,0.6,0.16,10,20,0.8,,,,,PRUNED
1019,-0.36653240549258326,2026-05-09 15:08:29.005979,2026-05-09 15:08:29.267087,0 days 00:00:00.261108,2,0.05,0.01,0.6,0.08,10,10,0.5,0.010670948238428084,0.2551802592944082,0.7544067074620227,0.2445093110559801,COMPLETE
1020,0.18447756040734978,2026-05-09 15:08:29.281828,2026-05-09 15:10:27.336992,0 days 00:01:58.055164,2,0.03,0.01,0.6,0.16,10,10,0.5,,,,,PRUNED
1021,0.2009340334131694,2026-05-09 15:10:27.353041,2026-05-09 15:11:22.519384,0 days 00:00:55.166343,2,0.05,0.02,0.45,0.16,10,20,0.5,,,,,PRUNED
1022,-0.25297740864091584,2026-05-09 15:11:22.536027,2026-05-09 15:14:58.734740,0 days 00:03:36.198713,2,0.03,0.02,0.6,0.12,50,20,0.65,,,,,PRUNED
1023,-0.2606781876075886,2026-05-09 15:14:58.753441,2026-05-09 15:17:01.144562,0 days 00:02:02.391121,3,0.03,0.02,0.45,0.12,20,20,0.8,,,,,PRUNED
1024,-0.12460726446031051,2026-05-09 15:17:01.159314,2026-05-09 15:17:01.340712,0 days 00:00:00.181398,2,0.05,0.01,0.45,0.08,10,10,0.8,,,,,PRUNED
1025,0.14200524254101038,2026-05-09 15:17:01.362424,2026-05-09 15:18:22.438172,0 days 00:01:21.075748,4,0.05,0.01,0.3,0.12,10,20,0.65,,,,,PRUNED
