timestamp,action,name,code,price,shares,position,profit,level,date,year_month,label
2015-01-05 09:30:00,重装建仓,纳指ETF,513100.XSHG,1.392,57400.0,57400.0,,,2015-01-05,2015-01,"纳指ETF
513100.XSHG"
2015-01-05 09:30:00,重装建仓,黄金ETF,518880.XSHG,2.412,33100.0,33100.0,,,2015-01-05,2015-01,"黄金ETF
518880.XSHG"
2015-01-05 09:30:00,重装建仓,500ETF,510500.XSHG,1.489,53700.0,53700.0,,,2015-01-05,2015-01,"500ETF
510500.XSHG"
2015-01-05 09:30:00,重装建仓,创业板ETF易方达,159915.XSHE,1.432,55800.0,55800.0,,,2015-01-05,2015-01,"创业板ETF易方达
159915.XSHE"
2015-01-05 09:31:00,底仓到账,纳指ETF,513100.XSHG,,,57400.0,,10.0,2015-01-05,2015-01,"纳指ETF
513100.XSHG"
2015-01-05 09:31:00,底仓到账,黄金ETF,518880.XSHG,,,33100.0,,10.0,2015-01-05,2015-01,"黄金ETF
518880.XSHG"
2015-01-05 09:31:00,底仓到账,500ETF,510500.XSHG,,,53700.0,,10.0,2015-01-05,2015-01,"500ETF
510500.XSHG"
2015-01-05 09:31:00,底仓到账,创业板ETF易方达,159915.XSHE,,,55800.0,,10.0,2015-01-05,2015-01,"创业板ETF易方达
159915.XSHE"
2015-01-05 09:32:00,等级校准,纳指ETF,513100.XSHG,,,57400.0,,,2015-01-05,2015-01,"纳指ETF
513100.XSHG"
2015-01-05 09:32:00,等级校准,创业板ETF易方达,159915.XSHE,,,55800.0,,,2015-01-05,2015-01,"创业板ETF易方达
159915.XSHE"
2015-01-06 09:31:00,加仓,纳指ETF,513100.XSHG,1.349,5800.0,63200.0,,10.0,2015-01-06,2015-01,"纳指ETF
513100.XSHG"
2015-01-06 13:03:00,止盈,创业板ETF易方达,159915.XSHE,1.477,5600.0,50200.0,251.17,9.0,2015-01-06,2015-01,"创业板ETF易方达
159915.XSHE"
2015-01-06 13:53:00,止盈,500ETF,510500.XSHG,1.534,5300.0,48400.0,237.69,9.0,2015-01-06,2015-01,"500ETF
510500.XSHG"
2015-01-09 10:24:00,止盈,创业板ETF易方达,159915.XSHE,1.522,5400.0,44800.0,242.18,8.0,2015-01-09,2015-01,"创业板ETF易方达
159915.XSHE"
2015-01-12 13:13:00,加仓,500ETF,510500.XSHG,1.486,5200.0,53600.0,,10.0,2015-01-12,2015-01,"500ETF
510500.XSHG"
2015-01-15 14:57:00,止盈,500ETF,510500.XSHG,1.535,5300.0,48300.0,258.89,9.0,2015-01-15,2015-01,"500ETF
510500.XSHG"
2015-01-16 09:31:00,止盈,黄金ETF,518880.XSHG,2.509,3300.0,29800.0,319.27,9.0,2015-01-16,2015-01,"黄金ETF
518880.XSHG"
2015-01-16 11:09:00,止盈,创业板ETF易方达,159915.XSHE,1.568,5200.0,39600.0,238.38,7.0,2015-01-16,2015-01,"创业板ETF易方达
159915.XSHE"
2015-01-19 09:32:00,加仓,500ETF,510500.XSHG,1.487,5200.0,53500.0,,10.0,2015-01-19,2015-01,"500ETF
510500.XSHG"
2015-01-19 10:21:00,止盈,500ETF,510500.XSHG,1.532,5300.0,48200.0,237.69,9.0,2015-01-19,2015-01,"500ETF
510500.XSHG"
2015-01-19 10:36:00,止盈,创业板ETF易方达,159915.XSHE,1.616,5100.0,34500.0,243.98,7.0,2015-01-19,2015-01,"创业板ETF易方达
159915.XSHE"
2015-01-19 14:17:00,加仓,500ETF,510500.XSHG,1.486,5200.0,53400.0,,10.0,2015-01-19,2015-01,"500ETF
510500.XSHG"
2015-01-19 14:28:00,加仓,创业板ETF易方达,159915.XSHE,1.567,4900.0,39400.0,,8.0,2015-01-19,2015-01,"创业板ETF易方达
159915.XSHE"
2015-01-19 14:29:00,等级校准,创业板ETF易方达,159915.XSHE,,,39400.0,,,2015-01-19,2015-01,"创业板ETF易方达
159915.XSHE"
2015-01-20 09:31:00,止盈,黄金ETF,518880.XSHG,2.598,3100.0,26700.0,275.09,8.0,2015-01-20,2015-01,"黄金ETF
518880.XSHG"
2015-01-20 10:34:00,止盈,创业板ETF易方达,159915.XSHE,1.616,5100.0,34300.0,249.08,7.0,2015-01-20,2015-01,"创业板ETF易方达
159915.XSHE"
2015-01-20 14:52:00,止盈,500ETF,510500.XSHG,1.531,5300.0,48100.0,237.69,9.0,2015-01-20,2015-01,"500ETF
510500.XSHG"
2015-01-21 09:43:00,止盈,创业板ETF易方达,159915.XSHE,1.665,4900.0,29400.0,239.28,6.0,2015-01-21,2015-01,"创业板ETF易方达
159915.XSHE"
2015-01-22 09:31:00,止盈,500ETF,510500.XSHG,1.577,5200.0,42900.0,238.38,8.0,2015-01-22,2015-01,"500ETF
510500.XSHG"
2015-01-23 09:31:00,止盈,纳指ETF,513100.XSHG,1.401,5900.0,57300.0,305.97,10.0,2015-01-23,2015-01,"纳指ETF
513100.XSHG"
2015-01-28 10:42:00,止盈,500ETF,510500.XSHG,1.625,5000.0,37900.0,239.19,7.0,2015-01-28,2015-01,"500ETF
510500.XSHG"
2015-01-29 09:31:00,加仓,纳指ETF,513100.XSHG,1.354,5700.0,63000.0,,11.0,2015-01-29,2015-01,"纳指ETF
513100.XSHG"
2015-01-29 09:32:00,等级校准,纳指ETF,513100.XSHG,,,63000.0,,,2015-01-29,2015-01,"纳指ETF
513100.XSHG"
2015-02-02 09:31:00,加仓,500ETF,510500.XSHG,1.564,4900.0,42800.0,,8.0,2015-02-02,2015-02,"500ETF
510500.XSHG"
2015-02-02 09:31:00,加仓,创业板ETF易方达,159915.XSHE,1.615,4800.0,34200.0,,7.0,2015-02-02,2015-02,"创业板ETF易方达
159915.XSHE"
2015-02-02 09:32:00,等级校准,创业板ETF易方达,159915.XSHE,,,34200.0,,,2015-02-02,2015-02,"创业板ETF易方达
159915.XSHE"
2015-02-03 09:53:00,止盈,创业板ETF易方达,159915.XSHE,1.664,4900.0,29300.0,239.28,6.0,2015-02-03,2015-02,"创业板ETF易方达
159915.XSHE"
2015-02-04 10:59:00,止盈,500ETF,510500.XSHG,1.611,5100.0,37700.0,238.88,7.0,2015-02-04,2015-02,"500ETF
510500.XSHG"
2015-02-05 10:06:00,止盈,创业板ETF易方达,159915.XSHE,1.714,4800.0,24500.0,239.18,5.0,2015-02-05,2015-02,"创业板ETF易方达
159915.XSHE"
2015-02-06 11:21:00,加仓,500ETF,510500.XSHG,1.561,4900.0,42600.0,,8.0,2015-02-06,2015-02,"500ETF
510500.XSHG"
2015-02-06 14:52:00,加仓,创业板ETF易方达,159915.XSHE,1.662,4600.0,29100.0,,6.0,2015-02-06,2015-02,"创业板ETF易方达
159915.XSHE"
2015-02-09 09:32:00,加仓,黄金ETF,518880.XSHG,2.502,3000.0,29700.0,,9.0,2015-02-09,2015-02,"黄金ETF
518880.XSHG"
2015-02-11 10:30:00,止盈,创业板ETF易方达,159915.XSHE,1.715,4800.0,24300.0,253.58,5.0,2015-02-11,2015-02,"创业板ETF易方达
159915.XSHE"
2015-02-12 10:01:00,止盈,纳指ETF,513100.XSHG,1.395,5900.0,57100.0,241.08,10.0,2015-02-12,2015-02,"纳指ETF
513100.XSHG"
2015-02-13 09:38:00,止盈,500ETF,510500.XSHG,1.608,5100.0,37500.0,238.88,7.0,2015-02-13,2015-02,"500ETF
510500.XSHG"
2015-02-16 09:31:00,止盈,创业板ETF易方达,159915.XSHE,1.771,4600.0,19700.0,256.79,4.0,2015-02-16,2015-02,"创业板ETF易方达
159915.XSHE"
2015-02-16 14:41:00,止盈,创业板ETF易方达,159915.XSHE,1.826,4500.0,15200.0,246.68,3.0,2015-02-16,2015-02,"创业板ETF易方达
159915.XSHE"
2015-02-17 09:32:00,止盈,500ETF,510500.XSHG,1.666,4900.0,32600.0,283.38,6.0,2015-02-17,2015-02,"500ETF
510500.XSHG"
2015-02-17 14:34:00,止盈,纳指ETF,513100.XSHG,1.437,5700.0,51400.0,238.58,9.0,2015-02-17,2015-02,"纳指ETF
513100.XSHG"
2015-03-02 09:42:00,止盈,创业板ETF易方达,159915.XSHE,1.883,4300.0,10900.0,244.29,2.0,2015-03-02,2015-03,"创业板ETF易方达
159915.XSHE"
2015-03-02 13:15:00,止盈,500ETF,510500.XSHG,1.716,4800.0,27800.0,239.18,6.0,2015-03-02,2015-03,"500ETF
510500.XSHG"
2015-03-04 14:56:00,止盈,创业板ETF易方达,159915.XSHE,1.94,4200.0,6700.0,238.59,1.0,2015-03-04,2015-03,"创业板ETF易方达
159915.XSHE"
2015-03-06 13:07:00,加仓,创业板ETF易方达,159915.XSHE,1.88,4100.0,10800.0,,2.0,2015-03-06,2015-03,"创业板ETF易方达
159915.XSHE"
2015-03-09 09:31:00,加仓,黄金ETF,518880.XSHG,2.383,3100.0,32800.0,,10.0,2015-03-09,2015-03,"黄金ETF
518880.XSHG"
2015-03-09 09:32:00,等级校准,黄金ETF,518880.XSHG,,,32800.0,,,2015-03-09,2015-03,"黄金ETF
518880.XSHG"
2015-03-10 09:38:00,止盈,创业板ETF易方达,159915.XSHE,1.937,4200.0,6600.0,238.59,1.0,2015-03-10,2015-03,"创业板ETF易方达
159915.XSHE"
2015-03-13 11:08:00,止盈,500ETF,510500.XSHG,1.768,4600.0,23200.0,238.39,5.0,2015-03-13,2015-03,"500ETF
510500.XSHG"
2015-03-13 14:37:00,止盈,创业板ETF易方达,159915.XSHE,1.996,4100.0,2500.0,241.08,1.0,2015-03-13,2015-03,"创业板ETF易方达
159915.XSHE"
2015-03-16 11:08:00,止盈,500ETF,510500.XSHG,1.822,4500.0,18700.0,242.18,4.0,2015-03-16,2015-03,"500ETF
510500.XSHG"
2015-03-16 13:28:00,止盈（部分）,创业板ETF易方达,159915.XSHE,2.056,2500.0,0.0,149.49,0.0,2015-03-16,2015-03,"创业板ETF易方达
159915.XSHE"
2015-03-16 13:28:00,清仓,创业板ETF易方达,159915.XSHE,,,,,0.0,2015-03-16,2015-03,"创业板ETF易方达
159915.XSHE"
2015-03-16 13:29:00,重装建仓,创业板ETF易方达,159915.XSHE,2.058,38800.0,38800.0,,,2015-03-16,2015-03,"创业板ETF易方达
159915.XSHE"
2015-03-16 13:30:00,底仓到账,创业板ETF易方达,159915.XSHE,,,38800.0,,10.0,2015-03-16,2015-03,"创业板ETF易方达
159915.XSHE"
2015-03-18 13:02:00,止盈,500ETF,510500.XSHG,1.878,4300.0,14400.0,239.99,3.0,2015-03-18,2015-03,"500ETF
510500.XSHG"
2015-03-20 09:59:00,止盈,创业板ETF易方达,159915.XSHE,2.12,3800.0,35000.0,234.79,9.0,2015-03-20,2015-03,"创业板ETF易方达
159915.XSHE"
2015-03-23 09:31:00,止盈,500ETF,510500.XSHG,1.946,4200.0,10200.0,284.78,2.0,2015-03-23,2015-03,"500ETF
510500.XSHG"
2015-03-23 13:04:00,止盈,创业板ETF易方达,159915.XSHE,2.184,3700.0,31300.0,235.99,8.0,2015-03-23,2015-03,"创业板ETF易方达
159915.XSHE"
2015-03-24 10:07:00,止盈,创业板ETF易方达,159915.XSHE,2.251,3600.0,27700.0,240.39,7.0,2015-03-24,2015-03,"创业板ETF易方达
159915.XSHE"
2015-03-24 10:53:00,加仓,创业板ETF易方达,159915.XSHE,2.176,3500.0,31200.0,,8.0,2015-03-24,2015-03,"创业板ETF易方达
159915.XSHE"
2015-03-24 13:46:00,止盈,创业板ETF易方达,159915.XSHE,2.243,3600.0,27600.0,240.39,7.0,2015-03-24,2015-03,"创业板ETF易方达
159915.XSHE"
2015-03-25 10:47:00,止盈,500ETF,510500.XSHG,2.005,4100.0,6100.0,241.08,1.0,2015-03-25,2015-03,"500ETF
510500.XSHG"
2015-03-26 11:06:00,加仓,创业板ETF易方达,159915.XSHE,2.174,3500.0,31100.0,,8.0,2015-03-26,2015-03,"创业板ETF易方达
159915.XSHE"
2015-03-31 10:17:00,止盈,创业板ETF易方达,159915.XSHE,2.24,3600.0,27500.0,236.79,7.0,2015-03-31,2015-03,"创业板ETF易方达
159915.XSHE"
2015-04-01 10:21:00,止盈,500ETF,510500.XSHG,2.066,3900.0,2200.0,237.09,1.0,2015-04-01,2015-04,"500ETF
510500.XSHG"
2015-04-02 09:31:00,止盈,创业板ETF易方达,159915.XSHE,2.334,3500.0,24000.0,328.18,7.0,2015-04-02,2015-04,"创业板ETF易方达
159915.XSHE"
2015-04-02 14:44:00,止盈（部分）,500ETF,510500.XSHG,2.128,2200.0,0.0,135.93,0.0,2015-04-02,2015-04,"500ETF
510500.XSHG"
2015-04-02 14:44:00,清仓,500ETF,510500.XSHG,,,,,0.0,2015-04-02,2015-04,"500ETF
510500.XSHG"
2015-04-02 14:45:00,重装建仓,500ETF,510500.XSHG,2.129,37500.0,37500.0,,,2015-04-02,2015-04,"500ETF
510500.XSHG"
2015-04-02 14:46:00,底仓到账,500ETF,510500.XSHG,,,37500.0,,10.0,2015-04-02,2015-04,"500ETF
510500.XSHG"
2015-04-07 09:32:00,止盈,创业板ETF易方达,159915.XSHE,2.413,3400.0,20600.0,267.78,6.0,2015-04-07,2015-04,"创业板ETF易方达
159915.XSHE"
2015-04-07 10:43:00,止盈,500ETF,510500.XSHG,2.193,3700.0,33800.0,235.99,9.0,2015-04-07,2015-04,"500ETF
510500.XSHG"
2015-04-08 10:56:00,加仓,创业板ETF易方达,159915.XSHE,2.34,3300.0,23900.0,,7.0,2015-04-08,2015-04,"创业板ETF易方达
159915.XSHE"
2015-04-09 10:23:00,加仓,500ETF,510500.XSHG,2.126,3600.0,37400.0,,10.0,2015-04-09,2015-04,"500ETF
510500.XSHG"
2015-04-09 10:23:00,加仓,创业板ETF易方达,159915.XSHE,2.267,3400.0,27300.0,,8.0,2015-04-09,2015-04,"创业板ETF易方达
159915.XSHE"
2015-04-09 10:24:00,等级校准,创业板ETF易方达,159915.XSHE,,,27300.0,,,2015-04-09,2015-04,"创业板ETF易方达
159915.XSHE"
2015-04-09 14:07:00,止盈,创业板ETF易方达,159915.XSHE,2.339,3500.0,23800.0,251.18,7.0,2015-04-09,2015-04,"创业板ETF易方达
159915.XSHE"
2015-04-09 14:34:00,止盈,创业板ETF易方达,159915.XSHE,2.418,3400.0,20400.0,267.78,6.0,2015-04-09,2015-04,"创业板ETF易方达
159915.XSHE"
2015-04-10 09:55:00,止盈,500ETF,510500.XSHG,2.191,3700.0,33700.0,239.69,9.0,2015-04-10,2015-04,"500ETF
510500.XSHG"
2015-04-15 09:30:00,等级校准,500ETF,510500.XSHG,,,9447.0,,,2015-04-15,2015-04,"500ETF
510500.XSHG"
2015-04-15 09:31:00,止盈,500ETF,510500.XSHG,8.078,3600.0,5847.0,21190.29,6.0,2015-04-15,2015-04,"500ETF
510500.XSHG"
2015-04-15 11:15:00,加仓,500ETF,510500.XSHG,7.835,900.0,6747.0,,7.0,2015-04-15,2015-04,"500ETF
510500.XSHG"
2015-04-15 11:16:00,等级校准,500ETF,510500.XSHG,,,6747.0,,,2015-04-15,2015-04,"500ETF
510500.XSHG"
2015-04-15 14:55:00,加仓,创业板ETF易方达,159915.XSHE,2.34,3300.0,23700.0,,7.0,2015-04-15,2015-04,"创业板ETF易方达
159915.XSHE"
2015-04-15 14:56:00,等级校准,创业板ETF易方达,159915.XSHE,,,23700.0,,,2015-04-15,2015-04,"创业板ETF易方达
159915.XSHE"
2015-04-16 09:32:00,加仓,500ETF,510500.XSHG,7.53,1000.0,7747.0,,7.0,2015-04-16,2015-04,"500ETF
510500.XSHG"
2015-04-16 09:49:00,止盈,500ETF,510500.XSHG,7.76,1000.0,6747.0,229.22,6.0,2015-04-16,2015-04,"500ETF
510500.XSHG"
2015-04-16 10:43:00,止盈,创业板ETF易方达,159915.XSHE,2.412,3400.0,20300.0,243.98,6.0,2015-04-16,2015-04,"创业板ETF易方达
159915.XSHE"
2015-04-17 09:41:00,止盈,500ETF,510500.XSHG,8.0,1000.0,5747.0,239.2,5.0,2015-04-17,2015-04,"500ETF
510500.XSHG"
2015-04-20 09:33:00,加仓,创业板ETF易方达,159915.XSHE,2.33,3300.0,23600.0,,7.0,2015-04-20,2015-04,"创业板ETF易方达
159915.XSHE"
2015-04-20 09:34:00,等级校准,创业板ETF易方达,159915.XSHE,,,23600.0,,,2015-04-20,2015-04,"创业板ETF易方达
159915.XSHE"
2015-04-21 10:02:00,止盈,创业板ETF易方达,159915.XSHE,2.401,3400.0,20200.0,240.58,6.0,2015-04-21,2015-04,"创业板ETF易方达
159915.XSHE"
2015-04-21 14:31:00,止盈,创业板ETF易方达,159915.XSHE,2.474,3300.0,16900.0,240.08,5.0,2015-04-21,2015-04,"创业板ETF易方达
159915.XSHE"
2015-04-22 09:39:00,止盈,500ETF,510500.XSHG,8.24,1000.0,4747.0,239.18,5.0,2015-04-22,2015-04,"500ETF
510500.XSHG"
2015-04-23 09:32:00,止盈,创业板ETF易方达,159915.XSHE,2.55,3200.0,13700.0,242.38,4.0,2015-04-23,2015-04,"创业板ETF易方达
159915.XSHE"
2015-04-24 10:33:00,止盈,创业板ETF易方达,159915.XSHE,2.631,3100.0,10600.0,250.28,3.0,2015-04-24,2015-04,"创业板ETF易方达
159915.XSHE"
2015-04-27 09:32:00,止盈,500ETF,510500.XSHG,8.509,900.0,3847.0,241.33,4.0,2015-04-27,2015-04,"500ETF
510500.XSHG"
2015-04-27 09:39:00,止盈,纳指ETF,513100.XSHG,1.481,5500.0,45900.0,241.19,8.0,2015-04-27,2015-04,"纳指ETF
513100.XSHG"
2015-04-28 14:23:00,加仓,500ETF,510500.XSHG,8.25,900.0,4747.0,,5.0,2015-04-28,2015-04,"500ETF
510500.XSHG"
2015-04-29 14:51:00,止盈,创业板ETF易方达,159915.XSHE,2.71,3000.0,7600.0,236.19,2.0,2015-04-29,2015-04,"创业板ETF易方达
159915.XSHE"
2015-04-30 09:31:00,止盈,500ETF,510500.XSHG,8.512,900.0,3847.0,235.03,4.0,2015-04-30,2015-04,"500ETF
510500.XSHG"
2015-04-30 10:52:00,止盈,创业板ETF易方达,159915.XSHE,2.799,2900.0,4700.0,257.29,1.0,2015-04-30,2015-04,"创业板ETF易方达
159915.XSHE"
2015-05-04 09:39:00,加仓,创业板ETF易方达,159915.XSHE,2.706,2800.0,7500.0,,2.0,2015-05-04,2015-05,"创业板ETF易方达
159915.XSHE"
2015-05-05 14:18:00,加仓,500ETF,510500.XSHG,8.253,900.0,4747.0,,5.0,2015-05-05,2015-05,"500ETF
510500.XSHG"
2015-05-06 09:31:00,加仓,纳指ETF,513100.XSHG,1.432,5400.0,51300.0,,9.0,2015-05-06,2015-05,"纳指ETF
513100.XSHG"
2015-05-06 10:36:00,止盈,创业板ETF易方达,159915.XSHE,2.789,2900.0,4600.0,239.89,1.0,2015-05-06,2015-05,"创业板ETF易方达
159915.XSHE"
2015-05-07 09:52:00,加仓,创业板ETF易方达,159915.XSHE,2.702,2800.0,7400.0,,2.0,2015-05-07,2015-05,"创业板ETF易方达
159915.XSHE"
2015-05-07 10:09:00,加仓,500ETF,510500.XSHG,8.0,900.0,5647.0,,6.0,2015-05-07,2015-05,"500ETF
510500.XSHG"
2015-05-07 10:10:00,等级校准,500ETF,510500.XSHG,,,5647.0,,,2015-05-07,2015-05,"500ETF
510500.XSHG"
2015-05-08 10:11:00,止盈,创业板ETF易方达,159915.XSHE,2.786,2900.0,4500.0,242.79,1.0,2015-05-08,2015-05,"创业板ETF易方达
159915.XSHE"
2015-05-08 14:33:00,止盈,创业板ETF易方达,159915.XSHE,2.871,2800.0,1700.0,237.2,1.0,2015-05-08,2015-05,"创业板ETF易方达
159915.XSHE"
2015-05-08 14:42:00,止盈,500ETF,510500.XSHG,8.276,1000.0,4647.0,275.17,5.0,2015-05-08,2015-05,"500ETF
510500.XSHG"
2015-05-08 14:44:00,止盈,500ETF,510500.XSHG,8.61,900.0,3747.0,299.83,4.0,2015-05-08,2015-05,"500ETF
510500.XSHG"
2015-05-08 14:47:00,加仓,500ETF,510500.XSHG,8.267,900.0,4647.0,,5.0,2015-05-08,2015-05,"500ETF
510500.XSHG"
2015-05-11 10:22:00,止盈（部分）,创业板ETF易方达,159915.XSHE,2.958,1700.0,0.0,147.4,0.0,2015-05-11,2015-05,"创业板ETF易方达
159915.XSHE"
2015-05-11 10:22:00,清仓,创业板ETF易方达,159915.XSHE,,,,,0.0,2015-05-11,2015-05,"创业板ETF易方达
159915.XSHE"
2015-05-11 10:23:00,重装建仓,创业板ETF易方达,159915.XSHE,2.966,26900.0,26900.0,,,2015-05-11,2015-05,"创业板ETF易方达
159915.XSHE"
2015-05-11 10:24:00,底仓到账,创业板ETF易方达,159915.XSHE,,,26900.0,,10.0,2015-05-11,2015-05,"创业板ETF易方达
159915.XSHE"
2015-05-11 13:02:00,止盈,500ETF,510500.XSHG,8.521,900.0,3747.0,227.83,4.0,2015-05-11,2015-05,"500ETF
510500.XSHG"
2015-05-12 09:31:00,止盈,创业板ETF易方达,159915.XSHE,3.062,2600.0,24300.0,248.8,9.0,2015-05-12,2015-05,"创业板ETF易方达
159915.XSHE"
2015-05-12 13:49:00,止盈,500ETF,510500.XSHG,8.777,900.0,2847.0,229.61,3.0,2015-05-12,2015-05,"500ETF
510500.XSHG"
2015-05-15 09:32:00,加仓,创业板ETF易方达,159915.XSHE,2.968,2600.0,26900.0,,10.0,2015-05-15,2015-05,"创业板ETF易方达
159915.XSHE"
2015-05-15 09:58:00,止盈,纳指ETF,513100.XSHG,1.476,5500.0,45800.0,241.19,8.0,2015-05-15,2015-05,"纳指ETF
513100.XSHG"
2015-05-18 09:31:00,止盈,创业板ETF易方达,159915.XSHE,3.058,2600.0,24300.0,233.2,9.0,2015-05-18,2015-05,"创业板ETF易方达
159915.XSHE"
2015-05-18 10:07:00,止盈,创业板ETF易方达,159915.XSHE,3.15,2600.0,21700.0,238.38,8.0,2015-05-18,2015-05,"创业板ETF易方达
159915.XSHE"
2015-05-18 14:22:00,止盈,黄金ETF,518880.XSHG,2.46,3300.0,29500.0,253.29,9.0,2015-05-18,2015-05,"黄金ETF
518880.XSHG"
2015-05-19 10:43:00,止盈,500ETF,510500.XSHG,9.046,900.0,1947.0,241.29,2.0,2015-05-19,2015-05,"500ETF
510500.XSHG"
2015-05-20 09:40:00,止盈,500ETF,510500.XSHG,9.343,800.0,1147.0,236.85,1.0,2015-05-20,2015-05,"500ETF
510500.XSHG"
2015-05-20 09:41:00,止盈,创业板ETF易方达,159915.XSHE,3.253,2500.0,19200.0,256.69,8.0,2015-05-20,2015-05,"创业板ETF易方达
159915.XSHE"
2015-05-21 10:26:00,止盈,创业板ETF易方达,159915.XSHE,3.357,2400.0,16800.0,248.79,7.0,2015-05-21,2015-05,"创业板ETF易方达
159915.XSHE"
2015-05-21 14:35:00,止盈,500ETF,510500.XSHG,9.625,800.0,347.0,224.83,1.0,2015-05-21,2015-05,"500ETF
510500.XSHG"
2015-05-22 09:31:00,止盈,创业板ETF易方达,159915.XSHE,3.468,2300.0,14500.0,254.5,6.0,2015-05-22,2015-05,"创业板ETF易方达
159915.XSHE"
2015-05-22 10:04:00,加仓,创业板ETF易方达,159915.XSHE,3.36,2300.0,16800.0,,7.0,2015-05-22,2015-05,"创业板ETF易方达
159915.XSHE"
2015-05-22 14:47:00,止盈（部分）,500ETF,510500.XSHG,9.99,300.0,47.0,109.2,0.0,2015-05-22,2015-05,"500ETF
510500.XSHG"
2015-05-22 14:47:00,清仓-碎股,500ETF,510500.XSHG,,,,,0.0,2015-05-22,2015-05,"500ETF
510500.XSHG"
2015-05-22 14:47:00,清仓,500ETF,510500.XSHG,,,,,0.0,2015-05-22,2015-05,"500ETF
510500.XSHG"
2015-05-22 14:48:00,重装建仓,500ETF,510500.XSHG,9.99,8000.0,8000.0,,,2015-05-22,2015-05,"500ETF
510500.XSHG"
2015-05-22 14:49:00,底仓到账,500ETF,510500.XSHG,,,8000.0,,10.0,2015-05-22,2015-05,"500ETF
510500.XSHG"
2015-05-25 09:32:00,加仓,创业板ETF易方达,159915.XSHE,3.237,2300.0,19100.0,,8.0,2015-05-25,2015-05,"创业板ETF易方达
159915.XSHE"
2015-05-25 09:33:00,等级校准,创业板ETF易方达,159915.XSHE,,,19100.0,,,2015-05-25,2015-05,"创业板ETF易方达
159915.XSHE"
2015-05-25 11:13:00,止盈,创业板ETF易方达,159915.XSHE,3.336,2400.0,16700.0,236.8,7.0,2015-05-25,2015-05,"创业板ETF易方达
159915.XSHE"
2015-05-26 10:23:00,止盈,创业板ETF易方达,159915.XSHE,3.438,2300.0,14400.0,233.81,6.0,2015-05-26,2015-05,"创业板ETF易方达
159915.XSHE"
2015-05-26 10:36:00,止盈,500ETF,510500.XSHG,10.299,800.0,7200.0,246.38,10.0,2015-05-26,2015-05,"500ETF
510500.XSHG"
2015-05-27 14:05:00,止盈,500ETF,510500.XSHG,10.639,700.0,6500.0,237.26,9.0,2015-05-27,2015-05,"500ETF
510500.XSHG"
2015-05-28 14:17:00,加仓,500ETF,510500.XSHG,10.296,700.0,7200.0,,10.0,2015-05-28,2015-05,"500ETF
510500.XSHG"
2015-05-28 14:49:00,加仓,创业板ETF易方达,159915.XSHE,3.334,2300.0,16700.0,,7.0,2015-05-28,2015-05,"创业板ETF易方达
159915.XSHE"
2015-05-28 14:56:00,加仓,500ETF,510500.XSHG,9.98,700.0,7900.0,,11.0,2015-05-28,2015-05,"500ETF
510500.XSHG"
2015-05-28 14:57:00,等级校准,500ETF,510500.XSHG,,,7900.0,,,2015-05-28,2015-05,"500ETF
510500.XSHG"
2015-05-29 09:36:00,加仓,黄金ETF,518880.XSHG,2.386,3200.0,32700.0,,10.0,2015-05-29,2015-05,"黄金ETF
518880.XSHG"
2015-05-29 09:37:00,等级校准,黄金ETF,518880.XSHG,,,32700.0,,,2015-05-29,2015-05,"黄金ETF
518880.XSHG"
2015-05-29 09:43:00,加仓,500ETF,510500.XSHG,9.633,800.0,8700.0,,10.0,2015-05-29,2015-05,"500ETF
510500.XSHG"
2015-05-29 09:43:00,加仓,创业板ETF易方达,159915.XSHE,3.22,2300.0,19000.0,,8.0,2015-05-29,2015-05,"创业板ETF易方达
159915.XSHE"
2015-05-29 09:44:00,等级校准,创业板ETF易方达,159915.XSHE,,,19000.0,,,2015-05-29,2015-05,"创业板ETF易方达
159915.XSHE"
2015-05-29 09:51:00,止盈,500ETF,510500.XSHG,10.003,800.0,7900.0,295.2,11.0,2015-05-29,2015-05,"500ETF
510500.XSHG"
2015-05-29 10:02:00,止盈,创业板ETF易方达,159915.XSHE,3.329,2400.0,16600.0,260.8,6.0,2015-05-29,2015-05,"创业板ETF易方达
159915.XSHE"
2015-05-29 13:22:00,止盈,500ETF,510500.XSHG,10.333,700.0,7200.0,230.28,10.0,2015-05-29,2015-05,"500ETF
510500.XSHG"
2015-05-29 13:44:00,止盈,创业板ETF易方达,159915.XSHE,3.431,2400.0,14200.0,243.98,6.0,2015-05-29,2015-05,"创业板ETF易方达
159915.XSHE"
2015-05-29 14:17:00,加仓,500ETF,510500.XSHG,9.9,700.0,7900.0,,11.0,2015-05-29,2015-05,"500ETF
510500.XSHG"
2015-05-29 14:18:00,等级校准,500ETF,510500.XSHG,,,7900.0,,,2015-05-29,2015-05,"500ETF
510500.XSHG"
2015-05-29 14:36:00,加仓,创业板ETF易方达,159915.XSHE,3.317,2300.0,16500.0,,7.0,2015-05-29,2015-05,"创业板ETF易方达
159915.XSHE"
2015-05-29 14:37:00,等级校准,创业板ETF易方达,159915.XSHE,,,16500.0,,,2015-05-29,2015-05,"创业板ETF易方达
159915.XSHE"
2015-06-01 09:32:00,止盈,创业板ETF易方达,159915.XSHE,3.434,2400.0,14100.0,279.98,6.0,2015-06-01,2015-06,"创业板ETF易方达
159915.XSHE"
2015-06-01 09:34:00,止盈,500ETF,510500.XSHG,10.2,800.0,7100.0,239.18,10.0,2015-06-01,2015-06,"500ETF
510500.XSHG"
2015-06-01 13:03:00,止盈,500ETF,510500.XSHG,10.519,700.0,6400.0,222.56,9.0,2015-06-01,2015-06,"500ETF
510500.XSHG"
2015-06-01 13:08:00,止盈,创业板ETF易方达,159915.XSHE,3.539,2300.0,11800.0,240.69,5.0,2015-06-01,2015-06,"创业板ETF易方达
159915.XSHE"
2015-06-02 10:08:00,止盈,创业板ETF易方达,159915.XSHE,3.647,2200.0,9600.0,236.8,4.0,2015-06-02,2015-06,"创业板ETF易方达
159915.XSHE"
2015-06-02 10:16:00,止盈,500ETF,510500.XSHG,10.849,700.0,5700.0,230.24,8.0,2015-06-02,2015-06,"500ETF
510500.XSHG"
2015-06-02 14:39:00,止盈,创业板ETF易方达,159915.XSHE,3.757,2100.0,7500.0,230.21,3.0,2015-06-02,2015-06,"创业板ETF易方达
159915.XSHE"
2015-06-04 13:01:00,加仓,创业板ETF易方达,159915.XSHE,3.643,2100.0,9600.0,,4.0,2015-06-04,2015-06,"创业板ETF易方达
159915.XSHE"
2015-06-04 13:05:00,加仓,500ETF,510500.XSHG,10.324,700.0,6400.0,,9.0,2015-06-04,2015-06,"500ETF
510500.XSHG"
2015-06-04 13:06:00,加仓,创业板ETF易方达,159915.XSHE,3.515,2100.0,11700.0,,5.0,2015-06-04,2015-06,"创业板ETF易方达
159915.XSHE"
2015-06-04 13:58:00,止盈,创业板ETF易方达,159915.XSHE,3.621,2200.0,9500.0,232.4,4.0,2015-06-04,2015-06,"创业板ETF易方达
159915.XSHE"
2015-06-04 14:11:00,止盈,500ETF,510500.XSHG,10.665,700.0,5700.0,237.95,8.0,2015-06-04,2015-06,"500ETF
510500.XSHG"
2015-06-04 14:41:00,止盈,创业板ETF易方达,159915.XSHE,3.731,2200.0,7300.0,241.18,3.0,2015-06-04,2015-06,"创业板ETF易方达
159915.XSHE"
2015-06-04 14:46:00,止盈,500ETF,510500.XSHG,11.004,700.0,5000.0,236.53,7.0,2015-06-04,2015-06,"500ETF
510500.XSHG"
2015-06-05 10:04:00,止盈,创业板ETF易方达,159915.XSHE,3.843,2100.0,5200.0,234.39,2.0,2015-06-05,2015-06,"创业板ETF易方达
159915.XSHE"
2015-06-05 11:13:00,加仓,创业板ETF易方达,159915.XSHE,3.725,2000.0,7200.0,,3.0,2015-06-05,2015-06,"创业板ETF易方达
159915.XSHE"
2015-06-08 09:36:00,加仓,创业板ETF易方达,159915.XSHE,3.597,2100.0,9300.0,,4.0,2015-06-08,2015-06,"创业板ETF易方达
159915.XSHE"
2015-06-08 10:43:00,加仓,创业板ETF易方达,159915.XSHE,3.484,2200.0,11500.0,,5.0,2015-06-08,2015-06,"创业板ETF易方达
159915.XSHE"
2015-06-09 10:00:00,止盈,创业板ETF易方达,159915.XSHE,3.589,2200.0,9300.0,230.21,4.0,2015-06-09,2015-06,"创业板ETF易方达
159915.XSHE"
2015-06-09 11:20:00,加仓,创业板ETF易方达,159915.XSHE,3.479,2200.0,11500.0,,5.0,2015-06-09,2015-06,"创业板ETF易方达
159915.XSHE"
2015-06-10 11:29:00,止盈,创业板ETF易方达,159915.XSHE,3.584,2200.0,9300.0,230.21,4.0,2015-06-10,2015-06,"创业板ETF易方达
159915.XSHE"
2015-06-10 13:40:00,止盈,500ETF,510500.XSHG,11.357,700.0,4300.0,246.31,6.0,2015-06-10,2015-06,"500ETF
510500.XSHG"
2015-06-10 14:27:00,止盈,创业板ETF易方达,159915.XSHE,3.693,2200.0,7100.0,238.99,3.0,2015-06-10,2015-06,"创业板ETF易方达
159915.XSHE"
2015-06-12 13:14:00,止盈,500ETF,510500.XSHG,11.789,700.0,3600.0,301.57,6.0,2015-06-12,2015-06,"500ETF
510500.XSHG"
2015-06-15 10:38:00,加仓,创业板ETF易方达,159915.XSHE,3.582,2100.0,9200.0,,4.0,2015-06-15,2015-06,"创业板ETF易方达
159915.XSHE"
2015-06-15 11:06:00,加仓,500ETF,510500.XSHG,11.431,600.0,4200.0,,7.0,2015-06-15,2015-06,"500ETF
510500.XSHG"
2015-06-16 09:31:00,加仓,创业板ETF易方达,159915.XSHE,3.447,2200.0,11400.0,,5.0,2015-06-16,2015-06,"创业板ETF易方达
159915.XSHE"
2015-06-16 09:32:00,等级校准,创业板ETF易方达,159915.XSHE,,,11400.0,,,2015-06-16,2015-06,"创业板ETF易方达
159915.XSHE"
2015-06-16 10:10:00,加仓,500ETF,510500.XSHG,11.077,600.0,4800.0,,8.0,2015-06-16,2015-06,"500ETF
510500.XSHG"
2015-06-16 10:11:00,等级校准,500ETF,510500.XSHG,,,4800.0,,,2015-06-16,2015-06,"500ETF
510500.XSHG"
2015-06-16 10:11:00,加仓,创业板ETF易方达,159915.XSHE,3.342,2300.0,13700.0,,5.0,2015-06-16,2015-06,"创业板ETF易方达
159915.XSHE"
2015-06-16 11:23:00,止盈,创业板ETF易方达,159915.XSHE,3.443,2300.0,11400.0,231.51,4.0,2015-06-16,2015-06,"创业板ETF易方达
159915.XSHE"
2015-06-17 10:14:00,加仓,500ETF,510500.XSHG,10.734,700.0,5500.0,,7.0,2015-06-17,2015-06,"500ETF
510500.XSHG"
2015-06-17 10:47:00,加仓,创业板ETF易方达,159915.XSHE,3.334,2300.0,13700.0,,5.0,2015-06-17,2015-06,"创业板ETF易方达
159915.XSHE"
2015-06-17 13:14:00,止盈,创业板ETF易方达,159915.XSHE,3.44,2300.0,11400.0,243.01,4.0,2015-06-17,2015-06,"创业板ETF易方达
159915.XSHE"
2015-06-17 14:00:00,止盈,500ETF,510500.XSHG,11.064,700.0,4800.0,230.23,6.0,2015-06-17,2015-06,"500ETF
510500.XSHG"
2015-06-17 14:32:00,止盈,创业板ETF易方达,159915.XSHE,3.546,2300.0,9100.0,242.98,4.0,2015-06-17,2015-06,"创业板ETF易方达
159915.XSHE"
2015-06-17 14:54:00,止盈,500ETF,510500.XSHG,11.466,700.0,4100.0,280.6,6.0,2015-06-17,2015-06,"500ETF
510500.XSHG"
2015-06-18 09:32:00,加仓,500ETF,510500.XSHG,11.106,600.0,4700.0,,7.0,2015-06-18,2015-06,"500ETF
510500.XSHG"
2015-06-18 09:33:00,等级校准,500ETF,510500.XSHG,,,4700.0,,,2015-06-18,2015-06,"500ETF
510500.XSHG"
2015-06-18 13:49:00,加仓,创业板ETF易方达,159915.XSHE,3.435,2200.0,11300.0,,5.0,2015-06-18,2015-06,"创业板ETF易方达
159915.XSHE"
2015-06-18 13:50:00,等级校准,创业板ETF易方达,159915.XSHE,,,11300.0,,,2015-06-18,2015-06,"创业板ETF易方达
159915.XSHE"
2015-06-18 14:47:00,加仓,创业板ETF易方达,159915.XSHE,3.329,2300.0,13600.0,,5.0,2015-06-18,2015-06,"创业板ETF易方达
159915.XSHE"
2015-06-19 09:31:00,加仓,500ETF,510500.XSHG,10.477,700.0,5400.0,,7.0,2015-06-19,2015-06,"500ETF
510500.XSHG"
2015-06-19 09:31:00,加仓,创业板ETF易方达,159915.XSHE,3.219,2400.0,16000.0,,6.0,2015-06-19,2015-06,"创业板ETF易方达
159915.XSHE"
2015-06-19 14:38:00,加仓,500ETF,510500.XSHG,10.128,700.0,6100.0,,8.0,2015-06-19,2015-06,"500ETF
510500.XSHG"
2015-06-23 09:39:00,加仓,创业板ETF易方达,159915.XSHE,3.118,2400.0,18400.0,,7.0,2015-06-23,2015-06,"创业板ETF易方达
159915.XSHE"
2015-06-23 11:01:00,加仓,500ETF,510500.XSHG,9.81,700.0,6800.0,,9.0,2015-06-23,2015-06,"500ETF
510500.XSHG"
2015-06-23 11:02:00,等级校准,500ETF,510500.XSHG,,,6800.0,,,2015-06-23,2015-06,"500ETF
510500.XSHG"
2015-06-23 11:14:00,加仓,创业板ETF易方达,159915.XSHE,3.021,2500.0,20900.0,,8.0,2015-06-23,2015-06,"创业板ETF易方达
159915.XSHE"
2015-06-23 13:11:00,止盈,创业板ETF易方达,159915.XSHE,3.112,2600.0,18300.0,235.79,7.0,2015-06-23,2015-06,"创业板ETF易方达
159915.XSHE"
2015-06-23 13:57:00,止盈,500ETF,510500.XSHG,10.105,800.0,6000.0,235.19,8.0,2015-06-23,2015-06,"500ETF
510500.XSHG"
2015-06-23 14:26:00,加仓,500ETF,510500.XSHG,9.8,700.0,6700.0,,9.0,2015-06-23,2015-06,"500ETF
510500.XSHG"
2015-06-23 14:27:00,等级校准,500ETF,510500.XSHG,,,6700.0,,,2015-06-23,2015-06,"500ETF
510500.XSHG"
2015-06-23 14:48:00,止盈,500ETF,510500.XSHG,10.095,800.0,5900.0,235.19,8.0,2015-06-23,2015-06,"500ETF
510500.XSHG"
2015-06-23 14:53:00,止盈,创业板ETF易方达,159915.XSHE,3.207,2500.0,15800.0,236.7,6.0,2015-06-23,2015-06,"创业板ETF易方达
159915.XSHE"
2015-06-25 11:26:00,止盈,500ETF,510500.XSHG,10.409,700.0,5200.0,219.07,7.0,2015-06-25,2015-06,"500ETF
510500.XSHG"
2015-06-25 14:04:00,加仓,创业板ETF易方达,159915.XSHE,3.109,2400.0,18200.0,,7.0,2015-06-25,2015-06,"创业板ETF易方达
159915.XSHE"
2015-06-25 14:37:00,加仓,500ETF,510500.XSHG,10.087,700.0,5900.0,,8.0,2015-06-25,2015-06,"500ETF
510500.XSHG"
2015-06-26 09:31:00,加仓,500ETF,510500.XSHG,9.648,700.0,6600.0,,9.0,2015-06-26,2015-06,"500ETF
510500.XSHG"
2015-06-26 09:31:00,加仓,创业板ETF易方达,159915.XSHE,2.931,2500.0,20700.0,,8.0,2015-06-26,2015-06,"创业板ETF易方达
159915.XSHE"
2015-06-26 09:32:00,等级校准,500ETF,510500.XSHG,,,6600.0,,,2015-06-26,2015-06,"500ETF
510500.XSHG"
2015-06-26 09:32:00,等级校准,创业板ETF易方达,159915.XSHE,,,20700.0,,,2015-06-26,2015-06,"创业板ETF易方达
159915.XSHE"
2015-06-26 09:45:00,加仓,创业板ETF易方达,159915.XSHE,2.843,2700.0,23400.0,,8.0,2015-06-26,2015-06,"创业板ETF易方达
159915.XSHE"
2015-06-26 11:02:00,加仓,500ETF,510500.XSHG,9.352,800.0,7400.0,,9.0,2015-06-26,2015-06,"500ETF
510500.XSHG"
2015-06-26 11:19:00,加仓,创业板ETF易方达,159915.XSHE,2.757,2800.0,26200.0,,9.0,2015-06-26,2015-06,"创业板ETF易方达
159915.XSHE"
2015-06-26 13:38:00,加仓,500ETF,510500.XSHG,9.064,800.0,8200.0,,10.0,2015-06-26,2015-06,"500ETF
510500.XSHG"
2015-06-29 09:35:00,加仓,创业板ETF易方达,159915.XSHE,2.661,2900.0,29100.0,,10.0,2015-06-29,2015-06,"创业板ETF易方达
159915.XSHE"
2015-06-29 09:36:00,等级校准,创业板ETF易方达,159915.XSHE,,,29100.0,,,2015-06-29,2015-06,"创业板ETF易方达
159915.XSHE"
2015-06-29 09:42:00,加仓,500ETF,510500.XSHG,8.707,800.0,9000.0,,11.0,2015-06-29,2015-06,"500ETF
510500.XSHG"
2015-06-29 09:43:00,等级校准,500ETF,510500.XSHG,,,9000.0,,,2015-06-29,2015-06,"500ETF
510500.XSHG"
2015-06-29 09:43:00,加仓,创业板ETF易方达,159915.XSHE,2.57,3000.0,32100.0,,10.0,2015-06-29,2015-06,"创业板ETF易方达
159915.XSHE"
2015-06-29 09:48:00,止盈,500ETF,510500.XSHG,8.979,900.0,8100.0,243.99,10.0,2015-06-29,2015-06,"500ETF
510500.XSHG"
2015-06-29 10:07:00,止盈,创业板ETF易方达,159915.XSHE,2.648,3100.0,29000.0,240.98,9.0,2015-06-29,2015-06,"创业板ETF易方达
159915.XSHE"
2015-06-29 10:48:00,加仓,创业板ETF易方达,159915.XSHE,2.566,3000.0,32000.0,,10.0,2015-06-29,2015-06,"创业板ETF易方达
159915.XSHE"
2015-06-29 10:59:00,加仓,500ETF,510500.XSHG,8.696,800.0,8900.0,,11.0,2015-06-29,2015-06,"500ETF
510500.XSHG"
2015-06-29 11:00:00,等级校准,500ETF,510500.XSHG,,,8900.0,,,2015-06-29,2015-06,"500ETF
510500.XSHG"
2015-06-29 13:02:00,加仓,500ETF,510500.XSHG,8.372,900.0,9800.0,,10.0,2015-06-29,2015-06,"500ETF
510500.XSHG"
2015-06-29 13:10:00,加仓,500ETF,510500.XSHG,8.1,900.0,10700.0,,11.0,2015-06-29,2015-06,"500ETF
510500.XSHG"
2015-06-29 13:28:00,止盈,500ETF,510500.XSHG,8.47,900.0,9800.0,332.24,10.0,2015-06-29,2015-06,"500ETF
510500.XSHG"
2015-06-29 14:06:00,止盈,500ETF,510500.XSHG,8.77,900.0,8900.0,269.21,9.0,2015-06-29,2015-06,"500ETF
510500.XSHG"
2015-06-29 14:50:00,加仓,500ETF,510500.XSHG,8.501,900.0,9800.0,,10.0,2015-06-29,2015-06,"500ETF
510500.XSHG"
2015-06-30 09:31:00,加仓,500ETF,510500.XSHG,8.102,900.0,10700.0,,11.0,2015-06-30,2015-06,"500ETF
510500.XSHG"
2015-06-30 09:31:00,加仓,创业板ETF易方达,159915.XSHE,2.423,3100.0,35100.0,,11.0,2015-06-30,2015-06,"创业板ETF易方达
159915.XSHE"
2015-06-30 09:32:00,加仓,纳指ETF,513100.XSHG,1.428,5400.0,51200.0,,9.0,2015-06-30,2015-06,"纳指ETF
513100.XSHG"
2015-06-30 09:32:00,等级校准,创业板ETF易方达,159915.XSHE,,,35100.0,,,2015-06-30,2015-06,"创业板ETF易方达
159915.XSHE"
2015-06-30 09:34:00,止盈,500ETF,510500.XSHG,8.354,900.0,9800.0,226.05,10.0,2015-06-30,2015-06,"500ETF
510500.XSHG"
2015-06-30 10:02:00,加仓,创业板ETF易方达,159915.XSHE,2.35,3300.0,38400.0,,11.0,2015-06-30,2015-06,"创业板ETF易方达
159915.XSHE"
2015-06-30 10:05:00,加仓,500ETF,510500.XSHG,8.103,900.0,10700.0,,11.0,2015-06-30,2015-06,"500ETF
510500.XSHG"
2015-06-30 10:46:00,加仓,创业板ETF易方达,159915.XSHE,2.279,3400.0,41800.0,,12.0,2015-06-30,2015-06,"创业板ETF易方达
159915.XSHE"
2015-06-30 10:47:00,等级校准,创业板ETF易方达,159915.XSHE,,,41800.0,,,2015-06-30,2015-06,"创业板ETF易方达
159915.XSHE"
2015-06-30 10:52:00,止盈,创业板ETF易方达,159915.XSHE,2.348,3500.0,38300.0,240.68,11.0,2015-06-30,2015-06,"创业板ETF易方达
159915.XSHE"
2015-06-30 11:13:00,止盈,500ETF,510500.XSHG,8.432,900.0,9800.0,295.34,10.0,2015-06-30,2015-06,"500ETF
510500.XSHG"
2015-06-30 11:20:00,止盈,创业板ETF易方达,159915.XSHE,2.432,3400.0,34900.0,284.77,10.0,2015-06-30,2015-06,"创业板ETF易方达
159915.XSHE"
2015-06-30 11:29:00,止盈,创业板ETF易方达,159915.XSHE,2.524,3200.0,31700.0,293.59,10.0,2015-06-30,2015-06,"创业板ETF易方达
159915.XSHE"
2015-06-30 13:01:00,止盈,创业板ETF易方达,159915.XSHE,2.672,3100.0,28600.0,457.97,9.0,2015-06-30,2015-06,"创业板ETF易方达
159915.XSHE"
2015-06-30 13:04:00,止盈,500ETF,510500.XSHG,8.686,900.0,8900.0,227.82,9.0,2015-06-30,2015-06,"500ETF
510500.XSHG"
2015-06-30 13:56:00,止盈,500ETF,510500.XSHG,8.97,900.0,8000.0,254.79,10.0,2015-06-30,2015-06,"500ETF
510500.XSHG"
2015-07-01 09:38:00,止盈,创业板ETF易方达,159915.XSHE,2.755,2900.0,25700.0,239.9,8.0,2015-07-01,2015-07,"创业板ETF易方达
159915.XSHE"
2015-07-01 11:08:00,止盈,创业板ETF易方达,159915.XSHE,2.839,2900.0,22800.0,242.78,8.0,2015-07-01,2015-07,"创业板ETF易方达
159915.XSHE"
2015-07-01 13:13:00,加仓,创业板ETF易方达,159915.XSHE,2.75,2800.0,25600.0,,9.0,2015-07-01,2015-07,"创业板ETF易方达
159915.XSHE"
2015-07-01 13:14:00,等级校准,创业板ETF易方达,159915.XSHE,,,25600.0,,,2015-07-01,2015-07,"创业板ETF易方达
159915.XSHE"
2015-07-01 14:19:00,加仓,500ETF,510500.XSHG,8.7,800.0,8800.0,,11.0,2015-07-01,2015-07,"500ETF
510500.XSHG"
2015-07-01 14:20:00,等级校准,500ETF,510500.XSHG,,,8800.0,,,2015-07-01,2015-07,"500ETF
510500.XSHG"
2015-07-01 14:39:00,加仓,创业板ETF易方达,159915.XSHE,2.661,2900.0,28500.0,,9.0,2015-07-01,2015-07,"创业板ETF易方达
159915.XSHE"
2015-07-01 14:48:00,加仓,500ETF,510500.XSHG,8.401,900.0,9700.0,,10.0,2015-07-01,2015-07,"500ETF
510500.XSHG"
2015-07-01 14:49:00,加仓,创业板ETF易方达,159915.XSHE,2.574,3000.0,31500.0,,10.0,2015-07-01,2015-07,"创业板ETF易方达
159915.XSHE"
2015-07-02 09:35:00,加仓,500ETF,510500.XSHG,8.073,900.0,10600.0,,11.0,2015-07-02,2015-07,"500ETF
510500.XSHG"
2015-07-02 09:40:00,止盈,500ETF,510500.XSHG,8.332,900.0,9700.0,232.35,10.0,2015-07-02,2015-07,"500ETF
510500.XSHG"
2015-07-02 10:36:00,加仓,500ETF,510500.XSHG,8.066,900.0,10600.0,,11.0,2015-07-02,2015-07,"500ETF
510500.XSHG"
2015-07-02 10:43:00,止盈,500ETF,510500.XSHG,8.487,900.0,9700.0,378.14,10.0,2015-07-02,2015-07,"500ETF
510500.XSHG"
2015-07-02 10:52:00,加仓,500ETF,510500.XSHG,8.201,900.0,10600.0,,11.0,2015-07-02,2015-07,"500ETF
510500.XSHG"
2015-07-02 11:06:00,止盈,创业板ETF易方达,159915.XSHE,2.655,3100.0,28400.0,250.28,9.0,2015-07-02,2015-07,"创业板ETF易方达
159915.XSHE"
2015-07-02 13:18:00,加仓,创业板ETF易方达,159915.XSHE,2.575,3000.0,31400.0,,10.0,2015-07-02,2015-07,"创业板ETF易方达
159915.XSHE"
2015-07-02 13:53:00,加仓,创业板ETF易方达,159915.XSHE,2.497,3100.0,34500.0,,11.0,2015-07-02,2015-07,"创业板ETF易方达
159915.XSHE"
2015-07-02 13:54:00,等级校准,创业板ETF易方达,159915.XSHE,,,34500.0,,,2015-07-02,2015-07,"创业板ETF易方达
159915.XSHE"
2015-07-02 14:07:00,加仓,500ETF,510500.XSHG,7.952,900.0,11500.0,,12.0,2015-07-02,2015-07,"500ETF
510500.XSHG"
2015-07-02 14:08:00,等级校准,500ETF,510500.XSHG,,,11500.0,,,2015-07-02,2015-07,"500ETF
510500.XSHG"
2015-07-02 14:14:00,加仓,创业板ETF易方达,159915.XSHE,2.403,3200.0,37700.0,,11.0,2015-07-02,2015-07,"创业板ETF易方达
159915.XSHE"
2015-07-02 14:26:00,止盈,创业板ETF易方达,159915.XSHE,2.483,3300.0,34400.0,263.18,10.0,2015-07-02,2015-07,"创业板ETF易方达
159915.XSHE"
2015-07-02 14:49:00,止盈,创业板ETF易方达,159915.XSHE,2.573,3200.0,31200.0,287.18,10.0,2015-07-02,2015-07,"创业板ETF易方达
159915.XSHE"
2015-07-02 14:57:00,加仓,创业板ETF易方达,159915.XSHE,2.477,3100.0,34300.0,,11.0,2015-07-02,2015-07,"创业板ETF易方达
159915.XSHE"
2015-07-02 14:58:00,等级校准,创业板ETF易方达,159915.XSHE,,,34300.0,,,2015-07-02,2015-07,"创业板ETF易方达
159915.XSHE"
2015-07-03 09:31:00,加仓,创业板ETF易方达,159915.XSHE,2.402,3200.0,37500.0,,11.0,2015-07-03,2015-07,"创业板ETF易方达
159915.XSHE"
2015-07-03 09:32:00,加仓,500ETF,510500.XSHG,7.69,1000.0,12500.0,,12.0,2015-07-03,2015-07,"500ETF
510500.XSHG"
2015-07-03 09:43:00,加仓,500ETF,510500.XSHG,7.457,1000.0,13500.0,,13.0,2015-07-03,2015-07,"500ETF
510500.XSHG"
2015-07-03 10:23:00,加仓,500ETF,510500.XSHG,7.23,1000.0,14500.0,,14.0,2015-07-03,2015-07,"500ETF
510500.XSHG"
2015-07-03 10:24:00,等级校准,500ETF,510500.XSHG,,,14500.0,,,2015-07-03,2015-07,"500ETF
510500.XSHG"
2015-07-03 10:24:00,加仓,创业板ETF易方达,159915.XSHE,2.326,3300.0,40800.0,,12.0,2015-07-03,2015-07,"创业板ETF易方达
159915.XSHE"
2015-07-03 11:12:00,加仓,黄金ETF,518880.XSHG,2.313,3300.0,36000.0,,10.0,2015-07-03,2015-07,"黄金ETF
518880.XSHG"
2015-07-03 11:21:00,止盈,500ETF,510500.XSHG,7.459,1100.0,13400.0,251.08,13.0,2015-07-03,2015-07,"500ETF
510500.XSHG"
2015-07-03 11:21:00,止盈,创业板ETF易方达,159915.XSHE,2.398,3400.0,37400.0,243.98,11.0,2015-07-03,2015-07,"创业板ETF易方达
159915.XSHE"
2015-07-03 11:24:00,止盈,创业板ETF易方达,159915.XSHE,2.47,3300.0,34100.0,236.78,10.0,2015-07-03,2015-07,"创业板ETF易方达
159915.XSHE"
2015-07-03 13:02:00,止盈,500ETF,510500.XSHG,7.721,1000.0,12400.0,261.23,12.0,2015-07-03,2015-07,"500ETF
510500.XSHG"
2015-07-03 13:02:00,止盈,创业板ETF易方达,159915.XSHE,2.55,3200.0,30900.0,255.18,9.0,2015-07-03,2015-07,"创业板ETF易方达
159915.XSHE"
2015-07-03 13:19:00,止盈,500ETF,510500.XSHG,7.964,1000.0,11400.0,242.2,11.0,2015-07-03,2015-07,"500ETF
510500.XSHG"
2015-07-03 13:21:00,止盈,创业板ETF易方达,159915.XSHE,2.63,3100.0,27800.0,247.18,9.0,2015-07-03,2015-07,"创业板ETF易方达
159915.XSHE"
2015-07-03 13:38:00,加仓,500ETF,510500.XSHG,7.693,1000.0,12400.0,,12.0,2015-07-03,2015-07,"500ETF
510500.XSHG"
2015-07-03 13:38:00,加仓,创业板ETF易方达,159915.XSHE,2.549,3000.0,30800.0,,10.0,2015-07-03,2015-07,"创业板ETF易方达
159915.XSHE"
2015-07-03 13:39:00,等级校准,创业板ETF易方达,159915.XSHE,,,30800.0,,,2015-07-03,2015-07,"创业板ETF易方达
159915.XSHE"
2015-07-03 14:01:00,加仓,500ETF,510500.XSHG,7.462,1000.0,13400.0,,13.0,2015-07-03,2015-07,"500ETF
510500.XSHG"
2015-07-03 14:34:00,加仓,创业板ETF易方达,159915.XSHE,2.467,3100.0,33900.0,,10.0,2015-07-03,2015-07,"创业板ETF易方达
159915.XSHE"
2015-07-06 09:31:00,止盈,500ETF,510500.XSHG,8.148,1000.0,12400.0,685.19,13.0,2015-07-06,2015-07,"500ETF
510500.XSHG"
2015-07-06 09:31:00,止盈,创业板ETF易方达,159915.XSHE,2.683,3200.0,30700.0,690.34,10.0,2015-07-06,2015-07,"创业板ETF易方达
159915.XSHE"
2015-07-06 09:34:00,加仓,500ETF,510500.XSHG,7.801,900.0,13300.0,,14.0,2015-07-06,2015-07,"500ETF
510500.XSHG"
2015-07-06 09:34:00,加仓,创业板ETF易方达,159915.XSHE,2.595,2900.0,33600.0,,11.0,2015-07-06,2015-07,"创业板ETF易方达
159915.XSHE"
2015-07-06 09:35:00,等级校准,500ETF,510500.XSHG,,,13300.0,,,2015-07-06,2015-07,"500ETF
510500.XSHG"
2015-07-06 09:55:00,加仓,创业板ETF易方达,159915.XSHE,2.513,3000.0,36600.0,,12.0,2015-07-06,2015-07,"创业板ETF易方达
159915.XSHE"
2015-07-06 09:56:00,等级校准,创业板ETF易方达,159915.XSHE,,,36600.0,,,2015-07-06,2015-07,"创业板ETF易方达
159915.XSHE"
2015-07-06 10:00:00,加仓,500ETF,510500.XSHG,7.514,1000.0,14300.0,,14.0,2015-07-06,2015-07,"500ETF
510500.XSHG"
2015-07-06 10:41:00,加仓,创业板ETF易方达,159915.XSHE,2.432,3100.0,39700.0,,12.0,2015-07-06,2015-07,"创业板ETF易方达
159915.XSHE"
2015-07-06 11:14:00,加仓,创业板ETF易方达,159915.XSHE,2.353,3200.0,42900.0,,13.0,2015-07-06,2015-07,"创业板ETF易方达
159915.XSHE"
2015-07-06 11:15:00,加仓,500ETF,510500.XSHG,7.219,1000.0,15300.0,,15.0,2015-07-06,2015-07,"500ETF
510500.XSHG"
2015-07-06 11:16:00,等级校准,500ETF,510500.XSHG,,,15300.0,,,2015-07-06,2015-07,"500ETF
510500.XSHG"
2015-07-06 11:19:00,加仓,500ETF,510500.XSHG,6.987,1100.0,16400.0,,14.0,2015-07-06,2015-07,"500ETF
510500.XSHG"
2015-07-06 11:20:00,加仓,创业板ETF易方达,159915.XSHE,2.273,3300.0,46200.0,,14.0,2015-07-06,2015-07,"创业板ETF易方达
159915.XSHE"
2015-07-06 11:21:00,等级校准,创业板ETF易方达,159915.XSHE,,,46200.0,,,2015-07-06,2015-07,"创业板ETF易方达
159915.XSHE"
2015-07-06 11:25:00,止盈,500ETF,510500.XSHG,7.21,1100.0,15300.0,244.51,13.0,2015-07-06,2015-07,"500ETF
510500.XSHG"
2015-07-06 11:26:00,止盈,创业板ETF易方达,159915.XSHE,2.347,3500.0,42700.0,258.18,12.0,2015-07-06,2015-07,"创业板ETF易方达
159915.XSHE"
2015-07-06 13:03:00,加仓,500ETF,510500.XSHG,6.965,1100.0,16400.0,,14.0,2015-07-06,2015-07,"500ETF
510500.XSHG"
2015-07-06 13:04:00,加仓,创业板ETF易方达,159915.XSHE,2.265,3400.0,46100.0,,13.0,2015-07-06,2015-07,"创业板ETF易方达
159915.XSHE"
2015-07-06 14:42:00,止盈,500ETF,510500.XSHG,7.249,1100.0,15300.0,311.6,13.0,2015-07-06,2015-07,"500ETF
510500.XSHG"
2015-07-06 14:48:00,止盈,创业板ETF易方达,159915.XSHE,2.356,3500.0,42600.0,317.68,12.0,2015-07-06,2015-07,"创业板ETF易方达
159915.XSHE"
2015-07-07 09:31:00,加仓,创业板ETF易方达,159915.XSHE,2.24,3300.0,45900.0,,13.0,2015-07-07,2015-07,"创业板ETF易方达
159915.XSHE"
2015-07-07 09:36:00,加仓,纳指ETF,513100.XSHG,1.383,5600.0,56800.0,,10.0,2015-07-07,2015-07,"纳指ETF
513100.XSHG"
2015-07-07 09:37:00,等级校准,纳指ETF,513100.XSHG,,,56800.0,,,2015-07-07,2015-07,"纳指ETF
513100.XSHG"
2015-07-07 09:43:00,加仓,500ETF,510500.XSHG,7.027,1100.0,16400.0,,14.0,2015-07-07,2015-07,"500ETF
510500.XSHG"
2015-07-07 09:43:00,加仓,创业板ETF易方达,159915.XSHE,2.171,3500.0,49400.0,,14.0,2015-07-07,2015-07,"创业板ETF易方达
159915.XSHE"
2015-07-07 09:44:00,等级校准,创业板ETF易方达,159915.XSHE,,,49400.0,,,2015-07-07,2015-07,"创业板ETF易方达
159915.XSHE"
2015-07-07 10:30:00,加仓,创业板ETF易方达,159915.XSHE,2.103,3600.0,53000.0,,14.0,2015-07-07,2015-07,"创业板ETF易方达
159915.XSHE"
2015-07-07 10:31:00,等级校准,创业板ETF易方达,159915.XSHE,,,53000.0,,,2015-07-07,2015-07,"创业板ETF易方达
159915.XSHE"
2015-07-07 10:39:00,加仓,500ETF,510500.XSHG,6.763,1100.0,17500.0,,15.0,2015-07-07,2015-07,"500ETF
510500.XSHG"
2015-07-08 09:31:00,加仓,500ETF,510500.XSHG,6.16,1100.0,18600.0,,16.0,2015-07-08,2015-07,"500ETF
510500.XSHG"
2015-07-08 09:31:00,加仓,创业板ETF易方达,159915.XSHE,1.887,3800.0,56800.0,,14.0,2015-07-08,2015-07,"创业板ETF易方达
159915.XSHE"
2015-07-08 09:32:00,等级校准,500ETF,510500.XSHG,,,18600.0,,,2015-07-08,2015-07,"500ETF
510500.XSHG"
2015-07-08 09:32:00,等级校准,创业板ETF易方达,159915.XSHE,,,56800.0,,,2015-07-08,2015-07,"创业板ETF易方达
159915.XSHE"
2015-07-08 09:48:00,止盈,纳指ETF,513100.XSHG,1.425,5700.0,51100.0,238.59,9.0,2015-07-08,2015-07,"纳指ETF
513100.XSHG"
2015-07-08 10:04:00,加仓,黄金ETF,518880.XSHG,2.241,3400.0,39400.0,,11.0,2015-07-08,2015-07,"黄金ETF
518880.XSHG"
2015-07-08 10:57:00,止盈,创业板ETF易方达,159915.XSHE,1.955,4200.0,52600.0,284.78,13.0,2015-07-08,2015-07,"创业板ETF易方达
159915.XSHE"
2015-07-08 11:21:00,加仓,创业板ETF易方达,159915.XSHE,1.895,4000.0,56600.0,,14.0,2015-07-08,2015-07,"创业板ETF易方达
159915.XSHE"
2015-07-08 11:22:00,等级校准,创业板ETF易方达,159915.XSHE,,,56600.0,,,2015-07-08,2015-07,"创业板ETF易方达
159915.XSHE"
2015-07-08 13:01:00,止盈,创业板ETF易方达,159915.XSHE,1.975,4200.0,52400.0,335.17,13.0,2015-07-08,2015-07,"创业板ETF易方达
159915.XSHE"
2015-07-08 13:03:00,止盈,500ETF,510500.XSHG,6.362,1200.0,17400.0,241.64,14.0,2015-07-08,2015-07,"500ETF
510500.XSHG"
2015-07-08 13:24:00,加仓,创业板ETF易方达,159915.XSHE,1.909,4000.0,56400.0,,14.0,2015-07-08,2015-07,"创业板ETF易方达
159915.XSHE"
2015-07-08 13:25:00,等级校准,创业板ETF易方达,159915.XSHE,,,56400.0,,,2015-07-08,2015-07,"创业板ETF易方达
159915.XSHE"
2015-07-08 13:26:00,加仓,纳指ETF,513100.XSHG,1.343,5600.0,56700.0,,10.0,2015-07-08,2015-07,"纳指ETF
513100.XSHG"
2015-07-08 13:27:00,等级校准,纳指ETF,513100.XSHG,,,56700.0,,,2015-07-08,2015-07,"纳指ETF
513100.XSHG"
2015-07-08 13:29:00,止盈,纳指ETF,513100.XSHG,1.39,5900.0,50800.0,276.48,8.0,2015-07-08,2015-07,"纳指ETF
513100.XSHG"
2015-07-08 13:53:00,加仓,500ETF,510500.XSHG,6.161,1200.0,18600.0,,15.0,2015-07-08,2015-07,"500ETF
510500.XSHG"
2015-07-09 09:37:00,加仓,500ETF,510500.XSHG,5.942,1200.0,19800.0,,16.0,2015-07-09,2015-07,"500ETF
510500.XSHG"
2015-07-09 09:38:00,等级校准,500ETF,510500.XSHG,,,19800.0,,,2015-07-09,2015-07,"500ETF
510500.XSHG"
2015-07-09 09:38:00,止盈,500ETF,510500.XSHG,6.142,1300.0,18500.0,259.2,14.0,2015-07-09,2015-07,"500ETF
510500.XSHG"
2015-07-09 09:43:00,止盈,创业板ETF易方达,159915.XSHE,1.969,4100.0,52300.0,245.19,13.0,2015-07-09,2015-07,"创业板ETF易方达
159915.XSHE"
2015-07-09 09:50:00,止盈,创业板ETF易方达,159915.XSHE,2.042,4000.0,48300.0,291.18,12.0,2015-07-09,2015-07,"创业板ETF易方达
159915.XSHE"
2015-07-09 09:51:00,止盈,500ETF,510500.XSHG,6.339,1300.0,17200.0,255.28,14.0,2015-07-09,2015-07,"500ETF
510500.XSHG"
2015-07-09 09:55:00,止盈,500ETF,510500.XSHG,6.58,1200.0,16000.0,288.41,13.0,2015-07-09,2015-07,"500ETF
510500.XSHG"
2015-07-09 14:08:00,止盈,黄金ETF,518880.XSHG,2.311,3500.0,35900.0,244.19,10.0,2015-07-09,2015-07,"黄金ETF
518880.XSHG"
2015-07-10 09:31:00,止盈,500ETF,510500.XSHG,7.135,1200.0,14800.0,665.14,13.0,2015-07-10,2015-07,"500ETF
510500.XSHG"
2015-07-10 09:31:00,止盈,创业板ETF易方达,159915.XSHE,2.283,3900.0,44400.0,939.01,12.0,2015-07-10,2015-07,"创业板ETF易方达
159915.XSHE"
2015-07-10 09:37:00,止盈,500ETF,510500.XSHG,7.419,1100.0,13700.0,311.58,13.0,2015-07-10,2015-07,"500ETF
510500.XSHG"
2015-07-13 09:31:00,止盈,500ETF,510500.XSHG,7.737,1000.0,12700.0,317.23,12.0,2015-07-13,2015-07,"500ETF
510500.XSHG"
2015-07-13 09:31:00,止盈,创业板ETF易方达,159915.XSHE,2.518,3500.0,40900.0,821.62,13.0,2015-07-13,2015-07,"创业板ETF易方达
159915.XSHE"
2015-07-13 11:10:00,止盈,500ETF,510500.XSHG,7.999,1000.0,11700.0,261.2,11.0,2015-07-13,2015-07,"500ETF
510500.XSHG"
2015-07-14 09:32:00,止盈,创业板ETF易方达,159915.XSHE,2.603,3100.0,37800.0,262.69,12.0,2015-07-14,2015-07,"创业板ETF易方达
159915.XSHE"
2015-07-14 09:38:00,止盈,创业板ETF易方达,159915.XSHE,2.682,3000.0,34800.0,236.2,12.0,2015-07-14,2015-07,"创业板ETF易方达
159915.XSHE"
2015-07-14 10:16:00,止盈,纳指ETF,513100.XSHG,1.434,5700.0,45100.0,249.98,8.0,2015-07-14,2015-07,"纳指ETF
513100.XSHG"
2015-07-14 10:38:00,止盈,创业板ETF易方达,159915.XSHE,2.77,2900.0,31900.0,254.4,11.0,2015-07-14,2015-07,"创业板ETF易方达
159915.XSHE"
2015-07-14 10:40:00,止盈,500ETF,510500.XSHG,8.268,1000.0,10700.0,268.17,11.0,2015-07-14,2015-07,"500ETF
510500.XSHG"
2015-07-14 11:28:00,加仓,创业板ETF易方达,159915.XSHE,2.681,2800.0,34700.0,,12.0,2015-07-14,2015-07,"创业板ETF易方达
159915.XSHE"
2015-07-14 11:29:00,等级校准,创业板ETF易方达,159915.XSHE,,,34700.0,,,2015-07-14,2015-07,"创业板ETF易方达
159915.XSHE"
2015-07-14 13:01:00,加仓,500ETF,510500.XSHG,8.004,900.0,11600.0,,12.0,2015-07-14,2015-07,"500ETF
510500.XSHG"
2015-07-14 13:25:00,加仓,创业板ETF易方达,159915.XSHE,2.589,2900.0,37600.0,,12.0,2015-07-14,2015-07,"创业板ETF易方达
159915.XSHE"
2015-07-14 14:32:00,止盈,创业板ETF易方达,159915.XSHE,2.702,3000.0,34600.0,338.19,11.0,2015-07-14,2015-07,"创业板ETF易方达
159915.XSHE"
2015-07-15 09:31:00,加仓,创业板ETF易方达,159915.XSHE,2.586,2900.0,37500.0,,12.0,2015-07-15,2015-07,"创业板ETF易方达
159915.XSHE"
2015-07-15 09:51:00,加仓,500ETF,510500.XSHG,7.756,900.0,12500.0,,13.0,2015-07-15,2015-07,"500ETF
510500.XSHG"
2015-07-15 09:52:00,等级校准,500ETF,510500.XSHG,,,12500.0,,,2015-07-15,2015-07,"500ETF
510500.XSHG"
2015-07-15 10:59:00,加仓,创业板ETF易方达,159915.XSHE,2.508,3000.0,40500.0,,13.0,2015-07-15,2015-07,"创业板ETF易方达
159915.XSHE"
2015-07-15 13:14:00,加仓,500ETF,510500.XSHG,7.51,1000.0,13500.0,,13.0,2015-07-15,2015-07,"500ETF
510500.XSHG"
2015-07-15 13:19:00,加仓,创业板ETF易方达,159915.XSHE,2.431,3100.0,43600.0,,14.0,2015-07-15,2015-07,"创业板ETF易方达
159915.XSHE"
2015-07-15 13:20:00,等级校准,创业板ETF易方达,159915.XSHE,,,43600.0,,,2015-07-15,2015-07,"创业板ETF易方达
159915.XSHE"
2015-07-15 14:43:00,加仓,500ETF,510500.XSHG,7.267,1000.0,14500.0,,14.0,2015-07-15,2015-07,"500ETF
510500.XSHG"
2015-07-15 14:44:00,等级校准,500ETF,510500.XSHG,,,14500.0,,,2015-07-15,2015-07,"500ETF
510500.XSHG"
2015-07-16 09:31:00,加仓,创业板ETF易方达,159915.XSHE,2.302,3200.0,46800.0,,14.0,2015-07-16,2015-07,"创业板ETF易方达
159915.XSHE"
2015-07-16 09:32:00,等级校准,创业板ETF易方达,159915.XSHE,,,46800.0,,,2015-07-16,2015-07,"创业板ETF易方达
159915.XSHE"
2015-07-16 09:34:00,加仓,500ETF,510500.XSHG,6.993,1100.0,15600.0,,14.0,2015-07-16,2015-07,"500ETF
510500.XSHG"
2015-07-16 09:45:00,止盈,500ETF,510500.XSHG,7.238,1100.0,14500.0,268.7,13.0,2015-07-16,2015-07,"500ETF
510500.XSHG"
2015-07-16 09:45:00,止盈,创业板ETF易方达,159915.XSHE,2.372,3400.0,43400.0,237.19,13.0,2015-07-16,2015-07,"创业板ETF易方达
159915.XSHE"
2015-07-16 09:55:00,止盈,500ETF,510500.XSHG,7.479,1100.0,13400.0,264.28,13.0,2015-07-16,2015-07,"500ETF
510500.XSHG"
2015-07-16 09:55:00,止盈,创业板ETF易方达,159915.XSHE,2.459,3300.0,40100.0,286.29,12.0,2015-07-16,2015-07,"创业板ETF易方达
159915.XSHE"
2015-07-16 10:56:00,止盈,500ETF,510500.XSHG,7.707,1000.0,12400.0,227.23,12.0,2015-07-16,2015-07,"500ETF
510500.XSHG"
2015-07-16 10:58:00,止盈,创业板ETF易方达,159915.XSHE,2.538,3200.0,36900.0,251.99,11.0,2015-07-16,2015-07,"创业板ETF易方达
159915.XSHE"
2015-07-16 13:23:00,加仓,创业板ETF易方达,159915.XSHE,2.461,3100.0,40000.0,,12.0,2015-07-16,2015-07,"创业板ETF易方达
159915.XSHE"
2015-07-16 13:53:00,加仓,500ETF,510500.XSHG,7.455,1000.0,13400.0,,13.0,2015-07-16,2015-07,"500ETF
510500.XSHG"
2015-07-17 09:31:00,止盈,500ETF,510500.XSHG,7.719,1000.0,12400.0,263.23,12.0,2015-07-17,2015-07,"500ETF
510500.XSHG"
2015-07-17 09:53:00,止盈,创业板ETF易方达,159915.XSHE,2.546,3200.0,36800.0,271.19,11.0,2015-07-17,2015-07,"创业板ETF易方达
159915.XSHE"
2015-07-17 13:48:00,止盈,500ETF,510500.XSHG,7.961,1000.0,11400.0,241.2,11.0,2015-07-17,2015-07,"500ETF
510500.XSHG"
2015-07-17 13:50:00,止盈,创业板ETF易方达,159915.XSHE,2.628,3100.0,33700.0,253.39,11.0,2015-07-17,2015-07,"创业板ETF易方达
159915.XSHE"
2015-07-17 14:39:00,止盈,创业板ETF易方达,159915.XSHE,2.708,3000.0,30700.0,239.19,10.0,2015-07-17,2015-07,"创业板ETF易方达
159915.XSHE"
2015-07-17 14:50:00,止盈,纳指ETF,513100.XSHG,1.479,5500.0,39600.0,246.69,7.0,2015-07-17,2015-07,"纳指ETF
513100.XSHG"
2015-07-20 09:39:00,加仓,黄金ETF,518880.XSHG,2.241,3400.0,39300.0,,11.0,2015-07-20,2015-07,"黄金ETF
518880.XSHG"
2015-07-20 09:55:00,止盈,500ETF,510500.XSHG,8.245,1000.0,10400.0,283.18,11.0,2015-07-20,2015-07,"500ETF
510500.XSHG"
2015-07-20 10:04:00,止盈,纳指ETF,513100.XSHG,1.525,5400.0,34200.0,247.58,6.0,2015-07-20,2015-07,"纳指ETF
513100.XSHG"
2015-07-20 11:04:00,加仓,500ETF,510500.XSHG,7.985,900.0,11300.0,,12.0,2015-07-20,2015-07,"500ETF
510500.XSHG"
2015-07-20 11:04:00,加仓,创业板ETF易方达,159915.XSHE,2.626,2900.0,33600.0,,11.0,2015-07-20,2015-07,"创业板ETF易方达
159915.XSHE"
2015-07-20 11:05:00,等级校准,500ETF,510500.XSHG,,,11300.0,,,2015-07-20,2015-07,"500ETF
510500.XSHG"
2015-07-20 13:06:00,止盈,创业板ETF易方达,159915.XSHE,2.707,3000.0,30600.0,242.19,10.0,2015-07-20,2015-07,"创业板ETF易方达
159915.XSHE"
2015-07-20 14:29:00,止盈,500ETF,510500.XSHG,8.227,1000.0,10300.0,241.18,11.0,2015-07-20,2015-07,"500ETF
510500.XSHG"
2015-07-21 09:31:00,加仓,500ETF,510500.XSHG,7.972,900.0,11200.0,,12.0,2015-07-21,2015-07,"500ETF
510500.XSHG"
2015-07-21 09:32:00,等级校准,500ETF,510500.XSHG,,,11200.0,,,2015-07-21,2015-07,"500ETF
510500.XSHG"
2015-07-21 10:28:00,止盈,500ETF,510500.XSHG,8.212,1000.0,10200.0,239.18,11.0,2015-07-21,2015-07,"500ETF
510500.XSHG"
2015-07-23 11:05:00,止盈,500ETF,510500.XSHG,8.459,900.0,9300.0,221.54,10.0,2015-07-23,2015-07,"500ETF
510500.XSHG"
2015-07-23 13:03:00,止盈,创业板ETF易方达,159915.XSHE,2.793,2900.0,27700.0,248.59,9.0,2015-07-23,2015-07,"创业板ETF易方达
159915.XSHE"
2015-07-24 10:10:00,止盈,500ETF,510500.XSHG,8.713,900.0,8400.0,227.82,9.0,2015-07-24,2015-07,"500ETF
510500.XSHG"
2015-07-24 14:51:00,加仓,500ETF,510500.XSHG,8.45,900.0,9300.0,,10.0,2015-07-24,2015-07,"500ETF
510500.XSHG"
2015-07-24 14:51:00,加仓,创业板ETF易方达,159915.XSHE,2.695,2800.0,30500.0,,10.0,2015-07-24,2015-07,"创业板ETF易方达
159915.XSHE"
2015-07-27 10:00:00,加仓,纳指ETF,513100.XSHG,1.479,5200.0,39400.0,,7.0,2015-07-27,2015-07,"纳指ETF
513100.XSHG"
2015-07-27 13:28:00,加仓,创业板ETF易方达,159915.XSHE,2.609,2900.0,33400.0,,11.0,2015-07-27,2015-07,"创业板ETF易方达
159915.XSHE"
2015-07-27 14:16:00,加仓,500ETF,510500.XSHG,8.192,900.0,10200.0,,11.0,2015-07-27,2015-07,"500ETF
510500.XSHG"
2015-07-27 14:37:00,加仓,500ETF,510500.XSHG,7.918,900.0,11100.0,,12.0,2015-07-27,2015-07,"500ETF
510500.XSHG"
2015-07-27 14:38:00,等级校准,500ETF,510500.XSHG,,,11100.0,,,2015-07-27,2015-07,"500ETF
510500.XSHG"
2015-07-27 14:40:00,加仓,创业板ETF易方达,159915.XSHE,2.518,3000.0,36400.0,,12.0,2015-07-27,2015-07,"创业板ETF易方达
159915.XSHE"
2015-07-27 14:41:00,等级校准,创业板ETF易方达,159915.XSHE,,,36400.0,,,2015-07-27,2015-07,"创业板ETF易方达
159915.XSHE"
2015-07-28 09:31:00,加仓,500ETF,510500.XSHG,7.531,1000.0,12100.0,,12.0,2015-07-28,2015-07,"500ETF
510500.XSHG"
2015-07-28 09:31:00,加仓,创业板ETF易方达,159915.XSHE,2.381,3100.0,39500.0,,12.0,2015-07-28,2015-07,"创业板ETF易方达
159915.XSHE"
2015-07-28 09:32:00,等级校准,创业板ETF易方达,159915.XSHE,,,39500.0,,,2015-07-28,2015-07,"创业板ETF易方达
159915.XSHE"
2015-07-28 10:45:00,止盈,创业板ETF易方达,159915.XSHE,2.456,3300.0,36200.0,246.69,11.0,2015-07-28,2015-07,"创业板ETF易方达
159915.XSHE"
2015-07-28 10:55:00,止盈,500ETF,510500.XSHG,7.782,1000.0,11100.0,250.22,11.0,2015-07-28,2015-07,"500ETF
510500.XSHG"
2015-07-28 10:59:00,止盈,创业板ETF易方达,159915.XSHE,2.532,3200.0,33000.0,242.39,10.0,2015-07-28,2015-07,"创业板ETF易方达
159915.XSHE"
2015-07-28 11:21:00,加仓,创业板ETF易方达,159915.XSHE,2.443,3100.0,36100.0,,11.0,2015-07-28,2015-07,"创业板ETF易方达
159915.XSHE"
2015-07-29 10:30:00,加仓,创业板ETF易方达,159915.XSHE,2.357,3200.0,39300.0,,12.0,2015-07-29,2015-07,"创业板ETF易方达
159915.XSHE"
2015-07-29 10:31:00,等级校准,创业板ETF易方达,159915.XSHE,,,39300.0,,,2015-07-29,2015-07,"创业板ETF易方达
159915.XSHE"
2015-07-29 13:22:00,加仓,500ETF,510500.XSHG,7.522,1000.0,12100.0,,12.0,2015-07-29,2015-07,"500ETF
510500.XSHG"
2015-07-29 13:34:00,加仓,创业板ETF易方达,159915.XSHE,2.281,3300.0,42600.0,,12.0,2015-07-29,2015-07,"创业板ETF易方达
159915.XSHE"
2015-07-29 13:59:00,止盈,创业板ETF易方达,159915.XSHE,2.357,3500.0,39100.0,265.18,11.0,2015-07-29,2015-07,"创业板ETF易方达
159915.XSHE"
2015-07-29 14:25:00,止盈,500ETF,510500.XSHG,7.766,1000.0,11100.0,243.22,11.0,2015-07-29,2015-07,"500ETF
510500.XSHG"
2015-07-29 14:27:00,止盈,创业板ETF易方达,159915.XSHE,2.444,3300.0,35800.0,286.29,11.0,2015-07-29,2015-07,"创业板ETF易方达
159915.XSHE"
2015-07-29 14:51:00,止盈,500ETF,510500.XSHG,8.005,1000.0,10100.0,238.2,11.0,2015-07-29,2015-07,"500ETF
510500.XSHG"
2015-07-29 14:51:00,止盈,创业板ETF易方达,159915.XSHE,2.526,3200.0,32600.0,261.59,10.0,2015-07-29,2015-07,"创业板ETF易方达
159915.XSHE"
2015-07-30 14:48:00,止盈,500ETF,510500.XSHG,8.377,900.0,9200.0,334.05,10.0,2015-07-30,2015-07,"500ETF
510500.XSHG"
2015-07-30 14:48:00,加仓,创业板ETF易方达,159915.XSHE,2.45,3100.0,35700.0,,11.0,2015-07-30,2015-07,"创业板ETF易方达
159915.XSHE"
2015-07-30 14:49:00,加仓,500ETF,510500.XSHG,8.037,900.0,10100.0,,11.0,2015-07-30,2015-07,"500ETF
510500.XSHG"
2015-07-31 09:31:00,止盈,纳指ETF,513100.XSHG,1.537,5400.0,34000.0,312.37,6.0,2015-07-31,2015-07,"纳指ETF
513100.XSHG"
2015-07-31 09:31:00,加仓,500ETF,510500.XSHG,7.791,900.0,11000.0,,12.0,2015-07-31,2015-07,"500ETF
510500.XSHG"
2015-07-31 09:31:00,加仓,创业板ETF易方达,159915.XSHE,2.361,3200.0,38900.0,,12.0,2015-07-31,2015-07,"创业板ETF易方达
159915.XSHE"
2015-07-31 09:32:00,等级校准,500ETF,510500.XSHG,,,11000.0,,,2015-07-31,2015-07,"500ETF
510500.XSHG"
2015-07-31 09:32:00,等级校准,创业板ETF易方达,159915.XSHE,,,38900.0,,,2015-07-31,2015-07,"创业板ETF易方达
159915.XSHE"
2015-07-31 09:59:00,加仓,黄金ETF,518880.XSHG,2.172,3500.0,42800.0,,12.0,2015-07-31,2015-07,"黄金ETF
518880.XSHG"
2015-07-31 10:00:00,等级校准,黄金ETF,518880.XSHG,,,42800.0,,,2015-07-31,2015-07,"黄金ETF
518880.XSHG"
2015-07-31 10:17:00,止盈,创业板ETF易方达,159915.XSHE,2.436,3300.0,35600.0,246.7,11.0,2015-07-31,2015-07,"创业板ETF易方达
159915.XSHE"
2015-07-31 14:45:00,加仓,创业板ETF易方达,159915.XSHE,2.356,3200.0,38800.0,,12.0,2015-07-31,2015-07,"创业板ETF易方达
159915.XSHE"
2015-07-31 14:46:00,等级校准,创业板ETF易方达,159915.XSHE,,,38800.0,,,2015-07-31,2015-07,"创业板ETF易方达
159915.XSHE"
2015-08-03 09:40:00,加仓,500ETF,510500.XSHG,7.541,1000.0,12000.0,,12.0,2015-08-03,2015-08,"500ETF
510500.XSHG"
2015-08-03 11:02:00,加仓,创业板ETF易方达,159915.XSHE,2.285,3300.0,42100.0,,12.0,2015-08-03,2015-08,"创业板ETF易方达
159915.XSHE"
2015-08-04 13:02:00,止盈,500ETF,510500.XSHG,7.778,1000.0,11000.0,236.22,11.0,2015-08-04,2015-08,"500ETF
510500.XSHG"
2015-08-04 13:10:00,止盈,创业板ETF易方达,159915.XSHE,2.357,3500.0,38600.0,251.18,11.0,2015-08-04,2015-08,"创业板ETF易方达
159915.XSHE"
2015-08-04 14:52:00,止盈,500ETF,510500.XSHG,8.066,1000.0,10000.0,287.19,11.0,2015-08-04,2015-08,"500ETF
510500.XSHG"
2015-08-04 14:55:00,止盈,创业板ETF易方达,159915.XSHE,2.43,3300.0,35300.0,240.1,11.0,2015-08-04,2015-08,"创业板ETF易方达
159915.XSHE"
2015-08-05 13:01:00,加仓,创业板ETF易方达,159915.XSHE,2.354,3200.0,38500.0,,12.0,2015-08-05,2015-08,"创业板ETF易方达
159915.XSHE"
2015-08-05 13:02:00,等级校准,创业板ETF易方达,159915.XSHE,,,38500.0,,,2015-08-05,2015-08,"创业板ETF易方达
159915.XSHE"
2015-08-06 09:31:00,加仓,500ETF,510500.XSHG,7.72,900.0,10900.0,,12.0,2015-08-06,2015-08,"500ETF
510500.XSHG"
2015-08-06 09:32:00,等级校准,500ETF,510500.XSHG,,,10900.0,,,2015-08-06,2015-08,"500ETF
510500.XSHG"
2015-08-06 10:41:00,止盈,500ETF,510500.XSHG,7.964,1000.0,9900.0,243.2,9.0,2015-08-06,2015-08,"500ETF
510500.XSHG"
2015-08-07 10:17:00,止盈,创业板ETF易方达,159915.XSHE,2.425,3300.0,35200.0,233.5,11.0,2015-08-07,2015-08,"创业板ETF易方达
159915.XSHE"
2015-08-10 09:31:00,止盈,500ETF,510500.XSHG,8.204,1000.0,8900.0,239.18,9.0,2015-08-10,2015-08,"500ETF
510500.XSHG"
2015-08-10 10:24:00,止盈,创业板ETF易方达,159915.XSHE,2.5,3200.0,32000.0,239.2,10.0,2015-08-10,2015-08,"创业板ETF易方达
159915.XSHE"
2015-08-10 13:14:00,止盈,创业板ETF易方达,159915.XSHE,2.577,3200.0,28800.0,245.58,9.0,2015-08-10,2015-08,"创业板ETF易方达
159915.XSHE"
2015-08-10 13:59:00,止盈,500ETF,510500.XSHG,8.453,900.0,8000.0,223.34,8.0,2015-08-10,2015-08,"500ETF
510500.XSHG"
2015-08-10 14:49:00,加仓,纳指ETF,513100.XSHG,1.49,5200.0,39200.0,,7.0,2015-08-10,2015-08,"纳指ETF
513100.XSHG"
2015-08-11 10:42:00,止盈,黄金ETF,518880.XSHG,2.239,3600.0,39200.0,240.39,11.0,2015-08-11,2015-08,"黄金ETF
518880.XSHG"
2015-08-11 13:38:00,止盈,纳指ETF,513100.XSHG,1.536,5300.0,33900.0,242.99,6.0,2015-08-11,2015-08,"纳指ETF
513100.XSHG"
2015-08-12 13:13:00,止盈,黄金ETF,518880.XSHG,2.307,3500.0,35700.0,237.19,10.0,2015-08-12,2015-08,"黄金ETF
518880.XSHG"
2015-08-12 14:54:00,加仓,创业板ETF易方达,159915.XSHE,2.496,3100.0,31900.0,,10.0,2015-08-12,2015-08,"创业板ETF易方达
159915.XSHE"
2015-08-12 14:55:00,等级校准,创业板ETF易方达,159915.XSHE,,,31900.0,,,2015-08-12,2015-08,"创业板ETF易方达
159915.XSHE"
2015-08-14 09:31:00,止盈,500ETF,510500.XSHG,8.718,900.0,7100.0,237.72,7.0,2015-08-14,2015-08,"500ETF
510500.XSHG"
2015-08-14 09:31:00,止盈,创业板ETF易方达,159915.XSHE,2.586,3200.0,28700.0,287.17,9.0,2015-08-14,2015-08,"创业板ETF易方达
159915.XSHE"
2015-08-17 09:54:00,加仓,创业板ETF易方达,159915.XSHE,2.502,3000.0,31700.0,,10.0,2015-08-17,2015-08,"创业板ETF易方达
159915.XSHE"
2015-08-18 09:56:00,止盈,创业板ETF易方达,159915.XSHE,2.58,3100.0,28600.0,241.0,9.0,2015-08-18,2015-08,"创业板ETF易方达
159915.XSHE"
2015-08-18 13:12:00,加仓,创业板ETF易方达,159915.XSHE,2.501,3100.0,31700.0,,10.0,2015-08-18,2015-08,"创业板ETF易方达
159915.XSHE"
2015-08-18 13:34:00,加仓,500ETF,510500.XSHG,8.424,900.0,8000.0,,8.0,2015-08-18,2015-08,"500ETF
510500.XSHG"
2015-08-18 14:20:00,加仓,创业板ETF易方达,159915.XSHE,2.423,3100.0,34800.0,,11.0,2015-08-18,2015-08,"创业板ETF易方达
159915.XSHE"
2015-08-18 14:21:00,等级校准,创业板ETF易方达,159915.XSHE,,,34800.0,,,2015-08-18,2015-08,"创业板ETF易方达
159915.XSHE"
2015-08-18 14:44:00,加仓,创业板ETF易方达,159915.XSHE,2.343,3300.0,38100.0,,11.0,2015-08-18,2015-08,"创业板ETF易方达
159915.XSHE"
2015-08-18 14:47:00,加仓,500ETF,510500.XSHG,8.145,900.0,8900.0,,9.0,2015-08-18,2015-08,"500ETF
510500.XSHG"
2015-08-18 14:50:00,止盈,纳指ETF,513100.XSHG,1.595,5200.0,28700.0,305.97,5.0,2015-08-18,2015-08,"纳指ETF
513100.XSHG"
2015-08-19 10:58:00,加仓,500ETF,510500.XSHG,7.897,900.0,9800.0,,10.0,2015-08-19,2015-08,"500ETF
510500.XSHG"
2015-08-19 10:59:00,等级校准,500ETF,510500.XSHG,,,9800.0,,,2015-08-19,2015-08,"500ETF
510500.XSHG"
2015-08-19 11:04:00,加仓,创业板ETF易方达,159915.XSHE,2.264,3400.0,41500.0,,12.0,2015-08-19,2015-08,"创业板ETF易方达
159915.XSHE"
2015-08-19 11:05:00,等级校准,创业板ETF易方达,159915.XSHE,,,41500.0,,,2015-08-19,2015-08,"创业板ETF易方达
159915.XSHE"
2015-08-19 13:40:00,止盈,创业板ETF易方达,159915.XSHE,2.332,3500.0,38000.0,237.18,11.0,2015-08-19,2015-08,"创业板ETF易方达
159915.XSHE"
2015-08-19 14:06:00,止盈,500ETF,510500.XSHG,8.141,1000.0,8800.0,243.19,9.0,2015-08-19,2015-08,"500ETF
510500.XSHG"
2015-08-19 14:33:00,止盈,创业板ETF易方达,159915.XSHE,2.41,3400.0,34600.0,264.38,10.0,2015-08-19,2015-08,"创业板ETF易方达
159915.XSHE"
2015-08-19 14:36:00,止盈,500ETF,510500.XSHG,8.398,900.0,7900.0,230.54,8.0,2015-08-19,2015-08,"500ETF
510500.XSHG"
2015-08-20 09:31:00,加仓,纳指ETF,513100.XSHG,1.542,5000.0,33700.0,,6.0,2015-08-20,2015-08,"纳指ETF
513100.XSHG"
2015-08-20 14:33:00,加仓,500ETF,510500.XSHG,8.136,900.0,8800.0,,9.0,2015-08-20,2015-08,"500ETF
510500.XSHG"
2015-08-21 09:31:00,加仓,纳指ETF,513100.XSHG,1.494,5100.0,38800.0,,7.0,2015-08-21,2015-08,"纳指ETF
513100.XSHG"
2015-08-21 09:31:00,止盈,黄金ETF,518880.XSHG,2.396,3400.0,32300.0,301.79,9.0,2015-08-21,2015-08,"黄金ETF
518880.XSHG"
2015-08-21 09:31:00,加仓,创业板ETF易方达,159915.XSHE,2.332,3300.0,37900.0,,11.0,2015-08-21,2015-08,"创业板ETF易方达
159915.XSHE"
2015-08-21 09:57:00,加仓,500ETF,510500.XSHG,7.877,900.0,9700.0,,10.0,2015-08-21,2015-08,"500ETF
510500.XSHG"
2015-08-21 09:58:00,等级校准,500ETF,510500.XSHG,,,9700.0,,,2015-08-21,2015-08,"500ETF
510500.XSHG"
2015-08-21 13:01:00,加仓,创业板ETF易方达,159915.XSHE,2.256,3400.0,41300.0,,12.0,2015-08-21,2015-08,"创业板ETF易方达
159915.XSHE"
2015-08-21 13:02:00,等级校准,创业板ETF易方达,159915.XSHE,,,41300.0,,,2015-08-21,2015-08,"创业板ETF易方达
159915.XSHE"
2015-08-21 14:17:00,止盈,创业板ETF易方达,159915.XSHE,2.324,3500.0,37800.0,237.19,11.0,2015-08-21,2015-08,"创业板ETF易方达
159915.XSHE"
2015-08-21 14:46:00,加仓,创业板ETF易方达,159915.XSHE,2.25,3400.0,41200.0,,12.0,2015-08-21,2015-08,"创业板ETF易方达
159915.XSHE"
2015-08-21 14:47:00,等级校准,创业板ETF易方达,159915.XSHE,,,41200.0,,,2015-08-21,2015-08,"创业板ETF易方达
159915.XSHE"
2015-08-24 09:31:00,加仓,纳指ETF,513100.XSHG,1.405,5300.0,44100.0,,8.0,2015-08-24,2015-08,"纳指ETF
513100.XSHG"
2015-08-24 09:31:00,加仓,500ETF,510500.XSHG,7.398,1000.0,10700.0,,10.0,2015-08-24,2015-08,"500ETF
510500.XSHG"
2015-08-24 09:31:00,加仓,创业板ETF易方达,159915.XSHE,2.111,3500.0,44700.0,,12.0,2015-08-24,2015-08,"创业板ETF易方达
159915.XSHE"
2015-08-24 09:32:00,等级校准,纳指ETF,513100.XSHG,,,44100.0,,,2015-08-24,2015-08,"纳指ETF
513100.XSHG"
2015-08-24 09:42:00,止盈,黄金ETF,518880.XSHG,2.47,3300.0,29000.0,243.38,9.0,2015-08-24,2015-08,"黄金ETF
518880.XSHG"
2015-08-24 09:48:00,加仓,创业板ETF易方达,159915.XSHE,2.045,3700.0,48400.0,,13.0,2015-08-24,2015-08,"创业板ETF易方达
159915.XSHE"
2015-08-24 09:49:00,加仓,500ETF,510500.XSHG,7.173,1000.0,11700.0,,11.0,2015-08-24,2015-08,"500ETF
510500.XSHG"
2015-08-24 09:49:00,等级校准,创业板ETF易方达,159915.XSHE,,,48400.0,,,2015-08-24,2015-08,"创业板ETF易方达
159915.XSHE"
2015-08-24 09:50:00,等级校准,500ETF,510500.XSHG,,,11700.0,,,2015-08-24,2015-08,"500ETF
510500.XSHG"
2015-08-24 11:27:00,加仓,500ETF,510500.XSHG,6.953,1100.0,12800.0,,11.0,2015-08-24,2015-08,"500ETF
510500.XSHG"
2015-08-24 14:07:00,加仓,黄金ETF,518880.XSHG,2.395,3200.0,32200.0,,10.0,2015-08-24,2015-08,"黄金ETF
518880.XSHG"
2015-08-24 14:08:00,等级校准,黄金ETF,518880.XSHG,,,32200.0,,,2015-08-24,2015-08,"黄金ETF
518880.XSHG"
2015-08-25 09:31:00,加仓,纳指ETF,513100.XSHG,1.342,5600.0,49700.0,,8.0,2015-08-25,2015-08,"纳指ETF
513100.XSHG"
2015-08-25 09:31:00,加仓,500ETF,510500.XSHG,6.573,1100.0,13900.0,,12.0,2015-08-25,2015-08,"500ETF
510500.XSHG"
2015-08-25 09:31:00,加仓,创业板ETF易方达,159915.XSHE,1.861,3900.0,52300.0,,13.0,2015-08-25,2015-08,"创业板ETF易方达
159915.XSHE"
2015-08-25 09:32:00,等级校准,500ETF,510500.XSHG,,,13900.0,,,2015-08-25,2015-08,"500ETF
510500.XSHG"
2015-08-25 09:32:00,等级校准,创业板ETF易方达,159915.XSHE,,,52300.0,,,2015-08-25,2015-08,"创业板ETF易方达
159915.XSHE"
2015-08-25 10:26:00,止盈,纳指ETF,513100.XSHG,1.387,5900.0,43800.0,264.68,7.0,2015-08-25,2015-08,"纳指ETF
513100.XSHG"
2015-08-25 13:37:00,加仓,500ETF,510500.XSHG,6.362,1200.0,15100.0,,12.0,2015-08-25,2015-08,"500ETF
510500.XSHG"
2015-08-25 14:09:00,加仓,创业板ETF易方达,159915.XSHE,1.804,4200.0,56500.0,,13.0,2015-08-25,2015-08,"创业板ETF易方达
159915.XSHE"
2015-08-25 14:10:00,等级校准,创业板ETF易方达,159915.XSHE,,,56500.0,,,2015-08-25,2015-08,"创业板ETF易方达
159915.XSHE"
2015-08-26 09:38:00,加仓,创业板ETF易方达,159915.XSHE,1.749,4400.0,60900.0,,13.0,2015-08-26,2015-08,"创业板ETF易方达
159915.XSHE"
2015-08-26 09:48:00,止盈,创业板ETF易方达,159915.XSHE,1.814,4500.0,56400.0,291.68,12.0,2015-08-26,2015-08,"创业板ETF易方达
159915.XSHE"
2015-08-26 10:20:00,加仓,创业板ETF易方达,159915.XSHE,1.758,4400.0,60800.0,,13.0,2015-08-26,2015-08,"创业板ETF易方达
159915.XSHE"
2015-08-26 11:22:00,止盈,创业板ETF易方达,159915.XSHE,1.811,4500.0,56300.0,237.69,12.0,2015-08-26,2015-08,"创业板ETF易方达
159915.XSHE"
2015-08-26 13:02:00,止盈,500ETF,510500.XSHG,6.588,1200.0,13900.0,270.41,11.0,2015-08-26,2015-08,"500ETF
510500.XSHG"
2015-08-26 13:03:00,止盈,创业板ETF易方达,159915.XSHE,1.871,4400.0,51900.0,263.18,12.0,2015-08-26,2015-08,"创业板ETF易方达
159915.XSHE"
2015-08-26 13:15:00,加仓,黄金ETF,518880.XSHG,2.314,3300.0,35500.0,,10.0,2015-08-26,2015-08,"黄金ETF
518880.XSHG"
2015-08-26 14:15:00,加仓,创业板ETF易方达,159915.XSHE,1.808,4200.0,56100.0,,13.0,2015-08-26,2015-08,"创业板ETF易方达
159915.XSHE"
2015-08-26 14:16:00,等级校准,创业板ETF易方达,159915.XSHE,,,56100.0,,,2015-08-26,2015-08,"创业板ETF易方达
159915.XSHE"
2015-08-26 14:17:00,加仓,500ETF,510500.XSHG,6.374,1200.0,15100.0,,12.0,2015-08-26,2015-08,"500ETF
510500.XSHG"
2015-08-26 14:48:00,加仓,创业板ETF易方达,159915.XSHE,1.744,4400.0,60500.0,,13.0,2015-08-26,2015-08,"创业板ETF易方达
159915.XSHE"
2015-08-27 09:31:00,止盈,纳指ETF,513100.XSHG,1.438,5700.0,38100.0,289.88,6.0,2015-08-27,2015-08,"纳指ETF
513100.XSHG"
2015-08-27 09:35:00,止盈,创业板ETF易方达,159915.XSHE,1.799,4500.0,56000.0,246.69,12.0,2015-08-27,2015-08,"创业板ETF易方达
159915.XSHE"
2015-08-27 11:16:00,加仓,创业板ETF易方达,159915.XSHE,1.741,4400.0,60400.0,,13.0,2015-08-27,2015-08,"创业板ETF易方达
159915.XSHE"
2015-08-27 14:13:00,加仓,500ETF,510500.XSHG,6.146,1200.0,16300.0,,13.0,2015-08-27,2015-08,"500ETF
510500.XSHG"
2015-08-27 14:14:00,等级校准,500ETF,510500.XSHG,,,16300.0,,,2015-08-27,2015-08,"500ETF
510500.XSHG"
2015-08-27 14:31:00,止盈,500ETF,510500.XSHG,6.341,1300.0,15000.0,252.68,12.0,2015-08-27,2015-08,"500ETF
510500.XSHG"
2015-08-27 14:45:00,止盈,创业板ETF易方达,159915.XSHE,1.794,4500.0,55900.0,237.69,12.0,2015-08-27,2015-08,"创业板ETF易方达
159915.XSHE"
2015-08-28 09:31:00,止盈,纳指ETF,513100.XSHG,1.482,5500.0,32600.0,241.18,6.0,2015-08-28,2015-08,"纳指ETF
513100.XSHG"
2015-08-28 09:31:00,止盈,500ETF,510500.XSHG,6.61,1200.0,13800.0,322.01,11.0,2015-08-28,2015-08,"500ETF
510500.XSHG"
2015-08-28 11:11:00,止盈,创业板ETF易方达,159915.XSHE,1.849,4400.0,51500.0,241.19,11.0,2015-08-28,2015-08,"创业板ETF易方达
159915.XSHE"
2015-08-28 14:28:00,止盈,创业板ETF易方达,159915.XSHE,1.905,4300.0,47200.0,239.98,11.0,2015-08-28,2015-08,"创业板ETF易方达
159915.XSHE"
2015-08-28 14:29:00,止盈,500ETF,510500.XSHG,6.818,1200.0,12600.0,248.78,11.0,2015-08-28,2015-08,"500ETF
510500.XSHG"
2015-08-31 09:53:00,加仓,创业板ETF易方达,159915.XSHE,1.843,4100.0,51300.0,,12.0,2015-08-31,2015-08,"创业板ETF易方达
159915.XSHE"
2015-08-31 09:54:00,等级校准,创业板ETF易方达,159915.XSHE,,,51300.0,,,2015-08-31,2015-08,"创业板ETF易方达
159915.XSHE"
2015-08-31 13:13:00,加仓,500ETF,510500.XSHG,6.605,1100.0,13700.0,,12.0,2015-08-31,2015-08,"500ETF
510500.XSHG"
2015-08-31 13:14:00,等级校准,500ETF,510500.XSHG,,,13700.0,,,2015-08-31,2015-08,"500ETF
510500.XSHG"
2015-09-01 09:32:00,加仓,500ETF,510500.XSHG,6.402,1200.0,14900.0,,12.0,2015-09-01,2015-09,"500ETF
510500.XSHG"
2015-09-01 09:32:00,加仓,创业板ETF易方达,159915.XSHE,1.785,4300.0,55600.0,,12.0,2015-09-01,2015-09,"创业板ETF易方达
159915.XSHE"
2015-09-01 10:10:00,加仓,500ETF,510500.XSHG,6.202,1200.0,16100.0,,13.0,2015-09-01,2015-09,"500ETF
510500.XSHG"
2015-09-01 10:16:00,加仓,创业板ETF易方达,159915.XSHE,1.73,4400.0,60000.0,,13.0,2015-09-01,2015-09,"创业板ETF易方达
159915.XSHE"
2015-09-01 10:59:00,止盈,创业板ETF易方达,159915.XSHE,1.782,4600.0,55400.0,238.38,12.0,2015-09-01,2015-09,"创业板ETF易方达
159915.XSHE"
2015-09-01 13:00:00,止盈,500ETF,510500.XSHG,6.39,1200.0,14900.0,224.83,12.0,2015-09-01,2015-09,"500ETF
510500.XSHG"
2015-09-01 14:05:00,加仓,纳指ETF,513100.XSHG,1.436,5300.0,37900.0,,7.0,2015-09-01,2015-09,"纳指ETF
513100.XSHG"
2015-09-01 14:06:00,等级校准,纳指ETF,513100.XSHG,,,37900.0,,,2015-09-01,2015-09,"纳指ETF
513100.XSHG"
2015-09-01 14:35:00,加仓,500ETF,510500.XSHG,6.189,1200.0,16100.0,,13.0,2015-09-01,2015-09,"500ETF
510500.XSHG"
2015-09-01 14:36:00,加仓,创业板ETF易方达,159915.XSHE,1.727,4400.0,59800.0,,13.0,2015-09-01,2015-09,"创业板ETF易方达
159915.XSHE"
2015-09-02 09:31:00,加仓,500ETF,510500.XSHG,5.841,1200.0,17300.0,,14.0,2015-09-02,2015-09,"500ETF
510500.XSHG"
2015-09-02 09:31:00,加仓,创业板ETF易方达,159915.XSHE,1.645,4600.0,64400.0,,14.0,2015-09-02,2015-09,"创业板ETF易方达
159915.XSHE"
2015-09-02 09:32:00,等级校准,500ETF,510500.XSHG,,,17300.0,,,2015-09-02,2015-09,"500ETF
510500.XSHG"
2015-09-02 09:32:00,等级校准,创业板ETF易方达,159915.XSHE,,,64400.0,,,2015-09-02,2015-09,"创业板ETF易方达
159915.XSHE"
2015-09-02 09:33:00,加仓,纳指ETF,513100.XSHG,1.392,5500.0,43400.0,,7.0,2015-09-02,2015-09,"纳指ETF
513100.XSHG"
2015-09-02 10:30:00,止盈,500ETF,510500.XSHG,6.046,1300.0,16000.0,265.71,12.0,2015-09-02,2015-09,"500ETF
510500.XSHG"
2015-09-02 10:31:00,止盈,创业板ETF易方达,159915.XSHE,1.696,4800.0,59600.0,243.99,12.0,2015-09-02,2015-09,"创业板ETF易方达
159915.XSHE"
2015-09-02 11:17:00,止盈,创业板ETF易方达,159915.XSHE,1.754,4700.0,54900.0,271.78,12.0,2015-09-02,2015-09,"创业板ETF易方达
159915.XSHE"
2015-09-02 11:27:00,止盈,500ETF,510500.XSHG,6.23,1300.0,14700.0,238.39,12.0,2015-09-02,2015-09,"500ETF
510500.XSHG"
2015-09-02 14:40:00,加仓,500ETF,510500.XSHG,6.031,1200.0,15900.0,,13.0,2015-09-02,2015-09,"500ETF
510500.XSHG"
2015-09-02 14:40:00,加仓,创业板ETF易方达,159915.XSHE,1.7,4500.0,59400.0,,13.0,2015-09-02,2015-09,"创业板ETF易方达
159915.XSHE"
2015-09-02 14:41:00,等级校准,500ETF,510500.XSHG,,,15900.0,,,2015-09-02,2015-09,"500ETF
510500.XSHG"
2015-09-02 14:41:00,等级校准,创业板ETF易方达,159915.XSHE,,,59400.0,,,2015-09-02,2015-09,"创业板ETF易方达
159915.XSHE"
2015-09-07 09:32:00,止盈,500ETF,510500.XSHG,6.286,1300.0,14600.0,330.68,12.0,2015-09-07,2015-09,"500ETF
510500.XSHG"
2015-09-07 09:33:00,止盈,创业板ETF易方达,159915.XSHE,1.752,4700.0,54700.0,243.58,12.0,2015-09-07,2015-09,"创业板ETF易方达
159915.XSHE"
2015-09-07 09:40:00,止盈,创业板ETF易方达,159915.XSHE,1.814,4500.0,50200.0,278.18,11.0,2015-09-07,2015-09,"创业板ETF易方达
159915.XSHE"
2015-09-07 10:26:00,加仓,创业板ETF易方达,159915.XSHE,1.759,4400.0,54600.0,,12.0,2015-09-07,2015-09,"创业板ETF易方达
159915.XSHE"
2015-09-07 13:01:00,止盈,创业板ETF易方达,159915.XSHE,1.816,4500.0,50100.0,255.68,11.0,2015-09-07,2015-09,"创业板ETF易方达
159915.XSHE"
2015-09-07 13:51:00,加仓,创业板ETF易方达,159915.XSHE,1.761,4400.0,54500.0,,12.0,2015-09-07,2015-09,"创业板ETF易方达
159915.XSHE"
2015-09-08 09:31:00,加仓,500ETF,510500.XSHG,6.061,1200.0,15800.0,,13.0,2015-09-08,2015-09,"500ETF
510500.XSHG"
2015-09-08 09:32:00,等级校准,500ETF,510500.XSHG,,,15800.0,,,2015-09-08,2015-09,"500ETF
510500.XSHG"
2015-09-08 09:34:00,止盈,纳指ETF,513100.XSHG,1.438,5700.0,37700.0,261.38,6.0,2015-09-08,2015-09,"纳指ETF
513100.XSHG"
2015-09-08 10:40:00,止盈,500ETF,510500.XSHG,6.244,1300.0,14500.0,237.09,12.0,2015-09-08,2015-09,"500ETF
510500.XSHG"
2015-09-08 14:29:00,止盈,创业板ETF易方达,159915.XSHE,1.819,4500.0,50000.0,260.18,11.0,2015-09-08,2015-09,"创业板ETF易方达
159915.XSHE"
2015-09-08 14:31:00,止盈,500ETF,510500.XSHG,6.443,1200.0,13300.0,238.03,11.0,2015-09-08,2015-09,"500ETF
510500.XSHG"
2015-09-08 14:52:00,止盈,创业板ETF易方达,159915.XSHE,1.877,4300.0,45700.0,248.59,10.0,2015-09-08,2015-09,"创业板ETF易方达
159915.XSHE"
2015-09-09 10:08:00,止盈,500ETF,510500.XSHG,6.641,1200.0,12100.0,236.8,10.0,2015-09-09,2015-09,"500ETF
510500.XSHG"
2015-09-09 10:11:00,止盈,创业板ETF易方达,159915.XSHE,1.936,4200.0,41500.0,246.99,10.0,2015-09-09,2015-09,"创业板ETF易方达
159915.XSHE"
2015-09-14 10:13:00,加仓,创业板ETF易方达,159915.XSHE,1.875,4100.0,45600.0,,11.0,2015-09-14,2015-09,"创业板ETF易方达
159915.XSHE"
2015-09-14 10:14:00,等级校准,创业板ETF易方达,159915.XSHE,,,45600.0,,,2015-09-14,2015-09,"创业板ETF易方达
159915.XSHE"
2015-09-14 11:01:00,加仓,500ETF,510500.XSHG,6.439,1200.0,13300.0,,11.0,2015-09-14,2015-09,"500ETF
510500.XSHG"
2015-09-14 11:20:00,加仓,创业板ETF易方达,159915.XSHE,1.803,4200.0,49800.0,,11.0,2015-09-14,2015-09,"创业板ETF易方达
159915.XSHE"
2015-09-14 13:00:00,加仓,500ETF,510500.XSHG,6.2,1200.0,14500.0,,12.0,2015-09-14,2015-09,"500ETF
510500.XSHG"
2015-09-14 13:52:00,加仓,创业板ETF易方达,159915.XSHE,1.746,4400.0,54200.0,,12.0,2015-09-14,2015-09,"创业板ETF易方达
159915.XSHE"
2015-09-14 13:59:00,加仓,500ETF,510500.XSHG,6.006,1200.0,15700.0,,13.0,2015-09-14,2015-09,"500ETF
510500.XSHG"
2015-09-14 14:00:00,等级校准,500ETF,510500.XSHG,,,15700.0,,,2015-09-14,2015-09,"500ETF
510500.XSHG"
2015-09-15 09:31:00,加仓,创业板ETF易方达,159915.XSHE,1.687,4500.0,58700.0,,13.0,2015-09-15,2015-09,"创业板ETF易方达
159915.XSHE"
2015-09-15 09:32:00,等级校准,创业板ETF易方达,159915.XSHE,,,58700.0,,,2015-09-15,2015-09,"创业板ETF易方达
159915.XSHE"
2015-09-15 13:55:00,加仓,500ETF,510500.XSHG,5.821,1300.0,17000.0,,13.0,2015-09-15,2015-09,"500ETF
510500.XSHG"
2015-09-15 14:53:00,加仓,创业板ETF易方达,159915.XSHE,1.633,4700.0,63400.0,,13.0,2015-09-15,2015-09,"创业板ETF易方达
159915.XSHE"
2015-09-16 10:06:00,止盈,创业板ETF易方达,159915.XSHE,1.684,4800.0,58600.0,243.99,12.0,2015-09-16,2015-09,"创业板ETF易方达
159915.XSHE"
2015-09-16 14:09:00,止盈,创业板ETF易方达,159915.XSHE,1.735,4700.0,53900.0,238.88,11.0,2015-09-16,2015-09,"创业板ETF易方达
159915.XSHE"
2015-09-16 14:22:00,止盈,500ETF,510500.XSHG,6.014,1300.0,15700.0,250.12,12.0,2015-09-16,2015-09,"500ETF
510500.XSHG"
2015-09-16 14:31:00,止盈,创业板ETF易方达,159915.XSHE,1.788,4600.0,49300.0,242.98,11.0,2015-09-16,2015-09,"创业板ETF易方达
159915.XSHE"
2015-09-16 14:42:00,止盈,500ETF,510500.XSHG,6.198,1300.0,14400.0,238.39,12.0,2015-09-16,2015-09,"500ETF
510500.XSHG"
2015-09-17 09:31:00,止盈,纳指ETF,513100.XSHG,1.484,5500.0,32200.0,252.18,6.0,2015-09-17,2015-09,"纳指ETF
513100.XSHG"
2015-09-17 11:26:00,止盈,创业板ETF易方达,159915.XSHE,1.844,4400.0,44900.0,245.59,10.0,2015-09-17,2015-09,"创业板ETF易方达
159915.XSHE"
2015-09-17 14:55:00,加仓,创业板ETF易方达,159915.XSHE,1.78,4300.0,49200.0,,11.0,2015-09-17,2015-09,"创业板ETF易方达
159915.XSHE"
2015-09-18 09:48:00,加仓,500ETF,510500.XSHG,6.011,1200.0,15600.0,,13.0,2015-09-18,2015-09,"500ETF
510500.XSHG"
2015-09-18 09:49:00,等级校准,500ETF,510500.XSHG,,,15600.0,,,2015-09-18,2015-09,"500ETF
510500.XSHG"
2015-09-18 14:40:00,止盈,创业板ETF易方达,159915.XSHE,1.837,4400.0,44800.0,249.99,10.0,2015-09-18,2015-09,"创业板ETF易方达
159915.XSHE"
2015-09-21 10:49:00,止盈,500ETF,510500.XSHG,6.194,1300.0,14300.0,237.09,11.0,2015-09-21,2015-09,"500ETF
510500.XSHG"
2015-09-21 10:50:00,止盈,创业板ETF易方达,159915.XSHE,1.896,4300.0,40500.0,252.88,9.0,2015-09-21,2015-09,"创业板ETF易方达
159915.XSHE"
2015-09-21 14:40:00,止盈,创业板ETF易方达,159915.XSHE,1.954,4200.0,36300.0,242.78,9.0,2015-09-21,2015-09,"创业板ETF易方达
159915.XSHE"
2015-09-21 14:42:00,止盈,500ETF,510500.XSHG,6.389,1200.0,13100.0,233.23,10.0,2015-09-21,2015-09,"500ETF
510500.XSHG"
2015-09-23 09:31:00,加仓,创业板ETF易方达,159915.XSHE,1.88,4000.0,40300.0,,10.0,2015-09-23,2015-09,"创业板ETF易方达
159915.XSHE"
2015-09-23 09:32:00,等级校准,创业板ETF易方达,159915.XSHE,,,40300.0,,,2015-09-23,2015-09,"创业板ETF易方达
159915.XSHE"
2015-09-23 10:12:00,止盈,创业板ETF易方达,159915.XSHE,1.939,4200.0,36100.0,246.99,8.0,2015-09-23,2015-09,"创业板ETF易方达
159915.XSHE"
2015-09-23 11:28:00,加仓,纳指ETF,513100.XSHG,1.439,5300.0,37500.0,,7.0,2015-09-23,2015-09,"纳指ETF
513100.XSHG"
2015-09-23 11:29:00,等级校准,纳指ETF,513100.XSHG,,,37500.0,,,2015-09-23,2015-09,"纳指ETF
513100.XSHG"
2015-09-25 10:42:00,加仓,创业板ETF易方达,159915.XSHE,1.872,4100.0,40200.0,,9.0,2015-09-25,2015-09,"创业板ETF易方达
159915.XSHE"
2015-09-25 11:05:00,加仓,500ETF,510500.XSHG,6.192,1200.0,14300.0,,11.0,2015-09-25,2015-09,"500ETF
510500.XSHG"
2015-09-25 11:19:00,加仓,创业板ETF易方达,159915.XSHE,1.812,4200.0,44400.0,,10.0,2015-09-25,2015-09,"创业板ETF易方达
159915.XSHE"
2015-09-25 13:57:00,止盈,创业板ETF易方达,159915.XSHE,1.867,4400.0,40000.0,241.18,9.0,2015-09-25,2015-09,"创业板ETF易方达
159915.XSHE"
2015-09-28 11:11:00,止盈,创业板ETF易方达,159915.XSHE,1.926,4200.0,35800.0,246.99,8.0,2015-09-28,2015-09,"创业板ETF易方达
159915.XSHE"
2015-09-29 09:31:00,加仓,纳指ETF,513100.XSHG,1.393,5500.0,43000.0,,7.0,2015-09-29,2015-09,"纳指ETF
513100.XSHG"
2015-10-08 09:31:00,止盈,纳指ETF,513100.XSHG,1.45,5700.0,37300.0,324.07,6.0,2015-10-08,2015-10,"纳指ETF
513100.XSHG"
2015-10-08 09:31:00,止盈,500ETF,510500.XSHG,6.537,1200.0,13100.0,413.22,10.0,2015-10-08,2015-10,"500ETF
510500.XSHG"
2015-10-08 09:31:00,止盈,创业板ETF易方达,159915.XSHE,2.033,4100.0,31700.0,437.87,8.0,2015-10-08,2015-10,"创业板ETF易方达
159915.XSHE"
2015-10-08 13:05:00,止盈,创业板ETF易方达,159915.XSHE,2.094,3900.0,27800.0,237.08,7.0,2015-10-08,2015-10,"创业板ETF易方达
159915.XSHE"
2015-10-12 09:48:00,止盈,创业板ETF易方达,159915.XSHE,2.158,3800.0,24000.0,242.38,6.0,2015-10-12,2015-10,"创业板ETF易方达
159915.XSHE"
2015-10-12 10:11:00,止盈,500ETF,510500.XSHG,6.752,1200.0,11900.0,257.19,10.0,2015-10-12,2015-10,"500ETF
510500.XSHG"
2015-10-12 11:03:00,止盈,创业板ETF易方达,159915.XSHE,2.225,3700.0,20300.0,247.08,5.0,2015-10-12,2015-10,"创业板ETF易方达
159915.XSHE"
2015-10-14 09:31:00,止盈,黄金ETF,518880.XSHG,2.384,3400.0,32100.0,237.19,9.0,2015-10-14,2015-10,"黄金ETF
518880.XSHG"
2015-10-15 10:42:00,止盈,500ETF,510500.XSHG,6.957,1100.0,10800.0,224.73,9.0,2015-10-15,2015-10,"500ETF
510500.XSHG"
2015-10-15 14:53:00,止盈,创业板ETF易方达,159915.XSHE,2.293,3500.0,16800.0,237.2,4.0,2015-10-15,2015-10,"创业板ETF易方达
159915.XSHE"
2015-10-16 09:32:00,止盈,500ETF,510500.XSHG,7.188,1100.0,9700.0,253.31,8.0,2015-10-16,2015-10,"500ETF
510500.XSHG"
2015-10-20 09:36:00,止盈,纳指ETF,513100.XSHG,1.495,5500.0,31800.0,246.68,6.0,2015-10-20,2015-10,"纳指ETF
513100.XSHG"
2015-10-20 13:45:00,止盈,创业板ETF易方达,159915.XSHE,2.364,3400.0,13400.0,240.6,4.0,2015-10-20,2015-10,"创业板ETF易方达
159915.XSHE"
2015-10-21 13:35:00,加仓,创业板ETF易方达,159915.XSHE,2.29,3300.0,16700.0,,5.0,2015-10-21,2015-10,"创业板ETF易方达
159915.XSHE"
2015-10-21 13:36:00,等级校准,创业板ETF易方达,159915.XSHE,,,16700.0,,,2015-10-21,2015-10,"创业板ETF易方达
159915.XSHE"
2015-10-21 13:51:00,加仓,500ETF,510500.XSHG,6.959,1100.0,10800.0,,9.0,2015-10-21,2015-10,"500ETF
510500.XSHG"
2015-10-21 14:37:00,加仓,创业板ETF易方达,159915.XSHE,2.217,3400.0,20100.0,,5.0,2015-10-21,2015-10,"创业板ETF易方达
159915.XSHE"
2015-10-22 10:02:00,止盈,创业板ETF易方达,159915.XSHE,2.285,3600.0,16500.0,243.98,4.0,2015-10-22,2015-10,"创业板ETF易方达
159915.XSHE"
2015-10-23 09:31:00,止盈,创业板ETF易方达,159915.XSHE,2.357,3500.0,13000.0,251.18,3.0,2015-10-23,2015-10,"创业板ETF易方达
159915.XSHE"
2015-10-23 09:41:00,止盈,500ETF,510500.XSHG,7.168,1100.0,9700.0,229.11,8.0,2015-10-23,2015-10,"500ETF
510500.XSHG"
2015-10-23 14:32:00,止盈,创业板ETF易方达,159915.XSHE,2.428,3300.0,9700.0,233.5,3.0,2015-10-23,2015-10,"创业板ETF易方达
159915.XSHE"
2015-10-26 09:31:00,止盈,纳指ETF,513100.XSHG,1.565,5300.0,26500.0,370.17,5.0,2015-10-26,2015-10,"纳指ETF
513100.XSHG"
2015-10-27 09:46:00,加仓,创业板ETF易方达,159915.XSHE,2.351,3200.0,12900.0,,4.0,2015-10-27,2015-10,"创业板ETF易方达
159915.XSHE"
2015-10-27 09:47:00,等级校准,创业板ETF易方达,159915.XSHE,,,12900.0,,,2015-10-27,2015-10,"创业板ETF易方达
159915.XSHE"
2015-10-27 14:06:00,止盈,创业板ETF易方达,159915.XSHE,2.422,3400.0,9500.0,240.58,2.0,2015-10-27,2015-10,"创业板ETF易方达
159915.XSHE"
2015-10-27 14:42:00,止盈,500ETF,510500.XSHG,7.389,1100.0,8600.0,242.29,8.0,2015-10-27,2015-10,"500ETF
510500.XSHG"
2015-10-28 13:43:00,加仓,500ETF,510500.XSHG,7.158,1000.0,9600.0,,9.0,2015-10-28,2015-10,"500ETF
510500.XSHG"
2015-10-28 13:44:00,等级校准,500ETF,510500.XSHG,,,9600.0,,,2015-10-28,2015-10,"500ETF
510500.XSHG"
2015-10-29 09:49:00,加仓,创业板ETF易方达,159915.XSHE,2.346,3300.0,12800.0,,3.0,2015-10-29,2015-10,"创业板ETF易方达
159915.XSHE"
2015-11-04 09:31:00,加仓,黄金ETF,518880.XSHG,2.302,3300.0,35400.0,,10.0,2015-11-04,2015-11,"黄金ETF
518880.XSHG"
2015-11-04 13:02:00,止盈,创业板ETF易方达,159915.XSHE,2.419,3400.0,9400.0,247.38,2.0,2015-11-04,2015-11,"创业板ETF易方达
159915.XSHE"
2015-11-04 14:01:00,止盈,500ETF,510500.XSHG,7.383,1100.0,8500.0,246.69,8.0,2015-11-04,2015-11,"500ETF
510500.XSHG"
2015-11-05 10:05:00,止盈,创业板ETF易方达,159915.XSHE,2.497,3300.0,6100.0,256.58,1.0,2015-11-05,2015-11,"创业板ETF易方达
159915.XSHE"
2015-11-05 11:04:00,加仓,创业板ETF易方达,159915.XSHE,2.422,3200.0,9300.0,,2.0,2015-11-05,2015-11,"创业板ETF易方达
159915.XSHE"
2015-11-06 09:48:00,止盈,500ETF,510500.XSHG,7.606,1000.0,7500.0,222.24,7.0,2015-11-06,2015-11,"500ETF
510500.XSHG"
2015-11-06 09:59:00,止盈,创业板ETF易方达,159915.XSHE,2.495,3300.0,6000.0,240.08,1.0,2015-11-06,2015-11,"创业板ETF易方达
159915.XSHE"
2015-11-09 11:20:00,止盈,创业板ETF易方达,159915.XSHE,2.573,3200.0,2800.0,248.78,1.0,2015-11-09,2015-11,"创业板ETF易方达
159915.XSHE"
2015-11-10 14:44:00,止盈,500ETF,510500.XSHG,7.839,1000.0,6500.0,232.22,6.0,2015-11-10,2015-11,"500ETF
510500.XSHG"
2015-11-11 13:20:00,止盈（部分）,创业板ETF易方达,159915.XSHE,2.653,2800.0,0.0,223.26,0.0,2015-11-11,2015-11,"创业板ETF易方达
159915.XSHE"
2015-11-11 13:20:00,清仓,创业板ETF易方达,159915.XSHE,,,,,0.0,2015-11-11,2015-11,"创业板ETF易方达
159915.XSHE"
2015-11-11 13:21:00,重装建仓,创业板ETF易方达,159915.XSHE,2.653,30100.0,30100.0,,,2015-11-11,2015-11,"创业板ETF易方达
159915.XSHE"
2015-11-11 13:22:00,底仓到账,创业板ETF易方达,159915.XSHE,,,30100.0,,10.0,2015-11-11,2015-11,"创业板ETF易方达
159915.XSHE"
2015-11-13 09:34:00,加仓,黄金ETF,518880.XSHG,2.23,3400.0,38800.0,,11.0,2015-11-13,2015-11,"黄金ETF
518880.XSHG"
2015-11-13 10:33:00,加仓,创业板ETF易方达,159915.XSHE,2.572,3000.0,33100.0,,11.0,2015-11-13,2015-11,"创业板ETF易方达
159915.XSHE"
2015-11-13 10:34:00,等级校准,创业板ETF易方达,159915.XSHE,,,33100.0,,,2015-11-13,2015-11,"创业板ETF易方达
159915.XSHE"
2015-11-16 09:34:00,加仓,纳指ETF,513100.XSHG,1.511,5100.0,31600.0,,6.0,2015-11-16,2015-11,"纳指ETF
513100.XSHG"
2015-11-16 14:48:00,止盈,创业板ETF易方达,159915.XSHE,2.653,3100.0,30000.0,250.28,10.0,2015-11-16,2015-11,"创业板ETF易方达
159915.XSHE"
2015-11-17 09:38:00,止盈,500ETF,510500.XSHG,8.094,1000.0,5500.0,254.19,6.0,2015-11-17,2015-11,"500ETF
510500.XSHG"
2015-11-17 14:23:00,加仓,创业板ETF易方达,159915.XSHE,2.57,3000.0,33000.0,,11.0,2015-11-17,2015-11,"创业板ETF易方达
159915.XSHE"
2015-11-17 14:24:00,等级校准,创业板ETF易方达,159915.XSHE,,,33000.0,,,2015-11-17,2015-11,"创业板ETF易方达
159915.XSHE"
2015-11-17 14:52:00,加仓,500ETF,510500.XSHG,7.851,900.0,6400.0,,7.0,2015-11-17,2015-11,"500ETF
510500.XSHG"
2015-11-17 14:53:00,等级校准,500ETF,510500.XSHG,,,6400.0,,,2015-11-17,2015-11,"500ETF
510500.XSHG"
2015-11-19 09:31:00,止盈,纳指ETF,513100.XSHG,1.569,5200.0,26400.0,300.78,5.0,2015-11-19,2015-11,"纳指ETF
513100.XSHG"
2015-11-20 13:23:00,止盈,创业板ETF易方达,159915.XSHE,2.651,3100.0,29900.0,250.28,9.0,2015-11-20,2015-11,"创业板ETF易方达
159915.XSHE"
2015-11-23 09:58:00,止盈,500ETF,510500.XSHG,8.089,1000.0,5400.0,237.19,6.0,2015-11-23,2015-11,"500ETF
510500.XSHG"
2015-11-25 13:47:00,止盈,创业板ETF易方达,159915.XSHE,2.737,3000.0,26900.0,257.18,9.0,2015-11-25,2015-11,"创业板ETF易方达
159915.XSHE"
2015-11-27 09:37:00,加仓,创业板ETF易方达,159915.XSHE,2.652,2900.0,29800.0,,10.0,2015-11-27,2015-11,"创业板ETF易方达
159915.XSHE"
2015-11-27 09:38:00,等级校准,创业板ETF易方达,159915.XSHE,,,29800.0,,,2015-11-27,2015-11,"创业板ETF易方达
159915.XSHE"
2015-11-27 13:31:00,加仓,500ETF,510500.XSHG,7.846,900.0,6300.0,,7.0,2015-11-27,2015-11,"500ETF
510500.XSHG"
2015-11-27 13:32:00,等级校准,500ETF,510500.XSHG,,,6300.0,,,2015-11-27,2015-11,"500ETF
510500.XSHG"
2015-11-27 14:07:00,加仓,创业板ETF易方达,159915.XSHE,2.571,3000.0,32800.0,,10.0,2015-11-27,2015-11,"创业板ETF易方达
159915.XSHE"
2015-11-27 14:45:00,加仓,500ETF,510500.XSHG,7.585,1000.0,7300.0,,7.0,2015-11-27,2015-11,"500ETF
510500.XSHG"
2015-11-27 14:46:00,加仓,创业板ETF易方达,159915.XSHE,2.486,3100.0,35900.0,,11.0,2015-11-27,2015-11,"创业板ETF易方达
159915.XSHE"
2015-11-30 13:17:00,加仓,500ETF,510500.XSHG,7.349,1000.0,8300.0,,8.0,2015-11-30,2015-11,"500ETF
510500.XSHG"
2015-11-30 13:17:00,加仓,创业板ETF易方达,159915.XSHE,2.403,3200.0,39100.0,,12.0,2015-11-30,2015-11,"创业板ETF易方达
159915.XSHE"
2015-11-30 13:18:00,等级校准,创业板ETF易方达,159915.XSHE,,,39100.0,,,2015-11-30,2015-11,"创业板ETF易方达
159915.XSHE"
2015-11-30 14:11:00,止盈,创业板ETF易方达,159915.XSHE,2.482,3300.0,35800.0,259.88,11.0,2015-11-30,2015-11,"创业板ETF易方达
159915.XSHE"
2015-11-30 14:15:00,止盈,500ETF,510500.XSHG,7.57,1000.0,7300.0,220.24,7.0,2015-11-30,2015-11,"500ETF
510500.XSHG"
2015-12-02 10:51:00,加仓,创业板ETF易方达,159915.XSHE,2.4,3200.0,39000.0,,12.0,2015-12-02,2015-12,"创业板ETF易方达
159915.XSHE"
2015-12-02 10:52:00,等级校准,创业板ETF易方达,159915.XSHE,,,39000.0,,,2015-12-02,2015-12,"创业板ETF易方达
159915.XSHE"
2015-12-02 13:52:00,止盈,创业板ETF易方达,159915.XSHE,2.476,3300.0,35700.0,249.98,11.0,2015-12-02,2015-12,"创业板ETF易方达
159915.XSHE"
2015-12-03 13:58:00,止盈,创业板ETF易方达,159915.XSHE,2.554,3200.0,32500.0,248.78,10.0,2015-12-03,2015-12,"创业板ETF易方达
159915.XSHE"
2015-12-04 10:46:00,止盈,500ETF,510500.XSHG,7.799,1000.0,6300.0,228.22,6.0,2015-12-04,2015-12,"500ETF
510500.XSHG"
2015-12-09 09:54:00,加仓,500ETF,510500.XSHG,7.562,1000.0,7300.0,,7.0,2015-12-09,2015-12,"500ETF
510500.XSHG"
2015-12-14 10:34:00,加仓,创业板ETF易方达,159915.XSHE,2.474,3100.0,35600.0,,11.0,2015-12-14,2015-12,"创业板ETF易方达
159915.XSHE"
2015-12-14 14:57:00,止盈,创业板ETF易方达,159915.XSHE,2.549,3200.0,32400.0,239.18,10.0,2015-12-14,2015-12,"创业板ETF易方达
159915.XSHE"
2015-12-16 10:55:00,止盈,500ETF,510500.XSHG,7.789,1000.0,6300.0,226.22,6.0,2015-12-16,2015-12,"500ETF
510500.XSHG"
2015-12-17 09:32:00,止盈,纳指ETF,513100.XSHG,1.618,5000.0,21400.0,244.19,4.0,2015-12-17,2015-12,"纳指ETF
513100.XSHG"
2015-12-17 09:37:00,止盈,创业板ETF易方达,159915.XSHE,2.626,3100.0,29300.0,237.89,9.0,2015-12-17,2015-12,"创业板ETF易方达
159915.XSHE"
2015-12-21 09:31:00,加仓,纳指ETF,513100.XSHG,1.561,4900.0,26300.0,,5.0,2015-12-21,2015-12,"纳指ETF
513100.XSHG"
2015-12-21 13:16:00,止盈,500ETF,510500.XSHG,8.027,1000.0,5300.0,237.2,5.0,2015-12-21,2015-12,"500ETF
510500.XSHG"
2015-12-25 14:48:00,加仓,纳指ETF,513100.XSHG,1.508,5100.0,31400.0,,6.0,2015-12-25,2015-12,"纳指ETF
513100.XSHG"
2015-12-25 14:49:00,等级校准,纳指ETF,513100.XSHG,,,31400.0,,,2015-12-25,2015-12,"纳指ETF
513100.XSHG"
2015-12-25 14:49:00,止盈,纳指ETF,513100.XSHG,1.586,5300.0,26100.0,412.56,5.0,2015-12-25,2015-12,"纳指ETF
513100.XSHG"
2015-12-29 10:07:00,加仓,创业板ETF易方达,159915.XSHE,2.546,3000.0,32300.0,,10.0,2015-12-29,2015-12,"创业板ETF易方达
159915.XSHE"
2015-12-29 10:09:00,加仓,500ETF,510500.XSHG,7.785,900.0,6200.0,,6.0,2015-12-29,2015-12,"500ETF
510500.XSHG"
2016-01-04 10:07:00,加仓,创业板ETF易方达,159915.XSHE,2.467,3100.0,35400.0,,11.0,2016-01-04,2016-01,"创业板ETF易方达
159915.XSHE"
2016-01-04 10:11:00,加仓,500ETF,510500.XSHG,7.543,1000.0,7200.0,,7.0,2016-01-04,2016-01,"500ETF
510500.XSHG"
2016-01-04 13:05:00,加仓,创业板ETF易方达,159915.XSHE,2.391,3200.0,38600.0,,12.0,2016-01-04,2016-01,"创业板ETF易方达
159915.XSHE"
2016-01-04 13:06:00,等级校准,创业板ETF易方达,159915.XSHE,,,38600.0,,,2016-01-04,2016-01,"创业板ETF易方达
159915.XSHE"
2016-01-04 13:32:00,加仓,500ETF,510500.XSHG,7.299,1000.0,8200.0,,8.0,2016-01-04,2016-01,"500ETF
510500.XSHG"
2016-01-04 13:33:00,加仓,创业板ETF易方达,159915.XSHE,2.305,3300.0,41900.0,,12.0,2016-01-04,2016-01,"创业板ETF易方达
159915.XSHE"
2016-01-05 09:31:00,加仓,500ETF,510500.XSHG,6.929,1000.0,9200.0,,9.0,2016-01-05,2016-01,"500ETF
510500.XSHG"
2016-01-05 09:31:00,加仓,创业板ETF易方达,159915.XSHE,2.221,3400.0,45300.0,,13.0,2016-01-05,2016-01,"创业板ETF易方达
159915.XSHE"
2016-01-05 09:32:00,等级校准,500ETF,510500.XSHG,,,9200.0,,,2016-01-05,2016-01,"500ETF
510500.XSHG"
2016-01-05 09:32:00,等级校准,创业板ETF易方达,159915.XSHE,,,45300.0,,,2016-01-05,2016-01,"创业板ETF易方达
159915.XSHE"
2016-01-05 09:37:00,止盈,创业板ETF易方达,159915.XSHE,2.291,3600.0,41700.0,251.18,12.0,2016-01-05,2016-01,"创业板ETF易方达
159915.XSHE"
2016-01-05 09:48:00,止盈,500ETF,510500.XSHG,7.149,1100.0,8100.0,241.21,7.0,2016-01-05,2016-01,"500ETF
510500.XSHG"
2016-01-05 14:11:00,加仓,创业板ETF易方达,159915.XSHE,2.215,3400.0,45100.0,,13.0,2016-01-05,2016-01,"创业板ETF易方达
159915.XSHE"
2016-01-05 14:12:00,等级校准,创业板ETF易方达,159915.XSHE,,,45100.0,,,2016-01-05,2016-01,"创业板ETF易方达
159915.XSHE"
2016-01-05 14:13:00,加仓,500ETF,510500.XSHG,6.924,1100.0,9200.0,,8.0,2016-01-05,2016-01,"500ETF
510500.XSHG"
2016-01-06 09:31:00,止盈,创业板ETF易方达,159915.XSHE,2.294,3600.0,41500.0,283.57,12.0,2016-01-06,2016-01,"创业板ETF易方达
159915.XSHE"
2016-01-06 09:32:00,止盈,500ETF,510500.XSHG,7.141,1100.0,8100.0,237.91,7.0,2016-01-06,2016-01,"500ETF
510500.XSHG"
2016-01-06 11:20:00,止盈,黄金ETF,518880.XSHG,2.297,3500.0,35300.0,233.7,10.0,2016-01-06,2016-01,"黄金ETF
518880.XSHG"
2016-01-07 09:37:00,加仓,创业板ETF易方达,159915.XSHE,2.218,3400.0,44900.0,,13.0,2016-01-07,2016-01,"创业板ETF易方达
159915.XSHE"
2016-01-07 09:38:00,等级校准,创业板ETF易方达,159915.XSHE,,,44900.0,,,2016-01-07,2016-01,"创业板ETF易方达
159915.XSHE"
2016-01-07 09:39:00,加仓,500ETF,510500.XSHG,6.924,1100.0,9200.0,,8.0,2016-01-07,2016-01,"500ETF
510500.XSHG"
2016-01-07 09:43:00,加仓,创业板ETF易方达,159915.XSHE,2.145,3600.0,48500.0,,13.0,2016-01-07,2016-01,"创业板ETF易方达
159915.XSHE"
2016-01-07 09:58:00,加仓,500ETF,510500.XSHG,6.6,1100.0,10300.0,,9.0,2016-01-07,2016-01,"500ETF
510500.XSHG"
2016-01-07 09:59:00,等级校准,500ETF,510500.XSHG,,,10300.0,,,2016-01-07,2016-01,"500ETF
510500.XSHG"
2016-01-08 09:31:00,加仓,纳指ETF,513100.XSHG,1.535,5000.0,31100.0,,6.0,2016-01-08,2016-01,"纳指ETF
513100.XSHG"
2016-01-08 09:32:00,等级校准,纳指ETF,513100.XSHG,,,31100.0,,,2016-01-08,2016-01,"纳指ETF
513100.XSHG"
2016-01-08 09:32:00,止盈,500ETF,510500.XSHG,6.826,1200.0,9100.0,270.38,8.0,2016-01-08,2016-01,"500ETF
510500.XSHG"
2016-01-08 09:47:00,加仓,500ETF,510500.XSHG,6.584,1100.0,10200.0,,9.0,2016-01-08,2016-01,"500ETF
510500.XSHG"
2016-01-08 09:47:00,加仓,创业板ETF易方达,159915.XSHE,2.07,3700.0,52200.0,,14.0,2016-01-08,2016-01,"创业板ETF易方达
159915.XSHE"
2016-01-08 09:48:00,等级校准,500ETF,510500.XSHG,,,10200.0,,,2016-01-08,2016-01,"500ETF
510500.XSHG"
2016-01-08 09:48:00,等级校准,创业板ETF易方达,159915.XSHE,,,52200.0,,,2016-01-08,2016-01,"创业板ETF易方达
159915.XSHE"
2016-01-08 10:21:00,止盈,创业板ETF易方达,159915.XSHE,2.144,3800.0,48400.0,280.39,13.0,2016-01-08,2016-01,"创业板ETF易方达
159915.XSHE"
2016-01-08 10:22:00,止盈,500ETF,510500.XSHG,6.794,1200.0,9000.0,251.18,8.0,2016-01-08,2016-01,"500ETF
510500.XSHG"
2016-01-11 09:31:00,加仓,500ETF,510500.XSHG,6.563,1100.0,10100.0,,9.0,2016-01-11,2016-01,"500ETF
510500.XSHG"
2016-01-11 09:31:00,加仓,创业板ETF易方达,159915.XSHE,2.065,3700.0,52100.0,,14.0,2016-01-11,2016-01,"创业板ETF易方达
159915.XSHE"
2016-01-11 09:32:00,等级校准,500ETF,510500.XSHG,,,10100.0,,,2016-01-11,2016-01,"500ETF
510500.XSHG"
2016-01-11 09:32:00,等级校准,创业板ETF易方达,159915.XSHE,,,52100.0,,,2016-01-11,2016-01,"创业板ETF易方达
159915.XSHE"
2016-01-11 14:39:00,加仓,创业板ETF易方达,159915.XSHE,2.001,3800.0,55900.0,,14.0,2016-01-11,2016-01,"创业板ETF易方达
159915.XSHE"
2016-01-11 14:41:00,加仓,500ETF,510500.XSHG,6.361,1200.0,11300.0,,9.0,2016-01-11,2016-01,"500ETF
510500.XSHG"
2016-01-12 13:48:00,止盈,创业板ETF易方达,159915.XSHE,2.063,3900.0,52000.0,241.0,13.0,2016-01-12,2016-01,"创业板ETF易方达
159915.XSHE"
2016-01-13 11:24:00,加仓,创业板ETF易方达,159915.XSHE,2.001,3800.0,55800.0,,14.0,2016-01-13,2016-01,"创业板ETF易方达
159915.XSHE"
2016-01-13 14:48:00,加仓,500ETF,510500.XSHG,6.153,1200.0,12500.0,,10.0,2016-01-13,2016-01,"500ETF
510500.XSHG"
2016-01-13 14:49:00,等级校准,500ETF,510500.XSHG,,,12500.0,,,2016-01-13,2016-01,"500ETF
510500.XSHG"
2016-01-14 09:31:00,加仓,纳指ETF,513100.XSHG,1.468,5200.0,36300.0,,6.0,2016-01-14,2016-01,"纳指ETF
513100.XSHG"
2016-01-14 09:31:00,加仓,创业板ETF易方达,159915.XSHE,1.903,3900.0,59700.0,,15.0,2016-01-14,2016-01,"创业板ETF易方达
159915.XSHE"
2016-01-14 09:32:00,加仓,纳指ETF,513100.XSHG,1.421,5400.0,41700.0,,7.0,2016-01-14,2016-01,"纳指ETF
513100.XSHG"
2016-01-14 09:32:00,等级校准,创业板ETF易方达,159915.XSHE,,,59700.0,,,2016-01-14,2016-01,"创业板ETF易方达
159915.XSHE"
2016-01-14 09:34:00,加仓,500ETF,510500.XSHG,5.965,1300.0,13800.0,,10.0,2016-01-14,2016-01,"500ETF
510500.XSHG"
2016-01-14 09:38:00,止盈,纳指ETF,513100.XSHG,1.468,5600.0,36100.0,262.38,6.0,2016-01-14,2016-01,"纳指ETF
513100.XSHG"
2016-01-14 10:01:00,止盈,创业板ETF易方达,159915.XSHE,1.963,4200.0,55500.0,251.18,13.0,2016-01-14,2016-01,"创业板ETF易方达
159915.XSHE"
2016-01-14 13:21:00,止盈,500ETF,510500.XSHG,6.147,1300.0,12500.0,235.8,9.0,2016-01-14,2016-01,"500ETF
510500.XSHG"
2016-01-14 13:31:00,止盈,创业板ETF易方达,159915.XSHE,2.025,4000.0,51500.0,247.19,13.0,2016-01-14,2016-01,"创业板ETF易方达
159915.XSHE"
2016-01-18 13:18:00,止盈,创业板ETF易方达,159915.XSHE,2.087,3900.0,47600.0,240.99,12.0,2016-01-18,2016-01,"创业板ETF易方达
159915.XSHE"
2016-01-19 13:01:00,止盈,500ETF,510500.XSHG,6.433,1300.0,11200.0,370.96,9.0,2016-01-19,2016-01,"500ETF
510500.XSHG"
2016-01-21 09:34:00,加仓,500ETF,510500.XSHG,6.225,1200.0,12400.0,,10.0,2016-01-21,2016-01,"500ETF
510500.XSHG"
2016-01-21 14:45:00,加仓,创业板ETF易方达,159915.XSHE,2.023,3800.0,51400.0,,13.0,2016-01-21,2016-01,"创业板ETF易方达
159915.XSHE"
2016-01-22 11:11:00,加仓,500ETF,510500.XSHG,6.03,1200.0,13600.0,,11.0,2016-01-22,2016-01,"500ETF
510500.XSHG"
2016-01-22 11:12:00,等级校准,500ETF,510500.XSHG,,,13600.0,,,2016-01-22,2016-01,"500ETF
510500.XSHG"
2016-01-25 09:31:00,止盈,500ETF,510500.XSHG,6.218,1300.0,12300.0,243.59,10.0,2016-01-25,2016-01,"500ETF
510500.XSHG"
2016-01-26 11:26:00,止盈,黄金ETF,518880.XSHG,2.366,3400.0,31900.0,233.8,9.0,2016-01-26,2016-01,"黄金ETF
518880.XSHG"
2016-01-26 13:16:00,加仓,500ETF,510500.XSHG,6.03,1200.0,13500.0,,11.0,2016-01-26,2016-01,"500ETF
510500.XSHG"
2016-01-26 13:17:00,等级校准,500ETF,510500.XSHG,,,13500.0,,,2016-01-26,2016-01,"500ETF
510500.XSHG"
2016-01-26 13:48:00,加仓,创业板ETF易方达,159915.XSHE,1.961,3900.0,55300.0,,14.0,2016-01-26,2016-01,"创业板ETF易方达
159915.XSHE"
2016-01-26 13:49:00,等级校准,创业板ETF易方达,159915.XSHE,,,55300.0,,,2016-01-26,2016-01,"创业板ETF易方达
159915.XSHE"
2016-01-26 14:36:00,加仓,500ETF,510500.XSHG,5.849,1300.0,14800.0,,11.0,2016-01-26,2016-01,"500ETF
510500.XSHG"
2016-01-26 14:36:00,加仓,创业板ETF易方达,159915.XSHE,1.902,4000.0,59300.0,,14.0,2016-01-26,2016-01,"创业板ETF易方达
159915.XSHE"
2016-01-27 09:58:00,加仓,500ETF,510500.XSHG,5.668,1300.0,16100.0,,12.0,2016-01-27,2016-01,"500ETF
510500.XSHG"
2016-01-27 09:59:00,等级校准,500ETF,510500.XSHG,,,16100.0,,,2016-01-27,2016-01,"500ETF
510500.XSHG"
2016-01-27 10:06:00,加仓,创业板ETF易方达,159915.XSHE,1.841,4200.0,63500.0,,15.0,2016-01-27,2016-01,"创业板ETF易方达
159915.XSHE"
2016-01-27 10:07:00,等级校准,创业板ETF易方达,159915.XSHE,,,63500.0,,,2016-01-27,2016-01,"创业板ETF易方达
159915.XSHE"
2016-01-27 13:01:00,加仓,500ETF,510500.XSHG,5.496,1400.0,17500.0,,12.0,2016-01-27,2016-01,"500ETF
510500.XSHG"
2016-01-27 14:27:00,止盈,500ETF,510500.XSHG,5.686,1400.0,16100.0,265.2,11.0,2016-01-27,2016-01,"500ETF
510500.XSHG"
2016-01-27 14:29:00,止盈,创业板ETF易方达,159915.XSHE,1.898,4300.0,59200.0,244.28,14.0,2016-01-27,2016-01,"创业板ETF易方达
159915.XSHE"
2016-01-28 13:41:00,加仓,创业板ETF易方达,159915.XSHE,1.84,4200.0,63400.0,,15.0,2016-01-28,2016-01,"创业板ETF易方达
159915.XSHE"
2016-01-28 13:42:00,等级校准,创业板ETF易方达,159915.XSHE,,,63400.0,,,2016-01-28,2016-01,"创业板ETF易方达
159915.XSHE"
2016-01-28 14:38:00,加仓,500ETF,510500.XSHG,5.498,1400.0,17500.0,,12.0,2016-01-28,2016-01,"500ETF
510500.XSHG"
2016-01-29 13:53:00,止盈,500ETF,510500.XSHG,5.667,1400.0,16100.0,235.81,11.0,2016-01-29,2016-01,"500ETF
510500.XSHG"
2016-01-29 14:24:00,止盈,创业板ETF易方达,159915.XSHE,1.897,4300.0,59100.0,244.28,14.0,2016-01-29,2016-01,"创业板ETF易方达
159915.XSHE"
2016-02-02 10:22:00,止盈,创业板ETF易方达,159915.XSHE,1.956,4200.0,54900.0,246.98,13.0,2016-02-02,2016-02,"创业板ETF易方达
159915.XSHE"
2016-02-04 09:32:00,止盈,500ETF,510500.XSHG,5.845,1400.0,14700.0,248.38,11.0,2016-02-04,2016-02,"500ETF
510500.XSHG"
2016-02-04 09:52:00,止盈,创业板ETF易方达,159915.XSHE,2.018,4000.0,50900.0,247.19,13.0,2016-02-04,2016-02,"创业板ETF易方达
159915.XSHE"
2016-02-05 09:31:00,止盈,黄金ETF,518880.XSHG,2.447,3300.0,28600.0,266.49,8.0,2016-02-05,2016-02,"黄金ETF
518880.XSHG"
2016-02-15 09:31:00,止盈,黄金ETF,518880.XSHG,2.591,3200.0,25400.0,459.97,8.0,2016-02-15,2016-02,"黄金ETF
518880.XSHG"
2016-02-15 09:31:00,加仓,创业板ETF易方达,159915.XSHE,1.932,3900.0,54800.0,,14.0,2016-02-15,2016-02,"创业板ETF易方达
159915.XSHE"
2016-02-15 09:32:00,等级校准,创业板ETF易方达,159915.XSHE,,,54800.0,,,2016-02-15,2016-02,"创业板ETF易方达
159915.XSHE"
2016-02-15 10:57:00,止盈,创业板ETF易方达,159915.XSHE,1.991,4100.0,50700.0,241.08,12.0,2016-02-15,2016-02,"创业板ETF易方达
159915.XSHE"
2016-02-16 09:45:00,加仓,黄金ETF,518880.XSHG,2.51,3000.0,28400.0,,9.0,2016-02-16,2016-02,"黄金ETF
518880.XSHG"
2016-02-16 09:45:00,止盈,创业板ETF易方达,159915.XSHE,2.051,4000.0,46700.0,239.18,11.0,2016-02-16,2016-02,"创业板ETF易方达
159915.XSHE"
2016-02-16 10:25:00,止盈,500ETF,510500.XSHG,6.025,1300.0,13400.0,233.22,10.0,2016-02-16,2016-02,"500ETF
510500.XSHG"
2016-02-17 14:44:00,止盈,创业板ETF易方达,159915.XSHE,2.113,3900.0,42800.0,240.98,11.0,2016-02-17,2016-02,"创业板ETF易方达
159915.XSHE"
2016-02-18 09:31:00,止盈,500ETF,510500.XSHG,6.218,1300.0,12100.0,250.09,10.0,2016-02-18,2016-02,"500ETF
510500.XSHG"
2016-02-24 11:27:00,止盈,黄金ETF,518880.XSHG,2.586,3100.0,25300.0,234.8,8.0,2016-02-24,2016-02,"黄金ETF
518880.XSHG"
2016-02-25 10:24:00,加仓,创业板ETF易方达,159915.XSHE,2.046,3700.0,46500.0,,12.0,2016-02-25,2016-02,"创业板ETF易方达
159915.XSHE"
2016-02-25 10:25:00,等级校准,创业板ETF易方达,159915.XSHE,,,46500.0,,,2016-02-25,2016-02,"创业板ETF易方达
159915.XSHE"
2016-02-25 11:27:00,加仓,500ETF,510500.XSHG,6.017,1200.0,13300.0,,11.0,2016-02-25,2016-02,"500ETF
510500.XSHG"
2016-02-25 11:28:00,等级校准,500ETF,510500.XSHG,,,13300.0,,,2016-02-25,2016-02,"500ETF
510500.XSHG"
2016-02-25 13:01:00,加仓,创业板ETF易方达,159915.XSHE,1.984,3900.0,50400.0,,12.0,2016-02-25,2016-02,"创业板ETF易方达
159915.XSHE"
2016-02-25 14:27:00,加仓,500ETF,510500.XSHG,5.836,1300.0,14600.0,,11.0,2016-02-25,2016-02,"500ETF
510500.XSHG"
2016-02-25 14:27:00,加仓,创业板ETF易方达,159915.XSHE,1.919,4000.0,54400.0,,13.0,2016-02-25,2016-02,"创业板ETF易方达
159915.XSHE"
2016-02-29 09:38:00,加仓,创业板ETF易方达,159915.XSHE,1.852,4100.0,58500.0,,14.0,2016-02-29,2016-02,"创业板ETF易方达
159915.XSHE"
2016-02-29 09:39:00,加仓,500ETF,510500.XSHG,5.659,1300.0,15900.0,,12.0,2016-02-29,2016-02,"500ETF
510500.XSHG"
2016-02-29 09:39:00,等级校准,创业板ETF易方达,159915.XSHE,,,58500.0,,,2016-02-29,2016-02,"创业板ETF易方达
159915.XSHE"
2016-02-29 09:40:00,等级校准,500ETF,510500.XSHG,,,15900.0,,,2016-02-29,2016-02,"500ETF
510500.XSHG"
2016-02-29 09:57:00,加仓,创业板ETF易方达,159915.XSHE,1.791,4300.0,62800.0,,14.0,2016-02-29,2016-02,"创业板ETF易方达
159915.XSHE"
2016-02-29 09:59:00,加仓,500ETF,510500.XSHG,5.487,1400.0,17300.0,,12.0,2016-02-29,2016-02,"500ETF
510500.XSHG"
2016-03-01 14:24:00,止盈,500ETF,510500.XSHG,5.653,1400.0,15900.0,231.61,11.0,2016-03-01,2016-03,"500ETF
510500.XSHG"
2016-03-02 11:13:00,止盈,创业板ETF易方达,159915.XSHE,1.846,4400.0,58400.0,241.19,13.0,2016-03-02,2016-03,"创业板ETF易方达
159915.XSHE"
2016-03-02 13:05:00,止盈,500ETF,510500.XSHG,5.823,1400.0,14500.0,237.18,11.0,2016-03-02,2016-03,"500ETF
510500.XSHG"
2016-03-02 13:55:00,止盈,创业板ETF易方达,159915.XSHE,1.902,4300.0,54100.0,239.98,12.0,2016-03-02,2016-03,"创业板ETF易方达
159915.XSHE"
2016-03-02 14:47:00,止盈,纳指ETF,513100.XSHG,1.515,5400.0,30700.0,252.98,5.0,2016-03-02,2016-03,"纳指ETF
513100.XSHG"
2016-03-03 09:42:00,止盈,500ETF,510500.XSHG,6.01,1300.0,13200.0,242.32,10.0,2016-03-03,2016-03,"500ETF
510500.XSHG"
2016-03-04 11:19:00,加仓,创业板ETF易方达,159915.XSHE,1.836,4200.0,58300.0,,13.0,2016-03-04,2016-03,"创业板ETF易方达
159915.XSHE"
2016-03-04 11:27:00,加仓,500ETF,510500.XSHG,5.824,1300.0,14500.0,,11.0,2016-03-04,2016-03,"500ETF
510500.XSHG"
2016-03-08 09:44:00,加仓,创业板ETF易方达,159915.XSHE,1.773,4300.0,62600.0,,14.0,2016-03-08,2016-03,"创业板ETF易方达
159915.XSHE"
2016-03-08 09:45:00,等级校准,创业板ETF易方达,159915.XSHE,,,62600.0,,,2016-03-08,2016-03,"创业板ETF易方达
159915.XSHE"
2016-03-08 09:59:00,止盈,黄金ETF,518880.XSHG,2.665,3000.0,22300.0,236.2,7.0,2016-03-08,2016-03,"黄金ETF
518880.XSHG"
2016-03-08 11:20:00,止盈,创业板ETF易方达,159915.XSHE,1.828,4500.0,58100.0,246.68,13.0,2016-03-08,2016-03,"创业板ETF易方达
159915.XSHE"
2016-03-08 14:25:00,止盈,创业板ETF易方达,159915.XSHE,1.885,4300.0,53800.0,244.29,12.0,2016-03-08,2016-03,"创业板ETF易方达
159915.XSHE"
2016-03-09 09:34:00,加仓,纳指ETF,513100.XSHG,1.469,5200.0,35900.0,,6.0,2016-03-09,2016-03,"纳指ETF
513100.XSHG"
2016-03-11 09:31:00,加仓,500ETF,510500.XSHG,5.634,1300.0,15800.0,,12.0,2016-03-11,2016-03,"500ETF
510500.XSHG"
2016-03-11 09:31:00,加仓,创业板ETF易方达,159915.XSHE,1.802,4200.0,58000.0,,13.0,2016-03-11,2016-03,"创业板ETF易方达
159915.XSHE"
2016-03-11 09:32:00,等级校准,500ETF,510500.XSHG,,,15800.0,,,2016-03-11,2016-03,"500ETF
510500.XSHG"
2016-03-14 09:31:00,止盈,创业板ETF易方达,159915.XSHE,1.862,4400.0,53600.0,263.18,12.0,2016-03-14,2016-03,"创业板ETF易方达
159915.XSHE"
2016-03-14 09:47:00,止盈,500ETF,510500.XSHG,5.81,1400.0,14400.0,245.59,11.0,2016-03-14,2016-03,"500ETF
510500.XSHG"
2016-03-14 10:51:00,止盈,创业板ETF易方达,159915.XSHE,1.92,4200.0,49400.0,242.79,12.0,2016-03-14,2016-03,"创业板ETF易方达
159915.XSHE"
2016-03-15 09:31:00,加仓,黄金ETF,518880.XSHG,2.583,3000.0,25300.0,,8.0,2016-03-15,2016-03,"黄金ETF
518880.XSHG"
2016-03-17 09:32:00,止盈,纳指ETF,513100.XSHG,1.517,5400.0,30500.0,258.38,5.0,2016-03-17,2016-03,"纳指ETF
513100.XSHG"
2016-03-17 13:53:00,止盈,创业板ETF易方达,159915.XSHE,1.978,4100.0,45300.0,236.99,11.0,2016-03-17,2016-03,"创业板ETF易方达
159915.XSHE"
2016-03-17 14:02:00,止盈,500ETF,510500.XSHG,5.987,1300.0,13100.0,229.32,10.0,2016-03-17,2016-03,"500ETF
510500.XSHG"
2016-03-18 09:31:00,止盈,500ETF,510500.XSHG,6.42,1300.0,11800.0,562.07,9.0,2016-03-18,2016-03,"500ETF
510500.XSHG"
2016-03-18 09:32:00,加仓,500ETF,510500.XSHG,6.008,1200.0,13000.0,,10.0,2016-03-18,2016-03,"500ETF
510500.XSHG"
2016-03-18 10:24:00,止盈,创业板ETF易方达,159915.XSHE,2.039,4000.0,41300.0,243.18,10.0,2016-03-18,2016-03,"创业板ETF易方达
159915.XSHE"
2016-03-18 13:06:00,止盈,500ETF,510500.XSHG,6.196,1300.0,11700.0,243.59,9.0,2016-03-18,2016-03,"500ETF
510500.XSHG"
2016-03-21 09:31:00,止盈,创业板ETF易方达,159915.XSHE,2.105,3900.0,37400.0,256.58,9.0,2016-03-21,2016-03,"创业板ETF易方达
159915.XSHE"
2016-03-28 09:39:00,止盈,500ETF,510500.XSHG,6.386,1200.0,10500.0,227.23,8.0,2016-03-28,2016-03,"500ETF
510500.XSHG"
2016-03-29 09:39:00,加仓,500ETF,510500.XSHG,6.194,1200.0,11700.0,,9.0,2016-03-29,2016-03,"500ETF
510500.XSHG"
2016-03-29 09:45:00,加仓,创业板ETF易方达,159915.XSHE,2.039,3800.0,41200.0,,10.0,2016-03-29,2016-03,"创业板ETF易方达
159915.XSHE"
2016-03-30 14:04:00,止盈,创业板ETF易方达,159915.XSHE,2.105,3900.0,37300.0,256.58,9.0,2016-03-30,2016-03,"创业板ETF易方达
159915.XSHE"
2016-03-30 14:47:00,止盈,500ETF,510500.XSHG,6.38,1200.0,10500.0,222.43,8.0,2016-03-30,2016-03,"500ETF
510500.XSHG"
2016-04-05 13:29:00,止盈,创业板ETF易方达,159915.XSHE,2.169,3800.0,33500.0,242.38,9.0,2016-04-05,2016-04,"创业板ETF易方达
159915.XSHE"
2016-04-07 09:31:00,止盈,500ETF,510500.XSHG,6.585,1200.0,9300.0,245.21,7.0,2016-04-07,2016-04,"500ETF
510500.XSHG"
2016-04-08 09:37:00,加仓,500ETF,510500.XSHG,6.379,1200.0,10500.0,,8.0,2016-04-08,2016-04,"500ETF
510500.XSHG"
2016-04-08 11:05:00,加仓,创业板ETF易方达,159915.XSHE,2.103,3600.0,37100.0,,10.0,2016-04-08,2016-04,"创业板ETF易方达
159915.XSHE"
2016-04-08 11:06:00,等级校准,创业板ETF易方达,159915.XSHE,,,37100.0,,,2016-04-08,2016-04,"创业板ETF易方达
159915.XSHE"
2016-04-11 09:55:00,止盈,创业板ETF易方达,159915.XSHE,2.172,3800.0,33300.0,261.37,9.0,2016-04-11,2016-04,"创业板ETF易方达
159915.XSHE"
2016-04-11 13:17:00,止盈,500ETF,510500.XSHG,6.571,1200.0,9300.0,229.61,7.0,2016-04-11,2016-04,"500ETF
510500.XSHG"
2016-04-20 11:13:00,加仓,创业板ETF易方达,159915.XSHE,2.103,3600.0,36900.0,,10.0,2016-04-20,2016-04,"创业板ETF易方达
159915.XSHE"
2016-04-20 11:14:00,等级校准,创业板ETF易方达,159915.XSHE,,,36900.0,,,2016-04-20,2016-04,"创业板ETF易方达
159915.XSHE"
2016-04-20 11:18:00,加仓,500ETF,510500.XSHG,6.367,1200.0,10500.0,,8.0,2016-04-20,2016-04,"500ETF
510500.XSHG"
2016-04-20 13:08:00,加仓,创业板ETF易方达,159915.XSHE,2.035,3800.0,40700.0,,10.0,2016-04-20,2016-04,"创业板ETF易方达
159915.XSHE"
2016-04-20 13:11:00,加仓,500ETF,510500.XSHG,6.168,1200.0,11700.0,,9.0,2016-04-20,2016-04,"500ETF
510500.XSHG"
2016-04-29 10:44:00,止盈,黄金ETF,518880.XSHG,2.662,3000.0,22300.0,236.2,7.0,2016-04-29,2016-04,"黄金ETF
518880.XSHG"
2016-05-03 10:52:00,止盈,500ETF,510500.XSHG,6.357,1200.0,10500.0,226.04,8.0,2016-05-03,2016-05,"500ETF
510500.XSHG"
2016-05-03 11:02:00,止盈,创业板ETF易方达,159915.XSHE,2.097,3900.0,36800.0,240.98,9.0,2016-05-03,2016-05,"创业板ETF易方达
159915.XSHE"
2016-05-06 14:47:00,加仓,创业板ETF易方达,159915.XSHE,2.031,3800.0,40600.0,,10.0,2016-05-06,2016-05,"创业板ETF易方达
159915.XSHE"
2016-05-09 09:31:00,加仓,500ETF,510500.XSHG,6.142,1200.0,11700.0,,9.0,2016-05-09,2016-05,"500ETF
510500.XSHG"
2016-05-09 10:14:00,加仓,创业板ETF易方达,159915.XSHE,1.97,3900.0,44500.0,,11.0,2016-05-09,2016-05,"创业板ETF易方达
159915.XSHE"
2016-05-09 14:49:00,加仓,500ETF,510500.XSHG,5.95,1300.0,13000.0,,10.0,2016-05-09,2016-05,"500ETF
510500.XSHG"
2016-05-12 09:31:00,加仓,创业板ETF易方达,159915.XSHE,1.905,4000.0,48500.0,,12.0,2016-05-12,2016-05,"创业板ETF易方达
159915.XSHE"
2016-05-12 09:32:00,等级校准,创业板ETF易方达,159915.XSHE,,,48500.0,,,2016-05-12,2016-05,"创业板ETF易方达
159915.XSHE"
2016-05-17 13:37:00,止盈,创业板ETF易方达,159915.XSHE,1.963,4100.0,44400.0,237.0,11.0,2016-05-17,2016-05,"创业板ETF易方达
159915.XSHE"
2016-05-18 14:34:00,加仓,创业板ETF易方达,159915.XSHE,1.903,4000.0,48400.0,,12.0,2016-05-18,2016-05,"创业板ETF易方达
159915.XSHE"
2016-05-18 14:35:00,等级校准,创业板ETF易方达,159915.XSHE,,,48400.0,,,2016-05-18,2016-05,"创业板ETF易方达
159915.XSHE"
2016-05-19 10:17:00,止盈,创业板ETF易方达,159915.XSHE,1.964,4200.0,44200.0,255.38,11.0,2016-05-19,2016-05,"创业板ETF易方达
159915.XSHE"
2016-05-25 14:16:00,加仓,黄金ETF,518880.XSHG,2.582,3000.0,25300.0,,8.0,2016-05-25,2016-05,"黄金ETF
518880.XSHG"
2016-05-30 09:46:00,止盈,纳指ETF,513100.XSHG,1.563,5200.0,25300.0,238.39,4.0,2016-05-30,2016-05,"纳指ETF
513100.XSHG"
2016-05-31 10:39:00,止盈,创业板ETF易方达,159915.XSHE,2.024,4000.0,40200.0,239.19,10.0,2016-05-31,2016-05,"创业板ETF易方达
159915.XSHE"
2016-05-31 13:17:00,止盈,500ETF,510500.XSHG,6.13,1300.0,11700.0,233.2,9.0,2016-05-31,2016-05,"500ETF
510500.XSHG"
2016-06-01 11:03:00,止盈,创业板ETF易方达,159915.XSHE,2.085,3900.0,36300.0,237.09,9.0,2016-06-01,2016-06,"创业板ETF易方达
159915.XSHE"
2016-06-03 14:04:00,止盈,500ETF,510500.XSHG,6.319,1300.0,10400.0,244.88,8.0,2016-06-03,2016-06,"500ETF
510500.XSHG"
2016-06-13 09:31:00,止盈,黄金ETF,518880.XSHG,2.694,3000.0,22300.0,335.19,7.0,2016-06-13,2016-06,"黄金ETF
518880.XSHG"
2016-06-13 14:01:00,加仓,创业板ETF易方达,159915.XSHE,2.022,3800.0,40100.0,,10.0,2016-06-13,2016-06,"创业板ETF易方达
159915.XSHE"
2016-06-13 14:32:00,加仓,500ETF,510500.XSHG,6.125,1200.0,11600.0,,9.0,2016-06-13,2016-06,"500ETF
510500.XSHG"
2016-06-13 14:33:00,等级校准,500ETF,510500.XSHG,,,11600.0,,,2016-06-13,2016-06,"500ETF
510500.XSHG"
2016-06-14 09:31:00,加仓,创业板ETF易方达,159915.XSHE,1.957,3900.0,44000.0,,11.0,2016-06-14,2016-06,"创业板ETF易方达
159915.XSHE"
2016-06-15 10:14:00,止盈,创业板ETF易方达,159915.XSHE,2.016,4000.0,40000.0,235.19,10.0,2016-06-15,2016-06,"创业板ETF易方达
159915.XSHE"
2016-06-16 14:35:00,止盈,黄金ETF,518880.XSHG,2.776,2900.0,19400.0,236.99,6.0,2016-06-16,2016-06,"黄金ETF
518880.XSHG"
2016-06-21 09:59:00,止盈,500ETF,510500.XSHG,6.312,1300.0,10300.0,242.28,8.0,2016-06-21,2016-06,"500ETF
510500.XSHG"
2016-06-22 09:33:00,加仓,黄金ETF,518880.XSHG,2.692,2800.0,22200.0,,7.0,2016-06-22,2016-06,"黄金ETF
518880.XSHG"
2016-06-24 11:01:00,加仓,500ETF,510500.XSHG,6.117,1200.0,11500.0,,9.0,2016-06-24,2016-06,"500ETF
510500.XSHG"
2016-06-24 11:02:00,等级校准,500ETF,510500.XSHG,,,11500.0,,,2016-06-24,2016-06,"500ETF
510500.XSHG"
2016-06-24 13:01:00,止盈,黄金ETF,518880.XSHG,2.825,2900.0,19300.0,384.88,6.0,2016-06-24,2016-06,"黄金ETF
518880.XSHG"
2016-06-24 13:02:00,加仓,纳指ETF,513100.XSHG,1.513,5100.0,30400.0,,5.0,2016-06-24,2016-06,"纳指ETF
513100.XSHG"
2016-06-27 11:02:00,止盈,创业板ETF易方达,159915.XSHE,2.077,3900.0,36100.0,237.09,9.0,2016-06-27,2016-06,"创业板ETF易方达
159915.XSHE"
2016-06-27 14:15:00,止盈,500ETF,510500.XSHG,6.301,1300.0,10200.0,238.38,8.0,2016-06-27,2016-06,"500ETF
510500.XSHG"
2016-06-29 09:37:00,止盈,创业板ETF易方达,159915.XSHE,2.146,3800.0,32300.0,261.38,8.0,2016-06-29,2016-06,"创业板ETF易方达
159915.XSHE"
2016-07-04 09:36:00,止盈,纳指ETF,513100.XSHG,1.559,5200.0,25200.0,238.39,4.0,2016-07-04,2016-07,"纳指ETF
513100.XSHG"
2016-07-04 10:31:00,止盈,黄金ETF,518880.XSHG,2.912,2800.0,16500.0,242.78,6.0,2016-07-04,2016-07,"黄金ETF
518880.XSHG"
2016-07-04 11:01:00,止盈,500ETF,510500.XSHG,6.493,1200.0,9000.0,229.62,7.0,2016-07-04,2016-07,"500ETF
510500.XSHG"
2016-07-12 09:34:00,止盈,纳指ETF,513100.XSHG,1.606,5100.0,20100.0,238.88,4.0,2016-07-12,2016-07,"纳指ETF
513100.XSHG"
2016-07-12 14:55:00,止盈,500ETF,510500.XSHG,6.69,1200.0,7800.0,235.6,7.0,2016-07-12,2016-07,"500ETF
510500.XSHG"
2016-07-21 09:49:00,加仓,黄金ETF,518880.XSHG,2.824,2700.0,19200.0,,7.0,2016-07-21,2016-07,"黄金ETF
518880.XSHG"
2016-07-21 09:50:00,等级校准,黄金ETF,518880.XSHG,,,19200.0,,,2016-07-21,2016-07,"黄金ETF
518880.XSHG"
2016-07-27 13:02:00,加仓,创业板ETF易方达,159915.XSHE,2.081,3700.0,36000.0,,9.0,2016-07-27,2016-07,"创业板ETF易方达
159915.XSHE"
2016-07-27 13:15:00,加仓,500ETF,510500.XSHG,6.459,1100.0,8900.0,,8.0,2016-07-27,2016-07,"500ETF
510500.XSHG"
2016-07-27 13:16:00,等级校准,500ETF,510500.XSHG,,,8900.0,,,2016-07-27,2016-07,"500ETF
510500.XSHG"
2016-07-28 09:35:00,止盈,纳指ETF,513100.XSHG,1.655,4900.0,15200.0,239.29,3.0,2016-07-28,2016-07,"纳指ETF
513100.XSHG"
2016-08-01 09:31:00,止盈,纳指ETF,513100.XSHG,1.732,4800.0,10400.0,368.77,2.0,2016-08-01,2016-08,"纳指ETF
513100.XSHG"
2016-08-01 09:32:00,加仓,纳指ETF,513100.XSHG,1.67,4600.0,15000.0,,3.0,2016-08-01,2016-08,"纳指ETF
513100.XSHG"
2016-08-01 09:36:00,加仓,创业板ETF易方达,159915.XSHE,2.017,3800.0,39800.0,,10.0,2016-08-01,2016-08,"创业板ETF易方达
159915.XSHE"
2016-08-03 09:36:00,止盈,黄金ETF,518880.XSHG,2.909,2800.0,16400.0,237.19,6.0,2016-08-03,2016-08,"黄金ETF
518880.XSHG"
2016-08-08 09:35:00,止盈,纳指ETF,513100.XSHG,1.729,4700.0,10300.0,276.49,2.0,2016-08-08,2016-08,"纳指ETF
513100.XSHG"
2016-08-15 10:13:00,止盈,500ETF,510500.XSHG,6.671,1200.0,7700.0,253.6,7.0,2016-08-15,2016-08,"500ETF
510500.XSHG"
2016-08-15 10:51:00,止盈,创业板ETF易方达,159915.XSHE,2.078,3900.0,35900.0,237.09,9.0,2016-08-15,2016-08,"创业板ETF易方达
159915.XSHE"
2016-09-01 09:31:00,加仓,黄金ETF,518880.XSHG,2.819,2700.0,19100.0,,7.0,2016-09-01,2016-09,"黄金ETF
518880.XSHG"
2016-09-01 09:32:00,等级校准,黄金ETF,518880.XSHG,,,19100.0,,,2016-09-01,2016-09,"黄金ETF
518880.XSHG"
2016-09-12 09:32:00,加仓,纳指ETF,513100.XSHG,1.676,4600.0,14900.0,,3.0,2016-09-12,2016-09,"纳指ETF
513100.XSHG"
2016-09-22 09:56:00,止盈,纳指ETF,513100.XSHG,1.727,4700.0,10200.0,238.89,2.0,2016-09-22,2016-09,"纳指ETF
513100.XSHG"
2016-10-10 09:31:00,加仓,黄金ETF,518880.XSHG,2.729,2800.0,21900.0,,7.0,2016-10-10,2016-10,"黄金ETF
518880.XSHG"
2016-11-02 09:31:00,止盈,黄金ETF,518880.XSHG,2.819,2900.0,19000.0,260.18,6.0,2016-11-02,2016-11,"黄金ETF
518880.XSHG"
2016-11-09 13:01:00,加仓,纳指ETF,513100.XSHG,1.675,4600.0,14800.0,,3.0,2016-11-09,2016-11,"纳指ETF
513100.XSHG"
2016-11-10 13:09:00,止盈,纳指ETF,513100.XSHG,1.726,4700.0,10100.0,238.89,2.0,2016-11-10,2016-11,"纳指ETF
513100.XSHG"
2016-11-11 13:01:00,止盈,500ETF,510500.XSHG,6.877,1100.0,6600.0,225.84,6.0,2016-11-11,2016-11,"500ETF
510500.XSHG"
2016-11-14 09:31:00,加仓,黄金ETF,518880.XSHG,2.677,2800.0,21800.0,,7.0,2016-11-14,2016-11,"黄金ETF
518880.XSHG"
2016-11-22 09:37:00,止盈,纳指ETF,513100.XSHG,1.778,4600.0,5500.0,238.38,1.0,2016-11-22,2016-11,"纳指ETF
513100.XSHG"
2016-11-25 10:03:00,止盈,纳指ETF,513100.XSHG,1.835,4400.0,1100.0,249.99,1.0,2016-11-25,2016-11,"纳指ETF
513100.XSHG"
2016-12-01 09:33:00,加仓,纳指ETF,513100.XSHG,1.774,4300.0,5400.0,,2.0,2016-12-01,2016-12,"纳指ETF
513100.XSHG"
2016-12-01 09:34:00,等级校准,纳指ETF,513100.XSHG,,,5400.0,,,2016-12-01,2016-12,"纳指ETF
513100.XSHG"
2016-12-09 10:31:00,加仓,创业板ETF易方达,159915.XSHE,2.015,3800.0,39700.0,,10.0,2016-12-09,2016-12,"创业板ETF易方达
159915.XSHE"
2016-12-12 11:17:00,加仓,创业板ETF易方达,159915.XSHE,1.954,3900.0,43600.0,,11.0,2016-12-12,2016-12,"创业板ETF易方达
159915.XSHE"
2016-12-12 11:18:00,等级校准,创业板ETF易方达,159915.XSHE,,,43600.0,,,2016-12-12,2016-12,"创业板ETF易方达
159915.XSHE"
2016-12-12 11:21:00,加仓,500ETF,510500.XSHG,6.67,1100.0,7700.0,,7.0,2016-12-12,2016-12,"500ETF
510500.XSHG"
2016-12-13 09:35:00,加仓,创业板ETF易方达,159915.XSHE,1.895,4000.0,47600.0,,11.0,2016-12-13,2016-12,"创业板ETF易方达
159915.XSHE"
2016-12-16 10:09:00,止盈,纳指ETF,513100.XSHG,1.828,4500.0,900.0,242.18,1.0,2016-12-16,2016-12,"纳指ETF
513100.XSHG"
2016-12-21 09:31:00,加仓,黄金ETF,518880.XSHG,2.581,2900.0,24700.0,,8.0,2016-12-21,2016-12,"黄金ETF
518880.XSHG"
2016-12-26 10:35:00,止盈（部分）,纳指ETF,513100.XSHG,1.886,900.0,0.0,52.03,0.0,2016-12-26,2016-12,"纳指ETF
513100.XSHG"
2016-12-26 10:35:00,清仓,纳指ETF,513100.XSHG,,,,,0.0,2016-12-26,2016-12,"纳指ETF
513100.XSHG"
2016-12-26 10:36:00,重装建仓,纳指ETF,513100.XSHG,1.874,42600.0,42600.0,,,2016-12-26,2016-12,"纳指ETF
513100.XSHG"
2016-12-26 10:37:00,底仓到账,纳指ETF,513100.XSHG,,,42600.0,,10.0,2016-12-26,2016-12,"纳指ETF
513100.XSHG"
2016-12-30 13:31:00,加仓,纳指ETF,513100.XSHG,1.817,4200.0,46800.0,,11.0,2016-12-30,2016-12,"纳指ETF
513100.XSHG"
2016-12-30 13:32:00,等级校准,纳指ETF,513100.XSHG,,,46800.0,,,2016-12-30,2016-12,"纳指ETF
513100.XSHG"
2017-01-10 10:36:00,止盈,黄金ETF,518880.XSHG,2.659,3000.0,21700.0,233.2,7.0,2017-01-10,2017-01,"黄金ETF
518880.XSHG"
2017-01-13 13:46:00,加仓,创业板ETF易方达,159915.XSHE,1.838,4200.0,51800.0,,12.0,2017-01-13,2017-01,"创业板ETF易方达
159915.XSHE"
2017-01-16 09:32:00,加仓,500ETF,510500.XSHG,6.462,1100.0,8800.0,,8.0,2017-01-16,2017-01,"500ETF
510500.XSHG"
2017-01-16 09:33:00,等级校准,500ETF,510500.XSHG,,,8800.0,,,2017-01-16,2017-01,"500ETF
510500.XSHG"
2017-01-16 14:03:00,加仓,创业板ETF易方达,159915.XSHE,1.782,4300.0,56100.0,,13.0,2017-01-16,2017-01,"创业板ETF易方达
159915.XSHE"
2017-01-16 14:04:00,等级校准,创业板ETF易方达,159915.XSHE,,,56100.0,,,2017-01-16,2017-01,"创业板ETF易方达
159915.XSHE"
2017-01-16 14:27:00,加仓,500ETF,510500.XSHG,6.251,1200.0,10000.0,,8.0,2017-01-16,2017-01,"500ETF
510500.XSHG"
2017-01-16 14:29:00,加仓,创业板ETF易方达,159915.XSHE,1.723,4400.0,60500.0,,13.0,2017-01-16,2017-01,"创业板ETF易方达
159915.XSHE"
2017-01-17 13:41:00,止盈,创业板ETF易方达,159915.XSHE,1.777,4600.0,55900.0,247.58,12.0,2017-01-17,2017-01,"创业板ETF易方达
159915.XSHE"
2017-01-23 09:35:00,止盈,500ETF,510500.XSHG,6.44,1200.0,8800.0,226.03,7.0,2017-01-23,2017-01,"500ETF
510500.XSHG"
2017-01-26 09:38:00,止盈,纳指ETF,513100.XSHG,1.874,4400.0,42400.0,249.98,10.0,2017-01-26,2017-01,"纳指ETF
513100.XSHG"
2017-02-09 09:31:00,止盈,黄金ETF,518880.XSHG,2.739,3000.0,18700.0,239.18,6.0,2017-02-09,2017-02,"黄金ETF
518880.XSHG"
2017-02-09 09:56:00,止盈,创业板ETF易方达,159915.XSHE,1.831,4500.0,51400.0,242.18,11.0,2017-02-09,2017-02,"创业板ETF易方达
159915.XSHE"
2017-02-10 13:22:00,止盈,500ETF,510500.XSHG,6.634,1200.0,7600.0,232.0,6.0,2017-02-10,2017-02,"500ETF
510500.XSHG"
2017-02-14 09:31:00,止盈,纳指ETF,513100.XSHG,1.932,4200.0,38200.0,242.79,9.0,2017-02-14,2017-02,"纳指ETF
513100.XSHG"
2017-03-02 09:56:00,止盈,纳指ETF,513100.XSHG,1.992,4100.0,34100.0,245.18,8.0,2017-03-02,2017-03,"纳指ETF
513100.XSHG"
2017-03-07 09:35:00,止盈,创业板ETF易方达,159915.XSHE,1.886,4300.0,47100.0,235.69,11.0,2017-03-07,2017-03,"创业板ETF易方达
159915.XSHE"
2017-03-07 14:59:00,止盈,500ETF,510500.XSHG,6.834,1200.0,6400.0,239.18,5.0,2017-03-07,2017-03,"500ETF
510500.XSHG"
2017-03-30 10:00:00,加仓,创业板ETF易方达,159915.XSHE,1.829,4200.0,51300.0,,12.0,2017-03-30,2017-03,"创业板ETF易方达
159915.XSHE"
2017-03-30 10:01:00,等级校准,创业板ETF易方达,159915.XSHE,,,51300.0,,,2017-03-30,2017-03,"创业板ETF易方达
159915.XSHE"
2017-04-07 10:02:00,止盈,黄金ETF,518880.XSHG,2.824,2900.0,15800.0,245.68,5.0,2017-04-07,2017-04,"黄金ETF
518880.XSHG"
2017-04-17 09:31:00,加仓,纳指ETF,513100.XSHG,1.931,4000.0,38100.0,,9.0,2017-04-17,2017-04,"纳指ETF
513100.XSHG"
2017-04-18 14:41:00,加仓,创业板ETF易方达,159915.XSHE,1.773,4300.0,55600.0,,12.0,2017-04-18,2017-04,"创业板ETF易方达
159915.XSHE"
2017-04-19 10:11:00,加仓,500ETF,510500.XSHG,6.609,1100.0,7500.0,,6.0,2017-04-19,2017-04,"500ETF
510500.XSHG"
2017-04-25 09:31:00,止盈,纳指ETF,513100.XSHG,1.998,4100.0,34000.0,273.88,8.0,2017-04-25,2017-04,"纳指ETF
513100.XSHG"
2017-04-27 09:37:00,加仓,500ETF,510500.XSHG,6.406,1200.0,8700.0,,7.0,2017-04-27,2017-04,"500ETF
510500.XSHG"
2017-05-04 14:39:00,加仓,黄金ETF,518880.XSHG,2.739,2800.0,18600.0,,6.0,2017-05-04,2017-05,"黄金ETF
518880.XSHG"
2017-05-08 10:46:00,止盈,纳指ETF,513100.XSHG,2.058,4000.0,30000.0,239.18,7.0,2017-05-08,2017-05,"纳指ETF
513100.XSHG"
2017-05-08 14:54:00,加仓,创业板ETF易方达,159915.XSHE,1.716,4500.0,60100.0,,13.0,2017-05-08,2017-05,"创业板ETF易方达
159915.XSHE"
2017-05-09 10:03:00,加仓,500ETF,510500.XSHG,6.213,1200.0,9900.0,,8.0,2017-05-09,2017-05,"500ETF
510500.XSHG"
2017-05-11 13:15:00,加仓,创业板ETF易方达,159915.XSHE,1.663,4600.0,64700.0,,14.0,2017-05-11,2017-05,"创业板ETF易方达
159915.XSHE"
2017-05-11 13:16:00,等级校准,创业板ETF易方达,159915.XSHE,,,64700.0,,,2017-05-11,2017-05,"创业板ETF易方达
159915.XSHE"
2017-05-11 13:17:00,加仓,500ETF,510500.XSHG,6.012,1200.0,11100.0,,9.0,2017-05-11,2017-05,"500ETF
510500.XSHG"
2017-05-11 13:18:00,等级校准,500ETF,510500.XSHG,,,11100.0,,,2017-05-11,2017-05,"500ETF
510500.XSHG"
2017-05-16 13:00:00,止盈,500ETF,510500.XSHG,6.195,1300.0,9800.0,237.09,8.0,2017-05-16,2017-05,"500ETF
510500.XSHG"
2017-05-16 13:23:00,止盈,创业板ETF易方达,159915.XSHE,1.713,4800.0,59900.0,239.18,13.0,2017-05-16,2017-05,"创业板ETF易方达
159915.XSHE"
2017-05-24 09:33:00,加仓,500ETF,510500.XSHG,6.009,1200.0,11000.0,,9.0,2017-05-24,2017-05,"500ETF
510500.XSHG"
2017-05-24 09:34:00,等级校准,500ETF,510500.XSHG,,,11000.0,,,2017-05-24,2017-05,"500ETF
510500.XSHG"
2017-05-24 09:40:00,加仓,创业板ETF易方达,159915.XSHE,1.66,4600.0,64500.0,,14.0,2017-05-24,2017-05,"创业板ETF易方达
159915.XSHE"
2017-05-24 09:41:00,等级校准,创业板ETF易方达,159915.XSHE,,,64500.0,,,2017-05-24,2017-05,"创业板ETF易方达
159915.XSHE"
2017-05-25 13:43:00,止盈,创业板ETF易方达,159915.XSHE,1.71,4800.0,59700.0,239.18,12.0,2017-05-25,2017-05,"创业板ETF易方达
159915.XSHE"
2017-05-31 09:31:00,止盈,500ETF,510500.XSHG,6.207,1300.0,9700.0,256.59,8.0,2017-05-31,2017-05,"500ETF
510500.XSHG"
2017-06-01 14:27:00,加仓,500ETF,510500.XSHG,6.02,1200.0,10900.0,,9.0,2017-06-01,2017-06,"500ETF
510500.XSHG"
2017-06-01 14:28:00,等级校准,500ETF,510500.XSHG,,,10900.0,,,2017-06-01,2017-06,"500ETF
510500.XSHG"
2017-06-02 09:31:00,加仓,创业板ETF易方达,159915.XSHE,1.653,4600.0,64300.0,,13.0,2017-06-02,2017-06,"创业板ETF易方达
159915.XSHE"
2017-06-02 09:36:00,止盈,纳指ETF,513100.XSHG,2.125,3800.0,26200.0,253.79,7.0,2017-06-02,2017-06,"纳指ETF
513100.XSHG"
2017-06-06 14:28:00,止盈,黄金ETF,518880.XSHG,2.822,2900.0,15700.0,239.88,5.0,2017-06-06,2017-06,"黄金ETF
518880.XSHG"
2017-06-07 10:15:00,止盈,创业板ETF易方达,159915.XSHE,1.703,4800.0,59500.0,239.18,12.0,2017-06-07,2017-06,"创业板ETF易方达
159915.XSHE"
2017-06-07 11:28:00,止盈,500ETF,510500.XSHG,6.202,1300.0,9600.0,235.79,8.0,2017-06-07,2017-06,"500ETF
510500.XSHG"
2017-06-15 09:32:00,加仓,纳指ETF,513100.XSHG,2.058,3700.0,29900.0,,8.0,2017-06-15,2017-06,"纳指ETF
513100.XSHG"
2017-06-15 09:33:00,等级校准,纳指ETF,513100.XSHG,,,29900.0,,,2017-06-15,2017-06,"纳指ETF
513100.XSHG"
2017-06-20 09:37:00,止盈,创业板ETF易方达,159915.XSHE,1.758,4600.0,54900.0,252.19,12.0,2017-06-20,2017-06,"创业板ETF易方达
159915.XSHE"
2017-06-20 13:11:00,止盈,500ETF,510500.XSHG,6.389,1200.0,8400.0,223.63,7.0,2017-06-20,2017-06,"500ETF
510500.XSHG"
2017-06-29 14:30:00,加仓,黄金ETF,518880.XSHG,2.737,2800.0,18500.0,,6.0,2017-06-29,2017-06,"黄金ETF
518880.XSHG"
2017-07-04 09:33:00,加仓,纳指ETF,513100.XSHG,1.995,3800.0,33700.0,,8.0,2017-07-04,2017-07,"纳指ETF
513100.XSHG"
2017-07-11 11:11:00,加仓,创业板ETF易方达,159915.XSHE,1.705,4500.0,59400.0,,13.0,2017-07-11,2017-07,"创业板ETF易方达
159915.XSHE"
2017-07-11 11:12:00,等级校准,创业板ETF易方达,159915.XSHE,,,59400.0,,,2017-07-11,2017-07,"创业板ETF易方达
159915.XSHE"
2017-07-13 09:31:00,止盈,纳指ETF,513100.XSHG,2.058,4000.0,29700.0,251.18,7.0,2017-07-13,2017-07,"纳指ETF
513100.XSHG"
2017-07-17 09:31:00,加仓,创业板ETF易方达,159915.XSHE,1.646,4600.0,64000.0,,13.0,2017-07-17,2017-07,"创业板ETF易方达
159915.XSHE"
2017-07-17 09:47:00,加仓,500ETF,510500.XSHG,6.189,1200.0,9600.0,,8.0,2017-07-17,2017-07,"500ETF
510500.XSHG"
2017-07-17 09:48:00,加仓,创业板ETF易方达,159915.XSHE,1.593,4800.0,68800.0,,14.0,2017-07-17,2017-07,"创业板ETF易方达
159915.XSHE"
2017-07-17 09:49:00,等级校准,创业板ETF易方达,159915.XSHE,,,68800.0,,,2017-07-17,2017-07,"创业板ETF易方达
159915.XSHE"
2017-07-19 14:55:00,止盈,500ETF,510500.XSHG,6.377,1200.0,8400.0,224.83,7.0,2017-07-19,2017-07,"500ETF
510500.XSHG"
2017-07-27 13:08:00,止盈,创业板ETF易方达,159915.XSHE,1.642,5000.0,63800.0,244.18,13.0,2017-07-27,2017-07,"创业板ETF易方达
159915.XSHE"
2017-07-31 11:06:00,止盈,500ETF,510500.XSHG,6.572,1200.0,7200.0,233.21,6.0,2017-07-31,2017-07,"500ETF
510500.XSHG"
2017-08-14 11:08:00,止盈,创业板ETF易方达,159915.XSHE,1.692,4800.0,59000.0,239.19,12.0,2017-08-14,2017-08,"创业板ETF易方达
159915.XSHE"
2017-08-16 13:53:00,止盈,创业板ETF易方达,159915.XSHE,1.743,4700.0,54300.0,238.88,12.0,2017-08-16,2017-08,"创业板ETF易方达
159915.XSHE"
2017-08-28 10:32:00,止盈,500ETF,510500.XSHG,6.772,1200.0,6000.0,239.19,5.0,2017-08-28,2017-08,"500ETF
510500.XSHG"
2017-09-04 11:17:00,止盈,创业板ETF易方达,159915.XSHE,1.797,4500.0,49800.0,242.19,11.0,2017-09-04,2017-09,"创业板ETF易方达
159915.XSHE"
2017-09-11 11:07:00,止盈,500ETF,510500.XSHG,6.977,1100.0,4900.0,224.73,4.0,2017-09-11,2017-09,"500ETF
510500.XSHG"
2017-09-26 13:46:00,加仓,创业板ETF易方达,159915.XSHE,1.743,4400.0,54200.0,,12.0,2017-09-26,2017-09,"创业板ETF易方达
159915.XSHE"
2017-10-09 09:31:00,止盈,创业板ETF易方达,159915.XSHE,1.803,4500.0,49700.0,269.19,11.0,2017-10-09,2017-10,"创业板ETF易方达
159915.XSHE"
2017-10-17 09:32:00,止盈,纳指ETF,513100.XSHG,2.12,3800.0,25900.0,234.79,7.0,2017-10-17,2017-10,"纳指ETF
513100.XSHG"
2017-11-01 09:32:00,止盈,纳指ETF,513100.XSHG,2.185,3700.0,22200.0,239.69,6.0,2017-11-01,2017-11,"纳指ETF
513100.XSHG"
2017-11-02 14:50:00,加仓,创业板ETF易方达,159915.XSHE,1.748,4400.0,54100.0,,12.0,2017-11-02,2017-11,"创业板ETF易方达
159915.XSHE"
2017-11-03 13:19:00,加仓,500ETF,510500.XSHG,6.762,1100.0,6000.0,,5.0,2017-11-03,2017-11,"500ETF
510500.XSHG"
2017-11-10 10:16:00,止盈,500ETF,510500.XSHG,6.966,1100.0,4900.0,223.63,4.0,2017-11-10,2017-11,"500ETF
510500.XSHG"
2017-11-13 10:00:00,止盈,创业板ETF易方达,159915.XSHE,1.801,4500.0,49600.0,237.69,11.0,2017-11-13,2017-11,"创业板ETF易方达
159915.XSHE"
2017-11-17 13:20:00,加仓,创业板ETF易方达,159915.XSHE,1.746,4400.0,54000.0,,12.0,2017-11-17,2017-11,"创业板ETF易方达
159915.XSHE"
2017-11-17 14:11:00,加仓,500ETF,510500.XSHG,6.757,1100.0,6000.0,,5.0,2017-11-17,2017-11,"500ETF
510500.XSHG"
2017-11-24 09:30:00,加仓,创业板ETF易方达,159915.XSHE,1.692,4500.0,58500.0,,13.0,2017-11-24,2017-11,"创业板ETF易方达
159915.XSHE"
2017-11-24 09:31:00,等级校准,创业板ETF易方达,159915.XSHE,,,58500.0,,,2017-11-24,2017-11,"创业板ETF易方达
159915.XSHE"
2017-11-27 14:05:00,加仓,500ETF,510500.XSHG,6.553,1100.0,7100.0,,6.0,2017-11-27,2017-11,"500ETF
510500.XSHG"
2017-11-27 14:06:00,等级校准,500ETF,510500.XSHG,,,7100.0,,,2017-11-27,2017-11,"500ETF
510500.XSHG"
2017-12-04 09:32:00,止盈,纳指ETF,513100.XSHG,2.255,3600.0,18600.0,251.19,5.0,2017-12-04,2017-12,"纳指ETF
513100.XSHG"
2017-12-05 13:57:00,加仓,创业板ETF易方达,159915.XSHE,1.641,4700.0,63200.0,,13.0,2017-12-05,2017-12,"创业板ETF易方达
159915.XSHE"
2017-12-06 09:35:00,加仓,纳指ETF,513100.XSHG,2.18,3500.0,22100.0,,6.0,2017-12-06,2017-12,"纳指ETF
513100.XSHG"
2017-12-08 09:31:00,加仓,黄金ETF,518880.XSHG,2.65,2900.0,21400.0,,7.0,2017-12-08,2017-12,"黄金ETF
518880.XSHG"
2017-12-11 10:23:00,止盈,创业板ETF易方达,159915.XSHE,1.691,4800.0,58400.0,239.19,12.0,2017-12-11,2017-12,"创业板ETF易方达
159915.XSHE"
2017-12-18 09:31:00,止盈,纳指ETF,513100.XSHG,2.257,3600.0,18500.0,276.39,5.0,2017-12-18,2017-12,"纳指ETF
513100.XSHG"
2017-12-25 13:33:00,加仓,创业板ETF易方达,159915.XSHE,1.64,4700.0,63100.0,,13.0,2017-12-25,2017-12,"创业板ETF易方达
159915.XSHE"
2018-01-03 09:31:00,止盈,黄金ETF,518880.XSHG,2.742,3000.0,18400.0,275.18,6.0,2018-01-03,2018-01,"黄金ETF
518880.XSHG"
2018-01-03 13:19:00,止盈,创业板ETF易方达,159915.XSHE,1.69,4800.0,58300.0,239.19,12.0,2018-01-03,2018-01,"创业板ETF易方达
159915.XSHE"
2018-01-05 09:39:00,止盈,500ETF,510500.XSHG,6.752,1200.0,5900.0,237.99,5.0,2018-01-05,2018-01,"500ETF
510500.XSHG"
2018-01-15 14:33:00,加仓,创业板ETF易方达,159915.XSHE,1.639,4700.0,63000.0,,13.0,2018-01-15,2018-01,"创业板ETF易方达
159915.XSHE"
2018-01-17 09:50:00,加仓,500ETF,510500.XSHG,6.547,1100.0,7000.0,,6.0,2018-01-17,2018-01,"500ETF
510500.XSHG"
2018-01-17 09:51:00,等级校准,500ETF,510500.XSHG,,,7000.0,,,2018-01-17,2018-01,"500ETF
510500.XSHG"
2018-01-23 09:35:00,止盈,纳指ETF,513100.XSHG,2.325,3500.0,15000.0,237.19,4.0,2018-01-23,2018-01,"纳指ETF
513100.XSHG"
2018-01-24 10:34:00,止盈,创业板ETF易方达,159915.XSHE,1.692,4800.0,58200.0,253.59,12.0,2018-01-24,2018-01,"创业板ETF易方达
159915.XSHE"
2018-01-25 09:41:00,止盈,500ETF,510500.XSHG,6.744,1200.0,5800.0,235.59,5.0,2018-01-25,2018-01,"500ETF
510500.XSHG"
2018-01-25 10:15:00,止盈,创业板ETF易方达,159915.XSHE,1.744,4700.0,53500.0,243.58,11.0,2018-01-25,2018-01,"创业板ETF易方达
159915.XSHE"
2018-01-30 10:54:00,加仓,创业板ETF易方达,159915.XSHE,1.691,4500.0,58000.0,,12.0,2018-01-30,2018-01,"创业板ETF易方达
159915.XSHE"
2018-01-31 09:53:00,加仓,500ETF,510500.XSHG,6.54,1100.0,6900.0,,6.0,2018-01-31,2018-01,"500ETF
510500.XSHG"
2018-01-31 09:54:00,等级校准,500ETF,510500.XSHG,,,6900.0,,,2018-01-31,2018-01,"500ETF
510500.XSHG"
2018-01-31 13:43:00,加仓,创业板ETF易方达,159915.XSHE,1.64,4700.0,62700.0,,13.0,2018-01-31,2018-01,"创业板ETF易方达
159915.XSHE"
2018-02-01 13:09:00,加仓,500ETF,510500.XSHG,6.339,1200.0,8100.0,,6.0,2018-02-01,2018-02,"500ETF
510500.XSHG"
2018-02-02 09:34:00,加仓,创业板ETF易方达,159915.XSHE,1.588,4800.0,67500.0,,14.0,2018-02-02,2018-02,"创业板ETF易方达
159915.XSHE"
2018-02-02 09:35:00,等级校准,创业板ETF易方达,159915.XSHE,,,67500.0,,,2018-02-02,2018-02,"创业板ETF易方达
159915.XSHE"
2018-02-05 09:31:00,加仓,纳指ETF,513100.XSHG,2.242,3400.0,18400.0,,5.0,2018-02-05,2018-02,"纳指ETF
513100.XSHG"
2018-02-06 09:31:00,加仓,纳指ETF,513100.XSHG,2.093,3500.0,21900.0,,6.0,2018-02-06,2018-02,"纳指ETF
513100.XSHG"
2018-02-06 09:32:00,等级校准,纳指ETF,513100.XSHG,,,21900.0,,,2018-02-06,2018-02,"纳指ETF
513100.XSHG"
2018-02-06 10:59:00,加仓,500ETF,510500.XSHG,6.148,1200.0,9300.0,,7.0,2018-02-06,2018-02,"500ETF
510500.XSHG"
2018-02-06 13:06:00,加仓,创业板ETF易方达,159915.XSHE,1.54,5000.0,72500.0,,14.0,2018-02-06,2018-02,"创业板ETF易方达
159915.XSHE"
2018-02-07 09:31:00,止盈,纳指ETF,513100.XSHG,2.164,3800.0,18100.0,268.98,5.0,2018-02-07,2018-02,"纳指ETF
513100.XSHG"
2018-02-07 10:58:00,加仓,创业板ETF易方达,159915.XSHE,1.492,5100.0,77600.0,,15.0,2018-02-07,2018-02,"创业板ETF易方达
159915.XSHE"
2018-02-07 10:59:00,等级校准,创业板ETF易方达,159915.XSHE,,,77600.0,,,2018-02-07,2018-02,"创业板ETF易方达
159915.XSHE"
2018-02-07 11:02:00,加仓,500ETF,510500.XSHG,5.956,1300.0,10600.0,,8.0,2018-02-07,2018-02,"500ETF
510500.XSHG"
2018-02-07 13:43:00,止盈,创业板ETF易方达,159915.XSHE,1.537,5300.0,72300.0,237.69,13.0,2018-02-07,2018-02,"创业板ETF易方达
159915.XSHE"
2018-02-09 09:31:00,加仓,纳指ETF,513100.XSHG,2.078,3600.0,21700.0,,6.0,2018-02-09,2018-02,"纳指ETF
513100.XSHG"
2018-02-09 09:32:00,等级校准,纳指ETF,513100.XSHG,,,21700.0,,,2018-02-09,2018-02,"纳指ETF
513100.XSHG"
2018-02-09 14:06:00,加仓,创业板ETF易方达,159915.XSHE,1.49,5200.0,77500.0,,14.0,2018-02-09,2018-02,"创业板ETF易方达
159915.XSHE"
2018-02-12 11:15:00,止盈,创业板ETF易方达,159915.XSHE,1.535,5300.0,72200.0,237.69,13.0,2018-02-12,2018-02,"创业板ETF易方达
159915.XSHE"
2018-02-13 09:31:00,止盈,纳指ETF,513100.XSHG,2.164,3800.0,17900.0,325.98,4.0,2018-02-13,2018-02,"纳指ETF
513100.XSHG"
2018-02-22 09:31:00,止盈,纳指ETF,513100.XSHG,2.231,3600.0,14300.0,240.4,4.0,2018-02-22,2018-02,"纳指ETF
513100.XSHG"
2018-02-22 10:09:00,止盈,500ETF,510500.XSHG,6.137,1300.0,9300.0,234.5,7.0,2018-02-22,2018-02,"500ETF
510500.XSHG"
2018-02-23 09:39:00,止盈,创业板ETF易方达,159915.XSHE,1.582,5200.0,67000.0,243.58,13.0,2018-02-23,2018-02,"创业板ETF易方达
159915.XSHE"
2018-02-26 09:41:00,止盈,纳指ETF,513100.XSHG,2.298,3500.0,10800.0,233.7,3.0,2018-02-26,2018-02,"纳指ETF
513100.XSHG"
2018-02-26 13:38:00,止盈,500ETF,510500.XSHG,6.325,1300.0,8000.0,243.58,6.0,2018-02-26,2018-02,"500ETF
510500.XSHG"
2018-02-26 14:12:00,止盈,创业板ETF易方达,159915.XSHE,1.63,5000.0,62000.0,239.18,12.0,2018-02-26,2018-02,"创业板ETF易方达
159915.XSHE"
2018-03-01 13:39:00,止盈,创业板ETF易方达,159915.XSHE,1.681,4900.0,57100.0,249.08,12.0,2018-03-01,2018-03,"创业板ETF易方达
159915.XSHE"
2018-03-09 13:07:00,止盈,创业板ETF易方达,159915.XSHE,1.732,4700.0,52400.0,238.89,11.0,2018-03-09,2018-03,"创业板ETF易方达
159915.XSHE"
2018-03-09 13:15:00,止盈,500ETF,510500.XSHG,6.515,1200.0,6800.0,227.22,5.0,2018-03-09,2018-03,"500ETF
510500.XSHG"
2018-03-12 09:31:00,止盈,纳指ETF,513100.XSHG,2.371,3400.0,7400.0,247.39,2.0,2018-03-12,2018-03,"纳指ETF
513100.XSHG"
2018-03-12 10:05:00,止盈,创业板ETF易方达,159915.XSHE,1.784,4600.0,47800.0,238.38,10.0,2018-03-12,2018-03,"创业板ETF易方达
159915.XSHE"
2018-03-15 09:31:00,加仓,创业板ETF易方达,159915.XSHE,1.73,4400.0,52200.0,,11.0,2018-03-15,2018-03,"创业板ETF易方达
159915.XSHE"
2018-03-20 09:31:00,加仓,纳指ETF,513100.XSHG,2.295,3300.0,10700.0,,3.0,2018-03-20,2018-03,"纳指ETF
513100.XSHG"
2018-03-23 09:31:00,加仓,纳指ETF,513100.XSHG,2.213,3400.0,14100.0,,4.0,2018-03-23,2018-03,"纳指ETF
513100.XSHG"
2018-03-23 09:31:00,加仓,500ETF,510500.XSHG,6.232,1200.0,8000.0,,6.0,2018-03-23,2018-03,"500ETF
510500.XSHG"
2018-03-23 09:31:00,加仓,创业板ETF易方达,159915.XSHE,1.66,4600.0,56800.0,,12.0,2018-03-23,2018-03,"创业板ETF易方达
159915.XSHE"
2018-03-23 09:32:00,等级校准,纳指ETF,513100.XSHG,,,14100.0,,,2018-03-23,2018-03,"纳指ETF
513100.XSHG"
2018-03-23 09:32:00,等级校准,创业板ETF易方达,159915.XSHE,,,56800.0,,,2018-03-23,2018-03,"创业板ETF易方达
159915.XSHE"
2018-03-23 14:16:00,加仓,500ETF,510500.XSHG,6.045,1200.0,9200.0,,7.0,2018-03-23,2018-03,"500ETF
510500.XSHG"
2018-03-26 09:36:00,加仓,创业板ETF易方达,159915.XSHE,1.606,4800.0,61600.0,,12.0,2018-03-26,2018-03,"创业板ETF易方达
159915.XSHE"
2018-03-26 14:14:00,止盈,创业板ETF易方达,159915.XSHE,1.656,4900.0,56700.0,244.19,11.0,2018-03-26,2018-03,"创业板ETF易方达
159915.XSHE"
2018-03-27 09:31:00,止盈,500ETF,510500.XSHG,6.259,1300.0,7900.0,277.39,6.0,2018-03-27,2018-03,"500ETF
510500.XSHG"
2018-03-27 09:51:00,止盈,创业板ETF易方达,159915.XSHE,1.706,4800.0,51900.0,239.18,11.0,2018-03-27,2018-03,"创业板ETF易方达
159915.XSHE"
2018-03-30 10:16:00,止盈,创业板ETF易方达,159915.XSHE,1.758,4600.0,47300.0,238.39,10.0,2018-03-30,2018-03,"创业板ETF易方达
159915.XSHE"
2018-04-02 09:31:00,止盈,500ETF,510500.XSHG,6.448,1200.0,6700.0,226.03,5.0,2018-04-02,2018-04,"500ETF
510500.XSHG"
2018-04-03 09:31:00,加仓,纳指ETF,513100.XSHG,2.13,3600.0,17700.0,,4.0,2018-04-03,2018-04,"纳指ETF
513100.XSHG"
2018-04-11 09:31:00,止盈,纳指ETF,513100.XSHG,2.202,3700.0,14000.0,265.59,3.0,2018-04-11,2018-04,"纳指ETF
513100.XSHG"
2018-04-17 13:07:00,加仓,创业板ETF易方达,159915.XSHE,1.705,4500.0,51800.0,,11.0,2018-04-17,2018-04,"创业板ETF易方达
159915.XSHE"
2018-04-17 13:11:00,加仓,500ETF,510500.XSHG,6.251,1200.0,7900.0,,6.0,2018-04-17,2018-04,"500ETF
510500.XSHG"
2018-04-23 13:09:00,加仓,创业板ETF易方达,159915.XSHE,1.653,4600.0,56400.0,,12.0,2018-04-23,2018-04,"创业板ETF易方达
159915.XSHE"
2018-04-23 13:10:00,等级校准,创业板ETF易方达,159915.XSHE,,,56400.0,,,2018-04-23,2018-04,"创业板ETF易方达
159915.XSHE"
2018-04-23 14:27:00,加仓,500ETF,510500.XSHG,6.063,1200.0,9100.0,,7.0,2018-04-23,2018-04,"500ETF
510500.XSHG"
2018-04-24 11:18:00,止盈,500ETF,510500.XSHG,6.249,1300.0,7800.0,240.99,6.0,2018-04-24,2018-04,"500ETF
510500.XSHG"
2018-04-24 14:22:00,止盈,创业板ETF易方达,159915.XSHE,1.703,4800.0,51600.0,239.18,11.0,2018-04-24,2018-04,"创业板ETF易方达
159915.XSHE"
2018-05-07 09:31:00,止盈,纳指ETF,513100.XSHG,2.27,3600.0,10400.0,243.98,2.0,2018-05-07,2018-05,"纳指ETF
513100.XSHG"
2018-05-09 09:37:00,止盈,创业板ETF易方达,159915.XSHE,1.755,4600.0,47000.0,238.39,10.0,2018-05-09,2018-05,"创业板ETF易方达
159915.XSHE"
2018-05-16 09:31:00,加仓,黄金ETF,518880.XSHG,2.654,2900.0,21300.0,,7.0,2018-05-16,2018-05,"黄金ETF
518880.XSHG"
2018-05-28 09:33:00,加仓,创业板ETF易方达,159915.XSHE,1.702,4500.0,51500.0,,11.0,2018-05-28,2018-05,"创业板ETF易方达
159915.XSHE"
2018-05-28 09:34:00,等级校准,创业板ETF易方达,159915.XSHE,,,51500.0,,,2018-05-28,2018-05,"创业板ETF易方达
159915.XSHE"
2018-05-28 14:47:00,止盈,纳指ETF,513100.XSHG,2.339,3500.0,6900.0,240.68,2.0,2018-05-28,2018-05,"纳指ETF
513100.XSHG"
2018-05-30 09:32:00,加仓,500ETF,510500.XSHG,6.059,1200.0,9000.0,,7.0,2018-05-30,2018-05,"500ETF
510500.XSHG"
2018-05-30 09:32:00,加仓,创业板ETF易方达,159915.XSHE,1.647,4700.0,56200.0,,11.0,2018-05-30,2018-05,"创业板ETF易方达
159915.XSHE"
2018-05-30 09:33:00,等级校准,500ETF,510500.XSHG,,,9000.0,,,2018-05-30,2018-05,"500ETF
510500.XSHG"
2018-06-05 10:44:00,止盈,纳指ETF,513100.XSHG,2.41,3400.0,3500.0,240.58,1.0,2018-06-05,2018-06,"纳指ETF
513100.XSHG"
2018-06-11 14:17:00,加仓,创业板ETF易方达,159915.XSHE,1.597,4800.0,61000.0,,12.0,2018-06-11,2018-06,"创业板ETF易方达
159915.XSHE"
2018-06-15 09:52:00,加仓,500ETF,510500.XSHG,5.872,1300.0,10300.0,,7.0,2018-06-15,2018-06,"500ETF
510500.XSHG"
2018-06-19 09:31:00,加仓,创业板ETF易方达,159915.XSHE,1.533,5000.0,66000.0,,13.0,2018-06-19,2018-06,"创业板ETF易方达
159915.XSHE"
2018-06-19 09:32:00,加仓,500ETF,510500.XSHG,5.694,1300.0,11600.0,,8.0,2018-06-19,2018-06,"500ETF
510500.XSHG"
2018-06-19 09:32:00,等级校准,创业板ETF易方达,159915.XSHE,,,66000.0,,,2018-06-19,2018-06,"创业板ETF易方达
159915.XSHE"
2018-06-19 13:19:00,加仓,500ETF,510500.XSHG,5.518,1400.0,13000.0,,9.0,2018-06-19,2018-06,"500ETF
510500.XSHG"
2018-06-19 13:37:00,加仓,创业板ETF易方达,159915.XSHE,1.487,5200.0,71200.0,,13.0,2018-06-19,2018-06,"创业板ETF易方达
159915.XSHE"
2018-06-21 09:46:00,止盈,纳指ETF,513100.XSHG,2.484,3300.0,200.0,243.38,1.0,2018-06-21,2018-06,"纳指ETF
513100.XSHG"
2018-06-21 14:53:00,加仓,创业板ETF易方达,159915.XSHE,1.442,5300.0,76500.0,,14.0,2018-06-21,2018-06,"创业板ETF易方达
159915.XSHE"
2018-06-21 14:54:00,等级校准,创业板ETF易方达,159915.XSHE,,,76500.0,,,2018-06-21,2018-06,"创业板ETF易方达
159915.XSHE"
2018-06-22 09:31:00,加仓,500ETF,510500.XSHG,5.352,1400.0,14400.0,,10.0,2018-06-22,2018-06,"500ETF
510500.XSHG"
2018-06-26 11:04:00,止盈,创业板ETF易方达,159915.XSHE,1.486,5500.0,71000.0,241.18,13.0,2018-06-26,2018-06,"创业板ETF易方达
159915.XSHE"
2018-06-28 09:31:00,加仓,纳指ETF,513100.XSHG,2.388,3200.0,3400.0,,2.0,2018-06-28,2018-06,"纳指ETF
513100.XSHG"
2018-06-28 09:32:00,等级校准,纳指ETF,513100.XSHG,,,3400.0,,,2018-06-28,2018-06,"纳指ETF
513100.XSHG"
2018-06-29 13:56:00,止盈,500ETF,510500.XSHG,5.514,1400.0,13000.0,226.03,9.0,2018-06-29,2018-06,"500ETF
510500.XSHG"
2018-07-03 09:31:00,止盈,纳指ETF,513100.XSHG,2.477,3300.0,100.0,292.88,1.0,2018-07-03,2018-07,"纳指ETF
513100.XSHG"
2018-07-05 11:29:00,加仓,500ETF,510500.XSHG,5.347,1400.0,14400.0,,10.0,2018-07-05,2018-07,"500ETF
510500.XSHG"
2018-07-09 10:25:00,止盈（部分）,纳指ETF,513100.XSHG,2.552,100.0,0.0,7.4,0.0,2018-07-09,2018-07,"纳指ETF
513100.XSHG"
2018-07-09 10:25:00,清仓,纳指ETF,513100.XSHG,,,,,0.0,2018-07-09,2018-07,"纳指ETF
513100.XSHG"
2018-07-09 10:26:00,重装建仓,纳指ETF,513100.XSHG,2.555,31300.0,31300.0,,,2018-07-09,2018-07,"纳指ETF
513100.XSHG"
2018-07-09 10:27:00,底仓到账,纳指ETF,513100.XSHG,,,31300.0,,10.0,2018-07-09,2018-07,"纳指ETF
513100.XSHG"
2018-07-12 11:05:00,止盈,创业板ETF易方达,159915.XSHE,1.531,5300.0,65700.0,237.69,12.0,2018-07-12,2018-07,"创业板ETF易方达
159915.XSHE"
2018-07-12 14:22:00,止盈,500ETF,510500.XSHG,5.509,1400.0,13000.0,226.03,9.0,2018-07-12,2018-07,"500ETF
510500.XSHG"
2018-07-24 10:02:00,止盈,纳指ETF,513100.XSHG,2.632,3100.0,28200.0,237.88,9.0,2018-07-24,2018-07,"纳指ETF
513100.XSHG"
2018-07-30 13:59:00,加仓,创业板ETF易方达,159915.XSHE,1.485,5200.0,70900.0,,13.0,2018-07-30,2018-07,"创业板ETF易方达
159915.XSHE"
2018-08-02 09:42:00,加仓,500ETF,510500.XSHG,5.337,1400.0,14400.0,,10.0,2018-08-02,2018-08,"500ETF
510500.XSHG"
2018-08-02 10:48:00,加仓,创业板ETF易方达,159915.XSHE,1.44,5300.0,76200.0,,14.0,2018-08-02,2018-08,"创业板ETF易方达
159915.XSHE"
2018-08-02 10:49:00,等级校准,创业板ETF易方达,159915.XSHE,,,76200.0,,,2018-08-02,2018-08,"创业板ETF易方达
159915.XSHE"
2018-08-06 09:37:00,加仓,500ETF,510500.XSHG,5.171,1400.0,15800.0,,11.0,2018-08-06,2018-08,"500ETF
510500.XSHG"
2018-08-06 09:38:00,等级校准,500ETF,510500.XSHG,,,15800.0,,,2018-08-06,2018-08,"500ETF
510500.XSHG"
2018-08-06 10:12:00,止盈,纳指ETF,513100.XSHG,2.712,3000.0,25200.0,239.19,8.0,2018-08-06,2018-08,"纳指ETF
513100.XSHG"
2018-08-06 11:01:00,加仓,创业板ETF易方达,159915.XSHE,1.396,5500.0,81700.0,,14.0,2018-08-06,2018-08,"创业板ETF易方达
159915.XSHE"
2018-08-07 10:20:00,止盈,纳指ETF,513100.XSHG,2.794,2900.0,22300.0,236.99,7.0,2018-08-07,2018-08,"纳指ETF
513100.XSHG"
2018-08-08 09:45:00,加仓,纳指ETF,513100.XSHG,2.709,2800.0,25100.0,,8.0,2018-08-08,2018-08,"纳指ETF
513100.XSHG"
2018-08-09 11:26:00,止盈,500ETF,510500.XSHG,5.327,1500.0,14300.0,233.2,9.0,2018-08-09,2018-08,"500ETF
510500.XSHG"
2018-08-10 09:56:00,止盈,创业板ETF易方达,159915.XSHE,1.438,5700.0,76000.0,238.58,13.0,2018-08-10,2018-08,"创业板ETF易方达
159915.XSHE"
2018-08-16 09:31:00,加仓,创业板ETF易方达,159915.XSHE,1.389,5500.0,81500.0,,14.0,2018-08-16,2018-08,"创业板ETF易方达
159915.XSHE"
2018-08-16 09:32:00,加仓,500ETF,510500.XSHG,5.164,1500.0,15800.0,,10.0,2018-08-16,2018-08,"500ETF
510500.XSHG"
2018-08-20 11:05:00,加仓,创业板ETF易方达,159915.XSHE,1.347,5700.0,87200.0,,15.0,2018-08-20,2018-08,"创业板ETF易方达
159915.XSHE"
2018-08-20 11:06:00,等级校准,创业板ETF易方达,159915.XSHE,,,87200.0,,,2018-08-20,2018-08,"创业板ETF易方达
159915.XSHE"
2018-08-21 11:01:00,止盈,创业板ETF易方达,159915.XSHE,1.388,5900.0,81300.0,241.08,14.0,2018-08-21,2018-08,"创业板ETF易方达
159915.XSHE"
2018-09-10 09:45:00,加仓,创业板ETF易方达,159915.XSHE,1.346,5700.0,87000.0,,15.0,2018-09-10,2018-09,"创业板ETF易方达
159915.XSHE"
2018-09-10 09:46:00,等级校准,创业板ETF易方达,159915.XSHE,,,87000.0,,,2018-09-10,2018-09,"创业板ETF易方达
159915.XSHE"
2018-09-10 14:21:00,加仓,500ETF,510500.XSHG,5.007,1500.0,17300.0,,11.0,2018-09-10,2018-09,"500ETF
510500.XSHG"
2018-09-14 14:56:00,加仓,创业板ETF易方达,159915.XSHE,1.305,5900.0,92900.0,,15.0,2018-09-14,2018-09,"创业板ETF易方达
159915.XSHE"
2018-09-21 14:19:00,止盈,创业板ETF易方达,159915.XSHE,1.345,6100.0,86800.0,243.18,14.0,2018-09-21,2018-09,"创业板ETF易方达
159915.XSHE"
2018-10-08 10:45:00,加仓,创业板ETF易方达,159915.XSHE,1.303,5900.0,92700.0,,15.0,2018-10-08,2018-10,"创业板ETF易方达
159915.XSHE"
2018-10-11 09:31:00,加仓,纳指ETF,513100.XSHG,2.548,2900.0,28000.0,,9.0,2018-10-11,2018-10,"纳指ETF
513100.XSHG"
2018-10-11 09:31:00,加仓,500ETF,510500.XSHG,4.784,1500.0,18800.0,,12.0,2018-10-11,2018-10,"500ETF
510500.XSHG"
2018-10-11 09:31:00,加仓,创业板ETF易方达,159915.XSHE,1.241,6100.0,98800.0,,16.0,2018-10-11,2018-10,"创业板ETF易方达
159915.XSHE"
2018-10-11 09:32:00,等级校准,500ETF,510500.XSHG,,,18800.0,,,2018-10-11,2018-10,"500ETF
510500.XSHG"
2018-10-11 09:32:00,等级校准,创业板ETF易方达,159915.XSHE,,,98800.0,,,2018-10-11,2018-10,"创业板ETF易方达
159915.XSHE"
2018-10-11 11:20:00,加仓,500ETF,510500.XSHG,4.632,1600.0,20400.0,,12.0,2018-10-11,2018-10,"500ETF
510500.XSHG"
2018-10-11 13:15:00,加仓,创业板ETF易方达,159915.XSHE,1.203,6400.0,105200.0,,16.0,2018-10-11,2018-10,"创业板ETF易方达
159915.XSHE"
2018-10-11 13:16:00,等级校准,创业板ETF易方达,159915.XSHE,,,105200.0,,,2018-10-11,2018-10,"创业板ETF易方达
159915.XSHE"
2018-10-12 10:12:00,加仓,500ETF,510500.XSHG,4.493,1700.0,22100.0,,13.0,2018-10-12,2018-10,"500ETF
510500.XSHG"
2018-10-16 14:00:00,加仓,创业板ETF易方达,159915.XSHE,1.166,6600.0,111800.0,,16.0,2018-10-16,2018-10,"创业板ETF易方达
159915.XSHE"
2018-10-16 14:11:00,加仓,500ETF,510500.XSHG,4.357,1700.0,23800.0,,14.0,2018-10-16,2018-10,"500ETF
510500.XSHG"
2018-10-16 14:12:00,等级校准,500ETF,510500.XSHG,,,23800.0,,,2018-10-16,2018-10,"500ETF
510500.XSHG"
2018-10-17 09:31:00,止盈,纳指ETF,513100.XSHG,2.636,3100.0,24900.0,271.98,8.0,2018-10-17,2018-10,"纳指ETF
513100.XSHG"
2018-10-19 09:31:00,止盈,黄金ETF,518880.XSHG,2.738,3000.0,18300.0,251.18,6.0,2018-10-19,2018-10,"黄金ETF
518880.XSHG"
2018-10-19 09:34:00,加仓,500ETF,510500.XSHG,4.225,1800.0,25600.0,,14.0,2018-10-19,2018-10,"500ETF
510500.XSHG"
2018-10-19 13:41:00,止盈,500ETF,510500.XSHG,4.355,1800.0,23800.0,233.22,13.0,2018-10-19,2018-10,"500ETF
510500.XSHG"
2018-10-22 09:31:00,止盈,500ETF,510500.XSHG,4.488,1800.0,22000.0,238.59,12.0,2018-10-22,2018-10,"500ETF
510500.XSHG"
2018-10-22 09:31:00,止盈,创业板ETF易方达,159915.XSHE,1.219,6800.0,105000.0,359.57,16.0,2018-10-22,2018-10,"创业板ETF易方达
159915.XSHE"
2018-10-22 11:19:00,止盈,创业板ETF易方达,159915.XSHE,1.256,6500.0,98500.0,239.68,15.0,2018-10-22,2018-10,"创业板ETF易方达
159915.XSHE"
2018-10-22 11:23:00,止盈,500ETF,510500.XSHG,4.624,1700.0,20300.0,230.41,11.0,2018-10-22,2018-10,"500ETF
510500.XSHG"
2018-10-23 11:21:00,加仓,纳指ETF,513100.XSHG,2.556,3000.0,27900.0,,9.0,2018-10-23,2018-10,"纳指ETF
513100.XSHG"
2018-10-24 10:10:00,加仓,500ETF,510500.XSHG,4.485,1700.0,22000.0,,12.0,2018-10-24,2018-10,"500ETF
510500.XSHG"
2018-10-25 09:31:00,加仓,纳指ETF,513100.XSHG,2.459,3100.0,31000.0,,10.0,2018-10-25,2018-10,"纳指ETF
513100.XSHG"
2018-10-25 09:31:00,加仓,创业板ETF易方达,159915.XSHE,1.188,6300.0,104800.0,,16.0,2018-10-25,2018-10,"创业板ETF易方达
159915.XSHE"
2018-10-25 09:32:00,等级校准,纳指ETF,513100.XSHG,,,31000.0,,,2018-10-25,2018-10,"纳指ETF
513100.XSHG"
2018-10-25 09:32:00,等级校准,创业板ETF易方达,159915.XSHE,,,104800.0,,,2018-10-25,2018-10,"创业板ETF易方达
159915.XSHE"
2018-10-26 09:32:00,止盈,创业板ETF易方达,159915.XSHE,1.224,6700.0,98100.0,240.38,15.0,2018-10-26,2018-10,"创业板ETF易方达
159915.XSHE"
2018-10-30 09:44:00,加仓,创业板ETF易方达,159915.XSHE,1.187,6500.0,104600.0,,16.0,2018-10-30,2018-10,"创业板ETF易方达
159915.XSHE"
2018-10-30 09:45:00,等级校准,创业板ETF易方达,159915.XSHE,,,104600.0,,,2018-10-30,2018-10,"创业板ETF易方达
159915.XSHE"
2018-10-31 10:14:00,止盈,创业板ETF易方达,159915.XSHE,1.224,6700.0,97900.0,247.08,15.0,2018-10-31,2018-10,"创业板ETF易方达
159915.XSHE"
2018-11-01 09:32:00,止盈,纳指ETF,513100.XSHG,2.534,3200.0,27800.0,239.19,8.0,2018-11-01,2018-11,"纳指ETF
513100.XSHG"
2018-11-01 09:58:00,止盈,500ETF,510500.XSHG,4.624,1700.0,20300.0,235.51,11.0,2018-11-01,2018-11,"500ETF
510500.XSHG"
2018-11-02 09:31:00,止盈,创业板ETF易方达,159915.XSHE,1.275,6500.0,91400.0,330.67,14.0,2018-11-02,2018-11,"创业板ETF易方达
159915.XSHE"
2018-11-07 09:57:00,止盈,500ETF,510500.XSHG,4.771,1700.0,18600.0,249.09,11.0,2018-11-07,2018-11,"500ETF
510500.XSHG"
2018-11-13 10:08:00,止盈,创业板ETF易方达,159915.XSHE,1.314,6200.0,85200.0,240.99,14.0,2018-11-13,2018-11,"创业板ETF易方达
159915.XSHE"
2018-11-15 09:38:00,加仓,纳指ETF,513100.XSHG,2.457,3100.0,30900.0,,9.0,2018-11-15,2018-11,"纳指ETF
513100.XSHG"
2018-11-15 13:41:00,止盈,500ETF,510500.XSHG,4.916,1600.0,17000.0,231.21,10.0,2018-11-15,2018-11,"500ETF
510500.XSHG"
2018-11-21 09:31:00,加仓,纳指ETF,513100.XSHG,2.361,3200.0,34100.0,,10.0,2018-11-21,2018-11,"纳指ETF
513100.XSHG"
2018-11-23 09:59:00,加仓,创业板ETF易方达,159915.XSHE,1.273,6000.0,91200.0,,15.0,2018-11-23,2018-11,"创业板ETF易方达
159915.XSHE"
2018-11-23 10:00:00,等级校准,创业板ETF易方达,159915.XSHE,,,91200.0,,,2018-11-23,2018-11,"创业板ETF易方达
159915.XSHE"
2018-11-23 10:08:00,加仓,500ETF,510500.XSHG,4.765,1600.0,18600.0,,11.0,2018-11-23,2018-11,"500ETF
510500.XSHG"
2018-11-28 09:41:00,止盈,纳指ETF,513100.XSHG,2.432,3300.0,30800.0,233.5,9.0,2018-11-28,2018-11,"纳指ETF
513100.XSHG"
2018-11-30 09:47:00,加仓,500ETF,510500.XSHG,4.618,1600.0,20200.0,,12.0,2018-11-30,2018-11,"500ETF
510500.XSHG"
2018-11-30 09:48:00,等级校准,500ETF,510500.XSHG,,,20200.0,,,2018-11-30,2018-11,"500ETF
510500.XSHG"
2018-12-03 09:31:00,止盈,纳指ETF,513100.XSHG,2.555,3200.0,27600.0,392.78,8.0,2018-12-03,2018-12,"纳指ETF
513100.XSHG"
2018-12-03 09:31:00,止盈,500ETF,510500.XSHG,4.818,1700.0,18500.0,339.18,11.0,2018-12-03,2018-12,"500ETF
510500.XSHG"
2018-12-03 11:19:00,止盈,创业板ETF易方达,159915.XSHE,1.312,6200.0,85000.0,240.99,14.0,2018-12-03,2018-12,"创业板ETF易方达
159915.XSHE"
2018-12-05 09:31:00,加仓,纳指ETF,513100.XSHG,2.426,3100.0,30700.0,,9.0,2018-12-05,2018-12,"纳指ETF
513100.XSHG"
2018-12-10 09:31:00,加仓,创业板ETF易方达,159915.XSHE,1.268,6000.0,91000.0,,15.0,2018-12-10,2018-12,"创业板ETF易方达
159915.XSHE"
2018-12-10 09:32:00,等级校准,创业板ETF易方达,159915.XSHE,,,91000.0,,,2018-12-10,2018-12,"创业板ETF易方达
159915.XSHE"
2018-12-10 10:12:00,加仓,500ETF,510500.XSHG,4.668,1600.0,20100.0,,12.0,2018-12-10,2018-12,"500ETF
510500.XSHG"
2018-12-10 10:13:00,等级校准,500ETF,510500.XSHG,,,20100.0,,,2018-12-10,2018-12,"500ETF
510500.XSHG"
2018-12-17 09:59:00,加仓,创业板ETF易方达,159915.XSHE,1.228,6300.0,97300.0,,15.0,2018-12-17,2018-12,"创业板ETF易方达
159915.XSHE"
2018-12-17 10:00:00,等级校准,创业板ETF易方达,159915.XSHE,,,97300.0,,,2018-12-17,2018-12,"创业板ETF易方达
159915.XSHE"
2018-12-18 09:31:00,加仓,纳指ETF,513100.XSHG,2.337,3200.0,33900.0,,10.0,2018-12-18,2018-12,"纳指ETF
513100.XSHG"
2018-12-18 09:32:00,等级校准,纳指ETF,513100.XSHG,,,33900.0,,,2018-12-18,2018-12,"纳指ETF
513100.XSHG"
2018-12-20 13:01:00,加仓,500ETF,510500.XSHG,4.526,1700.0,21800.0,,12.0,2018-12-20,2018-12,"500ETF
510500.XSHG"
2018-12-20 13:36:00,加仓,纳指ETF,513100.XSHG,2.266,3400.0,37300.0,,10.0,2018-12-20,2018-12,"纳指ETF
513100.XSHG"
2018-12-24 09:32:00,加仓,纳指ETF,513100.XSHG,2.19,3500.0,40800.0,,11.0,2018-12-24,2018-12,"纳指ETF
513100.XSHG"
2018-12-25 09:51:00,止盈,黄金ETF,518880.XSHG,2.821,2900.0,15400.0,239.88,5.0,2018-12-25,2018-12,"黄金ETF
518880.XSHG"
2018-12-25 10:18:00,加仓,纳指ETF,513100.XSHG,2.124,3600.0,44400.0,,12.0,2018-12-25,2018-12,"纳指ETF
513100.XSHG"
2018-12-27 09:31:00,止盈,纳指ETF,513100.XSHG,2.234,3700.0,40700.0,406.17,11.0,2018-12-27,2018-12,"纳指ETF
513100.XSHG"
2018-12-28 09:42:00,加仓,创业板ETF易方达,159915.XSHE,1.191,6500.0,103800.0,,15.0,2018-12-28,2018-12,"创业板ETF易方达
159915.XSHE"
2019-01-04 09:31:00,加仓,500ETF,510500.XSHG,4.369,1700.0,23500.0,,13.0,2019-01-04,2019-01,"500ETF
510500.XSHG"
2019-01-04 09:31:00,加仓,创业板ETF易方达,159915.XSHE,1.155,6700.0,110500.0,,16.0,2019-01-04,2019-01,"创业板ETF易方达
159915.XSHE"
2019-01-04 13:02:00,止盈,创业板ETF易方达,159915.XSHE,1.191,6900.0,103600.0,247.58,15.0,2019-01-04,2019-01,"创业板ETF易方达
159915.XSHE"
2019-01-04 13:23:00,止盈,500ETF,510500.XSHG,4.501,1800.0,21700.0,236.79,12.0,2019-01-04,2019-01,"500ETF
510500.XSHG"
2019-01-07 09:31:00,止盈,纳指ETF,513100.XSHG,2.304,3500.0,37200.0,244.19,10.0,2019-01-07,2019-01,"纳指ETF
513100.XSHG"
2019-01-09 10:01:00,止盈,500ETF,510500.XSHG,4.638,1700.0,20000.0,232.11,11.0,2019-01-09,2019-01,"500ETF
510500.XSHG"
2019-01-09 10:27:00,止盈,创业板ETF易方达,159915.XSHE,1.227,6700.0,96900.0,240.38,14.0,2019-01-09,2019-01,"创业板ETF易方达
159915.XSHE"
2019-01-15 09:34:00,加仓,创业板ETF易方达,159915.XSHE,1.19,6500.0,103400.0,,15.0,2019-01-15,2019-01,"创业板ETF易方达
159915.XSHE"
2019-01-18 09:35:00,止盈,纳指ETF,513100.XSHG,2.374,3400.0,33800.0,237.19,10.0,2019-01-18,2019-01,"纳指ETF
513100.XSHG"
2019-01-21 10:11:00,止盈,创业板ETF易方达,159915.XSHE,1.226,6700.0,96700.0,240.38,14.0,2019-01-21,2019-01,"创业板ETF易方达
159915.XSHE"
2019-01-29 10:08:00,加仓,创业板ETF易方达,159915.XSHE,1.189,6500.0,103200.0,,15.0,2019-01-29,2019-01,"创业板ETF易方达
159915.XSHE"
2019-01-29 10:24:00,加仓,500ETF,510500.XSHG,4.497,1700.0,21700.0,,12.0,2019-01-29,2019-01,"500ETF
510500.XSHG"
2019-02-11 09:32:00,止盈,创业板ETF易方达,159915.XSHE,1.225,6700.0,96500.0,240.38,14.0,2019-02-11,2019-02,"创业板ETF易方达
159915.XSHE"
2019-02-11 09:38:00,止盈,500ETF,510500.XSHG,4.634,1700.0,20000.0,232.11,11.0,2019-02-11,2019-02,"500ETF
510500.XSHG"
2019-02-11 14:30:00,止盈,创业板ETF易方达,159915.XSHE,1.262,6500.0,90000.0,239.68,14.0,2019-02-11,2019-02,"创业板ETF易方达
159915.XSHE"
2019-02-12 09:31:00,止盈,纳指ETF,513100.XSHG,2.446,3300.0,30500.0,236.79,9.0,2019-02-12,2019-02,"纳指ETF
513100.XSHG"
2019-02-13 10:05:00,止盈,500ETF,510500.XSHG,4.774,1700.0,18300.0,237.19,11.0,2019-02-13,2019-02,"500ETF
510500.XSHG"
2019-02-13 13:42:00,止盈,创业板ETF易方达,159915.XSHE,1.3,6300.0,83700.0,238.58,13.0,2019-02-13,2019-02,"创业板ETF易方达
159915.XSHE"
2019-02-18 10:25:00,止盈,500ETF,510500.XSHG,4.918,1600.0,16700.0,229.61,10.0,2019-02-18,2019-02,"500ETF
510500.XSHG"
2019-02-18 13:07:00,止盈,创业板ETF易方达,159915.XSHE,1.34,6100.0,77600.0,243.18,13.0,2019-02-18,2019-02,"创业板ETF易方达
159915.XSHE"
2019-02-20 09:31:00,止盈,黄金ETF,518880.XSHG,2.907,2800.0,12600.0,239.99,4.0,2019-02-20,2019-02,"黄金ETF
518880.XSHG"
2019-02-21 13:07:00,止盈,500ETF,510500.XSHG,5.066,1600.0,15100.0,235.99,10.0,2019-02-21,2019-02,"500ETF
510500.XSHG"
2019-02-21 13:07:00,止盈,创业板ETF易方达,159915.XSHE,1.384,5900.0,71700.0,258.78,12.0,2019-02-21,2019-02,"创业板ETF易方达
159915.XSHE"
2019-02-25 09:31:00,止盈,创业板ETF易方达,159915.XSHE,1.433,5700.0,66000.0,278.48,12.0,2019-02-25,2019-02,"创业板ETF易方达
159915.XSHE"
2019-02-25 09:32:00,止盈,500ETF,510500.XSHG,5.218,1500.0,13600.0,227.22,9.0,2019-02-25,2019-02,"500ETF
510500.XSHG"
2019-02-25 13:10:00,止盈,500ETF,510500.XSHG,5.375,1500.0,12100.0,234.69,8.0,2019-02-25,2019-02,"500ETF
510500.XSHG"
2019-02-25 14:33:00,止盈,创业板ETF易方达,159915.XSHE,1.476,5500.0,60500.0,235.69,11.0,2019-02-25,2019-02,"创业板ETF易方达
159915.XSHE"
2019-03-04 09:31:00,加仓,黄金ETF,518880.XSHG,2.797,2700.0,15300.0,,5.0,2019-03-04,2019-03,"黄金ETF
518880.XSHG"
2019-03-04 09:31:00,止盈,创业板ETF易方达,159915.XSHE,1.528,5400.0,55100.0,279.97,10.0,2019-03-04,2019-03,"创业板ETF易方达
159915.XSHE"
2019-03-04 10:06:00,止盈,500ETF,510500.XSHG,5.539,1400.0,10700.0,228.82,7.0,2019-03-04,2019-03,"500ETF
510500.XSHG"
2019-03-04 13:01:00,止盈,创业板ETF易方达,159915.XSHE,1.575,5200.0,49900.0,243.58,9.0,2019-03-04,2019-03,"创业板ETF易方达
159915.XSHE"
2019-03-06 09:31:00,止盈,创业板ETF易方达,159915.XSHE,1.623,5000.0,44900.0,239.19,9.0,2019-03-06,2019-03,"创业板ETF易方达
159915.XSHE"
2019-03-06 09:34:00,止盈,500ETF,510500.XSHG,5.706,1400.0,9300.0,233.0,6.0,2019-03-06,2019-03,"500ETF
510500.XSHG"
2019-03-07 14:37:00,止盈,500ETF,510500.XSHG,5.885,1400.0,7900.0,249.78,6.0,2019-03-07,2019-03,"500ETF
510500.XSHG"
2019-03-08 09:31:00,加仓,500ETF,510500.XSHG,5.658,1300.0,9200.0,,7.0,2019-03-08,2019-03,"500ETF
510500.XSHG"
2019-03-08 09:31:00,加仓,创业板ETF易方达,159915.XSHE,1.571,4900.0,49800.0,,10.0,2019-03-08,2019-03,"创业板ETF易方达
159915.XSHE"
2019-03-08 09:32:00,等级校准,500ETF,510500.XSHG,,,9200.0,,,2019-03-08,2019-03,"500ETF
510500.XSHG"
2019-03-08 09:32:00,等级校准,创业板ETF易方达,159915.XSHE,,,49800.0,,,2019-03-08,2019-03,"创业板ETF易方达
159915.XSHE"
2019-03-08 10:11:00,止盈,创业板ETF易方达,159915.XSHE,1.62,5000.0,44800.0,244.19,9.0,2019-03-08,2019-03,"创业板ETF易方达
159915.XSHE"
2019-03-08 10:41:00,止盈,500ETF,510500.XSHG,5.832,1400.0,7800.0,242.78,6.0,2019-03-08,2019-03,"500ETF
510500.XSHG"
2019-03-08 14:41:00,加仓,500ETF,510500.XSHG,5.652,1300.0,9100.0,,7.0,2019-03-08,2019-03,"500ETF
510500.XSHG"
2019-03-08 14:42:00,等级校准,500ETF,510500.XSHG,,,9100.0,,,2019-03-08,2019-03,"500ETF
510500.XSHG"
2019-03-11 14:39:00,止盈,500ETF,510500.XSHG,5.826,1400.0,7700.0,242.78,5.0,2019-03-11,2019-03,"500ETF
510500.XSHG"
2019-03-12 09:31:00,止盈,创业板ETF易方达,159915.XSHE,1.672,4900.0,39900.0,253.98,8.0,2019-03-12,2019-03,"创业板ETF易方达
159915.XSHE"
2019-03-13 14:24:00,加仓,创业板ETF易方达,159915.XSHE,1.62,4700.0,44600.0,,9.0,2019-03-13,2019-03,"创业板ETF易方达
159915.XSHE"
2019-03-14 09:31:00,止盈,纳指ETF,513100.XSHG,2.524,3200.0,27300.0,248.79,8.0,2019-03-14,2019-03,"纳指ETF
513100.XSHG"
2019-03-14 10:41:00,加仓,500ETF,510500.XSHG,5.644,1300.0,9000.0,,6.0,2019-03-14,2019-03,"500ETF
510500.XSHG"
2019-03-14 13:01:00,加仓,创业板ETF易方达,159915.XSHE,1.571,4900.0,49500.0,,10.0,2019-03-14,2019-03,"创业板ETF易方达
159915.XSHE"
2019-03-14 13:02:00,等级校准,创业板ETF易方达,159915.XSHE,,,49500.0,,,2019-03-14,2019-03,"创业板ETF易方达
159915.XSHE"
2019-03-18 13:55:00,止盈,500ETF,510500.XSHG,5.814,1400.0,7600.0,237.19,5.0,2019-03-18,2019-03,"500ETF
510500.XSHG"
2019-03-18 14:07:00,止盈,创业板ETF易方达,159915.XSHE,1.619,5000.0,44500.0,239.19,9.0,2019-03-18,2019-03,"创业板ETF易方达
159915.XSHE"
2019-03-21 10:16:00,止盈,500ETF,510500.XSHG,5.992,1300.0,6300.0,230.62,4.0,2019-03-21,2019-03,"500ETF
510500.XSHG"
2019-03-22 09:31:00,止盈,纳指ETF,513100.XSHG,2.609,3100.0,24200.0,262.69,8.0,2019-03-22,2019-03,"纳指ETF
513100.XSHG"
2019-03-26 13:11:00,加仓,500ETF,510500.XSHG,5.811,1300.0,7600.0,,5.0,2019-03-26,2019-03,"500ETF
510500.XSHG"
2019-03-26 14:00:00,加仓,创业板ETF易方达,159915.XSHE,1.57,4900.0,49400.0,,10.0,2019-03-26,2019-03,"创业板ETF易方达
159915.XSHE"
2019-03-26 14:01:00,等级校准,创业板ETF易方达,159915.XSHE,,,49400.0,,,2019-03-26,2019-03,"创业板ETF易方达
159915.XSHE"
2019-03-29 13:59:00,止盈,创业板ETF易方达,159915.XSHE,1.618,5000.0,44400.0,239.19,9.0,2019-03-29,2019-03,"创业板ETF易方达
159915.XSHE"
2019-04-01 09:31:00,止盈,500ETF,510500.XSHG,5.99,1300.0,6300.0,231.92,4.0,2019-04-01,2019-04,"500ETF
510500.XSHG"
2019-04-01 09:43:00,止盈,创业板ETF易方达,159915.XSHE,1.667,4900.0,39500.0,239.28,8.0,2019-04-01,2019-04,"创业板ETF易方达
159915.XSHE"
2019-04-01 14:57:00,止盈,500ETF,510500.XSHG,6.17,1300.0,5000.0,233.2,4.0,2019-04-01,2019-04,"500ETF
510500.XSHG"
2019-04-12 09:35:00,加仓,创业板ETF易方达,159915.XSHE,1.616,4700.0,44200.0,,9.0,2019-04-12,2019-04,"创业板ETF易方达
159915.XSHE"
2019-04-16 09:51:00,加仓,500ETF,510500.XSHG,5.975,1200.0,6200.0,,5.0,2019-04-16,2019-04,"500ETF
510500.XSHG"
2019-04-16 09:52:00,等级校准,500ETF,510500.XSHG,,,6200.0,,,2019-04-16,2019-04,"500ETF
510500.XSHG"
2019-04-16 14:11:00,止盈,500ETF,510500.XSHG,6.156,1300.0,4900.0,234.5,4.0,2019-04-16,2019-04,"500ETF
510500.XSHG"
2019-04-19 09:37:00,止盈,纳指ETF,513100.XSHG,2.689,3000.0,21200.0,239.19,7.0,2019-04-19,2019-04,"纳指ETF
513100.XSHG"
2019-04-24 11:23:00,加仓,500ETF,510500.XSHG,5.969,1200.0,6100.0,,5.0,2019-04-24,2019-04,"500ETF
510500.XSHG"
2019-04-24 11:24:00,等级校准,500ETF,510500.XSHG,,,6100.0,,,2019-04-24,2019-04,"500ETF
510500.XSHG"
2019-04-26 10:08:00,止盈,纳指ETF,513100.XSHG,2.773,2900.0,18300.0,242.8,6.0,2019-04-26,2019-04,"纳指ETF
513100.XSHG"
2019-04-29 09:35:00,加仓,500ETF,510500.XSHG,5.783,1300.0,7400.0,,5.0,2019-04-29,2019-04,"500ETF
510500.XSHG"
2019-04-29 10:13:00,加仓,创业板ETF易方达,159915.XSHE,1.566,4900.0,49100.0,,10.0,2019-04-29,2019-04,"创业板ETF易方达
159915.XSHE"
2019-04-29 10:14:00,等级校准,创业板ETF易方达,159915.XSHE,,,49100.0,,,2019-04-29,2019-04,"创业板ETF易方达
159915.XSHE"
2019-05-06 09:31:00,加仓,500ETF,510500.XSHG,5.462,1300.0,8700.0,,6.0,2019-05-06,2019-05,"500ETF
510500.XSHG"
2019-05-06 09:31:00,加仓,创业板ETF易方达,159915.XSHE,1.492,5100.0,54200.0,,10.0,2019-05-06,2019-05,"创业板ETF易方达
159915.XSHE"
2019-05-06 13:10:00,加仓,创业板ETF易方达,159915.XSHE,1.447,5300.0,59500.0,,11.0,2019-05-06,2019-05,"创业板ETF易方达
159915.XSHE"
2019-05-06 13:11:00,等级校准,创业板ETF易方达,159915.XSHE,,,59500.0,,,2019-05-06,2019-05,"创业板ETF易方达
159915.XSHE"
2019-05-06 13:20:00,加仓,500ETF,510500.XSHG,5.294,1400.0,10100.0,,7.0,2019-05-06,2019-05,"500ETF
510500.XSHG"
2019-05-06 13:21:00,等级校准,500ETF,510500.XSHG,,,10100.0,,,2019-05-06,2019-05,"500ETF
510500.XSHG"
2019-05-09 10:42:00,加仓,纳指ETF,513100.XSHG,2.689,2800.0,21100.0,,7.0,2019-05-09,2019-05,"纳指ETF
513100.XSHG"
2019-05-16 13:00:00,止盈,500ETF,510500.XSHG,5.453,1500.0,8600.0,237.68,6.0,2019-05-16,2019-05,"500ETF
510500.XSHG"
2019-05-17 14:43:00,加仓,500ETF,510500.XSHG,5.289,1400.0,10000.0,,7.0,2019-05-17,2019-05,"500ETF
510500.XSHG"
2019-05-17 14:44:00,等级校准,500ETF,510500.XSHG,,,10000.0,,,2019-05-17,2019-05,"500ETF
510500.XSHG"
2019-05-20 09:46:00,加仓,创业板ETF易方达,159915.XSHE,1.403,5500.0,65000.0,,11.0,2019-05-20,2019-05,"创业板ETF易方达
159915.XSHE"
2019-05-29 09:31:00,加仓,纳指ETF,513100.XSHG,2.603,2900.0,24000.0,,8.0,2019-05-29,2019-05,"纳指ETF
513100.XSHG"
2019-06-03 09:31:00,止盈,黄金ETF,518880.XSHG,2.909,2800.0,12500.0,312.79,4.0,2019-06-03,2019-06,"黄金ETF
518880.XSHG"
2019-06-04 09:31:00,加仓,纳指ETF,513100.XSHG,2.506,3000.0,27000.0,,9.0,2019-06-04,2019-06,"纳指ETF
513100.XSHG"
2019-06-04 09:32:00,等级校准,纳指ETF,513100.XSHG,,,27000.0,,,2019-06-04,2019-06,"纳指ETF
513100.XSHG"
2019-06-04 14:38:00,加仓,500ETF,510500.XSHG,5.13,1500.0,11500.0,,7.0,2019-06-04,2019-06,"500ETF
510500.XSHG"
2019-06-06 09:31:00,止盈,纳指ETF,513100.XSHG,2.585,3100.0,23900.0,244.1,7.0,2019-06-06,2019-06,"纳指ETF
513100.XSHG"
2019-06-06 14:22:00,加仓,创业板ETF易方达,159915.XSHE,1.36,5700.0,70700.0,,12.0,2019-06-06,2019-06,"创业板ETF易方达
159915.XSHE"
2019-06-10 09:31:00,止盈,纳指ETF,513100.XSHG,2.664,3000.0,20900.0,236.2,6.0,2019-06-10,2019-06,"纳指ETF
513100.XSHG"
2019-06-11 10:39:00,止盈,创业板ETF易方达,159915.XSHE,1.401,5800.0,64900.0,236.99,11.0,2019-06-11,2019-06,"创业板ETF易方达
159915.XSHE"
2019-06-14 10:10:00,止盈,黄金ETF,518880.XSHG,2.997,2700.0,9800.0,236.79,3.0,2019-06-14,2019-06,"黄金ETF
518880.XSHG"
2019-06-19 09:31:00,止盈,500ETF,510500.XSHG,5.293,1500.0,10000.0,243.71,6.0,2019-06-19,2019-06,"500ETF
510500.XSHG"
2019-06-19 09:31:00,止盈,创业板ETF易方达,159915.XSHE,1.448,5700.0,59200.0,267.07,10.0,2019-06-19,2019-06,"创业板ETF易方达
159915.XSHE"
2019-06-20 09:31:00,止盈,纳指ETF,513100.XSHG,2.746,3000.0,17900.0,245.18,6.0,2019-06-20,2019-06,"纳指ETF
513100.XSHG"
2019-06-21 09:55:00,止盈,黄金ETF,518880.XSHG,3.088,2600.0,7200.0,235.8,2.0,2019-06-21,2019-06,"黄金ETF
518880.XSHG"
2019-06-25 13:03:00,止盈,黄金ETF,518880.XSHG,3.181,2500.0,4700.0,231.7,1.0,2019-06-25,2019-06,"黄金ETF
518880.XSHG"
2019-07-01 09:31:00,加仓,黄金ETF,518880.XSHG,3.052,2500.0,7200.0,,2.0,2019-07-01,2019-07,"黄金ETF
518880.XSHG"
2019-07-01 09:52:00,止盈,创业板ETF易方达,159915.XSHE,1.492,5500.0,53700.0,241.18,10.0,2019-07-01,2019-07,"创业板ETF易方达
159915.XSHE"
2019-07-01 10:11:00,止盈,500ETF,510500.XSHG,5.455,1500.0,8500.0,242.18,6.0,2019-07-01,2019-07,"500ETF
510500.XSHG"
2019-07-03 09:31:00,止盈,黄金ETF,518880.XSHG,3.174,2600.0,4600.0,316.37,1.0,2019-07-03,2019-07,"黄金ETF
518880.XSHG"
2019-07-08 10:20:00,加仓,500ETF,510500.XSHG,5.29,1400.0,9900.0,,7.0,2019-07-08,2019-07,"500ETF
510500.XSHG"
2019-07-08 10:21:00,等级校准,500ETF,510500.XSHG,,,9900.0,,,2019-07-08,2019-07,"500ETF
510500.XSHG"
2019-07-08 10:52:00,加仓,创业板ETF易方达,159915.XSHE,1.447,5300.0,59000.0,,11.0,2019-07-08,2019-07,"创业板ETF易方达
159915.XSHE"
2019-07-08 10:53:00,等级校准,创业板ETF易方达,159915.XSHE,,,59000.0,,,2019-07-08,2019-07,"创业板ETF易方达
159915.XSHE"
2019-07-09 09:52:00,加仓,黄金ETF,518880.XSHG,3.078,2500.0,7100.0,,2.0,2019-07-09,2019-07,"黄金ETF
518880.XSHG"
2019-07-15 09:31:00,止盈,纳指ETF,513100.XSHG,2.831,2900.0,15000.0,245.68,5.0,2019-07-15,2019-07,"纳指ETF
513100.XSHG"
2019-07-15 11:21:00,止盈,创业板ETF易方达,159915.XSHE,1.492,5500.0,53500.0,246.68,10.0,2019-07-15,2019-07,"创业板ETF易方达
159915.XSHE"
2019-07-19 09:31:00,止盈,黄金ETF,518880.XSHG,3.185,2500.0,4600.0,266.7,1.0,2019-07-19,2019-07,"黄金ETF
518880.XSHG"
2019-08-05 11:27:00,止盈,黄金ETF,518880.XSHG,3.282,2500.0,2100.0,241.68,1.0,2019-08-05,2019-08,"黄金ETF
518880.XSHG"
2019-08-06 09:31:00,加仓,纳指ETF,513100.XSHG,2.703,2800.0,17800.0,,6.0,2019-08-06,2019-08,"纳指ETF
513100.XSHG"
2019-08-06 09:31:00,加仓,500ETF,510500.XSHG,5.052,1500.0,11400.0,,7.0,2019-08-06,2019-08,"500ETF
510500.XSHG"
2019-08-06 09:31:00,加仓,创业板ETF易方达,159915.XSHE,1.444,5300.0,58800.0,,11.0,2019-08-06,2019-08,"创业板ETF易方达
159915.XSHE"
2019-08-06 09:32:00,等级校准,创业板ETF易方达,159915.XSHE,,,58800.0,,,2019-08-06,2019-08,"创业板ETF易方达
159915.XSHE"
2019-08-08 09:31:00,止盈（部分）,黄金ETF,518880.XSHG,3.385,2100.0,0.0,215.59,0.0,2019-08-08,2019-08,"黄金ETF
518880.XSHG"
2019-08-08 09:31:00,清仓,黄金ETF,518880.XSHG,,,,,0.0,2019-08-08,2019-08,"黄金ETF
518880.XSHG"
2019-08-08 09:32:00,重装建仓,黄金ETF,518880.XSHG,3.383,23600.0,23600.0,,,2019-08-08,2019-08,"黄金ETF
518880.XSHG"
2019-08-08 09:33:00,底仓到账,黄金ETF,518880.XSHG,,,23600.0,,10.0,2019-08-08,2019-08,"黄金ETF
518880.XSHG"
2019-08-08 14:31:00,止盈,纳指ETF,513100.XSHG,2.785,2900.0,14900.0,236.99,5.0,2019-08-08,2019-08,"纳指ETF
513100.XSHG"
2019-08-14 09:31:00,止盈,创业板ETF易方达,159915.XSHE,1.489,5500.0,53300.0,246.68,10.0,2019-08-14,2019-08,"创业板ETF易方达
159915.XSHE"
2019-08-19 10:09:00,止盈,创业板ETF易方达,159915.XSHE,1.534,5300.0,48000.0,237.69,9.0,2019-08-19,2019-08,"创业板ETF易方达
159915.XSHE"
2019-08-19 11:01:00,止盈,500ETF,510500.XSHG,5.206,1500.0,9900.0,230.22,6.0,2019-08-19,2019-08,"500ETF
510500.XSHG"
2019-08-26 09:31:00,止盈,黄金ETF,518880.XSHG,3.524,2300.0,21300.0,323.49,9.0,2019-08-26,2019-08,"黄金ETF
518880.XSHG"
2019-08-27 10:34:00,止盈,500ETF,510500.XSHG,5.368,1500.0,8400.0,242.19,6.0,2019-08-27,2019-08,"500ETF
510500.XSHG"
2019-08-27 10:58:00,止盈,创业板ETF易方达,159915.XSHE,1.583,5200.0,42800.0,253.98,8.0,2019-08-27,2019-08,"创业板ETF易方达
159915.XSHE"
2019-09-05 09:31:00,止盈,500ETF,510500.XSHG,5.552,1400.0,7000.0,256.82,5.0,2019-09-05,2019-09,"500ETF
510500.XSHG"
2019-09-05 09:53:00,止盈,创业板ETF易方达,159915.XSHE,1.632,5000.0,37800.0,244.18,7.0,2019-09-05,2019-09,"创业板ETF易方达
159915.XSHE"
2019-09-05 10:10:00,止盈,纳指ETF,513100.XSHG,2.869,2800.0,12100.0,234.4,4.0,2019-09-05,2019-09,"纳指ETF
513100.XSHG"
2019-09-10 09:31:00,加仓,黄金ETF,518880.XSHG,3.38,2200.0,23500.0,,10.0,2019-09-10,2019-09,"黄金ETF
518880.XSHG"
2019-09-26 10:36:00,加仓,创业板ETF易方达,159915.XSHE,1.583,4900.0,42700.0,,8.0,2019-09-26,2019-09,"创业板ETF易方达
159915.XSHE"
2019-09-26 14:19:00,加仓,500ETF,510500.XSHG,5.384,1400.0,8400.0,,6.0,2019-09-26,2019-09,"500ETF
510500.XSHG"
2019-10-14 09:56:00,止盈,500ETF,510500.XSHG,5.547,1400.0,7000.0,227.42,5.0,2019-10-14,2019-10,"500ETF
510500.XSHG"
2019-10-18 13:34:00,加仓,500ETF,510500.XSHG,5.379,1400.0,8400.0,,6.0,2019-10-18,2019-10,"500ETF
510500.XSHG"
2019-10-28 09:31:00,止盈,创业板ETF易方达,159915.XSHE,1.632,5000.0,37700.0,244.18,7.0,2019-10-28,2019-10,"创业板ETF易方达
159915.XSHE"
2019-10-29 09:31:00,止盈,纳指ETF,513100.XSHG,2.958,2700.0,9400.0,239.5,3.0,2019-10-29,2019-10,"纳指ETF
513100.XSHG"
2019-11-08 09:31:00,加仓,黄金ETF,518880.XSHG,3.252,2300.0,25800.0,,11.0,2019-11-08,2019-11,"黄金ETF
518880.XSHG"
2019-11-08 09:32:00,等级校准,黄金ETF,518880.XSHG,,,25800.0,,,2019-11-08,2019-11,"黄金ETF
518880.XSHG"
2019-11-12 11:20:00,加仓,500ETF,510500.XSHG,5.216,1400.0,9800.0,,7.0,2019-11-12,2019-11,"500ETF
510500.XSHG"
2019-11-12 11:21:00,等级校准,500ETF,510500.XSHG,,,9800.0,,,2019-11-12,2019-11,"500ETF
510500.XSHG"
2019-11-19 14:58:00,止盈,500ETF,510500.XSHG,5.373,1500.0,8300.0,234.69,5.0,2019-11-19,2019-11,"500ETF
510500.XSHG"
2019-11-26 09:31:00,止盈,纳指ETF,513100.XSHG,3.072,2700.0,6700.0,306.97,2.0,2019-11-26,2019-11,"纳指ETF
513100.XSHG"
2019-12-13 10:18:00,止盈,创业板ETF易方达,159915.XSHE,1.682,4900.0,32800.0,244.18,6.0,2019-12-13,2019-12,"创业板ETF易方达
159915.XSHE"
2019-12-16 11:17:00,止盈,500ETF,510500.XSHG,5.535,1400.0,6900.0,226.03,4.0,2019-12-16,2019-12,"500ETF
510500.XSHG"
2019-12-17 13:06:00,止盈,创业板ETF易方达,159915.XSHE,1.733,4700.0,28100.0,238.89,6.0,2019-12-17,2019-12,"创业板ETF易方达
159915.XSHE"
2019-12-17 14:10:00,止盈,纳指ETF,513100.XSHG,3.168,2600.0,4100.0,248.78,1.0,2019-12-17,2019-12,"纳指ETF
513100.XSHG"
2019-12-18 10:11:00,止盈,500ETF,510500.XSHG,5.707,1400.0,5500.0,240.0,3.0,2019-12-18,2019-12,"500ETF
510500.XSHG"
2019-12-23 14:24:00,加仓,500ETF,510500.XSHG,5.534,1400.0,6900.0,,4.0,2019-12-23,2019-12,"500ETF
510500.XSHG"
2019-12-23 14:28:00,加仓,创业板ETF易方达,159915.XSHE,1.681,4600.0,32700.0,,7.0,2019-12-23,2019-12,"创业板ETF易方达
159915.XSHE"
2019-12-23 14:29:00,等级校准,创业板ETF易方达,159915.XSHE,,,32700.0,,,2019-12-23,2019-12,"创业板ETF易方达
159915.XSHE"
2019-12-25 09:39:00,止盈,黄金ETF,518880.XSHG,3.35,2400.0,23400.0,234.4,10.0,2019-12-25,2019-12,"黄金ETF
518880.XSHG"
2019-12-27 09:42:00,止盈,创业板ETF易方达,159915.XSHE,1.732,4700.0,28000.0,238.89,6.0,2019-12-27,2019-12,"创业板ETF易方达
159915.XSHE"
2019-12-31 14:29:00,止盈,500ETF,510500.XSHG,5.706,1400.0,5500.0,240.0,3.0,2019-12-31,2019-12,"500ETF
510500.XSHG"
2020-01-03 09:31:00,止盈,纳指ETF,513100.XSHG,3.268,2500.0,1600.0,249.18,1.0,2020-01-03,2020-01,"纳指ETF
513100.XSHG"
2020-01-06 09:31:00,止盈,黄金ETF,518880.XSHG,3.496,2300.0,21100.0,335.0,9.0,2020-01-06,2020-01,"黄金ETF
518880.XSHG"
2020-01-06 10:05:00,止盈,创业板ETF易方达,159915.XSHE,1.784,4600.0,23400.0,238.38,5.0,2020-01-06,2020-01,"创业板ETF易方达
159915.XSHE"
2020-01-06 10:06:00,止盈,500ETF,510500.XSHG,5.881,1400.0,4100.0,244.18,3.0,2020-01-06,2020-01,"500ETF
510500.XSHG"
2020-01-09 14:35:00,止盈,创业板ETF易方达,159915.XSHE,1.838,4400.0,19000.0,236.79,4.0,2020-01-09,2020-01,"创业板ETF易方达
159915.XSHE"
2020-01-10 14:32:00,止盈（部分）,纳指ETF,513100.XSHG,3.367,1600.0,0.0,157.86,0.0,2020-01-10,2020-01,"纳指ETF
513100.XSHG"
2020-01-10 14:32:00,清仓,纳指ETF,513100.XSHG,,,,,0.0,2020-01-10,2020-01,"纳指ETF
513100.XSHG"
2020-01-10 14:33:00,重装建仓,纳指ETF,513100.XSHG,3.368,23700.0,23700.0,,,2020-01-10,2020-01,"纳指ETF
513100.XSHG"
2020-01-10 14:34:00,底仓到账,纳指ETF,513100.XSHG,,,23700.0,,10.0,2020-01-10,2020-01,"纳指ETF
513100.XSHG"
2020-01-14 09:31:00,加仓,黄金ETF,518880.XSHG,3.366,2200.0,23300.0,,10.0,2020-01-14,2020-01,"黄金ETF
518880.XSHG"
2020-01-17 09:31:00,止盈,纳指ETF,513100.XSHG,3.495,2300.0,21400.0,291.3,9.0,2020-01-17,2020-01,"纳指ETF
513100.XSHG"
2020-01-20 11:22:00,止盈,创业板ETF易方达,159915.XSHE,1.894,4300.0,14700.0,239.99,3.0,2020-01-20,2020-01,"创业板ETF易方达
159915.XSHE"
2020-01-20 14:30:00,止盈,500ETF,510500.XSHG,6.06,1300.0,2800.0,231.91,2.0,2020-01-20,2020-01,"500ETF
510500.XSHG"
2020-01-21 13:16:00,加仓,纳指ETF,513100.XSHG,3.39,2200.0,23600.0,,10.0,2020-01-21,2020-01,"纳指ETF
513100.XSHG"
2020-01-23 13:10:00,加仓,500ETF,510500.XSHG,5.871,1300.0,4100.0,,3.0,2020-01-23,2020-01,"500ETF
510500.XSHG"
2020-01-23 13:32:00,加仓,创业板ETF易方达,159915.XSHE,1.834,4200.0,18900.0,,4.0,2020-01-23,2020-01,"创业板ETF易方达
159915.XSHE"
2020-02-03 09:31:00,止盈,黄金ETF,518880.XSHG,3.514,2300.0,21000.0,339.59,9.0,2020-02-03,2020-02,"黄金ETF
518880.XSHG"
2020-02-03 09:31:00,加仓,500ETF,510500.XSHG,5.343,1300.0,5400.0,,4.0,2020-02-03,2020-02,"500ETF
510500.XSHG"
2020-02-03 09:31:00,加仓,创业板ETF易方达,159915.XSHE,1.675,4300.0,23200.0,,5.0,2020-02-03,2020-02,"创业板ETF易方达
159915.XSHE"
2020-02-03 09:32:00,等级校准,500ETF,510500.XSHG,,,5400.0,,,2020-02-03,2020-02,"500ETF
510500.XSHG"
2020-02-03 09:32:00,等级校准,创业板ETF易方达,159915.XSHE,,,23200.0,,,2020-02-03,2020-02,"创业板ETF易方达
159915.XSHE"
2020-02-03 09:43:00,止盈,创业板ETF易方达,159915.XSHE,1.726,4700.0,18500.0,238.89,4.0,2020-02-03,2020-02,"创业板ETF易方达
159915.XSHE"
2020-02-03 14:52:00,加仓,创业板ETF易方达,159915.XSHE,1.671,4600.0,23100.0,,5.0,2020-02-03,2020-02,"创业板ETF易方达
159915.XSHE"
2020-02-03 14:53:00,等级校准,创业板ETF易方达,159915.XSHE,,,23100.0,,,2020-02-03,2020-02,"创业板ETF易方达
159915.XSHE"
2020-02-04 09:31:00,止盈,创业板ETF易方达,159915.XSHE,1.723,4700.0,18400.0,243.59,4.0,2020-02-04,2020-02,"创业板ETF易方达
159915.XSHE"
2020-02-04 09:54:00,止盈,创业板ETF易方达,159915.XSHE,1.776,4600.0,13800.0,242.98,3.0,2020-02-04,2020-02,"创业板ETF易方达
159915.XSHE"
2020-02-05 09:31:00,止盈,纳指ETF,513100.XSHG,3.502,2300.0,21300.0,256.79,9.0,2020-02-05,2020-02,"纳指ETF
513100.XSHG"
2020-02-05 09:31:00,止盈,创业板ETF易方达,159915.XSHE,1.83,4500.0,9300.0,242.18,2.0,2020-02-05,2020-02,"创业板ETF易方达
159915.XSHE"
2020-02-05 09:48:00,止盈,500ETF,510500.XSHG,5.505,1400.0,4000.0,226.03,2.0,2020-02-05,2020-02,"500ETF
510500.XSHG"
2020-02-05 10:36:00,止盈,创业板ETF易方达,159915.XSHE,1.889,4300.0,5000.0,252.89,1.0,2020-02-05,2020-02,"创业板ETF易方达
159915.XSHE"
2020-02-06 09:33:00,止盈,纳指ETF,513100.XSHG,3.614,2200.0,19100.0,245.6,8.0,2020-02-06,2020-02,"纳指ETF
513100.XSHG"
2020-02-06 11:29:00,止盈,500ETF,510500.XSHG,5.671,1400.0,2600.0,231.61,1.0,2020-02-06,2020-02,"500ETF
510500.XSHG"
2020-02-07 09:45:00,止盈,纳指ETF,513100.XSHG,3.725,2200.0,16900.0,243.38,8.0,2020-02-07,2020-02,"纳指ETF
513100.XSHG"
2020-02-07 10:24:00,止盈,创业板ETF易方达,159915.XSHE,1.947,4200.0,800.0,242.78,1.0,2020-02-07,2020-02,"创业板ETF易方达
159915.XSHE"
2020-02-11 09:32:00,止盈,纳指ETF,513100.XSHG,3.843,2100.0,14800.0,246.99,7.0,2020-02-11,2020-02,"纳指ETF
513100.XSHG"
2020-02-12 10:48:00,止盈,纳指ETF,513100.XSHG,3.962,2000.0,12800.0,237.21,6.0,2020-02-12,2020-02,"纳指ETF
513100.XSHG"
2020-02-12 11:19:00,止盈,500ETF,510500.XSHG,5.844,1400.0,1200.0,241.38,1.0,2020-02-12,2020-02,"500ETF
510500.XSHG"
2020-02-12 14:20:00,止盈（部分）,创业板ETF易方达,159915.XSHE,2.008,800.0,0.0,48.64,0.0,2020-02-12,2020-02,"创业板ETF易方达
159915.XSHE"
2020-02-12 14:20:00,清仓,创业板ETF易方达,159915.XSHE,,,,,0.0,2020-02-12,2020-02,"创业板ETF易方达
159915.XSHE"
2020-02-12 14:21:00,重装建仓,创业板ETF易方达,159915.XSHE,2.007,39800.0,39800.0,,,2020-02-12,2020-02,"创业板ETF易方达
159915.XSHE"
2020-02-12 14:22:00,底仓到账,创业板ETF易方达,159915.XSHE,,,39800.0,,10.0,2020-02-12,2020-02,"创业板ETF易方达
159915.XSHE"
2020-02-13 09:42:00,止盈,纳指ETF,513100.XSHG,4.081,2000.0,10800.0,237.18,5.0,2020-02-13,2020-02,"纳指ETF
513100.XSHG"
2020-02-13 14:57:00,止盈,纳指ETF,513100.XSHG,4.226,1900.0,8900.0,274.7,4.0,2020-02-13,2020-02,"纳指ETF
513100.XSHG"
2020-02-14 09:32:00,加仓,纳指ETF,513100.XSHG,4.023,1800.0,10700.0,,5.0,2020-02-14,2020-02,"纳指ETF
513100.XSHG"
2020-02-14 09:44:00,止盈,纳指ETF,513100.XSHG,4.145,1900.0,8800.0,231.01,4.0,2020-02-14,2020-02,"纳指ETF
513100.XSHG"
2020-02-14 14:27:00,加仓,纳指ETF,513100.XSHG,4.006,1900.0,10700.0,,5.0,2020-02-14,2020-02,"纳指ETF
513100.XSHG"
2020-02-17 09:34:00,加仓,纳指ETF,513100.XSHG,3.84,1900.0,12600.0,,6.0,2020-02-17,2020-02,"纳指ETF
513100.XSHG"
2020-02-17 11:22:00,止盈,纳指ETF,513100.XSHG,3.962,2000.0,10600.0,243.21,5.0,2020-02-17,2020-02,"纳指ETF
513100.XSHG"
2020-02-17 13:23:00,止盈（部分）,500ETF,510500.XSHG,6.02,1200.0,0.0,210.48,0.0,2020-02-17,2020-02,"500ETF
510500.XSHG"
2020-02-17 13:23:00,清仓,500ETF,510500.XSHG,,,,,0.0,2020-02-17,2020-02,"500ETF
510500.XSHG"
2020-02-17 13:24:00,重装建仓,500ETF,510500.XSHG,6.02,13200.0,13200.0,,,2020-02-17,2020-02,"500ETF
510500.XSHG"
2020-02-17 13:25:00,底仓到账,500ETF,510500.XSHG,,,13200.0,,10.0,2020-02-17,2020-02,"500ETF
510500.XSHG"
2020-02-17 14:56:00,止盈,创业板ETF易方达,159915.XSHE,2.068,3900.0,35900.0,237.09,9.0,2020-02-17,2020-02,"创业板ETF易方达
159915.XSHE"
2020-02-18 14:20:00,加仓,纳指ETF,513100.XSHG,3.84,2000.0,12600.0,,6.0,2020-02-18,2020-02,"纳指ETF
513100.XSHG"
2020-02-21 09:52:00,止盈,500ETF,510500.XSHG,6.204,1300.0,11900.0,238.39,9.0,2020-02-21,2020-02,"500ETF
510500.XSHG"
2020-02-21 10:06:00,止盈,黄金ETF,518880.XSHG,3.62,2200.0,18800.0,232.4,8.0,2020-02-21,2020-02,"黄金ETF
518880.XSHG"
2020-02-21 10:08:00,止盈,创业板ETF易方达,159915.XSHE,2.134,3800.0,32100.0,249.99,8.0,2020-02-21,2020-02,"创业板ETF易方达
159915.XSHE"
2020-02-21 14:49:00,加仓,纳指ETF,513100.XSHG,3.724,2000.0,14600.0,,7.0,2020-02-21,2020-02,"纳指ETF
513100.XSHG"
2020-02-21 14:50:00,等级校准,纳指ETF,513100.XSHG,,,14600.0,,,2020-02-21,2020-02,"纳指ETF
513100.XSHG"
2020-02-24 09:32:00,加仓,纳指ETF,513100.XSHG,3.601,2100.0,16700.0,,7.0,2020-02-24,2020-02,"纳指ETF
513100.XSHG"
2020-02-24 13:15:00,止盈,黄金ETF,518880.XSHG,3.729,2200.0,16600.0,238.98,7.0,2020-02-24,2020-02,"黄金ETF
518880.XSHG"
2020-02-25 09:31:00,加仓,纳指ETF,513100.XSHG,3.479,2200.0,18900.0,,8.0,2020-02-25,2020-02,"纳指ETF
513100.XSHG"
2020-02-25 10:12:00,止盈,纳指ETF,513100.XSHG,3.587,2200.0,16700.0,236.81,7.0,2020-02-25,2020-02,"纳指ETF
513100.XSHG"
2020-02-25 14:35:00,止盈,创业板ETF易方达,159915.XSHE,2.199,3700.0,28400.0,239.69,7.0,2020-02-25,2020-02,"创业板ETF易方达
159915.XSHE"
2020-02-26 10:23:00,加仓,创业板ETF易方达,159915.XSHE,2.13,3600.0,32000.0,,8.0,2020-02-26,2020-02,"创业板ETF易方达
159915.XSHE"
2020-02-28 09:31:00,加仓,纳指ETF,513100.XSHG,3.428,2200.0,18900.0,,8.0,2020-02-28,2020-02,"纳指ETF
513100.XSHG"
2020-02-28 09:31:00,加仓,创业板ETF易方达,159915.XSHE,2.04,3700.0,35700.0,,9.0,2020-02-28,2020-02,"创业板ETF易方达
159915.XSHE"
2020-02-28 10:27:00,加仓,500ETF,510500.XSHG,6.01,1200.0,13100.0,,10.0,2020-02-28,2020-02,"500ETF
510500.XSHG"
2020-02-28 13:55:00,加仓,黄金ETF,518880.XSHG,3.616,2100.0,18700.0,,8.0,2020-02-28,2020-02,"黄金ETF
518880.XSHG"
2020-03-02 13:45:00,止盈,纳指ETF,513100.XSHG,3.538,2300.0,16600.0,252.19,7.0,2020-03-02,2020-03,"纳指ETF
513100.XSHG"
2020-03-03 09:31:00,止盈,纳指ETF,513100.XSHG,3.678,2200.0,14400.0,307.19,6.0,2020-03-03,2020-03,"纳指ETF
513100.XSHG"
2020-03-03 09:31:00,止盈,500ETF,510500.XSHG,6.221,1300.0,11800.0,273.49,9.0,2020-03-03,2020-03,"500ETF
510500.XSHG"
2020-03-03 09:31:00,止盈,创业板ETF易方达,159915.XSHE,2.102,3900.0,31800.0,240.98,8.0,2020-03-03,2020-03,"创业板ETF易方达
159915.XSHE"
2020-03-03 13:12:00,加仓,纳指ETF,513100.XSHG,3.567,2100.0,16500.0,,7.0,2020-03-03,2020-03,"纳指ETF
513100.XSHG"
2020-03-09 09:31:00,加仓,纳指ETF,513100.XSHG,3.398,2200.0,18700.0,,8.0,2020-03-09,2020-03,"纳指ETF
513100.XSHG"
2020-03-09 09:51:00,止盈,黄金ETF,518880.XSHG,3.726,2200.0,16500.0,241.18,7.0,2020-03-09,2020-03,"黄金ETF
518880.XSHG"
2020-03-09 13:01:00,加仓,黄金ETF,518880.XSHG,3.577,2100.0,18600.0,,8.0,2020-03-09,2020-03,"黄金ETF
518880.XSHG"
2020-03-09 13:05:00,加仓,创业板ETF易方达,159915.XSHE,2.038,3800.0,35600.0,,9.0,2020-03-09,2020-03,"创业板ETF易方达
159915.XSHE"
2020-03-09 13:10:00,加仓,500ETF,510500.XSHG,6.034,1200.0,13000.0,,10.0,2020-03-09,2020-03,"500ETF
510500.XSHG"
2020-03-09 14:38:00,加仓,纳指ETF,513100.XSHG,3.292,2300.0,21000.0,,9.0,2020-03-09,2020-03,"纳指ETF
513100.XSHG"
2020-03-09 14:39:00,等级校准,纳指ETF,513100.XSHG,,,21000.0,,,2020-03-09,2020-03,"纳指ETF
513100.XSHG"
2020-03-10 10:50:00,加仓,创业板ETF易方达,159915.XSHE,1.976,3900.0,39500.0,,10.0,2020-03-10,2020-03,"创业板ETF易方达
159915.XSHE"
2020-03-10 10:51:00,等级校准,创业板ETF易方达,159915.XSHE,,,39500.0,,,2020-03-10,2020-03,"创业板ETF易方达
159915.XSHE"
2020-03-10 13:01:00,止盈,创业板ETF易方达,159915.XSHE,2.038,4000.0,35500.0,247.18,9.0,2020-03-10,2020-03,"创业板ETF易方达
159915.XSHE"
2020-03-10 13:32:00,止盈,纳指ETF,513100.XSHG,3.399,2400.0,18600.0,255.98,8.0,2020-03-10,2020-03,"纳指ETF
513100.XSHG"
2020-03-11 14:41:00,加仓,纳指ETF,513100.XSHG,3.296,2300.0,20900.0,,9.0,2020-03-11,2020-03,"纳指ETF
513100.XSHG"
2020-03-11 14:42:00,等级校准,纳指ETF,513100.XSHG,,,20900.0,,,2020-03-11,2020-03,"纳指ETF
513100.XSHG"
2020-03-12 09:32:00,加仓,纳指ETF,513100.XSHG,3.193,2400.0,23300.0,,9.0,2020-03-12,2020-03,"纳指ETF
513100.XSHG"
2020-03-12 10:10:00,加仓,创业板ETF易方达,159915.XSHE,1.976,3900.0,39400.0,,10.0,2020-03-12,2020-03,"创业板ETF易方达
159915.XSHE"
2020-03-12 10:11:00,等级校准,创业板ETF易方达,159915.XSHE,,,39400.0,,,2020-03-12,2020-03,"创业板ETF易方达
159915.XSHE"
2020-03-13 09:31:00,加仓,纳指ETF,513100.XSHG,2.987,2500.0,25800.0,,10.0,2020-03-13,2020-03,"纳指ETF
513100.XSHG"
2020-03-13 09:31:00,加仓,黄金ETF,518880.XSHG,3.463,2200.0,20800.0,,9.0,2020-03-13,2020-03,"黄金ETF
518880.XSHG"
2020-03-13 09:31:00,加仓,500ETF,510500.XSHG,5.7,1300.0,14300.0,,11.0,2020-03-13,2020-03,"500ETF
510500.XSHG"
2020-03-13 09:31:00,加仓,创业板ETF易方达,159915.XSHE,1.88,4000.0,43400.0,,10.0,2020-03-13,2020-03,"创业板ETF易方达
159915.XSHE"
2020-03-13 09:32:00,等级校准,纳指ETF,513100.XSHG,,,25800.0,,,2020-03-13,2020-03,"纳指ETF
513100.XSHG"
2020-03-13 09:32:00,等级校准,500ETF,510500.XSHG,,,14300.0,,,2020-03-13,2020-03,"500ETF
510500.XSHG"
2020-03-13 11:01:00,止盈,创业板ETF易方达,159915.XSHE,1.94,4200.0,39200.0,251.19,9.0,2020-03-13,2020-03,"创业板ETF易方达
159915.XSHE"
2020-03-13 13:01:00,止盈,纳指ETF,513100.XSHG,3.088,2600.0,23200.0,261.8,9.0,2020-03-13,2020-03,"纳指ETF
513100.XSHG"
2020-03-13 13:02:00,止盈,500ETF,510500.XSHG,5.884,1400.0,12900.0,256.78,9.0,2020-03-13,2020-03,"500ETF
510500.XSHG"
2020-03-13 13:07:00,止盈,纳指ETF,513100.XSHG,3.192,2500.0,20700.0,259.2,8.0,2020-03-13,2020-03,"纳指ETF
513100.XSHG"
2020-03-13 13:20:00,止盈,纳指ETF,513100.XSHG,3.296,2500.0,18200.0,259.18,7.0,2020-03-13,2020-03,"纳指ETF
513100.XSHG"
2020-03-13 14:21:00,加仓,纳指ETF,513100.XSHG,3.193,2400.0,20600.0,,8.0,2020-03-13,2020-03,"纳指ETF
513100.XSHG"
2020-03-16 13:35:00,加仓,创业板ETF易方达,159915.XSHE,1.881,4100.0,43300.0,,10.0,2020-03-16,2020-03,"创业板ETF易方达
159915.XSHE"
2020-03-16 14:00:00,加仓,500ETF,510500.XSHG,5.707,1300.0,14200.0,,10.0,2020-03-16,2020-03,"500ETF
510500.XSHG"
2020-03-16 14:31:00,加仓,纳指ETF,513100.XSHG,3.08,2500.0,23100.0,,9.0,2020-03-16,2020-03,"纳指ETF
513100.XSHG"
2020-03-17 09:31:00,加仓,黄金ETF,518880.XSHG,3.312,2300.0,23100.0,,10.0,2020-03-17,2020-03,"黄金ETF
518880.XSHG"
2020-03-17 09:32:00,等级校准,黄金ETF,518880.XSHG,,,23100.0,,,2020-03-17,2020-03,"黄金ETF
518880.XSHG"
2020-03-17 09:40:00,加仓,创业板ETF易方达,159915.XSHE,1.819,4200.0,47500.0,,11.0,2020-03-17,2020-03,"创业板ETF易方达
159915.XSHE"
2020-03-17 10:16:00,加仓,500ETF,510500.XSHG,5.532,1400.0,15600.0,,11.0,2020-03-17,2020-03,"500ETF
510500.XSHG"
2020-03-18 09:44:00,止盈,创业板ETF易方达,159915.XSHE,1.874,4300.0,43200.0,235.69,10.0,2020-03-18,2020-03,"创业板ETF易方达
159915.XSHE"
2020-03-18 09:47:00,止盈,500ETF,510500.XSHG,5.709,1400.0,14200.0,247.0,10.0,2020-03-18,2020-03,"500ETF
510500.XSHG"
2020-03-19 09:34:00,加仓,创业板ETF易方达,159915.XSHE,1.815,4200.0,47400.0,,11.0,2020-03-19,2020-03,"创业板ETF易方达
159915.XSHE"
2020-03-19 09:35:00,等级校准,创业板ETF易方达,159915.XSHE,,,47400.0,,,2020-03-19,2020-03,"创业板ETF易方达
159915.XSHE"
2020-03-19 09:49:00,加仓,500ETF,510500.XSHG,5.526,1400.0,15600.0,,11.0,2020-03-19,2020-03,"500ETF
510500.XSHG"
2020-03-19 11:02:00,加仓,纳指ETF,513100.XSHG,2.986,2500.0,25600.0,,10.0,2020-03-19,2020-03,"纳指ETF
513100.XSHG"
2020-03-19 11:03:00,等级校准,纳指ETF,513100.XSHG,,,25600.0,,,2020-03-19,2020-03,"纳指ETF
513100.XSHG"
2020-03-20 09:31:00,止盈,纳指ETF,513100.XSHG,3.098,2600.0,23000.0,290.39,9.0,2020-03-20,2020-03,"纳指ETF
513100.XSHG"
2020-03-23 14:39:00,加仓,创业板ETF易方达,159915.XSHE,1.76,4400.0,51800.0,,11.0,2020-03-23,2020-03,"创业板ETF易方达
159915.XSHE"
2020-03-24 09:31:00,止盈,黄金ETF,518880.XSHG,3.549,2400.0,20700.0,567.95,9.0,2020-03-24,2020-03,"黄金ETF
518880.XSHG"
2020-03-25 09:31:00,止盈,纳指ETF,513100.XSHG,3.32,2500.0,20500.0,554.17,8.0,2020-03-25,2020-03,"纳指ETF
513100.XSHG"
2020-03-25 09:31:00,止盈,创业板ETF易方达,159915.XSHE,1.846,4500.0,47300.0,386.17,11.0,2020-03-25,2020-03,"创业板ETF易方达
159915.XSHE"
2020-03-27 09:30:00,加仓,纳指ETF,513100.XSHG,3.219,2400.0,22900.0,,9.0,2020-03-27,2020-03,"纳指ETF
513100.XSHG"
2020-03-30 09:31:00,加仓,纳指ETF,513100.XSHG,3.073,2400.0,25300.0,,10.0,2020-03-30,2020-03,"纳指ETF
513100.XSHG"
2020-03-30 09:32:00,等级校准,纳指ETF,513100.XSHG,,,25300.0,,,2020-03-30,2020-03,"纳指ETF
513100.XSHG"
2020-03-30 09:46:00,加仓,创业板ETF易方达,159915.XSHE,1.79,4300.0,51600.0,,12.0,2020-03-30,2020-03,"创业板ETF易方达
159915.XSHE"
2020-03-30 09:47:00,等级校准,创业板ETF易方达,159915.XSHE,,,51600.0,,,2020-03-30,2020-03,"创业板ETF易方达
159915.XSHE"
2020-04-02 14:58:00,止盈,创业板ETF易方达,159915.XSHE,1.844,4400.0,47200.0,236.79,10.0,2020-04-02,2020-04,"创业板ETF易方达
159915.XSHE"
2020-04-07 09:31:00,止盈,纳指ETF,513100.XSHG,3.194,2600.0,22700.0,313.77,9.0,2020-04-07,2020-04,"纳指ETF
513100.XSHG"
2020-04-07 09:31:00,止盈,黄金ETF,518880.XSHG,3.687,2200.0,18500.0,302.79,8.0,2020-04-07,2020-04,"黄金ETF
518880.XSHG"
2020-04-07 13:56:00,止盈,500ETF,510500.XSHG,5.692,1400.0,14200.0,231.6,10.0,2020-04-07,2020-04,"500ETF
510500.XSHG"
2020-04-08 13:53:00,止盈,创业板ETF易方达,159915.XSHE,1.9,4300.0,42900.0,239.98,10.0,2020-04-08,2020-04,"创业板ETF易方达
159915.XSHE"
2020-04-13 09:35:00,加仓,纳指ETF,513100.XSHG,3.093,2500.0,25200.0,,10.0,2020-04-13,2020-04,"纳指ETF
513100.XSHG"
2020-04-13 13:32:00,加仓,创业板ETF易方达,159915.XSHE,1.843,4200.0,47100.0,,11.0,2020-04-13,2020-04,"创业板ETF易方达
159915.XSHE"
2020-04-13 13:33:00,等级校准,创业板ETF易方达,159915.XSHE,,,47100.0,,,2020-04-13,2020-04,"创业板ETF易方达
159915.XSHE"
2020-04-14 13:57:00,止盈,创业板ETF易方达,159915.XSHE,1.899,4300.0,42800.0,239.98,10.0,2020-04-14,2020-04,"创业板ETF易方达
159915.XSHE"
2020-04-15 09:31:00,止盈,纳指ETF,513100.XSHG,3.205,2500.0,22700.0,279.2,9.0,2020-04-15,2020-04,"纳指ETF
513100.XSHG"
2020-04-17 09:31:00,止盈,纳指ETF,513100.XSHG,3.342,2400.0,20300.0,328.0,8.0,2020-04-17,2020-04,"纳指ETF
513100.XSHG"
2020-04-17 09:34:00,止盈,创业板ETF易方达,159915.XSHE,1.957,4200.0,38600.0,242.78,9.0,2020-04-17,2020-04,"创业板ETF易方达
159915.XSHE"
2020-04-23 09:32:00,止盈,纳指ETF,513100.XSHG,3.454,2300.0,18000.0,256.81,7.0,2020-04-23,2020-04,"纳指ETF
513100.XSHG"
2020-04-27 13:03:00,止盈,纳指ETF,513100.XSHG,3.563,2300.0,15700.0,249.88,7.0,2020-04-27,2020-04,"纳指ETF
513100.XSHG"
2020-04-28 10:00:00,加仓,创业板ETF易方达,159915.XSHE,1.894,4000.0,42600.0,,10.0,2020-04-28,2020-04,"创业板ETF易方达
159915.XSHE"
2020-04-28 10:58:00,止盈,创业板ETF易方达,159915.XSHE,1.951,4200.0,38400.0,238.58,9.0,2020-04-28,2020-04,"创业板ETF易方达
159915.XSHE"
2020-04-29 09:32:00,止盈,纳指ETF,513100.XSHG,3.696,2200.0,13500.0,291.79,6.0,2020-04-29,2020-04,"纳指ETF
513100.XSHG"
2020-04-30 09:31:00,止盈,纳指ETF,513100.XSHG,3.842,2100.0,11400.0,305.79,5.0,2020-04-30,2020-04,"纳指ETF
513100.XSHG"
2020-04-30 14:34:00,加仓,纳指ETF,513100.XSHG,3.724,2000.0,13400.0,,6.0,2020-04-30,2020-04,"纳指ETF
513100.XSHG"
2020-05-06 11:28:00,止盈,创业板ETF易方达,159915.XSHE,2.01,4100.0,34300.0,241.08,8.0,2020-05-06,2020-05,"创业板ETF易方达
159915.XSHE"
2020-05-06 13:46:00,止盈,500ETF,510500.XSHG,5.866,1400.0,12800.0,242.78,9.0,2020-05-06,2020-05,"500ETF
510500.XSHG"
2020-05-13 09:34:00,加仓,纳指ETF,513100.XSHG,3.61,2100.0,15500.0,,7.0,2020-05-13,2020-05,"纳指ETF
513100.XSHG"
2020-05-15 09:31:00,止盈,黄金ETF,518880.XSHG,3.82,2100.0,16400.0,278.5,8.0,2020-05-15,2020-05,"黄金ETF
518880.XSHG"
2020-05-18 10:12:00,止盈,黄金ETF,518880.XSHG,3.937,2000.0,14400.0,233.21,7.0,2020-05-18,2020-05,"黄金ETF
518880.XSHG"
2020-05-19 09:34:00,止盈,纳指ETF,513100.XSHG,3.72,2200.0,13300.0,241.18,6.0,2020-05-19,2020-05,"纳指ETF
513100.XSHG"
2020-05-20 09:32:00,止盈,创业板ETF易方达,159915.XSHE,2.071,3900.0,30400.0,237.09,8.0,2020-05-20,2020-05,"创业板ETF易方达
159915.XSHE"
2020-05-22 09:46:00,加仓,创业板ETF易方达,159915.XSHE,2.005,3800.0,34200.0,,9.0,2020-05-22,2020-05,"创业板ETF易方达
159915.XSHE"
2020-05-22 09:47:00,等级校准,创业板ETF易方达,159915.XSHE,,,34200.0,,,2020-05-22,2020-05,"创业板ETF易方达
159915.XSHE"
2020-05-22 14:42:00,加仓,纳指ETF,513100.XSHG,3.603,2100.0,15400.0,,7.0,2020-05-22,2020-05,"纳指ETF
513100.XSHG"
2020-05-25 14:58:00,止盈,纳指ETF,513100.XSHG,3.715,2200.0,13200.0,245.58,6.0,2020-05-25,2020-05,"纳指ETF
513100.XSHG"
2020-05-27 13:50:00,止盈,纳指ETF,513100.XSHG,3.834,2100.0,11100.0,249.09,5.0,2020-05-27,2020-05,"纳指ETF
513100.XSHG"
2020-06-01 10:51:00,止盈,创业板ETF易方达,159915.XSHE,2.066,3900.0,30300.0,237.09,7.0,2020-06-01,2020-06,"创业板ETF易方达
159915.XSHE"
2020-06-01 11:26:00,止盈,500ETF,510500.XSHG,6.042,1300.0,11500.0,228.01,8.0,2020-06-01,2020-06,"500ETF
510500.XSHG"
2020-06-04 09:31:00,加仓,黄金ETF,518880.XSHG,3.818,2000.0,16400.0,,8.0,2020-06-04,2020-06,"黄金ETF
518880.XSHG"
2020-06-11 09:42:00,止盈,创业板ETF易方达,159915.XSHE,2.128,3800.0,26500.0,234.79,7.0,2020-06-11,2020-06,"创业板ETF易方达
159915.XSHE"
2020-06-12 09:31:00,加仓,纳指ETF,513100.XSHG,3.657,2000.0,13100.0,,6.0,2020-06-12,2020-06,"纳指ETF
513100.XSHG"
2020-06-16 09:54:00,止盈,纳指ETF,513100.XSHG,3.77,2100.0,11000.0,236.51,5.0,2020-06-16,2020-06,"纳指ETF
513100.XSHG"
2020-06-17 09:44:00,止盈,创业板ETF易方达,159915.XSHE,2.194,3700.0,22800.0,243.39,6.0,2020-06-17,2020-06,"创业板ETF易方达
159915.XSHE"
2020-06-17 10:07:00,止盈,500ETF,510500.XSHG,6.224,1300.0,10200.0,235.79,8.0,2020-06-17,2020-06,"500ETF
510500.XSHG"
2020-06-22 09:39:00,止盈,创业板ETF易方达,159915.XSHE,2.26,3600.0,19200.0,236.79,5.0,2020-06-22,2020-06,"创业板ETF易方达
159915.XSHE"
2020-06-30 09:44:00,止盈,创业板ETF易方达,159915.XSHE,2.329,3500.0,15700.0,240.68,4.0,2020-06-30,2020-06,"创业板ETF易方达
159915.XSHE"
2020-06-30 11:26:00,止盈,500ETF,510500.XSHG,6.412,1200.0,9000.0,224.83,7.0,2020-06-30,2020-06,"500ETF
510500.XSHG"
2020-07-01 13:02:00,止盈,黄金ETF,518880.XSHG,3.933,2000.0,14400.0,229.21,7.0,2020-07-01,2020-07,"黄金ETF
518880.XSHG"
2020-07-03 14:34:00,止盈,500ETF,510500.XSHG,6.609,1200.0,7800.0,235.61,6.0,2020-07-03,2020-07,"500ETF
510500.XSHG"
2020-07-06 09:57:00,止盈,创业板ETF易方达,159915.XSHE,2.404,3400.0,12300.0,254.18,3.0,2020-07-06,2020-07,"创业板ETF易方达
159915.XSHE"
2020-07-06 10:20:00,止盈,500ETF,510500.XSHG,6.809,1200.0,6600.0,239.18,6.0,2020-07-06,2020-07,"500ETF
510500.XSHG"
2020-07-07 09:31:00,止盈,500ETF,510500.XSHG,7.014,1100.0,5500.0,224.73,5.0,2020-07-07,2020-07,"500ETF
510500.XSHG"
2020-07-07 09:40:00,止盈,创业板ETF易方达,159915.XSHE,2.477,3300.0,9000.0,240.08,2.0,2020-07-07,2020-07,"创业板ETF易方达
159915.XSHE"
2020-07-07 13:06:00,止盈,创业板ETF易方达,159915.XSHE,2.552,3200.0,5800.0,239.18,1.0,2020-07-07,2020-07,"创业板ETF易方达
159915.XSHE"
2020-07-09 09:52:00,止盈,500ETF,510500.XSHG,7.229,1100.0,4400.0,235.7,4.0,2020-07-09,2020-07,"500ETF
510500.XSHG"
2020-07-09 10:13:00,止盈,创业板ETF易方达,159915.XSHE,2.629,3100.0,2700.0,237.89,1.0,2020-07-09,2020-07,"创业板ETF易方达
159915.XSHE"
2020-07-13 09:31:00,止盈,纳指ETF,513100.XSHG,3.904,2100.0,8900.0,280.58,4.0,2020-07-13,2020-07,"纳指ETF
513100.XSHG"
2020-07-13 09:32:00,止盈（部分）,创业板ETF易方达,159915.XSHE,2.718,2700.0,0.0,239.57,0.0,2020-07-13,2020-07,"创业板ETF易方达
159915.XSHE"
2020-07-13 09:32:00,清仓,创业板ETF易方达,159915.XSHE,,,,,0.0,2020-07-13,2020-07,"创业板ETF易方达
159915.XSHE"
2020-07-13 09:33:00,重装建仓,创业板ETF易方达,159915.XSHE,2.726,29300.0,29300.0,,,2020-07-13,2020-07,"创业板ETF易方达
159915.XSHE"
2020-07-13 09:34:00,底仓到账,创业板ETF易方达,159915.XSHE,,,29300.0,,10.0,2020-07-13,2020-07,"创业板ETF易方达
159915.XSHE"
2020-07-13 10:20:00,止盈,500ETF,510500.XSHG,7.448,1100.0,3300.0,240.08,3.0,2020-07-13,2020-07,"500ETF
510500.XSHG"
2020-07-16 11:17:00,加仓,500ETF,510500.XSHG,7.224,1000.0,4300.0,,4.0,2020-07-16,2020-07,"500ETF
510500.XSHG"
2020-07-16 11:18:00,等级校准,500ETF,510500.XSHG,,,4300.0,,,2020-07-16,2020-07,"500ETF
510500.XSHG"
2020-07-16 13:19:00,加仓,创业板ETF易方达,159915.XSHE,2.64,2900.0,32200.0,,11.0,2020-07-16,2020-07,"创业板ETF易方达
159915.XSHE"
2020-07-16 13:20:00,等级校准,创业板ETF易方达,159915.XSHE,,,32200.0,,,2020-07-16,2020-07,"创业板ETF易方达
159915.XSHE"
2020-07-16 14:22:00,加仓,500ETF,510500.XSHG,7.001,1100.0,5400.0,,4.0,2020-07-16,2020-07,"500ETF
510500.XSHG"
2020-07-16 14:36:00,加仓,创业板ETF易方达,159915.XSHE,2.557,3000.0,35200.0,,11.0,2020-07-16,2020-07,"创业板ETF易方达
159915.XSHE"
2020-07-17 10:35:00,止盈,创业板ETF易方达,159915.XSHE,2.634,3100.0,32100.0,237.88,10.0,2020-07-17,2020-07,"创业板ETF易方达
159915.XSHE"
2020-07-17 13:00:00,加仓,创业板ETF易方达,159915.XSHE,2.55,3000.0,35100.0,,11.0,2020-07-17,2020-07,"创业板ETF易方达
159915.XSHE"
2020-07-21 09:37:00,止盈,500ETF,510500.XSHG,7.213,1100.0,4300.0,232.41,3.0,2020-07-21,2020-07,"500ETF
510500.XSHG"
2020-07-21 09:37:00,止盈,创业板ETF易方达,159915.XSHE,2.628,3100.0,32000.0,240.99,10.0,2020-07-21,2020-07,"创业板ETF易方达
159915.XSHE"
2020-07-22 09:31:00,止盈,黄金ETF,518880.XSHG,4.051,2000.0,12400.0,235.19,6.0,2020-07-22,2020-07,"黄金ETF
518880.XSHG"
2020-07-22 10:56:00,止盈,创业板ETF易方达,159915.XSHE,2.708,3000.0,29000.0,239.19,10.0,2020-07-22,2020-07,"创业板ETF易方达
159915.XSHE"
2020-07-23 10:51:00,加仓,创业板ETF易方达,159915.XSHE,2.623,2900.0,31900.0,,11.0,2020-07-23,2020-07,"创业板ETF易方达
159915.XSHE"
2020-07-23 10:52:00,等级校准,创业板ETF易方达,159915.XSHE,,,31900.0,,,2020-07-23,2020-07,"创业板ETF易方达
159915.XSHE"
2020-07-23 14:31:00,止盈,创业板ETF易方达,159915.XSHE,2.702,3000.0,28900.0,236.19,9.0,2020-07-23,2020-07,"创业板ETF易方达
159915.XSHE"
2020-07-24 11:09:00,加仓,创业板ETF易方达,159915.XSHE,2.619,2900.0,31800.0,,10.0,2020-07-24,2020-07,"创业板ETF易方达
159915.XSHE"
2020-07-24 13:12:00,加仓,500ETF,510500.XSHG,6.994,1100.0,5400.0,,4.0,2020-07-24,2020-07,"500ETF
510500.XSHG"
2020-07-24 14:06:00,加仓,创业板ETF易方达,159915.XSHE,2.54,3000.0,34800.0,,11.0,2020-07-24,2020-07,"创业板ETF易方达
159915.XSHE"
2020-07-27 09:46:00,止盈,黄金ETF,518880.XSHG,4.173,1900.0,10500.0,231.01,5.0,2020-07-27,2020-07,"黄金ETF
518880.XSHG"
2020-07-29 10:01:00,止盈,创业板ETF易方达,159915.XSHE,2.618,3100.0,31700.0,240.99,10.0,2020-07-29,2020-07,"创业板ETF易方达
159915.XSHE"
2020-07-30 09:32:00,止盈,500ETF,510500.XSHG,7.205,1100.0,4300.0,231.31,3.0,2020-07-30,2020-07,"500ETF
510500.XSHG"
2020-07-31 09:52:00,止盈,创业板ETF易方达,159915.XSHE,2.699,3000.0,28700.0,242.19,9.0,2020-07-31,2020-07,"创业板ETF易方达
159915.XSHE"
2020-08-04 09:38:00,止盈,创业板ETF易方达,159915.XSHE,2.78,2900.0,25800.0,234.09,9.0,2020-08-04,2020-08,"创业板ETF易方达
159915.XSHE"
2020-08-05 09:31:00,止盈,黄金ETF,518880.XSHG,4.3,1900.0,8600.0,240.48,4.0,2020-08-05,2020-08,"黄金ETF
518880.XSHG"
2020-08-05 11:26:00,止盈,500ETF,510500.XSHG,7.426,1100.0,3200.0,242.28,3.0,2020-08-05,2020-08,"500ETF
510500.XSHG"
2020-08-06 10:45:00,加仓,创业板ETF易方达,159915.XSHE,2.696,2800.0,28600.0,,10.0,2020-08-06,2020-08,"创业板ETF易方达
159915.XSHE"
2020-08-06 10:46:00,等级校准,创业板ETF易方达,159915.XSHE,,,28600.0,,,2020-08-06,2020-08,"创业板ETF易方达
159915.XSHE"
2020-08-07 13:30:00,加仓,创业板ETF易方达,159915.XSHE,2.612,2900.0,31500.0,,10.0,2020-08-07,2020-08,"创业板ETF易方达
159915.XSHE"
2020-08-12 09:31:00,加仓,黄金ETF,518880.XSHG,4.02,1800.0,10400.0,,5.0,2020-08-12,2020-08,"黄金ETF
518880.XSHG"
2020-08-12 09:42:00,加仓,500ETF,510500.XSHG,7.198,1000.0,4200.0,,4.0,2020-08-12,2020-08,"500ETF
510500.XSHG"
2020-08-12 09:43:00,等级校准,500ETF,510500.XSHG,,,4200.0,,,2020-08-12,2020-08,"500ETF
510500.XSHG"
2020-08-12 10:17:00,加仓,创业板ETF易方达,159915.XSHE,2.533,3000.0,34500.0,,11.0,2020-08-12,2020-08,"创业板ETF易方达
159915.XSHE"
2020-08-13 09:31:00,止盈,纳指ETF,513100.XSHG,4.036,2000.0,6900.0,263.19,3.0,2020-08-13,2020-08,"纳指ETF
513100.XSHG"
2020-08-14 09:31:00,止盈,黄金ETF,518880.XSHG,4.141,1900.0,8500.0,229.11,4.0,2020-08-14,2020-08,"黄金ETF
518880.XSHG"
2020-08-18 09:33:00,止盈,500ETF,510500.XSHG,7.419,1100.0,3100.0,242.28,3.0,2020-08-18,2020-08,"500ETF
510500.XSHG"
2020-08-18 09:33:00,止盈,创业板ETF易方达,159915.XSHE,2.611,3100.0,31400.0,240.99,10.0,2020-08-18,2020-08,"创业板ETF易方达
159915.XSHE"
2020-08-19 14:35:00,加仓,创业板ETF易方达,159915.XSHE,2.531,3000.0,34400.0,,11.0,2020-08-19,2020-08,"创业板ETF易方达
159915.XSHE"
2020-08-21 09:54:00,止盈,纳指ETF,513100.XSHG,4.159,1900.0,5000.0,232.91,2.0,2020-08-21,2020-08,"纳指ETF
513100.XSHG"
2020-08-24 09:37:00,止盈,纳指ETF,513100.XSHG,4.295,1900.0,3100.0,257.58,1.0,2020-08-24,2020-08,"纳指ETF
513100.XSHG"
2020-08-24 13:29:00,止盈,纳指ETF,513100.XSHG,4.426,1800.0,1300.0,235.0,1.0,2020-08-24,2020-08,"纳指ETF
513100.XSHG"
2020-08-24 13:39:00,止盈,创业板ETF易方达,159915.XSHE,2.608,3100.0,31300.0,237.89,10.0,2020-08-24,2020-08,"创业板ETF易方达
159915.XSHE"
2020-08-25 13:50:00,止盈（部分）,纳指ETF,513100.XSHG,4.56,1300.0,0.0,173.61,0.0,2020-08-25,2020-08,"纳指ETF
513100.XSHG"
2020-08-25 13:50:00,清仓,纳指ETF,513100.XSHG,,,,,0.0,2020-08-25,2020-08,"纳指ETF
513100.XSHG"
2020-08-25 13:51:00,重装建仓,纳指ETF,513100.XSHG,4.568,17500.0,17500.0,,,2020-08-25,2020-08,"纳指ETF
513100.XSHG"
2020-08-25 13:52:00,底仓到账,纳指ETF,513100.XSHG,,,17500.0,,10.0,2020-08-25,2020-08,"纳指ETF
513100.XSHG"
2020-08-26 10:15:00,加仓,纳指ETF,513100.XSHG,4.423,1700.0,19200.0,,11.0,2020-08-26,2020-08,"纳指ETF
513100.XSHG"
2020-08-26 10:16:00,等级校准,纳指ETF,513100.XSHG,,,19200.0,,,2020-08-26,2020-08,"纳指ETF
513100.XSHG"
2020-08-26 13:21:00,止盈,纳指ETF,513100.XSHG,4.557,1800.0,17400.0,240.38,10.0,2020-08-26,2020-08,"纳指ETF
513100.XSHG"
2020-08-26 13:51:00,加仓,500ETF,510500.XSHG,7.191,1000.0,4100.0,,4.0,2020-08-26,2020-08,"500ETF
510500.XSHG"
2020-08-26 13:52:00,等级校准,500ETF,510500.XSHG,,,4100.0,,,2020-08-26,2020-08,"500ETF
510500.XSHG"
2020-08-27 14:58:00,止盈,纳指ETF,513100.XSHG,4.695,1700.0,15700.0,233.8,9.0,2020-08-27,2020-08,"纳指ETF
513100.XSHG"
2020-08-28 10:41:00,止盈,纳指ETF,513100.XSHG,4.856,1700.0,14000.0,272.87,8.0,2020-08-28,2020-08,"纳指ETF
513100.XSHG"
2020-08-28 14:04:00,加仓,纳指ETF,513100.XSHG,4.708,1600.0,15600.0,,9.0,2020-08-28,2020-08,"纳指ETF
513100.XSHG"
2020-08-31 09:31:00,止盈,纳指ETF,513100.XSHG,4.885,1600.0,14000.0,282.42,8.0,2020-08-31,2020-08,"纳指ETF
513100.XSHG"
2020-08-31 09:34:00,止盈,500ETF,510500.XSHG,7.408,1100.0,3000.0,237.89,3.0,2020-08-31,2020-08,"500ETF
510500.XSHG"
2020-08-31 14:53:00,止盈,纳指ETF,513100.XSHG,5.032,1600.0,12400.0,234.39,8.0,2020-08-31,2020-08,"纳指ETF
513100.XSHG"
2020-09-01 09:32:00,止盈,纳指ETF,513100.XSHG,5.218,1500.0,10900.0,278.22,7.0,2020-09-01,2020-09,"纳指ETF
513100.XSHG"
2020-09-01 13:50:00,加仓,纳指ETF,513100.XSHG,5.009,1500.0,12400.0,,8.0,2020-09-01,2020-09,"纳指ETF
513100.XSHG"
2020-09-02 09:31:00,止盈,纳指ETF,513100.XSHG,5.17,1500.0,10900.0,240.72,7.0,2020-09-02,2020-09,"纳指ETF
513100.XSHG"
2020-09-02 14:14:00,止盈,创业板ETF易方达,159915.XSHE,2.689,3000.0,28300.0,242.19,9.0,2020-09-02,2020-09,"创业板ETF易方达
159915.XSHE"
2020-09-03 14:02:00,止盈,纳指ETF,513100.XSHG,5.338,1500.0,9400.0,251.2,6.0,2020-09-03,2020-09,"纳指ETF
513100.XSHG"
2020-09-04 09:31:00,加仓,纳指ETF,513100.XSHG,4.953,1400.0,10800.0,,7.0,2020-09-04,2020-09,"纳指ETF
513100.XSHG"
2020-09-04 09:31:00,加仓,创业板ETF易方达,159915.XSHE,2.605,2900.0,31200.0,,10.0,2020-09-04,2020-09,"创业板ETF易方达
159915.XSHE"
2020-09-04 09:32:00,等级校准,纳指ETF,513100.XSHG,,,10800.0,,,2020-09-04,2020-09,"纳指ETF
513100.XSHG"
2020-09-04 14:40:00,加仓,纳指ETF,513100.XSHG,4.799,1600.0,12400.0,,7.0,2020-09-04,2020-09,"纳指ETF
513100.XSHG"
2020-09-07 10:36:00,加仓,纳指ETF,513100.XSHG,4.645,1600.0,14000.0,,8.0,2020-09-07,2020-09,"纳指ETF
513100.XSHG"
2020-09-07 13:26:00,加仓,纳指ETF,513100.XSHG,4.505,1700.0,15700.0,,9.0,2020-09-07,2020-09,"纳指ETF
513100.XSHG"
2020-09-07 14:08:00,加仓,500ETF,510500.XSHG,7.18,1000.0,4000.0,,4.0,2020-09-07,2020-09,"500ETF
510500.XSHG"
2020-09-07 14:09:00,等级校准,500ETF,510500.XSHG,,,4000.0,,,2020-09-07,2020-09,"500ETF
510500.XSHG"
2020-09-08 13:06:00,加仓,创业板ETF易方达,159915.XSHE,2.526,3000.0,34200.0,,11.0,2020-09-08,2020-09,"创业板ETF易方达
159915.XSHE"
2020-09-08 14:40:00,止盈,纳指ETF,513100.XSHG,4.641,1700.0,14000.0,230.41,8.0,2020-09-08,2020-09,"纳指ETF
513100.XSHG"
2020-09-09 09:31:00,加仓,纳指ETF,513100.XSHG,4.393,1700.0,15700.0,,9.0,2020-09-09,2020-09,"纳指ETF
513100.XSHG"
2020-09-09 09:32:00,等级校准,纳指ETF,513100.XSHG,,,15700.0,,,2020-09-09,2020-09,"纳指ETF
513100.XSHG"
2020-09-09 10:28:00,加仓,创业板ETF易方达,159915.XSHE,2.447,3100.0,37300.0,,12.0,2020-09-09,2020-09,"创业板ETF易方达
159915.XSHE"
2020-09-09 10:29:00,等级校准,创业板ETF易方达,159915.XSHE,,,37300.0,,,2020-09-09,2020-09,"创业板ETF易方达
159915.XSHE"
2020-09-09 10:37:00,加仓,500ETF,510500.XSHG,6.963,1100.0,5100.0,,4.0,2020-09-09,2020-09,"500ETF
510500.XSHG"
2020-09-09 13:14:00,止盈,纳指ETF,513100.XSHG,4.53,1800.0,13900.0,245.78,8.0,2020-09-09,2020-09,"纳指ETF
513100.XSHG"
2020-09-10 09:33:00,止盈,纳指ETF,513100.XSHG,4.67,1700.0,12200.0,237.21,7.0,2020-09-10,2020-09,"纳指ETF
513100.XSHG"
2020-09-11 09:31:00,加仓,纳指ETF,513100.XSHG,4.501,1700.0,13900.0,,8.0,2020-09-11,2020-09,"纳指ETF
513100.XSHG"
2020-09-14 14:45:00,止盈,纳指ETF,513100.XSHG,4.651,1700.0,12200.0,254.21,7.0,2020-09-14,2020-09,"纳指ETF
513100.XSHG"
2020-09-15 13:35:00,止盈,纳指ETF,513100.XSHG,4.795,1700.0,10500.0,243.98,6.0,2020-09-15,2020-09,"纳指ETF
513100.XSHG"
2020-09-16 09:32:00,止盈,纳指ETF,513100.XSHG,4.958,1600.0,8900.0,260.01,5.0,2020-09-16,2020-09,"纳指ETF
513100.XSHG"
2020-09-16 14:52:00,加仓,纳指ETF,513100.XSHG,4.76,1600.0,10500.0,,6.0,2020-09-16,2020-09,"纳指ETF
513100.XSHG"
2020-09-17 14:56:00,加仓,纳指ETF,513100.XSHG,4.613,1600.0,12100.0,,7.0,2020-09-17,2020-09,"纳指ETF
513100.XSHG"
2020-09-18 14:58:00,止盈,纳指ETF,513100.XSHG,4.756,1700.0,10400.0,242.29,6.0,2020-09-18,2020-09,"纳指ETF
513100.XSHG"
2020-09-22 09:31:00,加仓,黄金ETF,518880.XSHG,3.978,1900.0,10400.0,,5.0,2020-09-22,2020-09,"黄金ETF
518880.XSHG"
2020-09-22 14:53:00,加仓,纳指ETF,513100.XSHG,4.613,1600.0,12000.0,,7.0,2020-09-22,2020-09,"纳指ETF
513100.XSHG"
2020-09-24 13:03:00,加仓,纳指ETF,513100.XSHG,4.468,1700.0,13700.0,,8.0,2020-09-24,2020-09,"纳指ETF
513100.XSHG"
2020-09-29 10:22:00,止盈,纳指ETF,513100.XSHG,4.605,1700.0,12000.0,232.12,7.0,2020-09-29,2020-09,"纳指ETF
513100.XSHG"
2020-10-09 09:31:00,止盈,创业板ETF易方达,159915.XSHE,2.539,3200.0,34100.0,293.59,11.0,2020-10-09,2020-10,"创业板ETF易方达
159915.XSHE"
2020-10-12 09:35:00,止盈,创业板ETF易方达,159915.XSHE,2.617,3100.0,31000.0,240.99,10.0,2020-10-12,2020-10,"创业板ETF易方达
159915.XSHE"
2020-10-12 13:11:00,止盈,500ETF,510500.XSHG,7.173,1100.0,4000.0,230.21,3.0,2020-10-12,2020-10,"500ETF
510500.XSHG"
2020-10-13 09:32:00,止盈,纳指ETF,513100.XSHG,4.745,1700.0,10300.0,237.19,6.0,2020-10-13,2020-10,"纳指ETF
513100.XSHG"
2020-10-13 14:42:00,止盈,创业板ETF易方达,159915.XSHE,2.696,3000.0,28000.0,236.19,9.0,2020-10-13,2020-10,"创业板ETF易方达
159915.XSHE"
2020-10-15 14:36:00,加仓,纳指ETF,513100.XSHG,4.602,1600.0,11900.0,,7.0,2020-10-15,2020-10,"纳指ETF
513100.XSHG"
2020-10-16 11:19:00,加仓,创业板ETF易方达,159915.XSHE,2.615,2900.0,30900.0,,10.0,2020-10-16,2020-10,"创业板ETF易方达
159915.XSHE"
2020-10-22 09:34:00,加仓,500ETF,510500.XSHG,6.955,1100.0,5100.0,,4.0,2020-10-22,2020-10,"500ETF
510500.XSHG"
2020-10-23 13:52:00,加仓,创业板ETF易方达,159915.XSHE,2.536,3000.0,33900.0,,11.0,2020-10-23,2020-10,"创业板ETF易方达
159915.XSHE"
2020-10-23 13:53:00,等级校准,创业板ETF易方达,159915.XSHE,,,33900.0,,,2020-10-23,2020-10,"创业板ETF易方达
159915.XSHE"
2020-10-23 14:18:00,加仓,纳指ETF,513100.XSHG,4.459,1700.0,13600.0,,8.0,2020-10-23,2020-10,"纳指ETF
513100.XSHG"
2020-10-29 09:31:00,加仓,纳指ETF,513100.XSHG,4.244,1700.0,15300.0,,9.0,2020-10-29,2020-10,"纳指ETF
513100.XSHG"
2020-10-29 09:32:00,等级校准,纳指ETF,513100.XSHG,,,15300.0,,,2020-10-29,2020-10,"纳指ETF
513100.XSHG"
2020-10-29 14:12:00,止盈,创业板ETF易方达,159915.XSHE,2.613,3100.0,30800.0,237.89,10.0,2020-10-29,2020-10,"创业板ETF易方达
159915.XSHE"
2020-10-30 14:10:00,加仓,500ETF,510500.XSHG,6.744,1100.0,6200.0,,5.0,2020-10-30,2020-10,"500ETF
510500.XSHG"
2020-11-03 14:03:00,止盈,纳指ETF,513100.XSHG,4.374,1800.0,13500.0,233.21,7.0,2020-11-03,2020-11,"纳指ETF
513100.XSHG"
2020-11-04 09:32:00,止盈,纳指ETF,513100.XSHG,4.532,1800.0,11700.0,283.58,6.0,2020-11-04,2020-11,"纳指ETF
513100.XSHG"
2020-11-04 13:40:00,止盈,纳指ETF,513100.XSHG,4.687,1700.0,10000.0,262.7,5.0,2020-11-04,2020-11,"纳指ETF
513100.XSHG"
2020-11-05 09:32:00,止盈,纳指ETF,513100.XSHG,4.847,1700.0,8300.0,271.18,5.0,2020-11-05,2020-11,"纳指ETF
513100.XSHG"
2020-11-05 09:46:00,止盈,500ETF,510500.XSHG,6.954,1100.0,5100.0,230.24,4.0,2020-11-05,2020-11,"500ETF
510500.XSHG"
2020-11-05 09:47:00,止盈,创业板ETF易方达,159915.XSHE,2.692,3000.0,27800.0,236.19,9.0,2020-11-05,2020-11,"创业板ETF易方达
159915.XSHE"
2020-11-05 10:26:00,加仓,纳指ETF,513100.XSHG,4.692,1600.0,9900.0,,6.0,2020-11-05,2020-11,"纳指ETF
513100.XSHG"
2020-11-05 10:27:00,等级校准,纳指ETF,513100.XSHG,,,9900.0,,,2020-11-05,2020-11,"纳指ETF
513100.XSHG"
2020-11-06 10:38:00,加仓,纳指ETF,513100.XSHG,4.545,1700.0,11600.0,,6.0,2020-11-06,2020-11,"纳指ETF
513100.XSHG"
2020-11-10 09:31:00,加仓,黄金ETF,518880.XSHG,3.853,2000.0,12400.0,,6.0,2020-11-10,2020-11,"黄金ETF
518880.XSHG"
2020-11-11 09:32:00,加仓,纳指ETF,513100.XSHG,4.404,1700.0,13300.0,,7.0,2020-11-11,2020-11,"纳指ETF
513100.XSHG"
2020-11-11 13:16:00,加仓,创业板ETF易方达,159915.XSHE,2.611,2900.0,30700.0,,10.0,2020-11-11,2020-11,"创业板ETF易方达
159915.XSHE"
2020-11-18 10:52:00,加仓,创业板ETF易方达,159915.XSHE,2.532,3000.0,33700.0,,11.0,2020-11-18,2020-11,"创业板ETF易方达
159915.XSHE"
2020-11-18 10:53:00,等级校准,创业板ETF易方达,159915.XSHE,,,33700.0,,,2020-11-18,2020-11,"创业板ETF易方达
159915.XSHE"
2020-11-19 09:31:00,加仓,纳指ETF,513100.XSHG,4.262,1800.0,15100.0,,8.0,2020-11-19,2020-11,"纳指ETF
513100.XSHG"
2020-11-23 13:08:00,止盈,500ETF,510500.XSHG,7.164,1100.0,4000.0,230.21,3.0,2020-11-23,2020-11,"500ETF
510500.XSHG"
2020-11-23 13:28:00,止盈,创业板ETF易方达,159915.XSHE,2.609,3100.0,30600.0,237.89,10.0,2020-11-23,2020-11,"创业板ETF易方达
159915.XSHE"
2020-11-25 09:31:00,加仓,黄金ETF,518880.XSHG,3.725,2000.0,14400.0,,7.0,2020-11-25,2020-11,"黄金ETF
518880.XSHG"
2020-11-25 09:32:00,等级校准,黄金ETF,518880.XSHG,,,14400.0,,,2020-11-25,2020-11,"黄金ETF
518880.XSHG"
2020-11-25 14:48:00,加仓,创业板ETF易方达,159915.XSHE,2.53,3000.0,33600.0,,11.0,2020-11-25,2020-11,"创业板ETF易方达
159915.XSHE"
2020-11-25 14:49:00,等级校准,创业板ETF易方达,159915.XSHE,,,33600.0,,,2020-11-25,2020-11,"创业板ETF易方达
159915.XSHE"
2020-11-26 10:55:00,加仓,500ETF,510500.XSHG,6.949,1100.0,5100.0,,4.0,2020-11-26,2020-11,"500ETF
510500.XSHG"
2020-11-30 11:00:00,加仓,黄金ETF,518880.XSHG,3.609,2100.0,16500.0,,7.0,2020-11-30,2020-11,"黄金ETF
518880.XSHG"
2020-12-01 14:37:00,止盈,创业板ETF易方达,159915.XSHE,2.606,3100.0,30500.0,234.79,10.0,2020-12-01,2020-12,"创业板ETF易方达
159915.XSHE"
2020-12-02 09:31:00,止盈,纳指ETF,513100.XSHG,4.416,1800.0,13300.0,276.41,7.0,2020-12-02,2020-12,"纳指ETF
513100.XSHG"
2020-12-03 09:31:00,止盈,黄金ETF,518880.XSHG,3.728,2200.0,14300.0,260.98,6.0,2020-12-03,2020-12,"黄金ETF
518880.XSHG"
2020-12-10 09:31:00,加仓,纳指ETF,513100.XSHG,4.204,1800.0,15100.0,,8.0,2020-12-10,2020-12,"纳指ETF
513100.XSHG"
2020-12-10 09:32:00,等级校准,纳指ETF,513100.XSHG,,,15100.0,,,2020-12-10,2020-12,"纳指ETF
513100.XSHG"
2020-12-17 11:19:00,止盈,创业板ETF易方达,159915.XSHE,2.686,3000.0,27500.0,239.19,9.0,2020-12-17,2020-12,"创业板ETF易方达
159915.XSHE"
2020-12-18 11:27:00,止盈,黄金ETF,518880.XSHG,3.84,2100.0,12200.0,234.39,6.0,2020-12-18,2020-12,"黄金ETF
518880.XSHG"
2020-12-21 10:54:00,止盈,纳指ETF,513100.XSHG,4.333,1900.0,13200.0,244.28,7.0,2020-12-21,2020-12,"纳指ETF
513100.XSHG"
2020-12-21 13:46:00,止盈,创业板ETF易方达,159915.XSHE,2.767,2900.0,24600.0,234.1,8.0,2020-12-21,2020-12,"创业板ETF易方达
159915.XSHE"
2020-12-31 09:56:00,止盈,创业板ETF易方达,159915.XSHE,2.851,2800.0,21800.0,234.4,7.0,2020-12-31,2020-12,"创业板ETF易方达
159915.XSHE"
2021-01-04 10:27:00,止盈,创业板ETF易方达,159915.XSHE,2.938,2800.0,19000.0,242.78,7.0,2021-01-04,2021-01,"创业板ETF易方达
159915.XSHE"
2021-01-04 13:00:00,止盈,500ETF,510500.XSHG,7.158,1100.0,4000.0,229.11,3.0,2021-01-04,2021-01,"500ETF
510500.XSHG"
2021-01-06 09:33:00,止盈,创业板ETF易方达,159915.XSHE,3.027,2700.0,16300.0,239.48,6.0,2021-01-06,2021-01,"创业板ETF易方达
159915.XSHE"
2021-01-11 09:31:00,加仓,黄金ETF,518880.XSHG,3.722,2000.0,14200.0,,7.0,2021-01-11,2021-01,"黄金ETF
518880.XSHG"
2021-01-11 09:32:00,等级校准,黄金ETF,518880.XSHG,,,14200.0,,,2021-01-11,2021-01,"黄金ETF
518880.XSHG"
2021-01-15 13:01:00,加仓,创业板ETF易方达,159915.XSHE,2.933,2600.0,18900.0,,7.0,2021-01-15,2021-01,"创业板ETF易方达
159915.XSHE"
2021-01-18 10:10:00,止盈,创业板ETF易方达,159915.XSHE,3.026,2700.0,16200.0,250.28,6.0,2021-01-18,2021-01,"创业板ETF易方达
159915.XSHE"
2021-01-21 09:36:00,止盈,创业板ETF易方达,159915.XSHE,3.122,2600.0,13600.0,248.79,5.0,2021-01-21,2021-01,"创业板ETF易方达
159915.XSHE"
2021-01-22 13:28:00,止盈,创业板ETF易方达,159915.XSHE,3.218,2500.0,11100.0,239.2,4.0,2021-01-22,2021-01,"创业板ETF易方达
159915.XSHE"
2021-01-25 09:35:00,止盈,纳指ETF,513100.XSHG,4.466,1800.0,11400.0,238.6,6.0,2021-01-25,2021-01,"纳指ETF
513100.XSHG"
2021-01-25 10:17:00,止盈,500ETF,510500.XSHG,7.378,1100.0,2900.0,241.19,2.0,2021-01-25,2021-01,"500ETF
510500.XSHG"
2021-01-27 09:48:00,加仓,创业板ETF易方达,159915.XSHE,3.121,2400.0,13500.0,,5.0,2021-01-27,2021-01,"创业板ETF易方达
159915.XSHE"
2021-01-28 11:12:00,加仓,500ETF,510500.XSHG,7.154,1000.0,3900.0,,3.0,2021-01-28,2021-01,"500ETF
510500.XSHG"
2021-01-28 14:55:00,加仓,纳指ETF,513100.XSHG,4.332,1700.0,13100.0,,7.0,2021-01-28,2021-01,"纳指ETF
513100.XSHG"
2021-01-29 13:38:00,加仓,创业板ETF易方达,159915.XSHE,3.027,2500.0,16000.0,,6.0,2021-01-29,2021-01,"创业板ETF易方达
159915.XSHE"
2021-01-29 14:31:00,加仓,500ETF,510500.XSHG,6.936,1100.0,5000.0,,4.0,2021-01-29,2021-01,"500ETF
510500.XSHG"
2021-02-02 14:54:00,止盈,创业板ETF易方达,159915.XSHE,3.119,2600.0,13400.0,238.39,5.0,2021-02-02,2021-02,"创业板ETF易方达
159915.XSHE"
2021-02-03 09:31:00,止盈,纳指ETF,513100.XSHG,4.515,1800.0,11300.0,328.59,6.0,2021-02-03,2021-02,"纳指ETF
513100.XSHG"
2021-02-03 11:21:00,止盈,500ETF,510500.XSHG,7.145,1100.0,3900.0,229.11,3.0,2021-02-03,2021-02,"500ETF
510500.XSHG"
2021-02-05 14:35:00,加仓,500ETF,510500.XSHG,6.93,1100.0,5000.0,,4.0,2021-02-05,2021-02,"500ETF
510500.XSHG"
2021-02-09 13:04:00,止盈,创业板ETF易方达,159915.XSHE,3.214,2500.0,10900.0,236.7,4.0,2021-02-09,2021-02,"创业板ETF易方达
159915.XSHE"
2021-02-09 13:13:00,止盈,500ETF,510500.XSHG,7.138,1100.0,3900.0,228.01,3.0,2021-02-09,2021-02,"500ETF
510500.XSHG"
2021-02-18 09:31:00,止盈,500ETF,510500.XSHG,7.361,1100.0,2800.0,244.49,2.0,2021-02-18,2021-02,"500ETF
510500.XSHG"
2021-02-18 09:31:00,止盈,创业板ETF易方达,159915.XSHE,3.354,2400.0,8500.0,335.2,3.0,2021-02-18,2021-02,"创业板ETF易方达
159915.XSHE"
2021-02-18 10:08:00,加仓,创业板ETF易方达,159915.XSHE,3.25,2300.0,10800.0,,4.0,2021-02-18,2021-02,"创业板ETF易方达
159915.XSHE"
2021-02-19 09:49:00,加仓,创业板ETF易方达,159915.XSHE,3.148,2400.0,13200.0,,5.0,2021-02-19,2021-02,"创业板ETF易方达
159915.XSHE"
2021-02-22 14:07:00,加仓,创业板ETF易方达,159915.XSHE,3.052,2500.0,15700.0,,6.0,2021-02-22,2021-02,"创业板ETF易方达
159915.XSHE"
2021-02-24 10:27:00,加仓,创业板ETF易方达,159915.XSHE,2.959,2600.0,18300.0,,7.0,2021-02-24,2021-02,"创业板ETF易方达
159915.XSHE"
2021-02-24 10:28:00,等级校准,创业板ETF易方达,159915.XSHE,,,18300.0,,,2021-02-24,2021-02,"创业板ETF易方达
159915.XSHE"
2021-02-24 10:52:00,加仓,纳指ETF,513100.XSHG,4.376,1700.0,13000.0,,7.0,2021-02-24,2021-02,"纳指ETF
513100.XSHG"
2021-02-25 14:44:00,加仓,创业板ETF易方达,159915.XSHE,2.87,2700.0,21000.0,,7.0,2021-02-25,2021-02,"创业板ETF易方达
159915.XSHE"
2021-02-26 09:31:00,加仓,500ETF,510500.XSHG,7.103,1000.0,3800.0,,3.0,2021-02-26,2021-02,"500ETF
510500.XSHG"
2021-02-26 13:31:00,加仓,纳指ETF,513100.XSHG,4.243,1800.0,14800.0,,8.0,2021-02-26,2021-02,"纳指ETF
513100.XSHG"
2021-02-26 13:49:00,加仓,黄金ETF,518880.XSHG,3.61,2100.0,16300.0,,7.0,2021-02-26,2021-02,"黄金ETF
518880.XSHG"
2021-03-02 09:31:00,止盈,纳指ETF,513100.XSHG,4.43,1800.0,13000.0,335.8,7.0,2021-03-02,2021-03,"纳指ETF
513100.XSHG"
2021-03-04 09:31:00,加仓,纳指ETF,513100.XSHG,4.258,1800.0,14800.0,,8.0,2021-03-04,2021-03,"纳指ETF
513100.XSHG"
2021-03-04 10:39:00,加仓,创业板ETF易方达,159915.XSHE,2.782,2700.0,23700.0,,8.0,2021-03-04,2021-03,"创业板ETF易方达
159915.XSHE"
2021-03-05 09:31:00,加仓,黄金ETF,518880.XSHG,3.466,2200.0,18500.0,,8.0,2021-03-05,2021-03,"黄金ETF
518880.XSHG"
2021-03-05 09:34:00,加仓,纳指ETF,513100.XSHG,4.13,1800.0,16600.0,,9.0,2021-03-05,2021-03,"纳指ETF
513100.XSHG"
2021-03-05 09:35:00,等级校准,纳指ETF,513100.XSHG,,,16600.0,,,2021-03-05,2021-03,"纳指ETF
513100.XSHG"
2021-03-08 13:09:00,加仓,创业板ETF易方达,159915.XSHE,2.697,2800.0,26500.0,,9.0,2021-03-08,2021-03,"创业板ETF易方达
159915.XSHE"
2021-03-09 09:33:00,加仓,创业板ETF易方达,159915.XSHE,2.605,2900.0,29400.0,,10.0,2021-03-09,2021-03,"创业板ETF易方达
159915.XSHE"
2021-03-09 09:34:00,加仓,500ETF,510500.XSHG,6.885,1100.0,4900.0,,4.0,2021-03-09,2021-03,"500ETF
510500.XSHG"
2021-03-09 09:34:00,等级校准,创业板ETF易方达,159915.XSHE,,,29400.0,,,2021-03-09,2021-03,"创业板ETF易方达
159915.XSHE"
2021-03-10 09:31:00,止盈,纳指ETF,513100.XSHG,4.272,1900.0,14700.0,268.99,8.0,2021-03-10,2021-03,"纳指ETF
513100.XSHG"
2021-03-11 10:32:00,止盈,黄金ETF,518880.XSHG,3.57,2300.0,16200.0,238.38,7.0,2021-03-11,2021-03,"黄金ETF
518880.XSHG"
2021-03-15 14:21:00,加仓,创业板ETF易方达,159915.XSHE,2.525,3000.0,32400.0,,10.0,2021-03-15,2021-03,"创业板ETF易方达
159915.XSHE"
2021-03-17 10:05:00,止盈,创业板ETF易方达,159915.XSHE,2.602,3100.0,29300.0,237.89,9.0,2021-03-17,2021-03,"创业板ETF易方达
159915.XSHE"
2021-03-18 09:31:00,止盈,纳指ETF,513100.XSHG,4.409,1800.0,12900.0,245.81,7.0,2021-03-18,2021-03,"纳指ETF
513100.XSHG"
2021-03-19 09:31:00,加仓,纳指ETF,513100.XSHG,4.272,1800.0,14700.0,,8.0,2021-03-19,2021-03,"纳指ETF
513100.XSHG"
2021-03-25 09:34:00,加仓,创业板ETF易方达,159915.XSHE,2.523,3000.0,32300.0,,10.0,2021-03-25,2021-03,"创业板ETF易方达
159915.XSHE"
2021-03-26 09:35:00,止盈,创业板ETF易方达,159915.XSHE,2.599,3100.0,29200.0,234.79,9.0,2021-03-26,2021-03,"创业板ETF易方达
159915.XSHE"
2021-03-30 10:31:00,止盈,创业板ETF易方达,159915.XSHE,2.678,3000.0,26200.0,236.2,9.0,2021-03-30,2021-03,"创业板ETF易方达
159915.XSHE"
2021-04-01 10:04:00,止盈,纳指ETF,513100.XSHG,4.401,1800.0,12900.0,231.41,7.0,2021-04-01,2021-04,"纳指ETF
513100.XSHG"
2021-04-02 10:38:00,止盈,创业板ETF易方达,159915.XSHE,2.759,2900.0,23300.0,234.1,8.0,2021-04-02,2021-04,"创业板ETF易方达
159915.XSHE"
2021-04-06 09:31:00,止盈,纳指ETF,513100.XSHG,4.556,1800.0,11100.0,278.18,6.0,2021-04-06,2021-04,"纳指ETF
513100.XSHG"
2021-04-12 10:16:00,加仓,创业板ETF易方达,159915.XSHE,2.676,2800.0,26100.0,,9.0,2021-04-12,2021-04,"创业板ETF易方达
159915.XSHE"
2021-04-19 10:00:00,止盈,500ETF,510500.XSHG,7.093,1100.0,3800.0,228.02,3.0,2021-04-19,2021-04,"500ETF
510500.XSHG"
2021-04-19 10:23:00,止盈,纳指ETF,513100.XSHG,4.693,1700.0,9400.0,232.1,5.0,2021-04-19,2021-04,"纳指ETF
513100.XSHG"
2021-04-19 10:32:00,止盈,创业板ETF易方达,159915.XSHE,2.758,2900.0,23200.0,237.0,8.0,2021-04-19,2021-04,"创业板ETF易方达
159915.XSHE"
2021-04-22 09:31:00,止盈,黄金ETF,518880.XSHG,3.686,2200.0,14000.0,254.39,6.0,2021-04-22,2021-04,"黄金ETF
518880.XSHG"
2021-04-22 11:13:00,止盈,创业板ETF易方达,159915.XSHE,2.842,2900.0,20300.0,242.78,7.0,2021-04-22,2021-04,"创业板ETF易方达
159915.XSHE"
2021-04-26 09:46:00,止盈,创业板ETF易方达,159915.XSHE,2.93,2800.0,17500.0,245.58,6.0,2021-04-26,2021-04,"创业板ETF易方达
159915.XSHE"
2021-05-06 09:31:00,加仓,纳指ETF,513100.XSHG,4.5,1700.0,11100.0,,6.0,2021-05-06,2021-05,"纳指ETF
513100.XSHG"
2021-05-07 13:54:00,加仓,创业板ETF易方达,159915.XSHE,2.842,2700.0,20200.0,,7.0,2021-05-07,2021-05,"创业板ETF易方达
159915.XSHE"
2021-05-13 09:31:00,加仓,纳指ETF,513100.XSHG,4.323,1700.0,12800.0,,7.0,2021-05-13,2021-05,"纳指ETF
513100.XSHG"
2021-05-14 13:23:00,止盈,创业板ETF易方达,159915.XSHE,2.928,2800.0,17400.0,239.98,6.0,2021-05-14,2021-05,"创业板ETF易方达
159915.XSHE"
2021-05-17 09:40:00,止盈,500ETF,510500.XSHG,7.312,1100.0,2700.0,240.1,2.0,2021-05-17,2021-05,"500ETF
510500.XSHG"
2021-05-17 10:10:00,止盈,创业板ETF易方达,159915.XSHE,3.016,2700.0,14700.0,236.79,5.0,2021-05-17,2021-05,"创业板ETF易方达
159915.XSHE"
2021-05-18 09:31:00,止盈,黄金ETF,518880.XSHG,3.808,2100.0,11900.0,255.4,5.0,2021-05-18,2021-05,"黄金ETF
518880.XSHG"
2021-05-18 14:46:00,止盈,纳指ETF,513100.XSHG,4.453,1800.0,11000.0,233.2,6.0,2021-05-18,2021-05,"纳指ETF
513100.XSHG"
2021-05-25 10:31:00,止盈,创业板ETF易方达,159915.XSHE,3.108,2600.0,12100.0,238.39,4.0,2021-05-25,2021-05,"创业板ETF易方达
159915.XSHE"
2021-06-04 09:48:00,加仓,黄金ETF,518880.XSHG,3.693,2100.0,14000.0,,6.0,2021-06-04,2021-06,"黄金ETF
518880.XSHG"
2021-06-10 13:01:00,止盈,500ETF,510500.XSHG,7.532,1000.0,1700.0,219.25,1.0,2021-06-10,2021-06,"500ETF
510500.XSHG"
2021-06-11 10:49:00,止盈,创业板ETF易方达,159915.XSHE,3.202,2500.0,9600.0,234.2,4.0,2021-06-11,2021-06,"创业板ETF易方达
159915.XSHE"
2021-06-15 09:31:00,止盈,纳指ETF,513100.XSHG,4.613,1700.0,9300.0,271.22,5.0,2021-06-15,2021-06,"纳指ETF
513100.XSHG"
2021-06-16 10:20:00,加仓,创业板ETF易方达,159915.XSHE,3.104,2400.0,12000.0,,5.0,2021-06-16,2021-06,"创业板ETF易方达
159915.XSHE"
2021-06-16 10:21:00,等级校准,创业板ETF易方达,159915.XSHE,,,12000.0,,,2021-06-16,2021-06,"创业板ETF易方达
159915.XSHE"
2021-06-23 10:09:00,止盈,创业板ETF易方达,159915.XSHE,3.198,2500.0,9500.0,234.2,3.0,2021-06-23,2021-06,"创业板ETF易方达
159915.XSHE"
2021-06-25 09:31:00,止盈,纳指ETF,513100.XSHG,4.761,1700.0,7600.0,250.79,4.0,2021-06-25,2021-06,"纳指ETF
513100.XSHG"
2021-06-28 09:57:00,止盈,创业板ETF易方达,159915.XSHE,3.296,2500.0,7000.0,244.18,2.0,2021-06-28,2021-06,"创业板ETF易方达
159915.XSHE"
2021-06-30 13:31:00,加仓,黄金ETF,518880.XSHG,3.582,2100.0,16100.0,,7.0,2021-06-30,2021-06,"黄金ETF
518880.XSHG"
2021-07-06 10:48:00,加仓,创业板ETF易方达,159915.XSHE,3.197,2400.0,9400.0,,3.0,2021-07-06,2021-07,"创业板ETF易方达
159915.XSHE"
2021-07-07 09:32:00,止盈,纳指ETF,513100.XSHG,4.908,1600.0,6000.0,234.41,3.0,2021-07-07,2021-07,"纳指ETF
513100.XSHG"
2021-07-07 13:02:00,止盈,创业板ETF易方达,159915.XSHE,3.293,2500.0,6900.0,239.18,2.0,2021-07-07,2021-07,"创业板ETF易方达
159915.XSHE"
2021-07-09 09:39:00,止盈,黄金ETF,518880.XSHG,3.69,2200.0,13900.0,236.79,6.0,2021-07-09,2021-07,"黄金ETF
518880.XSHG"
2021-07-12 10:09:00,止盈,创业板ETF易方达,159915.XSHE,3.396,2400.0,4500.0,246.38,1.0,2021-07-12,2021-07,"创业板ETF易方达
159915.XSHE"
2021-07-13 10:17:00,止盈,500ETF,510500.XSHG,7.759,1000.0,700.0,226.22,1.0,2021-07-13,2021-07,"500ETF
510500.XSHG"
2021-07-26 11:01:00,加仓,创业板ETF易方达,159915.XSHE,3.291,2300.0,6800.0,,2.0,2021-07-26,2021-07,"创业板ETF易方达
159915.XSHE"
2021-07-27 14:29:00,加仓,创业板ETF易方达,159915.XSHE,3.19,2400.0,9200.0,,3.0,2021-07-27,2021-07,"创业板ETF易方达
159915.XSHE"
2021-07-28 09:31:00,加仓,500ETF,510500.XSHG,7.518,1000.0,1700.0,,2.0,2021-07-28,2021-07,"500ETF
510500.XSHG"
2021-07-28 09:32:00,等级校准,500ETF,510500.XSHG,,,1700.0,,,2021-07-28,2021-07,"500ETF
510500.XSHG"
2021-07-28 09:43:00,加仓,创业板ETF易方达,159915.XSHE,3.078,2500.0,11700.0,,4.0,2021-07-28,2021-07,"创业板ETF易方达
159915.XSHE"
2021-07-28 10:24:00,止盈,创业板ETF易方达,159915.XSHE,3.172,2500.0,9200.0,234.21,3.0,2021-07-28,2021-07,"创业板ETF易方达
159915.XSHE"
2021-07-29 09:32:00,止盈,创业板ETF易方达,159915.XSHE,3.27,2500.0,6700.0,244.18,2.0,2021-07-29,2021-07,"创业板ETF易方达
159915.XSHE"
2021-07-30 11:11:00,止盈,创业板ETF易方达,159915.XSHE,3.369,2400.0,4300.0,236.79,1.0,2021-07-30,2021-07,"创业板ETF易方达
159915.XSHE"
2021-08-04 13:26:00,止盈,500ETF,510500.XSHG,7.744,1000.0,700.0,225.23,1.0,2021-08-04,2021-08,"500ETF
510500.XSHG"
2021-08-09 09:31:00,加仓,黄金ETF,518880.XSHG,3.555,2100.0,16000.0,,7.0,2021-08-09,2021-08,"黄金ETF
518880.XSHG"
2021-08-12 10:12:00,止盈（部分）,500ETF,510500.XSHG,7.979,700.0,0.0,163.94,0.0,2021-08-12,2021-08,"500ETF
510500.XSHG"
2021-08-12 10:12:00,清仓,500ETF,510500.XSHG,,,,,0.0,2021-08-12,2021-08,"500ETF
510500.XSHG"
2021-08-12 10:13:00,重装建仓,500ETF,510500.XSHG,7.976,10000.0,10000.0,,,2021-08-12,2021-08,"500ETF
510500.XSHG"
2021-08-12 10:14:00,底仓到账,500ETF,510500.XSHG,,,10000.0,,10.0,2021-08-12,2021-08,"500ETF
510500.XSHG"
2021-08-13 09:31:00,加仓,创业板ETF易方达,159915.XSHE,3.262,2300.0,6600.0,,2.0,2021-08-13,2021-08,"创业板ETF易方达
159915.XSHE"
2021-08-17 13:25:00,加仓,创业板ETF易方达,159915.XSHE,3.164,2400.0,9000.0,,3.0,2021-08-17,2021-08,"创业板ETF易方达
159915.XSHE"
2021-08-17 14:45:00,加仓,500ETF,510500.XSHG,7.73,1000.0,11000.0,,11.0,2021-08-17,2021-08,"500ETF
510500.XSHG"
2021-08-18 11:03:00,止盈,黄金ETF,518880.XSHG,3.662,2200.0,13800.0,234.59,6.0,2021-08-18,2021-08,"黄金ETF
518880.XSHG"
2021-08-20 13:48:00,加仓,创业板ETF易方达,159915.XSHE,3.068,2500.0,11500.0,,4.0,2021-08-20,2021-08,"创业板ETF易方达
159915.XSHE"
2021-08-23 10:28:00,止盈,创业板ETF易方达,159915.XSHE,3.163,2600.0,8900.0,246.18,3.0,2021-08-23,2021-08,"创业板ETF易方达
159915.XSHE"
2021-08-24 09:31:00,止盈,纳指ETF,513100.XSHG,5.107,1600.0,4400.0,317.58,2.0,2021-08-24,2021-08,"纳指ETF
513100.XSHG"
2021-08-24 11:04:00,止盈,500ETF,510500.XSHG,7.962,1000.0,10000.0,231.2,10.0,2021-08-24,2021-08,"500ETF
510500.XSHG"
2021-08-26 09:32:00,止盈,创业板ETF易方达,159915.XSHE,3.258,2500.0,6400.0,236.69,2.0,2021-08-26,2021-08,"创业板ETF易方达
159915.XSHE"
2021-08-27 09:31:00,加仓,创业板ETF易方达,159915.XSHE,3.158,2400.0,8800.0,,3.0,2021-08-27,2021-08,"创业板ETF易方达
159915.XSHE"
2021-09-01 09:38:00,加仓,创业板ETF易方达,159915.XSHE,3.063,2500.0,11300.0,,4.0,2021-09-01,2021-09,"创业板ETF易方达
159915.XSHE"
2021-09-02 11:21:00,止盈,500ETF,510500.XSHG,8.201,1000.0,9000.0,238.18,10.0,2021-09-02,2021-09,"500ETF
510500.XSHG"
2021-09-07 14:34:00,止盈,创业板ETF易方达,159915.XSHE,3.155,2600.0,8700.0,238.38,3.0,2021-09-07,2021-09,"创业板ETF易方达
159915.XSHE"
2021-09-08 09:47:00,止盈,500ETF,510500.XSHG,8.448,900.0,8100.0,221.54,9.0,2021-09-08,2021-09,"500ETF
510500.XSHG"
2021-09-16 10:15:00,加仓,创业板ETF易方达,159915.XSHE,3.057,2500.0,11200.0,,4.0,2021-09-16,2021-09,"创业板ETF易方达
159915.XSHE"
2021-09-17 13:16:00,加仓,500ETF,510500.XSHG,8.188,900.0,9000.0,,10.0,2021-09-17,2021-09,"500ETF
510500.XSHG"
2021-09-23 09:33:00,止盈,500ETF,510500.XSHG,8.441,900.0,8100.0,226.94,9.0,2021-09-23,2021-09,"500ETF
510500.XSHG"
2021-09-27 09:33:00,止盈,创业板ETF易方达,159915.XSHE,3.152,2600.0,8600.0,246.18,3.0,2021-09-27,2021-09,"创业板ETF易方达
159915.XSHE"
2021-09-27 09:46:00,加仓,500ETF,510500.XSHG,8.182,900.0,9000.0,,10.0,2021-09-27,2021-09,"500ETF
510500.XSHG"
2021-09-29 09:31:00,加仓,纳指ETF,513100.XSHG,4.899,1500.0,5900.0,,3.0,2021-09-29,2021-09,"纳指ETF
513100.XSHG"
2021-09-29 10:44:00,加仓,500ETF,510500.XSHG,7.934,900.0,9900.0,,11.0,2021-09-29,2021-09,"500ETF
510500.XSHG"
2021-09-29 10:45:00,等级校准,500ETF,510500.XSHG,,,9900.0,,,2021-09-29,2021-09,"500ETF
510500.XSHG"
2021-09-29 14:14:00,加仓,黄金ETF,518880.XSHG,3.552,2100.0,15900.0,,7.0,2021-09-29,2021-09,"黄金ETF
518880.XSHG"
2021-10-12 13:16:00,加仓,创业板ETF易方达,159915.XSHE,3.057,2500.0,11100.0,,4.0,2021-10-12,2021-10,"创业板ETF易方达
159915.XSHE"
2021-10-15 10:25:00,止盈,创业板ETF易方达,159915.XSHE,3.153,2600.0,8500.0,248.78,3.0,2021-10-15,2021-10,"创业板ETF易方达
159915.XSHE"
2021-10-20 09:31:00,止盈,纳指ETF,513100.XSHG,5.049,1600.0,4300.0,239.19,2.0,2021-10-20,2021-10,"纳指ETF
513100.XSHG"
2021-10-26 09:31:00,止盈,创业板ETF易方达,159915.XSHE,3.254,2500.0,6000.0,251.69,2.0,2021-10-26,2021-10,"创业板ETF易方达
159915.XSHE"
2021-10-29 09:59:00,加仓,创业板ETF易方达,159915.XSHE,3.156,2400.0,8400.0,,3.0,2021-10-29,2021-10,"创业板ETF易方达
159915.XSHE"
2021-11-01 09:32:00,止盈,纳指ETF,513100.XSHG,5.208,1500.0,2800.0,237.72,1.0,2021-11-01,2021-11,"纳指ETF
513100.XSHG"
2021-11-01 10:59:00,止盈,创业板ETF易方达,159915.XSHE,3.253,2500.0,5900.0,241.69,2.0,2021-11-01,2021-11,"创业板ETF易方达
159915.XSHE"
2021-11-05 09:31:00,止盈,纳指ETF,513100.XSHG,5.37,1500.0,1300.0,242.19,1.0,2021-11-05,2021-11,"纳指ETF
513100.XSHG"
2021-11-08 09:31:00,止盈,黄金ETF,518880.XSHG,3.671,2200.0,13700.0,260.99,6.0,2021-11-08,2021-11,"黄金ETF
518880.XSHG"
2021-11-22 10:01:00,止盈,创业板ETF易方达,159915.XSHE,3.351,2400.0,3500.0,234.4,1.0,2021-11-22,2021-11,"创业板ETF易方达
159915.XSHE"
2021-11-23 10:47:00,止盈,500ETF,510500.XSHG,8.173,1000.0,8900.0,238.18,9.0,2021-11-23,2021-11,"500ETF
510500.XSHG"
2021-12-03 09:43:00,加仓,纳指ETF,513100.XSHG,5.208,1400.0,2700.0,,2.0,2021-12-03,2021-12,"纳指ETF
513100.XSHG"
2021-12-03 09:44:00,等级校准,纳指ETF,513100.XSHG,,,2700.0,,,2021-12-03,2021-12,"纳指ETF
513100.XSHG"
2021-12-07 10:47:00,加仓,创业板ETF易方达,159915.XSHE,3.25,2300.0,5800.0,,2.0,2021-12-07,2021-12,"创业板ETF易方达
159915.XSHE"
2021-12-09 11:16:00,止盈,创业板ETF易方达,159915.XSHE,3.349,2400.0,3400.0,236.8,1.0,2021-12-09,2021-12,"创业板ETF易方达
159915.XSHE"
2021-12-15 09:31:00,加仓,黄金ETF,518880.XSHG,3.56,2100.0,15800.0,,7.0,2021-12-15,2021-12,"黄金ETF
518880.XSHG"
2021-12-20 13:46:00,加仓,创业板ETF易方达,159915.XSHE,3.248,2300.0,5700.0,,2.0,2021-12-20,2021-12,"创业板ETF易方达
159915.XSHE"
2021-12-28 09:31:00,止盈,纳指ETF,513100.XSHG,5.393,1500.0,1200.0,276.69,1.0,2021-12-28,2021-12,"纳指ETF
513100.XSHG"
2022-01-04 10:13:00,加仓,创业板ETF易方达,159915.XSHE,3.149,2400.0,8100.0,,3.0,2022-01-04,2022-01,"创业板ETF易方达
159915.XSHE"
2022-01-05 13:26:00,加仓,创业板ETF易方达,159915.XSHE,3.054,2500.0,10600.0,,4.0,2022-01-05,2022-01,"创业板ETF易方达
159915.XSHE"
2022-01-06 09:31:00,加仓,纳指ETF,513100.XSHG,5.153,1400.0,2600.0,,2.0,2022-01-06,2022-01,"纳指ETF
513100.XSHG"
2022-01-06 09:32:00,等级校准,纳指ETF,513100.XSHG,,,2600.0,,,2022-01-06,2022-01,"纳指ETF
513100.XSHG"
2022-01-10 09:44:00,加仓,创业板ETF易方达,159915.XSHE,2.962,2600.0,13200.0,,5.0,2022-01-10,2022-01,"创业板ETF易方达
159915.XSHE"
2022-01-10 09:45:00,等级校准,创业板ETF易方达,159915.XSHE,,,13200.0,,,2022-01-10,2022-01,"创业板ETF易方达
159915.XSHE"
2022-01-14 09:31:00,加仓,纳指ETF,513100.XSHG,1.01,1500.0,14500.0,,2.0,2022-01-14,2022-01,"纳指ETF
513100.XSHG"
2022-01-14 09:32:00,等级校准,纳指ETF,513100.XSHG,,,14500.0,,,2022-01-14,2022-01,"纳指ETF
513100.XSHG"
2022-01-17 09:42:00,止盈,创业板ETF易方达,159915.XSHE,3.052,2700.0,10500.0,242.18,4.0,2022-01-17,2022-01,"创业板ETF易方达
159915.XSHE"
2022-01-19 14:02:00,加仓,创业板ETF易方达,159915.XSHE,2.96,2600.0,13100.0,,5.0,2022-01-19,2022-01,"创业板ETF易方达
159915.XSHE"
2022-01-19 14:03:00,等级校准,创业板ETF易方达,159915.XSHE,,,13100.0,,,2022-01-19,2022-01,"创业板ETF易方达
159915.XSHE"
2022-01-20 09:31:00,止盈,黄金ETF,518880.XSHG,3.68,2200.0,13600.0,263.19,6.0,2022-01-20,2022-01,"黄金ETF
518880.XSHG"
2022-01-20 09:33:00,加仓,纳指ETF,513100.XSHG,0.979,7900.0,22400.0,,2.0,2022-01-20,2022-01,"纳指ETF
513100.XSHG"
2022-01-20 10:46:00,加仓,500ETF,510500.XSHG,7.925,900.0,9800.0,,10.0,2022-01-20,2022-01,"500ETF
510500.XSHG"
2022-01-20 10:47:00,等级校准,500ETF,510500.XSHG,,,9800.0,,,2022-01-20,2022-01,"500ETF
510500.XSHG"
2022-01-24 09:31:00,加仓,纳指ETF,513100.XSHG,0.948,8100.0,30500.0,,3.0,2022-01-24,2022-01,"纳指ETF
513100.XSHG"
2022-01-25 13:15:00,加仓,500ETF,510500.XSHG,7.687,1000.0,10800.0,,10.0,2022-01-25,2022-01,"500ETF
510500.XSHG"
2022-01-26 13:14:00,加仓,创业板ETF易方达,159915.XSHE,2.871,2700.0,15800.0,,5.0,2022-01-26,2022-01,"创业板ETF易方达
159915.XSHE"
2022-01-27 09:31:00,加仓,纳指ETF,513100.XSHG,0.913,8400.0,38900.0,,4.0,2022-01-27,2022-01,"纳指ETF
513100.XSHG"
2022-01-27 10:39:00,加仓,500ETF,510500.XSHG,7.452,1000.0,11800.0,,11.0,2022-01-27,2022-01,"500ETF
510500.XSHG"
2022-02-07 09:31:00,止盈,纳指ETF,513100.XSHG,0.949,8700.0,30200.0,312.37,3.0,2022-02-07,2022-02,"纳指ETF
513100.XSHG"
2022-02-08 09:38:00,加仓,创业板ETF易方达,159915.XSHE,2.784,2700.0,18500.0,,6.0,2022-02-08,2022-02,"创业板ETF易方达
159915.XSHE"
2022-02-08 11:21:00,加仓,创业板ETF易方达,159915.XSHE,2.7,2800.0,21300.0,,7.0,2022-02-08,2022-02,"创业板ETF易方达
159915.XSHE"
2022-02-09 13:19:00,止盈,500ETF,510500.XSHG,7.676,1000.0,10800.0,223.23,10.0,2022-02-09,2022-02,"500ETF
510500.XSHG"
2022-02-09 13:23:00,止盈,创业板ETF易方达,159915.XSHE,2.781,2900.0,18400.0,234.09,6.0,2022-02-09,2022-02,"创业板ETF易方达
159915.XSHE"
2022-02-10 09:31:00,止盈,纳指ETF,513100.XSHG,0.979,8400.0,21800.0,251.18,2.0,2022-02-10,2022-02,"纳指ETF
513100.XSHG"
2022-02-11 09:32:00,加仓,创业板ETF易方达,159915.XSHE,2.695,2800.0,21200.0,,7.0,2022-02-11,2022-02,"创业板ETF易方达
159915.XSHE"
2022-02-14 09:31:00,加仓,纳指ETF,513100.XSHG,0.931,8100.0,29900.0,,3.0,2022-02-14,2022-02,"纳指ETF
513100.XSHG"
2022-02-22 09:31:00,加仓,纳指ETF,513100.XSHG,0.903,8500.0,38400.0,,4.0,2022-02-22,2022-02,"纳指ETF
513100.XSHG"
2022-02-22 09:33:00,止盈,黄金ETF,518880.XSHG,3.791,2100.0,11500.0,232.3,5.0,2022-02-22,2022-02,"黄金ETF
518880.XSHG"
2022-02-24 09:31:00,加仓,纳指ETF,513100.XSHG,0.875,8800.0,47200.0,,5.0,2022-02-24,2022-02,"纳指ETF
513100.XSHG"
2022-02-25 10:02:00,止盈,创业板ETF易方达,159915.XSHE,2.776,2900.0,18300.0,234.09,6.0,2022-02-25,2022-02,"创业板ETF易方达
159915.XSHE"
2022-03-01 09:31:00,止盈,纳指ETF,513100.XSHG,0.914,9100.0,38100.0,354.07,4.0,2022-03-01,2022-03,"纳指ETF
513100.XSHG"
2022-03-04 09:31:00,加仓,创业板ETF易方达,159915.XSHE,2.678,2800.0,21100.0,,7.0,2022-03-04,2022-03,"创业板ETF易方达
159915.XSHE"
2022-03-07 09:31:00,加仓,纳指ETF,513100.XSHG,0.88,8700.0,46800.0,,5.0,2022-03-07,2022-03,"纳指ETF
513100.XSHG"
2022-03-07 09:31:00,止盈,黄金ETF,518880.XSHG,3.935,2100.0,9400.0,301.57,4.0,2022-03-07,2022-03,"黄金ETF
518880.XSHG"
2022-03-07 09:44:00,加仓,创业板ETF易方达,159915.XSHE,2.597,2900.0,24000.0,,8.0,2022-03-07,2022-03,"创业板ETF易方达
159915.XSHE"
2022-03-08 09:37:00,加仓,500ETF,510500.XSHG,7.434,1000.0,11800.0,,11.0,2022-03-08,2022-03,"500ETF
510500.XSHG"
2022-03-08 10:26:00,加仓,创业板ETF易方达,159915.XSHE,2.519,3000.0,27000.0,,9.0,2022-03-08,2022-03,"创业板ETF易方达
159915.XSHE"
2022-03-08 10:27:00,等级校准,创业板ETF易方达,159915.XSHE,,,27000.0,,,2022-03-08,2022-03,"创业板ETF易方达
159915.XSHE"
2022-03-08 11:23:00,加仓,500ETF,510500.XSHG,7.21,1000.0,12800.0,,12.0,2022-03-08,2022-03,"500ETF
510500.XSHG"
2022-03-08 11:24:00,等级校准,500ETF,510500.XSHG,,,12800.0,,,2022-03-08,2022-03,"500ETF
510500.XSHG"
2022-03-08 13:44:00,加仓,纳指ETF,513100.XSHG,0.853,9000.0,55800.0,,6.0,2022-03-08,2022-03,"纳指ETF
513100.XSHG"
2022-03-09 10:18:00,止盈,黄金ETF,518880.XSHG,4.054,2000.0,7400.0,237.19,3.0,2022-03-09,2022-03,"黄金ETF
518880.XSHG"
2022-03-09 13:25:00,加仓,创业板ETF易方达,159915.XSHE,2.443,3100.0,30100.0,,9.0,2022-03-09,2022-03,"创业板ETF易方达
159915.XSHE"
2022-03-09 13:33:00,加仓,500ETF,510500.XSHG,6.983,1100.0,13900.0,,12.0,2022-03-09,2022-03,"500ETF
510500.XSHG"
2022-03-10 09:31:00,止盈,纳指ETF,513100.XSHG,0.885,9300.0,46500.0,296.78,5.0,2022-03-10,2022-03,"纳指ETF
513100.XSHG"
2022-03-10 09:31:00,加仓,黄金ETF,518880.XSHG,3.895,1900.0,9300.0,,4.0,2022-03-10,2022-03,"黄金ETF
518880.XSHG"
2022-03-10 09:31:00,止盈,500ETF,510500.XSHG,7.194,1100.0,12800.0,231.31,11.0,2022-03-10,2022-03,"500ETF
510500.XSHG"
2022-03-10 09:31:00,止盈,创业板ETF易方达,159915.XSHE,2.547,3200.0,26900.0,331.98,8.0,2022-03-10,2022-03,"创业板ETF易方达
159915.XSHE"
2022-03-15 09:31:00,加仓,纳指ETF,513100.XSHG,0.853,9000.0,55500.0,,6.0,2022-03-15,2022-03,"纳指ETF
513100.XSHG"
2022-03-15 09:31:00,加仓,创业板ETF易方达,159915.XSHE,2.457,3100.0,30000.0,,9.0,2022-03-15,2022-03,"创业板ETF易方达
159915.XSHE"
2022-03-15 09:32:00,等级校准,纳指ETF,513100.XSHG,,,55500.0,,,2022-03-15,2022-03,"纳指ETF
513100.XSHG"
2022-03-15 09:32:00,加仓,500ETF,510500.XSHG,6.974,1100.0,13900.0,,12.0,2022-03-15,2022-03,"500ETF
510500.XSHG"
2022-03-15 10:36:00,止盈,创业板ETF易方达,159915.XSHE,2.531,3200.0,26800.0,235.99,8.0,2022-03-15,2022-03,"创业板ETF易方达
159915.XSHE"
2022-03-15 13:47:00,加仓,500ETF,510500.XSHG,6.725,1100.0,15000.0,,13.0,2022-03-15,2022-03,"500ETF
510500.XSHG"
2022-03-15 13:53:00,加仓,创业板ETF易方达,159915.XSHE,2.454,3100.0,29900.0,,9.0,2022-03-15,2022-03,"创业板ETF易方达
159915.XSHE"
2022-03-16 13:46:00,止盈,纳指ETF,513100.XSHG,0.879,9300.0,46200.0,240.98,5.0,2022-03-16,2022-03,"纳指ETF
513100.XSHG"
2022-03-16 13:47:00,止盈,创业板ETF易方达,159915.XSHE,2.528,3200.0,26700.0,235.99,8.0,2022-03-16,2022-03,"创业板ETF易方达
159915.XSHE"
2022-03-16 14:18:00,止盈,500ETF,510500.XSHG,6.931,1100.0,13900.0,225.84,12.0,2022-03-16,2022-03,"500ETF
510500.XSHG"
2022-03-17 09:32:00,止盈,纳指ETF,513100.XSHG,0.906,9100.0,37100.0,244.88,4.0,2022-03-17,2022-03,"纳指ETF
513100.XSHG"
2022-03-17 09:32:00,止盈,创业板ETF易方达,159915.XSHE,2.606,3100.0,23600.0,240.99,7.0,2022-03-17,2022-03,"创业板ETF易方达
159915.XSHE"
2022-03-17 13:15:00,止盈,500ETF,510500.XSHG,7.141,1100.0,12800.0,230.21,11.0,2022-03-17,2022-03,"500ETF
510500.XSHG"
2022-03-23 09:31:00,止盈,纳指ETF,513100.XSHG,0.953,8800.0,28300.0,412.76,3.0,2022-03-23,2022-03,"纳指ETF
513100.XSHG"
2022-03-28 09:33:00,加仓,创业板ETF易方达,159915.XSHE,2.526,3000.0,26600.0,,8.0,2022-03-28,2022-03,"创业板ETF易方达
159915.XSHE"
2022-03-30 09:31:00,止盈,纳指ETF,513100.XSHG,0.992,8300.0,20000.0,322.88,2.0,2022-03-30,2022-03,"纳指ETF
513100.XSHG"
2022-03-30 14:11:00,止盈,创业板ETF易方达,159915.XSHE,2.602,3100.0,23500.0,234.79,7.0,2022-03-30,2022-03,"创业板ETF易方达
159915.XSHE"
2022-04-07 09:31:00,加仓,纳指ETF,513100.XSHG,0.944,8000.0,28000.0,,3.0,2022-04-07,2022-04,"纳指ETF
513100.XSHG"
2022-04-07 10:06:00,加仓,创业板ETF易方达,159915.XSHE,2.521,3000.0,26500.0,,8.0,2022-04-07,2022-04,"创业板ETF易方达
159915.XSHE"
2022-04-08 10:02:00,加仓,500ETF,510500.XSHG,6.924,1100.0,13900.0,,12.0,2022-04-08,2022-04,"500ETF
510500.XSHG"
2022-04-11 09:32:00,加仓,创业板ETF易方达,159915.XSHE,2.444,3100.0,29600.0,,9.0,2022-04-11,2022-04,"创业板ETF易方达
159915.XSHE"
2022-04-12 09:31:00,加仓,纳指ETF,513100.XSHG,0.91,8400.0,36400.0,,4.0,2022-04-12,2022-04,"纳指ETF
513100.XSHG"
2022-04-12 13:00:00,加仓,500ETF,510500.XSHG,6.716,1100.0,15000.0,,13.0,2022-04-12,2022-04,"500ETF
510500.XSHG"
2022-04-14 10:45:00,加仓,创业板ETF易方达,159915.XSHE,2.37,3200.0,32800.0,,10.0,2022-04-14,2022-04,"创业板ETF易方达
159915.XSHE"
2022-04-14 10:46:00,等级校准,创业板ETF易方达,159915.XSHE,,,32800.0,,,2022-04-14,2022-04,"创业板ETF易方达
159915.XSHE"
2022-04-14 13:44:00,止盈,500ETF,510500.XSHG,6.918,1100.0,13900.0,221.44,12.0,2022-04-14,2022-04,"500ETF
510500.XSHG"
2022-04-20 13:55:00,加仓,创业板ETF易方达,159915.XSHE,2.297,3300.0,36100.0,,10.0,2022-04-20,2022-04,"创业板ETF易方达
159915.XSHE"
2022-04-20 14:06:00,加仓,500ETF,510500.XSHG,6.71,1100.0,15000.0,,13.0,2022-04-20,2022-04,"500ETF
510500.XSHG"
2022-04-21 14:13:00,加仓,500ETF,510500.XSHG,6.5,1100.0,16100.0,,14.0,2022-04-21,2022-04,"500ETF
510500.XSHG"
2022-04-21 14:14:00,等级校准,500ETF,510500.XSHG,,,16100.0,,,2022-04-21,2022-04,"500ETF
510500.XSHG"
2022-04-21 14:49:00,加仓,创业板ETF易方达,159915.XSHE,2.228,3400.0,39500.0,,11.0,2022-04-21,2022-04,"创业板ETF易方达
159915.XSHE"
2022-04-25 09:34:00,加仓,500ETF,510500.XSHG,6.3,1200.0,17300.0,,14.0,2022-04-25,2022-04,"500ETF
510500.XSHG"
2022-04-25 09:43:00,加仓,创业板ETF易方达,159915.XSHE,2.16,3500.0,43000.0,,12.0,2022-04-25,2022-04,"创业板ETF易方达
159915.XSHE"
2022-04-25 09:44:00,等级校准,创业板ETF易方达,159915.XSHE,,,43000.0,,,2022-04-25,2022-04,"创业板ETF易方达
159915.XSHE"
2022-04-25 14:11:00,加仓,500ETF,510500.XSHG,6.11,1200.0,18500.0,,15.0,2022-04-25,2022-04,"500ETF
510500.XSHG"
2022-04-25 14:12:00,等级校准,500ETF,510500.XSHG,,,18500.0,,,2022-04-25,2022-04,"500ETF
510500.XSHG"
2022-04-26 09:37:00,加仓,创业板ETF易方达,159915.XSHE,2.094,3700.0,46700.0,,12.0,2022-04-26,2022-04,"创业板ETF易方达
159915.XSHE"
2022-04-26 14:18:00,加仓,500ETF,510500.XSHG,5.923,1300.0,19800.0,,15.0,2022-04-26,2022-04,"500ETF
510500.XSHG"
2022-04-27 09:31:00,加仓,纳指ETF,513100.XSHG,0.875,8700.0,45100.0,,5.0,2022-04-27,2022-04,"纳指ETF
513100.XSHG"
2022-04-27 09:32:00,等级校准,纳指ETF,513100.XSHG,,,45100.0,,,2022-04-27,2022-04,"纳指ETF
513100.XSHG"
2022-04-27 13:29:00,止盈,创业板ETF易方达,159915.XSHE,2.157,3800.0,42900.0,238.58,11.0,2022-04-27,2022-04,"创业板ETF易方达
159915.XSHE"
2022-04-27 14:50:00,止盈,500ETF,510500.XSHG,6.102,1300.0,18500.0,231.91,14.0,2022-04-27,2022-04,"500ETF
510500.XSHG"
2022-04-29 09:31:00,止盈,纳指ETF,513100.XSHG,0.903,9100.0,36000.0,253.98,4.0,2022-04-29,2022-04,"纳指ETF
513100.XSHG"
2022-04-29 13:05:00,止盈,500ETF,510500.XSHG,6.294,1300.0,17200.0,248.78,14.0,2022-04-29,2022-04,"500ETF
510500.XSHG"
2022-04-29 13:11:00,止盈,创业板ETF易方达,159915.XSHE,2.233,3700.0,39200.0,280.37,11.0,2022-04-29,2022-04,"创业板ETF易方达
159915.XSHE"
2022-05-06 09:31:00,加仓,纳指ETF,513100.XSHG,0.872,8800.0,44800.0,,5.0,2022-05-06,2022-05,"纳指ETF
513100.XSHG"
2022-05-06 09:31:00,加仓,创业板ETF易方达,159915.XSHE,2.157,3500.0,42700.0,,12.0,2022-05-06,2022-05,"创业板ETF易方达
159915.XSHE"
2022-05-06 09:32:00,等级校准,纳指ETF,513100.XSHG,,,44800.0,,,2022-05-06,2022-05,"纳指ETF
513100.XSHG"
2022-05-06 09:32:00,等级校准,创业板ETF易方达,159915.XSHE,,,42700.0,,,2022-05-06,2022-05,"创业板ETF易方达
159915.XSHE"
2022-05-10 09:31:00,加仓,纳指ETF,513100.XSHG,0.84,9100.0,53900.0,,5.0,2022-05-10,2022-05,"纳指ETF
513100.XSHG"
2022-05-11 09:36:00,止盈,创业板ETF易方达,159915.XSHE,2.222,3700.0,39000.0,239.68,10.0,2022-05-11,2022-05,"创业板ETF易方达
159915.XSHE"
2022-05-11 09:51:00,止盈,500ETF,510500.XSHG,6.485,1200.0,16000.0,228.42,13.0,2022-05-11,2022-05,"500ETF
510500.XSHG"
2022-05-11 11:17:00,止盈,创业板ETF易方达,159915.XSHE,2.289,3600.0,35400.0,240.38,10.0,2022-05-11,2022-05,"创业板ETF易方达
159915.XSHE"
2022-05-18 09:31:00,止盈,纳指ETF,513100.XSHG,0.866,9500.0,44400.0,246.18,4.0,2022-05-18,2022-05,"纳指ETF
513100.XSHG"
2022-05-19 09:31:00,加仓,纳指ETF,513100.XSHG,0.825,9200.0,53600.0,,5.0,2022-05-19,2022-05,"纳指ETF
513100.XSHG"
2022-05-20 14:49:00,止盈,500ETF,510500.XSHG,6.682,1200.0,14800.0,235.6,13.0,2022-05-20,2022-05,"500ETF
510500.XSHG"
2022-05-25 09:43:00,加仓,500ETF,510500.XSHG,6.479,1100.0,15900.0,,14.0,2022-05-25,2022-05,"500ETF
510500.XSHG"
2022-05-25 09:44:00,等级校准,500ETF,510500.XSHG,,,15900.0,,,2022-05-25,2022-05,"500ETF
510500.XSHG"
2022-05-26 09:51:00,加仓,创业板ETF易方达,159915.XSHE,2.22,3400.0,38800.0,,11.0,2022-05-26,2022-05,"创业板ETF易方达
159915.XSHE"
2022-05-26 09:52:00,等级校准,创业板ETF易方达,159915.XSHE,,,38800.0,,,2022-05-26,2022-05,"创业板ETF易方达
159915.XSHE"
2022-05-26 13:02:00,止盈,500ETF,510500.XSHG,6.678,1200.0,14700.0,238.0,13.0,2022-05-26,2022-05,"500ETF
510500.XSHG"
2022-05-27 09:37:00,止盈,创业板ETF易方达,159915.XSHE,2.29,3600.0,35200.0,251.18,10.0,2022-05-27,2022-05,"创业板ETF易方达
159915.XSHE"
2022-05-30 09:31:00,止盈,纳指ETF,513100.XSHG,0.878,9600.0,44000.0,507.96,4.0,2022-05-30,2022-05,"纳指ETF
513100.XSHG"
2022-06-01 10:41:00,止盈,创业板ETF易方达,159915.XSHE,2.359,3400.0,31800.0,233.8,9.0,2022-06-01,2022-06,"创业板ETF易方达
159915.XSHE"
2022-06-02 14:08:00,止盈,500ETF,510500.XSHG,6.879,1100.0,13600.0,220.34,12.0,2022-06-02,2022-06,"500ETF
510500.XSHG"
2022-06-06 09:53:00,止盈,创业板ETF易方达,159915.XSHE,2.431,3300.0,28500.0,236.8,8.0,2022-06-06,2022-06,"创业板ETF易方达
159915.XSHE"
2022-06-10 09:31:00,加仓,纳指ETF,513100.XSHG,0.841,9100.0,53100.0,,5.0,2022-06-10,2022-06,"纳指ETF
513100.XSHG"
2022-06-10 14:45:00,止盈,500ETF,510500.XSHG,7.086,1100.0,12500.0,226.92,11.0,2022-06-10,2022-06,"500ETF
510500.XSHG"
2022-06-13 09:32:00,加仓,纳指ETF,513100.XSHG,0.815,9500.0,62600.0,,6.0,2022-06-13,2022-06,"纳指ETF
513100.XSHG"
2022-06-14 09:31:00,加仓,纳指ETF,513100.XSHG,0.788,9800.0,72400.0,,7.0,2022-06-14,2022-06,"纳指ETF
513100.XSHG"
2022-06-15 09:33:00,止盈,创业板ETF易方达,159915.XSHE,2.505,3200.0,25300.0,236.0,8.0,2022-06-15,2022-06,"创业板ETF易方达
159915.XSHE"
2022-06-16 09:31:00,止盈,纳指ETF,513100.XSHG,0.817,10100.0,62300.0,292.07,6.0,2022-06-16,2022-06,"纳指ETF
513100.XSHG"
2022-06-17 09:31:00,加仓,纳指ETF,513100.XSHG,0.778,9700.0,72000.0,,7.0,2022-06-17,2022-06,"纳指ETF
513100.XSHG"
2022-06-17 14:31:00,止盈,创业板ETF易方达,159915.XSHE,2.582,3100.0,22200.0,237.9,7.0,2022-06-17,2022-06,"创业板ETF易方达
159915.XSHE"
2022-06-20 11:20:00,止盈,创业板ETF易方达,159915.XSHE,2.66,3000.0,19200.0,233.2,6.0,2022-06-20,2022-06,"创业板ETF易方达
159915.XSHE"
2022-06-21 10:02:00,止盈,纳指ETF,513100.XSHG,0.802,10200.0,61800.0,243.98,6.0,2022-06-21,2022-06,"纳指ETF
513100.XSHG"
2022-06-24 13:45:00,止盈,纳指ETF,513100.XSHG,0.827,9900.0,51900.0,246.68,5.0,2022-06-24,2022-06,"纳指ETF
513100.XSHG"
2022-06-27 09:31:00,止盈,创业板ETF易方达,159915.XSHE,2.752,3000.0,16200.0,275.17,5.0,2022-06-27,2022-06,"创业板ETF易方达
159915.XSHE"
2022-06-27 09:38:00,止盈,500ETF,510500.XSHG,7.309,1100.0,11400.0,244.5,11.0,2022-06-27,2022-06,"500ETF
510500.XSHG"
2022-06-30 14:27:00,加仓,纳指ETF,513100.XSHG,0.802,9600.0,61500.0,,6.0,2022-06-30,2022-06,"纳指ETF
513100.XSHG"
2022-07-04 09:35:00,加仓,创业板ETF易方达,159915.XSHE,2.668,2900.0,19100.0,,6.0,2022-07-04,2022-07,"创业板ETF易方达
159915.XSHE"
2022-07-04 14:55:00,止盈,创业板ETF易方达,159915.XSHE,2.749,2900.0,16200.0,234.1,5.0,2022-07-04,2022-07,"创业板ETF易方达
159915.XSHE"
2022-07-06 09:31:00,加仓,黄金ETF,518880.XSHG,3.73,2000.0,11300.0,,5.0,2022-07-06,2022-07,"黄金ETF
518880.XSHG"
2022-07-07 13:10:00,止盈,纳指ETF,513100.XSHG,0.827,9900.0,51600.0,246.68,5.0,2022-07-07,2022-07,"纳指ETF
513100.XSHG"
2022-07-11 13:24:00,加仓,创业板ETF易方达,159915.XSHE,2.666,2900.0,19100.0,,6.0,2022-07-11,2022-07,"创业板ETF易方达
159915.XSHE"
2022-07-13 10:26:00,加仓,500ETF,510500.XSHG,7.089,1000.0,12400.0,,12.0,2022-07-13,2022-07,"500ETF
510500.XSHG"
2022-07-13 10:27:00,等级校准,500ETF,510500.XSHG,,,12400.0,,,2022-07-13,2022-07,"500ETF
510500.XSHG"
2022-07-14 11:11:00,止盈,创业板ETF易方达,159915.XSHE,2.746,3000.0,16100.0,239.18,5.0,2022-07-14,2022-07,"创业板ETF易方达
159915.XSHE"
2022-07-15 14:44:00,加仓,黄金ETF,518880.XSHG,3.618,2100.0,13400.0,,6.0,2022-07-15,2022-07,"黄金ETF
518880.XSHG"
2022-07-18 09:40:00,加仓,创业板ETF易方达,159915.XSHE,2.661,2900.0,19000.0,,6.0,2022-07-18,2022-07,"创业板ETF易方达
159915.XSHE"
2022-07-20 09:31:00,止盈,纳指ETF,513100.XSHG,0.852,9600.0,42000.0,239.18,4.0,2022-07-20,2022-07,"纳指ETF
513100.XSHG"
2022-07-20 09:42:00,止盈,500ETF,510500.XSHG,7.304,1100.0,11300.0,235.7,11.0,2022-07-20,2022-07,"500ETF
510500.XSHG"
2022-07-29 09:31:00,止盈,纳指ETF,513100.XSHG,0.884,9300.0,32700.0,296.78,3.0,2022-07-29,2022-07,"纳指ETF
513100.XSHG"
2022-07-29 10:11:00,止盈,黄金ETF,518880.XSHG,3.727,2200.0,11200.0,238.98,5.0,2022-07-29,2022-07,"黄金ETF
518880.XSHG"
2022-08-01 09:31:00,加仓,创业板ETF易方达,159915.XSHE,2.579,3000.0,22000.0,,7.0,2022-08-01,2022-08,"创业板ETF易方达
159915.XSHE"
2022-08-02 09:40:00,加仓,500ETF,510500.XSHG,7.081,1000.0,12300.0,,12.0,2022-08-02,2022-08,"500ETF
510500.XSHG"
2022-08-02 09:41:00,等级校准,500ETF,510500.XSHG,,,12300.0,,,2022-08-02,2022-08,"500ETF
510500.XSHG"
2022-08-04 13:29:00,止盈,纳指ETF,513100.XSHG,0.911,9000.0,23700.0,242.18,2.0,2022-08-04,2022-08,"纳指ETF
513100.XSHG"
2022-08-11 10:54:00,止盈,500ETF,510500.XSHG,7.295,1100.0,11200.0,234.6,11.0,2022-08-11,2022-08,"500ETF
510500.XSHG"
2022-08-16 09:31:00,止盈,纳指ETF,513100.XSHG,0.941,8700.0,15000.0,260.18,1.0,2022-08-16,2022-08,"纳指ETF
513100.XSHG"
2022-08-16 09:46:00,止盈,创业板ETF易方达,159915.XSHE,2.657,3100.0,18900.0,240.98,6.0,2022-08-16,2022-08,"创业板ETF易方达
159915.XSHE"
2022-08-22 14:37:00,加仓,纳指ETF,513100.XSHG,0.912,8500.0,23500.0,,2.0,2022-08-22,2022-08,"纳指ETF
513100.XSHG"
2022-08-25 10:06:00,加仓,创业板ETF易方达,159915.XSHE,2.577,3000.0,21900.0,,7.0,2022-08-25,2022-08,"创业板ETF易方达
159915.XSHE"
2022-08-29 09:31:00,加仓,纳指ETF,513100.XSHG,0.871,8700.0,32200.0,,3.0,2022-08-29,2022-08,"纳指ETF
513100.XSHG"
2022-08-29 09:31:00,加仓,500ETF,510500.XSHG,6.215,1000.0,13828.0,,12.0,2022-08-29,2022-08,"500ETF
510500.XSHG"
2022-08-29 09:32:00,等级校准,500ETF,510500.XSHG,,,13828.0,,,2022-08-29,2022-08,"500ETF
510500.XSHG"
2022-08-31 10:11:00,加仓,创业板ETF易方达,159915.XSHE,2.498,3100.0,25000.0,,8.0,2022-08-31,2022-08,"创业板ETF易方达
159915.XSHE"
2022-08-31 10:12:00,等级校准,创业板ETF易方达,159915.XSHE,,,25000.0,,,2022-08-31,2022-08,"创业板ETF易方达
159915.XSHE"
2022-09-06 10:12:00,加仓,创业板ETF易方达,159915.XSHE,2.423,3200.0,28200.0,,8.0,2022-09-06,2022-09,"创业板ETF易方达
159915.XSHE"
2022-09-07 10:27:00,止盈,创业板ETF易方达,159915.XSHE,2.496,3300.0,24900.0,240.08,7.0,2022-09-07,2022-09,"创业板ETF易方达
159915.XSHE"
2022-09-13 14:09:00,止盈,纳指ETF,513100.XSHG,0.898,9100.0,23100.0,244.88,2.0,2022-09-13,2022-09,"纳指ETF
513100.XSHG"
2022-09-14 09:31:00,加仓,纳指ETF,513100.XSHG,0.854,8900.0,32000.0,,3.0,2022-09-14,2022-09,"纳指ETF
513100.XSHG"
2022-09-14 13:15:00,加仓,创业板ETF易方达,159915.XSHE,2.421,3200.0,28100.0,,8.0,2022-09-14,2022-09,"创业板ETF易方达
159915.XSHE"
2022-09-15 13:43:00,加仓,创业板ETF易方达,159915.XSHE,2.348,3300.0,31400.0,,9.0,2022-09-15,2022-09,"创业板ETF易方达
159915.XSHE"
2022-09-16 13:25:00,加仓,500ETF,510500.XSHG,6.027,1200.0,15028.0,,12.0,2022-09-16,2022-09,"500ETF
510500.XSHG"
2022-09-16 13:26:00,等级校准,500ETF,510500.XSHG,,,15028.0,,,2022-09-16,2022-09,"500ETF
510500.XSHG"
2022-09-19 13:50:00,加仓,创业板ETF易方达,159915.XSHE,2.277,3400.0,34800.0,,10.0,2022-09-19,2022-09,"创业板ETF易方达
159915.XSHE"
2022-09-19 13:51:00,等级校准,创业板ETF易方达,159915.XSHE,,,34800.0,,,2022-09-19,2022-09,"创业板ETF易方达
159915.XSHE"
2022-09-22 09:39:00,加仓,纳指ETF,513100.XSHG,0.828,9300.0,41300.0,,4.0,2022-09-22,2022-09,"纳指ETF
513100.XSHG"
2022-09-23 11:21:00,加仓,500ETF,510500.XSHG,5.846,1300.0,16328.0,,12.0,2022-09-23,2022-09,"500ETF
510500.XSHG"
2022-10-10 09:31:00,加仓,纳指ETF,513100.XSHG,0.799,9600.0,50900.0,,5.0,2022-10-10,2022-10,"纳指ETF
513100.XSHG"
2022-10-10 09:34:00,加仓,创业板ETF易方达,159915.XSHE,2.207,3500.0,38300.0,,10.0,2022-10-10,2022-10,"创业板ETF易方达
159915.XSHE"
2022-10-10 14:19:00,加仓,500ETF,510500.XSHG,5.67,1300.0,17628.0,,13.0,2022-10-10,2022-10,"500ETF
510500.XSHG"
2022-10-10 14:20:00,等级校准,500ETF,510500.XSHG,,,17628.0,,,2022-10-10,2022-10,"500ETF
510500.XSHG"
2022-10-12 14:56:00,止盈,创业板ETF易方达,159915.XSHE,2.274,3600.0,34700.0,240.38,9.0,2022-10-12,2022-10,"创业板ETF易方达
159915.XSHE"
2022-10-13 11:22:00,止盈,500ETF,510500.XSHG,5.844,1400.0,16228.0,242.78,12.0,2022-10-13,2022-10,"500ETF
510500.XSHG"
2022-10-14 11:07:00,止盈,创业板ETF易方达,159915.XSHE,2.344,3500.0,31200.0,244.18,9.0,2022-10-14,2022-10,"创业板ETF易方达
159915.XSHE"
2022-10-17 13:53:00,止盈,500ETF,510500.XSHG,6.022,1300.0,14928.0,230.62,11.0,2022-10-17,2022-10,"500ETF
510500.XSHG"
2022-10-18 13:02:00,止盈,纳指ETF,513100.XSHG,0.825,10000.0,40900.0,259.18,4.0,2022-10-18,2022-10,"纳指ETF
513100.XSHG"
2022-10-24 13:53:00,加仓,创业板ETF易方达,159915.XSHE,2.271,3400.0,34600.0,,10.0,2022-10-24,2022-10,"创业板ETF易方达
159915.XSHE"
2022-10-24 13:54:00,等级校准,创业板ETF易方达,159915.XSHE,,,34600.0,,,2022-10-24,2022-10,"创业板ETF易方达
159915.XSHE"
2022-10-25 09:37:00,加仓,500ETF,510500.XSHG,5.839,1300.0,16228.0,,12.0,2022-10-25,2022-10,"500ETF
510500.XSHG"
2022-10-26 10:50:00,止盈,500ETF,510500.XSHG,6.015,1300.0,14928.0,228.02,11.0,2022-10-26,2022-10,"500ETF
510500.XSHG"
2022-10-28 13:45:00,加仓,500ETF,510500.XSHG,5.834,1300.0,16228.0,,12.0,2022-10-28,2022-10,"500ETF
510500.XSHG"
2022-10-28 13:45:00,加仓,创业板ETF易方达,159915.XSHE,2.202,3500.0,38100.0,,10.0,2022-10-28,2022-10,"创业板ETF易方达
159915.XSHE"
2022-11-01 09:32:00,止盈,纳指ETF,513100.XSHG,0.85,9600.0,31300.0,239.18,3.0,2022-11-01,2022-11,"纳指ETF
513100.XSHG"
2022-11-01 14:51:00,止盈,创业板ETF易方达,159915.XSHE,2.269,3600.0,34500.0,240.38,9.0,2022-11-01,2022-11,"创业板ETF易方达
159915.XSHE"
2022-11-02 13:02:00,止盈,500ETF,510500.XSHG,6.01,1300.0,14928.0,228.02,11.0,2022-11-02,2022-11,"500ETF
510500.XSHG"
2022-11-03 09:31:00,加仓,纳指ETF,513100.XSHG,0.812,9400.0,40700.0,,4.0,2022-11-03,2022-11,"纳指ETF
513100.XSHG"
2022-11-04 09:55:00,止盈,创业板ETF易方达,159915.XSHE,2.34,3500.0,31000.0,247.68,9.0,2022-11-04,2022-11,"创业板ETF易方达
159915.XSHE"
2022-11-08 09:57:00,止盈,黄金ETF,518880.XSHG,3.839,2100.0,9100.0,234.39,4.0,2022-11-08,2022-11,"黄金ETF
518880.XSHG"
2022-11-09 10:30:00,止盈,500ETF,510500.XSHG,6.192,1300.0,13628.0,235.8,11.0,2022-11-09,2022-11,"500ETF
510500.XSHG"
2022-11-09 14:51:00,止盈,黄金ETF,518880.XSHG,3.957,2000.0,7100.0,235.21,3.0,2022-11-09,2022-11,"黄金ETF
518880.XSHG"
2022-11-11 09:31:00,止盈,纳指ETF,513100.XSHG,0.856,9800.0,30900.0,430.36,3.0,2022-11-11,2022-11,"纳指ETF
513100.XSHG"
2022-11-22 14:12:00,加仓,创业板ETF易方达,159915.XSHE,2.269,3400.0,34400.0,,10.0,2022-11-22,2022-11,"创业板ETF易方达
159915.XSHE"
2022-11-22 14:13:00,等级校准,创业板ETF易方达,159915.XSHE,,,34400.0,,,2022-11-22,2022-11,"创业板ETF易方达
159915.XSHE"
2022-11-28 09:42:00,加仓,500ETF,510500.XSHG,5.999,1200.0,14828.0,,12.0,2022-11-28,2022-11,"500ETF
510500.XSHG"
2022-11-28 09:43:00,等级校准,500ETF,510500.XSHG,,,14828.0,,,2022-11-28,2022-11,"500ETF
510500.XSHG"
2022-11-28 09:47:00,加仓,创业板ETF易方达,159915.XSHE,2.199,3500.0,37900.0,,10.0,2022-11-28,2022-11,"创业板ETF易方达
159915.XSHE"
2022-11-29 13:01:00,止盈,创业板ETF易方达,159915.XSHE,2.267,3600.0,34300.0,243.98,9.0,2022-11-29,2022-11,"创业板ETF易方达
159915.XSHE"
2022-11-29 13:02:00,止盈,500ETF,510500.XSHG,6.184,1300.0,13528.0,239.7,11.0,2022-11-29,2022-11,"500ETF
510500.XSHG"
2022-12-02 10:09:00,止盈,创业板ETF易方达,159915.XSHE,2.336,3500.0,30800.0,240.68,9.0,2022-12-02,2022-12,"创业板ETF易方达
159915.XSHE"
2022-12-07 09:31:00,加仓,纳指ETF,513100.XSHG,0.83,9300.0,40200.0,,4.0,2022-12-07,2022-12,"纳指ETF
513100.XSHG"
2022-12-19 13:13:00,加仓,500ETF,510500.XSHG,5.996,1200.0,14728.0,,12.0,2022-12-19,2022-12,"500ETF
510500.XSHG"
2022-12-19 13:14:00,等级校准,500ETF,510500.XSHG,,,14728.0,,,2022-12-19,2022-12,"500ETF
510500.XSHG"
2022-12-20 09:32:00,加仓,创业板ETF易方达,159915.XSHE,2.264,3400.0,34200.0,,10.0,2022-12-20,2022-12,"创业板ETF易方达
159915.XSHE"
2022-12-20 09:33:00,等级校准,创业板ETF易方达,159915.XSHE,,,34200.0,,,2022-12-20,2022-12,"创业板ETF易方达
159915.XSHE"
2022-12-20 11:06:00,加仓,纳指ETF,513100.XSHG,0.805,9600.0,49800.0,,5.0,2022-12-20,2022-12,"纳指ETF
513100.XSHG"
2022-12-22 14:06:00,加仓,500ETF,510500.XSHG,5.814,1300.0,16028.0,,12.0,2022-12-22,2022-12,"500ETF
510500.XSHG"
2023-01-05 09:42:00,止盈,500ETF,510500.XSHG,5.991,1300.0,14728.0,229.32,11.0,2023-01-05,2023-01,"500ETF
510500.XSHG"
2023-01-05 14:35:00,止盈,创业板ETF易方达,159915.XSHE,2.332,3500.0,30700.0,237.18,9.0,2023-01-05,2023-01,"创业板ETF易方达
159915.XSHE"
2023-01-10 13:42:00,止盈,创业板ETF易方达,159915.XSHE,2.402,3400.0,27300.0,237.18,8.0,2023-01-10,2023-01,"创业板ETF易方达
159915.XSHE"
2023-01-16 10:39:00,止盈,500ETF,510500.XSHG,6.172,1300.0,13428.0,234.5,11.0,2023-01-16,2023-01,"500ETF
510500.XSHG"
2023-01-16 10:44:00,止盈,创业板ETF易方达,159915.XSHE,2.475,3300.0,24000.0,240.08,7.0,2023-01-16,2023-01,"创业板ETF易方达
159915.XSHE"
2023-01-20 09:31:00,止盈,黄金ETF,518880.XSHG,4.105,2000.0,5100.0,295.18,2.0,2023-01-20,2023-01,"黄金ETF
518880.XSHG"
2023-01-30 09:31:00,止盈,纳指ETF,513100.XSHG,0.844,9900.0,39900.0,385.26,4.0,2023-01-30,2023-01,"纳指ETF
513100.XSHG"
2023-01-30 09:31:00,止盈,500ETF,510500.XSHG,6.366,1200.0,12228.0,232.04,10.0,2023-01-30,2023-01,"500ETF
510500.XSHG"
2023-01-30 09:31:00,止盈,创业板ETF易方达,159915.XSHE,2.574,3200.0,20800.0,315.98,6.0,2023-01-30,2023-01,"创业板ETF易方达
159915.XSHE"
2023-02-01 10:45:00,加仓,创业板ETF易方达,159915.XSHE,2.496,3100.0,23900.0,,7.0,2023-02-01,2023-02,"创业板ETF易方达
159915.XSHE"
2023-02-03 09:31:00,止盈,纳指ETF,513100.XSHG,0.873,9400.0,30500.0,271.78,3.0,2023-02-03,2023-02,"纳指ETF
513100.XSHG"
2023-02-17 09:46:00,加仓,创业板ETF易方达,159915.XSHE,2.421,3200.0,27100.0,,8.0,2023-02-17,2023-02,"创业板ETF易方达
159915.XSHE"
2023-02-27 09:31:00,加仓,创业板ETF易方达,159915.XSHE,2.347,3300.0,30400.0,,9.0,2023-02-27,2023-02,"创业板ETF易方达
159915.XSHE"
2023-02-27 09:32:00,等级校准,创业板ETF易方达,159915.XSHE,,,30400.0,,,2023-02-27,2023-02,"创业板ETF易方达
159915.XSHE"
2023-03-02 09:31:00,加仓,纳指ETF,513100.XSHG,0.845,9100.0,39600.0,,4.0,2023-03-02,2023-03,"纳指ETF
513100.XSHG"
2023-03-06 10:39:00,止盈,纳指ETF,513100.XSHG,0.871,9400.0,30200.0,243.58,3.0,2023-03-06,2023-03,"纳指ETF
513100.XSHG"
2023-03-13 09:31:00,加仓,纳指ETF,513100.XSHG,0.844,9100.0,39300.0,,4.0,2023-03-13,2023-03,"纳指ETF
513100.XSHG"
2023-03-13 10:36:00,加仓,创业板ETF易方达,159915.XSHE,2.276,3400.0,33800.0,,9.0,2023-03-13,2023-03,"创业板ETF易方达
159915.XSHE"
2023-03-14 10:57:00,加仓,500ETF,510500.XSHG,6.173,1200.0,13428.0,,11.0,2023-03-14,2023-03,"500ETF
510500.XSHG"
2023-03-17 09:31:00,止盈,纳指ETF,513100.XSHG,0.884,9400.0,29900.0,375.17,3.0,2023-03-17,2023-03,"纳指ETF
513100.XSHG"
2023-03-20 09:31:00,止盈,黄金ETF,518880.XSHG,4.271,1900.0,3200.0,314.59,1.0,2023-03-20,2023-03,"黄金ETF
518880.XSHG"
2023-03-31 09:31:00,止盈,纳指ETF,513100.XSHG,0.912,9000.0,20900.0,251.18,2.0,2023-03-31,2023-03,"纳指ETF
513100.XSHG"
2023-03-31 14:15:00,止盈,500ETF,510500.XSHG,6.359,1200.0,12228.0,222.44,10.0,2023-03-31,2023-03,"500ETF
510500.XSHG"
2023-04-03 09:54:00,止盈,创业板ETF易方达,159915.XSHE,2.346,3500.0,30300.0,244.18,8.0,2023-04-03,2023-04,"创业板ETF易方达
159915.XSHE"
2023-04-21 14:31:00,加仓,创业板ETF易方达,159915.XSHE,2.275,3400.0,33700.0,,9.0,2023-04-21,2023-04,"创业板ETF易方达
159915.XSHE"
2023-04-25 09:55:00,加仓,创业板ETF易方达,159915.XSHE,2.206,3500.0,37200.0,,10.0,2023-04-25,2023-04,"创业板ETF易方达
159915.XSHE"
2023-04-25 10:21:00,加仓,500ETF,510500.XSHG,6.167,1200.0,13428.0,,11.0,2023-04-25,2023-04,"500ETF
510500.XSHG"
2023-05-04 09:31:00,止盈,黄金ETF,518880.XSHG,4.41,1800.0,1400.0,249.41,1.0,2023-05-04,2023-05,"黄金ETF
518880.XSHG"
2023-05-11 09:31:00,止盈,纳指ETF,513100.XSHG,0.94,8700.0,12200.0,242.78,1.0,2023-05-11,2023-05,"纳指ETF
513100.XSHG"
2023-05-18 13:17:00,止盈,纳指ETF,513100.XSHG,0.969,8500.0,3700.0,245.68,1.0,2023-05-18,2023-05,"纳指ETF
513100.XSHG"
2023-05-23 11:17:00,止盈（部分）,纳指ETF,513100.XSHG,1.0,3700.0,0.0,114.33,0.0,2023-05-23,2023-05,"纳指ETF
513100.XSHG"
2023-05-23 11:17:00,清仓,纳指ETF,513100.XSHG,,,,,0.0,2023-05-23,2023-05,"纳指ETF
513100.XSHG"
2023-05-23 11:18:00,重装建仓,纳指ETF,513100.XSHG,0.995,80400.0,80400.0,,,2023-05-23,2023-05,"纳指ETF
513100.XSHG"
2023-05-23 11:19:00,底仓到账,纳指ETF,513100.XSHG,,,80400.0,,10.0,2023-05-23,2023-05,"纳指ETF
513100.XSHG"
2023-05-25 11:23:00,加仓,500ETF,510500.XSHG,5.98,1200.0,14628.0,,12.0,2023-05-25,2023-05,"500ETF
510500.XSHG"
2023-05-25 11:24:00,等级校准,500ETF,510500.XSHG,,,14628.0,,,2023-05-25,2023-05,"500ETF
510500.XSHG"
2023-05-29 09:31:00,止盈,纳指ETF,513100.XSHG,1.029,8000.0,72400.0,271.18,9.0,2023-05-29,2023-05,"纳指ETF
513100.XSHG"
2023-05-29 11:01:00,加仓,创业板ETF易方达,159915.XSHE,2.138,3600.0,40800.0,,11.0,2023-05-29,2023-05,"创业板ETF易方达
159915.XSHE"
2023-06-02 11:01:00,止盈,500ETF,510500.XSHG,6.16,1300.0,13328.0,233.2,11.0,2023-06-02,2023-06,"500ETF
510500.XSHG"
2023-06-07 14:27:00,加仓,创业板ETF易方达,159915.XSHE,2.073,3700.0,44500.0,,12.0,2023-06-07,2023-06,"创业板ETF易方达
159915.XSHE"
2023-06-07 14:28:00,等级校准,创业板ETF易方达,159915.XSHE,,,44500.0,,,2023-06-07,2023-06,"创业板ETF易方达
159915.XSHE"
2023-06-13 09:30:00,止盈,纳指ETF,513100.XSHG,1.06,7700.0,64700.0,237.88,8.0,2023-06-13,2023-06,"纳指ETF
513100.XSHG"
2023-06-15 09:31:00,止盈,纳指ETF,513100.XSHG,1.093,7500.0,57200.0,246.68,7.0,2023-06-15,2023-06,"纳指ETF
513100.XSHG"
2023-06-15 09:58:00,止盈,创业板ETF易方达,159915.XSHE,2.137,3800.0,40700.0,242.39,11.0,2023-06-15,2023-06,"创业板ETF易方达
159915.XSHE"
2023-06-16 13:22:00,止盈,创业板ETF易方达,159915.XSHE,2.203,3700.0,37000.0,243.38,10.0,2023-06-16,2023-06,"创业板ETF易方达
159915.XSHE"
2023-06-26 09:52:00,加仓,创业板ETF易方达,159915.XSHE,2.136,3600.0,40600.0,,11.0,2023-06-26,2023-06,"创业板ETF易方达
159915.XSHE"
2023-06-26 09:53:00,等级校准,创业板ETF易方达,159915.XSHE,,,40600.0,,,2023-06-26,2023-06,"创业板ETF易方达
159915.XSHE"
2023-06-26 10:42:00,加仓,500ETF,510500.XSHG,5.975,1200.0,14528.0,,12.0,2023-06-26,2023-06,"500ETF
510500.XSHG"
2023-06-26 10:43:00,等级校准,500ETF,510500.XSHG,,,14528.0,,,2023-06-26,2023-06,"500ETF
510500.XSHG"
2023-07-14 09:31:00,止盈,纳指ETF,513100.XSHG,1.129,7300.0,49900.0,261.98,7.0,2023-07-14,2023-07,"纳指ETF
513100.XSHG"
2023-07-19 14:54:00,止盈,纳指ETF,513100.XSHG,1.163,7000.0,42900.0,237.19,6.0,2023-07-19,2023-07,"纳指ETF
513100.XSHG"
2023-07-21 09:31:00,加仓,纳指ETF,513100.XSHG,1.124,6800.0,49700.0,,7.0,2023-07-21,2023-07,"纳指ETF
513100.XSHG"
2023-07-28 14:20:00,止盈,500ETF,510500.XSHG,6.156,1300.0,13228.0,234.5,11.0,2023-07-28,2023-07,"500ETF
510500.XSHG"
2023-08-04 09:31:00,止盈,创业板ETF易方达,159915.XSHE,2.21,3700.0,36900.0,272.98,10.0,2023-08-04,2023-08,"创业板ETF易方达
159915.XSHE"
2023-08-11 14:29:00,加仓,创业板ETF易方达,159915.XSHE,2.143,3600.0,40500.0,,11.0,2023-08-11,2023-08,"创业板ETF易方达
159915.XSHE"
2023-08-11 14:30:00,等级校准,创业板ETF易方达,159915.XSHE,,,40500.0,,,2023-08-11,2023-08,"创业板ETF易方达
159915.XSHE"
2023-08-14 09:36:00,加仓,500ETF,510500.XSHG,5.971,1200.0,14428.0,,12.0,2023-08-14,2023-08,"500ETF
510500.XSHG"
2023-08-14 09:37:00,等级校准,500ETF,510500.XSHG,,,14428.0,,,2023-08-14,2023-08,"500ETF
510500.XSHG"
2023-08-17 09:31:00,加仓,创业板ETF易方达,159915.XSHE,2.077,3700.0,44200.0,,11.0,2023-08-17,2023-08,"创业板ETF易方达
159915.XSHE"
2023-08-18 09:31:00,加仓,纳指ETF,513100.XSHG,1.086,7100.0,56800.0,,8.0,2023-08-18,2023-08,"纳指ETF
513100.XSHG"
2023-08-18 09:32:00,等级校准,纳指ETF,513100.XSHG,,,56800.0,,,2023-08-18,2023-08,"纳指ETF
513100.XSHG"
2023-08-22 11:10:00,加仓,创业板ETF易方达,159915.XSHE,2.013,3800.0,48000.0,,12.0,2023-08-22,2023-08,"创业板ETF易方达
159915.XSHE"
2023-08-22 11:11:00,加仓,500ETF,510500.XSHG,5.791,1300.0,15728.0,,12.0,2023-08-22,2023-08,"500ETF
510500.XSHG"
2023-08-24 09:31:00,止盈,纳指ETF,513100.XSHG,1.13,7300.0,49500.0,320.38,7.0,2023-08-24,2023-08,"纳指ETF
513100.XSHG"
2023-08-25 09:31:00,加仓,纳指ETF,513100.XSHG,1.096,7000.0,56500.0,,8.0,2023-08-25,2023-08,"纳指ETF
513100.XSHG"
2023-08-25 09:32:00,等级校准,纳指ETF,513100.XSHG,,,56500.0,,,2023-08-25,2023-08,"纳指ETF
513100.XSHG"
2023-08-28 09:31:00,止盈,500ETF,510500.XSHG,5.974,1300.0,14428.0,237.12,11.0,2023-08-28,2023-08,"500ETF
510500.XSHG"
2023-08-28 09:31:00,止盈,创业板ETF易方达,159915.XSHE,2.124,3900.0,44100.0,432.07,11.0,2023-08-28,2023-08,"创业板ETF易方达
159915.XSHE"
2023-08-28 09:38:00,加仓,创业板ETF易方达,159915.XSHE,2.056,3700.0,47800.0,,12.0,2023-08-28,2023-08,"创业板ETF易方达
159915.XSHE"
2023-08-28 13:13:00,加仓,500ETF,510500.XSHG,5.793,1300.0,15728.0,,12.0,2023-08-28,2023-08,"500ETF
510500.XSHG"
2023-08-30 09:31:00,止盈,纳指ETF,513100.XSHG,1.135,7200.0,49300.0,279.98,7.0,2023-08-30,2023-08,"纳指ETF
513100.XSHG"
2023-09-08 09:55:00,加仓,创业板ETF易方达,159915.XSHE,1.994,3800.0,51600.0,,13.0,2023-09-08,2023-09,"创业板ETF易方达
159915.XSHE"
2023-09-08 09:56:00,等级校准,创业板ETF易方达,159915.XSHE,,,51600.0,,,2023-09-08,2023-09,"创业板ETF易方达
159915.XSHE"
2023-09-11 10:12:00,止盈（部分）,黄金ETF,518880.XSHG,4.544,1400.0,0.0,186.96,0.0,2023-09-11,2023-09,"黄金ETF
518880.XSHG"
2023-09-11 10:12:00,清仓,黄金ETF,518880.XSHG,,,,,0.0,2023-09-11,2023-09,"黄金ETF
518880.XSHG"
2023-09-11 10:13:00,重装建仓,黄金ETF,518880.XSHG,4.546,17500.0,17500.0,,,2023-09-11,2023-09,"黄金ETF
518880.XSHG"
2023-09-11 10:14:00,底仓到账,黄金ETF,518880.XSHG,,,17500.0,,10.0,2023-09-11,2023-09,"黄金ETF
518880.XSHG"
2023-09-21 09:31:00,加仓,创业板ETF易方达,159915.XSHE,1.931,4000.0,55600.0,,13.0,2023-09-21,2023-09,"创业板ETF易方达
159915.XSHE"
2023-09-21 13:28:00,加仓,纳指ETF,513100.XSHG,1.1,7000.0,56300.0,,8.0,2023-09-21,2023-09,"纳指ETF
513100.XSHG"
2023-09-21 13:29:00,等级校准,纳指ETF,513100.XSHG,,,56300.0,,,2023-09-21,2023-09,"纳指ETF
513100.XSHG"
2023-10-09 09:31:00,加仓,黄金ETF,518880.XSHG,4.403,1700.0,19200.0,,11.0,2023-10-09,2023-10,"黄金ETF
518880.XSHG"
2023-10-09 09:32:00,等级校准,黄金ETF,518880.XSHG,,,19200.0,,,2023-10-09,2023-10,"黄金ETF
518880.XSHG"
2023-10-18 14:21:00,加仓,500ETF,510500.XSHG,5.619,1300.0,17028.0,,13.0,2023-10-18,2023-10,"500ETF
510500.XSHG"
2023-10-18 14:22:00,等级校准,500ETF,510500.XSHG,,,17028.0,,,2023-10-18,2023-10,"500ETF
510500.XSHG"
2023-10-19 09:31:00,止盈,黄金ETF,518880.XSHG,4.548,1800.0,17400.0,260.18,10.0,2023-10-19,2023-10,"黄金ETF
518880.XSHG"
2023-10-19 11:28:00,加仓,创业板ETF易方达,159915.XSHE,1.873,4100.0,59700.0,,14.0,2023-10-19,2023-10,"创业板ETF易方达
159915.XSHE"
2023-10-23 09:50:00,加仓,500ETF,510500.XSHG,5.447,1400.0,18428.0,,13.0,2023-10-23,2023-10,"500ETF
510500.XSHG"
2023-10-23 14:06:00,加仓,创业板ETF易方达,159915.XSHE,1.816,4200.0,63900.0,,15.0,2023-10-23,2023-10,"创业板ETF易方达
159915.XSHE"
2023-10-23 14:07:00,等级校准,创业板ETF易方达,159915.XSHE,,,63900.0,,,2023-10-23,2023-10,"创业板ETF易方达
159915.XSHE"
2023-10-26 09:31:00,加仓,纳指ETF,513100.XSHG,1.053,7200.0,63500.0,,8.0,2023-10-26,2023-10,"纳指ETF
513100.XSHG"
2023-10-27 13:46:00,止盈,创业板ETF易方达,159915.XSHE,1.871,4400.0,59500.0,241.18,14.0,2023-10-27,2023-10,"创业板ETF易方达
159915.XSHE"
2023-10-27 14:09:00,止盈,500ETF,510500.XSHG,5.611,1400.0,17028.0,228.81,12.0,2023-10-27,2023-10,"500ETF
510500.XSHG"
2023-10-30 13:42:00,止盈,创业板ETF易方达,159915.XSHE,1.928,4200.0,55300.0,238.59,13.0,2023-10-30,2023-10,"创业板ETF易方达
159915.XSHE"
2023-11-02 09:31:00,止盈,纳指ETF,513100.XSHG,1.09,7500.0,56000.0,276.68,7.0,2023-11-02,2023-11,"纳指ETF
513100.XSHG"
2023-11-08 11:03:00,止盈,纳指ETF,513100.XSHG,1.123,7300.0,48700.0,240.08,6.0,2023-11-08,2023-11,"纳指ETF
513100.XSHG"
2023-11-15 09:31:00,止盈,纳指ETF,513100.XSHG,1.165,7100.0,41600.0,297.37,6.0,2023-11-15,2023-11,"纳指ETF
513100.XSHG"
2023-11-15 09:38:00,止盈,500ETF,510500.XSHG,5.78,1400.0,15628.0,235.79,12.0,2023-11-15,2023-11,"500ETF
510500.XSHG"
2023-11-27 11:06:00,加仓,创业板ETF易方达,159915.XSHE,1.87,4100.0,59400.0,,14.0,2023-11-27,2023-11,"创业板ETF易方达
159915.XSHE"
2023-11-30 13:57:00,加仓,500ETF,510500.XSHG,5.606,1300.0,16928.0,,13.0,2023-11-30,2023-11,"500ETF
510500.XSHG"
2023-11-30 13:58:00,等级校准,500ETF,510500.XSHG,,,16928.0,,,2023-11-30,2023-11,"500ETF
510500.XSHG"
2023-12-14 09:31:00,止盈,纳指ETF,513100.XSHG,1.203,6800.0,34800.0,257.58,5.0,2023-12-14,2023-12,"纳指ETF
513100.XSHG"
2023-12-14 14:51:00,加仓,创业板ETF易方达,159915.XSHE,1.813,4200.0,63600.0,,15.0,2023-12-14,2023-12,"创业板ETF易方达
159915.XSHE"
2023-12-14 14:52:00,等级校准,创业板ETF易方达,159915.XSHE,,,63600.0,,,2023-12-14,2023-12,"创业板ETF易方达
159915.XSHE"
2023-12-20 13:10:00,加仓,500ETF,510500.XSHG,5.437,1400.0,18328.0,,13.0,2023-12-20,2023-12,"500ETF
510500.XSHG"
2023-12-20 14:50:00,加仓,创业板ETF易方达,159915.XSHE,1.758,4400.0,68000.0,,15.0,2023-12-20,2023-12,"创业板ETF易方达
159915.XSHE"
2023-12-28 09:56:00,止盈,黄金ETF,518880.XSHG,4.686,1700.0,15700.0,233.8,9.0,2023-12-28,2023-12,"黄金ETF
518880.XSHG"
2023-12-28 10:46:00,止盈,创业板ETF易方达,159915.XSHE,1.812,4500.0,63500.0,242.18,14.0,2023-12-28,2023-12,"创业板ETF易方达
159915.XSHE"
2024-01-04 10:41:00,加仓,创业板ETF易方达,159915.XSHE,1.757,4400.0,67900.0,,15.0,2024-01-04,2024-01,"创业板ETF易方达
159915.XSHE"
2024-01-08 13:41:00,加仓,创业板ETF易方达,159915.XSHE,1.704,4500.0,72400.0,,16.0,2024-01-08,2024-01,"创业板ETF易方达
159915.XSHE"
2024-01-08 13:42:00,等级校准,创业板ETF易方达,159915.XSHE,,,72400.0,,,2024-01-08,2024-01,"创业板ETF易方达
159915.XSHE"
2024-01-08 13:44:00,加仓,500ETF,510500.XSHG,5.272,1400.0,19728.0,,14.0,2024-01-08,2024-01,"500ETF
510500.XSHG"
2024-01-08 13:45:00,等级校准,500ETF,510500.XSHG,,,19728.0,,,2024-01-08,2024-01,"500ETF
510500.XSHG"
2024-01-18 09:31:00,加仓,创业板ETF易方达,159915.XSHE,1.646,4600.0,77000.0,,16.0,2024-01-18,2024-01,"创业板ETF易方达
159915.XSHE"
2024-01-18 09:33:00,加仓,500ETF,510500.XSHG,5.112,1500.0,21228.0,,14.0,2024-01-18,2024-01,"500ETF
510500.XSHG"
2024-01-19 09:39:00,止盈,纳指ETF,513100.XSHG,1.24,6600.0,28200.0,243.38,4.0,2024-01-19,2024-01,"纳指ETF
513100.XSHG"
2024-01-22 13:20:00,加仓,500ETF,510500.XSHG,4.957,1500.0,22728.0,,15.0,2024-01-22,2024-01,"500ETF
510500.XSHG"
2024-01-22 13:21:00,等级校准,500ETF,510500.XSHG,,,22728.0,,,2024-01-22,2024-01,"500ETF
510500.XSHG"
2024-01-22 13:27:00,止盈,纳指ETF,513100.XSHG,1.278,6400.0,21800.0,242.38,3.0,2024-01-22,2024-01,"纳指ETF
513100.XSHG"
2024-01-23 09:32:00,加仓,500ETF,510500.XSHG,4.807,1600.0,24328.0,,15.0,2024-01-23,2024-01,"500ETF
510500.XSHG"
2024-01-23 13:24:00,止盈,500ETF,510500.XSHG,4.955,1600.0,22728.0,236.01,14.0,2024-01-23,2024-01,"500ETF
510500.XSHG"
2024-01-25 10:38:00,止盈,500ETF,510500.XSHG,5.105,1600.0,21128.0,239.18,14.0,2024-01-25,2024-01,"500ETF
510500.XSHG"
2024-01-29 13:07:00,加仓,创业板ETF易方达,159915.XSHE,1.596,4800.0,81800.0,,17.0,2024-01-29,2024-01,"创业板ETF易方达
159915.XSHE"
2024-01-29 13:08:00,等级校准,创业板ETF易方达,159915.XSHE,,,81800.0,,,2024-01-29,2024-01,"创业板ETF易方达
159915.XSHE"
2024-01-30 14:20:00,加仓,500ETF,510500.XSHG,4.95,1500.0,22628.0,,15.0,2024-01-30,2024-01,"500ETF
510500.XSHG"
2024-01-30 14:21:00,等级校准,500ETF,510500.XSHG,,,22628.0,,,2024-01-30,2024-01,"500ETF
510500.XSHG"
2024-01-30 14:46:00,加仓,创业板ETF易方达,159915.XSHE,1.548,5000.0,86800.0,,17.0,2024-01-30,2024-01,"创业板ETF易方达
159915.XSHE"
2024-01-31 10:26:00,加仓,500ETF,510500.XSHG,4.8,1600.0,24228.0,,15.0,2024-01-31,2024-01,"500ETF
510500.XSHG"
2024-02-02 13:10:00,加仓,500ETF,510500.XSHG,4.654,1600.0,25828.0,,16.0,2024-02-02,2024-02,"500ETF
510500.XSHG"
2024-02-02 13:11:00,等级校准,500ETF,510500.XSHG,,,25828.0,,,2024-02-02,2024-02,"500ETF
510500.XSHG"
2024-02-02 14:01:00,加仓,创业板ETF易方达,159915.XSHE,1.501,5100.0,91900.0,,18.0,2024-02-02,2024-02,"创业板ETF易方达
159915.XSHE"
2024-02-02 14:02:00,等级校准,创业板ETF易方达,159915.XSHE,,,91900.0,,,2024-02-02,2024-02,"创业板ETF易方达
159915.XSHE"
2024-02-02 14:25:00,加仓,500ETF,510500.XSHG,4.513,1700.0,27528.0,,16.0,2024-02-02,2024-02,"500ETF
510500.XSHG"
2024-02-02 14:36:00,止盈,500ETF,510500.XSHG,4.653,1700.0,25828.0,237.21,15.0,2024-02-02,2024-02,"500ETF
510500.XSHG"
2024-02-05 09:48:00,加仓,500ETF,510500.XSHG,4.513,1700.0,27528.0,,16.0,2024-02-05,2024-02,"500ETF
510500.XSHG"
2024-02-05 10:50:00,加仓,创业板ETF易方达,159915.XSHE,1.455,5300.0,97200.0,,18.0,2024-02-05,2024-02,"创业板ETF易方达
159915.XSHE"
2024-02-05 10:51:00,加仓,500ETF,510500.XSHG,4.366,1700.0,29228.0,,17.0,2024-02-05,2024-02,"500ETF
510500.XSHG"
2024-02-05 10:52:00,等级校准,500ETF,510500.XSHG,,,29228.0,,,2024-02-05,2024-02,"500ETF
510500.XSHG"
2024-02-05 13:17:00,止盈,创业板ETF易方达,159915.XSHE,1.501,5400.0,91800.0,247.59,17.0,2024-02-05,2024-02,"创业板ETF易方达
159915.XSHE"
2024-02-05 13:19:00,止盈,500ETF,510500.XSHG,4.505,1800.0,27428.0,249.39,16.0,2024-02-05,2024-02,"500ETF
510500.XSHG"
2024-02-05 13:33:00,止盈,创业板ETF易方达,159915.XSHE,1.549,5300.0,86500.0,253.58,16.0,2024-02-05,2024-02,"创业板ETF易方达
159915.XSHE"
2024-02-05 13:55:00,止盈,500ETF,510500.XSHG,4.641,1700.0,25728.0,230.41,15.0,2024-02-05,2024-02,"500ETF
510500.XSHG"
2024-02-06 09:31:00,加仓,500ETF,510500.XSHG,4.49,1700.0,27428.0,,16.0,2024-02-06,2024-02,"500ETF
510500.XSHG"
2024-02-06 09:49:00,止盈,500ETF,510500.XSHG,4.625,1700.0,25728.0,228.71,15.0,2024-02-06,2024-02,"500ETF
510500.XSHG"
2024-02-06 13:05:00,止盈,500ETF,510500.XSHG,4.764,1700.0,24028.0,235.49,15.0,2024-02-06,2024-02,"500ETF
510500.XSHG"
2024-02-06 13:08:00,止盈,创业板ETF易方达,159915.XSHE,1.596,5100.0,81400.0,238.89,16.0,2024-02-06,2024-02,"创业板ETF易方达
159915.XSHE"
2024-02-06 13:43:00,止盈,500ETF,510500.XSHG,4.912,1600.0,22428.0,236.01,14.0,2024-02-06,2024-02,"500ETF
510500.XSHG"
2024-02-07 09:36:00,止盈,创业板ETF易方达,159915.XSHE,1.645,5000.0,76400.0,244.18,15.0,2024-02-07,2024-02,"创业板ETF易方达
159915.XSHE"
2024-02-07 09:53:00,止盈,500ETF,510500.XSHG,5.065,1600.0,20828.0,243.99,13.0,2024-02-07,2024-02,"500ETF
510500.XSHG"
2024-02-07 14:58:00,止盈,500ETF,510500.XSHG,5.217,1500.0,19328.0,227.22,12.0,2024-02-07,2024-02,"500ETF
510500.XSHG"
2024-02-08 09:35:00,止盈,500ETF,510500.XSHG,5.376,1500.0,17828.0,237.69,12.0,2024-02-08,2024-02,"500ETF
510500.XSHG"
2024-02-08 09:36:00,止盈,创业板ETF易方达,159915.XSHE,1.697,4800.0,71600.0,248.79,15.0,2024-02-08,2024-02,"创业板ETF易方达
159915.XSHE"
2024-02-19 09:34:00,加仓,500ETF,510500.XSHG,5.209,1400.0,19228.0,,13.0,2024-02-19,2024-02,"500ETF
510500.XSHG"
2024-02-19 09:35:00,等级校准,500ETF,510500.XSHG,,,19228.0,,,2024-02-19,2024-02,"500ETF
510500.XSHG"
2024-02-23 09:31:00,止盈,纳指ETF,513100.XSHG,1.322,6200.0,15600.0,271.98,2.0,2024-02-23,2024-02,"纳指ETF
513100.XSHG"
2024-02-27 14:29:00,止盈,500ETF,510500.XSHG,5.366,1500.0,17728.0,234.7,12.0,2024-02-27,2024-02,"500ETF
510500.XSHG"
2024-02-28 09:31:00,止盈,创业板ETF易方达,159915.XSHE,1.751,4700.0,66900.0,252.98,14.0,2024-02-28,2024-02,"创业板ETF易方达
159915.XSHE"
2024-02-29 09:31:00,加仓,创业板ETF易方达,159915.XSHE,1.698,4500.0,71400.0,,15.0,2024-02-29,2024-02,"创业板ETF易方达
159915.XSHE"
2024-02-29 10:43:00,止盈,创业板ETF易方达,159915.XSHE,1.749,4700.0,66700.0,238.88,14.0,2024-02-29,2024-02,"创业板ETF易方达
159915.XSHE"
2024-03-07 09:31:00,止盈,黄金ETF,518880.XSHG,4.847,1700.0,14000.0,272.88,8.0,2024-03-07,2024-03,"黄金ETF
518880.XSHG"
2024-03-11 11:16:00,止盈,创业板ETF易方达,159915.XSHE,1.802,4500.0,62200.0,237.69,14.0,2024-03-11,2024-03,"创业板ETF易方达
159915.XSHE"
2024-03-11 14:53:00,止盈,500ETF,510500.XSHG,5.529,1400.0,16328.0,227.43,11.0,2024-03-11,2024-03,"500ETF
510500.XSHG"
2024-03-12 09:56:00,止盈,创业板ETF易方达,159915.XSHE,1.858,4400.0,57800.0,245.58,13.0,2024-03-12,2024-03,"创业板ETF易方达
159915.XSHE"
2024-03-15 10:44:00,加仓,创业板ETF易方达,159915.XSHE,1.802,4300.0,62100.0,,14.0,2024-03-15,2024-03,"创业板ETF易方达
159915.XSHE"
2024-03-18 09:43:00,止盈,创业板ETF易方达,159915.XSHE,1.858,4400.0,57700.0,245.58,13.0,2024-03-18,2024-03,"创业板ETF易方达
159915.XSHE"
2024-03-25 10:07:00,加仓,创业板ETF易方达,159915.XSHE,1.802,4300.0,62000.0,,14.0,2024-03-25,2024-03,"创业板ETF易方达
159915.XSHE"
2024-03-26 11:04:00,加仓,500ETF,510500.XSHG,5.362,1400.0,17728.0,,12.0,2024-03-26,2024-03,"500ETF
510500.XSHG"
2024-03-27 14:52:00,加仓,创业板ETF易方达,159915.XSHE,1.747,4400.0,66400.0,,15.0,2024-03-27,2024-03,"创业板ETF易方达
159915.XSHE"
2024-03-27 14:53:00,等级校准,创业板ETF易方达,159915.XSHE,,,66400.0,,,2024-03-27,2024-03,"创业板ETF易方达
159915.XSHE"
2024-03-28 09:31:00,止盈,黄金ETF,518880.XSHG,5.0,1600.0,12400.0,244.0,7.0,2024-03-28,2024-03,"黄金ETF
518880.XSHG"
2024-04-01 09:31:00,止盈,黄金ETF,518880.XSHG,5.173,1600.0,10800.0,275.97,7.0,2024-04-01,2024-04,"黄金ETF
518880.XSHG"
2024-04-01 09:40:00,止盈,创业板ETF易方达,159915.XSHE,1.8,4500.0,61900.0,237.69,14.0,2024-04-01,2024-04,"创业板ETF易方达
159915.XSHE"
2024-04-08 09:56:00,止盈,黄金ETF,518880.XSHG,5.332,1500.0,9300.0,237.7,6.0,2024-04-08,2024-04,"黄金ETF
518880.XSHG"
2024-04-10 10:14:00,加仓,创业板ETF易方达,159915.XSHE,1.746,4400.0,66300.0,,15.0,2024-04-10,2024-04,"创业板ETF易方达
159915.XSHE"
2024-04-10 10:15:00,等级校准,创业板ETF易方达,159915.XSHE,,,66300.0,,,2024-04-10,2024-04,"创业板ETF易方达
159915.XSHE"
2024-04-12 14:46:00,止盈,黄金ETF,518880.XSHG,5.492,1500.0,7800.0,239.18,5.0,2024-04-12,2024-04,"黄金ETF
518880.XSHG"
2024-04-18 09:31:00,加仓,纳指ETF,513100.XSHG,1.281,6000.0,21600.0,,3.0,2024-04-18,2024-04,"纳指ETF
513100.XSHG"
2024-04-19 11:19:00,加仓,创业板ETF易方达,159915.XSHE,1.693,4500.0,70800.0,,15.0,2024-04-19,2024-04,"创业板ETF易方达
159915.XSHE"
2024-04-23 09:31:00,加仓,黄金ETF,518880.XSHG,5.319,1400.0,9200.0,,6.0,2024-04-23,2024-04,"黄金ETF
518880.XSHG"
2024-04-26 10:11:00,止盈,创业板ETF易方达,159915.XSHE,1.744,4700.0,66100.0,238.88,14.0,2024-04-26,2024-04,"创业板ETF易方达
159915.XSHE"
2024-04-29 09:36:00,止盈,创业板ETF易方达,159915.XSHE,1.798,4500.0,61600.0,242.19,14.0,2024-04-29,2024-04,"创业板ETF易方达
159915.XSHE"
2024-04-29 10:05:00,止盈,500ETF,510500.XSHG,5.523,1400.0,16328.0,224.63,11.0,2024-04-29,2024-04,"500ETF
510500.XSHG"
2024-04-29 11:22:00,止盈,创业板ETF易方达,159915.XSHE,1.853,4400.0,57200.0,241.18,13.0,2024-04-29,2024-04,"创业板ETF易方达
159915.XSHE"
2024-05-10 09:32:00,止盈,纳指ETF,513100.XSHG,1.32,6200.0,15400.0,240.98,2.0,2024-05-10,2024-05,"纳指ETF
513100.XSHG"
2024-05-15 14:46:00,加仓,创业板ETF易方达,159915.XSHE,1.797,4300.0,61500.0,,14.0,2024-05-15,2024-05,"创业板ETF易方达
159915.XSHE"
2024-05-15 14:47:00,等级校准,创业板ETF易方达,159915.XSHE,,,61500.0,,,2024-05-15,2024-05,"创业板ETF易方达
159915.XSHE"
2024-05-20 09:31:00,止盈,黄金ETF,518880.XSHG,5.524,1500.0,7700.0,306.67,5.0,2024-05-20,2024-05,"黄金ETF
518880.XSHG"
2024-05-21 09:31:00,止盈,纳指ETF,513100.XSHG,1.365,6000.0,9400.0,269.18,1.0,2024-05-21,2024-05,"纳指ETF
513100.XSHG"
2024-05-23 09:32:00,加仓,黄金ETF,518880.XSHG,5.354,1400.0,9100.0,,6.0,2024-05-23,2024-05,"黄金ETF
518880.XSHG"
2024-05-24 13:16:00,加仓,500ETF,510500.XSHG,5.357,1400.0,17728.0,,12.0,2024-05-24,2024-05,"500ETF
510500.XSHG"
2024-06-07 10:35:00,加仓,创业板ETF易方达,159915.XSHE,1.743,4400.0,65900.0,,14.0,2024-06-07,2024-06,"创业板ETF易方达
159915.XSHE"
2024-06-12 09:31:00,止盈,纳指ETF,513100.XSHG,1.408,5800.0,3600.0,248.58,1.0,2024-06-12,2024-06,"纳指ETF
513100.XSHG"
2024-06-18 09:31:00,止盈（部分）,纳指ETF,513100.XSHG,1.457,3600.0,0.0,175.88,0.0,2024-06-18,2024-06,"纳指ETF
513100.XSHG"
2024-06-18 09:31:00,清仓,纳指ETF,513100.XSHG,,,,,0.0,2024-06-18,2024-06,"纳指ETF
513100.XSHG"
2024-06-18 09:32:00,重装建仓,纳指ETF,513100.XSHG,1.458,54800.0,54800.0,,,2024-06-18,2024-06,"纳指ETF
513100.XSHG"
2024-06-18 09:33:00,底仓到账,纳指ETF,513100.XSHG,,,54800.0,,10.0,2024-06-18,2024-06,"纳指ETF
513100.XSHG"
2024-06-20 10:04:00,加仓,500ETF,510500.XSHG,5.193,1400.0,19128.0,,13.0,2024-06-20,2024-06,"500ETF
510500.XSHG"
2024-06-20 10:05:00,等级校准,500ETF,510500.XSHG,,,19128.0,,,2024-06-20,2024-06,"500ETF
510500.XSHG"
2024-06-25 09:35:00,加仓,创业板ETF易方达,159915.XSHE,1.69,4500.0,70400.0,,15.0,2024-06-25,2024-06,"创业板ETF易方达
159915.XSHE"
2024-06-25 09:36:00,等级校准,创业板ETF易方达,159915.XSHE,,,70400.0,,,2024-06-25,2024-06,"创业板ETF易方达
159915.XSHE"
2024-06-25 09:47:00,加仓,500ETF,510500.XSHG,5.034,1500.0,20628.0,,13.0,2024-06-25,2024-06,"500ETF
510500.XSHG"
2024-07-01 09:49:00,加仓,创业板ETF易方达,159915.XSHE,1.637,4700.0,75100.0,,15.0,2024-07-01,2024-07,"创业板ETF易方达
159915.XSHE"
2024-07-03 11:08:00,止盈,纳指ETF,513100.XSHG,1.502,5400.0,49400.0,236.79,9.0,2024-07-03,2024-07,"纳指ETF
513100.XSHG"
2024-07-05 09:33:00,加仓,500ETF,510500.XSHG,4.881,1500.0,22128.0,,14.0,2024-07-05,2024-07,"500ETF
510500.XSHG"
2024-07-05 09:34:00,等级校准,500ETF,510500.XSHG,,,22128.0,,,2024-07-05,2024-07,"500ETF
510500.XSHG"
2024-07-08 14:46:00,止盈,纳指ETF,513100.XSHG,1.548,5300.0,44100.0,242.98,8.0,2024-07-08,2024-07,"纳指ETF
513100.XSHG"
2024-07-09 10:30:00,加仓,创业板ETF易方达,159915.XSHE,1.587,4800.0,79900.0,,16.0,2024-07-09,2024-07,"创业板ETF易方达
159915.XSHE"
2024-07-09 10:31:00,等级校准,创业板ETF易方达,159915.XSHE,,,79900.0,,,2024-07-09,2024-07,"创业板ETF易方达
159915.XSHE"
2024-07-11 09:31:00,止盈,创业板ETF易方达,159915.XSHE,1.64,5000.0,74900.0,264.18,15.0,2024-07-11,2024-07,"创业板ETF易方达
159915.XSHE"
2024-07-12 09:33:00,加仓,纳指ETF,513100.XSHG,1.498,5100.0,49200.0,,9.0,2024-07-12,2024-07,"纳指ETF
513100.XSHG"
2024-07-16 09:31:00,止盈,纳指ETF,513100.XSHG,1.544,5300.0,43900.0,242.98,8.0,2024-07-16,2024-07,"纳指ETF
513100.XSHG"
2024-07-17 09:31:00,止盈,黄金ETF,518880.XSHG,5.6,1400.0,7700.0,343.62,5.0,2024-07-17,2024-07,"黄金ETF
518880.XSHG"
2024-07-18 09:31:00,加仓,纳指ETF,513100.XSHG,1.467,5100.0,49000.0,,9.0,2024-07-18,2024-07,"纳指ETF
513100.XSHG"
2024-07-19 10:42:00,止盈,创业板ETF易方达,159915.XSHE,1.69,4800.0,70100.0,239.19,14.0,2024-07-19,2024-07,"创业板ETF易方达
159915.XSHE"
2024-07-19 14:10:00,加仓,黄金ETF,518880.XSHG,5.428,1400.0,9100.0,,6.0,2024-07-19,2024-07,"黄金ETF
518880.XSHG"
2024-07-24 09:31:00,加仓,创业板ETF易方达,159915.XSHE,1.636,4700.0,74800.0,,15.0,2024-07-24,2024-07,"创业板ETF易方达
159915.XSHE"
2024-07-24 14:39:00,加仓,500ETF,510500.XSHG,4.733,1600.0,23728.0,,14.0,2024-07-24,2024-07,"500ETF
510500.XSHG"
2024-07-25 09:31:00,加仓,纳指ETF,513100.XSHG,1.41,5400.0,54400.0,,10.0,2024-07-25,2024-07,"纳指ETF
513100.XSHG"
2024-07-25 09:32:00,等级校准,纳指ETF,513100.XSHG,,,54400.0,,,2024-07-25,2024-07,"纳指ETF
513100.XSHG"
2024-07-31 10:31:00,止盈,500ETF,510500.XSHG,4.883,1600.0,22128.0,239.22,13.0,2024-07-31,2024-07,"500ETF
510500.XSHG"
2024-08-01 09:31:00,止盈,纳指ETF,513100.XSHG,1.465,5600.0,48800.0,307.18,9.0,2024-08-01,2024-08,"纳指ETF
513100.XSHG"
2024-08-02 09:31:00,加仓,纳指ETF,513100.XSHG,1.411,5400.0,54200.0,,10.0,2024-08-02,2024-08,"纳指ETF
513100.XSHG"
2024-08-02 09:32:00,等级校准,纳指ETF,513100.XSHG,,,54200.0,,,2024-08-02,2024-08,"纳指ETF
513100.XSHG"
2024-08-05 09:31:00,加仓,纳指ETF,513100.XSHG,1.331,5600.0,59800.0,,10.0,2024-08-05,2024-08,"纳指ETF
513100.XSHG"
2024-08-05 09:32:00,等级校准,纳指ETF,513100.XSHG,,,59800.0,,,2024-08-05,2024-08,"纳指ETF
513100.XSHG"
2024-08-05 13:26:00,加仓,纳指ETF,513100.XSHG,1.291,6000.0,65800.0,,10.0,2024-08-05,2024-08,"纳指ETF
513100.XSHG"
2024-08-05 13:37:00,加仓,创业板ETF易方达,159915.XSHE,1.585,4800.0,79600.0,,16.0,2024-08-05,2024-08,"创业板ETF易方达
159915.XSHE"
2024-08-05 13:38:00,等级校准,创业板ETF易方达,159915.XSHE,,,79600.0,,,2024-08-05,2024-08,"创业板ETF易方达
159915.XSHE"
2024-08-06 09:31:00,止盈,纳指ETF,513100.XSHG,1.336,6100.0,59700.0,273.69,10.0,2024-08-06,2024-08,"纳指ETF
513100.XSHG"
2024-08-13 14:40:00,止盈,纳指ETF,513100.XSHG,1.377,5900.0,53800.0,241.09,9.0,2024-08-13,2024-08,"纳指ETF
513100.XSHG"
2024-08-14 14:58:00,加仓,500ETF,510500.XSHG,4.736,1600.0,23728.0,,14.0,2024-08-14,2024-08,"500ETF
510500.XSHG"
2024-08-15 09:36:00,止盈,纳指ETF,513100.XSHG,1.419,5800.0,48000.0,242.78,8.0,2024-08-15,2024-08,"纳指ETF
513100.XSHG"
2024-08-16 09:31:00,止盈,纳指ETF,513100.XSHG,1.463,5600.0,42400.0,245.58,7.0,2024-08-16,2024-08,"纳指ETF
513100.XSHG"
2024-08-20 14:46:00,加仓,创业板ETF易方达,159915.XSHE,1.537,5000.0,84600.0,,16.0,2024-08-20,2024-08,"创业板ETF易方达
159915.XSHE"
2024-08-23 10:53:00,加仓,500ETF,510500.XSHG,4.593,1600.0,25328.0,,15.0,2024-08-23,2024-08,"500ETF
510500.XSHG"
2024-08-23 10:54:00,等级校准,500ETF,510500.XSHG,,,25328.0,,,2024-08-23,2024-08,"500ETF
510500.XSHG"
2024-08-29 09:31:00,加仓,纳指ETF,513100.XSHG,1.41,5400.0,47800.0,,8.0,2024-08-29,2024-08,"纳指ETF
513100.XSHG"
2024-08-29 09:31:00,加仓,创业板ETF易方达,159915.XSHE,1.487,5200.0,89800.0,,17.0,2024-08-29,2024-08,"创业板ETF易方达
159915.XSHE"
2024-08-29 09:32:00,等级校准,创业板ETF易方达,159915.XSHE,,,89800.0,,,2024-08-29,2024-08,"创业板ETF易方达
159915.XSHE"
2024-08-30 09:45:00,止盈,创业板ETF易方达,159915.XSHE,1.532,5300.0,84500.0,237.69,16.0,2024-08-30,2024-08,"创业板ETF易方达
159915.XSHE"
2024-08-30 10:47:00,止盈,500ETF,510500.XSHG,4.731,1700.0,23628.0,233.8,14.0,2024-08-30,2024-08,"500ETF
510500.XSHG"
2024-09-04 13:04:00,加仓,纳指ETF,513100.XSHG,1.367,5600.0,53400.0,,9.0,2024-09-04,2024-09,"纳指ETF
513100.XSHG"
2024-09-09 09:34:00,加仓,500ETF,510500.XSHG,4.588,1600.0,25228.0,,15.0,2024-09-09,2024-09,"500ETF
510500.XSHG"
2024-09-09 09:35:00,等级校准,500ETF,510500.XSHG,,,25228.0,,,2024-09-09,2024-09,"500ETF
510500.XSHG"
2024-09-12 09:31:00,止盈,纳指ETF,513100.XSHG,1.414,5800.0,47600.0,271.78,8.0,2024-09-12,2024-09,"纳指ETF
513100.XSHG"
2024-09-13 09:31:00,止盈,黄金ETF,518880.XSHG,5.613,1400.0,7700.0,258.21,5.0,2024-09-13,2024-09,"黄金ETF
518880.XSHG"
2024-09-20 10:03:00,止盈,纳指ETF,513100.XSHG,1.457,5600.0,42000.0,239.98,7.0,2024-09-20,2024-09,"纳指ETF
513100.XSHG"
2024-09-24 13:01:00,止盈,500ETF,510500.XSHG,4.738,1700.0,23528.0,254.19,14.0,2024-09-24,2024-09,"500ETF
510500.XSHG"
2024-09-24 13:11:00,止盈,创业板ETF易方达,159915.XSHE,1.578,5200.0,79300.0,238.38,15.0,2024-09-24,2024-09,"创业板ETF易方达
159915.XSHE"
2024-09-25 09:40:00,止盈,500ETF,510500.XSHG,4.894,1600.0,21928.0,248.82,13.0,2024-09-25,2024-09,"500ETF
510500.XSHG"
2024-09-25 09:40:00,止盈,创业板ETF易方达,159915.XSHE,1.63,5000.0,74300.0,259.18,15.0,2024-09-25,2024-09,"创业板ETF易方达
159915.XSHE"
2024-09-26 14:46:00,止盈,创业板ETF易方达,159915.XSHE,1.679,4900.0,69400.0,239.28,14.0,2024-09-26,2024-09,"创业板ETF易方达
159915.XSHE"
2024-09-26 14:58:00,止盈,500ETF,510500.XSHG,5.047,1600.0,20328.0,243.99,13.0,2024-09-26,2024-09,"500ETF
510500.XSHG"
2024-09-27 09:32:00,止盈,创业板ETF易方达,159915.XSHE,1.737,4700.0,64700.0,271.78,14.0,2024-09-27,2024-09,"创业板ETF易方达
159915.XSHE"
2024-09-27 09:57:00,止盈,500ETF,510500.XSHG,5.201,1500.0,18828.0,230.22,12.0,2024-09-27,2024-09,"500ETF
510500.XSHG"
2024-09-27 10:39:00,止盈,创业板ETF易方达,159915.XSHE,1.793,4600.0,60100.0,256.78,13.0,2024-09-27,2024-09,"创业板ETF易方达
159915.XSHE"
2024-09-27 11:23:00,止盈,500ETF,510500.XSHG,5.379,1500.0,17328.0,266.19,12.0,2024-09-27,2024-09,"500ETF
510500.XSHG"
2024-09-27 13:01:00,止盈,创业板ETF易方达,159915.XSHE,1.847,4400.0,55700.0,236.79,12.0,2024-09-27,2024-09,"创业板ETF易方达
159915.XSHE"
2024-09-27 13:08:00,加仓,纳指ETF,513100.XSHG,1.411,5400.0,47400.0,,8.0,2024-09-27,2024-09,"纳指ETF
513100.XSHG"
2024-09-27 13:10:00,止盈,500ETF,510500.XSHG,5.551,1400.0,15928.0,240.02,11.0,2024-09-27,2024-09,"500ETF
510500.XSHG"
2024-09-27 13:29:00,加仓,500ETF,510500.XSHG,5.38,1400.0,17328.0,,12.0,2024-09-27,2024-09,"500ETF
510500.XSHG"
2024-09-30 09:31:00,止盈,500ETF,510500.XSHG,5.787,1400.0,15928.0,568.99,12.0,2024-09-30,2024-09,"500ETF
510500.XSHG"
2024-09-30 09:31:00,止盈,创业板ETF易方达,159915.XSHE,1.996,4300.0,51400.0,639.84,12.0,2024-09-30,2024-09,"创业板ETF易方达
159915.XSHE"
2024-09-30 09:41:00,加仓,500ETF,510500.XSHG,5.599,1300.0,17228.0,,13.0,2024-09-30,2024-09,"500ETF
510500.XSHG"
2024-09-30 09:42:00,等级校准,500ETF,510500.XSHG,,,17228.0,,,2024-09-30,2024-09,"500ETF
510500.XSHG"
2024-09-30 09:53:00,加仓,创业板ETF易方达,159915.XSHE,1.933,4000.0,55400.0,,13.0,2024-09-30,2024-09,"创业板ETF易方达
159915.XSHE"
2024-09-30 10:19:00,止盈,创业板ETF易方达,159915.XSHE,1.994,4100.0,51300.0,249.28,12.0,2024-09-30,2024-09,"创业板ETF易方达
159915.XSHE"
2024-09-30 10:54:00,止盈,500ETF,510500.XSHG,5.775,1400.0,15828.0,245.59,12.0,2024-09-30,2024-09,"500ETF
510500.XSHG"
2024-09-30 10:58:00,止盈,创业板ETF易方达,159915.XSHE,2.054,4000.0,47300.0,239.18,12.0,2024-09-30,2024-09,"创业板ETF易方达
159915.XSHE"
2024-09-30 13:02:00,止盈,创业板ETF易方达,159915.XSHE,2.126,3800.0,43500.0,272.79,11.0,2024-09-30,2024-09,"创业板ETF易方达
159915.XSHE"
2024-09-30 13:37:00,止盈,500ETF,510500.XSHG,5.949,1300.0,14528.0,225.43,11.0,2024-09-30,2024-09,"500ETF
510500.XSHG"
2024-09-30 13:48:00,止盈,创业板ETF易方达,159915.XSHE,2.192,3700.0,39800.0,243.39,11.0,2024-09-30,2024-09,"创业板ETF易方达
159915.XSHE"
2024-09-30 14:25:00,加仓,创业板ETF易方达,159915.XSHE,2.115,3600.0,43400.0,,12.0,2024-09-30,2024-09,"创业板ETF易方达
159915.XSHE"
2024-09-30 14:26:00,等级校准,创业板ETF易方达,159915.XSHE,,,43400.0,,,2024-09-30,2024-09,"创业板ETF易方达
159915.XSHE"
2024-09-30 14:45:00,止盈,创业板ETF易方达,159915.XSHE,2.181,3700.0,39700.0,243.39,11.0,2024-09-30,2024-09,"创业板ETF易方达
159915.XSHE"
2024-10-08 09:31:00,止盈,500ETF,510500.XSHG,6.595,1300.0,13228.0,838.94,11.0,2024-10-08,2024-10,"500ETF
510500.XSHG"
2024-10-08 09:31:00,止盈,创业板ETF易方达,159915.XSHE,2.678,3600.0,36100.0,1788.24,12.0,2024-10-08,2024-10,"创业板ETF易方达
159915.XSHE"
2024-10-08 09:43:00,加仓,创业板ETF易方达,159915.XSHE,2.556,2900.0,39000.0,,13.0,2024-10-08,2024-10,"创业板ETF易方达
159915.XSHE"
2024-10-08 09:44:00,等级校准,创业板ETF易方达,159915.XSHE,,,39000.0,,,2024-10-08,2024-10,"创业板ETF易方达
159915.XSHE"
2024-10-08 09:47:00,加仓,500ETF,510500.XSHG,6.394,1200.0,14428.0,,12.0,2024-10-08,2024-10,"500ETF
510500.XSHG"
2024-10-08 10:32:00,加仓,500ETF,510500.XSHG,6.202,1200.0,15628.0,,13.0,2024-10-08,2024-10,"500ETF
510500.XSHG"
2024-10-08 10:34:00,加仓,创业板ETF易方达,159915.XSHE,2.471,3100.0,42100.0,,13.0,2024-10-08,2024-10,"创业板ETF易方达
159915.XSHE"
2024-10-08 10:37:00,加仓,创业板ETF易方达,159915.XSHE,2.339,3200.0,45300.0,,14.0,2024-10-08,2024-10,"创业板ETF易方达
159915.XSHE"
2024-10-08 10:38:00,加仓,500ETF,510500.XSHG,6.007,1200.0,16828.0,,14.0,2024-10-08,2024-10,"500ETF
510500.XSHG"
2024-10-08 10:38:00,等级校准,创业板ETF易方达,159915.XSHE,,,45300.0,,,2024-10-08,2024-10,"创业板ETF易方达
159915.XSHE"
2024-10-08 10:39:00,等级校准,500ETF,510500.XSHG,,,16828.0,,,2024-10-08,2024-10,"500ETF
510500.XSHG"
2024-10-08 10:43:00,止盈,500ETF,510500.XSHG,6.202,1300.0,15528.0,252.69,12.0,2024-10-08,2024-10,"500ETF
510500.XSHG"
2024-10-08 10:43:00,止盈,创业板ETF易方达,159915.XSHE,2.422,3400.0,41900.0,281.38,12.0,2024-10-08,2024-10,"创业板ETF易方达
159915.XSHE"
2024-10-08 10:45:00,止盈,创业板ETF易方达,159915.XSHE,2.509,3300.0,38600.0,286.27,12.0,2024-10-08,2024-10,"创业板ETF易方达
159915.XSHE"
2024-10-08 10:52:00,加仓,创业板ETF易方达,159915.XSHE,2.407,3100.0,41700.0,,13.0,2024-10-08,2024-10,"创业板ETF易方达
159915.XSHE"
2024-10-08 10:53:00,等级校准,创业板ETF易方达,159915.XSHE,,,41700.0,,,2024-10-08,2024-10,"创业板ETF易方达
159915.XSHE"
2024-10-08 11:09:00,止盈,创业板ETF易方达,159915.XSHE,2.502,3300.0,38400.0,312.67,12.0,2024-10-08,2024-10,"创业板ETF易方达
159915.XSHE"
2024-10-08 13:36:00,加仓,创业板ETF易方达,159915.XSHE,2.416,3100.0,41500.0,,13.0,2024-10-08,2024-10,"创业板ETF易方达
159915.XSHE"
2024-10-08 13:37:00,等级校准,创业板ETF易方达,159915.XSHE,,,41500.0,,,2024-10-08,2024-10,"创业板ETF易方达
159915.XSHE"
2024-10-08 14:02:00,止盈,创业板ETF易方达,159915.XSHE,2.493,3300.0,38200.0,253.28,11.0,2024-10-08,2024-10,"创业板ETF易方达
159915.XSHE"
2024-10-08 14:29:00,止盈,创业板ETF易方达,159915.XSHE,2.579,3200.0,35000.0,274.37,11.0,2024-10-08,2024-10,"创业板ETF易方达
159915.XSHE"
2024-10-08 14:41:00,止盈,创业板ETF易方达,159915.XSHE,2.668,3100.0,31900.0,275.07,11.0,2024-10-08,2024-10,"创业板ETF易方达
159915.XSHE"
2024-10-09 09:31:00,加仓,创业板ETF易方达,159915.XSHE,2.389,2900.0,34800.0,,12.0,2024-10-09,2024-10,"创业板ETF易方达
159915.XSHE"
2024-10-09 09:32:00,加仓,500ETF,510500.XSHG,5.986,1200.0,16728.0,,13.0,2024-10-09,2024-10,"500ETF
510500.XSHG"
2024-10-09 09:32:00,等级校准,创业板ETF易方达,159915.XSHE,,,34800.0,,,2024-10-09,2024-10,"创业板ETF易方达
159915.XSHE"
2024-10-09 09:32:00,加仓,创业板ETF易方达,159915.XSHE,2.271,3300.0,38100.0,,11.0,2024-10-09,2024-10,"创业板ETF易方达
159915.XSHE"
2024-10-09 09:33:00,等级校准,500ETF,510500.XSHG,,,16728.0,,,2024-10-09,2024-10,"500ETF
510500.XSHG"
2024-10-09 09:33:00,等级校准,创业板ETF易方达,159915.XSHE,,,38100.0,,,2024-10-09,2024-10,"创业板ETF易方达
159915.XSHE"
2024-10-09 09:34:00,止盈,创业板ETF易方达,159915.XSHE,2.35,3500.0,34600.0,275.68,10.0,2024-10-09,2024-10,"创业板ETF易方达
159915.XSHE"
2024-10-09 09:51:00,止盈,创业板ETF易方达,159915.XSHE,2.43,3400.0,31200.0,271.17,9.0,2024-10-09,2024-10,"创业板ETF易方达
159915.XSHE"
2024-10-09 09:52:00,止盈,500ETF,510500.XSHG,6.171,1300.0,15428.0,239.7,12.0,2024-10-09,2024-10,"500ETF
510500.XSHG"
2024-10-09 10:11:00,加仓,创业板ETF易方达,159915.XSHE,2.35,3200.0,34400.0,,10.0,2024-10-09,2024-10,"创业板ETF易方达
159915.XSHE"
2024-10-09 10:35:00,加仓,500ETF,510500.XSHG,5.973,1200.0,16628.0,,13.0,2024-10-09,2024-10,"500ETF
510500.XSHG"
2024-10-09 10:36:00,等级校准,500ETF,510500.XSHG,,,16628.0,,,2024-10-09,2024-10,"500ETF
510500.XSHG"
2024-10-09 11:11:00,加仓,创业板ETF易方达,159915.XSHE,2.279,3400.0,37800.0,,11.0,2024-10-09,2024-10,"创业板ETF易方达
159915.XSHE"
2024-10-09 11:12:00,等级校准,创业板ETF易方达,159915.XSHE,,,37800.0,,,2024-10-09,2024-10,"创业板ETF易方达
159915.XSHE"
2024-10-09 11:21:00,加仓,500ETF,510500.XSHG,5.792,1300.0,17928.0,,13.0,2024-10-09,2024-10,"500ETF
510500.XSHG"
2024-10-09 13:02:00,止盈,500ETF,510500.XSHG,5.991,1300.0,16628.0,257.92,12.0,2024-10-09,2024-10,"500ETF
510500.XSHG"
2024-10-09 13:02:00,止盈,创业板ETF易方达,159915.XSHE,2.361,3500.0,34300.0,286.17,10.0,2024-10-09,2024-10,"创业板ETF易方达
159915.XSHE"
2024-10-09 13:37:00,止盈,创业板ETF易方达,159915.XSHE,2.432,3300.0,31000.0,233.5,9.0,2024-10-09,2024-10,"创业板ETF易方达
159915.XSHE"
2024-10-09 14:20:00,加仓,创业板ETF易方达,159915.XSHE,2.352,3200.0,34200.0,,10.0,2024-10-09,2024-10,"创业板ETF易方达
159915.XSHE"
2024-10-09 14:46:00,加仓,创业板ETF易方达,159915.XSHE,2.275,3400.0,37600.0,,11.0,2024-10-09,2024-10,"创业板ETF易方达
159915.XSHE"
2024-10-09 14:47:00,等级校准,创业板ETF易方达,159915.XSHE,,,37600.0,,,2024-10-09,2024-10,"创业板ETF易方达
159915.XSHE"
2024-10-10 09:34:00,加仓,创业板ETF易方达,159915.XSHE,2.19,3500.0,41100.0,,11.0,2024-10-10,2024-10,"创业板ETF易方达
159915.XSHE"
2024-10-10 09:43:00,止盈,创业板ETF易方达,159915.XSHE,2.258,3600.0,37500.0,243.99,10.0,2024-10-10,2024-10,"创业板ETF易方达
159915.XSHE"
2024-10-10 09:54:00,加仓,500ETF,510500.XSHG,5.806,1300.0,17928.0,,13.0,2024-10-10,2024-10,"500ETF
510500.XSHG"
2024-10-10 09:56:00,加仓,创业板ETF易方达,159915.XSHE,2.19,3500.0,41000.0,,11.0,2024-10-10,2024-10,"创业板ETF易方达
159915.XSHE"
2024-10-10 11:17:00,止盈,创业板ETF易方达,159915.XSHE,2.257,3600.0,37400.0,240.39,10.0,2024-10-10,2024-10,"创业板ETF易方达
159915.XSHE"
2024-10-10 14:20:00,加仓,创业板ETF易方达,159915.XSHE,2.186,3500.0,40900.0,,11.0,2024-10-10,2024-10,"创业板ETF易方达
159915.XSHE"
2024-10-11 09:38:00,加仓,创业板ETF易方达,159915.XSHE,2.118,3600.0,44500.0,,12.0,2024-10-11,2024-10,"创业板ETF易方达
159915.XSHE"
2024-10-11 10:02:00,加仓,500ETF,510500.XSHG,5.626,1300.0,19228.0,,14.0,2024-10-11,2024-10,"500ETF
510500.XSHG"
2024-10-11 10:03:00,等级校准,500ETF,510500.XSHG,,,19228.0,,,2024-10-11,2024-10,"500ETF
510500.XSHG"
2024-10-11 10:14:00,加仓,创业板ETF易方达,159915.XSHE,2.054,3700.0,48200.0,,13.0,2024-10-11,2024-10,"创业板ETF易方达
159915.XSHE"
2024-10-11 10:15:00,等级校准,创业板ETF易方达,159915.XSHE,,,48200.0,,,2024-10-11,2024-10,"创业板ETF易方达
159915.XSHE"
2024-10-14 13:25:00,止盈,创业板ETF易方达,159915.XSHE,2.119,3800.0,44400.0,246.19,12.0,2024-10-14,2024-10,"创业板ETF易方达
159915.XSHE"
2024-10-14 14:21:00,止盈,黄金ETF,518880.XSHG,5.784,1400.0,6300.0,238.59,4.0,2024-10-14,2024-10,"黄金ETF
518880.XSHG"
2024-10-15 09:31:00,止盈,纳指ETF,513100.XSHG,1.46,5600.0,41800.0,273.58,7.0,2024-10-15,2024-10,"纳指ETF
513100.XSHG"
2024-10-15 14:43:00,加仓,创业板ETF易方达,159915.XSHE,2.055,3700.0,48100.0,,13.0,2024-10-15,2024-10,"创业板ETF易方达
159915.XSHE"
2024-10-15 14:44:00,等级校准,创业板ETF易方达,159915.XSHE,,,48100.0,,,2024-10-15,2024-10,"创业板ETF易方达
159915.XSHE"
2024-10-16 14:09:00,加仓,创业板ETF易方达,159915.XSHE,1.993,3800.0,51900.0,,13.0,2024-10-16,2024-10,"创业板ETF易方达
159915.XSHE"
2024-10-16 14:10:00,等级校准,创业板ETF易方达,159915.XSHE,,,51900.0,,,2024-10-16,2024-10,"创业板ETF易方达
159915.XSHE"
2024-10-18 09:31:00,止盈,黄金ETF,518880.XSHG,5.961,1300.0,5000.0,229.33,3.0,2024-10-18,2024-10,"黄金ETF
518880.XSHG"
2024-10-18 10:38:00,止盈,创业板ETF易方达,159915.XSHE,2.054,4000.0,47900.0,243.18,12.0,2024-10-18,2024-10,"创业板ETF易方达
159915.XSHE"
2024-10-18 13:13:00,止盈,创业板ETF易方达,159915.XSHE,2.119,3800.0,44100.0,246.19,11.0,2024-10-18,2024-10,"创业板ETF易方达
159915.XSHE"
2024-10-18 14:19:00,止盈,500ETF,510500.XSHG,5.798,1400.0,17828.0,239.99,13.0,2024-10-18,2024-10,"500ETF
510500.XSHG"
2024-10-18 14:19:00,止盈,创业板ETF易方达,159915.XSHE,2.187,3700.0,40400.0,250.79,11.0,2024-10-18,2024-10,"创业板ETF易方达
159915.XSHE"
2024-10-28 10:57:00,止盈,500ETF,510500.XSHG,5.972,1300.0,16528.0,225.42,12.0,2024-10-28,2024-10,"500ETF
510500.XSHG"
2024-10-30 09:31:00,加仓,创业板ETF易方达,159915.XSHE,2.119,3600.0,44000.0,,12.0,2024-10-30,2024-10,"创业板ETF易方达
159915.XSHE"
2024-10-30 09:32:00,等级校准,创业板ETF易方达,159915.XSHE,,,44000.0,,,2024-10-30,2024-10,"创业板ETF易方达
159915.XSHE"
2024-10-30 14:36:00,止盈,黄金ETF,518880.XSHG,6.14,1300.0,3700.0,231.9,2.0,2024-10-30,2024-10,"黄金ETF
518880.XSHG"
2024-11-05 10:03:00,止盈,创业板ETF易方达,159915.XSHE,2.184,3700.0,40300.0,239.69,11.0,2024-11-05,2024-11,"创业板ETF易方达
159915.XSHE"
2024-11-05 10:17:00,止盈,500ETF,510500.XSHG,6.155,1300.0,15228.0,237.1,12.0,2024-11-05,2024-11,"500ETF
510500.XSHG"
2024-11-05 13:23:00,止盈,创业板ETF易方达,159915.XSHE,2.25,3600.0,36700.0,236.79,10.0,2024-11-05,2024-11,"创业板ETF易方达
159915.XSHE"
2024-11-07 09:31:00,止盈,纳指ETF,513100.XSHG,1.515,5400.0,36400.0,296.18,7.0,2024-11-07,2024-11,"纳指ETF
513100.XSHG"
2024-11-07 09:31:00,加仓,黄金ETF,518880.XSHG,5.867,1300.0,5000.0,,3.0,2024-11-07,2024-11,"黄金ETF
518880.XSHG"
2024-11-07 14:40:00,止盈,500ETF,510500.XSHG,6.34,1200.0,14028.0,221.24,11.0,2024-11-07,2024-11,"500ETF
510500.XSHG"
2024-11-08 09:31:00,止盈,创业板ETF易方达,159915.XSHE,2.355,3500.0,33200.0,366.68,10.0,2024-11-08,2024-11,"创业板ETF易方达
159915.XSHE"
2024-11-08 14:26:00,加仓,创业板ETF易方达,159915.XSHE,2.284,3300.0,36500.0,,11.0,2024-11-08,2024-11,"创业板ETF易方达
159915.XSHE"
2024-11-08 14:27:00,等级校准,创业板ETF易方达,159915.XSHE,,,36500.0,,,2024-11-08,2024-11,"创业板ETF易方达
159915.XSHE"
2024-11-12 09:31:00,止盈,创业板ETF易方达,159915.XSHE,2.368,3500.0,33000.0,293.17,10.0,2024-11-12,2024-11,"创业板ETF易方达
159915.XSHE"
2024-11-14 13:40:00,加仓,黄金ETF,518880.XSHG,5.69,1300.0,6300.0,,4.0,2024-11-14,2024-11,"黄金ETF
518880.XSHG"
2024-11-14 14:40:00,加仓,创业板ETF易方达,159915.XSHE,2.296,3300.0,36300.0,,11.0,2024-11-14,2024-11,"创业板ETF易方达
159915.XSHE"
2024-11-14 14:41:00,等级校准,创业板ETF易方达,159915.XSHE,,,36300.0,,,2024-11-14,2024-11,"创业板ETF易方达
159915.XSHE"
2024-11-15 09:46:00,加仓,500ETF,510500.XSHG,6.148,1200.0,15228.0,,12.0,2024-11-15,2024-11,"500ETF
510500.XSHG"
2024-11-15 09:47:00,等级校准,500ETF,510500.XSHG,,,15228.0,,,2024-11-15,2024-11,"500ETF
510500.XSHG"
2024-11-15 14:12:00,加仓,创业板ETF易方达,159915.XSHE,2.226,3400.0,39700.0,,11.0,2024-11-15,2024-11,"创业板ETF易方达
159915.XSHE"
2024-11-18 09:48:00,加仓,500ETF,510500.XSHG,5.961,1300.0,16528.0,,12.0,2024-11-18,2024-11,"500ETF
510500.XSHG"
2024-11-18 09:49:00,加仓,创业板ETF易方达,159915.XSHE,2.156,3500.0,43200.0,,12.0,2024-11-18,2024-11,"创业板ETF易方达
159915.XSHE"
2024-11-18 09:50:00,等级校准,创业板ETF易方达,159915.XSHE,,,43200.0,,,2024-11-18,2024-11,"创业板ETF易方达
159915.XSHE"
2024-11-20 09:31:00,止盈,黄金ETF,518880.XSHG,5.891,1400.0,4900.0,280.58,3.0,2024-11-20,2024-11,"黄金ETF
518880.XSHG"
2024-11-20 11:22:00,止盈,创业板ETF易方达,159915.XSHE,2.221,3700.0,39500.0,239.68,10.0,2024-11-20,2024-11,"创业板ETF易方达
159915.XSHE"
2024-11-22 14:39:00,加仓,创业板ETF易方达,159915.XSHE,2.152,3600.0,43100.0,,11.0,2024-11-22,2024-11,"创业板ETF易方达
159915.XSHE"
2024-11-25 13:59:00,加仓,500ETF,510500.XSHG,5.782,1300.0,17828.0,,13.0,2024-11-25,2024-11,"500ETF
510500.XSHG"
2024-11-27 09:48:00,加仓,创业板ETF易方达,159915.XSHE,2.085,3700.0,46800.0,,12.0,2024-11-27,2024-11,"创业板ETF易方达
159915.XSHE"
2024-11-27 14:25:00,止盈,创业板ETF易方达,159915.XSHE,2.148,3800.0,43000.0,238.58,11.0,2024-11-27,2024-11,"创业板ETF易方达
159915.XSHE"
2024-11-29 11:25:00,止盈,500ETF,510500.XSHG,5.956,1300.0,16528.0,225.43,12.0,2024-11-29,2024-11,"500ETF
510500.XSHG"
2024-11-29 13:02:00,止盈,创业板ETF易方达,159915.XSHE,2.219,3700.0,39300.0,261.88,10.0,2024-11-29,2024-11,"创业板ETF易方达
159915.XSHE"
2024-12-03 09:36:00,止盈,纳指ETF,513100.XSHG,1.561,5200.0,31200.0,238.39,6.0,2024-12-03,2024-12,"纳指ETF
513100.XSHG"
2024-12-09 13:20:00,止盈,纳指ETF,513100.XSHG,1.608,5100.0,26100.0,238.88,5.0,2024-12-09,2024-12,"纳指ETF
513100.XSHG"
2024-12-10 09:31:00,止盈,500ETF,510500.XSHG,6.266,1300.0,15228.0,402.19,12.0,2024-12-10,2024-12,"500ETF
510500.XSHG"
2024-12-10 09:31:00,止盈,创业板ETF易方达,159915.XSHE,2.312,3600.0,35700.0,333.97,10.0,2024-12-10,2024-12,"创业板ETF易方达
159915.XSHE"
2024-12-10 13:32:00,加仓,创业板ETF易方达,159915.XSHE,2.242,3400.0,39100.0,,11.0,2024-12-10,2024-12,"创业板ETF易方达
159915.XSHE"
2024-12-16 09:32:00,加仓,500ETF,510500.XSHG,6.068,1200.0,16428.0,,13.0,2024-12-16,2024-12,"500ETF
510500.XSHG"
2024-12-16 09:33:00,等级校准,500ETF,510500.XSHG,,,16428.0,,,2024-12-16,2024-12,"500ETF
510500.XSHG"
2024-12-16 09:41:00,加仓,创业板ETF易方达,159915.XSHE,2.174,3500.0,42600.0,,12.0,2024-12-16,2024-12,"创业板ETF易方达
159915.XSHE"
2024-12-16 09:42:00,等级校准,创业板ETF易方达,159915.XSHE,,,42600.0,,,2024-12-16,2024-12,"创业板ETF易方达
159915.XSHE"
2024-12-17 09:31:00,止盈,纳指ETF,513100.XSHG,1.677,4900.0,21200.0,337.28,4.0,2024-12-17,2024-12,"纳指ETF
513100.XSHG"
2024-12-19 09:31:00,加仓,纳指ETF,513100.XSHG,1.618,4700.0,25900.0,,5.0,2024-12-19,2024-12,"纳指ETF
513100.XSHG"
2024-12-24 09:31:00,止盈,纳指ETF,513100.XSHG,1.673,4900.0,21000.0,268.68,4.0,2024-12-24,2024-12,"纳指ETF
513100.XSHG"
2024-12-31 09:32:00,加仓,纳指ETF,513100.XSHG,1.622,4700.0,25700.0,,5.0,2024-12-31,2024-12,"纳指ETF
513100.XSHG"
2024-12-31 11:09:00,加仓,500ETF,510500.XSHG,5.885,1300.0,17728.0,,13.0,2024-12-31,2024-12,"500ETF
510500.XSHG"
2024-12-31 14:30:00,加仓,创业板ETF易方达,159915.XSHE,2.106,3600.0,46200.0,,12.0,2024-12-31,2024-12,"创业板ETF易方达
159915.XSHE"
2025-01-02 13:38:00,加仓,500ETF,510500.XSHG,5.707,1300.0,19028.0,,14.0,2025-01-02,2025-01,"500ETF
510500.XSHG"
2025-01-02 13:39:00,等级校准,500ETF,510500.XSHG,,,19028.0,,,2025-01-02,2025-01,"500ETF
510500.XSHG"
2025-01-02 13:48:00,加仓,创业板ETF易方达,159915.XSHE,2.042,3700.0,49900.0,,13.0,2025-01-02,2025-01,"创业板ETF易方达
159915.XSHE"
2025-01-02 13:49:00,等级校准,创业板ETF易方达,159915.XSHE,,,49900.0,,,2025-01-02,2025-01,"创业板ETF易方达
159915.XSHE"
2025-01-03 14:13:00,加仓,500ETF,510500.XSHG,5.531,1400.0,20428.0,,14.0,2025-01-03,2025-01,"500ETF
510500.XSHG"
2025-01-03 14:17:00,加仓,创业板ETF易方达,159915.XSHE,1.98,3900.0,53800.0,,13.0,2025-01-03,2025-01,"创业板ETF易方达
159915.XSHE"
2025-01-07 09:31:00,止盈,纳指ETF,513100.XSHG,1.687,4900.0,20800.0,317.67,4.0,2025-01-07,2025-01,"纳指ETF
513100.XSHG"
2025-01-08 09:31:00,加仓,纳指ETF,513100.XSHG,1.634,4700.0,25500.0,,5.0,2025-01-08,2025-01,"纳指ETF
513100.XSHG"
2025-01-10 09:31:00,止盈,黄金ETF,518880.XSHG,6.083,1300.0,3600.0,248.81,2.0,2025-01-10,2025-01,"黄金ETF
518880.XSHG"
2025-01-13 09:31:00,加仓,创业板ETF易方达,159915.XSHE,1.92,4000.0,57800.0,,14.0,2025-01-13,2025-01,"创业板ETF易方达
159915.XSHE"
2025-01-14 09:59:00,止盈,创业板ETF易方达,159915.XSHE,1.978,4100.0,53700.0,236.99,13.0,2025-01-14,2025-01,"创业板ETF易方达
159915.XSHE"
2025-01-16 09:45:00,止盈,创业板ETF易方达,159915.XSHE,2.038,4000.0,49700.0,239.18,12.0,2025-01-16,2025-01,"创业板ETF易方达
159915.XSHE"
2025-01-23 09:41:00,止盈,500ETF,510500.XSHG,5.709,1400.0,19028.0,248.4,13.0,2025-01-23,2025-01,"500ETF
510500.XSHG"
2025-01-23 09:41:00,止盈,创业板ETF易方达,159915.XSHE,2.101,3900.0,45800.0,244.88,12.0,2025-01-23,2025-01,"创业板ETF易方达
159915.XSHE"
2025-01-27 14:42:00,加仓,创业板ETF易方达,159915.XSHE,2.037,3800.0,49600.0,,13.0,2025-01-27,2025-01,"创业板ETF易方达
159915.XSHE"
2025-01-27 14:43:00,等级校准,创业板ETF易方达,159915.XSHE,,,49600.0,,,2025-01-27,2025-01,"创业板ETF易方达
159915.XSHE"
2025-02-05 09:31:00,止盈,黄金ETF,518880.XSHG,6.4,1300.0,2300.0,411.27,1.0,2025-02-05,2025-02,"黄金ETF
518880.XSHG"
2025-02-07 09:52:00,止盈,创业板ETF易方达,159915.XSHE,2.1,3900.0,45700.0,244.88,12.0,2025-02-07,2025-02,"创业板ETF易方达
159915.XSHE"
2025-02-07 11:26:00,止盈,500ETF,510500.XSHG,5.886,1400.0,17628.0,246.98,13.0,2025-02-07,2025-02,"500ETF
510500.XSHG"
2025-02-11 09:31:00,止盈,黄金ETF,518880.XSHG,6.622,1200.0,1100.0,265.61,1.0,2025-02-11,2025-02,"黄金ETF
518880.XSHG"
2025-02-14 10:51:00,止盈,创业板ETF易方达,159915.XSHE,2.167,3800.0,41900.0,253.78,11.0,2025-02-14,2025-02,"创业板ETF易方达
159915.XSHE"
2025-02-21 13:02:00,止盈,创业板ETF易方达,159915.XSHE,2.235,3600.0,38300.0,244.0,10.0,2025-02-21,2025-02,"创业板ETF易方达
159915.XSHE"
2025-02-21 14:22:00,止盈,500ETF,510500.XSHG,6.063,1300.0,16328.0,229.31,12.0,2025-02-21,2025-02,"500ETF
510500.XSHG"
2025-02-24 09:31:00,加仓,纳指ETF,513100.XSHG,1.581,4800.0,30300.0,,6.0,2025-02-24,2025-02,"纳指ETF
513100.XSHG"
2025-02-28 09:31:00,加仓,纳指ETF,513100.XSHG,1.528,5000.0,35300.0,,7.0,2025-02-28,2025-02,"纳指ETF
513100.XSHG"
2025-02-28 09:32:00,等级校准,纳指ETF,513100.XSHG,,,35300.0,,,2025-02-28,2025-02,"纳指ETF
513100.XSHG"
2025-02-28 10:57:00,加仓,创业板ETF易方达,159915.XSHE,2.167,3500.0,41800.0,,11.0,2025-02-28,2025-02,"创业板ETF易方达
159915.XSHE"
2025-02-28 14:11:00,加仓,500ETF,510500.XSHG,5.881,1300.0,17628.0,,13.0,2025-02-28,2025-02,"500ETF
510500.XSHG"
2025-03-06 14:31:00,止盈,500ETF,510500.XSHG,6.058,1300.0,16328.0,229.31,12.0,2025-03-06,2025-03,"500ETF
510500.XSHG"
2025-03-11 09:31:00,加仓,纳指ETF,513100.XSHG,1.429,5200.0,40500.0,,7.0,2025-03-11,2025-03,"纳指ETF
513100.XSHG"
2025-03-20 09:31:00,止盈（部分）,黄金ETF,518880.XSHG,6.821,1100.0,0.0,218.15,0.0,2025-03-20,2025-03,"黄金ETF
518880.XSHG"
2025-03-20 09:31:00,清仓,黄金ETF,518880.XSHG,,,,,0.0,2025-03-20,2025-03,"黄金ETF
518880.XSHG"
2025-03-20 09:32:00,重装建仓,黄金ETF,518880.XSHG,6.82,11700.0,11700.0,,,2025-03-20,2025-03,"黄金ETF
518880.XSHG"
2025-03-20 09:33:00,底仓到账,黄金ETF,518880.XSHG,,,11700.0,,10.0,2025-03-20,2025-03,"黄金ETF
518880.XSHG"
2025-03-20 10:43:00,止盈,纳指ETF,513100.XSHG,1.472,5500.0,35000.0,235.69,6.0,2025-03-20,2025-03,"纳指ETF
513100.XSHG"
2025-03-24 13:06:00,加仓,创业板ETF易方达,159915.XSHE,2.101,3600.0,45400.0,,12.0,2025-03-24,2025-03,"创业板ETF易方达
159915.XSHE"
2025-03-24 13:07:00,等级校准,创业板ETF易方达,159915.XSHE,,,45400.0,,,2025-03-24,2025-03,"创业板ETF易方达
159915.XSHE"
2025-03-25 09:31:00,止盈,纳指ETF,513100.XSHG,1.523,5400.0,29600.0,274.58,5.0,2025-03-25,2025-03,"纳指ETF
513100.XSHG"
2025-03-28 09:31:00,加仓,纳指ETF,513100.XSHG,1.477,5200.0,34800.0,,6.0,2025-03-28,2025-03,"纳指ETF
513100.XSHG"
2025-03-31 09:31:00,加仓,纳指ETF,513100.XSHG,1.428,5400.0,40200.0,,7.0,2025-03-31,2025-03,"纳指ETF
513100.XSHG"
2025-03-31 09:34:00,加仓,500ETF,510500.XSHG,5.873,1300.0,17628.0,,13.0,2025-03-31,2025-03,"500ETF
510500.XSHG"
2025-03-31 11:11:00,止盈,黄金ETF,518880.XSHG,7.035,1100.0,10600.0,235.73,9.0,2025-03-31,2025-03,"黄金ETF
518880.XSHG"
2025-04-03 10:12:00,加仓,创业板ETF易方达,159915.XSHE,2.037,3800.0,49200.0,,12.0,2025-04-03,2025-04,"创业板ETF易方达
159915.XSHE"
2025-04-07 09:31:00,加仓,纳指ETF,513100.XSHG,1.272,5600.0,45800.0,,8.0,2025-04-07,2025-04,"纳指ETF
513100.XSHG"
2025-04-07 09:31:00,加仓,500ETF,510500.XSHG,5.624,1300.0,18928.0,,14.0,2025-04-07,2025-04,"500ETF
510500.XSHG"
2025-04-07 09:31:00,加仓,创业板ETF易方达,159915.XSHE,1.911,3900.0,53100.0,,13.0,2025-04-07,2025-04,"创业板ETF易方达
159915.XSHE"
2025-04-07 09:32:00,等级校准,纳指ETF,513100.XSHG,,,45800.0,,,2025-04-07,2025-04,"纳指ETF
513100.XSHG"
2025-04-07 09:32:00,等级校准,500ETF,510500.XSHG,,,18928.0,,,2025-04-07,2025-04,"500ETF
510500.XSHG"
2025-04-07 09:32:00,等级校准,创业板ETF易方达,159915.XSHE,,,53100.0,,,2025-04-07,2025-04,"创业板ETF易方达
159915.XSHE"
2025-04-07 09:40:00,加仓,500ETF,510500.XSHG,5.452,1400.0,20328.0,,14.0,2025-04-07,2025-04,"500ETF
510500.XSHG"
2025-04-07 09:40:00,加仓,创业板ETF易方达,159915.XSHE,1.852,4100.0,57200.0,,13.0,2025-04-07,2025-04,"创业板ETF易方达
159915.XSHE"
2025-04-07 09:53:00,加仓,创业板ETF易方达,159915.XSHE,1.795,4300.0,61500.0,,14.0,2025-04-07,2025-04,"创业板ETF易方达
159915.XSHE"
2025-04-07 09:54:00,等级校准,创业板ETF易方达,159915.XSHE,,,61500.0,,,2025-04-07,2025-04,"创业板ETF易方达
159915.XSHE"
2025-04-07 10:01:00,止盈,创业板ETF易方达,159915.XSHE,1.85,4400.0,57100.0,241.19,13.0,2025-04-07,2025-04,"创业板ETF易方达
159915.XSHE"
2025-04-07 13:45:00,加仓,创业板ETF易方达,159915.XSHE,1.794,4300.0,61400.0,,14.0,2025-04-07,2025-04,"创业板ETF易方达
159915.XSHE"
2025-04-07 13:46:00,等级校准,创业板ETF易方达,159915.XSHE,,,61400.0,,,2025-04-07,2025-04,"创业板ETF易方达
159915.XSHE"
2025-04-07 13:59:00,加仓,500ETF,510500.XSHG,5.288,1400.0,21728.0,,15.0,2025-04-07,2025-04,"500ETF
510500.XSHG"
2025-04-07 14:00:00,等级校准,500ETF,510500.XSHG,,,21728.0,,,2025-04-07,2025-04,"500ETF
510500.XSHG"
2025-04-07 14:16:00,加仓,创业板ETF易方达,159915.XSHE,1.738,4400.0,65800.0,,14.0,2025-04-07,2025-04,"创业板ETF易方达
159915.XSHE"
2025-04-08 09:31:00,止盈,创业板ETF易方达,159915.XSHE,1.808,4600.0,61200.0,321.17,13.0,2025-04-08,2025-04,"创业板ETF易方达
159915.XSHE"
2025-04-08 09:32:00,止盈,纳指ETF,513100.XSHG,1.312,6200.0,39600.0,247.19,6.0,2025-04-08,2025-04,"纳指ETF
513100.XSHG"
2025-04-09 09:31:00,加仓,纳指ETF,513100.XSHG,1.27,6000.0,45600.0,,7.0,2025-04-09,2025-04,"纳指ETF
513100.XSHG"
2025-04-09 09:38:00,加仓,创业板ETF易方达,159915.XSHE,1.75,4400.0,65600.0,,14.0,2025-04-09,2025-04,"创业板ETF易方达
159915.XSHE"
2025-04-09 10:01:00,止盈,创业板ETF易方达,159915.XSHE,1.804,4500.0,61100.0,242.19,13.0,2025-04-09,2025-04,"创业板ETF易方达
159915.XSHE"
2025-04-09 10:45:00,止盈,纳指ETF,513100.XSHG,1.309,6200.0,39400.0,240.99,6.0,2025-04-09,2025-04,"纳指ETF
513100.XSHG"
2025-04-09 13:11:00,加仓,纳指ETF,513100.XSHG,1.269,6100.0,45500.0,,7.0,2025-04-09,2025-04,"纳指ETF
513100.XSHG"
2025-04-09 14:16:00,止盈,500ETF,510500.XSHG,5.448,1500.0,20228.0,239.18,14.0,2025-04-09,2025-04,"500ETF
510500.XSHG"
2025-04-10 09:31:00,止盈,纳指ETF,513100.XSHG,1.43,6300.0,39200.0,1013.4,7.0,2025-04-10,2025-04,"纳指ETF
513100.XSHG"
2025-04-10 09:31:00,止盈,创业板ETF易方达,159915.XSHE,1.881,4400.0,56700.0,337.97,13.0,2025-04-10,2025-04,"创业板ETF易方达
159915.XSHE"
2025-04-11 09:31:00,加仓,纳指ETF,513100.XSHG,1.372,5500.0,44700.0,,8.0,2025-04-11,2025-04,"纳指ETF
513100.XSHG"
2025-04-11 09:31:00,止盈,黄金ETF,518880.XSHG,7.324,1100.0,9500.0,317.09,9.0,2025-04-11,2025-04,"黄金ETF
518880.XSHG"
2025-04-11 09:32:00,等级校准,纳指ETF,513100.XSHG,,,44700.0,,,2025-04-11,2025-04,"纳指ETF
513100.XSHG"
2025-04-11 13:44:00,止盈,500ETF,510500.XSHG,5.617,1400.0,18828.0,235.81,13.0,2025-04-11,2025-04,"500ETF
510500.XSHG"
2025-04-11 14:02:00,止盈,纳指ETF,513100.XSHG,1.415,5800.0,38900.0,248.58,6.0,2025-04-11,2025-04,"纳指ETF
513100.XSHG"
2025-04-17 09:31:00,止盈,黄金ETF,518880.XSHG,7.65,1000.0,8500.0,325.24,8.0,2025-04-17,2025-04,"黄金ETF
518880.XSHG"
2025-04-21 09:32:00,加仓,纳指ETF,513100.XSHG,1.372,5600.0,44500.0,,7.0,2025-04-21,2025-04,"纳指ETF
513100.XSHG"
2025-04-22 09:34:00,止盈,黄金ETF,518880.XSHG,7.886,1000.0,7500.0,235.21,7.0,2025-04-22,2025-04,"黄金ETF
518880.XSHG"
2025-04-23 10:57:00,加仓,黄金ETF,518880.XSHG,7.637,1000.0,8500.0,,8.0,2025-04-23,2025-04,"黄金ETF
518880.XSHG"
2025-04-23 14:53:00,止盈,纳指ETF,513100.XSHG,1.414,5800.0,38700.0,242.78,6.0,2025-04-23,2025-04,"纳指ETF
513100.XSHG"
2025-05-06 09:31:00,止盈,纳指ETF,513100.XSHG,1.468,5600.0,33100.0,301.58,6.0,2025-05-06,2025-05,"纳指ETF
513100.XSHG"
2025-05-06 09:32:00,止盈,创业板ETF易方达,159915.XSHE,1.941,4200.0,52500.0,251.18,12.0,2025-05-06,2025-05,"创业板ETF易方达
159915.XSHE"
2025-05-07 09:31:00,止盈,500ETF,510500.XSHG,5.817,1400.0,17428.0,279.19,13.0,2025-05-07,2025-05,"500ETF
510500.XSHG"
2025-05-07 09:32:00,止盈,创业板ETF易方达,159915.XSHE,2.002,4100.0,48400.0,249.28,12.0,2025-05-07,2025-05,"创业板ETF易方达
159915.XSHE"
2025-05-12 09:31:00,止盈,纳指ETF,513100.XSHG,1.514,5400.0,27700.0,247.58,5.0,2025-05-12,2025-05,"纳指ETF
513100.XSHG"
2025-05-12 09:31:00,加仓,黄金ETF,518880.XSHG,7.347,1000.0,9500.0,,9.0,2025-05-12,2025-05,"黄金ETF
518880.XSHG"
2025-05-14 09:47:00,止盈,纳指ETF,513100.XSHG,1.561,5200.0,22500.0,243.59,4.0,2025-05-14,2025-05,"纳指ETF
513100.XSHG"
2025-05-14 13:42:00,止盈,创业板ETF易方达,159915.XSHE,2.063,3900.0,44500.0,237.1,11.0,2025-05-14,2025-05,"创业板ETF易方达
159915.XSHE"
2025-05-15 10:26:00,加仓,黄金ETF,518880.XSHG,7.123,1000.0,10500.0,,10.0,2025-05-15,2025-05,"黄金ETF
518880.XSHG"
2025-05-15 10:27:00,等级校准,黄金ETF,518880.XSHG,,,10500.0,,,2025-05-15,2025-05,"黄金ETF
518880.XSHG"
2025-05-19 09:32:00,加仓,创业板ETF易方达,159915.XSHE,1.999,3800.0,48300.0,,12.0,2025-05-19,2025-05,"创业板ETF易方达
159915.XSHE"
2025-05-21 09:31:00,止盈,黄金ETF,518880.XSHG,7.38,1100.0,9400.0,281.89,9.0,2025-05-21,2025-05,"黄金ETF
518880.XSHG"
2025-05-27 09:42:00,加仓,500ETF,510500.XSHG,5.642,1300.0,18728.0,,14.0,2025-05-27,2025-05,"500ETF
510500.XSHG"
2025-05-27 09:43:00,等级校准,500ETF,510500.XSHG,,,18728.0,,,2025-05-27,2025-05,"500ETF
510500.XSHG"
2025-06-09 09:42:00,止盈,500ETF,510500.XSHG,5.814,1400.0,17328.0,239.99,13.0,2025-06-09,2025-06,"500ETF
510500.XSHG"
2025-06-13 09:31:00,止盈,黄金ETF,518880.XSHG,7.619,1000.0,8400.0,238.24,8.0,2025-06-13,2025-06,"黄金ETF
518880.XSHG"
2025-06-24 13:54:00,加仓,黄金ETF,518880.XSHG,7.387,1000.0,9400.0,,9.0,2025-06-24,2025-06,"黄金ETF
518880.XSHG"
2025-06-25 09:35:00,止盈,创业板ETF易方达,159915.XSHE,2.059,4000.0,44300.0,239.18,11.0,2025-06-25,2025-06,"创业板ETF易方达
159915.XSHE"
2025-06-27 09:31:00,止盈,纳指ETF,513100.XSHG,1.612,5100.0,17400.0,259.28,3.0,2025-06-27,2025-06,"纳指ETF
513100.XSHG"
2025-06-27 10:14:00,止盈,创业板ETF易方达,159915.XSHE,2.121,3800.0,40500.0,234.79,10.0,2025-06-27,2025-06,"创业板ETF易方达
159915.XSHE"
2025-07-04 13:10:00,止盈,500ETF,510500.XSHG,5.989,1300.0,16028.0,226.72,12.0,2025-07-04,2025-07,"500ETF
510500.XSHG"
2025-07-11 10:26:00,止盈,创业板ETF易方达,159915.XSHE,2.185,3700.0,36800.0,235.99,10.0,2025-07-11,2025-07,"创业板ETF易方达
159915.XSHE"
2025-07-18 09:31:00,止盈,创业板ETF易方达,159915.XSHE,2.256,3600.0,33200.0,254.79,9.0,2025-07-18,2025-07,"创业板ETF易方达
159915.XSHE"
2025-07-18 09:33:00,止盈,500ETF,510500.XSHG,6.171,1300.0,14728.0,235.8,12.0,2025-07-18,2025-07,"500ETF
510500.XSHG"
2025-07-18 09:40:00,止盈,纳指ETF,513100.XSHG,1.661,4900.0,12500.0,239.29,2.0,2025-07-18,2025-07,"纳指ETF
513100.XSHG"
2025-07-24 14:35:00,止盈,500ETF,510500.XSHG,6.359,1200.0,13528.0,224.84,11.0,2025-07-24,2025-07,"500ETF
510500.XSHG"
2025-07-25 09:31:00,止盈,创业板ETF易方达,159915.XSHE,2.324,3500.0,29700.0,237.19,8.0,2025-07-25,2025-07,"创业板ETF易方达
159915.XSHE"
2025-08-13 09:31:00,止盈,纳指ETF,513100.XSHG,1.721,4800.0,7700.0,287.17,1.0,2025-08-13,2025-08,"纳指ETF
513100.XSHG"
2025-08-13 09:31:00,止盈,创业板ETF易方达,159915.XSHE,2.395,3400.0,26300.0,240.59,7.0,2025-08-13,2025-08,"创业板ETF易方达
159915.XSHE"
2025-08-13 11:08:00,止盈,500ETF,510500.XSHG,6.55,1200.0,12328.0,228.41,10.0,2025-08-13,2025-08,"500ETF
510500.XSHG"
2025-08-13 13:17:00,止盈,创业板ETF易方达,159915.XSHE,2.467,3300.0,23000.0,236.79,7.0,2025-08-13,2025-08,"创业板ETF易方达
159915.XSHE"
2025-08-18 09:58:00,止盈,创业板ETF易方达,159915.XSHE,2.544,3200.0,19800.0,245.59,6.0,2025-08-18,2025-08,"创业板ETF易方达
159915.XSHE"
2025-08-18 10:35:00,止盈,500ETF,510500.XSHG,6.749,1200.0,11128.0,237.99,10.0,2025-08-18,2025-08,"500ETF
510500.XSHG"
2025-08-22 10:51:00,止盈,创业板ETF易方达,159915.XSHE,2.623,3100.0,16700.0,244.09,5.0,2025-08-22,2025-08,"创业板ETF易方达
159915.XSHE"
2025-08-25 09:31:00,止盈,500ETF,510500.XSHG,6.972,1100.0,10028.0,244.53,9.0,2025-08-25,2025-08,"500ETF
510500.XSHG"
2025-08-25 09:33:00,止盈,创业板ETF易方达,159915.XSHE,2.703,3000.0,13700.0,239.19,4.0,2025-08-25,2025-08,"创业板ETF易方达
159915.XSHE"
2025-08-27 11:16:00,止盈,创业板ETF易方达,159915.XSHE,2.787,2900.0,10800.0,242.79,3.0,2025-08-27,2025-08,"创业板ETF易方达
159915.XSHE"
2025-08-27 14:55:00,加仓,创业板ETF易方达,159915.XSHE,2.702,2800.0,13600.0,,4.0,2025-08-27,2025-08,"创业板ETF易方达
159915.XSHE"
2025-08-28 14:42:00,止盈,创业板ETF易方达,159915.XSHE,2.785,2900.0,10700.0,239.89,3.0,2025-08-28,2025-08,"创业板ETF易方达
159915.XSHE"
2025-08-29 10:28:00,止盈,创业板ETF易方达,159915.XSHE,2.87,2800.0,7900.0,237.2,2.0,2025-08-29,2025-08,"创业板ETF易方达
159915.XSHE"
2025-09-01 09:40:00,止盈,500ETF,510500.XSHG,7.183,1100.0,8928.0,231.31,8.0,2025-09-01,2025-09,"500ETF
510500.XSHG"
2025-09-01 10:09:00,止盈,黄金ETF,518880.XSHG,7.609,1000.0,8400.0,221.24,8.0,2025-09-01,2025-09,"黄金ETF
518880.XSHG"
2025-09-01 14:25:00,加仓,纳指ETF,513100.XSHG,1.669,4600.0,12300.0,,2.0,2025-09-01,2025-09,"纳指ETF
513100.XSHG"
2025-09-03 13:37:00,加仓,500ETF,510500.XSHG,6.966,1100.0,10028.0,,9.0,2025-09-03,2025-09,"500ETF
510500.XSHG"
2025-09-04 10:50:00,加仓,创业板ETF易方达,159915.XSHE,2.783,2700.0,10600.0,,3.0,2025-09-04,2025-09,"创业板ETF易方达
159915.XSHE"
2025-09-04 14:13:00,加仓,500ETF,510500.XSHG,6.755,1100.0,11128.0,,10.0,2025-09-04,2025-09,"500ETF
510500.XSHG"
2025-09-05 13:50:00,止盈,创业板ETF易方达,159915.XSHE,2.869,2800.0,7800.0,240.0,2.0,2025-09-05,2025-09,"创业板ETF易方达
159915.XSHE"
2025-09-05 14:02:00,止盈,500ETF,510500.XSHG,6.958,1100.0,10028.0,222.53,9.0,2025-09-05,2025-09,"500ETF
510500.XSHG"
2025-09-08 10:58:00,止盈,黄金ETF,518880.XSHG,7.839,1000.0,7400.0,229.22,7.0,2025-09-08,2025-09,"黄金ETF
518880.XSHG"
2025-09-11 10:59:00,止盈,创业板ETF易方达,159915.XSHE,2.959,2700.0,5100.0,242.2,1.0,2025-09-11,2025-09,"创业板ETF易方达
159915.XSHE"
2025-09-11 13:07:00,止盈,500ETF,510500.XSHG,7.176,1100.0,8928.0,239.01,8.0,2025-09-11,2025-09,"500ETF
510500.XSHG"
2025-09-15 09:38:00,止盈,创业板ETF易方达,159915.XSHE,3.05,2700.0,2400.0,244.88,1.0,2025-09-15,2025-09,"创业板ETF易方达
159915.XSHE"
2025-09-15 09:54:00,止盈,纳指ETF,513100.XSHG,1.72,4700.0,7600.0,238.89,1.0,2025-09-15,2025-09,"纳指ETF
513100.XSHG"
2025-09-18 10:07:00,止盈,500ETF,510500.XSHG,7.393,1100.0,7828.0,237.89,7.0,2025-09-18,2025-09,"500ETF
510500.XSHG"
2025-09-22 14:43:00,止盈,纳指ETF,513100.XSHG,1.772,4600.0,3000.0,238.38,1.0,2025-09-22,2025-09,"纳指ETF
513100.XSHG"
2025-09-23 09:31:00,止盈,黄金ETF,518880.XSHG,8.119,1000.0,6400.0,279.19,7.0,2025-09-23,2025-09,"黄金ETF
518880.XSHG"
2025-09-23 10:34:00,加仓,500ETF,510500.XSHG,7.169,1000.0,8828.0,,8.0,2025-09-23,2025-09,"500ETF
510500.XSHG"
2025-09-24 11:26:00,止盈（部分）,创业板ETF易方达,159915.XSHE,3.142,2400.0,0.0,220.05,0.0,2025-09-24,2025-09,"创业板ETF易方达
159915.XSHE"
2025-09-24 11:26:00,清仓,创业板ETF易方达,159915.XSHE,,,,,0.0,2025-09-24,2025-09,"创业板ETF易方达
159915.XSHE"
2025-09-24 11:27:00,重装建仓,创业板ETF易方达,159915.XSHE,3.143,25400.0,25400.0,,,2025-09-24,2025-09,"创业板ETF易方达
159915.XSHE"
2025-09-24 11:28:00,底仓到账,创业板ETF易方达,159915.XSHE,,,25400.0,,10.0,2025-09-24,2025-09,"创业板ETF易方达
159915.XSHE"
2025-09-24 13:01:00,止盈,500ETF,510500.XSHG,7.389,1100.0,7728.0,241.19,7.0,2025-09-24,2025-09,"500ETF
510500.XSHG"
2025-09-30 09:39:00,止盈,创业板ETF易方达,159915.XSHE,3.243,2500.0,22900.0,249.19,9.0,2025-09-30,2025-09,"创业板ETF易方达
159915.XSHE"
2025-09-30 13:01:00,止盈,黄金ETF,518880.XSHG,8.375,900.0,5500.0,229.65,6.0,2025-09-30,2025-09,"黄金ETF
518880.XSHG"
2025-10-09 09:31:00,止盈（部分）,纳指ETF,513100.XSHG,1.843,3000.0,0.0,212.45,0.0,2025-10-09,2025-10,"纳指ETF
513100.XSHG"
2025-10-09 09:31:00,清仓,纳指ETF,513100.XSHG,,,,,0.0,2025-10-09,2025-10,"纳指ETF
513100.XSHG"
2025-10-09 09:31:00,止盈,黄金ETF,518880.XSHG,8.731,900.0,4600.0,319.61,5.0,2025-10-09,2025-10,"黄金ETF
518880.XSHG"
2025-10-09 09:32:00,重装建仓,纳指ETF,513100.XSHG,1.846,43300.0,43300.0,,,2025-10-09,2025-10,"纳指ETF
513100.XSHG"
2025-10-09 09:33:00,底仓到账,纳指ETF,513100.XSHG,,,43300.0,,10.0,2025-10-09,2025-10,"纳指ETF
513100.XSHG"
2025-10-09 10:14:00,止盈,500ETF,510500.XSHG,7.619,1000.0,6728.0,229.24,6.0,2025-10-09,2025-10,"500ETF
510500.XSHG"
2025-10-10 09:48:00,加仓,创业板ETF易方达,159915.XSHE,3.144,2400.0,25300.0,,10.0,2025-10-10,2025-10,"创业板ETF易方达
159915.XSHE"
2025-10-13 09:31:00,加仓,500ETF,510500.XSHG,7.305,1000.0,7728.0,,7.0,2025-10-13,2025-10,"500ETF
510500.XSHG"
2025-10-13 09:31:00,加仓,创业板ETF易方达,159915.XSHE,2.972,2500.0,27800.0,,11.0,2025-10-13,2025-10,"创业板ETF易方达
159915.XSHE"
2025-10-13 09:32:00,等级校准,创业板ETF易方达,159915.XSHE,,,27800.0,,,2025-10-13,2025-10,"创业板ETF易方达
159915.XSHE"
2025-10-13 09:48:00,止盈,创业板ETF易方达,159915.XSHE,3.062,2600.0,25200.0,233.2,9.0,2025-10-13,2025-10,"创业板ETF易方达
159915.XSHE"
2025-10-14 09:31:00,止盈,黄金ETF,518880.XSHG,9.085,900.0,3700.0,317.78,4.0,2025-10-14,2025-10,"黄金ETF
518880.XSHG"
2025-10-14 09:34:00,止盈,500ETF,510500.XSHG,7.525,1000.0,6728.0,219.25,6.0,2025-10-14,2025-10,"500ETF
510500.XSHG"
2025-10-14 13:02:00,加仓,创业板ETF易方达,159915.XSHE,2.97,2600.0,27800.0,,10.0,2025-10-14,2025-10,"创业板ETF易方达
159915.XSHE"
2025-10-14 14:21:00,加仓,500ETF,510500.XSHG,7.298,1000.0,7728.0,,7.0,2025-10-14,2025-10,"500ETF
510500.XSHG"
2025-10-17 09:31:00,止盈,黄金ETF,518880.XSHG,9.485,800.0,2900.0,319.24,3.0,2025-10-17,2025-10,"黄金ETF
518880.XSHG"
2025-10-21 11:21:00,止盈,创业板ETF易方达,159915.XSHE,3.06,2600.0,25200.0,233.2,9.0,2025-10-21,2025-10,"创业板ETF易方达
159915.XSHE"
2025-10-22 09:31:00,加仓,黄金ETF,518880.XSHG,8.984,800.0,3700.0,,4.0,2025-10-22,2025-10,"黄金ETF
518880.XSHG"
2025-10-24 09:31:00,止盈,纳指ETF,513100.XSHG,1.908,4300.0,39000.0,265.78,9.0,2025-10-24,2025-10,"纳指ETF
513100.XSHG"
2025-10-27 09:31:00,止盈,创业板ETF易方达,159915.XSHE,3.205,2600.0,22600.0,376.17,9.0,2025-10-27,2025-10,"创业板ETF易方达
159915.XSHE"
2025-10-28 09:31:00,止盈,纳指ETF,513100.XSHG,1.976,4100.0,34900.0,277.99,8.0,2025-10-28,2025-10,"纳指ETF
513100.XSHG"
2025-10-28 10:53:00,加仓,黄金ETF,518880.XSHG,8.713,800.0,4500.0,,5.0,2025-10-28,2025-10,"黄金ETF
518880.XSHG"
2025-10-29 09:53:00,止盈,500ETF,510500.XSHG,7.518,1000.0,6728.0,219.25,6.0,2025-10-29,2025-10,"500ETF
510500.XSHG"
2025-10-30 09:37:00,止盈,创业板ETF易方达,159915.XSHE,3.302,2400.0,20200.0,232.01,8.0,2025-10-30,2025-10,"创业板ETF易方达
159915.XSHE"
2025-10-31 09:47:00,加仓,创业板ETF易方达,159915.XSHE,3.2,2400.0,22600.0,,9.0,2025-10-31,2025-10,"创业板ETF易方达
159915.XSHE"
2025-11-03 10:36:00,加仓,创业板ETF易方达,159915.XSHE,3.103,2500.0,25100.0,,10.0,2025-11-03,2025-11,"创业板ETF易方达
159915.XSHE"
2025-11-04 14:12:00,加仓,500ETF,510500.XSHG,7.29,1000.0,7728.0,,7.0,2025-11-04,2025-11,"500ETF
510500.XSHG"
2025-11-05 09:31:00,加仓,纳指ETF,513100.XSHG,1.888,4000.0,38900.0,,9.0,2025-11-05,2025-11,"纳指ETF
513100.XSHG"
2025-11-06 10:47:00,止盈,创业板ETF易方达,159915.XSHE,3.198,2500.0,22600.0,236.7,9.0,2025-11-06,2025-11,"创业板ETF易方达
159915.XSHE"
2025-11-06 13:01:00,止盈,纳指ETF,513100.XSHG,1.945,4200.0,34700.0,238.58,8.0,2025-11-06,2025-11,"纳指ETF
513100.XSHG"
2025-11-11 09:31:00,止盈,黄金ETF,518880.XSHG,9.118,900.0,3600.0,363.68,4.0,2025-11-11,2025-11,"黄金ETF
518880.XSHG"
2025-11-12 09:31:00,加仓,创业板ETF易方达,159915.XSHE,3.1,2500.0,25100.0,,10.0,2025-11-12,2025-11,"创业板ETF易方达
159915.XSHE"
2025-11-17 13:37:00,加仓,黄金ETF,518880.XSHG,8.844,800.0,4400.0,,5.0,2025-11-17,2025-11,"黄金ETF
518880.XSHG"
2025-11-17 13:38:00,等级校准,黄金ETF,518880.XSHG,,,4400.0,,,2025-11-17,2025-11,"黄金ETF
518880.XSHG"
2025-11-18 09:31:00,加仓,纳指ETF,513100.XSHG,1.883,4100.0,38800.0,,9.0,2025-11-18,2025-11,"纳指ETF
513100.XSHG"
2025-11-21 09:31:00,加仓,创业板ETF易方达,159915.XSHE,2.976,2500.0,27600.0,,11.0,2025-11-21,2025-11,"创业板ETF易方达
159915.XSHE"
2025-11-21 09:32:00,等级校准,创业板ETF易方达,159915.XSHE,,,27600.0,,,2025-11-21,2025-11,"创业板ETF易方达
159915.XSHE"
2025-11-21 09:36:00,加仓,500ETF,510500.XSHG,7.071,1000.0,8728.0,,8.0,2025-11-21,2025-11,"500ETF
510500.XSHG"
2025-11-21 09:37:00,等级校准,500ETF,510500.XSHG,,,8728.0,,,2025-11-21,2025-11,"500ETF
510500.XSHG"
2025-11-24 11:15:00,加仓,创业板ETF易方达,159915.XSHE,2.886,2600.0,30200.0,,11.0,2025-11-24,2025-11,"创业板ETF易方达
159915.XSHE"
2025-11-25 09:55:00,止盈,创业板ETF易方达,159915.XSHE,2.973,2700.0,27500.0,234.1,10.0,2025-11-25,2025-11,"创业板ETF易方达
159915.XSHE"
2025-11-27 09:31:00,止盈,纳指ETF,513100.XSHG,1.94,4200.0,34600.0,238.59,8.0,2025-11-27,2025-11,"纳指ETF
513100.XSHG"
2025-11-27 09:51:00,止盈,创业板ETF易方达,159915.XSHE,3.065,2600.0,24900.0,238.4,9.0,2025-11-27,2025-11,"创业板ETF易方达
159915.XSHE"
2025-12-01 09:31:00,止盈,黄金ETF,518880.XSHG,9.156,900.0,3500.0,279.98,4.0,2025-12-01,2025-12,"黄金ETF
518880.XSHG"
2025-12-08 10:09:00,止盈,创业板ETF易方达,159915.XSHE,3.159,2600.0,22300.0,243.58,8.0,2025-12-08,2025-12,"创业板ETF易方达
159915.XSHE"
2025-12-08 13:12:00,止盈,500ETF,510500.XSHG,7.285,1100.0,7628.0,234.6,7.0,2025-12-08,2025-12,"500ETF
510500.XSHG"
2025-12-16 09:50:00,加仓,纳指ETF,513100.XSHG,1.881,4100.0,38700.0,,9.0,2025-12-16,2025-12,"纳指ETF
513100.XSHG"
2025-12-16 10:40:00,加仓,创业板ETF易方达,159915.XSHE,3.064,2500.0,24800.0,,9.0,2025-12-16,2025-12,"创业板ETF易方达
159915.XSHE"
2025-12-17 14:12:00,止盈,创业板ETF易方达,159915.XSHE,3.159,2600.0,22200.0,246.18,8.0,2025-12-17,2025-12,"创业板ETF易方达
159915.XSHE"
2025-12-22 09:31:00,止盈,纳指ETF,513100.XSHG,1.941,4200.0,34500.0,251.18,8.0,2025-12-22,2025-12,"纳指ETF
513100.XSHG"
2025-12-22 11:05:00,止盈,黄金ETF,518880.XSHG,9.431,800.0,2700.0,219.25,3.0,2025-12-22,2025-12,"黄金ETF
518880.XSHG"
2025-12-24 09:31:00,止盈,黄金ETF,518880.XSHG,9.717,800.0,1900.0,228.02,2.0,2025-12-24,2025-12,"黄金ETF
518880.XSHG"
2025-12-25 13:12:00,止盈,500ETF,510500.XSHG,7.504,1000.0,6628.0,218.25,6.0,2025-12-25,2025-12,"500ETF
510500.XSHG"
2025-12-30 09:31:00,加仓,黄金ETF,518880.XSHG,9.275,800.0,2700.0,,3.0,2025-12-30,2025-12,"黄金ETF
518880.XSHG"
2026-01-05 10:29:00,止盈,500ETF,510500.XSHG,7.73,1000.0,5628.0,225.23,5.0,2026-01-05,2026-01,"500ETF
510500.XSHG"
2026-01-05 10:30:00,止盈,创业板ETF易方达,159915.XSHE,3.254,2500.0,19700.0,236.69,8.0,2026-01-05,2026-01,"创业板ETF易方达
159915.XSHE"
2026-01-06 09:55:00,止盈,黄金ETF,518880.XSHG,9.554,800.0,1900.0,222.44,2.0,2026-01-06,2026-01,"黄金ETF
518880.XSHG"
2026-01-07 09:30:00,止盈,500ETF,510500.XSHG,7.964,1000.0,4628.0,233.2,4.0,2026-01-07,2026-01,"500ETF
510500.XSHG"
2026-01-09 10:37:00,止盈,500ETF,510500.XSHG,8.203,1000.0,3628.0,238.18,4.0,2026-01-09,2026-01,"500ETF
510500.XSHG"
2026-01-12 13:01:00,止盈,创业板ETF易方达,159915.XSHE,3.352,2400.0,17300.0,234.4,7.0,2026-01-12,2026-01,"创业板ETF易方达
159915.XSHE"
2026-01-14 09:31:00,止盈,黄金ETF,518880.XSHG,9.873,800.0,1100.0,254.41,1.0,2026-01-14,2026-01,"黄金ETF
518880.XSHG"
2026-01-14 10:01:00,止盈,500ETF,510500.XSHG,8.45,900.0,2728.0,221.54,3.0,2026-01-14,2026-01,"500ETF
510500.XSHG"
2026-01-20 09:39:00,加仓,纳指ETF,513100.XSHG,1.882,4100.0,38600.0,,9.0,2026-01-20,2026-01,"纳指ETF
513100.XSHG"
2026-01-20 10:24:00,加仓,创业板ETF易方达,159915.XSHE,3.25,2300.0,19600.0,,8.0,2026-01-20,2026-01,"创业板ETF易方达
159915.XSHE"
2026-01-21 09:31:00,止盈,黄金ETF,518880.XSHG,10.368,800.0,300.0,395.17,1.0,2026-01-21,2026-01,"黄金ETF
518880.XSHG"
2026-01-23 14:57:00,止盈,500ETF,510500.XSHG,8.705,900.0,1828.0,228.72,2.0,2026-01-23,2026-01,"500ETF
510500.XSHG"
2026-01-26 09:31:00,止盈（部分）,黄金ETF,518880.XSHG,10.893,300.0,0.0,157.17,0.0,2026-01-26,2026-01,"黄金ETF
518880.XSHG"
2026-01-26 09:31:00,清仓,黄金ETF,518880.XSHG,,,,,0.0,2026-01-26,2026-01,"黄金ETF
518880.XSHG"
2026-01-26 09:31:00,止盈,创业板ETF易方达,159915.XSHE,3.351,2400.0,17200.0,241.6,7.0,2026-01-26,2026-01,"创业板ETF易方达
159915.XSHE"
2026-01-26 09:32:00,重装建仓,黄金ETF,518880.XSHG,10.903,7300.0,7300.0,,,2026-01-26,2026-01,"黄金ETF
518880.XSHG"
2026-01-26 09:33:00,底仓到账,黄金ETF,518880.XSHG,,,7300.0,,10.0,2026-01-26,2026-01,"黄金ETF
518880.XSHG"
2026-01-27 10:01:00,加仓,500ETF,510500.XSHG,8.443,900.0,2728.0,,3.0,2026-01-27,2026-01,"500ETF
510500.XSHG"
2026-01-28 11:07:00,止盈,黄金ETF,518880.XSHG,11.232,700.0,6600.0,229.51,9.0,2026-01-28,2026-01,"黄金ETF
518880.XSHG"
2026-01-28 13:12:00,止盈,500ETF,510500.XSHG,8.699,900.0,1828.0,229.62,2.0,2026-01-28,2026-01,"500ETF
510500.XSHG"
2026-01-29 09:31:00,止盈,黄金ETF,518880.XSHG,11.91,700.0,5900.0,473.77,9.0,2026-01-29,2026-01,"黄金ETF
518880.XSHG"
2026-01-30 09:31:00,加仓,黄金ETF,518880.XSHG,11.464,600.0,6500.0,,10.0,2026-01-30,2026-01,"黄金ETF
518880.XSHG"
2026-01-30 09:55:00,加仓,500ETF,510500.XSHG,8.429,900.0,2728.0,,3.0,2026-01-30,2026-01,"500ETF
510500.XSHG"
2026-01-30 10:15:00,加仓,黄金ETF,518880.XSHG,11.103,600.0,7100.0,,11.0,2026-01-30,2026-01,"黄金ETF
518880.XSHG"
2026-01-30 10:16:00,等级校准,黄金ETF,518880.XSHG,,,7100.0,,,2026-01-30,2026-01,"黄金ETF
518880.XSHG"
2026-01-30 10:35:00,加仓,创业板ETF易方达,159915.XSHE,3.245,2300.0,19500.0,,8.0,2026-01-30,2026-01,"创业板ETF易方达
159915.XSHE"
2026-01-30 13:06:00,止盈,创业板ETF易方达,159915.XSHE,3.346,2400.0,17100.0,241.6,7.0,2026-01-30,2026-01,"创业板ETF易方达
159915.XSHE"
2026-02-02 09:31:00,加仓,黄金ETF,518880.XSHG,9.918,700.0,7800.0,,11.0,2026-02-02,2026-02,"黄金ETF
518880.XSHG"
2026-02-02 09:32:00,等级校准,黄金ETF,518880.XSHG,,,7800.0,,,2026-02-02,2026-02,"黄金ETF
518880.XSHG"
2026-02-02 10:34:00,止盈,黄金ETF,518880.XSHG,10.232,800.0,7000.0,250.38,10.0,2026-02-02,2026-02,"黄金ETF
518880.XSHG"
2026-02-02 13:36:00,加仓,500ETF,510500.XSHG,8.173,900.0,3628.0,,4.0,2026-02-02,2026-02,"500ETF
510500.XSHG"
2026-02-02 13:38:00,加仓,黄金ETF,518880.XSHG,9.921,700.0,7700.0,,11.0,2026-02-02,2026-02,"黄金ETF
518880.XSHG"
2026-02-02 13:39:00,等级校准,黄金ETF,518880.XSHG,,,7700.0,,,2026-02-02,2026-02,"黄金ETF
518880.XSHG"
2026-02-03 09:31:00,止盈,黄金ETF,518880.XSHG,10.362,800.0,6900.0,351.97,9.0,2026-02-03,2026-02,"黄金ETF
518880.XSHG"
2026-02-03 10:46:00,加仓,创业板ETF易方达,159915.XSHE,3.244,2300.0,19400.0,,8.0,2026-02-03,2026-02,"创业板ETF易方达
159915.XSHE"
2026-02-04 09:31:00,止盈,黄金ETF,518880.XSHG,10.793,700.0,6200.0,300.94,8.0,2026-02-04,2026-02,"黄金ETF
518880.XSHG"
2026-02-05 10:47:00,加仓,黄金ETF,518880.XSHG,10.463,700.0,6900.0,,9.0,2026-02-05,2026-02,"黄金ETF
518880.XSHG"
2026-02-06 09:31:00,加仓,纳指ETF,513100.XSHG,1.809,4200.0,42800.0,,10.0,2026-02-06,2026-02,"纳指ETF
513100.XSHG"
2026-02-06 09:31:00,加仓,黄金ETF,518880.XSHG,10.077,700.0,7600.0,,10.0,2026-02-06,2026-02,"黄金ETF
518880.XSHG"
2026-02-06 09:32:00,等级校准,纳指ETF,513100.XSHG,,,42800.0,,,2026-02-06,2026-02,"纳指ETF
513100.XSHG"
2026-02-06 10:39:00,止盈,黄金ETF,518880.XSHG,10.381,700.0,6900.0,212.07,9.0,2026-02-06,2026-02,"黄金ETF
518880.XSHG"
2026-02-09 09:31:00,止盈,黄金ETF,518880.XSHG,10.719,700.0,6200.0,235.85,8.0,2026-02-09,2026-02,"黄金ETF
518880.XSHG"
2026-02-11 09:39:00,止盈,500ETF,510500.XSHG,8.421,900.0,2728.0,222.44,3.0,2026-02-11,2026-02,"500ETF
510500.XSHG"
2026-02-25 11:28:00,止盈,创业板ETF易方达,159915.XSHE,3.342,2400.0,17000.0,234.4,7.0,2026-02-25,2026-02,"创业板ETF易方达
159915.XSHE"
2026-02-27 10:03:00,止盈,500ETF,510500.XSHG,8.677,900.0,1828.0,229.62,2.0,2026-02-27,2026-02,"500ETF
510500.XSHG"
2026-03-02 09:31:00,止盈,黄金ETF,518880.XSHG,11.329,700.0,5500.0,426.21,7.0,2026-03-02,2026-03,"黄金ETF
518880.XSHG"
2026-03-03 10:19:00,加仓,创业板ETF易方达,159915.XSHE,3.241,2300.0,19300.0,,8.0,2026-03-03,2026-03,"创业板ETF易方达
159915.XSHE"
2026-03-03 13:57:00,加仓,500ETF,510500.XSHG,8.411,900.0,2728.0,,3.0,2026-03-03,2026-03,"500ETF
510500.XSHG"
2026-03-04 09:33:00,加仓,黄金ETF,518880.XSHG,10.986,700.0,6200.0,,8.0,2026-03-04,2026-03,"黄金ETF
518880.XSHG"
2026-03-04 13:06:00,加仓,创业板ETF易方达,159915.XSHE,3.14,2400.0,21700.0,,9.0,2026-03-04,2026-03,"创业板ETF易方达
159915.XSHE"
2026-03-04 13:07:00,等级校准,创业板ETF易方达,159915.XSHE,,,21700.0,,,2026-03-04,2026-03,"创业板ETF易方达
159915.XSHE"
2026-03-05 10:16:00,止盈,创业板ETF易方达,159915.XSHE,3.235,2500.0,19200.0,236.69,8.0,2026-03-05,2026-03,"创业板ETF易方达
159915.XSHE"
2026-03-09 09:31:00,加仓,纳指ETF,513100.XSHG,1.748,4400.0,47200.0,,10.0,2026-03-09,2026-03,"纳指ETF
513100.XSHG"
2026-03-09 09:32:00,加仓,创业板ETF易方达,159915.XSHE,3.126,2400.0,21600.0,,9.0,2026-03-09,2026-03,"创业板ETF易方达
159915.XSHE"
2026-03-09 09:33:00,等级校准,创业板ETF易方达,159915.XSHE,,,21600.0,,,2026-03-09,2026-03,"创业板ETF易方达
159915.XSHE"
2026-03-09 09:54:00,加仓,500ETF,510500.XSHG,8.152,900.0,3628.0,,4.0,2026-03-09,2026-03,"500ETF
510500.XSHG"
2026-03-10 09:31:00,止盈,500ETF,510500.XSHG,8.454,900.0,2728.0,271.04,3.0,2026-03-10,2026-03,"500ETF
510500.XSHG"
2026-03-10 09:31:00,止盈,创业板ETF易方达,159915.XSHE,3.268,2500.0,19100.0,354.18,7.0,2026-03-10,2026-03,"创业板ETF易方达
159915.XSHE"
2026-03-11 10:50:00,止盈,创业板ETF易方达,159915.XSHE,3.367,2400.0,16700.0,236.79,7.0,2026-03-11,2026-03,"创业板ETF易方达
159915.XSHE"
2026-03-16 09:31:00,加仓,黄金ETF,518880.XSHG,10.625,700.0,6900.0,,9.0,2026-03-16,2026-03,"黄金ETF
518880.XSHG"
2026-03-16 09:42:00,加仓,500ETF,510500.XSHG,8.189,900.0,3628.0,,4.0,2026-03-16,2026-03,"500ETF
510500.XSHG"
2026-03-19 09:31:00,加仓,黄金ETF,518880.XSHG,10.292,700.0,7600.0,,10.0,2026-03-19,2026-03,"黄金ETF
518880.XSHG"
2026-03-19 13:45:00,加仓,500ETF,510500.XSHG,7.942,900.0,4528.0,,5.0,2026-03-19,2026-03,"500ETF
510500.XSHG"
2026-03-19 13:46:00,等级校准,500ETF,510500.XSHG,,,4528.0,,,2026-03-19,2026-03,"500ETF
510500.XSHG"
2026-03-20 09:31:00,加仓,黄金ETF,518880.XSHG,9.909,700.0,8300.0,,11.0,2026-03-20,2026-03,"黄金ETF
518880.XSHG"
2026-03-20 09:32:00,等级校准,黄金ETF,518880.XSHG,,,8300.0,,,2026-03-20,2026-03,"黄金ETF
518880.XSHG"
2026-03-23 09:31:00,加仓,黄金ETF,518880.XSHG,9.48,800.0,9100.0,,11.0,2026-03-23,2026-03,"黄金ETF
518880.XSHG"
2026-03-23 09:32:00,加仓,500ETF,510500.XSHG,7.694,1000.0,5528.0,,5.0,2026-03-23,2026-03,"500ETF
510500.XSHG"
2026-03-23 11:12:00,加仓,纳指ETF,513100.XSHG,1.694,4500.0,51700.0,,11.0,2026-03-23,2026-03,"纳指ETF
513100.XSHG"
2026-03-23 13:00:00,加仓,创业板ETF易方达,159915.XSHE,3.264,2300.0,19000.0,,8.0,2026-03-23,2026-03,"创业板ETF易方达
159915.XSHE"
2026-03-23 13:01:00,等级校准,创业板ETF易方达,159915.XSHE,,,19000.0,,,2026-03-23,2026-03,"创业板ETF易方达
159915.XSHE"
2026-03-23 13:33:00,加仓,黄金ETF,518880.XSHG,9.192,800.0,9900.0,,12.0,2026-03-23,2026-03,"黄金ETF
518880.XSHG"
2026-03-23 14:44:00,加仓,黄金ETF,518880.XSHG,8.913,800.0,10700.0,,13.0,2026-03-23,2026-03,"黄金ETF
518880.XSHG"
2026-03-23 14:48:00,加仓,500ETF,510500.XSHG,7.462,1000.0,6528.0,,6.0,2026-03-23,2026-03,"500ETF
510500.XSHG"
2026-03-24 09:31:00,止盈,黄金ETF,518880.XSHG,9.213,800.0,9900.0,239.26,12.0,2026-03-24,2026-03,"黄金ETF
518880.XSHG"
2026-03-24 10:14:00,加仓,创业板ETF易方达,159915.XSHE,3.166,2400.0,21400.0,,8.0,2026-03-24,2026-03,"创业板ETF易方达
159915.XSHE"
2026-03-25 09:31:00,止盈,黄金ETF,518880.XSHG,9.701,800.0,9100.0,389.62,11.0,2026-03-25,2026-03,"黄金ETF
518880.XSHG"
2026-03-25 09:31:00,止盈,500ETF,510500.XSHG,7.716,1000.0,5528.0,253.23,5.0,2026-03-25,2026-03,"500ETF
510500.XSHG"
2026-03-25 09:31:00,止盈,创业板ETF易方达,159915.XSHE,3.275,2500.0,18900.0,271.68,7.0,2026-03-25,2026-03,"创业板ETF易方达
159915.XSHE"
2026-03-26 14:03:00,加仓,黄金ETF,518880.XSHG,9.408,800.0,9900.0,,12.0,2026-03-26,2026-03,"黄金ETF
518880.XSHG"
2026-03-31 09:31:00,止盈,黄金ETF,518880.XSHG,9.758,800.0,9100.0,279.22,11.0,2026-03-31,2026-03,"黄金ETF
518880.XSHG"
2026-04-01 14:31:00,止盈,纳指ETF,513100.XSHG,1.745,4700.0,47000.0,238.88,10.0,2026-04-01,2026-04,"纳指ETF
513100.XSHG"
2026-04-02 13:02:00,加仓,创业板ETF易方达,159915.XSHE,3.174,2400.0,21300.0,,8.0,2026-04-02,2026-04,"创业板ETF易方达
159915.XSHE"
2026-04-08 09:31:00,止盈,黄金ETF,518880.XSHG,10.099,800.0,8300.0,271.99,11.0,2026-04-08,2026-04,"黄金ETF
518880.XSHG"
2026-04-08 09:34:00,止盈,纳指ETF,513100.XSHG,1.8,4500.0,42500.0,246.69,9.0,2026-04-08,2026-04,"纳指ETF
513100.XSHG"
2026-04-08 09:41:00,止盈,创业板ETF易方达,159915.XSHE,3.27,2500.0,18800.0,239.18,7.0,2026-04-08,2026-04,"创业板ETF易方达
159915.XSHE"
2026-04-08 11:15:00,止盈,500ETF,510500.XSHG,7.949,1000.0,4528.0,232.21,4.0,2026-04-08,2026-04,"500ETF
510500.XSHG"
2026-04-10 09:35:00,止盈,创业板ETF易方达,159915.XSHE,3.37,2400.0,16400.0,239.19,7.0,2026-04-10,2026-04,"创业板ETF易方达
159915.XSHE"
2026-04-13 10:01:00,止盈,创业板ETF易方达,159915.XSHE,3.472,2300.0,14100.0,233.8,6.0,2026-04-13,2026-04,"创业板ETF易方达
159915.XSHE"
2026-04-15 09:31:00,止盈,纳指ETF,513100.XSHG,1.857,4400.0,38100.0,249.98,8.0,2026-04-15,2026-04,"纳指ETF
513100.XSHG"
2026-04-15 09:31:00,止盈,500ETF,510500.XSHG,8.221,1000.0,3528.0,271.18,3.0,2026-04-15,2026-04,"500ETF
510500.XSHG"
2026-04-15 09:31:00,止盈,创业板ETF易方达,159915.XSHE,3.587,2300.0,11800.0,263.67,5.0,2026-04-15,2026-04,"创业板ETF易方达
159915.XSHE"
2026-04-22 09:39:00,止盈,创业板ETF易方达,159915.XSHE,3.697,2200.0,9600.0,241.19,4.0,2026-04-22,2026-04,"创业板ETF易方达
159915.XSHE"
2026-04-23 09:33:00,止盈,纳指ETF,513100.XSHG,1.914,4300.0,33800.0,244.28,8.0,2026-04-23,2026-04,"纳指ETF
513100.XSHG"
2026-04-28 13:08:00,加仓,黄金ETF,518880.XSHG,9.786,700.0,9000.0,,12.0,2026-04-28,2026-04,"黄金ETF
518880.XSHG"
2026-04-28 13:09:00,等级校准,黄金ETF,518880.XSHG,,,9000.0,,,2026-04-28,2026-04,"黄金ETF
518880.XSHG"
2026-04-30 09:31:00,止盈,纳指ETF,513100.XSHG,1.976,4100.0,29700.0,253.39,7.0,2026-04-30,2026-04,"纳指ETF
513100.XSHG"
2026-05-06 09:31:00,止盈,500ETF,510500.XSHG,8.541,900.0,2628.0,287.23,2.0,2026-05-06,2026-05,"500ETF
510500.XSHG"
2026-05-06 10:14:00,止盈,创业板ETF易方达,159915.XSHE,3.812,2100.0,7500.0,240.7,3.0,2026-05-06,2026-05,"创业板ETF易方达
159915.XSHE"
2026-05-07 09:32:00,止盈,纳指ETF,513100.XSHG,2.037,4000.0,25700.0,243.19,6.0,2026-05-07,2026-05,"纳指ETF
513100.XSHG"
2026-05-11 09:31:00,止盈,纳指ETF,513100.XSHG,2.104,3900.0,21800.0,260.48,5.0,2026-05-11,2026-05,"纳指ETF
513100.XSHG"
2026-05-11 09:31:00,止盈,500ETF,510500.XSHG,8.84,900.0,1728.0,268.3,1.0,2026-05-11,2026-05,"500ETF
510500.XSHG"
2026-05-11 13:02:00,止盈,创业板ETF易方达,159915.XSHE,3.929,2000.0,5500.0,233.21,2.0,2026-05-11,2026-05,"创业板ETF易方达
159915.XSHE"
2026-05-13 14:34:00,止盈,创业板ETF易方达,159915.XSHE,4.05,2000.0,3500.0,241.19,1.0,2026-05-13,2026-05,"创业板ETF易方达
159915.XSHE"
2026-05-15 09:50:00,加仓,创业板ETF易方达,159915.XSHE,3.926,1900.0,5400.0,,2.0,2026-05-15,2026-05,"创业板ETF易方达
159915.XSHE"
2026-05-15 14:02:00,加仓,500ETF,510500.XSHG,8.573,900.0,2628.0,,2.0,2026-05-15,2026-05,"500ETF
510500.XSHG"
2026-05-18 09:31:00,加仓,黄金ETF,518880.XSHG,9.44,800.0,9800.0,,12.0,2026-05-18,2026-05,"黄金ETF
518880.XSHG"
2026-05-19 13:12:00,加仓,纳指ETF,513100.XSHG,2.04,3800.0,25600.0,,6.0,2026-05-19,2026-05,"纳指ETF
513100.XSHG"
2026-05-21 09:32:00,止盈,500ETF,510500.XSHG,8.843,900.0,1728.0,242.2,1.0,2026-05-21,2026-05,"500ETF
510500.XSHG"
2026-05-21 13:17:00,止盈,纳指ETF,513100.XSHG,2.102,3900.0,21700.0,240.98,5.0,2026-05-21,2026-05,"纳指ETF
513100.XSHG"
2026-05-21 14:31:00,加仓,500ETF,510500.XSHG,8.575,900.0,2628.0,,2.0,2026-05-21,2026-05,"500ETF
510500.XSHG"
