number,value,datetime_start,datetime_complete,duration,params_BEAR_GRID_MAX_LAYER_CAP,params_BEAR_GRID_MODE,params_BEAR_RATIO,params_BEAR_UNIVERSE_MODE,params_BULL_RATIO,params_GRID_MAX_LAYER,params_GRID_STEP_MAX,params_GRID_STEP_MIN,params_GRID_STEP_VOL_FACTOR,params_LAYER_FRACTION,params_MAX_HOLD,params_NEUTRAL_RATIO,params_REBALANCE_FREQ,params_VOL_WEIGHT,user_attrs_avg_test_score,user_attrs_avg_train_score,user_attrs_test_score_std,user_attrs_train_test_gap,user_attrs_validation_error,state
0,-9999.0,2026-05-10 10:33:23.703537,2026-05-10 10:33:24.058602,0 days 00:00:00.355065,1,NORMAL,0.35,SAME,0.7,4,0.03,0.02,0.6,0.12,12,0.7,5,0.5,,,,,BEAR_RATIO < NEUTRAL_RATIO < BULL_RATIO 约束违反: 0.35 / 0.7 / 0.7,COMPLETE
1,-0.7084285217066206,2026-05-10 10:33:24.080559,2026-05-10 10:42:15.594523,0 days 00:08:51.513964,2,NO_NET_ADD,0.35,SAME,0.7,2,0.05,0.01,0.3,0.16,8,0.5,5,0.65,-0.37766108444916197,-0.09041677346536924,0.6615348745149172,0.2872443109837927,,COMPLETE
2,-0.5865614503926813,2026-05-10 10:42:15.635771,2026-05-10 10:43:20.923078,0 days 00:01:05.287307,0,NO_NET_ADD,0.25,ETF_DEFENSIVE,0.8,2,0.03,0.01,0.45,0.12,12,0.6,10,0.65,-0.25229279001880195,0.08244731133307012,0.6685373207477585,0.33474010135187204,,COMPLETE
3,-9999.0,2026-05-10 10:43:20.947181,2026-05-10 10:43:21.235311,0 days 00:00:00.288130,2,NO_NET_ADD,0.25,ETF_DEFENSIVE,0.7,4,0.03,0.01,0.6,0.08,15,0.7,10,0.65,,,,,BEAR_RATIO < NEUTRAL_RATIO < BULL_RATIO 约束违反: 0.25 / 0.7 / 0.7,COMPLETE
4,-0.5866746804137273,2026-05-10 10:43:21.261213,2026-05-10 10:44:37.513868,0 days 00:01:16.252655,1,CAP_LAYER,0.25,ETF_DEFENSIVE,0.8,2,0.05,0.01,0.45,0.08,8,0.6,5,0.65,-0.30785182554677515,-0.03728065531472078,0.5576457097339044,0.27057117023205435,,COMPLETE
5,-0.17904166071651584,2026-05-10 10:44:37.538141,2026-05-10 10:45:40.444483,0 days 00:01:02.906342,2,CAP_LAYER,0.25,SAME,0.8,2,0.05,0.01,0.3,0.12,12,0.6,10,0.8,,,,,,PRUNED
6,-9999.0,2026-05-10 10:45:40.467223,2026-05-10 10:45:40.765577,0 days 00:00:00.298354,1,NORMAL,0.25,ETF_DEFENSIVE,0.7,3,0.05,0.01,0.3,0.16,5,0.7,10,0.5,,,,,BEAR_RATIO < NEUTRAL_RATIO < BULL_RATIO 约束违反: 0.25 / 0.7 / 0.7,COMPLETE
7,-9999.0,2026-05-10 10:45:40.790069,2026-05-10 10:45:41.074861,0 days 00:00:00.284792,2,CAP_LAYER,0.45,SAME,0.7,4,0.05,0.01,0.3,0.16,5,0.7,20,0.5,,,,,BEAR_RATIO < NEUTRAL_RATIO < BULL_RATIO 约束违反: 0.45 / 0.7 / 0.7,COMPLETE
8,-0.5626759340717213,2026-05-10 10:45:41.098574,2026-05-10 10:48:04.207781,0 days 00:02:23.109207,0,NORMAL,0.45,SAME,0.8,3,0.05,0.02,0.6,0.08,12,0.6,10,0.5,-0.21421712729651926,0.11730022312594998,0.6969176135504042,0.3315173504224692,,COMPLETE
9,-0.1850232061984593,2026-05-10 10:48:04.231475,2026-05-10 10:48:51.343897,0 days 00:00:47.112422,1,NO_NET_ADD,0.35,SAME,0.8,2,0.03,0.02,0.3,0.16,5,0.5,10,0.65,,,,,,PRUNED
10,-0.17186559704076687,2026-05-10 10:48:51.367022,2026-05-10 10:49:37.827326,0 days 00:00:46.460304,0,NORMAL,0.45,SAME,0.8,3,0.05,0.02,0.6,0.08,12,0.6,10,0.8,,,,,,PRUNED
11,-0.25689687055626,2026-05-10 10:49:37.847887,2026-05-10 10:50:17.917339,0 days 00:00:40.069452,0,NO_NET_ADD,0.25,SAME,0.8,4,0.03,0.01,0.45,0.12,5,0.6,10,0.65,,,,,,PRUNED
12,-0.5590330251844128,2026-05-10 10:50:17.941449,2026-05-10 10:53:30.839271,0 days 00:03:12.897822,0,NO_NET_ADD,0.35,ETF_DEFENSIVE,0.7,2,0.03,0.01,0.45,0.12,12,0.6,5,0.65,-0.26644295723144257,0.05493485398735243,0.5851801359059404,0.321377811218795,,COMPLETE
13,-9999.0,2026-05-10 10:53:30.863206,2026-05-10 10:53:31.158992,0 days 00:00:00.295786,0,NO_NET_ADD,0.35,ETF_DEFENSIVE,0.7,2,0.03,0.01,0.45,0.16,10,0.7,5,0.65,,,,,BEAR_RATIO < NEUTRAL_RATIO < BULL_RATIO 约束违反: 0.35 / 0.7 / 0.7,COMPLETE
14,-0.2541345636937814,2026-05-10 10:53:31.182469,2026-05-10 10:54:28.010017,0 days 00:00:56.827548,0,NO_NET_ADD,0.35,ETF_DEFENSIVE,0.7,3,0.03,0.01,0.45,0.12,5,0.6,5,0.65,,,,,,PRUNED
15,-0.5024150354550442,2026-05-10 10:54:28.033653,2026-05-10 10:56:02.977265,0 days 00:01:34.943612,2,CAP_LAYER,0.35,ETF_DEFENSIVE,0.7,2,0.03,0.01,0.6,0.08,12,0.6,5,0.65,-0.2209025737725617,0.07332783827928711,0.5630249233649649,0.2942304120518488,,COMPLETE
16,-0.23144568205346563,2026-05-10 10:56:03.002491,2026-05-10 10:57:05.058767,0 days 00:01:02.056276,2,CAP_LAYER,0.35,ETF_DEFENSIVE,0.7,2,0.03,0.01,0.6,0.08,5,0.6,5,0.8,,,,,,PRUNED
17,-0.5122533534571615,2026-05-10 10:57:05.080351,2026-05-10 10:58:25.136416,0 days 00:01:20.056065,0,CAP_LAYER,0.35,ETF_DEFENSIVE,0.7,2,0.05,0.01,0.45,0.12,12,0.6,5,0.65,-0.22556185152070116,0.06742468994926665,0.5733830038729206,0.29298654146996783,,COMPLETE
18,-0.057449922774708104,2026-05-10 10:58:25.158942,2026-05-10 10:59:09.426207,0 days 00:00:44.267265,2,NO_NET_ADD,0.35,SAME,0.7,2,0.03,0.01,0.6,0.08,12,0.6,20,0.65,,,,,,PRUNED
19,-0.5247733690195839,2026-05-10 10:59:09.450367,2026-05-10 11:00:27.670970,0 days 00:01:18.220603,2,CAP_LAYER,0.35,ETF_DEFENSIVE,0.7,4,0.05,0.01,0.45,0.08,12,0.6,5,0.65,-0.2403446696506639,0.060436698459733255,0.56885739873784,0.30078136811039713,,COMPLETE
20,-0.30393868858866185,2026-05-10 11:00:27.691304,2026-05-10 11:00:56.742143,0 days 00:00:29.050839,0,CAP_LAYER,0.35,ETF_DEFENSIVE,0.7,2,0.05,0.02,0.45,0.12,5,0.6,10,0.65,,,,,,PRUNED
21,-0.0009929532753972792,2026-05-10 11:00:56.765402,2026-05-10 11:01:53.985190,0 days 00:00:57.219788,2,CAP_LAYER,0.25,ETF_DEFENSIVE,0.7,4,0.05,0.01,0.45,0.12,12,0.6,5,0.65,,,,,,PRUNED
22,-0.5051052965149198,2026-05-10 11:01:54.009203,2026-05-10 11:02:47.019491,0 days 00:00:53.010288,2,CAP_LAYER,0.35,ETF_DEFENSIVE,0.7,4,0.03,0.01,0.45,0.08,12,0.6,10,0.65,-0.1742733944985791,0.08426890221058972,0.6616638040326813,0.25854229670916884,,COMPLETE
23,-0.0006232083994116983,2026-05-10 11:02:47.041293,2026-05-10 11:03:55.746797,0 days 00:01:08.705504,0,CAP_LAYER,0.35,ETF_DEFENSIVE,0.8,2,0.05,0.01,0.45,0.12,12,0.5,5,0.5,,,,,,PRUNED
24,-0.5432725694401686,2026-05-10 11:03:55.767832,2026-05-10 11:04:40.446442,0 days 00:00:44.678610,2,NORMAL,0.35,ETF_DEFENSIVE,0.7,4,0.03,0.01,0.6,0.16,12,0.6,10,0.65,-0.19075727953509639,0.03781258569347268,0.7050305798101444,0.22856986522856906,,COMPLETE
25,-0.2773573604874997,2026-05-10 11:04:40.467539,2026-05-10 11:05:40.265857,0 days 00:00:59.798318,1,CAP_LAYER,0.35,ETF_DEFENSIVE,0.7,2,0.05,0.01,0.45,0.12,5,0.6,5,0.8,,,,,,PRUNED
26,-0.48495437073205727,2026-05-10 11:05:40.288024,2026-05-10 11:06:24.557301,0 days 00:00:44.269277,2,CAP_LAYER,0.35,ETF_DEFENSIVE,0.7,3,0.03,0.01,0.45,0.08,12,0.5,10,0.65,-0.18105007556920158,0.061169403987455497,0.6078085903257113,0.24221947955665707,,COMPLETE
27,-0.08974939126832174,2026-05-10 11:06:24.579211,2026-05-10 11:07:06.221810,0 days 00:00:41.642599,2,NO_NET_ADD,0.35,ETF_DEFENSIVE,0.8,4,0.03,0.01,0.45,0.08,12,0.6,10,0.5,,,,,,PRUNED
28,-0.18579628297210754,2026-05-10 11:07:06.239715,2026-05-10 11:07:50.274381,0 days 00:00:44.034666,2,CAP_LAYER,0.35,ETF_DEFENSIVE,0.7,3,0.03,0.01,0.45,0.12,12,0.5,10,0.8,,,,,,PRUNED
29,-9999.0,2026-05-10 11:07:50.295899,2026-05-10 11:07:50.601599,0 days 00:00:00.305700,2,CAP_LAYER,0.45,ETF_DEFENSIVE,0.7,3,0.03,0.01,0.3,0.08,12,0.7,10,0.65,,,,,BEAR_RATIO < NEUTRAL_RATIO < BULL_RATIO 约束违反: 0.45 / 0.7 / 0.7,COMPLETE
30,-9999.0,2026-05-10 11:07:50.623831,2026-05-10 11:07:50.915496,0 days 00:00:00.291665,0,CAP_LAYER,0.35,ETF_DEFENSIVE,0.7,4,0.03,0.01,0.45,0.08,12,0.7,10,0.65,,,,,BEAR_RATIO < NEUTRAL_RATIO < BULL_RATIO 约束违反: 0.35 / 0.7 / 0.7,COMPLETE
31,0.05967048146281201,2026-05-10 11:07:50.961381,2026-05-10 11:08:48.024790,0 days 00:00:57.063409,1,CAP_LAYER,0.35,ETF_DEFENSIVE,0.7,2,0.03,0.01,0.3,0.08,12,0.5,5,0.65,,,,,,PRUNED
32,-0.4972029713051794,2026-05-10 11:08:48.048143,2026-05-10 11:09:32.387194,0 days 00:00:44.339051,2,CAP_LAYER,0.35,ETF_DEFENSIVE,0.8,3,0.03,0.01,0.6,0.08,12,0.5,10,0.65,-0.20259012011090677,0.0724120256868442,0.5892257023885452,0.27500214579775095,,COMPLETE
33,-0.5397655832596808,2026-05-10 11:09:32.412188,2026-05-10 11:10:16.941058,0 days 00:00:44.528870,2,CAP_LAYER,0.35,ETF_DEFENSIVE,0.9,3,0.03,0.02,0.6,0.08,12,0.5,10,0.65,-0.23154487589666187,0.07829607035734676,0.616441414726038,0.3098409462540086,,COMPLETE
34,-0.4294457817755515,2026-05-10 11:10:16.962226,2026-05-10 11:13:11.806172,0 days 00:02:54.843946,2,CAP_LAYER,0.35,SAME,0.7,3,0.05,0.01,0.45,0.08,12,0.5,10,0.65,-0.08562009468846966,0.12157647708169954,0.6876513741741637,0.2071965717701692,,COMPLETE
35,0.07075613240985257,2026-05-10 11:13:11.829377,2026-05-10 11:13:53.297000,0 days 00:00:41.467623,2,CAP_LAYER,0.35,ETF_DEFENSIVE,0.7,3,0.05,0.01,0.45,0.08,10,0.5,10,0.65,,,,,,PRUNED
36,-0.0367218643957815,2026-05-10 11:13:53.319333,2026-05-10 11:14:50.144310,0 days 00:00:56.824977,2,CAP_LAYER,0.25,ETF_DEFENSIVE,0.8,3,0.03,0.01,0.6,0.08,12,0.5,5,0.65,,,,,,PRUNED
37,-0.3947819177135777,2026-05-10 11:14:50.166953,2026-05-10 11:16:05.683443,0 days 00:01:15.516490,2,CAP_LAYER,0.45,SAME,0.7,3,0.05,0.01,0.45,0.08,12,0.5,10,0.65,-0.06018639712934789,0.1312295588241605,0.6691910411684596,0.1914159559535084,,COMPLETE
38,-0.5639681187174457,2026-05-10 11:16:05.705642,2026-05-10 11:17:40.612823,0 days 00:01:34.907181,2,NORMAL,0.45,SAME,0.7,3,0.05,0.01,0.45,0.08,8,0.5,10,0.65,-0.21315736495088106,0.08174376313532468,0.7016215075331292,0.2949011280862057,,COMPLETE
39,-0.554526458847527,2026-05-10 11:17:40.638646,2026-05-10 11:18:56.989586,0 days 00:01:16.350940,2,CAP_LAYER,0.45,SAME,0.9,3,0.05,0.01,0.45,0.16,12,0.5,10,0.65,-0.18874918565840973,0.07864123648758094,0.7315545463782346,0.2673904221459907,,COMPLETE
40,-0.42933673506730863,2026-05-10 11:18:57.013349,2026-05-10 11:20:12.676765,0 days 00:01:15.663416,2,CAP_LAYER,0.35,SAME,0.7,3,0.05,0.02,0.3,0.08,12,0.5,10,0.65,-0.0855488803728407,0.1215609506135289,0.6875757093889359,0.2071098309863696,,COMPLETE
41,-0.17674579847103883,2026-05-10 11:20:12.700342,2026-05-10 11:21:13.376733,0 days 00:01:00.676391,2,CAP_LAYER,0.35,SAME,0.7,3,0.05,0.02,0.3,0.08,12,0.5,10,0.8,,,,,,PRUNED
42,0.05610464291105105,2026-05-10 11:21:13.399389,2026-05-10 11:21:52.585928,0 days 00:00:39.186539,2,CAP_LAYER,0.35,SAME,0.8,3,0.03,0.01,0.45,0.08,12,0.5,20,0.65,,,,,,PRUNED
43,0.07229570090456239,2026-05-10 11:21:52.609685,2026-05-10 11:22:28.396578,0 days 00:00:35.786893,2,CAP_LAYER,0.35,ETF_DEFENSIVE,0.8,3,0.03,0.01,0.6,0.08,5,0.5,10,0.5,,,,,,PRUNED
44,-0.41330879348780836,2026-05-10 11:22:28.421180,2026-05-10 11:23:45.147623,0 days 00:01:16.726443,2,CAP_LAYER,0.45,SAME,0.7,2,0.05,0.01,0.45,0.08,12,0.6,10,0.65,-0.0671717405678881,0.1502139004085253,0.6922741058398405,0.2173856409764134,,COMPLETE
45,-0.41330879348780836,2026-05-10 11:23:45.172482,2026-05-10 11:23:45.705347,0 days 00:00:00.532865,2,CAP_LAYER,0.45,SAME,0.7,2,0.05,0.01,0.45,0.08,12,0.6,10,0.65,-0.0671717405678881,0.1502139004085253,0.6922741058398405,0.2173856409764134,,COMPLETE
46,-0.43102794021009216,2026-05-10 11:23:45.728778,2026-05-10 11:25:00.637789,0 days 00:01:14.909011,2,CAP_LAYER,0.25,SAME,0.7,2,0.05,0.01,0.45,0.08,12,0.6,10,0.65,-0.08972045972239938,0.1537239233039293,0.6826149609753855,0.2434443830263287,,COMPLETE
47,-0.27850889216362906,2026-05-10 11:25:00.660725,2026-05-10 11:25:38.363854,0 days 00:00:37.703129,2,NORMAL,0.45,ETF_DEFENSIVE,0.7,2,0.05,0.01,0.45,0.08,5,0.6,10,0.65,,,,,,PRUNED
48,0.04891743758550379,2026-05-10 11:25:38.385907,2026-05-10 11:26:21.780566,0 days 00:00:43.394659,2,NO_NET_ADD,0.45,SAME,0.7,2,0.05,0.02,0.45,0.08,12,0.5,10,0.65,,,,,,PRUNED
49,-0.5731885485755902,2026-05-10 11:26:21.802200,2026-05-10 11:31:28.174288,0 days 00:05:06.372088,2,CAP_LAYER,0.45,SAME,0.7,2,0.05,0.01,0.6,0.08,8,0.6,5,0.65,-0.1874492765612921,0.05381574011458777,0.7714785440285962,0.24126501667587985,,COMPLETE
50,-0.4569012273685405,2026-05-10 11:31:28.219208,2026-05-10 11:32:43.799758,0 days 00:01:15.580550,2,CAP_LAYER,0.35,SAME,0.7,3,0.05,0.01,0.45,0.12,12,0.5,10,0.65,-0.10546277480842257,0.0988954436665045,0.7028769051202358,0.20435821847492708,,COMPLETE
51,-0.41330879348780836,2026-05-10 11:32:43.847126,2026-05-10 11:32:44.410886,0 days 00:00:00.563760,2,CAP_LAYER,0.45,SAME,0.7,2,0.05,0.01,0.45,0.08,12,0.6,10,0.65,-0.0671717405678881,0.1502139004085253,0.6922741058398405,0.2173856409764134,,COMPLETE
52,-0.12946306324957604,2026-05-10 11:32:44.433254,2026-05-10 11:33:33.929472,0 days 00:00:49.496218,2,CAP_LAYER,0.45,SAME,0.7,2,0.05,0.01,0.45,0.12,15,0.6,20,0.65,,,,,,PRUNED
53,-9999.0,2026-05-10 11:33:33.951489,2026-05-10 11:33:34.266859,0 days 00:00:00.315370,0,CAP_LAYER,0.45,SAME,0.7,2,0.05,0.01,0.3,0.08,12,0.7,10,0.65,,,,,BEAR_RATIO < NEUTRAL_RATIO < BULL_RATIO 约束违反: 0.45 / 0.7 / 0.7,COMPLETE
54,-0.6084598123278051,2026-05-10 11:33:34.288264,2026-05-10 11:34:50.211490,0 days 00:01:15.923226,1,NO_NET_ADD,0.45,SAME,0.7,2,0.05,0.01,0.45,0.12,12,0.6,10,0.65,-0.23509476770251223,0.029244990691413064,0.7467300892505858,0.2643397583939253,,COMPLETE
55,-0.494280794078626,2026-05-10 11:34:50.263286,2026-05-10 11:36:10.274191,0 days 00:01:20.010905,2,NORMAL,0.35,SAME,0.9,4,0.05,0.02,0.3,0.08,12,0.5,10,0.65,-0.15938637131170763,0.12005365333968417,0.6697888455338368,0.2794400246513918,,COMPLETE
56,-0.433605774237527,2026-05-10 11:36:10.298711,2026-05-10 11:37:11.908047,0 days 00:01:01.609336,2,NO_NET_ADD,0.45,SAME,0.7,2,0.05,0.01,0.3,0.08,12,0.6,10,0.8,,,,,,PRUNED
57,-0.6333756748785373,2026-05-10 11:37:11.930136,2026-05-10 11:38:43.189471,0 days 00:01:31.259335,2,CAP_LAYER,0.45,SAME,0.7,2,0.05,0.01,0.45,0.16,8,0.6,10,0.65,-0.2435655869554634,0.062347633415034784,0.7796201758461478,0.3059132203704982,,COMPLETE
58,0.08875441825340016,2026-05-10 11:38:43.214489,2026-05-10 11:42:21.998737,0 days 00:03:38.784248,2,CAP_LAYER,0.45,SAME,0.7,3,0.05,0.01,0.45,0.08,12,0.5,5,0.65,,,,,,PRUNED
59,-0.3845272670238281,2026-05-10 11:42:22.026487,2026-05-10 11:44:03.834561,0 days 00:01:41.808074,2,CAP_LAYER,0.45,SAME,0.8,2,0.05,0.01,0.45,0.08,10,0.6,10,0.65,-0.042875671261223984,0.1434940970869735,0.6833031915252082,0.1863697683481975,,COMPLETE
60,-0.40212069894897057,2026-05-10 11:44:03.860818,2026-05-10 11:45:18.060955,0 days 00:01:14.200137,2,CAP_LAYER,0.45,SAME,0.8,2,0.03,0.01,0.45,0.08,10,0.6,10,0.65,-0.051928966268408275,0.13084940832410105,0.7003834653611246,0.18277837459250934,,COMPLETE
61,-0.425788987501223,2026-05-10 11:45:18.082994,2026-05-10 11:46:32.218907,0 days 00:01:14.135913,2,CAP_LAYER,0.45,SAME,0.8,2,0.05,0.01,0.45,0.08,10,0.7,10,0.65,-0.058837322225262105,0.14973710586207883,0.7339033305519218,0.20857442808734095,,COMPLETE
62,-0.3845272670238281,2026-05-10 11:46:32.244791,2026-05-10 11:46:32.796112,0 days 00:00:00.551321,2,CAP_LAYER,0.45,SAME,0.8,2,0.05,0.01,0.45,0.08,10,0.6,10,0.65,-0.042875671261223984,0.1434940970869735,0.6833031915252082,0.1863697683481975,,COMPLETE
63,-0.46386842126242706,2026-05-10 11:46:32.819257,2026-05-10 11:47:51.885181,0 days 00:01:19.065924,2,CAP_LAYER,0.35,SAME,0.8,2,0.05,0.01,0.45,0.12,10,0.6,10,0.65,-0.11021813987204944,0.11071951138685396,0.7073005627807553,0.2209376512589034,,COMPLETE
64,-0.0824736285690722,2026-05-10 11:47:51.908944,2026-05-10 11:48:39.777615,0 days 00:00:47.868671,1,CAP_LAYER,0.45,SAME,0.8,2,0.05,0.01,0.6,0.08,5,0.6,10,0.65,,,,,,PRUNED
65,-0.40212069894897057,2026-05-10 11:48:39.824097,2026-05-10 11:49:54.170027,0 days 00:01:14.345930,2,NORMAL,0.45,SAME,0.8,2,0.03,0.01,0.45,0.08,10,0.6,10,0.65,-0.051928966268408275,0.13084940832410105,0.7003834653611246,0.18277837459250934,,COMPLETE
66,0.08043527655493729,2026-05-10 11:49:54.194131,2026-05-10 11:50:26.610466,0 days 00:00:32.416335,2,NORMAL,0.45,ETF_DEFENSIVE,0.8,2,0.03,0.01,0.45,0.08,10,0.6,10,0.65,,,,,,PRUNED
67,-0.424935774123553,2026-05-10 11:50:26.633976,2026-05-10 11:52:06.444994,0 days 00:01:39.811018,2,CAP_LAYER,0.45,SAME,0.8,2,0.05,0.01,0.6,0.08,10,0.6,10,0.5,-0.07635006285392955,0.14996435948119766,0.6971714225392469,0.22631442233512722,,COMPLETE
68,-0.40212069894897057,2026-05-10 11:52:06.490126,2026-05-10 11:53:20.742338,0 days 00:01:14.252212,2,CAP_LAYER,0.45,SAME,0.8,2,0.03,0.02,0.45,0.08,10,0.6,10,0.65,-0.051928966268408275,0.13084940832410105,0.7003834653611246,0.18277837459250934,,COMPLETE
69,-0.41015704011986936,2026-05-10 11:53:20.768081,2026-05-10 11:54:35.609720,0 days 00:01:14.841639,2,CAP_LAYER,0.45,SAME,0.8,3,0.03,0.02,0.3,0.08,10,0.6,10,0.65,-0.05363274728141291,0.13338585221698787,0.7130485856769129,0.18701859949840077,,COMPLETE
70,-0.4137230701316777,2026-05-10 11:54:35.635249,2026-05-10 11:55:50.835823,0 days 00:01:15.200574,2,CAP_LAYER,0.45,SAME,0.8,4,0.03,0.02,0.3,0.08,10,0.6,10,0.65,-0.05077506886494476,0.12809872200231373,0.7258960025334659,0.1788737908672585,,COMPLETE
71,-0.45405705520031325,2026-05-10 11:55:50.859462,2026-05-10 11:57:37.940435,0 days 00:01:47.080973,2,CAP_LAYER,0.45,SAME,0.8,2,0.03,0.02,0.45,0.08,12,0.6,10,0.65,-0.09896220936546832,0.15264446103488968,0.7101896916696898,0.251606670400358,,COMPLETE
72,0.05879762562016583,2026-05-10 11:57:37.966023,2026-05-10 11:58:20.477550,0 days 00:00:42.511527,1,NO_NET_ADD,0.45,SAME,0.8,2,0.03,0.01,0.45,0.08,10,0.6,10,0.65,,,,,,PRUNED
73,-0.3700261786150556,2026-05-10 11:58:20.503470,2026-05-10 11:59:29.043845,0 days 00:01:08.540375,2,CAP_LAYER,0.45,SAME,0.8,2,0.03,0.01,0.45,0.08,10,0.6,20,0.5,-0.009200422515220725,0.20058650800798908,0.7216515121996697,0.2097869305232098,,COMPLETE
74,0.1285862920991081,2026-05-10 11:59:29.087855,2026-05-10 12:00:01.479287,0 days 00:00:32.391432,2,CAP_LAYER,0.45,SAME,0.8,2,0.03,0.01,0.3,0.08,10,0.6,20,0.65,,,,,,PRUNED
75,0.21155064171686971,2026-05-10 12:00:01.502976,2026-05-10 12:00:26.357255,0 days 00:00:24.854279,2,CAP_LAYER,0.45,SAME,0.8,4,0.03,0.01,0.45,0.08,10,0.6,20,0.5,,,,,,PRUNED
76,-0.4303363732083702,2026-05-10 12:00:26.380820,2026-05-10 12:01:51.960663,0 days 00:01:25.579843,2,CAP_LAYER,0.45,SAME,0.9,2,0.03,0.01,0.45,0.08,10,0.6,10,0.65,-0.07723787787728119,0.1447582006049204,0.706196990662178,0.2219960784822016,,COMPLETE
77,-0.44133519022961637,2026-05-10 12:01:51.982097,2026-05-10 12:03:06.906442,0 days 00:01:14.924345,2,NORMAL,0.45,SAME,0.9,3,0.03,0.02,0.3,0.08,10,0.6,10,0.65,-0.09410409540622956,0.1265410430106958,0.6944621896467736,0.22064513841692535,,COMPLETE
78,0.15472329666986567,2026-05-10 12:03:06.945675,2026-05-10 12:06:36.386742,0 days 00:03:29.441067,2,CAP_LAYER,0.25,SAME,0.8,2,0.03,0.02,0.45,0.16,10,0.6,5,0.65,,,,,,PRUNED
79,-0.11652104768748714,2026-05-10 12:06:36.409220,2026-05-10 12:07:24.587862,0 days 00:00:48.178642,2,NORMAL,0.25,SAME,0.8,2,0.03,0.01,0.45,0.08,5,0.6,10,0.65,,,,,,PRUNED
80,0.11047849713231508,2026-05-10 12:07:24.610452,2026-05-10 12:07:57.412544,0 days 00:00:32.802092,2,NORMAL,0.45,SAME,0.8,2,0.03,0.01,0.45,0.16,10,0.6,20,0.65,,,,,,PRUNED
81,-9999.0,2026-05-10 12:07:57.436223,2026-05-10 12:07:57.787183,0 days 00:00:00.350960,2,CAP_LAYER,0.45,SAME,0.7,2,0.03,0.01,0.45,0.08,10,0.7,20,0.5,,,,,BEAR_RATIO < NEUTRAL_RATIO < BULL_RATIO 约束违反: 0.45 / 0.7 / 0.7,COMPLETE
82,-0.15096867525198981,2026-05-10 12:07:57.810233,2026-05-10 12:09:00.137841,0 days 00:01:02.327608,2,CAP_LAYER,0.45,SAME,0.8,3,0.05,0.01,0.45,0.08,10,0.6,10,0.8,,,,,,PRUNED
83,-0.1742693556687666,2026-05-10 12:09:00.163807,2026-05-10 12:09:42.077716,0 days 00:00:41.913909,2,CAP_LAYER,0.35,SAME,0.8,2,0.03,0.02,0.45,0.08,10,0.6,10,0.8,,,,,,PRUNED
84,-0.00806743478982272,2026-05-10 12:09:42.101655,2026-05-10 12:10:07.666222,0 days 00:00:25.564567,2,NO_NET_ADD,0.45,SAME,0.8,2,0.05,0.01,0.45,0.08,10,0.6,20,0.65,,,,,,PRUNED
85,0.08144873845858994,2026-05-10 12:10:07.690696,2026-05-10 12:10:42.760394,0 days 00:00:35.069698,2,CAP_LAYER,0.45,ETF_DEFENSIVE,0.8,3,0.03,0.02,0.3,0.08,10,0.7,10,0.65,,,,,,PRUNED
86,-0.4035057864348227,2026-05-10 12:10:43.000307,2026-05-10 12:13:08.290702,0 days 00:02:25.290395,2,NORMAL,0.45,SAME,0.8,2,0.03,0.01,0.45,0.08,10,0.5,10,0.65,-0.06188713132977451,0.12945279820079697,0.6832373102100964,0.1913399295305715,,COMPLETE
87,-0.4035057864348227,2026-05-10 12:13:08.313438,2026-05-10 12:13:08.864817,0 days 00:00:00.551379,2,NORMAL,0.45,SAME,0.8,2,0.03,0.01,0.45,0.08,10,0.5,10,0.65,-0.06188713132977451,0.12945279820079697,0.6832373102100964,0.1913399295305715,,COMPLETE
88,0.2110145823361438,2026-05-10 12:13:08.889677,2026-05-10 12:13:50.802215,0 days 00:00:41.912538,2,NORMAL,0.45,SAME,0.8,2,0.03,0.01,0.45,0.12,10,0.5,10,0.65,,,,,,PRUNED
89,0.1436756010920445,2026-05-10 12:13:50.848437,2026-05-10 12:14:16.085132,0 days 00:00:25.236695,2,NORMAL,0.45,SAME,0.7,2,0.03,0.01,0.45,0.08,10,0.5,20,0.65,,,,,,PRUNED
90,0.05713617847380009,2026-05-10 12:14:16.108226,2026-05-10 12:15:23.663765,0 days 00:01:07.555539,0,NORMAL,0.45,SAME,0.8,2,0.03,0.01,0.45,0.08,15,0.5,10,0.65,,,,,,PRUNED
91,-0.4578911895690503,2026-05-10 12:15:23.707003,2026-05-10 12:16:43.373654,0 days 00:01:19.666651,2,CAP_LAYER,0.45,SAME,0.7,3,0.03,0.02,0.45,0.16,10,0.6,10,0.65,-0.09096808925935022,0.07844997079810315,0.7338462006194001,0.16941806005745336,,COMPLETE
92,-0.4192192883551941,2026-05-10 12:16:43.394542,2026-05-10 12:17:58.102945,0 days 00:01:14.708403,2,CAP_LAYER,0.45,SAME,0.8,4,0.03,0.01,0.45,0.08,10,0.5,10,0.65,-0.06918200455947283,0.12390192020783868,0.7000745675914426,0.1930839247673115,,COMPLETE
93,-0.4322596650966905,2026-05-10 12:17:58.125076,2026-05-10 12:19:38.838534,0 days 00:01:40.713458,2,NORMAL,0.45,SAME,0.8,2,0.03,0.02,0.45,0.08,10,0.5,10,0.5,-0.09790504820318972,0.12703940115552387,0.6687092337870015,0.2249444493587136,,COMPLETE
94,-0.620690944844629,2026-05-10 12:19:38.860221,2026-05-10 12:20:59.563988,0 days 00:01:20.703767,2,CAP_LAYER,0.45,SAME,0.8,2,0.03,0.01,0.45,0.08,5,0.6,10,0.5,-0.23360655067067113,0.020790425665545703,0.7741687883479157,0.25439697633621683,,COMPLETE
95,-0.11178625835183412,2026-05-10 12:20:59.586060,2026-05-10 12:21:36.528019,0 days 00:00:36.941959,2,CAP_LAYER,0.45,SAME,0.8,3,0.03,0.02,0.3,0.08,8,0.6,20,0.65,,,,,,PRUNED
96,0.007993706783755147,2026-05-10 12:21:36.549350,2026-05-10 12:22:38.446662,0 days 00:01:01.897312,2,NO_NET_ADD,0.25,SAME,0.8,2,0.03,0.01,0.3,0.08,10,0.5,10,0.65,,,,,,PRUNED
97,-0.1675132704276062,2026-05-10 12:22:38.470844,2026-05-10 12:23:36.572163,0 days 00:00:58.101319,2,NORMAL,0.45,SAME,0.9,2,0.03,0.01,0.45,0.08,10,0.5,10,0.8,,,,,,PRUNED
98,-0.3845272670238281,2026-05-10 12:23:36.596728,2026-05-10 12:24:58.586549,0 days 00:01:21.989821,2,NORMAL,0.45,SAME,0.8,2,0.05,0.02,0.45,0.08,10,0.6,10,0.65,-0.042875671261223984,0.1434940970869735,0.6833031915252082,0.1863697683481975,,COMPLETE
99,-0.36618838466223674,2026-05-10 12:24:58.609750,2026-05-10 12:26:46.947533,0 days 00:01:48.337783,0,CAP_LAYER,0.45,SAME,0.7,3,0.03,0.01,0.45,0.08,12,0.5,10,0.65,-0.02832273883788009,0.13656046483528977,0.6757312916487133,0.16488320367316986,,COMPLETE
100,-0.3845272670238281,2026-05-10 12:26:46.970259,2026-05-10 12:26:47.474311,0 days 00:00:00.504052,2,NORMAL,0.45,SAME,0.8,2,0.05,0.02,0.45,0.08,10,0.6,10,0.65,-0.042875671261223984,0.1434940970869735,0.6833031915252082,0.1863697683481975,,COMPLETE
101,-0.3845272670238281,2026-05-10 12:26:47.497329,2026-05-10 12:26:48.022837,0 days 00:00:00.525508,2,NORMAL,0.45,SAME,0.8,2,0.05,0.02,0.45,0.08,10,0.6,10,0.65,-0.042875671261223984,0.1434940970869735,0.6833031915252082,0.1863697683481975,,COMPLETE
102,-0.3845272670238281,2026-05-10 12:26:48.046216,2026-05-10 12:26:48.558073,0 days 00:00:00.511857,2,NORMAL,0.45,SAME,0.8,2,0.05,0.02,0.45,0.08,10,0.6,10,0.65,-0.042875671261223984,0.1434940970869735,0.6833031915252082,0.1863697683481975,,COMPLETE
103,-0.3607067057360223,2026-05-10 12:26:48.582879,2026-05-10 12:28:06.373275,0 days 00:01:17.790396,2,NORMAL,0.45,SAME,0.7,2,0.05,0.02,0.45,0.08,10,0.6,10,0.65,-0.012315058566055257,0.15188512117771696,0.6967832943399341,0.1642001797437722,,COMPLETE
104,-0.3607067057360223,2026-05-10 12:28:06.395957,2026-05-10 12:29:21.339922,0 days 00:01:14.943965,0,NORMAL,0.45,SAME,0.7,2,0.05,0.02,0.45,0.08,10,0.6,10,0.65,-0.012315058566055257,0.15188512117771696,0.6967832943399341,0.1642001797437722,,COMPLETE
105,-0.3607067057360223,2026-05-10 12:29:21.362719,2026-05-10 12:29:21.902468,0 days 00:00:00.539749,0,NORMAL,0.45,SAME,0.7,2,0.05,0.02,0.45,0.08,10,0.6,10,0.65,-0.012315058566055257,0.15188512117771696,0.6967832943399341,0.1642001797437722,,COMPLETE
106,-0.3607067057360223,2026-05-10 12:29:21.929124,2026-05-10 12:29:22.456658,0 days 00:00:00.527534,0,NORMAL,0.45,SAME,0.7,2,0.05,0.02,0.45,0.08,10,0.6,10,0.65,-0.012315058566055257,0.15188512117771696,0.6967832943399341,0.1642001797437722,,COMPLETE
107,-0.3910540706443796,2026-05-10 12:29:22.494649,2026-05-10 12:30:59.821999,0 days 00:01:37.327350,0,NORMAL,0.45,SAME,0.7,2,0.05,0.02,0.45,0.08,10,0.6,10,0.5,-0.043145019781004726,0.1594587364299871,0.6958181017267497,0.2026037562109918,,COMPLETE
108,0.09475470089667368,2026-05-10 12:30:59.844265,2026-05-10 12:31:36.337449,0 days 00:00:36.493184,0,NORMAL,0.45,SAME,0.7,4,0.05,0.02,0.3,0.08,10,0.6,20,0.65,,,,,,PRUNED
109,-0.3579850815993265,2026-05-10 12:31:36.384318,2026-05-10 12:33:20.809652,0 days 00:01:44.425334,0,CAP_LAYER,0.45,SAME,0.7,2,0.03,0.01,0.45,0.08,12,0.5,10,0.65,-0.025716130904780754,0.14675736245739393,0.6645379013890915,0.17247349336217468,,COMPLETE
110,-0.3863792049948722,2026-05-10 12:33:20.834611,2026-05-10 12:34:41.294056,0 days 00:01:20.459445,0,CAP_LAYER,0.25,SAME,0.7,3,0.03,0.01,0.45,0.08,12,0.5,10,0.65,-0.05524212947315156,0.13788813723800653,0.6622741510434413,0.19313026671115807,,COMPLETE
111,-0.3579850815993265,2026-05-10 12:34:41.317425,2026-05-10 12:34:41.908021,0 days 00:00:00.590596,0,CAP_LAYER,0.45,SAME,0.7,2,0.03,0.01,0.45,0.08,12,0.5,10,0.65,-0.025716130904780754,0.14675736245739393,0.6645379013890915,0.17247349336217468,,COMPLETE
112,-0.37340605300082896,2026-05-10 12:34:41.930429,2026-05-10 12:35:58.488354,0 days 00:01:16.557925,0,CAP_LAYER,0.45,SAME,0.7,2,0.03,0.01,0.45,0.12,12,0.5,10,0.65,-0.027816039020004908,0.13146825028902515,0.6911800279616481,0.15928428930903005,,COMPLETE
113,-0.37340605300082896,2026-05-10 12:35:58.511738,2026-05-10 12:35:59.017454,0 days 00:00:00.505716,0,CAP_LAYER,0.45,SAME,0.7,2,0.03,0.01,0.45,0.12,12,0.5,10,0.65,-0.027816039020004908,0.13146825028902515,0.6911800279616481,0.15928428930903005,,COMPLETE
114,-0.37340605300082896,2026-05-10 12:35:59.040559,2026-05-10 12:35:59.578482,0 days 00:00:00.537923,0,CAP_LAYER,0.45,SAME,0.7,2,0.03,0.01,0.45,0.12,12,0.5,10,0.65,-0.027816039020004908,0.13146825028902515,0.6911800279616481,0.15928428930903005,,COMPLETE
115,-0.37340605300082896,2026-05-10 12:35:59.603270,2026-05-10 12:36:00.125024,0 days 00:00:00.521754,0,CAP_LAYER,0.45,SAME,0.7,2,0.03,0.01,0.45,0.12,12,0.5,10,0.65,-0.027816039020004908,0.13146825028902515,0.6911800279616481,0.15928428930903005,,COMPLETE
116,0.14610303205312497,2026-05-10 12:36:00.150768,2026-05-10 12:37:01.371482,0 days 00:01:01.220714,0,CAP_LAYER,0.45,SAME,0.7,2,0.03,0.01,0.45,0.12,12,0.5,10,0.5,,,,,,PRUNED
117,0.04039789935423546,2026-05-10 12:37:01.394422,2026-05-10 12:37:56.711904,0 days 00:00:55.317482,0,NO_NET_ADD,0.45,SAME,0.7,2,0.03,0.01,0.45,0.12,10,0.5,10,0.65,,,,,,PRUNED
118,-0.3579850815993265,2026-05-10 12:37:56.749637,2026-05-10 12:39:12.324857,0 days 00:01:15.575220,0,CAP_LAYER,0.45,SAME,0.7,2,0.03,0.01,0.6,0.08,12,0.5,10,0.65,-0.025716130904780754,0.14675736245739393,0.6645379013890915,0.17247349336217468,,COMPLETE
119,-0.4158774436165761,2026-05-10 12:39:12.347754,2026-05-10 12:40:28.785050,0 days 00:01:16.437296,0,CAP_LAYER,0.45,SAME,0.9,2,0.03,0.01,0.6,0.08,12,0.5,10,0.65,-0.07896263234908649,0.15339382547541197,0.6738296225349792,0.23235645782449846,,COMPLETE
120,0.17617730946895205,2026-05-10 12:40:28.807915,2026-05-10 12:41:22.827516,0 days 00:00:54.019601,0,CAP_LAYER,0.45,SAME,0.7,2,0.03,0.02,0.45,0.08,8,0.5,10,0.65,,,,,,PRUNED
121,0.19673785984736852,2026-05-10 12:41:22.849918,2026-05-10 12:44:52.904369,0 days 00:03:30.054451,0,NORMAL,0.45,SAME,0.7,2,0.05,0.02,0.45,0.08,8,0.6,5,0.65,,,,,,PRUNED
122,0.11175050754642646,2026-05-10 12:44:52.926973,2026-05-10 12:45:28.291951,0 days 00:00:35.364978,0,CAP_LAYER,0.45,SAME,0.7,2,0.03,0.01,0.45,0.08,12,0.5,20,0.65,,,,,,PRUNED
123,-0.37119805960525876,2026-05-10 12:45:28.315074,2026-05-10 12:46:49.747678,0 days 00:01:21.432604,0,CAP_LAYER,0.45,SAME,0.7,2,0.03,0.01,0.3,0.12,12,0.6,10,0.65,-0.009662200024532584,0.14810678155166604,0.7230717191614523,0.15776898157619862,,COMPLETE
124,0.0658961610183939,2026-05-10 12:46:49.770940,2026-05-10 12:47:57.202948,0 days 00:01:07.432008,0,CAP_LAYER,0.45,SAME,0.7,2,0.03,0.01,0.3,0.12,15,0.6,10,0.65,,,,,,PRUNED
125,0.22263116228184784,2026-05-10 12:47:57.225700,2026-05-10 12:48:54.653396,0 days 00:00:57.427696,0,NORMAL,0.35,SAME,0.7,2,0.05,0.02,0.45,0.12,10,0.6,10,0.65,,,,,,PRUNED
126,0.19107087681348156,2026-05-10 12:48:54.677894,2026-05-10 12:49:42.299078,0 days 00:00:47.621184,0,NORMAL,0.45,SAME,0.7,3,0.05,0.02,0.45,0.16,12,0.6,10,0.65,,,,,,PRUNED
127,0.04986223900320298,2026-05-10 12:49:42.322419,2026-05-10 12:50:12.595836,0 days 00:00:30.273417,2,CAP_LAYER,0.45,ETF_DEFENSIVE,0.8,2,0.03,0.01,0.45,0.12,10,0.6,20,0.5,,,,,,PRUNED
128,-0.4232464108429681,2026-05-10 12:50:12.621063,2026-05-10 12:52:44.905961,0 days 00:02:32.284898,1,CAP_LAYER,0.45,SAME,0.7,3,0.03,0.01,0.3,0.12,12,0.6,10,0.65,-0.06106594527541,0.11622578614425712,0.7243609311351162,0.17729173141966711,,COMPLETE
129,0.067379295887533,2026-05-10 12:52:44.928732,2026-05-10 12:53:55.814407,0 days 00:01:10.885675,0,NORMAL,0.25,SAME,0.7,2,0.05,0.02,0.45,0.08,15,0.6,10,0.65,,,,,,PRUNED
130,-9999.0,2026-05-10 12:53:55.837209,2026-05-10 12:53:56.142784,0 days 00:00:00.305575,0,NORMAL,0.45,SAME,0.7,2,0.05,0.02,0.45,0.08,10,0.7,10,0.65,,,,,BEAR_RATIO < NEUTRAL_RATIO < BULL_RATIO 约束违反: 0.45 / 0.7 / 0.7,COMPLETE
131,-0.37275978604723914,2026-05-10 12:53:56.165312,2026-05-10 12:55:12.640885,0 days 00:01:16.475573,0,CAP_LAYER,0.45,SAME,0.7,2,0.05,0.01,0.45,0.12,12,0.5,10,0.65,-0.02958548136612141,0.13782805240866444,0.6863486093622354,0.16741353377478585,,COMPLETE
132,-9999.0,2026-05-10 12:55:12.663585,2026-05-10 12:55:12.965357,0 days 00:00:00.301772,0,CAP_LAYER,0.45,SAME,0.7,2,0.03,0.01,0.45,0.08,5,0.7,10,0.65,,,,,BEAR_RATIO < NEUTRAL_RATIO < BULL_RATIO 约束违反: 0.45 / 0.7 / 0.7,COMPLETE
133,0.11122727386886286,2026-05-10 12:55:12.990082,2026-05-10 12:55:53.622615,0 days 00:00:40.632533,0,CAP_LAYER,0.45,SAME,0.7,2,0.03,0.01,0.6,0.12,12,0.6,20,0.65,,,,,,PRUNED
134,-0.3587112604940638,2026-05-10 12:55:53.863598,2026-05-10 12:57:32.315061,0 days 00:01:38.451463,0,CAP_LAYER,0.45,SAME,0.7,2,0.05,0.02,0.6,0.08,10,0.6,10,0.65,-0.007785561565759587,0.15456984826456957,0.7018513978566084,0.16235540983032914,,COMPLETE
135,0.22982299585841356,2026-05-10 12:57:32.338760,2026-05-10 12:58:14.410798,0 days 00:00:42.072038,1,NORMAL,0.45,SAME,0.7,3,0.05,0.02,0.45,0.08,10,0.6,10,0.65,,,,,,PRUNED
136,-0.36572356105535375,2026-05-10 12:58:14.436802,2026-05-10 12:59:33.037715,0 days 00:01:18.600913,0,CAP_LAYER,0.45,SAME,0.7,2,0.03,0.02,0.6,0.08,10,0.6,10,0.65,-0.017516991913341756,0.15066334423728964,0.696413138284024,0.16818033615063138,,COMPLETE
137,-0.36572356105535375,2026-05-10 12:59:33.059767,2026-05-10 12:59:33.601155,0 days 00:00:00.541388,0,CAP_LAYER,0.45,SAME,0.7,2,0.03,0.02,0.6,0.08,10,0.6,10,0.65,-0.017516991913341756,0.15066334423728964,0.696413138284024,0.16818033615063138,,COMPLETE
138,-0.36572356105535375,2026-05-10 12:59:33.623609,2026-05-10 12:59:34.140850,0 days 00:00:00.517241,0,CAP_LAYER,0.45,SAME,0.7,2,0.03,0.02,0.6,0.08,10,0.6,10,0.65,-0.017516991913341756,0.15066334423728964,0.696413138284024,0.16818033615063138,,COMPLETE
139,-0.3671268509984072,2026-05-10 12:59:34.164528,2026-05-10 13:00:48.139442,0 days 00:01:13.974914,1,CAP_LAYER,0.45,SAME,0.7,2,0.03,0.02,0.6,0.08,10,0.6,10,0.65,-0.022125269738497284,0.1510183424514511,0.6900031625198199,0.1731436121899484,,COMPLETE
140,-0.36572356105535375,2026-05-10 13:00:48.174943,2026-05-10 13:00:48.759338,0 days 00:00:00.584395,0,CAP_LAYER,0.45,SAME,0.7,2,0.03,0.02,0.6,0.08,10,0.6,10,0.65,-0.017516991913341756,0.15066334423728964,0.696413138284024,0.16818033615063138,,COMPLETE
141,-0.3671268509984072,2026-05-10 13:00:48.784041,2026-05-10 13:00:49.292223,0 days 00:00:00.508182,1,CAP_LAYER,0.45,SAME,0.7,2,0.03,0.02,0.6,0.08,10,0.6,10,0.65,-0.022125269738497284,0.1510183424514511,0.6900031625198199,0.1731436121899484,,COMPLETE
142,-0.36572356105535375,2026-05-10 13:00:49.316668,2026-05-10 13:00:49.860361,0 days 00:00:00.543693,0,CAP_LAYER,0.45,SAME,0.7,2,0.03,0.02,0.6,0.08,10,0.6,10,0.65,-0.017516991913341756,0.15066334423728964,0.696413138284024,0.16818033615063138,,COMPLETE
143,0.12290404001035904,2026-05-10 13:00:49.883881,2026-05-10 13:01:33.065691,0 days 00:00:43.181810,0,NO_NET_ADD,0.45,SAME,0.7,2,0.05,0.02,0.6,0.08,10,0.6,10,0.65,,,,,,PRUNED
144,-0.3718104872923924,2026-05-10 13:01:33.089391,2026-05-10 13:02:48.060791,0 days 00:01:14.971400,0,CAP_LAYER,0.45,SAME,0.7,3,0.03,0.02,0.6,0.08,10,0.5,10,0.65,-0.03314890009764403,0.13569095476826795,0.6773231743894967,0.16883985486591196,,COMPLETE
145,0.20233041603713883,2026-05-10 13:02:48.082996,2026-05-10 13:03:41.414939,0 days 00:00:53.331943,0,CAP_LAYER,0.35,SAME,0.7,2,0.03,0.02,0.6,0.08,8,0.6,10,0.65,,,,,,PRUNED
146,-0.12014168584418827,2026-05-10 13:03:41.438676,2026-05-10 13:04:43.122234,0 days 00:01:01.683558,0,CAP_LAYER,0.45,SAME,0.7,2,0.03,0.02,0.6,0.08,10,0.6,10,0.8,,,,,,PRUNED
147,0.20599291854597673,2026-05-10 13:04:43.145285,2026-05-10 13:05:26.192842,0 days 00:00:43.047557,0,NORMAL,0.45,SAME,0.9,2,0.05,0.02,0.45,0.16,10,0.6,10,0.65,,,,,,PRUNED
148,-0.41910888950883035,2026-05-10 13:05:26.215538,2026-05-10 13:06:40.326268,0 days 00:01:14.110730,0,CAP_LAYER,0.45,SAME,0.9,2,0.03,0.02,0.6,0.08,10,0.7,10,0.65,-0.047577996230815635,0.16738300530800113,0.7430617865560294,0.21496100153881675,,COMPLETE
149,0.17541236661274903,2026-05-10 13:06:40.366466,2026-05-10 13:07:12.807232,0 days 00:00:32.440766,0,CAP_LAYER,0.45,SAME,0.7,2,0.03,0.02,0.3,0.08,10,0.6,20,0.65,,,,,,PRUNED
150,-0.36932407575864995,2026-05-10 13:07:12.831555,2026-05-10 13:09:01.075210,0 days 00:01:48.243655,0,CAP_LAYER,0.45,SAME,0.7,2,0.03,0.02,0.6,0.08,12,0.6,10,0.65,-0.01802856257536432,0.16723923299614857,0.7025910263665712,0.18526779557151288,,COMPLETE
151,-0.3671268509984072,2026-05-10 13:09:01.101259,2026-05-10 13:09:01.646415,0 days 00:00:00.545156,1,CAP_LAYER,0.45,SAME,0.7,2,0.03,0.02,0.6,0.08,10,0.6,10,0.65,-0.022125269738497284,0.1510183424514511,0.6900031625198199,0.1731436121899484,,COMPLETE
152,-0.36572356105535375,2026-05-10 13:09:01.670215,2026-05-10 13:10:19.529666,0 days 00:01:17.859451,0,CAP_LAYER,0.45,SAME,0.7,2,0.03,0.01,0.6,0.08,10,0.6,10,0.65,-0.017516991913341756,0.15066334423728964,0.696413138284024,0.16818033615063138,,COMPLETE
153,0.11688170800096218,2026-05-10 13:10:19.572393,2026-05-10 13:10:51.952009,0 days 00:00:32.379616,0,CAP_LAYER,0.45,ETF_DEFENSIVE,0.7,2,0.03,0.01,0.6,0.08,10,0.6,10,0.65,,,,,,PRUNED
154,0.21682811823660708,2026-05-10 13:10:51.970911,2026-05-10 13:14:20.072965,0 days 00:03:28.102054,0,CAP_LAYER,0.45,SAME,0.7,2,0.03,0.02,0.6,0.08,10,0.6,5,0.65,,,,,,PRUNED
155,-0.38031961971212336,2026-05-10 13:14:20.115902,2026-05-10 13:15:38.186675,0 days 00:01:18.070773,0,CAP_LAYER,0.45,SAME,0.7,2,0.05,0.02,0.6,0.16,10,0.6,10,0.65,-0.022999404234660292,0.13579248118999956,0.7146404309549261,0.15879188542465986,,COMPLETE
156,0.11282566203871344,2026-05-10 13:15:38.213265,2026-05-10 13:16:20.766309,0 days 00:00:42.553044,2,NO_NET_ADD,0.35,SAME,0.7,2,0.05,0.02,0.45,0.08,10,0.6,10,0.65,,,,,,PRUNED
157,-0.37489307306813185,2026-05-10 13:16:20.787589,2026-05-10 13:17:35.034879,0 days 00:01:14.247290,0,NORMAL,0.45,SAME,0.7,2,0.03,0.02,0.45,0.08,10,0.6,10,0.65,-0.029714881400651674,0.14523020572043496,0.6903563833349604,0.17494508712108664,,COMPLETE
158,0.24090170418285986,2026-05-10 13:17:35.060328,2026-05-10 13:18:17.603861,0 days 00:00:42.543533,1,CAP_LAYER,0.45,SAME,0.8,2,0.03,0.01,0.45,0.08,12,0.5,10,0.65,,,,,,PRUNED
159,-0.38929852085077676,2026-05-10 13:18:17.625105,2026-05-10 13:19:31.016200,0 days 00:01:13.391095,0,CAP_LAYER,0.45,SAME,0.8,2,0.03,0.02,0.6,0.08,10,0.6,10,0.65,-0.03729440059439188,0.14015750305157867,0.7040082405127698,0.17745190364597055,,COMPLETE
160,0.21059122406365097,2026-05-10 13:19:31.063999,2026-05-10 13:20:14.298407,0 days 00:00:43.234408,0,NORMAL,0.45,SAME,0.7,3,0.03,0.01,0.45,0.08,12,0.5,10,0.65,,,,,,PRUNED
161,-0.38253157006859334,2026-05-10 13:20:14.322027,2026-05-10 13:21:28.348407,0 days 00:01:14.026380,2,CAP_LAYER,0.45,SAME,0.7,3,0.03,0.01,0.6,0.08,10,0.6,10,0.65,-0.035184497789295825,0.1380233508620827,0.694694144558595,0.17320784865137853,,COMPLETE
162,0.15969345483654385,2026-05-10 13:21:28.371551,2026-05-10 13:22:06.509316,0 days 00:00:38.137765,0,NORMAL,0.45,SAME,0.7,2,0.05,0.02,0.45,0.08,10,0.6,20,0.65,,,,,,PRUNED
163,-0.12772345904403512,2026-05-10 13:22:06.535473,2026-05-10 13:23:08.363483,0 days 00:01:01.828010,0,CAP_LAYER,0.45,SAME,0.7,2,0.03,0.01,0.6,0.08,12,0.5,10,0.8,,,,,,PRUNED
164,-0.36730018820769583,2026-05-10 13:23:08.387866,2026-05-10 13:24:55.524944,0 days 00:01:47.137078,0,CAP_LAYER,0.45,SAME,0.7,4,0.03,0.01,0.6,0.08,12,0.5,10,0.65,-0.026122810284141065,0.12606262297690202,0.6823547558471096,0.15218543326104308,,COMPLETE
165,-0.3112324678488298,2026-05-10 13:24:55.548510,2026-05-10 13:25:31.658470,0 days 00:00:36.109960,0,NORMAL,0.45,ETF_DEFENSIVE,0.7,4,0.05,0.02,0.45,0.08,5,0.6,10,0.65,,,,,,PRUNED
166,-0.361992100497066,2026-05-10 13:25:31.685630,2026-05-10 13:27:11.871084,0 days 00:01:40.185454,0,CAP_LAYER,0.45,SAME,0.7,2,0.03,0.01,0.6,0.08,10,0.5,10,0.65,-0.022469269543597768,0.15015843888996663,0.6790456619069364,0.1726277084335644,,COMPLETE
167,0.148837852340563,2026-05-10 13:27:11.895869,2026-05-10 13:28:13.044879,0 days 00:01:01.149010,0,CAP_LAYER,0.45,SAME,0.7,3,0.03,0.01,0.45,0.08,12,0.5,10,0.5,,,,,,PRUNED
168,-0.361992100497066,2026-05-10 13:28:13.067862,2026-05-10 13:28:13.598564,0 days 00:00:00.530702,0,CAP_LAYER,0.45,SAME,0.7,2,0.03,0.01,0.6,0.08,10,0.5,10,0.65,-0.022469269543597768,0.15015843888996663,0.6790456619069364,0.1726277084335644,,COMPLETE
169,-0.361992100497066,2026-05-10 13:28:13.622780,2026-05-10 13:28:14.147945,0 days 00:00:00.525165,0,CAP_LAYER,0.45,SAME,0.7,2,0.03,0.01,0.6,0.08,10,0.5,10,0.65,-0.022469269543597768,0.15015843888996663,0.6790456619069364,0.1726277084335644,,COMPLETE
170,-0.3933297839070818,2026-05-10 13:28:14.169347,2026-05-10 13:29:28.597964,0 days 00:01:14.428617,0,CAP_LAYER,0.45,SAME,0.7,2,0.03,0.01,0.6,0.16,10,0.5,10,0.65,-0.04399642390222558,0.10998519061535918,0.6986667200097124,0.15398161451758474,,COMPLETE
171,-0.37608443420410076,2026-05-10 13:29:28.621588,2026-05-10 13:31:09.242637,0 days 00:01:40.621049,0,CAP_LAYER,0.45,SAME,0.7,2,0.03,0.01,0.6,0.08,10,0.5,10,0.5,-0.03784091528318988,0.1522305192216396,0.6764870378418217,0.1900714345048295,,COMPLETE
172,-9999.0,2026-05-10 13:31:09.284473,2026-05-10 13:31:09.574766,0 days 00:00:00.290293,0,CAP_LAYER,0.45,SAME,0.7,2,0.05,0.02,0.6,0.08,10,0.7,10,0.65,,,,,BEAR_RATIO < NEUTRAL_RATIO < BULL_RATIO 约束违反: 0.45 / 0.7 / 0.7,COMPLETE
173,0.2516117937514923,2026-05-10 13:31:09.600137,2026-05-10 13:31:52.670554,0 days 00:00:43.070417,0,NORMAL,0.45,SAME,0.7,2,0.03,0.01,0.6,0.08,10,0.5,10,0.65,,,,,,PRUNED
174,0.0937963091514585,2026-05-10 13:31:52.696367,2026-05-10 13:32:24.218784,0 days 00:00:31.522417,2,NORMAL,0.45,ETF_DEFENSIVE,0.7,2,0.05,0.02,0.45,0.12,10,0.6,10,0.65,,,,,,PRUNED
175,-0.39447039141871504,2026-05-10 13:32:24.242699,2026-05-10 13:33:38.418238,0 days 00:01:14.175539,0,CAP_LAYER,0.35,SAME,0.8,2,0.03,0.01,0.6,0.08,10,0.5,10,0.65,-0.051319831000454785,0.1326175354895607,0.6863011208365205,0.1839373664900155,,COMPLETE
176,0.04402964965839036,2026-05-10 13:33:38.441368,2026-05-10 13:34:13.385121,0 days 00:00:34.943753,0,CAP_LAYER,0.45,ETF_DEFENSIVE,0.7,2,0.05,0.02,0.6,0.08,10,0.6,10,0.5,,,,,,PRUNED
177,0.13437190458794085,2026-05-10 13:34:13.409829,2026-05-10 13:34:58.774144,0 days 00:00:45.364315,0,CAP_LAYER,0.45,ETF_DEFENSIVE,0.7,2,0.03,0.01,0.45,0.08,12,0.5,10,0.65,,,,,,PRUNED
178,-0.36641324419571814,2026-05-10 13:34:58.797282,2026-05-10 13:36:12.549439,0 days 00:01:13.752157,0,CAP_LAYER,0.45,SAME,0.7,4,0.05,0.01,0.6,0.08,10,0.6,10,0.65,-0.021694652470348234,0.1431534729321295,0.6894371834507398,0.16484812540247773,,COMPLETE
179,0.2516117937514923,2026-05-10 13:36:12.574960,2026-05-10 13:36:55.502127,0 days 00:00:42.927167,2,CAP_LAYER,0.45,SAME,0.7,2,0.03,0.01,0.6,0.08,10,0.5,10,0.65,,,,,,PRUNED
180,-0.16052495496849373,2026-05-10 13:36:55.524174,2026-05-10 13:38:08.625502,0 days 00:01:13.101328,2,CAP_LAYER,0.45,SAME,0.7,2,0.05,0.02,0.45,0.08,15,0.6,10,0.8,,,,,,PRUNED
181,0.09036739277987987,2026-05-10 13:38:08.650067,2026-05-10 13:38:39.556247,0 days 00:00:30.906180,0,CAP_LAYER,0.35,ETF_DEFENSIVE,0.7,4,0.05,0.01,0.6,0.08,10,0.6,10,0.65,,,,,,PRUNED
182,0.2490616097472632,2026-05-10 13:38:39.583593,2026-05-10 13:39:21.404125,0 days 00:00:41.820532,0,CAP_LAYER,0.45,SAME,0.8,4,0.05,0.01,0.6,0.08,10,0.6,10,0.65,,,,,,PRUNED
183,0.2246921545915283,2026-05-10 13:39:21.427984,2026-05-10 13:40:04.495930,0 days 00:00:43.067946,2,NORMAL,0.45,SAME,0.7,2,0.05,0.02,0.45,0.16,10,0.6,10,0.65,,,,,,PRUNED
184,-0.41875719476873013,2026-05-10 13:40:04.520644,2026-05-10 13:41:22.823173,0 days 00:01:18.302529,0,CAP_LAYER,0.25,SAME,0.7,2,0.03,0.01,0.6,0.08,10,0.6,10,0.65,-0.06484855488701773,0.14322059155768072,0.7078172797634248,0.20806914644469843,,COMPLETE
185,-0.3797177392884748,2026-05-10 13:41:22.845401,2026-05-10 13:42:36.584130,0 days 00:01:13.738729,0,CAP_LAYER,0.45,SAME,0.7,2,0.03,0.02,0.6,0.12,10,0.6,10,0.65,-0.023000603341976716,0.13788547338275542,0.7134342718929961,0.16088607672473212,,COMPLETE
186,-0.35800707382383007,2026-05-10 13:42:36.606017,2026-05-10 13:43:54.977643,0 days 00:01:18.371626,0,CAP_LAYER,0.45,SAME,0.7,2,0.05,0.01,0.6,0.08,10,0.5,10,0.65,-0.01669407423547967,0.14637210748345536,0.6826259991767007,0.16306618171893503,,COMPLETE
187,0.24099282078735773,2026-05-10 13:43:55.001576,2026-05-10 13:44:37.113484,0 days 00:00:42.111908,0,CAP_LAYER,0.45,SAME,0.9,2,0.05,0.01,0.6,0.08,10,0.5,10,0.65,,,,,,PRUNED
188,0.19597623320690136,2026-05-10 13:44:37.136315,2026-05-10 13:48:10.509044,0 days 00:03:33.372729,0,CAP_LAYER,0.45,SAME,0.7,2,0.03,0.01,0.6,0.08,10,0.5,5,0.65,,,,,,PRUNED
189,-0.35800707382383007,2026-05-10 13:48:10.556042,2026-05-10 13:49:23.771934,0 days 00:01:13.215892,0,CAP_LAYER,0.45,SAME,0.7,2,0.05,0.01,0.3,0.08,10,0.5,10,0.65,-0.01669407423547967,0.14637210748345536,0.6826259991767007,0.16306618171893503,,COMPLETE
190,-0.35800707382383007,2026-05-10 13:49:23.796142,2026-05-10 13:49:24.337365,0 days 00:00:00.541223,0,CAP_LAYER,0.45,SAME,0.7,2,0.05,0.01,0.3,0.08,10,0.5,10,0.65,-0.01669407423547967,0.14637210748345536,0.6826259991767007,0.16306618171893503,,COMPLETE
191,0.1282130196933809,2026-05-10 13:49:24.361039,2026-05-10 13:49:55.148681,0 days 00:00:30.787642,0,CAP_LAYER,0.45,ETF_DEFENSIVE,0.7,2,0.05,0.01,0.3,0.08,10,0.5,10,0.65,,,,,,PRUNED
192,-0.38638585200226694,2026-05-10 13:49:55.174681,2026-05-10 13:50:25.042407,0 days 00:00:29.867726,0,CAP_LAYER,0.45,SAME,0.7,2,0.05,0.02,0.6,0.08,5,0.6,20,0.65,,,,,,PRUNED
193,0.10261363386547848,2026-05-10 13:50:25.066363,2026-05-10 13:51:01.129623,0 days 00:00:36.063260,0,NORMAL,0.45,ETF_DEFENSIVE,0.7,2,0.05,0.02,0.45,0.08,10,0.6,10,0.65,,,,,,PRUNED
194,0.1473885824146908,2026-05-10 13:51:01.152710,2026-05-10 13:51:33.615561,0 days 00:00:32.462851,0,CAP_LAYER,0.45,SAME,0.7,3,0.05,0.01,0.3,0.08,10,0.5,20,0.65,,,,,,PRUNED
195,0.17617730946895205,2026-05-10 13:51:33.641133,2026-05-10 13:52:27.798913,0 days 00:00:54.157780,0,CAP_LAYER,0.45,SAME,0.7,2,0.03,0.01,0.3,0.08,8,0.5,10,0.65,,,,,,PRUNED
196,-0.36701255126359966,2026-05-10 13:52:27.820202,2026-05-10 13:54:50.554479,0 days 00:02:22.734277,0,CAP_LAYER,0.35,SAME,0.7,2,0.05,0.01,0.3,0.08,10,0.5,10,0.65,-0.026972074291194494,0.1351889914276648,0.6800809539448104,0.1621610657188593,,COMPLETE
197,-0.3766993390699895,2026-05-10 13:54:50.576889,2026-05-10 13:56:32.320343,0 days 00:01:41.743454,0,CAP_LAYER,0.45,SAME,0.7,2,0.05,0.01,0.3,0.08,10,0.5,10,0.5,-0.035106880734330125,0.15595967218575904,0.6831849166713188,0.19106655292008917,,COMPLETE
198,-0.07298418230323883,2026-05-10 13:56:32.345160,2026-05-10 13:57:19.670239,0 days 00:00:47.325079,0,CAP_LAYER,0.45,SAME,0.7,4,0.05,0.01,0.3,0.08,5,0.5,10,0.65,,,,,,PRUNED
199,0.21876590660141193,2026-05-10 13:57:19.693751,2026-05-10 13:58:02.657390,0 days 00:00:42.963639,2,CAP_LAYER,0.45,SAME,0.7,2,0.05,0.01,0.3,0.16,10,0.5,10,0.65,,,,,,PRUNED
200,-0.361992100497066,2026-05-10 13:58:02.681648,2026-05-10 13:59:16.839625,0 days 00:01:14.157977,0,CAP_LAYER,0.45,SAME,0.7,2,0.03,0.02,0.3,0.08,10,0.5,10,0.65,-0.022469269543597768,0.15015843888996663,0.6790456619069364,0.1726277084335644,,COMPLETE
201,0.21418003015607567,2026-05-10 13:59:16.862382,2026-05-10 13:59:58.735852,0 days 00:00:41.873470,0,NORMAL,0.45,SAME,0.7,4,0.05,0.02,0.45,0.08,10,0.6,10,0.65,,,,,,PRUNED
202,0.25678557568770344,2026-05-10 13:59:58.757544,2026-05-10 14:00:45.494570,0 days 00:00:46.737026,0,CAP_LAYER,0.45,SAME,0.7,3,0.05,0.02,0.6,0.08,10,0.6,10,0.65,,,,,,PRUNED
203,0.06634702896432187,2026-05-10 14:00:45.519082,2026-05-10 14:01:53.500715,0 days 00:01:07.981633,0,CAP_LAYER,0.45,SAME,0.7,2,0.03,0.01,0.6,0.08,15,0.5,10,0.65,,,,,,PRUNED
204,-0.361992100497066,2026-05-10 14:01:53.526874,2026-05-10 14:01:54.041374,0 days 00:00:00.514500,0,CAP_LAYER,0.45,SAME,0.7,2,0.03,0.02,0.3,0.08,10,0.5,10,0.65,-0.022469269543597768,0.15015843888996663,0.6790456619069364,0.1726277084335644,,COMPLETE
205,-0.04731685954735795,2026-05-10 14:01:54.067453,2026-05-10 14:02:33.319816,0 days 00:00:39.252363,0,NORMAL,0.45,SAME,0.7,2,0.05,0.02,0.45,0.08,5,0.6,10,0.65,,,,,,PRUNED
206,0.23541875718530503,2026-05-10 14:02:33.339432,2026-05-10 14:03:35.177894,0 days 00:01:01.838462,0,CAP_LAYER,0.45,SAME,0.7,2,0.03,0.02,0.3,0.16,10,0.5,10,0.5,,,,,,PRUNED
207,-0.05160940705629205,2026-05-10 14:03:35.199958,2026-05-10 14:04:15.340771,0 days 00:00:40.140813,0,CAP_LAYER,0.45,SAME,0.7,2,0.05,0.01,0.6,0.08,5,0.5,10,0.65,,,,,,PRUNED
208,-0.361992100497066,2026-05-10 14:04:15.363716,2026-05-10 14:04:15.942167,0 days 00:00:00.578451,0,CAP_LAYER,0.45,SAME,0.7,2,0.03,0.02,0.3,0.08,10,0.5,10,0.65,-0.022469269543597768,0.15015843888996663,0.6790456619069364,0.1726277084335644,,COMPLETE
209,-0.361992100497066,2026-05-10 14:04:15.966736,2026-05-10 14:04:16.529883,0 days 00:00:00.563147,0,CAP_LAYER,0.45,SAME,0.7,2,0.03,0.02,0.3,0.08,10,0.5,10,0.65,-0.022469269543597768,0.15015843888996663,0.6790456619069364,0.1726277084335644,,COMPLETE
210,-0.361992100497066,2026-05-10 14:04:16.570422,2026-05-10 14:04:17.102700,0 days 00:00:00.532278,0,CAP_LAYER,0.45,SAME,0.7,2,0.03,0.02,0.3,0.08,10,0.5,10,0.65,-0.022469269543597768,0.15015843888996663,0.6790456619069364,0.1726277084335644,,COMPLETE
211,-0.361992100497066,2026-05-10 14:04:17.125550,2026-05-10 14:04:17.662033,0 days 00:00:00.536483,0,CAP_LAYER,0.45,SAME,0.7,2,0.03,0.02,0.3,0.08,10,0.5,10,0.65,-0.022469269543597768,0.15015843888996663,0.6790456619069364,0.1726277084335644,,COMPLETE
212,-0.361992100497066,2026-05-10 14:04:17.687701,2026-05-10 14:04:18.268505,0 days 00:00:00.580804,0,CAP_LAYER,0.45,SAME,0.7,2,0.03,0.02,0.3,0.08,10,0.5,10,0.65,-0.022469269543597768,0.15015843888996663,0.6790456619069364,0.1726277084335644,,COMPLETE
213,-0.361992100497066,2026-05-10 14:04:18.292052,2026-05-10 14:04:18.842860,0 days 00:00:00.550808,0,CAP_LAYER,0.45,SAME,0.7,2,0.03,0.02,0.3,0.08,10,0.5,10,0.65,-0.022469269543597768,0.15015843888996663,0.6790456619069364,0.1726277084335644,,COMPLETE
214,-0.361992100497066,2026-05-10 14:04:18.867618,2026-05-10 14:04:19.388930,0 days 00:00:00.521312,0,CAP_LAYER,0.45,SAME,0.7,2,0.03,0.02,0.3,0.08,10,0.5,10,0.65,-0.022469269543597768,0.15015843888996663,0.6790456619069364,0.1726277084335644,,COMPLETE
215,-0.13785187377248057,2026-05-10 14:04:19.412979,2026-05-10 14:05:17.081640,0 days 00:00:57.668661,0,CAP_LAYER,0.45,SAME,0.8,2,0.03,0.02,0.3,0.12,10,0.5,10,0.8,,,,,,PRUNED
216,-0.09632940173953702,2026-05-10 14:05:17.104503,2026-05-10 14:05:49.327265,0 days 00:00:32.222762,0,CAP_LAYER,0.45,ETF_DEFENSIVE,0.7,2,0.03,0.02,0.3,0.08,10,0.5,10,0.8,,,,,,PRUNED
217,0.05700812839879574,2026-05-10 14:05:49.365240,2026-05-10 14:06:55.957700,0 days 00:01:06.592460,0,NO_NET_ADD,0.45,SAME,0.7,2,0.03,0.01,0.45,0.08,12,0.5,10,0.65,,,,,,PRUNED
218,-0.35800707382383007,2026-05-10 14:06:55.981058,2026-05-10 14:09:40.851082,0 days 00:02:44.870024,0,CAP_LAYER,0.45,SAME,0.7,2,0.05,0.01,0.45,0.08,10,0.5,10,0.65,-0.01669407423547967,0.14637210748345536,0.6826259991767007,0.16306618171893503,,COMPLETE
219,-0.35800707382383007,2026-05-10 14:09:40.873398,2026-05-10 14:09:41.407860,0 days 00:00:00.534462,0,CAP_LAYER,0.45,SAME,0.7,2,0.05,0.01,0.45,0.08,10,0.5,10,0.65,-0.01669407423547967,0.14637210748345536,0.6826259991767007,0.16306618171893503,,COMPLETE
220,0.2571675398847557,2026-05-10 14:09:41.435249,2026-05-10 14:10:23.096023,0 days 00:00:41.660774,2,CAP_LAYER,0.45,SAME,0.7,2,0.05,0.01,0.45,0.08,10,0.5,10,0.65,,,,,,PRUNED
221,-0.35800707382383007,2026-05-10 14:10:23.121822,2026-05-10 14:10:23.651482,0 days 00:00:00.529660,0,CAP_LAYER,0.45,SAME,0.7,2,0.05,0.01,0.45,0.08,10,0.5,10,0.65,-0.01669407423547967,0.14637210748345536,0.6826259991767007,0.16306618171893503,,COMPLETE
222,-9999.0,2026-05-10 14:10:23.675445,2026-05-10 14:10:23.969590,0 days 00:00:00.294145,0,CAP_LAYER,0.45,SAME,0.7,2,0.05,0.01,0.45,0.08,10,0.7,10,0.65,,,,,BEAR_RATIO < NEUTRAL_RATIO < BULL_RATIO 约束违反: 0.45 / 0.7 / 0.7,COMPLETE
223,-0.13516808827729748,2026-05-10 14:10:23.991988,2026-05-10 14:11:06.267778,0 days 00:00:42.275790,0,CAP_LAYER,0.45,SAME,0.7,2,0.05,0.01,0.45,0.08,10,0.5,10,0.8,,,,,,PRUNED
224,-0.3608547404377824,2026-05-10 14:11:06.293171,2026-05-10 14:12:24.431584,0 days 00:01:18.138413,0,NORMAL,0.45,SAME,0.7,2,0.05,0.02,0.3,0.08,10,0.6,10,0.65,-0.012414286142969053,0.15193996957440134,0.6968809085896266,0.1643542557173704,,COMPLETE
225,-0.3608547404377824,2026-05-10 14:12:24.457335,2026-05-10 14:12:24.975768,0 days 00:00:00.518433,0,NORMAL,0.45,SAME,0.7,2,0.05,0.02,0.3,0.08,10,0.6,10,0.65,-0.012414286142969053,0.15193996957440134,0.6968809085896266,0.1643542557173704,,COMPLETE
226,0.25129852357517235,2026-05-10 14:12:24.998809,2026-05-10 14:13:06.718893,0 days 00:00:41.720084,0,NORMAL,0.25,SAME,0.7,3,0.05,0.02,0.3,0.08,10,0.6,10,0.65,,,,,,PRUNED
227,-0.3608547404377824,2026-05-10 14:13:06.742911,2026-05-10 14:13:07.315529,0 days 00:00:00.572618,0,NORMAL,0.45,SAME,0.7,2,0.05,0.02,0.3,0.08,10,0.6,10,0.65,-0.012414286142969053,0.15193996957440134,0.6968809085896266,0.1643542557173704,,COMPLETE
228,-0.3608547404377824,2026-05-10 14:13:07.338738,2026-05-10 14:13:07.875800,0 days 00:00:00.537062,0,NORMAL,0.45,SAME,0.7,2,0.05,0.02,0.3,0.08,10,0.6,10,0.65,-0.012414286142969053,0.15193996957440134,0.6968809085896266,0.1643542557173704,,COMPLETE
229,-0.3608547404377824,2026-05-10 14:13:07.916173,2026-05-10 14:13:08.457048,0 days 00:00:00.540875,0,NORMAL,0.45,SAME,0.7,2,0.05,0.02,0.3,0.08,10,0.6,10,0.65,-0.012414286142969053,0.15193996957440134,0.6968809085896266,0.1643542557173704,,COMPLETE
230,-0.3608547404377824,2026-05-10 14:13:08.498501,2026-05-10 14:13:09.043859,0 days 00:00:00.545358,0,NORMAL,0.45,SAME,0.7,2,0.05,0.02,0.3,0.08,10,0.6,10,0.65,-0.012414286142969053,0.15193996957440134,0.6968809085896266,0.1643542557173704,,COMPLETE
231,-0.3608547404377824,2026-05-10 14:13:09.068581,2026-05-10 14:13:09.616131,0 days 00:00:00.547550,0,NORMAL,0.45,SAME,0.7,2,0.05,0.02,0.3,0.08,10,0.6,10,0.65,-0.012414286142969053,0.15193996957440134,0.6968809085896266,0.1643542557173704,,COMPLETE
232,-0.3608547404377824,2026-05-10 14:13:09.638707,2026-05-10 14:13:10.188586,0 days 00:00:00.549879,0,NORMAL,0.45,SAME,0.7,2,0.05,0.02,0.3,0.08,10,0.6,10,0.65,-0.012414286142969053,0.15193996957440134,0.6968809085896266,0.1643542557173704,,COMPLETE
233,-0.3608547404377824,2026-05-10 14:13:10.212402,2026-05-10 14:13:10.760038,0 days 00:00:00.547636,0,NORMAL,0.45,SAME,0.7,2,0.05,0.02,0.3,0.08,10,0.6,10,0.65,-0.012414286142969053,0.15193996957440134,0.6968809085896266,0.1643542557173704,,COMPLETE
234,-0.3608547404377824,2026-05-10 14:13:10.802677,2026-05-10 14:13:11.365732,0 days 00:00:00.563055,0,NORMAL,0.45,SAME,0.7,2,0.05,0.02,0.3,0.08,10,0.6,10,0.65,-0.012414286142969053,0.15193996957440134,0.6968809085896266,0.1643542557173704,,COMPLETE
235,-0.3608547404377824,2026-05-10 14:13:11.390177,2026-05-10 14:14:25.591786,0 days 00:01:14.201609,0,NORMAL,0.45,SAME,0.7,2,0.05,0.01,0.3,0.08,10,0.6,10,0.65,-0.012414286142969053,0.15193996957440134,0.6968809085896266,0.1643542557173704,,COMPLETE
236,0.04230211298123951,2026-05-10 14:14:25.636316,2026-05-10 14:15:37.373823,0 days 00:01:11.737507,0,NORMAL,0.45,SAME,0.7,2,0.05,0.02,0.3,0.16,15,0.6,10,0.65,,,,,,PRUNED
237,0.2452144786141377,2026-05-10 14:15:37.414935,2026-05-10 14:16:18.936936,0 days 00:00:41.522001,0,NORMAL,0.35,SAME,0.7,2,0.05,0.02,0.3,0.08,10,0.6,10,0.65,,,,,,PRUNED
238,-0.3608547404377824,2026-05-10 14:16:18.959217,2026-05-10 14:17:33.742508,0 days 00:01:14.783291,2,CAP_LAYER,0.45,SAME,0.7,2,0.05,0.02,0.3,0.08,10,0.6,10,0.65,-0.012414286142969053,0.15193996957440134,0.6968809085896266,0.1643542557173704,,COMPLETE
239,0.24426811426090314,2026-05-10 14:17:33.768078,2026-05-10 14:18:17.247377,0 days 00:00:43.479299,0,NORMAL,0.45,SAME,0.9,2,0.05,0.02,0.3,0.08,10,0.6,10,0.65,,,,,,PRUNED
240,-0.12025571693934656,2026-05-10 14:18:17.270397,2026-05-10 14:19:02.637071,0 days 00:00:45.366674,0,NORMAL,0.45,SAME,0.7,2,0.05,0.02,0.3,0.08,10,0.6,10,0.8,,,,,,PRUNED
241,-0.3608547404377824,2026-05-10 14:19:02.663182,2026-05-10 14:19:03.176866,0 days 00:00:00.513684,0,NORMAL,0.45,SAME,0.7,2,0.05,0.01,0.3,0.08,10,0.6,10,0.65,-0.012414286142969053,0.15193996957440134,0.6968809085896266,0.1643542557173704,,COMPLETE
242,0.21498763673223978,2026-05-10 14:19:03.200981,2026-05-10 14:22:43.080582,0 days 00:03:39.879601,0,NORMAL,0.45,SAME,0.7,2,0.05,0.02,0.3,0.08,10,0.6,5,0.65,,,,,,PRUNED
243,0.18905044305217472,2026-05-10 14:22:43.103756,2026-05-10 14:23:42.529859,0 days 00:00:59.426103,0,NORMAL,0.45,SAME,0.7,2,0.05,0.02,0.3,0.08,8,0.5,10,0.65,,,,,,PRUNED
244,-0.4147002281860438,2026-05-10 14:23:42.553393,2026-05-10 14:24:13.256321,0 days 00:00:30.702928,0,NORMAL,0.45,SAME,0.8,2,0.05,0.02,0.3,0.08,5,0.6,20,0.65,,,,,,PRUNED
245,-0.05635540870873648,2026-05-10 14:24:13.294556,2026-05-10 14:25:33.025233,0 days 00:01:19.730677,0,NO_NET_ADD,0.45,SAME,0.7,2,0.05,0.01,0.45,0.08,10,0.5,5,0.65,,,,,,PRUNED
246,0.24473722370320453,2026-05-10 14:25:33.047751,2026-05-10 14:26:35.159701,0 days 00:01:02.111950,1,CAP_LAYER,0.35,SAME,0.7,2,0.03,0.01,0.6,0.08,12,0.5,10,0.65,,,,,,PRUNED
247,0.10503251812204817,2026-05-10 14:26:35.181085,2026-05-10 14:27:31.168070,0 days 00:00:55.986985,0,NO_NET_ADD,0.45,SAME,0.7,2,0.05,0.01,0.3,0.08,10,0.5,10,0.65,,,,,,PRUNED
248,0.06474569588238988,2026-05-10 14:27:31.191378,2026-05-10 14:28:40.297255,0 days 00:01:09.105877,0,CAP_LAYER,0.45,SAME,0.7,2,0.05,0.01,0.45,0.08,15,0.5,10,0.65,,,,,,PRUNED
249,0.24673226871686765,2026-05-10 14:28:40.320648,2026-05-10 14:29:22.912273,0 days 00:00:42.591625,0,CAP_LAYER,0.45,SAME,0.8,2,0.05,0.01,0.3,0.12,10,0.5,10,0.65,,,,,,PRUNED
250,-0.3608547404377824,2026-05-10 14:29:22.933477,2026-05-10 14:31:46.831622,0 days 00:02:23.898145,1,NORMAL,0.45,SAME,0.7,2,0.05,0.02,0.3,0.08,10,0.6,10,0.65,-0.012414286142969053,0.15193996957440134,0.6968809085896266,0.1643542557173704,,COMPLETE
251,0.21098514623734937,2026-05-10 14:31:46.854121,2026-05-10 14:32:35.853045,0 days 00:00:48.998924,0,NORMAL,0.45,SAME,0.7,2,0.05,0.02,0.3,0.12,10,0.5,10,0.65,,,,,,PRUNED
252,-0.405953242268173,2026-05-10 14:32:35.876658,2026-05-10 14:33:51.573043,0 days 00:01:15.696385,0,CAP_LAYER,0.25,SAME,0.7,2,0.05,0.01,0.45,0.08,10,0.5,10,0.65,-0.05890344739246849,0.14075167720368525,0.694099589751409,0.19965512459615375,,COMPLETE
253,-0.3608547404377824,2026-05-10 14:33:51.598396,2026-05-10 14:33:52.165843,0 days 00:00:00.567447,0,NORMAL,0.45,SAME,0.7,2,0.05,0.02,0.3,0.08,10,0.6,10,0.65,-0.012414286142969053,0.15193996957440134,0.6968809085896266,0.1643542557173704,,COMPLETE
254,0.246274239760371,2026-05-10 14:33:52.187082,2026-05-10 14:34:37.237619,0 days 00:00:45.050537,0,CAP_LAYER,0.45,SAME,0.7,4,0.05,0.01,0.45,0.08,10,0.5,10,0.65,,,,,,PRUNED
255,-0.051562401316616324,2026-05-10 14:34:37.260210,2026-05-10 14:35:26.802003,0 days 00:00:49.541793,0,NO_NET_ADD,0.45,SAME,0.7,2,0.05,0.02,0.3,0.08,5,0.6,10,0.65,,,,,,PRUNED
256,0.25708454010904275,2026-05-10 14:35:26.825964,2026-05-10 14:36:11.015180,0 days 00:00:44.189216,1,CAP_LAYER,0.45,SAME,0.7,2,0.05,0.01,0.3,0.08,10,0.5,10,0.65,,,,,,PRUNED
257,-0.1523693398720102,2026-05-10 14:36:11.038005,2026-05-10 14:37:09.372818,0 days 00:00:58.334813,2,NORMAL,0.25,SAME,0.7,2,0.05,0.02,0.45,0.08,10,0.6,10,0.8,,,,,,PRUNED
258,0.0918147901874326,2026-05-10 14:37:09.396377,2026-05-10 14:38:25.642815,0 days 00:01:16.246438,0,CAP_LAYER,0.45,SAME,0.7,2,0.05,0.02,0.6,0.08,15,0.6,10,0.65,,,,,,PRUNED
259,0.23139798348200466,2026-05-10 14:38:25.664928,2026-05-10 14:39:09.888859,0 days 00:00:44.223931,0,NORMAL,0.45,SAME,0.8,2,0.05,0.02,0.3,0.08,10,0.5,10,0.65,,,,,,PRUNED
260,0.2533114817908691,2026-05-10 14:39:09.911273,2026-05-10 14:39:52.583804,0 days 00:00:42.672531,0,CAP_LAYER,0.45,SAME,0.7,2,0.05,0.01,0.45,0.16,10,0.5,10,0.65,,,,,,PRUNED
261,0.1626559126996851,2026-05-10 14:39:52.605827,2026-05-10 14:40:36.919765,0 days 00:00:44.313938,0,NORMAL,0.45,SAME,0.7,4,0.05,0.02,0.3,0.16,10,0.6,10,0.65,,,,,,PRUNED
262,0.24161692995759043,2026-05-10 14:40:36.946964,2026-05-10 14:41:24.954817,0 days 00:00:48.007853,0,CAP_LAYER,0.45,SAME,0.8,2,0.05,0.01,0.45,0.08,10,0.5,10,0.65,,,,,,PRUNED
263,-0.3579850815993265,2026-05-10 14:41:24.977513,2026-05-10 14:41:25.547479,0 days 00:00:00.569966,0,CAP_LAYER,0.45,SAME,0.7,2,0.03,0.01,0.45,0.08,12,0.5,10,0.65,-0.025716130904780754,0.14675736245739393,0.6645379013890915,0.17247349336217468,,COMPLETE
264,-0.4028074074724647,2026-05-10 14:41:25.570770,2026-05-10 14:43:58.577918,0 days 00:02:33.007148,0,NORMAL,0.25,SAME,0.7,2,0.05,0.02,0.6,0.08,10,0.6,10,0.65,-0.04994439774401822,0.14332667892150636,0.705726019456893,0.19327107666552457,,COMPLETE
265,-0.3579850815993265,2026-05-10 14:43:58.600825,2026-05-10 14:43:59.154513,0 days 00:00:00.553688,0,CAP_LAYER,0.45,SAME,0.7,2,0.03,0.01,0.45,0.08,12,0.5,10,0.65,-0.025716130904780754,0.14675736245739393,0.6645379013890915,0.17247349336217468,,COMPLETE
266,-0.07054593116408309,2026-05-10 14:43:59.178152,2026-05-10 14:44:48.461283,0 days 00:00:49.283131,0,CAP_LAYER,0.35,SAME,0.7,2,0.03,0.01,0.45,0.08,5,0.5,10,0.65,,,,,,PRUNED
267,0.2295947341695705,2026-05-10 14:44:48.485898,2026-05-10 14:45:57.133501,0 days 00:01:08.647603,2,CAP_LAYER,0.45,SAME,0.7,2,0.03,0.01,0.45,0.08,12,0.5,10,0.65,,,,,,PRUNED
268,-0.07270826543590772,2026-05-10 14:45:57.157362,2026-05-10 14:46:38.473645,0 days 00:00:41.316283,0,NORMAL,0.45,SAME,0.7,3,0.05,0.02,0.3,0.08,5,0.6,10,0.65,,,,,,PRUNED
269,0.2571675398847557,2026-05-10 14:46:38.498452,2026-05-10 14:47:21.197622,0 days 00:00:42.699170,0,NORMAL,0.45,SAME,0.7,2,0.05,0.01,0.45,0.08,10,0.5,10,0.65,,,,,,PRUNED
270,0.24243479441647123,2026-05-10 14:47:21.220693,2026-05-10 14:48:06.429063,0 days 00:00:45.208370,2,NORMAL,0.45,SAME,0.7,2,0.05,0.02,0.45,0.08,12,0.6,10,0.65,,,,,,PRUNED
271,-0.3579850815993265,2026-05-10 14:48:06.456170,2026-05-10 14:48:06.998178,0 days 00:00:00.542008,0,CAP_LAYER,0.45,SAME,0.7,2,0.03,0.01,0.45,0.08,12,0.5,10,0.65,-0.025716130904780754,0.14675736245739393,0.6645379013890915,0.17247349336217468,,COMPLETE
272,-0.3587112604940638,2026-05-10 14:48:07.023764,2026-05-10 14:49:28.449348,0 days 00:01:21.425584,0,CAP_LAYER,0.45,SAME,0.7,2,0.05,0.02,0.45,0.08,10,0.6,10,0.65,-0.007785561565759587,0.15456984826456957,0.7018513978566084,0.16235540983032914,,COMPLETE
273,-0.3587112604940638,2026-05-10 14:49:28.471721,2026-05-10 14:49:28.943416,0 days 00:00:00.471695,0,CAP_LAYER,0.45,SAME,0.7,2,0.05,0.02,0.45,0.08,10,0.6,10,0.65,-0.007785561565759587,0.15456984826456957,0.7018513978566084,0.16235540983032914,,COMPLETE
274,0.1322243766909198,2026-05-10 14:49:28.965788,2026-05-10 14:50:26.012297,0 days 00:00:57.046509,0,CAP_LAYER,0.45,SAME,0.9,2,0.03,0.01,0.45,0.08,8,0.5,10,0.65,,,,,,PRUNED
275,-0.13696586386612858,2026-05-10 14:50:26.034912,2026-05-10 14:51:29.976941,0 days 00:01:03.942029,0,CAP_LAYER,0.45,SAME,0.8,2,0.03,0.01,0.45,0.08,12,0.5,10,0.8,,,,,,PRUNED
276,0.16970152769666996,2026-05-10 14:51:30.000276,2026-05-10 14:52:06.803266,0 days 00:00:36.802990,0,CAP_LAYER,0.45,SAME,0.7,2,0.05,0.01,0.6,0.08,10,0.5,20,0.65,,,,,,PRUNED
277,-0.3587112604940638,2026-05-10 14:52:06.826041,2026-05-10 14:52:07.356824,0 days 00:00:00.530783,0,CAP_LAYER,0.45,SAME,0.7,2,0.05,0.02,0.45,0.08,10,0.6,10,0.65,-0.007785561565759587,0.15456984826456957,0.7018513978566084,0.16235540983032914,,COMPLETE
278,-0.3587112604940638,2026-05-10 14:52:07.380764,2026-05-10 14:52:07.904078,0 days 00:00:00.523314,0,CAP_LAYER,0.45,SAME,0.7,2,0.05,0.02,0.45,0.08,10,0.6,10,0.65,-0.007785561565759587,0.15456984826456957,0.7018513978566084,0.16235540983032914,,COMPLETE
279,-0.3587112604940638,2026-05-10 14:52:07.933513,2026-05-10 14:52:08.513942,0 days 00:00:00.580429,0,CAP_LAYER,0.45,SAME,0.7,2,0.05,0.02,0.45,0.08,10,0.6,10,0.65,-0.007785561565759587,0.15456984826456957,0.7018513978566084,0.16235540983032914,,COMPLETE
280,-0.3587112604940638,2026-05-10 14:52:08.540314,2026-05-10 14:52:09.110395,0 days 00:00:00.570081,0,CAP_LAYER,0.45,SAME,0.7,2,0.05,0.02,0.45,0.08,10,0.6,10,0.65,-0.007785561565759587,0.15456984826456957,0.7018513978566084,0.16235540983032914,,COMPLETE
281,-0.3587112604940638,2026-05-10 14:52:09.134290,2026-05-10 14:52:09.699334,0 days 00:00:00.565044,0,CAP_LAYER,0.45,SAME,0.7,2,0.05,0.02,0.45,0.08,10,0.6,10,0.65,-0.007785561565759587,0.15456984826456957,0.7018513978566084,0.16235540983032914,,COMPLETE
282,-0.3587112604940638,2026-05-10 14:52:09.723389,2026-05-10 14:52:10.274858,0 days 00:00:00.551469,0,CAP_LAYER,0.45,SAME,0.7,2,0.05,0.02,0.45,0.08,10,0.6,10,0.65,-0.007785561565759587,0.15456984826456957,0.7018513978566084,0.16235540983032914,,COMPLETE
283,-0.3587112604940638,2026-05-10 14:52:10.301857,2026-05-10 14:52:10.863192,0 days 00:00:00.561335,0,CAP_LAYER,0.45,SAME,0.7,2,0.05,0.02,0.45,0.08,10,0.6,10,0.65,-0.007785561565759587,0.15456984826456957,0.7018513978566084,0.16235540983032914,,COMPLETE
284,-0.09984876591557235,2026-05-10 14:52:10.888251,2026-05-10 14:56:04.603524,0 days 00:03:53.715273,0,CAP_LAYER,0.45,SAME,0.7,2,0.05,0.02,0.45,0.08,10,0.6,5,0.8,,,,,,PRUNED
285,-0.3587112604940638,2026-05-10 14:56:04.628468,2026-05-10 14:56:05.179573,0 days 00:00:00.551105,0,CAP_LAYER,0.45,SAME,0.7,2,0.05,0.02,0.45,0.08,10,0.6,10,0.65,-0.007785561565759587,0.15456984826456957,0.7018513978566084,0.16235540983032914,,COMPLETE
286,-0.36950129310944024,2026-05-10 14:56:05.202795,2026-05-10 14:58:58.668258,0 days 00:02:53.465463,0,CAP_LAYER,0.45,SAME,0.7,2,0.05,0.02,0.45,0.08,12,0.6,10,0.65,-0.022238277194788054,0.16768886412260414,0.6945260318293044,0.1899271413173922,,COMPLETE
287,-0.3587112604940638,2026-05-10 14:58:58.691193,2026-05-10 14:58:59.210232,0 days 00:00:00.519039,0,CAP_LAYER,0.45,SAME,0.7,2,0.05,0.02,0.45,0.08,10,0.6,10,0.65,-0.007785561565759587,0.15456984826456957,0.7018513978566084,0.16235540983032914,,COMPLETE
288,0.2633574722170693,2026-05-10 14:58:59.234089,2026-05-10 14:59:50.804009,0 days 00:00:51.569920,0,CAP_LAYER,0.45,SAME,0.7,2,0.05,0.02,0.45,0.12,10,0.6,10,0.65,,,,,,PRUNED
289,-0.3587112604940638,2026-05-10 14:59:50.827395,2026-05-10 14:59:51.418064,0 days 00:00:00.590669,0,CAP_LAYER,0.45,SAME,0.7,2,0.05,0.02,0.45,0.08,10,0.6,10,0.65,-0.007785561565759587,0.15456984826456957,0.7018513978566084,0.16235540983032914,,COMPLETE
290,-0.36932407575864995,2026-05-10 14:59:51.439588,2026-05-10 15:01:09.011685,0 days 00:01:17.572097,0,CAP_LAYER,0.45,SAME,0.7,2,0.03,0.01,0.45,0.08,12,0.6,10,0.65,-0.01802856257536432,0.16723923299614857,0.7025910263665712,0.18526779557151288,,COMPLETE
291,-0.4005984628337315,2026-05-10 15:01:09.038221,2026-05-10 15:02:38.054748,0 days 00:01:29.016527,0,CAP_LAYER,0.25,SAME,0.7,2,0.05,0.02,0.45,0.08,10,0.6,10,0.65,-0.04607472002489569,0.14988827185255962,0.7090474856176716,0.1959629918774553,,COMPLETE
292,-0.35800707382383007,2026-05-10 15:02:38.078681,2026-05-10 15:03:55.099311,0 days 00:01:17.020630,0,CAP_LAYER,0.45,SAME,0.7,2,0.05,0.02,0.45,0.08,10,0.5,10,0.65,-0.01669407423547967,0.14637210748345536,0.6826259991767007,0.16306618171893503,,COMPLETE
293,0.17308007280884652,2026-05-10 15:03:55.123732,2026-05-10 15:04:50.673570,0 days 00:00:55.549838,0,CAP_LAYER,0.45,SAME,0.7,2,0.05,0.01,0.45,0.08,8,0.6,10,0.5,,,,,,PRUNED
294,0.23736095582925174,2026-05-10 15:04:50.699229,2026-05-10 15:05:31.584769,0 days 00:00:40.885540,0,CAP_LAYER,0.35,SAME,0.7,2,0.05,0.02,0.45,0.08,10,0.6,20,0.5,,,,,,PRUNED
295,-0.35800707382383007,2026-05-10 15:05:31.609058,2026-05-10 15:05:32.177340,0 days 00:00:00.568282,0,CAP_LAYER,0.45,SAME,0.7,2,0.05,0.02,0.45,0.08,10,0.5,10,0.65,-0.01669407423547967,0.14637210748345536,0.6826259991767007,0.16306618171893503,,COMPLETE
296,-0.35800707382383007,2026-05-10 15:05:32.201362,2026-05-10 15:05:32.754717,0 days 00:00:00.553355,0,CAP_LAYER,0.45,SAME,0.7,2,0.05,0.02,0.45,0.08,10,0.5,10,0.65,-0.01669407423547967,0.14637210748345536,0.6826259991767007,0.16306618171893503,,COMPLETE
297,0.23632596065025124,2026-05-10 15:05:32.778889,2026-05-10 15:06:16.500778,0 days 00:00:43.721889,1,CAP_LAYER,0.45,SAME,0.7,3,0.05,0.02,0.45,0.08,10,0.5,10,0.65,,,,,,PRUNED
298,-0.3579850815993265,2026-05-10 15:06:16.526890,2026-05-10 15:06:17.090911,0 days 00:00:00.564021,0,CAP_LAYER,0.45,SAME,0.7,2,0.03,0.01,0.45,0.08,12,0.5,10,0.65,-0.025716130904780754,0.14675736245739393,0.6645379013890915,0.17247349336217468,,COMPLETE
299,-0.3579850815993265,2026-05-10 15:06:17.113682,2026-05-10 15:06:17.650142,0 days 00:00:00.536460,0,CAP_LAYER,0.45,SAME,0.7,2,0.03,0.01,0.45,0.08,12,0.5,10,0.65,-0.025716130904780754,0.14675736245739393,0.6645379013890915,0.17247349336217468,,COMPLETE
300,0.1282130196933809,2026-05-10 15:06:17.678649,2026-05-10 15:06:50.418152,0 days 00:00:32.739503,0,CAP_LAYER,0.45,ETF_DEFENSIVE,0.7,2,0.05,0.02,0.45,0.08,10,0.5,10,0.65,,,,,,PRUNED
301,0.14040850321700016,2026-05-10 15:06:50.441532,2026-05-10 15:07:27.581781,0 days 00:00:37.140249,0,CAP_LAYER,0.45,SAME,0.7,2,0.05,0.02,0.45,0.16,10,0.5,20,0.65,,,,,,PRUNED
302,0.103405883503675,2026-05-10 15:07:27.605539,2026-05-10 15:11:27.615715,0 days 00:04:00.010176,0,CAP_LAYER,0.45,SAME,0.7,2,0.03,0.01,0.3,0.08,12,0.5,5,0.5,,,,,,PRUNED
303,-0.3579850815993265,2026-05-10 15:11:27.641399,2026-05-10 15:11:28.214516,0 days 00:00:00.573117,0,CAP_LAYER,0.45,SAME,0.7,2,0.03,0.01,0.45,0.08,12,0.5,10,0.65,-0.025716130904780754,0.14675736245739393,0.6645379013890915,0.17247349336217468,,COMPLETE
304,0.1829841475482111,2026-05-10 15:11:28.238501,2026-05-10 15:12:56.177129,0 days 00:01:27.938628,0,CAP_LAYER,0.45,SAME,0.7,2,0.05,0.02,0.45,0.08,10,0.5,5,0.65,,,,,,PRUNED
305,0.2589144178449645,2026-05-10 15:12:56.210625,2026-05-10 15:14:04.383078,0 days 00:01:08.172453,0,CAP_LAYER,0.45,SAME,0.9,2,0.03,0.02,0.45,0.08,12,0.5,10,0.65,,,,,,PRUNED
306,-0.05160940705629205,2026-05-10 15:14:04.405996,2026-05-10 15:14:53.136423,0 days 00:00:48.730427,0,CAP_LAYER,0.45,SAME,0.7,2,0.05,0.02,0.45,0.08,5,0.5,10,0.65,,,,,,PRUNED
307,0.24099282078735773,2026-05-10 15:14:53.162124,2026-05-10 15:15:45.215357,0 days 00:00:52.053233,0,CAP_LAYER,0.45,SAME,0.9,2,0.05,0.02,0.45,0.08,10,0.5,10,0.65,,,,,,PRUNED
308,-0.3579850815993265,2026-05-10 15:15:45.236663,2026-05-10 15:15:45.787360,0 days 00:00:00.550697,0,CAP_LAYER,0.45,SAME,0.7,2,0.03,0.01,0.45,0.08,12,0.5,10,0.65,-0.025716130904780754,0.14675736245739393,0.6645379013890915,0.17247349336217468,,COMPLETE
309,0.027303641505245807,2026-05-10 15:15:45.833071,2026-05-10 15:17:22.956913,0 days 00:01:37.123842,0,NORMAL,0.45,SAME,0.7,2,0.03,0.01,0.45,0.16,12,0.5,5,0.65,,,,,,PRUNED
310,-0.3579850815993265,2026-05-10 15:17:22.979737,2026-05-10 15:17:23.512263,0 days 00:00:00.532526,0,CAP_LAYER,0.45,SAME,0.7,2,0.03,0.01,0.45,0.08,12,0.5,10,0.65,-0.025716130904780754,0.14675736245739393,0.6645379013890915,0.17247349336217468,,COMPLETE
311,-0.3579850815993265,2026-05-10 15:17:23.534495,2026-05-10 15:17:24.084494,0 days 00:00:00.549999,0,CAP_LAYER,0.45,SAME,0.7,2,0.03,0.01,0.45,0.08,12,0.5,10,0.65,-0.025716130904780754,0.14675736245739393,0.6645379013890915,0.17247349336217468,,COMPLETE
312,-0.3579850815993265,2026-05-10 15:17:24.110549,2026-05-10 15:17:24.637557,0 days 00:00:00.527008,0,CAP_LAYER,0.45,SAME,0.7,2,0.03,0.01,0.45,0.08,12,0.5,10,0.65,-0.025716130904780754,0.14675736245739393,0.6645379013890915,0.17247349336217468,,COMPLETE
313,-0.3579850815993265,2026-05-10 15:17:24.662771,2026-05-10 15:17:25.305613,0 days 00:00:00.642842,0,CAP_LAYER,0.45,SAME,0.7,2,0.03,0.01,0.45,0.08,12,0.5,10,0.65,-0.025716130904780754,0.14675736245739393,0.6645379013890915,0.17247349336217468,,COMPLETE
314,-0.3579850815993265,2026-05-10 15:17:25.334742,2026-05-10 15:17:26.060870,0 days 00:00:00.726128,0,CAP_LAYER,0.45,SAME,0.7,2,0.03,0.01,0.45,0.08,12,0.5,10,0.65,-0.025716130904780754,0.14675736245739393,0.6645379013890915,0.17247349336217468,,COMPLETE
315,-0.3579850815993265,2026-05-10 15:17:26.087362,2026-05-10 15:17:26.623847,0 days 00:00:00.536485,0,CAP_LAYER,0.45,SAME,0.7,2,0.03,0.01,0.45,0.08,12,0.5,10,0.65,-0.025716130904780754,0.14675736245739393,0.6645379013890915,0.17247349336217468,,COMPLETE
316,-0.3579850815993265,2026-05-10 15:17:26.648128,2026-05-10 15:17:27.200020,0 days 00:00:00.551892,0,CAP_LAYER,0.45,SAME,0.7,2,0.03,0.01,0.45,0.08,12,0.5,10,0.65,-0.025716130904780754,0.14675736245739393,0.6645379013890915,0.17247349336217468,,COMPLETE
317,-0.3579850815993265,2026-05-10 15:17:27.224254,2026-05-10 15:17:27.728512,0 days 00:00:00.504258,0,CAP_LAYER,0.45,SAME,0.7,2,0.03,0.01,0.45,0.08,12,0.5,10,0.65,-0.025716130904780754,0.14675736245739393,0.6645379013890915,0.17247349336217468,,COMPLETE
318,-0.3579850815993265,2026-05-10 15:17:27.752828,2026-05-10 15:17:28.223973,0 days 00:00:00.471145,0,CAP_LAYER,0.45,SAME,0.7,2,0.03,0.01,0.45,0.08,12,0.5,10,0.65,-0.025716130904780754,0.14675736245739393,0.6645379013890915,0.17247349336217468,,COMPLETE
319,-0.3579850815993265,2026-05-10 15:17:28.245797,2026-05-10 15:17:28.725339,0 days 00:00:00.479542,0,CAP_LAYER,0.45,SAME,0.7,2,0.03,0.01,0.45,0.08,12,0.5,10,0.65,-0.025716130904780754,0.14675736245739393,0.6645379013890915,0.17247349336217468,,COMPLETE
320,-0.3579850815993265,2026-05-10 15:17:28.748580,2026-05-10 15:17:29.220858,0 days 00:00:00.472278,0,CAP_LAYER,0.45,SAME,0.7,2,0.03,0.01,0.45,0.08,12,0.5,10,0.65,-0.025716130904780754,0.14675736245739393,0.6645379013890915,0.17247349336217468,,COMPLETE
321,-0.3579850815993265,2026-05-10 15:17:29.244583,2026-05-10 15:17:29.707037,0 days 00:00:00.462454,0,CAP_LAYER,0.45,SAME,0.7,2,0.03,0.01,0.45,0.08,12,0.5,10,0.65,-0.025716130904780754,0.14675736245739393,0.6645379013890915,0.17247349336217468,,COMPLETE
322,-0.3579850815993265,2026-05-10 15:17:29.725779,2026-05-10 15:17:30.195082,0 days 00:00:00.469303,0,CAP_LAYER,0.45,SAME,0.7,2,0.03,0.01,0.45,0.08,12,0.5,10,0.65,-0.025716130904780754,0.14675736245739393,0.6645379013890915,0.17247349336217468,,COMPLETE
323,-0.3579850815993265,2026-05-10 15:17:30.215565,2026-05-10 15:17:30.680280,0 days 00:00:00.464715,0,CAP_LAYER,0.45,SAME,0.7,2,0.03,0.01,0.45,0.08,12,0.5,10,0.65,-0.025716130904780754,0.14675736245739393,0.6645379013890915,0.17247349336217468,,COMPLETE
324,-0.3579850815993265,2026-05-10 15:17:30.699904,2026-05-10 15:17:31.203877,0 days 00:00:00.503973,0,CAP_LAYER,0.45,SAME,0.7,2,0.03,0.01,0.45,0.08,12,0.5,10,0.65,-0.025716130904780754,0.14675736245739393,0.6645379013890915,0.17247349336217468,,COMPLETE
325,-0.14800508377124588,2026-05-10 15:17:31.226837,2026-05-10 15:18:35.539514,0 days 00:01:04.312677,0,CAP_LAYER,0.45,SAME,0.7,2,0.03,0.02,0.45,0.16,12,0.5,10,0.8,,,,,,PRUNED
326,-0.3579850815993265,2026-05-10 15:18:35.562118,2026-05-10 15:18:36.063575,0 days 00:00:00.501457,0,CAP_LAYER,0.45,SAME,0.7,2,0.03,0.01,0.45,0.08,12,0.5,10,0.65,-0.025716130904780754,0.14675736245739393,0.6645379013890915,0.17247349336217468,,COMPLETE
327,0.07730359543535334,2026-05-10 15:18:36.087909,2026-05-10 15:19:58.672930,0 days 00:01:22.585021,0,CAP_LAYER,0.45,SAME,0.7,4,0.03,0.01,0.45,0.08,12,0.5,5,0.65,,,,,,PRUNED
328,0.2295947341695705,2026-05-10 15:19:58.695381,2026-05-10 15:20:58.436428,0 days 00:00:59.741047,0,NORMAL,0.45,SAME,0.7,2,0.03,0.01,0.45,0.08,12,0.5,10,0.65,,,,,,PRUNED
329,0.16696877603728905,2026-05-10 15:20:58.461198,2026-05-10 15:21:54.650878,0 days 00:00:56.189680,0,CAP_LAYER,0.25,SAME,0.7,2,0.03,0.01,0.45,0.08,8,0.5,10,0.65,,,,,,PRUNED
330,-0.4129015860800983,2026-05-10 15:21:54.674183,2026-05-10 15:24:23.062404,0 days 00:02:28.388221,0,CAP_LAYER,0.25,SAME,0.7,2,0.03,0.01,0.45,0.16,12,0.5,10,0.65,-0.06389755160099678,0.11880294806836009,0.698008068958203,0.18270049966935686,,COMPLETE
331,0.25400923645891427,2026-05-10 15:24:23.087474,2026-05-10 15:25:07.035562,0 days 00:00:43.948088,0,CAP_LAYER,0.45,SAME,0.9,4,0.03,0.01,0.45,0.08,12,0.5,10,0.65,,,,,,PRUNED
332,0.042339930428076045,2026-05-10 15:25:07.059238,2026-05-10 15:26:59.926645,0 days 00:01:52.867407,0,CAP_LAYER,0.45,SAME,0.7,2,0.03,0.01,0.45,0.08,15,0.5,5,0.65,,,,,,PRUNED
333,-0.3579850815993265,2026-05-10 15:26:59.951653,2026-05-10 15:28:17.539060,0 days 00:01:17.587407,0,CAP_LAYER,0.45,SAME,0.7,2,0.03,0.01,0.3,0.08,12,0.5,10,0.65,-0.025716130904780754,0.14675736245739393,0.6645379013890915,0.17247349336217468,,COMPLETE
334,0.26676451777380217,2026-05-10 15:28:17.565022,2026-05-10 15:29:02.322426,0 days 00:00:44.757404,0,CAP_LAYER,0.35,SAME,0.7,2,0.03,0.01,0.45,0.08,12,0.5,10,0.65,,,,,,PRUNED
335,0.2553495484697287,2026-05-10 15:29:02.348012,2026-05-10 15:29:51.000039,0 days 00:00:48.652027,0,CAP_LAYER,0.45,SAME,0.7,2,0.03,0.01,0.45,0.08,5,0.5,10,0.5,,,,,,PRUNED
336,-9999.0,2026-05-10 15:29:51.025140,2026-05-10 15:29:51.334070,0 days 00:00:00.308930,0,CAP_LAYER,0.45,SAME,0.7,2,0.03,0.01,0.45,0.08,12,0.7,10,0.5,,,,,BEAR_RATIO < NEUTRAL_RATIO < BULL_RATIO 约束违反: 0.45 / 0.7 / 0.7,COMPLETE
337,-0.3579850815993265,2026-05-10 15:29:51.362067,2026-05-10 15:29:51.905315,0 days 00:00:00.543248,0,CAP_LAYER,0.45,SAME,0.7,2,0.03,0.01,0.6,0.08,12,0.5,10,0.65,-0.025716130904780754,0.14675736245739393,0.6645379013890915,0.17247349336217468,,COMPLETE
338,-0.43631369660338415,2026-05-10 15:29:51.929145,2026-05-10 15:31:19.013782,0 days 00:01:27.084637,0,CAP_LAYER,0.45,SAME,0.9,2,0.03,0.01,0.45,0.16,12,0.7,10,0.65,-0.054483758521440814,0.16245312602360085,0.7636598761638866,0.21693688454504167,,COMPLETE
339,-0.12772345904403512,2026-05-10 15:31:19.037636,2026-05-10 15:32:22.870106,0 days 00:01:03.832470,0,CAP_LAYER,0.45,SAME,0.7,2,0.03,0.01,0.45,0.08,12,0.5,10,0.8,,,,,,PRUNED
340,0.25035086839736853,2026-05-10 15:32:22.894256,2026-05-10 15:33:07.854295,0 days 00:00:44.960039,1,CAP_LAYER,0.45,SAME,0.7,2,0.03,0.01,0.45,0.08,12,0.5,10,0.65,,,,,,PRUNED
341,-0.05292701119467175,2026-05-10 15:33:07.879190,2026-05-10 15:33:55.322698,0 days 00:00:47.443508,0,CAP_LAYER,0.45,SAME,0.7,2,0.03,0.01,0.45,0.08,5,0.5,10,0.65,,,,,,PRUNED
342,-0.39293193360366624,2026-05-10 15:33:55.347980,2026-05-10 15:35:18.071483,0 days 00:01:22.723503,0,CAP_LAYER,0.45,SAME,0.8,2,0.03,0.01,0.45,0.08,12,0.7,10,0.65,-0.03314144346626862,0.1841501295617287,0.7195809802747952,0.21729157302799731,,COMPLETE
343,0.16086055527003917,2026-05-10 15:35:18.098586,2026-05-10 15:36:01.288488,0 days 00:00:43.189902,0,CAP_LAYER,0.45,SAME,0.9,2,0.03,0.01,0.45,0.08,10,0.5,20,0.65,,,,,,PRUNED
344,-9999.0,2026-05-10 15:36:01.313433,2026-05-10 15:36:01.646850,0 days 00:00:00.333417,0,CAP_LAYER,0.45,SAME,0.7,4,0.03,0.01,0.45,0.08,12,0.7,10,0.65,,,,,BEAR_RATIO < NEUTRAL_RATIO < BULL_RATIO 约束违反: 0.45 / 0.7 / 0.7,COMPLETE
345,-0.4100347631535278,2026-05-10 15:36:01.669756,2026-05-10 15:37:19.770309,0 days 00:01:18.100553,0,CAP_LAYER,0.45,SAME,0.8,2,0.03,0.01,0.45,0.16,12,0.5,10,0.65,-0.0514545916111259,0.12006984969120717,0.7171603430848038,0.17152444130233307,,COMPLETE
346,0.12337104968966642,2026-05-10 15:37:19.790920,2026-05-10 15:40:56.299057,0 days 00:03:36.508137,0,CAP_LAYER,0.45,SAME,0.7,2,0.03,0.01,0.45,0.08,12,0.5,5,0.65,,,,,,PRUNED
347,0.2589144178449645,2026-05-10 15:40:56.325407,2026-05-10 15:41:39.711111,0 days 00:00:43.385704,0,CAP_LAYER,0.45,SAME,0.9,2,0.03,0.01,0.45,0.08,12,0.5,10,0.65,,,,,,PRUNED
348,-9999.0,2026-05-10 15:41:39.732749,2026-05-10 15:41:40.050136,0 days 00:00:00.317387,0,CAP_LAYER,0.45,SAME,0.7,2,0.03,0.02,0.45,0.08,12,0.7,10,0.65,,,,,BEAR_RATIO < NEUTRAL_RATIO < BULL_RATIO 约束违反: 0.45 / 0.7 / 0.7,COMPLETE
349,0.17765504461624074,2026-05-10 15:41:40.074752,2026-05-10 15:42:45.574009,0 days 00:01:05.499257,0,CAP_LAYER,0.45,SAME,0.7,2,0.05,0.01,0.45,0.08,12,0.5,10,0.5,,,,,,PRUNED
350,0.06634702896432187,2026-05-10 15:42:45.601265,2026-05-10 15:43:51.919045,0 days 00:01:06.317780,0,CAP_LAYER,0.45,SAME,0.7,2,0.03,0.01,0.45,0.08,15,0.5,10,0.65,,,,,,PRUNED
351,0.10958301639558463,2026-05-10 15:43:51.943017,2026-05-10 15:45:12.255031,0 days 00:01:20.312014,1,CAP_LAYER,0.45,SAME,0.7,2,0.03,0.01,0.6,0.08,12,0.5,5,0.65,,,,,,PRUNED
352,-0.3579850815993265,2026-05-10 15:45:12.291038,2026-05-10 15:47:41.064989,0 days 00:02:28.773951,0,CAP_LAYER,0.45,SAME,0.7,2,0.03,0.02,0.45,0.08,12,0.5,10,0.65,-0.025716130904780754,0.14675736245739393,0.6645379013890915,0.17247349336217468,,COMPLETE
353,-0.3763669564680381,2026-05-10 15:47:41.089916,2026-05-10 15:48:59.473887,0 days 00:01:18.383971,0,CAP_LAYER,0.25,SAME,0.7,2,0.03,0.01,0.45,0.08,12,0.5,10,0.65,-0.05251224270756901,0.14955609637613693,0.6477094275209382,0.20206833908370594,,COMPLETE
354,0.16523049892866484,2026-05-10 15:48:59.498604,2026-05-10 15:50:06.575308,0 days 00:01:07.076704,0,CAP_LAYER,0.45,SAME,0.7,2,0.03,0.01,0.45,0.08,12,0.5,10,0.5,,,,,,PRUNED
355,-9999.0,2026-05-10 15:50:06.598442,2026-05-10 15:50:06.932837,0 days 00:00:00.334395,0,CAP_LAYER,0.45,SAME,0.7,2,0.03,0.01,0.45,0.08,12,0.7,10,0.65,,,,,BEAR_RATIO < NEUTRAL_RATIO < BULL_RATIO 约束违反: 0.45 / 0.7 / 0.7,COMPLETE
356,-0.3825495348931434,2026-05-10 15:50:06.957657,2026-05-10 15:51:23.995263,0 days 00:01:17.037606,0,CAP_LAYER,0.45,SAME,0.7,2,0.03,0.01,0.45,0.16,12,0.5,10,0.65,-0.027639761125652567,0.12245663441842446,0.7098195475349817,0.15009639554407703,,COMPLETE
357,-0.346336822181109,2026-05-10 15:51:24.018665,2026-05-10 15:52:43.125835,0 days 00:01:19.107170,0,CAP_LAYER,0.45,SAME,0.7,2,0.05,0.01,0.45,0.08,12,0.5,10,0.65,-0.01879013081234247,0.14858300362277244,0.655093382737533,0.1673731344351149,,COMPLETE
358,0.04691919346248338,2026-05-10 15:52:43.150149,2026-05-10 15:53:58.958273,0 days 00:01:15.808124,0,NORMAL,0.45,SAME,0.7,4,0.03,0.01,0.45,0.08,15,0.5,10,0.65,,,,,,PRUNED
359,-0.346336822181109,2026-05-10 15:53:58.981463,2026-05-10 15:53:59.527232,0 days 00:00:00.545769,0,CAP_LAYER,0.45,SAME,0.7,2,0.05,0.01,0.45,0.08,12,0.5,10,0.65,-0.01879013081234247,0.14858300362277244,0.655093382737533,0.1673731344351149,,COMPLETE
360,-0.346336822181109,2026-05-10 15:53:59.550710,2026-05-10 15:54:00.087075,0 days 00:00:00.536365,0,CAP_LAYER,0.45,SAME,0.7,2,0.05,0.01,0.45,0.08,12,0.5,10,0.65,-0.01879013081234247,0.14858300362277244,0.655093382737533,0.1673731344351149,,COMPLETE
361,-0.346336822181109,2026-05-10 15:54:00.112716,2026-05-10 15:54:00.648753,0 days 00:00:00.536037,0,CAP_LAYER,0.45,SAME,0.7,2,0.05,0.01,0.45,0.08,12,0.5,10,0.65,-0.01879013081234247,0.14858300362277244,0.655093382737533,0.1673731344351149,,COMPLETE
362,0.04547938779643784,2026-05-10 15:54:00.674535,2026-05-10 15:54:46.781114,0 days 00:00:46.106579,0,NO_NET_ADD,0.45,SAME,0.7,3,0.05,0.01,0.45,0.08,12,0.5,10,0.65,,,,,,PRUNED
363,-0.346336822181109,2026-05-10 15:54:46.801401,2026-05-10 15:54:47.235944,0 days 00:00:00.434543,0,CAP_LAYER,0.45,SAME,0.7,2,0.05,0.01,0.45,0.08,12,0.5,10,0.65,-0.01879013081234247,0.14858300362277244,0.655093382737533,0.1673731344351149,,COMPLETE
364,-0.346336822181109,2026-05-10 15:54:47.260146,2026-05-10 15:54:47.676420,0 days 00:00:00.416274,0,CAP_LAYER,0.45,SAME,0.7,2,0.05,0.01,0.45,0.08,12,0.5,10,0.65,-0.01879013081234247,0.14858300362277244,0.655093382737533,0.1673731344351149,,COMPLETE
365,-0.346336822181109,2026-05-10 15:54:47.696580,2026-05-10 15:54:48.173117,0 days 00:00:00.476537,0,CAP_LAYER,0.45,SAME,0.7,2,0.05,0.01,0.45,0.08,12,0.5,10,0.65,-0.01879013081234247,0.14858300362277244,0.655093382737533,0.1673731344351149,,COMPLETE
366,-0.346336822181109,2026-05-10 15:54:48.194638,2026-05-10 15:54:48.686868,0 days 00:00:00.492230,0,CAP_LAYER,0.45,SAME,0.7,2,0.05,0.01,0.45,0.08,12,0.5,10,0.65,-0.01879013081234247,0.14858300362277244,0.655093382737533,0.1673731344351149,,COMPLETE
367,0.030072234899353845,2026-05-10 15:54:48.708334,2026-05-10 15:55:35.813928,0 days 00:00:47.105594,0,NO_NET_ADD,0.45,SAME,0.9,2,0.05,0.01,0.45,0.08,12,0.5,10,0.65,,,,,,PRUNED
368,-0.346336822181109,2026-05-10 15:55:35.837317,2026-05-10 15:55:36.348406,0 days 00:00:00.511089,0,CAP_LAYER,0.45,SAME,0.7,2,0.05,0.01,0.45,0.08,12,0.5,10,0.65,-0.01879013081234247,0.14858300362277244,0.655093382737533,0.1673731344351149,,COMPLETE
369,-0.4243142899378223,2026-05-10 15:55:36.367696,2026-05-10 15:57:00.977463,0 days 00:01:24.609767,1,CAP_LAYER,0.25,SAME,0.7,2,0.05,0.01,0.45,0.08,12,0.5,10,0.65,-0.09469774012126729,0.13723296961521714,0.6592330996331099,0.23193070973648444,,COMPLETE
370,0.2668289855850333,2026-05-10 15:57:00.996273,2026-05-10 15:57:48.474775,0 days 00:00:47.478502,0,CAP_LAYER,0.45,SAME,0.9,2,0.05,0.01,0.45,0.16,12,0.5,10,0.65,,,,,,PRUNED
371,-0.346336822181109,2026-05-10 15:57:48.496634,2026-05-10 15:57:49.024547,0 days 00:00:00.527913,0,CAP_LAYER,0.45,SAME,0.7,2,0.05,0.01,0.45,0.08,12,0.5,10,0.65,-0.01879013081234247,0.14858300362277244,0.655093382737533,0.1673731344351149,,COMPLETE
372,0.1136039661208948,2026-05-10 15:57:49.046478,2026-05-10 15:58:24.082616,0 days 00:00:35.036138,0,CAP_LAYER,0.45,SAME,0.7,3,0.05,0.01,0.45,0.08,12,0.5,20,0.65,,,,,,PRUNED
373,-0.346336822181109,2026-05-10 15:58:24.107593,2026-05-10 15:58:24.659175,0 days 00:00:00.551582,0,CAP_LAYER,0.45,SAME,0.7,2,0.05,0.01,0.45,0.08,12,0.5,10,0.65,-0.01879013081234247,0.14858300362277244,0.655093382737533,0.1673731344351149,,COMPLETE
374,0.10734536555028956,2026-05-10 15:58:24.681652,2026-05-10 15:58:49.732655,0 days 00:00:25.051003,0,CAP_LAYER,0.25,SAME,0.7,2,0.05,0.01,0.45,0.08,12,0.5,20,0.65,,,,,,PRUNED
375,0.24970075309458079,2026-05-10 15:58:49.756828,2026-05-10 15:59:35.224329,0 days 00:00:45.467501,0,CAP_LAYER,0.35,SAME,0.8,2,0.05,0.01,0.45,0.08,12,0.5,10,0.65,,,,,,PRUNED
376,-0.346336822181109,2026-05-10 15:59:35.249865,2026-05-10 15:59:35.790968,0 days 00:00:00.541103,0,CAP_LAYER,0.45,SAME,0.7,2,0.05,0.01,0.45,0.08,12,0.5,10,0.65,-0.01879013081234247,0.14858300362277244,0.655093382737533,0.1673731344351149,,COMPLETE
377,0.12712542562533652,2026-05-10 15:59:35.817028,2026-05-10 16:00:16.613749,0 days 00:00:40.796721,0,CAP_LAYER,0.45,ETF_DEFENSIVE,0.7,2,0.05,0.01,0.45,0.08,12,0.5,10,0.65,,,,,,PRUNED
378,-0.346336822181109,2026-05-10 16:00:16.639562,2026-05-10 16:00:17.204110,0 days 00:00:00.564548,0,CAP_LAYER,0.45,SAME,0.7,2,0.05,0.01,0.45,0.08,12,0.5,10,0.65,-0.01879013081234247,0.14858300362277244,0.655093382737533,0.1673731344351149,,COMPLETE
379,-0.346336822181109,2026-05-10 16:00:17.226686,2026-05-10 16:00:17.737577,0 days 00:00:00.510891,0,CAP_LAYER,0.45,SAME,0.7,2,0.05,0.01,0.45,0.08,12,0.5,10,0.65,-0.01879013081234247,0.14858300362277244,0.655093382737533,0.1673731344351149,,COMPLETE
380,-0.346336822181109,2026-05-10 16:00:17.760650,2026-05-10 16:00:18.325105,0 days 00:00:00.564455,0,CAP_LAYER,0.45,SAME,0.7,2,0.05,0.01,0.45,0.08,12,0.5,10,0.65,-0.01879013081234247,0.14858300362277244,0.655093382737533,0.1673731344351149,,COMPLETE
381,-0.346336822181109,2026-05-10 16:00:18.349979,2026-05-10 16:00:18.884130,0 days 00:00:00.534151,0,CAP_LAYER,0.45,SAME,0.7,2,0.05,0.01,0.45,0.08,12,0.5,10,0.65,-0.01879013081234247,0.14858300362277244,0.655093382737533,0.1673731344351149,,COMPLETE
382,-0.346336822181109,2026-05-10 16:00:18.908658,2026-05-10 16:00:19.454001,0 days 00:00:00.545343,0,CAP_LAYER,0.45,SAME,0.7,2,0.05,0.01,0.45,0.08,12,0.5,10,0.65,-0.01879013081234247,0.14858300362277244,0.655093382737533,0.1673731344351149,,COMPLETE
383,0.253809456495915,2026-05-10 16:00:19.477143,2026-05-10 16:01:02.622674,0 days 00:00:43.145531,0,CAP_LAYER,0.35,SAME,0.7,2,0.05,0.01,0.45,0.16,12,0.5,10,0.65,,,,,,PRUNED
384,-0.346336822181109,2026-05-10 16:01:02.649106,2026-05-10 16:01:03.161746,0 days 00:00:00.512640,0,CAP_LAYER,0.45,SAME,0.7,2,0.05,0.01,0.45,0.08,12,0.5,10,0.65,-0.01879013081234247,0.14858300362277244,0.655093382737533,0.1673731344351149,,COMPLETE
385,0.10271692877879005,2026-05-10 16:01:03.184177,2026-05-10 16:04:54.583688,0 days 00:03:51.399511,1,CAP_LAYER,0.45,SAME,0.7,2,0.05,0.01,0.45,0.08,12,0.5,5,0.65,,,,,,PRUNED
386,-0.3723213434603781,2026-05-10 16:04:54.609076,2026-05-10 16:06:20.744574,0 days 00:01:26.135498,0,CAP_LAYER,0.45,SAME,0.7,3,0.05,0.01,0.45,0.08,12,0.6,10,0.65,-0.014543870308199702,0.1693580014051455,0.7155549463043568,0.1839018717133452,,COMPLETE
387,0.23600682753086547,2026-05-10 16:06:20.771547,2026-05-10 16:07:05.256259,0 days 00:00:44.484712,0,NORMAL,0.35,SAME,0.7,2,0.05,0.01,0.45,0.08,12,0.5,10,0.65,,,,,,PRUNED
388,0.2562357572092484,2026-05-10 16:07:05.279954,2026-05-10 16:07:49.642806,0 days 00:00:44.362852,1,CAP_LAYER,0.45,SAME,0.7,4,0.05,0.01,0.45,0.08,12,0.5,10,0.65,,,,,,PRUNED
389,-0.13784506782235117,2026-05-10 16:07:49.665186,2026-05-10 16:08:51.281023,0 days 00:01:01.615837,0,CAP_LAYER,0.45,SAME,0.7,2,0.05,0.02,0.45,0.08,12,0.5,10,0.8,,,,,,PRUNED
390,0.26788450131711183,2026-05-10 16:08:51.319905,2026-05-10 16:09:34.617967,0 days 00:00:43.298062,0,CAP_LAYER,0.35,SAME,0.7,2,0.05,0.01,0.45,0.08,12,0.6,10,0.65,,,,,,PRUNED
391,-0.346336822181109,2026-05-10 16:09:34.657948,2026-05-10 16:09:35.189748,0 days 00:00:00.531800,0,CAP_LAYER,0.45,SAME,0.7,2,0.05,0.01,0.45,0.08,12,0.5,10,0.65,-0.01879013081234247,0.14858300362277244,0.655093382737533,0.1673731344351149,,COMPLETE
392,0.10721266990936293,2026-05-10 16:09:35.213157,2026-05-10 16:10:01.430811,0 days 00:00:26.217654,0,CAP_LAYER,0.45,SAME,0.8,2,0.05,0.01,0.45,0.08,12,0.5,20,0.65,,,,,,PRUNED
393,0.21155646865442693,2026-05-10 16:10:01.457510,2026-05-10 16:10:51.605922,0 days 00:00:50.148412,1,CAP_LAYER,0.45,SAME,0.7,2,0.05,0.01,0.45,0.16,12,0.5,10,0.65,,,,,,PRUNED
394,0.1281260323920084,2026-05-10 16:10:51.627259,2026-05-10 16:12:12.225973,0 days 00:01:20.598714,0,CAP_LAYER,0.45,SAME,0.7,2,0.05,0.01,0.45,0.08,12,0.6,5,0.65,,,,,,PRUNED
395,-0.346336822181109,2026-05-10 16:12:12.248728,2026-05-10 16:12:12.757893,0 days 00:00:00.509165,0,CAP_LAYER,0.45,SAME,0.7,2,0.05,0.01,0.45,0.08,12,0.5,10,0.65,-0.01879013081234247,0.14858300362277244,0.655093382737533,0.1673731344351149,,COMPLETE
396,-0.346336822181109,2026-05-10 16:12:12.782862,2026-05-10 16:12:13.301778,0 days 00:00:00.518916,0,CAP_LAYER,0.45,SAME,0.7,2,0.05,0.01,0.45,0.08,12,0.5,10,0.65,-0.01879013081234247,0.14858300362277244,0.655093382737533,0.1673731344351149,,COMPLETE
397,-0.346336822181109,2026-05-10 16:12:13.324798,2026-05-10 16:12:12.937288,-1 days +23:59:59.612490,0,CAP_LAYER,0.45,SAME,0.7,2,0.05,0.01,0.45,0.08,12,0.5,10,0.65,-0.01879013081234247,0.14858300362277244,0.655093382737533,0.1673731344351149,,COMPLETE
398,-0.346336822181109,2026-05-10 16:12:12.959560,2026-05-10 16:12:13.460672,0 days 00:00:00.501112,0,CAP_LAYER,0.45,SAME,0.7,2,0.05,0.01,0.45,0.08,12,0.5,10,0.65,-0.01879013081234247,0.14858300362277244,0.655093382737533,0.1673731344351149,,COMPLETE
399,-0.346336822181109,2026-05-10 16:12:13.483838,2026-05-10 16:12:14.045474,0 days 00:00:00.561636,0,CAP_LAYER,0.45,SAME,0.7,2,0.05,0.01,0.45,0.08,12,0.5,10,0.65,-0.01879013081234247,0.14858300362277244,0.655093382737533,0.1673731344351149,,COMPLETE
400,0.020254363977835976,2026-05-10 16:12:14.090287,2026-05-10 16:13:38.574444,0 days 00:01:24.484157,0,CAP_LAYER,0.45,SAME,0.7,2,0.05,0.01,0.45,0.08,5,0.5,5,0.65,,,,,,PRUNED
401,-0.346336822181109,2026-05-10 16:13:38.596994,2026-05-10 16:13:39.168270,0 days 00:00:00.571276,0,CAP_LAYER,0.45,SAME,0.7,2,0.05,0.01,0.45,0.08,12,0.5,10,0.65,-0.01879013081234247,0.14858300362277244,0.655093382737533,0.1673731344351149,,COMPLETE
402,-0.346336822181109,2026-05-10 16:13:39.190498,2026-05-10 16:13:39.763008,0 days 00:00:00.572510,0,CAP_LAYER,0.45,SAME,0.7,2,0.05,0.01,0.45,0.08,12,0.5,10,0.65,-0.01879013081234247,0.14858300362277244,0.655093382737533,0.1673731344351149,,COMPLETE
403,0.24243479441647123,2026-05-10 16:13:39.785981,2026-05-10 16:14:22.840894,0 days 00:00:43.054913,0,NORMAL,0.45,SAME,0.7,2,0.05,0.01,0.45,0.08,12,0.6,10,0.65,,,,,,PRUNED
404,-0.10524885151770166,2026-05-10 16:14:22.863038,2026-05-10 16:15:06.269544,0 days 00:00:43.406506,0,CAP_LAYER,0.25,SAME,0.7,2,0.05,0.01,0.45,0.08,12,0.5,10,0.8,,,,,,PRUNED
405,-0.3566861573350583,2026-05-10 16:15:06.292473,2026-05-10 16:17:30.573165,0 days 00:02:24.280692,0,CAP_LAYER,0.45,SAME,0.7,3,0.05,0.01,0.6,0.08,12,0.5,10,0.65,-0.018621510954896454,0.14732895743753333,0.6761292927603237,0.16595046839242977,,COMPLETE
406,0.11413862087209384,2026-05-10 16:17:30.597087,2026-05-10 16:18:11.377816,0 days 00:00:40.780729,0,CAP_LAYER,0.45,SAME,0.7,2,0.05,0.01,0.3,0.08,12,0.5,20,0.65,,,,,,PRUNED
407,0.257161384156647,2026-05-10 16:18:11.399602,2026-05-10 16:18:53.546709,0 days 00:00:42.147107,0,CAP_LAYER,0.45,SAME,0.9,2,0.05,0.01,0.45,0.08,12,0.5,10,0.65,,,,,,PRUNED
408,0.10902955572031942,2026-05-10 16:18:53.567301,2026-05-10 16:21:00.816360,0 days 00:02:07.249059,0,CAP_LAYER,0.35,SAME,0.7,2,0.05,0.01,0.45,0.08,12,0.5,5,0.65,,,,,,PRUNED
409,-0.3742559162124672,2026-05-10 16:21:00.841440,2026-05-10 16:22:16.639856,0 days 00:01:15.798416,0,CAP_LAYER,0.45,SAME,0.8,2,0.05,0.01,0.3,0.08,12,0.5,10,0.65,-0.043564208735989575,0.15826217041511106,0.6613834149529552,0.20182637915110063,,COMPLETE
410,-9999.0,2026-05-10 16:22:16.664308,2026-05-10 16:22:16.979206,0 days 00:00:00.314898,0,CAP_LAYER,0.45,SAME,0.7,2,0.05,0.01,0.45,0.08,12,0.7,10,0.65,,,,,BEAR_RATIO < NEUTRAL_RATIO < BULL_RATIO 约束违反: 0.45 / 0.7 / 0.7,COMPLETE
411,-0.0723110542375193,2026-05-10 16:22:17.002402,2026-05-10 16:23:04.823359,0 days 00:00:47.820957,1,CAP_LAYER,0.45,SAME,0.7,2,0.05,0.01,0.45,0.08,5,0.5,10,0.65,,,,,,PRUNED
412,-0.36410565695602826,2026-05-10 16:23:04.847739,2026-05-10 16:24:20.361503,0 days 00:01:15.513764,0,CAP_LAYER,0.45,SAME,0.7,4,0.05,0.01,0.45,0.08,12,0.5,10,0.65,-0.02602621452456125,0.1382014769490349,0.676158884862934,0.16422769147359614,,COMPLETE
413,0.2501276057481162,2026-05-10 16:24:20.384383,2026-05-10 16:25:03.845207,0 days 00:00:43.460824,1,CAP_LAYER,0.45,SAME,0.7,2,0.05,0.01,0.6,0.08,12,0.5,10,0.65,,,,,,PRUNED
414,0.23859684459966576,2026-05-10 16:25:03.868324,2026-05-10 16:25:46.820406,0 days 00:00:42.952082,2,CAP_LAYER,0.45,SAME,0.7,2,0.05,0.01,0.45,0.08,12,0.5,10,0.65,,,,,,PRUNED
415,-0.37636051741717,2026-05-10 16:25:46.847249,2026-05-10 16:27:07.926748,0 days 00:01:21.079499,0,CAP_LAYER,0.25,SAME,0.7,2,0.05,0.01,0.45,0.08,12,0.5,10,0.65,-0.05398371481723526,0.14956969749126245,0.6447536051998696,0.20355341230849772,,COMPLETE
416,0.11413862087209384,2026-05-10 16:27:07.954626,2026-05-10 16:27:32.911184,0 days 00:00:24.956558,0,CAP_LAYER,0.45,SAME,0.7,2,0.05,0.01,0.45,0.08,12,0.5,20,0.65,,,,,,PRUNED
417,-0.377258983227955,2026-05-10 16:27:32.935407,2026-05-10 16:28:49.061713,0 days 00:01:16.126306,0,CAP_LAYER,0.45,SAME,0.7,3,0.05,0.01,0.3,0.12,12,0.5,10,0.65,-0.03122362634120043,0.12111344092618107,0.6920707137735091,0.1523370672673815,,COMPLETE
418,0.23859684459966576,2026-05-10 16:28:49.085363,2026-05-10 16:29:32.353065,0 days 00:00:43.267702,0,NORMAL,0.45,SAME,0.7,2,0.05,0.01,0.45,0.08,12,0.5,10,0.65,,,,,,PRUNED
419,-0.145266746645494,2026-05-10 16:29:32.375298,2026-05-10 16:30:34.500893,0 days 00:01:02.125595,1,CAP_LAYER,0.45,SAME,0.7,2,0.05,0.01,0.45,0.08,12,0.5,10,0.8,,,,,,PRUNED
420,0.07832718481803372,2026-05-10 16:30:34.523145,2026-05-10 16:34:09.798591,0 days 00:03:35.275446,0,CAP_LAYER,0.45,SAME,0.7,2,0.05,0.01,0.45,0.16,12,0.5,5,0.65,,,,,,PRUNED
421,-0.346336822181109,2026-05-10 16:34:09.824979,2026-05-10 16:35:24.538679,0 days 00:01:14.713700,0,CAP_LAYER,0.45,SAME,0.7,2,0.05,0.01,0.6,0.08,12,0.5,10,0.65,-0.01879013081234247,0.14858300362277244,0.655093382737533,0.1673731344351149,,COMPLETE
422,-0.3566861573350583,2026-05-10 16:35:24.563581,2026-05-10 16:36:45.218018,0 days 00:01:20.654437,0,CAP_LAYER,0.45,SAME,0.7,3,0.05,0.02,0.45,0.08,12,0.5,10,0.65,-0.018621510954896454,0.14732895743753333,0.6761292927603237,0.16595046839242977,,COMPLETE
423,0.2690555670616336,2026-05-10 16:36:45.238519,2026-05-10 16:37:29.213304,0 days 00:00:43.974785,0,CAP_LAYER,0.45,SAME,0.8,2,0.05,0.01,0.45,0.08,12,0.5,10,0.65,,,,,,PRUNED
424,-0.36787006379786374,2026-05-10 16:37:29.235369,2026-05-10 16:38:43.125097,0 days 00:01:13.889728,0,CAP_LAYER,0.45,SAME,0.7,2,0.05,0.01,0.45,0.16,12,0.5,10,0.65,-0.027367337143880257,0.12654701725166814,0.681005453307967,0.1539143543955484,,COMPLETE
425,0.04891743758550379,2026-05-10 16:38:43.166271,2026-05-10 16:39:26.631432,0 days 00:00:43.465161,0,NO_NET_ADD,0.45,SAME,0.7,2,0.05,0.01,0.45,0.08,12,0.5,10,0.65,,,,,,PRUNED
426,-0.13784506782235117,2026-05-10 16:39:26.654961,2026-05-10 16:40:09.796666,0 days 00:00:43.141705,0,CAP_LAYER,0.45,SAME,0.7,2,0.05,0.01,0.45,0.08,12,0.5,10,0.8,,,,,,PRUNED
427,0.17224283271545418,2026-05-10 16:40:09.819249,2026-05-10 16:41:02.260060,0 days 00:00:52.440811,0,CAP_LAYER,0.45,SAME,0.7,2,0.05,0.01,0.45,0.08,8,0.5,10,0.65,,,,,,PRUNED
428,-9999.0,2026-05-10 16:41:02.280881,2026-05-10 16:41:02.646234,0 days 00:00:00.365353,0,CAP_LAYER,0.25,SAME,0.7,2,0.05,0.01,0.45,0.12,12,0.7,10,0.65,,,,,BEAR_RATIO < NEUTRAL_RATIO < BULL_RATIO 约束违反: 0.25 / 0.7 / 0.7,COMPLETE
429,-0.3566861573350583,2026-05-10 16:41:02.670760,2026-05-10 16:42:23.646740,0 days 00:01:20.975980,0,CAP_LAYER,0.45,SAME,0.7,3,0.05,0.01,0.45,0.08,12,0.5,10,0.65,-0.018621510954896454,0.14732895743753333,0.6761292927603237,0.16595046839242977,,COMPLETE
430,0.2501276057481162,2026-05-10 16:42:23.670268,2026-05-10 16:43:07.561656,0 days 00:00:43.891388,1,CAP_LAYER,0.45,SAME,0.7,2,0.05,0.01,0.45,0.08,12,0.5,10,0.65,,,,,,PRUNED
431,0.2566517728757442,2026-05-10 16:43:07.585234,2026-05-10 16:43:50.877830,0 days 00:00:43.292596,0,CAP_LAYER,0.35,SAME,0.7,2,0.05,0.01,0.45,0.08,12,0.5,10,0.65,,,,,,PRUNED
432,-0.45521148694443203,2026-05-10 16:43:50.900157,2026-05-10 16:44:34.326786,0 days 00:00:43.426629,0,NO_NET_ADD,0.45,SAME,0.7,2,0.05,0.01,0.45,0.16,12,0.5,10,0.8,,,,,,PRUNED
433,-0.346336822181109,2026-05-10 16:44:34.352043,2026-05-10 16:45:50.453614,0 days 00:01:16.101571,0,CAP_LAYER,0.45,SAME,0.7,2,0.05,0.01,0.3,0.08,12,0.5,10,0.65,-0.01879013081234247,0.14858300362277244,0.655093382737533,0.1673731344351149,,COMPLETE
434,-0.36950129310944024,2026-05-10 16:45:50.477570,2026-05-10 16:47:05.570358,0 days 00:01:15.092788,0,CAP_LAYER,0.45,SAME,0.7,2,0.05,0.01,0.45,0.08,12,0.6,10,0.65,-0.022238277194788054,0.16768886412260414,0.6945260318293044,0.1899271413173922,,COMPLETE
435,-0.346336822181109,2026-05-10 16:47:05.606840,2026-05-10 16:48:21.341871,0 days 00:01:15.735031,0,CAP_LAYER,0.45,SAME,0.7,2,0.05,0.02,0.45,0.08,12,0.5,10,0.65,-0.01879013081234247,0.14858300362277244,0.655093382737533,0.1673731344351149,,COMPLETE
436,0.19319232013073032,2026-05-10 16:48:21.363659,2026-05-10 16:49:08.119849,0 days 00:00:46.756190,0,CAP_LAYER,0.45,SAME,0.7,2,0.05,0.01,0.45,0.12,8,0.6,10,0.65,,,,,,PRUNED
437,0.1956449169027641,2026-05-10 16:49:08.140172,2026-05-10 16:49:51.557578,0 days 00:00:43.417406,0,NORMAL,0.45,SAME,0.9,2,0.05,0.01,0.45,0.12,12,0.5,10,0.65,,,,,,PRUNED
438,-9999.0,2026-05-10 16:49:51.579174,2026-05-10 16:49:51.910078,0 days 00:00:00.330904,0,CAP_LAYER,0.45,SAME,0.7,2,0.05,0.02,0.45,0.08,12,0.7,20,0.65,,,,,BEAR_RATIO < NEUTRAL_RATIO < BULL_RATIO 约束违反: 0.45 / 0.7 / 0.7,COMPLETE
439,0.05612362135029467,2026-05-10 16:49:51.934482,2026-05-10 16:50:25.139016,0 days 00:00:33.204534,0,NO_NET_ADD,0.45,ETF_DEFENSIVE,0.7,2,0.05,0.01,0.45,0.16,12,0.5,10,0.65,,,,,,PRUNED
440,0.0713197998027836,2026-05-10 16:50:25.162103,2026-05-10 16:53:01.099739,0 days 00:02:35.937636,0,NORMAL,0.45,ETF_DEFENSIVE,0.7,2,0.05,0.01,0.45,0.08,12,0.5,5,0.65,,,,,,PRUNED
441,-0.05160940705629205,2026-05-10 16:53:01.121743,2026-05-10 16:53:48.829266,0 days 00:00:47.707523,0,CAP_LAYER,0.45,SAME,0.7,2,0.05,0.01,0.45,0.08,5,0.5,10,0.65,,,,,,PRUNED
442,-0.346336822181109,2026-05-10 16:53:48.880360,2026-05-10 16:53:49.524710,0 days 00:00:00.644350,0,CAP_LAYER,0.45,SAME,0.7,2,0.05,0.01,0.45,0.08,12,0.5,10,0.65,-0.01879013081234247,0.14858300362277244,0.655093382737533,0.1673731344351149,,COMPLETE
443,0.10179046026723301,2026-05-10 16:53:49.549665,2026-05-10 16:55:54.187418,0 days 00:02:04.637753,0,CAP_LAYER,0.45,SAME,0.7,2,0.05,0.01,0.45,0.08,12,0.5,5,0.65,,,,,,PRUNED
444,-0.346336822181109,2026-05-10 16:55:54.208789,2026-05-10 16:55:54.749685,0 days 00:00:00.540896,0,CAP_LAYER,0.45,SAME,0.7,2,0.05,0.01,0.45,0.08,12,0.5,10,0.65,-0.01879013081234247,0.14858300362277244,0.655093382737533,0.1673731344351149,,COMPLETE
445,0.18724566548600532,2026-05-10 16:55:54.773976,2026-05-10 16:57:01.255133,0 days 00:01:06.481157,2,CAP_LAYER,0.25,SAME,0.7,2,0.05,0.01,0.45,0.08,12,0.5,10,0.5,,,,,,PRUNED
446,-0.346336822181109,2026-05-10 16:57:01.280719,2026-05-10 16:57:01.781770,0 days 00:00:00.501051,0,CAP_LAYER,0.45,SAME,0.7,2,0.05,0.01,0.45,0.08,12,0.5,10,0.65,-0.01879013081234247,0.14858300362277244,0.655093382737533,0.1673731344351149,,COMPLETE
447,0.10828022293918653,2026-05-10 16:57:01.806443,2026-05-10 16:57:35.519980,0 days 00:00:33.713537,0,CAP_LAYER,0.45,ETF_DEFENSIVE,0.9,2,0.05,0.01,0.45,0.08,12,0.5,10,0.65,,,,,,PRUNED
448,0.100924041584174,2026-05-10 16:57:35.545987,2026-05-10 16:58:06.984704,0 days 00:00:31.438717,0,NORMAL,0.45,ETF_DEFENSIVE,0.8,2,0.05,0.01,0.45,0.08,12,0.5,10,0.65,,,,,,PRUNED
449,-0.015862047012407177,2026-05-10 16:58:07.008379,2026-05-10 16:58:50.968499,0 days 00:00:43.960120,0,NO_NET_ADD,0.45,SAME,0.7,2,0.05,0.01,0.45,0.12,12,0.5,10,0.5,,,,,,PRUNED
450,0.16370853821731257,2026-05-10 16:58:51.004073,2026-05-10 16:59:43.815665,0 days 00:00:52.811592,0,CAP_LAYER,0.45,SAME,0.7,4,0.05,0.02,0.45,0.08,8,0.5,10,0.65,,,,,,PRUNED
451,-0.13977898355557106,2026-05-10 16:59:43.841438,2026-05-10 17:00:51.049458,0 days 00:01:07.208020,0,CAP_LAYER,0.45,SAME,0.7,2,0.05,0.01,0.45,0.12,12,0.5,10,0.8,,,,,,PRUNED
452,0.2545933659896956,2026-05-10 17:00:51.073518,2026-05-10 17:01:40.239240,0 days 00:00:49.165722,0,CAP_LAYER,0.45,SAME,0.8,4,0.05,0.01,0.45,0.08,12,0.5,10,0.65,,,,,,PRUNED
453,-0.08095748860220792,2026-05-10 17:01:40.263834,2026-05-10 17:02:10.033347,0 days 00:00:29.769513,0,CAP_LAYER,0.45,SAME,0.7,2,0.05,0.01,0.45,0.08,8,0.5,20,0.65,,,,,,PRUNED
454,0.14469436145223943,2026-05-10 17:02:10.056748,2026-05-10 17:03:15.776601,0 days 00:01:05.719853,0,CAP_LAYER,0.35,SAME,0.7,3,0.05,0.01,0.45,0.08,12,0.5,10,0.5,,,,,,PRUNED
455,0.13100420922073613,2026-05-10 17:03:15.800377,2026-05-10 17:03:50.112813,0 days 00:00:34.312436,2,CAP_LAYER,0.35,SAME,0.7,2,0.05,0.01,0.45,0.08,12,0.5,20,0.5,,,,,,PRUNED
456,0.23309424752674335,2026-05-10 17:03:50.146830,2026-05-10 17:04:34.409026,0 days 00:00:44.262196,2,CAP_LAYER,0.45,SAME,0.7,4,0.05,0.01,0.6,0.08,12,0.5,10,0.65,,,,,,PRUNED
457,0.029641132032484502,2026-05-10 17:04:34.433727,2026-05-10 17:05:09.798117,0 days 00:00:35.364390,0,NO_NET_ADD,0.45,SAME,0.7,2,0.05,0.01,0.45,0.12,12,0.5,20,0.65,,,,,,PRUNED
458,0.1805866076893131,2026-05-10 17:05:09.819903,2026-05-10 17:06:01.477508,0 days 00:00:51.657605,0,CAP_LAYER,0.35,SAME,0.7,2,0.05,0.02,0.45,0.08,8,0.5,10,0.65,,,,,,PRUNED
459,0.05922814313462346,2026-05-10 17:06:01.513522,2026-05-10 17:07:09.628682,0 days 00:01:08.115160,0,CAP_LAYER,0.45,SAME,0.7,2,0.05,0.01,0.45,0.12,15,0.5,10,0.65,,,,,,PRUNED
460,-9999.0,2026-05-10 17:07:09.652592,2026-05-10 17:07:09.958945,0 days 00:00:00.306353,0,CAP_LAYER,0.25,SAME,0.7,2,0.05,0.01,0.45,0.08,15,0.7,10,0.65,,,,,BEAR_RATIO < NEUTRAL_RATIO < BULL_RATIO 约束违反: 0.25 / 0.7 / 0.7,COMPLETE
461,-0.346336822181109,2026-05-10 17:07:09.983505,2026-05-10 17:07:10.550675,0 days 00:00:00.567170,0,CAP_LAYER,0.45,SAME,0.7,2,0.05,0.01,0.45,0.08,12,0.5,10,0.65,-0.01879013081234247,0.14858300362277244,0.655093382737533,0.1673731344351149,,COMPLETE
462,0.08036961119745578,2026-05-10 17:07:10.589188,2026-05-10 17:10:54.302319,0 days 00:03:43.713131,0,CAP_LAYER,0.45,SAME,0.7,4,0.05,0.01,0.6,0.08,12,0.5,5,0.65,,,,,,PRUNED
463,-9999.0,2026-05-10 17:10:54.343206,2026-05-10 17:10:54.686658,0 days 00:00:00.343452,1,CAP_LAYER,0.45,SAME,0.7,2,0.05,0.01,0.45,0.08,12,0.7,10,0.65,,,,,BEAR_RATIO < NEUTRAL_RATIO < BULL_RATIO 约束违反: 0.45 / 0.7 / 0.7,COMPLETE
464,0.23859684459966576,2026-05-10 17:10:54.711135,2026-05-10 17:11:47.739824,0 days 00:00:53.028689,0,NORMAL,0.45,SAME,0.7,2,0.05,0.02,0.45,0.08,12,0.5,10,0.65,,,,,,PRUNED
465,0.16990382095809892,2026-05-10 17:11:47.764521,2026-05-10 17:12:41.396035,0 days 00:00:53.631514,0,CAP_LAYER,0.45,SAME,0.7,2,0.05,0.01,0.6,0.16,8,0.5,10,0.5,,,,,,PRUNED
466,-0.15611146609012955,2026-05-10 17:12:41.420046,2026-05-10 17:14:24.520066,0 days 00:01:43.100020,0,CAP_LAYER,0.45,SAME,0.7,2,0.05,0.01,0.3,0.08,12,0.5,5,0.8,,,,,,PRUNED
467,0.014271968007818853,2026-05-10 17:14:24.538717,2026-05-10 17:15:07.922623,0 days 00:00:43.383906,0,NO_NET_ADD,0.25,SAME,0.7,2,0.05,0.01,0.45,0.08,12,0.5,10,0.65,,,,,,PRUNED
468,-0.019517499822901407,2026-05-10 17:15:07.948965,2026-05-10 17:15:57.904423,0 days 00:00:49.955458,0,CAP_LAYER,0.45,ETF_DEFENSIVE,0.7,2,0.05,0.01,0.45,0.08,15,0.5,10,0.65,,,,,,PRUNED
469,0.13742608152706445,2026-05-10 17:15:57.935327,2026-05-10 17:17:00.286002,0 days 00:01:02.350675,0,CAP_LAYER,0.45,SAME,0.7,2,0.05,0.01,0.45,0.16,12,0.5,10,0.5,,,,,,PRUNED
470,-0.3932938944734744,2026-05-10 17:17:00.309744,2026-05-10 17:19:30.210724,0 days 00:02:29.900980,0,CAP_LAYER,0.25,SAME,0.7,2,0.05,0.01,0.45,0.12,12,0.5,10,0.65,-0.056819282293359356,0.13459375293586498,0.6729492243602301,0.19141303522922434,,COMPLETE
471,-0.16064017834091276,2026-05-10 17:19:30.233957,2026-05-10 17:20:32.510153,0 days 00:01:02.276196,0,CAP_LAYER,0.45,SAME,0.7,4,0.05,0.01,0.45,0.08,12,0.5,10,0.8,,,,,,PRUNED
472,-0.09809554530912293,2026-05-10 17:20:32.534162,2026-05-10 17:21:24.203849,0 days 00:00:51.669687,0,CAP_LAYER,0.45,SAME,0.9,4,0.05,0.01,0.45,0.08,5,0.5,10,0.65,,,,,,PRUNED
473,-0.23968112146156959,2026-05-10 17:21:24.225672,2026-05-10 17:21:59.531527,0 days 00:00:35.305855,0,CAP_LAYER,0.45,SAME,0.7,2,0.05,0.01,0.45,0.08,12,0.5,20,0.8,,,,,,PRUNED
474,-0.3811141739482212,2026-05-10 17:21:59.558033,2026-05-10 17:23:15.774665,0 days 00:01:16.216632,0,CAP_LAYER,0.45,SAME,0.7,2,0.05,0.01,0.45,0.16,12,0.6,10,0.65,-0.0206020329523956,0.1457628684235946,0.7210242819916513,0.1663649013759902,,COMPLETE
475,0.257161384156647,2026-05-10 17:23:15.797539,2026-05-10 17:23:58.540972,0 days 00:00:42.743433,0,CAP_LAYER,0.45,SAME,0.9,2,0.05,0.01,0.3,0.08,12,0.5,10,0.65,,,,,,PRUNED
476,-0.11118059133882563,2026-05-10 17:23:58.566005,2026-05-10 17:24:45.732939,0 days 00:00:47.166934,0,CAP_LAYER,0.45,SAME,0.7,2,0.05,0.01,0.45,0.08,5,0.6,10,0.8,,,,,,PRUNED
477,-0.06366036098466166,2026-05-10 17:24:45.755464,2026-05-10 17:25:36.470191,0 days 00:00:50.714727,0,CAP_LAYER,0.45,SAME,0.8,2,0.05,0.01,0.45,0.08,5,0.6,10,0.65,,,,,,PRUNED
478,0.13238045791591324,2026-05-10 17:25:36.492396,2026-05-10 17:26:10.381584,0 days 00:00:33.889188,0,CAP_LAYER,0.45,ETF_DEFENSIVE,0.8,2,0.05,0.01,0.45,0.08,12,0.6,10,0.65,,,,,,PRUNED
479,0.06572266582924974,2026-05-10 17:26:10.406129,2026-05-10 17:27:18.844317,0 days 00:01:08.438188,0,CAP_LAYER,0.45,SAME,0.8,2,0.05,0.01,0.45,0.08,15,0.5,10,0.65,,,,,,PRUNED
480,-0.37636051741717,2026-05-10 17:27:18.866123,2026-05-10 17:29:53.032396,0 days 00:02:34.166273,0,CAP_LAYER,0.25,SAME,0.7,2,0.05,0.01,0.3,0.08,12,0.5,10,0.65,-0.05398371481723526,0.14956969749126245,0.6447536051998696,0.20355341230849772,,COMPLETE
481,0.10769779891179096,2026-05-10 17:29:53.054022,2026-05-10 17:30:40.172008,0 days 00:00:47.117986,0,CAP_LAYER,0.45,ETF_DEFENSIVE,0.7,2,0.05,0.01,0.45,0.12,10,0.5,10,0.65,,,,,,PRUNED
482,0.2197516419135158,2026-05-10 17:30:40.191497,2026-05-10 17:31:23.332156,0 days 00:00:43.140659,2,CAP_LAYER,0.45,SAME,0.9,2,0.05,0.01,0.45,0.08,12,0.5,10,0.65,,,,,,PRUNED
483,0.2501276057481162,2026-05-10 17:31:23.352713,2026-05-10 17:32:07.178169,0 days 00:00:43.825456,1,CAP_LAYER,0.45,SAME,0.7,2,0.05,0.02,0.45,0.08,12,0.5,10,0.65,,,,,,PRUNED
484,-0.36787006379786374,2026-05-10 17:32:07.200019,2026-05-10 17:33:22.857092,0 days 00:01:15.657073,0,CAP_LAYER,0.45,SAME,0.7,2,0.05,0.01,0.6,0.16,12,0.5,10,0.65,-0.027367337143880257,0.12654701725166814,0.681005453307967,0.1539143543955484,,COMPLETE
485,-0.009809296015419994,2026-05-10 17:33:22.881333,2026-05-10 17:33:57.996125,0 days 00:00:35.114792,0,NO_NET_ADD,0.45,SAME,0.7,4,0.05,0.01,0.45,0.08,12,0.5,20,0.65,,,,,,PRUNED
486,-0.1920693434850349,2026-05-10 17:33:58.020110,2026-05-10 17:34:43.524726,0 days 00:00:45.504616,0,NO_NET_ADD,0.45,SAME,0.7,2,0.05,0.01,0.45,0.16,15,0.5,10,0.65,,,,,,PRUNED
487,0.08412547038028415,2026-05-10 17:34:43.548846,2026-05-10 17:35:14.149590,0 days 00:00:30.600744,0,NORMAL,0.45,SAME,0.7,2,0.05,0.01,0.45,0.08,12,0.5,20,0.65,,,,,,PRUNED
488,-9999.0,2026-05-10 17:35:14.174678,2026-05-10 17:35:14.488774,0 days 00:00:00.314096,2,CAP_LAYER,0.45,SAME,0.7,2,0.05,0.01,0.45,0.16,12,0.7,10,0.65,,,,,BEAR_RATIO < NEUTRAL_RATIO < BULL_RATIO 约束违反: 0.45 / 0.7 / 0.7,COMPLETE
489,-9999.0,2026-05-10 17:35:14.511364,2026-05-10 17:35:14.852496,0 days 00:00:00.341132,0,CAP_LAYER,0.45,SAME,0.7,2,0.05,0.01,0.45,0.08,12,0.7,10,0.8,,,,,BEAR_RATIO < NEUTRAL_RATIO < BULL_RATIO 约束违反: 0.45 / 0.7 / 0.7,COMPLETE
490,-9999.0,2026-05-10 17:35:14.875313,2026-05-10 17:35:15.187260,0 days 00:00:00.311947,0,CAP_LAYER,0.45,SAME,0.7,4,0.05,0.01,0.45,0.16,12,0.7,10,0.65,,,,,BEAR_RATIO < NEUTRAL_RATIO < BULL_RATIO 约束违反: 0.45 / 0.7 / 0.7,COMPLETE
491,0.06793513878000026,2026-05-10 17:35:15.212778,2026-05-10 17:35:59.571128,0 days 00:00:44.358350,0,CAP_LAYER,0.45,SAME,0.7,3,0.05,0.01,0.45,0.08,15,0.5,10,0.65,,,,,,PRUNED
492,0.09499988470365103,2026-05-10 17:35:59.591631,2026-05-10 17:36:25.685486,0 days 00:00:26.093855,1,CAP_LAYER,0.45,SAME,0.7,2,0.05,0.01,0.45,0.08,12,0.5,20,0.65,,,,,,PRUNED
493,0.0984034033658211,2026-05-10 17:36:25.713625,2026-05-10 17:36:51.003052,0 days 00:00:25.289427,0,CAP_LAYER,0.45,SAME,0.8,3,0.05,0.01,0.45,0.08,12,0.7,20,0.65,,,,,,PRUNED
494,-0.08197833052406124,2026-05-10 17:36:51.027928,2026-05-10 17:37:36.267545,0 days 00:00:45.239617,0,CAP_LAYER,0.45,ETF_DEFENSIVE,0.7,2,0.05,0.01,0.45,0.08,12,0.5,10,0.8,,,,,,PRUNED
495,0.10608259544301646,2026-05-10 17:37:36.306140,2026-05-10 17:38:41.846291,0 days 00:01:05.540151,0,NORMAL,0.45,SAME,0.7,4,0.05,0.01,0.45,0.08,12,0.5,10,0.5,,,,,,PRUNED
496,0.10314820646614958,2026-05-10 17:38:41.869859,2026-05-10 17:42:35.851016,0 days 00:03:53.981157,2,CAP_LAYER,0.45,SAME,0.7,2,0.05,0.01,0.6,0.08,12,0.5,5,0.65,,,,,,PRUNED
497,-9999.0,2026-05-10 17:42:35.875510,2026-05-10 17:42:36.165731,0 days 00:00:00.290221,0,CAP_LAYER,0.45,SAME,0.7,4,0.05,0.01,0.45,0.08,12,0.7,20,0.65,,,,,BEAR_RATIO < NEUTRAL_RATIO < BULL_RATIO 约束违反: 0.45 / 0.7 / 0.7,COMPLETE
498,0.05302467843823254,2026-05-10 17:42:36.190685,2026-05-10 17:43:30.840560,0 days 00:00:54.649875,2,NO_NET_ADD,0.35,SAME,0.7,2,0.05,0.01,0.45,0.08,8,0.5,10,0.65,,,,,,PRUNED
499,0.10787506136533742,2026-05-10 17:43:30.863518,2026-05-10 17:44:10.161196,0 days 00:00:39.297678,0,NORMAL,0.45,ETF_DEFENSIVE,0.7,2,0.05,0.01,0.6,0.08,12,0.5,10,0.65,,,,,,PRUNED
500,0.11175638826074794,2026-05-10 17:44:10.183808,2026-05-10 17:45:42.828059,0 days 00:01:32.644251,0,CAP_LAYER,0.45,SAME,0.7,2,0.05,0.01,0.45,0.08,12,0.5,5,0.5,,,,,,PRUNED
501,-0.346336822181109,2026-05-10 17:45:42.852634,2026-05-10 17:45:43.455929,0 days 00:00:00.603295,0,CAP_LAYER,0.45,SAME,0.7,2,0.05,0.01,0.45,0.08,12,0.5,10,0.65,-0.01879013081234247,0.14858300362277244,0.655093382737533,0.1673731344351149,,COMPLETE
502,-0.13868791840961747,2026-05-10 17:45:43.481825,2026-05-10 17:46:46.264455,0 days 00:01:02.782630,0,CAP_LAYER,0.45,SAME,0.8,2,0.05,0.01,0.6,0.08,12,0.5,10,0.8,,,,,,PRUNED
503,-9999.0,2026-05-10 17:46:46.287283,2026-05-10 17:46:46.616835,0 days 00:00:00.329552,0,CAP_LAYER,0.45,ETF_DEFENSIVE,0.7,2,0.05,0.01,0.45,0.08,12,0.7,10,0.65,,,,,BEAR_RATIO < NEUTRAL_RATIO < BULL_RATIO 约束违反: 0.45 / 0.7 / 0.7,COMPLETE
504,-0.07793312257254348,2026-05-10 17:46:46.639553,2026-05-10 17:47:35.526453,0 days 00:00:48.886900,0,CAP_LAYER,0.45,SAME,0.7,2,0.05,0.01,0.45,0.16,5,0.5,10,0.65,,,,,,PRUNED
505,-0.40838833564230814,2026-05-10 17:47:35.552814,2026-05-10 17:50:13.284486,0 days 00:02:37.731672,0,CAP_LAYER,0.45,SAME,0.9,4,0.05,0.01,0.45,0.08,12,0.7,10,0.65,-0.047538926792865165,0.17685905277584704,0.721698817698886,0.2243979795687122,,COMPLETE
506,0.04891743758550379,2026-05-10 17:50:13.306495,2026-05-10 17:50:56.789704,0 days 00:00:43.483209,1,NO_NET_ADD,0.45,SAME,0.7,2,0.05,0.01,0.45,0.08,12,0.5,10,0.65,,,,,,PRUNED
507,-0.1571211332496058,2026-05-10 17:50:56.817591,2026-05-10 17:51:40.460003,0 days 00:00:43.642412,0,CAP_LAYER,0.45,SAME,0.9,2,0.05,0.01,0.45,0.08,12,0.5,10,0.8,,,,,,PRUNED
508,-0.13536755701727585,2026-05-10 17:51:40.485307,2026-05-10 17:55:22.120367,0 days 00:03:41.635060,0,NO_NET_ADD,0.45,SAME,0.7,2,0.05,0.01,0.6,0.08,12,0.5,5,0.65,,,,,,PRUNED
509,0.11413862087209384,2026-05-10 17:55:22.145330,2026-05-10 17:55:56.632835,0 days 00:00:34.487505,0,CAP_LAYER,0.45,SAME,0.7,2,0.05,0.02,0.6,0.08,12,0.5,20,0.65,,,,,,PRUNED
510,-0.3877841360107043,2026-05-10 17:55:56.655401,2026-05-10 17:57:12.402045,0 days 00:01:15.746644,0,CAP_LAYER,0.25,SAME,0.7,2,0.05,0.02,0.45,0.16,12,0.5,10,0.65,-0.057177605602393475,0.11969249222351887,0.6612130608166216,0.17687009782591234,,COMPLETE
511,0.25040153145208,2026-05-10 17:57:12.438470,2026-05-10 17:57:54.986387,0 days 00:00:42.547917,0,CAP_LAYER,0.35,SAME,0.7,4,0.05,0.01,0.45,0.08,12,0.5,10,0.65,,,,,,PRUNED
512,-9999.0,2026-05-10 17:57:55.010536,2026-05-10 17:57:55.327899,0 days 00:00:00.317363,0,CAP_LAYER,0.45,SAME,0.7,2,0.05,0.01,0.45,0.08,8,0.7,10,0.65,,,,,BEAR_RATIO < NEUTRAL_RATIO < BULL_RATIO 约束违反: 0.45 / 0.7 / 0.7,COMPLETE
513,0.05900587681027383,2026-05-10 17:57:55.353534,2026-05-10 17:59:15.030439,0 days 00:01:19.676905,0,CAP_LAYER,0.45,SAME,0.9,2,0.05,0.01,0.6,0.08,12,0.5,5,0.65,,,,,,PRUNED
514,-0.3823995509657404,2026-05-10 17:59:15.055680,2026-05-10 18:00:34.903550,0 days 00:01:19.847870,0,CAP_LAYER,0.25,SAME,0.7,3,0.05,0.01,0.45,0.08,12,0.5,10,0.65,-0.05022846357277276,0.14703263758749976,0.6643421747859353,0.1972611011602725,,COMPLETE
515,0.23125290623348113,2026-05-10 18:00:34.926901,2026-05-10 18:01:19.248038,0 days 00:00:44.321137,1,CAP_LAYER,0.45,SAME,0.7,2,0.05,0.01,0.3,0.12,12,0.5,10,0.65,,,,,,PRUNED
516,0.100924041584174,2026-05-10 18:01:19.271423,2026-05-10 18:01:51.620220,0 days 00:00:32.348797,2,CAP_LAYER,0.45,ETF_DEFENSIVE,0.8,2,0.05,0.01,0.45,0.08,12,0.5,10,0.65,,,,,,PRUNED
517,0.18121921098991364,2026-05-10 18:01:51.643761,2026-05-10 18:02:36.041407,0 days 00:00:44.397646,0,NORMAL,0.45,SAME,0.7,2,0.05,0.01,0.45,0.16,12,0.5,10,0.65,,,,,,PRUNED
518,-9999.0,2026-05-10 18:02:36.066422,2026-05-10 18:02:36.366339,0 days 00:00:00.299917,0,NO_NET_ADD,0.45,SAME,0.7,2,0.03,0.01,0.45,0.08,12,0.7,20,0.65,,,,,BEAR_RATIO < NEUTRAL_RATIO < BULL_RATIO 约束违反: 0.45 / 0.7 / 0.7,COMPLETE
519,0.09540673045479162,2026-05-10 18:02:36.391171,2026-05-10 18:03:55.816612,0 days 00:01:19.425441,0,CAP_LAYER,0.45,SAME,0.7,2,0.05,0.01,0.3,0.12,12,0.5,5,0.65,,,,,,PRUNED
520,0.1295617298508261,2026-05-10 18:03:55.841662,2026-05-10 18:04:27.537232,0 days 00:00:31.695570,0,CAP_LAYER,0.45,ETF_DEFENSIVE,0.7,2,0.05,0.01,0.45,0.16,12,0.5,10,0.65,,,,,,PRUNED
521,0.0579935416884359,2026-05-10 18:04:27.559542,2026-05-10 18:05:20.826859,0 days 00:00:53.267317,0,NO_NET_ADD,0.45,SAME,0.7,2,0.05,0.01,0.45,0.08,8,0.5,10,0.65,,,,,,PRUNED
522,0.07939093279869726,2026-05-10 18:05:20.854401,2026-05-10 18:05:52.799130,0 days 00:00:31.944729,0,CAP_LAYER,0.25,ETF_DEFENSIVE,0.7,2,0.05,0.01,0.45,0.08,12,0.5,10,0.65,,,,,,PRUNED
523,0.25259259724854183,2026-05-10 18:05:52.821497,2026-05-10 18:06:46.045058,0 days 00:00:53.223561,0,CAP_LAYER,0.45,SAME,0.7,2,0.05,0.01,0.45,0.08,5,0.5,10,0.5,,,,,,PRUNED
524,-0.36950129310944024,2026-05-10 18:06:46.068308,2026-05-10 18:09:11.518810,0 days 00:02:25.450502,0,CAP_LAYER,0.45,SAME,0.7,2,0.05,0.01,0.3,0.08,12,0.6,10,0.65,-0.022238277194788054,0.16768886412260414,0.6945260318293044,0.1899271413173922,,COMPLETE
525,0.2698423736186759,2026-05-10 18:09:11.542322,2026-05-10 18:09:54.480829,0 days 00:00:42.938507,0,CAP_LAYER,0.45,SAME,0.7,4,0.05,0.01,0.3,0.08,12,0.5,10,0.65,,,,,,PRUNED
526,-0.019361633673650597,2026-05-10 18:09:54.516993,2026-05-10 18:10:41.281339,0 days 00:00:46.764346,2,NO_NET_ADD,0.45,SAME,0.7,2,0.05,0.01,0.45,0.08,5,0.5,10,0.65,,,,,,PRUNED
527,-0.37275978604723914,2026-05-10 18:10:41.307991,2026-05-10 18:11:57.771802,0 days 00:01:16.463811,0,CAP_LAYER,0.45,SAME,0.7,2,0.05,0.02,0.45,0.12,12,0.5,10,0.65,-0.02958548136612141,0.13782805240866444,0.6863486093622354,0.16741353377478585,,COMPLETE
528,-0.04929197065469934,2026-05-10 18:11:57.793476,2026-05-10 18:12:37.073752,0 days 00:00:39.280276,0,CAP_LAYER,0.45,SAME,0.7,2,0.05,0.01,0.45,0.08,5,0.6,10,0.65,,,,,,PRUNED
529,0.1630388261641069,2026-05-10 18:12:37.099184,2026-05-10 18:13:35.455330,0 days 00:00:58.356146,1,CAP_LAYER,0.45,SAME,0.7,2,0.05,0.01,0.45,0.08,8,0.5,10,0.65,,,,,,PRUNED
530,0.1718312055550828,2026-05-10 18:13:35.478070,2026-05-10 18:14:16.852103,0 days 00:00:41.374033,0,CAP_LAYER,0.45,SAME,0.7,2,0.05,0.01,0.45,0.16,8,0.5,10,0.65,,,,,,PRUNED
531,-0.346336822181109,2026-05-10 18:14:16.875245,2026-05-10 18:14:17.433309,0 days 00:00:00.558064,0,CAP_LAYER,0.45,SAME,0.7,2,0.05,0.01,0.45,0.08,12,0.5,10,0.65,-0.01879013081234247,0.14858300362277244,0.655093382737533,0.1673731344351149,,COMPLETE
532,0.04196641780434038,2026-05-10 18:14:17.458323,2026-05-10 18:15:00.770622,0 days 00:00:43.312299,0,NO_NET_ADD,0.45,SAME,0.8,2,0.05,0.01,0.45,0.08,12,0.5,10,0.65,,,,,,PRUNED
533,-0.40163353210601155,2026-05-10 18:15:00.797182,2026-05-10 18:16:16.226316,0 days 00:01:15.429134,0,CAP_LAYER,0.45,SAME,0.7,4,0.05,0.01,0.45,0.12,12,0.6,10,0.65,-0.02881540951880506,0.13911434349364254,0.745636245174413,0.1679297530124476,,COMPLETE
534,0.08523381350719855,2026-05-10 18:16:16.250264,2026-05-10 18:17:28.213378,0 days 00:01:11.963114,0,CAP_LAYER,0.35,SAME,0.7,2,0.05,0.01,0.45,0.08,15,0.5,10,0.65,,,,,,PRUNED
535,-0.14476335370157872,2026-05-10 18:17:28.236249,2026-05-10 18:18:34.474821,0 days 00:01:06.238572,0,CAP_LAYER,0.45,SAME,0.7,3,0.05,0.01,0.45,0.08,12,0.5,10,0.8,,,,,,PRUNED
536,0.23309424752674335,2026-05-10 18:18:34.497725,2026-05-10 18:19:17.171930,0 days 00:00:42.674205,2,CAP_LAYER,0.45,SAME,0.7,4,0.05,0.01,0.45,0.08,12,0.5,10,0.65,,,,,,PRUNED
537,0.23436097061970215,2026-05-10 18:19:17.196063,2026-05-10 18:20:16.838471,0 days 00:00:59.642408,0,CAP_LAYER,0.45,SAME,0.7,3,0.05,0.01,0.45,0.12,10,0.5,10,0.65,,,,,,PRUNED
538,0.25072923259381374,2026-05-10 18:20:16.864373,2026-05-10 18:20:59.644414,0 days 00:00:42.780041,0,CAP_LAYER,0.45,SAME,0.9,3,0.05,0.01,0.45,0.08,12,0.5,10,0.65,,,,,,PRUNED
539,0.17414099169395145,2026-05-10 18:20:59.667357,2026-05-10 18:22:05.059729,0 days 00:01:05.392372,0,CAP_LAYER,0.45,SAME,0.7,2,0.05,0.01,0.45,0.08,12,0.6,10,0.5,,,,,,PRUNED
540,-0.3664998340417928,2026-05-10 18:22:05.086251,2026-05-10 18:22:35.241925,0 days 00:00:30.155674,0,CAP_LAYER,0.35,SAME,0.7,2,0.05,0.01,0.3,0.08,5,0.5,20,0.65,,,,,,PRUNED
541,0.11450655070717776,2026-05-10 18:22:35.269139,2026-05-10 18:23:09.330725,0 days 00:00:34.061586,0,CAP_LAYER,0.45,ETF_DEFENSIVE,0.8,3,0.05,0.01,0.45,0.08,12,0.5,10,0.65,,,,,,PRUNED
542,-9999.0,2026-05-10 18:23:09.355822,2026-05-10 18:23:09.669963,0 days 00:00:00.314141,0,CAP_LAYER,0.45,SAME,0.7,3,0.05,0.01,0.45,0.08,12,0.7,10,0.65,,,,,BEAR_RATIO < NEUTRAL_RATIO < BULL_RATIO 约束违反: 0.45 / 0.7 / 0.7,COMPLETE
543,-0.16187193849000256,2026-05-10 18:23:09.693917,2026-05-10 18:24:20.415805,0 days 00:01:10.721888,0,CAP_LAYER,0.45,SAME,0.7,2,0.05,0.01,0.45,0.08,15,0.5,10,0.8,,,,,,PRUNED
544,-0.3921066379161943,2026-05-10 18:24:20.439401,2026-05-10 18:27:01.466947,0 days 00:02:41.027546,0,CAP_LAYER,0.35,SAME,0.7,2,0.05,0.01,0.45,0.12,12,0.5,10,0.65,-0.05390910855449219,0.12927136986332313,0.6763950587234042,0.18318047841781532,,COMPLETE
545,0.08067616874913841,2026-05-10 18:27:01.490703,2026-05-10 18:27:44.282097,0 days 00:00:42.791394,0,NO_NET_ADD,0.45,SAME,0.7,2,0.05,0.01,0.6,0.12,12,0.5,10,0.65,,,,,,PRUNED
546,0.1814404528409422,2026-05-10 18:27:44.306262,2026-05-10 18:28:40.369802,0 days 00:00:56.063540,0,CAP_LAYER,0.45,SAME,0.7,2,0.05,0.01,0.45,0.08,8,0.5,10,0.5,,,,,,PRUNED
547,0.2431765859669528,2026-05-10 18:28:40.392040,2026-05-10 18:29:22.359463,0 days 00:00:41.967423,1,CAP_LAYER,0.45,SAME,0.8,2,0.05,0.01,0.45,0.08,12,0.5,10,0.65,,,,,,PRUNED
548,0.26414124087494684,2026-05-10 18:29:22.382274,2026-05-10 18:30:10.065886,0 days 00:00:47.683612,0,CAP_LAYER,0.45,SAME,0.9,2,0.05,0.01,0.45,0.12,12,0.5,10,0.65,,,,,,PRUNED
549,-0.15841328927070228,2026-05-10 18:30:10.091306,2026-05-10 18:31:10.836738,0 days 00:01:00.745432,0,CAP_LAYER,0.35,SAME,0.7,2,0.05,0.01,0.45,0.08,12,0.5,10,0.8,,,,,,PRUNED
550,0.10502422244461192,2026-05-10 18:31:10.861088,2026-05-10 18:31:44.256518,0 days 00:00:33.395430,1,CAP_LAYER,0.45,ETF_DEFENSIVE,0.7,2,0.05,0.01,0.45,0.08,12,0.5,10,0.65,,,,,,PRUNED
551,-0.346336822181109,2026-05-10 18:31:44.281128,2026-05-10 18:33:00.854604,0 days 00:01:16.573476,0,CAP_LAYER,0.45,SAME,0.7,2,0.05,0.02,0.3,0.08,12,0.5,10,0.65,-0.01879013081234247,0.14858300362277244,0.655093382737533,0.1673731344351149,,COMPLETE
552,0.21687271714374579,2026-05-10 18:33:00.879103,2026-05-10 18:33:44.691706,0 days 00:00:43.812603,0,NORMAL,0.45,SAME,0.7,2,0.05,0.01,0.45,0.12,12,0.5,10,0.65,,,,,,PRUNED
553,0.23125290623348113,2026-05-10 18:33:44.728196,2026-05-10 18:34:32.150890,0 days 00:00:47.422694,1,CAP_LAYER,0.45,SAME,0.7,2,0.05,0.01,0.45,0.12,12,0.5,10,0.65,,,,,,PRUNED
554,-0.42914878417340596,2026-05-10 18:34:32.176765,2026-05-10 18:35:48.460218,0 days 00:01:16.283453,0,CAP_LAYER,0.25,SAME,0.9,2,0.05,0.01,0.45,0.08,12,0.5,10,0.65,-0.10147540435099467,0.1576994665190696,0.6553467596448226,0.2591748708700643,,COMPLETE
555,0.2698423736186759,2026-05-10 18:35:48.482008,2026-05-10 18:36:31.314679,0 days 00:00:42.832671,0,CAP_LAYER,0.45,SAME,0.7,4,0.05,0.02,0.45,0.08,12,0.5,10,0.65,,,,,,PRUNED
556,0.16370853821731257,2026-05-10 18:36:31.337490,2026-05-10 18:37:25.580907,0 days 00:00:54.243417,0,CAP_LAYER,0.45,SAME,0.7,4,0.05,0.01,0.45,0.08,8,0.5,10,0.65,,,,,,PRUNED
557,-0.3802141260206721,2026-05-10 18:37:25.605248,2026-05-10 18:38:45.016880,0 days 00:01:19.411632,0,CAP_LAYER,0.45,SAME,0.7,3,0.05,0.01,0.45,0.16,12,0.5,10,0.65,-0.02297029965264322,0.10858171932163496,0.7144876527360577,0.13155201897427818,,COMPLETE
558,-9999.0,2026-05-10 18:38:45.041911,2026-05-10 18:38:45.403430,0 days 00:00:00.361519,0,CAP_LAYER,0.35,SAME,0.7,2,0.05,0.01,0.45,0.08,12,0.7,10,0.65,,,,,BEAR_RATIO < NEUTRAL_RATIO < BULL_RATIO 约束违反: 0.35 / 0.7 / 0.7,COMPLETE
559,-0.346336822181109,2026-05-10 18:38:45.426862,2026-05-10 18:38:46.000468,0 days 00:00:00.573606,0,CAP_LAYER,0.45,SAME,0.7,2,0.05,0.01,0.45,0.08,12,0.5,10,0.65,-0.01879013081234247,0.14858300362277244,0.655093382737533,0.1673731344351149,,COMPLETE
560,-0.02513348431425738,2026-05-10 18:38:46.025053,2026-05-10 18:39:47.637948,0 days 00:01:01.612895,0,NO_NET_ADD,0.45,SAME,0.7,2,0.05,0.01,0.45,0.08,12,0.5,10,0.5,,,,,,PRUNED
561,0.20880905109908462,2026-05-10 18:39:47.684486,2026-05-10 18:40:31.784678,0 days 00:00:44.100192,0,NORMAL,0.45,SAME,0.7,4,0.05,0.01,0.45,0.08,12,0.5,10,0.65,,,,,,PRUNED
562,0.2201455699550618,2026-05-10 18:40:31.809748,2026-05-10 18:41:15.973492,0 days 00:00:44.163744,0,NORMAL,0.45,SAME,0.8,2,0.03,0.01,0.6,0.08,12,0.5,10,0.65,,,,,,PRUNED
563,0.21687271714374579,2026-05-10 18:41:15.998413,2026-05-10 18:41:58.627910,0 days 00:00:42.629497,2,CAP_LAYER,0.45,SAME,0.7,2,0.05,0.01,0.45,0.12,12,0.5,10,0.65,,,,,,PRUNED
564,0.15415859135108576,2026-05-10 18:41:58.651589,2026-05-10 18:42:47.649032,0 days 00:00:48.997443,0,CAP_LAYER,0.45,SAME,0.8,2,0.05,0.01,0.45,0.08,12,0.5,10,0.5,,,,,,PRUNED
565,0.12712542562533652,2026-05-10 18:42:47.672017,2026-05-10 18:43:18.561543,0 days 00:00:30.889526,0,CAP_LAYER,0.45,ETF_DEFENSIVE,0.7,2,0.05,0.01,0.3,0.08,12,0.5,10,0.65,,,,,,PRUNED
566,-0.13718880125337765,2026-05-10 18:43:18.602767,2026-05-10 18:44:19.486197,0 days 00:01:00.883430,0,CAP_LAYER,0.45,SAME,0.7,2,0.05,0.01,0.45,0.08,12,0.6,10,0.8,,,,,,PRUNED
567,-0.36701255126359966,2026-05-10 18:44:19.511893,2026-05-10 18:47:08.893748,0 days 00:02:49.381855,0,CAP_LAYER,0.35,SAME,0.7,2,0.05,0.01,0.45,0.08,10,0.5,10,0.65,-0.026972074291194494,0.1351889914276648,0.6800809539448104,0.1621610657188593,,COMPLETE
568,-0.06854590541833627,2026-05-10 18:47:08.918268,2026-05-10 18:47:56.456405,0 days 00:00:47.538137,0,CAP_LAYER,0.35,SAME,0.7,2,0.05,0.01,0.45,0.08,5,0.5,10,0.65,,,,,,PRUNED
569,-0.37636051741717,2026-05-10 18:47:56.479079,2026-05-10 18:49:45.578218,0 days 00:01:49.099139,0,CAP_LAYER,0.25,SAME,0.7,2,0.05,0.01,0.6,0.08,12,0.5,10,0.65,-0.05398371481723526,0.14956969749126245,0.6447536051998696,0.20355341230849772,,COMPLETE
570,-9999.0,2026-05-10 18:49:45.614911,2026-05-10 18:49:45.912328,0 days 00:00:00.297417,0,CAP_LAYER,0.45,SAME,0.7,2,0.05,0.01,0.45,0.12,12,0.7,10,0.65,,,,,BEAR_RATIO < NEUTRAL_RATIO < BULL_RATIO 约束违反: 0.45 / 0.7 / 0.7,COMPLETE
571,0.26300588313722084,2026-05-10 18:49:45.934571,2026-05-10 18:50:28.519204,0 days 00:00:42.584633,0,CAP_LAYER,0.35,SAME,0.7,3,0.05,0.01,0.45,0.08,12,0.5,10,0.65,,,,,,PRUNED
572,0.2621432777399446,2026-05-10 18:50:28.544943,2026-05-10 18:51:12.338692,0 days 00:00:43.793749,1,CAP_LAYER,0.45,SAME,0.7,2,0.05,0.01,0.45,0.08,12,0.6,10,0.65,,,,,,PRUNED
573,-0.07810840229070215,2026-05-10 18:51:12.361580,2026-05-10 18:51:55.720628,0 days 00:00:43.359048,0,CAP_LAYER,0.45,SAME,0.9,2,0.05,0.01,0.45,0.08,5,0.5,10,0.65,,,,,,PRUNED
574,-9999.0,2026-05-10 18:51:55.742563,2026-05-10 18:51:56.040833,0 days 00:00:00.298270,0,NORMAL,0.45,SAME,0.7,2,0.05,0.01,0.45,0.08,12,0.7,10,0.65,,,,,BEAR_RATIO < NEUTRAL_RATIO < BULL_RATIO 约束违反: 0.45 / 0.7 / 0.7,COMPLETE
575,0.257161384156647,2026-05-10 18:51:56.065602,2026-05-10 18:52:40.169805,0 days 00:00:44.104203,0,CAP_LAYER,0.45,SAME,0.9,2,0.05,0.02,0.45,0.08,12,0.5,10,0.65,,,,,,PRUNED
576,0.17765504461624074,2026-05-10 18:52:40.193520,2026-05-10 18:53:40.673019,0 days 00:01:00.479499,0,CAP_LAYER,0.45,SAME,0.7,2,0.05,0.01,0.6,0.08,12,0.5,10,0.5,,,,,,PRUNED
577,0.10179046026723301,2026-05-10 18:53:40.709025,2026-05-10 18:57:17.813584,0 days 00:03:37.104559,0,CAP_LAYER,0.45,SAME,0.7,2,0.05,0.02,0.45,0.08,12,0.5,5,0.65,,,,,,PRUNED
578,0.1419847199394659,2026-05-10 18:57:17.837023,2026-05-10 18:57:49.990528,0 days 00:00:32.153505,0,CAP_LAYER,0.45,ETF_DEFENSIVE,0.7,2,0.05,0.01,0.45,0.12,12,0.5,10,0.65,,,,,,PRUNED
579,0.05069892801550588,2026-05-10 18:57:50.013206,2026-05-10 18:59:02.454474,0 days 00:01:12.441268,0,NORMAL,0.45,SAME,0.7,2,0.05,0.01,0.45,0.08,15,0.5,10,0.65,,,,,,PRUNED
580,0.16989223704216902,2026-05-10 18:59:02.479048,2026-05-10 19:00:33.836149,0 days 00:01:31.357101,1,CAP_LAYER,0.45,SAME,0.7,2,0.05,0.01,0.45,0.12,8,0.5,5,0.65,,,,,,PRUNED
581,0.2346371491256963,2026-05-10 19:00:33.858044,2026-05-10 19:01:18.884332,0 days 00:00:45.026288,1,CAP_LAYER,0.25,SAME,0.9,4,0.05,0.01,0.45,0.08,12,0.5,10,0.65,,,,,,PRUNED
582,0.1637916389752472,2026-05-10 19:01:18.903609,2026-05-10 19:02:07.197983,0 days 00:00:48.294374,0,CAP_LAYER,0.45,SAME,0.7,3,0.05,0.01,0.45,0.08,8,0.5,10,0.65,,,,,,PRUNED
583,0.11994152540936669,2026-05-10 19:02:07.222825,2026-05-10 19:02:42.707385,0 days 00:00:35.484560,0,CAP_LAYER,0.45,ETF_DEFENSIVE,0.7,4,0.05,0.01,0.45,0.08,12,0.5,10,0.65,,,,,,PRUNED
584,-0.346336822181109,2026-05-10 19:02:42.730171,2026-05-10 19:02:43.353942,0 days 00:00:00.623771,0,CAP_LAYER,0.45,SAME,0.7,2,0.05,0.01,0.45,0.08,12,0.5,10,0.65,-0.01879013081234247,0.14858300362277244,0.655093382737533,0.1673731344351149,,COMPLETE
585,0.2690555670616336,2026-05-10 19:02:43.380090,2026-05-10 19:03:28.003356,0 days 00:00:44.623266,0,CAP_LAYER,0.45,SAME,0.8,2,0.05,0.02,0.45,0.08,12,0.5,10,0.65,,,,,,PRUNED
586,0.17765504461624074,2026-05-10 19:03:28.027726,2026-05-10 19:04:29.120629,0 days 00:01:01.092903,0,CAP_LAYER,0.45,SAME,0.7,2,0.05,0.02,0.45,0.08,12,0.5,10,0.5,,,,,,PRUNED
587,0.054065391300773966,2026-05-10 19:04:29.146171,2026-05-10 19:04:59.865173,0 days 00:00:30.719002,0,NO_NET_ADD,0.45,ETF_DEFENSIVE,0.7,2,0.05,0.01,0.45,0.08,12,0.5,10,0.65,,,,,,PRUNED
588,0.06306702933582961,2026-05-10 19:04:59.889782,2026-05-10 19:06:12.681198,0 days 00:01:12.791416,0,CAP_LAYER,0.25,SAME,0.7,2,0.05,0.01,0.45,0.08,15,0.5,10,0.65,,,,,,PRUNED
589,0.07431190325918902,2026-05-10 19:06:12.704429,2026-05-10 19:06:47.215126,0 days 00:00:34.510697,0,CAP_LAYER,0.45,SAME,0.7,2,0.05,0.01,0.45,0.16,12,0.5,20,0.65,,,,,,PRUNED
590,0.13779505612964102,2026-05-10 19:06:47.240585,2026-05-10 19:07:42.287116,0 days 00:00:55.046531,0,NORMAL,0.25,SAME,0.8,2,0.05,0.01,0.45,0.08,8,0.5,10,0.65,,,,,,PRUNED
591,-0.346336822181109,2026-05-10 19:07:42.308994,2026-05-10 19:07:42.922409,0 days 00:00:00.613415,0,CAP_LAYER,0.45,SAME,0.7,2,0.05,0.01,0.45,0.08,12,0.5,10,0.65,-0.01879013081234247,0.14858300362277244,0.655093382737533,0.1673731344351149,,COMPLETE
592,0.23164582481850235,2026-05-10 19:07:42.944217,2026-05-10 19:08:31.541628,0 days 00:00:48.597411,2,CAP_LAYER,0.45,SAME,0.8,2,0.05,0.01,0.6,0.08,12,0.5,10,0.65,,,,,,PRUNED
593,0.038932069525075275,2026-05-10 19:08:31.563218,2026-05-10 19:12:14.746525,0 days 00:03:43.183307,0,CAP_LAYER,0.45,SAME,0.9,4,0.05,0.01,0.45,0.08,12,0.5,5,0.65,,,,,,PRUNED
594,-0.05160940705629205,2026-05-10 19:12:14.768984,2026-05-10 19:13:03.768983,0 days 00:00:48.999999,0,CAP_LAYER,0.45,SAME,0.7,2,0.05,0.01,0.3,0.08,5,0.5,10,0.65,,,,,,PRUNED
595,-0.4048878774876441,2026-05-10 19:13:03.793213,2026-05-10 19:15:27.304298,0 days 00:02:23.511085,2,CAP_LAYER,0.25,SAME,0.7,2,0.05,0.01,0.45,0.08,12,0.5,10,0.65,-0.08372279586863075,0.13124239042037839,0.6423301632380267,0.21496518628900912,,COMPLETE
596,-0.14649847446674552,2026-05-10 19:15:27.330538,2026-05-10 19:17:09.598403,0 days 00:01:42.267865,0,CAP_LAYER,0.25,SAME,0.8,2,0.05,0.01,0.45,0.08,12,0.5,5,0.8,,,,,,PRUNED
597,-0.36787006379786374,2026-05-10 19:17:09.620908,2026-05-10 19:18:24.197817,0 days 00:01:14.576909,0,CAP_LAYER,0.45,SAME,0.7,2,0.05,0.01,0.3,0.16,12,0.5,10,0.65,-0.027367337143880257,0.12654701725166814,0.681005453307967,0.1539143543955484,,COMPLETE
598,0.04891743758550379,2026-05-10 19:18:24.224123,2026-05-10 19:19:08.642361,0 days 00:00:44.418238,0,NO_NET_ADD,0.45,SAME,0.7,2,0.05,0.02,0.45,0.08,12,0.5,10,0.65,,,,,,PRUNED
599,-0.16995392859768127,2026-05-10 19:19:08.664534,2026-05-10 19:20:00.347452,0 days 00:00:51.682918,2,CAP_LAYER,0.45,SAME,0.7,2,0.05,0.01,0.45,0.08,12,0.5,10,0.8,,,,,,PRUNED
600,0.10314820646614958,2026-05-10 19:20:00.370558,2026-05-10 19:21:32.687564,0 days 00:01:32.317006,2,CAP_LAYER,0.45,SAME,0.7,2,0.05,0.01,0.45,0.08,12,0.5,5,0.65,,,,,,PRUNED
601,0.003347973285149991,2026-05-10 19:21:32.712144,2026-05-10 19:22:41.026787,0 days 00:01:08.314643,1,CAP_LAYER,0.45,SAME,0.9,2,0.05,0.01,0.45,0.16,15,0.5,10,0.65,,,,,,PRUNED
602,-9999.0,2026-05-10 19:22:41.052988,2026-05-10 19:22:41.353868,0 days 00:00:00.300880,0,CAP_LAYER,0.45,SAME,0.7,2,0.05,0.01,0.6,0.08,12,0.7,10,0.65,,,,,BEAR_RATIO < NEUTRAL_RATIO < BULL_RATIO 约束违反: 0.45 / 0.7 / 0.7,COMPLETE
603,0.26558218430487335,2026-05-10 19:22:41.377773,2026-05-10 19:23:23.967159,0 days 00:00:42.589386,0,CAP_LAYER,0.45,SAME,0.9,2,0.05,0.01,0.45,0.08,12,0.6,10,0.65,,,,,,PRUNED
604,0.029173272255366034,2026-05-10 19:23:23.987030,2026-05-10 19:24:22.595642,0 days 00:00:58.608612,0,CAP_LAYER,0.45,SAME,0.7,2,0.05,0.01,0.45,0.08,8,0.5,10,0.8,,,,,,PRUNED
605,0.25386977648412457,2026-05-10 19:24:22.621284,2026-05-10 19:25:06.288089,0 days 00:00:43.666805,0,CAP_LAYER,0.45,SAME,0.8,2,0.05,0.01,0.45,0.12,12,0.5,10,0.65,,,,,,PRUNED
606,0.16970152769666996,2026-05-10 19:25:06.312651,2026-05-10 19:25:48.632847,0 days 00:00:42.320196,0,CAP_LAYER,0.45,SAME,0.7,2,0.05,0.01,0.45,0.08,10,0.5,20,0.65,,,,,,PRUNED
607,-0.012860463950984169,2026-05-10 19:25:48.657726,2026-05-10 19:26:22.733204,0 days 00:00:34.075478,0,NO_NET_ADD,0.45,SAME,0.7,2,0.05,0.01,0.45,0.08,12,0.5,20,0.65,,,,,,PRUNED
608,0.04891743758550379,2026-05-10 19:26:22.757166,2026-05-10 19:27:06.587791,0 days 00:00:43.830625,0,NO_NET_ADD,0.45,SAME,0.7,2,0.05,0.01,0.3,0.08,12,0.5,10,0.65,,,,,,PRUNED
609,-0.346336822181109,2026-05-10 19:27:06.613495,2026-05-10 19:27:07.170133,0 days 00:00:00.556638,0,CAP_LAYER,0.45,SAME,0.7,2,0.05,0.01,0.45,0.08,12,0.5,10,0.65,-0.01879013081234247,0.14858300362277244,0.655093382737533,0.1673731344351149,,COMPLETE
610,-0.16995392859768127,2026-05-10 19:27:07.192428,2026-05-10 19:28:12.806947,0 days 00:01:05.614519,0,NORMAL,0.45,SAME,0.7,2,0.05,0.01,0.45,0.08,12,0.5,10,0.8,,,,,,PRUNED
611,0.16046505924811816,2026-05-10 19:28:12.829224,2026-05-10 19:29:14.530364,0 days 00:01:01.701140,0,CAP_LAYER,0.45,SAME,0.7,3,0.05,0.01,0.45,0.08,12,0.5,10,0.5,,,,,,PRUNED
612,-9999.0,2026-05-10 19:29:14.553815,2026-05-10 19:29:14.898289,0 days 00:00:00.344474,0,NO_NET_ADD,0.45,SAME,0.7,2,0.05,0.01,0.45,0.08,12,0.7,10,0.65,,,,,BEAR_RATIO < NEUTRAL_RATIO < BULL_RATIO 约束违反: 0.45 / 0.7 / 0.7,COMPLETE
613,0.25885326511391693,2026-05-10 19:29:14.923626,2026-05-10 19:30:16.408965,0 days 00:01:01.485339,0,CAP_LAYER,0.45,SAME,0.7,2,0.05,0.01,0.45,0.12,10,0.5,10,0.5,,,,,,PRUNED
614,-9999.0,2026-05-10 19:30:16.433019,2026-05-10 19:30:16.732606,0 days 00:00:00.299587,0,CAP_LAYER,0.45,SAME,0.7,2,0.05,0.01,0.45,0.08,12,0.7,5,0.65,,,,,BEAR_RATIO < NEUTRAL_RATIO < BULL_RATIO 约束违反: 0.45 / 0.7 / 0.7,COMPLETE
615,0.013035956732954726,2026-05-10 19:30:16.755737,2026-05-10 19:30:59.153801,0 days 00:00:42.398064,0,CAP_LAYER,0.45,ETF_DEFENSIVE,0.7,2,0.05,0.01,0.45,0.08,8,0.5,10,0.65,,,,,,PRUNED
616,0.2566517728757442,2026-05-10 19:30:59.182995,2026-05-10 19:32:03.767063,0 days 00:01:04.584068,0,CAP_LAYER,0.35,SAME,0.7,2,0.05,0.01,0.3,0.08,12,0.5,10,0.65,,,,,,PRUNED
617,-0.3566861573350583,2026-05-10 19:32:03.789969,2026-05-10 19:34:37.221238,0 days 00:02:33.431269,0,CAP_LAYER,0.45,SAME,0.7,3,0.05,0.01,0.3,0.08,12,0.5,10,0.65,-0.018621510954896454,0.14732895743753333,0.6761292927603237,0.16595046839242977,,COMPLETE
618,-0.37915148264458143,2026-05-10 19:34:37.247872,2026-05-10 19:35:56.584033,0 days 00:01:19.336161,0,CAP_LAYER,0.45,SAME,0.7,4,0.05,0.01,0.45,0.12,12,0.5,10,0.65,-0.029809919186538254,0.12061725364767949,0.6986831269160864,0.15042717283421775,,COMPLETE
619,0.05069892801550588,2026-05-10 19:35:56.607947,2026-05-10 19:37:03.858444,0 days 00:01:07.250497,2,CAP_LAYER,0.45,SAME,0.7,2,0.05,0.01,0.45,0.08,15,0.5,10,0.65,,,,,,PRUNED
620,0.23859684459966576,2026-05-10 19:37:03.880303,2026-05-10 19:37:48.473632,0 days 00:00:44.593329,2,CAP_LAYER,0.45,SAME,0.7,2,0.05,0.01,0.6,0.08,12,0.5,10,0.65,,,,,,PRUNED
621,0.08412547038028415,2026-05-10 19:37:48.494621,2026-05-10 19:38:26.846808,0 days 00:00:38.352187,2,CAP_LAYER,0.45,SAME,0.7,2,0.05,0.01,0.45,0.08,12,0.5,20,0.65,,,,,,PRUNED
622,0.2197516419135158,2026-05-10 19:38:26.871822,2026-05-10 19:39:11.109855,0 days 00:00:44.238033,0,NORMAL,0.45,SAME,0.9,2,0.05,0.01,0.45,0.08,12,0.5,10,0.65,,,,,,PRUNED
623,-9999.0,2026-05-10 19:39:11.133115,2026-05-10 19:39:11.449260,0 days 00:00:00.316145,0,CAP_LAYER,0.45,SAME,0.7,4,0.05,0.01,0.45,0.08,12,0.7,10,0.5,,,,,BEAR_RATIO < NEUTRAL_RATIO < BULL_RATIO 约束违反: 0.45 / 0.7 / 0.7,COMPLETE
624,-0.37275978604723914,2026-05-10 19:39:11.471676,2026-05-10 19:40:26.086128,0 days 00:01:14.614452,0,CAP_LAYER,0.45,SAME,0.7,2,0.05,0.01,0.6,0.12,12,0.5,10,0.65,-0.02958548136612141,0.13782805240866444,0.6863486093622354,0.16741353377478585,,COMPLETE
625,0.08036961119745578,2026-05-10 19:40:26.112174,2026-05-10 19:44:02.561520,0 days 00:03:36.449346,0,CAP_LAYER,0.45,SAME,0.7,4,0.05,0.01,0.45,0.08,12,0.5,5,0.65,,,,,,PRUNED
626,-0.07156390245390881,2026-05-10 19:44:02.583590,2026-05-10 19:44:40.568906,0 days 00:00:37.985316,0,CAP_LAYER,0.45,SAME,0.7,2,0.05,0.01,0.45,0.08,15,0.5,20,0.65,,,,,,PRUNED
627,-0.346336822181109,2026-05-10 19:44:40.594153,2026-05-10 19:44:41.152017,0 days 00:00:00.557864,0,CAP_LAYER,0.45,SAME,0.7,2,0.05,0.01,0.45,0.08,12,0.5,10,0.65,-0.01879013081234247,0.14858300362277244,0.655093382737533,0.1673731344351149,,COMPLETE
628,0.18121921098991364,2026-05-10 19:44:41.195810,2026-05-10 19:45:23.933360,0 days 00:00:42.737550,2,CAP_LAYER,0.45,SAME,0.7,2,0.05,0.01,0.45,0.16,12,0.5,10,0.65,,,,,,PRUNED
629,-0.07034461181988172,2026-05-10 19:45:23.970361,2026-05-10 19:46:08.655771,0 days 00:00:44.685410,0,NO_NET_ADD,0.35,SAME,0.7,2,0.05,0.01,0.45,0.08,12,0.5,10,0.65,,,,,,PRUNED
630,0.08826323850041379,2026-05-10 19:46:08.695462,2026-05-10 19:47:06.413050,0 days 00:00:57.717588,0,CAP_LAYER,0.45,ETF_DEFENSIVE,0.7,2,0.05,0.01,0.45,0.08,12,0.5,5,0.65,,,,,,PRUNED
631,0.05900587681027383,2026-05-10 19:47:06.435757,2026-05-10 19:48:31.715333,0 days 00:01:25.279576,0,CAP_LAYER,0.45,SAME,0.9,2,0.05,0.01,0.45,0.08,12,0.5,5,0.65,,,,,,PRUNED
632,-0.13784506782235117,2026-05-10 19:48:31.738422,2026-05-10 19:49:33.343293,0 days 00:01:01.604871,0,CAP_LAYER,0.45,SAME,0.7,2,0.05,0.01,0.6,0.08,12,0.5,10,0.8,,,,,,PRUNED
633,0.23859684459966576,2026-05-10 19:49:33.368217,2026-05-10 19:50:15.706967,0 days 00:00:42.338750,1,NORMAL,0.45,SAME,0.7,2,0.05,0.01,0.45,0.08,12,0.5,10,0.65,,,,,,PRUNED
634,0.17224283271545418,2026-05-10 19:50:15.729756,2026-05-10 19:51:09.759992,0 days 00:00:54.030236,0,CAP_LAYER,0.45,SAME,0.7,2,0.05,0.01,0.6,0.08,8,0.5,10,0.65,,,,,,PRUNED
635,-0.37275978604723914,2026-05-10 19:51:09.780219,2026-05-10 19:51:10.247681,0 days 00:00:00.467462,0,CAP_LAYER,0.45,SAME,0.7,2,0.05,0.01,0.45,0.12,12,0.5,10,0.65,-0.02958548136612141,0.13782805240866444,0.6863486093622354,0.16741353377478585,,COMPLETE
636,-0.39353533828389947,2026-05-10 19:51:10.270868,2026-05-10 19:53:39.806380,0 days 00:02:29.535512,0,CAP_LAYER,0.25,SAME,0.7,2,0.05,0.01,0.45,0.08,12,0.6,10,0.65,-0.052617015000636265,0.16829850621991693,0.6818366465665264,0.2209155212205532,,COMPLETE
637,0.010875771956566152,2026-05-10 19:53:39.845970,2026-05-10 19:56:15.855552,0 days 00:02:36.009582,0,CAP_LAYER,0.45,ETF_DEFENSIVE,0.9,2,0.03,0.01,0.6,0.12,8,0.7,5,0.5,,,,,,PRUNED
638,0.17765504461624074,2026-05-10 19:56:15.880766,2026-05-10 19:57:26.660392,0 days 00:01:10.779626,0,CAP_LAYER,0.45,SAME,0.7,2,0.05,0.01,0.3,0.08,12,0.5,10,0.5,,,,,,PRUNED
639,-0.13868791840961747,2026-05-10 19:57:26.683527,2026-05-10 19:58:30.944952,0 days 00:01:04.261425,0,CAP_LAYER,0.45,SAME,0.8,2,0.05,0.01,0.45,0.08,12,0.5,10,0.8,,,,,,PRUNED
640,0.08850892090626716,2026-05-10 19:58:30.969316,2026-05-10 20:00:56.183646,0 days 00:02:25.214330,0,CAP_LAYER,0.45,SAME,0.7,3,0.05,0.01,0.45,0.08,12,0.5,5,0.65,,,,,,PRUNED
641,-0.346336822181109,2026-05-10 20:00:56.205648,2026-05-10 20:00:56.825376,0 days 00:00:00.619728,0,CAP_LAYER,0.45,SAME,0.7,2,0.05,0.01,0.45,0.08,12,0.5,10,0.65,-0.01879013081234247,0.14858300362277244,0.655093382737533,0.1673731344351149,,COMPLETE
642,0.16484752358294677,2026-05-10 20:00:56.849451,2026-05-10 20:01:39.911810,0 days 00:00:43.062359,1,CAP_LAYER,0.45,SAME,0.7,2,0.05,0.01,0.45,0.08,12,0.5,10,0.5,,,,,,PRUNED
643,0.04886725843464021,2026-05-10 20:01:39.935658,2026-05-10 20:02:08.717835,0 days 00:00:28.782177,0,CAP_LAYER,0.45,ETF_DEFENSIVE,0.7,2,0.05,0.01,0.45,0.08,12,0.5,20,0.65,,,,,,PRUNED
644,-0.32944024821771106,2026-05-10 20:02:08.741552,2026-05-10 20:03:09.997371,0 days 00:01:01.255819,1,NO_NET_ADD,0.35,ETF_DEFENSIVE,0.8,3,0.03,0.02,0.45,0.08,5,0.5,5,0.8,,,,,,PRUNED
645,-0.038700835736072414,2026-05-10 20:03:10.024234,2026-05-10 20:04:24.566714,0 days 00:01:14.542480,0,CAP_LAYER,0.45,SAME,0.7,2,0.05,0.01,0.45,0.08,15,0.5,10,0.5,,,,,,PRUNED
646,0.0918147901874326,2026-05-10 20:04:24.593068,2026-05-10 20:05:36.375945,0 days 00:01:11.782877,0,CAP_LAYER,0.45,SAME,0.7,2,0.05,0.01,0.45,0.08,15,0.6,10,0.65,,,,,,PRUNED
647,0.1282130196933809,2026-05-10 20:05:36.401625,2026-05-10 20:06:24.937237,0 days 00:00:48.535612,0,CAP_LAYER,0.45,ETF_DEFENSIVE,0.7,2,0.05,0.01,0.45,0.08,10,0.5,10,0.65,,,,,,PRUNED
648,-0.07298418230323883,2026-05-10 20:06:24.960299,2026-05-10 20:07:14.354895,0 days 00:00:49.394596,0,CAP_LAYER,0.45,SAME,0.7,4,0.05,0.01,0.45,0.08,5,0.5,10,0.65,,,,,,PRUNED
649,0.04891743758550379,2026-05-10 20:07:14.379346,2026-05-10 20:08:17.711097,0 days 00:01:03.331751,2,NO_NET_ADD,0.45,SAME,0.7,2,0.05,0.01,0.45,0.08,12,0.5,10,0.65,,,,,,PRUNED
650,-0.14370224773616247,2026-05-10 20:08:17.736869,2026-05-10 20:09:25.227783,0 days 00:01:07.490914,0,CAP_LAYER,0.45,SAME,0.7,2,0.05,0.01,0.45,0.16,12,0.5,10,0.8,,,,,,PRUNED
651,0.10787506136533742,2026-05-10 20:09:25.265250,2026-05-10 20:09:58.791444,0 days 00:00:33.526194,0,NORMAL,0.45,ETF_DEFENSIVE,0.7,2,0.05,0.01,0.45,0.08,12,0.5,10,0.65,,,,,,PRUNED
652,-0.03156638484429151,2026-05-10 20:09:58.818404,2026-05-10 20:10:23.642281,0 days 00:00:24.823877,0,NORMAL,0.35,ETF_DEFENSIVE,0.9,4,0.05,0.02,0.6,0.16,10,0.7,20,0.65,,,,,,PRUNED
653,0.1829841475482111,2026-05-10 20:10:23.665084,2026-05-10 20:14:17.962418,0 days 00:03:54.297334,0,CAP_LAYER,0.45,SAME,0.7,2,0.05,0.01,0.45,0.08,10,0.5,5,0.65,,,,,,PRUNED
654,0.12712542562533652,2026-05-10 20:14:17.989514,2026-05-10 20:14:49.464128,0 days 00:00:31.474614,0,CAP_LAYER,0.45,ETF_DEFENSIVE,0.7,2,0.05,0.02,0.45,0.08,12,0.5,10,0.65,,,,,,PRUNED
655,-0.346336822181109,2026-05-10 20:14:49.493576,2026-05-10 20:14:50.033020,0 days 00:00:00.539444,0,CAP_LAYER,0.45,SAME,0.7,2,0.05,0.01,0.45,0.08,12,0.5,10,0.65,-0.01879013081234247,0.14858300362277244,0.655093382737533,0.1673731344351149,,COMPLETE
656,0.25011109952709554,2026-05-10 20:14:50.059049,2026-05-10 20:15:32.626975,0 days 00:00:42.567926,2,NORMAL,0.45,SAME,0.8,2,0.05,0.01,0.45,0.08,12,0.7,10,0.65,,,,,,PRUNED
657,-0.4048878774876441,2026-05-10 20:15:32.650261,2026-05-10 20:17:59.328097,0 days 00:02:26.677836,0,NORMAL,0.25,SAME,0.7,2,0.05,0.01,0.45,0.08,12,0.5,10,0.65,-0.08372279586863075,0.13124239042037839,0.6423301632380267,0.21496518628900912,,COMPLETE
658,0.25900424220906787,2026-05-10 20:17:59.350521,2026-05-10 20:18:47.657908,0 days 00:00:48.307387,0,CAP_LAYER,0.25,SAME,0.8,3,0.05,0.01,0.45,0.08,10,0.5,10,0.65,,,,,,PRUNED
659,0.12712542562533652,2026-05-10 20:18:47.680662,2026-05-10 20:19:19.130658,0 days 00:00:31.449996,0,CAP_LAYER,0.45,ETF_DEFENSIVE,0.7,2,0.05,0.01,0.6,0.08,12,0.5,10,0.65,,,,,,PRUNED
660,0.2071413595697617,2026-05-10 20:19:19.152628,2026-05-10 20:20:25.737671,0 days 00:01:06.585043,0,CAP_LAYER,0.25,SAME,0.7,2,0.05,0.01,0.45,0.08,12,0.5,10,0.5,,,,,,PRUNED
661,-9999.0,2026-05-10 20:20:25.763281,2026-05-10 20:20:26.060944,0 days 00:00:00.297663,0,CAP_LAYER,0.45,SAME,0.7,2,0.05,0.01,0.45,0.08,12,0.7,20,0.65,,,,,BEAR_RATIO < NEUTRAL_RATIO < BULL_RATIO 约束违反: 0.45 / 0.7 / 0.7,COMPLETE
662,0.2566517728757442,2026-05-10 20:20:26.086481,2026-05-10 20:21:08.443400,0 days 00:00:42.356919,0,CAP_LAYER,0.35,SAME,0.7,2,0.05,0.02,0.45,0.08,12,0.5,10,0.65,,,,,,PRUNED
663,-0.4067065750195566,2026-05-10 20:21:08.492220,2026-05-10 20:22:25.796076,0 days 00:01:17.303856,0,CAP_LAYER,0.45,SAME,0.9,2,0.05,0.01,0.45,0.08,12,0.7,10,0.65,-0.0497350032022373,0.18775194677617865,0.7139431436346386,0.23748694997841596,,COMPLETE
664,0.0495931486803034,2026-05-10 20:22:25.820127,2026-05-10 20:23:38.454899,0 days 00:01:12.634772,0,CAP_LAYER,0.45,SAME,0.9,2,0.05,0.01,0.45,0.08,15,0.5,10,0.65,,,,,,PRUNED
665,0.16100547114129532,2026-05-10 20:23:38.477257,2026-05-10 20:24:22.069781,0 days 00:00:43.592524,0,CAP_LAYER,0.45,SAME,0.7,4,0.05,0.01,0.45,0.08,12,0.5,10,0.5,,,,,,PRUNED
666,0.10992375634395832,2026-05-10 20:24:22.094407,2026-05-10 20:25:21.662301,0 days 00:00:59.567894,0,NO_NET_ADD,0.45,SAME,0.9,3,0.05,0.01,0.45,0.12,10,0.6,10,0.5,,,,,,PRUNED
667,0.16295517086786443,2026-05-10 20:25:21.684255,2026-05-10 20:26:16.772595,0 days 00:00:55.088340,0,CAP_LAYER,0.25,SAME,0.7,2,0.05,0.01,0.45,0.08,8,0.5,10,0.65,,,,,,PRUNED
668,-0.346336822181109,2026-05-10 20:26:16.797107,2026-05-10 20:26:17.329936,0 days 00:00:00.532829,0,CAP_LAYER,0.45,SAME,0.7,2,0.05,0.01,0.45,0.08,12,0.5,10,0.65,-0.01879013081234247,0.14858300362277244,0.655093382737533,0.1673731344351149,,COMPLETE
669,0.01974053151619845,2026-05-10 20:26:17.355216,2026-05-10 20:26:54.790207,0 days 00:00:37.434991,0,CAP_LAYER,0.45,ETF_DEFENSIVE,0.7,2,0.05,0.01,0.45,0.08,12,0.5,10,0.5,,,,,,PRUNED
670,-0.2848794894278385,2026-05-10 20:26:54.814383,2026-05-10 20:28:04.910285,0 days 00:01:10.095902,0,NO_NET_ADD,0.45,SAME,0.7,2,0.03,0.01,0.45,0.08,15,0.5,10,0.5,,,,,,PRUNED
671,0.0696610913248383,2026-05-10 20:28:04.932795,2026-05-10 20:32:05.365487,0 days 00:04:00.432692,0,CAP_LAYER,0.45,SAME,0.8,2,0.05,0.01,0.45,0.08,12,0.5,5,0.65,,,,,,PRUNED
672,-0.4447367336843179,2026-05-10 20:32:05.392203,2026-05-10 20:33:08.936960,0 days 00:01:03.544757,0,NO_NET_ADD,0.45,SAME,0.7,2,0.05,0.01,0.45,0.08,12,0.5,10,0.8,,,,,,PRUNED
673,0.23600682753086547,2026-05-10 20:33:08.960887,2026-05-10 20:34:01.967806,0 days 00:00:53.006919,2,CAP_LAYER,0.35,SAME,0.7,2,0.05,0.01,0.45,0.08,12,0.5,10,0.65,,,,,,PRUNED
674,0.034151444827226984,2026-05-10 20:34:01.990962,2026-05-10 20:34:51.401450,0 days 00:00:49.410488,0,NO_NET_ADD,0.45,SAME,0.7,4,0.05,0.01,0.45,0.08,12,0.5,10,0.65,,,,,,PRUNED
675,0.09734476773927814,2026-05-10 20:34:51.427233,2026-05-10 20:35:26.322501,0 days 00:00:34.895268,0,CAP_LAYER,0.45,SAME,0.7,2,0.05,0.01,0.45,0.12,12,0.5,20,0.65,,,,,,PRUNED
676,-0.2569364049382693,2026-05-10 20:35:26.346726,2026-05-10 20:36:03.474508,0 days 00:00:37.127782,0,CAP_LAYER,0.45,ETF_DEFENSIVE,0.7,2,0.05,0.01,0.45,0.08,5,0.5,10,0.65,,,,,,PRUNED
677,-0.4794199771063382,2026-05-10 20:36:03.500164,2026-05-10 20:36:25.968440,0 days 00:00:22.468276,2,CAP_LAYER,0.35,ETF_DEFENSIVE,0.9,3,0.03,0.02,0.45,0.12,5,0.6,20,0.8,,,,,,PRUNED
678,0.23164582481850235,2026-05-10 20:36:25.992790,2026-05-10 20:37:11.639737,0 days 00:00:45.646947,0,NORMAL,0.45,SAME,0.8,2,0.05,0.01,0.45,0.08,12,0.5,10,0.65,,,,,,PRUNED
679,0.23859684459966576,2026-05-10 20:37:11.663537,2026-05-10 20:37:56.440482,0 days 00:00:44.776945,2,CAP_LAYER,0.45,SAME,0.7,2,0.05,0.02,0.45,0.08,12,0.5,10,0.65,,,,,,PRUNED
680,0.1512365838150413,2026-05-10 20:37:56.463504,2026-05-10 20:39:05.241949,0 days 00:01:08.778445,2,CAP_LAYER,0.45,SAME,0.7,2,0.05,0.01,0.45,0.08,12,0.5,10,0.5,,,,,,PRUNED
681,0.04109843052943421,2026-05-10 20:39:05.266467,2026-05-10 20:43:11.737127,0 days 00:04:06.470660,0,CAP_LAYER,0.45,SAME,0.7,2,0.05,0.01,0.45,0.08,15,0.5,5,0.65,,,,,,PRUNED
682,-0.13784506782235117,2026-05-10 20:43:11.760253,2026-05-10 20:44:17.830251,0 days 00:01:06.069998,0,CAP_LAYER,0.45,SAME,0.7,2,0.05,0.01,0.3,0.08,12,0.5,10,0.8,,,,,,PRUNED
683,0.13301899394909722,2026-05-10 20:44:17.857186,2026-05-10 20:45:03.318600,0 days 00:00:45.461414,0,CAP_LAYER,0.45,ETF_DEFENSIVE,0.7,3,0.05,0.01,0.45,0.08,12,0.5,10,0.65,,,,,,PRUNED
684,-0.008104715296856621,2026-05-10 20:45:03.342791,2026-05-10 20:45:36.535865,0 days 00:00:33.193074,0,CAP_LAYER,0.35,ETF_DEFENSIVE,0.7,2,0.05,0.01,0.45,0.12,12,0.5,10,0.5,,,,,,PRUNED
685,-9999.0,2026-05-10 20:45:36.560161,2026-05-10 20:45:36.864235,0 days 00:00:00.304074,0,CAP_LAYER,0.45,SAME,0.7,2,0.05,0.02,0.45,0.08,15,0.7,10,0.65,,,,,BEAR_RATIO < NEUTRAL_RATIO < BULL_RATIO 约束违反: 0.45 / 0.7 / 0.7,COMPLETE
686,-0.36950129310944024,2026-05-10 20:45:36.885845,2026-05-10 20:48:13.723882,0 days 00:02:36.838037,0,CAP_LAYER,0.45,SAME,0.7,2,0.05,0.01,0.6,0.08,12,0.6,10,0.65,-0.022238277194788054,0.16768886412260414,0.6945260318293044,0.1899271413173922,,COMPLETE
687,0.13723949117131662,2026-05-10 20:48:13.745048,2026-05-10 20:49:07.673831,0 days 00:00:53.928783,1,CAP_LAYER,0.35,SAME,0.8,3,0.05,0.01,0.45,0.12,8,0.5,10,0.5,,,,,,PRUNED
688,-0.27864944528179975,2026-05-10 20:49:07.713393,2026-05-10 20:50:20.910925,0 days 00:01:13.197532,2,NO_NET_ADD,0.45,SAME,0.7,2,0.05,0.01,0.6,0.08,15,0.5,10,0.65,,,,,,PRUNED
689,-0.346336822181109,2026-05-10 20:50:20.954631,2026-05-10 20:50:21.548246,0 days 00:00:00.593615,0,CAP_LAYER,0.45,SAME,0.7,2,0.05,0.01,0.45,0.08,12,0.5,10,0.65,-0.01879013081234247,0.14858300362277244,0.655093382737533,0.1673731344351149,,COMPLETE
690,0.14268293713116553,2026-05-10 20:50:21.571866,2026-05-10 20:50:52.746322,0 days 00:00:31.174456,0,CAP_LAYER,0.45,ETF_DEFENSIVE,0.7,2,0.05,0.01,0.45,0.08,12,0.6,10,0.65,,,,,,PRUNED
691,0.06425788985092157,2026-05-10 20:50:52.768475,2026-05-10 20:51:37.630184,0 days 00:00:44.861709,0,NO_NET_ADD,0.45,SAME,0.7,2,0.05,0.01,0.45,0.08,12,0.6,10,0.65,,,,,,PRUNED
692,0.17224283271545418,2026-05-10 20:51:37.654831,2026-05-10 20:52:31.142451,0 days 00:00:53.487620,0,CAP_LAYER,0.45,SAME,0.7,2,0.05,0.02,0.45,0.08,8,0.5,10,0.65,,,,,,PRUNED
693,-0.36844473519395005,2026-05-10 20:52:31.166244,2026-05-10 20:53:00.467448,0 days 00:00:29.301204,0,CAP_LAYER,0.45,SAME,0.7,2,0.05,0.01,0.45,0.08,5,0.5,20,0.65,,,,,,PRUNED
694,0.09234956351056581,2026-05-10 20:53:00.491548,2026-05-10 20:56:02.796395,0 days 00:03:02.304847,2,CAP_LAYER,0.45,ETF_DEFENSIVE,0.7,2,0.05,0.01,0.45,0.08,8,0.5,5,0.65,,,,,,PRUNED
695,-0.346336822181109,2026-05-10 20:56:02.822224,2026-05-10 20:56:03.409624,0 days 00:00:00.587400,0,CAP_LAYER,0.45,SAME,0.7,2,0.05,0.01,0.45,0.08,12,0.5,10,0.65,-0.01879013081234247,0.14858300362277244,0.655093382737533,0.1673731344351149,,COMPLETE
696,-0.346336822181109,2026-05-10 20:56:03.433901,2026-05-10 20:56:04.000729,0 days 00:00:00.566828,0,CAP_LAYER,0.45,SAME,0.7,2,0.05,0.01,0.45,0.08,12,0.5,10,0.65,-0.01879013081234247,0.14858300362277244,0.655093382737533,0.1673731344351149,,COMPLETE
697,-0.32052294523121927,2026-05-10 20:56:04.027599,2026-05-10 20:56:35.586789,0 days 00:00:31.559190,2,NO_NET_ADD,0.25,ETF_DEFENSIVE,0.7,4,0.05,0.02,0.3,0.12,12,0.6,20,0.8,,,,,,PRUNED
698,-0.04396006823360424,2026-05-10 20:56:35.608662,2026-05-10 20:57:20.713832,0 days 00:00:45.105170,0,NORMAL,0.45,SAME,0.7,2,0.05,0.01,0.45,0.08,5,0.5,10,0.65,,,,,,PRUNED
699,0.23859684459966576,2026-05-10 20:57:20.739402,2026-05-10 20:58:27.596385,0 days 00:01:06.856983,2,CAP_LAYER,0.45,SAME,0.7,2,0.05,0.01,0.3,0.08,12,0.5,10,0.65,,,,,,PRUNED
700,0.06474569588238988,2026-05-10 20:58:27.621421,2026-05-10 20:59:35.544113,0 days 00:01:07.922692,0,CAP_LAYER,0.45,SAME,0.7,2,0.05,0.01,0.3,0.08,15,0.5,10,0.65,,,,,,PRUNED
701,-0.346336822181109,2026-05-10 20:59:35.567619,2026-05-10 20:59:36.058668,0 days 00:00:00.491049,0,CAP_LAYER,0.45,SAME,0.7,2,0.05,0.01,0.45,0.08,12,0.5,10,0.65,-0.01879013081234247,0.14858300362277244,0.655093382737533,0.1673731344351149,,COMPLETE
702,0.24761313457977724,2026-05-10 20:59:36.080127,2026-05-10 21:00:37.922569,0 days 00:01:01.842442,0,CAP_LAYER,0.45,SAME,0.7,3,0.05,0.01,0.45,0.08,10,0.5,10,0.65,,,,,,PRUNED
703,0.1805866076893131,2026-05-10 21:00:37.947945,2026-05-10 21:01:31.495036,0 days 00:00:53.547091,0,CAP_LAYER,0.35,SAME,0.7,2,0.05,0.01,0.45,0.08,8,0.5,10,0.65,,,,,,PRUNED
704,0.15146115333836893,2026-05-10 21:01:31.517647,2026-05-10 21:02:37.231848,0 days 00:01:05.714201,0,CAP_LAYER,0.45,SAME,0.9,2,0.05,0.01,0.45,0.08,12,0.5,10,0.5,,,,,,PRUNED
705,0.24099282078735773,2026-05-10 21:02:37.254219,2026-05-10 21:03:19.504010,0 days 00:00:42.249791,0,CAP_LAYER,0.45,SAME,0.9,2,0.05,0.01,0.45,0.08,10,0.5,10,0.65,,,,,,PRUNED
706,0.10179046026723301,2026-05-10 21:03:19.530045,2026-05-10 21:07:11.976141,0 days 00:03:52.446096,0,CAP_LAYER,0.45,SAME,0.7,2,0.05,0.01,0.3,0.08,12,0.5,5,0.65,,,,,,PRUNED
707,0.06303310274065091,2026-05-10 21:07:12.005024,2026-05-10 21:07:50.303345,0 days 00:00:38.298321,0,CAP_LAYER,0.35,SAME,0.9,2,0.05,0.01,0.45,0.08,12,0.5,20,0.65,,,,,,PRUNED
708,-0.346336822181109,2026-05-10 21:07:50.326109,2026-05-10 21:07:50.912740,0 days 00:00:00.586631,0,CAP_LAYER,0.45,SAME,0.7,2,0.05,0.01,0.45,0.08,12,0.5,10,0.65,-0.01879013081234247,0.14858300362277244,0.655093382737533,0.1673731344351149,,COMPLETE
709,0.11413862087209384,2026-05-10 21:07:50.938588,2026-05-10 21:08:22.066469,0 days 00:00:31.127881,0,CAP_LAYER,0.45,SAME,0.7,2,0.05,0.01,0.6,0.08,12,0.5,20,0.65,,,,,,PRUNED
710,-0.06944719060831389,2026-05-10 21:08:22.090735,2026-05-10 21:08:48.399261,0 days 00:00:26.308526,2,NO_NET_ADD,0.45,SAME,0.9,4,0.05,0.01,0.3,0.12,12,0.6,20,0.65,,,,,,PRUNED
711,-0.206156361971394,2026-05-10 21:08:48.435823,2026-05-10 21:10:32.107356,0 days 00:01:43.671533,0,NO_NET_ADD,0.35,SAME,0.7,4,0.05,0.01,0.6,0.08,15,0.5,5,0.65,,,,,,PRUNED
712,0.10787506136533742,2026-05-10 21:10:32.140176,2026-05-10 21:11:07.495843,0 days 00:00:35.355667,2,CAP_LAYER,0.45,ETF_DEFENSIVE,0.7,2,0.05,0.01,0.45,0.08,12,0.5,10,0.65,,,,,,PRUNED
713,0.10142591935096898,2026-05-10 21:11:07.522167,2026-05-10 21:11:38.439702,0 days 00:00:30.917535,0,CAP_LAYER,0.45,SAME,0.9,2,0.05,0.01,0.45,0.08,12,0.5,20,0.65,,,,,,PRUNED
714,-0.377258983227955,2026-05-10 21:11:38.467510,2026-05-10 21:14:01.320201,0 days 00:02:22.852691,0,CAP_LAYER,0.45,SAME,0.7,3,0.05,0.01,0.45,0.12,12,0.5,10,0.65,-0.03122362634120043,0.12111344092618107,0.6920707137735091,0.1523370672673815,,COMPLETE
715,0.06474569588238988,2026-05-10 21:14:01.344224,2026-05-10 21:14:58.103017,0 days 00:00:56.758793,0,CAP_LAYER,0.45,SAME,0.7,2,0.05,0.01,0.6,0.08,15,0.5,10,0.65,,,,,,PRUNED
716,-0.010389624281063992,2026-05-10 21:14:58.130945,2026-05-10 21:16:18.931912,0 days 00:01:20.800967,0,CAP_LAYER,0.45,SAME,0.7,2,0.05,0.02,0.45,0.16,15,0.5,5,0.65,,,,,,PRUNED
717,0.23859684459966576,2026-05-10 21:16:18.956293,2026-05-10 21:17:02.233854,0 days 00:00:43.277561,0,NORMAL,0.45,SAME,0.7,2,0.05,0.01,0.6,0.08,12,0.5,10,0.65,,,,,,PRUNED
718,0.18359789751893912,2026-05-10 21:17:02.259013,2026-05-10 21:17:46.144187,0 days 00:00:43.885174,0,NORMAL,0.25,SAME,0.9,4,0.03,0.02,0.45,0.12,12,0.6,10,0.65,,,,,,PRUNED
719,-9999.0,2026-05-10 21:17:46.166935,2026-05-10 21:17:46.488726,0 days 00:00:00.321791,0,NO_NET_ADD,0.25,SAME,0.7,3,0.05,0.01,0.45,0.12,8,0.7,5,0.5,,,,,BEAR_RATIO < NEUTRAL_RATIO < BULL_RATIO 约束违反: 0.25 / 0.7 / 0.7,COMPLETE
720,-9999.0,2026-05-10 21:17:46.512073,2026-05-10 21:17:46.839082,0 days 00:00:00.327009,0,CAP_LAYER,0.45,SAME,0.7,2,0.05,0.01,0.45,0.08,12,0.7,10,0.65,,,,,BEAR_RATIO < NEUTRAL_RATIO < BULL_RATIO 约束违反: 0.45 / 0.7 / 0.7,COMPLETE
721,0.2717468826754006,2026-05-10 21:17:46.864960,2026-05-10 21:18:35.680208,0 days 00:00:48.815248,0,CAP_LAYER,0.45,SAME,0.8,2,0.05,0.01,0.45,0.16,12,0.5,10,0.65,,,,,,PRUNED
722,-0.16949613016915982,2026-05-10 21:18:35.706209,2026-05-10 21:19:39.684328,0 days 00:01:03.978119,0,NO_NET_ADD,0.35,ETF_DEFENSIVE,0.9,3,0.05,0.01,0.3,0.16,8,0.5,5,0.8,,,,,,PRUNED
723,0.157198598049852,2026-05-10 21:19:39.709287,2026-05-10 21:20:34.239909,0 days 00:00:54.530622,0,CAP_LAYER,0.45,SAME,0.8,2,0.05,0.01,0.45,0.08,8,0.5,10,0.65,,,,,,PRUNED
724,0.11413862087209384,2026-05-10 21:20:34.265680,2026-05-10 21:21:07.534469,0 days 00:00:33.268789,0,CAP_LAYER,0.45,SAME,0.7,2,0.05,0.02,0.45,0.08,12,0.5,20,0.65,,,,,,PRUNED
725,0.23859684459966576,2026-05-10 21:21:07.558954,2026-05-10 21:21:52.327509,0 days 00:00:44.768555,2,NORMAL,0.45,SAME,0.7,2,0.05,0.01,0.45,0.08,12,0.5,10,0.65,,,,,,PRUNED
726,0.27252096274242826,2026-05-10 21:21:52.349902,2026-05-10 21:22:54.411849,0 days 00:01:02.061947,0,CAP_LAYER,0.45,SAME,0.7,2,0.05,0.01,0.45,0.08,10,0.5,10,0.5,,,,,,PRUNED
727,0.27025291660504813,2026-05-10 21:22:54.455491,2026-05-10 21:23:52.682517,0 days 00:00:58.227026,0,CAP_LAYER,0.45,SAME,0.7,2,0.05,0.01,0.45,0.08,10,0.6,10,0.65,,,,,,PRUNED
728,-0.08662723078541988,2026-05-10 21:23:52.710242,2026-05-10 21:26:31.754926,0 days 00:02:39.044684,0,CAP_LAYER,0.45,ETF_DEFENSIVE,0.9,4,0.05,0.02,0.45,0.12,8,0.6,5,0.8,,,,,,PRUNED
729,0.06644858181984364,2026-05-10 21:26:31.782652,2026-05-10 21:27:43.715217,0 days 00:01:11.932565,1,CAP_LAYER,0.25,SAME,0.7,2,0.05,0.01,0.45,0.08,15,0.6,10,0.65,,,,,,PRUNED
730,0.10503251812204817,2026-05-10 21:27:43.738128,2026-05-10 21:28:27.132264,0 days 00:00:43.394136,0,NO_NET_ADD,0.45,SAME,0.7,2,0.05,0.01,0.45,0.08,10,0.5,10,0.65,,,,,,PRUNED
731,0.23128240306196624,2026-05-10 21:28:27.160141,2026-05-10 21:29:29.670651,0 days 00:01:02.510510,1,CAP_LAYER,0.45,SAME,0.9,2,0.05,0.01,0.45,0.08,12,0.5,10,0.65,,,,,,PRUNED
732,0.05215895168356241,2026-05-10 21:29:29.696983,2026-05-10 21:30:17.910644,0 days 00:00:48.213661,0,CAP_LAYER,0.45,SAME,0.7,2,0.05,0.01,0.45,0.16,15,0.5,10,0.65,,,,,,PRUNED
733,-0.1023250954828945,2026-05-10 21:30:17.939189,2026-05-10 21:30:44.173768,0 days 00:00:26.234579,0,CAP_LAYER,0.35,ETF_DEFENSIVE,0.8,4,0.05,0.02,0.6,0.08,8,0.6,20,0.65,,,,,,PRUNED
734,-9999.0,2026-05-10 21:30:44.198272,2026-05-10 21:30:44.511384,0 days 00:00:00.313112,1,CAP_LAYER,0.25,SAME,0.7,2,0.05,0.01,0.45,0.08,12,0.7,10,0.5,,,,,BEAR_RATIO < NEUTRAL_RATIO < BULL_RATIO 约束违反: 0.25 / 0.7 / 0.7,COMPLETE
735,-0.3928263111079312,2026-05-10 21:30:44.533593,2026-05-10 21:33:17.197441,0 days 00:02:32.663848,0,CAP_LAYER,0.45,SAME,0.8,2,0.05,0.01,0.45,0.08,12,0.6,10,0.65,-0.04572697729138878,0.17612010693688177,0.6941986676330848,0.22184708422827054,,COMPLETE
736,-9999.0,2026-05-10 21:33:17.240389,2026-05-10 21:33:17.577985,0 days 00:00:00.337596,0,CAP_LAYER,0.45,SAME,0.7,2,0.05,0.01,0.45,0.16,12,0.7,10,0.65,,,,,BEAR_RATIO < NEUTRAL_RATIO < BULL_RATIO 约束违反: 0.45 / 0.7 / 0.7,COMPLETE
737,0.12343744100587542,2026-05-10 21:33:17.606178,2026-05-10 21:36:51.904001,0 days 00:03:34.297823,1,CAP_LAYER,0.45,SAME,0.7,2,0.03,0.01,0.45,0.08,12,0.6,5,0.65,,,,,,PRUNED
738,0.028864942534415697,2026-05-10 21:36:51.925697,2026-05-10 21:37:49.038545,0 days 00:00:57.112848,0,NO_NET_ADD,0.25,SAME,0.7,2,0.05,0.02,0.45,0.08,10,0.5,10,0.65,,,,,,PRUNED
739,-0.18713632300696012,2026-05-10 21:37:49.057479,2026-05-10 21:38:38.973516,0 days 00:00:49.916037,1,CAP_LAYER,0.45,ETF_DEFENSIVE,0.7,4,0.05,0.02,0.45,0.16,12,0.6,10,0.8,,,,,,PRUNED
740,0.013687652851500628,2026-05-10 21:38:38.997799,2026-05-10 21:39:34.628382,0 days 00:00:55.630583,0,NO_NET_ADD,0.35,SAME,0.9,2,0.05,0.01,0.45,0.08,8,0.5,10,0.65,,,,,,PRUNED
741,0.0614214405316266,2026-05-10 21:39:34.652183,2026-05-10 21:40:41.511203,0 days 00:01:06.859020,0,CAP_LAYER,0.45,SAME,0.8,2,0.05,0.02,0.45,0.12,15,0.5,10,0.65,,,,,,PRUNED
742,0.12712542562533652,2026-05-10 21:40:41.534259,2026-05-10 21:40:41.832811,0 days 00:00:00.298552,0,CAP_LAYER,0.45,ETF_DEFENSIVE,0.7,2,0.05,0.01,0.45,0.08,12,0.5,10,0.65,,,,,,PRUNED
743,-0.346336822181109,2026-05-10 21:40:41.851816,2026-05-10 21:40:42.263701,0 days 00:00:00.411885,0,CAP_LAYER,0.45,SAME,0.7,2,0.05,0.01,0.45,0.08,12,0.5,10,0.65,-0.01879013081234247,0.14858300362277244,0.655093382737533,0.1673731344351149,,COMPLETE
744,-9999.0,2026-05-10 21:40:42.284100,2026-05-10 21:40:42.534035,0 days 00:00:00.249935,2,CAP_LAYER,0.45,SAME,0.7,2,0.05,0.01,0.45,0.08,12,0.7,10,0.65,,,,,BEAR_RATIO < NEUTRAL_RATIO < BULL_RATIO 约束违反: 0.45 / 0.7 / 0.7,COMPLETE
745,-0.3864433505064523,2026-05-10 21:40:42.558761,2026-05-10 21:44:43.914483,0 days 00:04:01.355722,1,NO_NET_ADD,0.35,SAME,0.8,3,0.03,0.02,0.6,0.12,15,0.6,5,0.5,,,,,,PRUNED
746,0.06474569588238988,2026-05-10 21:44:43.941858,2026-05-10 21:44:44.308608,0 days 00:00:00.366750,0,CAP_LAYER,0.45,SAME,0.7,2,0.05,0.01,0.45,0.08,15,0.5,10,0.65,,,,,,PRUNED
747,0.26304332730656743,2026-05-10 21:44:44.350551,2026-05-10 21:45:47.487124,0 days 00:01:03.136573,1,CAP_LAYER,0.45,SAME,0.7,3,0.05,0.01,0.45,0.08,12,0.5,10,0.65,,,,,,PRUNED
748,0.21534434822577075,2026-05-10 21:45:47.510757,2026-05-10 21:47:14.075059,0 days 00:01:26.564302,1,NORMAL,0.35,SAME,0.9,4,0.03,0.01,0.3,0.08,5,0.6,5,0.5,,,,,,PRUNED
749,0.257161384156647,2026-05-10 21:47:14.098576,2026-05-10 21:47:14.469804,0 days 00:00:00.371228,0,CAP_LAYER,0.45,SAME,0.9,2,0.05,0.01,0.45,0.08,12,0.5,10,0.65,,,,,,PRUNED
750,-0.06655261092948123,2026-05-10 21:47:14.492577,2026-05-10 21:48:02.401198,0 days 00:00:47.908621,0,CAP_LAYER,0.45,SAME,0.7,2,0.05,0.01,0.45,0.12,5,0.5,10,0.65,,,,,,PRUNED
751,0.09540673045479162,2026-05-10 21:48:02.424970,2026-05-10 21:49:30.506771,0 days 00:01:28.081801,0,CAP_LAYER,0.45,SAME,0.7,2,0.05,0.01,0.45,0.12,12,0.5,5,0.65,,,,,,PRUNED
752,0.23859684459966576,2026-05-10 21:49:30.531413,2026-05-10 21:49:30.919495,0 days 00:00:00.388082,2,CAP_LAYER,0.45,SAME,0.7,2,0.05,0.01,0.45,0.08,12,0.5,10,0.65,,,,,,PRUNED
753,-0.39374091202008976,2026-05-10 21:49:30.943299,2026-05-10 21:51:54.369200,0 days 00:02:23.425901,0,CAP_LAYER,0.25,SAME,0.8,2,0.05,0.01,0.45,0.08,12,0.5,10,0.65,-0.07097142693980064,0.16238117777183866,0.6455389701605783,0.23335260471163932,,COMPLETE
754,-0.38968879730275585,2026-05-10 21:51:54.392830,2026-05-10 21:53:14.834318,0 days 00:01:20.441488,0,CAP_LAYER,0.45,SAME,0.7,4,0.05,0.01,0.45,0.16,12,0.5,10,0.65,-0.02929125346910501,0.105945163055979,0.7207950876673017,0.135236416525084,,COMPLETE
755,-9999.0,2026-05-10 21:53:14.858964,2026-05-10 21:53:15.206854,0 days 00:00:00.347890,0,CAP_LAYER,0.45,SAME,0.7,2,0.05,0.01,0.45,0.08,15,0.7,10,0.65,,,,,BEAR_RATIO < NEUTRAL_RATIO < BULL_RATIO 约束违反: 0.45 / 0.7 / 0.7,COMPLETE
756,-0.13041735261032317,2026-05-10 21:53:15.231490,2026-05-10 21:54:12.476509,0 days 00:00:57.245019,1,CAP_LAYER,0.45,SAME,0.7,2,0.05,0.01,0.45,0.08,10,0.6,10,0.8,,,,,,PRUNED
757,-0.13536755701727585,2026-05-10 21:54:12.500506,2026-05-10 21:55:33.497171,0 days 00:01:20.996665,0,NO_NET_ADD,0.45,SAME,0.7,2,0.05,0.01,0.45,0.08,12,0.5,5,0.65,,,,,,PRUNED
758,0.08952690091015787,2026-05-10 21:55:33.522282,2026-05-10 21:56:25.987549,0 days 00:00:52.465267,1,NORMAL,0.35,SAME,0.8,3,0.05,0.01,0.45,0.16,8,0.7,10,0.5,,,,,,PRUNED
759,0.1512365838150413,2026-05-10 21:56:26.012485,2026-05-10 21:57:32.338150,0 days 00:01:06.325665,0,NORMAL,0.45,SAME,0.7,2,0.05,0.01,0.45,0.08,12,0.5,10,0.5,,,,,,PRUNED
760,-0.2329895242377603,2026-05-10 21:57:32.361499,2026-05-10 21:58:19.043773,0 days 00:00:46.682274,0,NO_NET_ADD,0.45,ETF_DEFENSIVE,0.8,4,0.03,0.01,0.3,0.12,12,0.6,10,0.8,,,,,,PRUNED
761,0.2647225396456806,2026-05-10 21:58:19.068527,2026-05-10 21:59:11.672447,0 days 00:00:52.603920,0,CAP_LAYER,0.45,SAME,0.8,3,0.05,0.01,0.45,0.08,12,0.5,10,0.65,,,,,,PRUNED
762,-0.38708033586386786,2026-05-10 21:59:11.698630,2026-05-10 22:01:46.211646,0 days 00:02:34.513016,0,CAP_LAYER,0.25,SAME,0.7,4,0.05,0.01,0.45,0.08,12,0.5,10,0.65,-0.056412559980706156,0.1401358200418442,0.6613355517663234,0.19654838002255035,,COMPLETE
763,-9999.0,2026-05-10 22:01:46.254608,2026-05-10 22:01:46.629979,0 days 00:00:00.375371,0,CAP_LAYER,0.35,SAME,0.7,2,0.05,0.01,0.6,0.08,8,0.7,10,0.65,,,,,BEAR_RATIO < NEUTRAL_RATIO < BULL_RATIO 约束违反: 0.35 / 0.7 / 0.7,COMPLETE
764,-0.3831623358084434,2026-05-10 22:01:46.655384,2026-05-10 22:03:02.515803,0 days 00:01:15.860419,0,CAP_LAYER,0.45,SAME,0.7,2,0.05,0.01,0.45,0.12,12,0.6,10,0.65,-0.017815149886476637,0.1608867633391893,0.7306943718439335,0.17870191322566595,,COMPLETE
765,-0.37636051741717,2026-05-10 22:03:02.537713,2026-05-10 22:03:03.120728,0 days 00:00:00.583015,0,CAP_LAYER,0.25,SAME,0.7,2,0.05,0.01,0.45,0.08,12,0.5,10,0.65,-0.05398371481723526,0.14956969749126245,0.6447536051998696,0.20355341230849772,,COMPLETE
766,0.18104392774615252,2026-05-10 22:03:03.144364,2026-05-10 22:03:42.179245,0 days 00:00:39.034881,0,CAP_LAYER,0.45,SAME,0.7,2,0.05,0.01,0.45,0.08,12,0.5,20,0.5,,,,,,PRUNED
767,-0.031495698786941764,2026-05-10 22:03:42.201463,2026-05-10 22:04:21.218196,0 days 00:00:39.016733,0,CAP_LAYER,0.25,ETF_DEFENSIVE,0.7,2,0.05,0.02,0.3,0.16,8,0.5,10,0.65,,,,,,PRUNED
768,-0.08091061079446055,2026-05-10 22:04:21.237430,2026-05-10 22:05:04.559834,0 days 00:00:43.322404,0,NO_NET_ADD,0.45,SAME,0.7,2,0.05,0.01,0.45,0.16,12,0.5,10,0.65,,,,,,PRUNED
769,-0.16207328087108455,2026-05-10 22:05:04.581974,2026-05-10 22:07:51.021624,0 days 00:02:46.439650,2,NORMAL,0.35,ETF_DEFENSIVE,0.9,4,0.03,0.01,0.45,0.08,15,0.6,5,0.5,,,,,,PRUNED
770,-0.3877841360107043,2026-05-10 22:07:51.047620,2026-05-10 22:10:23.271457,0 days 00:02:32.223837,0,CAP_LAYER,0.25,SAME,0.7,2,0.05,0.01,0.45,0.16,12,0.5,10,0.65,-0.057177605602393475,0.11969249222351887,0.6612130608166216,0.17687009782591234,,COMPLETE
771,0.11413862087209384,2026-05-10 22:10:23.306099,2026-05-10 22:10:23.738608,0 days 00:00:00.432509,0,CAP_LAYER,0.45,SAME,0.7,2,0.05,0.01,0.45,0.08,12,0.5,20,0.65,,,,,,PRUNED
772,-0.015900226745706653,2026-05-10 22:10:23.764223,2026-05-10 22:11:18.197941,0 days 00:00:54.433718,2,NO_NET_ADD,0.45,SAME,0.8,2,0.03,0.01,0.3,0.12,8,0.5,10,0.5,,,,,,PRUNED
773,0.17765504461624074,2026-05-10 22:11:18.222716,2026-05-10 22:11:18.548035,0 days 00:00:00.325319,0,CAP_LAYER,0.45,SAME,0.7,2,0.05,0.01,0.45,0.08,12,0.5,10,0.5,,,,,,PRUNED
774,-0.37275978604723914,2026-05-10 22:11:18.568704,2026-05-10 22:12:40.662441,0 days 00:01:22.093737,0,CAP_LAYER,0.45,SAME,0.7,2,0.05,0.01,0.3,0.12,12,0.5,10,0.65,-0.02958548136612141,0.13782805240866444,0.6863486093622354,0.16741353377478585,,COMPLETE
775,-0.2719036737237314,2026-05-10 22:12:40.699993,2026-05-10 22:13:49.264873,0 days 00:01:08.564880,0,NORMAL,0.35,SAME,0.7,4,0.05,0.01,0.3,0.12,15,0.6,10,0.8,,,,,,PRUNED
776,-0.041802214264481746,2026-05-10 22:13:49.291781,2026-05-10 22:14:39.577273,0 days 00:00:50.285492,1,CAP_LAYER,0.45,ETF_DEFENSIVE,0.8,4,0.03,0.02,0.6,0.08,15,0.5,10,0.65,,,,,,PRUNED
777,-0.04396006823360424,2026-05-10 22:14:39.602475,2026-05-10 22:15:30.841026,0 days 00:00:51.238551,2,CAP_LAYER,0.45,SAME,0.7,2,0.05,0.01,0.45,0.08,5,0.5,10,0.65,,,,,,PRUNED
778,0.08216491459007008,2026-05-10 22:15:30.864870,2026-05-10 22:16:23.503034,0 days 00:00:52.638164,0,CAP_LAYER,0.45,SAME,0.7,4,0.05,0.01,0.45,0.08,15,0.5,10,0.65,,,,,,PRUNED
779,-9999.0,2026-05-10 22:16:23.526608,2026-05-10 22:16:23.842839,0 days 00:00:00.316231,0,CAP_LAYER,0.45,SAME,0.7,2,0.05,0.02,0.45,0.08,12,0.7,10,0.65,,,,,BEAR_RATIO < NEUTRAL_RATIO < BULL_RATIO 约束违反: 0.45 / 0.7 / 0.7,COMPLETE
780,-0.011342282952284122,2026-05-10 22:16:23.865406,2026-05-10 22:17:03.066070,0 days 00:00:39.200664,0,NORMAL,0.45,ETF_DEFENSIVE,0.7,3,0.05,0.01,0.45,0.08,8,0.5,10,0.65,,,,,,PRUNED
781,0.23859684459966576,2026-05-10 22:17:03.091159,2026-05-10 22:17:03.557499,0 days 00:00:00.466340,0,NORMAL,0.45,SAME,0.7,2,0.05,0.01,0.45,0.08,12,0.5,10,0.65,,,,,,PRUNED
782,-0.02663571635310888,2026-05-10 22:17:03.578688,2026-05-10 22:20:36.427430,0 days 00:03:32.848742,1,NORMAL,0.45,SAME,0.8,3,0.03,0.01,0.45,0.12,5,0.7,5,0.65,,,,,,PRUNED
783,0.03549374935841859,2026-05-10 22:20:36.453431,2026-05-10 22:21:23.660995,0 days 00:00:47.207564,1,NO_NET_ADD,0.35,SAME,0.8,4,0.05,0.02,0.3,0.12,10,0.7,20,0.5,,,,,,PRUNED
784,0.013431725124508728,2026-05-10 22:21:23.686319,2026-05-10 22:22:22.446342,0 days 00:00:58.760023,1,NORMAL,0.45,ETF_DEFENSIVE,0.9,3,0.05,0.01,0.3,0.12,8,0.5,5,0.65,,,,,,PRUNED
785,0.04833990438636611,2026-05-10 22:22:22.473217,2026-05-10 22:23:08.432794,0 days 00:00:45.959577,0,NO_NET_ADD,0.45,ETF_DEFENSIVE,0.9,2,0.05,0.01,0.45,0.08,12,0.7,10,0.65,,,,,,PRUNED
786,0.05432780214819416,2026-05-10 22:23:08.454215,2026-05-10 22:24:20.976435,0 days 00:01:12.522220,1,CAP_LAYER,0.45,SAME,0.7,2,0.05,0.01,0.45,0.08,15,0.5,10,0.65,,,,,,PRUNED
787,-9999.0,2026-05-10 22:24:21.000245,2026-05-10 22:24:21.300092,0 days 00:00:00.299847,0,NORMAL,0.45,ETF_DEFENSIVE,0.7,2,0.05,0.01,0.45,0.16,12,0.7,10,0.65,,,,,BEAR_RATIO < NEUTRAL_RATIO < BULL_RATIO 约束违反: 0.45 / 0.7 / 0.7,COMPLETE
788,-0.346336822181109,2026-05-10 22:24:21.322126,2026-05-10 22:24:21.890170,0 days 00:00:00.568044,0,CAP_LAYER,0.45,SAME,0.7,2,0.05,0.01,0.6,0.08,12,0.5,10,0.65,-0.01879013081234247,0.14858300362277244,0.655093382737533,0.1673731344351149,,COMPLETE
789,0.2737095828557975,2026-05-10 22:24:21.924091,2026-05-10 22:24:22.296870,0 days 00:00:00.372779,0,CAP_LAYER,0.45,SAME,0.7,2,0.05,0.01,0.45,0.16,12,0.5,10,0.65,,,,,,PRUNED
790,-0.06284389392309256,2026-05-10 22:24:22.322875,2026-05-10 22:25:09.113662,0 days 00:00:46.790787,0,CAP_LAYER,0.45,SAME,0.7,3,0.05,0.01,0.45,0.08,5,0.5,10,0.65,,,,,,PRUNED
791,-0.37566679239747375,2026-05-10 22:25:09.139582,2026-05-10 22:27:49.284707,0 days 00:02:40.145125,0,CAP_LAYER,0.45,SAME,0.8,2,0.05,0.01,0.45,0.08,12,0.7,10,0.65,-0.022585262678540854,0.18434493308874855,0.7061630594378658,0.2069301957672894,,COMPLETE
792,0.25708454010904275,2026-05-10 22:27:49.306980,2026-05-10 22:28:47.702321,0 days 00:00:58.395341,1,CAP_LAYER,0.45,SAME,0.7,2,0.05,0.01,0.45,0.08,10,0.5,10,0.65,,,,,,PRUNED
793,-0.15611146609012955,2026-05-10 22:28:47.727955,2026-05-10 22:32:35.399672,0 days 00:03:47.671717,0,CAP_LAYER,0.45,SAME,0.7,2,0.05,0.01,0.45,0.08,12,0.5,5,0.8,,,,,,PRUNED
794,0.22580875684324725,2026-05-10 22:32:35.422046,2026-05-10 22:33:18.683511,0 days 00:00:43.261465,0,NORMAL,0.45,SAME,0.7,3,0.05,0.01,0.45,0.08,12,0.5,10,0.65,,,,,,PRUNED
795,-0.13784506782235117,2026-05-10 22:33:18.705696,2026-05-10 22:33:19.081917,0 days 00:00:00.376221,0,CAP_LAYER,0.45,SAME,0.7,2,0.05,0.01,0.45,0.08,12,0.5,10,0.8,,,,,,PRUNED
796,0.1141212134303238,2026-05-10 22:33:19.109395,2026-05-10 22:34:03.242578,0 days 00:00:44.133183,0,NO_NET_ADD,0.35,SAME,0.7,2,0.03,0.02,0.3,0.08,10,0.5,20,0.5,,,,,,PRUNED
797,0.047452320714380505,2026-05-10 22:34:03.268844,2026-05-10 22:34:37.484273,0 days 00:00:34.215429,0,NO_NET_ADD,0.35,ETF_DEFENSIVE,0.7,3,0.05,0.01,0.6,0.12,12,0.5,10,0.65,,,,,,PRUNED
798,-0.09221279797409487,2026-05-10 22:34:37.509694,2026-05-10 22:35:15.483534,0 days 00:00:37.973840,2,CAP_LAYER,0.25,ETF_DEFENSIVE,0.7,4,0.05,0.02,0.45,0.08,8,0.5,10,0.5,,,,,,PRUNED
799,-0.11669406551496758,2026-05-10 22:35:15.510909,2026-05-10 22:36:04.694668,0 days 00:00:49.183759,0,CAP_LAYER,0.45,SAME,0.7,2,0.05,0.01,0.45,0.08,5,0.5,10,0.8,,,,,,PRUNED
800,-0.21474561269368792,2026-05-10 22:36:04.719601,2026-05-10 22:37:06.477302,0 days 00:01:01.757701,1,NORMAL,0.45,SAME,0.8,2,0.05,0.02,0.6,0.16,10,0.5,10,0.8,,,,,,PRUNED
801,-0.3320957169813853,2026-05-10 22:37:06.502563,2026-05-10 22:37:39.622825,0 days 00:00:33.120262,1,CAP_LAYER,0.25,ETF_DEFENSIVE,0.7,3,0.05,0.02,0.45,0.08,5,0.5,10,0.65,,,,,,PRUNED
802,-9999.0,2026-05-10 22:37:39.647896,2026-05-10 22:37:39.980810,0 days 00:00:00.332914,2,CAP_LAYER,0.35,SAME,0.7,2,0.05,0.01,0.45,0.08,8,0.7,20,0.8,,,,,BEAR_RATIO < NEUTRAL_RATIO < BULL_RATIO 约束违反: 0.35 / 0.7 / 0.7,COMPLETE
803,0.2698423736186759,2026-05-10 22:37:40.006873,2026-05-10 22:37:40.367128,0 days 00:00:00.360255,0,CAP_LAYER,0.45,SAME,0.7,4,0.05,0.01,0.45,0.08,12,0.5,10,0.65,,,,,,PRUNED
804,-0.048680854207420854,2026-05-10 22:37:40.393347,2026-05-10 22:40:29.373152,0 days 00:02:48.979805,0,NORMAL,0.45,ETF_DEFENSIVE,0.9,3,0.03,0.02,0.45,0.08,15,0.7,5,0.65,,,,,,PRUNED
805,-9999.0,2026-05-10 22:40:29.401106,2026-05-10 22:40:29.714993,0 days 00:00:00.313887,0,NO_NET_ADD,0.45,SAME,0.7,3,0.03,0.02,0.45,0.12,5,0.7,20,0.8,,,,,BEAR_RATIO < NEUTRAL_RATIO < BULL_RATIO 约束违反: 0.45 / 0.7 / 0.7,COMPLETE
806,-0.429344846018774,2026-05-10 22:40:29.753589,2026-05-10 22:41:17.176881,0 days 00:00:47.423292,1,NO_NET_ADD,0.35,SAME,0.8,2,0.05,0.02,0.45,0.12,12,0.6,20,0.8,,,,,,PRUNED
807,0.2690555670616336,2026-05-10 22:41:17.215199,2026-05-10 22:41:17.589006,0 days 00:00:00.373807,0,CAP_LAYER,0.45,SAME,0.8,2,0.05,0.01,0.45,0.08,12,0.5,10,0.65,,,,,,PRUNED
808,-0.1407333860152829,2026-05-10 22:41:17.614543,2026-05-10 22:42:05.434181,0 days 00:00:47.819638,1,CAP_LAYER,0.45,SAME,0.8,2,0.05,0.01,0.45,0.08,5,0.5,10,0.8,,,,,,PRUNED
809,-9999.0,2026-05-10 22:42:05.460254,2026-05-10 22:42:05.781714,0 days 00:00:00.321460,0,NO_NET_ADD,0.45,ETF_DEFENSIVE,0.7,3,0.05,0.01,0.45,0.08,12,0.7,10,0.65,,,,,BEAR_RATIO < NEUTRAL_RATIO < BULL_RATIO 约束违反: 0.45 / 0.7 / 0.7,COMPLETE
810,-0.37636051741717,2026-05-10 22:42:05.806366,2026-05-10 22:44:57.496890,0 days 00:02:51.690524,0,CAP_LAYER,0.25,SAME,0.7,2,0.05,0.02,0.45,0.08,12,0.5,10,0.65,-0.05398371481723526,0.14956969749126245,0.6447536051998696,0.20355341230849772,,COMPLETE
811,-0.17098142298113264,2026-05-10 22:44:57.521204,2026-05-10 22:48:40.276324,0 days 00:03:42.755120,0,CAP_LAYER,0.45,SAME,0.7,2,0.05,0.01,0.45,0.16,10,0.5,5,0.8,,,,,,PRUNED
812,0.04891743758550379,2026-05-10 22:48:40.298759,2026-05-10 22:48:40.615168,0 days 00:00:00.316409,0,NO_NET_ADD,0.45,SAME,0.7,2,0.05,0.01,0.45,0.08,12,0.5,10,0.65,,,,,,PRUNED
813,0.2566517728757442,2026-05-10 22:48:40.636919,2026-05-10 22:48:40.949575,0 days 00:00:00.312656,0,CAP_LAYER,0.35,SAME,0.7,2,0.05,0.01,0.45,0.08,12,0.5,10,0.65,,,,,,PRUNED
814,0.04972462608596466,2026-05-10 22:48:40.969862,2026-05-10 22:49:07.719751,0 days 00:00:26.749889,0,NORMAL,0.25,ETF_DEFENSIVE,0.8,2,0.03,0.01,0.3,0.16,8,0.7,20,0.5,,,,,,PRUNED
815,0.24516682759842273,2026-05-10 22:49:07.745244,2026-05-10 22:49:51.941305,0 days 00:00:44.196061,0,NORMAL,0.35,SAME,0.7,2,0.03,0.01,0.3,0.08,12,0.5,10,0.65,,,,,,PRUNED
816,0.2658620089319707,2026-05-10 22:49:51.963694,2026-05-10 22:50:53.336994,0 days 00:01:01.373300,0,CAP_LAYER,0.45,SAME,0.7,2,0.03,0.01,0.45,0.08,10,0.5,10,0.65,,,,,,PRUNED
817,-0.1939351965542358,2026-05-10 22:50:53.362394,2026-05-10 22:51:41.323085,0 days 00:00:47.960691,0,NO_NET_ADD,0.35,SAME,0.7,4,0.05,0.01,0.45,0.08,5,0.5,10,0.65,,,,,,PRUNED
818,0.10525792834233798,2026-05-10 22:51:41.345888,2026-05-10 22:52:12.926954,0 days 00:00:31.581066,0,CAP_LAYER,0.35,ETF_DEFENSIVE,0.7,2,0.05,0.01,0.45,0.08,12,0.5,10,0.65,,,,,,PRUNED
819,-0.09860764740333308,2026-05-10 22:52:12.952619,2026-05-10 22:52:54.108228,0 days 00:00:41.155609,1,NORMAL,0.45,SAME,0.7,2,0.05,0.01,0.45,0.16,5,0.5,10,0.65,,,,,,PRUNED
820,-9999.0,2026-05-10 22:52:54.134874,2026-05-10 22:52:54.445863,0 days 00:00:00.310989,0,NO_NET_ADD,0.45,ETF_DEFENSIVE,0.7,2,0.03,0.02,0.6,0.16,12,0.7,5,0.5,,,,,BEAR_RATIO < NEUTRAL_RATIO < BULL_RATIO 约束违反: 0.45 / 0.7 / 0.7,COMPLETE
821,0.14259932509711518,2026-05-10 22:52:54.472202,2026-05-10 22:56:36.900373,0 days 00:03:42.428171,0,CAP_LAYER,0.25,SAME,0.7,2,0.05,0.01,0.45,0.08,12,0.5,5,0.65,,,,,,PRUNED
822,-9999.0,2026-05-10 22:56:36.936495,2026-05-10 22:56:37.283001,0 days 00:00:00.346506,0,CAP_LAYER,0.25,SAME,0.7,4,0.05,0.01,0.45,0.12,8,0.7,5,0.8,,,,,BEAR_RATIO < NEUTRAL_RATIO < BULL_RATIO 约束违反: 0.25 / 0.7 / 0.7,COMPLETE
823,-0.012026247798713668,2026-05-10 22:56:37.307405,2026-05-10 22:57:38.218225,0 days 00:01:00.910820,2,NO_NET_ADD,0.25,SAME,0.8,4,0.05,0.02,0.6,0.08,10,0.5,10,0.5,,,,,,PRUNED
824,0.2501276057481162,2026-05-10 22:57:38.239933,2026-05-10 22:57:38.616728,0 days 00:00:00.376795,1,CAP_LAYER,0.45,SAME,0.7,2,0.05,0.01,0.45,0.08,12,0.5,10,0.65,,,,,,PRUNED
825,0.1398530371849204,2026-05-10 22:57:38.641049,2026-05-10 22:58:24.379904,0 days 00:00:45.738855,0,CAP_LAYER,0.25,SAME,0.7,3,0.03,0.01,0.45,0.12,12,0.5,20,0.5,,,,,,PRUNED
826,0.17224283271545418,2026-05-10 22:58:24.403110,2026-05-10 22:59:22.764020,0 days 00:00:58.360910,0,CAP_LAYER,0.45,SAME,0.7,2,0.05,0.01,0.3,0.08,8,0.5,10,0.65,,,,,,PRUNED
827,0.08134152273177936,2026-05-10 22:59:22.785343,2026-05-10 23:00:03.229843,0 days 00:00:40.444500,1,CAP_LAYER,0.35,SAME,0.9,4,0.05,0.01,0.6,0.16,10,0.5,20,0.65,,,,,,PRUNED
828,-0.20283105743186639,2026-05-10 23:00:03.252728,2026-05-10 23:00:50.049308,0 days 00:00:46.796580,2,NORMAL,0.35,ETF_DEFENSIVE,0.9,2,0.05,0.02,0.3,0.16,12,0.5,10,0.8,,,,,,PRUNED
829,-0.11260779154768932,2026-05-10 23:00:50.071574,2026-05-10 23:01:38.895833,0 days 00:00:48.824259,0,CAP_LAYER,0.45,SAME,0.7,2,0.03,0.01,0.45,0.12,12,0.6,10,0.8,,,,,,PRUNED
830,0.10314820646614958,2026-05-10 23:01:38.919621,2026-05-10 23:05:34.597753,0 days 00:03:55.678132,0,NORMAL,0.45,SAME,0.7,2,0.05,0.01,0.45,0.08,12,0.5,5,0.65,,,,,,PRUNED
831,-0.17509686547964215,2026-05-10 23:05:34.625058,2026-05-10 23:06:20.806432,0 days 00:00:46.181374,0,NO_NET_ADD,0.25,ETF_DEFENSIVE,0.8,3,0.03,0.01,0.6,0.16,12,0.5,10,0.5,,,,,,PRUNED
832,0.18718491800570192,2026-05-10 23:06:20.830641,2026-05-10 23:07:13.335235,0 days 00:00:52.504594,0,CAP_LAYER,0.45,SAME,0.7,2,0.05,0.01,0.45,0.12,8,0.5,10,0.65,,,,,,PRUNED
833,-9999.0,2026-05-10 23:07:13.360188,2026-05-10 23:07:13.776170,0 days 00:00:00.415982,0,CAP_LAYER,0.45,ETF_DEFENSIVE,0.7,2,0.05,0.01,0.3,0.12,15,0.7,10,0.65,,,,,BEAR_RATIO < NEUTRAL_RATIO < BULL_RATIO 约束违反: 0.45 / 0.7 / 0.7,COMPLETE
834,-0.346336822181109,2026-05-10 23:07:13.801444,2026-05-10 23:07:14.357912,0 days 00:00:00.556468,0,CAP_LAYER,0.45,SAME,0.7,2,0.05,0.01,0.3,0.08,12,0.5,10,0.65,-0.01879013081234247,0.14858300362277244,0.655093382737533,0.1673731344351149,,COMPLETE
835,0.2698423736186759,2026-05-10 23:07:14.384222,2026-05-10 23:08:12.164397,0 days 00:00:57.780175,0,CAP_LAYER,0.45,SAME,0.7,4,0.05,0.01,0.6,0.08,12,0.5,10,0.65,,,,,,PRUNED
836,-9999.0,2026-05-10 23:08:12.186189,2026-05-10 23:08:12.479105,0 days 00:00:00.292916,0,CAP_LAYER,0.45,SAME,0.7,2,0.05,0.01,0.45,0.08,12,0.7,10,0.5,,,,,BEAR_RATIO < NEUTRAL_RATIO < BULL_RATIO 约束违反: 0.45 / 0.7 / 0.7,COMPLETE
837,0.16359891926441056,2026-05-10 23:08:12.504331,2026-05-10 23:09:00.717912,0 days 00:00:48.213581,0,CAP_LAYER,0.45,SAME,0.7,2,0.05,0.01,0.45,0.12,12,0.5,10,0.5,,,,,,PRUNED
838,0.05836392793940247,2026-05-10 23:09:00.744108,2026-05-10 23:09:30.287370,0 days 00:00:29.543262,0,CAP_LAYER,0.45,ETF_DEFENSIVE,0.7,4,0.05,0.01,0.45,0.08,10,0.5,20,0.65,,,,,,PRUNED
839,0.22297447133711457,2026-05-10 23:09:30.312459,2026-05-10 23:13:07.644811,0 days 00:03:37.332352,0,CAP_LAYER,0.45,SAME,0.7,2,0.05,0.01,0.45,0.08,8,0.5,5,0.65,,,,,,PRUNED
840,-0.11371352068041496,2026-05-10 23:13:07.670325,2026-05-10 23:13:33.093398,0 days 00:00:25.423073,2,CAP_LAYER,0.45,ETF_DEFENSIVE,0.9,3,0.05,0.02,0.6,0.08,8,0.6,20,0.65,,,,,,PRUNED
841,-0.36950129310944024,2026-05-10 23:13:33.113178,2026-05-10 23:13:33.578247,0 days 00:00:00.465069,0,CAP_LAYER,0.45,SAME,0.7,2,0.05,0.01,0.45,0.08,12,0.6,10,0.65,-0.022238277194788054,0.16768886412260414,0.6945260318293044,0.1899271413173922,,COMPLETE
842,-0.0443493802258389,2026-05-10 23:13:33.600523,2026-05-10 23:14:28.824076,0 days 00:00:55.223553,0,CAP_LAYER,0.25,SAME,0.9,4,0.03,0.01,0.45,0.16,15,0.5,20,0.5,,,,,,PRUNED
843,0.17224283271545418,2026-05-10 23:14:28.851817,2026-05-10 23:14:29.258658,0 days 00:00:00.406841,0,CAP_LAYER,0.45,SAME,0.7,2,0.05,0.01,0.45,0.08,8,0.5,10,0.65,,,,,,PRUNED
844,-9999.0,2026-05-10 23:14:29.303823,2026-05-10 23:14:29.660213,0 days 00:00:00.356390,0,CAP_LAYER,0.35,SAME,0.7,3,0.05,0.02,0.45,0.16,5,0.7,20,0.5,,,,,BEAR_RATIO < NEUTRAL_RATIO < BULL_RATIO 约束违反: 0.35 / 0.7 / 0.7,COMPLETE
845,-0.3768516612130329,2026-05-10 23:14:29.683091,2026-05-10 23:17:14.252822,0 days 00:02:44.569731,0,CAP_LAYER,0.45,SAME,0.7,4,0.05,0.01,0.45,0.08,12,0.6,10,0.65,-0.023619524524308218,0.1641345099758544,0.7064642733774493,0.18775403450016262,,COMPLETE
846,-0.1900805959823288,2026-05-10 23:17:14.278534,2026-05-10 23:17:53.240851,0 days 00:00:38.962317,0,CAP_LAYER,0.25,ETF_DEFENSIVE,0.7,2,0.05,0.02,0.3,0.12,15,0.6,20,0.65,,,,,,PRUNED
847,0.2512807499429185,2026-05-10 23:17:53.266736,2026-05-10 23:18:51.836481,0 days 00:00:58.569745,0,NORMAL,0.25,SAME,0.7,2,0.05,0.01,0.45,0.12,10,0.6,10,0.65,,,,,,PRUNED
848,0.11116434001532344,2026-05-10 23:18:51.864417,2026-05-10 23:19:28.010567,0 days 00:00:36.146150,0,CAP_LAYER,0.45,SAME,0.7,2,0.05,0.01,0.45,0.08,12,0.6,20,0.65,,,,,,PRUNED
849,-0.346336822181109,2026-05-10 23:19:28.037079,2026-05-10 23:19:28.586217,0 days 00:00:00.549138,0,CAP_LAYER,0.45,SAME,0.7,2,0.05,0.01,0.45,0.08,12,0.5,10,0.65,-0.01879013081234247,0.14858300362277244,0.655093382737533,0.1673731344351149,,COMPLETE
850,0.1568454709002292,2026-05-10 23:19:28.627511,2026-05-10 23:20:34.452776,0 days 00:01:05.825265,0,CAP_LAYER,0.35,SAME,0.7,2,0.05,0.01,0.45,0.08,12,0.5,10,0.5,,,,,,PRUNED
851,-0.346336822181109,2026-05-10 23:20:34.474887,2026-05-10 23:20:35.034704,0 days 00:00:00.559817,0,CAP_LAYER,0.45,SAME,0.7,2,0.05,0.02,0.45,0.08,12,0.5,10,0.65,-0.01879013081234247,0.14858300362277244,0.655093382737533,0.1673731344351149,,COMPLETE
852,0.014271968007818853,2026-05-10 23:20:35.071699,2026-05-10 23:21:27.320956,0 days 00:00:52.249257,1,NO_NET_ADD,0.25,SAME,0.7,2,0.05,0.01,0.6,0.08,12,0.5,10,0.65,,,,,,PRUNED
853,-0.346336822181109,2026-05-10 23:21:27.346924,2026-05-10 23:21:27.952905,0 days 00:00:00.605981,0,CAP_LAYER,0.45,SAME,0.7,2,0.05,0.01,0.45,0.08,12,0.5,10,0.65,-0.01879013081234247,0.14858300362277244,0.655093382737533,0.1673731344351149,,COMPLETE
854,-0.16583378248487046,2026-05-10 23:21:27.976522,2026-05-10 23:21:58.174324,0 days 00:00:30.197802,2,CAP_LAYER,0.45,ETF_DEFENSIVE,0.8,4,0.03,0.01,0.6,0.16,10,0.6,20,0.8,,,,,,PRUNED
855,-9999.0,2026-05-10 23:21:58.203311,2026-05-10 23:21:58.572806,0 days 00:00:00.369495,0,CAP_LAYER,0.45,SAME,0.7,2,0.05,0.01,0.45,0.08,5,0.7,10,0.65,,,,,BEAR_RATIO < NEUTRAL_RATIO < BULL_RATIO 约束违反: 0.45 / 0.7 / 0.7,COMPLETE
856,-0.15533134455964143,2026-05-10 23:21:58.600116,2026-05-10 23:22:42.498544,0 days 00:00:43.898428,0,NO_NET_ADD,0.25,ETF_DEFENSIVE,0.8,4,0.05,0.01,0.3,0.12,8,0.5,10,0.5,,,,,,PRUNED
857,-0.21016956281682037,2026-05-10 23:22:42.522307,2026-05-10 23:23:14.504535,0 days 00:00:31.982228,0,NO_NET_ADD,0.45,ETF_DEFENSIVE,0.7,3,0.05,0.01,0.3,0.08,12,0.6,20,0.8,,,,,,PRUNED
