number,value,datetime_start,datetime_complete,duration,params_BEAR_GRID_MAX_LAYER_CAP,params_BEAR_GRID_MODE,params_BEAR_RATIO,params_BEAR_UNIVERSE_MODE,params_BULL_RATIO,params_GRID_MAX_LAYER,params_GRID_STEP_MAX,params_GRID_STEP_MIN,params_GRID_STEP_VOL_FACTOR,params_LAYER_FRACTION,params_MAX_HOLD,params_MIN_ANCHORS_IN_POOL,params_NEUTRAL_RATIO,params_REBALANCE_FREQ,params_UNIVERSE_MODE,params_VOL_WEIGHT,user_attrs_avg_test_score,user_attrs_avg_train_score,user_attrs_test_score_std,user_attrs_train_test_gap,user_attrs_validation_error,state
0,-0.6410529359174669,2026-05-13 23:09:07.579634,2026-05-13 23:12:48.873210,0 days 00:03:41.293576,1,NORMAL,0.45,ETF_DEFENSIVE,0.8,2,0.05,0.01,0.3,0.16,8,2,0.5,10,WIDE_V2,0.65,-0.34991847116707514,-0.009322261448188254,0.5822689295007836,0.3405962097188869,,COMPLETE
1,-0.6745068674897018,2026-05-13 23:12:48.895495,2026-05-13 23:18:40.938077,0 days 00:05:52.042582,0,CAP_LAYER,0.25,SAME,0.7,4,0.05,0.01,0.6,0.12,5,2,0.6,5,WIDE_V2,0.65,-0.30878300054583446,0.01204384748082001,0.7314477338877347,0.32082684802665445,,COMPLETE
2,-0.7237813865536653,2026-05-13 23:18:40.963602,2026-05-13 23:19:07.401428,0 days 00:00:26.437826,1,NO_NET_ADD,0.35,ETF_DEFENSIVE,0.8,3,0.05,0.01,0.6,0.16,10,1,0.7,5,ANCHOR_SATELLITE,0.8,-0.6599811120397824,-0.22671376476242844,0.12760054902776582,0.43326734727735394,,COMPLETE
3,-0.6795332566328738,2026-05-13 23:19:07.426940,2026-05-13 23:20:01.843147,0 days 00:00:54.416207,1,NO_NET_ADD,0.25,SAME,0.8,4,0.03,0.02,0.6,0.12,8,1,0.6,20,WIDE_V2,0.65,-0.3679097723027734,-0.06326184470009397,0.6232469686602009,0.30464792760267945,,COMPLETE
4,-0.8101060196786055,2026-05-13 23:20:01.864436,2026-05-13 23:20:25.071602,0 days 00:00:23.207166,0,NORMAL,0.35,SAME,0.9,2,0.05,0.01,0.3,0.08,10,1,0.5,20,ANCHOR_SATELLITE,0.65,-0.7495779289560541,-0.25707511331959365,0.12105618144510281,0.4925028156364605,,COMPLETE
5,-9999.0,2026-05-13 23:20:25.097890,2026-05-13 23:20:25.451382,0 days 00:00:00.353492,1,CAP_LAYER,0.25,SAME,0.7,4,0.03,0.01,0.6,0.08,10,1,0.7,20,ANCHOR_SATELLITE,0.5,,,,,BEAR_RATIO < NEUTRAL_RATIO < BULL_RATIO 约束违反: 0.25 / 0.7 / 0.7,COMPLETE
6,-0.7971907421662383,2026-05-13 23:20:25.478480,2026-05-13 23:20:32.551106,0 days 00:00:07.072626,1,CAP_LAYER,0.35,ETF_DEFENSIVE,0.7,3,0.05,0.02,0.6,0.16,3,2,0.6,10,ANCHOR_SATELLITE,0.65,,,,,,PRUNED
7,-9999.0,2026-05-13 23:20:32.576981,2026-05-13 23:20:32.942794,0 days 00:00:00.365813,0,NO_NET_ADD,0.35,ETF_DEFENSIVE,0.7,2,0.03,0.01,0.45,0.16,10,2,0.7,5,ANCHOR_SATELLITE,0.65,,,,,BEAR_RATIO < NEUTRAL_RATIO < BULL_RATIO 约束违反: 0.35 / 0.7 / 0.7,COMPLETE
8,-0.5848926475578538,2026-05-13 23:20:32.969178,2026-05-13 23:21:13.673830,0 days 00:00:40.704652,1,NO_NET_ADD,0.35,SAME,0.7,2,0.03,0.01,0.45,0.08,8,2,0.6,20,WIDE_V2,0.65,-0.2502221157423696,-0.021090545633538207,0.6693410636309683,0.22913157010883137,,COMPLETE
9,-9999.0,2026-05-13 23:21:13.697197,2026-05-13 23:21:14.031876,0 days 00:00:00.334679,0,CAP_LAYER,0.45,ETF_DEFENSIVE,0.7,4,0.03,0.01,0.6,0.08,3,1,0.7,20,WIDE_V2,0.5,,,,,BEAR_RATIO < NEUTRAL_RATIO < BULL_RATIO 约束违反: 0.45 / 0.7 / 0.7,COMPLETE
10,-0.42075203402422134,2026-05-13 23:21:14.053836,2026-05-13 23:21:48.317079,0 days 00:00:34.263243,1,NO_NET_ADD,0.35,SAME,0.7,2,0.03,0.01,0.45,0.08,5,2,0.6,20,WIDE_V2,0.65,,,,,,PRUNED
11,-0.542261877807084,2026-05-13 23:21:48.341786,2026-05-13 23:23:31.029554,0 days 00:01:42.687768,1,NORMAL,0.45,ETF_DEFENSIVE,0.8,2,0.05,0.01,0.3,0.16,5,2,0.5,10,WIDE_V2,0.5,-0.20036434692310023,0.04304408173939121,0.6837950617679674,0.24340842866249146,,COMPLETE
12,-0.5549730962520887,2026-05-13 23:23:31.059288,2026-05-13 23:23:58.356145,0 days 00:00:27.296857,0,NORMAL,0.45,ETF_DEFENSIVE,0.8,2,0.05,0.02,0.3,0.16,5,2,0.5,20,WIDE_V2,0.5,-0.2717335582471815,0.07371248745209735,0.5664790760098143,0.34544604569927884,,COMPLETE
13,-0.4799897745105751,2026-05-13 23:23:58.380871,2026-05-13 23:24:07.788413,0 days 00:00:09.407542,0,NORMAL,0.45,ETF_DEFENSIVE,0.8,2,0.05,0.02,0.3,0.16,5,2,0.5,20,ANCHOR_SATELLITE,0.5,,,,,,PRUNED
14,-0.52501433949983,2026-05-13 23:24:07.812139,2026-05-13 23:24:49.974025,0 days 00:00:42.161886,1,NORMAL,0.45,ETF_DEFENSIVE,0.8,2,0.03,0.02,0.3,0.08,5,2,0.5,10,WIDE_V2,0.5,-0.18513599343072737,0.07548182048563772,0.6797566921382052,0.26061781391636507,,COMPLETE
15,-0.1809986210767214,2026-05-13 23:24:49.996639,2026-05-13 23:25:22.046768,0 days 00:00:32.050129,1,NORMAL,0.45,ETF_DEFENSIVE,0.8,4,0.03,0.02,0.3,0.08,3,2,0.5,10,WIDE_V2,0.5,,,,,,PRUNED
16,-0.5989864675463953,2026-05-13 23:25:22.071264,2026-05-13 23:26:02.121737,0 days 00:00:40.050473,1,NO_NET_ADD,0.25,ETF_DEFENSIVE,0.9,2,0.03,0.01,0.3,0.08,5,2,0.5,10,WIDE_V2,0.5,-0.2395494431201654,0.09420247312833539,0.7188740488524598,0.3337519162485008,,COMPLETE
17,-0.42234930198752973,2026-05-13 23:26:02.161233,2026-05-13 23:26:09.253970,0 days 00:00:07.092737,1,NORMAL,0.45,ETF_DEFENSIVE,0.7,3,0.05,0.01,0.3,0.08,5,2,0.5,10,ANCHOR_SATELLITE,0.5,,,,,,PRUNED
18,-0.5553428551227249,2026-05-13 23:26:09.278810,2026-05-13 23:26:53.930748,0 days 00:00:44.651938,1,CAP_LAYER,0.45,ETF_DEFENSIVE,0.8,3,0.05,0.01,0.3,0.16,5,1,0.5,10,WIDE_V2,0.5,-0.2074390827366291,0.015545062076129641,0.6958075447721916,0.22298414481275872,,COMPLETE
19,-0.546441785494363,2026-05-13 23:26:53.953868,2026-05-13 23:27:33.643977,0 days 00:00:39.690109,1,NORMAL,0.45,ETF_DEFENSIVE,0.8,2,0.03,0.01,0.45,0.12,5,1,0.5,10,WIDE_V2,0.5,-0.20074698656185389,0.050367817201087114,0.6913895978650181,0.251114803762941,,COMPLETE
20,-0.27057171582757866,2026-05-13 23:27:33.666441,2026-05-13 23:28:08.533318,0 days 00:00:34.866877,1,NORMAL,0.45,ETF_DEFENSIVE,0.8,2,0.03,0.02,0.3,0.16,5,2,0.5,10,WIDE_V2,0.8,,,,,,PRUNED
21,-0.546441785494363,2026-05-13 23:28:08.556318,2026-05-13 23:28:09.116730,0 days 00:00:00.560412,1,NORMAL,0.45,ETF_DEFENSIVE,0.8,2,0.03,0.01,0.45,0.12,5,1,0.5,10,WIDE_V2,0.5,-0.20074698656185389,0.050367817201087114,0.6913895978650181,0.251114803762941,,COMPLETE
22,-0.5341084976221846,2026-05-13 23:28:09.144783,2026-05-13 23:30:39.347931,0 days 00:02:30.203148,1,NORMAL,0.45,SAME,0.8,2,0.05,0.01,0.3,0.16,5,2,0.7,10,WIDE_V2,0.5,-0.1338046042947265,0.10364640822743006,0.8006077866549162,0.23745101252215656,,COMPLETE
23,-9999.0,2026-05-13 23:30:39.370172,2026-05-13 23:30:39.708802,0 days 00:00:00.338630,1,NORMAL,0.25,SAME,0.7,2,0.05,0.01,0.3,0.16,4,2,0.7,10,WIDE_V2,0.5,,,,,BEAR_RATIO < NEUTRAL_RATIO < BULL_RATIO 约束违反: 0.25 / 0.7 / 0.7,COMPLETE
24,-0.5775971900612626,2026-05-13 23:30:39.732355,2026-05-13 23:35:25.852595,0 days 00:04:46.120240,1,NORMAL,0.45,SAME,0.8,4,0.05,0.01,0.3,0.16,5,2,0.7,5,WIDE_V2,0.5,-0.20394311901094894,-0.027744427753357344,0.7473081421006275,0.1761986912575916,,COMPLETE
25,-0.06680980271030457,2026-05-13 23:35:25.873637,2026-05-13 23:35:55.523769,0 days 00:00:29.650132,1,NORMAL,0.35,SAME,0.8,2,0.05,0.01,0.3,0.16,3,2,0.5,20,WIDE_V2,0.5,,,,,,PRUNED
26,-0.47731404382997694,2026-05-13 23:35:55.545422,2026-05-13 23:38:07.095140,0 days 00:02:11.549718,1,NORMAL,0.45,SAME,0.8,2,0.03,0.01,0.3,0.08,5,2,0.5,5,WIDE_V2,0.5,-0.11857543771352279,0.05850678261875053,0.7174772122329083,0.17708222033227333,,COMPLETE
27,0.08776131309760257,2026-05-13 23:38:07.118481,2026-05-13 23:39:03.145297,0 days 00:00:56.026816,1,NO_NET_ADD,0.45,ETF_DEFENSIVE,0.7,2,0.03,0.02,0.3,0.08,5,2,0.6,5,WIDE_V2,0.5,,,,,,PRUNED
28,0.06869059376704631,2026-05-13 23:39:03.172073,2026-05-13 23:40:35.389167,0 days 00:01:32.217094,0,NORMAL,0.35,SAME,0.8,2,0.03,0.01,0.3,0.08,10,2,0.5,5,WIDE_V2,0.5,,,,,,PRUNED
29,-0.5556201698810451,2026-05-13 23:40:35.415337,2026-05-13 23:40:55.783489,0 days 00:00:20.368152,1,NORMAL,0.45,SAME,0.8,2,0.03,0.01,0.3,0.08,8,2,0.5,20,ANCHOR_SATELLITE,0.5,,,,,,PRUNED
30,-0.6214255185902038,2026-05-13 23:40:55.809206,2026-05-13 23:44:45.866199,0 days 00:03:50.056993,1,NORMAL,0.45,SAME,0.8,2,0.03,0.01,0.45,0.08,5,2,0.5,5,WIDE_V2,0.8,-0.2088938091214884,0.07653051008184622,0.8250634189374307,0.2854243192033346,,COMPLETE
31,-0.5339878179589292,2026-05-13 23:44:45.893737,2026-05-13 23:46:11.991598,0 days 00:01:26.097861,1,NORMAL,0.45,SAME,0.8,2,0.05,0.02,0.45,0.16,5,2,0.7,10,WIDE_V2,0.5,-0.13372660948833257,0.10364100790594903,0.8005224169411933,0.23736761739428158,,COMPLETE
32,-0.5433046098532035,2026-05-13 23:46:12.017665,2026-05-13 23:47:24.098456,0 days 00:01:12.080791,1,NORMAL,0.45,SAME,0.9,2,0.05,0.02,0.45,0.16,5,2,0.7,10,WIDE_V2,0.5,-0.1319098505898701,0.11464330408994096,0.8227895185266668,0.24655315467981104,,COMPLETE
33,-0.5371430349530388,2026-05-13 23:47:24.122544,2026-05-13 23:48:33.313533,0 days 00:01:09.190989,1,NORMAL,0.45,SAME,0.8,2,0.03,0.01,0.3,0.12,5,2,0.7,10,WIDE_V2,0.5,-0.13957969264357575,0.10681357219562652,0.7951266846189261,0.24639326483920226,,COMPLETE
34,-0.45756154033646224,2026-05-13 23:48:33.338421,2026-05-13 23:50:47.586424,0 days 00:02:14.248003,1,CAP_LAYER,0.45,SAME,0.7,2,0.03,0.01,0.3,0.08,5,2,0.5,5,WIDE_V2,0.5,-0.10062055895350795,0.06077579629534386,0.7138819627659085,0.16139635524885182,,COMPLETE
35,0.11201822032690742,2026-05-13 23:50:47.610340,2026-05-13 23:52:14.542147,0 days 00:01:26.931807,1,NO_NET_ADD,0.45,SAME,0.7,2,0.05,0.01,0.3,0.08,5,2,0.5,5,WIDE_V2,0.65,,,,,,PRUNED
36,-0.34292046180355085,2026-05-13 23:52:14.567803,2026-05-13 23:54:34.177101,0 days 00:02:19.609298,1,CAP_LAYER,0.45,SAME,0.7,2,0.03,0.01,0.3,0.16,3,2,0.5,5,WIDE_V2,0.5,-0.07580467428504908,-0.04360953505856683,0.5342315750370036,0.032195139226482254,,COMPLETE
37,-0.45380887175716494,2026-05-13 23:54:34.198600,2026-05-13 23:56:47.361438,0 days 00:02:13.162838,0,CAP_LAYER,0.45,SAME,0.7,2,0.03,0.01,0.3,0.08,5,2,0.5,5,WIDE_V2,0.5,-0.09043541636360304,0.06726862257461694,0.7267469107871238,0.15770403893822,,COMPLETE
38,-9999.0,2026-05-13 23:56:47.386481,2026-05-13 23:56:47.767862,0 days 00:00:00.381381,0,CAP_LAYER,0.45,SAME,0.7,2,0.03,0.01,0.3,0.08,5,2,0.7,5,ANCHOR_SATELLITE,0.5,,,,,BEAR_RATIO < NEUTRAL_RATIO < BULL_RATIO 约束违反: 0.45 / 0.7 / 0.7,COMPLETE
39,-0.33208002362227534,2026-05-13 23:56:47.792535,2026-05-13 23:59:02.771296,0 days 00:02:14.978761,1,CAP_LAYER,0.45,SAME,0.7,2,0.03,0.01,0.3,0.12,3,2,0.5,5,WIDE_V2,0.5,-0.06307100427019345,-0.026433502097220795,0.5380180387041638,0.03663750217297265,,COMPLETE
40,-0.3670532374552245,2026-05-13 23:59:02.798663,2026-05-14 00:01:14.373705,0 days 00:02:11.575042,1,CAP_LAYER,0.45,SAME,0.7,2,0.03,0.01,0.3,0.12,3,2,0.6,5,WIDE_V2,0.5,-0.0824633846655028,-0.01389123393446197,0.5691797055794434,0.06857215073104084,,COMPLETE
41,-0.33208002362227534,2026-05-14 00:01:14.399060,2026-05-14 00:01:15.001715,0 days 00:00:00.602655,1,CAP_LAYER,0.45,SAME,0.7,2,0.03,0.01,0.3,0.12,3,2,0.5,5,WIDE_V2,0.5,-0.06307100427019345,-0.026433502097220795,0.5380180387041638,0.03663750217297265,,COMPLETE
42,0.14074274473394974,2026-05-14 00:01:15.026230,2026-05-14 00:02:35.791645,0 days 00:01:20.765415,1,CAP_LAYER,0.45,SAME,0.7,2,0.03,0.01,0.3,0.12,3,2,0.6,5,WIDE_V2,0.8,,,,,,PRUNED
43,-0.31605091683366315,2026-05-14 00:02:35.814756,2026-05-14 00:04:46.587266,0 days 00:02:10.772510,0,CAP_LAYER,0.45,SAME,0.7,2,0.03,0.01,0.6,0.12,3,2,0.5,5,WIDE_V2,0.5,-0.04781335681448906,-0.017993193791458337,0.5364751200383482,0.029820163023030723,,COMPLETE
44,0.16602665744332995,2026-05-14 00:04:46.612702,2026-05-14 00:06:26.532122,0 days 00:01:39.919420,1,CAP_LAYER,0.45,SAME,0.9,3,0.03,0.01,0.3,0.12,3,2,0.5,5,WIDE_V2,0.5,,,,,,PRUNED
45,-0.3364910647092562,2026-05-14 00:06:26.559898,2026-05-14 00:08:39.228493,0 days 00:02:12.668595,0,CAP_LAYER,0.45,SAME,0.7,4,0.03,0.01,0.6,0.12,3,2,0.5,5,WIDE_V2,0.5,-0.07923544236911266,-0.058894328369012226,0.5145112446802871,0.020341114000100434,,COMPLETE
46,0.1506254059661285,2026-05-14 00:08:39.254829,2026-05-14 00:09:18.619245,0 days 00:00:39.364416,0,CAP_LAYER,0.45,SAME,0.7,2,0.03,0.01,0.45,0.12,3,2,0.5,10,WIDE_V2,0.5,,,,,,PRUNED
47,-0.3679209438865948,2026-05-14 00:09:18.646448,2026-05-14 00:09:30.087694,0 days 00:00:11.441246,0,CAP_LAYER,0.45,SAME,0.7,4,0.03,0.01,0.6,0.08,3,2,0.5,5,ANCHOR_SATELLITE,0.5,,,,,,PRUNED
48,0.1620645546108947,2026-05-14 00:09:30.110325,2026-05-14 00:10:45.393827,0 days 00:01:15.283502,1,CAP_LAYER,0.35,SAME,0.7,2,0.03,0.01,0.6,0.16,3,2,0.5,5,WIDE_V2,0.5,,,,,,PRUNED
49,0.17522091930763067,2026-05-14 00:10:45.417456,2026-05-14 00:11:59.930268,0 days 00:01:14.512812,0,CAP_LAYER,0.45,SAME,0.8,4,0.03,0.01,0.6,0.12,3,2,0.5,5,WIDE_V2,0.5,,,,,,PRUNED
50,0.13202072967087108,2026-05-14 00:11:59.956120,2026-05-14 00:13:21.373552,0 days 00:01:21.417432,0,CAP_LAYER,0.45,SAME,0.7,3,0.03,0.01,0.6,0.12,3,2,0.5,5,WIDE_V2,0.8,,,,,,PRUNED
51,-0.31605091683366315,2026-05-14 00:13:21.397465,2026-05-14 00:15:32.468880,0 days 00:02:11.071415,0,CAP_LAYER,0.45,SAME,0.7,2,0.03,0.01,0.6,0.12,3,1,0.5,5,WIDE_V2,0.5,-0.04781335681448906,-0.017993193791458337,0.5364751200383482,0.029820163023030723,,COMPLETE
52,-0.31605091683366315,2026-05-14 00:15:32.493177,2026-05-14 00:15:33.079948,0 days 00:00:00.586771,0,CAP_LAYER,0.45,SAME,0.7,2,0.03,0.01,0.6,0.12,3,1,0.5,5,WIDE_V2,0.5,-0.04781335681448906,-0.017993193791458337,0.5364751200383482,0.029820163023030723,,COMPLETE
53,-0.4022358980258101,2026-05-14 00:15:33.105214,2026-05-14 00:17:54.171031,0 days 00:02:21.065817,0,NORMAL,0.45,SAME,0.7,2,0.03,0.01,0.6,0.12,4,1,0.5,5,WIDE_V2,0.5,-0.06595935355920902,0.11743447521957426,0.6725530889332022,0.1833938287787833,,COMPLETE
54,-0.15812859222888392,2026-05-14 00:17:54.199530,2026-05-14 00:18:25.164006,0 days 00:00:30.964476,0,CAP_LAYER,0.45,ETF_DEFENSIVE,0.7,2,0.03,0.01,0.6,0.12,3,1,0.5,10,WIDE_V2,0.65,,,,,,PRUNED
55,-0.4715097098061242,2026-05-14 00:18:25.190360,2026-05-14 00:19:54.370818,0 days 00:01:29.180458,0,CAP_LAYER,0.45,SAME,0.7,2,0.03,0.01,0.6,0.16,6,1,0.5,10,WIDE_V2,0.5,-0.08231424964874856,0.05590530325825173,0.7783909203147513,0.13821955290700028,,COMPLETE
56,-0.3613101416445892,2026-05-14 00:19:54.393714,2026-05-14 00:20:05.930754,0 days 00:00:11.537040,0,CAP_LAYER,0.45,SAME,0.7,2,0.05,0.01,0.6,0.12,3,1,0.5,5,ANCHOR_SATELLITE,0.5,,,,,,PRUNED
57,0.16114439090260452,2026-05-14 00:20:05.958058,2026-05-14 00:23:16.738357,0 days 00:03:10.780299,0,CAP_LAYER,0.25,SAME,0.7,2,0.03,0.01,0.6,0.12,3,1,0.6,5,WIDE_V2,0.5,,,,,,PRUNED
58,-0.31605091683366315,2026-05-14 00:23:16.762999,2026-05-14 00:26:01.465357,0 days 00:02:44.702358,0,CAP_LAYER,0.45,SAME,0.7,2,0.03,0.01,0.3,0.12,3,1,0.5,5,WIDE_V2,0.5,-0.04781335681448906,-0.017993193791458337,0.5364751200383482,0.029820163023030723,,COMPLETE
59,-0.31605091683366315,2026-05-14 00:26:01.487687,2026-05-14 00:26:02.074452,0 days 00:00:00.586765,0,CAP_LAYER,0.45,SAME,0.7,2,0.03,0.01,0.3,0.12,3,1,0.5,5,WIDE_V2,0.5,-0.04781335681448906,-0.017993193791458337,0.5364751200383482,0.029820163023030723,,COMPLETE
60,-0.03058283629232919,2026-05-14 00:26:02.096387,2026-05-14 00:26:26.395188,0 days 00:00:24.298801,0,CAP_LAYER,0.45,SAME,0.9,2,0.03,0.02,0.3,0.12,3,1,0.5,20,WIDE_V2,0.5,,,,,,PRUNED
61,0.060319383577131354,2026-05-14 00:26:26.417744,2026-05-14 00:27:23.364613,0 days 00:00:56.946869,0,CAP_LAYER,0.45,ETF_DEFENSIVE,0.7,2,0.03,0.01,0.45,0.08,3,1,0.5,5,WIDE_V2,0.5,,,,,,PRUNED
62,0.12497523569822447,2026-05-14 00:27:23.391636,2026-05-14 00:28:58.498389,0 days 00:01:35.106753,0,CAP_LAYER,0.45,SAME,0.7,2,0.03,0.01,0.3,0.12,10,1,0.5,5,WIDE_V2,0.65,,,,,,PRUNED
63,0.17788752372415348,2026-05-14 00:28:58.521717,2026-05-14 00:30:13.688064,0 days 00:01:15.166347,0,CAP_LAYER,0.45,SAME,0.7,4,0.03,0.02,0.3,0.12,3,1,0.6,5,WIDE_V2,0.5,,,,,,PRUNED
64,-9999.0,2026-05-14 00:30:13.711756,2026-05-14 00:30:14.099376,0 days 00:00:00.387620,0,NO_NET_ADD,0.45,SAME,0.7,2,0.03,0.01,0.3,0.12,5,1,0.7,5,WIDE_V2,0.5,,,,,BEAR_RATIO < NEUTRAL_RATIO < BULL_RATIO 约束违反: 0.45 / 0.7 / 0.7,COMPLETE
65,-0.31605091683366315,2026-05-14 00:30:14.124828,2026-05-14 00:32:30.888194,0 days 00:02:16.763366,0,CAP_LAYER,0.45,SAME,0.7,2,0.03,0.02,0.6,0.12,3,1,0.5,5,WIDE_V2,0.5,-0.04781335681448906,-0.017993193791458337,0.5364751200383482,0.029820163023030723,,COMPLETE
66,-0.42831131900780317,2026-05-14 00:32:30.912321,2026-05-14 00:34:44.564277,0 days 00:02:13.651956,0,NO_NET_ADD,0.45,SAME,0.7,2,0.03,0.02,0.6,0.12,3,1,0.5,5,WIDE_V2,0.65,-0.08848618389406028,0.012581026350592907,0.6796502702274858,0.10106721024465319,,COMPLETE
67,-0.31605091683366315,2026-05-14 00:34:44.586520,2026-05-14 00:34:45.056447,0 days 00:00:00.469927,0,CAP_LAYER,0.45,SAME,0.7,2,0.03,0.01,0.6,0.12,3,1,0.5,5,WIDE_V2,0.5,-0.04781335681448906,-0.017993193791458337,0.5364751200383482,0.029820163023030723,,COMPLETE
68,-0.45451335012938543,2026-05-14 00:34:45.076295,2026-05-14 00:37:15.177516,0 days 00:02:30.101221,1,CAP_LAYER,0.45,SAME,0.7,2,0.03,0.02,0.6,0.12,5,1,0.5,5,WIDE_V2,0.5,-0.09442418055358116,0.03720437922114604,0.7201783391516086,0.1316285597747272,,COMPLETE
69,0.0011975743607967396,2026-05-14 00:37:15.202146,2026-05-14 00:38:10.200585,0 days 00:00:54.998439,0,CAP_LAYER,0.35,ETF_DEFENSIVE,0.7,2,0.03,0.02,0.3,0.12,3,1,0.5,5,WIDE_V2,0.5,,,,,,PRUNED
70,0.15677363496302815,2026-05-14 00:38:10.227295,2026-05-14 00:39:26.651373,0 days 00:01:16.424078,0,CAP_LAYER,0.25,SAME,0.7,2,0.03,0.02,0.6,0.16,3,1,0.5,5,WIDE_V2,0.5,,,,,,PRUNED
71,-0.006249507618309537,2026-05-14 00:39:26.674573,2026-05-14 00:40:19.128340,0 days 00:00:52.453767,0,NO_NET_ADD,0.35,ETF_DEFENSIVE,0.7,2,0.03,0.01,0.6,0.12,3,2,0.5,5,WIDE_V2,0.5,,,,,,PRUNED
72,-0.31605091683366315,2026-05-14 00:40:19.152271,2026-05-14 00:40:19.757353,0 days 00:00:00.605082,0,CAP_LAYER,0.45,SAME,0.7,2,0.03,0.01,0.3,0.12,3,1,0.5,5,WIDE_V2,0.5,-0.04781335681448906,-0.017993193791458337,0.5364751200383482,0.029820163023030723,,COMPLETE
73,0.20506801188399862,2026-05-14 00:40:19.781881,2026-05-14 00:41:35.583044,0 days 00:01:15.801163,0,NO_NET_ADD,0.45,SAME,0.7,4,0.05,0.01,0.3,0.12,3,1,0.5,5,WIDE_V2,0.5,,,,,,PRUNED
74,-0.03169413910195332,2026-05-14 00:41:35.607051,2026-05-14 00:41:59.772992,0 days 00:00:24.165941,0,CAP_LAYER,0.45,SAME,0.7,2,0.03,0.01,0.6,0.12,3,1,0.5,20,WIDE_V2,0.5,,,,,,PRUNED
75,0.19761153669716314,2026-05-14 00:41:59.797592,2026-05-14 00:43:16.414063,0 days 00:01:16.616471,0,CAP_LAYER,0.35,SAME,0.8,2,0.03,0.01,0.3,0.12,3,1,0.5,5,WIDE_V2,0.5,,,,,,PRUNED
76,0.20719633298727433,2026-05-14 00:43:16.436585,2026-05-14 00:44:36.363119,0 days 00:01:19.926534,0,CAP_LAYER,0.45,SAME,0.7,3,0.03,0.01,0.3,0.12,3,1,0.5,5,WIDE_V2,0.5,,,,,,PRUNED
77,-0.43817106899904773,2026-05-14 00:44:36.389978,2026-05-14 00:44:45.329343,0 days 00:00:08.939365,0,CAP_LAYER,0.45,SAME,0.7,2,0.03,0.01,0.3,0.12,3,1,0.5,10,ANCHOR_SATELLITE,0.5,,,,,,PRUNED
78,-9999.0,2026-05-14 00:44:45.353113,2026-05-14 00:44:45.735177,0 days 00:00:00.382064,0,CAP_LAYER,0.45,SAME,0.7,2,0.05,0.02,0.6,0.12,8,1,0.7,5,WIDE_V2,0.5,,,,,BEAR_RATIO < NEUTRAL_RATIO < BULL_RATIO 约束违反: 0.45 / 0.7 / 0.7,COMPLETE
79,-0.5436071161143593,2026-05-14 00:44:45.758316,2026-05-14 00:47:11.375708,0 days 00:02:25.617392,0,CAP_LAYER,0.35,SAME,0.7,2,0.05,0.01,0.6,0.12,6,2,0.5,5,WIDE_V2,0.5,-0.15343412662203873,0.03683973363310422,0.7803459789846411,0.19027386025514295,,COMPLETE
80,0.14061921736808508,2026-05-14 00:47:11.401640,2026-05-14 00:48:28.007875,0 days 00:01:16.606235,0,NORMAL,0.25,SAME,0.7,2,0.03,0.01,0.3,0.12,3,1,0.5,5,WIDE_V2,0.5,,,,,,PRUNED
81,0.19509387615704055,2026-05-14 00:48:28.032739,2026-05-14 00:49:47.398215,0 days 00:01:19.365476,0,CAP_LAYER,0.45,SAME,0.9,2,0.03,0.01,0.3,0.16,3,1,0.5,5,WIDE_V2,0.5,,,,,,PRUNED
82,-9999.0,2026-05-14 00:49:47.423715,2026-05-14 00:49:47.807673,0 days 00:00:00.383958,0,CAP_LAYER,0.45,SAME,0.7,2,0.03,0.01,0.3,0.12,3,1,0.7,5,WIDE_V2,0.5,,,,,BEAR_RATIO < NEUTRAL_RATIO < BULL_RATIO 约束违反: 0.45 / 0.7 / 0.7,COMPLETE
83,0.2216963336242472,2026-05-14 00:49:47.831710,2026-05-14 00:51:03.730510,0 days 00:01:15.898800,0,CAP_LAYER,0.45,SAME,0.8,2,0.03,0.02,0.6,0.12,3,1,0.5,5,WIDE_V2,0.5,,,,,,PRUNED
84,-0.4667588834884514,2026-05-14 00:51:03.757852,2026-05-14 00:51:19.927338,0 days 00:00:16.169486,0,CAP_LAYER,0.45,SAME,0.7,2,0.03,0.02,0.6,0.12,8,1,0.5,5,ANCHOR_SATELLITE,0.5,,,,,,PRUNED
85,0.13888864584432534,2026-05-14 00:51:19.952091,2026-05-14 00:52:45.663035,0 days 00:01:25.710944,0,CAP_LAYER,0.45,SAME,0.7,2,0.03,0.01,0.6,0.12,5,1,0.5,5,WIDE_V2,0.8,,,,,,PRUNED
86,-0.5937721409005412,2026-05-14 00:52:45.690042,2026-05-14 00:55:04.969454,0 days 00:02:19.279412,0,NO_NET_ADD,0.45,SAME,0.9,2,0.03,0.01,0.6,0.12,6,1,0.5,5,WIDE_V2,0.5,-0.2204650149746925,0.02484212676453536,0.7466142518516975,0.24530714173922788,,COMPLETE
87,-9999.0,2026-05-14 00:55:04.995327,2026-05-14 00:55:05.373004,0 days 00:00:00.377677,0,CAP_LAYER,0.45,ETF_DEFENSIVE,0.7,2,0.03,0.01,0.6,0.16,3,1,0.7,5,WIDE_V2,0.5,,,,,BEAR_RATIO < NEUTRAL_RATIO < BULL_RATIO 约束违反: 0.45 / 0.7 / 0.7,COMPLETE
88,0.11748188241755488,2026-05-14 00:55:05.399100,2026-05-14 00:56:24.560925,0 days 00:01:19.161825,1,NO_NET_ADD,0.45,SAME,0.7,3,0.03,0.01,0.6,0.12,3,1,0.5,5,WIDE_V2,0.5,,,,,,PRUNED
89,0.1792098955805274,2026-05-14 00:56:24.586641,2026-05-14 00:57:39.596719,0 days 00:01:15.010078,0,NO_NET_ADD,0.45,SAME,0.7,2,0.03,0.01,0.45,0.12,3,1,0.5,5,WIDE_V2,0.5,,,,,,PRUNED
90,0.1441994199199963,2026-05-14 00:57:39.622411,2026-05-14 00:58:56.283671,0 days 00:01:16.661260,0,NO_NET_ADD,0.45,SAME,0.7,2,0.03,0.01,0.6,0.16,3,2,0.5,5,WIDE_V2,0.5,,,,,,PRUNED
91,0.1433211901973205,2026-05-14 00:58:56.311752,2026-05-14 01:00:31.257163,0 days 00:01:34.945411,0,CAP_LAYER,0.45,SAME,0.7,2,0.03,0.01,0.6,0.08,10,1,0.5,5,WIDE_V2,0.5,,,,,,PRUNED
92,-0.37370166333671867,2026-05-14 01:00:31.283390,2026-05-14 01:02:55.936242,0 days 00:02:24.652852,1,CAP_LAYER,0.45,SAME,0.7,2,0.03,0.01,0.45,0.12,4,2,0.5,5,WIDE_V2,0.5,-0.04162047348699132,0.12297398056032519,0.6641623796994547,0.1645944540473165,,COMPLETE
93,0.228931497087602,2026-05-14 01:02:55.960798,2026-05-14 01:04:26.519539,0 days 00:01:30.558741,0,CAP_LAYER,0.45,SAME,0.7,2,0.03,0.01,0.6,0.12,8,2,0.5,5,WIDE_V2,0.5,,,,,,PRUNED
94,0.040577850299539114,2026-05-14 01:04:26.543780,2026-05-14 01:05:44.619138,0 days 00:01:18.075358,1,CAP_LAYER,0.25,SAME,0.7,2,0.03,0.01,0.3,0.12,10,2,0.5,5,WIDE_V2,0.5,,,,,,PRUNED
95,0.20219210174997804,2026-05-14 01:05:44.646653,2026-05-14 01:07:09.449678,0 days 00:01:24.803025,1,CAP_LAYER,0.45,SAME,0.7,4,0.03,0.01,0.3,0.12,3,2,0.5,5,WIDE_V2,0.65,,,,,,PRUNED
96,0.19813380999995128,2026-05-14 01:07:09.474440,2026-05-14 01:08:27.422582,0 days 00:01:17.948142,1,CAP_LAYER,0.45,SAME,0.8,2,0.03,0.02,0.3,0.12,3,2,0.5,5,WIDE_V2,0.5,,,,,,PRUNED
97,-9999.0,2026-05-14 01:08:27.448665,2026-05-14 01:08:27.806202,0 days 00:00:00.357537,0,NORMAL,0.45,SAME,0.7,2,0.03,0.02,0.6,0.12,3,1,0.7,5,WIDE_V2,0.5,,,,,BEAR_RATIO < NEUTRAL_RATIO < BULL_RATIO 约束违反: 0.45 / 0.7 / 0.7,COMPLETE
98,-0.31605091683366315,2026-05-14 01:08:27.833907,2026-05-14 01:10:41.147853,0 days 00:02:13.313946,0,CAP_LAYER,0.45,SAME,0.7,2,0.03,0.01,0.3,0.12,3,2,0.5,5,WIDE_V2,0.5,-0.04781335681448906,-0.017993193791458337,0.5364751200383482,0.029820163023030723,,COMPLETE
99,0.11237221172779766,2026-05-14 01:10:41.173115,2026-05-14 01:11:46.317819,0 days 00:01:05.144704,0,CAP_LAYER,0.45,ETF_DEFENSIVE,0.7,4,0.03,0.01,0.6,0.12,6,1,0.5,5,WIDE_V2,0.5,,,,,,PRUNED
100,0.1308844848786164,2026-05-14 01:11:46.338869,2026-05-14 01:12:32.622489,0 days 00:00:46.283620,0,NO_NET_ADD,0.45,SAME,0.8,2,0.03,0.01,0.6,0.12,3,1,0.6,10,WIDE_V2,0.5,,,,,,PRUNED
101,-0.047688896830352656,2026-05-14 01:12:32.649226,2026-05-14 01:12:57.507454,0 days 00:00:24.858228,0,NORMAL,0.45,SAME,0.8,2,0.03,0.01,0.3,0.12,3,2,0.5,20,WIDE_V2,0.5,,,,,,PRUNED
102,-0.37080986285526213,2026-05-14 01:12:57.532277,2026-05-14 01:15:08.366569,0 days 00:02:10.834292,0,CAP_LAYER,0.35,SAME,0.7,2,0.03,0.01,0.6,0.12,3,1,0.5,5,WIDE_V2,0.65,-0.05288212679772781,0.004115475622955841,0.6358554721150687,0.05699760242068365,,COMPLETE
103,-0.5168582403067271,2026-05-14 01:15:08.392164,2026-05-14 01:17:30.277541,0 days 00:02:21.885377,0,CAP_LAYER,0.45,SAME,0.7,2,0.03,0.02,0.3,0.12,6,1,0.5,5,WIDE_V2,0.5,-0.12559370918184184,0.04348610368785912,0.7825290622497705,0.16907981286970097,,COMPLETE
104,0.1571296519268504,2026-05-14 01:17:30.301562,2026-05-14 01:18:10.060660,0 days 00:00:39.759098,0,NO_NET_ADD,0.35,SAME,0.7,2,0.03,0.01,0.3,0.08,3,1,0.5,10,WIDE_V2,0.5,,,,,,PRUNED
105,-0.31605091683366315,2026-05-14 01:18:10.086695,2026-05-14 01:18:10.712083,0 days 00:00:00.625388,0,CAP_LAYER,0.45,SAME,0.7,2,0.03,0.01,0.3,0.12,3,2,0.5,5,WIDE_V2,0.5,-0.04781335681448906,-0.017993193791458337,0.5364751200383482,0.029820163023030723,,COMPLETE
106,0.18370227486052815,2026-05-14 01:18:10.736640,2026-05-14 01:19:33.729848,0 days 00:01:22.993208,0,CAP_LAYER,0.45,SAME,0.7,2,0.03,0.01,0.3,0.08,3,1,0.5,5,WIDE_V2,0.8,,,,,,PRUNED
107,0.21501248244601504,2026-05-14 01:19:33.755756,2026-05-14 01:20:49.483866,0 days 00:01:15.728110,0,CAP_LAYER,0.45,SAME,0.9,2,0.03,0.01,0.3,0.12,3,2,0.5,5,WIDE_V2,0.5,,,,,,PRUNED
108,0.13443284382348797,2026-05-14 01:20:49.507553,2026-05-14 01:21:29.570866,0 days 00:00:40.063313,0,CAP_LAYER,0.45,SAME,0.7,3,0.03,0.02,0.6,0.12,3,1,0.5,10,WIDE_V2,0.5,,,,,,PRUNED
109,0.228931497087602,2026-05-14 01:21:29.594608,2026-05-14 01:22:59.864684,0 days 00:01:30.270076,0,CAP_LAYER,0.45,SAME,0.7,2,0.03,0.01,0.3,0.12,8,1,0.5,5,WIDE_V2,0.5,,,,,,PRUNED
110,-0.31605091683366315,2026-05-14 01:22:59.890102,2026-05-14 01:25:17.645066,0 days 00:02:17.754964,0,CAP_LAYER,0.45,SAME,0.7,2,0.03,0.02,0.3,0.12,3,2,0.5,5,WIDE_V2,0.5,-0.04781335681448906,-0.017993193791458337,0.5364751200383482,0.029820163023030723,,COMPLETE
111,0.03657792754368369,2026-05-14 01:25:17.672341,2026-05-14 01:26:14.865654,0 days 00:00:57.193313,0,CAP_LAYER,0.45,ETF_DEFENSIVE,0.7,2,0.03,0.01,0.3,0.12,3,1,0.5,5,WIDE_V2,0.5,,,,,,PRUNED
112,-0.3568721911257548,2026-05-14 01:26:14.889385,2026-05-14 01:28:31.084248,0 days 00:02:16.194863,0,CAP_LAYER,0.45,SAME,0.7,2,0.03,0.02,0.3,0.12,3,2,0.5,5,WIDE_V2,0.65,-0.0325573100604155,0.02475740427125146,0.6486297621306786,0.05731471433166696,,COMPLETE
113,0.15575395957387,2026-05-14 01:28:31.110814,2026-05-14 01:29:44.848427,0 days 00:01:13.737613,0,NO_NET_ADD,0.35,SAME,0.7,2,0.03,0.02,0.3,0.12,3,2,0.5,5,WIDE_V2,0.5,,,,,,PRUNED
114,-0.31605091683366315,2026-05-14 01:29:44.873088,2026-05-14 01:29:45.493969,0 days 00:00:00.620881,0,CAP_LAYER,0.45,SAME,0.7,2,0.03,0.01,0.6,0.12,3,1,0.5,5,WIDE_V2,0.5,-0.04781335681448906,-0.017993193791458337,0.5364751200383482,0.029820163023030723,,COMPLETE
115,-0.32030519534532653,2026-05-14 01:29:45.520674,2026-05-14 01:32:05.050063,0 days 00:02:19.529389,0,CAP_LAYER,0.45,SAME,0.7,2,0.05,0.01,0.3,0.12,3,2,0.5,5,WIDE_V2,0.5,-0.04966859615236728,-0.014699269250158742,0.5412731983859185,0.03496932690220854,,COMPLETE
116,-0.31605091683366315,2026-05-14 01:32:05.071436,2026-05-14 01:32:05.670494,0 days 00:00:00.599058,0,CAP_LAYER,0.45,SAME,0.7,2,0.03,0.01,0.6,0.12,3,1,0.5,5,WIDE_V2,0.5,-0.04781335681448906,-0.017993193791458337,0.5364751200383482,0.029820163023030723,,COMPLETE
117,-0.31581485712334734,2026-05-14 01:32:05.715870,2026-05-14 01:34:18.973226,0 days 00:02:13.257356,0,CAP_LAYER,0.45,SAME,0.7,2,0.03,0.02,0.3,0.08,3,2,0.5,5,WIDE_V2,0.5,-0.04081441550343596,0.0015564414249567321,0.5500008832398228,0.042370856928392694,,COMPLETE
118,-0.31581485712334734,2026-05-14 01:34:18.997063,2026-05-14 01:34:19.594117,0 days 00:00:00.597054,0,CAP_LAYER,0.45,SAME,0.7,2,0.03,0.02,0.3,0.08,3,2,0.5,5,WIDE_V2,0.5,-0.04081441550343596,0.0015564414249567321,0.5500008832398228,0.042370856928392694,,COMPLETE
119,0.18370227486052815,2026-05-14 01:34:19.620861,2026-05-14 01:35:34.613274,0 days 00:01:14.992413,0,CAP_LAYER,0.45,SAME,0.7,2,0.03,0.02,0.6,0.08,3,2,0.5,5,WIDE_V2,0.8,,,,,,PRUNED
120,0.2249671626961456,2026-05-14 01:35:34.639207,2026-05-14 01:36:51.454525,0 days 00:01:16.815318,0,CAP_LAYER,0.45,SAME,0.7,4,0.03,0.02,0.3,0.08,3,2,0.5,5,WIDE_V2,0.5,,,,,,PRUNED
121,-0.003802515429392528,2026-05-14 01:36:51.479062,2026-05-14 01:37:24.285911,0 days 00:00:32.806849,0,CAP_LAYER,0.45,SAME,0.7,2,0.03,0.02,0.3,0.16,6,2,0.5,20,WIDE_V2,0.5,,,,,,PRUNED
122,0.17210741668826024,2026-05-14 01:37:24.310594,2026-05-14 01:38:09.013762,0 days 00:00:44.703168,0,CAP_LAYER,0.45,SAME,0.7,2,0.03,0.02,0.3,0.08,3,2,0.5,10,WIDE_V2,0.5,,,,,,PRUNED
123,0.21688645515571847,2026-05-14 01:38:09.043230,2026-05-14 01:39:25.878240,0 days 00:01:16.835010,0,CAP_LAYER,0.45,SAME,0.7,2,0.03,0.02,0.3,0.16,3,2,0.5,5,WIDE_V2,0.5,,,,,,PRUNED
124,-0.3892210094515642,2026-05-14 01:39:25.902357,2026-05-14 01:43:21.676199,0 days 00:03:55.773842,0,CAP_LAYER,0.45,SAME,0.7,2,0.03,0.02,0.3,0.08,4,2,0.6,5,WIDE_V2,0.5,-0.028801341192202474,0.16472094775237048,0.7208393365187235,0.19352228894457296,,COMPLETE
125,0.135320016824038,2026-05-14 01:43:21.704952,2026-05-14 01:44:38.287370,0 days 00:01:16.582418,0,CAP_LAYER,0.35,SAME,0.7,2,0.03,0.01,0.3,0.12,3,2,0.5,5,WIDE_V2,0.8,,,,,,PRUNED
126,0.15664319641285537,2026-05-14 01:44:38.312673,2026-05-14 01:45:36.206936,0 days 00:00:57.894263,0,CAP_LAYER,0.45,ETF_DEFENSIVE,0.9,2,0.03,0.02,0.6,0.12,4,1,0.5,5,WIDE_V2,0.5,,,,,,PRUNED
127,0.060319383577131354,2026-05-14 01:45:36.231921,2026-05-14 01:46:30.886782,0 days 00:00:54.654861,0,CAP_LAYER,0.45,ETF_DEFENSIVE,0.7,2,0.03,0.02,0.3,0.08,3,2,0.5,5,WIDE_V2,0.5,,,,,,PRUNED
128,0.23085064372533984,2026-05-14 01:46:30.912777,2026-05-14 01:47:45.473779,0 days 00:01:14.561002,0,NORMAL,0.45,SAME,0.7,2,0.03,0.02,0.3,0.08,3,2,0.5,5,WIDE_V2,0.5,,,,,,PRUNED
129,0.11985215005848815,2026-05-14 01:47:45.497860,2026-05-14 01:49:25.196082,0 days 00:01:39.698222,0,CAP_LAYER,0.45,SAME,0.7,2,0.03,0.01,0.3,0.12,10,2,0.5,5,WIDE_V2,0.5,,,,,,PRUNED
130,-0.3679494020968508,2026-05-14 01:49:25.223228,2026-05-14 01:49:37.048301,0 days 00:00:11.825073,0,CAP_LAYER,0.45,SAME,0.7,2,0.03,0.01,0.3,0.12,3,2,0.5,5,ANCHOR_SATELLITE,0.5,,,,,,PRUNED
131,-0.003424689479239851,2026-05-14 01:49:37.072076,2026-05-14 01:50:29.766893,0 days 00:00:52.694817,0,CAP_LAYER,0.45,ETF_DEFENSIVE,0.8,3,0.03,0.01,0.6,0.12,3,1,0.5,5,WIDE_V2,0.5,,,,,,PRUNED
132,-0.03169413910195332,2026-05-14 01:50:29.793218,2026-05-14 01:50:55.234776,0 days 00:00:25.441558,0,CAP_LAYER,0.45,SAME,0.7,2,0.03,0.01,0.3,0.12,3,2,0.5,20,WIDE_V2,0.5,,,,,,PRUNED
133,0.2008591684228906,2026-05-14 01:50:55.257271,2026-05-14 01:52:11.424567,0 days 00:01:16.167296,0,CAP_LAYER,0.25,SAME,0.7,2,0.05,0.02,0.3,0.08,3,2,0.5,5,WIDE_V2,0.5,,,,,,PRUNED
134,0.20719633298727433,2026-05-14 01:52:11.465930,2026-05-14 01:53:25.399194,0 days 00:01:13.933264,0,CAP_LAYER,0.45,SAME,0.7,3,0.03,0.02,0.45,0.12,3,2,0.5,5,WIDE_V2,0.5,,,,,,PRUNED
135,-9999.0,2026-05-14 01:53:25.423510,2026-05-14 01:53:25.809826,0 days 00:00:00.386316,0,NO_NET_ADD,0.45,SAME,0.7,3,0.03,0.02,0.3,0.08,3,2,0.7,5,WIDE_V2,0.5,,,,,BEAR_RATIO < NEUTRAL_RATIO < BULL_RATIO 约束违反: 0.45 / 0.7 / 0.7,COMPLETE
136,-0.37400329957784056,2026-05-14 01:53:25.836833,2026-05-14 01:53:30.873135,0 days 00:00:05.036302,0,CAP_LAYER,0.45,SAME,0.8,2,0.03,0.02,0.3,0.08,3,2,0.5,5,ANCHOR_SATELLITE,0.5,,,,,,PRUNED
137,0.23083644029256656,2026-05-14 01:53:30.898855,2026-05-14 01:55:06.246099,0 days 00:01:35.347244,0,CAP_LAYER,0.45,SAME,0.7,2,0.03,0.02,0.3,0.08,8,2,0.5,5,WIDE_V2,0.5,,,,,,PRUNED
138,0.11607348188795849,2026-05-14 01:55:06.272230,2026-05-14 01:55:46.467257,0 days 00:00:40.195027,0,CAP_LAYER,0.45,SAME,0.7,2,0.03,0.02,0.3,0.08,10,1,0.5,20,WIDE_V2,0.5,,,,,,PRUNED
139,0.22886208826828963,2026-05-14 01:55:46.490373,2026-05-14 01:57:02.700136,0 days 00:01:16.209763,0,CAP_LAYER,0.45,SAME,0.7,2,0.03,0.02,0.6,0.12,3,2,0.6,5,WIDE_V2,0.5,,,,,,PRUNED
140,0.22803878203198572,2026-05-14 01:57:02.725847,2026-05-14 01:58:21.604895,0 days 00:01:18.879048,0,CAP_LAYER,0.35,SAME,0.7,2,0.03,0.02,0.3,0.08,3,2,0.5,5,WIDE_V2,0.5,,,,,,PRUNED
141,-0.31605091683366315,2026-05-14 01:58:21.630428,2026-05-14 02:02:09.202710,0 days 00:03:47.572282,0,CAP_LAYER,0.45,SAME,0.7,2,0.03,0.02,0.45,0.12,3,1,0.5,5,WIDE_V2,0.5,-0.04781335681448906,-0.017993193791458337,0.5364751200383482,0.029820163023030723,,COMPLETE
142,0.21501248244601504,2026-05-14 02:02:09.225343,2026-05-14 02:03:22.713283,0 days 00:01:13.487940,0,CAP_LAYER,0.45,SAME,0.9,2,0.03,0.01,0.6,0.12,3,1,0.5,5,WIDE_V2,0.5,,,,,,PRUNED
143,0.21779086095387198,2026-05-14 02:03:22.736405,2026-05-14 02:04:38.523090,0 days 00:01:15.786685,0,CAP_LAYER,0.45,SAME,0.7,2,0.05,0.01,0.3,0.16,3,1,0.6,5,WIDE_V2,0.5,,,,,,PRUNED
144,-0.31605091683366315,2026-05-14 02:04:38.550330,2026-05-14 02:04:39.157629,0 days 00:00:00.607299,0,CAP_LAYER,0.45,SAME,0.7,2,0.03,0.01,0.6,0.12,3,1,0.5,5,WIDE_V2,0.5,-0.04781335681448906,-0.017993193791458337,0.5364751200383482,0.029820163023030723,,COMPLETE
145,0.1792098955805274,2026-05-14 02:04:39.184784,2026-05-14 02:05:52.796169,0 days 00:01:13.611385,0,NO_NET_ADD,0.45,SAME,0.7,2,0.03,0.01,0.3,0.12,3,2,0.5,5,WIDE_V2,0.5,,,,,,PRUNED
146,0.0402044351891133,2026-05-14 02:05:52.824150,2026-05-14 02:06:46.872494,0 days 00:00:54.048344,0,CAP_LAYER,0.45,ETF_DEFENSIVE,0.7,2,0.05,0.01,0.6,0.12,3,1,0.5,5,WIDE_V2,0.5,,,,,,PRUNED
147,-0.05358680178328021,2026-05-14 02:06:46.895538,2026-05-14 02:07:57.226003,0 days 00:01:10.330465,0,CAP_LAYER,0.45,ETF_DEFENSIVE,0.7,2,0.03,0.02,0.6,0.12,10,2,0.5,5,WIDE_V2,0.5,,,,,,PRUNED
148,-0.323884189756837,2026-05-14 02:07:57.254778,2026-05-14 02:10:10.103311,0 days 00:02:12.848533,1,CAP_LAYER,0.45,SAME,0.7,2,0.03,0.01,0.6,0.08,3,1,0.5,5,WIDE_V2,0.5,-0.04773060333166755,-0.004092507315860254,0.5523071728503389,0.043638096015807294,,COMPLETE
149,0.22005284154479607,2026-05-14 02:10:10.127453,2026-05-14 02:11:24.254187,0 days 00:01:14.126734,0,CAP_LAYER,0.45,SAME,0.9,2,0.03,0.02,0.3,0.08,3,2,0.7,5,WIDE_V2,0.5,,,,,,PRUNED
150,0.19574053967485325,2026-05-14 02:11:24.462996,2026-05-14 02:12:41.412908,0 days 00:01:16.949912,0,NORMAL,0.45,SAME,0.7,2,0.03,0.01,0.3,0.12,3,1,0.6,5,WIDE_V2,0.5,,,,,,PRUNED
151,-0.31605091683366315,2026-05-14 02:12:41.438677,2026-05-14 02:12:42.043686,0 days 00:00:00.605009,0,CAP_LAYER,0.45,SAME,0.7,2,0.03,0.02,0.45,0.12,3,1,0.5,5,WIDE_V2,0.5,-0.04781335681448906,-0.017993193791458337,0.5364751200383482,0.029820163023030723,,COMPLETE
152,0.17330145729923901,2026-05-14 02:12:42.067693,2026-05-14 02:13:56.381564,0 days 00:01:14.313871,0,CAP_LAYER,0.25,SAME,0.7,2,0.03,0.01,0.6,0.12,3,2,0.5,5,WIDE_V2,0.5,,,,,,PRUNED
153,0.1395303126839163,2026-05-14 02:13:56.407638,2026-05-14 02:15:12.251584,0 days 00:01:15.843946,0,CAP_LAYER,0.25,SAME,0.7,2,0.03,0.01,0.3,0.16,3,2,0.6,5,WIDE_V2,0.5,,,,,,PRUNED
154,0.15874310465023664,2026-05-14 02:15:12.275784,2026-05-14 02:16:35.885728,0 days 00:01:23.609944,0,NORMAL,0.45,SAME,0.7,2,0.03,0.01,0.6,0.12,3,1,0.5,5,WIDE_V2,0.8,,,,,,PRUNED
155,0.20952412768962436,2026-05-14 02:16:35.909371,2026-05-14 02:17:50.405079,0 days 00:01:14.495708,0,CAP_LAYER,0.35,SAME,0.7,2,0.03,0.02,0.6,0.12,3,1,0.5,5,WIDE_V2,0.5,,,,,,PRUNED
156,-0.31581485712334734,2026-05-14 02:17:50.429906,2026-05-14 02:20:02.728510,0 days 00:02:12.298604,0,CAP_LAYER,0.45,SAME,0.7,2,0.03,0.01,0.3,0.08,3,2,0.5,5,WIDE_V2,0.5,-0.04081441550343596,0.0015564414249567321,0.5500008832398228,0.042370856928392694,,COMPLETE
157,-0.31581485712334734,2026-05-14 02:20:02.775505,2026-05-14 02:22:15.459808,0 days 00:02:12.684303,0,CAP_LAYER,0.45,SAME,0.7,2,0.03,0.02,0.3,0.08,3,1,0.5,5,WIDE_V2,0.5,-0.04081441550343596,0.0015564414249567321,0.5500008832398228,0.042370856928392694,,COMPLETE
158,-0.4512664208708941,2026-05-14 02:22:15.487157,2026-05-14 02:22:26.854738,0 days 00:00:11.367581,0,NORMAL,0.35,SAME,0.7,2,0.03,0.01,0.6,0.12,3,1,0.5,5,ANCHOR_SATELLITE,0.5,,,,,,PRUNED
159,-0.31581485712334734,2026-05-14 02:22:26.876738,2026-05-14 02:22:27.457080,0 days 00:00:00.580342,0,CAP_LAYER,0.45,SAME,0.7,2,0.03,0.02,0.3,0.08,3,1,0.5,5,WIDE_V2,0.5,-0.04081441550343596,0.0015564414249567321,0.5500008832398228,0.042370856928392694,,COMPLETE
160,-0.323884189756837,2026-05-14 02:22:27.480626,2026-05-14 02:24:43.067281,0 days 00:02:15.586655,1,CAP_LAYER,0.45,SAME,0.7,2,0.03,0.02,0.3,0.08,3,1,0.5,5,WIDE_V2,0.5,-0.04773060333166755,-0.004092507315860254,0.5523071728503389,0.043638096015807294,,COMPLETE
161,0.15182472406402575,2026-05-14 02:24:43.090772,2026-05-14 02:25:24.766570,0 days 00:00:41.675798,1,NO_NET_ADD,0.45,SAME,0.7,2,0.03,0.01,0.6,0.12,3,2,0.5,10,WIDE_V2,0.5,,,,,,PRUNED
162,-0.36247780743059715,2026-05-14 02:25:24.791292,2026-05-14 02:25:29.894343,0 days 00:00:05.103051,0,CAP_LAYER,0.45,SAME,0.7,2,0.03,0.02,0.3,0.08,3,1,0.5,5,ANCHOR_SATELLITE,0.5,,,,,,PRUNED
163,-9999.0,2026-05-14 02:25:29.915877,2026-05-14 02:25:30.239810,0 days 00:00:00.323933,0,CAP_LAYER,0.45,SAME,0.7,2,0.05,0.02,0.3,0.08,6,1,0.7,5,WIDE_V2,0.5,,,,,BEAR_RATIO < NEUTRAL_RATIO < BULL_RATIO 约束违反: 0.45 / 0.7 / 0.7,COMPLETE
164,-0.37484301076910703,2026-05-14 02:25:30.261512,2026-05-14 02:27:49.572132,0 days 00:02:19.310620,0,CAP_LAYER,0.45,SAME,0.7,2,0.03,0.02,0.3,0.08,4,1,0.5,5,WIDE_V2,0.5,-0.02717138606122755,0.14670585028766497,0.695343249415759,0.17387723634889252,,COMPLETE
165,-0.31581485712334734,2026-05-14 02:27:49.600707,2026-05-14 02:27:50.189494,0 days 00:00:00.588787,0,CAP_LAYER,0.45,SAME,0.7,2,0.03,0.01,0.3,0.08,3,2,0.5,5,WIDE_V2,0.5,-0.04081441550343596,0.0015564414249567321,0.5500008832398228,0.042370856928392694,,COMPLETE
166,0.15898084156683367,2026-05-14 02:27:50.213854,2026-05-14 02:28:30.023810,0 days 00:00:39.809956,0,CAP_LAYER,0.45,SAME,0.7,2,0.05,0.01,0.3,0.12,3,1,0.5,10,WIDE_V2,0.5,,,,,,PRUNED
167,-0.40891489735140996,2026-05-14 02:28:30.049425,2026-05-14 02:30:46.722050,0 days 00:02:16.672625,0,CAP_LAYER,0.45,SAME,0.7,4,0.03,0.01,0.3,0.12,4,1,0.5,5,WIDE_V2,0.5,-0.06268265171207073,0.08257996046546627,0.6924644912786785,0.145262612177537,,COMPLETE
168,-0.317445320131483,2026-05-14 02:30:46.747772,2026-05-14 02:33:00.231701,0 days 00:02:13.483929,0,CAP_LAYER,0.45,SAME,0.7,3,0.05,0.02,0.6,0.08,3,1,0.5,5,WIDE_V2,0.5,-0.043209034866831204,-0.010201229838410247,0.5484725705293036,0.03300780502842096,,COMPLETE
169,-0.06864232132402648,2026-05-14 02:33:00.255087,2026-05-14 02:33:41.447423,0 days 00:00:41.192336,0,CAP_LAYER,0.45,SAME,0.7,2,0.03,0.01,0.3,0.12,3,1,0.6,10,WIDE_V2,0.8,,,,,,PRUNED
170,-0.31947891662821226,2026-05-14 02:33:41.474971,2026-05-14 02:35:54.349418,0 days 00:02:12.874447,0,CAP_LAYER,0.45,SAME,0.8,2,0.03,0.01,0.3,0.08,3,2,0.5,5,WIDE_V2,0.5,-0.046712287461844575,-0.037564774188069604,0.5455332583327354,0.009147513273774971,,COMPLETE
171,-0.31581485712334734,2026-05-14 02:35:54.390314,2026-05-14 02:35:55.001249,0 days 00:00:00.610935,0,CAP_LAYER,0.45,SAME,0.7,2,0.03,0.01,0.3,0.08,3,2,0.5,5,WIDE_V2,0.5,-0.04081441550343596,0.0015564414249567321,0.5500008832398228,0.042370856928392694,,COMPLETE
172,-0.31581485712334734,2026-05-14 02:35:55.027886,2026-05-14 02:35:55.656228,0 days 00:00:00.628342,0,CAP_LAYER,0.45,SAME,0.7,2,0.03,0.01,0.3,0.08,3,2,0.5,5,WIDE_V2,0.5,-0.04081441550343596,0.0015564414249567321,0.5500008832398228,0.042370856928392694,,COMPLETE
173,-0.3497363192710759,2026-05-14 02:35:55.679892,2026-05-14 02:38:16.054850,0 days 00:02:20.374958,0,CAP_LAYER,0.45,SAME,0.7,2,0.03,0.01,0.3,0.08,3,2,0.5,5,WIDE_V2,0.65,-0.019912436579963617,0.04560171496660478,0.6596477653822246,0.0655141515465684,,COMPLETE
174,-0.34798227804735105,2026-05-14 02:38:16.082378,2026-05-14 02:40:29.061051,0 days 00:02:12.978673,0,CAP_LAYER,0.45,SAME,0.7,2,0.03,0.01,0.3,0.08,3,2,0.6,5,WIDE_V2,0.5,-0.0556643785185456,0.01584091790490896,0.5846357990576109,0.07150529642345456,,COMPLETE
175,0.1972737632845616,2026-05-14 02:40:29.085161,2026-05-14 02:41:43.454687,0 days 00:01:14.369526,0,CAP_LAYER,0.25,SAME,0.7,2,0.03,0.01,0.3,0.08,3,2,0.5,5,WIDE_V2,0.5,,,,,,PRUNED
176,-0.47694558350986394,2026-05-14 02:41:43.478790,2026-05-14 02:43:10.747554,0 days 00:01:27.268764,0,CAP_LAYER,0.45,SAME,0.8,2,0.03,0.02,0.3,0.08,5,1,0.5,10,WIDE_V2,0.5,-0.1131644251695667,0.11433572585417263,0.7275623166805945,0.22750015102373933,,COMPLETE
177,-0.31581485712334734,2026-05-14 02:43:10.770485,2026-05-14 02:43:11.364628,0 days 00:00:00.594143,0,CAP_LAYER,0.45,SAME,0.7,2,0.03,0.01,0.3,0.08,3,2,0.5,5,WIDE_V2,0.5,-0.04081441550343596,0.0015564414249567321,0.5500008832398228,0.042370856928392694,,COMPLETE
178,-0.5231502888238849,2026-05-14 02:43:11.390776,2026-05-14 02:45:26.019093,0 days 00:02:14.628317,0,CAP_LAYER,0.25,SAME,0.7,3,0.03,0.02,0.3,0.08,5,1,0.5,5,WIDE_V2,0.5,-0.1618762206602516,0.01946281101627187,0.7225481363272667,0.18133903167652346,,COMPLETE
179,0.1972737632845616,2026-05-14 02:45:26.044776,2026-05-14 02:46:42.432876,0 days 00:01:16.388100,0,CAP_LAYER,0.25,SAME,0.7,2,0.03,0.02,0.3,0.08,3,1,0.5,5,WIDE_V2,0.5,,,,,,PRUNED
180,-0.31581485712334734,2026-05-14 02:46:42.457816,2026-05-14 02:48:52.292418,0 days 00:02:09.834602,0,CAP_LAYER,0.45,SAME,0.7,2,0.03,0.01,0.6,0.08,3,2,0.5,5,WIDE_V2,0.5,-0.04081441550343596,0.0015564414249567321,0.5500008832398228,0.042370856928392694,,COMPLETE
181,-0.31581485712334734,2026-05-14 02:48:52.314499,2026-05-14 02:48:52.891427,0 days 00:00:00.576928,0,CAP_LAYER,0.45,SAME,0.7,2,0.03,0.01,0.6,0.08,3,2,0.5,5,WIDE_V2,0.5,-0.04081441550343596,0.0015564414249567321,0.5500008832398228,0.042370856928392694,,COMPLETE
182,-0.31581485712334734,2026-05-14 02:48:52.916218,2026-05-14 02:48:53.548036,0 days 00:00:00.631818,0,CAP_LAYER,0.45,SAME,0.7,2,0.03,0.01,0.6,0.08,3,2,0.5,5,WIDE_V2,0.5,-0.04081441550343596,0.0015564414249567321,0.5500008832398228,0.042370856928392694,,COMPLETE
183,-0.31581485712334734,2026-05-14 02:48:53.572790,2026-05-14 02:48:54.159485,0 days 00:00:00.586695,0,CAP_LAYER,0.45,SAME,0.7,2,0.03,0.01,0.6,0.08,3,2,0.5,5,WIDE_V2,0.5,-0.04081441550343596,0.0015564414249567321,0.5500008832398228,0.042370856928392694,,COMPLETE
184,-0.31581485712334734,2026-05-14 02:48:54.182660,2026-05-14 02:48:54.765763,0 days 00:00:00.583103,0,CAP_LAYER,0.45,SAME,0.7,2,0.03,0.01,0.6,0.08,3,2,0.5,5,WIDE_V2,0.5,-0.04081441550343596,0.0015564414249567321,0.5500008832398228,0.042370856928392694,,COMPLETE
185,0.1877311079676765,2026-05-14 02:48:54.788561,2026-05-14 02:49:59.597053,0 days 00:01:04.808492,0,CAP_LAYER,0.45,ETF_DEFENSIVE,0.7,2,0.03,0.01,0.6,0.08,4,2,0.5,5,WIDE_V2,0.5,,,,,,PRUNED
186,-0.31581485712334734,2026-05-14 02:49:59.624505,2026-05-14 02:50:00.243939,0 days 00:00:00.619434,0,CAP_LAYER,0.45,SAME,0.7,2,0.03,0.01,0.6,0.08,3,2,0.5,5,WIDE_V2,0.5,-0.04081441550343596,0.0015564414249567321,0.5500008832398228,0.042370856928392694,,COMPLETE
187,0.23085064372533984,2026-05-14 02:50:00.280399,2026-05-14 02:51:17.470426,0 days 00:01:17.190027,0,NORMAL,0.45,SAME,0.7,2,0.03,0.01,0.6,0.08,3,2,0.5,5,WIDE_V2,0.5,,,,,,PRUNED
188,0.22803878203198572,2026-05-14 02:51:17.495208,2026-05-14 02:52:31.440686,0 days 00:01:13.945478,0,CAP_LAYER,0.35,SAME,0.7,2,0.03,0.01,0.6,0.08,3,2,0.5,5,WIDE_V2,0.5,,,,,,PRUNED
189,0.2360364199457966,2026-05-14 02:52:31.467295,2026-05-14 02:53:48.202687,0 days 00:01:16.735392,0,CAP_LAYER,0.45,SAME,0.7,3,0.03,0.01,0.6,0.08,3,2,0.5,5,WIDE_V2,0.5,,,,,,PRUNED
190,-0.311943513174594,2026-05-14 02:53:48.227613,2026-05-14 02:55:59.628579,0 days 00:02:11.400966,0,CAP_LAYER,0.45,SAME,0.7,2,0.05,0.01,0.6,0.08,3,2,0.5,5,WIDE_V2,0.5,-0.03503602807514746,0.0022846139529225295,0.5538149701988931,0.03732064202806999,,COMPLETE
191,-0.3574296867331643,2026-05-14 02:55:59.653271,2026-05-14 02:56:11.014486,0 days 00:00:11.361215,0,CAP_LAYER,0.45,SAME,0.7,2,0.05,0.01,0.6,0.08,3,2,0.5,5,ANCHOR_SATELLITE,0.5,,,,,,PRUNED
192,-9999.0,2026-05-14 02:56:11.038474,2026-05-14 02:56:11.419551,0 days 00:00:00.381077,0,CAP_LAYER,0.45,SAME,0.7,2,0.05,0.01,0.6,0.08,3,2,0.7,5,WIDE_V2,0.5,,,,,BEAR_RATIO < NEUTRAL_RATIO < BULL_RATIO 约束违反: 0.45 / 0.7 / 0.7,COMPLETE
193,0.13652543627613148,2026-05-14 02:56:11.447361,2026-05-14 02:56:54.626546,0 days 00:00:43.179185,0,CAP_LAYER,0.45,SAME,0.7,2,0.05,0.01,0.6,0.08,8,2,0.5,20,WIDE_V2,0.5,,,,,,PRUNED
194,-0.31581485712334734,2026-05-14 02:56:54.652756,2026-05-14 02:59:05.971002,0 days 00:02:11.318246,0,CAP_LAYER,0.45,SAME,0.7,2,0.03,0.01,0.45,0.08,3,2,0.5,5,WIDE_V2,0.5,-0.04081441550343596,0.0015564414249567321,0.5500008832398228,0.042370856928392694,,COMPLETE
195,-0.31581485712334734,2026-05-14 02:59:05.998243,2026-05-14 02:59:06.605367,0 days 00:00:00.607124,0,CAP_LAYER,0.45,SAME,0.7,2,0.03,0.01,0.45,0.08,3,2,0.5,5,WIDE_V2,0.5,-0.04081441550343596,0.0015564414249567321,0.5500008832398228,0.042370856928392694,,COMPLETE
196,-0.31581485712334734,2026-05-14 02:59:06.629870,2026-05-14 02:59:07.264844,0 days 00:00:00.634974,0,CAP_LAYER,0.45,SAME,0.7,2,0.03,0.01,0.45,0.08,3,2,0.5,5,WIDE_V2,0.5,-0.04081441550343596,0.0015564414249567321,0.5500008832398228,0.042370856928392694,,COMPLETE
197,0.22786268341686633,2026-05-14 02:59:07.290418,2026-05-14 03:00:21.250210,0 days 00:01:13.959792,0,CAP_LAYER,0.45,SAME,0.9,2,0.03,0.01,0.45,0.08,3,2,0.5,5,WIDE_V2,0.5,,,,,,PRUNED
198,-0.31581485712334734,2026-05-14 03:00:21.275725,2026-05-14 03:00:21.885142,0 days 00:00:00.609417,0,CAP_LAYER,0.45,SAME,0.7,2,0.03,0.01,0.45,0.08,3,2,0.5,5,WIDE_V2,0.5,-0.04081441550343596,0.0015564414249567321,0.5500008832398228,0.042370856928392694,,COMPLETE
199,0.17984979130827033,2026-05-14 03:00:21.909528,2026-05-14 03:01:43.059006,0 days 00:01:21.149478,0,NO_NET_ADD,0.45,SAME,0.7,2,0.03,0.01,0.45,0.08,3,2,0.5,5,WIDE_V2,0.8,,,,,,PRUNED
200,-0.38343819006432145,2026-05-14 03:01:43.087563,2026-05-14 03:04:08.243004,0 days 00:02:25.155441,0,CAP_LAYER,0.45,SAME,0.7,4,0.03,0.01,0.45,0.08,4,2,0.5,5,WIDE_V2,0.5,-0.038599718880466725,0.11475259420717189,0.6896769423677095,0.1533523130876386,,COMPLETE
201,-0.31581485712334734,2026-05-14 03:04:08.269187,2026-05-14 03:04:08.978428,0 days 00:00:00.709241,0,CAP_LAYER,0.45,SAME,0.7,2,0.03,0.01,0.45,0.08,3,2,0.5,5,WIDE_V2,0.5,-0.04081441550343596,0.0015564414249567321,0.5500008832398228,0.042370856928392694,,COMPLETE
202,-0.31581485712334734,2026-05-14 03:04:09.003424,2026-05-14 03:04:09.613893,0 days 00:00:00.610469,0,CAP_LAYER,0.45,SAME,0.7,2,0.03,0.01,0.45,0.08,3,2,0.5,5,WIDE_V2,0.5,-0.04081441550343596,0.0015564414249567321,0.5500008832398228,0.042370856928392694,,COMPLETE
203,0.1069727882206654,2026-05-14 03:04:09.638430,2026-05-14 03:04:49.156712,0 days 00:00:39.518282,0,CAP_LAYER,0.25,SAME,0.7,2,0.05,0.01,0.6,0.08,3,2,0.5,10,WIDE_V2,0.5,,,,,,PRUNED
204,-0.21452315414110282,2026-05-14 03:04:49.182187,2026-05-14 03:05:13.502345,0 days 00:00:24.320158,0,CAP_LAYER,0.45,SAME,0.7,2,0.03,0.01,0.6,0.08,3,2,0.5,20,WIDE_V2,0.65,,,,,,PRUNED
205,-0.5134843476924797,2026-05-14 03:05:13.525579,2026-05-14 03:07:44.310865,0 days 00:02:30.785286,0,CAP_LAYER,0.45,SAME,0.7,2,0.03,0.01,0.6,0.08,6,2,0.5,5,WIDE_V2,0.5,-0.12310003576894306,0.061254300593328766,0.7807686238470735,0.18435433636227183,,COMPLETE
206,-0.311943513174594,2026-05-14 03:07:44.337116,2026-05-14 03:09:59.648661,0 days 00:02:15.311545,0,CAP_LAYER,0.45,SAME,0.7,2,0.05,0.02,0.6,0.08,3,2,0.5,5,WIDE_V2,0.5,-0.03503602807514746,0.0022846139529225295,0.5538149701988931,0.03732064202806999,,COMPLETE
207,-0.311943513174594,2026-05-14 03:09:59.671871,2026-05-14 03:10:00.276109,0 days 00:00:00.604238,0,CAP_LAYER,0.45,SAME,0.7,2,0.05,0.02,0.6,0.08,3,2,0.5,5,WIDE_V2,0.5,-0.03503602807514746,0.0022846139529225295,0.5538149701988931,0.03732064202806999,,COMPLETE
208,-0.311943513174594,2026-05-14 03:10:00.303938,2026-05-14 03:10:00.903890,0 days 00:00:00.599952,0,CAP_LAYER,0.45,SAME,0.7,2,0.05,0.02,0.6,0.08,3,2,0.5,5,WIDE_V2,0.5,-0.03503602807514746,0.0022846139529225295,0.5538149701988931,0.03732064202806999,,COMPLETE
209,-0.311943513174594,2026-05-14 03:10:00.931038,2026-05-14 03:10:01.558914,0 days 00:00:00.627876,0,CAP_LAYER,0.45,SAME,0.7,2,0.05,0.02,0.6,0.08,3,2,0.5,5,WIDE_V2,0.5,-0.03503602807514746,0.0022846139529225295,0.5538149701988931,0.03732064202806999,,COMPLETE
210,-0.311943513174594,2026-05-14 03:10:01.584980,2026-05-14 03:10:02.182948,0 days 00:00:00.597968,0,CAP_LAYER,0.45,SAME,0.7,2,0.05,0.02,0.6,0.08,3,2,0.5,5,WIDE_V2,0.5,-0.03503602807514746,0.0022846139529225295,0.5538149701988931,0.03732064202806999,,COMPLETE
211,-0.311943513174594,2026-05-14 03:10:02.212803,2026-05-14 03:10:02.817921,0 days 00:00:00.605118,0,CAP_LAYER,0.45,SAME,0.7,2,0.05,0.02,0.6,0.08,3,2,0.5,5,WIDE_V2,0.5,-0.03503602807514746,0.0022846139529225295,0.5538149701988931,0.03732064202806999,,COMPLETE
212,0.243571435401933,2026-05-14 03:10:02.846742,2026-05-14 03:11:20.248054,0 days 00:01:17.401312,0,CAP_LAYER,0.45,SAME,0.8,2,0.05,0.02,0.6,0.08,3,2,0.5,5,WIDE_V2,0.5,,,,,,PRUNED
213,0.23260337864165503,2026-05-14 03:11:20.275487,2026-05-14 03:12:34.430753,0 days 00:01:14.155266,0,NO_NET_ADD,0.45,SAME,0.7,2,0.05,0.02,0.6,0.08,3,2,0.5,5,WIDE_V2,0.5,,,,,,PRUNED
214,-0.010465234969202625,2026-05-14 03:12:34.470326,2026-05-14 03:12:56.841118,0 days 00:00:22.370792,0,CAP_LAYER,0.45,SAME,0.7,2,0.05,0.02,0.6,0.08,3,2,0.5,20,WIDE_V2,0.5,,,,,,PRUNED
215,-0.5276209783417208,2026-05-14 03:12:56.867542,2026-05-14 03:15:18.423120,0 days 00:02:21.555578,0,CAP_LAYER,0.45,SAME,0.7,2,0.05,0.02,0.6,0.16,6,2,0.5,5,WIDE_V2,0.5,-0.13247711957668523,0.03254919193721438,0.7902877175300712,0.16502631151389963,,COMPLETE
216,0.1455602320444063,2026-05-14 03:15:18.448109,2026-05-14 03:16:52.532420,0 days 00:01:34.084311,0,CAP_LAYER,0.45,SAME,0.7,2,0.05,0.02,0.6,0.08,10,2,0.5,5,WIDE_V2,0.5,,,,,,PRUNED
217,-0.311943513174594,2026-05-14 03:16:52.555589,2026-05-14 03:16:53.205586,0 days 00:00:00.649997,0,CAP_LAYER,0.45,SAME,0.7,2,0.05,0.02,0.6,0.08,3,2,0.5,5,WIDE_V2,0.5,-0.03503602807514746,0.0022846139529225295,0.5538149701988931,0.03732064202806999,,COMPLETE
218,-0.34894290201201295,2026-05-14 03:16:53.230234,2026-05-14 03:19:04.732120,0 days 00:02:11.501886,0,CAP_LAYER,0.45,SAME,0.7,2,0.05,0.02,0.6,0.08,3,2,0.6,5,WIDE_V2,0.5,-0.054590835962187244,0.017889351538055043,0.5887041320996514,0.0724801875002423,,COMPLETE
219,0.23301221659087937,2026-05-14 03:19:04.757395,2026-05-14 03:20:21.520328,0 days 00:01:16.762933,0,CAP_LAYER,0.35,SAME,0.7,2,0.05,0.02,0.6,0.08,3,2,0.5,5,WIDE_V2,0.5,,,,,,PRUNED
220,0.2341731248582664,2026-05-14 03:20:21.545359,2026-05-14 03:21:42.021689,0 days 00:01:20.476330,0,CAP_LAYER,0.45,SAME,0.9,2,0.05,0.02,0.3,0.08,3,1,0.5,5,WIDE_V2,0.5,,,,,,PRUNED
221,0.2504416468491144,2026-05-14 03:21:42.050379,2026-05-14 03:22:56.553150,0 days 00:01:14.502771,1,CAP_LAYER,0.45,SAME,0.7,2,0.05,0.02,0.6,0.08,3,2,0.5,5,WIDE_V2,0.5,,,,,,PRUNED
222,-0.11656067494526245,2026-05-14 03:22:56.579128,2026-05-14 03:23:40.178315,0 days 00:00:43.599187,0,CAP_LAYER,0.45,SAME,0.7,2,0.05,0.02,0.6,0.16,3,2,0.5,10,WIDE_V2,0.65,,,,,,PRUNED
223,0.2480339546150649,2026-05-14 03:23:40.205345,2026-05-14 03:24:54.601815,0 days 00:01:14.396470,0,CAP_LAYER,0.45,SAME,0.7,4,0.05,0.02,0.6,0.08,3,2,0.5,5,WIDE_V2,0.5,,,,,,PRUNED
224,-0.311943513174594,2026-05-14 03:24:54.626852,2026-05-14 03:24:55.256767,0 days 00:00:00.629915,0,CAP_LAYER,0.45,SAME,0.7,2,0.05,0.02,0.6,0.08,3,2,0.5,5,WIDE_V2,0.5,-0.03503602807514746,0.0022846139529225295,0.5538149701988931,0.03732064202806999,,COMPLETE
225,-0.311943513174594,2026-05-14 03:24:55.281933,2026-05-14 03:24:55.913527,0 days 00:00:00.631594,0,CAP_LAYER,0.45,SAME,0.7,2,0.05,0.02,0.6,0.08,3,2,0.5,5,WIDE_V2,0.5,-0.03503602807514746,0.0022846139529225295,0.5538149701988931,0.03732064202806999,,COMPLETE
226,-0.3704932253351757,2026-05-14 03:24:55.939517,2026-05-14 03:27:21.734815,0 days 00:02:25.795298,0,CAP_LAYER,0.45,SAME,0.7,2,0.05,0.01,0.6,0.08,4,2,0.5,5,WIDE_V2,0.5,-0.02348578046968965,0.14780280096490886,0.6940148897309721,0.17128858143459852,,COMPLETE
227,0.23799538709797766,2026-05-14 03:27:21.759355,2026-05-14 03:28:54.980526,0 days 00:01:33.221171,0,CAP_LAYER,0.45,SAME,0.7,2,0.05,0.02,0.45,0.08,8,2,0.5,5,WIDE_V2,0.5,,,,,,PRUNED
228,-0.311943513174594,2026-05-14 03:28:55.003720,2026-05-14 03:28:55.635538,0 days 00:00:00.631818,0,CAP_LAYER,0.45,SAME,0.7,2,0.05,0.02,0.6,0.08,3,2,0.5,5,WIDE_V2,0.5,-0.03503602807514746,0.0022846139529225295,0.5538149701988931,0.03732064202806999,,COMPLETE
229,-0.14618660438011008,2026-05-14 03:28:55.661517,2026-05-14 03:29:06.576406,0 days 00:00:10.914889,0,CAP_LAYER,0.45,SAME,0.7,2,0.05,0.02,0.6,0.08,5,2,0.5,5,ANCHOR_SATELLITE,0.5,,,,,,PRUNED
230,0.1764323733707165,2026-05-14 03:29:06.619853,2026-05-14 03:30:28.111806,0 days 00:01:21.491953,0,CAP_LAYER,0.45,SAME,0.7,2,0.05,0.02,0.45,0.08,3,2,0.5,5,WIDE_V2,0.8,,,,,,PRUNED
231,-0.348826446529591,2026-05-14 03:30:28.163462,2026-05-14 03:32:50.054619,0 days 00:02:21.891157,0,CAP_LAYER,0.45,SAME,0.7,2,0.05,0.02,0.6,0.08,3,2,0.5,5,WIDE_V2,0.65,-0.021232264479312257,0.046847227582617286,0.6551883641005575,0.06807949206192954,,COMPLETE
232,0.0659194981313123,2026-05-14 03:32:50.077922,2026-05-14 03:33:46.808938,0 days 00:00:56.731016,0,CAP_LAYER,0.45,ETF_DEFENSIVE,0.7,2,0.05,0.02,0.6,0.08,3,2,0.5,5,WIDE_V2,0.5,,,,,,PRUNED
233,0.23677312830160582,2026-05-14 03:33:46.837521,2026-05-14 03:35:02.513330,0 days 00:01:15.675809,0,CAP_LAYER,0.45,SAME,0.7,2,0.05,0.02,0.6,0.12,3,2,0.5,5,WIDE_V2,0.5,,,,,,PRUNED
234,0.2341731248582664,2026-05-14 03:35:02.536196,2026-05-14 03:36:19.926085,0 days 00:01:17.389889,0,CAP_LAYER,0.45,SAME,0.9,2,0.05,0.01,0.6,0.08,3,2,0.5,5,WIDE_V2,0.5,,,,,,PRUNED
235,-0.311943513174594,2026-05-14 03:36:19.950362,2026-05-14 03:36:20.600187,0 days 00:00:00.649825,0,CAP_LAYER,0.45,SAME,0.7,2,0.05,0.02,0.6,0.08,3,2,0.5,5,WIDE_V2,0.5,-0.03503602807514746,0.0022846139529225295,0.5538149701988931,0.03732064202806999,,COMPLETE
236,-0.311943513174594,2026-05-14 03:36:20.628888,2026-05-14 03:36:21.208143,0 days 00:00:00.579255,0,CAP_LAYER,0.45,SAME,0.7,2,0.05,0.02,0.6,0.08,3,2,0.5,5,WIDE_V2,0.5,-0.03503602807514746,0.0022846139529225295,0.5538149701988931,0.03732064202806999,,COMPLETE
237,-0.311943513174594,2026-05-14 03:36:21.231464,2026-05-14 03:36:21.743682,0 days 00:00:00.512218,0,CAP_LAYER,0.45,SAME,0.7,2,0.05,0.02,0.6,0.08,3,2,0.5,5,WIDE_V2,0.5,-0.03503602807514746,0.0022846139529225295,0.5538149701988931,0.03732064202806999,,COMPLETE
238,0.09895097809380118,2026-05-14 03:36:21.767132,2026-05-14 03:37:45.288850,0 days 00:01:23.521718,0,CAP_LAYER,0.25,SAME,0.7,2,0.05,0.02,0.6,0.08,5,2,0.5,5,WIDE_V2,0.8,,,,,,PRUNED
239,-0.311943513174594,2026-05-14 03:37:45.316638,2026-05-14 03:37:46.017559,0 days 00:00:00.700921,0,CAP_LAYER,0.45,SAME,0.7,2,0.05,0.02,0.6,0.08,3,2,0.5,5,WIDE_V2,0.5,-0.03503602807514746,0.0022846139529225295,0.5538149701988931,0.03732064202806999,,COMPLETE
240,-0.311943513174594,2026-05-14 03:37:46.042512,2026-05-14 03:37:46.648366,0 days 00:00:00.605854,0,CAP_LAYER,0.45,SAME,0.7,2,0.05,0.02,0.6,0.08,3,2,0.5,5,WIDE_V2,0.5,-0.03503602807514746,0.0022846139529225295,0.5538149701988931,0.03732064202806999,,COMPLETE
241,-0.311943513174594,2026-05-14 03:37:46.696382,2026-05-14 03:37:47.298188,0 days 00:00:00.601806,0,CAP_LAYER,0.45,SAME,0.7,2,0.05,0.02,0.6,0.08,3,2,0.5,5,WIDE_V2,0.5,-0.03503602807514746,0.0022846139529225295,0.5538149701988931,0.03732064202806999,,COMPLETE
242,-0.3497363192710759,2026-05-14 03:37:47.324698,2026-05-14 03:40:04.113802,0 days 00:02:16.789104,0,CAP_LAYER,0.45,SAME,0.7,2,0.03,0.02,0.3,0.08,3,1,0.5,5,WIDE_V2,0.65,-0.019912436579963617,0.04560171496660478,0.6596477653822246,0.0655141515465684,,COMPLETE
243,-0.34798227804735105,2026-05-14 03:40:04.139018,2026-05-14 03:42:19.554828,0 days 00:02:15.415810,0,CAP_LAYER,0.45,SAME,0.7,2,0.03,0.02,0.3,0.08,3,1,0.6,5,WIDE_V2,0.5,-0.0556643785185456,0.01584091790490896,0.5846357990576109,0.07150529642345456,,COMPLETE
244,-0.311943513174594,2026-05-14 03:42:19.578642,2026-05-14 03:42:17.355189,-1 days +23:59:57.776547,0,CAP_LAYER,0.45,SAME,0.7,2,0.05,0.02,0.6,0.08,3,2,0.5,5,WIDE_V2,0.5,-0.03503602807514746,0.0022846139529225295,0.5538149701988931,0.03732064202806999,,COMPLETE
245,0.19337227467168297,2026-05-14 03:42:17.380387,2026-05-14 03:43:34.554337,0 days 00:01:17.173950,0,NORMAL,0.25,SAME,0.7,2,0.05,0.02,0.6,0.08,3,2,0.5,5,WIDE_V2,0.5,,,,,,PRUNED
246,-0.311943513174594,2026-05-14 03:43:34.580135,2026-05-14 03:43:35.401482,0 days 00:00:00.821347,0,CAP_LAYER,0.45,SAME,0.7,2,0.05,0.02,0.6,0.08,3,2,0.5,5,WIDE_V2,0.5,-0.03503602807514746,0.0022846139529225295,0.5538149701988931,0.03732064202806999,,COMPLETE
247,-0.311943513174594,2026-05-14 03:43:35.430289,2026-05-14 03:43:36.031445,0 days 00:00:00.601156,0,CAP_LAYER,0.45,SAME,0.7,2,0.05,0.02,0.6,0.08,3,2,0.5,5,WIDE_V2,0.5,-0.03503602807514746,0.0022846139529225295,0.5538149701988931,0.03732064202806999,,COMPLETE
248,0.1692441147457292,2026-05-14 03:43:36.059311,2026-05-14 03:44:17.989451,0 days 00:00:41.930140,0,CAP_LAYER,0.45,SAME,0.7,3,0.05,0.02,0.6,0.08,3,2,0.5,10,WIDE_V2,0.5,,,,,,PRUNED
249,0.2360364199457966,2026-05-14 03:44:18.013034,2026-05-14 03:45:32.470165,0 days 00:01:14.457131,0,CAP_LAYER,0.45,SAME,0.7,3,0.03,0.02,0.3,0.08,3,1,0.5,5,WIDE_V2,0.5,,,,,,PRUNED
250,-0.311943513174594,2026-05-14 03:45:32.490283,2026-05-14 03:45:33.037310,0 days 00:00:00.547027,0,CAP_LAYER,0.45,SAME,0.7,2,0.05,0.02,0.6,0.08,3,2,0.5,5,WIDE_V2,0.5,-0.03503602807514746,0.0022846139529225295,0.5538149701988931,0.03732064202806999,,COMPLETE
251,-0.311943513174594,2026-05-14 03:45:33.060659,2026-05-14 03:45:33.624004,0 days 00:00:00.563345,0,CAP_LAYER,0.45,SAME,0.7,2,0.05,0.02,0.6,0.08,3,2,0.5,5,WIDE_V2,0.5,-0.03503602807514746,0.0022846139529225295,0.5538149701988931,0.03732064202806999,,COMPLETE
252,-0.311943513174594,2026-05-14 03:45:33.647426,2026-05-14 03:45:34.468934,0 days 00:00:00.821508,0,CAP_LAYER,0.45,SAME,0.7,2,0.05,0.02,0.6,0.08,3,2,0.5,5,WIDE_V2,0.5,-0.03503602807514746,0.0022846139529225295,0.5538149701988931,0.03732064202806999,,COMPLETE
253,-0.311943513174594,2026-05-14 03:45:34.491463,2026-05-14 03:45:35.354210,0 days 00:00:00.862747,0,CAP_LAYER,0.45,SAME,0.7,2,0.05,0.02,0.6,0.08,3,2,0.5,5,WIDE_V2,0.5,-0.03503602807514746,0.0022846139529225295,0.5538149701988931,0.03732064202806999,,COMPLETE
254,-0.311943513174594,2026-05-14 03:45:35.378202,2026-05-14 03:45:35.892442,0 days 00:00:00.514240,0,CAP_LAYER,0.45,SAME,0.7,2,0.05,0.02,0.6,0.08,3,2,0.5,5,WIDE_V2,0.5,-0.03503602807514746,0.0022846139529225295,0.5538149701988931,0.03732064202806999,,COMPLETE
255,-0.311943513174594,2026-05-14 03:45:35.916859,2026-05-14 03:45:36.429664,0 days 00:00:00.512805,0,CAP_LAYER,0.45,SAME,0.7,2,0.05,0.02,0.6,0.08,3,2,0.5,5,WIDE_V2,0.5,-0.03503602807514746,0.0022846139529225295,0.5538149701988931,0.03732064202806999,,COMPLETE
256,-0.311943513174594,2026-05-14 03:45:36.453017,2026-05-14 03:47:53.061192,0 days 00:02:16.608175,0,CAP_LAYER,0.45,SAME,0.7,2,0.05,0.02,0.3,0.08,3,2,0.5,5,WIDE_V2,0.5,-0.03503602807514746,0.0022846139529225295,0.5538149701988931,0.03732064202806999,,COMPLETE
257,0.21819714712385221,2026-05-14 03:47:53.086010,2026-05-14 03:49:10.750496,0 days 00:01:17.664486,0,CAP_LAYER,0.45,SAME,0.7,3,0.05,0.02,0.6,0.16,3,2,0.5,5,WIDE_V2,0.5,,,,,,PRUNED
258,-0.3574296867331643,2026-05-14 03:49:10.775285,2026-05-14 03:49:19.332683,0 days 00:00:08.557398,0,CAP_LAYER,0.45,SAME,0.7,2,0.05,0.02,0.6,0.08,3,2,0.5,5,ANCHOR_SATELLITE,0.5,,,,,,PRUNED
259,0.2341731248582664,2026-05-14 03:49:19.358150,2026-05-14 03:50:36.471160,0 days 00:01:17.113010,0,CAP_LAYER,0.45,SAME,0.9,2,0.05,0.02,0.6,0.08,3,2,0.5,5,WIDE_V2,0.5,,,,,,PRUNED
260,-0.311943513174594,2026-05-14 03:50:36.497161,2026-05-14 03:52:46.401974,0 days 00:02:09.904813,0,CAP_LAYER,0.45,SAME,0.7,2,0.05,0.02,0.6,0.08,3,1,0.5,5,WIDE_V2,0.5,-0.03503602807514746,0.0022846139529225295,0.5538149701988931,0.03732064202806999,,COMPLETE
261,-0.507046717391758,2026-05-14 03:52:46.424859,2026-05-14 03:55:19.894681,0 days 00:02:33.469822,0,CAP_LAYER,0.45,SAME,0.7,2,0.05,0.02,0.6,0.08,6,2,0.5,5,WIDE_V2,0.5,-0.11553796387236534,0.06851263702844093,0.7830175070387853,0.18405060090080627,,COMPLETE
262,-0.45146440705031016,2026-05-14 03:55:19.921141,2026-05-14 03:57:43.114324,0 days 00:02:23.193183,0,CAP_LAYER,0.45,SAME,0.7,2,0.05,0.02,0.6,0.08,5,2,0.5,5,WIDE_V2,0.5,-0.08617059133899664,0.07241381636944513,0.7305876314226271,0.1585844077084418,,COMPLETE
263,0.2386775346655441,2026-05-14 03:57:43.136863,2026-05-14 03:59:19.268822,0 days 00:01:36.131959,0,CAP_LAYER,0.45,SAME,0.7,3,0.05,0.02,0.6,0.08,8,2,0.5,5,WIDE_V2,0.5,,,,,,PRUNED
264,-9999.0,2026-05-14 03:59:19.294677,2026-05-14 03:59:19.695426,0 days 00:00:00.400749,0,CAP_LAYER,0.35,SAME,0.7,2,0.05,0.02,0.6,0.16,3,2,0.7,10,WIDE_V2,0.5,,,,,BEAR_RATIO < NEUTRAL_RATIO < BULL_RATIO 约束违反: 0.35 / 0.7 / 0.7,COMPLETE
265,-9999.0,2026-05-14 03:59:19.723876,2026-05-14 03:59:20.195862,0 days 00:00:00.471986,0,CAP_LAYER,0.45,SAME,0.7,2,0.05,0.02,0.6,0.08,3,2,0.7,5,WIDE_V2,0.5,,,,,BEAR_RATIO < NEUTRAL_RATIO < BULL_RATIO 约束违反: 0.45 / 0.7 / 0.7,COMPLETE
266,0.1764323733707165,2026-05-14 03:59:20.220390,2026-05-14 04:00:39.514798,0 days 00:01:19.294408,0,CAP_LAYER,0.45,SAME,0.7,2,0.05,0.02,0.6,0.08,3,2,0.5,5,WIDE_V2,0.8,,,,,,PRUNED
267,0.22427127048732554,2026-05-14 04:00:39.541384,2026-05-14 04:02:01.757707,0 days 00:01:22.216323,0,CAP_LAYER,0.45,SAME,0.7,2,0.05,0.02,0.6,0.16,3,2,0.5,5,WIDE_V2,0.5,,,,,,PRUNED
268,0.1750152396470641,2026-05-14 04:02:01.782623,2026-05-14 04:02:40.998911,0 days 00:00:39.216288,0,CAP_LAYER,0.45,SAME,0.7,2,0.05,0.02,0.6,0.08,3,2,0.5,10,WIDE_V2,0.5,,,,,,PRUNED
269,0.1683799900345492,2026-05-14 04:02:41.024380,2026-05-14 04:04:00.976432,0 days 00:01:19.952052,0,CAP_LAYER,0.25,SAME,0.7,2,0.05,0.02,0.6,0.08,8,2,0.5,5,WIDE_V2,0.5,,,,,,PRUNED
270,0.1972737632845616,2026-05-14 04:04:01.002102,2026-05-14 04:05:21.351496,0 days 00:01:20.349394,0,CAP_LAYER,0.25,SAME,0.7,2,0.03,0.02,0.6,0.08,3,2,0.5,5,WIDE_V2,0.5,,,,,,PRUNED
271,-0.311943513174594,2026-05-14 04:05:21.377335,2026-05-14 04:07:34.543724,0 days 00:02:13.166389,0,CAP_LAYER,0.45,SAME,0.7,2,0.05,0.02,0.45,0.08,3,2,0.5,5,WIDE_V2,0.5,-0.03503602807514746,0.0022846139529225295,0.5538149701988931,0.03732064202806999,,COMPLETE
272,-0.311943513174594,2026-05-14 04:07:34.568165,2026-05-14 04:07:35.228303,0 days 00:00:00.660138,0,CAP_LAYER,0.45,SAME,0.7,2,0.05,0.01,0.6,0.08,3,2,0.5,5,WIDE_V2,0.5,-0.03503602807514746,0.0022846139529225295,0.5538149701988931,0.03732064202806999,,COMPLETE
273,-0.3704932253351757,2026-05-14 04:07:35.254372,2026-05-14 04:09:55.511587,0 days 00:02:20.257215,0,CAP_LAYER,0.45,SAME,0.7,2,0.05,0.02,0.6,0.08,4,2,0.5,5,WIDE_V2,0.5,-0.02348578046968965,0.14780280096490886,0.6940148897309721,0.17128858143459852,,COMPLETE
274,-0.31677355964593207,2026-05-14 04:09:55.538433,2026-05-14 04:12:15.235741,0 days 00:02:19.697308,0,NORMAL,0.45,SAME,0.7,2,0.05,0.02,0.6,0.08,3,2,0.5,5,WIDE_V2,0.5,-0.038773335616352544,0.0007413572992699878,0.556000448059159,0.03951469291562253,,COMPLETE
275,0.23799538709797766,2026-05-14 04:12:15.262704,2026-05-14 04:13:33.320216,0 days 00:01:18.057512,0,CAP_LAYER,0.45,SAME,0.7,2,0.05,0.02,0.6,0.08,8,2,0.5,5,WIDE_V2,0.5,,,,,,PRUNED
276,0.17753784777994625,2026-05-14 04:13:33.345304,2026-05-14 04:14:51.191503,0 days 00:01:17.846199,0,NO_NET_ADD,0.35,SAME,0.7,2,0.05,0.02,0.45,0.08,3,1,0.5,5,WIDE_V2,0.5,,,,,,PRUNED
277,0.25051066914041914,2026-05-14 04:14:51.219968,2026-05-14 04:16:05.794239,0 days 00:01:14.574271,0,CAP_LAYER,0.45,SAME,0.7,2,0.03,0.02,0.6,0.08,3,2,0.5,5,WIDE_V2,0.5,,,,,,PRUNED
278,0.2008591684228906,2026-05-14 04:16:05.819077,2026-05-14 04:17:20.534361,0 days 00:01:14.715284,0,CAP_LAYER,0.25,SAME,0.7,2,0.05,0.02,0.6,0.08,3,2,0.5,5,WIDE_V2,0.5,,,,,,PRUNED
279,-0.007608194435369947,2026-05-14 04:17:20.558969,2026-05-14 04:17:46.424013,0 days 00:00:25.865044,1,CAP_LAYER,0.45,SAME,0.9,2,0.05,0.02,0.6,0.08,3,2,0.5,20,WIDE_V2,0.5,,,,,,PRUNED
280,0.021660762458079436,2026-05-14 04:17:46.450282,2026-05-14 04:18:35.497517,0 days 00:00:49.047235,0,CAP_LAYER,0.45,SAME,0.7,2,0.05,0.02,0.6,0.08,4,1,0.5,10,WIDE_V2,0.65,,,,,,PRUNED
281,-9999.0,2026-05-14 04:18:35.523828,2026-05-14 04:18:35.883318,0 days 00:00:00.359490,1,NO_NET_ADD,0.45,SAME,0.7,2,0.05,0.02,0.6,0.08,8,2,0.7,5,WIDE_V2,0.5,,,,,BEAR_RATIO < NEUTRAL_RATIO < BULL_RATIO 约束违反: 0.45 / 0.7 / 0.7,COMPLETE
282,-0.3986311882507923,2026-05-14 04:18:35.907927,2026-05-14 04:22:27.798783,0 days 00:03:51.890856,0,NORMAL,0.45,SAME,0.7,2,0.05,0.02,0.6,0.08,4,2,0.6,5,WIDE_V2,0.5,-0.04185020817672856,0.15889093732676818,0.7135619601481274,0.20074114550349675,,COMPLETE
283,-9999.0,2026-05-14 04:22:27.824811,2026-05-14 04:22:28.233568,0 days 00:00:00.408757,1,CAP_LAYER,0.45,SAME,0.7,2,0.03,0.02,0.6,0.08,3,2,0.7,5,WIDE_V2,0.5,,,,,BEAR_RATIO < NEUTRAL_RATIO < BULL_RATIO 约束违反: 0.45 / 0.7 / 0.7,COMPLETE
284,-0.311943513174594,2026-05-14 04:22:28.259127,2026-05-14 04:22:28.862854,0 days 00:00:00.603727,0,CAP_LAYER,0.45,SAME,0.7,2,0.05,0.02,0.6,0.08,3,2,0.5,5,WIDE_V2,0.5,-0.03503602807514746,0.0022846139529225295,0.5538149701988931,0.03732064202806999,,COMPLETE
285,0.2487166804001033,2026-05-14 04:22:28.887179,2026-05-14 04:23:42.657906,0 days 00:01:13.770727,0,CAP_LAYER,0.45,SAME,0.7,3,0.05,0.02,0.6,0.08,3,2,0.5,5,WIDE_V2,0.5,,,,,,PRUNED
286,0.1579518621264106,2026-05-14 04:23:42.683842,2026-05-14 04:24:59.428772,0 days 00:01:16.744930,0,NO_NET_ADD,0.35,SAME,0.7,2,0.05,0.02,0.6,0.12,3,2,0.5,5,WIDE_V2,0.5,,,,,,PRUNED
287,0.07343415744892212,2026-05-14 04:24:59.457328,2026-05-14 04:26:00.819659,0 days 00:01:01.362331,0,NO_NET_ADD,0.45,ETF_DEFENSIVE,0.7,2,0.05,0.02,0.45,0.08,5,2,0.5,5,WIDE_V2,0.5,,,,,,PRUNED
288,-0.311943513174594,2026-05-14 04:26:00.846196,2026-05-14 04:26:01.533950,0 days 00:00:00.687754,0,CAP_LAYER,0.45,SAME,0.7,2,0.05,0.02,0.6,0.08,3,2,0.5,5,WIDE_V2,0.5,-0.03503602807514746,0.0022846139529225295,0.5538149701988931,0.03732064202806999,,COMPLETE
289,-0.4522941293345024,2026-05-14 04:26:01.559157,2026-05-14 04:28:24.748780,0 days 00:02:23.189623,0,CAP_LAYER,0.45,SAME,0.7,3,0.05,0.02,0.45,0.08,5,2,0.5,5,WIDE_V2,0.5,-0.08841103946568984,0.05579212378147914,0.7277661797376251,0.14420316324716898,,COMPLETE
290,0.24488738753482378,2026-05-14 04:28:24.786648,2026-05-14 04:29:38.949993,0 days 00:01:14.163345,1,CAP_LAYER,0.45,SAME,0.7,2,0.05,0.01,0.6,0.08,3,2,0.6,5,WIDE_V2,0.5,,,,,,PRUNED
291,0.09109564604974944,2026-05-14 04:29:38.977401,2026-05-14 04:31:09.274930,0 days 00:01:30.297529,0,NO_NET_ADD,0.45,SAME,0.7,4,0.05,0.02,0.6,0.08,8,2,0.5,5,WIDE_V2,0.5,,,,,,PRUNED
292,0.2252773632042221,2026-05-14 04:31:09.299456,2026-05-14 04:32:27.851164,0 days 00:01:18.551708,0,CAP_LAYER,0.45,SAME,0.9,2,0.03,0.02,0.6,0.08,3,2,0.6,5,WIDE_V2,0.5,,,,,,PRUNED
293,-0.4904104940688074,2026-05-14 04:32:27.876139,2026-05-14 04:33:59.267535,0 days 00:01:31.391396,0,CAP_LAYER,0.25,SAME,0.7,2,0.05,0.02,0.6,0.08,4,2,0.5,10,WIDE_V2,0.5,-0.1366880242762168,0.14627167993914394,0.7074449395851812,0.28295970421536076,,COMPLETE
294,-0.4580988175090341,2026-05-14 04:33:59.292692,2026-05-14 04:37:33.968477,0 days 00:03:34.675785,1,CAP_LAYER,0.45,SAME,0.7,2,0.05,0.01,0.6,0.08,5,2,0.5,5,WIDE_V2,0.5,-0.093599025143757,0.06492129751552352,0.7289995847305542,0.1585203226592805,,COMPLETE
295,0.14857935908722741,2026-05-14 04:37:33.996328,2026-05-14 04:38:32.411458,0 days 00:00:58.415130,0,NORMAL,0.45,SAME,0.7,3,0.05,0.01,0.6,0.08,3,2,0.6,10,WIDE_V2,0.5,,,,,,PRUNED
296,0.2091910358196727,2026-05-14 04:38:32.434967,2026-05-14 04:39:25.600832,0 days 00:00:53.165865,0,NO_NET_ADD,0.45,SAME,0.8,2,0.03,0.02,0.6,0.08,3,2,0.5,10,WIDE_V2,0.5,,,,,,PRUNED
297,0.20718280830894717,2026-05-14 04:39:25.623362,2026-05-14 04:40:56.785240,0 days 00:01:31.161878,0,NORMAL,0.45,SAME,0.7,2,0.05,0.01,0.6,0.16,3,2,0.5,5,WIDE_V2,0.5,,,,,,PRUNED
298,-0.376469730007598,2026-05-14 04:40:56.811111,2026-05-14 04:43:13.992482,0 days 00:02:17.181371,0,CAP_LAYER,0.45,SAME,0.7,3,0.03,0.02,0.6,0.08,4,2,0.5,5,WIDE_V2,0.5,-0.027998117731963163,0.13371984189808567,0.6969432245512697,0.16171795963004884,,COMPLETE
299,0.10128735344100753,2026-05-14 04:43:14.017778,2026-05-14 04:44:49.041584,0 days 00:01:35.023806,0,CAP_LAYER,0.45,SAME,0.7,2,0.05,0.02,0.6,0.12,8,2,0.5,5,WIDE_V2,0.8,,,,,,PRUNED
300,-0.311943513174594,2026-05-14 04:44:49.066699,2026-05-14 04:44:49.704348,0 days 00:00:00.637649,0,CAP_LAYER,0.45,SAME,0.7,2,0.05,0.02,0.6,0.08,3,2,0.5,5,WIDE_V2,0.5,-0.03503602807514746,0.0022846139529225295,0.5538149701988931,0.03732064202806999,,COMPLETE
301,-0.035068880407247344,2026-05-14 04:44:49.729617,2026-05-14 04:45:20.318280,0 days 00:00:30.588663,0,CAP_LAYER,0.45,SAME,0.7,2,0.05,0.02,0.6,0.08,5,2,0.6,20,WIDE_V2,0.5,,,,,,PRUNED
302,0.21820661328096042,2026-05-14 04:45:20.344309,2026-05-14 04:46:41.478860,0 days 00:01:21.134551,1,CAP_LAYER,0.45,SAME,0.7,2,0.05,0.02,0.6,0.12,3,1,0.5,5,WIDE_V2,0.5,,,,,,PRUNED
303,-0.22741936023125991,2026-05-14 04:46:41.504645,2026-05-14 04:48:20.622284,0 days 00:01:39.117639,0,CAP_LAYER,0.25,SAME,0.8,2,0.05,0.02,0.3,0.08,10,2,0.5,5,WIDE_V2,0.8,,,,,,PRUNED
304,0.1580173175372289,2026-05-14 04:48:20.671934,2026-05-14 04:49:37.531127,0 days 00:01:16.859193,0,NO_NET_ADD,0.45,SAME,0.7,2,0.05,0.02,0.6,0.16,3,1,0.5,5,WIDE_V2,0.5,,,,,,PRUNED
305,-0.311943513174594,2026-05-14 04:49:37.555728,2026-05-14 04:49:38.244865,0 days 00:00:00.689137,0,CAP_LAYER,0.45,SAME,0.7,2,0.05,0.02,0.6,0.08,3,2,0.5,5,WIDE_V2,0.5,-0.03503602807514746,0.0022846139529225295,0.5538149701988931,0.03732064202806999,,COMPLETE
306,-0.311943513174594,2026-05-14 04:49:38.269217,2026-05-14 04:49:38.872743,0 days 00:00:00.603526,0,CAP_LAYER,0.45,SAME,0.7,2,0.05,0.02,0.6,0.08,3,2,0.5,5,WIDE_V2,0.5,-0.03503602807514746,0.0022846139529225295,0.5538149701988931,0.03732064202806999,,COMPLETE
307,0.19741925038687286,2026-05-14 04:49:38.914864,2026-05-14 04:50:53.071732,0 days 00:01:14.156868,0,CAP_LAYER,0.35,SAME,0.7,2,0.05,0.02,0.6,0.16,3,2,0.5,5,WIDE_V2,0.5,,,,,,PRUNED
308,-9999.0,2026-05-14 04:50:53.098681,2026-05-14 04:50:53.498129,0 days 00:00:00.399448,0,CAP_LAYER,0.45,SAME,0.7,4,0.05,0.02,0.3,0.08,4,2,0.7,5,WIDE_V2,0.5,,,,,BEAR_RATIO < NEUTRAL_RATIO < BULL_RATIO 约束违反: 0.45 / 0.7 / 0.7,COMPLETE
309,0.20227183313461056,2026-05-14 04:50:53.524649,2026-05-14 04:52:10.558525,0 days 00:01:17.033876,0,CAP_LAYER,0.25,SAME,0.7,2,0.05,0.02,0.6,0.08,3,2,0.6,5,WIDE_V2,0.65,,,,,,PRUNED
310,0.0659194981313123,2026-05-14 04:52:10.584241,2026-05-14 04:53:07.879899,0 days 00:00:57.295658,0,CAP_LAYER,0.45,ETF_DEFENSIVE,0.7,2,0.05,0.01,0.6,0.08,3,2,0.5,5,WIDE_V2,0.5,,,,,,PRUNED
311,0.10126684353243923,2026-05-14 04:53:07.905915,2026-05-14 04:54:13.305240,0 days 00:01:05.399325,0,CAP_LAYER,0.35,ETF_DEFENSIVE,0.7,2,0.05,0.02,0.6,0.08,6,2,0.5,5,WIDE_V2,0.5,,,,,,PRUNED
312,-0.45146440705031016,2026-05-14 04:54:13.332330,2026-05-14 04:58:09.273819,0 days 00:03:55.941489,0,CAP_LAYER,0.45,SAME,0.7,2,0.05,0.01,0.45,0.08,5,2,0.5,5,WIDE_V2,0.5,-0.08617059133899664,0.07241381636944513,0.7305876314226271,0.1585844077084418,,COMPLETE
313,0.2139097237749478,2026-05-14 04:58:09.299884,2026-05-14 04:59:26.074814,0 days 00:01:16.774930,0,CAP_LAYER,0.35,SAME,0.7,4,0.05,0.02,0.6,0.08,3,2,0.6,5,WIDE_V2,0.5,,,,,,PRUNED
314,0.0787758482567747,2026-05-14 04:59:26.099029,2026-05-14 05:00:44.128470,0 days 00:01:18.029441,0,CAP_LAYER,0.25,SAME,0.8,2,0.05,0.02,0.6,0.08,3,1,0.5,5,WIDE_V2,0.8,,,,,,PRUNED
315,0.20046768523193548,2026-05-14 05:00:44.155973,2026-05-14 05:02:01.260552,0 days 00:01:17.104579,0,NO_NET_ADD,0.45,SAME,0.7,4,0.05,0.02,0.6,0.08,3,2,0.6,5,WIDE_V2,0.5,,,,,,PRUNED
316,-0.05036368837801558,2026-05-14 05:02:01.311987,2026-05-14 05:03:11.404190,0 days 00:01:10.092203,0,CAP_LAYER,0.45,ETF_DEFENSIVE,0.7,4,0.05,0.02,0.6,0.08,10,2,0.5,5,WIDE_V2,0.5,,,,,,PRUNED
317,0.18910048412449737,2026-05-14 05:03:11.430510,2026-05-14 05:04:10.360420,0 days 00:00:58.929910,0,CAP_LAYER,0.45,ETF_DEFENSIVE,0.7,2,0.05,0.02,0.6,0.08,4,2,0.5,5,WIDE_V2,0.5,,,,,,PRUNED
318,0.1750152396470641,2026-05-14 05:04:10.386960,2026-05-14 05:04:52.494048,0 days 00:00:42.107088,0,CAP_LAYER,0.45,SAME,0.7,2,0.05,0.01,0.6,0.08,3,2,0.5,10,WIDE_V2,0.5,,,,,,PRUNED
319,0.13752182602859314,2026-05-14 05:04:52.521626,2026-05-14 05:06:17.705655,0 days 00:01:25.184029,0,CAP_LAYER,0.45,SAME,0.7,2,0.05,0.02,0.6,0.12,10,2,0.5,5,WIDE_V2,0.5,,,,,,PRUNED
320,-9999.0,2026-05-14 05:06:17.732237,2026-05-14 05:06:18.130637,0 days 00:00:00.398400,1,CAP_LAYER,0.45,SAME,0.7,2,0.05,0.02,0.6,0.08,4,1,0.7,5,WIDE_V2,0.5,,,,,BEAR_RATIO < NEUTRAL_RATIO < BULL_RATIO 约束违反: 0.45 / 0.7 / 0.7,COMPLETE
321,-9999.0,2026-05-14 05:06:18.157414,2026-05-14 05:06:18.516434,0 days 00:00:00.359020,1,CAP_LAYER,0.45,ETF_DEFENSIVE,0.7,2,0.05,0.02,0.6,0.16,3,2,0.7,5,WIDE_V2,0.5,,,,,BEAR_RATIO < NEUTRAL_RATIO < BULL_RATIO 约束违反: 0.45 / 0.7 / 0.7,COMPLETE
322,-0.38590300617533674,2026-05-14 05:06:18.542972,2026-05-14 05:10:09.341147,0 days 00:03:50.798175,0,CAP_LAYER,0.45,SAME,0.7,2,0.05,0.02,0.6,0.16,4,1,0.5,5,WIDE_V2,0.5,-0.03847675521530859,0.11562903869257961,0.6948525019200563,0.1541057939078882,,COMPLETE
323,0.2008591684228906,2026-05-14 05:10:09.368277,2026-05-14 05:11:28.541507,0 days 00:01:19.173230,0,CAP_LAYER,0.25,SAME,0.7,2,0.05,0.01,0.6,0.08,3,2,0.5,5,WIDE_V2,0.5,,,,,,PRUNED
324,-0.02063609486879054,2026-05-14 05:11:28.566806,2026-05-14 05:12:12.975393,0 days 00:00:44.408587,0,NO_NET_ADD,0.45,SAME,0.7,2,0.05,0.02,0.6,0.08,3,1,0.5,10,WIDE_V2,0.8,,,,,,PRUNED
325,-0.0029260186682683598,2026-05-14 05:12:13.001467,2026-05-14 05:12:39.288502,0 days 00:00:26.287035,1,CAP_LAYER,0.45,SAME,0.7,2,0.05,0.02,0.6,0.08,4,2,0.5,20,WIDE_V2,0.5,,,,,,PRUNED
326,0.1587171437658391,2026-05-14 05:12:39.315780,2026-05-14 05:13:57.361128,0 days 00:01:18.045348,1,CAP_LAYER,0.45,SAME,0.7,4,0.05,0.02,0.6,0.08,3,2,0.5,5,WIDE_V2,0.8,,,,,,PRUNED
327,-0.3944618724152212,2026-05-14 05:13:57.385879,2026-05-14 05:14:06.512337,0 days 00:00:09.126458,0,CAP_LAYER,0.45,SAME,0.7,2,0.05,0.02,0.6,0.12,3,2,0.6,5,ANCHOR_SATELLITE,0.5,,,,,,PRUNED
328,-0.311943513174594,2026-05-14 05:14:06.547150,2026-05-14 05:17:00.334602,0 days 00:02:53.787452,0,CAP_LAYER,0.45,SAME,0.7,2,0.05,0.01,0.6,0.08,3,1,0.5,5,WIDE_V2,0.5,-0.03503602807514746,0.0022846139529225295,0.5538149701988931,0.03732064202806999,,COMPLETE
329,-9999.0,2026-05-14 05:17:00.360332,2026-05-14 05:17:00.724137,0 days 00:00:00.363805,0,NORMAL,0.35,ETF_DEFENSIVE,0.7,2,0.05,0.02,0.6,0.08,10,2,0.7,5,WIDE_V2,0.5,,,,,BEAR_RATIO < NEUTRAL_RATIO < BULL_RATIO 约束违反: 0.35 / 0.7 / 0.7,COMPLETE
330,-0.1528105719791778,2026-05-14 05:17:00.748645,2026-05-14 05:17:14.167840,0 days 00:00:13.419195,0,CAP_LAYER,0.45,SAME,0.7,2,0.05,0.02,0.6,0.08,6,2,0.5,5,ANCHOR_SATELLITE,0.8,,,,,,PRUNED
331,0.23260337864165503,2026-05-14 05:17:14.192453,2026-05-14 05:18:33.926932,0 days 00:01:19.734479,0,NO_NET_ADD,0.45,SAME,0.7,2,0.05,0.01,0.6,0.08,3,2,0.5,5,WIDE_V2,0.5,,,,,,PRUNED
332,-9999.0,2026-05-14 05:18:33.953895,2026-05-14 05:18:34.340722,0 days 00:00:00.386827,0,CAP_LAYER,0.45,SAME,0.7,2,0.05,0.02,0.6,0.08,4,2,0.7,5,ANCHOR_SATELLITE,0.5,,,,,BEAR_RATIO < NEUTRAL_RATIO < BULL_RATIO 约束违反: 0.45 / 0.7 / 0.7,COMPLETE
333,0.10613961389595056,2026-05-14 05:18:34.368537,2026-05-14 05:19:16.397203,0 days 00:00:42.028666,0,NORMAL,0.45,SAME,0.9,2,0.05,0.02,0.6,0.08,10,2,0.5,20,WIDE_V2,0.5,,,,,,PRUNED
334,0.13126880525634274,2026-05-14 05:19:16.426932,2026-05-14 05:20:46.061700,0 days 00:01:29.634768,0,CAP_LAYER,0.45,SAME,0.7,4,0.05,0.01,0.3,0.08,10,2,0.5,5,WIDE_V2,0.5,,,,,,PRUNED
335,-0.4559660841608437,2026-05-14 05:20:46.087851,2026-05-14 05:23:15.143750,0 days 00:02:29.055899,0,CAP_LAYER,0.45,SAME,0.7,2,0.05,0.02,0.3,0.08,6,2,0.5,10,WIDE_V2,0.5,-0.06599081895632544,0.09631278282668913,0.7799505304090365,0.16230360178301456,,COMPLETE
336,0.02189037089868856,2026-05-14 05:23:15.167622,2026-05-14 05:23:42.574642,0 days 00:00:27.407020,0,CAP_LAYER,0.45,SAME,0.7,2,0.05,0.02,0.6,0.08,6,2,0.5,20,WIDE_V2,0.5,,,,,,PRUNED
337,0.2487166804001033,2026-05-14 05:23:42.600952,2026-05-14 05:25:01.780165,0 days 00:01:19.179213,0,CAP_LAYER,0.45,SAME,0.7,3,0.05,0.01,0.6,0.08,3,2,0.5,5,WIDE_V2,0.5,,,,,,PRUNED
338,-0.3651078846715936,2026-05-14 05:25:01.804360,2026-05-14 05:27:52.284925,0 days 00:02:50.480565,0,CAP_LAYER,0.45,SAME,0.8,2,0.05,0.02,0.6,0.08,3,2,0.5,5,WIDE_V2,0.65,-0.038852550243418084,0.0647225717270751,0.652510668856351,0.10357512197049318,,COMPLETE
339,-0.348826446529591,2026-05-14 05:27:52.308733,2026-05-14 05:30:05.245526,0 days 00:02:12.936793,0,CAP_LAYER,0.45,SAME,0.7,2,0.05,0.01,0.6,0.08,3,2,0.5,5,WIDE_V2,0.65,-0.021232264479312257,0.046847227582617286,0.6551883641005575,0.06807949206192954,,COMPLETE
340,-0.4243881728996118,2026-05-14 05:30:05.272325,2026-05-14 05:31:28.188685,0 days 00:01:22.916360,0,NORMAL,0.45,SAME,0.7,2,0.05,0.02,0.6,0.12,4,2,0.5,10,WIDE_V2,0.5,-0.0884198825669039,0.15894904364503182,0.6719365806654157,0.24736892621193574,,COMPLETE
341,0.2525461417764632,2026-05-14 05:31:28.215180,2026-05-14 05:32:43.311120,0 days 00:01:15.095940,0,CAP_LAYER,0.45,SAME,0.7,2,0.05,0.01,0.6,0.08,3,2,0.6,5,WIDE_V2,0.5,,,,,,PRUNED
342,-0.23148754638067115,2026-05-14 05:32:43.335264,2026-05-14 05:33:11.437560,0 days 00:00:28.102296,0,CAP_LAYER,0.45,SAME,0.7,2,0.05,0.01,0.6,0.08,3,2,0.5,20,WIDE_V2,0.8,,,,,,PRUNED
343,-0.5199381616028949,2026-05-14 05:33:11.465015,2026-05-14 05:36:09.484418,0 days 00:02:58.019403,0,CAP_LAYER,0.45,SAME,0.8,2,0.05,0.02,0.6,0.08,6,2,0.5,5,WIDE_V2,0.5,-0.12878370362494496,0.06709188762017418,0.7823089159558998,0.19587559124511913,,COMPLETE
344,-0.357725689304671,2026-05-14 05:36:09.508763,2026-05-14 05:36:21.371079,0 days 00:00:11.862316,0,CAP_LAYER,0.45,SAME,0.7,2,0.05,0.02,0.3,0.08,3,2,0.5,5,ANCHOR_SATELLITE,0.5,,,,,,PRUNED
345,0.1638706673218948,2026-05-14 05:36:21.396941,2026-05-14 05:37:38.633954,0 days 00:01:17.237013,0,CAP_LAYER,0.25,SAME,0.8,2,0.05,0.02,0.6,0.08,3,2,0.7,5,WIDE_V2,0.5,,,,,,PRUNED
346,-9999.0,2026-05-14 05:37:38.659746,2026-05-14 05:37:39.019845,0 days 00:00:00.360099,0,CAP_LAYER,0.25,SAME,0.7,2,0.05,0.02,0.6,0.08,3,2,0.7,10,WIDE_V2,0.5,,,,,BEAR_RATIO < NEUTRAL_RATIO < BULL_RATIO 约束违反: 0.25 / 0.7 / 0.7,COMPLETE
347,0.22760708934577714,2026-05-14 05:37:39.043595,2026-05-14 05:38:53.293788,0 days 00:01:14.250193,0,CAP_LAYER,0.45,SAME,0.8,2,0.05,0.02,0.6,0.12,3,2,0.5,5,WIDE_V2,0.5,,,,,,PRUNED
348,-9999.0,2026-05-14 05:38:53.318804,2026-05-14 05:38:53.677327,0 days 00:00:00.358523,0,CAP_LAYER,0.35,SAME,0.7,2,0.03,0.02,0.6,0.08,3,2,0.7,5,WIDE_V2,0.5,,,,,BEAR_RATIO < NEUTRAL_RATIO < BULL_RATIO 约束违反: 0.35 / 0.7 / 0.7,COMPLETE
349,0.147221204525385,2026-05-14 05:38:53.701895,2026-05-14 05:40:16.404484,0 days 00:01:22.702589,0,CAP_LAYER,0.45,SAME,0.8,3,0.05,0.02,0.6,0.08,3,2,0.5,5,WIDE_V2,0.8,,,,,,PRUNED
350,0.04793925108372249,2026-05-14 05:40:16.430369,2026-05-14 05:41:14.432632,0 days 00:00:58.002263,1,CAP_LAYER,0.45,ETF_DEFENSIVE,0.7,4,0.05,0.02,0.6,0.08,3,2,0.5,5,WIDE_V2,0.5,,,,,,PRUNED
351,-0.026964812105758074,2026-05-14 05:41:14.460273,2026-05-14 05:41:36.943405,0 days 00:00:22.483132,0,CAP_LAYER,0.25,SAME,0.8,2,0.05,0.02,0.6,0.08,3,2,0.5,20,WIDE_V2,0.5,,,,,,PRUNED
352,0.2504416468491144,2026-05-14 05:41:36.966768,2026-05-14 05:42:52.045379,0 days 00:01:15.078611,1,CAP_LAYER,0.45,SAME,0.7,2,0.05,0.01,0.45,0.08,3,2,0.5,5,WIDE_V2,0.5,,,,,,PRUNED
353,-9999.0,2026-05-14 05:42:52.070423,2026-05-14 05:42:52.524612,0 days 00:00:00.454189,0,CAP_LAYER,0.45,ETF_DEFENSIVE,0.7,2,0.05,0.02,0.6,0.08,3,2,0.7,5,WIDE_V2,0.5,,,,,BEAR_RATIO < NEUTRAL_RATIO < BULL_RATIO 约束违反: 0.45 / 0.7 / 0.7,COMPLETE
354,0.23978482536584048,2026-05-14 05:42:52.548654,2026-05-14 05:44:09.792073,0 days 00:01:17.243419,0,NORMAL,0.45,SAME,0.7,4,0.05,0.01,0.6,0.08,3,2,0.5,5,WIDE_V2,0.5,,,,,,PRUNED
355,0.134140757520118,2026-05-14 05:44:09.816552,2026-05-14 05:45:47.264670,0 days 00:01:37.448118,1,CAP_LAYER,0.45,SAME,0.7,2,0.05,0.02,0.6,0.08,10,2,0.5,5,WIDE_V2,0.5,,,,,,PRUNED
356,-0.39548993090914475,2026-05-14 05:45:47.307936,2026-05-14 05:45:53.880984,0 days 00:00:06.573048,0,CAP_LAYER,0.45,SAME,0.7,2,0.05,0.02,0.45,0.08,3,2,0.5,20,ANCHOR_SATELLITE,0.5,,,,,,PRUNED
357,-0.46090826143023556,2026-05-14 05:45:53.907327,2026-05-14 05:49:51.133079,0 days 00:03:57.225752,0,CAP_LAYER,0.45,SAME,0.7,2,0.05,0.01,0.6,0.12,5,2,0.5,5,WIDE_V2,0.5,-0.09167061827024216,0.05027721073604553,0.7384752863199868,0.1419478290062877,,COMPLETE
358,0.13126880525634274,2026-05-14 05:49:51.158961,2026-05-14 05:51:09.090752,0 days 00:01:17.931791,0,CAP_LAYER,0.45,SAME,0.7,4,0.05,0.02,0.6,0.08,10,2,0.5,5,WIDE_V2,0.5,,,,,,PRUNED
359,0.1455602320444063,2026-05-14 05:51:09.115081,2026-05-14 05:52:29.916080,0 days 00:01:20.800999,0,CAP_LAYER,0.45,SAME,0.7,2,0.05,0.02,0.3,0.08,10,2,0.5,5,WIDE_V2,0.5,,,,,,PRUNED
360,0.23170155536627618,2026-05-14 05:52:29.941020,2026-05-14 05:53:43.671372,0 days 00:01:13.730352,0,CAP_LAYER,0.45,SAME,0.8,4,0.05,0.01,0.6,0.08,3,2,0.5,5,WIDE_V2,0.5,,,,,,PRUNED
361,-0.507046717391758,2026-05-14 05:53:43.699431,2026-05-14 05:56:16.523553,0 days 00:02:32.824122,0,CAP_LAYER,0.45,SAME,0.7,2,0.05,0.01,0.6,0.08,6,2,0.5,5,WIDE_V2,0.5,-0.11553796387236534,0.06851263702844093,0.7830175070387853,0.18405060090080627,,COMPLETE
362,0.1933452033978174,2026-05-14 05:56:16.550443,2026-05-14 05:57:47.177036,0 days 00:01:30.626593,0,NORMAL,0.45,SAME,0.9,2,0.05,0.02,0.6,0.08,8,2,0.5,5,WIDE_V2,0.5,,,,,,PRUNED
363,0.25749048550607434,2026-05-14 05:57:47.206353,2026-05-14 05:59:10.167264,0 days 00:01:22.960911,0,CAP_LAYER,0.45,SAME,0.7,2,0.05,0.02,0.6,0.12,3,2,0.5,5,WIDE_V2,0.65,,,,,,PRUNED
364,0.11089028314535443,2026-05-14 05:59:10.192143,2026-05-14 06:00:41.356082,0 days 00:01:31.163939,0,CAP_LAYER,0.45,SAME,0.7,2,0.05,0.01,0.6,0.08,8,2,0.5,5,WIDE_V2,0.8,,,,,,PRUNED
365,-9999.0,2026-05-14 06:00:41.381292,2026-05-14 06:00:41.776554,0 days 00:00:00.395262,0,CAP_LAYER,0.45,SAME,0.7,2,0.05,0.02,0.6,0.08,10,2,0.7,5,WIDE_V2,0.5,,,,,BEAR_RATIO < NEUTRAL_RATIO < BULL_RATIO 约束违反: 0.45 / 0.7 / 0.7,COMPLETE
366,0.18964344514421216,2026-05-14 06:00:41.805028,2026-05-14 06:01:34.596218,0 days 00:00:52.791190,0,CAP_LAYER,0.35,SAME,0.7,2,0.05,0.02,0.6,0.08,8,2,0.5,10,WIDE_V2,0.65,,,,,,PRUNED
367,0.23301221659087937,2026-05-14 06:01:34.624603,2026-05-14 06:02:54.935468,0 days 00:01:20.310865,0,CAP_LAYER,0.35,SAME,0.7,2,0.05,0.02,0.3,0.08,3,2,0.5,5,WIDE_V2,0.5,,,,,,PRUNED
368,-0.07893441250627342,2026-05-14 06:02:54.962719,2026-05-14 06:03:34.116830,0 days 00:00:39.154111,0,CAP_LAYER,0.45,SAME,0.7,2,0.05,0.02,0.6,0.08,3,2,0.5,10,WIDE_V2,0.65,,,,,,PRUNED
369,-0.5168523143276755,2026-05-14 06:03:34.140415,2026-05-14 06:03:56.839483,0 days 00:00:22.699068,0,CAP_LAYER,0.35,SAME,0.9,2,0.05,0.02,0.6,0.08,8,2,0.5,5,ANCHOR_SATELLITE,0.5,,,,,,PRUNED
370,0.23638446885929174,2026-05-14 06:03:56.870797,2026-05-14 06:05:14.453265,0 days 00:01:17.582468,1,CAP_LAYER,0.45,SAME,0.7,4,0.05,0.02,0.6,0.08,3,2,0.6,5,WIDE_V2,0.5,,,,,,PRUNED
371,0.21125668931299155,2026-05-14 06:05:14.479064,2026-05-14 06:06:29.066668,0 days 00:01:14.587604,1,CAP_LAYER,0.45,SAME,0.7,4,0.03,0.02,0.6,0.08,3,2,0.5,5,WIDE_V2,0.5,,,,,,PRUNED
372,0.1474806388747804,2026-05-14 06:06:29.091796,2026-05-14 06:07:10.714676,0 days 00:00:41.622880,0,CAP_LAYER,0.45,SAME,0.7,2,0.05,0.02,0.6,0.12,3,2,0.6,10,WIDE_V2,0.5,,,,,,PRUNED
373,-0.14323996761888644,2026-05-14 06:07:10.739824,2026-05-14 06:07:27.767656,0 days 00:00:17.027832,0,CAP_LAYER,0.45,ETF_DEFENSIVE,0.7,2,0.05,0.02,0.6,0.08,3,2,0.5,20,WIDE_V2,0.5,,,,,,PRUNED
374,0.1548889537537962,2026-05-14 06:07:27.791480,2026-05-14 06:08:50.154044,0 days 00:01:22.362564,0,CAP_LAYER,0.45,SAME,0.9,2,0.05,0.02,0.6,0.08,3,2,0.5,5,WIDE_V2,0.8,,,,,,PRUNED
375,0.002213150564736005,2026-05-14 06:08:50.178126,2026-05-14 06:09:14.774909,0 days 00:00:24.596783,0,NO_NET_ADD,0.45,SAME,0.7,2,0.05,0.02,0.6,0.08,3,2,0.5,20,WIDE_V2,0.5,,,,,,PRUNED
376,-0.3625661845898867,2026-05-14 06:09:14.799741,2026-05-14 06:09:19.993156,0 days 00:00:05.193415,0,CAP_LAYER,0.45,SAME,0.7,2,0.03,0.02,0.6,0.08,3,2,0.5,5,ANCHOR_SATELLITE,0.65,,,,,,PRUNED
377,-0.033172307561787906,2026-05-14 06:09:20.018759,2026-05-14 06:09:43.952853,0 days 00:00:23.934094,1,CAP_LAYER,0.35,SAME,0.7,2,0.05,0.02,0.6,0.12,3,2,0.5,20,WIDE_V2,0.5,,,,,,PRUNED
378,-0.47595475738264054,2026-05-14 06:09:43.981509,2026-05-14 06:13:41.910635,0 days 00:03:57.929126,0,CAP_LAYER,0.35,SAME,0.7,2,0.05,0.02,0.6,0.08,5,2,0.5,5,WIDE_V2,0.5,-0.1110705122835111,0.055956804431560134,0.7297684901982588,0.16702731671507123,,COMPLETE
379,0.23677312830160582,2026-05-14 06:13:41.941738,2026-05-14 06:15:03.714289,0 days 00:01:21.772551,0,CAP_LAYER,0.45,SAME,0.7,2,0.05,0.01,0.6,0.12,3,2,0.5,5,WIDE_V2,0.5,,,,,,PRUNED
380,0.04245116733450755,2026-05-14 06:15:03.741410,2026-05-14 06:15:57.275335,0 days 00:00:53.533925,0,CAP_LAYER,0.45,ETF_DEFENSIVE,0.9,2,0.05,0.02,0.6,0.08,3,2,0.5,5,WIDE_V2,0.5,,,,,,PRUNED
381,-0.48091547363009046,2026-05-14 06:15:57.302262,2026-05-14 06:18:12.826696,0 days 00:02:15.524434,0,CAP_LAYER,0.45,SAME,0.9,2,0.05,0.02,0.6,0.08,5,2,0.5,5,WIDE_V2,0.5,-0.11151994778848051,0.05362314807691937,0.7387910516832199,0.16514309586539988,,COMPLETE
382,0.1428344553177786,2026-05-14 06:18:12.851877,2026-05-14 06:18:52.330171,0 days 00:00:39.478294,0,CAP_LAYER,0.45,SAME,0.9,2,0.05,0.02,0.6,0.16,3,2,0.5,10,WIDE_V2,0.5,,,,,,PRUNED
383,0.211838367894368,2026-05-14 06:18:52.361723,2026-05-14 06:20:08.326504,0 days 00:01:15.964781,0,NORMAL,0.45,SAME,0.7,4,0.05,0.02,0.6,0.12,3,2,0.5,5,WIDE_V2,0.5,,,,,,PRUNED
384,0.06357623750835495,2026-05-14 06:20:08.350932,2026-05-14 06:20:53.976402,0 days 00:00:45.625470,0,CAP_LAYER,0.45,SAME,0.7,2,0.03,0.02,0.6,0.08,5,2,0.5,10,WIDE_V2,0.65,,,,,,PRUNED
385,0.1912170623421301,2026-05-14 06:20:54.000970,2026-05-14 06:22:17.884870,0 days 00:01:23.883900,0,CAP_LAYER,0.25,SAME,0.7,3,0.05,0.02,0.45,0.08,3,2,0.5,5,WIDE_V2,0.5,,,,,,PRUNED
386,0.20990568196487575,2026-05-14 06:22:17.908055,2026-05-14 06:23:45.457650,0 days 00:01:27.549595,0,CAP_LAYER,0.45,SAME,0.7,2,0.05,0.02,0.6,0.16,8,2,0.6,5,WIDE_V2,0.5,,,,,,PRUNED
387,0.2432016038088997,2026-05-14 06:23:45.483683,2026-05-14 06:25:02.313289,0 days 00:01:16.829606,1,CAP_LAYER,0.45,SAME,0.7,3,0.05,0.02,0.6,0.08,3,2,0.5,5,WIDE_V2,0.5,,,,,,PRUNED
388,0.1757988137476315,2026-05-14 06:25:02.338708,2026-05-14 06:25:48.997154,0 days 00:00:46.658446,0,CAP_LAYER,0.45,SAME,0.9,2,0.05,0.02,0.6,0.08,8,2,0.5,10,WIDE_V2,0.5,,,,,,PRUNED
389,-0.4349734231443414,2026-05-14 06:25:49.022489,2026-05-14 06:29:47.715772,0 days 00:03:58.693283,0,NO_NET_ADD,0.45,SAME,0.7,2,0.05,0.02,0.6,0.08,4,2,0.5,5,WIDE_V2,0.5,-0.08582980673022643,0.12597310778106974,0.6982872328282299,0.21180291451129618,,COMPLETE
390,0.10398442452913464,2026-05-14 06:29:47.740958,2026-05-14 06:30:29.095347,0 days 00:00:41.354389,0,CAP_LAYER,0.45,SAME,0.7,2,0.05,0.02,0.6,0.16,10,2,0.5,20,WIDE_V2,0.5,,,,,,PRUNED
391,0.22697331605230964,2026-05-14 06:30:29.126907,2026-05-14 06:31:48.421880,0 days 00:01:19.294973,1,CAP_LAYER,0.45,SAME,0.9,2,0.05,0.02,0.3,0.08,3,2,0.5,5,WIDE_V2,0.5,,,,,,PRUNED
392,0.23637162659597621,2026-05-14 06:31:48.448528,2026-05-14 06:33:03.183564,0 days 00:01:14.735036,1,CAP_LAYER,0.45,SAME,0.8,2,0.05,0.02,0.6,0.08,3,2,0.5,5,WIDE_V2,0.5,,,,,,PRUNED
393,-0.5961191184496978,2026-05-14 06:33:03.209829,2026-05-14 06:35:32.413710,0 days 00:02:29.203881,0,NO_NET_ADD,0.25,SAME,0.7,2,0.05,0.02,0.6,0.08,5,2,0.5,5,WIDE_V2,0.5,-0.2220723212956654,0.025713621096095058,0.7480935943080648,0.24778594239176047,,COMPLETE
394,0.23301221659087937,2026-05-14 06:35:32.441119,2026-05-14 06:36:49.441014,0 days 00:01:16.999895,0,CAP_LAYER,0.35,SAME,0.7,2,0.05,0.02,0.6,0.08,3,1,0.5,5,WIDE_V2,0.5,,,,,,PRUNED
395,0.017726249168612332,2026-05-14 06:36:49.466867,2026-05-14 06:37:45.600398,0 days 00:00:56.133531,0,CAP_LAYER,0.45,ETF_DEFENSIVE,0.7,2,0.03,0.02,0.6,0.16,3,2,0.5,5,WIDE_V2,0.5,,,,,,PRUNED
396,0.24929021699652526,2026-05-14 06:37:45.623967,2026-05-14 06:39:00.274933,0 days 00:01:14.650966,0,CAP_LAYER,0.45,SAME,0.7,3,0.05,0.02,0.3,0.08,3,2,0.6,5,WIDE_V2,0.5,,,,,,PRUNED
397,0.23301221659087937,2026-05-14 06:39:00.298490,2026-05-14 06:40:16.219624,0 days 00:01:15.921134,0,CAP_LAYER,0.35,SAME,0.7,2,0.05,0.01,0.6,0.08,3,2,0.5,5,WIDE_V2,0.5,,,,,,PRUNED
398,0.2480339546150649,2026-05-14 06:40:16.243441,2026-05-14 06:41:30.717005,0 days 00:01:14.473564,0,CAP_LAYER,0.45,SAME,0.7,4,0.05,0.01,0.6,0.08,3,2,0.5,5,WIDE_V2,0.5,,,,,,PRUNED
399,0.22366282151818728,2026-05-14 06:41:30.743061,2026-05-14 06:42:53.125520,0 days 00:01:22.382459,0,CAP_LAYER,0.45,SAME,0.9,3,0.05,0.02,0.3,0.08,3,2,0.5,5,WIDE_V2,0.5,,,,,,PRUNED
400,0.11911928302962041,2026-05-14 06:42:53.150142,2026-05-14 06:44:22.978417,0 days 00:01:29.828275,0,NORMAL,0.45,SAME,0.7,2,0.05,0.02,0.45,0.08,10,1,0.5,5,WIDE_V2,0.5,,,,,,PRUNED
401,0.17770651604119525,2026-05-14 06:44:23.004787,2026-05-14 06:45:37.562776,0 days 00:01:14.557989,0,CAP_LAYER,0.25,SAME,0.7,2,0.05,0.02,0.6,0.12,3,2,0.5,5,WIDE_V2,0.5,,,,,,PRUNED
402,-9999.0,2026-05-14 06:45:37.586697,2026-05-14 06:45:37.977603,0 days 00:00:00.390906,0,CAP_LAYER,0.45,SAME,0.7,3,0.05,0.02,0.6,0.08,3,2,0.7,5,WIDE_V2,0.5,,,,,BEAR_RATIO < NEUTRAL_RATIO < BULL_RATIO 约束违反: 0.45 / 0.7 / 0.7,COMPLETE
403,-0.45146440705031016,2026-05-14 06:45:38.003117,2026-05-14 06:47:52.603135,0 days 00:02:14.600018,0,CAP_LAYER,0.45,SAME,0.7,2,0.05,0.02,0.6,0.08,5,1,0.5,5,WIDE_V2,0.5,-0.08617059133899664,0.07241381636944513,0.7305876314226271,0.1585844077084418,,COMPLETE
404,-0.45380887175716494,2026-05-14 06:47:52.628495,2026-05-14 06:50:11.181140,0 days 00:02:18.552645,0,CAP_LAYER,0.45,SAME,0.7,2,0.03,0.02,0.6,0.08,5,2,0.5,5,WIDE_V2,0.5,-0.09043541636360304,0.06726862257461694,0.7267469107871238,0.15770403893822,,COMPLETE
405,0.243571435401933,2026-05-14 06:50:11.209623,2026-05-14 06:51:28.547205,0 days 00:01:17.337582,0,CAP_LAYER,0.45,SAME,0.8,2,0.05,0.01,0.6,0.08,3,2,0.5,5,WIDE_V2,0.5,,,,,,PRUNED
406,-0.021532909315092164,2026-05-14 06:51:28.570694,2026-05-14 06:51:51.897024,0 days 00:00:23.326330,0,CAP_LAYER,0.45,SAME,0.8,2,0.05,0.02,0.6,0.08,3,2,0.6,20,WIDE_V2,0.5,,,,,,PRUNED
407,-0.014537143847364514,2026-05-14 06:51:51.922273,2026-05-14 06:52:15.353653,0 days 00:00:23.431380,0,CAP_LAYER,0.35,SAME,0.7,2,0.05,0.02,0.6,0.08,3,2,0.5,20,WIDE_V2,0.5,,,,,,PRUNED
408,-0.4085131538160618,2026-05-14 06:52:15.474358,2026-05-14 06:54:32.611219,0 days 00:02:17.136861,0,NO_NET_ADD,0.45,SAME,0.7,2,0.05,0.02,0.3,0.08,3,2,0.5,5,WIDE_V2,0.65,-0.0670033707070102,0.03618060222819482,0.6830195662181031,0.10318397293520504,,COMPLETE
409,-0.433789709235171,2026-05-14 06:54:32.635215,2026-05-14 06:54:41.876103,0 days 00:00:09.240888,0,CAP_LAYER,0.45,SAME,0.7,2,0.05,0.02,0.6,0.08,3,2,0.5,10,ANCHOR_SATELLITE,0.5,,,,,,PRUNED
410,0.17640449899742852,2026-05-14 06:54:41.901405,2026-05-14 06:56:05.426788,0 days 00:01:23.525383,0,NO_NET_ADD,0.45,SAME,0.7,2,0.05,0.02,0.6,0.08,3,2,0.5,5,WIDE_V2,0.8,,,,,,PRUNED
411,0.1755048017876987,2026-05-14 06:56:05.454155,2026-05-14 06:56:46.551225,0 days 00:00:41.097070,1,CAP_LAYER,0.45,SAME,0.7,2,0.05,0.02,0.6,0.08,3,2,0.5,10,WIDE_V2,0.5,,,,,,PRUNED
412,-0.5537975381466925,2026-05-14 06:56:46.576718,2026-05-14 06:56:51.800076,0 days 00:00:05.223358,1,CAP_LAYER,0.25,SAME,0.7,2,0.05,0.02,0.6,0.08,3,2,0.6,5,ANCHOR_SATELLITE,0.5,,,,,,PRUNED
413,0.25099239456903844,2026-05-14 06:56:51.824492,2026-05-14 06:58:08.933013,0 days 00:01:17.108521,1,NORMAL,0.45,SAME,0.7,2,0.05,0.02,0.6,0.08,3,2,0.5,5,WIDE_V2,0.5,,,,,,PRUNED
414,-9999.0,2026-05-14 06:58:08.960490,2026-05-14 06:58:09.321198,0 days 00:00:00.360708,0,CAP_LAYER,0.45,SAME,0.7,4,0.05,0.02,0.6,0.08,3,2,0.7,5,WIDE_V2,0.5,,,,,BEAR_RATIO < NEUTRAL_RATIO < BULL_RATIO 约束违反: 0.45 / 0.7 / 0.7,COMPLETE
415,0.20015935327542334,2026-05-14 06:58:09.347139,2026-05-14 06:59:23.891447,0 days 00:01:14.544308,0,NORMAL,0.45,SAME,0.7,2,0.05,0.02,0.6,0.16,3,2,0.6,5,WIDE_V2,0.5,,,,,,PRUNED
416,0.2480339546150649,2026-05-14 06:59:23.916121,2026-05-14 07:00:40.802714,0 days 00:01:16.886593,0,CAP_LAYER,0.45,SAME,0.7,4,0.05,0.02,0.3,0.08,3,1,0.5,5,WIDE_V2,0.5,,,,,,PRUNED
417,0.08459917202316417,2026-05-14 07:00:40.827965,2026-05-14 07:01:55.252056,0 days 00:01:14.424091,0,NO_NET_ADD,0.45,SAME,0.8,2,0.05,0.02,0.6,0.16,3,2,0.5,5,WIDE_V2,0.8,,,,,,PRUNED
418,-0.018993172965195926,2026-05-14 07:01:55.275549,2026-05-14 07:02:22.031143,0 days 00:00:26.755594,0,CAP_LAYER,0.25,SAME,0.9,2,0.03,0.01,0.6,0.08,3,2,0.5,20,WIDE_V2,0.5,,,,,,PRUNED
419,0.13788761010267137,2026-05-14 07:02:22.058010,2026-05-14 07:03:39.132159,0 days 00:01:17.074149,0,CAP_LAYER,0.45,SAME,0.9,4,0.03,0.02,0.6,0.16,3,2,0.5,5,WIDE_V2,0.5,,,,,,PRUNED
420,0.09174396098333962,2026-05-14 07:03:39.156365,2026-05-14 07:04:54.027795,0 days 00:01:14.871430,0,CAP_LAYER,0.25,SAME,0.7,2,0.05,0.02,0.6,0.08,3,2,0.5,5,WIDE_V2,0.8,,,,,,PRUNED
421,0.06299794666550018,2026-05-14 07:04:54.053400,2026-05-14 07:05:49.077709,0 days 00:00:55.024309,0,NO_NET_ADD,0.45,ETF_DEFENSIVE,0.7,2,0.05,0.02,0.6,0.08,3,2,0.5,5,WIDE_V2,0.5,,,,,,PRUNED
422,-9999.0,2026-05-14 07:05:49.105036,2026-05-14 07:05:49.465946,0 days 00:00:00.360910,1,CAP_LAYER,0.45,SAME,0.7,2,0.05,0.02,0.45,0.08,3,2,0.7,5,WIDE_V2,0.5,,,,,BEAR_RATIO < NEUTRAL_RATIO < BULL_RATIO 约束违反: 0.45 / 0.7 / 0.7,COMPLETE
423,0.22383628698321686,2026-05-14 07:05:49.490526,2026-05-14 07:07:20.134823,0 days 00:01:30.644297,0,CAP_LAYER,0.45,SAME,0.8,2,0.05,0.02,0.6,0.08,8,1,0.5,5,WIDE_V2,0.5,,,,,,PRUNED
424,-0.38676502638937227,2026-05-14 07:07:20.155813,2026-05-14 07:07:30.454101,0 days 00:00:10.298288,0,CAP_LAYER,0.45,SAME,0.9,2,0.05,0.02,0.6,0.16,3,2,0.5,5,ANCHOR_SATELLITE,0.5,,,,,,PRUNED
425,-0.5521156562426961,2026-05-14 07:07:30.480926,2026-05-14 07:11:30.732658,0 days 00:04:00.251732,0,CAP_LAYER,0.45,SAME,0.7,2,0.05,0.02,0.6,0.08,4,2,0.5,5,WIDE_V2,0.8,-0.13755029048659256,0.07963996822260598,0.8291307315122072,0.21719025870919856,,COMPLETE
426,-0.4589576217573321,2026-05-14 07:11:30.757702,2026-05-14 07:13:54.236679,0 days 00:02:23.478977,0,NORMAL,0.45,SAME,0.7,2,0.05,0.02,0.6,0.08,5,2,0.5,5,WIDE_V2,0.5,-0.09670448925375677,0.06655963806978193,0.7245062650071507,0.1632641273235387,,COMPLETE
427,0.19983077842948196,2026-05-14 07:13:54.264882,2026-05-14 07:15:22.436449,0 days 00:01:28.171567,0,CAP_LAYER,0.45,SAME,0.7,3,0.05,0.02,0.6,0.08,6,2,0.5,5,WIDE_V2,0.8,,,,,,PRUNED
428,0.21853335838851679,2026-05-14 07:15:22.458767,2026-05-14 07:16:44.940080,0 days 00:01:22.481313,0,NO_NET_ADD,0.45,SAME,0.8,2,0.05,0.02,0.6,0.08,3,2,0.5,5,WIDE_V2,0.5,,,,,,PRUNED
429,-0.3574296867331643,2026-05-14 07:16:44.963372,2026-05-14 07:16:56.332589,0 days 00:00:11.369217,0,CAP_LAYER,0.45,SAME,0.7,2,0.05,0.02,0.6,0.08,3,1,0.5,5,ANCHOR_SATELLITE,0.5,,,,,,PRUNED
430,0.23677312830160582,2026-05-14 07:16:56.358043,2026-05-14 07:18:12.579535,0 days 00:01:16.221492,0,CAP_LAYER,0.45,SAME,0.7,2,0.05,0.02,0.45,0.12,3,2,0.5,5,WIDE_V2,0.5,,,,,,PRUNED
431,0.23799538709797766,2026-05-14 07:18:12.604523,2026-05-14 07:19:43.219893,0 days 00:01:30.615370,0,CAP_LAYER,0.45,SAME,0.7,2,0.05,0.01,0.6,0.08,8,2,0.5,5,WIDE_V2,0.5,,,,,,PRUNED
432,0.05294271870518257,2026-05-14 07:19:43.243773,2026-05-14 07:20:37.740763,0 days 00:00:54.496990,0,CAP_LAYER,0.45,ETF_DEFENSIVE,0.7,2,0.05,0.02,0.6,0.08,3,2,0.6,5,WIDE_V2,0.5,,,,,,PRUNED
433,-0.45646097885391756,2026-05-14 07:20:37.764702,2026-05-14 07:20:59.147116,0 days 00:00:21.382414,0,CAP_LAYER,0.45,SAME,0.7,2,0.03,0.02,0.6,0.08,8,2,0.5,5,ANCHOR_SATELLITE,0.5,,,,,,PRUNED
434,0.21995503290893276,2026-05-14 07:20:59.173525,2026-05-14 07:22:12.882631,0 days 00:01:13.709106,0,CAP_LAYER,0.45,SAME,0.9,4,0.05,0.02,0.6,0.08,3,2,0.5,5,WIDE_V2,0.5,,,,,,PRUNED
435,-0.03571429631120299,2026-05-14 07:22:12.934245,2026-05-14 07:22:43.346735,0 days 00:00:30.412490,0,CAP_LAYER,0.45,SAME,0.8,2,0.05,0.02,0.45,0.08,5,2,0.5,20,WIDE_V2,0.5,,,,,,PRUNED
436,0.1293369190724471,2026-05-14 07:22:43.369548,2026-05-14 07:24:04.377745,0 days 00:01:21.008197,0,CAP_LAYER,0.35,SAME,0.7,2,0.05,0.02,0.6,0.12,3,2,0.5,5,WIDE_V2,0.8,,,,,,PRUNED
437,0.2249522372847977,2026-05-14 07:24:04.402529,2026-05-14 07:25:20.297752,0 days 00:01:15.895223,0,NORMAL,0.45,SAME,0.8,3,0.05,0.02,0.6,0.08,3,2,0.5,5,WIDE_V2,0.5,,,,,,PRUNED
438,0.1365594355518567,2026-05-14 07:25:20.318438,2026-05-14 07:26:58.009056,0 days 00:01:37.690618,0,CAP_LAYER,0.45,SAME,0.8,2,0.05,0.02,0.6,0.08,10,2,0.5,5,WIDE_V2,0.5,,,,,,PRUNED
439,-0.020511554692157957,2026-05-14 07:26:58.034103,2026-05-14 07:28:17.491335,0 days 00:01:19.457232,0,NO_NET_ADD,0.45,SAME,0.7,2,0.05,0.02,0.6,0.08,10,2,0.5,5,WIDE_V2,0.5,,,,,,PRUNED
440,0.1764323733707165,2026-05-14 07:28:17.525681,2026-05-14 07:29:34.455545,0 days 00:01:16.929864,0,CAP_LAYER,0.45,SAME,0.7,2,0.05,0.02,0.3,0.08,3,2,0.5,5,WIDE_V2,0.8,,,,,,PRUNED
441,-0.006295282391590662,2026-05-14 07:29:34.478800,2026-05-14 07:30:35.689342,0 days 00:01:01.210542,0,CAP_LAYER,0.25,ETF_DEFENSIVE,0.7,2,0.05,0.02,0.6,0.08,3,2,0.5,5,WIDE_V2,0.5,,,,,,PRUNED
442,0.23260337864165503,2026-05-14 07:30:35.715813,2026-05-14 07:31:48.278880,0 days 00:01:12.563067,0,NO_NET_ADD,0.45,SAME,0.7,2,0.05,0.02,0.45,0.08,3,2,0.5,5,WIDE_V2,0.5,,,,,,PRUNED
443,-9999.0,2026-05-14 07:31:48.301883,2026-05-14 07:31:48.612442,0 days 00:00:00.310559,0,CAP_LAYER,0.45,SAME,0.7,2,0.05,0.02,0.6,0.08,3,2,0.7,20,WIDE_V2,0.5,,,,,BEAR_RATIO < NEUTRAL_RATIO < BULL_RATIO 约束违反: 0.45 / 0.7 / 0.7,COMPLETE
444,-0.20592412420726164,2026-05-14 07:31:48.635246,2026-05-14 07:33:23.379389,0 days 00:01:34.744143,0,CAP_LAYER,0.45,SAME,0.7,2,0.05,0.02,0.6,0.08,10,2,0.5,5,WIDE_V2,0.8,,,,,,PRUNED
445,-9999.0,2026-05-14 07:33:23.405705,2026-05-14 07:33:23.760152,0 days 00:00:00.354447,0,CAP_LAYER,0.45,SAME,0.7,2,0.05,0.02,0.3,0.08,3,2,0.7,5,WIDE_V2,0.5,,,,,BEAR_RATIO < NEUTRAL_RATIO < BULL_RATIO 约束违反: 0.45 / 0.7 / 0.7,COMPLETE
446,-0.010465234969202625,2026-05-14 07:33:23.785600,2026-05-14 07:33:50.595655,0 days 00:00:26.810055,0,CAP_LAYER,0.45,SAME,0.7,2,0.05,0.02,0.6,0.08,3,1,0.5,20,WIDE_V2,0.5,,,,,,PRUNED
447,-0.5468546076554588,2026-05-14 07:33:50.620145,2026-05-14 07:37:52.598715,0 days 00:04:01.978570,0,CAP_LAYER,0.45,SAME,0.8,2,0.03,0.02,0.6,0.08,6,2,0.7,5,WIDE_V2,0.5,-0.13954699801088738,0.08973837002604755,0.8146152192891427,0.22928536803693494,,COMPLETE
448,0.2525461417764632,2026-05-14 07:37:52.623684,2026-05-14 07:39:08.820183,0 days 00:01:16.196499,0,CAP_LAYER,0.45,SAME,0.7,2,0.05,0.02,0.45,0.08,3,1,0.6,5,WIDE_V2,0.5,,,,,,PRUNED
449,0.2341731248582664,2026-05-14 07:39:08.845563,2026-05-14 07:40:24.554400,0 days 00:01:15.708837,0,CAP_LAYER,0.45,SAME,0.9,2,0.05,0.02,0.45,0.08,3,2,0.5,5,WIDE_V2,0.5,,,,,,PRUNED
450,0.1936964335364457,2026-05-14 07:40:24.579627,2026-05-14 07:41:38.503328,0 days 00:01:13.923701,0,CAP_LAYER,0.35,SAME,0.7,4,0.05,0.02,0.6,0.12,3,2,0.5,5,WIDE_V2,0.5,,,,,,PRUNED
451,-0.4784740465077116,2026-05-14 07:41:38.529091,2026-05-14 07:44:06.361899,0 days 00:02:27.832808,0,CAP_LAYER,0.45,SAME,0.7,4,0.05,0.02,0.6,0.16,5,2,0.5,5,WIDE_V2,0.5,-0.11141872585664991,-0.01650664156328378,0.7341106413021233,0.09491208429336613,,COMPLETE
452,0.1433211901973205,2026-05-14 07:44:06.387243,2026-05-14 07:45:41.331891,0 days 00:01:34.944648,0,CAP_LAYER,0.45,SAME,0.7,2,0.03,0.02,0.6,0.08,10,2,0.5,5,WIDE_V2,0.5,,,,,,PRUNED
453,-0.2005731583117847,2026-05-14 07:45:41.357587,2026-05-14 07:46:39.157639,0 days 00:00:57.800052,0,CAP_LAYER,0.45,ETF_DEFENSIVE,0.7,4,0.05,0.02,0.6,0.08,3,2,0.5,5,WIDE_V2,0.8,,,,,,PRUNED
454,0.2095438857940746,2026-05-14 07:46:39.182869,2026-05-14 07:48:01.549604,0 days 00:01:22.366735,0,CAP_LAYER,0.35,SAME,0.9,2,0.05,0.02,0.6,0.08,3,2,0.5,5,WIDE_V2,0.5,,,,,,PRUNED
455,0.214570958463217,2026-05-14 07:48:01.576751,2026-05-14 07:49:17.037972,0 days 00:01:15.461221,0,NORMAL,0.45,SAME,0.9,2,0.05,0.02,0.6,0.12,3,2,0.5,5,WIDE_V2,0.5,,,,,,PRUNED
456,0.2428538435475913,2026-05-14 07:49:17.064082,2026-05-14 07:50:34.665930,0 days 00:01:17.601848,0,NORMAL,0.45,SAME,0.7,2,0.05,0.02,0.45,0.08,3,2,0.6,5,WIDE_V2,0.5,,,,,,PRUNED
457,-0.04585922261405112,2026-05-14 07:50:34.692071,2026-05-14 07:50:59.071258,0 days 00:00:24.379187,0,CAP_LAYER,0.45,SAME,0.7,2,0.05,0.01,0.6,0.16,3,2,0.5,20,WIDE_V2,0.5,,,,,,PRUNED
458,-9999.0,2026-05-14 07:50:59.098305,2026-05-14 07:50:59.568815,0 days 00:00:00.470510,0,CAP_LAYER,0.45,SAME,0.7,2,0.05,0.02,0.6,0.08,3,1,0.7,5,WIDE_V2,0.5,,,,,BEAR_RATIO < NEUTRAL_RATIO < BULL_RATIO 约束违反: 0.45 / 0.7 / 0.7,COMPLETE
459,-0.04585922261405112,2026-05-14 07:50:59.593895,2026-05-14 07:51:20.556689,0 days 00:00:20.962794,0,CAP_LAYER,0.45,SAME,0.7,2,0.05,0.02,0.3,0.16,3,2,0.5,20,WIDE_V2,0.5,,,,,,PRUNED
460,0.13493854443465006,2026-05-14 07:51:20.582713,2026-05-14 07:52:36.810954,0 days 00:01:16.228241,0,CAP_LAYER,0.35,SAME,0.7,2,0.05,0.02,0.6,0.08,3,2,0.6,5,WIDE_V2,0.8,,,,,,PRUNED
461,-0.36365204164600984,2026-05-14 07:52:36.835600,2026-05-14 07:52:48.515606,0 days 00:00:11.680006,0,CAP_LAYER,0.45,SAME,0.7,4,0.05,0.02,0.6,0.08,3,2,0.5,5,ANCHOR_SATELLITE,0.5,,,,,,PRUNED
462,-0.36650393252114677,2026-05-14 07:52:48.541541,2026-05-14 07:52:53.715727,0 days 00:00:05.174186,1,CAP_LAYER,0.45,SAME,0.7,2,0.05,0.02,0.6,0.08,3,2,0.5,5,ANCHOR_SATELLITE,0.5,,,,,,PRUNED
463,-0.383486291644774,2026-05-14 07:52:53.743047,2026-05-14 07:56:42.576934,0 days 00:03:48.833887,0,NORMAL,0.45,SAME,0.9,2,0.05,0.01,0.6,0.08,3,2,0.5,5,WIDE_V2,0.65,-0.051880700909749784,0.06140835028490478,0.6632111814700484,0.11328905119465457,,COMPLETE
464,-0.43846404182164495,2026-05-14 07:56:42.605489,2026-05-14 07:58:59.212400,0 days 00:02:16.606911,0,NO_NET_ADD,0.45,SAME,0.9,2,0.05,0.02,0.6,0.08,3,2,0.5,5,WIDE_V2,0.65,-0.09919388741028012,0.052353009990638785,0.6785403088227296,0.15154689740091892,,COMPLETE
465,0.21056405285903532,2026-05-14 07:58:59.235960,2026-05-14 08:00:15.954323,0 days 00:01:16.718363,0,CAP_LAYER,0.45,SAME,0.8,4,0.03,0.02,0.6,0.08,3,2,0.5,5,WIDE_V2,0.5,,,,,,PRUNED
466,0.12360116264279597,2026-05-14 08:00:15.978898,2026-05-14 08:01:49.323760,0 days 00:01:33.344862,0,CAP_LAYER,0.45,SAME,0.7,2,0.05,0.02,0.6,0.08,10,2,0.6,5,WIDE_V2,0.65,,,,,,PRUNED
467,0.15166679668254252,2026-05-14 08:01:49.349098,2026-05-14 08:03:19.078963,0 days 00:01:29.729865,0,CAP_LAYER,0.45,SAME,0.8,2,0.03,0.02,0.6,0.08,5,2,0.5,5,WIDE_V2,0.8,,,,,,PRUNED
468,0.1173426148297246,2026-05-14 08:03:19.103306,2026-05-14 08:04:53.306261,0 days 00:01:34.202955,0,CAP_LAYER,0.45,SAME,0.7,2,0.05,0.01,0.6,0.16,10,2,0.5,5,WIDE_V2,0.5,,,,,,PRUNED
469,0.0253710107811985,2026-05-14 08:04:53.332437,2026-05-14 08:05:50.397777,0 days 00:00:57.065340,0,CAP_LAYER,0.45,ETF_DEFENSIVE,0.7,2,0.05,0.02,0.6,0.16,3,2,0.5,5,WIDE_V2,0.5,,,,,,PRUNED
470,0.1764323733707165,2026-05-14 08:05:50.423471,2026-05-14 08:07:06.343471,0 days 00:01:15.920000,0,CAP_LAYER,0.45,SAME,0.7,2,0.05,0.01,0.6,0.08,3,2,0.5,5,WIDE_V2,0.8,,,,,,PRUNED
471,-0.311943513174594,2026-05-14 08:07:06.390787,2026-05-14 08:07:07.023515,0 days 00:00:00.632728,0,CAP_LAYER,0.45,SAME,0.7,2,0.05,0.02,0.6,0.08,3,2,0.5,5,WIDE_V2,0.5,-0.03503602807514746,0.0022846139529225295,0.5538149701988931,0.03732064202806999,,COMPLETE
472,0.20295237329059357,2026-05-14 08:07:07.048497,2026-05-14 08:08:25.538404,0 days 00:01:18.489907,0,NO_NET_ADD,0.45,SAME,0.7,2,0.05,0.02,0.6,0.12,3,2,0.5,5,WIDE_V2,0.5,,,,,,PRUNED
473,0.026090614122970708,2026-05-14 08:08:25.566674,2026-05-14 08:09:22.628231,0 days 00:00:57.061557,0,CAP_LAYER,0.45,ETF_DEFENSIVE,0.7,3,0.05,0.02,0.6,0.12,3,2,0.5,5,WIDE_V2,0.5,,,,,,PRUNED
474,0.2360364199457966,2026-05-14 08:09:22.653255,2026-05-14 08:10:40.281159,0 days 00:01:17.627904,0,CAP_LAYER,0.45,SAME,0.7,3,0.03,0.02,0.6,0.08,3,2,0.5,5,WIDE_V2,0.5,,,,,,PRUNED
475,0.22455276295754228,2026-05-14 08:10:40.304847,2026-05-14 08:11:56.507989,0 days 00:01:16.203142,0,CAP_LAYER,0.45,SAME,0.7,3,0.05,0.02,0.6,0.12,3,2,0.5,5,WIDE_V2,0.5,,,,,,PRUNED
476,-0.38467128086188396,2026-05-14 08:11:56.532215,2026-05-14 08:15:45.990517,0 days 00:03:49.458302,1,CAP_LAYER,0.45,SAME,0.9,2,0.05,0.02,0.6,0.08,3,2,0.5,5,WIDE_V2,0.65,-0.05512787666935905,0.05840829365225516,0.6590868083850498,0.1135361703216142,,COMPLETE
477,-0.42941651120110014,2026-05-14 08:15:46.015241,2026-05-14 08:18:11.999349,0 days 00:02:25.984108,0,CAP_LAYER,0.25,SAME,0.7,2,0.05,0.02,0.6,0.08,4,2,0.5,5,WIDE_V2,0.5,-0.08741353260311546,0.11123170606607624,0.6840059571959693,0.1986452386691917,,COMPLETE
478,0.12983577624092932,2026-05-14 08:18:12.022883,2026-05-14 08:19:47.164609,0 days 00:01:35.141726,0,CAP_LAYER,0.25,SAME,0.7,2,0.05,0.02,0.6,0.08,10,2,0.5,5,WIDE_V2,0.65,,,,,,PRUNED
479,-0.41703352875358685,2026-05-14 08:19:47.186228,2026-05-14 08:19:57.850750,0 days 00:00:10.664522,0,CAP_LAYER,0.45,SAME,0.9,2,0.05,0.02,0.6,0.08,3,2,0.6,5,ANCHOR_SATELLITE,0.5,,,,,,PRUNED
480,-0.311943513174594,2026-05-14 08:19:57.875326,2026-05-14 08:19:58.434464,0 days 00:00:00.559138,0,CAP_LAYER,0.45,SAME,0.7,2,0.05,0.02,0.6,0.08,3,2,0.5,5,WIDE_V2,0.5,-0.03503602807514746,0.0022846139529225295,0.5538149701988931,0.03732064202806999,,COMPLETE
481,0.23085064372533984,2026-05-14 08:19:58.458848,2026-05-14 08:21:16.818848,0 days 00:01:18.360000,0,NORMAL,0.45,SAME,0.7,2,0.03,0.02,0.6,0.08,3,2,0.5,5,WIDE_V2,0.5,,,,,,PRUNED
482,0.002213150564736005,2026-05-14 08:21:16.861724,2026-05-14 08:21:43.935380,0 days 00:00:27.073656,1,NO_NET_ADD,0.45,SAME,0.7,2,0.05,0.01,0.6,0.08,3,2,0.5,20,WIDE_V2,0.5,,,,,,PRUNED
483,-9999.0,2026-05-14 08:21:43.960170,2026-05-14 08:21:44.334195,0 days 00:00:00.374025,0,CAP_LAYER,0.45,SAME,0.7,2,0.05,0.02,0.6,0.08,6,2,0.7,5,WIDE_V2,0.5,,,,,BEAR_RATIO < NEUTRAL_RATIO < BULL_RATIO 约束违反: 0.45 / 0.7 / 0.7,COMPLETE
484,-0.37195773371672586,2026-05-14 08:21:44.359305,2026-05-14 08:25:43.277749,0 days 00:03:58.918444,0,NORMAL,0.45,SAME,0.7,2,0.05,0.02,0.45,0.08,4,2,0.5,5,WIDE_V2,0.5,-0.030844552311365087,0.14302972853076437,0.6822263628107216,0.17387428084212947,,COMPLETE
485,-0.5295487139656885,2026-05-14 08:25:43.301968,2026-05-14 08:28:10.982228,0 days 00:02:27.680260,0,CAP_LAYER,0.25,SAME,0.7,2,0.05,0.02,0.6,0.16,5,2,0.5,5,WIDE_V2,0.5,-0.16726091216163272,0.0031210173504391497,0.7245756036081116,0.17038192951207187,,COMPLETE
486,0.21206935564647728,2026-05-14 08:28:11.005164,2026-05-14 08:29:26.468885,0 days 00:01:15.463721,0,CAP_LAYER,0.45,SAME,0.8,2,0.05,0.02,0.6,0.16,3,2,0.5,5,WIDE_V2,0.5,,,,,,PRUNED
487,0.2504416468491144,2026-05-14 08:29:26.494701,2026-05-14 08:30:43.942979,0 days 00:01:17.448278,1,CAP_LAYER,0.45,SAME,0.7,2,0.05,0.01,0.6,0.08,3,2,0.5,5,WIDE_V2,0.5,,,,,,PRUNED
488,-0.4265951208618181,2026-05-14 08:30:43.966677,2026-05-14 08:32:00.905556,0 days 00:01:16.938879,0,CAP_LAYER,0.45,SAME,0.7,2,0.05,0.02,0.6,0.08,4,2,0.6,10,WIDE_V2,0.5,-0.07600035992900088,0.18709275521168495,0.7011895218656344,0.26309311514068584,,COMPLETE
489,-0.25924384601407274,2026-05-14 08:32:00.926408,2026-05-14 08:32:26.658024,0 days 00:00:25.731616,0,CAP_LAYER,0.45,SAME,0.7,2,0.05,0.02,0.6,0.12,3,2,0.5,20,WIDE_V2,0.8,,,,,,PRUNED
490,0.243571435401933,2026-05-14 08:32:26.681873,2026-05-14 08:33:43.075681,0 days 00:01:16.393808,0,CAP_LAYER,0.45,SAME,0.8,2,0.05,0.02,0.3,0.08,3,2,0.5,5,WIDE_V2,0.5,,,,,,PRUNED
491,0.0429598067542504,2026-05-14 08:33:43.103141,2026-05-14 08:34:49.565241,0 days 00:01:06.462100,0,CAP_LAYER,0.45,ETF_DEFENSIVE,0.7,2,0.05,0.02,0.6,0.08,8,2,0.5,5,WIDE_V2,0.5,,,,,,PRUNED
492,-0.311943513174594,2026-05-14 08:34:49.591239,2026-05-14 08:37:36.246323,0 days 00:02:46.655084,0,CAP_LAYER,0.45,SAME,0.7,2,0.05,0.01,0.3,0.08,3,2,0.5,5,WIDE_V2,0.5,-0.03503602807514746,0.0022846139529225295,0.5538149701988931,0.03732064202806999,,COMPLETE
493,0.2398431574864526,2026-05-14 08:37:36.268332,2026-05-14 08:38:52.670353,0 days 00:01:16.402021,0,CAP_LAYER,0.45,SAME,0.8,2,0.05,0.02,0.6,0.08,3,2,0.6,5,WIDE_V2,0.5,,,,,,PRUNED
494,-0.5223759054079148,2026-05-14 08:38:52.692559,2026-05-14 08:42:08.144926,0 days 00:03:15.452367,0,CAP_LAYER,0.45,SAME,0.7,2,0.05,0.02,0.6,0.12,6,2,0.5,5,WIDE_V2,0.5,-0.12580473769231168,0.05074660470843918,0.7931423354312062,0.17655134240075088,,COMPLETE
495,0.17210205549906166,2026-05-14 08:42:08.167746,2026-05-14 08:43:17.601935,0 days 00:01:09.434189,0,CAP_LAYER,0.45,SAME,0.7,2,0.05,0.02,0.6,0.08,10,2,0.5,10,WIDE_V2,0.5,,,,,,PRUNED
496,0.2525461417764632,2026-05-14 08:43:17.624940,2026-05-14 08:44:50.867614,0 days 00:01:33.242674,0,CAP_LAYER,0.45,SAME,0.7,2,0.05,0.02,0.3,0.08,3,2,0.6,5,WIDE_V2,0.5,,,,,,PRUNED
497,-0.3624410536385451,2026-05-14 08:44:50.896356,2026-05-14 08:45:00.485968,0 days 00:00:09.589612,0,NORMAL,0.45,SAME,0.7,2,0.05,0.02,0.6,0.08,3,2,0.5,5,ANCHOR_SATELLITE,0.5,,,,,,PRUNED
498,0.17404672480472605,2026-05-14 08:45:00.512976,2026-05-14 08:46:24.990832,0 days 00:01:24.477856,0,CAP_LAYER,0.25,SAME,0.8,3,0.05,0.02,0.6,0.08,3,2,0.5,5,WIDE_V2,0.5,,,,,,PRUNED
499,-9999.0,2026-05-14 08:46:25.015101,2026-05-14 08:46:25.375862,0 days 00:00:00.360761,0,CAP_LAYER,0.45,SAME,0.7,2,0.05,0.02,0.6,0.08,3,2,0.7,5,ANCHOR_SATELLITE,0.5,,,,,BEAR_RATIO < NEUTRAL_RATIO < BULL_RATIO 约束违反: 0.45 / 0.7 / 0.7,COMPLETE
500,0.14364607974924487,2026-05-14 08:46:25.400710,2026-05-14 08:48:02.330841,0 days 00:01:36.930131,0,CAP_LAYER,0.45,SAME,0.7,2,0.05,0.02,0.6,0.08,5,2,0.5,5,WIDE_V2,0.65,,,,,,PRUNED
501,-9999.0,2026-05-14 08:48:02.358581,2026-05-14 08:48:02.728117,0 days 00:00:00.369536,0,CAP_LAYER,0.45,SAME,0.7,2,0.05,0.02,0.6,0.08,8,2,0.7,5,WIDE_V2,0.8,,,,,BEAR_RATIO < NEUTRAL_RATIO < BULL_RATIO 约束违反: 0.45 / 0.7 / 0.7,COMPLETE
502,0.17101668917386437,2026-05-14 08:48:02.753450,2026-05-14 08:48:51.559046,0 days 00:00:48.805596,0,CAP_LAYER,0.45,SAME,0.9,2,0.05,0.02,0.6,0.08,3,2,0.5,10,WIDE_V2,0.5,,,,,,PRUNED
503,0.23581551128132827,2026-05-14 08:48:51.584444,2026-05-14 08:50:15.456704,0 days 00:01:23.872260,0,NORMAL,0.35,SAME,0.7,2,0.05,0.02,0.6,0.08,3,2,0.5,5,WIDE_V2,0.5,,,,,,PRUNED
504,0.1902964184248452,2026-05-14 08:50:15.483793,2026-05-14 08:51:43.917852,0 days 00:01:28.434059,1,CAP_LAYER,0.45,SAME,0.7,2,0.05,0.02,0.6,0.08,3,2,0.5,5,WIDE_V2,0.8,,,,,,PRUNED
505,0.0659194981313123,2026-05-14 08:51:43.943137,2026-05-14 08:52:44.200491,0 days 00:01:00.257354,0,CAP_LAYER,0.45,ETF_DEFENSIVE,0.7,2,0.05,0.02,0.45,0.08,3,2,0.5,5,WIDE_V2,0.5,,,,,,PRUNED
506,0.2504416468491144,2026-05-14 08:52:44.229598,2026-05-14 08:54:17.627505,0 days 00:01:33.397907,1,CAP_LAYER,0.45,SAME,0.7,2,0.05,0.02,0.45,0.08,3,1,0.5,5,WIDE_V2,0.5,,,,,,PRUNED
507,-0.358548887236271,2026-05-14 08:54:17.653747,2026-05-14 08:58:50.639512,0 days 00:04:32.985765,1,CAP_LAYER,0.45,SAME,0.7,2,0.05,0.02,0.6,0.08,3,1,0.5,5,WIDE_V2,0.65,-0.02511646492045069,0.04764909670323224,0.6668648446316406,0.07276556162368293,,COMPLETE
508,-0.23720860177620176,2026-05-14 08:58:50.666721,2026-05-14 08:59:17.193837,0 days 00:00:26.527116,0,CAP_LAYER,0.45,SAME,0.7,4,0.05,0.02,0.6,0.08,3,2,0.5,20,WIDE_V2,0.65,,,,,,PRUNED
509,-0.3574296867331643,2026-05-14 08:59:17.219633,2026-05-14 08:59:27.702358,0 days 00:00:10.482725,0,CAP_LAYER,0.45,SAME,0.7,2,0.05,0.02,0.6,0.08,3,2,0.5,5,ANCHOR_SATELLITE,0.8,,,,,,PRUNED
510,-0.5124121817753802,2026-05-14 08:59:27.727391,2026-05-14 08:59:33.346485,0 days 00:00:05.619094,0,CAP_LAYER,0.25,SAME,0.7,2,0.05,0.02,0.6,0.08,3,2,0.5,5,ANCHOR_SATELLITE,0.5,,,,,,PRUNED
511,-0.348826446529591,2026-05-14 08:59:33.372535,2026-05-14 09:01:57.671933,0 days 00:02:24.299398,0,CAP_LAYER,0.45,SAME,0.7,2,0.05,0.02,0.45,0.08,3,2,0.5,5,WIDE_V2,0.65,-0.021232264479312257,0.046847227582617286,0.6551883641005575,0.06807949206192954,,COMPLETE
512,0.20945141753870183,2026-05-14 09:01:57.694793,2026-05-14 09:03:20.052127,0 days 00:01:22.357334,1,CAP_LAYER,0.45,SAME,0.7,2,0.05,0.02,0.6,0.16,3,2,0.5,5,WIDE_V2,0.5,,,,,,PRUNED
513,0.25099239456903844,2026-05-14 09:03:20.076961,2026-05-14 09:04:49.449323,0 days 00:01:29.372362,0,NORMAL,0.45,SAME,0.7,2,0.05,0.01,0.6,0.08,3,2,0.5,5,WIDE_V2,0.5,,,,,,PRUNED
514,0.15826719611276166,2026-05-14 09:04:49.483277,2026-05-14 09:06:09.614842,0 days 00:01:20.131565,0,NO_NET_ADD,0.35,SAME,0.7,2,0.05,0.02,0.6,0.08,3,2,0.6,5,WIDE_V2,0.5,,,,,,PRUNED
515,-9999.0,2026-05-14 09:06:09.638619,2026-05-14 09:06:09.989454,0 days 00:00:00.350835,0,CAP_LAYER,0.35,SAME,0.7,2,0.05,0.02,0.45,0.08,3,2,0.7,20,WIDE_V2,0.8,,,,,BEAR_RATIO < NEUTRAL_RATIO < BULL_RATIO 约束违反: 0.35 / 0.7 / 0.7,COMPLETE
516,0.11561697154854544,2026-05-14 09:06:10.013989,2026-05-14 09:07:51.524924,0 days 00:01:41.510935,0,CAP_LAYER,0.25,SAME,0.7,2,0.05,0.02,0.6,0.08,10,2,0.6,5,WIDE_V2,0.5,,,,,,PRUNED
517,0.13652543627613148,2026-05-14 09:07:51.549687,2026-05-14 09:08:30.736986,0 days 00:00:39.187299,0,CAP_LAYER,0.45,SAME,0.7,2,0.05,0.02,0.6,0.08,8,2,0.5,20,WIDE_V2,0.5,,,,,,PRUNED
518,-0.5895478569354613,2026-05-14 09:08:30.763697,2026-05-14 09:12:31.757601,0 days 00:04:00.993904,0,NO_NET_ADD,0.45,SAME,0.7,3,0.05,0.02,0.6,0.08,6,2,0.5,5,WIDE_V2,0.5,-0.204134391440202,0.04235005477619719,0.7708269309905185,0.2464844462163992,,COMPLETE
519,0.1455602320444063,2026-05-14 09:12:31.783432,2026-05-14 09:13:51.216305,0 days 00:01:19.432873,0,CAP_LAYER,0.45,SAME,0.7,2,0.05,0.01,0.6,0.08,10,2,0.5,5,WIDE_V2,0.5,,,,,,PRUNED
520,0.25051066914041914,2026-05-14 09:13:51.241506,2026-05-14 09:15:13.727458,0 days 00:01:22.485952,0,CAP_LAYER,0.45,SAME,0.7,2,0.03,0.02,0.6,0.08,3,1,0.5,5,WIDE_V2,0.5,,,,,,PRUNED
521,-0.5128078427489109,2026-05-14 09:15:13.751498,2026-05-14 09:15:33.946848,0 days 00:00:20.195350,0,CAP_LAYER,0.45,SAME,0.7,2,0.05,0.02,0.6,0.08,10,2,0.5,5,ANCHOR_SATELLITE,0.5,,,,,,PRUNED
522,-0.3497363192710759,2026-05-14 09:15:33.970009,2026-05-14 09:17:50.469585,0 days 00:02:16.499576,0,CAP_LAYER,0.45,SAME,0.7,2,0.03,0.02,0.6,0.08,3,2,0.5,5,WIDE_V2,0.65,-0.019912436579963617,0.04560171496660478,0.6596477653822246,0.0655141515465684,,COMPLETE
523,-9999.0,2026-05-14 09:17:50.497182,2026-05-14 09:17:50.870756,0 days 00:00:00.373574,0,CAP_LAYER,0.45,SAME,0.7,2,0.05,0.02,0.6,0.16,4,2,0.7,5,WIDE_V2,0.5,,,,,BEAR_RATIO < NEUTRAL_RATIO < BULL_RATIO 约束违反: 0.45 / 0.7 / 0.7,COMPLETE
524,-0.032691496584967006,2026-05-14 09:17:50.895632,2026-05-14 09:18:15.042237,0 days 00:00:24.146605,0,CAP_LAYER,0.45,SAME,0.7,4,0.05,0.02,0.6,0.08,3,2,0.5,20,WIDE_V2,0.5,,,,,,PRUNED
525,0.06564688251788847,2026-05-14 09:18:15.066519,2026-05-14 09:19:09.048148,0 days 00:00:53.981629,0,CAP_LAYER,0.45,ETF_DEFENSIVE,0.7,2,0.05,0.02,0.6,0.08,3,2,0.5,5,WIDE_V2,0.65,,,,,,PRUNED
526,-0.311943513174594,2026-05-14 09:19:09.071564,2026-05-14 09:19:09.896008,0 days 00:00:00.824444,0,CAP_LAYER,0.45,SAME,0.7,2,0.05,0.02,0.6,0.08,3,2,0.5,5,WIDE_V2,0.5,-0.03503602807514746,0.0022846139529225295,0.5538149701988931,0.03732064202806999,,COMPLETE
527,-0.37440618004679577,2026-05-14 09:19:09.920213,2026-05-14 09:21:34.414587,0 days 00:02:24.494374,0,CAP_LAYER,0.45,SAME,0.7,2,0.05,0.02,0.6,0.12,4,2,0.5,5,WIDE_V2,0.5,-0.027468972781854513,0.13265659150387232,0.6938744145298825,0.16012556428572683,,COMPLETE
528,0.2480339546150649,2026-05-14 09:21:34.438629,2026-05-14 09:22:52.772817,0 days 00:01:18.334188,0,CAP_LAYER,0.45,SAME,0.7,4,0.05,0.02,0.45,0.08,3,2,0.5,5,WIDE_V2,0.5,,,,,,PRUNED
529,0.1390044218608806,2026-05-14 09:22:52.798972,2026-05-14 09:24:08.518589,0 days 00:01:15.719617,0,NORMAL,0.45,SAME,0.7,4,0.05,0.02,0.6,0.08,3,2,0.5,5,WIDE_V2,0.8,,,,,,PRUNED
530,0.11178426039804523,2026-05-14 09:24:08.542151,2026-05-14 09:25:38.014369,0 days 00:01:29.472218,0,CAP_LAYER,0.25,SAME,0.9,2,0.03,0.02,0.6,0.08,6,2,0.5,5,WIDE_V2,0.65,,,,,,PRUNED
531,-0.4992301338270982,2026-05-14 09:25:38.035283,2026-05-14 09:26:58.670074,0 days 00:01:20.634791,0,NO_NET_ADD,0.45,SAME,0.7,2,0.05,0.02,0.6,0.08,5,2,0.5,10,WIDE_V2,0.5,-0.10274602215963784,0.11243961807210441,0.7929682233349207,0.21518564023174225,,COMPLETE
532,0.05111098829532111,2026-05-14 09:26:58.697149,2026-05-14 09:28:16.538494,0 days 00:01:17.841345,1,NO_NET_ADD,0.45,SAME,0.7,2,0.05,0.02,0.6,0.08,6,2,0.5,5,WIDE_V2,0.65,,,,,,PRUNED
533,-0.010465234969202625,2026-05-14 09:28:16.563129,2026-05-14 09:28:43.363328,0 days 00:00:26.800199,0,CAP_LAYER,0.45,SAME,0.7,2,0.05,0.01,0.6,0.08,3,2,0.5,20,WIDE_V2,0.5,,,,,,PRUNED
534,0.24709599457908385,2026-05-14 09:28:43.385896,2026-05-14 09:29:58.938388,0 days 00:01:15.552492,0,CAP_LAYER,0.35,SAME,0.7,2,0.05,0.02,0.6,0.08,3,2,0.5,5,WIDE_V2,0.65,,,,,,PRUNED
535,0.17739083762608587,2026-05-14 09:29:58.962670,2026-05-14 09:31:19.363969,0 days 00:01:20.401299,0,CAP_LAYER,0.25,SAME,0.9,2,0.05,0.02,0.6,0.08,3,2,0.5,5,WIDE_V2,0.5,,,,,,PRUNED
536,0.1750152396470641,2026-05-14 09:31:19.387474,2026-05-14 09:32:00.107237,0 days 00:00:40.719763,0,CAP_LAYER,0.45,SAME,0.7,2,0.05,0.02,0.6,0.08,3,1,0.5,10,WIDE_V2,0.5,,,,,,PRUNED
537,-0.3625661845898867,2026-05-14 09:32:00.130493,2026-05-14 09:32:11.766358,0 days 00:00:11.635865,0,CAP_LAYER,0.45,SAME,0.7,2,0.03,0.02,0.6,0.08,3,2,0.5,5,ANCHOR_SATELLITE,0.5,,,,,,PRUNED
538,0.1069727882206654,2026-05-14 09:32:11.791296,2026-05-14 09:32:48.820224,0 days 00:00:37.028928,0,CAP_LAYER,0.25,SAME,0.7,2,0.05,0.02,0.45,0.08,3,2,0.5,10,WIDE_V2,0.5,,,,,,PRUNED
539,0.23464210080097342,2026-05-14 09:32:48.843921,2026-05-14 09:34:04.915850,0 days 00:01:16.071929,0,NORMAL,0.45,SAME,0.7,3,0.05,0.02,0.6,0.08,3,2,0.6,5,WIDE_V2,0.5,,,,,,PRUNED
540,-0.5413628412780909,2026-05-14 09:34:04.937893,2026-05-14 09:34:11.309942,0 days 00:00:06.372049,0,CAP_LAYER,0.45,ETF_DEFENSIVE,0.7,2,0.05,0.02,0.6,0.08,3,2,0.5,5,ANCHOR_SATELLITE,0.5,,,,,,PRUNED
541,0.17406387126284495,2026-05-14 09:34:11.335190,2026-05-14 09:34:48.396658,0 days 00:00:37.061468,0,NORMAL,0.45,SAME,0.7,2,0.05,0.02,0.6,0.08,3,2,0.5,10,WIDE_V2,0.5,,,,,,PRUNED
542,-0.507046717391758,2026-05-14 09:34:48.421023,2026-05-14 09:38:48.436348,0 days 00:04:00.015325,0,CAP_LAYER,0.45,SAME,0.7,2,0.05,0.02,0.45,0.08,6,2,0.5,5,WIDE_V2,0.5,-0.11553796387236534,0.06851263702844093,0.7830175070387853,0.18405060090080627,,COMPLETE
543,0.12485237520172413,2026-05-14 09:38:48.463341,2026-05-14 09:40:20.796694,0 days 00:01:32.333353,0,CAP_LAYER,0.45,SAME,0.9,2,0.05,0.02,0.6,0.08,10,1,0.5,5,WIDE_V2,0.5,,,,,,PRUNED
544,-0.3704932253351757,2026-05-14 09:40:20.819575,2026-05-14 09:42:45.247049,0 days 00:02:24.427474,0,CAP_LAYER,0.45,SAME,0.7,2,0.05,0.02,0.3,0.08,4,2,0.5,5,WIDE_V2,0.5,-0.02348578046968965,0.14780280096490886,0.6940148897309721,0.17128858143459852,,COMPLETE
545,-0.05327786204482862,2026-05-14 09:42:45.271185,2026-05-14 09:43:26.717168,0 days 00:00:41.445983,0,CAP_LAYER,0.45,SAME,0.7,2,0.05,0.02,0.6,0.08,3,2,0.6,10,WIDE_V2,0.8,,,,,,PRUNED
546,-0.005646618341972581,2026-05-14 09:43:26.741339,2026-05-14 09:43:51.726518,0 days 00:00:24.985179,0,CAP_LAYER,0.45,SAME,0.7,2,0.03,0.02,0.6,0.08,3,2,0.5,20,WIDE_V2,0.5,,,,,,PRUNED
547,-0.01430606679117788,2026-05-14 09:43:51.749778,2026-05-14 09:44:14.313256,0 days 00:00:22.563478,0,CAP_LAYER,0.45,SAME,0.9,2,0.05,0.02,0.3,0.08,3,2,0.5,20,WIDE_V2,0.5,,,,,,PRUNED
548,-0.5142344172942906,2026-05-14 09:44:14.339368,2026-05-14 09:46:35.048063,0 days 00:02:20.708695,0,CAP_LAYER,0.45,SAME,0.8,3,0.05,0.02,0.6,0.08,5,2,0.7,5,WIDE_V2,0.5,-0.1304987174733874,0.07807254435190958,0.7674713996418066,0.20857126182529698,,COMPLETE
549,-0.0037673626133946925,2026-05-14 09:46:35.072074,2026-05-14 09:46:58.185177,0 days 00:00:23.113103,1,CAP_LAYER,0.45,SAME,0.7,2,0.05,0.02,0.3,0.08,3,2,0.5,20,WIDE_V2,0.5,,,,,,PRUNED
550,-0.5205421481651569,2026-05-14 09:46:58.224577,2026-05-14 09:49:15.722764,0 days 00:02:17.498187,0,CAP_LAYER,0.25,SAME,0.7,4,0.05,0.02,0.6,0.08,5,2,0.5,5,WIDE_V2,0.5,-0.15971307608790283,0.017113357562133995,0.721658144154508,0.17682643365003683,,COMPLETE
551,0.17738812778971788,2026-05-14 09:49:15.749607,2026-05-14 09:50:37.743362,0 days 00:01:21.993755,0,CAP_LAYER,0.45,SAME,0.9,2,0.05,0.01,0.6,0.08,4,2,0.7,5,WIDE_V2,0.65,,,,,,PRUNED
552,-0.008237495707240694,2026-05-14 09:50:37.768800,2026-05-14 09:51:00.261918,0 days 00:00:22.493118,0,NORMAL,0.45,SAME,0.7,2,0.05,0.02,0.3,0.08,3,2,0.5,20,WIDE_V2,0.5,,,,,,PRUNED
553,0.24160416006574287,2026-05-14 09:51:00.301538,2026-05-14 09:52:25.510383,0 days 00:01:25.208845,0,CAP_LAYER,0.45,SAME,0.7,2,0.05,0.02,0.6,0.08,8,2,0.5,5,WIDE_V2,0.65,,,,,,PRUNED
554,-0.021198787113102163,2026-05-14 09:52:25.532375,2026-05-14 09:52:53.044768,0 days 00:00:27.512393,0,CAP_LAYER,0.45,SAME,0.7,3,0.05,0.02,0.3,0.08,3,2,0.5,20,WIDE_V2,0.5,,,,,,PRUNED
555,-0.37626036166062476,2026-05-14 09:52:53.071707,2026-05-14 09:55:14.625310,0 days 00:02:21.553603,0,CAP_LAYER,0.45,SAME,0.7,3,0.05,0.02,0.6,0.08,4,2,0.5,5,WIDE_V2,0.5,-0.028148752211960244,0.13551199736161387,0.6962232188973291,0.16366074957357413,,COMPLETE
556,-0.311943513174594,2026-05-14 09:55:14.648235,2026-05-14 09:55:15.267595,0 days 00:00:00.619360,0,CAP_LAYER,0.45,SAME,0.7,2,0.05,0.02,0.6,0.08,3,2,0.5,5,WIDE_V2,0.5,-0.03503602807514746,0.0022846139529225295,0.5538149701988931,0.03732064202806999,,COMPLETE
557,-0.37023990794554046,2026-05-14 09:55:15.290799,2026-05-14 09:55:26.688237,0 days 00:00:11.397438,0,CAP_LAYER,0.45,SAME,0.8,2,0.05,0.02,0.6,0.08,3,2,0.5,5,ANCHOR_SATELLITE,0.5,,,,,,PRUNED
558,0.0659194981313123,2026-05-14 09:55:26.712282,2026-05-14 09:56:22.417151,0 days 00:00:55.704869,0,CAP_LAYER,0.45,ETF_DEFENSIVE,0.7,2,0.05,0.02,0.3,0.08,3,1,0.5,5,WIDE_V2,0.5,,,,,,PRUNED
559,0.2328704111777638,2026-05-14 09:56:22.440856,2026-05-14 09:57:37.618286,0 days 00:01:15.177430,0,CAP_LAYER,0.45,SAME,0.7,2,0.05,0.02,0.6,0.12,3,2,0.6,5,WIDE_V2,0.5,,,,,,PRUNED
560,-0.311943513174594,2026-05-14 09:57:37.644690,2026-05-14 09:57:38.211414,0 days 00:00:00.566724,0,CAP_LAYER,0.45,SAME,0.7,2,0.05,0.02,0.6,0.08,3,2,0.5,5,WIDE_V2,0.5,-0.03503602807514746,0.0022846139529225295,0.5538149701988931,0.03732064202806999,,COMPLETE
561,-0.311943513174594,2026-05-14 09:57:38.251772,2026-05-14 09:57:38.939539,0 days 00:00:00.687767,0,CAP_LAYER,0.45,SAME,0.7,2,0.05,0.01,0.6,0.08,3,2,0.5,5,WIDE_V2,0.5,-0.03503602807514746,0.0022846139529225295,0.5538149701988931,0.03732064202806999,,COMPLETE
562,-0.12775496493445815,2026-05-14 09:57:38.963076,2026-05-14 09:58:11.861419,0 days 00:00:32.898343,0,CAP_LAYER,0.45,ETF_DEFENSIVE,0.7,2,0.05,0.02,0.6,0.08,3,2,0.5,10,WIDE_V2,0.5,,,,,,PRUNED
563,0.05184947787817408,2026-05-14 09:58:11.887674,2026-05-14 09:59:07.378806,0 days 00:00:55.491132,0,CAP_LAYER,0.45,ETF_DEFENSIVE,0.8,2,0.05,0.02,0.6,0.08,3,2,0.5,5,WIDE_V2,0.5,,,,,,PRUNED
564,-0.39123102480848493,2026-05-14 09:59:07.402975,2026-05-14 10:01:19.707767,0 days 00:02:12.304792,0,CAP_LAYER,0.45,SAME,0.7,2,0.05,0.02,0.6,0.08,4,2,0.6,5,WIDE_V2,0.5,-0.02961811469117797,0.16474197072257682,0.7232258202346139,0.1943600854137548,,COMPLETE
565,0.22950465886780044,2026-05-14 10:01:19.731547,2026-05-14 10:02:35.032966,0 days 00:01:15.301419,0,CAP_LAYER,0.45,SAME,0.9,2,0.05,0.02,0.6,0.08,3,2,0.6,5,WIDE_V2,0.5,,,,,,PRUNED
566,0.2421225748222017,2026-05-14 10:02:35.056211,2026-05-14 10:03:48.744570,0 days 00:01:13.688359,0,NORMAL,0.45,SAME,0.7,3,0.05,0.02,0.6,0.08,3,2,0.5,5,WIDE_V2,0.5,,,,,,PRUNED
567,0.23799538709797766,2026-05-14 10:03:48.767579,2026-05-14 10:05:23.268558,0 days 00:01:34.500979,0,CAP_LAYER,0.45,SAME,0.7,2,0.05,0.02,0.6,0.08,8,1,0.5,5,WIDE_V2,0.5,,,,,,PRUNED
568,0.1750152396470641,2026-05-14 10:05:23.292305,2026-05-14 10:06:03.655186,0 days 00:00:40.362881,0,CAP_LAYER,0.45,SAME,0.7,2,0.05,0.02,0.3,0.08,3,2,0.5,10,WIDE_V2,0.5,,,,,,PRUNED
569,-0.5294838727341715,2026-05-14 10:06:03.681125,2026-05-14 10:08:27.322683,0 days 00:02:23.641558,0,CAP_LAYER,0.45,SAME,0.9,2,0.05,0.02,0.6,0.08,6,2,0.5,5,WIDE_V2,0.5,-0.13672837598344784,0.06014097133817703,0.7855109935014475,0.19686934732162487,,COMPLETE
570,-0.5245888856999317,2026-05-14 10:08:27.347655,2026-05-14 10:10:47.806766,0 days 00:02:20.459111,0,NORMAL,0.45,SAME,0.7,2,0.05,0.02,0.6,0.08,6,2,0.5,5,WIDE_V2,0.5,-0.1235557435667233,0.06014070245268384,0.8020662842664168,0.18369644601940716,,COMPLETE
571,0.14079589793050026,2026-05-14 10:10:47.831626,2026-05-14 10:11:27.572060,0 days 00:00:39.740434,0,CAP_LAYER,0.35,SAME,0.7,2,0.05,0.02,0.6,0.08,3,2,0.5,10,WIDE_V2,0.5,,,,,,PRUNED
572,-9999.0,2026-05-14 10:11:27.592815,2026-05-14 10:11:27.932299,0 days 00:00:00.339484,0,NORMAL,0.45,SAME,0.7,2,0.05,0.02,0.6,0.08,3,2,0.7,5,WIDE_V2,0.5,,,,,BEAR_RATIO < NEUTRAL_RATIO < BULL_RATIO 约束违反: 0.45 / 0.7 / 0.7,COMPLETE
573,0.2341731248582664,2026-05-14 10:11:27.956187,2026-05-14 10:12:41.236024,0 days 00:01:13.279837,0,CAP_LAYER,0.45,SAME,0.9,2,0.05,0.02,0.6,0.08,3,1,0.5,5,WIDE_V2,0.5,,,,,,PRUNED
574,0.09637980587483108,2026-05-14 10:12:41.259153,2026-05-14 10:14:15.298798,0 days 00:01:34.039645,0,CAP_LAYER,0.25,SAME,0.7,2,0.05,0.02,0.6,0.08,10,1,0.5,5,WIDE_V2,0.5,,,,,,PRUNED
575,0.20913504784485026,2026-05-14 10:14:15.324145,2026-05-14 10:15:28.685975,0 days 00:01:13.361830,0,NO_NET_ADD,0.45,SAME,0.9,2,0.05,0.02,0.3,0.08,3,2,0.5,5,WIDE_V2,0.5,,,,,,PRUNED
576,0.2480339546150649,2026-05-14 10:15:28.729570,2026-05-14 10:16:49.852901,0 days 00:01:21.123331,0,CAP_LAYER,0.45,SAME,0.7,4,0.05,0.02,0.3,0.08,3,2,0.5,5,WIDE_V2,0.5,,,,,,PRUNED
577,-0.3799662723409833,2026-05-14 10:16:49.877825,2026-05-14 10:19:07.363217,0 days 00:02:17.485392,0,CAP_LAYER,0.45,SAME,0.8,2,0.05,0.02,0.6,0.08,4,2,0.5,5,WIDE_V2,0.5,-0.03510861794756764,0.13036491191838925,0.6897153087868313,0.1654735298659569,,COMPLETE
578,0.11229850746570305,2026-05-14 10:19:07.387681,2026-05-14 10:20:39.110509,0 days 00:01:31.722828,0,NO_NET_ADD,0.45,SAME,0.9,2,0.05,0.02,0.6,0.08,8,2,0.7,5,WIDE_V2,0.5,,,,,,PRUNED
579,0.1637283961617213,2026-05-14 10:20:39.130081,2026-05-14 10:22:00.512944,0 days 00:01:21.382863,0,CAP_LAYER,0.45,SAME,0.7,2,0.05,0.02,0.6,0.08,3,2,0.6,5,WIDE_V2,0.8,,,,,,PRUNED
580,0.2215407270468848,2026-05-14 10:22:00.534410,2026-05-14 10:23:16.034551,0 days 00:01:15.500141,0,CAP_LAYER,0.35,SAME,0.7,3,0.05,0.02,0.6,0.08,3,2,0.5,5,WIDE_V2,0.5,,,,,,PRUNED
581,0.24488738753482378,2026-05-14 10:23:16.056458,2026-05-14 10:24:34.062756,0 days 00:01:18.006298,1,CAP_LAYER,0.45,SAME,0.7,2,0.05,0.02,0.6,0.08,3,2,0.6,5,WIDE_V2,0.5,,,,,,PRUNED
582,-0.311943513174594,2026-05-14 10:24:34.084670,2026-05-14 10:24:34.697827,0 days 00:00:00.613157,0,CAP_LAYER,0.45,SAME,0.7,2,0.05,0.02,0.6,0.08,3,2,0.5,5,WIDE_V2,0.5,-0.03503602807514746,0.0022846139529225295,0.5538149701988931,0.03732064202806999,,COMPLETE
583,0.20168383222056308,2026-05-14 10:24:34.721274,2026-05-14 10:25:47.667398,0 days 00:01:12.946124,0,CAP_LAYER,0.45,SAME,0.9,2,0.05,0.02,0.6,0.16,3,2,0.5,5,WIDE_V2,0.5,,,,,,PRUNED
584,0.03169862607439474,2026-05-14 10:25:47.689519,2026-05-14 10:26:42.880791,0 days 00:00:55.191272,0,CAP_LAYER,0.35,ETF_DEFENSIVE,0.7,2,0.05,0.02,0.6,0.08,3,2,0.5,5,WIDE_V2,0.5,,,,,,PRUNED
585,-0.35881573152192847,2026-05-14 10:26:42.905308,2026-05-14 10:29:04.223504,0 days 00:02:21.318196,0,CAP_LAYER,0.45,SAME,0.7,3,0.05,0.02,0.6,0.08,3,2,0.5,5,WIDE_V2,0.65,-0.028578386006562356,0.03707752316142681,0.6604746910307322,0.06565590916798916,,COMPLETE
586,-0.3900962012788534,2026-05-14 10:29:04.248314,2026-05-14 10:29:15.672325,0 days 00:00:11.424011,0,CAP_LAYER,0.45,SAME,0.7,2,0.05,0.02,0.6,0.08,3,2,0.6,5,ANCHOR_SATELLITE,0.5,,,,,,PRUNED
587,-0.4424484544011475,2026-05-14 10:29:15.699175,2026-05-14 10:29:20.784600,0 days 00:00:05.085425,0,NO_NET_ADD,0.45,SAME,0.7,2,0.05,0.02,0.6,0.08,3,2,0.5,5,ANCHOR_SATELLITE,0.5,,,,,,PRUNED
588,0.1909963396336679,2026-05-14 10:29:20.830497,2026-05-14 10:30:32.881034,0 days 00:01:12.050537,0,NO_NET_ADD,0.45,SAME,0.9,3,0.05,0.02,0.6,0.08,3,2,0.5,5,WIDE_V2,0.5,,,,,,PRUNED
589,0.21688645515571847,2026-05-14 10:30:32.907106,2026-05-14 10:31:48.448467,0 days 00:01:15.541361,0,CAP_LAYER,0.45,SAME,0.7,2,0.03,0.02,0.6,0.16,3,2,0.5,5,WIDE_V2,0.5,,,,,,PRUNED
590,-0.20039030979909028,2026-05-14 10:31:48.472390,2026-05-14 10:31:57.928797,0 days 00:00:09.456407,0,CAP_LAYER,0.45,SAME,0.9,2,0.05,0.02,0.6,0.08,4,2,0.5,5,ANCHOR_SATELLITE,0.5,,,,,,PRUNED
591,-0.311943513174594,2026-05-14 10:31:57.952214,2026-05-14 10:31:58.547949,0 days 00:00:00.595735,0,CAP_LAYER,0.45,SAME,0.7,2,0.05,0.02,0.6,0.08,3,2,0.5,5,WIDE_V2,0.5,-0.03503602807514746,0.0022846139529225295,0.5538149701988931,0.03732064202806999,,COMPLETE
592,0.13344576510575448,2026-05-14 10:31:58.571711,2026-05-14 10:33:13.581318,0 days 00:01:15.009607,0,CAP_LAYER,0.45,SAME,0.7,2,0.05,0.02,0.6,0.16,3,2,0.5,5,WIDE_V2,0.8,,,,,,PRUNED
593,-9999.0,2026-05-14 10:33:13.607882,2026-05-14 10:33:14.020052,0 days 00:00:00.412170,0,NO_NET_ADD,0.45,SAME,0.7,2,0.05,0.01,0.6,0.08,3,2,0.7,5,ANCHOR_SATELLITE,0.5,,,,,BEAR_RATIO < NEUTRAL_RATIO < BULL_RATIO 约束违反: 0.45 / 0.7 / 0.7,COMPLETE
594,0.0659194981313123,2026-05-14 10:33:14.043842,2026-05-14 10:34:06.688591,0 days 00:00:52.644749,0,CAP_LAYER,0.45,ETF_DEFENSIVE,0.7,2,0.05,0.02,0.3,0.08,3,2,0.5,5,WIDE_V2,0.5,,,,,,PRUNED
595,0.21863458094319227,2026-05-14 10:34:06.713933,2026-05-14 10:35:28.508631,0 days 00:01:21.794698,1,CAP_LAYER,0.35,SAME,0.7,2,0.05,0.02,0.6,0.08,3,2,0.5,5,WIDE_V2,0.5,,,,,,PRUNED
596,-0.44349697075912387,2026-05-14 10:35:28.531217,2026-05-14 10:35:42.418337,0 days 00:00:13.887120,0,CAP_LAYER,0.45,SAME,0.7,2,0.05,0.01,0.45,0.08,8,2,0.5,5,ANCHOR_SATELLITE,0.5,,,,,,PRUNED
597,0.23756514311016674,2026-05-14 10:35:42.442147,2026-05-14 10:36:24.000138,0 days 00:00:41.557991,0,NO_NET_ADD,0.45,SAME,0.7,2,0.05,0.02,0.6,0.08,3,2,0.5,10,WIDE_V2,0.5,,,,,,PRUNED
598,-0.04585922261405112,2026-05-14 10:36:24.025297,2026-05-14 10:36:49.060002,0 days 00:00:25.034705,0,CAP_LAYER,0.45,SAME,0.7,2,0.05,0.02,0.6,0.16,3,2,0.5,20,WIDE_V2,0.5,,,,,,PRUNED
599,0.2219731821290077,2026-05-14 10:36:49.084746,2026-05-14 10:37:58.570902,0 days 00:01:09.486156,0,CAP_LAYER,0.45,SAME,0.9,2,0.05,0.02,0.6,0.08,3,2,0.7,5,WIDE_V2,0.5,,,,,,PRUNED
600,-0.39528752388337,2026-05-14 10:37:58.615321,2026-05-14 10:38:05.353355,0 days 00:00:06.738034,0,CAP_LAYER,0.45,SAME,0.7,2,0.05,0.02,0.6,0.08,3,2,0.5,20,ANCHOR_SATELLITE,0.5,,,,,,PRUNED
601,0.22427127048732554,2026-05-14 10:38:05.377765,2026-05-14 10:39:24.099722,0 days 00:01:18.721957,0,CAP_LAYER,0.45,SAME,0.7,2,0.05,0.02,0.6,0.16,3,1,0.5,5,WIDE_V2,0.5,,,,,,PRUNED
602,0.25099239456903844,2026-05-14 10:39:24.124103,2026-05-14 10:40:38.522738,0 days 00:01:14.398635,0,NORMAL,0.45,SAME,0.7,2,0.05,0.02,0.3,0.08,3,2,0.5,5,WIDE_V2,0.5,,,,,,PRUNED
603,0.23692237431590019,2026-05-14 10:40:38.551001,2026-05-14 10:41:58.779194,0 days 00:01:20.228193,0,NORMAL,0.45,SAME,0.8,2,0.05,0.02,0.6,0.08,3,2,0.5,5,WIDE_V2,0.5,,,,,,PRUNED
604,0.1634642606441516,2026-05-14 10:41:58.797916,2026-05-14 10:43:12.517783,0 days 00:01:13.719867,0,CAP_LAYER,0.45,SAME,0.8,2,0.05,0.02,0.6,0.08,3,2,0.5,5,WIDE_V2,0.8,,,,,,PRUNED
605,0.15866320899205216,2026-05-14 10:43:12.541331,2026-05-14 10:44:29.334201,0 days 00:01:16.792870,0,CAP_LAYER,0.45,SAME,0.7,3,0.05,0.02,0.6,0.08,3,2,0.5,5,WIDE_V2,0.8,,,,,,PRUNED
606,-0.010465234969202625,2026-05-14 10:44:29.356617,2026-05-14 10:44:48.674494,0 days 00:00:19.317877,0,CAP_LAYER,0.45,SAME,0.7,2,0.05,0.02,0.45,0.08,3,2,0.5,20,WIDE_V2,0.5,,,,,,PRUNED
607,0.25099239456903844,2026-05-14 10:44:48.698781,2026-05-14 10:46:05.455660,0 days 00:01:16.756879,0,NORMAL,0.45,SAME,0.7,2,0.05,0.02,0.6,0.08,3,1,0.5,5,WIDE_V2,0.5,,,,,,PRUNED
608,0.23154634286269926,2026-05-14 10:46:05.479525,2026-05-14 10:47:24.847413,0 days 00:01:19.367888,0,CAP_LAYER,0.45,SAME,0.8,3,0.05,0.02,0.6,0.08,3,2,0.5,5,WIDE_V2,0.5,,,,,,PRUNED
609,-0.311943513174594,2026-05-14 10:47:24.868769,2026-05-14 10:51:11.196028,0 days 00:03:46.327259,0,CAP_LAYER,0.45,SAME,0.7,2,0.05,0.01,0.45,0.08,3,2,0.5,5,WIDE_V2,0.5,-0.03503602807514746,0.0022846139529225295,0.5538149701988931,0.03732064202806999,,COMPLETE
610,0.14070520143804827,2026-05-14 10:51:11.220418,2026-05-14 10:52:12.984772,0 days 00:01:01.764354,0,CAP_LAYER,0.45,ETF_DEFENSIVE,0.7,2,0.03,0.02,0.6,0.08,5,2,0.6,5,WIDE_V2,0.5,,,,,,PRUNED
611,-9999.0,2026-05-14 10:52:13.007538,2026-05-14 10:52:13.358365,0 days 00:00:00.350827,0,CAP_LAYER,0.45,SAME,0.7,2,0.05,0.02,0.6,0.12,3,2,0.7,5,WIDE_V2,0.5,,,,,BEAR_RATIO < NEUTRAL_RATIO < BULL_RATIO 约束违反: 0.45 / 0.7 / 0.7,COMPLETE
612,0.05479446014255376,2026-05-14 10:52:13.402167,2026-05-14 10:53:07.580143,0 days 00:00:54.177976,0,CAP_LAYER,0.45,ETF_DEFENSIVE,0.7,3,0.05,0.02,0.6,0.08,3,2,0.5,5,WIDE_V2,0.5,,,,,,PRUNED
613,0.08675774247448453,2026-05-14 10:53:07.603393,2026-05-14 10:53:50.643552,0 days 00:00:43.040159,0,CAP_LAYER,0.35,SAME,0.7,4,0.05,0.02,0.6,0.08,10,2,0.5,20,WIDE_V2,0.5,,,,,,PRUNED
614,0.23301221659087937,2026-05-14 10:53:50.677903,2026-05-14 10:55:11.702988,0 days 00:01:21.025085,0,CAP_LAYER,0.35,SAME,0.7,2,0.05,0.02,0.45,0.08,3,2,0.5,5,WIDE_V2,0.5,,,,,,PRUNED
615,0.23236653050138162,2026-05-14 10:55:11.728719,2026-05-14 10:56:42.267416,0 days 00:01:30.538697,0,CAP_LAYER,0.45,SAME,0.7,2,0.05,0.02,0.6,0.08,8,2,0.6,5,WIDE_V2,0.5,,,,,,PRUNED
616,0.1580173175372289,2026-05-14 10:56:42.290959,2026-05-14 10:57:59.305576,0 days 00:01:17.014617,0,NO_NET_ADD,0.45,SAME,0.7,2,0.05,0.02,0.6,0.16,3,2,0.5,5,WIDE_V2,0.5,,,,,,PRUNED
617,-0.42941651120110014,2026-05-14 10:57:59.325083,2026-05-14 11:01:48.824179,0 days 00:03:49.499096,0,CAP_LAYER,0.25,SAME,0.7,2,0.05,0.02,0.45,0.08,4,1,0.5,5,WIDE_V2,0.5,-0.08741353260311546,0.11123170606607624,0.6840059571959693,0.1986452386691917,,COMPLETE
618,-0.46090826143023556,2026-05-14 11:01:48.849215,2026-05-14 11:04:16.297054,0 days 00:02:27.447839,0,CAP_LAYER,0.45,SAME,0.7,2,0.05,0.02,0.6,0.12,5,2,0.5,5,WIDE_V2,0.5,-0.09167061827024216,0.05027721073604553,0.7384752863199868,0.1419478290062877,,COMPLETE
619,-9999.0,2026-05-14 11:04:16.321326,2026-05-14 11:04:16.727832,0 days 00:00:00.406506,0,NO_NET_ADD,0.45,ETF_DEFENSIVE,0.7,3,0.05,0.02,0.6,0.08,3,2,0.7,20,WIDE_V2,0.5,,,,,BEAR_RATIO < NEUTRAL_RATIO < BULL_RATIO 约束违反: 0.45 / 0.7 / 0.7,COMPLETE
620,0.16408033104380926,2026-05-14 11:04:16.764807,2026-05-14 11:05:34.071789,0 days 00:01:17.306982,0,NO_NET_ADD,0.25,SAME,0.7,2,0.05,0.02,0.6,0.08,3,2,0.5,5,WIDE_V2,0.5,,,,,,PRUNED
621,0.243571435401933,2026-05-14 11:05:34.097078,2026-05-14 11:06:47.740293,0 days 00:01:13.643215,0,CAP_LAYER,0.45,SAME,0.8,2,0.05,0.02,0.45,0.08,3,2,0.5,5,WIDE_V2,0.5,,,,,,PRUNED
622,-0.36579043192215727,2026-05-14 11:06:47.764820,2026-05-14 11:06:59.214583,0 days 00:00:11.449763,0,CAP_LAYER,0.45,SAME,0.7,2,0.05,0.02,0.6,0.16,3,2,0.5,5,ANCHOR_SATELLITE,0.5,,,,,,PRUNED
623,0.160753741319763,2026-05-14 11:06:59.238639,2026-05-14 11:07:38.113151,0 days 00:00:38.874512,0,CAP_LAYER,0.45,SAME,0.7,2,0.05,0.02,0.6,0.08,3,2,0.6,10,WIDE_V2,0.5,,,,,,PRUNED
624,0.0273812102942243,2026-05-14 11:07:38.139014,2026-05-14 11:08:04.511518,0 days 00:00:26.372504,0,CAP_LAYER,0.45,ETF_DEFENSIVE,0.7,2,0.05,0.01,0.6,0.08,6,2,0.5,20,WIDE_V2,0.5,,,,,,PRUNED
625,-0.055704959561711564,2026-05-14 11:08:04.536808,2026-05-14 11:09:15.590375,0 days 00:01:11.053567,0,CAP_LAYER,0.45,ETF_DEFENSIVE,0.9,2,0.03,0.02,0.6,0.08,10,2,0.5,5,WIDE_V2,0.5,,,,,,PRUNED
626,-9999.0,2026-05-14 11:09:15.613746,2026-05-14 11:09:15.981715,0 days 00:00:00.367969,0,CAP_LAYER,0.45,SAME,0.7,2,0.05,0.02,0.6,0.08,3,2,0.7,10,WIDE_V2,0.5,,,,,BEAR_RATIO < NEUTRAL_RATIO < BULL_RATIO 约束违反: 0.45 / 0.7 / 0.7,COMPLETE
627,0.16740930970812568,2026-05-14 11:09:16.005259,2026-05-14 11:09:53.533370,0 days 00:00:37.528111,0,CAP_LAYER,0.45,SAME,0.8,2,0.05,0.02,0.6,0.08,3,2,0.5,10,WIDE_V2,0.5,,,,,,PRUNED
628,0.11126196289980969,2026-05-14 11:09:53.558037,2026-05-14 11:11:13.653856,0 days 00:01:20.095819,0,NORMAL,0.45,SAME,0.8,2,0.05,0.02,0.6,0.12,3,2,0.6,5,WIDE_V2,0.8,,,,,,PRUNED
629,-0.357689193182343,2026-05-14 11:11:13.678521,2026-05-14 11:11:18.790503,0 days 00:00:05.111982,0,CAP_LAYER,0.45,SAME,0.7,2,0.05,0.02,0.45,0.08,3,2,0.5,5,ANCHOR_SATELLITE,0.5,,,,,,PRUNED
630,-9999.0,2026-05-14 11:11:18.839971,2026-05-14 11:11:19.204587,0 days 00:00:00.364616,0,NO_NET_ADD,0.45,SAME,0.7,2,0.05,0.02,0.6,0.08,6,2,0.7,5,ANCHOR_SATELLITE,0.5,,,,,BEAR_RATIO < NEUTRAL_RATIO < BULL_RATIO 约束违反: 0.45 / 0.7 / 0.7,COMPLETE
631,-0.348826446529591,2026-05-14 11:11:19.231107,2026-05-14 11:15:03.441587,0 days 00:03:44.210480,0,CAP_LAYER,0.45,SAME,0.7,2,0.05,0.02,0.6,0.08,3,1,0.5,5,WIDE_V2,0.65,-0.021232264479312257,0.046847227582617286,0.6551883641005575,0.06807949206192954,,COMPLETE
632,0.19797526549552188,2026-05-14 11:15:03.484039,2026-05-14 11:16:21.126444,0 days 00:01:17.642405,1,CAP_LAYER,0.25,SAME,0.7,2,0.05,0.02,0.6,0.08,3,2,0.5,5,WIDE_V2,0.5,,,,,,PRUNED
633,-0.056446241072054815,2026-05-14 11:16:21.150227,2026-05-14 11:16:51.542164,0 days 00:00:30.391937,1,CAP_LAYER,0.35,SAME,0.7,2,0.05,0.02,0.6,0.16,5,2,0.6,20,WIDE_V2,0.5,,,,,,PRUNED
634,-0.5134843476924797,2026-05-14 11:16:51.566122,2026-05-14 11:19:19.721803,0 days 00:02:28.155681,0,CAP_LAYER,0.45,SAME,0.7,2,0.03,0.02,0.6,0.08,6,2,0.5,5,WIDE_V2,0.5,-0.12310003576894306,0.061254300593328766,0.7807686238470735,0.18435433636227183,,COMPLETE
635,0.06633754884701801,2026-05-14 11:19:19.745881,2026-05-14 11:20:13.979339,0 days 00:00:54.233458,0,NORMAL,0.45,ETF_DEFENSIVE,0.7,2,0.05,0.02,0.6,0.08,3,2,0.5,5,WIDE_V2,0.5,,,,,,PRUNED
636,0.21697933357443014,2026-05-14 11:20:14.004455,2026-05-14 11:21:28.938551,0 days 00:01:14.934096,0,CAP_LAYER,0.35,SAME,0.8,2,0.03,0.02,0.6,0.08,3,2,0.5,5,WIDE_V2,0.5,,,,,,PRUNED
637,0.23260337864165503,2026-05-14 11:21:28.962705,2026-05-14 11:22:42.608286,0 days 00:01:13.645581,0,NO_NET_ADD,0.45,SAME,0.7,2,0.05,0.02,0.6,0.08,3,1,0.5,5,WIDE_V2,0.5,,,,,,PRUNED
638,-0.0037673626133946925,2026-05-14 11:22:42.630991,2026-05-14 11:23:05.140160,0 days 00:00:22.509169,1,CAP_LAYER,0.45,SAME,0.7,2,0.05,0.02,0.6,0.08,3,2,0.5,20,WIDE_V2,0.5,,,,,,PRUNED
639,-0.311943513174594,2026-05-14 11:23:05.160649,2026-05-14 11:23:05.751046,0 days 00:00:00.590397,0,CAP_LAYER,0.45,SAME,0.7,2,0.05,0.02,0.6,0.08,3,2,0.5,5,WIDE_V2,0.5,-0.03503602807514746,0.0022846139529225295,0.5538149701988931,0.03732064202806999,,COMPLETE
640,0.060319383577131354,2026-05-14 11:23:05.772249,2026-05-14 11:24:07.521020,0 days 00:01:01.748771,0,CAP_LAYER,0.45,ETF_DEFENSIVE,0.7,2,0.03,0.02,0.6,0.08,3,2,0.5,5,WIDE_V2,0.5,,,,,,PRUNED
641,0.2504416468491144,2026-05-14 11:24:07.545617,2026-05-14 11:25:23.787846,0 days 00:01:16.242229,1,CAP_LAYER,0.45,SAME,0.7,2,0.05,0.02,0.3,0.08,3,2,0.5,5,WIDE_V2,0.5,,,,,,PRUNED
642,-0.311943513174594,2026-05-14 11:25:23.814077,2026-05-14 11:25:24.364700,0 days 00:00:00.550623,0,CAP_LAYER,0.45,SAME,0.7,2,0.05,0.02,0.6,0.08,3,2,0.5,5,WIDE_V2,0.5,-0.03503602807514746,0.0022846139529225295,0.5538149701988931,0.03732064202806999,,COMPLETE
643,0.13739024594489382,2026-05-14 11:25:24.397922,2026-05-14 11:26:56.446943,0 days 00:01:32.049021,0,CAP_LAYER,0.45,SAME,0.7,3,0.05,0.02,0.6,0.08,10,2,0.5,5,WIDE_V2,0.5,,,,,,PRUNED
644,0.2004643939141702,2026-05-14 11:26:56.471358,2026-05-14 11:28:28.772313,0 days 00:01:32.300955,0,CAP_LAYER,0.45,SAME,0.9,2,0.03,0.02,0.6,0.08,8,2,0.5,5,WIDE_V2,0.5,,,,,,PRUNED
645,0.17210741668826024,2026-05-14 11:28:28.797793,2026-05-14 11:29:08.845251,0 days 00:00:40.047458,0,CAP_LAYER,0.45,SAME,0.7,2,0.03,0.02,0.6,0.08,3,2,0.5,10,WIDE_V2,0.5,,,,,,PRUNED
646,0.20500384534024169,2026-05-14 11:29:08.869185,2026-05-14 11:30:24.774412,0 days 00:01:15.905227,1,CAP_LAYER,0.45,SAME,0.7,4,0.05,0.02,0.6,0.12,3,2,0.5,5,WIDE_V2,0.5,,,,,,PRUNED
647,-9999.0,2026-05-14 11:30:24.799097,2026-05-14 11:30:25.171721,0 days 00:00:00.372624,0,CAP_LAYER,0.45,SAME,0.7,2,0.05,0.02,0.6,0.08,3,2,0.7,5,WIDE_V2,0.8,,,,,BEAR_RATIO < NEUTRAL_RATIO < BULL_RATIO 约束违反: 0.45 / 0.7 / 0.7,COMPLETE
648,0.22752406377223366,2026-05-14 11:30:25.195218,2026-05-14 11:31:39.785013,0 days 00:01:14.589795,0,NORMAL,0.45,SAME,0.9,2,0.05,0.02,0.6,0.08,3,2,0.5,5,WIDE_V2,0.5,,,,,,PRUNED
649,0.14275665179139344,2026-05-14 11:31:39.832768,2026-05-14 11:32:19.767463,0 days 00:00:39.934695,0,CAP_LAYER,0.45,SAME,0.7,2,0.05,0.02,0.6,0.16,3,2,0.5,10,WIDE_V2,0.5,,,,,,PRUNED
650,0.20831119038903112,2026-05-14 11:32:19.790505,2026-05-14 11:33:36.777077,0 days 00:01:16.986572,0,CAP_LAYER,0.35,SAME,0.7,2,0.03,0.02,0.6,0.08,8,2,0.5,5,WIDE_V2,0.5,,,,,,PRUNED
651,0.2450546196583624,2026-05-14 11:33:36.800072,2026-05-14 11:34:49.009780,0 days 00:01:12.209708,0,CAP_LAYER,0.45,SAME,0.7,4,0.05,0.02,0.6,0.08,3,2,0.6,5,WIDE_V2,0.5,,,,,,PRUNED
652,0.21837953669343413,2026-05-14 11:34:49.035131,2026-05-14 11:36:11.171637,0 days 00:01:22.136506,0,CAP_LAYER,0.35,SAME,0.7,2,0.05,0.02,0.6,0.08,8,2,0.5,5,WIDE_V2,0.5,,,,,,PRUNED
653,-0.48018828132353597,2026-05-14 11:36:11.200610,2026-05-14 11:36:19.044290,0 days 00:00:07.843680,1,CAP_LAYER,0.45,SAME,0.8,3,0.05,0.02,0.3,0.16,3,1,0.6,20,ANCHOR_SATELLITE,0.5,,,,,,PRUNED
654,0.18687001077526696,2026-05-14 11:36:19.069439,2026-05-14 11:37:34.761514,0 days 00:01:15.692075,0,CAP_LAYER,0.25,SAME,0.7,4,0.05,0.02,0.6,0.08,3,2,0.5,5,WIDE_V2,0.5,,,,,,PRUNED
655,-0.44549036316150736,2026-05-14 11:37:34.784523,2026-05-14 11:38:32.313245,0 days 00:00:57.528722,0,NO_NET_ADD,0.45,SAME,0.8,2,0.05,0.02,0.45,0.12,10,1,0.6,10,WIDE_V2,0.8,,,,,,PRUNED
656,0.23036117719429222,2026-05-14 11:38:32.337369,2026-05-14 11:39:56.122337,0 days 00:01:23.784968,1,CAP_LAYER,0.45,SAME,0.7,2,0.05,0.02,0.6,0.08,8,2,0.5,5,WIDE_V2,0.5,,,,,,PRUNED
657,-0.3631792611469676,2026-05-14 11:39:56.144518,2026-05-14 11:43:43.534688,0 days 00:03:47.390170,0,CAP_LAYER,0.45,SAME,0.7,2,0.05,0.02,0.6,0.08,3,2,0.6,5,WIDE_V2,0.65,-0.024126554425277336,0.06126690672991458,0.6781054134433805,0.08539346115519192,,COMPLETE
658,0.1750152396470641,2026-05-14 11:43:43.560646,2026-05-14 11:44:25.192069,0 days 00:00:41.631423,0,CAP_LAYER,0.45,SAME,0.7,2,0.05,0.02,0.45,0.08,3,2,0.5,10,WIDE_V2,0.5,,,,,,PRUNED
659,0.1764323733707165,2026-05-14 11:44:25.215615,2026-05-14 11:45:42.883201,0 days 00:01:17.667586,0,CAP_LAYER,0.45,SAME,0.7,2,0.05,0.02,0.6,0.08,3,1,0.5,5,WIDE_V2,0.8,,,,,,PRUNED
660,0.23902854384095407,2026-05-14 11:45:42.933670,2026-05-14 11:46:58.696906,0 days 00:01:15.763236,1,CAP_LAYER,0.45,SAME,0.7,2,0.03,0.02,0.6,0.08,3,2,0.5,5,WIDE_V2,0.5,,,,,,PRUNED
661,-0.17041611989310568,2026-05-14 11:46:58.720697,2026-05-14 11:47:11.813987,0 days 00:00:13.093290,0,CAP_LAYER,0.45,SAME,0.7,2,0.05,0.02,0.6,0.08,4,2,0.5,5,ANCHOR_SATELLITE,0.5,,,,,,PRUNED
662,0.1576599310935132,2026-05-14 11:47:11.838123,2026-05-14 11:47:52.014024,0 days 00:00:40.175901,0,CAP_LAYER,0.45,SAME,0.7,4,0.05,0.02,0.6,0.08,3,2,0.5,10,WIDE_V2,0.5,,,,,,PRUNED
663,-0.43327293905364395,2026-05-14 11:47:52.040840,2026-05-14 11:48:05.670982,0 days 00:00:13.630142,1,NORMAL,0.45,SAME,0.9,4,0.05,0.02,0.45,0.12,8,2,0.5,10,ANCHOR_SATELLITE,0.65,,,,,,PRUNED
664,0.21297354681995054,2026-05-14 11:48:05.697990,2026-05-14 11:49:26.317075,0 days 00:01:20.619085,0,NO_NET_ADD,0.45,SAME,0.7,4,0.05,0.02,0.6,0.08,3,2,0.5,5,WIDE_V2,0.5,,,,,,PRUNED
665,0.15898084156683367,2026-05-14 11:49:26.343070,2026-05-14 11:50:09.166792,0 days 00:00:42.823722,0,CAP_LAYER,0.45,SAME,0.7,2,0.05,0.02,0.6,0.12,3,2,0.5,10,WIDE_V2,0.5,,,,,,PRUNED
666,0.22401950748658989,2026-05-14 11:50:09.191396,2026-05-14 11:51:24.117766,0 days 00:01:14.926370,0,CAP_LAYER,0.35,SAME,0.7,2,0.05,0.02,0.6,0.08,3,2,0.6,5,WIDE_V2,0.5,,,,,,PRUNED
667,-0.5289163075211724,2026-05-14 11:51:24.141361,2026-05-14 11:55:25.854265,0 days 00:04:01.712904,0,CAP_LAYER,0.25,SAME,0.7,2,0.05,0.02,0.6,0.08,6,2,0.5,5,WIDE_V2,0.5,-0.15885878871056575,0.053909998483479736,0.7401150376212132,0.2127687871940455,,COMPLETE
668,-0.4645713231565823,2026-05-14 11:55:25.878467,2026-05-14 11:56:43.444086,0 days 00:01:17.565619,0,CAP_LAYER,0.45,SAME,0.7,2,0.05,0.02,0.6,0.08,5,2,0.5,10,WIDE_V2,0.5,-0.10083579764986607,0.11180498440982478,0.7274710510134325,0.21264078205969084,,COMPLETE
669,0.23581551128132827,2026-05-14 11:56:43.466072,2026-05-14 11:58:04.379389,0 days 00:01:20.913317,1,NORMAL,0.35,SAME,0.7,2,0.05,0.02,0.45,0.08,3,2,0.5,5,WIDE_V2,0.5,,,,,,PRUNED
670,-0.016837664456272744,2026-05-14 11:58:04.399329,2026-05-14 11:58:28.674386,0 days 00:00:24.275057,0,CAP_LAYER,0.25,SAME,0.7,2,0.05,0.02,0.6,0.08,3,2,0.5,20,WIDE_V2,0.5,,,,,,PRUNED
671,0.17053761152647814,2026-05-14 11:58:28.700196,2026-05-14 11:59:46.635267,0 days 00:01:17.935071,0,CAP_LAYER,0.25,SAME,0.8,4,0.05,0.02,0.6,0.08,3,1,0.5,5,WIDE_V2,0.5,,,,,,PRUNED
672,0.24929021699652526,2026-05-14 11:59:46.659265,2026-05-14 12:00:59.583927,0 days 00:01:12.924662,0,CAP_LAYER,0.45,SAME,0.7,3,0.05,0.02,0.6,0.08,3,2,0.6,5,WIDE_V2,0.5,,,,,,PRUNED
673,-0.377111909993322,2026-05-14 12:00:59.606873,2026-05-14 12:03:54.210397,0 days 00:02:54.603524,1,CAP_LAYER,0.45,SAME,0.7,2,0.05,0.02,0.45,0.08,4,2,0.5,5,WIDE_V2,0.5,-0.03470009326212321,0.14248287052715766,0.6848236334623976,0.1771829637892809,,COMPLETE
674,-0.03314080636521144,2026-05-14 12:03:54.233879,2026-05-14 12:04:17.298786,0 days 00:00:23.064907,0,CAP_LAYER,0.45,SAME,0.7,2,0.05,0.02,0.6,0.12,3,2,0.5,20,WIDE_V2,0.5,,,,,,PRUNED
675,-9999.0,2026-05-14 12:04:17.322908,2026-05-14 12:04:17.673541,0 days 00:00:00.350633,0,CAP_LAYER,0.45,SAME,0.7,2,0.05,0.02,0.6,0.08,5,2,0.7,5,WIDE_V2,0.5,,,,,BEAR_RATIO < NEUTRAL_RATIO < BULL_RATIO 约束违反: 0.45 / 0.7 / 0.7,COMPLETE
676,0.22786268341686633,2026-05-14 12:04:17.697998,2026-05-14 12:05:31.510933,0 days 00:01:13.812935,0,CAP_LAYER,0.45,SAME,0.9,2,0.03,0.02,0.6,0.08,3,2,0.5,5,WIDE_V2,0.5,,,,,,PRUNED
677,-0.3866701145655381,2026-05-14 12:05:31.534900,2026-05-14 12:07:45.626289,0 days 00:02:14.091389,0,CAP_LAYER,0.35,SAME,0.7,2,0.05,0.02,0.6,0.08,4,2,0.5,5,WIDE_V2,0.5,-0.04739501113097501,0.13007388785544294,0.6785502068691263,0.17746889898641793,,COMPLETE
678,-0.4522941293345024,2026-05-14 12:07:45.648950,2026-05-14 12:10:07.560843,0 days 00:02:21.911893,0,CAP_LAYER,0.45,SAME,0.7,3,0.05,0.02,0.6,0.08,5,2,0.5,5,WIDE_V2,0.5,-0.08841103946568984,0.05579212378147914,0.7277661797376251,0.14420316324716898,,COMPLETE
679,0.0659194981313123,2026-05-14 12:10:07.587134,2026-05-14 12:11:05.086096,0 days 00:00:57.498962,0,CAP_LAYER,0.45,ETF_DEFENSIVE,0.7,2,0.05,0.02,0.6,0.08,3,1,0.5,5,WIDE_V2,0.5,,,,,,PRUNED
680,0.15613581663057086,2026-05-14 12:11:05.105557,2026-05-14 12:12:24.130228,0 days 00:01:19.024671,0,CAP_LAYER,0.45,SAME,0.7,4,0.05,0.02,0.6,0.08,3,2,0.5,5,WIDE_V2,0.8,,,,,,PRUNED
681,0.2480339546150649,2026-05-14 12:12:24.152774,2026-05-14 12:13:38.548783,0 days 00:01:14.396009,0,CAP_LAYER,0.45,SAME,0.7,4,0.05,0.02,0.6,0.08,3,1,0.5,5,WIDE_V2,0.5,,,,,,PRUNED
682,0.1173426148297246,2026-05-14 12:13:38.573950,2026-05-14 12:15:17.632528,0 days 00:01:39.058578,0,CAP_LAYER,0.45,SAME,0.7,2,0.05,0.02,0.6,0.16,10,2,0.5,5,WIDE_V2,0.5,,,,,,PRUNED
683,-0.5264797760064815,2026-05-14 12:15:17.656198,2026-05-14 12:19:22.562884,0 days 00:04:04.906686,1,CAP_LAYER,0.45,SAME,0.7,2,0.05,0.02,0.6,0.08,6,2,0.5,5,WIDE_V2,0.5,-0.12797316406869552,0.06487530842151416,0.797013223875572,0.1928484724902097,,COMPLETE
684,0.1866011105781854,2026-05-14 12:19:22.586226,2026-05-14 12:20:35.297395,0 days 00:01:12.711169,0,NORMAL,0.45,SAME,0.7,2,0.05,0.02,0.6,0.08,3,2,0.5,5,WIDE_V2,0.8,,,,,,PRUNED
685,-0.37484301076910703,2026-05-14 12:20:35.325219,2026-05-14 12:22:57.276746,0 days 00:02:21.951527,0,CAP_LAYER,0.45,SAME,0.7,2,0.03,0.02,0.6,0.08,4,2,0.5,5,WIDE_V2,0.5,-0.02717138606122755,0.14670585028766497,0.695343249415759,0.17387723634889252,,COMPLETE
686,0.20946434143472803,2026-05-14 12:22:57.302965,2026-05-14 12:24:15.625702,0 days 00:01:18.322737,0,NO_NET_ADD,0.45,SAME,0.7,2,0.05,0.02,0.6,0.08,3,2,0.6,5,WIDE_V2,0.5,,,,,,PRUNED
687,-0.519945370934862,2026-05-14 12:24:15.651639,2026-05-14 12:26:37.633952,0 days 00:02:21.982313,0,CAP_LAYER,0.45,SAME,0.7,4,0.05,0.02,0.6,0.08,6,2,0.5,5,WIDE_V2,0.5,-0.1238604714468134,0.04866332801270027,0.7921697989760973,0.17252379945951368,,COMPLETE
688,-0.3574296867331643,2026-05-14 12:26:37.659125,2026-05-14 12:26:49.175762,0 days 00:00:11.516637,0,CAP_LAYER,0.45,SAME,0.7,2,0.05,0.02,0.6,0.08,3,2,0.5,5,ANCHOR_SATELLITE,0.65,,,,,,PRUNED
689,-0.39910831232511107,2026-05-14 12:26:49.199053,2026-05-14 12:28:04.948784,0 days 00:01:15.749731,0,CAP_LAYER,0.45,SAME,0.7,2,0.05,0.02,0.6,0.08,4,2,0.5,10,WIDE_V2,0.5,-0.06540211646897555,0.17240859047682064,0.6674123917122711,0.2378107069457962,,COMPLETE
690,0.243571435401933,2026-05-14 12:28:04.975303,2026-05-14 12:29:26.073400,0 days 00:01:21.098097,0,CAP_LAYER,0.45,SAME,0.8,2,0.05,0.02,0.6,0.08,3,1,0.5,5,WIDE_V2,0.5,,,,,,PRUNED
