timestamp,action,name,code,price,shares,position,profit,level,date,year_month,label
2015-01-05 09:30:00,重装建仓,纳指ETF,513100.XSHG,1.392,57400.0,57400.0,,,2015-01-05,2015-01,"纳指ETF
513100.XSHG"
2015-01-05 09:30:00,重装建仓,黄金ETF,518880.XSHG,2.412,33100.0,33100.0,,,2015-01-05,2015-01,"黄金ETF
518880.XSHG"
2015-01-05 09:30:00,重装建仓,500ETF,510500.XSHG,1.489,53700.0,53700.0,,,2015-01-05,2015-01,"500ETF
510500.XSHG"
2015-01-05 09:30:00,重装建仓,创业板ETF易方达,159915.XSHE,1.432,55800.0,55800.0,,,2015-01-05,2015-01,"创业板ETF易方达
159915.XSHE"
2015-01-05 09:31:00,底仓到账,纳指ETF,513100.XSHG,,,57400.0,,8.0,2015-01-05,2015-01,"纳指ETF
513100.XSHG"
2015-01-05 09:31:00,底仓到账,黄金ETF,518880.XSHG,,,33100.0,,8.0,2015-01-05,2015-01,"黄金ETF
518880.XSHG"
2015-01-05 09:31:00,底仓到账,500ETF,510500.XSHG,,,53700.0,,8.0,2015-01-05,2015-01,"500ETF
510500.XSHG"
2015-01-05 09:31:00,底仓到账,创业板ETF易方达,159915.XSHE,,,55800.0,,9.0,2015-01-05,2015-01,"创业板ETF易方达
159915.XSHE"
2015-01-05 09:32:00,等级校准,创业板ETF易方达,159915.XSHE,,,55800.0,,,2015-01-05,2015-01,"创业板ETF易方达
159915.XSHE"
2015-01-06 09:31:00,加仓,纳指ETF,513100.XSHG,1.349,6500.0,63900.0,,9.0,2015-01-06,2015-01,"纳指ETF
513100.XSHG"
2015-01-06 13:03:00,止盈,创业板ETF易方达,159915.XSHE,1.477,6300.0,49500.0,282.57,8.0,2015-01-06,2015-01,"创业板ETF易方达
159915.XSHE"
2015-01-06 13:53:00,止盈,500ETF,510500.XSHG,1.534,5900.0,47800.0,264.59,8.0,2015-01-06,2015-01,"500ETF
510500.XSHG"
2015-01-09 10:24:00,止盈,创业板ETF易方达,159915.XSHE,1.522,6000.0,43500.0,269.09,7.0,2015-01-09,2015-01,"创业板ETF易方达
159915.XSHE"
2015-01-12 13:13:00,加仓,500ETF,510500.XSHG,1.486,5800.0,53600.0,,9.0,2015-01-12,2015-01,"500ETF
510500.XSHG"
2015-01-12 13:14:00,等级校准,500ETF,510500.XSHG,,,53600.0,,,2015-01-12,2015-01,"500ETF
510500.XSHG"
2015-01-15 14:57:00,止盈,500ETF,510500.XSHG,1.535,6000.0,47600.0,293.08,8.0,2015-01-15,2015-01,"500ETF
510500.XSHG"
2015-01-16 09:31:00,止盈,黄金ETF,518880.XSHG,2.509,3700.0,29400.0,357.97,8.0,2015-01-16,2015-01,"黄金ETF
518880.XSHG"
2015-01-16 11:09:00,止盈,创业板ETF易方达,159915.XSHE,1.568,5900.0,37600.0,270.47,6.0,2015-01-16,2015-01,"创业板ETF易方达
159915.XSHE"
2015-01-19 09:32:00,加仓,500ETF,510500.XSHG,1.487,5800.0,53400.0,,9.0,2015-01-19,2015-01,"500ETF
510500.XSHG"
2015-01-19 09:33:00,等级校准,500ETF,510500.XSHG,,,53400.0,,,2015-01-19,2015-01,"500ETF
510500.XSHG"
2015-01-19 10:21:00,止盈,500ETF,510500.XSHG,1.532,6000.0,47400.0,269.08,8.0,2015-01-19,2015-01,"500ETF
510500.XSHG"
2015-01-19 10:36:00,止盈,创业板ETF易方达,159915.XSHE,1.616,5700.0,31900.0,272.68,5.0,2015-01-19,2015-01,"创业板ETF易方达
159915.XSHE"
2015-01-19 14:17:00,加仓,500ETF,510500.XSHG,1.486,5800.0,53200.0,,9.0,2015-01-19,2015-01,"500ETF
510500.XSHG"
2015-01-19 14:18:00,等级校准,500ETF,510500.XSHG,,,53200.0,,,2015-01-19,2015-01,"500ETF
510500.XSHG"
2015-01-19 14:28:00,加仓,创业板ETF易方达,159915.XSHE,1.567,5500.0,37400.0,,6.0,2015-01-19,2015-01,"创业板ETF易方达
159915.XSHE"
2015-01-20 09:31:00,止盈,黄金ETF,518880.XSHG,2.598,3500.0,25900.0,310.59,7.0,2015-01-20,2015-01,"黄金ETF
518880.XSHG"
2015-01-20 10:34:00,止盈,创业板ETF易方达,159915.XSHE,1.616,5700.0,31700.0,278.38,5.0,2015-01-20,2015-01,"创业板ETF易方达
159915.XSHE"
2015-01-20 14:52:00,止盈,500ETF,510500.XSHG,1.531,6000.0,47200.0,269.08,8.0,2015-01-20,2015-01,"500ETF
510500.XSHG"
2015-01-21 09:43:00,止盈,创业板ETF易方达,159915.XSHE,1.665,5500.0,26200.0,268.58,4.0,2015-01-21,2015-01,"创业板ETF易方达
159915.XSHE"
2015-01-22 09:31:00,止盈,500ETF,510500.XSHG,1.577,5800.0,41400.0,265.89,7.0,2015-01-22,2015-01,"500ETF
510500.XSHG"
2015-01-23 09:31:00,止盈,纳指ETF,513100.XSHG,1.401,6600.0,57300.0,342.28,8.0,2015-01-23,2015-01,"纳指ETF
513100.XSHG"
2015-01-28 10:42:00,止盈,500ETF,510500.XSHG,1.625,5700.0,35700.0,272.67,6.0,2015-01-28,2015-01,"500ETF
510500.XSHG"
2015-01-29 09:31:00,加仓,纳指ETF,513100.XSHG,1.354,6400.0,63700.0,,9.0,2015-01-29,2015-01,"纳指ETF
513100.XSHG"
2015-02-02 09:31:00,加仓,500ETF,510500.XSHG,1.564,5500.0,41200.0,,7.0,2015-02-02,2015-02,"500ETF
510500.XSHG"
2015-02-02 09:31:00,加仓,创业板ETF易方达,159915.XSHE,1.615,5400.0,31600.0,,5.0,2015-02-02,2015-02,"创业板ETF易方达
159915.XSHE"
2015-02-03 09:53:00,止盈,创业板ETF易方达,159915.XSHE,1.664,5500.0,26100.0,268.58,4.0,2015-02-03,2015-02,"创业板ETF易方达
159915.XSHE"
2015-02-04 10:59:00,止盈,500ETF,510500.XSHG,1.611,5700.0,35500.0,266.98,6.0,2015-02-04,2015-02,"500ETF
510500.XSHG"
2015-02-05 10:06:00,止盈,创业板ETF易方达,159915.XSHE,1.714,5400.0,20700.0,269.07,3.0,2015-02-05,2015-02,"创业板ETF易方达
159915.XSHE"
2015-02-06 11:21:00,加仓,500ETF,510500.XSHG,1.561,5500.0,41000.0,,7.0,2015-02-06,2015-02,"500ETF
510500.XSHG"
2015-02-06 14:52:00,加仓,创业板ETF易方达,159915.XSHE,1.662,5200.0,25900.0,,4.0,2015-02-06,2015-02,"创业板ETF易方达
159915.XSHE"
2015-02-09 09:32:00,加仓,黄金ETF,518880.XSHG,2.502,3400.0,29300.0,,8.0,2015-02-09,2015-02,"黄金ETF
518880.XSHG"
2015-02-11 10:30:00,止盈,创业板ETF易方达,159915.XSHE,1.715,5400.0,20500.0,285.27,3.0,2015-02-11,2015-02,"创业板ETF易方达
159915.XSHE"
2015-02-12 10:01:00,止盈,纳指ETF,513100.XSHG,1.395,6600.0,57100.0,269.68,8.0,2015-02-12,2015-02,"纳指ETF
513100.XSHG"
2015-02-13 09:38:00,止盈,500ETF,510500.XSHG,1.608,5700.0,35300.0,266.98,6.0,2015-02-13,2015-02,"500ETF
510500.XSHG"
2015-02-16 09:31:00,止盈,创业板ETF易方达,159915.XSHE,1.771,5200.0,15300.0,290.28,3.0,2015-02-16,2015-02,"创业板ETF易方达
159915.XSHE"
2015-02-16 14:41:00,止盈,创业板ETF易方达,159915.XSHE,1.826,5000.0,10300.0,274.09,2.0,2015-02-16,2015-02,"创业板ETF易方达
159915.XSHE"
2015-02-17 09:32:00,止盈,500ETF,510500.XSHG,1.666,5500.0,29800.0,318.08,5.0,2015-02-17,2015-02,"500ETF
510500.XSHG"
2015-02-17 14:34:00,止盈,纳指ETF,513100.XSHG,1.437,6400.0,50700.0,267.88,8.0,2015-02-17,2015-02,"纳指ETF
513100.XSHG"
2015-03-02 09:42:00,止盈,创业板ETF易方达,159915.XSHE,1.883,4900.0,5400.0,278.38,1.0,2015-03-02,2015-03,"创业板ETF易方达
159915.XSHE"
2015-03-02 13:15:00,止盈,500ETF,510500.XSHG,1.716,5400.0,24400.0,269.07,4.0,2015-03-02,2015-03,"500ETF
510500.XSHG"
2015-03-04 14:56:00,止盈,创业板ETF易方达,159915.XSHE,1.94,4700.0,700.0,266.99,1.0,2015-03-04,2015-03,"创业板ETF易方达
159915.XSHE"
2015-03-06 13:07:00,加仓,创业板ETF易方达,159915.XSHE,1.88,4600.0,5300.0,,2.0,2015-03-06,2015-03,"创业板ETF易方达
159915.XSHE"
2015-03-06 13:08:00,等级校准,创业板ETF易方达,159915.XSHE,,,5300.0,,,2015-03-06,2015-03,"创业板ETF易方达
159915.XSHE"
2015-03-09 09:31:00,加仓,黄金ETF,518880.XSHG,2.383,3500.0,32800.0,,9.0,2015-03-09,2015-03,"黄金ETF
518880.XSHG"
2015-03-09 09:32:00,等级校准,黄金ETF,518880.XSHG,,,32800.0,,,2015-03-09,2015-03,"黄金ETF
518880.XSHG"
2015-03-10 09:38:00,止盈,创业板ETF易方达,159915.XSHE,1.937,4700.0,600.0,266.99,1.0,2015-03-10,2015-03,"创业板ETF易方达
159915.XSHE"
2015-03-13 11:08:00,止盈,500ETF,510500.XSHG,1.768,5200.0,19200.0,269.48,3.0,2015-03-13,2015-03,"500ETF
510500.XSHG"
2015-03-13 14:37:00,止盈（部分）,创业板ETF易方达,159915.XSHE,1.996,600.0,0.0,35.28,0.0,2015-03-13,2015-03,"创业板ETF易方达
159915.XSHE"
2015-03-13 14:37:00,清仓,创业板ETF易方达,159915.XSHE,,,,,0.0,2015-03-13,2015-03,"创业板ETF易方达
159915.XSHE"
2015-03-13 14:38:00,重装建仓,创业板ETF易方达,159915.XSHE,1.996,40000.0,40000.0,,,2015-03-13,2015-03,"创业板ETF易方达
159915.XSHE"
2015-03-13 14:39:00,底仓到账,创业板ETF易方达,159915.XSHE,,,40000.0,,8.0,2015-03-13,2015-03,"创业板ETF易方达
159915.XSHE"
2015-03-16 11:08:00,止盈,500ETF,510500.XSHG,1.822,5000.0,14200.0,269.09,2.0,2015-03-16,2015-03,"500ETF
510500.XSHG"
2015-03-16 13:28:00,止盈,创业板ETF易方达,159915.XSHE,2.056,4500.0,35500.0,269.07,8.0,2015-03-16,2015-03,"创业板ETF易方达
159915.XSHE"
2015-03-18 13:02:00,止盈,500ETF,510500.XSHG,1.878,4900.0,9300.0,273.48,1.0,2015-03-18,2015-03,"500ETF
510500.XSHG"
2015-03-20 09:49:00,止盈,创业板ETF易方达,159915.XSHE,2.118,4300.0,31200.0,265.69,7.0,2015-03-20,2015-03,"创业板ETF易方达
159915.XSHE"
2015-03-23 09:31:00,止盈,500ETF,510500.XSHG,1.946,4700.0,4600.0,318.69,1.0,2015-03-23,2015-03,"500ETF
510500.XSHG"
2015-03-23 13:03:00,止盈,创业板ETF易方达,159915.XSHE,2.183,4200.0,27000.0,272.08,6.0,2015-03-23,2015-03,"创业板ETF易方达
159915.XSHE"
2015-03-24 10:04:00,止盈,创业板ETF易方达,159915.XSHE,2.249,4100.0,22900.0,269.68,5.0,2015-03-24,2015-03,"创业板ETF易方达
159915.XSHE"
2015-03-24 10:53:00,加仓,创业板ETF易方达,159915.XSHE,2.176,4000.0,26900.0,,6.0,2015-03-24,2015-03,"创业板ETF易方达
159915.XSHE"
2015-03-24 13:46:00,止盈,创业板ETF易方达,159915.XSHE,2.243,4100.0,22800.0,273.78,5.0,2015-03-24,2015-03,"创业板ETF易方达
159915.XSHE"
2015-03-25 10:47:00,止盈,500ETF,510500.XSHG,2.005,4600.0,0.0,270.48,0.0,2015-03-25,2015-03,"500ETF
510500.XSHG"
2015-03-25 10:47:00,清仓,500ETF,510500.XSHG,,,,,0.0,2015-03-25,2015-03,"500ETF
510500.XSHG"
2015-03-25 10:48:00,重装建仓,500ETF,510500.XSHG,2.006,39800.0,39800.0,,,2015-03-25,2015-03,"500ETF
510500.XSHG"
2015-03-25 10:49:00,底仓到账,500ETF,510500.XSHG,,,39800.0,,9.0,2015-03-25,2015-03,"500ETF
510500.XSHG"
2015-03-26 11:06:00,加仓,创业板ETF易方达,159915.XSHE,2.174,4000.0,26800.0,,6.0,2015-03-26,2015-03,"创业板ETF易方达
159915.XSHE"
2015-03-31 10:17:00,止盈,创业板ETF易方达,159915.XSHE,2.24,4100.0,22700.0,269.68,5.0,2015-03-31,2015-03,"创业板ETF易方达
159915.XSHE"
2015-04-01 11:18:00,止盈,500ETF,510500.XSHG,2.069,4400.0,35400.0,276.29,8.0,2015-04-01,2015-04,"500ETF
510500.XSHG"
2015-04-02 09:31:00,止盈,创业板ETF易方达,159915.XSHE,2.334,4000.0,18700.0,375.07,4.0,2015-04-02,2015-04,"创业板ETF易方达
159915.XSHE"
2015-04-02 14:46:00,止盈,500ETF,510500.XSHG,2.134,4300.0,31100.0,278.58,7.0,2015-04-02,2015-04,"500ETF
510500.XSHG"
2015-04-07 09:32:00,止盈,创业板ETF易方达,159915.XSHE,2.413,3800.0,14900.0,299.28,4.0,2015-04-07,2015-04,"创业板ETF易方达
159915.XSHE"
2015-04-07 13:15:00,止盈,500ETF,510500.XSHG,2.199,4200.0,26900.0,272.08,6.0,2015-04-07,2015-04,"500ETF
510500.XSHG"
2015-04-08 10:56:00,加仓,创业板ETF易方达,159915.XSHE,2.34,3700.0,18600.0,,5.0,2015-04-08,2015-04,"创业板ETF易方达
159915.XSHE"
2015-04-08 10:57:00,等级校准,创业板ETF易方达,159915.XSHE,,,18600.0,,,2015-04-08,2015-04,"创业板ETF易方达
159915.XSHE"
2015-04-09 10:22:00,加仓,500ETF,510500.XSHG,2.133,4000.0,30900.0,,7.0,2015-04-09,2015-04,"500ETF
510500.XSHG"
2015-04-09 10:23:00,加仓,创业板ETF易方达,159915.XSHE,2.267,3800.0,22400.0,,5.0,2015-04-09,2015-04,"创业板ETF易方达
159915.XSHE"
2015-04-09 14:07:00,止盈,创业板ETF易方达,159915.XSHE,2.339,3900.0,18500.0,279.89,4.0,2015-04-09,2015-04,"创业板ETF易方达
159915.XSHE"
2015-04-09 14:34:00,止盈,创业板ETF易方达,159915.XSHE,2.418,3800.0,14700.0,299.28,3.0,2015-04-09,2015-04,"创业板ETF易方达
159915.XSHE"
2015-04-10 09:57:00,止盈,500ETF,510500.XSHG,2.2,4200.0,26700.0,280.48,6.0,2015-04-10,2015-04,"500ETF
510500.XSHG"
2015-04-15 09:30:00,等级校准,500ETF,510500.XSHG,,,7485.0,,,2015-04-15,2015-04,"500ETF
510500.XSHG"
2015-04-15 09:31:00,止盈,500ETF,510500.XSHG,8.078,4000.0,3485.0,23508.77,3.0,2015-04-15,2015-04,"500ETF
510500.XSHG"
2015-04-15 11:15:00,加仓,500ETF,510500.XSHG,7.835,1100.0,4585.0,,4.0,2015-04-15,2015-04,"500ETF
510500.XSHG"
2015-04-15 14:55:00,加仓,创业板ETF易方达,159915.XSHE,2.34,3700.0,18400.0,,4.0,2015-04-15,2015-04,"创业板ETF易方达
159915.XSHE"
2015-04-16 09:32:00,加仓,500ETF,510500.XSHG,7.53,1100.0,5685.0,,5.0,2015-04-16,2015-04,"500ETF
510500.XSHG"
2015-04-16 09:49:00,止盈,500ETF,510500.XSHG,7.76,1100.0,4585.0,252.15,4.0,2015-04-16,2015-04,"500ETF
510500.XSHG"
2015-04-16 10:43:00,止盈,创业板ETF易方达,159915.XSHE,2.412,3800.0,14600.0,272.68,3.0,2015-04-16,2015-04,"创业板ETF易方达
159915.XSHE"
2015-04-17 09:41:00,止盈,500ETF,510500.XSHG,8.0,1100.0,3485.0,263.12,3.0,2015-04-17,2015-04,"500ETF
510500.XSHG"
2015-04-20 09:33:00,加仓,创业板ETF易方达,159915.XSHE,2.33,3700.0,18300.0,,4.0,2015-04-20,2015-04,"创业板ETF易方达
159915.XSHE"
2015-04-21 10:02:00,止盈,创业板ETF易方达,159915.XSHE,2.401,3800.0,14500.0,268.89,3.0,2015-04-21,2015-04,"创业板ETF易方达
159915.XSHE"
2015-04-21 14:31:00,止盈,创业板ETF易方达,159915.XSHE,2.474,3700.0,10800.0,269.18,3.0,2015-04-21,2015-04,"创业板ETF易方达
159915.XSHE"
2015-04-22 09:39:00,止盈,500ETF,510500.XSHG,8.24,1100.0,2385.0,263.09,2.0,2015-04-22,2015-04,"500ETF
510500.XSHG"
2015-04-23 09:32:00,止盈,创业板ETF易方达,159915.XSHE,2.55,3600.0,7200.0,272.68,2.0,2015-04-23,2015-04,"创业板ETF易方达
159915.XSHE"
2015-04-24 10:33:00,止盈,创业板ETF易方达,159915.XSHE,2.631,3500.0,3700.0,282.58,1.0,2015-04-24,2015-04,"创业板ETF易方达
159915.XSHE"
2015-04-27 09:32:00,止盈,500ETF,510500.XSHG,8.509,1000.0,1385.0,268.15,1.0,2015-04-27,2015-04,"500ETF
510500.XSHG"
2015-04-27 09:39:00,止盈,纳指ETF,513100.XSHG,1.481,6200.0,44500.0,271.88,7.0,2015-04-27,2015-04,"纳指ETF
513100.XSHG"
2015-04-28 14:23:00,加仓,500ETF,510500.XSHG,8.25,1000.0,2385.0,,2.0,2015-04-28,2015-04,"500ETF
510500.XSHG"
2015-04-29 14:51:00,止盈,创业板ETF易方达,159915.XSHE,2.71,3400.0,300.0,267.68,1.0,2015-04-29,2015-04,"创业板ETF易方达
159915.XSHE"
2015-04-30 09:31:00,止盈,500ETF,510500.XSHG,8.512,1000.0,1385.0,261.15,1.0,2015-04-30,2015-04,"500ETF
510500.XSHG"
2015-04-30 10:52:00,止盈（部分）,创业板ETF易方达,159915.XSHE,2.799,300.0,0.0,26.6,0.0,2015-04-30,2015-04,"创业板ETF易方达
159915.XSHE"
2015-04-30 10:52:00,清仓,创业板ETF易方达,159915.XSHE,,,,,0.0,2015-04-30,2015-04,"创业板ETF易方达
159915.XSHE"
2015-04-30 10:53:00,重装建仓,创业板ETF易方达,159915.XSHE,2.798,28500.0,28500.0,,,2015-04-30,2015-04,"创业板ETF易方达
159915.XSHE"
2015-04-30 10:54:00,底仓到账,创业板ETF易方达,159915.XSHE,,,28500.0,,8.0,2015-04-30,2015-04,"创业板ETF易方达
159915.XSHE"
2015-05-04 09:39:00,加仓,创业板ETF易方达,159915.XSHE,2.706,3200.0,31700.0,,9.0,2015-05-04,2015-05,"创业板ETF易方达
159915.XSHE"
2015-05-05 14:18:00,加仓,500ETF,510500.XSHG,8.253,1000.0,2385.0,,2.0,2015-05-05,2015-05,"500ETF
510500.XSHG"
2015-05-06 09:31:00,加仓,纳指ETF,513100.XSHG,1.432,6000.0,50500.0,,8.0,2015-05-06,2015-05,"纳指ETF
513100.XSHG"
2015-05-06 10:36:00,止盈,创业板ETF易方达,159915.XSHE,2.789,3300.0,28400.0,272.98,8.0,2015-05-06,2015-05,"创业板ETF易方达
159915.XSHE"
2015-05-07 09:52:00,加仓,创业板ETF易方达,159915.XSHE,2.702,3200.0,31600.0,,9.0,2015-05-07,2015-05,"创业板ETF易方达
159915.XSHE"
2015-05-07 10:09:00,加仓,500ETF,510500.XSHG,8.0,1000.0,3385.0,,3.0,2015-05-07,2015-05,"500ETF
510500.XSHG"
2015-05-08 10:11:00,止盈,创业板ETF易方达,159915.XSHE,2.786,3300.0,28300.0,276.28,8.0,2015-05-08,2015-05,"创业板ETF易方达
159915.XSHE"
2015-05-08 14:33:00,止盈,创业板ETF易方达,159915.XSHE,2.871,3200.0,25100.0,271.08,8.0,2015-05-08,2015-05,"创业板ETF易方达
159915.XSHE"
2015-05-08 14:42:00,止盈,500ETF,510500.XSHG,8.276,1100.0,2285.0,302.69,2.0,2015-05-08,2015-05,"500ETF
510500.XSHG"
2015-05-08 14:44:00,止盈,500ETF,510500.XSHG,8.61,1000.0,1285.0,333.14,1.0,2015-05-08,2015-05,"500ETF
510500.XSHG"
2015-05-08 14:47:00,加仓,500ETF,510500.XSHG,8.267,1000.0,2285.0,,2.0,2015-05-08,2015-05,"500ETF
510500.XSHG"
2015-05-11 10:22:00,止盈,创业板ETF易方达,159915.XSHE,2.958,3100.0,22000.0,268.78,7.0,2015-05-11,2015-05,"创业板ETF易方达
159915.XSHE"
2015-05-11 13:02:00,止盈,500ETF,510500.XSHG,8.521,1000.0,1285.0,253.15,1.0,2015-05-11,2015-05,"500ETF
510500.XSHG"
2015-05-11 14:30:00,止盈,创业板ETF易方达,159915.XSHE,3.056,3000.0,19000.0,293.08,6.0,2015-05-11,2015-05,"创业板ETF易方达
159915.XSHE"
2015-05-12 13:49:00,止盈,500ETF,510500.XSHG,8.777,1000.0,285.0,255.12,1.0,2015-05-12,2015-05,"500ETF
510500.XSHG"
2015-05-15 09:35:00,加仓,创业板ETF易方达,159915.XSHE,2.96,2900.0,21900.0,,7.0,2015-05-15,2015-05,"创业板ETF易方达
159915.XSHE"
2015-05-15 09:58:00,止盈,纳指ETF,513100.XSHG,1.476,6200.0,44300.0,271.88,7.0,2015-05-15,2015-05,"纳指ETF
513100.XSHG"
2015-05-15 14:30:00,止盈,创业板ETF易方达,159915.XSHE,3.049,3000.0,18900.0,266.09,6.0,2015-05-15,2015-05,"创业板ETF易方达
159915.XSHE"
2015-05-18 10:00:00,止盈,创业板ETF易方达,159915.XSHE,3.145,2900.0,16000.0,277.49,5.0,2015-05-18,2015-05,"创业板ETF易方达
159915.XSHE"
2015-05-18 14:22:00,止盈,黄金ETF,518880.XSHG,2.46,3700.0,29100.0,283.99,8.0,2015-05-18,2015-05,"黄金ETF
518880.XSHG"
2015-05-19 10:43:00,止盈（部分）,500ETF,510500.XSHG,9.046,200.0,85.0,53.62,0.0,2015-05-19,2015-05,"500ETF
510500.XSHG"
2015-05-19 10:43:00,清仓-碎股,500ETF,510500.XSHG,,,,,0.0,2015-05-19,2015-05,"500ETF
510500.XSHG"
2015-05-19 10:43:00,清仓,500ETF,510500.XSHG,,,,,0.0,2015-05-19,2015-05,"500ETF
510500.XSHG"
2015-05-19 10:44:00,重装建仓,500ETF,510500.XSHG,9.05,8800.0,8800.0,,,2015-05-19,2015-05,"500ETF
510500.XSHG"
2015-05-19 10:45:00,底仓到账,500ETF,510500.XSHG,,,8800.0,,9.0,2015-05-19,2015-05,"500ETF
510500.XSHG"
2015-05-20 09:37:00,止盈,创业板ETF易方达,159915.XSHE,3.242,2800.0,13200.0,270.69,4.0,2015-05-20,2015-05,"创业板ETF易方达
159915.XSHE"
2015-05-20 09:40:00,止盈,500ETF,510500.XSHG,9.343,900.0,7900.0,262.86,8.0,2015-05-20,2015-05,"500ETF
510500.XSHG"
2015-05-21 10:15:00,止盈,创业板ETF易方达,159915.XSHE,3.341,2700.0,10500.0,266.4,4.0,2015-05-21,2015-05,"创业板ETF易方达
159915.XSHE"
2015-05-21 14:35:00,止盈,500ETF,510500.XSHG,9.625,900.0,7000.0,252.93,7.0,2015-05-21,2015-05,"500ETF
510500.XSHG"
2015-05-22 09:31:00,止盈,创业板ETF易方达,159915.XSHE,3.468,2600.0,7900.0,329.3,3.0,2015-05-22,2015-05,"创业板ETF易方达
159915.XSHE"
2015-05-22 10:04:00,加仓,创业板ETF易方达,159915.XSHE,3.36,2500.0,10400.0,,4.0,2015-05-22,2015-05,"创业板ETF易方达
159915.XSHE"
2015-05-22 14:47:00,止盈,500ETF,510500.XSHG,9.99,900.0,6100.0,327.6,6.0,2015-05-22,2015-05,"500ETF
510500.XSHG"
2015-05-25 09:32:00,加仓,创业板ETF易方达,159915.XSHE,3.237,2600.0,13000.0,,5.0,2015-05-25,2015-05,"创业板ETF易方达
159915.XSHE"
2015-05-25 09:33:00,等级校准,创业板ETF易方达,159915.XSHE,,,13000.0,,,2015-05-25,2015-05,"创业板ETF易方达
159915.XSHE"
2015-05-25 11:13:00,止盈,创业板ETF易方达,159915.XSHE,3.336,2700.0,10300.0,266.4,3.0,2015-05-25,2015-05,"创业板ETF易方达
159915.XSHE"
2015-05-26 10:23:00,止盈,创业板ETF易方达,159915.XSHE,3.438,2600.0,7700.0,264.31,2.0,2015-05-26,2015-05,"创业板ETF易方达
159915.XSHE"
2015-05-26 10:36:00,止盈,500ETF,510500.XSHG,10.299,900.0,5200.0,277.17,6.0,2015-05-26,2015-05,"500ETF
510500.XSHG"
2015-05-27 14:05:00,止盈,500ETF,510500.XSHG,10.639,800.0,4400.0,271.15,5.0,2015-05-27,2015-05,"500ETF
510500.XSHG"
2015-05-28 14:17:00,加仓,500ETF,510500.XSHG,10.296,800.0,5200.0,,6.0,2015-05-28,2015-05,"500ETF
510500.XSHG"
2015-05-28 14:49:00,加仓,创业板ETF易方达,159915.XSHE,3.334,2600.0,10300.0,,3.0,2015-05-28,2015-05,"创业板ETF易方达
159915.XSHE"
2015-05-28 14:56:00,加仓,500ETF,510500.XSHG,9.98,800.0,6000.0,,7.0,2015-05-28,2015-05,"500ETF
510500.XSHG"
2015-05-28 14:57:00,等级校准,500ETF,510500.XSHG,,,6000.0,,,2015-05-28,2015-05,"500ETF
510500.XSHG"
2015-05-29 09:36:00,加仓,黄金ETF,518880.XSHG,2.386,3600.0,32700.0,,9.0,2015-05-29,2015-05,"黄金ETF
518880.XSHG"
2015-05-29 09:37:00,等级校准,黄金ETF,518880.XSHG,,,32700.0,,,2015-05-29,2015-05,"黄金ETF
518880.XSHG"
2015-05-29 09:43:00,加仓,500ETF,510500.XSHG,9.633,900.0,6900.0,,7.0,2015-05-29,2015-05,"500ETF
510500.XSHG"
2015-05-29 09:43:00,加仓,创业板ETF易方达,159915.XSHE,3.22,2600.0,12900.0,,4.0,2015-05-29,2015-05,"创业板ETF易方达
159915.XSHE"
2015-05-29 09:51:00,止盈,500ETF,510500.XSHG,10.003,900.0,6000.0,332.1,7.0,2015-05-29,2015-05,"500ETF
510500.XSHG"
2015-05-29 10:02:00,止盈,创业板ETF易方达,159915.XSHE,3.329,2700.0,10200.0,293.4,3.0,2015-05-29,2015-05,"创业板ETF易方达
159915.XSHE"
2015-05-29 13:22:00,止盈,500ETF,510500.XSHG,10.333,800.0,5200.0,263.17,6.0,2015-05-29,2015-05,"500ETF
510500.XSHG"
2015-05-29 13:44:00,止盈,创业板ETF易方达,159915.XSHE,3.431,2700.0,7500.0,274.47,2.0,2015-05-29,2015-05,"创业板ETF易方达
159915.XSHE"
2015-05-29 14:17:00,加仓,500ETF,510500.XSHG,9.9,800.0,6000.0,,7.0,2015-05-29,2015-05,"500ETF
510500.XSHG"
2015-05-29 14:18:00,等级校准,500ETF,510500.XSHG,,,6000.0,,,2015-05-29,2015-05,"500ETF
510500.XSHG"
2015-05-29 14:36:00,加仓,创业板ETF易方达,159915.XSHE,3.317,2600.0,10100.0,,3.0,2015-05-29,2015-05,"创业板ETF易方达
159915.XSHE"
2015-06-01 09:32:00,止盈,创业板ETF易方达,159915.XSHE,3.434,2700.0,7400.0,314.97,2.0,2015-06-01,2015-06,"创业板ETF易方达
159915.XSHE"
2015-06-01 09:34:00,止盈,500ETF,510500.XSHG,10.2,900.0,5100.0,269.08,6.0,2015-06-01,2015-06,"500ETF
510500.XSHG"
2015-06-01 13:03:00,止盈,500ETF,510500.XSHG,10.519,800.0,4300.0,254.36,5.0,2015-06-01,2015-06,"500ETF
510500.XSHG"
2015-06-01 13:08:00,止盈,创业板ETF易方达,159915.XSHE,3.539,2600.0,4800.0,272.08,1.0,2015-06-01,2015-06,"创业板ETF易方达
159915.XSHE"
2015-06-02 10:08:00,止盈,创业板ETF易方达,159915.XSHE,3.647,2500.0,2300.0,269.09,1.0,2015-06-02,2015-06,"创业板ETF易方达
159915.XSHE"
2015-06-02 10:16:00,止盈,500ETF,510500.XSHG,10.849,800.0,3500.0,263.13,4.0,2015-06-02,2015-06,"500ETF
510500.XSHG"
2015-06-02 14:39:00,止盈（部分）,创业板ETF易方达,159915.XSHE,3.757,2300.0,0.0,252.14,0.0,2015-06-02,2015-06,"创业板ETF易方达
159915.XSHE"
2015-06-02 14:39:00,清仓,创业板ETF易方达,159915.XSHE,,,,,0.0,2015-06-02,2015-06,"创业板ETF易方达
159915.XSHE"
2015-06-02 14:40:00,重装建仓,创业板ETF易方达,159915.XSHE,3.768,21200.0,21200.0,,,2015-06-02,2015-06,"创业板ETF易方达
159915.XSHE"
2015-06-02 14:41:00,底仓到账,创业板ETF易方达,159915.XSHE,,,21200.0,,9.0,2015-06-02,2015-06,"创业板ETF易方达
159915.XSHE"
2015-06-04 13:01:00,加仓,创业板ETF易方达,159915.XSHE,3.643,2300.0,23500.0,,10.0,2015-06-04,2015-06,"创业板ETF易方达
159915.XSHE"
2015-06-04 13:02:00,等级校准,创业板ETF易方达,159915.XSHE,,,23500.0,,,2015-06-04,2015-06,"创业板ETF易方达
159915.XSHE"
2015-06-04 13:05:00,加仓,500ETF,510500.XSHG,10.324,800.0,4300.0,,5.0,2015-06-04,2015-06,"500ETF
510500.XSHG"
2015-06-04 13:06:00,加仓,创业板ETF易方达,159915.XSHE,3.515,2400.0,25900.0,,10.0,2015-06-04,2015-06,"创业板ETF易方达
159915.XSHE"
2015-06-04 13:58:00,止盈,创业板ETF易方达,159915.XSHE,3.621,2500.0,23400.0,264.09,9.0,2015-06-04,2015-06,"创业板ETF易方达
159915.XSHE"
2015-06-04 14:11:00,止盈,500ETF,510500.XSHG,10.665,800.0,3500.0,271.95,4.0,2015-06-04,2015-06,"500ETF
510500.XSHG"
2015-06-04 14:41:00,止盈,创业板ETF易方达,159915.XSHE,3.731,2400.0,21000.0,263.1,8.0,2015-06-04,2015-06,"创业板ETF易方达
159915.XSHE"
2015-06-04 14:46:00,止盈,500ETF,510500.XSHG,11.004,800.0,2700.0,270.32,3.0,2015-06-04,2015-06,"500ETF
510500.XSHG"
2015-06-05 10:04:00,止盈,创业板ETF易方达,159915.XSHE,3.843,2400.0,18600.0,267.88,8.0,2015-06-05,2015-06,"创业板ETF易方达
159915.XSHE"
2015-06-05 11:13:00,加仓,创业板ETF易方达,159915.XSHE,3.725,2300.0,20900.0,,9.0,2015-06-05,2015-06,"创业板ETF易方达
159915.XSHE"
2015-06-05 11:14:00,等级校准,创业板ETF易方达,159915.XSHE,,,20900.0,,,2015-06-05,2015-06,"创业板ETF易方达
159915.XSHE"
2015-06-08 09:36:00,加仓,创业板ETF易方达,159915.XSHE,3.597,2400.0,23300.0,,9.0,2015-06-08,2015-06,"创业板ETF易方达
159915.XSHE"
2015-06-08 10:43:00,加仓,创业板ETF易方达,159915.XSHE,3.484,2500.0,25800.0,,10.0,2015-06-08,2015-06,"创业板ETF易方达
159915.XSHE"
2015-06-09 10:00:00,止盈,创业板ETF易方达,159915.XSHE,3.589,2500.0,23300.0,261.6,9.0,2015-06-09,2015-06,"创业板ETF易方达
159915.XSHE"
2015-06-09 11:20:00,加仓,创业板ETF易方达,159915.XSHE,3.479,2500.0,25800.0,,10.0,2015-06-09,2015-06,"创业板ETF易方达
159915.XSHE"
2015-06-10 11:29:00,止盈,创业板ETF易方达,159915.XSHE,3.584,2500.0,23300.0,261.6,9.0,2015-06-10,2015-06,"创业板ETF易方达
159915.XSHE"
2015-06-10 13:40:00,止盈,500ETF,510500.XSHG,11.357,800.0,1900.0,281.49,2.0,2015-06-10,2015-06,"500ETF
510500.XSHG"
2015-06-10 14:27:00,止盈,创业板ETF易方达,159915.XSHE,3.693,2500.0,20800.0,271.58,8.0,2015-06-10,2015-06,"创业板ETF易方达
159915.XSHE"
2015-06-12 13:14:00,止盈,500ETF,510500.XSHG,11.789,700.0,1200.0,301.57,1.0,2015-06-12,2015-06,"500ETF
510500.XSHG"
2015-06-15 10:38:00,加仓,创业板ETF易方达,159915.XSHE,3.582,2400.0,23200.0,,9.0,2015-06-15,2015-06,"创业板ETF易方达
159915.XSHE"
2015-06-15 11:06:00,加仓,500ETF,510500.XSHG,11.431,700.0,1900.0,,2.0,2015-06-15,2015-06,"500ETF
510500.XSHG"
2015-06-16 09:31:00,加仓,创业板ETF易方达,159915.XSHE,3.447,2500.0,25700.0,,10.0,2015-06-16,2015-06,"创业板ETF易方达
159915.XSHE"
2015-06-16 09:32:00,等级校准,创业板ETF易方达,159915.XSHE,,,25700.0,,,2015-06-16,2015-06,"创业板ETF易方达
159915.XSHE"
2015-06-16 10:10:00,加仓,500ETF,510500.XSHG,11.077,700.0,2600.0,,3.0,2015-06-16,2015-06,"500ETF
510500.XSHG"
2015-06-16 10:11:00,加仓,创业板ETF易方达,159915.XSHE,3.342,2600.0,28300.0,,10.0,2015-06-16,2015-06,"创业板ETF易方达
159915.XSHE"
2015-06-16 11:23:00,止盈,创业板ETF易方达,159915.XSHE,3.443,2600.0,25700.0,261.7,9.0,2015-06-16,2015-06,"创业板ETF易方达
159915.XSHE"
2015-06-17 10:14:00,加仓,500ETF,510500.XSHG,10.734,800.0,3400.0,,4.0,2015-06-17,2015-06,"500ETF
510500.XSHG"
2015-06-17 10:47:00,加仓,创业板ETF易方达,159915.XSHE,3.334,2600.0,28300.0,,10.0,2015-06-17,2015-06,"创业板ETF易方达
159915.XSHE"
2015-06-17 13:14:00,止盈,创业板ETF易方达,159915.XSHE,3.44,2600.0,25700.0,274.71,9.0,2015-06-17,2015-06,"创业板ETF易方达
159915.XSHE"
2015-06-17 14:00:00,止盈,500ETF,510500.XSHG,11.064,800.0,2600.0,263.11,3.0,2015-06-17,2015-06,"500ETF
510500.XSHG"
2015-06-17 14:32:00,止盈,创业板ETF易方达,159915.XSHE,3.546,2600.0,23100.0,274.68,9.0,2015-06-17,2015-06,"创业板ETF易方达
159915.XSHE"
2015-06-17 14:54:00,止盈,500ETF,510500.XSHG,11.466,800.0,1800.0,320.68,2.0,2015-06-17,2015-06,"500ETF
510500.XSHG"
2015-06-18 09:32:00,加仓,500ETF,510500.XSHG,11.106,700.0,2500.0,,3.0,2015-06-18,2015-06,"500ETF
510500.XSHG"
2015-06-18 13:49:00,加仓,创业板ETF易方达,159915.XSHE,3.435,2500.0,25600.0,,10.0,2015-06-18,2015-06,"创业板ETF易方达
159915.XSHE"
2015-06-18 13:50:00,等级校准,创业板ETF易方达,159915.XSHE,,,25600.0,,,2015-06-18,2015-06,"创业板ETF易方达
159915.XSHE"
2015-06-18 14:47:00,加仓,创业板ETF易方达,159915.XSHE,3.329,2600.0,28200.0,,10.0,2015-06-18,2015-06,"创业板ETF易方达
159915.XSHE"
2015-06-19 09:31:00,加仓,500ETF,510500.XSHG,10.477,800.0,3300.0,,4.0,2015-06-19,2015-06,"500ETF
510500.XSHG"
2015-06-19 09:31:00,加仓,创业板ETF易方达,159915.XSHE,3.219,2700.0,30900.0,,11.0,2015-06-19,2015-06,"创业板ETF易方达
159915.XSHE"
2015-06-19 14:38:00,加仓,500ETF,510500.XSHG,10.128,800.0,4100.0,,5.0,2015-06-19,2015-06,"500ETF
510500.XSHG"
2015-06-23 09:39:00,加仓,创业板ETF易方达,159915.XSHE,3.118,2700.0,33600.0,,12.0,2015-06-23,2015-06,"创业板ETF易方达
159915.XSHE"
2015-06-23 11:01:00,加仓,500ETF,510500.XSHG,9.81,800.0,4900.0,,6.0,2015-06-23,2015-06,"500ETF
510500.XSHG"
2015-06-23 11:02:00,等级校准,500ETF,510500.XSHG,,,4900.0,,,2015-06-23,2015-06,"500ETF
510500.XSHG"
2015-06-23 11:14:00,加仓,创业板ETF易方达,159915.XSHE,3.021,2800.0,36400.0,,13.0,2015-06-23,2015-06,"创业板ETF易方达
159915.XSHE"
2015-06-23 11:15:00,等级校准,创业板ETF易方达,159915.XSHE,,,36400.0,,,2015-06-23,2015-06,"创业板ETF易方达
159915.XSHE"
2015-06-23 13:11:00,止盈,创业板ETF易方达,159915.XSHE,3.112,2900.0,33500.0,263.0,11.0,2015-06-23,2015-06,"创业板ETF易方达
159915.XSHE"
2015-06-23 13:57:00,止盈,500ETF,510500.XSHG,10.105,900.0,4000.0,264.59,5.0,2015-06-23,2015-06,"500ETF
510500.XSHG"
2015-06-23 14:26:00,加仓,500ETF,510500.XSHG,9.8,800.0,4800.0,,6.0,2015-06-23,2015-06,"500ETF
510500.XSHG"
2015-06-23 14:27:00,等级校准,500ETF,510500.XSHG,,,4800.0,,,2015-06-23,2015-06,"500ETF
510500.XSHG"
2015-06-23 14:48:00,止盈,500ETF,510500.XSHG,10.095,900.0,3900.0,264.59,4.0,2015-06-23,2015-06,"500ETF
510500.XSHG"
2015-06-23 14:53:00,止盈,创业板ETF易方达,159915.XSHE,3.207,2800.0,30700.0,265.1,10.0,2015-06-23,2015-06,"创业板ETF易方达
159915.XSHE"
2015-06-25 11:26:00,止盈,500ETF,510500.XSHG,10.409,800.0,3100.0,250.37,3.0,2015-06-25,2015-06,"500ETF
510500.XSHG"
2015-06-25 14:04:00,加仓,创业板ETF易方达,159915.XSHE,3.109,2800.0,33500.0,,11.0,2015-06-25,2015-06,"创业板ETF易方达
159915.XSHE"
2015-06-25 14:37:00,加仓,500ETF,510500.XSHG,10.087,800.0,3900.0,,4.0,2015-06-25,2015-06,"500ETF
510500.XSHG"
2015-06-26 09:31:00,加仓,500ETF,510500.XSHG,9.648,800.0,4700.0,,5.0,2015-06-26,2015-06,"500ETF
510500.XSHG"
2015-06-26 09:31:00,加仓,创业板ETF易方达,159915.XSHE,2.931,2800.0,36300.0,,12.0,2015-06-26,2015-06,"创业板ETF易方达
159915.XSHE"
2015-06-26 09:45:00,加仓,创业板ETF易方达,159915.XSHE,2.843,3000.0,39300.0,,13.0,2015-06-26,2015-06,"创业板ETF易方达
159915.XSHE"
2015-06-26 09:46:00,等级校准,创业板ETF易方达,159915.XSHE,,,39300.0,,,2015-06-26,2015-06,"创业板ETF易方达
159915.XSHE"
2015-06-26 11:02:00,加仓,500ETF,510500.XSHG,9.352,900.0,5600.0,,6.0,2015-06-26,2015-06,"500ETF
510500.XSHG"
2015-06-26 11:19:00,加仓,创业板ETF易方达,159915.XSHE,2.757,3100.0,42400.0,,13.0,2015-06-26,2015-06,"创业板ETF易方达
159915.XSHE"
2015-06-26 13:38:00,加仓,500ETF,510500.XSHG,9.064,900.0,6500.0,,7.0,2015-06-26,2015-06,"500ETF
510500.XSHG"
2015-06-29 09:35:00,加仓,创业板ETF易方达,159915.XSHE,2.661,3200.0,45600.0,,14.0,2015-06-29,2015-06,"创业板ETF易方达
159915.XSHE"
2015-06-29 09:36:00,等级校准,创业板ETF易方达,159915.XSHE,,,45600.0,,,2015-06-29,2015-06,"创业板ETF易方达
159915.XSHE"
2015-06-29 09:42:00,加仓,500ETF,510500.XSHG,8.707,900.0,7400.0,,8.0,2015-06-29,2015-06,"500ETF
510500.XSHG"
2015-06-29 09:43:00,等级校准,500ETF,510500.XSHG,,,7400.0,,,2015-06-29,2015-06,"500ETF
510500.XSHG"
2015-06-29 09:43:00,加仓,创业板ETF易方达,159915.XSHE,2.57,3300.0,48900.0,,14.0,2015-06-29,2015-06,"创业板ETF易方达
159915.XSHE"
2015-06-29 09:44:00,等级校准,创业板ETF易方达,159915.XSHE,,,48900.0,,,2015-06-29,2015-06,"创业板ETF易方达
159915.XSHE"
2015-06-29 09:48:00,止盈,500ETF,510500.XSHG,8.979,1000.0,6400.0,271.1,6.0,2015-06-29,2015-06,"500ETF
510500.XSHG"
2015-06-29 10:07:00,止盈,创业板ETF易方达,159915.XSHE,2.648,3500.0,45400.0,272.07,13.0,2015-06-29,2015-06,"创业板ETF易方达
159915.XSHE"
2015-06-29 10:48:00,加仓,创业板ETF易方达,159915.XSHE,2.566,3300.0,48700.0,,14.0,2015-06-29,2015-06,"创业板ETF易方达
159915.XSHE"
2015-06-29 10:49:00,等级校准,创业板ETF易方达,159915.XSHE,,,48700.0,,,2015-06-29,2015-06,"创业板ETF易方达
159915.XSHE"
2015-06-29 10:59:00,加仓,500ETF,510500.XSHG,8.696,1000.0,7400.0,,7.0,2015-06-29,2015-06,"500ETF
510500.XSHG"
2015-06-29 13:02:00,加仓,500ETF,510500.XSHG,8.372,1000.0,8400.0,,8.0,2015-06-29,2015-06,"500ETF
510500.XSHG"
2015-06-29 13:10:00,加仓,500ETF,510500.XSHG,8.1,1000.0,9400.0,,9.0,2015-06-29,2015-06,"500ETF
510500.XSHG"
2015-06-29 13:11:00,等级校准,500ETF,510500.XSHG,,,9400.0,,,2015-06-29,2015-06,"500ETF
510500.XSHG"
2015-06-29 13:28:00,止盈,500ETF,510500.XSHG,8.47,1100.0,8300.0,406.07,8.0,2015-06-29,2015-06,"500ETF
510500.XSHG"
2015-06-29 14:06:00,止盈,500ETF,510500.XSHG,8.77,1000.0,7300.0,299.12,7.0,2015-06-29,2015-06,"500ETF
510500.XSHG"
2015-06-29 14:50:00,加仓,500ETF,510500.XSHG,8.501,1000.0,8300.0,,8.0,2015-06-29,2015-06,"500ETF
510500.XSHG"
2015-06-30 09:31:00,加仓,500ETF,510500.XSHG,8.102,1000.0,9300.0,,9.0,2015-06-30,2015-06,"500ETF
510500.XSHG"
2015-06-30 09:31:00,加仓,创业板ETF易方达,159915.XSHE,2.423,3500.0,52200.0,,14.0,2015-06-30,2015-06,"创业板ETF易方达
159915.XSHE"
2015-06-30 09:32:00,加仓,纳指ETF,513100.XSHG,1.428,6000.0,50300.0,,8.0,2015-06-30,2015-06,"纳指ETF
513100.XSHG"
2015-06-30 09:32:00,等级校准,500ETF,510500.XSHG,,,9300.0,,,2015-06-30,2015-06,"500ETF
510500.XSHG"
2015-06-30 09:33:00,等级校准,纳指ETF,513100.XSHG,,,50300.0,,,2015-06-30,2015-06,"纳指ETF
513100.XSHG"
2015-06-30 09:34:00,止盈,500ETF,510500.XSHG,8.354,1100.0,8200.0,276.28,8.0,2015-06-30,2015-06,"500ETF
510500.XSHG"
2015-06-30 10:02:00,加仓,创业板ETF易方达,159915.XSHE,2.35,3700.0,55900.0,,15.0,2015-06-30,2015-06,"创业板ETF易方达
159915.XSHE"
2015-06-30 10:03:00,等级校准,创业板ETF易方达,159915.XSHE,,,55900.0,,,2015-06-30,2015-06,"创业板ETF易方达
159915.XSHE"
2015-06-30 10:05:00,加仓,500ETF,510500.XSHG,8.103,1000.0,9200.0,,9.0,2015-06-30,2015-06,"500ETF
510500.XSHG"
2015-06-30 10:06:00,等级校准,500ETF,510500.XSHG,,,9200.0,,,2015-06-30,2015-06,"500ETF
510500.XSHG"
2015-06-30 10:46:00,加仓,创业板ETF易方达,159915.XSHE,2.279,3800.0,59700.0,,15.0,2015-06-30,2015-06,"创业板ETF易方达
159915.XSHE"
2015-06-30 10:52:00,止盈,创业板ETF易方达,159915.XSHE,2.348,3900.0,55800.0,268.18,14.0,2015-06-30,2015-06,"创业板ETF易方达
159915.XSHE"
2015-06-30 11:13:00,止盈,500ETF,510500.XSHG,8.432,1100.0,8100.0,360.97,8.0,2015-06-30,2015-06,"500ETF
510500.XSHG"
2015-06-30 11:20:00,止盈,创业板ETF易方达,159915.XSHE,2.432,3800.0,52000.0,318.28,14.0,2015-06-30,2015-06,"创业板ETF易方达
159915.XSHE"
2015-06-30 11:29:00,止盈,创业板ETF易方达,159915.XSHE,2.524,3700.0,48300.0,339.47,13.0,2015-06-30,2015-06,"创业板ETF易方达
159915.XSHE"
2015-06-30 13:01:00,止盈,创业板ETF易方达,159915.XSHE,2.672,3500.0,44800.0,517.06,13.0,2015-06-30,2015-06,"创业板ETF易方达
159915.XSHE"
2015-06-30 13:04:00,止盈,500ETF,510500.XSHG,8.686,1000.0,7100.0,253.13,7.0,2015-06-30,2015-06,"500ETF
510500.XSHG"
2015-06-30 13:56:00,止盈,500ETF,510500.XSHG,8.97,1000.0,6100.0,283.1,6.0,2015-06-30,2015-06,"500ETF
510500.XSHG"
2015-07-01 09:38:00,止盈,创业板ETF易方达,159915.XSHE,2.755,3300.0,41500.0,272.99,12.0,2015-07-01,2015-07,"创业板ETF易方达
159915.XSHE"
2015-07-01 11:08:00,止盈,创业板ETF易方达,159915.XSHE,2.839,3200.0,38300.0,267.89,12.0,2015-07-01,2015-07,"创业板ETF易方达
159915.XSHE"
2015-07-01 13:13:00,加仓,创业板ETF易方达,159915.XSHE,2.75,3100.0,41400.0,,13.0,2015-07-01,2015-07,"创业板ETF易方达
159915.XSHE"
2015-07-01 13:14:00,等级校准,创业板ETF易方达,159915.XSHE,,,41400.0,,,2015-07-01,2015-07,"创业板ETF易方达
159915.XSHE"
2015-07-01 14:19:00,加仓,500ETF,510500.XSHG,8.7,1000.0,7100.0,,7.0,2015-07-01,2015-07,"500ETF
510500.XSHG"
2015-07-01 14:39:00,加仓,创业板ETF易方达,159915.XSHE,2.661,3200.0,44600.0,,13.0,2015-07-01,2015-07,"创业板ETF易方达
159915.XSHE"
2015-07-01 14:48:00,加仓,500ETF,510500.XSHG,8.401,1000.0,8100.0,,8.0,2015-07-01,2015-07,"500ETF
510500.XSHG"
2015-07-01 14:49:00,加仓,创业板ETF易方达,159915.XSHE,2.574,3300.0,47900.0,,14.0,2015-07-01,2015-07,"创业板ETF易方达
159915.XSHE"
2015-07-02 09:35:00,加仓,500ETF,510500.XSHG,8.073,1000.0,9100.0,,9.0,2015-07-02,2015-07,"500ETF
510500.XSHG"
2015-07-02 09:36:00,等级校准,500ETF,510500.XSHG,,,9100.0,,,2015-07-02,2015-07,"500ETF
510500.XSHG"
2015-07-02 09:40:00,止盈,500ETF,510500.XSHG,8.332,1100.0,8000.0,283.98,8.0,2015-07-02,2015-07,"500ETF
510500.XSHG"
2015-07-02 10:36:00,加仓,500ETF,510500.XSHG,8.066,1000.0,9000.0,,9.0,2015-07-02,2015-07,"500ETF
510500.XSHG"
2015-07-02 10:37:00,等级校准,500ETF,510500.XSHG,,,9000.0,,,2015-07-02,2015-07,"500ETF
510500.XSHG"
2015-07-02 10:43:00,止盈,500ETF,510500.XSHG,8.487,1100.0,7900.0,462.17,7.0,2015-07-02,2015-07,"500ETF
510500.XSHG"
2015-07-02 10:52:00,加仓,500ETF,510500.XSHG,8.201,1000.0,8900.0,,8.0,2015-07-02,2015-07,"500ETF
510500.XSHG"
2015-07-02 11:06:00,止盈,创业板ETF易方达,159915.XSHE,2.655,3400.0,44500.0,274.5,13.0,2015-07-02,2015-07,"创业板ETF易方达
159915.XSHE"
2015-07-02 13:18:00,加仓,创业板ETF易方达,159915.XSHE,2.575,3300.0,47800.0,,14.0,2015-07-02,2015-07,"创业板ETF易方达
159915.XSHE"
2015-07-02 13:53:00,加仓,创业板ETF易方达,159915.XSHE,2.497,3400.0,51200.0,,15.0,2015-07-02,2015-07,"创业板ETF易方达
159915.XSHE"
2015-07-02 13:54:00,等级校准,创业板ETF易方达,159915.XSHE,,,51200.0,,,2015-07-02,2015-07,"创业板ETF易方达
159915.XSHE"
2015-07-02 14:07:00,加仓,500ETF,510500.XSHG,7.952,1000.0,9900.0,,9.0,2015-07-02,2015-07,"500ETF
510500.XSHG"
2015-07-02 14:14:00,加仓,创业板ETF易方达,159915.XSHE,2.403,3600.0,54800.0,,15.0,2015-07-02,2015-07,"创业板ETF易方达
159915.XSHE"
2015-07-02 14:15:00,等级校准,创业板ETF易方达,159915.XSHE,,,54800.0,,,2015-07-02,2015-07,"创业板ETF易方达
159915.XSHE"
2015-07-02 14:26:00,止盈,创业板ETF易方达,159915.XSHE,2.483,3700.0,51100.0,295.08,14.0,2015-07-02,2015-07,"创业板ETF易方达
159915.XSHE"
2015-07-02 14:49:00,止盈,创业板ETF易方达,159915.XSHE,2.573,3600.0,47500.0,323.07,13.0,2015-07-02,2015-07,"创业板ETF易方达
159915.XSHE"
2015-07-02 14:57:00,加仓,创业板ETF易方达,159915.XSHE,2.477,3400.0,50900.0,,14.0,2015-07-02,2015-07,"创业板ETF易方达
159915.XSHE"
2015-07-03 09:31:00,加仓,创业板ETF易方达,159915.XSHE,2.402,3600.0,54500.0,,15.0,2015-07-03,2015-07,"创业板ETF易方达
159915.XSHE"
2015-07-03 09:32:00,加仓,500ETF,510500.XSHG,7.69,1100.0,11000.0,,10.0,2015-07-03,2015-07,"500ETF
510500.XSHG"
2015-07-03 09:32:00,等级校准,创业板ETF易方达,159915.XSHE,,,54500.0,,,2015-07-03,2015-07,"创业板ETF易方达
159915.XSHE"
2015-07-03 09:43:00,加仓,500ETF,510500.XSHG,7.457,1100.0,12100.0,,11.0,2015-07-03,2015-07,"500ETF
510500.XSHG"
2015-07-03 09:44:00,等级校准,500ETF,510500.XSHG,,,12100.0,,,2015-07-03,2015-07,"500ETF
510500.XSHG"
2015-07-03 10:23:00,加仓,500ETF,510500.XSHG,7.23,1200.0,13300.0,,11.0,2015-07-03,2015-07,"500ETF
510500.XSHG"
2015-07-03 10:24:00,加仓,创业板ETF易方达,159915.XSHE,2.326,3700.0,58200.0,,15.0,2015-07-03,2015-07,"创业板ETF易方达
159915.XSHE"
2015-07-03 11:12:00,加仓,黄金ETF,518880.XSHG,2.313,3700.0,36400.0,,9.0,2015-07-03,2015-07,"黄金ETF
518880.XSHG"
2015-07-03 11:21:00,止盈,500ETF,510500.XSHG,7.459,1200.0,12100.0,273.9,10.0,2015-07-03,2015-07,"500ETF
510500.XSHG"
2015-07-03 11:21:00,止盈,创业板ETF易方达,159915.XSHE,2.398,3800.0,54400.0,272.69,14.0,2015-07-03,2015-07,"创业板ETF易方达
159915.XSHE"
2015-07-03 11:24:00,止盈,创业板ETF易方达,159915.XSHE,2.47,3700.0,50700.0,265.49,14.0,2015-07-03,2015-07,"创业板ETF易方达
159915.XSHE"
2015-07-03 13:02:00,止盈,500ETF,510500.XSHG,7.721,1200.0,10900.0,313.47,9.0,2015-07-03,2015-07,"500ETF
510500.XSHG"
2015-07-03 13:02:00,止盈,创业板ETF易方达,159915.XSHE,2.55,3600.0,47100.0,287.08,13.0,2015-07-03,2015-07,"创业板ETF易方达
159915.XSHE"
2015-07-03 13:19:00,止盈,500ETF,510500.XSHG,7.964,1100.0,9800.0,266.42,8.0,2015-07-03,2015-07,"500ETF
510500.XSHG"
2015-07-03 13:21:00,止盈,创业板ETF易方达,159915.XSHE,2.63,3500.0,43600.0,279.08,12.0,2015-07-03,2015-07,"创业板ETF易方达
159915.XSHE"
2015-07-03 13:38:00,加仓,500ETF,510500.XSHG,7.693,1100.0,10900.0,,9.0,2015-07-03,2015-07,"500ETF
510500.XSHG"
2015-07-03 13:38:00,加仓,创业板ETF易方达,159915.XSHE,2.549,3400.0,47000.0,,13.0,2015-07-03,2015-07,"创业板ETF易方达
159915.XSHE"
2015-07-03 14:01:00,加仓,500ETF,510500.XSHG,7.462,1100.0,12000.0,,10.0,2015-07-03,2015-07,"500ETF
510500.XSHG"
2015-07-03 14:34:00,加仓,创业板ETF易方达,159915.XSHE,2.467,3500.0,50500.0,,14.0,2015-07-03,2015-07,"创业板ETF易方达
159915.XSHE"
2015-07-06 09:31:00,止盈,500ETF,510500.XSHG,8.148,1200.0,10800.0,822.22,9.0,2015-07-06,2015-07,"500ETF
510500.XSHG"
2015-07-06 09:31:00,止盈,创业板ETF易方达,159915.XSHE,2.683,3600.0,46900.0,776.63,14.0,2015-07-06,2015-07,"创业板ETF易方达
159915.XSHE"
2015-07-06 09:34:00,加仓,500ETF,510500.XSHG,7.801,1100.0,11900.0,,10.0,2015-07-06,2015-07,"500ETF
510500.XSHG"
2015-07-06 09:34:00,加仓,创业板ETF易方达,159915.XSHE,2.595,3300.0,50200.0,,15.0,2015-07-06,2015-07,"创业板ETF易方达
159915.XSHE"
2015-07-06 09:35:00,等级校准,创业板ETF易方达,159915.XSHE,,,50200.0,,,2015-07-06,2015-07,"创业板ETF易方达
159915.XSHE"
2015-07-06 09:55:00,加仓,创业板ETF易方达,159915.XSHE,2.513,3400.0,53600.0,,15.0,2015-07-06,2015-07,"创业板ETF易方达
159915.XSHE"
2015-07-06 10:00:00,加仓,500ETF,510500.XSHG,7.514,1100.0,13000.0,,11.0,2015-07-06,2015-07,"500ETF
510500.XSHG"
2015-07-06 10:41:00,加仓,创业板ETF易方达,159915.XSHE,2.432,3500.0,57100.0,,16.0,2015-07-06,2015-07,"创业板ETF易方达
159915.XSHE"
2015-07-06 10:42:00,等级校准,创业板ETF易方达,159915.XSHE,,,57100.0,,,2015-07-06,2015-07,"创业板ETF易方达
159915.XSHE"
2015-07-06 11:14:00,加仓,创业板ETF易方达,159915.XSHE,2.353,3700.0,60800.0,,16.0,2015-07-06,2015-07,"创业板ETF易方达
159915.XSHE"
2015-07-06 11:15:00,加仓,500ETF,510500.XSHG,7.219,1100.0,14100.0,,12.0,2015-07-06,2015-07,"500ETF
510500.XSHG"
2015-07-06 11:16:00,等级校准,500ETF,510500.XSHG,,,14100.0,,,2015-07-06,2015-07,"500ETF
510500.XSHG"
2015-07-06 11:19:00,加仓,500ETF,510500.XSHG,6.987,1200.0,15300.0,,12.0,2015-07-06,2015-07,"500ETF
510500.XSHG"
2015-07-06 11:20:00,加仓,创业板ETF易方达,159915.XSHE,2.273,3800.0,64600.0,,17.0,2015-07-06,2015-07,"创业板ETF易方达
159915.XSHE"
2015-07-06 11:21:00,等级校准,创业板ETF易方达,159915.XSHE,,,64600.0,,,2015-07-06,2015-07,"创业板ETF易方达
159915.XSHE"
2015-07-06 11:25:00,止盈,500ETF,510500.XSHG,7.21,1200.0,14100.0,266.73,11.0,2015-07-06,2015-07,"500ETF
510500.XSHG"
2015-07-06 11:26:00,止盈,创业板ETF易方达,159915.XSHE,2.347,3900.0,60700.0,287.68,15.0,2015-07-06,2015-07,"创业板ETF易方达
159915.XSHE"
2015-07-06 13:03:00,加仓,500ETF,510500.XSHG,6.965,1200.0,15300.0,,12.0,2015-07-06,2015-07,"500ETF
510500.XSHG"
2015-07-06 13:04:00,加仓,创业板ETF易方达,159915.XSHE,2.265,3800.0,64500.0,,16.0,2015-07-06,2015-07,"创业板ETF易方达
159915.XSHE"
2015-07-06 14:42:00,止盈,500ETF,510500.XSHG,7.249,1200.0,14100.0,339.93,11.0,2015-07-06,2015-07,"500ETF
510500.XSHG"
2015-07-06 14:48:00,止盈,创业板ETF易方达,159915.XSHE,2.356,3900.0,60600.0,353.98,15.0,2015-07-06,2015-07,"创业板ETF易方达
159915.XSHE"
2015-07-07 09:31:00,加仓,创业板ETF易方达,159915.XSHE,2.24,3800.0,64400.0,,16.0,2015-07-07,2015-07,"创业板ETF易方达
159915.XSHE"
2015-07-07 09:36:00,加仓,纳指ETF,513100.XSHG,1.383,6300.0,56600.0,,8.0,2015-07-07,2015-07,"纳指ETF
513100.XSHG"
2015-07-07 09:43:00,加仓,500ETF,510500.XSHG,7.027,1200.0,15300.0,,12.0,2015-07-07,2015-07,"500ETF
510500.XSHG"
2015-07-07 09:43:00,加仓,创业板ETF易方达,159915.XSHE,2.171,4000.0,68400.0,,17.0,2015-07-07,2015-07,"创业板ETF易方达
159915.XSHE"
2015-07-07 09:44:00,等级校准,创业板ETF易方达,159915.XSHE,,,68400.0,,,2015-07-07,2015-07,"创业板ETF易方达
159915.XSHE"
2015-07-07 10:30:00,加仓,创业板ETF易方达,159915.XSHE,2.103,4100.0,72500.0,,17.0,2015-07-07,2015-07,"创业板ETF易方达
159915.XSHE"
2015-07-07 10:39:00,加仓,500ETF,510500.XSHG,6.763,1200.0,16500.0,,13.0,2015-07-07,2015-07,"500ETF
510500.XSHG"
2015-07-07 10:40:00,等级校准,500ETF,510500.XSHG,,,16500.0,,,2015-07-07,2015-07,"500ETF
510500.XSHG"
2015-07-08 09:31:00,加仓,500ETF,510500.XSHG,6.16,1300.0,17800.0,,13.0,2015-07-08,2015-07,"500ETF
510500.XSHG"
2015-07-08 09:31:00,加仓,创业板ETF易方达,159915.XSHE,1.887,4200.0,76700.0,,18.0,2015-07-08,2015-07,"创业板ETF易方达
159915.XSHE"
2015-07-08 09:32:00,等级校准,500ETF,510500.XSHG,,,17800.0,,,2015-07-08,2015-07,"500ETF
510500.XSHG"
2015-07-08 09:32:00,等级校准,创业板ETF易方达,159915.XSHE,,,76700.0,,,2015-07-08,2015-07,"创业板ETF易方达
159915.XSHE"
2015-07-08 09:48:00,止盈,纳指ETF,513100.XSHG,1.425,6500.0,50100.0,272.07,7.0,2015-07-08,2015-07,"纳指ETF
513100.XSHG"
2015-07-08 10:04:00,加仓,黄金ETF,518880.XSHG,2.241,3800.0,40200.0,,10.0,2015-07-08,2015-07,"黄金ETF
518880.XSHG"
2015-07-08 10:57:00,止盈,创业板ETF易方达,159915.XSHE,1.955,4700.0,72000.0,318.68,15.0,2015-07-08,2015-07,"创业板ETF易方达
159915.XSHE"
2015-07-08 11:21:00,加仓,创业板ETF易方达,159915.XSHE,1.895,4600.0,76600.0,,16.0,2015-07-08,2015-07,"创业板ETF易方达
159915.XSHE"
2015-07-08 13:01:00,止盈,创业板ETF易方达,159915.XSHE,1.975,4700.0,71900.0,375.07,15.0,2015-07-08,2015-07,"创业板ETF易方达
159915.XSHE"
2015-07-08 13:03:00,止盈,500ETF,510500.XSHG,6.362,1400.0,16400.0,281.91,11.0,2015-07-08,2015-07,"500ETF
510500.XSHG"
2015-07-08 13:24:00,加仓,创业板ETF易方达,159915.XSHE,1.909,4500.0,76400.0,,16.0,2015-07-08,2015-07,"创业板ETF易方达
159915.XSHE"
2015-07-08 13:26:00,加仓,纳指ETF,513100.XSHG,1.343,6300.0,56400.0,,8.0,2015-07-08,2015-07,"纳指ETF
513100.XSHG"
2015-07-08 13:29:00,止盈,纳指ETF,513100.XSHG,1.39,6700.0,49700.0,313.97,7.0,2015-07-08,2015-07,"纳指ETF
513100.XSHG"
2015-07-08 13:53:00,加仓,500ETF,510500.XSHG,6.161,1400.0,17800.0,,12.0,2015-07-08,2015-07,"500ETF
510500.XSHG"
2015-07-09 09:37:00,加仓,500ETF,510500.XSHG,5.942,1400.0,19200.0,,13.0,2015-07-09,2015-07,"500ETF
510500.XSHG"
2015-07-09 09:38:00,等级校准,500ETF,510500.XSHG,,,19200.0,,,2015-07-09,2015-07,"500ETF
510500.XSHG"
2015-07-09 09:38:00,止盈,500ETF,510500.XSHG,6.142,1500.0,17700.0,299.08,12.0,2015-07-09,2015-07,"500ETF
510500.XSHG"
2015-07-09 09:43:00,止盈,创业板ETF易方达,159915.XSHE,1.969,4700.0,71700.0,281.07,15.0,2015-07-09,2015-07,"创业板ETF易方达
159915.XSHE"
2015-07-09 09:50:00,止盈,创业板ETF易方达,159915.XSHE,2.042,4500.0,67200.0,327.58,15.0,2015-07-09,2015-07,"创业板ETF易方达
159915.XSHE"
2015-07-09 09:51:00,止盈,500ETF,510500.XSHG,6.339,1400.0,16300.0,274.91,11.0,2015-07-09,2015-07,"500ETF
510500.XSHG"
2015-07-09 09:55:00,止盈,500ETF,510500.XSHG,6.58,1400.0,14900.0,336.48,11.0,2015-07-09,2015-07,"500ETF
510500.XSHG"
2015-07-09 14:08:00,止盈,黄金ETF,518880.XSHG,2.311,4000.0,36200.0,279.08,9.0,2015-07-09,2015-07,"黄金ETF
518880.XSHG"
2015-07-10 09:31:00,止盈,500ETF,510500.XSHG,7.135,1300.0,13600.0,720.57,11.0,2015-07-10,2015-07,"500ETF
510500.XSHG"
2015-07-10 09:31:00,止盈,创业板ETF易方达,159915.XSHE,2.283,4400.0,62800.0,1059.4,16.0,2015-07-10,2015-07,"创业板ETF易方达
159915.XSHE"
2015-07-10 09:37:00,止盈,500ETF,510500.XSHG,7.419,1200.0,12400.0,339.91,10.0,2015-07-10,2015-07,"500ETF
510500.XSHG"
2015-07-13 09:31:00,止盈,500ETF,510500.XSHG,7.737,1200.0,11200.0,380.67,10.0,2015-07-13,2015-07,"500ETF
510500.XSHG"
2015-07-13 09:31:00,止盈,创业板ETF易方达,159915.XSHE,2.518,3900.0,58900.0,915.52,16.0,2015-07-13,2015-07,"创业板ETF易方达
159915.XSHE"
2015-07-13 11:10:00,止盈,500ETF,510500.XSHG,7.999,1100.0,10100.0,287.32,9.0,2015-07-13,2015-07,"500ETF
510500.XSHG"
2015-07-14 09:32:00,止盈,创业板ETF易方达,159915.XSHE,2.603,3500.0,55400.0,296.59,16.0,2015-07-14,2015-07,"创业板ETF易方达
159915.XSHE"
2015-07-14 09:38:00,止盈,创业板ETF易方达,159915.XSHE,2.682,3400.0,52000.0,267.69,15.0,2015-07-14,2015-07,"创业板ETF易方达
159915.XSHE"
2015-07-14 10:16:00,止盈,纳指ETF,513100.XSHG,1.434,6400.0,43300.0,280.68,6.0,2015-07-14,2015-07,"纳指ETF
513100.XSHG"
2015-07-14 10:38:00,止盈,创业板ETF易方达,159915.XSHE,2.77,3300.0,48700.0,289.49,15.0,2015-07-14,2015-07,"创业板ETF易方达
159915.XSHE"
2015-07-14 10:40:00,止盈,500ETF,510500.XSHG,8.268,1100.0,9000.0,294.99,9.0,2015-07-14,2015-07,"500ETF
510500.XSHG"
2015-07-14 11:28:00,加仓,创业板ETF易方达,159915.XSHE,2.681,3200.0,51900.0,,16.0,2015-07-14,2015-07,"创业板ETF易方达
159915.XSHE"
2015-07-14 11:29:00,等级校准,创业板ETF易方达,159915.XSHE,,,51900.0,,,2015-07-14,2015-07,"创业板ETF易方达
159915.XSHE"
2015-07-14 13:01:00,加仓,500ETF,510500.XSHG,8.004,1000.0,10000.0,,10.0,2015-07-14,2015-07,"500ETF
510500.XSHG"
2015-07-14 13:02:00,等级校准,500ETF,510500.XSHG,,,10000.0,,,2015-07-14,2015-07,"500ETF
510500.XSHG"
2015-07-14 13:25:00,加仓,创业板ETF易方达,159915.XSHE,2.589,3300.0,55200.0,,16.0,2015-07-14,2015-07,"创业板ETF易方达
159915.XSHE"
2015-07-14 14:32:00,止盈,创业板ETF易方达,159915.XSHE,2.702,3400.0,51800.0,383.28,15.0,2015-07-14,2015-07,"创业板ETF易方达
159915.XSHE"
2015-07-15 09:31:00,加仓,创业板ETF易方达,159915.XSHE,2.586,3300.0,55100.0,,16.0,2015-07-15,2015-07,"创业板ETF易方达
159915.XSHE"
2015-07-15 09:51:00,加仓,500ETF,510500.XSHG,7.756,1100.0,11100.0,,10.0,2015-07-15,2015-07,"500ETF
510500.XSHG"
2015-07-15 10:59:00,加仓,创业板ETF易方达,159915.XSHE,2.508,3400.0,58500.0,,17.0,2015-07-15,2015-07,"创业板ETF易方达
159915.XSHE"
2015-07-15 11:00:00,等级校准,创业板ETF易方达,159915.XSHE,,,58500.0,,,2015-07-15,2015-07,"创业板ETF易方达
159915.XSHE"
2015-07-15 13:14:00,加仓,500ETF,510500.XSHG,7.51,1100.0,12200.0,,11.0,2015-07-15,2015-07,"500ETF
510500.XSHG"
2015-07-15 13:19:00,加仓,创业板ETF易方达,159915.XSHE,2.431,3500.0,62000.0,,17.0,2015-07-15,2015-07,"创业板ETF易方达
159915.XSHE"
2015-07-15 13:20:00,等级校准,创业板ETF易方达,159915.XSHE,,,62000.0,,,2015-07-15,2015-07,"创业板ETF易方达
159915.XSHE"
2015-07-15 14:43:00,加仓,500ETF,510500.XSHG,7.267,1100.0,13300.0,,12.0,2015-07-15,2015-07,"500ETF
510500.XSHG"
2015-07-15 14:44:00,等级校准,500ETF,510500.XSHG,,,13300.0,,,2015-07-15,2015-07,"500ETF
510500.XSHG"
2015-07-16 09:31:00,加仓,创业板ETF易方达,159915.XSHE,2.302,3700.0,65700.0,,17.0,2015-07-16,2015-07,"创业板ETF易方达
159915.XSHE"
2015-07-16 09:32:00,等级校准,创业板ETF易方达,159915.XSHE,,,65700.0,,,2015-07-16,2015-07,"创业板ETF易方达
159915.XSHE"
2015-07-16 09:34:00,加仓,500ETF,510500.XSHG,6.993,1200.0,14500.0,,12.0,2015-07-16,2015-07,"500ETF
510500.XSHG"
2015-07-16 09:45:00,止盈,500ETF,510500.XSHG,7.238,1200.0,13300.0,293.13,11.0,2015-07-16,2015-07,"500ETF
510500.XSHG"
2015-07-16 09:45:00,止盈,创业板ETF易方达,159915.XSHE,2.372,3900.0,61800.0,272.07,16.0,2015-07-16,2015-07,"创业板ETF易方达
159915.XSHE"
2015-07-16 09:55:00,止盈,500ETF,510500.XSHG,7.479,1200.0,12100.0,288.3,10.0,2015-07-16,2015-07,"500ETF
510500.XSHG"
2015-07-16 09:55:00,止盈,创业板ETF易方达,159915.XSHE,2.459,3700.0,58100.0,320.99,16.0,2015-07-16,2015-07,"创业板ETF易方达
159915.XSHE"
2015-07-16 10:56:00,止盈,500ETF,510500.XSHG,7.707,1200.0,10900.0,272.68,9.0,2015-07-16,2015-07,"500ETF
510500.XSHG"
2015-07-16 10:58:00,止盈,创业板ETF易方达,159915.XSHE,2.538,3600.0,54500.0,283.49,15.0,2015-07-16,2015-07,"创业板ETF易方达
159915.XSHE"
2015-07-16 13:23:00,加仓,创业板ETF易方达,159915.XSHE,2.461,3500.0,58000.0,,16.0,2015-07-16,2015-07,"创业板ETF易方达
159915.XSHE"
2015-07-16 13:53:00,加仓,500ETF,510500.XSHG,7.455,1100.0,12000.0,,10.0,2015-07-16,2015-07,"500ETF
510500.XSHG"
2015-07-17 09:31:00,止盈,500ETF,510500.XSHG,7.719,1200.0,10800.0,315.87,9.0,2015-07-17,2015-07,"500ETF
510500.XSHG"
2015-07-17 09:53:00,止盈,创业板ETF易方达,159915.XSHE,2.546,3600.0,54400.0,305.08,15.0,2015-07-17,2015-07,"创业板ETF易方达
159915.XSHE"
2015-07-17 13:48:00,止盈,500ETF,510500.XSHG,7.961,1100.0,9700.0,265.32,8.0,2015-07-17,2015-07,"500ETF
510500.XSHG"
2015-07-17 13:50:00,止盈,创业板ETF易方达,159915.XSHE,2.628,3500.0,50900.0,286.08,14.0,2015-07-17,2015-07,"创业板ETF易方达
159915.XSHE"
2015-07-17 14:39:00,止盈,创业板ETF易方达,159915.XSHE,2.708,3400.0,47500.0,271.08,14.0,2015-07-17,2015-07,"创业板ETF易方达
159915.XSHE"
2015-07-17 14:50:00,止盈,纳指ETF,513100.XSHG,1.479,6200.0,37100.0,278.08,6.0,2015-07-17,2015-07,"纳指ETF
513100.XSHG"
2015-07-20 09:39:00,加仓,黄金ETF,518880.XSHG,2.241,3800.0,40000.0,,10.0,2015-07-20,2015-07,"黄金ETF
518880.XSHG"
2015-07-20 09:55:00,止盈,500ETF,510500.XSHG,8.245,1100.0,8600.0,311.49,8.0,2015-07-20,2015-07,"500ETF
510500.XSHG"
2015-07-20 10:04:00,止盈,纳指ETF,513100.XSHG,1.525,6000.0,31100.0,275.08,5.0,2015-07-20,2015-07,"纳指ETF
513100.XSHG"
2015-07-20 11:04:00,加仓,500ETF,510500.XSHG,7.985,1000.0,9600.0,,9.0,2015-07-20,2015-07,"500ETF
510500.XSHG"
2015-07-20 11:04:00,加仓,创业板ETF易方达,159915.XSHE,2.626,3300.0,50800.0,,15.0,2015-07-20,2015-07,"创业板ETF易方达
159915.XSHE"
2015-07-20 11:05:00,等级校准,500ETF,510500.XSHG,,,9600.0,,,2015-07-20,2015-07,"500ETF
510500.XSHG"
2015-07-20 11:05:00,等级校准,创业板ETF易方达,159915.XSHE,,,50800.0,,,2015-07-20,2015-07,"创业板ETF易方达
159915.XSHE"
2015-07-20 13:06:00,止盈,创业板ETF易方达,159915.XSHE,2.707,3400.0,47400.0,274.48,14.0,2015-07-20,2015-07,"创业板ETF易方达
159915.XSHE"
2015-07-20 14:29:00,止盈,500ETF,510500.XSHG,8.227,1100.0,8500.0,265.3,8.0,2015-07-20,2015-07,"500ETF
510500.XSHG"
2015-07-21 09:31:00,加仓,500ETF,510500.XSHG,7.972,1000.0,9500.0,,9.0,2015-07-21,2015-07,"500ETF
510500.XSHG"
2015-07-21 09:32:00,等级校准,500ETF,510500.XSHG,,,9500.0,,,2015-07-21,2015-07,"500ETF
510500.XSHG"
2015-07-21 10:28:00,止盈,500ETF,510500.XSHG,8.212,1100.0,8400.0,263.1,8.0,2015-07-21,2015-07,"500ETF
510500.XSHG"
2015-07-23 11:05:00,止盈,500ETF,510500.XSHG,8.459,1000.0,7400.0,246.15,7.0,2015-07-23,2015-07,"500ETF
510500.XSHG"
2015-07-23 13:03:00,止盈,创业板ETF易方达,159915.XSHE,2.793,3300.0,44100.0,282.88,13.0,2015-07-23,2015-07,"创业板ETF易方达
159915.XSHE"
2015-07-24 10:10:00,止盈,500ETF,510500.XSHG,8.713,1000.0,6400.0,253.13,6.0,2015-07-24,2015-07,"500ETF
510500.XSHG"
2015-07-24 14:51:00,加仓,500ETF,510500.XSHG,8.45,1000.0,7400.0,,7.0,2015-07-24,2015-07,"500ETF
510500.XSHG"
2015-07-24 14:51:00,加仓,创业板ETF易方达,159915.XSHE,2.695,3200.0,47300.0,,14.0,2015-07-24,2015-07,"创业板ETF易方达
159915.XSHE"
2015-07-27 10:00:00,加仓,纳指ETF,513100.XSHG,1.479,5900.0,37000.0,,6.0,2015-07-27,2015-07,"纳指ETF
513100.XSHG"
2015-07-27 13:28:00,加仓,创业板ETF易方达,159915.XSHE,2.609,3300.0,50600.0,,15.0,2015-07-27,2015-07,"创业板ETF易方达
159915.XSHE"
2015-07-27 13:29:00,等级校准,创业板ETF易方达,159915.XSHE,,,50600.0,,,2015-07-27,2015-07,"创业板ETF易方达
159915.XSHE"
2015-07-27 14:16:00,加仓,500ETF,510500.XSHG,8.192,1000.0,8400.0,,8.0,2015-07-27,2015-07,"500ETF
510500.XSHG"
2015-07-27 14:37:00,加仓,500ETF,510500.XSHG,7.918,1000.0,9400.0,,9.0,2015-07-27,2015-07,"500ETF
510500.XSHG"
2015-07-27 14:38:00,等级校准,500ETF,510500.XSHG,,,9400.0,,,2015-07-27,2015-07,"500ETF
510500.XSHG"
2015-07-27 14:40:00,加仓,创业板ETF易方达,159915.XSHE,2.518,3400.0,54000.0,,15.0,2015-07-27,2015-07,"创业板ETF易方达
159915.XSHE"
2015-07-28 09:31:00,加仓,500ETF,510500.XSHG,7.531,1100.0,10500.0,,9.0,2015-07-28,2015-07,"500ETF
510500.XSHG"
2015-07-28 09:31:00,加仓,创业板ETF易方达,159915.XSHE,2.381,3500.0,57500.0,,16.0,2015-07-28,2015-07,"创业板ETF易方达
159915.XSHE"
2015-07-28 09:32:00,等级校准,创业板ETF易方达,159915.XSHE,,,57500.0,,,2015-07-28,2015-07,"创业板ETF易方达
159915.XSHE"
2015-07-28 10:45:00,止盈,创业板ETF易方达,159915.XSHE,2.456,3700.0,53800.0,276.59,14.0,2015-07-28,2015-07,"创业板ETF易方达
159915.XSHE"
2015-07-28 10:55:00,止盈,500ETF,510500.XSHG,7.782,1100.0,9400.0,275.24,8.0,2015-07-28,2015-07,"500ETF
510500.XSHG"
2015-07-28 10:59:00,止盈,创业板ETF易方达,159915.XSHE,2.532,3600.0,50200.0,272.69,14.0,2015-07-28,2015-07,"创业板ETF易方达
159915.XSHE"
2015-07-28 11:21:00,加仓,创业板ETF易方达,159915.XSHE,2.443,3500.0,53700.0,,15.0,2015-07-28,2015-07,"创业板ETF易方达
159915.XSHE"
2015-07-28 11:22:00,等级校准,创业板ETF易方达,159915.XSHE,,,53700.0,,,2015-07-28,2015-07,"创业板ETF易方达
159915.XSHE"
2015-07-29 10:30:00,加仓,创业板ETF易方达,159915.XSHE,2.357,3600.0,57300.0,,15.0,2015-07-29,2015-07,"创业板ETF易方达
159915.XSHE"
2015-07-29 13:22:00,加仓,500ETF,510500.XSHG,7.522,1100.0,10500.0,,9.0,2015-07-29,2015-07,"500ETF
510500.XSHG"
2015-07-29 13:34:00,加仓,创业板ETF易方达,159915.XSHE,2.281,3800.0,61100.0,,16.0,2015-07-29,2015-07,"创业板ETF易方达
159915.XSHE"
2015-07-29 13:35:00,等级校准,创业板ETF易方达,159915.XSHE,,,61100.0,,,2015-07-29,2015-07,"创业板ETF易方达
159915.XSHE"
2015-07-29 13:59:00,止盈,创业板ETF易方达,159915.XSHE,2.357,3900.0,57200.0,295.48,15.0,2015-07-29,2015-07,"创业板ETF易方达
159915.XSHE"
2015-07-29 14:25:00,止盈,500ETF,510500.XSHG,7.766,1100.0,9400.0,267.55,8.0,2015-07-29,2015-07,"500ETF
510500.XSHG"
2015-07-29 14:27:00,止盈,创业板ETF易方达,159915.XSHE,2.444,3800.0,53400.0,329.67,14.0,2015-07-29,2015-07,"创业板ETF易方达
159915.XSHE"
2015-07-29 14:51:00,止盈,500ETF,510500.XSHG,8.005,1100.0,8300.0,262.02,7.0,2015-07-29,2015-07,"500ETF
510500.XSHG"
2015-07-29 14:51:00,止盈,创业板ETF易方达,159915.XSHE,2.526,3600.0,49800.0,294.29,14.0,2015-07-29,2015-07,"创业板ETF易方达
159915.XSHE"
2015-07-30 14:48:00,止盈,500ETF,510500.XSHG,8.377,1100.0,7200.0,408.28,7.0,2015-07-30,2015-07,"500ETF
510500.XSHG"
2015-07-30 14:48:00,加仓,创业板ETF易方达,159915.XSHE,2.45,3500.0,53300.0,,15.0,2015-07-30,2015-07,"创业板ETF易方达
159915.XSHE"
2015-07-30 14:49:00,加仓,500ETF,510500.XSHG,8.037,1000.0,8200.0,,8.0,2015-07-30,2015-07,"500ETF
510500.XSHG"
2015-07-30 14:49:00,等级校准,创业板ETF易方达,159915.XSHE,,,53300.0,,,2015-07-30,2015-07,"创业板ETF易方达
159915.XSHE"
2015-07-30 14:50:00,等级校准,500ETF,510500.XSHG,,,8200.0,,,2015-07-30,2015-07,"500ETF
510500.XSHG"
2015-07-31 09:31:00,止盈,纳指ETF,513100.XSHG,1.537,6000.0,31000.0,347.08,5.0,2015-07-31,2015-07,"纳指ETF
513100.XSHG"
2015-07-31 09:31:00,加仓,500ETF,510500.XSHG,7.791,1100.0,9300.0,,8.0,2015-07-31,2015-07,"500ETF
510500.XSHG"
2015-07-31 09:31:00,加仓,创业板ETF易方达,159915.XSHE,2.361,3600.0,56900.0,,15.0,2015-07-31,2015-07,"创业板ETF易方达
159915.XSHE"
2015-07-31 09:32:00,等级校准,创业板ETF易方达,159915.XSHE,,,56900.0,,,2015-07-31,2015-07,"创业板ETF易方达
159915.XSHE"
2015-07-31 09:59:00,加仓,黄金ETF,518880.XSHG,2.172,4000.0,44000.0,,11.0,2015-07-31,2015-07,"黄金ETF
518880.XSHG"
2015-07-31 10:00:00,等级校准,黄金ETF,518880.XSHG,,,44000.0,,,2015-07-31,2015-07,"黄金ETF
518880.XSHG"
2015-07-31 10:17:00,止盈,创业板ETF易方达,159915.XSHE,2.436,3800.0,53100.0,284.07,14.0,2015-07-31,2015-07,"创业板ETF易方达
159915.XSHE"
2015-07-31 14:45:00,加仓,创业板ETF易方达,159915.XSHE,2.356,3600.0,56700.0,,15.0,2015-07-31,2015-07,"创业板ETF易方达
159915.XSHE"
2015-07-31 14:46:00,等级校准,创业板ETF易方达,159915.XSHE,,,56700.0,,,2015-07-31,2015-07,"创业板ETF易方达
159915.XSHE"
2015-08-03 09:40:00,加仓,500ETF,510500.XSHG,7.541,1100.0,10400.0,,9.0,2015-08-03,2015-08,"500ETF
510500.XSHG"
2015-08-03 11:02:00,加仓,创业板ETF易方达,159915.XSHE,2.285,3800.0,60500.0,,15.0,2015-08-03,2015-08,"创业板ETF易方达
159915.XSHE"
2015-08-04 13:02:00,止盈,500ETF,510500.XSHG,7.778,1100.0,9300.0,259.84,8.0,2015-08-04,2015-08,"500ETF
510500.XSHG"
2015-08-04 13:10:00,止盈,创业板ETF易方达,159915.XSHE,2.357,3900.0,56600.0,279.88,14.0,2015-08-04,2015-08,"创业板ETF易方达
159915.XSHE"
2015-08-04 14:52:00,止盈,500ETF,510500.XSHG,8.066,1100.0,8200.0,315.91,7.0,2015-08-04,2015-08,"500ETF
510500.XSHG"
2015-08-04 14:55:00,止盈,创业板ETF易方达,159915.XSHE,2.43,3800.0,52800.0,276.48,14.0,2015-08-04,2015-08,"创业板ETF易方达
159915.XSHE"
2015-08-05 13:01:00,加仓,创业板ETF易方达,159915.XSHE,2.354,3700.0,56500.0,,15.0,2015-08-05,2015-08,"创业板ETF易方达
159915.XSHE"
2015-08-05 13:02:00,等级校准,创业板ETF易方达,159915.XSHE,,,56500.0,,,2015-08-05,2015-08,"创业板ETF易方达
159915.XSHE"
2015-08-06 09:31:00,加仓,500ETF,510500.XSHG,7.72,1100.0,9300.0,,8.0,2015-08-06,2015-08,"500ETF
510500.XSHG"
2015-08-06 10:41:00,止盈,500ETF,510500.XSHG,7.964,1100.0,8200.0,267.52,7.0,2015-08-06,2015-08,"500ETF
510500.XSHG"
2015-08-07 10:17:00,止盈,创业板ETF易方达,159915.XSHE,2.425,3800.0,52700.0,268.88,14.0,2015-08-07,2015-08,"创业板ETF易方达
159915.XSHE"
2015-08-10 09:31:00,止盈,500ETF,510500.XSHG,8.204,1100.0,7100.0,263.1,7.0,2015-08-10,2015-08,"500ETF
510500.XSHG"
2015-08-10 10:24:00,止盈,创业板ETF易方达,159915.XSHE,2.5,3700.0,49000.0,276.57,13.0,2015-08-10,2015-08,"创业板ETF易方达
159915.XSHE"
2015-08-10 13:14:00,止盈,创业板ETF易方达,159915.XSHE,2.577,3600.0,45400.0,276.27,13.0,2015-08-10,2015-08,"创业板ETF易方达
159915.XSHE"
2015-08-10 13:59:00,止盈,500ETF,510500.XSHG,8.453,1000.0,6100.0,248.15,6.0,2015-08-10,2015-08,"500ETF
510500.XSHG"
2015-08-10 14:49:00,加仓,纳指ETF,513100.XSHG,1.49,5800.0,36800.0,,6.0,2015-08-10,2015-08,"纳指ETF
513100.XSHG"
2015-08-11 10:42:00,止盈,黄金ETF,518880.XSHG,2.239,4100.0,39900.0,273.78,9.0,2015-08-11,2015-08,"黄金ETF
518880.XSHG"
2015-08-11 13:38:00,止盈,纳指ETF,513100.XSHG,1.536,6000.0,30800.0,275.08,5.0,2015-08-11,2015-08,"纳指ETF
513100.XSHG"
2015-08-12 13:13:00,止盈,黄金ETF,518880.XSHG,2.307,4000.0,35900.0,271.08,9.0,2015-08-12,2015-08,"黄金ETF
518880.XSHG"
2015-08-12 14:54:00,加仓,创业板ETF易方达,159915.XSHE,2.496,3400.0,48800.0,,14.0,2015-08-12,2015-08,"创业板ETF易方达
159915.XSHE"
2015-08-12 14:55:00,等级校准,创业板ETF易方达,159915.XSHE,,,48800.0,,,2015-08-12,2015-08,"创业板ETF易方达
159915.XSHE"
2015-08-14 09:31:00,止盈,500ETF,510500.XSHG,8.718,1000.0,5100.0,264.13,5.0,2015-08-14,2015-08,"500ETF
510500.XSHG"
2015-08-14 09:31:00,止盈,创业板ETF易方达,159915.XSHE,2.586,3600.0,45200.0,323.07,13.0,2015-08-14,2015-08,"创业板ETF易方达
159915.XSHE"
2015-08-17 09:54:00,加仓,创业板ETF易方达,159915.XSHE,2.502,3400.0,48600.0,,14.0,2015-08-17,2015-08,"创业板ETF易方达
159915.XSHE"
2015-08-17 09:55:00,等级校准,创业板ETF易方达,159915.XSHE,,,48600.0,,,2015-08-17,2015-08,"创业板ETF易方达
159915.XSHE"
2015-08-18 09:56:00,止盈,创业板ETF易方达,159915.XSHE,2.58,3500.0,45100.0,272.1,13.0,2015-08-18,2015-08,"创业板ETF易方达
159915.XSHE"
2015-08-18 13:12:00,加仓,创业板ETF易方达,159915.XSHE,2.501,3400.0,48500.0,,14.0,2015-08-18,2015-08,"创业板ETF易方达
159915.XSHE"
2015-08-18 13:13:00,等级校准,创业板ETF易方达,159915.XSHE,,,48500.0,,,2015-08-18,2015-08,"创业板ETF易方达
159915.XSHE"
2015-08-18 13:34:00,加仓,500ETF,510500.XSHG,8.424,1000.0,6100.0,,6.0,2015-08-18,2015-08,"500ETF
510500.XSHG"
2015-08-18 14:20:00,加仓,创业板ETF易方达,159915.XSHE,2.423,3500.0,52000.0,,14.0,2015-08-18,2015-08,"创业板ETF易方达
159915.XSHE"
2015-08-18 14:44:00,加仓,创业板ETF易方达,159915.XSHE,2.343,3700.0,55700.0,,15.0,2015-08-18,2015-08,"创业板ETF易方达
159915.XSHE"
2015-08-18 14:45:00,等级校准,创业板ETF易方达,159915.XSHE,,,55700.0,,,2015-08-18,2015-08,"创业板ETF易方达
159915.XSHE"
2015-08-18 14:47:00,加仓,500ETF,510500.XSHG,8.145,1000.0,7100.0,,7.0,2015-08-18,2015-08,"500ETF
510500.XSHG"
2015-08-18 14:48:00,等级校准,500ETF,510500.XSHG,,,7100.0,,,2015-08-18,2015-08,"500ETF
510500.XSHG"
2015-08-18 14:50:00,止盈,纳指ETF,513100.XSHG,1.595,5800.0,25000.0,341.27,4.0,2015-08-18,2015-08,"纳指ETF
513100.XSHG"
2015-08-19 10:58:00,加仓,500ETF,510500.XSHG,7.897,1100.0,8200.0,,7.0,2015-08-19,2015-08,"500ETF
510500.XSHG"
2015-08-19 11:04:00,加仓,创业板ETF易方达,159915.XSHE,2.264,3800.0,59500.0,,15.0,2015-08-19,2015-08,"创业板ETF易方达
159915.XSHE"
2015-08-19 13:40:00,止盈,创业板ETF易方达,159915.XSHE,2.332,3900.0,55600.0,264.29,14.0,2015-08-19,2015-08,"创业板ETF易方达
159915.XSHE"
2015-08-19 14:06:00,止盈,500ETF,510500.XSHG,8.141,1100.0,7100.0,267.5,6.0,2015-08-19,2015-08,"500ETF
510500.XSHG"
2015-08-19 14:33:00,止盈,创业板ETF易方达,159915.XSHE,2.41,3800.0,51800.0,295.48,14.0,2015-08-19,2015-08,"创业板ETF易方达
159915.XSHE"
2015-08-19 14:36:00,止盈,500ETF,510500.XSHG,8.398,1100.0,6000.0,281.78,6.0,2015-08-19,2015-08,"500ETF
510500.XSHG"
2015-08-20 09:31:00,加仓,纳指ETF,513100.XSHG,1.542,5600.0,30600.0,,5.0,2015-08-20,2015-08,"纳指ETF
513100.XSHG"
2015-08-20 14:33:00,加仓,500ETF,510500.XSHG,8.136,1000.0,7000.0,,7.0,2015-08-20,2015-08,"500ETF
510500.XSHG"
2015-08-20 14:34:00,等级校准,500ETF,510500.XSHG,,,7000.0,,,2015-08-20,2015-08,"500ETF
510500.XSHG"
2015-08-21 09:31:00,加仓,纳指ETF,513100.XSHG,1.494,5800.0,36400.0,,6.0,2015-08-21,2015-08,"纳指ETF
513100.XSHG"
2015-08-21 09:31:00,止盈,黄金ETF,518880.XSHG,2.396,3900.0,32000.0,346.17,8.0,2015-08-21,2015-08,"黄金ETF
518880.XSHG"
2015-08-21 09:31:00,加仓,创业板ETF易方达,159915.XSHE,2.332,3700.0,55500.0,,15.0,2015-08-21,2015-08,"创业板ETF易方达
159915.XSHE"
2015-08-21 09:32:00,等级校准,创业板ETF易方达,159915.XSHE,,,55500.0,,,2015-08-21,2015-08,"创业板ETF易方达
159915.XSHE"
2015-08-21 09:57:00,加仓,500ETF,510500.XSHG,7.877,1100.0,8100.0,,7.0,2015-08-21,2015-08,"500ETF
510500.XSHG"
2015-08-21 13:01:00,加仓,创业板ETF易方达,159915.XSHE,2.256,3800.0,59300.0,,15.0,2015-08-21,2015-08,"创业板ETF易方达
159915.XSHE"
2015-08-21 14:17:00,止盈,创业板ETF易方达,159915.XSHE,2.324,3900.0,55400.0,264.29,14.0,2015-08-21,2015-08,"创业板ETF易方达
159915.XSHE"
2015-08-21 14:46:00,加仓,创业板ETF易方达,159915.XSHE,2.25,3800.0,59200.0,,15.0,2015-08-21,2015-08,"创业板ETF易方达
159915.XSHE"
2015-08-21 14:47:00,等级校准,创业板ETF易方达,159915.XSHE,,,59200.0,,,2015-08-21,2015-08,"创业板ETF易方达
159915.XSHE"
2015-08-24 09:31:00,加仓,纳指ETF,513100.XSHG,1.405,6000.0,42400.0,,7.0,2015-08-24,2015-08,"纳指ETF
513100.XSHG"
2015-08-24 09:31:00,加仓,500ETF,510500.XSHG,7.398,1100.0,9200.0,,8.0,2015-08-24,2015-08,"500ETF
510500.XSHG"
2015-08-24 09:31:00,加仓,创业板ETF易方达,159915.XSHE,2.111,4000.0,63200.0,,15.0,2015-08-24,2015-08,"创业板ETF易方达
159915.XSHE"
2015-08-24 09:32:00,等级校准,纳指ETF,513100.XSHG,,,42400.0,,,2015-08-24,2015-08,"纳指ETF
513100.XSHG"
2015-08-24 09:32:00,等级校准,500ETF,510500.XSHG,,,9200.0,,,2015-08-24,2015-08,"500ETF
510500.XSHG"
2015-08-24 09:42:00,止盈,黄金ETF,518880.XSHG,2.47,3700.0,28300.0,272.89,7.0,2015-08-24,2015-08,"黄金ETF
518880.XSHG"
2015-08-24 09:48:00,加仓,创业板ETF易方达,159915.XSHE,2.045,4200.0,67400.0,,16.0,2015-08-24,2015-08,"创业板ETF易方达
159915.XSHE"
2015-08-24 09:49:00,加仓,500ETF,510500.XSHG,7.173,1200.0,10400.0,,8.0,2015-08-24,2015-08,"500ETF
510500.XSHG"
2015-08-24 09:49:00,等级校准,创业板ETF易方达,159915.XSHE,,,67400.0,,,2015-08-24,2015-08,"创业板ETF易方达
159915.XSHE"
2015-08-24 11:27:00,加仓,500ETF,510500.XSHG,6.953,1200.0,11600.0,,9.0,2015-08-24,2015-08,"500ETF
510500.XSHG"
2015-08-24 14:07:00,加仓,黄金ETF,518880.XSHG,2.395,3600.0,31900.0,,8.0,2015-08-24,2015-08,"黄金ETF
518880.XSHG"
2015-08-25 09:31:00,加仓,纳指ETF,513100.XSHG,1.342,6400.0,48800.0,,7.0,2015-08-25,2015-08,"纳指ETF
513100.XSHG"
2015-08-25 09:31:00,加仓,500ETF,510500.XSHG,6.573,1200.0,12800.0,,10.0,2015-08-25,2015-08,"500ETF
510500.XSHG"
2015-08-25 09:31:00,加仓,创业板ETF易方达,159915.XSHE,1.861,4400.0,71800.0,,16.0,2015-08-25,2015-08,"创业板ETF易方达
159915.XSHE"
2015-08-25 09:32:00,等级校准,500ETF,510500.XSHG,,,12800.0,,,2015-08-25,2015-08,"500ETF
510500.XSHG"
2015-08-25 09:32:00,等级校准,创业板ETF易方达,159915.XSHE,,,71800.0,,,2015-08-25,2015-08,"创业板ETF易方达
159915.XSHE"
2015-08-25 10:26:00,止盈,纳指ETF,513100.XSHG,1.387,6700.0,42100.0,300.57,6.0,2015-08-25,2015-08,"纳指ETF
513100.XSHG"
2015-08-25 13:37:00,加仓,500ETF,510500.XSHG,6.362,1300.0,14100.0,,10.0,2015-08-25,2015-08,"500ETF
510500.XSHG"
2015-08-25 14:09:00,加仓,创业板ETF易方达,159915.XSHE,1.804,4800.0,76600.0,,15.0,2015-08-25,2015-08,"创业板ETF易方达
159915.XSHE"
2015-08-26 09:38:00,加仓,创业板ETF易方达,159915.XSHE,1.749,4900.0,81500.0,,16.0,2015-08-26,2015-08,"创业板ETF易方达
159915.XSHE"
2015-08-26 09:39:00,等级校准,创业板ETF易方达,159915.XSHE,,,81500.0,,,2015-08-26,2015-08,"创业板ETF易方达
159915.XSHE"
2015-08-26 09:48:00,止盈,创业板ETF易方达,159915.XSHE,1.814,5100.0,76400.0,330.57,15.0,2015-08-26,2015-08,"创业板ETF易方达
159915.XSHE"
2015-08-26 10:20:00,加仓,创业板ETF易方达,159915.XSHE,1.758,4900.0,81300.0,,16.0,2015-08-26,2015-08,"创业板ETF易方达
159915.XSHE"
2015-08-26 10:21:00,等级校准,创业板ETF易方达,159915.XSHE,,,81300.0,,,2015-08-26,2015-08,"创业板ETF易方达
159915.XSHE"
2015-08-26 11:22:00,止盈,创业板ETF易方达,159915.XSHE,1.811,5100.0,76200.0,269.38,15.0,2015-08-26,2015-08,"创业板ETF易方达
159915.XSHE"
2015-08-26 13:02:00,止盈,500ETF,510500.XSHG,6.588,1400.0,12700.0,315.48,9.0,2015-08-26,2015-08,"500ETF
510500.XSHG"
2015-08-26 13:03:00,止盈,创业板ETF易方达,159915.XSHE,1.871,4900.0,71300.0,293.08,14.0,2015-08-26,2015-08,"创业板ETF易方达
159915.XSHE"
2015-08-26 13:15:00,加仓,黄金ETF,518880.XSHG,2.314,3700.0,35600.0,,9.0,2015-08-26,2015-08,"黄金ETF
518880.XSHG"
2015-08-26 14:15:00,加仓,创业板ETF易方达,159915.XSHE,1.808,4800.0,76100.0,,15.0,2015-08-26,2015-08,"创业板ETF易方达
159915.XSHE"
2015-08-26 14:17:00,加仓,500ETF,510500.XSHG,6.374,1300.0,14000.0,,10.0,2015-08-26,2015-08,"500ETF
510500.XSHG"
2015-08-26 14:48:00,加仓,创业板ETF易方达,159915.XSHE,1.744,4900.0,81000.0,,16.0,2015-08-26,2015-08,"创业板ETF易方达
159915.XSHE"
2015-08-26 14:49:00,等级校准,创业板ETF易方达,159915.XSHE,,,81000.0,,,2015-08-26,2015-08,"创业板ETF易方达
159915.XSHE"
2015-08-27 09:31:00,止盈,纳指ETF,513100.XSHG,1.438,6400.0,35700.0,325.48,5.0,2015-08-27,2015-08,"纳指ETF
513100.XSHG"
2015-08-27 09:35:00,止盈,创业板ETF易方达,159915.XSHE,1.799,5100.0,75900.0,279.58,15.0,2015-08-27,2015-08,"创业板ETF易方达
159915.XSHE"
2015-08-27 11:16:00,加仓,创业板ETF易方达,159915.XSHE,1.741,5000.0,80900.0,,16.0,2015-08-27,2015-08,"创业板ETF易方达
159915.XSHE"
2015-08-27 11:17:00,等级校准,创业板ETF易方达,159915.XSHE,,,80900.0,,,2015-08-27,2015-08,"创业板ETF易方达
159915.XSHE"
2015-08-27 14:13:00,加仓,500ETF,510500.XSHG,6.146,1400.0,15400.0,,11.0,2015-08-27,2015-08,"500ETF
510500.XSHG"
2015-08-27 14:31:00,止盈,500ETF,510500.XSHG,6.341,1400.0,14000.0,272.11,10.0,2015-08-27,2015-08,"500ETF
510500.XSHG"
2015-08-27 14:45:00,止盈,创业板ETF易方达,159915.XSHE,1.794,5100.0,75800.0,269.39,15.0,2015-08-27,2015-08,"创业板ETF易方达
159915.XSHE"
2015-08-28 09:31:00,止盈,纳指ETF,513100.XSHG,1.482,6200.0,29500.0,271.88,4.0,2015-08-28,2015-08,"纳指ETF
513100.XSHG"
2015-08-28 09:31:00,止盈,500ETF,510500.XSHG,6.61,1400.0,12600.0,375.67,9.0,2015-08-28,2015-08,"500ETF
510500.XSHG"
2015-08-28 11:11:00,止盈,创业板ETF易方达,159915.XSHE,1.849,5000.0,70800.0,274.08,14.0,2015-08-28,2015-08,"创业板ETF易方达
159915.XSHE"
2015-08-28 14:28:00,止盈,创业板ETF易方达,159915.XSHE,1.905,4800.0,66000.0,267.89,14.0,2015-08-28,2015-08,"创业板ETF易方达
159915.XSHE"
2015-08-28 14:29:00,止盈,500ETF,510500.XSHG,6.818,1300.0,11300.0,269.51,8.0,2015-08-28,2015-08,"500ETF
510500.XSHG"
2015-08-31 09:53:00,加仓,创业板ETF易方达,159915.XSHE,1.843,4700.0,70700.0,,15.0,2015-08-31,2015-08,"创业板ETF易方达
159915.XSHE"
2015-08-31 09:54:00,等级校准,创业板ETF易方达,159915.XSHE,,,70700.0,,,2015-08-31,2015-08,"创业板ETF易方达
159915.XSHE"
2015-08-31 13:13:00,加仓,500ETF,510500.XSHG,6.605,1300.0,12600.0,,9.0,2015-08-31,2015-08,"500ETF
510500.XSHG"
2015-09-01 09:32:00,加仓,500ETF,510500.XSHG,6.402,1300.0,13900.0,,10.0,2015-09-01,2015-09,"500ETF
510500.XSHG"
2015-09-01 09:32:00,加仓,创业板ETF易方达,159915.XSHE,1.785,4800.0,75500.0,,15.0,2015-09-01,2015-09,"创业板ETF易方达
159915.XSHE"
2015-09-01 09:33:00,等级校准,500ETF,510500.XSHG,,,13900.0,,,2015-09-01,2015-09,"500ETF
510500.XSHG"
2015-09-01 10:10:00,加仓,500ETF,510500.XSHG,6.202,1400.0,15300.0,,10.0,2015-09-01,2015-09,"500ETF
510500.XSHG"
2015-09-01 10:16:00,加仓,创业板ETF易方达,159915.XSHE,1.73,5000.0,80500.0,,16.0,2015-09-01,2015-09,"创业板ETF易方达
159915.XSHE"
2015-09-01 10:17:00,等级校准,创业板ETF易方达,159915.XSHE,,,80500.0,,,2015-09-01,2015-09,"创业板ETF易方达
159915.XSHE"
2015-09-01 10:59:00,止盈,创业板ETF易方达,159915.XSHE,1.782,5200.0,75300.0,269.47,15.0,2015-09-01,2015-09,"创业板ETF易方达
159915.XSHE"
2015-09-01 13:00:00,止盈,500ETF,510500.XSHG,6.39,1400.0,13900.0,262.31,9.0,2015-09-01,2015-09,"500ETF
510500.XSHG"
2015-09-01 14:05:00,加仓,纳指ETF,513100.XSHG,1.436,6000.0,35500.0,,5.0,2015-09-01,2015-09,"纳指ETF
513100.XSHG"
2015-09-01 14:35:00,加仓,500ETF,510500.XSHG,6.189,1400.0,15300.0,,10.0,2015-09-01,2015-09,"500ETF
510500.XSHG"
2015-09-01 14:36:00,加仓,创业板ETF易方达,159915.XSHE,1.727,5000.0,80300.0,,16.0,2015-09-01,2015-09,"创业板ETF易方达
159915.XSHE"
2015-09-01 14:37:00,等级校准,创业板ETF易方达,159915.XSHE,,,80300.0,,,2015-09-01,2015-09,"创业板ETF易方达
159915.XSHE"
2015-09-02 09:31:00,加仓,500ETF,510500.XSHG,5.841,1400.0,16700.0,,11.0,2015-09-02,2015-09,"500ETF
510500.XSHG"
2015-09-02 09:31:00,加仓,创业板ETF易方达,159915.XSHE,1.645,5200.0,85500.0,,16.0,2015-09-02,2015-09,"创业板ETF易方达
159915.XSHE"
2015-09-02 09:32:00,等级校准,创业板ETF易方达,159915.XSHE,,,85500.0,,,2015-09-02,2015-09,"创业板ETF易方达
159915.XSHE"
2015-09-02 09:33:00,加仓,纳指ETF,513100.XSHG,1.392,6200.0,41700.0,,6.0,2015-09-02,2015-09,"纳指ETF
513100.XSHG"
2015-09-02 10:30:00,止盈,500ETF,510500.XSHG,6.046,1500.0,15200.0,306.59,10.0,2015-09-02,2015-09,"500ETF
510500.XSHG"
2015-09-02 10:31:00,止盈,创业板ETF易方达,159915.XSHE,1.696,5400.0,80100.0,274.48,15.0,2015-09-02,2015-09,"创业板ETF易方达
159915.XSHE"
2015-09-02 11:17:00,止盈,创业板ETF易方达,159915.XSHE,1.754,5300.0,74800.0,306.47,14.0,2015-09-02,2015-09,"创业板ETF易方达
159915.XSHE"
2015-09-02 11:27:00,止盈,500ETF,510500.XSHG,6.23,1400.0,13800.0,256.73,9.0,2015-09-02,2015-09,"500ETF
510500.XSHG"
2015-09-02 14:40:00,加仓,500ETF,510500.XSHG,6.031,1400.0,15200.0,,10.0,2015-09-02,2015-09,"500ETF
510500.XSHG"
2015-09-02 14:40:00,加仓,创业板ETF易方达,159915.XSHE,1.7,5100.0,79900.0,,15.0,2015-09-02,2015-09,"创业板ETF易方达
159915.XSHE"
2015-09-07 09:32:00,止盈,500ETF,510500.XSHG,6.286,1400.0,13800.0,356.12,9.0,2015-09-07,2015-09,"500ETF
510500.XSHG"
2015-09-07 09:33:00,止盈,创业板ETF易方达,159915.XSHE,1.752,5200.0,74700.0,269.49,14.0,2015-09-07,2015-09,"创业板ETF易方达
159915.XSHE"
2015-09-07 09:40:00,止盈,创业板ETF易方达,159915.XSHE,1.814,5100.0,69600.0,315.27,14.0,2015-09-07,2015-09,"创业板ETF易方达
159915.XSHE"
2015-09-07 10:26:00,加仓,创业板ETF易方达,159915.XSHE,1.759,4900.0,74500.0,,15.0,2015-09-07,2015-09,"创业板ETF易方达
159915.XSHE"
2015-09-07 10:27:00,等级校准,创业板ETF易方达,159915.XSHE,,,74500.0,,,2015-09-07,2015-09,"创业板ETF易方达
159915.XSHE"
2015-09-07 13:01:00,止盈,创业板ETF易方达,159915.XSHE,1.816,5100.0,69400.0,289.77,14.0,2015-09-07,2015-09,"创业板ETF易方达
159915.XSHE"
2015-09-07 13:51:00,加仓,创业板ETF易方达,159915.XSHE,1.761,4900.0,74300.0,,15.0,2015-09-07,2015-09,"创业板ETF易方达
159915.XSHE"
2015-09-07 13:52:00,等级校准,创业板ETF易方达,159915.XSHE,,,74300.0,,,2015-09-07,2015-09,"创业板ETF易方达
159915.XSHE"
2015-09-08 09:31:00,加仓,500ETF,510500.XSHG,6.061,1400.0,15200.0,,10.0,2015-09-08,2015-09,"500ETF
510500.XSHG"
2015-09-08 09:34:00,止盈,纳指ETF,513100.XSHG,1.438,6400.0,35300.0,293.48,5.0,2015-09-08,2015-09,"纳指ETF
513100.XSHG"
2015-09-08 10:40:00,止盈,500ETF,510500.XSHG,6.244,1400.0,13800.0,255.33,9.0,2015-09-08,2015-09,"500ETF
510500.XSHG"
2015-09-08 14:29:00,止盈,创业板ETF易方达,159915.XSHE,1.819,5100.0,69200.0,294.87,14.0,2015-09-08,2015-09,"创业板ETF易方达
159915.XSHE"
2015-09-08 14:31:00,止盈,500ETF,510500.XSHG,6.443,1400.0,12400.0,277.7,9.0,2015-09-08,2015-09,"500ETF
510500.XSHG"
2015-09-08 14:52:00,止盈,创业板ETF易方达,159915.XSHE,1.877,4900.0,64300.0,283.28,13.0,2015-09-08,2015-09,"创业板ETF易方达
159915.XSHE"
2015-09-09 10:08:00,止盈,500ETF,510500.XSHG,6.641,1300.0,11100.0,256.54,8.0,2015-09-09,2015-09,"500ETF
510500.XSHG"
2015-09-09 10:11:00,止盈,创业板ETF易方达,159915.XSHE,1.936,4700.0,59600.0,276.39,12.0,2015-09-09,2015-09,"创业板ETF易方达
159915.XSHE"
2015-09-14 10:13:00,加仓,创业板ETF易方达,159915.XSHE,1.875,4600.0,64200.0,,13.0,2015-09-14,2015-09,"创业板ETF易方达
159915.XSHE"
2015-09-14 11:01:00,加仓,500ETF,510500.XSHG,6.439,1300.0,12400.0,,9.0,2015-09-14,2015-09,"500ETF
510500.XSHG"
2015-09-14 11:20:00,加仓,创业板ETF易方达,159915.XSHE,1.803,4800.0,69000.0,,14.0,2015-09-14,2015-09,"创业板ETF易方达
159915.XSHE"
2015-09-14 13:00:00,加仓,500ETF,510500.XSHG,6.2,1300.0,13700.0,,10.0,2015-09-14,2015-09,"500ETF
510500.XSHG"
2015-09-14 13:01:00,等级校准,500ETF,510500.XSHG,,,13700.0,,,2015-09-14,2015-09,"500ETF
510500.XSHG"
2015-09-14 13:52:00,加仓,创业板ETF易方达,159915.XSHE,1.746,4900.0,73900.0,,15.0,2015-09-14,2015-09,"创业板ETF易方达
159915.XSHE"
2015-09-14 13:53:00,等级校准,创业板ETF易方达,159915.XSHE,,,73900.0,,,2015-09-14,2015-09,"创业板ETF易方达
159915.XSHE"
2015-09-14 13:59:00,加仓,500ETF,510500.XSHG,6.006,1400.0,15100.0,,10.0,2015-09-14,2015-09,"500ETF
510500.XSHG"
2015-09-15 09:31:00,加仓,创业板ETF易方达,159915.XSHE,1.687,5100.0,79000.0,,15.0,2015-09-15,2015-09,"创业板ETF易方达
159915.XSHE"
2015-09-15 09:32:00,等级校准,创业板ETF易方达,159915.XSHE,,,79000.0,,,2015-09-15,2015-09,"创业板ETF易方达
159915.XSHE"
2015-09-15 13:55:00,加仓,500ETF,510500.XSHG,5.821,1400.0,16500.0,,11.0,2015-09-15,2015-09,"500ETF
510500.XSHG"
2015-09-15 14:53:00,加仓,创业板ETF易方达,159915.XSHE,1.633,5300.0,84300.0,,15.0,2015-09-15,2015-09,"创业板ETF易方达
159915.XSHE"
2015-09-16 10:06:00,止盈,创业板ETF易方达,159915.XSHE,1.684,5500.0,78800.0,279.57,14.0,2015-09-16,2015-09,"创业板ETF易方达
159915.XSHE"
2015-09-16 14:09:00,止盈,创业板ETF易方达,159915.XSHE,1.735,5300.0,73500.0,269.38,14.0,2015-09-16,2015-09,"创业板ETF易方达
159915.XSHE"
2015-09-16 14:22:00,止盈,500ETF,510500.XSHG,6.014,1500.0,15000.0,288.6,10.0,2015-09-16,2015-09,"500ETF
510500.XSHG"
2015-09-16 14:31:00,止盈,创业板ETF易方达,159915.XSHE,1.788,5100.0,68400.0,269.39,13.0,2015-09-16,2015-09,"创业板ETF易方达
159915.XSHE"
2015-09-16 14:42:00,止盈,500ETF,510500.XSHG,6.198,1400.0,13600.0,256.73,9.0,2015-09-16,2015-09,"500ETF
510500.XSHG"
2015-09-17 09:31:00,止盈,纳指ETF,513100.XSHG,1.484,6200.0,29100.0,284.28,4.0,2015-09-17,2015-09,"纳指ETF
513100.XSHG"
2015-09-17 11:26:00,止盈,创业板ETF易方达,159915.XSHE,1.844,5000.0,63400.0,279.08,13.0,2015-09-17,2015-09,"创业板ETF易方达
159915.XSHE"
2015-09-17 14:55:00,加仓,创业板ETF易方达,159915.XSHE,1.78,4800.0,68200.0,,14.0,2015-09-17,2015-09,"创业板ETF易方达
159915.XSHE"
2015-09-17 14:56:00,等级校准,创业板ETF易方达,159915.XSHE,,,68200.0,,,2015-09-17,2015-09,"创业板ETF易方达
159915.XSHE"
2015-09-18 09:48:00,加仓,500ETF,510500.XSHG,6.011,1400.0,15000.0,,10.0,2015-09-18,2015-09,"500ETF
510500.XSHG"
2015-09-18 14:40:00,止盈,创业板ETF易方达,159915.XSHE,1.837,5000.0,63200.0,284.08,13.0,2015-09-18,2015-09,"创业板ETF易方达
159915.XSHE"
2015-09-21 10:49:00,止盈,500ETF,510500.XSHG,6.194,1400.0,13600.0,255.33,9.0,2015-09-21,2015-09,"500ETF
510500.XSHG"
2015-09-21 10:50:00,止盈,创业板ETF易方达,159915.XSHE,1.896,4800.0,58400.0,282.29,12.0,2015-09-21,2015-09,"创业板ETF易方达
159915.XSHE"
2015-09-21 14:40:00,止盈,创业板ETF易方达,159915.XSHE,1.954,4700.0,53700.0,271.68,11.0,2015-09-21,2015-09,"创业板ETF易方达
159915.XSHE"
2015-09-21 14:42:00,止盈,500ETF,510500.XSHG,6.389,1400.0,12200.0,272.11,8.0,2015-09-21,2015-09,"500ETF
510500.XSHG"
2015-09-23 09:31:00,加仓,创业板ETF易方达,159915.XSHE,1.88,4600.0,58300.0,,12.0,2015-09-23,2015-09,"创业板ETF易方达
159915.XSHE"
2015-09-23 10:12:00,止盈,创业板ETF易方达,159915.XSHE,1.939,4700.0,53600.0,276.39,11.0,2015-09-23,2015-09,"创业板ETF易方达
159915.XSHE"
2015-09-23 11:28:00,加仓,纳指ETF,513100.XSHG,1.439,6000.0,35100.0,,5.0,2015-09-23,2015-09,"纳指ETF
513100.XSHG"
2015-09-25 10:42:00,加仓,创业板ETF易方达,159915.XSHE,1.872,4600.0,58200.0,,12.0,2015-09-25,2015-09,"创业板ETF易方达
159915.XSHE"
2015-09-25 11:05:00,加仓,500ETF,510500.XSHG,6.192,1400.0,13600.0,,9.0,2015-09-25,2015-09,"500ETF
510500.XSHG"
2015-09-25 11:19:00,加仓,创业板ETF易方达,159915.XSHE,1.812,4800.0,63000.0,,13.0,2015-09-25,2015-09,"创业板ETF易方达
159915.XSHE"
2015-09-25 11:20:00,等级校准,创业板ETF易方达,159915.XSHE,,,63000.0,,,2015-09-25,2015-09,"创业板ETF易方达
159915.XSHE"
2015-09-25 13:57:00,止盈,创业板ETF易方达,159915.XSHE,1.867,4900.0,58100.0,268.59,12.0,2015-09-25,2015-09,"创业板ETF易方达
159915.XSHE"
2015-09-28 11:11:00,止盈,创业板ETF易方达,159915.XSHE,1.926,4800.0,53300.0,282.28,11.0,2015-09-28,2015-09,"创业板ETF易方达
159915.XSHE"
2015-09-29 09:31:00,加仓,纳指ETF,513100.XSHG,1.393,6200.0,41300.0,,6.0,2015-09-29,2015-09,"纳指ETF
513100.XSHG"
2015-10-08 09:31:00,止盈,纳指ETF,513100.XSHG,1.45,6400.0,34900.0,363.87,5.0,2015-10-08,2015-10,"纳指ETF
513100.XSHG"
2015-10-08 09:31:00,止盈,500ETF,510500.XSHG,6.537,1400.0,12200.0,482.08,9.0,2015-10-08,2015-10,"500ETF
510500.XSHG"
2015-10-08 09:31:00,止盈,创业板ETF易方达,159915.XSHE,2.033,4600.0,48700.0,491.26,11.0,2015-10-08,2015-10,"创业板ETF易方达
159915.XSHE"
2015-10-08 13:05:00,止盈,创业板ETF易方达,159915.XSHE,2.094,4400.0,44300.0,267.48,10.0,2015-10-08,2015-10,"创业板ETF易方达
159915.XSHE"
2015-10-12 09:48:00,止盈,创业板ETF易方达,159915.XSHE,2.158,4200.0,40100.0,267.89,9.0,2015-10-12,2015-10,"创业板ETF易方达
159915.XSHE"
2015-10-12 10:11:00,止盈,500ETF,510500.XSHG,6.752,1300.0,10900.0,278.62,8.0,2015-10-12,2015-10,"500ETF
510500.XSHG"
2015-10-12 11:03:00,止盈,创业板ETF易方达,159915.XSHE,2.225,4100.0,36000.0,273.79,9.0,2015-10-12,2015-10,"创业板ETF易方达
159915.XSHE"
2015-10-14 09:31:00,止盈,黄金ETF,518880.XSHG,2.384,3800.0,31800.0,265.09,8.0,2015-10-14,2015-10,"黄金ETF
518880.XSHG"
2015-10-15 10:42:00,止盈,500ETF,510500.XSHG,6.957,1300.0,9600.0,265.6,8.0,2015-10-15,2015-10,"500ETF
510500.XSHG"
2015-10-15 14:53:00,止盈,创业板ETF易方达,159915.XSHE,2.293,4000.0,32000.0,271.08,8.0,2015-10-15,2015-10,"创业板ETF易方达
159915.XSHE"
2015-10-16 09:32:00,止盈,500ETF,510500.XSHG,7.188,1200.0,8400.0,276.34,7.0,2015-10-16,2015-10,"500ETF
510500.XSHG"
2015-10-20 09:36:00,止盈,纳指ETF,513100.XSHG,1.495,6200.0,28700.0,278.07,4.0,2015-10-20,2015-10,"纳指ETF
513100.XSHG"
2015-10-20 13:45:00,止盈,创业板ETF易方达,159915.XSHE,2.364,3900.0,28100.0,275.98,7.0,2015-10-20,2015-10,"创业板ETF易方达
159915.XSHE"
2015-10-21 13:35:00,加仓,创业板ETF易方达,159915.XSHE,2.29,3800.0,31900.0,,8.0,2015-10-21,2015-10,"创业板ETF易方达
159915.XSHE"
2015-10-21 13:51:00,加仓,500ETF,510500.XSHG,6.959,1200.0,9600.0,,8.0,2015-10-21,2015-10,"500ETF
510500.XSHG"
2015-10-21 14:37:00,加仓,创业板ETF易方达,159915.XSHE,2.217,3900.0,35800.0,,9.0,2015-10-21,2015-10,"创业板ETF易方达
159915.XSHE"
2015-10-21 14:38:00,等级校准,创业板ETF易方达,159915.XSHE,,,35800.0,,,2015-10-21,2015-10,"创业板ETF易方达
159915.XSHE"
2015-10-22 10:02:00,止盈,创业板ETF易方达,159915.XSHE,2.285,4000.0,31800.0,271.09,8.0,2015-10-22,2015-10,"创业板ETF易方达
159915.XSHE"
2015-10-23 09:31:00,止盈,创业板ETF易方达,159915.XSHE,2.357,3900.0,27900.0,279.88,7.0,2015-10-23,2015-10,"创业板ETF易方达
159915.XSHE"
2015-10-23 09:41:00,止盈,500ETF,510500.XSHG,7.168,1200.0,8400.0,249.94,7.0,2015-10-23,2015-10,"500ETF
510500.XSHG"
2015-10-23 14:32:00,止盈,创业板ETF易方达,159915.XSHE,2.428,3800.0,24100.0,268.88,6.0,2015-10-23,2015-10,"创业板ETF易方达
159915.XSHE"
2015-10-26 09:31:00,止盈,纳指ETF,513100.XSHG,1.565,6000.0,22700.0,419.06,3.0,2015-10-26,2015-10,"纳指ETF
513100.XSHG"
2015-10-27 09:46:00,加仓,创业板ETF易方达,159915.XSHE,2.351,3700.0,27800.0,,7.0,2015-10-27,2015-10,"创业板ETF易方达
159915.XSHE"
2015-10-27 14:06:00,止盈,创业板ETF易方达,159915.XSHE,2.422,3800.0,24000.0,268.88,6.0,2015-10-27,2015-10,"创业板ETF易方达
159915.XSHE"
2015-10-27 14:42:00,止盈,500ETF,510500.XSHG,7.389,1200.0,7200.0,264.31,6.0,2015-10-27,2015-10,"500ETF
510500.XSHG"
2015-10-28 13:43:00,加仓,500ETF,510500.XSHG,7.158,1200.0,8400.0,,7.0,2015-10-28,2015-10,"500ETF
510500.XSHG"
2015-10-29 09:49:00,加仓,创业板ETF易方达,159915.XSHE,2.346,3700.0,27700.0,,7.0,2015-10-29,2015-10,"创业板ETF易方达
159915.XSHE"
2015-11-04 09:31:00,加仓,黄金ETF,518880.XSHG,2.302,3700.0,35500.0,,9.0,2015-11-04,2015-11,"黄金ETF
518880.XSHG"
2015-11-04 13:02:00,止盈,创业板ETF易方达,159915.XSHE,2.419,3800.0,23900.0,276.48,6.0,2015-11-04,2015-11,"创业板ETF易方达
159915.XSHE"
2015-11-04 14:01:00,止盈,500ETF,510500.XSHG,7.383,1200.0,7200.0,269.11,6.0,2015-11-04,2015-11,"500ETF
510500.XSHG"
2015-11-05 10:05:00,止盈,创业板ETF易方达,159915.XSHE,2.497,3700.0,20200.0,287.68,5.0,2015-11-05,2015-11,"创业板ETF易方达
159915.XSHE"
2015-11-05 11:04:00,加仓,创业板ETF易方达,159915.XSHE,2.422,3600.0,23800.0,,6.0,2015-11-05,2015-11,"创业板ETF易方达
159915.XSHE"
2015-11-06 09:48:00,止盈,500ETF,510500.XSHG,7.606,1200.0,6000.0,266.69,5.0,2015-11-06,2015-11,"500ETF
510500.XSHG"
2015-11-06 09:59:00,止盈,创业板ETF易方达,159915.XSHE,2.495,3700.0,20100.0,269.18,5.0,2015-11-06,2015-11,"创业板ETF易方达
159915.XSHE"
2015-11-09 11:20:00,止盈,创业板ETF易方达,159915.XSHE,2.573,3600.0,16500.0,279.87,4.0,2015-11-09,2015-11,"创业板ETF易方达
159915.XSHE"
2015-11-10 14:44:00,止盈,500ETF,510500.XSHG,7.839,1100.0,4900.0,255.44,4.0,2015-11-10,2015-11,"500ETF
510500.XSHG"
2015-11-11 13:20:00,止盈,创业板ETF易方达,159915.XSHE,2.653,3400.0,13100.0,271.1,3.0,2015-11-11,2015-11,"创业板ETF易方达
159915.XSHE"
2015-11-13 09:34:00,加仓,黄金ETF,518880.XSHG,2.23,3900.0,39400.0,,10.0,2015-11-13,2015-11,"黄金ETF
518880.XSHG"
2015-11-13 09:35:00,等级校准,黄金ETF,518880.XSHG,,,39400.0,,,2015-11-13,2015-11,"黄金ETF
518880.XSHG"
2015-11-13 10:33:00,加仓,创业板ETF易方达,159915.XSHE,2.572,3300.0,16400.0,,4.0,2015-11-13,2015-11,"创业板ETF易方达
159915.XSHE"
2015-11-16 09:34:00,加仓,纳指ETF,513100.XSHG,1.511,5700.0,28400.0,,4.0,2015-11-16,2015-11,"纳指ETF
513100.XSHG"
2015-11-16 14:48:00,止盈,创业板ETF易方达,159915.XSHE,2.653,3400.0,13000.0,274.5,3.0,2015-11-16,2015-11,"创业板ETF易方达
159915.XSHE"
2015-11-17 09:38:00,止盈,500ETF,510500.XSHG,8.094,1100.0,3800.0,279.61,3.0,2015-11-17,2015-11,"500ETF
510500.XSHG"
2015-11-17 14:23:00,加仓,创业板ETF易方达,159915.XSHE,2.57,3300.0,16300.0,,4.0,2015-11-17,2015-11,"创业板ETF易方达
159915.XSHE"
2015-11-17 14:52:00,加仓,500ETF,510500.XSHG,7.851,1100.0,4900.0,,4.0,2015-11-17,2015-11,"500ETF
510500.XSHG"
2015-11-19 09:31:00,止盈,纳指ETF,513100.XSHG,1.569,5900.0,22500.0,341.27,3.0,2015-11-19,2015-11,"纳指ETF
513100.XSHG"
2015-11-20 13:23:00,止盈,创业板ETF易方达,159915.XSHE,2.651,3500.0,12800.0,282.57,3.0,2015-11-20,2015-11,"创业板ETF易方达
159915.XSHE"
2015-11-23 09:58:00,止盈,500ETF,510500.XSHG,8.089,1100.0,3800.0,260.91,3.0,2015-11-23,2015-11,"500ETF
510500.XSHG"
2015-11-25 13:47:00,止盈,创业板ETF易方达,159915.XSHE,2.737,3300.0,9500.0,282.9,2.0,2015-11-25,2015-11,"创业板ETF易方达
159915.XSHE"
2015-11-27 09:37:00,加仓,创业板ETF易方达,159915.XSHE,2.652,3200.0,12700.0,,3.0,2015-11-27,2015-11,"创业板ETF易方达
159915.XSHE"
2015-11-27 13:31:00,加仓,500ETF,510500.XSHG,7.846,1100.0,4900.0,,4.0,2015-11-27,2015-11,"500ETF
510500.XSHG"
2015-11-27 14:07:00,加仓,创业板ETF易方达,159915.XSHE,2.571,3300.0,16000.0,,4.0,2015-11-27,2015-11,"创业板ETF易方达
159915.XSHE"
2015-11-27 14:45:00,加仓,500ETF,510500.XSHG,7.585,1100.0,6000.0,,5.0,2015-11-27,2015-11,"500ETF
510500.XSHG"
2015-11-27 14:46:00,加仓,创业板ETF易方达,159915.XSHE,2.486,3500.0,19500.0,,5.0,2015-11-27,2015-11,"创业板ETF易方达
159915.XSHE"
2015-11-30 13:17:00,加仓,500ETF,510500.XSHG,7.349,1100.0,7100.0,,6.0,2015-11-30,2015-11,"500ETF
510500.XSHG"
2015-11-30 13:17:00,加仓,创业板ETF易方达,159915.XSHE,2.403,3600.0,23100.0,,6.0,2015-11-30,2015-11,"创业板ETF易方达
159915.XSHE"
2015-11-30 13:18:00,等级校准,500ETF,510500.XSHG,,,7100.0,,,2015-11-30,2015-11,"500ETF
510500.XSHG"
2015-11-30 14:11:00,止盈,创业板ETF易方达,159915.XSHE,2.482,3700.0,19400.0,291.38,5.0,2015-11-30,2015-11,"创业板ETF易方达
159915.XSHE"
2015-11-30 14:15:00,止盈,500ETF,510500.XSHG,7.57,1200.0,5900.0,264.29,5.0,2015-11-30,2015-11,"500ETF
510500.XSHG"
2015-12-02 10:51:00,加仓,创业板ETF易方达,159915.XSHE,2.4,3600.0,23000.0,,6.0,2015-12-02,2015-12,"创业板ETF易方达
159915.XSHE"
2015-12-02 13:52:00,止盈,创业板ETF易方达,159915.XSHE,2.476,3700.0,19300.0,280.28,5.0,2015-12-02,2015-12,"创业板ETF易方达
159915.XSHE"
2015-12-03 13:58:00,止盈,创业板ETF易方达,159915.XSHE,2.554,3600.0,15700.0,279.88,4.0,2015-12-03,2015-12,"创业板ETF易方达
159915.XSHE"
2015-12-04 10:46:00,止盈,500ETF,510500.XSHG,7.799,1100.0,4800.0,251.04,4.0,2015-12-04,2015-12,"500ETF
510500.XSHG"
2015-12-09 09:54:00,加仓,500ETF,510500.XSHG,7.562,1100.0,5900.0,,5.0,2015-12-09,2015-12,"500ETF
510500.XSHG"
2015-12-14 10:34:00,加仓,创业板ETF易方达,159915.XSHE,2.474,3500.0,19200.0,,5.0,2015-12-14,2015-12,"创业板ETF易方达
159915.XSHE"
2015-12-14 14:57:00,止盈,创业板ETF易方达,159915.XSHE,2.549,3600.0,15600.0,269.08,4.0,2015-12-14,2015-12,"创业板ETF易方达
159915.XSHE"
2015-12-16 10:55:00,止盈,500ETF,510500.XSHG,7.789,1100.0,4800.0,248.84,4.0,2015-12-16,2015-12,"500ETF
510500.XSHG"
2015-12-17 09:32:00,止盈,纳指ETF,513100.XSHG,1.618,5700.0,16800.0,278.38,3.0,2015-12-17,2015-12,"纳指ETF
513100.XSHG"
2015-12-17 09:37:00,止盈,创业板ETF易方达,159915.XSHE,2.626,3500.0,12100.0,268.58,3.0,2015-12-17,2015-12,"创业板ETF易方达
159915.XSHE"
2015-12-21 09:31:00,加仓,纳指ETF,513100.XSHG,1.561,5500.0,22300.0,,4.0,2015-12-21,2015-12,"纳指ETF
513100.XSHG"
2015-12-21 09:32:00,等级校准,纳指ETF,513100.XSHG,,,22300.0,,,2015-12-21,2015-12,"纳指ETF
513100.XSHG"
2015-12-21 13:16:00,止盈,500ETF,510500.XSHG,8.027,1100.0,3700.0,260.92,3.0,2015-12-21,2015-12,"500ETF
510500.XSHG"
2015-12-25 14:48:00,加仓,纳指ETF,513100.XSHG,1.508,5700.0,28000.0,,4.0,2015-12-25,2015-12,"纳指ETF
513100.XSHG"
2015-12-25 14:49:00,止盈,纳指ETF,513100.XSHG,1.586,5900.0,22100.0,459.26,3.0,2015-12-25,2015-12,"纳指ETF
513100.XSHG"
2015-12-29 10:07:00,加仓,创业板ETF易方达,159915.XSHE,2.546,3400.0,15500.0,,4.0,2015-12-29,2015-12,"创业板ETF易方达
159915.XSHE"
2015-12-29 10:09:00,加仓,500ETF,510500.XSHG,7.785,1100.0,4800.0,,4.0,2015-12-29,2015-12,"500ETF
510500.XSHG"
2016-01-04 10:07:00,加仓,创业板ETF易方达,159915.XSHE,2.467,3500.0,19000.0,,5.0,2016-01-04,2016-01,"创业板ETF易方达
159915.XSHE"
2016-01-04 10:11:00,加仓,500ETF,510500.XSHG,7.543,1100.0,5900.0,,5.0,2016-01-04,2016-01,"500ETF
510500.XSHG"
2016-01-04 13:05:00,加仓,创业板ETF易方达,159915.XSHE,2.391,3600.0,22600.0,,6.0,2016-01-04,2016-01,"创业板ETF易方达
159915.XSHE"
2016-01-04 13:32:00,加仓,500ETF,510500.XSHG,7.299,1100.0,7000.0,,6.0,2016-01-04,2016-01,"500ETF
510500.XSHG"
2016-01-04 13:33:00,等级校准,500ETF,510500.XSHG,,,7000.0,,,2016-01-04,2016-01,"500ETF
510500.XSHG"
2016-01-04 13:33:00,加仓,创业板ETF易方达,159915.XSHE,2.305,3700.0,26300.0,,7.0,2016-01-04,2016-01,"创业板ETF易方达
159915.XSHE"
2016-01-04 13:34:00,等级校准,创业板ETF易方达,159915.XSHE,,,26300.0,,,2016-01-04,2016-01,"创业板ETF易方达
159915.XSHE"
2016-01-05 09:31:00,加仓,500ETF,510500.XSHG,6.929,1200.0,8200.0,,6.0,2016-01-05,2016-01,"500ETF
510500.XSHG"
2016-01-05 09:31:00,加仓,创业板ETF易方达,159915.XSHE,2.221,3900.0,30200.0,,7.0,2016-01-05,2016-01,"创业板ETF易方达
159915.XSHE"
2016-01-05 09:37:00,止盈,创业板ETF易方达,159915.XSHE,2.291,4000.0,26200.0,279.08,6.0,2016-01-05,2016-01,"创业板ETF易方达
159915.XSHE"
2016-01-05 09:48:00,止盈,500ETF,510500.XSHG,7.149,1200.0,7000.0,263.14,5.0,2016-01-05,2016-01,"500ETF
510500.XSHG"
2016-01-05 14:11:00,加仓,创业板ETF易方达,159915.XSHE,2.215,3900.0,30100.0,,7.0,2016-01-05,2016-01,"创业板ETF易方达
159915.XSHE"
2016-01-05 14:13:00,加仓,500ETF,510500.XSHG,6.924,1200.0,8200.0,,6.0,2016-01-05,2016-01,"500ETF
510500.XSHG"
2016-01-06 09:31:00,止盈,创业板ETF易方达,159915.XSHE,2.294,4000.0,26100.0,315.08,6.0,2016-01-06,2016-01,"创业板ETF易方达
159915.XSHE"
2016-01-06 09:32:00,止盈,500ETF,510500.XSHG,7.141,1200.0,7000.0,259.54,5.0,2016-01-06,2016-01,"500ETF
510500.XSHG"
2016-01-06 11:20:00,止盈,黄金ETF,518880.XSHG,2.297,4000.0,35400.0,267.08,9.0,2016-01-06,2016-01,"黄金ETF
518880.XSHG"
2016-01-07 09:37:00,加仓,创业板ETF易方达,159915.XSHE,2.218,3900.0,30000.0,,7.0,2016-01-07,2016-01,"创业板ETF易方达
159915.XSHE"
2016-01-07 09:39:00,加仓,500ETF,510500.XSHG,6.924,1200.0,8200.0,,6.0,2016-01-07,2016-01,"500ETF
510500.XSHG"
2016-01-07 09:43:00,加仓,创业板ETF易方达,159915.XSHE,2.145,4000.0,34000.0,,8.0,2016-01-07,2016-01,"创业板ETF易方达
159915.XSHE"
2016-01-07 09:58:00,加仓,500ETF,510500.XSHG,6.6,1200.0,9400.0,,7.0,2016-01-07,2016-01,"500ETF
510500.XSHG"
2016-01-08 09:31:00,加仓,纳指ETF,513100.XSHG,1.535,5600.0,27700.0,,4.0,2016-01-08,2016-01,"纳指ETF
513100.XSHG"
2016-01-08 09:32:00,止盈,500ETF,510500.XSHG,6.826,1300.0,8100.0,292.91,6.0,2016-01-08,2016-01,"500ETF
510500.XSHG"
2016-01-08 09:47:00,加仓,500ETF,510500.XSHG,6.584,1300.0,9400.0,,7.0,2016-01-08,2016-01,"500ETF
510500.XSHG"
2016-01-08 09:47:00,加仓,创业板ETF易方达,159915.XSHE,2.07,4100.0,38100.0,,9.0,2016-01-08,2016-01,"创业板ETF易方达
159915.XSHE"
2016-01-08 09:48:00,等级校准,创业板ETF易方达,159915.XSHE,,,38100.0,,,2016-01-08,2016-01,"创业板ETF易方达
159915.XSHE"
2016-01-08 10:21:00,止盈,创业板ETF易方达,159915.XSHE,2.144,4300.0,33800.0,317.28,8.0,2016-01-08,2016-01,"创业板ETF易方达
159915.XSHE"
2016-01-08 10:22:00,止盈,500ETF,510500.XSHG,6.794,1300.0,8100.0,272.12,6.0,2016-01-08,2016-01,"500ETF
510500.XSHG"
2016-01-11 09:31:00,加仓,500ETF,510500.XSHG,6.563,1300.0,9400.0,,7.0,2016-01-11,2016-01,"500ETF
510500.XSHG"
2016-01-11 09:31:00,加仓,创业板ETF易方达,159915.XSHE,2.065,4100.0,37900.0,,9.0,2016-01-11,2016-01,"创业板ETF易方达
159915.XSHE"
2016-01-11 09:32:00,等级校准,创业板ETF易方达,159915.XSHE,,,37900.0,,,2016-01-11,2016-01,"创业板ETF易方达
159915.XSHE"
2016-01-11 14:39:00,加仓,创业板ETF易方达,159915.XSHE,2.001,4300.0,42200.0,,9.0,2016-01-11,2016-01,"创业板ETF易方达
159915.XSHE"
2016-01-11 14:41:00,加仓,500ETF,510500.XSHG,6.361,1300.0,10700.0,,8.0,2016-01-11,2016-01,"500ETF
510500.XSHG"
2016-01-11 14:42:00,等级校准,500ETF,510500.XSHG,,,10700.0,,,2016-01-11,2016-01,"500ETF
510500.XSHG"
2016-01-12 13:48:00,止盈,创业板ETF易方达,159915.XSHE,2.063,4400.0,37800.0,271.89,8.0,2016-01-12,2016-01,"创业板ETF易方达
159915.XSHE"
2016-01-13 11:24:00,加仓,创业板ETF易方达,159915.XSHE,2.001,4300.0,42100.0,,9.0,2016-01-13,2016-01,"创业板ETF易方达
159915.XSHE"
2016-01-13 14:48:00,加仓,500ETF,510500.XSHG,6.153,1400.0,12100.0,,8.0,2016-01-13,2016-01,"500ETF
510500.XSHG"
2016-01-14 09:31:00,加仓,纳指ETF,513100.XSHG,1.468,5800.0,33500.0,,5.0,2016-01-14,2016-01,"纳指ETF
513100.XSHG"
2016-01-14 09:31:00,加仓,创业板ETF易方达,159915.XSHE,1.903,4400.0,46500.0,,10.0,2016-01-14,2016-01,"创业板ETF易方达
159915.XSHE"
2016-01-14 09:32:00,加仓,纳指ETF,513100.XSHG,1.421,6100.0,39600.0,,6.0,2016-01-14,2016-01,"纳指ETF
513100.XSHG"
2016-01-14 09:32:00,等级校准,创业板ETF易方达,159915.XSHE,,,46500.0,,,2016-01-14,2016-01,"创业板ETF易方达
159915.XSHE"
2016-01-14 09:34:00,加仓,500ETF,510500.XSHG,5.965,1400.0,13500.0,,9.0,2016-01-14,2016-01,"500ETF
510500.XSHG"
2016-01-14 09:38:00,止盈,纳指ETF,513100.XSHG,1.468,6300.0,33300.0,295.18,5.0,2016-01-14,2016-01,"纳指ETF
513100.XSHG"
2016-01-14 10:01:00,止盈,创业板ETF易方达,159915.XSHE,1.963,4700.0,41800.0,281.08,9.0,2016-01-14,2016-01,"创业板ETF易方达
159915.XSHE"
2016-01-14 13:21:00,止盈,500ETF,510500.XSHG,6.147,1500.0,12000.0,272.08,8.0,2016-01-14,2016-01,"500ETF
510500.XSHG"
2016-01-14 13:31:00,止盈,创业板ETF易方达,159915.XSHE,2.025,4500.0,37300.0,278.09,8.0,2016-01-14,2016-01,"创业板ETF易方达
159915.XSHE"
2016-01-18 13:18:00,止盈,创业板ETF易方达,159915.XSHE,2.087,4400.0,32900.0,271.88,7.0,2016-01-18,2016-01,"创业板ETF易方达
159915.XSHE"
2016-01-19 13:01:00,止盈,500ETF,510500.XSHG,6.433,1400.0,10600.0,399.5,8.0,2016-01-19,2016-01,"500ETF
510500.XSHG"
2016-01-21 09:34:00,加仓,500ETF,510500.XSHG,6.225,1300.0,11900.0,,9.0,2016-01-21,2016-01,"500ETF
510500.XSHG"
2016-01-21 09:35:00,等级校准,500ETF,510500.XSHG,,,11900.0,,,2016-01-21,2016-01,"500ETF
510500.XSHG"
2016-01-21 14:45:00,加仓,创业板ETF易方达,159915.XSHE,2.023,4300.0,37200.0,,8.0,2016-01-21,2016-01,"创业板ETF易方达
159915.XSHE"
2016-01-22 11:11:00,加仓,500ETF,510500.XSHG,6.03,1400.0,13300.0,,9.0,2016-01-22,2016-01,"500ETF
510500.XSHG"
2016-01-25 09:31:00,止盈,500ETF,510500.XSHG,6.218,1400.0,11900.0,262.33,8.0,2016-01-25,2016-01,"500ETF
510500.XSHG"
2016-01-26 11:26:00,止盈,黄金ETF,518880.XSHG,2.366,3900.0,31500.0,268.18,8.0,2016-01-26,2016-01,"黄金ETF
518880.XSHG"
2016-01-26 13:16:00,加仓,500ETF,510500.XSHG,6.03,1400.0,13300.0,,9.0,2016-01-26,2016-01,"500ETF
510500.XSHG"
2016-01-26 13:48:00,加仓,创业板ETF易方达,159915.XSHE,1.961,4400.0,41600.0,,9.0,2016-01-26,2016-01,"创业板ETF易方达
159915.XSHE"
2016-01-26 14:36:00,加仓,500ETF,510500.XSHG,5.849,1400.0,14700.0,,10.0,2016-01-26,2016-01,"500ETF
510500.XSHG"
2016-01-26 14:36:00,加仓,创业板ETF易方达,159915.XSHE,1.902,4500.0,46100.0,,10.0,2016-01-26,2016-01,"创业板ETF易方达
159915.XSHE"
2016-01-26 14:37:00,等级校准,500ETF,510500.XSHG,,,14700.0,,,2016-01-26,2016-01,"500ETF
510500.XSHG"
2016-01-26 14:37:00,等级校准,创业板ETF易方达,159915.XSHE,,,46100.0,,,2016-01-26,2016-01,"创业板ETF易方达
159915.XSHE"
2016-01-27 09:58:00,加仓,500ETF,510500.XSHG,5.668,1500.0,16200.0,,10.0,2016-01-27,2016-01,"500ETF
510500.XSHG"
2016-01-27 10:06:00,加仓,创业板ETF易方达,159915.XSHE,1.841,4700.0,50800.0,,10.0,2016-01-27,2016-01,"创业板ETF易方达
159915.XSHE"
2016-01-27 13:01:00,加仓,500ETF,510500.XSHG,5.496,1500.0,17700.0,,11.0,2016-01-27,2016-01,"500ETF
510500.XSHG"
2016-01-27 14:27:00,止盈,500ETF,510500.XSHG,5.686,1600.0,16100.0,303.09,10.0,2016-01-27,2016-01,"500ETF
510500.XSHG"
2016-01-27 14:29:00,止盈,创业板ETF易方达,159915.XSHE,1.898,4800.0,46000.0,272.69,9.0,2016-01-27,2016-01,"创业板ETF易方达
159915.XSHE"
2016-01-28 13:41:00,加仓,创业板ETF易方达,159915.XSHE,1.84,4700.0,50700.0,,10.0,2016-01-28,2016-01,"创业板ETF易方达
159915.XSHE"
2016-01-28 14:38:00,加仓,500ETF,510500.XSHG,5.498,1500.0,17600.0,,11.0,2016-01-28,2016-01,"500ETF
510500.XSHG"
2016-01-29 13:53:00,止盈,500ETF,510500.XSHG,5.667,1600.0,16000.0,269.49,10.0,2016-01-29,2016-01,"500ETF
510500.XSHG"
2016-01-29 14:24:00,止盈,创业板ETF易方达,159915.XSHE,1.897,4800.0,45900.0,272.69,9.0,2016-01-29,2016-01,"创业板ETF易方达
159915.XSHE"
2016-02-02 10:22:00,止盈,创业板ETF易方达,159915.XSHE,1.956,4700.0,41200.0,276.38,8.0,2016-02-02,2016-02,"创业板ETF易方达
159915.XSHE"
2016-02-04 09:32:00,止盈,500ETF,510500.XSHG,5.845,1500.0,14500.0,266.12,9.0,2016-02-04,2016-02,"500ETF
510500.XSHG"
2016-02-04 09:52:00,止盈,创业板ETF易方达,159915.XSHE,2.018,4600.0,36600.0,284.27,8.0,2016-02-04,2016-02,"创业板ETF易方达
159915.XSHE"
2016-02-05 09:31:00,止盈,黄金ETF,518880.XSHG,2.447,3800.0,27700.0,306.87,7.0,2016-02-05,2016-02,"黄金ETF
518880.XSHG"
2016-02-15 09:31:00,止盈,黄金ETF,518880.XSHG,2.591,3600.0,24100.0,517.47,7.0,2016-02-15,2016-02,"黄金ETF
518880.XSHG"
2016-02-15 09:31:00,加仓,创业板ETF易方达,159915.XSHE,1.932,4400.0,41000.0,,9.0,2016-02-15,2016-02,"创业板ETF易方达
159915.XSHE"
2016-02-15 09:32:00,等级校准,创业板ETF易方达,159915.XSHE,,,41000.0,,,2016-02-15,2016-02,"创业板ETF易方达
159915.XSHE"
2016-02-15 10:57:00,止盈,创业板ETF易方达,159915.XSHE,1.991,4600.0,36400.0,270.48,8.0,2016-02-15,2016-02,"创业板ETF易方达
159915.XSHE"
2016-02-16 09:45:00,加仓,黄金ETF,518880.XSHG,2.51,3400.0,27500.0,,8.0,2016-02-16,2016-02,"黄金ETF
518880.XSHG"
2016-02-16 09:45:00,止盈,创业板ETF易方达,159915.XSHE,2.051,4500.0,31900.0,269.08,7.0,2016-02-16,2016-02,"创业板ETF易方达
159915.XSHE"
2016-02-16 09:46:00,等级校准,黄金ETF,518880.XSHG,,,27500.0,,,2016-02-16,2016-02,"黄金ETF
518880.XSHG"
2016-02-16 10:25:00,止盈,500ETF,510500.XSHG,6.025,1500.0,13000.0,269.1,9.0,2016-02-16,2016-02,"500ETF
510500.XSHG"
2016-02-17 14:44:00,止盈,创业板ETF易方达,159915.XSHE,2.113,4300.0,27600.0,265.69,6.0,2016-02-17,2016-02,"创业板ETF易方达
159915.XSHE"
2016-02-18 09:31:00,止盈,500ETF,510500.XSHG,6.218,1400.0,11600.0,269.33,8.0,2016-02-18,2016-02,"500ETF
510500.XSHG"
2016-02-24 11:27:00,止盈,黄金ETF,518880.XSHG,2.586,3500.0,24000.0,265.09,7.0,2016-02-24,2016-02,"黄金ETF
518880.XSHG"
2016-02-25 10:24:00,加仓,创业板ETF易方达,159915.XSHE,2.046,4200.0,31800.0,,7.0,2016-02-25,2016-02,"创业板ETF易方达
159915.XSHE"
2016-02-25 11:27:00,加仓,500ETF,510500.XSHG,6.017,1400.0,13000.0,,9.0,2016-02-25,2016-02,"500ETF
510500.XSHG"
2016-02-25 13:01:00,加仓,创业板ETF易方达,159915.XSHE,1.984,4300.0,36100.0,,8.0,2016-02-25,2016-02,"创业板ETF易方达
159915.XSHE"
2016-02-25 14:27:00,加仓,500ETF,510500.XSHG,5.836,1400.0,14400.0,,10.0,2016-02-25,2016-02,"500ETF
510500.XSHG"
2016-02-25 14:27:00,加仓,创业板ETF易方达,159915.XSHE,1.919,4500.0,40600.0,,9.0,2016-02-25,2016-02,"创业板ETF易方达
159915.XSHE"
2016-02-25 14:28:00,等级校准,500ETF,510500.XSHG,,,14400.0,,,2016-02-25,2016-02,"500ETF
510500.XSHG"
2016-02-25 14:28:00,等级校准,创业板ETF易方达,159915.XSHE,,,40600.0,,,2016-02-25,2016-02,"创业板ETF易方达
159915.XSHE"
2016-02-29 09:38:00,加仓,创业板ETF易方达,159915.XSHE,1.852,4600.0,45200.0,,9.0,2016-02-29,2016-02,"创业板ETF易方达
159915.XSHE"
2016-02-29 09:39:00,加仓,500ETF,510500.XSHG,5.659,1500.0,15900.0,,10.0,2016-02-29,2016-02,"500ETF
510500.XSHG"
2016-02-29 09:57:00,加仓,创业板ETF易方达,159915.XSHE,1.791,4800.0,50000.0,,10.0,2016-02-29,2016-02,"创业板ETF易方达
159915.XSHE"
2016-02-29 09:59:00,加仓,500ETF,510500.XSHG,5.487,1500.0,17400.0,,11.0,2016-02-29,2016-02,"500ETF
510500.XSHG"
2016-02-29 10:00:00,等级校准,500ETF,510500.XSHG,,,17400.0,,,2016-02-29,2016-02,"500ETF
510500.XSHG"
2016-03-01 14:24:00,止盈,500ETF,510500.XSHG,5.653,1600.0,15800.0,264.7,10.0,2016-03-01,2016-03,"500ETF
510500.XSHG"
2016-03-02 11:13:00,止盈,创业板ETF易方达,159915.XSHE,1.846,5000.0,45000.0,274.08,9.0,2016-03-02,2016-03,"创业板ETF易方达
159915.XSHE"
2016-03-02 13:05:00,止盈,500ETF,510500.XSHG,5.823,1500.0,14300.0,254.13,9.0,2016-03-02,2016-03,"500ETF
510500.XSHG"
2016-03-02 13:55:00,止盈,创业板ETF易方达,159915.XSHE,1.902,4800.0,40200.0,267.89,8.0,2016-03-02,2016-03,"创业板ETF易方达
159915.XSHE"
2016-03-02 14:47:00,止盈,纳指ETF,513100.XSHG,1.515,6100.0,27200.0,285.78,4.0,2016-03-02,2016-03,"纳指ETF
513100.XSHG"
2016-03-03 09:42:00,止盈,500ETF,510500.XSHG,6.01,1500.0,12800.0,279.6,9.0,2016-03-03,2016-03,"500ETF
510500.XSHG"
2016-03-04 11:19:00,加仓,创业板ETF易方达,159915.XSHE,1.836,4700.0,44900.0,,9.0,2016-03-04,2016-03,"创业板ETF易方达
159915.XSHE"
2016-03-04 11:27:00,加仓,500ETF,510500.XSHG,5.824,1400.0,14200.0,,10.0,2016-03-04,2016-03,"500ETF
510500.XSHG"
2016-03-04 11:28:00,等级校准,500ETF,510500.XSHG,,,14200.0,,,2016-03-04,2016-03,"500ETF
510500.XSHG"
2016-03-08 09:44:00,加仓,创业板ETF易方达,159915.XSHE,1.773,4900.0,49800.0,,10.0,2016-03-08,2016-03,"创业板ETF易方达
159915.XSHE"
2016-03-08 09:45:00,等级校准,创业板ETF易方达,159915.XSHE,,,49800.0,,,2016-03-08,2016-03,"创业板ETF易方达
159915.XSHE"
2016-03-08 09:59:00,止盈,黄金ETF,518880.XSHG,2.665,3400.0,20600.0,267.69,6.0,2016-03-08,2016-03,"黄金ETF
518880.XSHG"
2016-03-08 11:20:00,止盈,创业板ETF易方达,159915.XSHE,1.828,5000.0,44800.0,274.09,9.0,2016-03-08,2016-03,"创业板ETF易方达
159915.XSHE"
2016-03-08 14:25:00,止盈,创业板ETF易方达,159915.XSHE,1.885,4900.0,39900.0,278.38,8.0,2016-03-08,2016-03,"创业板ETF易方达
159915.XSHE"
2016-03-09 09:34:00,加仓,纳指ETF,513100.XSHG,1.469,5900.0,33100.0,,5.0,2016-03-09,2016-03,"纳指ETF
513100.XSHG"
2016-03-11 09:31:00,加仓,500ETF,510500.XSHG,5.634,1500.0,15700.0,,10.0,2016-03-11,2016-03,"500ETF
510500.XSHG"
2016-03-11 09:31:00,加仓,创业板ETF易方达,159915.XSHE,1.802,4700.0,44600.0,,9.0,2016-03-11,2016-03,"创业板ETF易方达
159915.XSHE"
2016-03-14 09:31:00,止盈,创业板ETF易方达,159915.XSHE,1.862,4900.0,39700.0,293.09,8.0,2016-03-14,2016-03,"创业板ETF易方达
159915.XSHE"
2016-03-14 09:47:00,止盈,500ETF,510500.XSHG,5.81,1500.0,14200.0,263.13,9.0,2016-03-14,2016-03,"500ETF
510500.XSHG"
2016-03-14 10:51:00,止盈,创业板ETF易方达,159915.XSHE,1.92,4800.0,34900.0,277.48,7.0,2016-03-14,2016-03,"创业板ETF易方达
159915.XSHE"
2016-03-15 09:31:00,加仓,黄金ETF,518880.XSHG,2.583,3300.0,23900.0,,7.0,2016-03-15,2016-03,"黄金ETF
518880.XSHG"
2016-03-17 09:32:00,止盈,纳指ETF,513100.XSHG,1.517,6100.0,27000.0,291.87,4.0,2016-03-17,2016-03,"纳指ETF
513100.XSHG"
2016-03-17 13:53:00,止盈,创业板ETF易方达,159915.XSHE,1.978,4600.0,30300.0,265.89,6.0,2016-03-17,2016-03,"创业板ETF易方达
159915.XSHE"
2016-03-17 14:02:00,止盈,500ETF,510500.XSHG,5.987,1500.0,12700.0,264.6,8.0,2016-03-17,2016-03,"500ETF
510500.XSHG"
2016-03-18 09:31:00,止盈,500ETF,510500.XSHG,6.42,1500.0,11200.0,648.54,8.0,2016-03-18,2016-03,"500ETF
510500.XSHG"
2016-03-18 09:32:00,加仓,500ETF,510500.XSHG,6.008,1400.0,12600.0,,9.0,2016-03-18,2016-03,"500ETF
510500.XSHG"
2016-03-18 10:24:00,止盈,创业板ETF易方达,159915.XSHE,2.039,4500.0,25800.0,273.58,5.0,2016-03-18,2016-03,"创业板ETF易方达
159915.XSHE"
2016-03-18 13:06:00,止盈,500ETF,510500.XSHG,6.196,1400.0,11200.0,262.33,8.0,2016-03-18,2016-03,"500ETF
510500.XSHG"
2016-03-21 09:31:00,止盈,创业板ETF易方达,159915.XSHE,2.105,4400.0,21400.0,289.47,5.0,2016-03-21,2016-03,"创业板ETF易方达
159915.XSHE"
2016-03-28 09:39:00,止盈,500ETF,510500.XSHG,6.386,1400.0,9800.0,265.11,7.0,2016-03-28,2016-03,"500ETF
510500.XSHG"
2016-03-29 09:39:00,加仓,500ETF,510500.XSHG,6.194,1400.0,11200.0,,8.0,2016-03-29,2016-03,"500ETF
510500.XSHG"
2016-03-29 09:45:00,加仓,创业板ETF易方达,159915.XSHE,2.039,4200.0,25600.0,,6.0,2016-03-29,2016-03,"创业板ETF易方达
159915.XSHE"
2016-03-29 09:46:00,等级校准,创业板ETF易方达,159915.XSHE,,,25600.0,,,2016-03-29,2016-03,"创业板ETF易方达
159915.XSHE"
2016-03-30 14:04:00,止盈,创业板ETF易方达,159915.XSHE,2.105,4400.0,21200.0,289.47,5.0,2016-03-30,2016-03,"创业板ETF易方达
159915.XSHE"
2016-03-30 14:47:00,止盈,500ETF,510500.XSHG,6.38,1400.0,9800.0,259.51,7.0,2016-03-30,2016-03,"500ETF
510500.XSHG"
2016-04-05 13:29:00,止盈,创业板ETF易方达,159915.XSHE,2.169,4200.0,17000.0,267.89,4.0,2016-04-05,2016-04,"创业板ETF易方达
159915.XSHE"
2016-04-07 09:31:00,止盈,500ETF,510500.XSHG,6.585,1400.0,8400.0,286.08,6.0,2016-04-07,2016-04,"500ETF
510500.XSHG"
2016-04-08 09:37:00,加仓,500ETF,510500.XSHG,6.379,1300.0,9700.0,,7.0,2016-04-08,2016-04,"500ETF
510500.XSHG"
2016-04-08 09:38:00,等级校准,500ETF,510500.XSHG,,,9700.0,,,2016-04-08,2016-04,"500ETF
510500.XSHG"
2016-04-08 11:05:00,加仓,创业板ETF易方达,159915.XSHE,2.103,4100.0,21100.0,,5.0,2016-04-08,2016-04,"创业板ETF易方达
159915.XSHE"
2016-04-11 09:55:00,止盈,创业板ETF易方达,159915.XSHE,2.172,4200.0,16900.0,288.89,4.0,2016-04-11,2016-04,"创业板ETF易方达
159915.XSHE"
2016-04-11 13:17:00,止盈,500ETF,510500.XSHG,6.571,1400.0,8300.0,267.88,6.0,2016-04-11,2016-04,"500ETF
510500.XSHG"
2016-04-20 11:13:00,加仓,创业板ETF易方达,159915.XSHE,2.103,4100.0,21000.0,,5.0,2016-04-20,2016-04,"创业板ETF易方达
159915.XSHE"
2016-04-20 11:18:00,加仓,500ETF,510500.XSHG,6.367,1300.0,9600.0,,7.0,2016-04-20,2016-04,"500ETF
510500.XSHG"
2016-04-20 11:19:00,等级校准,500ETF,510500.XSHG,,,9600.0,,,2016-04-20,2016-04,"500ETF
510500.XSHG"
2016-04-20 13:08:00,加仓,创业板ETF易方达,159915.XSHE,2.035,4200.0,25200.0,,6.0,2016-04-20,2016-04,"创业板ETF易方达
159915.XSHE"
2016-04-20 13:09:00,等级校准,创业板ETF易方达,159915.XSHE,,,25200.0,,,2016-04-20,2016-04,"创业板ETF易方达
159915.XSHE"
2016-04-20 13:11:00,加仓,500ETF,510500.XSHG,6.168,1400.0,11000.0,,7.0,2016-04-20,2016-04,"500ETF
510500.XSHG"
2016-04-29 10:44:00,止盈,黄金ETF,518880.XSHG,2.662,3400.0,20500.0,267.69,6.0,2016-04-29,2016-04,"黄金ETF
518880.XSHG"
2016-05-03 10:52:00,止盈,500ETF,510500.XSHG,6.357,1400.0,9600.0,263.71,6.0,2016-05-03,2016-05,"500ETF
510500.XSHG"
2016-05-03 11:02:00,止盈,创业板ETF易方达,159915.XSHE,2.097,4400.0,20800.0,271.88,4.0,2016-05-03,2016-05,"创业板ETF易方达
159915.XSHE"
2016-05-06 14:47:00,加仓,创业板ETF易方达,159915.XSHE,2.031,4200.0,25000.0,,5.0,2016-05-06,2016-05,"创业板ETF易方达
159915.XSHE"
2016-05-09 09:31:00,加仓,500ETF,510500.XSHG,6.142,1400.0,11000.0,,7.0,2016-05-09,2016-05,"500ETF
510500.XSHG"
2016-05-09 10:14:00,加仓,创业板ETF易方达,159915.XSHE,1.97,4400.0,29400.0,,6.0,2016-05-09,2016-05,"创业板ETF易方达
159915.XSHE"
2016-05-09 14:49:00,加仓,500ETF,510500.XSHG,5.95,1400.0,12400.0,,8.0,2016-05-09,2016-05,"500ETF
510500.XSHG"
2016-05-12 09:31:00,加仓,创业板ETF易方达,159915.XSHE,1.905,4500.0,33900.0,,7.0,2016-05-12,2016-05,"创业板ETF易方达
159915.XSHE"
2016-05-17 13:37:00,止盈,创业板ETF易方达,159915.XSHE,1.963,4700.0,29200.0,271.68,6.0,2016-05-17,2016-05,"创业板ETF易方达
159915.XSHE"
2016-05-18 14:34:00,加仓,创业板ETF易方达,159915.XSHE,1.903,4500.0,33700.0,,7.0,2016-05-18,2016-05,"创业板ETF易方达
159915.XSHE"
2016-05-19 10:17:00,止盈,创业板ETF易方达,159915.XSHE,1.964,4700.0,29000.0,285.78,6.0,2016-05-19,2016-05,"创业板ETF易方达
159915.XSHE"
2016-05-25 14:16:00,加仓,黄金ETF,518880.XSHG,2.582,3300.0,23800.0,,7.0,2016-05-25,2016-05,"黄金ETF
518880.XSHG"
2016-05-30 09:46:00,止盈,纳指ETF,513100.XSHG,1.563,5900.0,21100.0,270.48,3.0,2016-05-30,2016-05,"纳指ETF
513100.XSHG"
2016-05-31 10:39:00,止盈,创业板ETF易方达,159915.XSHE,2.024,4500.0,24500.0,269.09,5.0,2016-05-31,2016-05,"创业板ETF易方达
159915.XSHE"
2016-05-31 13:17:00,止盈,500ETF,510500.XSHG,6.13,1500.0,10900.0,269.08,7.0,2016-05-31,2016-05,"500ETF
510500.XSHG"
2016-06-01 11:03:00,止盈,创业板ETF易方达,159915.XSHE,2.085,4400.0,20100.0,267.48,4.0,2016-06-01,2016-06,"创业板ETF易方达
159915.XSHE"
2016-06-03 14:04:00,止盈,500ETF,510500.XSHG,6.319,1400.0,9500.0,263.72,6.0,2016-06-03,2016-06,"500ETF
510500.XSHG"
2016-06-13 09:31:00,止盈,黄金ETF,518880.XSHG,2.694,3400.0,20400.0,379.88,6.0,2016-06-13,2016-06,"黄金ETF
518880.XSHG"
2016-06-13 14:01:00,加仓,创业板ETF易方达,159915.XSHE,2.022,4300.0,24400.0,,5.0,2016-06-13,2016-06,"创业板ETF易方达
159915.XSHE"
2016-06-13 14:32:00,加仓,500ETF,510500.XSHG,6.125,1400.0,10900.0,,7.0,2016-06-13,2016-06,"500ETF
510500.XSHG"
2016-06-14 09:31:00,加仓,创业板ETF易方达,159915.XSHE,1.957,4400.0,28800.0,,6.0,2016-06-14,2016-06,"创业板ETF易方达
159915.XSHE"
2016-06-15 10:14:00,止盈,创业板ETF易方达,159915.XSHE,2.016,4500.0,24300.0,264.59,5.0,2016-06-15,2016-06,"创业板ETF易方达
159915.XSHE"
2016-06-16 14:35:00,止盈,黄金ETF,518880.XSHG,2.776,3300.0,17100.0,269.68,5.0,2016-06-16,2016-06,"黄金ETF
518880.XSHG"
2016-06-21 09:59:00,止盈,500ETF,510500.XSHG,6.312,1400.0,9500.0,260.92,6.0,2016-06-21,2016-06,"500ETF
510500.XSHG"
2016-06-22 09:33:00,加仓,黄金ETF,518880.XSHG,2.692,3200.0,20300.0,,6.0,2016-06-22,2016-06,"黄金ETF
518880.XSHG"
2016-06-24 11:01:00,加仓,500ETF,510500.XSHG,6.117,1400.0,10900.0,,7.0,2016-06-24,2016-06,"500ETF
510500.XSHG"
2016-06-24 13:01:00,止盈,黄金ETF,518880.XSHG,2.825,3300.0,17000.0,437.97,5.0,2016-06-24,2016-06,"黄金ETF
518880.XSHG"
2016-06-24 13:02:00,加仓,纳指ETF,513100.XSHG,1.513,5700.0,26800.0,,4.0,2016-06-24,2016-06,"纳指ETF
513100.XSHG"
2016-06-27 11:02:00,止盈,创业板ETF易方达,159915.XSHE,2.077,4400.0,19900.0,267.49,4.0,2016-06-27,2016-06,"创业板ETF易方达
159915.XSHE"
2016-06-27 14:15:00,止盈,500ETF,510500.XSHG,6.301,1400.0,9500.0,256.72,6.0,2016-06-27,2016-06,"500ETF
510500.XSHG"
2016-06-29 09:37:00,止盈,创业板ETF易方达,159915.XSHE,2.146,4300.0,15600.0,295.78,3.0,2016-06-29,2016-06,"创业板ETF易方达
159915.XSHE"
2016-07-04 09:36:00,止盈,纳指ETF,513100.XSHG,1.559,5900.0,20900.0,270.48,3.0,2016-07-04,2016-07,"纳指ETF
513100.XSHG"
2016-07-04 10:31:00,止盈,黄金ETF,518880.XSHG,2.912,3100.0,13900.0,268.8,4.0,2016-07-04,2016-07,"黄金ETF
518880.XSHG"
2016-07-04 11:01:00,止盈,500ETF,510500.XSHG,6.493,1400.0,8100.0,267.89,6.0,2016-07-04,2016-07,"500ETF
510500.XSHG"
2016-07-12 09:34:00,止盈,纳指ETF,513100.XSHG,1.606,5700.0,15200.0,266.98,2.0,2016-07-12,2016-07,"纳指ETF
513100.XSHG"
2016-07-12 14:55:00,止盈,500ETF,510500.XSHG,6.69,1300.0,6800.0,255.23,5.0,2016-07-12,2016-07,"500ETF
510500.XSHG"
2016-07-21 09:49:00,加仓,黄金ETF,518880.XSHG,2.824,3000.0,16900.0,,5.0,2016-07-21,2016-07,"黄金ETF
518880.XSHG"
2016-07-27 13:02:00,加仓,创业板ETF易方达,159915.XSHE,2.081,4100.0,19700.0,,4.0,2016-07-27,2016-07,"创业板ETF易方达
159915.XSHE"
2016-07-27 13:15:00,加仓,500ETF,510500.XSHG,6.459,1300.0,8100.0,,6.0,2016-07-27,2016-07,"500ETF
510500.XSHG"
2016-07-28 09:35:00,止盈,纳指ETF,513100.XSHG,1.655,5600.0,9600.0,273.47,1.0,2016-07-28,2016-07,"纳指ETF
513100.XSHG"
2016-08-01 09:31:00,止盈,纳指ETF,513100.XSHG,1.732,5400.0,4200.0,414.86,1.0,2016-08-01,2016-08,"纳指ETF
513100.XSHG"
2016-08-01 09:32:00,加仓,纳指ETF,513100.XSHG,1.67,5100.0,9300.0,,2.0,2016-08-01,2016-08,"纳指ETF
513100.XSHG"
2016-08-01 09:33:00,等级校准,纳指ETF,513100.XSHG,,,9300.0,,,2016-08-01,2016-08,"纳指ETF
513100.XSHG"
2016-08-01 09:36:00,加仓,创业板ETF易方达,159915.XSHE,2.017,4300.0,24000.0,,5.0,2016-08-01,2016-08,"创业板ETF易方达
159915.XSHE"
2016-08-03 09:36:00,止盈,黄金ETF,518880.XSHG,2.909,3100.0,13800.0,262.6,4.0,2016-08-03,2016-08,"黄金ETF
518880.XSHG"
2016-08-08 09:35:00,止盈,纳指ETF,513100.XSHG,1.729,5300.0,4000.0,311.78,1.0,2016-08-08,2016-08,"纳指ETF
513100.XSHG"
2016-08-15 10:13:00,止盈,500ETF,510500.XSHG,6.671,1300.0,6800.0,274.73,5.0,2016-08-15,2016-08,"500ETF
510500.XSHG"
2016-08-15 10:51:00,止盈,创业板ETF易方达,159915.XSHE,2.078,4400.0,19600.0,267.49,4.0,2016-08-15,2016-08,"创业板ETF易方达
159915.XSHE"
2016-09-01 09:31:00,加仓,黄金ETF,518880.XSHG,2.819,3000.0,16800.0,,5.0,2016-09-01,2016-09,"黄金ETF
518880.XSHG"
2016-09-12 09:32:00,加仓,纳指ETF,513100.XSHG,1.676,5200.0,9200.0,,2.0,2016-09-12,2016-09,"纳指ETF
513100.XSHG"
2016-09-12 09:33:00,等级校准,纳指ETF,513100.XSHG,,,9200.0,,,2016-09-12,2016-09,"纳指ETF
513100.XSHG"
2016-09-22 09:56:00,止盈,纳指ETF,513100.XSHG,1.727,5300.0,3900.0,269.38,1.0,2016-09-22,2016-09,"纳指ETF
513100.XSHG"
2016-10-10 09:31:00,加仓,黄金ETF,518880.XSHG,2.729,3100.0,19900.0,,6.0,2016-10-10,2016-10,"黄金ETF
518880.XSHG"
2016-11-02 09:31:00,止盈,黄金ETF,518880.XSHG,2.819,3200.0,16700.0,287.1,5.0,2016-11-02,2016-11,"黄金ETF
518880.XSHG"
2016-11-09 13:01:00,加仓,纳指ETF,513100.XSHG,1.675,5200.0,9100.0,,2.0,2016-11-09,2016-11,"纳指ETF
513100.XSHG"
2016-11-09 13:02:00,等级校准,纳指ETF,513100.XSHG,,,9100.0,,,2016-11-09,2016-11,"纳指ETF
513100.XSHG"
2016-11-10 13:09:00,止盈,纳指ETF,513100.XSHG,1.726,5300.0,3800.0,269.39,1.0,2016-11-10,2016-11,"纳指ETF
513100.XSHG"
2016-11-11 13:01:00,止盈,500ETF,510500.XSHG,6.877,1300.0,5500.0,266.91,4.0,2016-11-11,2016-11,"500ETF
510500.XSHG"
2016-11-14 09:31:00,加仓,黄金ETF,518880.XSHG,2.677,3100.0,19800.0,,6.0,2016-11-14,2016-11,"黄金ETF
518880.XSHG"
2016-11-22 09:37:00,止盈（部分）,纳指ETF,513100.XSHG,1.778,3800.0,0.0,196.92,0.0,2016-11-22,2016-11,"纳指ETF
513100.XSHG"
2016-11-22 09:37:00,清仓,纳指ETF,513100.XSHG,,,,,0.0,2016-11-22,2016-11,"纳指ETF
513100.XSHG"
2016-11-22 09:38:00,重装建仓,纳指ETF,513100.XSHG,1.778,44900.0,44900.0,,,2016-11-22,2016-11,"纳指ETF
513100.XSHG"
2016-11-22 09:39:00,底仓到账,纳指ETF,513100.XSHG,,,44900.0,,8.0,2016-11-22,2016-11,"纳指ETF
513100.XSHG"
2016-11-25 10:03:00,止盈,纳指ETF,513100.XSHG,1.835,5000.0,39900.0,284.08,8.0,2016-11-25,2016-11,"纳指ETF
513100.XSHG"
2016-12-01 09:33:00,加仓,纳指ETF,513100.XSHG,1.774,4900.0,44800.0,,9.0,2016-12-01,2016-12,"纳指ETF
513100.XSHG"
2016-12-01 09:34:00,等级校准,纳指ETF,513100.XSHG,,,44800.0,,,2016-12-01,2016-12,"纳指ETF
513100.XSHG"
2016-12-09 10:31:00,加仓,创业板ETF易方达,159915.XSHE,2.015,4300.0,23900.0,,5.0,2016-12-09,2016-12,"创业板ETF易方达
159915.XSHE"
2016-12-12 11:17:00,加仓,创业板ETF易方达,159915.XSHE,1.954,4400.0,28300.0,,6.0,2016-12-12,2016-12,"创业板ETF易方达
159915.XSHE"
2016-12-12 11:21:00,加仓,500ETF,510500.XSHG,6.67,1300.0,6800.0,,5.0,2016-12-12,2016-12,"500ETF
510500.XSHG"
2016-12-13 09:35:00,加仓,创业板ETF易方达,159915.XSHE,1.895,4600.0,32900.0,,7.0,2016-12-13,2016-12,"创业板ETF易方达
159915.XSHE"
2016-12-16 10:09:00,止盈,纳指ETF,513100.XSHG,1.828,5000.0,39800.0,269.09,8.0,2016-12-16,2016-12,"纳指ETF
513100.XSHG"
2016-12-21 09:31:00,加仓,黄金ETF,518880.XSHG,2.581,3300.0,23100.0,,7.0,2016-12-21,2016-12,"黄金ETF
518880.XSHG"
2016-12-21 09:32:00,等级校准,黄金ETF,518880.XSHG,,,23100.0,,,2016-12-21,2016-12,"黄金ETF
518880.XSHG"
2016-12-26 10:35:00,止盈,纳指ETF,513100.XSHG,1.886,4900.0,34900.0,283.28,7.0,2016-12-26,2016-12,"纳指ETF
513100.XSHG"
2016-12-27 14:12:00,加仓,纳指ETF,513100.XSHG,1.825,4700.0,39600.0,,8.0,2016-12-27,2016-12,"纳指ETF
513100.XSHG"
2017-01-10 10:36:00,止盈,黄金ETF,518880.XSHG,2.659,3400.0,19700.0,264.3,5.0,2017-01-10,2017-01,"黄金ETF
518880.XSHG"
2017-01-13 13:46:00,加仓,创业板ETF易方达,159915.XSHE,1.838,4700.0,37600.0,,8.0,2017-01-13,2017-01,"创业板ETF易方达
159915.XSHE"
2017-01-13 13:47:00,等级校准,创业板ETF易方达,159915.XSHE,,,37600.0,,,2017-01-13,2017-01,"创业板ETF易方达
159915.XSHE"
2017-01-16 09:32:00,加仓,500ETF,510500.XSHG,6.462,1300.0,8100.0,,6.0,2017-01-16,2017-01,"500ETF
510500.XSHG"
2017-01-16 14:03:00,加仓,创业板ETF易方达,159915.XSHE,1.782,4800.0,42400.0,,8.0,2017-01-16,2017-01,"创业板ETF易方达
159915.XSHE"
2017-01-16 14:27:00,加仓,500ETF,510500.XSHG,6.251,1300.0,9400.0,,7.0,2017-01-16,2017-01,"500ETF
510500.XSHG"
2017-01-16 14:28:00,等级校准,500ETF,510500.XSHG,,,9400.0,,,2017-01-16,2017-01,"500ETF
510500.XSHG"
2017-01-16 14:29:00,加仓,创业板ETF易方达,159915.XSHE,1.723,5000.0,47400.0,,9.0,2017-01-16,2017-01,"创业板ETF易方达
159915.XSHE"
2017-01-17 13:41:00,止盈,创业板ETF易方达,159915.XSHE,1.777,5200.0,42200.0,279.88,8.0,2017-01-17,2017-01,"创业板ETF易方达
159915.XSHE"
2017-01-23 09:35:00,止盈,500ETF,510500.XSHG,6.44,1400.0,8000.0,263.7,6.0,2017-01-23,2017-01,"500ETF
510500.XSHG"
2017-01-26 14:55:00,止盈,纳指ETF,513100.XSHG,1.88,4900.0,34700.0,268.58,7.0,2017-01-26,2017-01,"纳指ETF
513100.XSHG"
2017-02-09 09:31:00,止盈,黄金ETF,518880.XSHG,2.739,3300.0,16400.0,263.1,5.0,2017-02-09,2017-02,"黄金ETF
518880.XSHG"
2017-02-09 09:56:00,止盈,创业板ETF易方达,159915.XSHE,1.831,5000.0,37200.0,269.08,7.0,2017-02-09,2017-02,"创业板ETF易方达
159915.XSHE"
2017-02-10 13:22:00,止盈,500ETF,510500.XSHG,6.634,1300.0,6700.0,251.34,5.0,2017-02-10,2017-02,"500ETF
510500.XSHG"
2017-02-16 09:31:00,止盈,纳指ETF,513100.XSHG,1.941,4700.0,30000.0,285.79,6.0,2017-02-16,2017-02,"纳指ETF
513100.XSHG"
2017-03-02 09:57:00,止盈,纳指ETF,513100.XSHG,2.014,4600.0,25400.0,334.87,5.0,2017-03-02,2017-03,"纳指ETF
513100.XSHG"
2017-03-07 09:35:00,止盈,创业板ETF易方达,159915.XSHE,1.886,4900.0,32300.0,268.58,6.0,2017-03-07,2017-03,"创业板ETF易方达
159915.XSHE"
2017-03-07 14:59:00,止盈,500ETF,510500.XSHG,6.834,1300.0,5400.0,259.11,4.0,2017-03-07,2017-03,"500ETF
510500.XSHG"
2017-03-24 10:12:00,加仓,纳指ETF,513100.XSHG,1.951,4400.0,29800.0,,6.0,2017-03-24,2017-03,"纳指ETF
513100.XSHG"
2017-03-30 10:00:00,加仓,创业板ETF易方达,159915.XSHE,1.829,4700.0,37000.0,,7.0,2017-03-30,2017-03,"创业板ETF易方达
159915.XSHE"
2017-04-07 10:02:00,止盈,黄金ETF,518880.XSHG,2.824,3200.0,13200.0,271.1,4.0,2017-04-07,2017-04,"黄金ETF
518880.XSHG"
2017-04-18 14:41:00,加仓,创业板ETF易方达,159915.XSHE,1.773,4900.0,41900.0,,8.0,2017-04-18,2017-04,"创业板ETF易方达
159915.XSHE"
2017-04-19 10:11:00,加仓,500ETF,510500.XSHG,6.609,1300.0,6700.0,,5.0,2017-04-19,2017-04,"500ETF
510500.XSHG"
2017-04-26 09:31:00,止盈,纳指ETF,513100.XSHG,2.012,4600.0,25200.0,279.67,5.0,2017-04-26,2017-04,"纳指ETF
513100.XSHG"
2017-04-27 09:37:00,加仓,500ETF,510500.XSHG,6.406,1300.0,8000.0,,6.0,2017-04-27,2017-04,"500ETF
510500.XSHG"
2017-04-27 09:38:00,等级校准,500ETF,510500.XSHG,,,8000.0,,,2017-04-27,2017-04,"500ETF
510500.XSHG"
2017-05-04 14:39:00,加仓,黄金ETF,518880.XSHG,2.739,3100.0,16300.0,,5.0,2017-05-04,2017-05,"黄金ETF
518880.XSHG"
2017-05-08 14:54:00,加仓,创业板ETF易方达,159915.XSHE,1.716,5000.0,46900.0,,9.0,2017-05-08,2017-05,"创业板ETF易方达
159915.XSHE"
2017-05-09 09:51:00,止盈,纳指ETF,513100.XSHG,2.073,4400.0,20800.0,267.49,4.0,2017-05-09,2017-05,"纳指ETF
513100.XSHG"
2017-05-09 10:03:00,加仓,500ETF,510500.XSHG,6.213,1400.0,9400.0,,6.0,2017-05-09,2017-05,"500ETF
510500.XSHG"
2017-05-11 13:15:00,加仓,创业板ETF易方达,159915.XSHE,1.663,5200.0,52100.0,,10.0,2017-05-11,2017-05,"创业板ETF易方达
159915.XSHE"
2017-05-11 13:16:00,等级校准,创业板ETF易方达,159915.XSHE,,,52100.0,,,2017-05-11,2017-05,"创业板ETF易方达
159915.XSHE"
2017-05-11 13:17:00,加仓,500ETF,510500.XSHG,6.012,1400.0,10800.0,,7.0,2017-05-11,2017-05,"500ETF
510500.XSHG"
2017-05-16 13:00:00,止盈,500ETF,510500.XSHG,6.195,1400.0,9400.0,255.33,6.0,2017-05-16,2017-05,"500ETF
510500.XSHG"
2017-05-16 13:23:00,止盈,创业板ETF易方达,159915.XSHE,1.713,5400.0,46700.0,269.07,8.0,2017-05-16,2017-05,"创业板ETF易方达
159915.XSHE"
2017-05-18 09:32:00,加仓,纳指ETF,513100.XSHG,2.009,4300.0,25100.0,,5.0,2017-05-18,2017-05,"纳指ETF
513100.XSHG"
2017-05-23 14:40:00,止盈,纳指ETF,513100.XSHG,2.07,4400.0,20700.0,267.49,4.0,2017-05-23,2017-05,"纳指ETF
513100.XSHG"
2017-05-24 09:33:00,加仓,500ETF,510500.XSHG,6.009,1400.0,10800.0,,7.0,2017-05-24,2017-05,"500ETF
510500.XSHG"
2017-05-24 09:40:00,加仓,创业板ETF易方达,159915.XSHE,1.66,5200.0,51900.0,,9.0,2017-05-24,2017-05,"创业板ETF易方达
159915.XSHE"
2017-05-25 13:43:00,止盈,创业板ETF易方达,159915.XSHE,1.71,5400.0,46500.0,269.08,8.0,2017-05-25,2017-05,"创业板ETF易方达
159915.XSHE"
2017-05-31 09:31:00,止盈,500ETF,510500.XSHG,6.207,1400.0,9400.0,276.33,6.0,2017-05-31,2017-05,"500ETF
510500.XSHG"
2017-06-01 14:27:00,加仓,500ETF,510500.XSHG,6.02,1400.0,10800.0,,7.0,2017-06-01,2017-06,"500ETF
510500.XSHG"
2017-06-02 09:31:00,加仓,创业板ETF易方达,159915.XSHE,1.653,5200.0,51700.0,,9.0,2017-06-02,2017-06,"创业板ETF易方达
159915.XSHE"
2017-06-05 09:31:00,止盈,纳指ETF,513100.XSHG,2.141,4300.0,16400.0,304.38,3.0,2017-06-05,2017-06,"纳指ETF
513100.XSHG"
2017-06-06 14:28:00,止盈,黄金ETF,518880.XSHG,2.822,3200.0,13100.0,264.7,4.0,2017-06-06,2017-06,"黄金ETF
518880.XSHG"
2017-06-07 10:15:00,止盈,创业板ETF易方达,159915.XSHE,1.703,5400.0,46300.0,269.08,8.0,2017-06-07,2017-06,"创业板ETF易方达
159915.XSHE"
2017-06-07 11:28:00,止盈,500ETF,510500.XSHG,6.202,1400.0,9400.0,253.93,6.0,2017-06-07,2017-06,"500ETF
510500.XSHG"
2017-06-12 09:31:00,加仓,纳指ETF,513100.XSHG,2.073,4200.0,20600.0,,4.0,2017-06-12,2017-06,"纳指ETF
513100.XSHG"
2017-06-20 09:37:00,止盈,创业板ETF易方达,159915.XSHE,1.758,5200.0,41100.0,285.09,8.0,2017-06-20,2017-06,"创业板ETF易方达
159915.XSHE"
2017-06-20 13:11:00,止盈,500ETF,510500.XSHG,6.389,1400.0,8000.0,260.91,5.0,2017-06-20,2017-06,"500ETF
510500.XSHG"
2017-06-29 14:30:00,加仓,黄金ETF,518880.XSHG,2.737,3100.0,16200.0,,5.0,2017-06-29,2017-06,"黄金ETF
518880.XSHG"
2017-06-30 09:36:00,加仓,纳指ETF,513100.XSHG,2.01,4300.0,24900.0,,5.0,2017-06-30,2017-06,"纳指ETF
513100.XSHG"
2017-07-11 11:11:00,加仓,创业板ETF易方达,159915.XSHE,1.705,5100.0,46200.0,,9.0,2017-07-11,2017-07,"创业板ETF易方达
159915.XSHE"
2017-07-11 11:12:00,等级校准,创业板ETF易方达,159915.XSHE,,,46200.0,,,2017-07-11,2017-07,"创业板ETF易方达
159915.XSHE"
2017-07-17 09:31:00,止盈,纳指ETF,513100.XSHG,2.072,4400.0,20500.0,271.89,4.0,2017-07-17,2017-07,"纳指ETF
513100.XSHG"
2017-07-17 09:31:00,加仓,创业板ETF易方达,159915.XSHE,1.646,5200.0,51400.0,,9.0,2017-07-17,2017-07,"创业板ETF易方达
159915.XSHE"
2017-07-17 09:47:00,加仓,500ETF,510500.XSHG,6.189,1400.0,9400.0,,6.0,2017-07-17,2017-07,"500ETF
510500.XSHG"
2017-07-17 09:48:00,加仓,创业板ETF易方达,159915.XSHE,1.593,5400.0,56800.0,,10.0,2017-07-17,2017-07,"创业板ETF易方达
159915.XSHE"
2017-07-19 14:55:00,止盈,500ETF,510500.XSHG,6.377,1400.0,8000.0,262.31,5.0,2017-07-19,2017-07,"500ETF
510500.XSHG"
2017-07-27 13:08:00,止盈,创业板ETF易方达,159915.XSHE,1.642,5600.0,51200.0,273.48,9.0,2017-07-27,2017-07,"创业板ETF易方达
159915.XSHE"
2017-07-31 11:06:00,止盈,500ETF,510500.XSHG,6.572,1400.0,6600.0,272.08,5.0,2017-07-31,2017-07,"500ETF
510500.XSHG"
2017-08-14 11:08:00,止盈,创业板ETF易方达,159915.XSHE,1.692,5400.0,45800.0,269.09,8.0,2017-08-14,2017-08,"创业板ETF易方达
159915.XSHE"
2017-08-16 13:53:00,止盈,创业板ETF易方达,159915.XSHE,1.743,5300.0,40500.0,269.38,7.0,2017-08-16,2017-08,"创业板ETF易方达
159915.XSHE"
2017-08-28 10:32:00,止盈,500ETF,510500.XSHG,6.772,1300.0,5300.0,259.12,4.0,2017-08-28,2017-08,"500ETF
510500.XSHG"
2017-09-04 11:17:00,止盈,创业板ETF易方达,159915.XSHE,1.797,5100.0,35400.0,274.48,7.0,2017-09-04,2017-09,"创业板ETF易方达
159915.XSHE"
2017-09-11 11:07:00,止盈,500ETF,510500.XSHG,6.977,1300.0,4000.0,265.59,3.0,2017-09-11,2017-09,"500ETF
510500.XSHG"
2017-09-26 13:46:00,加仓,创业板ETF易方达,159915.XSHE,1.743,5000.0,40400.0,,8.0,2017-09-26,2017-09,"创业板ETF易方达
159915.XSHE"
2017-09-26 13:47:00,等级校准,创业板ETF易方达,159915.XSHE,,,40400.0,,,2017-09-26,2017-09,"创业板ETF易方达
159915.XSHE"
2017-10-09 09:31:00,止盈,创业板ETF易方达,159915.XSHE,1.803,5100.0,35300.0,305.08,7.0,2017-10-09,2017-10,"创业板ETF易方达
159915.XSHE"
2017-10-30 09:31:00,止盈,纳指ETF,513100.XSHG,2.162,4300.0,16200.0,386.07,3.0,2017-10-30,2017-10,"纳指ETF
513100.XSHG"
2017-11-02 14:50:00,加仓,创业板ETF易方达,159915.XSHE,1.748,4900.0,40200.0,,8.0,2017-11-02,2017-11,"创业板ETF易方达
159915.XSHE"
2017-11-02 14:51:00,等级校准,创业板ETF易方达,159915.XSHE,,,40200.0,,,2017-11-02,2017-11,"创业板ETF易方达
159915.XSHE"
2017-11-03 13:19:00,加仓,500ETF,510500.XSHG,6.762,1200.0,5200.0,,4.0,2017-11-03,2017-11,"500ETF
510500.XSHG"
2017-11-10 10:16:00,止盈,500ETF,510500.XSHG,6.966,1300.0,3900.0,264.29,3.0,2017-11-10,2017-11,"500ETF
510500.XSHG"
2017-11-13 10:00:00,止盈,创业板ETF易方达,159915.XSHE,1.801,5100.0,35100.0,269.38,7.0,2017-11-13,2017-11,"创业板ETF易方达
159915.XSHE"
2017-11-17 13:20:00,加仓,创业板ETF易方达,159915.XSHE,1.746,4900.0,40000.0,,8.0,2017-11-17,2017-11,"创业板ETF易方达
159915.XSHE"
2017-11-17 13:21:00,等级校准,创业板ETF易方达,159915.XSHE,,,40000.0,,,2017-11-17,2017-11,"创业板ETF易方达
159915.XSHE"
2017-11-17 14:11:00,加仓,500ETF,510500.XSHG,6.757,1200.0,5100.0,,4.0,2017-11-17,2017-11,"500ETF
510500.XSHG"
2017-11-17 14:12:00,等级校准,500ETF,510500.XSHG,,,5100.0,,,2017-11-17,2017-11,"500ETF
510500.XSHG"
2017-11-24 09:30:00,加仓,创业板ETF易方达,159915.XSHE,1.692,5100.0,45100.0,,8.0,2017-11-24,2017-11,"创业板ETF易方达
159915.XSHE"
2017-11-27 14:05:00,加仓,500ETF,510500.XSHG,6.553,1300.0,6400.0,,4.0,2017-11-27,2017-11,"500ETF
510500.XSHG"
2017-11-29 09:31:00,止盈,纳指ETF,513100.XSHG,2.23,4100.0,12100.0,277.89,3.0,2017-11-29,2017-11,"纳指ETF
513100.XSHG"
2017-12-05 13:57:00,加仓,创业板ETF易方达,159915.XSHE,1.641,5300.0,50400.0,,9.0,2017-12-05,2017-12,"创业板ETF易方达
159915.XSHE"
2017-12-08 09:31:00,加仓,黄金ETF,518880.XSHG,2.65,3200.0,19400.0,,6.0,2017-12-08,2017-12,"黄金ETF
518880.XSHG"
2017-12-08 09:32:00,等级校准,黄金ETF,518880.XSHG,,,19400.0,,,2017-12-08,2017-12,"黄金ETF
518880.XSHG"
2017-12-11 10:23:00,止盈,创业板ETF易方达,159915.XSHE,1.691,5400.0,45000.0,269.09,8.0,2017-12-11,2017-12,"创业板ETF易方达
159915.XSHE"
2017-12-25 13:33:00,加仓,创业板ETF易方达,159915.XSHE,1.64,5300.0,50300.0,,9.0,2017-12-25,2017-12,"创业板ETF易方达
159915.XSHE"
2018-01-03 09:31:00,止盈,黄金ETF,518880.XSHG,2.742,3300.0,16100.0,302.7,5.0,2018-01-03,2018-01,"黄金ETF
518880.XSHG"
2018-01-03 13:19:00,止盈,创业板ETF易方达,159915.XSHE,1.69,5400.0,44900.0,269.09,8.0,2018-01-03,2018-01,"创业板ETF易方达
159915.XSHE"
2018-01-05 09:39:00,止盈,500ETF,510500.XSHG,6.752,1300.0,5100.0,257.82,3.0,2018-01-05,2018-01,"500ETF
510500.XSHG"
2018-01-12 09:56:00,止盈,纳指ETF,513100.XSHG,2.297,4000.0,8100.0,267.08,2.0,2018-01-12,2018-01,"纳指ETF
513100.XSHG"
2018-01-15 14:33:00,加仓,创业板ETF易方达,159915.XSHE,1.639,5300.0,50200.0,,9.0,2018-01-15,2018-01,"创业板ETF易方达
159915.XSHE"
2018-01-17 09:50:00,加仓,500ETF,510500.XSHG,6.547,1300.0,6400.0,,4.0,2018-01-17,2018-01,"500ETF
510500.XSHG"
2018-01-24 10:34:00,止盈,创业板ETF易方达,159915.XSHE,1.692,5400.0,44800.0,285.29,8.0,2018-01-24,2018-01,"创业板ETF易方达
159915.XSHE"
2018-01-25 09:41:00,止盈,500ETF,510500.XSHG,6.744,1300.0,5100.0,255.22,3.0,2018-01-25,2018-01,"500ETF
510500.XSHG"
2018-01-25 10:15:00,止盈,创业板ETF易方达,159915.XSHE,1.744,5300.0,39500.0,274.68,7.0,2018-01-25,2018-01,"创业板ETF易方达
159915.XSHE"
2018-01-30 10:54:00,加仓,创业板ETF易方达,159915.XSHE,1.691,5100.0,44600.0,,8.0,2018-01-30,2018-01,"创业板ETF易方达
159915.XSHE"
2018-01-31 09:53:00,加仓,500ETF,510500.XSHG,6.54,1300.0,6400.0,,4.0,2018-01-31,2018-01,"500ETF
510500.XSHG"
2018-01-31 13:43:00,加仓,创业板ETF易方达,159915.XSHE,1.64,5300.0,49900.0,,9.0,2018-01-31,2018-01,"创业板ETF易方达
159915.XSHE"
2018-02-01 13:09:00,加仓,500ETF,510500.XSHG,6.339,1300.0,7700.0,,5.0,2018-02-01,2018-02,"500ETF
510500.XSHG"
2018-02-02 09:34:00,加仓,创业板ETF易方达,159915.XSHE,1.588,5400.0,55300.0,,10.0,2018-02-02,2018-02,"创业板ETF易方达
159915.XSHE"
2018-02-02 09:35:00,等级校准,创业板ETF易方达,159915.XSHE,,,55300.0,,,2018-02-02,2018-02,"创业板ETF易方达
159915.XSHE"
2018-02-05 09:39:00,加仓,纳指ETF,513100.XSHG,2.227,3900.0,12000.0,,3.0,2018-02-05,2018-02,"纳指ETF
513100.XSHG"
2018-02-06 09:31:00,加仓,纳指ETF,513100.XSHG,2.093,4000.0,16000.0,,4.0,2018-02-06,2018-02,"纳指ETF
513100.XSHG"
2018-02-06 09:32:00,等级校准,纳指ETF,513100.XSHG,,,16000.0,,,2018-02-06,2018-02,"纳指ETF
513100.XSHG"
2018-02-06 10:59:00,加仓,500ETF,510500.XSHG,6.148,1400.0,9100.0,,6.0,2018-02-06,2018-02,"500ETF
510500.XSHG"
2018-02-06 13:06:00,加仓,创业板ETF易方达,159915.XSHE,1.54,5600.0,60900.0,,10.0,2018-02-06,2018-02,"创业板ETF易方达
159915.XSHE"
2018-02-07 09:31:00,止盈,纳指ETF,513100.XSHG,2.164,4300.0,11700.0,304.37,2.0,2018-02-07,2018-02,"纳指ETF
513100.XSHG"
2018-02-07 10:58:00,加仓,创业板ETF易方达,159915.XSHE,1.492,5800.0,66700.0,,11.0,2018-02-07,2018-02,"创业板ETF易方达
159915.XSHE"
2018-02-07 11:02:00,加仓,500ETF,510500.XSHG,5.956,1400.0,10500.0,,7.0,2018-02-07,2018-02,"500ETF
510500.XSHG"
2018-02-07 13:43:00,止盈,创业板ETF易方达,159915.XSHE,1.537,6000.0,60700.0,269.08,10.0,2018-02-07,2018-02,"创业板ETF易方达
159915.XSHE"
2018-02-09 09:31:00,加仓,纳指ETF,513100.XSHG,2.078,4100.0,15800.0,,3.0,2018-02-09,2018-02,"纳指ETF
513100.XSHG"
2018-02-09 14:06:00,加仓,创业板ETF易方达,159915.XSHE,1.49,5800.0,66500.0,,11.0,2018-02-09,2018-02,"创业板ETF易方达
159915.XSHE"
2018-02-12 11:15:00,止盈,创业板ETF易方达,159915.XSHE,1.535,6000.0,60500.0,269.08,10.0,2018-02-12,2018-02,"创业板ETF易方达
159915.XSHE"
2018-02-13 09:31:00,止盈,纳指ETF,513100.XSHG,2.164,4300.0,11500.0,368.87,2.0,2018-02-13,2018-02,"纳指ETF
513100.XSHG"
2018-02-22 09:31:00,止盈,纳指ETF,513100.XSHG,2.231,4100.0,7400.0,273.79,1.0,2018-02-22,2018-02,"纳指ETF
513100.XSHG"
2018-02-22 10:09:00,止盈,500ETF,510500.XSHG,6.137,1500.0,9000.0,270.58,6.0,2018-02-22,2018-02,"500ETF
510500.XSHG"
2018-02-23 09:39:00,止盈,创业板ETF易方达,159915.XSHE,1.582,5800.0,54700.0,271.68,9.0,2018-02-23,2018-02,"创业板ETF易方达
159915.XSHE"
2018-02-26 09:41:00,止盈,纳指ETF,513100.XSHG,2.298,4000.0,3400.0,267.08,1.0,2018-02-26,2018-02,"纳指ETF
513100.XSHG"
2018-02-26 13:38:00,止盈,500ETF,510500.XSHG,6.325,1400.0,7600.0,262.31,5.0,2018-02-26,2018-02,"500ETF
510500.XSHG"
2018-02-26 14:12:00,止盈,创业板ETF易方达,159915.XSHE,1.63,5600.0,49100.0,267.89,8.0,2018-02-26,2018-02,"创业板ETF易方达
159915.XSHE"
2018-03-01 13:39:00,止盈,创业板ETF易方达,159915.XSHE,1.681,5500.0,43600.0,279.58,8.0,2018-03-01,2018-03,"创业板ETF易方达
159915.XSHE"
2018-03-09 13:07:00,止盈,创业板ETF易方达,159915.XSHE,1.732,5300.0,38300.0,269.38,7.0,2018-03-09,2018-03,"创业板ETF易方达
159915.XSHE"
2018-03-09 13:15:00,止盈,500ETF,510500.XSHG,6.515,1400.0,6200.0,265.09,4.0,2018-03-09,2018-03,"500ETF
510500.XSHG"
2018-03-12 09:31:00,止盈（部分）,纳指ETF,513100.XSHG,2.371,3400.0,0.0,247.39,0.0,2018-03-12,2018-03,"纳指ETF
513100.XSHG"
2018-03-12 09:31:00,清仓,纳指ETF,513100.XSHG,,,,,0.0,2018-03-12,2018-03,"纳指ETF
513100.XSHG"
2018-03-12 09:32:00,重装建仓,纳指ETF,513100.XSHG,2.368,33700.0,33700.0,,,2018-03-12,2018-03,"纳指ETF
513100.XSHG"
2018-03-12 09:33:00,底仓到账,纳指ETF,513100.XSHG,,,33700.0,,8.0,2018-03-12,2018-03,"纳指ETF
513100.XSHG"
2018-03-12 10:05:00,止盈,创业板ETF易方达,159915.XSHE,1.784,5100.0,33200.0,264.29,6.0,2018-03-12,2018-03,"创业板ETF易方达
159915.XSHE"
2018-03-15 09:31:00,加仓,创业板ETF易方达,159915.XSHE,1.73,5000.0,38200.0,,7.0,2018-03-15,2018-03,"创业板ETF易方达
159915.XSHE"
2018-03-20 09:31:00,加仓,纳指ETF,513100.XSHG,2.295,3800.0,37500.0,,9.0,2018-03-20,2018-03,"纳指ETF
513100.XSHG"
2018-03-23 09:31:00,加仓,纳指ETF,513100.XSHG,2.213,3900.0,41400.0,,10.0,2018-03-23,2018-03,"纳指ETF
513100.XSHG"
2018-03-23 09:31:00,加仓,500ETF,510500.XSHG,6.232,1300.0,7500.0,,5.0,2018-03-23,2018-03,"500ETF
510500.XSHG"
2018-03-23 09:31:00,加仓,创业板ETF易方达,159915.XSHE,1.66,5200.0,43400.0,,8.0,2018-03-23,2018-03,"创业板ETF易方达
159915.XSHE"
2018-03-23 14:16:00,加仓,500ETF,510500.XSHG,6.045,1400.0,8900.0,,6.0,2018-03-23,2018-03,"500ETF
510500.XSHG"
2018-03-26 09:36:00,加仓,创业板ETF易方达,159915.XSHE,1.606,5400.0,48800.0,,9.0,2018-03-26,2018-03,"创业板ETF易方达
159915.XSHE"
2018-03-26 09:37:00,等级校准,创业板ETF易方达,159915.XSHE,,,48800.0,,,2018-03-26,2018-03,"创业板ETF易方达
159915.XSHE"
2018-03-26 14:14:00,止盈,创业板ETF易方达,159915.XSHE,1.656,5600.0,43200.0,279.07,8.0,2018-03-26,2018-03,"创业板ETF易方达
159915.XSHE"
2018-03-27 09:31:00,止盈,500ETF,510500.XSHG,6.259,1400.0,7500.0,298.72,5.0,2018-03-27,2018-03,"500ETF
510500.XSHG"
2018-03-27 09:51:00,止盈,创业板ETF易方达,159915.XSHE,1.706,5400.0,37800.0,269.08,7.0,2018-03-27,2018-03,"创业板ETF易方达
159915.XSHE"
2018-03-30 10:16:00,止盈,创业板ETF易方达,159915.XSHE,1.758,5200.0,32600.0,269.49,6.0,2018-03-30,2018-03,"创业板ETF易方达
159915.XSHE"
2018-04-02 09:31:00,止盈,500ETF,510500.XSHG,6.448,1400.0,6100.0,263.7,4.0,2018-04-02,2018-04,"500ETF
510500.XSHG"
2018-04-03 09:31:00,加仓,纳指ETF,513100.XSHG,2.13,4000.0,45400.0,,11.0,2018-04-03,2018-04,"纳指ETF
513100.XSHG"
2018-04-03 09:32:00,等级校准,纳指ETF,513100.XSHG,,,45400.0,,,2018-04-03,2018-04,"纳指ETF
513100.XSHG"
2018-04-11 09:31:00,止盈,纳指ETF,513100.XSHG,2.202,4200.0,41200.0,301.48,10.0,2018-04-11,2018-04,"纳指ETF
513100.XSHG"
2018-04-17 13:07:00,加仓,创业板ETF易方达,159915.XSHE,1.705,5100.0,37700.0,,7.0,2018-04-17,2018-04,"创业板ETF易方达
159915.XSHE"
2018-04-17 13:11:00,加仓,500ETF,510500.XSHG,6.251,1300.0,7400.0,,5.0,2018-04-17,2018-04,"500ETF
510500.XSHG"
2018-04-23 13:09:00,加仓,创业板ETF易方达,159915.XSHE,1.653,5200.0,42900.0,,8.0,2018-04-23,2018-04,"创业板ETF易方达
159915.XSHE"
2018-04-23 13:10:00,等级校准,创业板ETF易方达,159915.XSHE,,,42900.0,,,2018-04-23,2018-04,"创业板ETF易方达
159915.XSHE"
2018-04-23 14:27:00,加仓,500ETF,510500.XSHG,6.063,1400.0,8800.0,,6.0,2018-04-23,2018-04,"500ETF
510500.XSHG"
2018-04-24 11:18:00,止盈,500ETF,510500.XSHG,6.249,1400.0,7400.0,259.53,5.0,2018-04-24,2018-04,"500ETF
510500.XSHG"
2018-04-24 14:22:00,止盈,创业板ETF易方达,159915.XSHE,1.703,5400.0,37500.0,269.08,7.0,2018-04-24,2018-04,"创业板ETF易方达
159915.XSHE"
2018-05-07 09:31:00,止盈,纳指ETF,513100.XSHG,2.27,4000.0,37200.0,271.09,9.0,2018-05-07,2018-05,"纳指ETF
513100.XSHG"
2018-05-09 09:37:00,止盈,创业板ETF易方达,159915.XSHE,1.755,5200.0,32300.0,269.49,6.0,2018-05-09,2018-05,"创业板ETF易方达
159915.XSHE"
2018-05-16 09:31:00,加仓,黄金ETF,518880.XSHG,2.654,3200.0,19300.0,,6.0,2018-05-16,2018-05,"黄金ETF
518880.XSHG"
2018-05-16 09:32:00,等级校准,黄金ETF,518880.XSHG,,,19300.0,,,2018-05-16,2018-05,"黄金ETF
518880.XSHG"
2018-05-28 09:33:00,加仓,创业板ETF易方达,159915.XSHE,1.702,5100.0,37400.0,,7.0,2018-05-28,2018-05,"创业板ETF易方达
159915.XSHE"
2018-05-28 14:47:00,止盈,纳指ETF,513100.XSHG,2.339,3900.0,33300.0,268.19,8.0,2018-05-28,2018-05,"纳指ETF
513100.XSHG"
2018-05-30 09:32:00,加仓,500ETF,510500.XSHG,6.059,1400.0,8800.0,,6.0,2018-05-30,2018-05,"500ETF
510500.XSHG"
2018-05-30 09:32:00,加仓,创业板ETF易方达,159915.XSHE,1.647,5200.0,42600.0,,8.0,2018-05-30,2018-05,"创业板ETF易方达
159915.XSHE"
2018-05-30 09:33:00,等级校准,创业板ETF易方达,159915.XSHE,,,42600.0,,,2018-05-30,2018-05,"创业板ETF易方达
159915.XSHE"
2018-06-05 10:44:00,止盈,纳指ETF,513100.XSHG,2.41,3800.0,29500.0,268.88,7.0,2018-06-05,2018-06,"纳指ETF
513100.XSHG"
2018-06-11 14:17:00,加仓,创业板ETF易方达,159915.XSHE,1.597,5400.0,48000.0,,8.0,2018-06-11,2018-06,"创业板ETF易方达
159915.XSHE"
2018-06-15 09:52:00,加仓,500ETF,510500.XSHG,5.872,1400.0,10200.0,,7.0,2018-06-15,2018-06,"500ETF
510500.XSHG"
2018-06-15 09:53:00,等级校准,500ETF,510500.XSHG,,,10200.0,,,2018-06-15,2018-06,"500ETF
510500.XSHG"
2018-06-19 09:31:00,加仓,创业板ETF易方达,159915.XSHE,1.533,5600.0,53600.0,,9.0,2018-06-19,2018-06,"创业板ETF易方达
159915.XSHE"
2018-06-19 09:32:00,加仓,500ETF,510500.XSHG,5.694,1500.0,11700.0,,7.0,2018-06-19,2018-06,"500ETF
510500.XSHG"
2018-06-19 13:19:00,加仓,500ETF,510500.XSHG,5.518,1500.0,13200.0,,8.0,2018-06-19,2018-06,"500ETF
510500.XSHG"
2018-06-19 13:37:00,加仓,创业板ETF易方达,159915.XSHE,1.487,5800.0,59400.0,,10.0,2018-06-19,2018-06,"创业板ETF易方达
159915.XSHE"
2018-06-19 13:38:00,等级校准,创业板ETF易方达,159915.XSHE,,,59400.0,,,2018-06-19,2018-06,"创业板ETF易方达
159915.XSHE"
2018-06-21 09:46:00,止盈,纳指ETF,513100.XSHG,2.484,3700.0,25800.0,272.88,7.0,2018-06-21,2018-06,"纳指ETF
513100.XSHG"
2018-06-21 14:53:00,加仓,创业板ETF易方达,159915.XSHE,1.442,6000.0,65400.0,,10.0,2018-06-21,2018-06,"创业板ETF易方达
159915.XSHE"
2018-06-22 09:31:00,加仓,500ETF,510500.XSHG,5.352,1600.0,14800.0,,9.0,2018-06-22,2018-06,"500ETF
510500.XSHG"
2018-06-26 11:04:00,止盈,创业板ETF易方达,159915.XSHE,1.486,6200.0,59200.0,271.88,9.0,2018-06-26,2018-06,"创业板ETF易方达
159915.XSHE"
2018-06-28 09:31:00,加仓,纳指ETF,513100.XSHG,2.388,3600.0,29400.0,,8.0,2018-06-28,2018-06,"纳指ETF
513100.XSHG"
2018-06-28 09:32:00,等级校准,纳指ETF,513100.XSHG,,,29400.0,,,2018-06-28,2018-06,"纳指ETF
513100.XSHG"
2018-06-29 13:56:00,止盈,500ETF,510500.XSHG,5.514,1600.0,13200.0,258.32,8.0,2018-06-29,2018-06,"500ETF
510500.XSHG"
2018-07-03 09:31:00,止盈,纳指ETF,513100.XSHG,2.477,3700.0,25700.0,328.38,7.0,2018-07-03,2018-07,"纳指ETF
513100.XSHG"
2018-07-05 11:29:00,加仓,500ETF,510500.XSHG,5.347,1600.0,14800.0,,9.0,2018-07-05,2018-07,"500ETF
510500.XSHG"
2018-07-09 10:25:00,止盈,纳指ETF,513100.XSHG,2.552,3600.0,22100.0,269.08,6.0,2018-07-09,2018-07,"纳指ETF
513100.XSHG"
2018-07-12 11:05:00,止盈,创业板ETF易方达,159915.XSHE,1.531,6000.0,53200.0,269.08,9.0,2018-07-12,2018-07,"创业板ETF易方达
159915.XSHE"
2018-07-12 14:22:00,止盈,500ETF,510500.XSHG,5.509,1600.0,13200.0,258.32,8.0,2018-07-12,2018-07,"500ETF
510500.XSHG"
2018-07-24 09:46:00,止盈,纳指ETF,513100.XSHG,2.63,3500.0,18600.0,272.08,5.0,2018-07-24,2018-07,"纳指ETF
513100.XSHG"
2018-07-30 13:59:00,加仓,创业板ETF易方达,159915.XSHE,1.485,5800.0,59000.0,,10.0,2018-07-30,2018-07,"创业板ETF易方达
159915.XSHE"
2018-07-30 14:00:00,等级校准,创业板ETF易方达,159915.XSHE,,,59000.0,,,2018-07-30,2018-07,"创业板ETF易方达
159915.XSHE"
2018-08-02 09:42:00,加仓,500ETF,510500.XSHG,5.337,1600.0,14800.0,,9.0,2018-08-02,2018-08,"500ETF
510500.XSHG"
2018-08-02 10:48:00,加仓,创业板ETF易方达,159915.XSHE,1.44,6000.0,65000.0,,10.0,2018-08-02,2018-08,"创业板ETF易方达
159915.XSHE"
2018-08-06 09:37:00,加仓,500ETF,510500.XSHG,5.171,1600.0,16400.0,,10.0,2018-08-06,2018-08,"500ETF
510500.XSHG"
2018-08-06 09:38:00,等级校准,500ETF,510500.XSHG,,,16400.0,,,2018-08-06,2018-08,"500ETF
510500.XSHG"
2018-08-06 10:11:00,止盈,纳指ETF,513100.XSHG,2.709,3400.0,15200.0,267.68,4.0,2018-08-06,2018-08,"纳指ETF
513100.XSHG"
2018-08-06 11:01:00,加仓,创业板ETF易方达,159915.XSHE,1.396,6200.0,71200.0,,11.0,2018-08-06,2018-08,"创业板ETF易方达
159915.XSHE"
2018-08-07 09:35:00,止盈,纳指ETF,513100.XSHG,2.792,3300.0,11900.0,272.98,3.0,2018-08-07,2018-08,"纳指ETF
513100.XSHG"
2018-08-08 09:46:00,加仓,纳指ETF,513100.XSHG,2.704,3200.0,15100.0,,4.0,2018-08-08,2018-08,"纳指ETF
513100.XSHG"
2018-08-09 11:26:00,止盈,500ETF,510500.XSHG,5.327,1700.0,14700.0,264.29,9.0,2018-08-09,2018-08,"500ETF
510500.XSHG"
2018-08-10 09:56:00,止盈,创业板ETF易方达,159915.XSHE,1.438,6400.0,64800.0,267.88,10.0,2018-08-10,2018-08,"创业板ETF易方达
159915.XSHE"
2018-08-16 09:31:00,加仓,创业板ETF易方达,159915.XSHE,1.389,6200.0,71000.0,,11.0,2018-08-16,2018-08,"创业板ETF易方达
159915.XSHE"
2018-08-16 09:32:00,加仓,500ETF,510500.XSHG,5.164,1600.0,16300.0,,10.0,2018-08-16,2018-08,"500ETF
510500.XSHG"
2018-08-16 09:33:00,等级校准,500ETF,510500.XSHG,,,16300.0,,,2018-08-16,2018-08,"500ETF
510500.XSHG"
2018-08-20 11:05:00,加仓,创业板ETF易方达,159915.XSHE,1.347,6400.0,77400.0,,12.0,2018-08-20,2018-08,"创业板ETF易方达
159915.XSHE"
2018-08-20 11:06:00,等级校准,创业板ETF易方达,159915.XSHE,,,77400.0,,,2018-08-20,2018-08,"创业板ETF易方达
159915.XSHE"
2018-08-21 11:01:00,止盈,创业板ETF易方达,159915.XSHE,1.388,6600.0,70800.0,269.68,11.0,2018-08-21,2018-08,"创业板ETF易方达
159915.XSHE"
2018-09-10 09:45:00,加仓,创业板ETF易方达,159915.XSHE,1.346,6400.0,77200.0,,12.0,2018-09-10,2018-09,"创业板ETF易方达
159915.XSHE"
2018-09-10 09:46:00,等级校准,创业板ETF易方达,159915.XSHE,,,77200.0,,,2018-09-10,2018-09,"创业板ETF易方达
159915.XSHE"
2018-09-10 14:21:00,加仓,500ETF,510500.XSHG,5.007,1700.0,18000.0,,10.0,2018-09-10,2018-09,"500ETF
510500.XSHG"
2018-09-14 14:56:00,加仓,创业板ETF易方达,159915.XSHE,1.305,6600.0,83800.0,,12.0,2018-09-14,2018-09,"创业板ETF易方达
159915.XSHE"
2018-09-21 14:19:00,止盈,创业板ETF易方达,159915.XSHE,1.345,6800.0,77000.0,271.09,11.0,2018-09-21,2018-09,"创业板ETF易方达
159915.XSHE"
2018-10-08 10:45:00,加仓,创业板ETF易方达,159915.XSHE,1.303,6600.0,83600.0,,12.0,2018-10-08,2018-10,"创业板ETF易方达
159915.XSHE"
2018-10-11 09:31:00,加仓,纳指ETF,513100.XSHG,2.548,3300.0,18400.0,,5.0,2018-10-11,2018-10,"纳指ETF
513100.XSHG"
2018-10-11 09:31:00,加仓,500ETF,510500.XSHG,4.784,1700.0,19700.0,,11.0,2018-10-11,2018-10,"500ETF
510500.XSHG"
2018-10-11 09:31:00,加仓,创业板ETF易方达,159915.XSHE,1.241,6900.0,90500.0,,13.0,2018-10-11,2018-10,"创业板ETF易方达
159915.XSHE"
2018-10-11 09:32:00,等级校准,500ETF,510500.XSHG,,,19700.0,,,2018-10-11,2018-10,"500ETF
510500.XSHG"
2018-10-11 09:32:00,等级校准,创业板ETF易方达,159915.XSHE,,,90500.0,,,2018-10-11,2018-10,"创业板ETF易方达
159915.XSHE"
2018-10-11 11:20:00,加仓,500ETF,510500.XSHG,4.632,1800.0,21500.0,,11.0,2018-10-11,2018-10,"500ETF
510500.XSHG"
2018-10-11 13:15:00,加仓,创业板ETF易方达,159915.XSHE,1.203,7200.0,97700.0,,13.0,2018-10-11,2018-10,"创业板ETF易方达
159915.XSHE"
2018-10-12 10:12:00,加仓,500ETF,510500.XSHG,4.493,1900.0,23400.0,,12.0,2018-10-12,2018-10,"500ETF
510500.XSHG"
2018-10-12 10:13:00,等级校准,500ETF,510500.XSHG,,,23400.0,,,2018-10-12,2018-10,"500ETF
510500.XSHG"
2018-10-16 14:00:00,加仓,创业板ETF易方达,159915.XSHE,1.166,7400.0,105100.0,,14.0,2018-10-16,2018-10,"创业板ETF易方达
159915.XSHE"
2018-10-16 14:01:00,等级校准,创业板ETF易方达,159915.XSHE,,,105100.0,,,2018-10-16,2018-10,"创业板ETF易方达
159915.XSHE"
2018-10-16 14:11:00,加仓,500ETF,510500.XSHG,4.357,2000.0,25400.0,,12.0,2018-10-16,2018-10,"500ETF
510500.XSHG"
2018-10-17 09:31:00,止盈,纳指ETF,513100.XSHG,2.636,3500.0,14900.0,307.08,4.0,2018-10-17,2018-10,"纳指ETF
513100.XSHG"
2018-10-19 09:31:00,止盈,黄金ETF,518880.XSHG,2.738,3300.0,16000.0,276.3,5.0,2018-10-19,2018-10,"黄金ETF
518880.XSHG"
2018-10-19 09:34:00,加仓,500ETF,510500.XSHG,4.225,2000.0,27400.0,,13.0,2018-10-19,2018-10,"500ETF
510500.XSHG"
2018-10-19 13:41:00,止盈,500ETF,510500.XSHG,4.355,2100.0,25300.0,272.09,12.0,2018-10-19,2018-10,"500ETF
510500.XSHG"
2018-10-22 09:31:00,止盈,500ETF,510500.XSHG,4.488,2000.0,23300.0,265.1,11.0,2018-10-22,2018-10,"500ETF
510500.XSHG"
2018-10-22 09:31:00,止盈,创业板ETF易方达,159915.XSHE,1.219,7700.0,97400.0,407.16,13.0,2018-10-22,2018-10,"创业板ETF易方达
159915.XSHE"
2018-10-22 11:19:00,止盈,创业板ETF易方达,159915.XSHE,1.256,7300.0,90100.0,269.18,12.0,2018-10-22,2018-10,"创业板ETF易方达
159915.XSHE"
2018-10-22 11:23:00,止盈,500ETF,510500.XSHG,4.624,2000.0,21300.0,271.08,11.0,2018-10-22,2018-10,"500ETF
510500.XSHG"
2018-10-23 11:21:00,加仓,纳指ETF,513100.XSHG,2.556,3400.0,18300.0,,5.0,2018-10-23,2018-10,"纳指ETF
513100.XSHG"
2018-10-24 10:10:00,加仓,500ETF,510500.XSHG,4.485,1900.0,23200.0,,12.0,2018-10-24,2018-10,"500ETF
510500.XSHG"
2018-10-24 10:11:00,等级校准,500ETF,510500.XSHG,,,23200.0,,,2018-10-24,2018-10,"500ETF
510500.XSHG"
2018-10-25 09:31:00,加仓,纳指ETF,513100.XSHG,2.459,3500.0,21800.0,,6.0,2018-10-25,2018-10,"纳指ETF
513100.XSHG"
2018-10-25 09:31:00,加仓,创业板ETF易方达,159915.XSHE,1.188,7100.0,97200.0,,13.0,2018-10-25,2018-10,"创业板ETF易方达
159915.XSHE"
2018-10-25 09:32:00,等级校准,创业板ETF易方达,159915.XSHE,,,97200.0,,,2018-10-25,2018-10,"创业板ETF易方达
159915.XSHE"
2018-10-26 09:32:00,止盈,创业板ETF易方达,159915.XSHE,1.224,7500.0,89700.0,269.08,12.0,2018-10-26,2018-10,"创业板ETF易方达
159915.XSHE"
2018-10-30 09:44:00,加仓,创业板ETF易方达,159915.XSHE,1.187,7300.0,97000.0,,13.0,2018-10-30,2018-10,"创业板ETF易方达
159915.XSHE"
2018-10-30 09:45:00,等级校准,创业板ETF易方达,159915.XSHE,,,97000.0,,,2018-10-30,2018-10,"创业板ETF易方达
159915.XSHE"
2018-10-31 10:14:00,止盈,创业板ETF易方达,159915.XSHE,1.224,7500.0,89500.0,276.58,12.0,2018-10-31,2018-10,"创业板ETF易方达
159915.XSHE"
2018-11-01 09:32:00,止盈,纳指ETF,513100.XSHG,2.534,3600.0,18200.0,269.09,5.0,2018-11-01,2018-11,"纳指ETF
513100.XSHG"
2018-11-01 09:58:00,止盈,500ETF,510500.XSHG,4.624,2000.0,21200.0,277.08,11.0,2018-11-01,2018-11,"500ETF
510500.XSHG"
2018-11-02 09:31:00,止盈,创业板ETF易方达,159915.XSHE,1.275,7300.0,82200.0,371.37,11.0,2018-11-02,2018-11,"创业板ETF易方达
159915.XSHE"
2018-11-07 09:57:00,止盈,500ETF,510500.XSHG,4.771,1900.0,19300.0,278.39,10.0,2018-11-07,2018-11,"500ETF
510500.XSHG"
2018-11-13 10:08:00,止盈,创业板ETF易方达,159915.XSHE,1.314,7000.0,75200.0,272.08,11.0,2018-11-13,2018-11,"创业板ETF易方达
159915.XSHE"
2018-11-15 09:38:00,加仓,纳指ETF,513100.XSHG,2.457,3500.0,21700.0,,6.0,2018-11-15,2018-11,"纳指ETF
513100.XSHG"
2018-11-15 13:41:00,止盈,500ETF,510500.XSHG,4.916,1800.0,17500.0,260.12,9.0,2018-11-15,2018-11,"500ETF
510500.XSHG"
2018-11-21 09:31:00,加仓,纳指ETF,513100.XSHG,2.361,3600.0,25300.0,,7.0,2018-11-21,2018-11,"纳指ETF
513100.XSHG"
2018-11-21 09:32:00,等级校准,纳指ETF,513100.XSHG,,,25300.0,,,2018-11-21,2018-11,"纳指ETF
513100.XSHG"
2018-11-23 09:59:00,加仓,创业板ETF易方达,159915.XSHE,1.273,6800.0,82000.0,,12.0,2018-11-23,2018-11,"创业板ETF易方达
159915.XSHE"
2018-11-23 10:00:00,等级校准,创业板ETF易方达,159915.XSHE,,,82000.0,,,2018-11-23,2018-11,"创业板ETF易方达
159915.XSHE"
2018-11-23 10:08:00,加仓,500ETF,510500.XSHG,4.765,1800.0,19300.0,,10.0,2018-11-23,2018-11,"500ETF
510500.XSHG"
2018-11-28 09:41:00,止盈,纳指ETF,513100.XSHG,2.432,3800.0,21500.0,268.88,5.0,2018-11-28,2018-11,"纳指ETF
513100.XSHG"
2018-11-30 09:47:00,加仓,500ETF,510500.XSHG,4.618,1800.0,21100.0,,11.0,2018-11-30,2018-11,"500ETF
510500.XSHG"
2018-12-03 09:31:00,止盈,纳指ETF,513100.XSHG,2.555,3700.0,17800.0,454.15,5.0,2018-12-03,2018-12,"纳指ETF
513100.XSHG"
2018-12-03 09:31:00,止盈,500ETF,510500.XSHG,4.818,1900.0,19200.0,379.08,10.0,2018-12-03,2018-12,"500ETF
510500.XSHG"
2018-12-03 11:19:00,止盈,创业板ETF易方达,159915.XSHE,1.312,7000.0,75000.0,272.08,11.0,2018-12-03,2018-12,"创业板ETF易方达
159915.XSHE"
2018-12-05 09:31:00,加仓,纳指ETF,513100.XSHG,2.426,3500.0,21300.0,,6.0,2018-12-05,2018-12,"纳指ETF
513100.XSHG"
2018-12-05 09:32:00,等级校准,纳指ETF,513100.XSHG,,,21300.0,,,2018-12-05,2018-12,"纳指ETF
513100.XSHG"
2018-12-10 09:31:00,加仓,创业板ETF易方达,159915.XSHE,1.268,6800.0,81800.0,,12.0,2018-12-10,2018-12,"创业板ETF易方达
159915.XSHE"
2018-12-10 09:32:00,等级校准,创业板ETF易方达,159915.XSHE,,,81800.0,,,2018-12-10,2018-12,"创业板ETF易方达
159915.XSHE"
2018-12-10 10:12:00,加仓,500ETF,510500.XSHG,4.668,1800.0,21000.0,,11.0,2018-12-10,2018-12,"500ETF
510500.XSHG"
2018-12-17 09:59:00,加仓,创业板ETF易方达,159915.XSHE,1.228,7000.0,88800.0,,12.0,2018-12-17,2018-12,"创业板ETF易方达
159915.XSHE"
2018-12-18 09:31:00,加仓,纳指ETF,513100.XSHG,2.337,3700.0,25000.0,,6.0,2018-12-18,2018-12,"纳指ETF
513100.XSHG"
2018-12-20 13:01:00,加仓,500ETF,510500.XSHG,4.526,1900.0,22900.0,,12.0,2018-12-20,2018-12,"500ETF
510500.XSHG"
2018-12-20 13:36:00,加仓,纳指ETF,513100.XSHG,2.266,3800.0,28800.0,,7.0,2018-12-20,2018-12,"纳指ETF
513100.XSHG"
2018-12-24 09:32:00,加仓,纳指ETF,513100.XSHG,2.19,3900.0,32700.0,,8.0,2018-12-24,2018-12,"纳指ETF
513100.XSHG"
2018-12-24 09:33:00,等级校准,纳指ETF,513100.XSHG,,,32700.0,,,2018-12-24,2018-12,"纳指ETF
513100.XSHG"
2018-12-25 09:51:00,止盈,黄金ETF,518880.XSHG,2.821,3200.0,12800.0,264.7,4.0,2018-12-25,2018-12,"黄金ETF
518880.XSHG"
2018-12-25 10:18:00,加仓,纳指ETF,513100.XSHG,2.124,4100.0,36800.0,,8.0,2018-12-25,2018-12,"纳指ETF
513100.XSHG"
2018-12-27 09:31:00,止盈,纳指ETF,513100.XSHG,2.234,4200.0,32600.0,461.06,8.0,2018-12-27,2018-12,"纳指ETF
513100.XSHG"
2018-12-28 09:42:00,加仓,创业板ETF易方达,159915.XSHE,1.191,7300.0,96100.0,,13.0,2018-12-28,2018-12,"创业板ETF易方达
159915.XSHE"
2018-12-28 09:43:00,等级校准,创业板ETF易方达,159915.XSHE,,,96100.0,,,2018-12-28,2018-12,"创业板ETF易方达
159915.XSHE"
2019-01-04 09:31:00,加仓,500ETF,510500.XSHG,4.369,1900.0,24800.0,,13.0,2019-01-04,2019-01,"500ETF
510500.XSHG"
2019-01-04 09:31:00,加仓,创业板ETF易方达,159915.XSHE,1.155,7500.0,103600.0,,13.0,2019-01-04,2019-01,"创业板ETF易方达
159915.XSHE"
2019-01-04 09:32:00,等级校准,500ETF,510500.XSHG,,,24800.0,,,2019-01-04,2019-01,"500ETF
510500.XSHG"
2019-01-04 13:02:00,止盈,创业板ETF易方达,159915.XSHE,1.191,7700.0,95900.0,276.28,12.0,2019-01-04,2019-01,"创业板ETF易方达
159915.XSHE"
2019-01-04 13:23:00,止盈,500ETF,510500.XSHG,4.501,2000.0,22800.0,263.1,12.0,2019-01-04,2019-01,"500ETF
510500.XSHG"
2019-01-07 09:31:00,止盈,纳指ETF,513100.XSHG,2.304,4000.0,28600.0,279.08,7.0,2019-01-07,2019-01,"纳指ETF
513100.XSHG"
2019-01-09 10:01:00,止盈,500ETF,510500.XSHG,4.638,1900.0,20900.0,259.42,11.0,2019-01-09,2019-01,"500ETF
510500.XSHG"
2019-01-09 10:27:00,止盈,创业板ETF易方达,159915.XSHE,1.227,7500.0,88400.0,269.08,12.0,2019-01-09,2019-01,"创业板ETF易方达
159915.XSHE"
2019-01-15 09:34:00,加仓,创业板ETF易方达,159915.XSHE,1.19,7300.0,95700.0,,13.0,2019-01-15,2019-01,"创业板ETF易方达
159915.XSHE"
2019-01-15 09:35:00,等级校准,创业板ETF易方达,159915.XSHE,,,95700.0,,,2019-01-15,2019-01,"创业板ETF易方达
159915.XSHE"
2019-01-18 09:35:00,止盈,纳指ETF,513100.XSHG,2.374,3900.0,24700.0,272.07,6.0,2019-01-18,2019-01,"纳指ETF
513100.XSHG"
2019-01-21 10:11:00,止盈,创业板ETF易方达,159915.XSHE,1.226,7500.0,88200.0,269.08,12.0,2019-01-21,2019-01,"创业板ETF易方达
159915.XSHE"
2019-01-29 10:08:00,加仓,创业板ETF易方达,159915.XSHE,1.189,7300.0,95500.0,,13.0,2019-01-29,2019-01,"创业板ETF易方达
159915.XSHE"
2019-01-29 10:09:00,等级校准,创业板ETF易方达,159915.XSHE,,,95500.0,,,2019-01-29,2019-01,"创业板ETF易方达
159915.XSHE"
2019-01-29 10:24:00,加仓,500ETF,510500.XSHG,4.497,1900.0,22800.0,,12.0,2019-01-29,2019-01,"500ETF
510500.XSHG"
2019-01-29 10:25:00,等级校准,500ETF,510500.XSHG,,,22800.0,,,2019-01-29,2019-01,"500ETF
510500.XSHG"
2019-02-11 09:32:00,止盈,创业板ETF易方达,159915.XSHE,1.225,7500.0,88000.0,269.08,12.0,2019-02-11,2019-02,"创业板ETF易方达
159915.XSHE"
2019-02-11 09:38:00,止盈,500ETF,510500.XSHG,4.634,2000.0,20800.0,273.07,10.0,2019-02-11,2019-02,"500ETF
510500.XSHG"
2019-02-11 14:30:00,止盈,创业板ETF易方达,159915.XSHE,1.262,7300.0,80700.0,269.18,11.0,2019-02-11,2019-02,"创业板ETF易方达
159915.XSHE"
2019-02-12 09:31:00,止盈,纳指ETF,513100.XSHG,2.446,3700.0,21000.0,265.49,5.0,2019-02-12,2019-02,"纳指ETF
513100.XSHG"
2019-02-13 10:05:00,止盈,500ETF,510500.XSHG,4.774,1900.0,18900.0,265.09,10.0,2019-02-13,2019-02,"500ETF
510500.XSHG"
2019-02-13 13:42:00,止盈,创业板ETF易方达,159915.XSHE,1.3,7100.0,73600.0,268.88,10.0,2019-02-13,2019-02,"创业板ETF易方达
159915.XSHE"
2019-02-18 10:25:00,止盈,500ETF,510500.XSHG,4.918,1800.0,17100.0,258.31,9.0,2019-02-18,2019-02,"500ETF
510500.XSHG"
2019-02-18 13:07:00,止盈,创业板ETF易方达,159915.XSHE,1.34,6900.0,66700.0,275.08,9.0,2019-02-18,2019-02,"创业板ETF易方达
159915.XSHE"
2019-02-20 09:31:00,止盈,黄金ETF,518880.XSHG,2.907,3100.0,9700.0,265.7,3.0,2019-02-20,2019-02,"黄金ETF
518880.XSHG"
2019-02-21 13:07:00,止盈,500ETF,510500.XSHG,5.066,1800.0,15300.0,265.49,9.0,2019-02-21,2019-02,"500ETF
510500.XSHG"
2019-02-21 13:07:00,止盈,创业板ETF易方达,159915.XSHE,1.384,6700.0,60000.0,293.87,9.0,2019-02-21,2019-02,"创业板ETF易方达
159915.XSHE"
2019-02-25 09:31:00,止盈,创业板ETF易方达,159915.XSHE,1.433,6500.0,53500.0,317.57,8.0,2019-02-25,2019-02,"创业板ETF易方达
159915.XSHE"
2019-02-25 09:32:00,止盈,500ETF,510500.XSHG,5.218,1700.0,13600.0,257.51,8.0,2019-02-25,2019-02,"500ETF
510500.XSHG"
2019-02-25 13:10:00,止盈,500ETF,510500.XSHG,5.375,1700.0,11900.0,265.99,7.0,2019-02-25,2019-02,"500ETF
510500.XSHG"
2019-02-25 14:33:00,止盈,创业板ETF易方达,159915.XSHE,1.476,6200.0,47300.0,265.68,7.0,2019-02-25,2019-02,"创业板ETF易方达
159915.XSHE"
2019-03-04 09:31:00,加仓,黄金ETF,518880.XSHG,2.797,3000.0,12700.0,,4.0,2019-03-04,2019-03,"黄金ETF
518880.XSHG"
2019-03-04 09:31:00,止盈,创业板ETF易方达,159915.XSHE,1.528,6000.0,41300.0,311.08,7.0,2019-03-04,2019-03,"创业板ETF易方达
159915.XSHE"
2019-03-04 09:32:00,等级校准,黄金ETF,518880.XSHG,,,12700.0,,,2019-03-04,2019-03,"黄金ETF
518880.XSHG"
2019-03-04 10:06:00,止盈,500ETF,510500.XSHG,5.539,1600.0,10300.0,261.51,6.0,2019-03-04,2019-03,"500ETF
510500.XSHG"
2019-03-04 13:01:00,止盈,创业板ETF易方达,159915.XSHE,1.575,5800.0,35500.0,271.69,6.0,2019-03-04,2019-03,"创业板ETF易方达
159915.XSHE"
2019-03-06 09:31:00,止盈,创业板ETF易方达,159915.XSHE,1.623,5700.0,29800.0,272.67,5.0,2019-03-06,2019-03,"创业板ETF易方达
159915.XSHE"
2019-03-06 09:34:00,止盈,500ETF,510500.XSHG,5.706,1600.0,8700.0,266.29,5.0,2019-03-06,2019-03,"500ETF
510500.XSHG"
2019-03-07 14:37:00,止盈,500ETF,510500.XSHG,5.885,1500.0,7200.0,267.62,4.0,2019-03-07,2019-03,"500ETF
510500.XSHG"
2019-03-08 09:31:00,加仓,500ETF,510500.XSHG,5.658,1500.0,8700.0,,5.0,2019-03-08,2019-03,"500ETF
510500.XSHG"
2019-03-08 09:31:00,加仓,创业板ETF易方达,159915.XSHE,1.571,5500.0,35300.0,,6.0,2019-03-08,2019-03,"创业板ETF易方达
159915.XSHE"
2019-03-08 10:11:00,止盈,创业板ETF易方达,159915.XSHE,1.62,5700.0,29600.0,278.38,5.0,2019-03-08,2019-03,"创业板ETF易方达
159915.XSHE"
2019-03-08 10:41:00,止盈,500ETF,510500.XSHG,5.832,1500.0,7200.0,260.13,4.0,2019-03-08,2019-03,"500ETF
510500.XSHG"
2019-03-08 14:41:00,加仓,500ETF,510500.XSHG,5.652,1500.0,8700.0,,5.0,2019-03-08,2019-03,"500ETF
510500.XSHG"
2019-03-11 14:39:00,止盈,500ETF,510500.XSHG,5.826,1500.0,7200.0,260.13,4.0,2019-03-11,2019-03,"500ETF
510500.XSHG"
2019-03-12 09:31:00,止盈,创业板ETF易方达,159915.XSHE,1.672,5500.0,24100.0,285.08,4.0,2019-03-12,2019-03,"创业板ETF易方达
159915.XSHE"
2019-03-13 14:24:00,加仓,创业板ETF易方达,159915.XSHE,1.62,5300.0,29400.0,,5.0,2019-03-13,2019-03,"创业板ETF易方达
159915.XSHE"
2019-03-14 09:31:00,止盈,纳指ETF,513100.XSHG,2.524,3600.0,17400.0,279.89,4.0,2019-03-14,2019-03,"纳指ETF
513100.XSHG"
2019-03-14 10:41:00,加仓,500ETF,510500.XSHG,5.644,1500.0,8700.0,,5.0,2019-03-14,2019-03,"500ETF
510500.XSHG"
2019-03-14 13:01:00,加仓,创业板ETF易方达,159915.XSHE,1.571,5500.0,34900.0,,6.0,2019-03-14,2019-03,"创业板ETF易方达
159915.XSHE"
2019-03-18 13:55:00,止盈,500ETF,510500.XSHG,5.814,1500.0,7200.0,254.13,4.0,2019-03-18,2019-03,"500ETF
510500.XSHG"
2019-03-18 14:07:00,止盈,创业板ETF易方达,159915.XSHE,1.619,5700.0,29200.0,272.68,5.0,2019-03-18,2019-03,"创业板ETF易方达
159915.XSHE"
2019-03-21 10:16:00,止盈,500ETF,510500.XSHG,5.992,1500.0,5700.0,266.1,3.0,2019-03-21,2019-03,"500ETF
510500.XSHG"
2019-03-22 09:31:00,止盈,纳指ETF,513100.XSHG,2.609,3500.0,13900.0,296.59,4.0,2019-03-22,2019-03,"纳指ETF
513100.XSHG"
2019-03-26 13:11:00,加仓,500ETF,510500.XSHG,5.811,1500.0,7200.0,,4.0,2019-03-26,2019-03,"500ETF
510500.XSHG"
2019-03-26 14:00:00,加仓,创业板ETF易方达,159915.XSHE,1.57,5500.0,34700.0,,6.0,2019-03-26,2019-03,"创业板ETF易方达
159915.XSHE"
2019-03-29 13:59:00,止盈,创业板ETF易方达,159915.XSHE,1.618,5700.0,29000.0,272.68,5.0,2019-03-29,2019-03,"创业板ETF易方达
159915.XSHE"
2019-04-01 09:31:00,止盈,500ETF,510500.XSHG,5.99,1500.0,5700.0,267.6,3.0,2019-04-01,2019-04,"500ETF
510500.XSHG"
2019-04-01 09:43:00,止盈,创业板ETF易方达,159915.XSHE,1.667,5500.0,23500.0,268.58,4.0,2019-04-01,2019-04,"创业板ETF易方达
159915.XSHE"
2019-04-01 14:57:00,止盈,500ETF,510500.XSHG,6.17,1500.0,4200.0,269.07,3.0,2019-04-01,2019-04,"500ETF
510500.XSHG"
2019-04-12 09:35:00,加仓,创业板ETF易方达,159915.XSHE,1.616,5300.0,28800.0,,5.0,2019-04-12,2019-04,"创业板ETF易方达
159915.XSHE"
2019-04-16 09:51:00,加仓,500ETF,510500.XSHG,5.975,1400.0,5600.0,,4.0,2019-04-16,2019-04,"500ETF
510500.XSHG"
2019-04-16 09:52:00,等级校准,500ETF,510500.XSHG,,,5600.0,,,2019-04-16,2019-04,"500ETF
510500.XSHG"
2019-04-16 14:11:00,止盈,500ETF,510500.XSHG,6.156,1500.0,4100.0,270.58,2.0,2019-04-16,2019-04,"500ETF
510500.XSHG"
2019-04-19 09:37:00,止盈,纳指ETF,513100.XSHG,2.689,3400.0,10500.0,271.09,3.0,2019-04-19,2019-04,"纳指ETF
513100.XSHG"
2019-04-24 11:23:00,加仓,500ETF,510500.XSHG,5.969,1400.0,5500.0,,3.0,2019-04-24,2019-04,"500ETF
510500.XSHG"
2019-04-26 10:08:00,止盈,纳指ETF,513100.XSHG,2.773,3300.0,7200.0,276.28,2.0,2019-04-26,2019-04,"纳指ETF
513100.XSHG"
2019-04-29 09:35:00,加仓,500ETF,510500.XSHG,5.783,1500.0,7000.0,,4.0,2019-04-29,2019-04,"500ETF
510500.XSHG"
2019-04-29 10:13:00,加仓,创业板ETF易方达,159915.XSHE,1.566,5500.0,34300.0,,6.0,2019-04-29,2019-04,"创业板ETF易方达
159915.XSHE"
2019-05-06 09:31:00,加仓,500ETF,510500.XSHG,5.462,1500.0,8500.0,,5.0,2019-05-06,2019-05,"500ETF
510500.XSHG"
2019-05-06 09:31:00,加仓,创业板ETF易方达,159915.XSHE,1.492,5700.0,40000.0,,7.0,2019-05-06,2019-05,"创业板ETF易方达
159915.XSHE"
2019-05-06 09:32:00,等级校准,创业板ETF易方达,159915.XSHE,,,40000.0,,,2019-05-06,2019-05,"创业板ETF易方达
159915.XSHE"
2019-05-06 13:10:00,加仓,创业板ETF易方达,159915.XSHE,1.447,6000.0,46000.0,,7.0,2019-05-06,2019-05,"创业板ETF易方达
159915.XSHE"
2019-05-06 13:20:00,加仓,500ETF,510500.XSHG,5.294,1600.0,10100.0,,6.0,2019-05-06,2019-05,"500ETF
510500.XSHG"
2019-05-06 13:21:00,等级校准,500ETF,510500.XSHG,,,10100.0,,,2019-05-06,2019-05,"500ETF
510500.XSHG"
2019-05-09 10:42:00,加仓,纳指ETF,513100.XSHG,2.689,3200.0,10400.0,,3.0,2019-05-09,2019-05,"纳指ETF
513100.XSHG"
2019-05-16 13:00:00,止盈,500ETF,510500.XSHG,5.453,1700.0,8400.0,269.37,5.0,2019-05-16,2019-05,"500ETF
510500.XSHG"
2019-05-17 14:43:00,加仓,500ETF,510500.XSHG,5.289,1600.0,10000.0,,6.0,2019-05-17,2019-05,"500ETF
510500.XSHG"
2019-05-17 14:44:00,等级校准,500ETF,510500.XSHG,,,10000.0,,,2019-05-17,2019-05,"500ETF
510500.XSHG"
2019-05-20 09:46:00,加仓,创业板ETF易方达,159915.XSHE,1.403,6200.0,52200.0,,8.0,2019-05-20,2019-05,"创业板ETF易方达
159915.XSHE"
2019-05-29 09:31:00,加仓,纳指ETF,513100.XSHG,2.603,3300.0,13700.0,,4.0,2019-05-29,2019-05,"纳指ETF
513100.XSHG"
2019-06-03 09:31:00,止盈,黄金ETF,518880.XSHG,2.909,3200.0,9500.0,357.47,3.0,2019-06-03,2019-06,"黄金ETF
518880.XSHG"
2019-06-04 09:31:00,加仓,纳指ETF,513100.XSHG,2.506,3400.0,17100.0,,5.0,2019-06-04,2019-06,"纳指ETF
513100.XSHG"
2019-06-04 09:32:00,等级校准,纳指ETF,513100.XSHG,,,17100.0,,,2019-06-04,2019-06,"纳指ETF
513100.XSHG"
2019-06-04 14:38:00,加仓,500ETF,510500.XSHG,5.13,1700.0,11700.0,,6.0,2019-06-04,2019-06,"500ETF
510500.XSHG"
2019-06-06 09:31:00,止盈,纳指ETF,513100.XSHG,2.585,3500.0,13600.0,275.6,4.0,2019-06-06,2019-06,"纳指ETF
513100.XSHG"
2019-06-06 14:22:00,加仓,创业板ETF易方达,159915.XSHE,1.36,6400.0,58600.0,,9.0,2019-06-06,2019-06,"创业板ETF易方达
159915.XSHE"
2019-06-06 14:23:00,等级校准,创业板ETF易方达,159915.XSHE,,,58600.0,,,2019-06-06,2019-06,"创业板ETF易方达
159915.XSHE"
2019-06-10 09:31:00,止盈,纳指ETF,513100.XSHG,2.664,3400.0,10200.0,267.69,3.0,2019-06-10,2019-06,"纳指ETF
513100.XSHG"
2019-06-11 10:39:00,止盈,创业板ETF易方达,159915.XSHE,1.401,6600.0,52000.0,269.68,8.0,2019-06-11,2019-06,"创业板ETF易方达
159915.XSHE"
2019-06-14 10:10:00,止盈,黄金ETF,518880.XSHG,2.997,3000.0,6500.0,263.1,2.0,2019-06-14,2019-06,"黄金ETF
518880.XSHG"
2019-06-19 09:31:00,止盈,500ETF,510500.XSHG,5.293,1700.0,10000.0,276.2,5.0,2019-06-19,2019-06,"500ETF
510500.XSHG"
2019-06-19 09:31:00,止盈,创业板ETF易方达,159915.XSHE,1.448,6400.0,45600.0,299.87,7.0,2019-06-19,2019-06,"创业板ETF易方达
159915.XSHE"
2019-06-20 09:31:00,止盈,纳指ETF,513100.XSHG,2.746,3300.0,6900.0,269.69,2.0,2019-06-20,2019-06,"纳指ETF
513100.XSHG"
2019-06-21 09:55:00,止盈,黄金ETF,518880.XSHG,3.088,3000.0,3500.0,272.07,1.0,2019-06-21,2019-06,"黄金ETF
518880.XSHG"
2019-06-25 13:03:00,止盈,黄金ETF,518880.XSHG,3.181,2900.0,600.0,268.78,1.0,2019-06-25,2019-06,"黄金ETF
518880.XSHG"
2019-07-01 09:31:00,加仓,黄金ETF,518880.XSHG,3.052,2800.0,3400.0,,2.0,2019-07-01,2019-07,"黄金ETF
518880.XSHG"
2019-07-01 09:32:00,等级校准,黄金ETF,518880.XSHG,,,3400.0,,,2019-07-01,2019-07,"黄金ETF
518880.XSHG"
2019-07-01 09:52:00,止盈,创业板ETF易方达,159915.XSHE,1.492,6200.0,39400.0,271.87,6.0,2019-07-01,2019-07,"创业板ETF易方达
159915.XSHE"
2019-07-01 10:11:00,止盈,500ETF,510500.XSHG,5.455,1700.0,8300.0,274.47,5.0,2019-07-01,2019-07,"500ETF
510500.XSHG"
2019-07-03 09:31:00,止盈,黄金ETF,518880.XSHG,3.174,2900.0,500.0,352.88,1.0,2019-07-03,2019-07,"黄金ETF
518880.XSHG"
2019-07-08 10:20:00,加仓,500ETF,510500.XSHG,5.29,1600.0,9900.0,,6.0,2019-07-08,2019-07,"500ETF
510500.XSHG"
2019-07-08 10:21:00,等级校准,500ETF,510500.XSHG,,,9900.0,,,2019-07-08,2019-07,"500ETF
510500.XSHG"
2019-07-08 10:52:00,加仓,创业板ETF易方达,159915.XSHE,1.447,6000.0,45400.0,,7.0,2019-07-08,2019-07,"创业板ETF易方达
159915.XSHE"
2019-07-09 09:52:00,加仓,黄金ETF,518880.XSHG,3.078,2800.0,3300.0,,2.0,2019-07-09,2019-07,"黄金ETF
518880.XSHG"
2019-07-09 09:53:00,等级校准,黄金ETF,518880.XSHG,,,3300.0,,,2019-07-09,2019-07,"黄金ETF
518880.XSHG"
2019-07-15 09:31:00,止盈,纳指ETF,513100.XSHG,2.831,3200.0,3700.0,271.09,1.0,2019-07-15,2019-07,"纳指ETF
513100.XSHG"
2019-07-15 11:21:00,止盈,创业板ETF易方达,159915.XSHE,1.492,6200.0,39200.0,278.07,6.0,2019-07-15,2019-07,"创业板ETF易方达
159915.XSHE"
2019-07-19 09:31:00,止盈,黄金ETF,518880.XSHG,3.185,2900.0,400.0,309.38,1.0,2019-07-19,2019-07,"黄金ETF
518880.XSHG"
2019-08-05 11:27:00,止盈（部分）,黄金ETF,518880.XSHG,3.282,400.0,0.0,38.67,0.0,2019-08-05,2019-08,"黄金ETF
518880.XSHG"
2019-08-05 11:27:00,清仓,黄金ETF,518880.XSHG,,,,,0.0,2019-08-05,2019-08,"黄金ETF
518880.XSHG"
2019-08-05 11:28:00,重装建仓,黄金ETF,518880.XSHG,3.282,24300.0,24300.0,,,2019-08-05,2019-08,"黄金ETF
518880.XSHG"
2019-08-05 11:29:00,底仓到账,黄金ETF,518880.XSHG,,,24300.0,,9.0,2019-08-05,2019-08,"黄金ETF
518880.XSHG"
2019-08-06 09:31:00,加仓,纳指ETF,513100.XSHG,2.703,3100.0,6800.0,,2.0,2019-08-06,2019-08,"纳指ETF
513100.XSHG"
2019-08-06 09:31:00,加仓,500ETF,510500.XSHG,5.052,1700.0,11600.0,,6.0,2019-08-06,2019-08,"500ETF
510500.XSHG"
2019-08-06 09:31:00,加仓,创业板ETF易方达,159915.XSHE,1.444,6000.0,45200.0,,7.0,2019-08-06,2019-08,"创业板ETF易方达
159915.XSHE"
2019-08-08 09:31:00,止盈,黄金ETF,518880.XSHG,3.385,2700.0,21600.0,277.19,8.0,2019-08-08,2019-08,"黄金ETF
518880.XSHG"
2019-08-08 14:31:00,止盈,纳指ETF,513100.XSHG,2.785,3300.0,3500.0,269.68,1.0,2019-08-08,2019-08,"纳指ETF
513100.XSHG"
2019-08-14 09:31:00,止盈,创业板ETF易方达,159915.XSHE,1.489,6200.0,39000.0,278.08,6.0,2019-08-14,2019-08,"创业板ETF易方达
159915.XSHE"
2019-08-19 10:09:00,止盈,创业板ETF易方达,159915.XSHE,1.534,6000.0,33000.0,269.08,5.0,2019-08-19,2019-08,"创业板ETF易方达
159915.XSHE"
2019-08-19 11:01:00,止盈,500ETF,510500.XSHG,5.206,1700.0,9900.0,260.91,5.0,2019-08-19,2019-08,"500ETF
510500.XSHG"
2019-08-26 09:31:00,止盈,黄金ETF,518880.XSHG,3.524,2600.0,19000.0,360.48,7.0,2019-08-26,2019-08,"黄金ETF
518880.XSHG"
2019-08-27 10:34:00,止盈,500ETF,510500.XSHG,5.368,1700.0,8200.0,274.49,5.0,2019-08-27,2019-08,"500ETF
510500.XSHG"
2019-08-27 10:58:00,止盈,创业板ETF易方达,159915.XSHE,1.583,5800.0,27200.0,283.28,4.0,2019-08-27,2019-08,"创业板ETF易方达
159915.XSHE"
2019-09-05 09:31:00,止盈,500ETF,510500.XSHG,5.552,1600.0,6600.0,293.51,4.0,2019-09-05,2019-09,"500ETF
510500.XSHG"
2019-09-05 09:53:00,止盈,创业板ETF易方达,159915.XSHE,1.632,5600.0,21600.0,273.49,3.0,2019-09-05,2019-09,"创业板ETF易方达
159915.XSHE"
2019-09-05 10:10:00,止盈,纳指ETF,513100.XSHG,2.869,3200.0,300.0,267.88,1.0,2019-09-05,2019-09,"纳指ETF
513100.XSHG"
2019-09-10 09:31:00,加仓,黄金ETF,518880.XSHG,3.38,2500.0,21500.0,,8.0,2019-09-10,2019-09,"黄金ETF
518880.XSHG"
2019-09-26 10:36:00,加仓,创业板ETF易方达,159915.XSHE,1.583,5500.0,27100.0,,4.0,2019-09-26,2019-09,"创业板ETF易方达
159915.XSHE"
2019-09-26 14:19:00,加仓,500ETF,510500.XSHG,5.384,1600.0,8200.0,,5.0,2019-09-26,2019-09,"500ETF
510500.XSHG"
2019-10-14 09:56:00,止盈,500ETF,510500.XSHG,5.547,1600.0,6600.0,259.91,4.0,2019-10-14,2019-10,"500ETF
510500.XSHG"
2019-10-18 13:34:00,加仓,500ETF,510500.XSHG,5.379,1600.0,8200.0,,5.0,2019-10-18,2019-10,"500ETF
510500.XSHG"
2019-10-28 09:31:00,止盈,创业板ETF易方达,159915.XSHE,1.632,5600.0,21500.0,273.49,3.0,2019-10-28,2019-10,"创业板ETF易方达
159915.XSHE"
2019-10-29 09:31:00,止盈（部分）,纳指ETF,513100.XSHG,2.958,300.0,0.0,26.6,0.0,2019-10-29,2019-10,"纳指ETF
513100.XSHG"
2019-10-29 09:31:00,清仓,纳指ETF,513100.XSHG,,,,,0.0,2019-10-29,2019-10,"纳指ETF
513100.XSHG"
2019-10-29 09:32:00,重装建仓,纳指ETF,513100.XSHG,2.958,27000.0,27000.0,,,2019-10-29,2019-10,"纳指ETF
513100.XSHG"
2019-10-29 09:33:00,底仓到账,纳指ETF,513100.XSHG,,,27000.0,,9.0,2019-10-29,2019-10,"纳指ETF
513100.XSHG"
2019-11-08 09:31:00,加仓,黄金ETF,518880.XSHG,3.252,2600.0,24100.0,,9.0,2019-11-08,2019-11,"黄金ETF
518880.XSHG"
2019-11-08 09:32:00,等级校准,黄金ETF,518880.XSHG,,,24100.0,,,2019-11-08,2019-11,"黄金ETF
518880.XSHG"
2019-11-12 11:20:00,加仓,500ETF,510500.XSHG,5.216,1600.0,9800.0,,6.0,2019-11-12,2019-11,"500ETF
510500.XSHG"
2019-11-12 11:21:00,等级校准,500ETF,510500.XSHG,,,9800.0,,,2019-11-12,2019-11,"500ETF
510500.XSHG"
2019-11-19 14:58:00,止盈,500ETF,510500.XSHG,5.373,1700.0,8100.0,265.99,5.0,2019-11-19,2019-11,"500ETF
510500.XSHG"
2019-11-26 09:31:00,止盈,纳指ETF,513100.XSHG,3.072,3000.0,24000.0,341.08,8.0,2019-11-26,2019-11,"纳指ETF
513100.XSHG"
2019-12-13 10:18:00,止盈,创业板ETF易方达,159915.XSHE,1.682,5500.0,16000.0,274.07,3.0,2019-12-13,2019-12,"创业板ETF易方达
159915.XSHE"
2019-12-16 11:17:00,止盈,500ETF,510500.XSHG,5.535,1600.0,6500.0,258.31,4.0,2019-12-16,2019-12,"500ETF
510500.XSHG"
2019-12-17 13:06:00,止盈,创业板ETF易方达,159915.XSHE,1.733,5300.0,10700.0,269.38,2.0,2019-12-17,2019-12,"创业板ETF易方达
159915.XSHE"
2019-12-17 14:10:00,止盈,纳指ETF,513100.XSHG,3.168,2900.0,21100.0,277.48,7.0,2019-12-17,2019-12,"纳指ETF
513100.XSHG"
2019-12-18 10:11:00,止盈,500ETF,510500.XSHG,5.707,1600.0,4900.0,274.29,3.0,2019-12-18,2019-12,"500ETF
510500.XSHG"
2019-12-23 14:24:00,加仓,500ETF,510500.XSHG,5.534,1500.0,6400.0,,4.0,2019-12-23,2019-12,"500ETF
510500.XSHG"
2019-12-23 14:28:00,加仓,创业板ETF易方达,159915.XSHE,1.681,5100.0,15800.0,,3.0,2019-12-23,2019-12,"创业板ETF易方达
159915.XSHE"
2019-12-23 14:29:00,等级校准,创业板ETF易方达,159915.XSHE,,,15800.0,,,2019-12-23,2019-12,"创业板ETF易方达
159915.XSHE"
2019-12-25 09:39:00,止盈,黄金ETF,518880.XSHG,3.35,2700.0,21400.0,263.7,8.0,2019-12-25,2019-12,"黄金ETF
518880.XSHG"
2019-12-27 09:42:00,止盈,创业板ETF易方达,159915.XSHE,1.732,5300.0,10500.0,269.38,2.0,2019-12-27,2019-12,"创业板ETF易方达
159915.XSHE"
2019-12-31 14:29:00,止盈,500ETF,510500.XSHG,5.706,1600.0,4800.0,274.29,3.0,2019-12-31,2019-12,"500ETF
510500.XSHG"
2020-01-03 09:31:00,止盈,纳指ETF,513100.XSHG,3.268,2800.0,18300.0,279.08,6.0,2020-01-03,2020-01,"纳指ETF
513100.XSHG"
2020-01-06 09:31:00,止盈,黄金ETF,518880.XSHG,3.496,2600.0,18800.0,378.69,7.0,2020-01-06,2020-01,"黄金ETF
518880.XSHG"
2020-01-06 10:05:00,止盈,创业板ETF易方达,159915.XSHE,1.784,5100.0,5400.0,264.29,1.0,2020-01-06,2020-01,"创业板ETF易方达
159915.XSHE"
2020-01-06 10:06:00,止盈,500ETF,510500.XSHG,5.881,1500.0,3300.0,261.62,2.0,2020-01-06,2020-01,"500ETF
510500.XSHG"
2020-01-09 14:35:00,止盈,创业板ETF易方达,159915.XSHE,1.838,5000.0,400.0,269.08,1.0,2020-01-09,2020-01,"创业板ETF易方达
159915.XSHE"
2020-01-10 14:32:00,止盈,纳指ETF,513100.XSHG,3.367,2700.0,15600.0,266.39,6.0,2020-01-10,2020-01,"纳指ETF
513100.XSHG"
2020-01-14 09:31:00,加仓,黄金ETF,518880.XSHG,3.366,2500.0,21300.0,,8.0,2020-01-14,2020-01,"黄金ETF
518880.XSHG"
2020-01-17 09:31:00,止盈,纳指ETF,513100.XSHG,3.495,2600.0,13000.0,331.89,5.0,2020-01-17,2020-01,"纳指ETF
513100.XSHG"
2020-01-20 11:22:00,止盈（部分）,创业板ETF易方达,159915.XSHE,1.894,400.0,0.0,22.3,0.0,2020-01-20,2020-01,"创业板ETF易方达
159915.XSHE"
2020-01-20 11:22:00,清仓,创业板ETF易方达,159915.XSHE,,,,,0.0,2020-01-20,2020-01,"创业板ETF易方达
159915.XSHE"
2020-01-20 11:23:00,重装建仓,创业板ETF易方达,159915.XSHE,1.895,42200.0,42200.0,,,2020-01-20,2020-01,"创业板ETF易方达
159915.XSHE"
2020-01-20 11:24:00,底仓到账,创业板ETF易方达,159915.XSHE,,,42200.0,,8.0,2020-01-20,2020-01,"创业板ETF易方达
159915.XSHE"
2020-01-20 14:30:00,止盈,500ETF,510500.XSHG,6.06,1500.0,1800.0,267.59,1.0,2020-01-20,2020-01,"500ETF
510500.XSHG"
2020-01-21 13:16:00,加仓,纳指ETF,513100.XSHG,3.39,2500.0,15500.0,,6.0,2020-01-21,2020-01,"纳指ETF
513100.XSHG"
2020-01-21 13:17:00,等级校准,纳指ETF,513100.XSHG,,,15500.0,,,2020-01-21,2020-01,"纳指ETF
513100.XSHG"
2020-01-23 13:10:00,加仓,500ETF,510500.XSHG,5.871,1400.0,3200.0,,2.0,2020-01-23,2020-01,"500ETF
510500.XSHG"
2020-01-23 13:32:00,加仓,创业板ETF易方达,159915.XSHE,1.834,4700.0,46900.0,,9.0,2020-01-23,2020-01,"创业板ETF易方达
159915.XSHE"
2020-02-03 09:31:00,止盈,黄金ETF,518880.XSHG,3.514,2600.0,18700.0,383.89,7.0,2020-02-03,2020-02,"黄金ETF
518880.XSHG"
2020-02-03 09:31:00,加仓,500ETF,510500.XSHG,5.343,1500.0,4700.0,,3.0,2020-02-03,2020-02,"500ETF
510500.XSHG"
2020-02-03 09:31:00,加仓,创业板ETF易方达,159915.XSHE,1.675,4900.0,51800.0,,10.0,2020-02-03,2020-02,"创业板ETF易方达
159915.XSHE"
2020-02-03 09:32:00,等级校准,500ETF,510500.XSHG,,,4700.0,,,2020-02-03,2020-02,"500ETF
510500.XSHG"
2020-02-03 09:32:00,等级校准,创业板ETF易方达,159915.XSHE,,,51800.0,,,2020-02-03,2020-02,"创业板ETF易方达
159915.XSHE"
2020-02-03 09:43:00,止盈,创业板ETF易方达,159915.XSHE,1.726,5300.0,46500.0,269.39,8.0,2020-02-03,2020-02,"创业板ETF易方达
159915.XSHE"
2020-02-03 14:52:00,加仓,创业板ETF易方达,159915.XSHE,1.671,5200.0,51700.0,,9.0,2020-02-03,2020-02,"创业板ETF易方达
159915.XSHE"
2020-02-04 09:31:00,止盈,创业板ETF易方达,159915.XSHE,1.723,5300.0,46400.0,274.69,8.0,2020-02-04,2020-02,"创业板ETF易方达
159915.XSHE"
2020-02-04 09:54:00,止盈,创业板ETF易方达,159915.XSHE,1.776,5200.0,41200.0,274.68,8.0,2020-02-04,2020-02,"创业板ETF易方达
159915.XSHE"
2020-02-05 09:31:00,止盈,纳指ETF,513100.XSHG,3.502,2600.0,12900.0,290.29,5.0,2020-02-05,2020-02,"纳指ETF
513100.XSHG"
2020-02-05 09:31:00,止盈,创业板ETF易方达,159915.XSHE,1.83,5000.0,36200.0,269.08,7.0,2020-02-05,2020-02,"创业板ETF易方达
159915.XSHE"
2020-02-05 09:48:00,止盈,500ETF,510500.XSHG,5.505,1600.0,3100.0,258.32,1.0,2020-02-05,2020-02,"500ETF
510500.XSHG"
2020-02-05 10:36:00,止盈,创业板ETF易方达,159915.XSHE,1.889,4900.0,31300.0,288.17,6.0,2020-02-05,2020-02,"创业板ETF易方达
159915.XSHE"
2020-02-06 09:33:00,止盈,纳指ETF,513100.XSHG,3.614,2500.0,10400.0,279.1,4.0,2020-02-06,2020-02,"纳指ETF
513100.XSHG"
2020-02-06 11:29:00,止盈,500ETF,510500.XSHG,5.671,1600.0,1500.0,264.69,1.0,2020-02-06,2020-02,"500ETF
510500.XSHG"
2020-02-07 09:45:00,止盈,纳指ETF,513100.XSHG,3.725,2400.0,8000.0,265.51,3.0,2020-02-07,2020-02,"纳指ETF
513100.XSHG"
2020-02-07 10:24:00,止盈,创业板ETF易方达,159915.XSHE,1.947,4700.0,26600.0,271.68,5.0,2020-02-07,2020-02,"创业板ETF易方达
159915.XSHE"
2020-02-11 09:32:00,止盈,纳指ETF,513100.XSHG,3.843,2400.0,5600.0,282.28,2.0,2020-02-11,2020-02,"纳指ETF
513100.XSHG"
2020-02-12 10:48:00,止盈,纳指ETF,513100.XSHG,3.962,2300.0,3300.0,272.79,1.0,2020-02-12,2020-02,"纳指ETF
513100.XSHG"
2020-02-12 11:19:00,止盈,500ETF,510500.XSHG,5.844,1500.0,0.0,258.62,0.0,2020-02-12,2020-02,"500ETF
510500.XSHG"
2020-02-12 11:19:00,清仓,500ETF,510500.XSHG,,,,,0.0,2020-02-12,2020-02,"500ETF
510500.XSHG"
2020-02-12 11:20:00,重装建仓,500ETF,510500.XSHG,5.847,13600.0,13600.0,,,2020-02-12,2020-02,"500ETF
510500.XSHG"
2020-02-12 11:21:00,底仓到账,500ETF,510500.XSHG,,,13600.0,,9.0,2020-02-12,2020-02,"500ETF
510500.XSHG"
2020-02-12 14:20:00,止盈,创业板ETF易方达,159915.XSHE,2.008,4600.0,22000.0,279.68,5.0,2020-02-12,2020-02,"创业板ETF易方达
159915.XSHE"
2020-02-13 09:42:00,止盈,纳指ETF,513100.XSHG,4.081,2200.0,1100.0,260.9,1.0,2020-02-13,2020-02,"纳指ETF
513100.XSHG"
2020-02-13 14:57:00,止盈（部分）,纳指ETF,513100.XSHG,4.226,1100.0,0.0,159.04,0.0,2020-02-13,2020-02,"纳指ETF
513100.XSHG"
2020-02-13 14:57:00,清仓,纳指ETF,513100.XSHG,,,,,0.0,2020-02-13,2020-02,"纳指ETF
513100.XSHG"
2020-02-13 14:58:00,重装建仓,纳指ETF,513100.XSHG,4.223,18900.0,18900.0,,,2020-02-13,2020-02,"纳指ETF
513100.XSHG"
2020-02-13 14:59:00,底仓到账,纳指ETF,513100.XSHG,,,18900.0,,9.0,2020-02-13,2020-02,"纳指ETF
513100.XSHG"
2020-02-14 09:32:00,加仓,纳指ETF,513100.XSHG,4.023,2100.0,21000.0,,10.0,2020-02-14,2020-02,"纳指ETF
513100.XSHG"
2020-02-14 09:33:00,等级校准,纳指ETF,513100.XSHG,,,21000.0,,,2020-02-14,2020-02,"纳指ETF
513100.XSHG"
2020-02-14 09:44:00,止盈,纳指ETF,513100.XSHG,4.145,2200.0,18800.0,267.49,8.0,2020-02-14,2020-02,"纳指ETF
513100.XSHG"
2020-02-14 14:27:00,加仓,纳指ETF,513100.XSHG,4.006,2100.0,20900.0,,9.0,2020-02-14,2020-02,"纳指ETF
513100.XSHG"
2020-02-17 09:34:00,加仓,纳指ETF,513100.XSHG,3.84,2200.0,23100.0,,10.0,2020-02-17,2020-02,"纳指ETF
513100.XSHG"
2020-02-17 11:22:00,止盈,纳指ETF,513100.XSHG,3.962,2300.0,20800.0,279.69,9.0,2020-02-17,2020-02,"纳指ETF
513100.XSHG"
2020-02-17 13:26:00,止盈,500ETF,510500.XSHG,6.024,1500.0,12100.0,264.6,8.0,2020-02-17,2020-02,"500ETF
510500.XSHG"
2020-02-17 14:57:00,止盈,创业板ETF易方达,159915.XSHE,2.07,4400.0,17600.0,271.89,4.0,2020-02-17,2020-02,"创业板ETF易方达
159915.XSHE"
2020-02-18 14:20:00,加仓,纳指ETF,513100.XSHG,3.84,2200.0,23000.0,,10.0,2020-02-18,2020-02,"纳指ETF
513100.XSHG"
2020-02-21 09:53:00,止盈,500ETF,510500.XSHG,6.21,1400.0,10700.0,259.53,7.0,2020-02-21,2020-02,"500ETF
510500.XSHG"
2020-02-21 10:06:00,止盈,黄金ETF,518880.XSHG,3.62,2500.0,16200.0,264.1,6.0,2020-02-21,2020-02,"黄金ETF
518880.XSHG"
2020-02-21 10:08:00,止盈,创业板ETF易方达,159915.XSHE,2.134,4300.0,13300.0,274.28,3.0,2020-02-21,2020-02,"创业板ETF易方达
159915.XSHE"
2020-02-21 14:49:00,加仓,纳指ETF,513100.XSHG,3.724,2300.0,25300.0,,11.0,2020-02-21,2020-02,"纳指ETF
513100.XSHG"
2020-02-21 14:50:00,等级校准,纳指ETF,513100.XSHG,,,25300.0,,,2020-02-21,2020-02,"纳指ETF
513100.XSHG"
2020-02-24 09:32:00,加仓,纳指ETF,513100.XSHG,3.601,2400.0,27700.0,,11.0,2020-02-24,2020-02,"纳指ETF
513100.XSHG"
2020-02-24 13:15:00,止盈,黄金ETF,518880.XSHG,3.729,2400.0,13800.0,260.71,5.0,2020-02-24,2020-02,"黄金ETF
518880.XSHG"
2020-02-25 09:31:00,加仓,纳指ETF,513100.XSHG,3.479,2400.0,30100.0,,12.0,2020-02-25,2020-02,"纳指ETF
513100.XSHG"
2020-02-25 10:12:00,止盈,纳指ETF,513100.XSHG,3.587,2500.0,27600.0,269.1,11.0,2020-02-25,2020-02,"纳指ETF
513100.XSHG"
2020-02-25 14:35:00,止盈,创业板ETF易方达,159915.XSHE,2.199,4200.0,9100.0,272.08,2.0,2020-02-25,2020-02,"创业板ETF易方达
159915.XSHE"
2020-02-26 10:23:00,加仓,创业板ETF易方达,159915.XSHE,2.13,4000.0,13100.0,,3.0,2020-02-26,2020-02,"创业板ETF易方达
159915.XSHE"
2020-02-28 09:31:00,加仓,纳指ETF,513100.XSHG,3.428,2500.0,30100.0,,12.0,2020-02-28,2020-02,"纳指ETF
513100.XSHG"
2020-02-28 09:31:00,加仓,创业板ETF易方达,159915.XSHE,2.04,4200.0,17300.0,,4.0,2020-02-28,2020-02,"创业板ETF易方达
159915.XSHE"
2020-02-28 09:32:00,等级校准,纳指ETF,513100.XSHG,,,30100.0,,,2020-02-28,2020-02,"纳指ETF
513100.XSHG"
2020-02-28 09:32:00,等级校准,创业板ETF易方达,159915.XSHE,,,17300.0,,,2020-02-28,2020-02,"创业板ETF易方达
159915.XSHE"
2020-02-28 10:21:00,加仓,500ETF,510500.XSHG,6.02,1400.0,12100.0,,8.0,2020-02-28,2020-02,"500ETF
510500.XSHG"
2020-02-28 13:55:00,加仓,黄金ETF,518880.XSHG,3.616,2400.0,16200.0,,6.0,2020-02-28,2020-02,"黄金ETF
518880.XSHG"
2020-03-02 13:45:00,止盈,纳指ETF,513100.XSHG,3.538,2600.0,27500.0,285.08,11.0,2020-03-02,2020-03,"纳指ETF
513100.XSHG"
2020-03-03 09:31:00,止盈,纳指ETF,513100.XSHG,3.678,2500.0,25000.0,349.08,10.0,2020-03-03,2020-03,"纳指ETF
513100.XSHG"
2020-03-03 09:31:00,止盈,500ETF,510500.XSHG,6.221,1400.0,10700.0,280.53,7.0,2020-03-03,2020-03,"500ETF
510500.XSHG"
2020-03-03 09:31:00,止盈,创业板ETF易方达,159915.XSHE,2.102,4400.0,12900.0,271.88,3.0,2020-03-03,2020-03,"创业板ETF易方达
159915.XSHE"
2020-03-03 13:12:00,加仓,纳指ETF,513100.XSHG,3.567,2400.0,27400.0,,11.0,2020-03-03,2020-03,"纳指ETF
513100.XSHG"
2020-03-03 13:13:00,等级校准,纳指ETF,513100.XSHG,,,27400.0,,,2020-03-03,2020-03,"纳指ETF
513100.XSHG"
2020-03-09 09:31:00,加仓,纳指ETF,513100.XSHG,3.398,2500.0,29900.0,,11.0,2020-03-09,2020-03,"纳指ETF
513100.XSHG"
2020-03-09 09:51:00,止盈,黄金ETF,518880.XSHG,3.726,2400.0,13800.0,263.11,5.0,2020-03-09,2020-03,"黄金ETF
518880.XSHG"
2020-03-09 13:01:00,加仓,黄金ETF,518880.XSHG,3.577,2400.0,16200.0,,6.0,2020-03-09,2020-03,"黄金ETF
518880.XSHG"
2020-03-09 13:05:00,加仓,创业板ETF易方达,159915.XSHE,2.038,4200.0,17100.0,,4.0,2020-03-09,2020-03,"创业板ETF易方达
159915.XSHE"
2020-03-09 13:06:00,等级校准,创业板ETF易方达,159915.XSHE,,,17100.0,,,2020-03-09,2020-03,"创业板ETF易方达
159915.XSHE"
2020-03-09 13:10:00,加仓,500ETF,510500.XSHG,6.034,1400.0,12100.0,,8.0,2020-03-09,2020-03,"500ETF
510500.XSHG"
2020-03-09 14:38:00,加仓,纳指ETF,513100.XSHG,3.292,2600.0,32500.0,,12.0,2020-03-09,2020-03,"纳指ETF
513100.XSHG"
2020-03-10 10:50:00,加仓,创业板ETF易方达,159915.XSHE,1.976,4400.0,21500.0,,4.0,2020-03-10,2020-03,"创业板ETF易方达
159915.XSHE"
2020-03-10 13:01:00,止盈,创业板ETF易方达,159915.XSHE,2.038,4500.0,17000.0,278.08,3.0,2020-03-10,2020-03,"创业板ETF易方达
159915.XSHE"
2020-03-10 13:32:00,止盈,纳指ETF,513100.XSHG,3.399,2700.0,29800.0,287.98,11.0,2020-03-10,2020-03,"纳指ETF
513100.XSHG"
2020-03-11 14:41:00,加仓,纳指ETF,513100.XSHG,3.296,2600.0,32400.0,,12.0,2020-03-11,2020-03,"纳指ETF
513100.XSHG"
2020-03-12 09:32:00,加仓,纳指ETF,513100.XSHG,3.193,2700.0,35100.0,,13.0,2020-03-12,2020-03,"纳指ETF
513100.XSHG"
2020-03-12 09:33:00,等级校准,纳指ETF,513100.XSHG,,,35100.0,,,2020-03-12,2020-03,"纳指ETF
513100.XSHG"
2020-03-12 10:10:00,加仓,创业板ETF易方达,159915.XSHE,1.976,4400.0,21400.0,,4.0,2020-03-12,2020-03,"创业板ETF易方达
159915.XSHE"
2020-03-13 09:31:00,加仓,纳指ETF,513100.XSHG,2.987,2800.0,37900.0,,13.0,2020-03-13,2020-03,"纳指ETF
513100.XSHG"
2020-03-13 09:31:00,加仓,黄金ETF,518880.XSHG,3.463,2500.0,18700.0,,7.0,2020-03-13,2020-03,"黄金ETF
518880.XSHG"
2020-03-13 09:31:00,加仓,500ETF,510500.XSHG,5.7,1400.0,13500.0,,9.0,2020-03-13,2020-03,"500ETF
510500.XSHG"
2020-03-13 09:31:00,加仓,创业板ETF易方达,159915.XSHE,1.88,4500.0,25900.0,,5.0,2020-03-13,2020-03,"创业板ETF易方达
159915.XSHE"
2020-03-13 09:32:00,等级校准,纳指ETF,513100.XSHG,,,37900.0,,,2020-03-13,2020-03,"纳指ETF
513100.XSHG"
2020-03-13 11:01:00,止盈,创业板ETF易方达,159915.XSHE,1.94,4700.0,21200.0,281.09,4.0,2020-03-13,2020-03,"创业板ETF易方达
159915.XSHE"
2020-03-13 13:01:00,止盈,纳指ETF,513100.XSHG,3.088,3000.0,34900.0,302.07,12.0,2020-03-13,2020-03,"纳指ETF
513100.XSHG"
2020-03-13 13:02:00,止盈,500ETF,510500.XSHG,5.884,1500.0,12000.0,275.12,8.0,2020-03-13,2020-03,"500ETF
510500.XSHG"
2020-03-13 13:07:00,止盈,纳指ETF,513100.XSHG,3.192,2900.0,32000.0,300.67,11.0,2020-03-13,2020-03,"纳指ETF
513100.XSHG"
2020-03-13 13:20:00,止盈,纳指ETF,513100.XSHG,3.296,2800.0,29200.0,290.28,10.0,2020-03-13,2020-03,"纳指ETF
513100.XSHG"
2020-03-13 14:21:00,加仓,纳指ETF,513100.XSHG,3.193,2700.0,31900.0,,11.0,2020-03-13,2020-03,"纳指ETF
513100.XSHG"
2020-03-16 13:35:00,加仓,创业板ETF易方达,159915.XSHE,1.881,4600.0,25800.0,,5.0,2020-03-16,2020-03,"创业板ETF易方达
159915.XSHE"
2020-03-16 14:00:00,加仓,500ETF,510500.XSHG,5.707,1500.0,13500.0,,9.0,2020-03-16,2020-03,"500ETF
510500.XSHG"
2020-03-16 14:31:00,加仓,纳指ETF,513100.XSHG,3.08,2800.0,34700.0,,12.0,2020-03-16,2020-03,"纳指ETF
513100.XSHG"
2020-03-16 14:32:00,等级校准,纳指ETF,513100.XSHG,,,34700.0,,,2020-03-16,2020-03,"纳指ETF
513100.XSHG"
2020-03-17 09:31:00,加仓,黄金ETF,518880.XSHG,3.312,2500.0,21200.0,,8.0,2020-03-17,2020-03,"黄金ETF
518880.XSHG"
2020-03-17 09:32:00,等级校准,黄金ETF,518880.XSHG,,,21200.0,,,2020-03-17,2020-03,"黄金ETF
518880.XSHG"
2020-03-17 09:40:00,加仓,创业板ETF易方达,159915.XSHE,1.819,4700.0,30500.0,,6.0,2020-03-17,2020-03,"创业板ETF易方达
159915.XSHE"
2020-03-17 10:16:00,加仓,500ETF,510500.XSHG,5.532,1500.0,15000.0,,10.0,2020-03-17,2020-03,"500ETF
510500.XSHG"
2020-03-17 10:17:00,等级校准,500ETF,510500.XSHG,,,15000.0,,,2020-03-17,2020-03,"500ETF
510500.XSHG"
2020-03-18 09:44:00,止盈,创业板ETF易方达,159915.XSHE,1.874,4900.0,25600.0,268.58,5.0,2020-03-18,2020-03,"创业板ETF易方达
159915.XSHE"
2020-03-18 09:47:00,止盈,500ETF,510500.XSHG,5.709,1600.0,13400.0,282.29,8.0,2020-03-18,2020-03,"500ETF
510500.XSHG"
2020-03-19 09:34:00,加仓,创业板ETF易方达,159915.XSHE,1.815,4800.0,30400.0,,6.0,2020-03-19,2020-03,"创业板ETF易方达
159915.XSHE"
2020-03-19 09:49:00,加仓,500ETF,510500.XSHG,5.526,1500.0,14900.0,,9.0,2020-03-19,2020-03,"500ETF
510500.XSHG"
2020-03-19 11:02:00,加仓,纳指ETF,513100.XSHG,2.986,2900.0,37600.0,,12.0,2020-03-19,2020-03,"纳指ETF
513100.XSHG"
2020-03-20 09:31:00,止盈,纳指ETF,513100.XSHG,3.098,3000.0,34600.0,335.07,11.0,2020-03-20,2020-03,"纳指ETF
513100.XSHG"
2020-03-23 14:39:00,加仓,创业板ETF易方达,159915.XSHE,1.76,4900.0,35300.0,,7.0,2020-03-23,2020-03,"创业板ETF易方达
159915.XSHE"
2020-03-23 14:40:00,等级校准,创业板ETF易方达,159915.XSHE,,,35300.0,,,2020-03-23,2020-03,"创业板ETF易方达
159915.XSHE"
2020-03-24 09:31:00,止盈,黄金ETF,518880.XSHG,3.549,2700.0,18500.0,638.94,7.0,2020-03-24,2020-03,"黄金ETF
518880.XSHG"
2020-03-25 09:31:00,止盈,纳指ETF,513100.XSHG,3.32,2900.0,31700.0,642.84,11.0,2020-03-25,2020-03,"纳指ETF
513100.XSHG"
2020-03-25 09:31:00,止盈,创业板ETF易方达,159915.XSHE,1.846,5100.0,30200.0,437.66,6.0,2020-03-25,2020-03,"创业板ETF易方达
159915.XSHE"
2020-03-27 09:30:00,加仓,纳指ETF,513100.XSHG,3.219,2700.0,34400.0,,12.0,2020-03-27,2020-03,"纳指ETF
513100.XSHG"
2020-03-30 09:31:00,加仓,纳指ETF,513100.XSHG,3.073,2700.0,37100.0,,13.0,2020-03-30,2020-03,"纳指ETF
513100.XSHG"
2020-03-30 09:32:00,等级校准,纳指ETF,513100.XSHG,,,37100.0,,,2020-03-30,2020-03,"纳指ETF
513100.XSHG"
2020-03-30 09:46:00,加仓,创业板ETF易方达,159915.XSHE,1.79,4800.0,35000.0,,7.0,2020-03-30,2020-03,"创业板ETF易方达
159915.XSHE"
2020-04-02 14:58:00,止盈,创业板ETF易方达,159915.XSHE,1.844,5000.0,30000.0,269.08,6.0,2020-04-02,2020-04,"创业板ETF易方达
159915.XSHE"
2020-04-07 09:31:00,止盈,纳指ETF,513100.XSHG,3.194,2900.0,34200.0,349.97,12.0,2020-04-07,2020-04,"纳指ETF
513100.XSHG"
2020-04-07 09:31:00,止盈,黄金ETF,518880.XSHG,3.687,2500.0,16000.0,344.08,6.0,2020-04-07,2020-04,"黄金ETF
518880.XSHG"
2020-04-07 13:56:00,止盈,500ETF,510500.XSHG,5.692,1600.0,13300.0,264.69,8.0,2020-04-07,2020-04,"500ETF
510500.XSHG"
2020-04-08 13:53:00,止盈,创业板ETF易方达,159915.XSHE,1.9,4800.0,25200.0,267.89,5.0,2020-04-08,2020-04,"创业板ETF易方达
159915.XSHE"
2020-04-13 09:35:00,加仓,纳指ETF,513100.XSHG,3.093,2800.0,37000.0,,13.0,2020-04-13,2020-04,"纳指ETF
513100.XSHG"
2020-04-13 09:36:00,等级校准,纳指ETF,513100.XSHG,,,37000.0,,,2020-04-13,2020-04,"纳指ETF
513100.XSHG"
2020-04-13 13:32:00,加仓,创业板ETF易方达,159915.XSHE,1.843,4700.0,29900.0,,6.0,2020-04-13,2020-04,"创业板ETF易方达
159915.XSHE"
2020-04-14 13:57:00,止盈,创业板ETF易方达,159915.XSHE,1.899,4800.0,25100.0,267.89,5.0,2020-04-14,2020-04,"创业板ETF易方达
159915.XSHE"
2020-04-15 09:31:00,止盈,纳指ETF,513100.XSHG,3.205,2900.0,34100.0,323.87,12.0,2020-04-15,2020-04,"纳指ETF
513100.XSHG"
2020-04-17 09:31:00,止盈,纳指ETF,513100.XSHG,3.342,2800.0,31300.0,382.66,12.0,2020-04-17,2020-04,"纳指ETF
513100.XSHG"
2020-04-17 09:34:00,止盈,创业板ETF易方达,159915.XSHE,1.957,4700.0,20400.0,271.68,4.0,2020-04-17,2020-04,"创业板ETF易方达
159915.XSHE"
2020-04-23 09:32:00,止盈,纳指ETF,513100.XSHG,3.454,2600.0,28700.0,290.3,11.0,2020-04-23,2020-04,"纳指ETF
513100.XSHG"
2020-04-27 13:03:00,止盈,纳指ETF,513100.XSHG,3.563,2600.0,26100.0,282.47,10.0,2020-04-27,2020-04,"纳指ETF
513100.XSHG"
2020-04-28 10:00:00,加仓,创业板ETF易方达,159915.XSHE,1.894,4500.0,24900.0,,5.0,2020-04-28,2020-04,"创业板ETF易方达
159915.XSHE"
2020-04-28 10:58:00,止盈,创业板ETF易方达,159915.XSHE,1.951,4700.0,20200.0,266.98,4.0,2020-04-28,2020-04,"创业板ETF易方达
159915.XSHE"
2020-04-29 09:32:00,止盈,纳指ETF,513100.XSHG,3.696,2500.0,23600.0,331.58,9.0,2020-04-29,2020-04,"纳指ETF
513100.XSHG"
2020-04-30 09:31:00,止盈,纳指ETF,513100.XSHG,3.842,2400.0,21200.0,349.48,9.0,2020-04-30,2020-04,"纳指ETF
513100.XSHG"
2020-04-30 14:34:00,加仓,纳指ETF,513100.XSHG,3.724,2300.0,23500.0,,10.0,2020-04-30,2020-04,"纳指ETF
513100.XSHG"
2020-04-30 14:35:00,等级校准,纳指ETF,513100.XSHG,,,23500.0,,,2020-04-30,2020-04,"纳指ETF
513100.XSHG"
2020-05-06 11:28:00,止盈,创业板ETF易方达,159915.XSHE,2.01,4600.0,15600.0,270.48,3.0,2020-05-06,2020-05,"创业板ETF易方达
159915.XSHE"
2020-05-06 13:46:00,止盈,500ETF,510500.XSHG,5.866,1500.0,11800.0,260.12,7.0,2020-05-06,2020-05,"500ETF
510500.XSHG"
2020-05-13 09:34:00,加仓,纳指ETF,513100.XSHG,3.61,2400.0,25900.0,,10.0,2020-05-13,2020-05,"纳指ETF
513100.XSHG"
2020-05-15 09:31:00,止盈,黄金ETF,518880.XSHG,3.82,2400.0,13600.0,318.28,5.0,2020-05-15,2020-05,"黄金ETF
518880.XSHG"
2020-05-18 10:12:00,止盈,黄金ETF,518880.XSHG,3.937,2300.0,11300.0,268.19,5.0,2020-05-18,2020-05,"黄金ETF
518880.XSHG"
2020-05-19 09:34:00,止盈,纳指ETF,513100.XSHG,3.72,2400.0,23500.0,263.11,9.0,2020-05-19,2020-05,"纳指ETF
513100.XSHG"
2020-05-20 09:32:00,止盈,创业板ETF易方达,159915.XSHE,2.071,4400.0,11200.0,267.49,2.0,2020-05-20,2020-05,"创业板ETF易方达
159915.XSHE"
2020-05-22 09:46:00,加仓,创业板ETF易方达,159915.XSHE,2.005,4300.0,15500.0,,3.0,2020-05-22,2020-05,"创业板ETF易方达
159915.XSHE"
2020-05-22 14:42:00,加仓,纳指ETF,513100.XSHG,3.603,2400.0,25900.0,,10.0,2020-05-22,2020-05,"纳指ETF
513100.XSHG"
2020-05-25 14:58:00,止盈,纳指ETF,513100.XSHG,3.715,2400.0,23500.0,267.91,9.0,2020-05-25,2020-05,"纳指ETF
513100.XSHG"
2020-05-27 13:50:00,止盈,纳指ETF,513100.XSHG,3.834,2400.0,21100.0,284.68,9.0,2020-05-27,2020-05,"纳指ETF
513100.XSHG"
2020-06-01 10:51:00,止盈,创业板ETF易方达,159915.XSHE,2.066,4400.0,11100.0,267.49,2.0,2020-06-01,2020-06,"创业板ETF易方达
159915.XSHE"
2020-06-01 11:26:00,止盈,500ETF,510500.XSHG,6.042,1500.0,10300.0,263.09,7.0,2020-06-01,2020-06,"500ETF
510500.XSHG"
2020-06-04 09:31:00,加仓,黄金ETF,518880.XSHG,3.818,2200.0,13500.0,,6.0,2020-06-04,2020-06,"黄金ETF
518880.XSHG"
2020-06-04 09:32:00,等级校准,黄金ETF,518880.XSHG,,,13500.0,,,2020-06-04,2020-06,"黄金ETF
518880.XSHG"
2020-06-11 09:42:00,止盈,创业板ETF易方达,159915.XSHE,2.128,4300.0,6800.0,265.68,1.0,2020-06-11,2020-06,"创业板ETF易方达
159915.XSHE"
2020-06-12 09:31:00,加仓,纳指ETF,513100.XSHG,3.657,2300.0,23400.0,,10.0,2020-06-12,2020-06,"纳指ETF
513100.XSHG"
2020-06-12 09:32:00,等级校准,纳指ETF,513100.XSHG,,,23400.0,,,2020-06-12,2020-06,"纳指ETF
513100.XSHG"
2020-06-16 09:54:00,止盈,纳指ETF,513100.XSHG,3.77,2400.0,21000.0,270.3,9.0,2020-06-16,2020-06,"纳指ETF
513100.XSHG"
2020-06-17 09:44:00,止盈,创业板ETF易方达,159915.XSHE,2.194,4200.0,2600.0,276.28,1.0,2020-06-17,2020-06,"创业板ETF易方达
159915.XSHE"
2020-06-17 10:07:00,止盈,500ETF,510500.XSHG,6.224,1400.0,8900.0,253.93,6.0,2020-06-17,2020-06,"500ETF
510500.XSHG"
2020-06-22 09:39:00,止盈（部分）,创业板ETF易方达,159915.XSHE,2.26,2600.0,0.0,171.01,0.0,2020-06-22,2020-06,"创业板ETF易方达
159915.XSHE"
2020-06-22 09:39:00,清仓,创业板ETF易方达,159915.XSHE,,,,,0.0,2020-06-22,2020-06,"创业板ETF易方达
159915.XSHE"
2020-06-22 09:40:00,重装建仓,创业板ETF易方达,159915.XSHE,2.261,35300.0,35300.0,,,2020-06-22,2020-06,"创业板ETF易方达
159915.XSHE"
2020-06-22 09:41:00,底仓到账,创业板ETF易方达,159915.XSHE,,,35300.0,,9.0,2020-06-22,2020-06,"创业板ETF易方达
159915.XSHE"
2020-06-30 09:44:00,止盈,创业板ETF易方达,159915.XSHE,2.329,3900.0,31400.0,264.29,8.0,2020-06-30,2020-06,"创业板ETF易方达
159915.XSHE"
2020-06-30 11:26:00,止盈,500ETF,510500.XSHG,6.412,1400.0,7500.0,262.3,5.0,2020-06-30,2020-06,"500ETF
510500.XSHG"
2020-07-01 13:02:00,止盈,黄金ETF,518880.XSHG,3.933,2300.0,11200.0,263.6,5.0,2020-07-01,2020-07,"黄金ETF
518880.XSHG"
2020-07-03 14:34:00,止盈,500ETF,510500.XSHG,6.609,1400.0,6100.0,274.87,4.0,2020-07-03,2020-07,"500ETF
510500.XSHG"
2020-07-06 09:57:00,止盈,创业板ETF易方达,159915.XSHE,2.404,3800.0,27600.0,284.09,7.0,2020-07-06,2020-07,"创业板ETF易方达
159915.XSHE"
2020-07-06 10:20:00,止盈,500ETF,510500.XSHG,6.809,1300.0,4800.0,259.11,3.0,2020-07-06,2020-07,"500ETF
510500.XSHG"
2020-07-07 09:31:00,止盈,500ETF,510500.XSHG,7.014,1300.0,3500.0,265.59,2.0,2020-07-07,2020-07,"500ETF
510500.XSHG"
2020-07-07 09:40:00,止盈,创业板ETF易方达,159915.XSHE,2.477,3700.0,23900.0,269.18,6.0,2020-07-07,2020-07,"创业板ETF易方达
159915.XSHE"
2020-07-07 13:06:00,止盈,创业板ETF易方达,159915.XSHE,2.552,3600.0,20300.0,269.08,5.0,2020-07-07,2020-07,"创业板ETF易方达
159915.XSHE"
2020-07-09 09:52:00,止盈,500ETF,510500.XSHG,7.229,1200.0,2300.0,257.13,1.0,2020-07-09,2020-07,"500ETF
510500.XSHG"
2020-07-09 10:13:00,止盈,创业板ETF易方达,159915.XSHE,2.629,3500.0,16800.0,268.58,4.0,2020-07-09,2020-07,"创业板ETF易方达
159915.XSHE"
2020-07-13 09:31:00,止盈,纳指ETF,513100.XSHG,3.904,2300.0,18700.0,307.3,8.0,2020-07-13,2020-07,"纳指ETF
513100.XSHG"
2020-07-13 09:32:00,止盈,创业板ETF易方达,159915.XSHE,2.718,3400.0,13400.0,301.68,4.0,2020-07-13,2020-07,"创业板ETF易方达
159915.XSHE"
2020-07-13 10:20:00,止盈,500ETF,510500.XSHG,7.448,1200.0,1100.0,261.91,1.0,2020-07-13,2020-07,"500ETF
510500.XSHG"
2020-07-13 14:01:00,止盈,创业板ETF易方达,159915.XSHE,2.8,3300.0,10100.0,269.68,3.0,2020-07-13,2020-07,"创业板ETF易方达
159915.XSHE"
2020-07-14 13:41:00,加仓,创业板ETF易方达,159915.XSHE,2.712,3200.0,13300.0,,4.0,2020-07-14,2020-07,"创业板ETF易方达
159915.XSHE"
2020-07-15 10:09:00,止盈,创业板ETF易方达,159915.XSHE,2.795,3300.0,10000.0,272.98,3.0,2020-07-15,2020-07,"创业板ETF易方达
159915.XSHE"
2020-07-15 11:15:00,加仓,创业板ETF易方达,159915.XSHE,2.71,3200.0,13200.0,,4.0,2020-07-15,2020-07,"创业板ETF易方达
159915.XSHE"
2020-07-15 13:52:00,止盈,创业板ETF易方达,159915.XSHE,2.792,3300.0,9900.0,269.68,3.0,2020-07-15,2020-07,"创业板ETF易方达
159915.XSHE"
2020-07-16 09:33:00,加仓,创业板ETF易方达,159915.XSHE,2.706,3200.0,13100.0,,4.0,2020-07-16,2020-07,"创业板ETF易方达
159915.XSHE"
2020-07-16 09:34:00,等级校准,创业板ETF易方达,159915.XSHE,,,13100.0,,,2020-07-16,2020-07,"创业板ETF易方达
159915.XSHE"
2020-07-16 11:17:00,加仓,500ETF,510500.XSHG,7.224,1200.0,2300.0,,2.0,2020-07-16,2020-07,"500ETF
510500.XSHG"
2020-07-16 11:18:00,等级校准,500ETF,510500.XSHG,,,2300.0,,,2020-07-16,2020-07,"500ETF
510500.XSHG"
2020-07-16 13:30:00,加仓,创业板ETF易方达,159915.XSHE,2.619,3300.0,16400.0,,4.0,2020-07-16,2020-07,"创业板ETF易方达
159915.XSHE"
2020-07-16 14:22:00,加仓,500ETF,510500.XSHG,7.001,1200.0,3500.0,,2.0,2020-07-16,2020-07,"500ETF
510500.XSHG"
2020-07-17 13:32:00,加仓,创业板ETF易方达,159915.XSHE,2.54,3400.0,19800.0,,5.0,2020-07-17,2020-07,"创业板ETF易方达
159915.XSHE"
2020-07-20 09:31:00,止盈,创业板ETF易方达,159915.XSHE,2.619,3500.0,16300.0,275.58,4.0,2020-07-20,2020-07,"创业板ETF易方达
159915.XSHE"
2020-07-20 10:01:00,加仓,创业板ETF易方达,159915.XSHE,2.534,3400.0,19700.0,,5.0,2020-07-20,2020-07,"创业板ETF易方达
159915.XSHE"
2020-07-21 09:31:00,止盈,创业板ETF易方达,159915.XSHE,2.617,3500.0,16200.0,289.58,4.0,2020-07-21,2020-07,"创业板ETF易方达
159915.XSHE"
2020-07-21 09:37:00,止盈,500ETF,510500.XSHG,7.213,1200.0,2300.0,253.53,1.0,2020-07-21,2020-07,"500ETF
510500.XSHG"
2020-07-22 09:31:00,止盈,黄金ETF,518880.XSHG,4.051,2200.0,9000.0,258.71,4.0,2020-07-22,2020-07,"黄金ETF
518880.XSHG"
2020-07-22 10:44:00,止盈,创业板ETF易方达,159915.XSHE,2.698,3400.0,12800.0,274.48,3.0,2020-07-22,2020-07,"创业板ETF易方达
159915.XSHE"
2020-07-23 11:01:00,加仓,创业板ETF易方达,159915.XSHE,2.615,3300.0,16100.0,,4.0,2020-07-23,2020-07,"创业板ETF易方达
159915.XSHE"
2020-07-23 14:07:00,止盈,创业板ETF易方达,159915.XSHE,2.694,3400.0,12700.0,267.68,3.0,2020-07-23,2020-07,"创业板ETF易方达
159915.XSHE"
2020-07-24 11:14:00,加仓,创业板ETF易方达,159915.XSHE,2.612,3300.0,16000.0,,4.0,2020-07-24,2020-07,"创业板ETF易方达
159915.XSHE"
2020-07-24 13:12:00,加仓,500ETF,510500.XSHG,6.994,1200.0,3500.0,,2.0,2020-07-24,2020-07,"500ETF
510500.XSHG"
2020-07-24 14:10:00,加仓,创业板ETF易方达,159915.XSHE,2.529,3400.0,19400.0,,5.0,2020-07-24,2020-07,"创业板ETF易方达
159915.XSHE"
2020-07-27 09:46:00,止盈,黄金ETF,518880.XSHG,4.173,2200.0,6800.0,267.48,3.0,2020-07-27,2020-07,"黄金ETF
518880.XSHG"
2020-07-29 09:53:00,止盈,创业板ETF易方达,159915.XSHE,2.605,3500.0,15900.0,265.09,4.0,2020-07-29,2020-07,"创业板ETF易方达
159915.XSHE"
2020-07-30 09:32:00,止盈,500ETF,510500.XSHG,7.205,1200.0,2300.0,252.34,1.0,2020-07-30,2020-07,"500ETF
510500.XSHG"
2020-07-30 09:32:00,止盈,创业板ETF易方达,159915.XSHE,2.685,3400.0,12500.0,271.09,3.0,2020-07-30,2020-07,"创业板ETF易方达
159915.XSHE"
2020-08-03 11:12:00,止盈,创业板ETF易方达,159915.XSHE,2.766,3300.0,9200.0,266.39,2.0,2020-08-03,2020-08,"创业板ETF易方达
159915.XSHE"
2020-08-05 09:31:00,止盈,黄金ETF,518880.XSHG,4.3,2100.0,4700.0,265.8,2.0,2020-08-05,2020-08,"黄金ETF
518880.XSHG"
2020-08-05 11:26:00,止盈,500ETF,510500.XSHG,7.426,1200.0,1100.0,264.31,1.0,2020-08-05,2020-08,"500ETF
510500.XSHG"
2020-08-07 10:00:00,加仓,创业板ETF易方达,159915.XSHE,2.683,3200.0,12400.0,,3.0,2020-08-07,2020-08,"创业板ETF易方达
159915.XSHE"
2020-08-11 14:52:00,加仓,创业板ETF易方达,159915.XSHE,2.6,3300.0,15700.0,,4.0,2020-08-11,2020-08,"创业板ETF易方达
159915.XSHE"
2020-08-12 09:31:00,加仓,黄金ETF,518880.XSHG,4.02,2000.0,6700.0,,3.0,2020-08-12,2020-08,"黄金ETF
518880.XSHG"
2020-08-12 09:42:00,加仓,500ETF,510500.XSHG,7.198,1200.0,2300.0,,2.0,2020-08-12,2020-08,"500ETF
510500.XSHG"
2020-08-12 09:43:00,等级校准,500ETF,510500.XSHG,,,2300.0,,,2020-08-12,2020-08,"500ETF
510500.XSHG"
2020-08-12 10:22:00,加仓,创业板ETF易方达,159915.XSHE,2.522,3400.0,19100.0,,5.0,2020-08-12,2020-08,"创业板ETF易方达
159915.XSHE"
2020-08-13 09:31:00,止盈,纳指ETF,513100.XSHG,4.036,2300.0,16400.0,302.67,7.0,2020-08-13,2020-08,"纳指ETF
513100.XSHG"
2020-08-14 09:31:00,止盈,黄金ETF,518880.XSHG,4.141,2200.0,4500.0,265.29,2.0,2020-08-14,2020-08,"黄金ETF
518880.XSHG"
2020-08-17 10:58:00,止盈,创业板ETF易方达,159915.XSHE,2.598,3500.0,15600.0,265.09,4.0,2020-08-17,2020-08,"创业板ETF易方达
159915.XSHE"
2020-08-18 09:33:00,止盈,500ETF,510500.XSHG,7.419,1200.0,1100.0,264.31,1.0,2020-08-18,2020-08,"500ETF
510500.XSHG"
2020-08-20 09:31:00,加仓,创业板ETF易方达,159915.XSHE,2.502,3400.0,19000.0,,5.0,2020-08-20,2020-08,"创业板ETF易方达
159915.XSHE"
2020-08-21 09:54:00,止盈,纳指ETF,513100.XSHG,4.159,2200.0,14200.0,269.69,6.0,2020-08-21,2020-08,"纳指ETF
513100.XSHG"
2020-08-24 09:37:00,止盈,纳指ETF,513100.XSHG,4.295,2100.0,12100.0,284.7,6.0,2020-08-24,2020-08,"纳指ETF
513100.XSHG"
2020-08-24 10:46:00,止盈,创业板ETF易方达,159915.XSHE,2.579,3500.0,15500.0,268.6,4.0,2020-08-24,2020-08,"创业板ETF易方达
159915.XSHE"
2020-08-24 13:29:00,止盈,纳指ETF,513100.XSHG,4.426,2000.0,10100.0,261.11,5.0,2020-08-24,2020-08,"纳指ETF
513100.XSHG"
2020-08-25 13:50:00,止盈,纳指ETF,513100.XSHG,4.56,2000.0,8100.0,267.09,4.0,2020-08-25,2020-08,"纳指ETF
513100.XSHG"
2020-08-26 10:15:00,加仓,纳指ETF,513100.XSHG,4.423,1900.0,10000.0,,5.0,2020-08-26,2020-08,"纳指ETF
513100.XSHG"
2020-08-26 13:21:00,止盈,纳指ETF,513100.XSHG,4.557,2000.0,8000.0,267.09,4.0,2020-08-26,2020-08,"纳指ETF
513100.XSHG"
2020-08-26 13:51:00,加仓,500ETF,510500.XSHG,7.191,1200.0,2300.0,,2.0,2020-08-26,2020-08,"500ETF
510500.XSHG"
2020-08-26 13:52:00,等级校准,500ETF,510500.XSHG,,,2300.0,,,2020-08-26,2020-08,"500ETF
510500.XSHG"
2020-08-27 14:58:00,止盈,纳指ETF,513100.XSHG,4.695,1900.0,6100.0,261.31,3.0,2020-08-27,2020-08,"纳指ETF
513100.XSHG"
2020-08-28 10:41:00,止盈,纳指ETF,513100.XSHG,4.856,1900.0,4200.0,304.98,2.0,2020-08-28,2020-08,"纳指ETF
513100.XSHG"
2020-08-28 14:04:00,加仓,纳指ETF,513100.XSHG,4.708,1800.0,6000.0,,3.0,2020-08-28,2020-08,"纳指ETF
513100.XSHG"
2020-08-28 14:11:00,止盈,创业板ETF易方达,159915.XSHE,2.657,3400.0,12100.0,264.3,3.0,2020-08-28,2020-08,"创业板ETF易方达
159915.XSHE"
2020-08-31 09:31:00,止盈,纳指ETF,513100.XSHG,4.885,1900.0,4100.0,335.37,2.0,2020-08-31,2020-08,"纳指ETF
513100.XSHG"
2020-08-31 09:34:00,止盈,500ETF,510500.XSHG,7.408,1200.0,1100.0,259.51,1.0,2020-08-31,2020-08,"500ETF
510500.XSHG"
2020-08-31 14:53:00,止盈,纳指ETF,513100.XSHG,5.032,1800.0,2300.0,263.69,1.0,2020-08-31,2020-08,"纳指ETF
513100.XSHG"
2020-09-01 09:32:00,止盈,纳指ETF,513100.XSHG,5.218,1700.0,600.0,315.31,1.0,2020-09-01,2020-09,"纳指ETF
513100.XSHG"
2020-09-01 13:50:00,加仓,纳指ETF,513100.XSHG,5.009,1700.0,2300.0,,2.0,2020-09-01,2020-09,"纳指ETF
513100.XSHG"
2020-09-01 13:51:00,等级校准,纳指ETF,513100.XSHG,,,2300.0,,,2020-09-01,2020-09,"纳指ETF
513100.XSHG"
2020-09-02 09:31:00,止盈,纳指ETF,513100.XSHG,5.17,1700.0,600.0,272.82,1.0,2020-09-02,2020-09,"纳指ETF
513100.XSHG"
2020-09-03 14:02:00,止盈（部分）,纳指ETF,513100.XSHG,5.338,600.0,0.0,100.48,0.0,2020-09-03,2020-09,"纳指ETF
513100.XSHG"
2020-09-03 14:02:00,清仓,纳指ETF,513100.XSHG,,,,,0.0,2020-09-03,2020-09,"纳指ETF
513100.XSHG"
2020-09-03 14:03:00,重装建仓,纳指ETF,513100.XSHG,5.324,15000.0,15000.0,,,2020-09-03,2020-09,"纳指ETF
513100.XSHG"
2020-09-03 14:04:00,底仓到账,纳指ETF,513100.XSHG,,,15000.0,,9.0,2020-09-03,2020-09,"纳指ETF
513100.XSHG"
2020-09-04 09:31:00,加仓,纳指ETF,513100.XSHG,4.953,1600.0,16600.0,,10.0,2020-09-04,2020-09,"纳指ETF
513100.XSHG"
2020-09-04 09:32:00,等级校准,纳指ETF,513100.XSHG,,,16600.0,,,2020-09-04,2020-09,"纳指ETF
513100.XSHG"
2020-09-04 14:40:00,加仓,纳指ETF,513100.XSHG,4.799,1800.0,18400.0,,10.0,2020-09-04,2020-09,"纳指ETF
513100.XSHG"
2020-09-07 10:36:00,加仓,纳指ETF,513100.XSHG,4.645,1800.0,20200.0,,11.0,2020-09-07,2020-09,"纳指ETF
513100.XSHG"
2020-09-07 10:37:00,等级校准,纳指ETF,513100.XSHG,,,20200.0,,,2020-09-07,2020-09,"纳指ETF
513100.XSHG"
2020-09-07 13:26:00,加仓,纳指ETF,513100.XSHG,4.505,1900.0,22100.0,,11.0,2020-09-07,2020-09,"纳指ETF
513100.XSHG"
2020-09-07 14:08:00,加仓,500ETF,510500.XSHG,7.18,1200.0,2300.0,,2.0,2020-09-07,2020-09,"500ETF
510500.XSHG"
2020-09-07 14:09:00,等级校准,500ETF,510500.XSHG,,,2300.0,,,2020-09-07,2020-09,"500ETF
510500.XSHG"
2020-09-07 14:10:00,加仓,创业板ETF易方达,159915.XSHE,2.576,3300.0,15400.0,,4.0,2020-09-07,2020-09,"创业板ETF易方达
159915.XSHE"
2020-09-08 14:40:00,止盈,纳指ETF,513100.XSHG,4.641,1900.0,20200.0,257.52,10.0,2020-09-08,2020-09,"纳指ETF
513100.XSHG"
2020-09-09 09:31:00,加仓,纳指ETF,513100.XSHG,4.393,1900.0,22100.0,,11.0,2020-09-09,2020-09,"纳指ETF
513100.XSHG"
2020-09-09 09:42:00,加仓,创业板ETF易方达,159915.XSHE,2.498,3400.0,18800.0,,5.0,2020-09-09,2020-09,"创业板ETF易方达
159915.XSHE"
2020-09-09 10:37:00,加仓,500ETF,510500.XSHG,6.963,1200.0,3500.0,,2.0,2020-09-09,2020-09,"500ETF
510500.XSHG"
2020-09-09 13:14:00,止盈,纳指ETF,513100.XSHG,4.53,2000.0,20100.0,273.09,10.0,2020-09-09,2020-09,"纳指ETF
513100.XSHG"
2020-09-10 09:33:00,止盈,纳指ETF,513100.XSHG,4.67,1900.0,18200.0,265.11,9.0,2020-09-10,2020-09,"纳指ETF
513100.XSHG"
2020-09-10 14:16:00,加仓,创业板ETF易方达,159915.XSHE,2.423,3600.0,22400.0,,6.0,2020-09-10,2020-09,"创业板ETF易方达
159915.XSHE"
2020-09-11 09:31:00,加仓,纳指ETF,513100.XSHG,4.501,1900.0,20100.0,,10.0,2020-09-11,2020-09,"纳指ETF
513100.XSHG"
2020-09-14 09:55:00,止盈,创业板ETF易方达,159915.XSHE,2.496,3700.0,18700.0,269.18,5.0,2020-09-14,2020-09,"创业板ETF易方达
159915.XSHE"
2020-09-14 14:45:00,止盈,纳指ETF,513100.XSHG,4.651,1900.0,18200.0,284.12,9.0,2020-09-14,2020-09,"纳指ETF
513100.XSHG"
2020-09-15 13:35:00,止盈,纳指ETF,513100.XSHG,4.795,1900.0,16300.0,272.69,9.0,2020-09-15,2020-09,"纳指ETF
513100.XSHG"
2020-09-16 09:32:00,止盈,纳指ETF,513100.XSHG,4.958,1800.0,14500.0,292.51,8.0,2020-09-16,2020-09,"纳指ETF
513100.XSHG"
2020-09-16 14:52:00,加仓,纳指ETF,513100.XSHG,4.76,1800.0,16300.0,,9.0,2020-09-16,2020-09,"纳指ETF
513100.XSHG"
2020-09-17 14:56:00,加仓,纳指ETF,513100.XSHG,4.613,1800.0,18100.0,,10.0,2020-09-17,2020-09,"纳指ETF
513100.XSHG"
2020-09-17 14:57:00,等级校准,纳指ETF,513100.XSHG,,,18100.0,,,2020-09-17,2020-09,"纳指ETF
513100.XSHG"
2020-09-18 14:58:00,止盈,纳指ETF,513100.XSHG,4.756,1900.0,16200.0,270.8,9.0,2020-09-18,2020-09,"纳指ETF
513100.XSHG"
2020-09-22 09:31:00,加仓,黄金ETF,518880.XSHG,3.978,2100.0,6600.0,,3.0,2020-09-22,2020-09,"黄金ETF
518880.XSHG"
2020-09-22 14:53:00,加仓,纳指ETF,513100.XSHG,4.613,1800.0,18000.0,,10.0,2020-09-22,2020-09,"纳指ETF
513100.XSHG"
2020-09-22 14:54:00,等级校准,纳指ETF,513100.XSHG,,,18000.0,,,2020-09-22,2020-09,"纳指ETF
513100.XSHG"
2020-09-24 13:03:00,加仓,纳指ETF,513100.XSHG,4.468,1900.0,19900.0,,10.0,2020-09-24,2020-09,"纳指ETF
513100.XSHG"
2020-09-24 13:04:00,等级校准,纳指ETF,513100.XSHG,,,19900.0,,,2020-09-24,2020-09,"纳指ETF
513100.XSHG"
2020-09-29 10:22:00,止盈,纳指ETF,513100.XSHG,4.605,2000.0,17900.0,273.08,9.0,2020-09-29,2020-09,"纳指ETF
513100.XSHG"
2020-10-09 10:31:00,止盈,创业板ETF易方达,159915.XSHE,2.572,3600.0,15100.0,272.67,4.0,2020-10-09,2020-10,"创业板ETF易方达
159915.XSHE"
2020-10-12 11:13:00,止盈,创业板ETF易方达,159915.XSHE,2.65,3400.0,11700.0,264.3,3.0,2020-10-12,2020-10,"创业板ETF易方达
159915.XSHE"
2020-10-12 13:11:00,止盈,500ETF,510500.XSHG,7.173,1200.0,2300.0,251.14,1.0,2020-10-12,2020-10,"500ETF
510500.XSHG"
2020-10-13 09:32:00,止盈,纳指ETF,513100.XSHG,4.745,1900.0,16000.0,265.1,8.0,2020-10-13,2020-10,"纳指ETF
513100.XSHG"
2020-10-15 14:36:00,加仓,纳指ETF,513100.XSHG,4.602,1800.0,17800.0,,9.0,2020-10-15,2020-10,"纳指ETF
513100.XSHG"
2020-10-22 09:34:00,加仓,500ETF,510500.XSHG,6.955,1200.0,3500.0,,2.0,2020-10-22,2020-10,"500ETF
510500.XSHG"
2020-10-22 10:04:00,加仓,创业板ETF易方达,159915.XSHE,2.57,3300.0,15000.0,,4.0,2020-10-22,2020-10,"创业板ETF易方达
159915.XSHE"
2020-10-23 14:18:00,加仓,纳指ETF,513100.XSHG,4.459,1900.0,19700.0,,10.0,2020-10-23,2020-10,"纳指ETF
513100.XSHG"
2020-10-23 14:19:00,等级校准,纳指ETF,513100.XSHG,,,19700.0,,,2020-10-23,2020-10,"纳指ETF
513100.XSHG"
2020-10-26 09:32:00,加仓,创业板ETF易方达,159915.XSHE,2.488,3500.0,18500.0,,5.0,2020-10-26,2020-10,"创业板ETF易方达
159915.XSHE"
2020-10-28 11:23:00,止盈,创业板ETF易方达,159915.XSHE,2.563,3600.0,14900.0,269.08,4.0,2020-10-28,2020-10,"创业板ETF易方达
159915.XSHE"
2020-10-29 09:31:00,加仓,纳指ETF,513100.XSHG,4.244,2000.0,21700.0,,10.0,2020-10-29,2020-10,"纳指ETF
513100.XSHG"
2020-10-30 14:10:00,加仓,500ETF,510500.XSHG,6.744,1200.0,4700.0,,3.0,2020-10-30,2020-10,"500ETF
510500.XSHG"
2020-11-03 10:48:00,止盈,创业板ETF易方达,159915.XSHE,2.641,3500.0,11400.0,272.08,3.0,2020-11-03,2020-11,"创业板ETF易方达
159915.XSHE"
2020-11-03 14:03:00,止盈,纳指ETF,513100.XSHG,4.374,2100.0,19600.0,272.08,9.0,2020-11-03,2020-11,"纳指ETF
513100.XSHG"
2020-11-04 09:32:00,止盈,纳指ETF,513100.XSHG,4.532,2000.0,17600.0,315.09,9.0,2020-11-04,2020-11,"纳指ETF
513100.XSHG"
2020-11-04 13:40:00,止盈,纳指ETF,513100.XSHG,4.687,1900.0,15700.0,293.61,8.0,2020-11-04,2020-11,"纳指ETF
513100.XSHG"
2020-11-05 09:32:00,止盈,纳指ETF,513100.XSHG,4.847,1900.0,13800.0,303.08,7.0,2020-11-05,2020-11,"纳指ETF
513100.XSHG"
2020-11-05 09:46:00,止盈,500ETF,510500.XSHG,6.954,1300.0,3400.0,272.1,2.0,2020-11-05,2020-11,"500ETF
510500.XSHG"
2020-11-05 10:26:00,加仓,纳指ETF,513100.XSHG,4.692,1800.0,15600.0,,8.0,2020-11-05,2020-11,"纳指ETF
513100.XSHG"
2020-11-06 10:38:00,加仓,纳指ETF,513100.XSHG,4.545,1900.0,17500.0,,9.0,2020-11-06,2020-11,"纳指ETF
513100.XSHG"
2020-11-09 11:21:00,止盈,创业板ETF易方达,159915.XSHE,2.724,3400.0,8000.0,281.27,2.0,2020-11-09,2020-11,"创业板ETF易方达
159915.XSHE"
2020-11-10 09:31:00,加仓,黄金ETF,518880.XSHG,3.853,2200.0,8800.0,,4.0,2020-11-10,2020-11,"黄金ETF
518880.XSHG"
2020-11-10 09:32:00,等级校准,黄金ETF,518880.XSHG,,,8800.0,,,2020-11-10,2020-11,"黄金ETF
518880.XSHG"
2020-11-11 09:32:00,加仓,纳指ETF,513100.XSHG,4.404,1900.0,19400.0,,10.0,2020-11-11,2020-11,"纳指ETF
513100.XSHG"
2020-11-11 09:33:00,等级校准,纳指ETF,513100.XSHG,,,19400.0,,,2020-11-11,2020-11,"纳指ETF
513100.XSHG"
2020-11-11 10:15:00,加仓,创业板ETF易方达,159915.XSHE,2.64,3300.0,11300.0,,3.0,2020-11-11,2020-11,"创业板ETF易方达
159915.XSHE"
2020-11-17 10:55:00,加仓,创业板ETF易方达,159915.XSHE,2.56,3400.0,14700.0,,4.0,2020-11-17,2020-11,"创业板ETF易方达
159915.XSHE"
2020-11-19 09:31:00,加仓,纳指ETF,513100.XSHG,4.262,2000.0,21400.0,,10.0,2020-11-19,2020-11,"纳指ETF
513100.XSHG"
2020-11-23 13:08:00,止盈,500ETF,510500.XSHG,7.164,1200.0,2200.0,251.14,1.0,2020-11-23,2020-11,"500ETF
510500.XSHG"
2020-11-25 09:31:00,加仓,黄金ETF,518880.XSHG,3.725,2300.0,11100.0,,4.0,2020-11-25,2020-11,"黄金ETF
518880.XSHG"
2020-11-26 10:55:00,加仓,500ETF,510500.XSHG,6.949,1200.0,3400.0,,2.0,2020-11-26,2020-11,"500ETF
510500.XSHG"
2020-11-30 11:00:00,加仓,黄金ETF,518880.XSHG,3.609,2400.0,13500.0,,5.0,2020-11-30,2020-11,"黄金ETF
518880.XSHG"
2020-12-02 09:31:00,止盈,纳指ETF,513100.XSHG,4.416,2100.0,19300.0,322.47,9.0,2020-12-02,2020-12,"纳指ETF
513100.XSHG"
2020-12-03 09:31:00,止盈,黄金ETF,518880.XSHG,3.728,2400.0,11100.0,284.71,4.0,2020-12-03,2020-12,"黄金ETF
518880.XSHG"
2020-12-04 13:53:00,止盈,创业板ETF易方达,159915.XSHE,2.637,3500.0,11200.0,268.58,3.0,2020-12-04,2020-12,"创业板ETF易方达
159915.XSHE"
2020-12-10 09:31:00,加仓,纳指ETF,513100.XSHG,4.204,2000.0,21300.0,,10.0,2020-12-10,2020-12,"纳指ETF
513100.XSHG"
2020-12-18 11:27:00,止盈,黄金ETF,518880.XSHG,3.84,2400.0,8700.0,267.88,3.0,2020-12-18,2020-12,"黄金ETF
518880.XSHG"
2020-12-21 10:05:00,止盈,创业板ETF易方达,159915.XSHE,2.717,3400.0,7800.0,271.08,2.0,2020-12-21,2020-12,"创业板ETF易方达
159915.XSHE"
2020-12-21 10:54:00,止盈,纳指ETF,513100.XSHG,4.333,2100.0,19200.0,269.99,9.0,2020-12-21,2020-12,"纳指ETF
513100.XSHG"
2020-12-30 13:09:00,止盈,创业板ETF易方达,159915.XSHE,2.8,3300.0,4500.0,272.98,1.0,2020-12-30,2020-12,"创业板ETF易方达
159915.XSHE"
2021-01-04 09:44:00,止盈,创业板ETF易方达,159915.XSHE,2.886,3200.0,1300.0,274.28,1.0,2021-01-04,2021-01,"创业板ETF易方达
159915.XSHE"
2021-01-04 11:08:00,止盈（部分）,创业板ETF易方达,159915.XSHE,2.976,1300.0,0.0,116.61,0.0,2021-01-04,2021-01,"创业板ETF易方达
159915.XSHE"
2021-01-04 11:08:00,清仓,创业板ETF易方达,159915.XSHE,,,,,0.0,2021-01-04,2021-01,"创业板ETF易方达
159915.XSHE"
2021-01-04 11:09:00,重装建仓,创业板ETF易方达,159915.XSHE,2.977,26800.0,26800.0,,,2021-01-04,2021-01,"创业板ETF易方达
159915.XSHE"
2021-01-04 11:10:00,底仓到账,创业板ETF易方达,159915.XSHE,,,26800.0,,8.0,2021-01-04,2021-01,"创业板ETF易方达
159915.XSHE"
2021-01-04 13:00:00,止盈,500ETF,510500.XSHG,7.158,1200.0,2200.0,249.94,1.0,2021-01-04,2021-01,"500ETF
510500.XSHG"
2021-01-08 09:31:00,止盈,创业板ETF易方达,159915.XSHE,3.07,3000.0,23800.0,278.08,8.0,2021-01-08,2021-01,"创业板ETF易方达
159915.XSHE"
2021-01-11 09:31:00,加仓,黄金ETF,518880.XSHG,3.722,2300.0,11000.0,,4.0,2021-01-11,2021-01,"黄金ETF
518880.XSHG"
2021-01-11 14:12:00,加仓,创业板ETF易方达,159915.XSHE,2.977,2900.0,26700.0,,9.0,2021-01-11,2021-01,"创业板ETF易方达
159915.XSHE"
2021-01-11 14:13:00,等级校准,创业板ETF易方达,159915.XSHE,,,26700.0,,,2021-01-11,2021-01,"创业板ETF易方达
159915.XSHE"
2021-01-12 14:56:00,止盈,创业板ETF易方达,159915.XSHE,3.068,3000.0,23700.0,272.08,8.0,2021-01-12,2021-01,"创业板ETF易方达
159915.XSHE"
2021-01-14 09:53:00,加仓,创业板ETF易方达,159915.XSHE,2.975,2900.0,26600.0,,9.0,2021-01-14,2021-01,"创业板ETF易方达
159915.XSHE"
2021-01-14 09:54:00,等级校准,创业板ETF易方达,159915.XSHE,,,26600.0,,,2021-01-14,2021-01,"创业板ETF易方达
159915.XSHE"
2021-01-20 09:57:00,止盈,创业板ETF易方达,159915.XSHE,3.065,3000.0,23600.0,269.08,8.0,2021-01-20,2021-01,"创业板ETF易方达
159915.XSHE"
2021-01-21 11:19:00,止盈,创业板ETF易方达,159915.XSHE,3.158,2900.0,20700.0,268.78,7.0,2021-01-21,2021-01,"创业板ETF易方达
159915.XSHE"
2021-01-25 09:35:00,止盈,纳指ETF,513100.XSHG,4.466,2000.0,17200.0,265.11,8.0,2021-01-25,2021-01,"纳指ETF
513100.XSHG"
2021-01-25 09:37:00,止盈,创业板ETF易方达,159915.XSHE,3.257,2800.0,17900.0,276.29,6.0,2021-01-25,2021-01,"创业板ETF易方达
159915.XSHE"
2021-01-25 10:17:00,止盈,500ETF,510500.XSHG,7.378,1200.0,1000.0,263.11,1.0,2021-01-25,2021-01,"500ETF
510500.XSHG"
2021-01-26 10:43:00,加仓,创业板ETF易方达,159915.XSHE,3.158,2700.0,20600.0,,7.0,2021-01-26,2021-01,"创业板ETF易方达
159915.XSHE"
2021-01-28 11:12:00,加仓,500ETF,510500.XSHG,7.154,1200.0,2200.0,,2.0,2021-01-28,2021-01,"500ETF
510500.XSHG"
2021-01-28 11:13:00,等级校准,500ETF,510500.XSHG,,,2200.0,,,2021-01-28,2021-01,"500ETF
510500.XSHG"
2021-01-28 14:38:00,加仓,创业板ETF易方达,159915.XSHE,3.062,2800.0,23400.0,,8.0,2021-01-28,2021-01,"创业板ETF易方达
159915.XSHE"
2021-01-28 14:55:00,加仓,纳指ETF,513100.XSHG,4.332,2000.0,19200.0,,9.0,2021-01-28,2021-01,"纳指ETF
513100.XSHG"
2021-01-29 14:30:00,加仓,创业板ETF易方达,159915.XSHE,2.97,2900.0,26300.0,,9.0,2021-01-29,2021-01,"创业板ETF易方达
159915.XSHE"
2021-01-29 14:31:00,加仓,500ETF,510500.XSHG,6.936,1200.0,3400.0,,2.0,2021-01-29,2021-01,"500ETF
510500.XSHG"
2021-01-29 14:31:00,等级校准,创业板ETF易方达,159915.XSHE,,,26300.0,,,2021-01-29,2021-01,"创业板ETF易方达
159915.XSHE"
2021-02-01 10:01:00,止盈,创业板ETF易方达,159915.XSHE,3.06,3000.0,23300.0,269.08,8.0,2021-02-01,2021-02,"创业板ETF易方达
159915.XSHE"
2021-02-03 09:31:00,止盈,纳指ETF,513100.XSHG,4.515,2000.0,17200.0,365.1,9.0,2021-02-03,2021-02,"纳指ETF
513100.XSHG"
2021-02-03 11:21:00,止盈,500ETF,510500.XSHG,7.145,1200.0,2200.0,249.94,1.0,2021-02-03,2021-02,"500ETF
510500.XSHG"
2021-02-03 11:27:00,止盈,创业板ETF易方达,159915.XSHE,3.152,2900.0,20400.0,265.89,7.0,2021-02-03,2021-02,"创业板ETF易方达
159915.XSHE"
2021-02-04 13:10:00,加仓,创业板ETF易方达,159915.XSHE,3.055,2800.0,23200.0,,8.0,2021-02-04,2021-02,"创业板ETF易方达
159915.XSHE"
2021-02-05 14:35:00,加仓,500ETF,510500.XSHG,6.93,1200.0,3400.0,,2.0,2021-02-05,2021-02,"500ETF
510500.XSHG"
2021-02-09 10:31:00,止盈,创业板ETF易方达,159915.XSHE,3.18,2900.0,20300.0,361.58,7.0,2021-02-09,2021-02,"创业板ETF易方达
159915.XSHE"
2021-02-09 13:13:00,止盈,500ETF,510500.XSHG,7.138,1200.0,2200.0,248.74,1.0,2021-02-09,2021-02,"500ETF
510500.XSHG"
2021-02-10 11:22:00,止盈,创业板ETF易方达,159915.XSHE,3.279,2800.0,17500.0,276.28,6.0,2021-02-10,2021-02,"创业板ETF易方达
159915.XSHE"
2021-02-18 09:31:00,止盈,500ETF,510500.XSHG,7.361,1200.0,1000.0,266.72,1.0,2021-02-18,2021-02,"500ETF
510500.XSHG"
2021-02-19 09:32:00,加仓,创业板ETF易方达,159915.XSHE,3.176,2700.0,20200.0,,7.0,2021-02-19,2021-02,"创业板ETF易方达
159915.XSHE"
2021-02-22 13:08:00,加仓,创业板ETF易方达,159915.XSHE,3.08,2800.0,23000.0,,8.0,2021-02-22,2021-02,"创业板ETF易方达
159915.XSHE"
2021-02-22 13:09:00,等级校准,创业板ETF易方达,159915.XSHE,,,23000.0,,,2021-02-22,2021-02,"创业板ETF易方达
159915.XSHE"
2021-02-24 09:55:00,加仓,创业板ETF易方达,159915.XSHE,2.984,2900.0,25900.0,,8.0,2021-02-24,2021-02,"创业板ETF易方达
159915.XSHE"
2021-02-24 10:52:00,加仓,纳指ETF,513100.XSHG,4.376,1900.0,19100.0,,10.0,2021-02-24,2021-02,"纳指ETF
513100.XSHG"
2021-02-24 10:53:00,等级校准,纳指ETF,513100.XSHG,,,19100.0,,,2021-02-24,2021-02,"纳指ETF
513100.XSHG"
2021-02-24 14:07:00,加仓,创业板ETF易方达,159915.XSHE,2.893,3000.0,28900.0,,9.0,2021-02-24,2021-02,"创业板ETF易方达
159915.XSHE"
2021-02-26 09:31:00,加仓,500ETF,510500.XSHG,7.103,1200.0,2200.0,,2.0,2021-02-26,2021-02,"500ETF
510500.XSHG"
2021-02-26 09:32:00,等级校准,500ETF,510500.XSHG,,,2200.0,,,2021-02-26,2021-02,"500ETF
510500.XSHG"
2021-02-26 09:37:00,加仓,创业板ETF易方达,159915.XSHE,2.806,3100.0,32000.0,,10.0,2021-02-26,2021-02,"创业板ETF易方达
159915.XSHE"
2021-02-26 13:31:00,加仓,纳指ETF,513100.XSHG,4.243,2000.0,21100.0,,10.0,2021-02-26,2021-02,"纳指ETF
513100.XSHG"
2021-02-26 13:49:00,加仓,黄金ETF,518880.XSHG,3.61,2400.0,13400.0,,5.0,2021-02-26,2021-02,"黄金ETF
518880.XSHG"
2021-03-01 14:52:00,止盈,创业板ETF易方达,159915.XSHE,2.892,3200.0,28800.0,274.27,9.0,2021-03-01,2021-03,"创业板ETF易方达
159915.XSHE"
2021-03-02 09:31:00,止盈,纳指ETF,513100.XSHG,4.43,2100.0,19000.0,391.77,9.0,2021-03-02,2021-03,"纳指ETF
513100.XSHG"
2021-03-04 09:31:00,加仓,纳指ETF,513100.XSHG,4.258,2000.0,21000.0,,10.0,2021-03-04,2021-03,"纳指ETF
513100.XSHG"
2021-03-04 10:13:00,加仓,创业板ETF易方达,159915.XSHE,2.803,3100.0,31900.0,,10.0,2021-03-04,2021-03,"创业板ETF易方达
159915.XSHE"
2021-03-04 10:14:00,等级校准,创业板ETF易方达,159915.XSHE,,,31900.0,,,2021-03-04,2021-03,"创业板ETF易方达
159915.XSHE"
2021-03-05 09:31:00,加仓,黄金ETF,518880.XSHG,3.466,2400.0,15800.0,,6.0,2021-03-05,2021-03,"黄金ETF
518880.XSHG"
2021-03-05 09:31:00,加仓,创业板ETF易方达,159915.XSHE,2.712,3200.0,35100.0,,10.0,2021-03-05,2021-03,"创业板ETF易方达
159915.XSHE"
2021-03-05 09:34:00,加仓,纳指ETF,513100.XSHG,4.13,2100.0,23100.0,,11.0,2021-03-05,2021-03,"纳指ETF
513100.XSHG"
2021-03-05 14:04:00,止盈,创业板ETF易方达,159915.XSHE,2.794,3300.0,31800.0,269.68,9.0,2021-03-05,2021-03,"创业板ETF易方达
159915.XSHE"
2021-03-08 11:19:00,加仓,创业板ETF易方达,159915.XSHE,2.71,3200.0,35000.0,,10.0,2021-03-08,2021-03,"创业板ETF易方达
159915.XSHE"
2021-03-09 09:31:00,加仓,创业板ETF易方达,159915.XSHE,2.621,3300.0,38300.0,,11.0,2021-03-09,2021-03,"创业板ETF易方达
159915.XSHE"
2021-03-09 09:34:00,加仓,500ETF,510500.XSHG,6.885,1200.0,3400.0,,2.0,2021-03-09,2021-03,"500ETF
510500.XSHG"
2021-03-09 09:58:00,加仓,创业板ETF易方达,159915.XSHE,2.538,3400.0,41700.0,,12.0,2021-03-09,2021-03,"创业板ETF易方达
159915.XSHE"
2021-03-09 09:59:00,等级校准,创业板ETF易方达,159915.XSHE,,,41700.0,,,2021-03-09,2021-03,"创业板ETF易方达
159915.XSHE"
2021-03-09 11:13:00,止盈,创业板ETF易方达,159915.XSHE,2.615,3500.0,38200.0,268.58,11.0,2021-03-09,2021-03,"创业板ETF易方达
159915.XSHE"
2021-03-10 09:31:00,止盈,纳指ETF,513100.XSHG,4.272,2100.0,21000.0,297.3,10.0,2021-03-10,2021-03,"纳指ETF
513100.XSHG"
2021-03-11 10:32:00,止盈,黄金ETF,518880.XSHG,3.57,2500.0,13300.0,259.11,5.0,2021-03-11,2021-03,"黄金ETF
518880.XSHG"
2021-03-15 14:07:00,加仓,创业板ETF易方达,159915.XSHE,2.535,3400.0,41600.0,,12.0,2021-03-15,2021-03,"创业板ETF易方达
159915.XSHE"
2021-03-15 14:08:00,等级校准,创业板ETF易方达,159915.XSHE,,,41600.0,,,2021-03-15,2021-03,"创业板ETF易方达
159915.XSHE"
2021-03-17 10:17:00,止盈,创业板ETF易方达,159915.XSHE,2.612,3500.0,38100.0,268.59,11.0,2021-03-17,2021-03,"创业板ETF易方达
159915.XSHE"
2021-03-18 09:31:00,止盈,纳指ETF,513100.XSHG,4.409,2100.0,18900.0,286.77,9.0,2021-03-18,2021-03,"纳指ETF
513100.XSHG"
2021-03-19 09:31:00,加仓,纳指ETF,513100.XSHG,4.272,2000.0,20900.0,,10.0,2021-03-19,2021-03,"纳指ETF
513100.XSHG"
2021-03-19 09:32:00,等级校准,纳指ETF,513100.XSHG,,,20900.0,,,2021-03-19,2021-03,"纳指ETF
513100.XSHG"
2021-03-24 14:08:00,加仓,创业板ETF易方达,159915.XSHE,2.533,3400.0,41500.0,,12.0,2021-03-24,2021-03,"创业板ETF易方达
159915.XSHE"
2021-03-24 14:09:00,等级校准,创业板ETF易方达,159915.XSHE,,,41500.0,,,2021-03-24,2021-03,"创业板ETF易方达
159915.XSHE"
2021-03-26 09:46:00,止盈,创业板ETF易方达,159915.XSHE,2.609,3500.0,38000.0,265.09,11.0,2021-03-26,2021-03,"创业板ETF易方达
159915.XSHE"
2021-04-01 09:37:00,止盈,创业板ETF易方达,159915.XSHE,2.69,3400.0,34600.0,274.49,10.0,2021-04-01,2021-04,"创业板ETF易方达
159915.XSHE"
2021-04-01 10:04:00,止盈,纳指ETF,513100.XSHG,4.401,2100.0,18800.0,269.98,9.0,2021-04-01,2021-04,"纳指ETF
513100.XSHG"
2021-04-06 09:31:00,止盈,纳指ETF,513100.XSHG,4.556,2000.0,16800.0,309.09,8.0,2021-04-06,2021-04,"纳指ETF
513100.XSHG"
2021-04-19 10:00:00,止盈,500ETF,510500.XSHG,7.093,1300.0,2100.0,269.48,1.0,2021-04-19,2021-04,"500ETF
510500.XSHG"
2021-04-19 10:23:00,止盈,纳指ETF,513100.XSHG,4.693,1900.0,14900.0,259.41,7.0,2021-04-19,2021-04,"纳指ETF
513100.XSHG"
2021-04-19 11:03:00,止盈,创业板ETF易方达,159915.XSHE,2.773,3300.0,31300.0,272.98,9.0,2021-04-19,2021-04,"创业板ETF易方达
159915.XSHE"
2021-04-22 09:31:00,止盈,黄金ETF,518880.XSHG,3.686,2500.0,10800.0,289.08,4.0,2021-04-22,2021-04,"黄金ETF
518880.XSHG"
2021-04-23 09:43:00,止盈,创业板ETF易方达,159915.XSHE,2.857,3200.0,28100.0,267.89,9.0,2021-04-23,2021-04,"创业板ETF易方达
159915.XSHE"
2021-04-26 09:57:00,止盈,创业板ETF易方达,159915.XSHE,2.943,3100.0,25000.0,265.69,8.0,2021-04-26,2021-04,"创业板ETF易方达
159915.XSHE"
2021-04-27 10:31:00,加仓,创业板ETF易方达,159915.XSHE,2.852,3000.0,28000.0,,9.0,2021-04-27,2021-04,"创业板ETF易方达
159915.XSHE"
2021-04-28 10:39:00,止盈,创业板ETF易方达,159915.XSHE,2.938,3100.0,24900.0,265.69,8.0,2021-04-28,2021-04,"创业板ETF易方达
159915.XSHE"
2021-05-06 09:31:00,加仓,纳指ETF,513100.XSHG,4.5,1900.0,16800.0,,8.0,2021-05-06,2021-05,"纳指ETF
513100.XSHG"
2021-05-07 13:48:00,加仓,创业板ETF易方达,159915.XSHE,2.849,3000.0,27900.0,,9.0,2021-05-07,2021-05,"创业板ETF易方达
159915.XSHE"
2021-05-13 09:31:00,加仓,纳指ETF,513100.XSHG,4.323,2000.0,18800.0,,9.0,2021-05-13,2021-05,"纳指ETF
513100.XSHG"
2021-05-14 13:32:00,止盈,创业板ETF易方达,159915.XSHE,2.935,3100.0,24800.0,265.69,8.0,2021-05-14,2021-05,"创业板ETF易方达
159915.XSHE"
2021-05-17 09:40:00,止盈,500ETF,510500.XSHG,7.312,1200.0,900.0,261.92,1.0,2021-05-17,2021-05,"500ETF
510500.XSHG"
2021-05-18 09:31:00,止盈,黄金ETF,518880.XSHG,3.808,2400.0,8400.0,291.89,3.0,2021-05-18,2021-05,"黄金ETF
518880.XSHG"
2021-05-18 14:46:00,止盈,纳指ETF,513100.XSHG,4.453,2000.0,16800.0,259.11,8.0,2021-05-18,2021-05,"纳指ETF
513100.XSHG"
2021-05-20 09:34:00,止盈,创业板ETF易方达,159915.XSHE,3.03,3000.0,21800.0,284.09,7.0,2021-05-20,2021-05,"创业板ETF易方达
159915.XSHE"
2021-05-25 14:05:00,止盈,创业板ETF易方达,159915.XSHE,3.121,2900.0,18900.0,262.99,6.0,2021-05-25,2021-05,"创业板ETF易方达
159915.XSHE"
2021-06-04 09:48:00,加仓,黄金ETF,518880.XSHG,3.693,2300.0,10700.0,,4.0,2021-06-04,2021-06,"黄金ETF
518880.XSHG"
2021-06-10 13:01:00,止盈（部分）,500ETF,510500.XSHG,7.532,900.0,0.0,197.32,0.0,2021-06-10,2021-06,"500ETF
510500.XSHG"
2021-06-10 13:01:00,清仓,500ETF,510500.XSHG,,,,,0.0,2021-06-10,2021-06,"500ETF
510500.XSHG"
2021-06-10 13:02:00,重装建仓,500ETF,510500.XSHG,7.534,10600.0,10600.0,,,2021-06-10,2021-06,"500ETF
510500.XSHG"
2021-06-10 13:03:00,底仓到账,500ETF,510500.XSHG,,,10600.0,,9.0,2021-06-10,2021-06,"500ETF
510500.XSHG"
2021-06-15 09:31:00,止盈,纳指ETF,513100.XSHG,4.613,2000.0,14800.0,319.08,7.0,2021-06-15,2021-06,"纳指ETF
513100.XSHG"
2021-06-16 14:44:00,加仓,创业板ETF易方达,159915.XSHE,3.027,2800.0,21700.0,,7.0,2021-06-16,2021-06,"创业板ETF易方达
159915.XSHE"
2021-06-18 09:34:00,止盈,创业板ETF易方达,159915.XSHE,3.118,2900.0,18800.0,263.0,6.0,2021-06-18,2021-06,"创业板ETF易方达
159915.XSHE"
2021-06-23 10:39:00,止盈,创业板ETF易方达,159915.XSHE,3.212,2800.0,16000.0,262.3,5.0,2021-06-23,2021-06,"创业板ETF易方达
159915.XSHE"
2021-06-25 09:31:00,止盈,纳指ETF,513100.XSHG,4.761,1900.0,12900.0,280.3,7.0,2021-06-25,2021-06,"纳指ETF
513100.XSHG"
2021-06-28 10:38:00,止盈,创业板ETF易方达,159915.XSHE,3.309,2800.0,13200.0,270.67,4.0,2021-06-28,2021-06,"创业板ETF易方达
159915.XSHE"
2021-06-30 13:31:00,加仓,黄金ETF,518880.XSHG,3.582,2400.0,13100.0,,5.0,2021-06-30,2021-06,"黄金ETF
518880.XSHG"
2021-07-06 09:46:00,加仓,创业板ETF易方达,159915.XSHE,3.208,2700.0,15900.0,,5.0,2021-07-06,2021-07,"创业板ETF易方达
159915.XSHE"
2021-07-07 09:32:00,止盈,纳指ETF,513100.XSHG,4.908,1800.0,11100.0,263.72,6.0,2021-07-07,2021-07,"纳指ETF
513100.XSHG"
2021-07-07 13:46:00,止盈,创业板ETF易方达,159915.XSHE,3.307,2800.0,13100.0,276.27,4.0,2021-07-07,2021-07,"创业板ETF易方达
159915.XSHE"
2021-07-09 09:39:00,止盈,黄金ETF,518880.XSHG,3.69,2500.0,10600.0,269.08,4.0,2021-07-09,2021-07,"黄金ETF
518880.XSHG"
2021-07-12 10:14:00,止盈,创业板ETF易方达,159915.XSHE,3.408,2700.0,10400.0,271.78,4.0,2021-07-12,2021-07,"创业板ETF易方达
159915.XSHE"
2021-07-13 10:18:00,止盈,500ETF,510500.XSHG,7.761,1100.0,9500.0,248.85,8.0,2021-07-13,2021-07,"500ETF
510500.XSHG"
2021-07-26 09:59:00,加仓,创业板ETF易方达,159915.XSHE,3.305,2600.0,13000.0,,5.0,2021-07-26,2021-07,"创业板ETF易方达
159915.XSHE"
2021-07-26 10:00:00,等级校准,创业板ETF易方达,159915.XSHE,,,13000.0,,,2021-07-26,2021-07,"创业板ETF易方达
159915.XSHE"
2021-07-26 13:29:00,加仓,创业板ETF易方达,159915.XSHE,3.205,2700.0,15700.0,,5.0,2021-07-26,2021-07,"创业板ETF易方达
159915.XSHE"
2021-07-27 09:40:00,止盈,创业板ETF易方达,159915.XSHE,3.304,2800.0,12900.0,276.27,4.0,2021-07-27,2021-07,"创业板ETF易方达
159915.XSHE"
2021-07-27 14:26:00,加仓,创业板ETF易方达,159915.XSHE,3.202,2700.0,15600.0,,5.0,2021-07-27,2021-07,"创业板ETF易方达
159915.XSHE"
2021-07-28 09:31:00,加仓,500ETF,510500.XSHG,7.518,1100.0,10600.0,,9.0,2021-07-28,2021-07,"500ETF
510500.XSHG"
2021-07-28 09:42:00,加仓,创业板ETF易方达,159915.XSHE,3.1,2800.0,18400.0,,6.0,2021-07-28,2021-07,"创业板ETF易方达
159915.XSHE"
2021-07-28 10:33:00,止盈,创业板ETF易方达,159915.XSHE,3.193,2900.0,15500.0,268.77,5.0,2021-07-28,2021-07,"创业板ETF易方达
159915.XSHE"
2021-07-29 11:08:00,止盈,创业板ETF易方达,159915.XSHE,3.29,2800.0,12700.0,270.68,4.0,2021-07-29,2021-07,"创业板ETF易方达
159915.XSHE"
2021-08-02 14:12:00,止盈,创业板ETF易方达,159915.XSHE,3.391,2700.0,10000.0,271.78,3.0,2021-08-02,2021-08,"创业板ETF易方达
159915.XSHE"
2021-08-04 13:26:00,止盈,500ETF,510500.XSHG,7.744,1100.0,9500.0,247.75,8.0,2021-08-04,2021-08,"500ETF
510500.XSHG"
2021-08-09 09:31:00,加仓,黄金ETF,518880.XSHG,3.555,2400.0,13000.0,,5.0,2021-08-09,2021-08,"黄金ETF
518880.XSHG"
2021-08-12 10:12:00,止盈,500ETF,510500.XSHG,7.979,1100.0,8400.0,257.62,7.0,2021-08-12,2021-08,"500ETF
510500.XSHG"
2021-08-12 10:52:00,加仓,创业板ETF易方达,159915.XSHE,3.286,2600.0,12600.0,,4.0,2021-08-12,2021-08,"创业板ETF易方达
159915.XSHE"
2021-08-17 13:02:00,加仓,创业板ETF易方达,159915.XSHE,3.186,2700.0,15300.0,,5.0,2021-08-17,2021-08,"创业板ETF易方达
159915.XSHE"
2021-08-17 14:44:00,加仓,500ETF,510500.XSHG,7.738,1100.0,9500.0,,8.0,2021-08-17,2021-08,"500ETF
510500.XSHG"
2021-08-18 11:03:00,止盈,黄金ETF,518880.XSHG,3.662,2500.0,10500.0,266.58,4.0,2021-08-18,2021-08,"黄金ETF
518880.XSHG"
2021-08-20 11:24:00,加仓,创业板ETF易方达,159915.XSHE,3.089,2800.0,18100.0,,6.0,2021-08-20,2021-08,"创业板ETF易方达
159915.XSHE"
2021-08-23 13:32:00,止盈,创业板ETF易方达,159915.XSHE,3.185,2900.0,15200.0,277.48,5.0,2021-08-23,2021-08,"创业板ETF易方达
159915.XSHE"
2021-08-24 09:31:00,止盈,纳指ETF,513100.XSHG,5.107,1800.0,9300.0,357.28,5.0,2021-08-24,2021-08,"纳指ETF
513100.XSHG"
2021-08-24 13:34:00,止盈,500ETF,510500.XSHG,7.971,1100.0,8400.0,255.42,7.0,2021-08-24,2021-08,"500ETF
510500.XSHG"
2021-08-31 11:26:00,加仓,创业板ETF易方达,159915.XSHE,3.089,2800.0,18000.0,,6.0,2021-08-31,2021-08,"创业板ETF易方达
159915.XSHE"
2021-09-02 14:36:00,止盈,500ETF,510500.XSHG,8.212,1100.0,7300.0,264.2,7.0,2021-09-02,2021-09,"500ETF
510500.XSHG"
2021-09-08 09:57:00,止盈,500ETF,510500.XSHG,8.459,1000.0,6300.0,246.15,6.0,2021-09-08,2021-09,"500ETF
510500.XSHG"
2021-09-17 13:10:00,加仓,500ETF,510500.XSHG,8.203,1000.0,7300.0,,7.0,2021-09-17,2021-09,"500ETF
510500.XSHG"
2021-09-23 09:47:00,止盈,500ETF,510500.XSHG,8.45,1000.0,6300.0,246.16,6.0,2021-09-23,2021-09,"500ETF
510500.XSHG"
2021-09-27 09:45:00,加仓,500ETF,510500.XSHG,8.193,1000.0,7300.0,,7.0,2021-09-27,2021-09,"500ETF
510500.XSHG"
2021-09-29 09:31:00,加仓,纳指ETF,513100.XSHG,4.899,1700.0,11000.0,,6.0,2021-09-29,2021-09,"纳指ETF
513100.XSHG"
2021-09-29 10:42:00,加仓,500ETF,510500.XSHG,7.946,1000.0,8300.0,,8.0,2021-09-29,2021-09,"500ETF
510500.XSHG"
2021-09-29 10:43:00,等级校准,500ETF,510500.XSHG,,,8300.0,,,2021-09-29,2021-09,"500ETF
510500.XSHG"
2021-09-29 14:14:00,加仓,黄金ETF,518880.XSHG,3.552,2400.0,12900.0,,5.0,2021-09-29,2021-09,"黄金ETF
518880.XSHG"
2021-10-08 09:52:00,止盈,创业板ETF易方达,159915.XSHE,3.183,2900.0,15100.0,271.68,5.0,2021-10-08,2021-10,"创业板ETF易方达
159915.XSHE"
2021-10-12 09:31:00,加仓,创业板ETF易方达,159915.XSHE,3.086,2800.0,17900.0,,6.0,2021-10-12,2021-10,"创业板ETF易方达
159915.XSHE"
2021-10-15 13:23:00,止盈,创业板ETF易方达,159915.XSHE,3.179,2900.0,15000.0,268.78,5.0,2021-10-15,2021-10,"创业板ETF易方达
159915.XSHE"
2021-10-20 09:31:00,止盈,纳指ETF,513100.XSHG,5.049,1800.0,9200.0,269.09,5.0,2021-10-20,2021-10,"纳指ETF
513100.XSHG"
2021-11-01 09:32:00,止盈,纳指ETF,513100.XSHG,5.208,1700.0,7500.0,269.41,4.0,2021-11-01,2021-11,"纳指ETF
513100.XSHG"
2021-11-05 09:31:00,止盈,纳指ETF,513100.XSHG,5.37,1700.0,5800.0,274.49,3.0,2021-11-05,2021-11,"纳指ETF
513100.XSHG"
2021-11-05 10:32:00,止盈,创业板ETF易方达,159915.XSHE,3.275,2800.0,12200.0,267.88,4.0,2021-11-05,2021-11,"创业板ETF易方达
159915.XSHE"
2021-11-08 09:31:00,止盈,黄金ETF,518880.XSHG,3.671,2500.0,10400.0,296.58,4.0,2021-11-08,2021-11,"黄金ETF
518880.XSHG"
2021-11-22 11:21:00,止盈,创业板ETF易方达,159915.XSHE,3.374,2700.0,9500.0,266.39,3.0,2021-11-22,2021-11,"创业板ETF易方达
159915.XSHE"
2021-12-01 14:52:00,止盈,500ETF,510500.XSHG,8.186,1100.0,7200.0,263.1,7.0,2021-12-01,2021-12,"500ETF
510500.XSHG"
2021-12-03 09:43:00,加仓,纳指ETF,513100.XSHG,5.208,1600.0,7400.0,,4.0,2021-12-03,2021-12,"纳指ETF
513100.XSHG"
2021-12-07 10:17:00,加仓,创业板ETF易方达,159915.XSHE,3.272,2600.0,12100.0,,4.0,2021-12-07,2021-12,"创业板ETF易方达
159915.XSHE"
2021-12-10 13:34:00,止盈,创业板ETF易方达,159915.XSHE,3.372,2700.0,9400.0,269.09,3.0,2021-12-10,2021-12,"创业板ETF易方达
159915.XSHE"
2021-12-15 09:31:00,加仓,黄金ETF,518880.XSHG,3.56,2400.0,12800.0,,5.0,2021-12-15,2021-12,"黄金ETF
518880.XSHG"
2021-12-20 10:45:00,加仓,创业板ETF易方达,159915.XSHE,3.27,2600.0,12000.0,,4.0,2021-12-20,2021-12,"创业板ETF易方达
159915.XSHE"
2021-12-28 09:31:00,止盈,纳指ETF,513100.XSHG,5.393,1700.0,5700.0,313.58,3.0,2021-12-28,2021-12,"纳指ETF
513100.XSHG"
2022-01-04 09:53:00,加仓,创业板ETF易方达,159915.XSHE,3.171,2700.0,14700.0,,5.0,2022-01-04,2022-01,"创业板ETF易方达
159915.XSHE"
2022-01-05 11:19:00,加仓,创业板ETF易方达,159915.XSHE,3.075,2800.0,17500.0,,6.0,2022-01-05,2022-01,"创业板ETF易方达
159915.XSHE"
2022-01-06 09:31:00,加仓,纳指ETF,513100.XSHG,5.153,1600.0,7300.0,,4.0,2022-01-06,2022-01,"纳指ETF
513100.XSHG"
2022-01-10 09:32:00,加仓,创业板ETF易方达,159915.XSHE,2.982,2900.0,20400.0,,7.0,2022-01-10,2022-01,"创业板ETF易方达
159915.XSHE"
2022-01-10 09:33:00,等级校准,创业板ETF易方达,159915.XSHE,,,20400.0,,,2022-01-10,2022-01,"创业板ETF易方达
159915.XSHE"
2022-01-14 09:31:00,加仓,纳指ETF,513100.XSHG,1.01,1700.0,38200.0,,5.0,2022-01-14,2022-01,"纳指ETF
513100.XSHG"
2022-01-14 09:32:00,等级校准,纳指ETF,513100.XSHG,,,38200.0,,,2022-01-14,2022-01,"纳指ETF
513100.XSHG"
2022-01-14 09:34:00,加仓,500ETF,510500.XSHG,7.939,1000.0,8200.0,,8.0,2022-01-14,2022-01,"500ETF
510500.XSHG"
2022-01-14 09:35:00,等级校准,500ETF,510500.XSHG,,,8200.0,,,2022-01-14,2022-01,"500ETF
510500.XSHG"
2022-01-17 13:20:00,止盈,创业板ETF易方达,159915.XSHE,3.072,3000.0,17400.0,269.08,6.0,2022-01-17,2022-01,"创业板ETF易方达
159915.XSHE"
2022-01-19 13:12:00,加仓,创业板ETF易方达,159915.XSHE,2.978,2900.0,20300.0,,7.0,2022-01-19,2022-01,"创业板ETF易方达
159915.XSHE"
2022-01-19 13:13:00,等级校准,创业板ETF易方达,159915.XSHE,,,20300.0,,,2022-01-19,2022-01,"创业板ETF易方达
159915.XSHE"
2022-01-20 09:31:00,止盈,黄金ETF,518880.XSHG,3.68,2500.0,10300.0,299.08,4.0,2022-01-20,2022-01,"黄金ETF
518880.XSHG"
2022-01-20 09:33:00,加仓,纳指ETF,513100.XSHG,0.979,8900.0,47100.0,,5.0,2022-01-20,2022-01,"纳指ETF
513100.XSHG"
2022-01-24 09:31:00,加仓,纳指ETF,513100.XSHG,0.948,9100.0,56200.0,,6.0,2022-01-24,2022-01,"纳指ETF
513100.XSHG"
2022-01-24 09:32:00,等级校准,纳指ETF,513100.XSHG,,,56200.0,,,2022-01-24,2022-01,"纳指ETF
513100.XSHG"
2022-01-25 13:05:00,加仓,500ETF,510500.XSHG,7.7,1100.0,9300.0,,8.0,2022-01-25,2022-01,"500ETF
510500.XSHG"
2022-01-25 14:52:00,加仓,创业板ETF易方达,159915.XSHE,2.888,3000.0,23300.0,,7.0,2022-01-25,2022-01,"创业板ETF易方达
159915.XSHE"
2022-01-27 09:31:00,加仓,纳指ETF,513100.XSHG,0.913,9400.0,65600.0,,6.0,2022-01-27,2022-01,"纳指ETF
513100.XSHG"
2022-01-27 10:32:00,加仓,500ETF,510500.XSHG,7.461,1100.0,10400.0,,9.0,2022-01-27,2022-01,"500ETF
510500.XSHG"
2022-01-27 10:33:00,等级校准,500ETF,510500.XSHG,,,10400.0,,,2022-01-27,2022-01,"500ETF
510500.XSHG"
2022-01-28 10:19:00,加仓,创业板ETF易方达,159915.XSHE,2.8,3100.0,26400.0,,8.0,2022-01-28,2022-01,"创业板ETF易方达
159915.XSHE"
2022-02-07 09:31:00,止盈,纳指ETF,513100.XSHG,0.949,9800.0,55800.0,351.87,5.0,2022-02-07,2022-02,"纳指ETF
513100.XSHG"
2022-02-07 09:40:00,止盈,创业板ETF易方达,159915.XSHE,2.885,3200.0,23200.0,271.08,7.0,2022-02-07,2022-02,"创业板ETF易方达
159915.XSHE"
2022-02-08 09:34:00,加仓,创业板ETF易方达,159915.XSHE,2.794,3100.0,26300.0,,8.0,2022-02-08,2022-02,"创业板ETF易方达
159915.XSHE"
2022-02-08 11:12:00,加仓,创业板ETF易方达,159915.XSHE,2.71,3200.0,29500.0,,9.0,2022-02-08,2022-02,"创业板ETF易方达
159915.XSHE"
2022-02-08 11:13:00,等级校准,创业板ETF易方达,159915.XSHE,,,29500.0,,,2022-02-08,2022-02,"创业板ETF易方达
159915.XSHE"
2022-02-09 14:17:00,止盈,创业板ETF易方达,159915.XSHE,2.792,3300.0,26200.0,269.68,8.0,2022-02-09,2022-02,"创业板ETF易方达
159915.XSHE"
2022-02-09 14:27:00,止盈,500ETF,510500.XSHG,7.685,1200.0,9200.0,267.88,8.0,2022-02-09,2022-02,"500ETF
510500.XSHG"
2022-02-10 09:31:00,止盈,纳指ETF,513100.XSHG,0.979,9400.0,46400.0,281.08,5.0,2022-02-10,2022-02,"纳指ETF
513100.XSHG"
2022-02-11 09:31:00,加仓,创业板ETF易方达,159915.XSHE,2.705,3200.0,29400.0,,9.0,2022-02-11,2022-02,"创业板ETF易方达
159915.XSHE"
2022-02-11 09:32:00,等级校准,创业板ETF易方达,159915.XSHE,,,29400.0,,,2022-02-11,2022-02,"创业板ETF易方达
159915.XSHE"
2022-02-14 09:31:00,加仓,纳指ETF,513100.XSHG,0.931,9100.0,55500.0,,6.0,2022-02-14,2022-02,"纳指ETF
513100.XSHG"
2022-02-14 09:32:00,等级校准,纳指ETF,513100.XSHG,,,55500.0,,,2022-02-14,2022-02,"纳指ETF
513100.XSHG"
2022-02-22 09:31:00,加仓,纳指ETF,513100.XSHG,0.903,9600.0,65100.0,,6.0,2022-02-22,2022-02,"纳指ETF
513100.XSHG"
2022-02-22 09:33:00,止盈,黄金ETF,518880.XSHG,3.791,2400.0,7900.0,265.49,3.0,2022-02-22,2022-02,"黄金ETF
518880.XSHG"
2022-02-24 09:31:00,加仓,纳指ETF,513100.XSHG,0.875,9900.0,75000.0,,7.0,2022-02-24,2022-02,"纳指ETF
513100.XSHG"
2022-02-25 10:17:00,止盈,创业板ETF易方达,159915.XSHE,2.787,3300.0,26100.0,269.68,8.0,2022-02-25,2022-02,"创业板ETF易方达
159915.XSHE"
2022-03-01 09:31:00,止盈,纳指ETF,513100.XSHG,0.914,10200.0,64800.0,396.87,6.0,2022-03-01,2022-03,"纳指ETF
513100.XSHG"
2022-03-03 14:33:00,加仓,创业板ETF易方达,159915.XSHE,2.703,3200.0,29300.0,,9.0,2022-03-03,2022-03,"创业板ETF易方达
159915.XSHE"
2022-03-03 14:34:00,等级校准,创业板ETF易方达,159915.XSHE,,,29300.0,,,2022-03-03,2022-03,"创业板ETF易方达
159915.XSHE"
2022-03-07 09:31:00,加仓,纳指ETF,513100.XSHG,0.88,9800.0,74600.0,,7.0,2022-03-07,2022-03,"纳指ETF
513100.XSHG"
2022-03-07 09:31:00,止盈,黄金ETF,518880.XSHG,3.935,2300.0,5600.0,330.29,2.0,2022-03-07,2022-03,"黄金ETF
518880.XSHG"
2022-03-07 09:34:00,加仓,创业板ETF易方达,159915.XSHE,2.62,3300.0,32600.0,,9.0,2022-03-07,2022-03,"创业板ETF易方达
159915.XSHE"
2022-03-07 14:38:00,加仓,创业板ETF易方达,159915.XSHE,2.54,3400.0,36000.0,,10.0,2022-03-07,2022-03,"创业板ETF易方达
159915.XSHE"
2022-03-07 14:43:00,加仓,500ETF,510500.XSHG,7.453,1100.0,10300.0,,9.0,2022-03-07,2022-03,"500ETF
510500.XSHG"
2022-03-07 14:44:00,等级校准,500ETF,510500.XSHG,,,10300.0,,,2022-03-07,2022-03,"500ETF
510500.XSHG"
2022-03-08 11:22:00,加仓,500ETF,510500.XSHG,7.215,1200.0,11500.0,,9.0,2022-03-08,2022-03,"500ETF
510500.XSHG"
2022-03-08 13:44:00,加仓,纳指ETF,513100.XSHG,0.853,10200.0,84800.0,,8.0,2022-03-08,2022-03,"纳指ETF
513100.XSHG"
2022-03-09 10:18:00,止盈,黄金ETF,518880.XSHG,4.054,2200.0,3400.0,260.91,1.0,2022-03-09,2022-03,"黄金ETF
518880.XSHG"
2022-03-09 13:00:00,加仓,创业板ETF易方达,159915.XSHE,2.463,3500.0,39500.0,,11.0,2022-03-09,2022-03,"创业板ETF易方达
159915.XSHE"
2022-03-09 13:01:00,等级校准,创业板ETF易方达,159915.XSHE,,,39500.0,,,2022-03-09,2022-03,"创业板ETF易方达
159915.XSHE"
2022-03-09 13:30:00,加仓,500ETF,510500.XSHG,6.998,1200.0,12700.0,,10.0,2022-03-09,2022-03,"500ETF
510500.XSHG"
2022-03-10 09:31:00,止盈,纳指ETF,513100.XSHG,0.885,10500.0,74300.0,335.07,7.0,2022-03-10,2022-03,"纳指ETF
513100.XSHG"
2022-03-10 09:31:00,加仓,黄金ETF,518880.XSHG,3.895,2200.0,5600.0,,2.0,2022-03-10,2022-03,"黄金ETF
518880.XSHG"
2022-03-10 09:31:00,止盈,创业板ETF易方达,159915.XSHE,2.547,3600.0,35900.0,301.48,10.0,2022-03-10,2022-03,"创业板ETF易方达
159915.XSHE"
2022-03-10 09:32:00,止盈,500ETF,510500.XSHG,7.21,1200.0,11500.0,253.53,9.0,2022-03-10,2022-03,"500ETF
510500.XSHG"
2022-03-15 09:31:00,加仓,纳指ETF,513100.XSHG,0.853,10100.0,84400.0,,8.0,2022-03-15,2022-03,"纳指ETF
513100.XSHG"
2022-03-15 09:31:00,加仓,创业板ETF易方达,159915.XSHE,2.457,3500.0,39400.0,,11.0,2022-03-15,2022-03,"创业板ETF易方达
159915.XSHE"
2022-03-15 09:32:00,加仓,500ETF,510500.XSHG,6.974,1200.0,12700.0,,10.0,2022-03-15,2022-03,"500ETF
510500.XSHG"
2022-03-15 09:32:00,等级校准,创业板ETF易方达,159915.XSHE,,,39400.0,,,2022-03-15,2022-03,"创业板ETF易方达
159915.XSHE"
2022-03-15 10:36:00,止盈,创业板ETF易方达,159915.XSHE,2.531,3600.0,35800.0,265.49,10.0,2022-03-15,2022-03,"创业板ETF易方达
159915.XSHE"
2022-03-15 13:47:00,加仓,500ETF,510500.XSHG,6.725,1200.0,13900.0,,11.0,2022-03-15,2022-03,"500ETF
510500.XSHG"
2022-03-15 13:48:00,等级校准,500ETF,510500.XSHG,,,13900.0,,,2022-03-15,2022-03,"500ETF
510500.XSHG"
2022-03-15 13:53:00,加仓,创业板ETF易方达,159915.XSHE,2.454,3500.0,39300.0,,11.0,2022-03-15,2022-03,"创业板ETF易方达
159915.XSHE"
2022-03-15 13:54:00,等级校准,创业板ETF易方达,159915.XSHE,,,39300.0,,,2022-03-15,2022-03,"创业板ETF易方达
159915.XSHE"
2022-03-16 13:46:00,止盈,纳指ETF,513100.XSHG,0.879,10500.0,73900.0,272.08,7.0,2022-03-16,2022-03,"纳指ETF
513100.XSHG"
2022-03-16 13:47:00,止盈,创业板ETF易方达,159915.XSHE,2.528,3600.0,35700.0,265.49,10.0,2022-03-16,2022-03,"创业板ETF易方达
159915.XSHE"
2022-03-16 14:18:00,止盈,500ETF,510500.XSHG,6.931,1300.0,12600.0,266.9,10.0,2022-03-16,2022-03,"500ETF
510500.XSHG"
2022-03-17 09:32:00,止盈,纳指ETF,513100.XSHG,0.906,10200.0,63700.0,274.48,6.0,2022-03-17,2022-03,"纳指ETF
513100.XSHG"
2022-03-17 09:32:00,止盈,创业板ETF易方达,159915.XSHE,2.606,3500.0,32200.0,272.09,9.0,2022-03-17,2022-03,"创业板ETF易方达
159915.XSHE"
2022-03-17 13:15:00,止盈,500ETF,510500.XSHG,7.141,1200.0,11400.0,251.14,9.0,2022-03-17,2022-03,"500ETF
510500.XSHG"
2022-03-23 09:31:00,止盈,纳指ETF,513100.XSHG,0.953,9900.0,53800.0,464.36,5.0,2022-03-23,2022-03,"纳指ETF
513100.XSHG"
2022-03-28 09:33:00,加仓,创业板ETF易方达,159915.XSHE,2.526,3400.0,35600.0,,10.0,2022-03-28,2022-03,"创业板ETF易方达
159915.XSHE"
2022-03-30 09:31:00,止盈,纳指ETF,513100.XSHG,0.992,9400.0,44400.0,365.67,4.0,2022-03-30,2022-03,"纳指ETF
513100.XSHG"
2022-03-30 14:11:00,止盈,创业板ETF易方达,159915.XSHE,2.602,3500.0,32100.0,265.09,9.0,2022-03-30,2022-03,"创业板ETF易方达
159915.XSHE"
2022-04-07 09:31:00,加仓,纳指ETF,513100.XSHG,0.944,9000.0,53400.0,,5.0,2022-04-07,2022-04,"纳指ETF
513100.XSHG"
2022-04-07 10:06:00,加仓,创业板ETF易方达,159915.XSHE,2.521,3400.0,35500.0,,10.0,2022-04-07,2022-04,"创业板ETF易方达
159915.XSHE"
2022-04-08 10:02:00,加仓,500ETF,510500.XSHG,6.924,1200.0,12600.0,,10.0,2022-04-08,2022-04,"500ETF
510500.XSHG"
2022-04-11 09:32:00,加仓,创业板ETF易方达,159915.XSHE,2.444,3500.0,39000.0,,11.0,2022-04-11,2022-04,"创业板ETF易方达
159915.XSHE"
2022-04-11 09:33:00,等级校准,创业板ETF易方达,159915.XSHE,,,39000.0,,,2022-04-11,2022-04,"创业板ETF易方达
159915.XSHE"
2022-04-12 09:31:00,加仓,纳指ETF,513100.XSHG,0.91,9500.0,62900.0,,6.0,2022-04-12,2022-04,"纳指ETF
513100.XSHG"
2022-04-12 13:00:00,加仓,500ETF,510500.XSHG,6.716,1200.0,13800.0,,11.0,2022-04-12,2022-04,"500ETF
510500.XSHG"
2022-04-12 13:01:00,等级校准,500ETF,510500.XSHG,,,13800.0,,,2022-04-12,2022-04,"500ETF
510500.XSHG"
2022-04-14 10:45:00,加仓,创业板ETF易方达,159915.XSHE,2.37,3600.0,42600.0,,11.0,2022-04-14,2022-04,"创业板ETF易方达
159915.XSHE"
2022-04-14 13:44:00,止盈,500ETF,510500.XSHG,6.918,1300.0,12500.0,261.7,9.0,2022-04-14,2022-04,"500ETF
510500.XSHG"
2022-04-20 13:55:00,加仓,创业板ETF易方达,159915.XSHE,2.297,3700.0,46300.0,,12.0,2022-04-20,2022-04,"创业板ETF易方达
159915.XSHE"
2022-04-20 13:56:00,等级校准,创业板ETF易方达,159915.XSHE,,,46300.0,,,2022-04-20,2022-04,"创业板ETF易方达
159915.XSHE"
2022-04-20 14:06:00,加仓,500ETF,510500.XSHG,6.71,1300.0,13800.0,,10.0,2022-04-20,2022-04,"500ETF
510500.XSHG"
2022-04-21 14:13:00,加仓,500ETF,510500.XSHG,6.5,1300.0,15100.0,,11.0,2022-04-21,2022-04,"500ETF
510500.XSHG"
2022-04-21 14:49:00,加仓,创业板ETF易方达,159915.XSHE,2.228,3900.0,50200.0,,12.0,2022-04-21,2022-04,"创业板ETF易方达
159915.XSHE"
2022-04-25 09:34:00,加仓,500ETF,510500.XSHG,6.3,1300.0,16400.0,,12.0,2022-04-25,2022-04,"500ETF
510500.XSHG"
2022-04-25 09:35:00,等级校准,500ETF,510500.XSHG,,,16400.0,,,2022-04-25,2022-04,"500ETF
510500.XSHG"
2022-04-25 09:43:00,加仓,创业板ETF易方达,159915.XSHE,2.16,4000.0,54200.0,,13.0,2022-04-25,2022-04,"创业板ETF易方达
159915.XSHE"
2022-04-25 14:11:00,加仓,500ETF,510500.XSHG,6.11,1400.0,17800.0,,12.0,2022-04-25,2022-04,"500ETF
510500.XSHG"
2022-04-26 09:37:00,加仓,创业板ETF易方达,159915.XSHE,2.094,4100.0,58300.0,,14.0,2022-04-26,2022-04,"创业板ETF易方达
159915.XSHE"
2022-04-26 09:38:00,等级校准,创业板ETF易方达,159915.XSHE,,,58300.0,,,2022-04-26,2022-04,"创业板ETF易方达
159915.XSHE"
2022-04-26 14:18:00,加仓,500ETF,510500.XSHG,5.923,1400.0,19200.0,,13.0,2022-04-26,2022-04,"500ETF
510500.XSHG"
2022-04-26 14:19:00,等级校准,500ETF,510500.XSHG,,,19200.0,,,2022-04-26,2022-04,"500ETF
510500.XSHG"
2022-04-27 09:31:00,加仓,纳指ETF,513100.XSHG,0.875,9800.0,72700.0,,7.0,2022-04-27,2022-04,"纳指ETF
513100.XSHG"
2022-04-27 13:29:00,止盈,创业板ETF易方达,159915.XSHE,2.157,4200.0,54100.0,263.69,13.0,2022-04-27,2022-04,"创业板ETF易方达
159915.XSHE"
2022-04-27 14:50:00,止盈,500ETF,510500.XSHG,6.102,1500.0,17700.0,267.58,12.0,2022-04-27,2022-04,"500ETF
510500.XSHG"
2022-04-29 09:31:00,止盈,纳指ETF,513100.XSHG,0.903,10200.0,62500.0,284.68,6.0,2022-04-29,2022-04,"纳指ETF
513100.XSHG"
2022-04-29 13:05:00,止盈,500ETF,510500.XSHG,6.294,1400.0,16300.0,267.92,11.0,2022-04-29,2022-04,"500ETF
510500.XSHG"
2022-04-29 13:11:00,止盈,创业板ETF易方达,159915.XSHE,2.233,4100.0,50000.0,310.68,12.0,2022-04-29,2022-04,"创业板ETF易方达
159915.XSHE"
2022-05-06 09:31:00,加仓,纳指ETF,513100.XSHG,0.872,9900.0,72400.0,,7.0,2022-05-06,2022-05,"纳指ETF
513100.XSHG"
2022-05-06 09:31:00,加仓,创业板ETF易方达,159915.XSHE,2.157,4000.0,54000.0,,13.0,2022-05-06,2022-05,"创业板ETF易方达
159915.XSHE"
2022-05-10 09:31:00,加仓,纳指ETF,513100.XSHG,0.84,10300.0,82700.0,,8.0,2022-05-10,2022-05,"纳指ETF
513100.XSHG"
2022-05-10 09:32:00,等级校准,纳指ETF,513100.XSHG,,,82700.0,,,2022-05-10,2022-05,"纳指ETF
513100.XSHG"
2022-05-11 09:36:00,止盈,创业板ETF易方达,159915.XSHE,2.222,4100.0,49900.0,265.59,12.0,2022-05-11,2022-05,"创业板ETF易方达
159915.XSHE"
2022-05-11 09:51:00,止盈,500ETF,510500.XSHG,6.485,1400.0,14900.0,266.49,11.0,2022-05-11,2022-05,"500ETF
510500.XSHG"
2022-05-11 11:17:00,止盈,创业板ETF易方达,159915.XSHE,2.289,4000.0,45900.0,267.08,11.0,2022-05-11,2022-05,"创业板ETF易方达
159915.XSHE"
2022-05-18 09:31:00,止盈,纳指ETF,513100.XSHG,0.866,10700.0,72000.0,277.27,6.0,2022-05-18,2022-05,"纳指ETF
513100.XSHG"
2022-05-19 09:31:00,加仓,纳指ETF,513100.XSHG,0.825,10300.0,82300.0,,7.0,2022-05-19,2022-05,"纳指ETF
513100.XSHG"
2022-05-20 14:49:00,止盈,500ETF,510500.XSHG,6.682,1300.0,13600.0,255.23,10.0,2022-05-20,2022-05,"500ETF
510500.XSHG"
2022-05-25 09:43:00,加仓,500ETF,510500.XSHG,6.479,1300.0,14900.0,,11.0,2022-05-25,2022-05,"500ETF
510500.XSHG"
2022-05-26 09:51:00,加仓,创业板ETF易方达,159915.XSHE,2.22,3900.0,49800.0,,12.0,2022-05-26,2022-05,"创业板ETF易方达
159915.XSHE"
2022-05-26 13:02:00,止盈,500ETF,510500.XSHG,6.678,1300.0,13600.0,257.83,10.0,2022-05-26,2022-05,"500ETF
510500.XSHG"
2022-05-27 09:37:00,止盈,创业板ETF易方达,159915.XSHE,2.29,4000.0,45800.0,279.08,11.0,2022-05-27,2022-05,"创业板ETF易方达
159915.XSHE"
2022-05-30 09:31:00,止盈,纳指ETF,513100.XSHG,0.878,10900.0,71400.0,576.74,7.0,2022-05-30,2022-05,"纳指ETF
513100.XSHG"
2022-06-01 10:41:00,止盈,创业板ETF易方达,159915.XSHE,2.359,3900.0,41900.0,268.18,11.0,2022-06-01,2022-06,"创业板ETF易方达
159915.XSHE"
2022-06-02 14:08:00,止盈,500ETF,510500.XSHG,6.879,1300.0,12300.0,260.41,9.0,2022-06-02,2022-06,"500ETF
510500.XSHG"
2022-06-06 09:53:00,止盈,创业板ETF易方达,159915.XSHE,2.431,3800.0,38100.0,272.68,10.0,2022-06-06,2022-06,"创业板ETF易方达
159915.XSHE"
2022-06-10 09:31:00,加仓,纳指ETF,513100.XSHG,0.841,10200.0,81600.0,,8.0,2022-06-10,2022-06,"纳指ETF
513100.XSHG"
2022-06-10 09:32:00,等级校准,纳指ETF,513100.XSHG,,,81600.0,,,2022-06-10,2022-06,"纳指ETF
513100.XSHG"
2022-06-10 14:45:00,止盈,500ETF,510500.XSHG,7.086,1300.0,11000.0,268.18,9.0,2022-06-10,2022-06,"500ETF
510500.XSHG"
2022-06-13 09:32:00,加仓,纳指ETF,513100.XSHG,0.815,10700.0,92300.0,,8.0,2022-06-13,2022-06,"纳指ETF
513100.XSHG"
2022-06-14 09:31:00,加仓,纳指ETF,513100.XSHG,0.788,11000.0,103300.0,,9.0,2022-06-14,2022-06,"纳指ETF
513100.XSHG"
2022-06-15 09:33:00,止盈,创业板ETF易方达,159915.XSHE,2.505,3700.0,34400.0,272.87,9.0,2022-06-15,2022-06,"创业板ETF易方达
159915.XSHE"
2022-06-16 09:31:00,止盈,纳指ETF,513100.XSHG,0.817,11400.0,91900.0,329.67,8.0,2022-06-16,2022-06,"纳指ETF
513100.XSHG"
2022-06-17 09:31:00,加仓,纳指ETF,513100.XSHG,0.778,11000.0,102900.0,,9.0,2022-06-17,2022-06,"纳指ETF
513100.XSHG"
2022-06-17 09:32:00,等级校准,纳指ETF,513100.XSHG,,,102900.0,,,2022-06-17,2022-06,"纳指ETF
513100.XSHG"
2022-06-17 14:31:00,止盈,创业板ETF易方达,159915.XSHE,2.582,3500.0,30900.0,268.6,9.0,2022-06-17,2022-06,"创业板ETF易方达
159915.XSHE"
2022-06-20 11:20:00,止盈,创业板ETF易方达,159915.XSHE,2.66,3400.0,27500.0,264.3,8.0,2022-06-20,2022-06,"创业板ETF易方达
159915.XSHE"
2022-06-21 10:02:00,止盈,纳指ETF,513100.XSHG,0.802,11500.0,91400.0,275.08,8.0,2022-06-21,2022-06,"纳指ETF
513100.XSHG"
2022-06-24 13:45:00,止盈,纳指ETF,513100.XSHG,0.827,11200.0,80200.0,279.07,7.0,2022-06-24,2022-06,"纳指ETF
513100.XSHG"
2022-06-27 09:31:00,止盈,创业板ETF易方达,159915.XSHE,2.752,3300.0,24200.0,302.69,7.0,2022-06-27,2022-06,"创业板ETF易方达
159915.XSHE"
2022-06-27 09:38:00,止盈,500ETF,510500.XSHG,7.309,1200.0,9800.0,266.72,8.0,2022-06-27,2022-06,"500ETF
510500.XSHG"
2022-06-30 14:27:00,加仓,纳指ETF,513100.XSHG,0.802,10800.0,91000.0,,8.0,2022-06-30,2022-06,"纳指ETF
513100.XSHG"
2022-07-04 09:35:00,加仓,创业板ETF易方达,159915.XSHE,2.668,3200.0,27400.0,,8.0,2022-07-04,2022-07,"创业板ETF易方达
159915.XSHE"
2022-07-04 14:55:00,止盈,创业板ETF易方达,159915.XSHE,2.749,3300.0,24100.0,266.39,7.0,2022-07-04,2022-07,"创业板ETF易方达
159915.XSHE"
2022-07-06 09:31:00,加仓,黄金ETF,518880.XSHG,3.73,2300.0,7900.0,,3.0,2022-07-06,2022-07,"黄金ETF
518880.XSHG"
2022-07-07 13:10:00,止盈,纳指ETF,513100.XSHG,0.827,11200.0,79800.0,279.07,7.0,2022-07-07,2022-07,"纳指ETF
513100.XSHG"
2022-07-11 13:24:00,加仓,创业板ETF易方达,159915.XSHE,2.666,3200.0,27300.0,,8.0,2022-07-11,2022-07,"创业板ETF易方达
159915.XSHE"
2022-07-13 10:26:00,加仓,500ETF,510500.XSHG,7.089,1200.0,11000.0,,9.0,2022-07-13,2022-07,"500ETF
510500.XSHG"
2022-07-14 11:11:00,止盈,创业板ETF易方达,159915.XSHE,2.746,3300.0,24000.0,263.09,7.0,2022-07-14,2022-07,"创业板ETF易方达
159915.XSHE"
2022-07-15 14:44:00,加仓,黄金ETF,518880.XSHG,3.618,2400.0,10300.0,,4.0,2022-07-15,2022-07,"黄金ETF
518880.XSHG"
2022-07-18 09:40:00,加仓,创业板ETF易方达,159915.XSHE,2.661,3200.0,27200.0,,8.0,2022-07-18,2022-07,"创业板ETF易方达
159915.XSHE"
2022-07-20 09:31:00,止盈,纳指ETF,513100.XSHG,0.852,10800.0,69000.0,269.08,6.0,2022-07-20,2022-07,"纳指ETF
513100.XSHG"
2022-07-20 09:42:00,止盈,500ETF,510500.XSHG,7.304,1200.0,9800.0,257.12,8.0,2022-07-20,2022-07,"500ETF
510500.XSHG"
2022-07-29 09:31:00,止盈,纳指ETF,513100.XSHG,0.884,10500.0,58500.0,335.07,5.0,2022-07-29,2022-07,"纳指ETF
513100.XSHG"
2022-07-29 10:11:00,止盈,黄金ETF,518880.XSHG,3.727,2400.0,7900.0,260.71,3.0,2022-07-29,2022-07,"黄金ETF
518880.XSHG"
2022-08-01 09:31:00,加仓,创业板ETF易方达,159915.XSHE,2.579,3300.0,30500.0,,9.0,2022-08-01,2022-08,"创业板ETF易方达
159915.XSHE"
2022-08-01 09:32:00,等级校准,创业板ETF易方达,159915.XSHE,,,30500.0,,,2022-08-01,2022-08,"创业板ETF易方达
159915.XSHE"
2022-08-02 09:40:00,加仓,500ETF,510500.XSHG,7.081,1200.0,11000.0,,9.0,2022-08-02,2022-08,"500ETF
510500.XSHG"
2022-08-04 13:29:00,止盈,纳指ETF,513100.XSHG,0.911,10100.0,48400.0,271.78,4.0,2022-08-04,2022-08,"纳指ETF
513100.XSHG"
2022-08-11 10:54:00,止盈,500ETF,510500.XSHG,7.295,1200.0,9800.0,255.92,8.0,2022-08-11,2022-08,"500ETF
510500.XSHG"
2022-08-16 09:31:00,止盈,纳指ETF,513100.XSHG,0.941,9800.0,38600.0,293.08,4.0,2022-08-16,2022-08,"纳指ETF
513100.XSHG"
2022-08-16 09:46:00,止盈,创业板ETF易方达,159915.XSHE,2.657,3400.0,27100.0,264.3,8.0,2022-08-16,2022-08,"创业板ETF易方达
159915.XSHE"
2022-08-22 14:37:00,加仓,纳指ETF,513100.XSHG,0.912,9500.0,48100.0,,5.0,2022-08-22,2022-08,"纳指ETF
513100.XSHG"
2022-08-22 14:38:00,等级校准,纳指ETF,513100.XSHG,,,48100.0,,,2022-08-22,2022-08,"纳指ETF
513100.XSHG"
2022-08-25 10:06:00,加仓,创业板ETF易方达,159915.XSHE,2.577,3300.0,30400.0,,9.0,2022-08-25,2022-08,"创业板ETF易方达
159915.XSHE"
2022-08-25 10:07:00,等级校准,创业板ETF易方达,159915.XSHE,,,30400.0,,,2022-08-25,2022-08,"创业板ETF易方达
159915.XSHE"
2022-08-29 09:31:00,加仓,纳指ETF,513100.XSHG,0.871,9800.0,57900.0,,5.0,2022-08-29,2022-08,"纳指ETF
513100.XSHG"
2022-08-29 09:31:00,加仓,500ETF,510500.XSHG,6.215,1200.0,12425.0,,9.0,2022-08-29,2022-08,"500ETF
510500.XSHG"
2022-08-29 09:32:00,等级校准,500ETF,510500.XSHG,,,12425.0,,,2022-08-29,2022-08,"500ETF
510500.XSHG"
2022-08-31 10:11:00,加仓,创业板ETF易方达,159915.XSHE,2.498,3400.0,33800.0,,9.0,2022-08-31,2022-08,"创业板ETF易方达
159915.XSHE"
2022-09-06 10:12:00,加仓,创业板ETF易方达,159915.XSHE,2.423,3600.0,37400.0,,10.0,2022-09-06,2022-09,"创业板ETF易方达
159915.XSHE"
2022-09-07 10:27:00,止盈,创业板ETF易方达,159915.XSHE,2.496,3700.0,33700.0,269.18,9.0,2022-09-07,2022-09,"创业板ETF易方达
159915.XSHE"
2022-09-13 14:09:00,止盈,纳指ETF,513100.XSHG,0.898,10300.0,47600.0,277.18,4.0,2022-09-13,2022-09,"纳指ETF
513100.XSHG"
2022-09-14 09:31:00,加仓,纳指ETF,513100.XSHG,0.854,10000.0,57600.0,,5.0,2022-09-14,2022-09,"纳指ETF
513100.XSHG"
2022-09-14 13:15:00,加仓,创业板ETF易方达,159915.XSHE,2.421,3600.0,37300.0,,10.0,2022-09-14,2022-09,"创业板ETF易方达
159915.XSHE"
2022-09-15 13:43:00,加仓,创业板ETF易方达,159915.XSHE,2.348,3700.0,41000.0,,11.0,2022-09-15,2022-09,"创业板ETF易方达
159915.XSHE"
2022-09-15 13:44:00,等级校准,创业板ETF易方达,159915.XSHE,,,41000.0,,,2022-09-15,2022-09,"创业板ETF易方达
159915.XSHE"
2022-09-16 13:25:00,加仓,500ETF,510500.XSHG,6.027,1400.0,13825.0,,9.0,2022-09-16,2022-09,"500ETF
510500.XSHG"
2022-09-19 13:50:00,加仓,创业板ETF易方达,159915.XSHE,2.277,3800.0,44800.0,,11.0,2022-09-19,2022-09,"创业板ETF易方达
159915.XSHE"
2022-09-22 09:39:00,加仓,纳指ETF,513100.XSHG,0.828,10500.0,68100.0,,6.0,2022-09-22,2022-09,"纳指ETF
513100.XSHG"
2022-09-23 11:21:00,加仓,500ETF,510500.XSHG,5.846,1400.0,15225.0,,10.0,2022-09-23,2022-09,"500ETF
510500.XSHG"
2022-10-10 09:31:00,加仓,纳指ETF,513100.XSHG,0.799,10800.0,78900.0,,7.0,2022-10-10,2022-10,"纳指ETF
513100.XSHG"
2022-10-10 09:34:00,加仓,创业板ETF易方达,159915.XSHE,2.207,3900.0,48700.0,,12.0,2022-10-10,2022-10,"创业板ETF易方达
159915.XSHE"
2022-10-10 14:19:00,加仓,500ETF,510500.XSHG,5.67,1500.0,16725.0,,11.0,2022-10-10,2022-10,"500ETF
510500.XSHG"
2022-10-12 14:56:00,止盈,创业板ETF易方达,159915.XSHE,2.274,4000.0,44700.0,267.09,11.0,2022-10-12,2022-10,"创业板ETF易方达
159915.XSHE"
2022-10-13 11:22:00,止盈,500ETF,510500.XSHG,5.844,1500.0,15225.0,260.12,10.0,2022-10-13,2022-10,"500ETF
510500.XSHG"
2022-10-14 11:07:00,止盈,创业板ETF易方达,159915.XSHE,2.344,3900.0,40800.0,272.09,10.0,2022-10-14,2022-10,"创业板ETF易方达
159915.XSHE"
2022-10-17 13:53:00,止盈,500ETF,510500.XSHG,6.022,1500.0,13725.0,266.1,9.0,2022-10-17,2022-10,"500ETF
510500.XSHG"
2022-10-18 13:02:00,止盈,纳指ETF,513100.XSHG,0.825,11200.0,67700.0,290.28,6.0,2022-10-18,2022-10,"纳指ETF
513100.XSHG"
2022-10-24 13:53:00,加仓,创业板ETF易方达,159915.XSHE,2.271,3800.0,44600.0,,11.0,2022-10-24,2022-10,"创业板ETF易方达
159915.XSHE"
2022-10-25 09:37:00,加仓,500ETF,510500.XSHG,5.839,1400.0,15125.0,,10.0,2022-10-25,2022-10,"500ETF
510500.XSHG"
2022-10-26 10:50:00,止盈,500ETF,510500.XSHG,6.015,1500.0,13625.0,263.1,9.0,2022-10-26,2022-10,"500ETF
510500.XSHG"
2022-10-28 13:45:00,加仓,500ETF,510500.XSHG,5.834,1400.0,15025.0,,10.0,2022-10-28,2022-10,"500ETF
510500.XSHG"
2022-10-28 13:45:00,加仓,创业板ETF易方达,159915.XSHE,2.202,3900.0,48500.0,,12.0,2022-10-28,2022-10,"创业板ETF易方达
159915.XSHE"
2022-11-01 09:32:00,止盈,纳指ETF,513100.XSHG,0.85,10900.0,56800.0,271.57,5.0,2022-11-01,2022-11,"纳指ETF
513100.XSHG"
2022-11-01 14:51:00,止盈,创业板ETF易方达,159915.XSHE,2.269,4000.0,44500.0,267.09,11.0,2022-11-01,2022-11,"创业板ETF易方达
159915.XSHE"
2022-11-02 13:02:00,止盈,500ETF,510500.XSHG,6.01,1500.0,13525.0,263.1,9.0,2022-11-02,2022-11,"500ETF
510500.XSHG"
2022-11-03 09:31:00,加仓,纳指ETF,513100.XSHG,0.812,10500.0,67300.0,,6.0,2022-11-03,2022-11,"纳指ETF
513100.XSHG"
2022-11-04 09:55:00,止盈,创业板ETF易方达,159915.XSHE,2.34,3900.0,40600.0,275.99,10.0,2022-11-04,2022-11,"创业板ETF易方达
159915.XSHE"
2022-11-08 09:57:00,止盈,黄金ETF,518880.XSHG,3.839,2400.0,5500.0,267.88,2.0,2022-11-08,2022-11,"黄金ETF
518880.XSHG"
2022-11-09 10:30:00,止盈,500ETF,510500.XSHG,6.192,1400.0,12125.0,253.93,8.0,2022-11-09,2022-11,"500ETF
510500.XSHG"
2022-11-09 14:51:00,止盈,黄金ETF,518880.XSHG,3.957,2300.0,3200.0,270.49,1.0,2022-11-09,2022-11,"黄金ETF
518880.XSHG"
2022-11-11 09:31:00,止盈,纳指ETF,513100.XSHG,0.856,11000.0,56300.0,483.06,5.0,2022-11-11,2022-11,"纳指ETF
513100.XSHG"
2022-11-22 14:12:00,加仓,创业板ETF易方达,159915.XSHE,2.269,3800.0,44400.0,,11.0,2022-11-22,2022-11,"创业板ETF易方达
159915.XSHE"
2022-11-28 09:42:00,加仓,500ETF,510500.XSHG,5.999,1400.0,13525.0,,9.0,2022-11-28,2022-11,"500ETF
510500.XSHG"
2022-11-28 09:47:00,加仓,创业板ETF易方达,159915.XSHE,2.199,3900.0,48300.0,,12.0,2022-11-28,2022-11,"创业板ETF易方达
159915.XSHE"
2022-11-29 13:01:00,止盈,创业板ETF易方达,159915.XSHE,2.267,4000.0,44300.0,271.09,11.0,2022-11-29,2022-11,"创业板ETF易方达
159915.XSHE"
2022-11-29 13:02:00,止盈,500ETF,510500.XSHG,6.184,1500.0,12025.0,276.57,8.0,2022-11-29,2022-11,"500ETF
510500.XSHG"
2022-12-02 10:09:00,止盈,创业板ETF易方达,159915.XSHE,2.336,3900.0,40400.0,268.19,10.0,2022-12-02,2022-12,"创业板ETF易方达
159915.XSHE"
2022-12-07 09:31:00,加仓,纳指ETF,513100.XSHG,0.83,10500.0,66800.0,,6.0,2022-12-07,2022-12,"纳指ETF
513100.XSHG"
2022-12-19 13:13:00,加仓,500ETF,510500.XSHG,5.996,1400.0,13425.0,,9.0,2022-12-19,2022-12,"500ETF
510500.XSHG"
2022-12-19 13:14:00,等级校准,500ETF,510500.XSHG,,,13425.0,,,2022-12-19,2022-12,"500ETF
510500.XSHG"
2022-12-20 09:32:00,加仓,创业板ETF易方达,159915.XSHE,2.264,3800.0,44200.0,,11.0,2022-12-20,2022-12,"创业板ETF易方达
159915.XSHE"
2022-12-20 11:06:00,加仓,纳指ETF,513100.XSHG,0.805,10800.0,77600.0,,7.0,2022-12-20,2022-12,"纳指ETF
513100.XSHG"
2022-12-20 11:07:00,等级校准,纳指ETF,513100.XSHG,,,77600.0,,,2022-12-20,2022-12,"纳指ETF
513100.XSHG"
2022-12-22 14:06:00,加仓,500ETF,510500.XSHG,5.814,1500.0,14925.0,,9.0,2022-12-22,2022-12,"500ETF
510500.XSHG"
2023-01-05 09:42:00,止盈,500ETF,510500.XSHG,5.991,1500.0,13425.0,264.6,8.0,2023-01-05,2023-01,"500ETF
510500.XSHG"
2023-01-05 14:35:00,止盈,创业板ETF易方达,159915.XSHE,2.332,3900.0,40300.0,264.29,10.0,2023-01-05,2023-01,"创业板ETF易方达
159915.XSHE"
2023-01-10 13:42:00,止盈,创业板ETF易方达,159915.XSHE,2.402,3800.0,36500.0,265.09,9.0,2023-01-10,2023-01,"创业板ETF易方达
159915.XSHE"
2023-01-16 10:39:00,止盈,500ETF,510500.XSHG,6.172,1500.0,11925.0,270.57,8.0,2023-01-16,2023-01,"500ETF
510500.XSHG"
2023-01-16 10:44:00,止盈,创业板ETF易方达,159915.XSHE,2.475,3700.0,32800.0,269.18,9.0,2023-01-16,2023-01,"创业板ETF易方达
159915.XSHE"
2023-01-20 09:31:00,止盈,黄金ETF,518880.XSHG,4.105,2200.0,1000.0,324.7,1.0,2023-01-20,2023-01,"黄金ETF
518880.XSHG"
2023-01-30 09:31:00,止盈,纳指ETF,513100.XSHG,0.844,11100.0,66500.0,431.96,6.0,2023-01-30,2023-01,"纳指ETF
513100.XSHG"
2023-01-30 09:31:00,止盈,500ETF,510500.XSHG,6.366,1400.0,10525.0,270.71,7.0,2023-01-30,2023-01,"500ETF
510500.XSHG"
2023-01-30 09:31:00,止盈,创业板ETF易方达,159915.XSHE,2.574,3600.0,29200.0,355.47,8.0,2023-01-30,2023-01,"创业板ETF易方达
159915.XSHE"
2023-02-01 10:45:00,加仓,创业板ETF易方达,159915.XSHE,2.496,3400.0,32600.0,,9.0,2023-02-01,2023-02,"创业板ETF易方达
159915.XSHE"
2023-02-03 09:31:00,止盈,纳指ETF,513100.XSHG,0.873,10600.0,55900.0,306.47,5.0,2023-02-03,2023-02,"纳指ETF
513100.XSHG"
2023-02-17 09:46:00,加仓,创业板ETF易方达,159915.XSHE,2.421,3600.0,36200.0,,10.0,2023-02-17,2023-02,"创业板ETF易方达
159915.XSHE"
2023-02-17 09:47:00,等级校准,创业板ETF易方达,159915.XSHE,,,36200.0,,,2023-02-17,2023-02,"创业板ETF易方达
159915.XSHE"
2023-02-27 09:31:00,加仓,创业板ETF易方达,159915.XSHE,2.347,3700.0,39900.0,,10.0,2023-02-27,2023-02,"创业板ETF易方达
159915.XSHE"
2023-03-02 09:31:00,加仓,纳指ETF,513100.XSHG,0.845,10300.0,66200.0,,6.0,2023-03-02,2023-03,"纳指ETF
513100.XSHG"
2023-03-06 10:39:00,止盈,纳指ETF,513100.XSHG,0.871,10600.0,55600.0,274.68,5.0,2023-03-06,2023-03,"纳指ETF
513100.XSHG"
2023-03-13 09:31:00,加仓,纳指ETF,513100.XSHG,0.844,10300.0,65900.0,,6.0,2023-03-13,2023-03,"纳指ETF
513100.XSHG"
2023-03-13 10:36:00,加仓,创业板ETF易方达,159915.XSHE,2.276,3800.0,43700.0,,11.0,2023-03-13,2023-03,"创业板ETF易方达
159915.XSHE"
2023-03-14 10:57:00,加仓,500ETF,510500.XSHG,6.173,1400.0,11925.0,,8.0,2023-03-14,2023-03,"500ETF
510500.XSHG"
2023-03-17 09:31:00,止盈,纳指ETF,513100.XSHG,0.884,10600.0,55300.0,423.06,5.0,2023-03-17,2023-03,"纳指ETF
513100.XSHG"
2023-03-20 09:31:00,止盈（部分）,黄金ETF,518880.XSHG,4.271,1000.0,0.0,165.57,0.0,2023-03-20,2023-03,"黄金ETF
518880.XSHG"
2023-03-20 09:31:00,清仓,黄金ETF,518880.XSHG,,,,,0.0,2023-03-20,2023-03,"黄金ETF
518880.XSHG"
2023-03-20 09:32:00,重装建仓,黄金ETF,518880.XSHG,4.272,18700.0,18700.0,,,2023-03-20,2023-03,"黄金ETF
518880.XSHG"
2023-03-20 09:33:00,底仓到账,黄金ETF,518880.XSHG,,,18700.0,,8.0,2023-03-20,2023-03,"黄金ETF
518880.XSHG"
2023-03-31 09:31:00,止盈,纳指ETF,513100.XSHG,0.912,10100.0,45200.0,281.88,4.0,2023-03-31,2023-03,"纳指ETF
513100.XSHG"
2023-03-31 14:15:00,止盈,500ETF,510500.XSHG,6.359,1400.0,10525.0,259.51,7.0,2023-03-31,2023-03,"500ETF
510500.XSHG"
2023-04-03 09:54:00,止盈,创业板ETF易方达,159915.XSHE,2.346,3900.0,39800.0,272.09,10.0,2023-04-03,2023-04,"创业板ETF易方达
159915.XSHE"
2023-04-21 14:31:00,加仓,创业板ETF易方达,159915.XSHE,2.275,3800.0,43600.0,,11.0,2023-04-21,2023-04,"创业板ETF易方达
159915.XSHE"
2023-04-25 09:55:00,加仓,创业板ETF易方达,159915.XSHE,2.206,3900.0,47500.0,,12.0,2023-04-25,2023-04,"创业板ETF易方达
159915.XSHE"
2023-04-25 09:56:00,等级校准,创业板ETF易方达,159915.XSHE,,,47500.0,,,2023-04-25,2023-04,"创业板ETF易方达
159915.XSHE"
2023-04-25 10:21:00,加仓,500ETF,510500.XSHG,6.167,1400.0,11925.0,,8.0,2023-04-25,2023-04,"500ETF
510500.XSHG"
2023-05-04 09:31:00,止盈,黄金ETF,518880.XSHG,4.41,2100.0,16600.0,288.87,8.0,2023-05-04,2023-05,"黄金ETF
518880.XSHG"
2023-05-11 09:31:00,止盈,纳指ETF,513100.XSHG,0.94,9800.0,35400.0,273.48,3.0,2023-05-11,2023-05,"纳指ETF
513100.XSHG"
2023-05-18 13:17:00,止盈,纳指ETF,513100.XSHG,0.969,9500.0,25900.0,274.58,2.0,2023-05-18,2023-05,"纳指ETF
513100.XSHG"
2023-05-23 11:17:00,止盈,纳指ETF,513100.XSHG,1.0,9200.0,16700.0,284.28,1.0,2023-05-23,2023-05,"纳指ETF
513100.XSHG"
2023-05-25 11:23:00,加仓,500ETF,510500.XSHG,5.98,1400.0,13325.0,,9.0,2023-05-25,2023-05,"500ETF
510500.XSHG"
2023-05-25 11:24:00,等级校准,500ETF,510500.XSHG,,,13325.0,,,2023-05-25,2023-05,"500ETF
510500.XSHG"
2023-05-29 09:47:00,止盈,纳指ETF,513100.XSHG,1.03,9000.0,7700.0,269.07,1.0,2023-05-29,2023-05,"纳指ETF
513100.XSHG"
2023-05-29 11:01:00,加仓,创业板ETF易方达,159915.XSHE,2.138,4000.0,51500.0,,12.0,2023-05-29,2023-05,"创业板ETF易方达
159915.XSHE"
2023-06-02 11:01:00,止盈,500ETF,510500.XSHG,6.16,1500.0,11825.0,269.08,8.0,2023-06-02,2023-06,"500ETF
510500.XSHG"
2023-06-07 14:27:00,加仓,创业板ETF易方达,159915.XSHE,2.073,4200.0,55700.0,,13.0,2023-06-07,2023-06,"创业板ETF易方达
159915.XSHE"
2023-06-07 14:28:00,等级校准,创业板ETF易方达,159915.XSHE,,,55700.0,,,2023-06-07,2023-06,"创业板ETF易方达
159915.XSHE"
2023-06-13 09:31:00,止盈（部分）,纳指ETF,513100.XSHG,1.079,7700.0,0.0,376.47,0.0,2023-06-13,2023-06,"纳指ETF
513100.XSHG"
2023-06-13 09:31:00,清仓,纳指ETF,513100.XSHG,,,,,0.0,2023-06-13,2023-06,"纳指ETF
513100.XSHG"
2023-06-13 09:32:00,重装建仓,纳指ETF,513100.XSHG,1.078,74200.0,74200.0,,,2023-06-13,2023-06,"纳指ETF
513100.XSHG"
2023-06-13 09:33:00,底仓到账,纳指ETF,513100.XSHG,,,74200.0,,8.0,2023-06-13,2023-06,"纳指ETF
513100.XSHG"
2023-06-15 09:58:00,止盈,创业板ETF易方达,159915.XSHE,2.137,4300.0,51400.0,274.28,12.0,2023-06-15,2023-06,"创业板ETF易方达
159915.XSHE"
2023-06-16 13:22:00,止盈,创业板ETF易方达,159915.XSHE,2.203,4200.0,47200.0,276.27,11.0,2023-06-16,2023-06,"创业板ETF易方达
159915.XSHE"
2023-06-26 09:52:00,加仓,创业板ETF易方达,159915.XSHE,2.136,4000.0,51200.0,,12.0,2023-06-26,2023-06,"创业板ETF易方达
159915.XSHE"
2023-06-26 10:42:00,加仓,500ETF,510500.XSHG,5.975,1400.0,13225.0,,9.0,2023-06-26,2023-06,"500ETF
510500.XSHG"
2023-06-26 10:43:00,等级校准,500ETF,510500.XSHG,,,13225.0,,,2023-06-26,2023-06,"500ETF
510500.XSHG"
2023-07-03 09:31:00,止盈,纳指ETF,513100.XSHG,1.116,8300.0,65900.0,314.47,8.0,2023-07-03,2023-07,"纳指ETF
513100.XSHG"
2023-07-19 09:31:00,止盈,纳指ETF,513100.XSHG,1.153,8000.0,57900.0,295.08,7.0,2023-07-19,2023-07,"纳指ETF
513100.XSHG"
2023-07-28 14:20:00,止盈,500ETF,510500.XSHG,6.156,1500.0,11725.0,270.58,8.0,2023-07-28,2023-07,"500ETF
510500.XSHG"
2023-08-03 14:54:00,加仓,纳指ETF,513100.XSHG,1.118,7800.0,65700.0,,8.0,2023-08-03,2023-08,"纳指ETF
513100.XSHG"
2023-08-04 09:31:00,止盈,创业板ETF易方达,159915.XSHE,2.21,4200.0,47000.0,309.87,11.0,2023-08-04,2023-08,"创业板ETF易方达
159915.XSHE"
2023-08-11 14:29:00,加仓,创业板ETF易方达,159915.XSHE,2.143,4000.0,51000.0,,12.0,2023-08-11,2023-08,"创业板ETF易方达
159915.XSHE"
2023-08-14 09:36:00,加仓,500ETF,510500.XSHG,5.971,1400.0,13125.0,,9.0,2023-08-14,2023-08,"500ETF
510500.XSHG"
2023-08-14 09:37:00,等级校准,500ETF,510500.XSHG,,,13125.0,,,2023-08-14,2023-08,"500ETF
510500.XSHG"
2023-08-17 09:31:00,加仓,创业板ETF易方达,159915.XSHE,2.077,4100.0,55100.0,,13.0,2023-08-17,2023-08,"创业板ETF易方达
159915.XSHE"
2023-08-17 09:32:00,等级校准,创业板ETF易方达,159915.XSHE,,,55100.0,,,2023-08-17,2023-08,"创业板ETF易方达
159915.XSHE"
2023-08-18 10:31:00,加仓,纳指ETF,513100.XSHG,1.084,8000.0,73700.0,,9.0,2023-08-18,2023-08,"纳指ETF
513100.XSHG"
2023-08-18 10:32:00,等级校准,纳指ETF,513100.XSHG,,,73700.0,,,2023-08-18,2023-08,"纳指ETF
513100.XSHG"
2023-08-22 11:10:00,加仓,创业板ETF易方达,159915.XSHE,2.013,4300.0,59400.0,,13.0,2023-08-22,2023-08,"创业板ETF易方达
159915.XSHE"
2023-08-22 11:11:00,加仓,500ETF,510500.XSHG,5.791,1500.0,14625.0,,9.0,2023-08-22,2023-08,"500ETF
510500.XSHG"
2023-08-24 09:31:00,止盈,纳指ETF,513100.XSHG,1.13,8300.0,65400.0,380.86,8.0,2023-08-24,2023-08,"纳指ETF
513100.XSHG"
2023-08-25 09:31:00,加仓,纳指ETF,513100.XSHG,1.096,7900.0,73300.0,,9.0,2023-08-25,2023-08,"纳指ETF
513100.XSHG"
2023-08-25 09:32:00,等级校准,纳指ETF,513100.XSHG,,,73300.0,,,2023-08-25,2023-08,"纳指ETF
513100.XSHG"
2023-08-28 09:31:00,止盈,500ETF,510500.XSHG,5.974,1500.0,13125.0,273.6,8.0,2023-08-28,2023-08,"500ETF
510500.XSHG"
2023-08-28 09:31:00,止盈,创业板ETF易方达,159915.XSHE,2.124,4400.0,55000.0,487.47,13.0,2023-08-28,2023-08,"创业板ETF易方达
159915.XSHE"
2023-08-28 09:38:00,加仓,创业板ETF易方达,159915.XSHE,2.056,4200.0,59200.0,,14.0,2023-08-28,2023-08,"创业板ETF易方达
159915.XSHE"
2023-08-28 09:39:00,等级校准,创业板ETF易方达,159915.XSHE,,,59200.0,,,2023-08-28,2023-08,"创业板ETF易方达
159915.XSHE"
2023-08-28 13:13:00,加仓,500ETF,510500.XSHG,5.793,1500.0,14625.0,,9.0,2023-08-28,2023-08,"500ETF
510500.XSHG"
2023-08-30 09:31:00,止盈,纳指ETF,513100.XSHG,1.135,8200.0,65100.0,318.87,8.0,2023-08-30,2023-08,"纳指ETF
513100.XSHG"
2023-09-08 09:55:00,加仓,创业板ETF易方达,159915.XSHE,1.994,4300.0,63500.0,,14.0,2023-09-08,2023-09,"创业板ETF易方达
159915.XSHE"
2023-09-11 10:12:00,止盈,黄金ETF,518880.XSHG,4.544,2000.0,14600.0,267.09,7.0,2023-09-11,2023-09,"黄金ETF
518880.XSHG"
2023-09-21 09:31:00,加仓,创业板ETF易方达,159915.XSHE,1.931,4500.0,68000.0,,15.0,2023-09-21,2023-09,"创业板ETF易方达
159915.XSHE"
2023-09-21 09:32:00,等级校准,创业板ETF易方达,159915.XSHE,,,68000.0,,,2023-09-21,2023-09,"创业板ETF易方达
159915.XSHE"
2023-09-21 13:28:00,加仓,纳指ETF,513100.XSHG,1.1,7900.0,73000.0,,9.0,2023-09-21,2023-09,"纳指ETF
513100.XSHG"
2023-10-09 09:31:00,加仓,黄金ETF,518880.XSHG,4.403,1900.0,16500.0,,8.0,2023-10-09,2023-10,"黄金ETF
518880.XSHG"
2023-10-18 14:21:00,加仓,500ETF,510500.XSHG,5.619,1500.0,16125.0,,10.0,2023-10-18,2023-10,"500ETF
510500.XSHG"
2023-10-19 09:31:00,止盈,黄金ETF,518880.XSHG,4.548,2000.0,14500.0,289.09,7.0,2023-10-19,2023-10,"黄金ETF
518880.XSHG"
2023-10-19 11:28:00,加仓,创业板ETF易方达,159915.XSHE,1.873,4600.0,72600.0,,15.0,2023-10-19,2023-10,"创业板ETF易方达
159915.XSHE"
2023-10-23 09:50:00,加仓,500ETF,510500.XSHG,5.447,1600.0,17725.0,,11.0,2023-10-23,2023-10,"500ETF
510500.XSHG"
2023-10-23 14:06:00,加仓,创业板ETF易方达,159915.XSHE,1.816,4800.0,77400.0,,16.0,2023-10-23,2023-10,"创业板ETF易方达
159915.XSHE"
2023-10-23 14:07:00,等级校准,创业板ETF易方达,159915.XSHE,,,77400.0,,,2023-10-23,2023-10,"创业板ETF易方达
159915.XSHE"
2023-10-26 09:31:00,加仓,纳指ETF,513100.XSHG,1.053,8100.0,81100.0,,10.0,2023-10-26,2023-10,"纳指ETF
513100.XSHG"
2023-10-26 09:32:00,等级校准,纳指ETF,513100.XSHG,,,81100.0,,,2023-10-26,2023-10,"纳指ETF
513100.XSHG"
2023-10-27 13:46:00,止盈,创业板ETF易方达,159915.XSHE,1.871,4900.0,72500.0,268.58,15.0,2023-10-27,2023-10,"创业板ETF易方达
159915.XSHE"
2023-10-27 14:09:00,止盈,500ETF,510500.XSHG,5.611,1600.0,16125.0,261.5,10.0,2023-10-27,2023-10,"500ETF
510500.XSHG"
2023-10-30 13:42:00,止盈,创业板ETF易方达,159915.XSHE,1.928,4800.0,67700.0,272.67,14.0,2023-10-30,2023-10,"创业板ETF易方达
159915.XSHE"
2023-11-02 09:31:00,止盈,纳指ETF,513100.XSHG,1.09,8500.0,72600.0,313.57,8.0,2023-11-02,2023-11,"纳指ETF
513100.XSHG"
2023-11-08 11:03:00,止盈,纳指ETF,513100.XSHG,1.123,8200.0,64400.0,269.68,8.0,2023-11-08,2023-11,"纳指ETF
513100.XSHG"
2023-11-15 09:31:00,止盈,纳指ETF,513100.XSHG,1.165,8000.0,56400.0,335.07,7.0,2023-11-15,2023-11,"纳指ETF
513100.XSHG"
2023-11-15 09:38:00,止盈,500ETF,510500.XSHG,5.78,1600.0,14525.0,269.48,9.0,2023-11-15,2023-11,"500ETF
510500.XSHG"
2023-11-27 11:06:00,加仓,创业板ETF易方达,159915.XSHE,1.87,4600.0,72300.0,,15.0,2023-11-27,2023-11,"创业板ETF易方达
159915.XSHE"
2023-11-30 13:57:00,加仓,500ETF,510500.XSHG,5.606,1500.0,16025.0,,10.0,2023-11-30,2023-11,"500ETF
510500.XSHG"
2023-12-14 09:31:00,止盈,纳指ETF,513100.XSHG,1.203,7700.0,48700.0,291.67,6.0,2023-12-14,2023-12,"纳指ETF
513100.XSHG"
2023-12-14 14:51:00,加仓,创业板ETF易方达,159915.XSHE,1.813,4800.0,77100.0,,16.0,2023-12-14,2023-12,"创业板ETF易方达
159915.XSHE"
2023-12-14 14:52:00,等级校准,创业板ETF易方达,159915.XSHE,,,77100.0,,,2023-12-14,2023-12,"创业板ETF易方达
159915.XSHE"
2023-12-20 13:10:00,加仓,500ETF,510500.XSHG,5.437,1600.0,17625.0,,11.0,2023-12-20,2023-12,"500ETF
510500.XSHG"
2023-12-20 14:50:00,加仓,创业板ETF易方达,159915.XSHE,1.758,4900.0,82000.0,,16.0,2023-12-20,2023-12,"创业板ETF易方达
159915.XSHE"
2023-12-28 09:56:00,止盈,黄金ETF,518880.XSHG,4.686,1900.0,12600.0,261.31,6.0,2023-12-28,2023-12,"黄金ETF
518880.XSHG"
2023-12-28 10:46:00,止盈,创业板ETF易方达,159915.XSHE,1.812,5100.0,76900.0,274.48,15.0,2023-12-28,2023-12,"创业板ETF易方达
159915.XSHE"
2024-01-04 10:41:00,加仓,创业板ETF易方达,159915.XSHE,1.757,4900.0,81800.0,,16.0,2024-01-04,2024-01,"创业板ETF易方达
159915.XSHE"
2024-01-08 13:41:00,加仓,创业板ETF易方达,159915.XSHE,1.704,5100.0,86900.0,,17.0,2024-01-08,2024-01,"创业板ETF易方达
159915.XSHE"
2024-01-08 13:42:00,等级校准,创业板ETF易方达,159915.XSHE,,,86900.0,,,2024-01-08,2024-01,"创业板ETF易方达
159915.XSHE"
2024-01-08 13:44:00,加仓,500ETF,510500.XSHG,5.272,1600.0,19225.0,,12.0,2024-01-08,2024-01,"500ETF
510500.XSHG"
2024-01-08 13:45:00,等级校准,500ETF,510500.XSHG,,,19225.0,,,2024-01-08,2024-01,"500ETF
510500.XSHG"
2024-01-18 09:31:00,加仓,创业板ETF易方达,159915.XSHE,1.646,5200.0,92100.0,,17.0,2024-01-18,2024-01,"创业板ETF易方达
159915.XSHE"
2024-01-18 09:33:00,加仓,500ETF,510500.XSHG,5.112,1700.0,20925.0,,12.0,2024-01-18,2024-01,"500ETF
510500.XSHG"
2024-01-19 09:39:00,止盈,纳指ETF,513100.XSHG,1.24,7400.0,41300.0,272.88,5.0,2024-01-19,2024-01,"纳指ETF
513100.XSHG"
2024-01-22 13:20:00,加仓,500ETF,510500.XSHG,4.957,1700.0,22625.0,,13.0,2024-01-22,2024-01,"500ETF
510500.XSHG"
2024-01-22 13:21:00,等级校准,500ETF,510500.XSHG,,,22625.0,,,2024-01-22,2024-01,"500ETF
510500.XSHG"
2024-01-22 13:27:00,止盈,纳指ETF,513100.XSHG,1.278,7200.0,34100.0,272.68,4.0,2024-01-22,2024-01,"纳指ETF
513100.XSHG"
2024-01-23 09:32:00,加仓,500ETF,510500.XSHG,4.807,1800.0,24425.0,,13.0,2024-01-23,2024-01,"500ETF
510500.XSHG"
2024-01-23 13:24:00,止盈,500ETF,510500.XSHG,4.955,1800.0,22625.0,265.51,12.0,2024-01-23,2024-01,"500ETF
510500.XSHG"
2024-01-25 10:38:00,止盈,500ETF,510500.XSHG,5.105,1800.0,20825.0,269.08,12.0,2024-01-25,2024-01,"500ETF
510500.XSHG"
2024-01-29 13:07:00,加仓,创业板ETF易方达,159915.XSHE,1.596,5400.0,97500.0,,18.0,2024-01-29,2024-01,"创业板ETF易方达
159915.XSHE"
2024-01-29 13:08:00,等级校准,创业板ETF易方达,159915.XSHE,,,97500.0,,,2024-01-29,2024-01,"创业板ETF易方达
159915.XSHE"
2024-01-30 14:20:00,加仓,500ETF,510500.XSHG,4.95,1700.0,22525.0,,13.0,2024-01-30,2024-01,"500ETF
510500.XSHG"
2024-01-30 14:21:00,等级校准,500ETF,510500.XSHG,,,22525.0,,,2024-01-30,2024-01,"500ETF
510500.XSHG"
2024-01-30 14:46:00,加仓,创业板ETF易方达,159915.XSHE,1.548,5600.0,103100.0,,18.0,2024-01-30,2024-01,"创业板ETF易方达
159915.XSHE"
2024-01-30 14:47:00,等级校准,创业板ETF易方达,159915.XSHE,,,103100.0,,,2024-01-30,2024-01,"创业板ETF易方达
159915.XSHE"
2024-01-31 10:26:00,加仓,500ETF,510500.XSHG,4.8,1800.0,24325.0,,13.0,2024-01-31,2024-01,"500ETF
510500.XSHG"
2024-02-02 13:10:00,加仓,500ETF,510500.XSHG,4.654,1800.0,26125.0,,14.0,2024-02-02,2024-02,"500ETF
510500.XSHG"
2024-02-02 13:11:00,等级校准,500ETF,510500.XSHG,,,26125.0,,,2024-02-02,2024-02,"500ETF
510500.XSHG"
2024-02-02 14:01:00,加仓,创业板ETF易方达,159915.XSHE,1.501,5800.0,108900.0,,18.0,2024-02-02,2024-02,"创业板ETF易方达
159915.XSHE"
2024-02-02 14:25:00,加仓,500ETF,510500.XSHG,4.513,1900.0,28025.0,,14.0,2024-02-02,2024-02,"500ETF
510500.XSHG"
2024-02-02 14:36:00,止盈,500ETF,510500.XSHG,4.653,1900.0,26125.0,265.12,13.0,2024-02-02,2024-02,"500ETF
510500.XSHG"
2024-02-05 09:48:00,加仓,500ETF,510500.XSHG,4.513,1900.0,28025.0,,14.0,2024-02-05,2024-02,"500ETF
510500.XSHG"
2024-02-05 10:51:00,加仓,500ETF,510500.XSHG,4.366,1900.0,29925.0,,15.0,2024-02-05,2024-02,"500ETF
510500.XSHG"
2024-02-05 10:52:00,等级校准,500ETF,510500.XSHG,,,29925.0,,,2024-02-05,2024-02,"500ETF
510500.XSHG"
2024-02-05 13:19:00,止盈,500ETF,510500.XSHG,4.505,2000.0,27925.0,277.1,14.0,2024-02-05,2024-02,"500ETF
510500.XSHG"
2024-02-05 13:33:00,止盈,创业板ETF易方达,159915.XSHE,1.549,5900.0,103000.0,282.29,17.0,2024-02-05,2024-02,"创业板ETF易方达
159915.XSHE"
2024-02-05 13:55:00,止盈,500ETF,510500.XSHG,4.641,1900.0,26025.0,257.52,13.0,2024-02-05,2024-02,"500ETF
510500.XSHG"
2024-02-06 09:31:00,加仓,500ETF,510500.XSHG,4.49,1900.0,27925.0,,14.0,2024-02-06,2024-02,"500ETF
510500.XSHG"
2024-02-06 09:32:00,等级校准,500ETF,510500.XSHG,,,27925.0,,,2024-02-06,2024-02,"500ETF
510500.XSHG"
2024-02-06 09:49:00,止盈,500ETF,510500.XSHG,4.625,2000.0,25925.0,269.07,13.0,2024-02-06,2024-02,"500ETF
510500.XSHG"
2024-02-06 13:05:00,止盈,500ETF,510500.XSHG,4.764,1900.0,24025.0,263.19,13.0,2024-02-06,2024-02,"500ETF
510500.XSHG"
2024-02-06 13:08:00,止盈,创业板ETF易方达,159915.XSHE,1.596,5800.0,97200.0,271.67,17.0,2024-02-06,2024-02,"创业板ETF易方达
159915.XSHE"
2024-02-06 13:43:00,止盈,500ETF,510500.XSHG,4.912,1800.0,22225.0,265.52,12.0,2024-02-06,2024-02,"500ETF
510500.XSHG"
2024-02-07 09:36:00,止盈,创业板ETF易方达,159915.XSHE,1.645,5600.0,91600.0,273.48,16.0,2024-02-07,2024-02,"创业板ETF易方达
159915.XSHE"
2024-02-07 09:53:00,止盈,500ETF,510500.XSHG,5.065,1800.0,20425.0,274.49,12.0,2024-02-07,2024-02,"500ETF
510500.XSHG"
2024-02-07 14:58:00,止盈,500ETF,510500.XSHG,5.217,1700.0,18725.0,257.51,11.0,2024-02-07,2024-02,"500ETF
510500.XSHG"
2024-02-08 09:35:00,止盈,500ETF,510500.XSHG,5.376,1700.0,17025.0,269.39,10.0,2024-02-08,2024-02,"500ETF
510500.XSHG"
2024-02-08 09:36:00,止盈,创业板ETF易方达,159915.XSHE,1.697,5400.0,86200.0,279.88,16.0,2024-02-08,2024-02,"创业板ETF易方达
159915.XSHE"
2024-02-19 09:34:00,加仓,500ETF,510500.XSHG,5.209,1600.0,18625.0,,11.0,2024-02-19,2024-02,"500ETF
510500.XSHG"
2024-02-19 09:35:00,等级校准,500ETF,510500.XSHG,,,18625.0,,,2024-02-19,2024-02,"500ETF
510500.XSHG"
2024-02-23 09:31:00,止盈,纳指ETF,513100.XSHG,1.322,7000.0,27100.0,307.07,3.0,2024-02-23,2024-02,"纳指ETF
513100.XSHG"
2024-02-27 14:29:00,止盈,500ETF,510500.XSHG,5.366,1700.0,16925.0,265.99,10.0,2024-02-27,2024-02,"500ETF
510500.XSHG"
2024-02-28 09:31:00,止盈,创业板ETF易方达,159915.XSHE,1.751,5300.0,80900.0,285.27,15.0,2024-02-28,2024-02,"创业板ETF易方达
159915.XSHE"
2024-02-29 09:31:00,加仓,创业板ETF易方达,159915.XSHE,1.698,5100.0,86000.0,,16.0,2024-02-29,2024-02,"创业板ETF易方达
159915.XSHE"
2024-02-29 10:43:00,止盈,创业板ETF易方达,159915.XSHE,1.749,5300.0,80700.0,269.37,15.0,2024-02-29,2024-02,"创业板ETF易方达
159915.XSHE"
2024-03-07 09:31:00,止盈,黄金ETF,518880.XSHG,4.847,1900.0,10700.0,304.98,5.0,2024-03-07,2024-03,"黄金ETF
518880.XSHG"
2024-03-11 11:16:00,止盈,创业板ETF易方达,159915.XSHE,1.802,5100.0,75600.0,269.38,15.0,2024-03-11,2024-03,"创业板ETF易方达
159915.XSHE"
2024-03-11 14:53:00,止盈,500ETF,510500.XSHG,5.529,1600.0,15325.0,259.92,9.0,2024-03-11,2024-03,"500ETF
510500.XSHG"
2024-03-12 09:56:00,止盈,创业板ETF易方达,159915.XSHE,1.858,4900.0,70700.0,273.49,14.0,2024-03-12,2024-03,"创业板ETF易方达
159915.XSHE"
2024-03-15 10:44:00,加仓,创业板ETF易方达,159915.XSHE,1.802,4800.0,75500.0,,15.0,2024-03-15,2024-03,"创业板ETF易方达
159915.XSHE"
2024-03-18 09:43:00,止盈,创业板ETF易方达,159915.XSHE,1.858,4900.0,70600.0,273.49,14.0,2024-03-18,2024-03,"创业板ETF易方达
159915.XSHE"
2024-03-25 10:07:00,加仓,创业板ETF易方达,159915.XSHE,1.802,4800.0,75400.0,,15.0,2024-03-25,2024-03,"创业板ETF易方达
159915.XSHE"
2024-03-26 11:04:00,加仓,500ETF,510500.XSHG,5.362,1600.0,16925.0,,10.0,2024-03-26,2024-03,"500ETF
510500.XSHG"
2024-03-27 14:52:00,加仓,创业板ETF易方达,159915.XSHE,1.747,4900.0,80300.0,,16.0,2024-03-27,2024-03,"创业板ETF易方达
159915.XSHE"
2024-03-27 14:53:00,等级校准,创业板ETF易方达,159915.XSHE,,,80300.0,,,2024-03-27,2024-03,"创业板ETF易方达
159915.XSHE"
2024-03-28 09:31:00,止盈,黄金ETF,518880.XSHG,5.0,1800.0,8900.0,274.5,4.0,2024-03-28,2024-03,"黄金ETF
518880.XSHG"
2024-04-01 09:31:00,止盈,黄金ETF,518880.XSHG,5.173,1800.0,7100.0,310.47,4.0,2024-04-01,2024-04,"黄金ETF
518880.XSHG"
2024-04-01 09:40:00,止盈,创业板ETF易方达,159915.XSHE,1.8,5100.0,75200.0,269.38,15.0,2024-04-01,2024-04,"创业板ETF易方达
159915.XSHE"
2024-04-08 09:56:00,止盈,黄金ETF,518880.XSHG,5.332,1700.0,5400.0,269.39,3.0,2024-04-08,2024-04,"黄金ETF
518880.XSHG"
2024-04-10 10:14:00,加仓,创业板ETF易方达,159915.XSHE,1.746,5000.0,80200.0,,16.0,2024-04-10,2024-04,"创业板ETF易方达
159915.XSHE"
2024-04-10 10:15:00,等级校准,创业板ETF易方达,159915.XSHE,,,80200.0,,,2024-04-10,2024-04,"创业板ETF易方达
159915.XSHE"
2024-04-12 14:46:00,止盈,黄金ETF,518880.XSHG,5.492,1600.0,3800.0,255.12,2.0,2024-04-12,2024-04,"黄金ETF
518880.XSHG"
2024-04-18 09:31:00,加仓,纳指ETF,513100.XSHG,1.281,6800.0,33900.0,,4.0,2024-04-18,2024-04,"纳指ETF
513100.XSHG"
2024-04-19 11:19:00,加仓,创业板ETF易方达,159915.XSHE,1.693,5100.0,85300.0,,16.0,2024-04-19,2024-04,"创业板ETF易方达
159915.XSHE"
2024-04-23 09:31:00,加仓,黄金ETF,518880.XSHG,5.319,1600.0,5400.0,,3.0,2024-04-23,2024-04,"黄金ETF
518880.XSHG"
2024-04-26 10:11:00,止盈,创业板ETF易方达,159915.XSHE,1.744,5300.0,80000.0,269.38,15.0,2024-04-26,2024-04,"创业板ETF易方达
159915.XSHE"
2024-04-29 09:36:00,止盈,创业板ETF易方达,159915.XSHE,1.798,5100.0,74900.0,274.48,14.0,2024-04-29,2024-04,"创业板ETF易方达
159915.XSHE"
2024-04-29 10:05:00,止盈,500ETF,510500.XSHG,5.523,1600.0,15325.0,256.72,9.0,2024-04-29,2024-04,"500ETF
510500.XSHG"
2024-04-29 11:22:00,止盈,创业板ETF易方达,159915.XSHE,1.853,5000.0,69900.0,274.07,14.0,2024-04-29,2024-04,"创业板ETF易方达
159915.XSHE"
2024-05-10 09:32:00,止盈,纳指ETF,513100.XSHG,1.32,7000.0,26900.0,272.08,3.0,2024-05-10,2024-05,"纳指ETF
513100.XSHG"
2024-05-15 14:46:00,加仓,创业板ETF易方达,159915.XSHE,1.797,4800.0,74700.0,,15.0,2024-05-15,2024-05,"创业板ETF易方达
159915.XSHE"
2024-05-15 14:47:00,等级校准,创业板ETF易方达,159915.XSHE,,,74700.0,,,2024-05-15,2024-05,"创业板ETF易方达
159915.XSHE"
2024-05-20 09:31:00,止盈,黄金ETF,518880.XSHG,5.524,1600.0,3800.0,327.12,2.0,2024-05-20,2024-05,"黄金ETF
518880.XSHG"
2024-05-21 09:31:00,止盈,纳指ETF,513100.XSHG,1.365,6800.0,20100.0,305.07,3.0,2024-05-21,2024-05,"纳指ETF
513100.XSHG"
2024-05-23 09:32:00,加仓,黄金ETF,518880.XSHG,5.354,1600.0,5400.0,,3.0,2024-05-23,2024-05,"黄金ETF
518880.XSHG"
2024-05-24 13:16:00,加仓,500ETF,510500.XSHG,5.357,1600.0,16925.0,,10.0,2024-05-24,2024-05,"500ETF
510500.XSHG"
2024-06-07 10:35:00,加仓,创业板ETF易方达,159915.XSHE,1.743,5000.0,79700.0,,15.0,2024-06-07,2024-06,"创业板ETF易方达
159915.XSHE"
2024-06-12 09:31:00,止盈,纳指ETF,513100.XSHG,1.408,6500.0,13600.0,278.58,2.0,2024-06-12,2024-06,"纳指ETF
513100.XSHG"
2024-06-18 09:31:00,止盈,纳指ETF,513100.XSHG,1.457,6300.0,7300.0,307.78,1.0,2024-06-18,2024-06,"纳指ETF
513100.XSHG"
2024-06-20 10:04:00,加仓,500ETF,510500.XSHG,5.193,1600.0,18525.0,,11.0,2024-06-20,2024-06,"500ETF
510500.XSHG"
2024-06-20 10:05:00,等级校准,500ETF,510500.XSHG,,,18525.0,,,2024-06-20,2024-06,"500ETF
510500.XSHG"
2024-06-25 09:35:00,加仓,创业板ETF易方达,159915.XSHE,1.69,5100.0,84800.0,,16.0,2024-06-25,2024-06,"创业板ETF易方达
159915.XSHE"
2024-06-25 09:47:00,加仓,500ETF,510500.XSHG,5.034,1700.0,20225.0,,11.0,2024-06-25,2024-06,"500ETF
510500.XSHG"
2024-07-01 09:49:00,加仓,创业板ETF易方达,159915.XSHE,1.637,5300.0,90100.0,,17.0,2024-07-01,2024-07,"创业板ETF易方达
159915.XSHE"
2024-07-01 09:50:00,等级校准,创业板ETF易方达,159915.XSHE,,,90100.0,,,2024-07-01,2024-07,"创业板ETF易方达
159915.XSHE"
2024-07-03 10:57:00,止盈,纳指ETF,513100.XSHG,1.501,6100.0,1200.0,267.48,1.0,2024-07-03,2024-07,"纳指ETF
513100.XSHG"
2024-07-05 09:33:00,加仓,500ETF,510500.XSHG,4.881,1700.0,21925.0,,12.0,2024-07-05,2024-07,"500ETF
510500.XSHG"
2024-07-08 09:31:00,止盈（部分）,纳指ETF,513100.XSHG,1.547,1200.0,0.0,55.01,0.0,2024-07-08,2024-07,"纳指ETF
513100.XSHG"
2024-07-08 09:31:00,清仓,纳指ETF,513100.XSHG,,,,,0.0,2024-07-08,2024-07,"纳指ETF
513100.XSHG"
2024-07-08 09:32:00,重装建仓,纳指ETF,513100.XSHG,1.543,51800.0,51800.0,,,2024-07-08,2024-07,"纳指ETF
513100.XSHG"
2024-07-08 09:33:00,底仓到账,纳指ETF,513100.XSHG,,,51800.0,,8.0,2024-07-08,2024-07,"纳指ETF
513100.XSHG"
2024-07-09 10:30:00,加仓,创业板ETF易方达,159915.XSHE,1.587,5400.0,95500.0,,17.0,2024-07-09,2024-07,"创业板ETF易方达
159915.XSHE"
2024-07-11 09:31:00,止盈,创业板ETF易方达,159915.XSHE,1.64,5600.0,89900.0,295.88,16.0,2024-07-11,2024-07,"创业板ETF易方达
159915.XSHE"
2024-07-12 09:34:00,加仓,纳指ETF,513100.XSHG,1.496,5800.0,57600.0,,9.0,2024-07-12,2024-07,"纳指ETF
513100.XSHG"
2024-07-16 09:31:00,止盈,纳指ETF,513100.XSHG,1.544,6000.0,51600.0,287.07,8.0,2024-07-16,2024-07,"纳指ETF
513100.XSHG"
2024-07-17 09:31:00,止盈,黄金ETF,518880.XSHG,5.6,1600.0,3800.0,392.7,2.0,2024-07-17,2024-07,"黄金ETF
518880.XSHG"
2024-07-18 09:31:00,加仓,纳指ETF,513100.XSHG,1.467,5800.0,57400.0,,9.0,2024-07-18,2024-07,"纳指ETF
513100.XSHG"
2024-07-19 10:42:00,止盈,创业板ETF易方达,159915.XSHE,1.69,5400.0,84500.0,269.09,15.0,2024-07-19,2024-07,"创业板ETF易方达
159915.XSHE"
2024-07-19 14:10:00,加仓,黄金ETF,518880.XSHG,5.428,1600.0,5400.0,,3.0,2024-07-19,2024-07,"黄金ETF
518880.XSHG"
2024-07-24 09:31:00,加仓,创业板ETF易方达,159915.XSHE,1.636,5300.0,89800.0,,16.0,2024-07-24,2024-07,"创业板ETF易方达
159915.XSHE"
2024-07-24 14:39:00,加仓,500ETF,510500.XSHG,4.733,1800.0,23725.0,,13.0,2024-07-24,2024-07,"500ETF
510500.XSHG"
2024-07-24 14:40:00,等级校准,500ETF,510500.XSHG,,,23725.0,,,2024-07-24,2024-07,"500ETF
510500.XSHG"
2024-07-25 09:31:00,加仓,纳指ETF,513100.XSHG,1.41,6100.0,63500.0,,10.0,2024-07-25,2024-07,"纳指ETF
513100.XSHG"
2024-07-31 10:31:00,止盈,500ETF,510500.XSHG,4.883,1900.0,21825.0,284.07,12.0,2024-07-31,2024-07,"500ETF
510500.XSHG"
2024-08-01 09:31:00,止盈,纳指ETF,513100.XSHG,1.465,6300.0,57200.0,345.58,9.0,2024-08-01,2024-08,"纳指ETF
513100.XSHG"
2024-08-02 09:31:00,加仓,纳指ETF,513100.XSHG,1.411,6100.0,63300.0,,10.0,2024-08-02,2024-08,"纳指ETF
513100.XSHG"
2024-08-05 09:31:00,加仓,纳指ETF,513100.XSHG,1.331,6300.0,69600.0,,11.0,2024-08-05,2024-08,"纳指ETF
513100.XSHG"
2024-08-05 09:32:00,等级校准,纳指ETF,513100.XSHG,,,69600.0,,,2024-08-05,2024-08,"纳指ETF
513100.XSHG"
2024-08-05 13:26:00,加仓,纳指ETF,513100.XSHG,1.291,6700.0,76300.0,,11.0,2024-08-05,2024-08,"纳指ETF
513100.XSHG"
2024-08-05 13:37:00,加仓,创业板ETF易方达,159915.XSHE,1.585,5500.0,95300.0,,17.0,2024-08-05,2024-08,"创业板ETF易方达
159915.XSHE"
2024-08-06 09:31:00,止盈,纳指ETF,513100.XSHG,1.336,6900.0,69400.0,309.58,10.0,2024-08-06,2024-08,"纳指ETF
513100.XSHG"
2024-08-13 14:40:00,止盈,纳指ETF,513100.XSHG,1.377,6700.0,62700.0,273.78,9.0,2024-08-13,2024-08,"纳指ETF
513100.XSHG"
2024-08-14 14:58:00,加仓,500ETF,510500.XSHG,4.736,1800.0,23625.0,,13.0,2024-08-14,2024-08,"500ETF
510500.XSHG"
2024-08-14 14:59:00,等级校准,500ETF,510500.XSHG,,,23625.0,,,2024-08-14,2024-08,"500ETF
510500.XSHG"
2024-08-15 09:36:00,止盈,纳指ETF,513100.XSHG,1.419,6500.0,56200.0,272.08,8.0,2024-08-15,2024-08,"纳指ETF
513100.XSHG"
2024-08-16 09:31:00,止盈,纳指ETF,513100.XSHG,1.463,6300.0,49900.0,276.28,8.0,2024-08-16,2024-08,"纳指ETF
513100.XSHG"
2024-08-20 14:46:00,加仓,创业板ETF易方达,159915.XSHE,1.537,5600.0,100900.0,,18.0,2024-08-20,2024-08,"创业板ETF易方达
159915.XSHE"
2024-08-20 14:47:00,等级校准,创业板ETF易方达,159915.XSHE,,,100900.0,,,2024-08-20,2024-08,"创业板ETF易方达
159915.XSHE"
2024-08-23 10:53:00,加仓,500ETF,510500.XSHG,4.593,1900.0,25525.0,,13.0,2024-08-23,2024-08,"500ETF
510500.XSHG"
2024-08-29 09:31:00,加仓,纳指ETF,513100.XSHG,1.41,6100.0,56000.0,,9.0,2024-08-29,2024-08,"纳指ETF
513100.XSHG"
2024-08-29 09:31:00,加仓,创业板ETF易方达,159915.XSHE,1.487,5800.0,106700.0,,18.0,2024-08-29,2024-08,"创业板ETF易方达
159915.XSHE"
2024-08-29 09:32:00,等级校准,纳指ETF,513100.XSHG,,,56000.0,,,2024-08-29,2024-08,"纳指ETF
513100.XSHG"
2024-08-29 09:32:00,等级校准,创业板ETF易方达,159915.XSHE,,,106700.0,,,2024-08-29,2024-08,"创业板ETF易方达
159915.XSHE"
2024-08-30 09:45:00,止盈,创业板ETF易方达,159915.XSHE,1.532,6000.0,100700.0,269.08,17.0,2024-08-30,2024-08,"创业板ETF易方达
159915.XSHE"
2024-08-30 10:47:00,止盈,500ETF,510500.XSHG,4.731,1900.0,23625.0,261.3,12.0,2024-08-30,2024-08,"500ETF
510500.XSHG"
2024-09-04 13:04:00,加仓,纳指ETF,513100.XSHG,1.367,6300.0,62300.0,,9.0,2024-09-04,2024-09,"纳指ETF
513100.XSHG"
2024-09-09 09:34:00,加仓,500ETF,510500.XSHG,4.588,1900.0,25525.0,,13.0,2024-09-09,2024-09,"500ETF
510500.XSHG"
2024-09-12 09:31:00,止盈,纳指ETF,513100.XSHG,1.414,6500.0,55800.0,304.58,8.0,2024-09-12,2024-09,"纳指ETF
513100.XSHG"
2024-09-13 09:31:00,止盈,黄金ETF,518880.XSHG,5.613,1600.0,3800.0,295.1,2.0,2024-09-13,2024-09,"黄金ETF
518880.XSHG"
2024-09-20 10:03:00,止盈,纳指ETF,513100.XSHG,1.457,6300.0,49500.0,269.98,8.0,2024-09-20,2024-09,"纳指ETF
513100.XSHG"
2024-09-24 13:01:00,止盈,500ETF,510500.XSHG,4.738,1900.0,23625.0,284.1,13.0,2024-09-24,2024-09,"500ETF
510500.XSHG"
2024-09-24 13:11:00,止盈,创业板ETF易方达,159915.XSHE,1.578,5800.0,94900.0,265.88,16.0,2024-09-24,2024-09,"创业板ETF易方达
159915.XSHE"
2024-09-25 09:40:00,止盈,500ETF,510500.XSHG,4.894,1800.0,21825.0,279.92,12.0,2024-09-25,2024-09,"500ETF
510500.XSHG"
2024-09-25 09:40:00,止盈,创业板ETF易方达,159915.XSHE,1.63,5700.0,89200.0,295.47,16.0,2024-09-25,2024-09,"创业板ETF易方达
159915.XSHE"
2024-09-26 14:46:00,止盈,创业板ETF易方达,159915.XSHE,1.679,5500.0,83700.0,268.58,15.0,2024-09-26,2024-09,"创业板ETF易方达
159915.XSHE"
2024-09-26 14:58:00,止盈,500ETF,510500.XSHG,5.047,1800.0,20025.0,274.49,11.0,2024-09-26,2024-09,"500ETF
510500.XSHG"
2024-09-27 09:32:00,止盈,创业板ETF易方达,159915.XSHE,1.737,5300.0,78400.0,306.48,15.0,2024-09-27,2024-09,"创业板ETF易方达
159915.XSHE"
2024-09-27 09:57:00,止盈,500ETF,510500.XSHG,5.201,1700.0,18325.0,260.92,10.0,2024-09-27,2024-09,"500ETF
510500.XSHG"
2024-09-27 10:39:00,止盈,创业板ETF易方达,159915.XSHE,1.793,5100.0,73300.0,284.69,14.0,2024-09-27,2024-09,"创业板ETF易方达
159915.XSHE"
2024-09-27 11:23:00,止盈,500ETF,510500.XSHG,5.379,1700.0,16625.0,301.69,10.0,2024-09-27,2024-09,"500ETF
510500.XSHG"
2024-09-27 13:01:00,止盈,创业板ETF易方达,159915.XSHE,1.847,5000.0,68300.0,269.08,14.0,2024-09-27,2024-09,"创业板ETF易方达
159915.XSHE"
2024-09-27 13:08:00,加仓,纳指ETF,513100.XSHG,1.411,6100.0,55600.0,,9.0,2024-09-27,2024-09,"纳指ETF
513100.XSHG"
2024-09-27 13:09:00,等级校准,纳指ETF,513100.XSHG,,,55600.0,,,2024-09-27,2024-09,"纳指ETF
513100.XSHG"
2024-09-27 13:10:00,止盈,500ETF,510500.XSHG,5.551,1600.0,15025.0,274.31,9.0,2024-09-27,2024-09,"500ETF
510500.XSHG"
2024-09-27 13:29:00,加仓,500ETF,510500.XSHG,5.38,1600.0,16625.0,,10.0,2024-09-27,2024-09,"500ETF
510500.XSHG"
2024-09-30 09:31:00,止盈,500ETF,510500.XSHG,5.787,1600.0,15025.0,650.27,10.0,2024-09-30,2024-09,"500ETF
510500.XSHG"
2024-09-30 09:31:00,止盈,创业板ETF易方达,159915.XSHE,1.996,4800.0,63500.0,714.24,14.0,2024-09-30,2024-09,"创业板ETF易方达
159915.XSHE"
2024-09-30 09:41:00,加仓,500ETF,510500.XSHG,5.599,1500.0,16525.0,,11.0,2024-09-30,2024-09,"500ETF
510500.XSHG"
2024-09-30 09:42:00,等级校准,500ETF,510500.XSHG,,,16525.0,,,2024-09-30,2024-09,"500ETF
510500.XSHG"
2024-09-30 09:53:00,加仓,创业板ETF易方达,159915.XSHE,1.933,4500.0,68000.0,,15.0,2024-09-30,2024-09,"创业板ETF易方达
159915.XSHE"
2024-09-30 09:54:00,等级校准,创业板ETF易方达,159915.XSHE,,,68000.0,,,2024-09-30,2024-09,"创业板ETF易方达
159915.XSHE"
2024-09-30 10:19:00,止盈,创业板ETF易方达,159915.XSHE,1.994,4600.0,63400.0,279.68,14.0,2024-09-30,2024-09,"创业板ETF易方达
159915.XSHE"
2024-09-30 10:54:00,止盈,500ETF,510500.XSHG,5.775,1600.0,14925.0,280.68,9.0,2024-09-30,2024-09,"500ETF
510500.XSHG"
2024-09-30 10:58:00,止盈,创业板ETF易方达,159915.XSHE,2.054,4500.0,58900.0,269.08,13.0,2024-09-30,2024-09,"创业板ETF易方达
159915.XSHE"
2024-09-30 13:02:00,止盈,创业板ETF易方达,159915.XSHE,2.126,4300.0,54600.0,308.69,13.0,2024-09-30,2024-09,"创业板ETF易方达
159915.XSHE"
2024-09-30 13:37:00,止盈,500ETF,510500.XSHG,5.949,1500.0,13425.0,260.11,8.0,2024-09-30,2024-09,"500ETF
510500.XSHG"
2024-09-30 13:48:00,止盈,创业板ETF易方达,159915.XSHE,2.192,4200.0,50400.0,276.28,12.0,2024-09-30,2024-09,"创业板ETF易方达
159915.XSHE"
2024-09-30 14:25:00,加仓,创业板ETF易方达,159915.XSHE,2.115,4100.0,54500.0,,13.0,2024-09-30,2024-09,"创业板ETF易方达
159915.XSHE"
2024-09-30 14:26:00,等级校准,创业板ETF易方达,159915.XSHE,,,54500.0,,,2024-09-30,2024-09,"创业板ETF易方达
159915.XSHE"
2024-09-30 14:45:00,止盈,创业板ETF易方达,159915.XSHE,2.181,4200.0,50300.0,276.28,12.0,2024-09-30,2024-09,"创业板ETF易方达
159915.XSHE"
2024-10-08 09:31:00,止盈,500ETF,510500.XSHG,6.595,1500.0,11925.0,968.01,9.0,2024-10-08,2024-10,"500ETF
510500.XSHG"
2024-10-08 09:31:00,止盈,创业板ETF易方达,159915.XSHE,2.678,4100.0,46200.0,2036.6,14.0,2024-10-08,2024-10,"创业板ETF易方达
159915.XSHE"
2024-10-08 09:43:00,加仓,创业板ETF易方达,159915.XSHE,2.556,3300.0,49500.0,,15.0,2024-10-08,2024-10,"创业板ETF易方达
159915.XSHE"
2024-10-08 09:44:00,等级校准,创业板ETF易方达,159915.XSHE,,,49500.0,,,2024-10-08,2024-10,"创业板ETF易方达
159915.XSHE"
2024-10-08 09:47:00,加仓,500ETF,510500.XSHG,6.394,1300.0,13225.0,,10.0,2024-10-08,2024-10,"500ETF
510500.XSHG"
2024-10-08 09:48:00,等级校准,500ETF,510500.XSHG,,,13225.0,,,2024-10-08,2024-10,"500ETF
510500.XSHG"
2024-10-08 10:32:00,加仓,500ETF,510500.XSHG,6.202,1400.0,14625.0,,10.0,2024-10-08,2024-10,"500ETF
510500.XSHG"
2024-10-08 10:34:00,加仓,创业板ETF易方达,159915.XSHE,2.471,3500.0,53000.0,,15.0,2024-10-08,2024-10,"创业板ETF易方达
159915.XSHE"
2024-10-08 10:35:00,等级校准,创业板ETF易方达,159915.XSHE,,,53000.0,,,2024-10-08,2024-10,"创业板ETF易方达
159915.XSHE"
2024-10-08 10:37:00,加仓,创业板ETF易方达,159915.XSHE,2.339,3600.0,56600.0,,15.0,2024-10-08,2024-10,"创业板ETF易方达
159915.XSHE"
2024-10-08 10:38:00,加仓,500ETF,510500.XSHG,6.007,1400.0,16025.0,,11.0,2024-10-08,2024-10,"500ETF
510500.XSHG"
2024-10-08 10:38:00,等级校准,创业板ETF易方达,159915.XSHE,,,56600.0,,,2024-10-08,2024-10,"创业板ETF易方达
159915.XSHE"
2024-10-08 10:43:00,止盈,500ETF,510500.XSHG,6.202,1400.0,14625.0,272.13,10.0,2024-10-08,2024-10,"500ETF
510500.XSHG"
2024-10-08 10:43:00,止盈,创业板ETF易方达,159915.XSHE,2.422,3800.0,52800.0,314.48,14.0,2024-10-08,2024-10,"创业板ETF易方达
159915.XSHE"
2024-10-08 10:45:00,止盈,创业板ETF易方达,159915.XSHE,2.509,3700.0,49100.0,320.97,14.0,2024-10-08,2024-10,"创业板ETF易方达
159915.XSHE"
2024-10-08 10:52:00,加仓,创业板ETF易方达,159915.XSHE,2.407,3500.0,52600.0,,15.0,2024-10-08,2024-10,"创业板ETF易方达
159915.XSHE"
2024-10-08 10:53:00,等级校准,创业板ETF易方达,159915.XSHE,,,52600.0,,,2024-10-08,2024-10,"创业板ETF易方达
159915.XSHE"
2024-10-08 11:09:00,止盈,创业板ETF易方达,159915.XSHE,2.502,3700.0,48900.0,350.57,13.0,2024-10-08,2024-10,"创业板ETF易方达
159915.XSHE"
2024-10-08 13:36:00,加仓,创业板ETF易方达,159915.XSHE,2.416,3500.0,52400.0,,14.0,2024-10-08,2024-10,"创业板ETF易方达
159915.XSHE"
2024-10-08 14:02:00,止盈,创业板ETF易方达,159915.XSHE,2.493,3700.0,48700.0,283.98,13.0,2024-10-08,2024-10,"创业板ETF易方达
159915.XSHE"
2024-10-08 14:29:00,止盈,创业板ETF易方达,159915.XSHE,2.579,3600.0,45100.0,308.67,13.0,2024-10-08,2024-10,"创业板ETF易方达
159915.XSHE"
2024-10-08 14:41:00,止盈,创业板ETF易方达,159915.XSHE,2.668,3400.0,41700.0,301.69,12.0,2024-10-08,2024-10,"创业板ETF易方达
159915.XSHE"
2024-10-09 09:31:00,加仓,创业板ETF易方达,159915.XSHE,2.389,3300.0,45000.0,,13.0,2024-10-09,2024-10,"创业板ETF易方达
159915.XSHE"
2024-10-09 09:32:00,加仓,500ETF,510500.XSHG,5.986,1400.0,16025.0,,11.0,2024-10-09,2024-10,"500ETF
510500.XSHG"
2024-10-09 09:32:00,等级校准,创业板ETF易方达,159915.XSHE,,,45000.0,,,2024-10-09,2024-10,"创业板ETF易方达
159915.XSHE"
2024-10-09 09:32:00,加仓,创业板ETF易方达,159915.XSHE,2.271,3700.0,48700.0,,13.0,2024-10-09,2024-10,"创业板ETF易方达
159915.XSHE"
2024-10-09 09:33:00,等级校准,500ETF,510500.XSHG,,,16025.0,,,2024-10-09,2024-10,"500ETF
510500.XSHG"
2024-10-09 09:33:00,等级校准,创业板ETF易方达,159915.XSHE,,,48700.0,,,2024-10-09,2024-10,"创业板ETF易方达
159915.XSHE"
2024-10-09 09:34:00,止盈,创业板ETF易方达,159915.XSHE,2.35,3900.0,44800.0,307.18,11.0,2024-10-09,2024-10,"创业板ETF易方达
159915.XSHE"
2024-10-09 09:51:00,止盈,创业板ETF易方达,159915.XSHE,2.43,3800.0,41000.0,303.08,11.0,2024-10-09,2024-10,"创业板ETF易方达
159915.XSHE"
2024-10-09 09:52:00,止盈,500ETF,510500.XSHG,6.171,1500.0,14525.0,276.57,10.0,2024-10-09,2024-10,"500ETF
510500.XSHG"
2024-10-09 10:11:00,加仓,创业板ETF易方达,159915.XSHE,2.35,3700.0,44700.0,,12.0,2024-10-09,2024-10,"创业板ETF易方达
159915.XSHE"
2024-10-09 10:12:00,等级校准,创业板ETF易方达,159915.XSHE,,,44700.0,,,2024-10-09,2024-10,"创业板ETF易方达
159915.XSHE"
2024-10-09 10:35:00,加仓,500ETF,510500.XSHG,5.973,1400.0,15925.0,,11.0,2024-10-09,2024-10,"500ETF
510500.XSHG"
2024-10-09 10:36:00,等级校准,500ETF,510500.XSHG,,,15925.0,,,2024-10-09,2024-10,"500ETF
510500.XSHG"
2024-10-09 11:11:00,加仓,创业板ETF易方达,159915.XSHE,2.279,3800.0,48500.0,,12.0,2024-10-09,2024-10,"创业板ETF易方达
159915.XSHE"
2024-10-09 11:21:00,加仓,500ETF,510500.XSHG,5.792,1500.0,17425.0,,11.0,2024-10-09,2024-10,"500ETF
510500.XSHG"
2024-10-09 13:02:00,止盈,500ETF,510500.XSHG,5.991,1500.0,15925.0,297.6,10.0,2024-10-09,2024-10,"500ETF
510500.XSHG"
2024-10-09 13:02:00,止盈,创业板ETF易方达,159915.XSHE,2.361,3900.0,44600.0,318.88,11.0,2024-10-09,2024-10,"创业板ETF易方达
159915.XSHE"
2024-10-09 13:37:00,止盈,创业板ETF易方达,159915.XSHE,2.432,3800.0,40800.0,268.88,11.0,2024-10-09,2024-10,"创业板ETF易方达
159915.XSHE"
2024-10-09 14:20:00,加仓,创业板ETF易方达,159915.XSHE,2.352,3700.0,44500.0,,12.0,2024-10-09,2024-10,"创业板ETF易方达
159915.XSHE"
2024-10-09 14:21:00,等级校准,创业板ETF易方达,159915.XSHE,,,44500.0,,,2024-10-09,2024-10,"创业板ETF易方达
159915.XSHE"
2024-10-09 14:46:00,加仓,创业板ETF易方达,159915.XSHE,2.275,3800.0,48300.0,,12.0,2024-10-09,2024-10,"创业板ETF易方达
159915.XSHE"
2024-10-10 09:34:00,加仓,创业板ETF易方达,159915.XSHE,2.19,3900.0,52200.0,,13.0,2024-10-10,2024-10,"创业板ETF易方达
159915.XSHE"
2024-10-10 09:35:00,等级校准,创业板ETF易方达,159915.XSHE,,,52200.0,,,2024-10-10,2024-10,"创业板ETF易方达
159915.XSHE"
2024-10-10 09:43:00,止盈,创业板ETF易方达,159915.XSHE,2.258,4100.0,48100.0,277.87,12.0,2024-10-10,2024-10,"创业板ETF易方达
159915.XSHE"
2024-10-10 09:54:00,加仓,500ETF,510500.XSHG,5.806,1500.0,17425.0,,11.0,2024-10-10,2024-10,"500ETF
510500.XSHG"
2024-10-10 09:56:00,加仓,创业板ETF易方达,159915.XSHE,2.19,3900.0,52000.0,,13.0,2024-10-10,2024-10,"创业板ETF易方达
159915.XSHE"
2024-10-10 09:57:00,等级校准,创业板ETF易方达,159915.XSHE,,,52000.0,,,2024-10-10,2024-10,"创业板ETF易方达
159915.XSHE"
2024-10-10 11:17:00,止盈,创业板ETF易方达,159915.XSHE,2.257,4100.0,47900.0,273.77,12.0,2024-10-10,2024-10,"创业板ETF易方达
159915.XSHE"
2024-10-10 14:20:00,加仓,创业板ETF易方达,159915.XSHE,2.186,3900.0,51800.0,,13.0,2024-10-10,2024-10,"创业板ETF易方达
159915.XSHE"
2024-10-10 14:21:00,等级校准,创业板ETF易方达,159915.XSHE,,,51800.0,,,2024-10-10,2024-10,"创业板ETF易方达
159915.XSHE"
2024-10-11 09:38:00,加仓,创业板ETF易方达,159915.XSHE,2.118,4100.0,55900.0,,13.0,2024-10-11,2024-10,"创业板ETF易方达
159915.XSHE"
2024-10-11 10:02:00,加仓,500ETF,510500.XSHG,5.626,1500.0,18925.0,,12.0,2024-10-11,2024-10,"500ETF
510500.XSHG"
2024-10-11 10:14:00,加仓,创业板ETF易方达,159915.XSHE,2.054,4200.0,60100.0,,14.0,2024-10-11,2024-10,"创业板ETF易方达
159915.XSHE"
2024-10-11 10:15:00,等级校准,创业板ETF易方达,159915.XSHE,,,60100.0,,,2024-10-11,2024-10,"创业板ETF易方达
159915.XSHE"
2024-10-14 13:25:00,止盈,创业板ETF易方达,159915.XSHE,2.119,4300.0,55800.0,278.59,13.0,2024-10-14,2024-10,"创业板ETF易方达
159915.XSHE"
2024-10-14 14:21:00,止盈,黄金ETF,518880.XSHG,5.784,1600.0,2200.0,272.67,1.0,2024-10-14,2024-10,"黄金ETF
518880.XSHG"
2024-10-15 09:31:00,止盈,纳指ETF,513100.XSHG,1.46,6300.0,49300.0,307.78,8.0,2024-10-15,2024-10,"纳指ETF
513100.XSHG"
2024-10-15 14:43:00,加仓,创业板ETF易方达,159915.XSHE,2.055,4200.0,60000.0,,14.0,2024-10-15,2024-10,"创业板ETF易方达
159915.XSHE"
2024-10-15 14:44:00,等级校准,创业板ETF易方达,159915.XSHE,,,60000.0,,,2024-10-15,2024-10,"创业板ETF易方达
159915.XSHE"
2024-10-16 14:09:00,加仓,创业板ETF易方达,159915.XSHE,1.993,4300.0,64300.0,,14.0,2024-10-16,2024-10,"创业板ETF易方达
159915.XSHE"
2024-10-18 09:31:00,止盈,黄金ETF,518880.XSHG,5.961,1500.0,700.0,264.61,1.0,2024-10-18,2024-10,"黄金ETF
518880.XSHG"
2024-10-18 10:38:00,止盈,创业板ETF易方达,159915.XSHE,2.054,4500.0,59800.0,273.58,13.0,2024-10-18,2024-10,"创业板ETF易方达
159915.XSHE"
2024-10-18 13:13:00,止盈,创业板ETF易方达,159915.XSHE,2.119,4300.0,55500.0,278.59,13.0,2024-10-18,2024-10,"创业板ETF易方达
159915.XSHE"
2024-10-18 14:19:00,止盈,500ETF,510500.XSHG,5.798,1500.0,17425.0,257.13,11.0,2024-10-18,2024-10,"500ETF
510500.XSHG"
2024-10-18 14:19:00,止盈,创业板ETF易方达,159915.XSHE,2.187,4200.0,51300.0,284.68,12.0,2024-10-18,2024-10,"创业板ETF易方达
159915.XSHE"
2024-10-28 10:57:00,止盈,500ETF,510500.XSHG,5.972,1500.0,15925.0,260.1,10.0,2024-10-28,2024-10,"500ETF
510500.XSHG"
2024-10-30 09:31:00,加仓,创业板ETF易方达,159915.XSHE,2.119,4100.0,55400.0,,13.0,2024-10-30,2024-10,"创业板ETF易方达
159915.XSHE"
2024-10-30 14:36:00,止盈（部分）,黄金ETF,518880.XSHG,6.14,700.0,0.0,124.87,0.0,2024-10-30,2024-10,"黄金ETF
518880.XSHG"
2024-10-30 14:36:00,清仓,黄金ETF,518880.XSHG,,,,,0.0,2024-10-30,2024-10,"黄金ETF
518880.XSHG"
2024-10-30 14:37:00,重装建仓,黄金ETF,518880.XSHG,6.139,13000.0,13000.0,,,2024-10-30,2024-10,"黄金ETF
518880.XSHG"
2024-10-30 14:38:00,底仓到账,黄金ETF,518880.XSHG,,,13000.0,,9.0,2024-10-30,2024-10,"黄金ETF
518880.XSHG"
2024-11-05 10:03:00,止盈,创业板ETF易方达,159915.XSHE,2.184,4200.0,51200.0,272.08,12.0,2024-11-05,2024-11,"创业板ETF易方达
159915.XSHE"
2024-11-05 10:17:00,止盈,500ETF,510500.XSHG,6.155,1500.0,14425.0,273.58,10.0,2024-11-05,2024-11,"500ETF
510500.XSHG"
2024-11-05 13:23:00,止盈,创业板ETF易方达,159915.XSHE,2.25,4100.0,47100.0,269.68,11.0,2024-11-05,2024-11,"创业板ETF易方达
159915.XSHE"
2024-11-07 09:31:00,止盈,纳指ETF,513100.XSHG,1.515,6100.0,43200.0,334.58,7.0,2024-11-07,2024-11,"纳指ETF
513100.XSHG"
2024-11-07 09:31:00,加仓,黄金ETF,518880.XSHG,5.867,1400.0,14400.0,,10.0,2024-11-07,2024-11,"黄金ETF
518880.XSHG"
2024-11-07 09:32:00,等级校准,黄金ETF,518880.XSHG,,,14400.0,,,2024-11-07,2024-11,"黄金ETF
518880.XSHG"
2024-11-07 14:40:00,止盈,500ETF,510500.XSHG,6.34,1400.0,13025.0,258.11,9.0,2024-11-07,2024-11,"500ETF
510500.XSHG"
2024-11-08 09:31:00,止盈,创业板ETF易方达,159915.XSHE,2.355,4000.0,43100.0,419.06,11.0,2024-11-08,2024-11,"创业板ETF易方达
159915.XSHE"
2024-11-08 14:26:00,加仓,创业板ETF易方达,159915.XSHE,2.284,3800.0,46900.0,,12.0,2024-11-08,2024-11,"创业板ETF易方达
159915.XSHE"
2024-11-12 09:31:00,止盈,创业板ETF易方达,159915.XSHE,2.368,3900.0,43000.0,326.68,11.0,2024-11-12,2024-11,"创业板ETF易方达
159915.XSHE"
2024-11-14 13:40:00,加仓,黄金ETF,518880.XSHG,5.69,1500.0,15900.0,,10.0,2024-11-14,2024-11,"黄金ETF
518880.XSHG"
2024-11-14 14:40:00,加仓,创业板ETF易方达,159915.XSHE,2.296,3800.0,46800.0,,12.0,2024-11-14,2024-11,"创业板ETF易方达
159915.XSHE"
2024-11-15 09:46:00,加仓,500ETF,510500.XSHG,6.148,1400.0,14425.0,,10.0,2024-11-15,2024-11,"500ETF
510500.XSHG"
2024-11-15 14:12:00,加仓,创业板ETF易方达,159915.XSHE,2.226,3900.0,50700.0,,13.0,2024-11-15,2024-11,"创业板ETF易方达
159915.XSHE"
2024-11-15 14:13:00,等级校准,创业板ETF易方达,159915.XSHE,,,50700.0,,,2024-11-15,2024-11,"创业板ETF易方达
159915.XSHE"
2024-11-18 09:48:00,加仓,500ETF,510500.XSHG,5.961,1400.0,15825.0,,11.0,2024-11-18,2024-11,"500ETF
510500.XSHG"
2024-11-18 09:49:00,等级校准,500ETF,510500.XSHG,,,15825.0,,,2024-11-18,2024-11,"500ETF
510500.XSHG"
2024-11-18 09:49:00,加仓,创业板ETF易方达,159915.XSHE,2.156,4000.0,54700.0,,13.0,2024-11-18,2024-11,"创业板ETF易方达
159915.XSHE"
2024-11-20 09:31:00,止盈,黄金ETF,518880.XSHG,5.891,1500.0,14400.0,300.62,9.0,2024-11-20,2024-11,"黄金ETF
518880.XSHG"
2024-11-20 11:22:00,止盈,创业板ETF易方达,159915.XSHE,2.221,4100.0,50600.0,265.59,12.0,2024-11-20,2024-11,"创业板ETF易方达
159915.XSHE"
2024-11-22 14:39:00,加仓,创业板ETF易方达,159915.XSHE,2.152,4000.0,54600.0,,13.0,2024-11-22,2024-11,"创业板ETF易方达
159915.XSHE"
2024-11-25 13:59:00,加仓,500ETF,510500.XSHG,5.782,1500.0,17325.0,,11.0,2024-11-25,2024-11,"500ETF
510500.XSHG"
2024-11-27 09:48:00,加仓,创业板ETF易方达,159915.XSHE,2.085,4100.0,58700.0,,14.0,2024-11-27,2024-11,"创业板ETF易方达
159915.XSHE"
2024-11-27 09:49:00,等级校准,创业板ETF易方达,159915.XSHE,,,58700.0,,,2024-11-27,2024-11,"创业板ETF易方达
159915.XSHE"
2024-11-27 14:25:00,止盈,创业板ETF易方达,159915.XSHE,2.148,4300.0,54400.0,269.98,13.0,2024-11-27,2024-11,"创业板ETF易方达
159915.XSHE"
2024-11-29 11:25:00,止盈,500ETF,510500.XSHG,5.956,1500.0,15825.0,260.11,10.0,2024-11-29,2024-11,"500ETF
510500.XSHG"
2024-11-29 13:02:00,止盈,创业板ETF易方达,159915.XSHE,2.219,4100.0,50300.0,290.19,12.0,2024-11-29,2024-11,"创业板ETF易方达
159915.XSHE"
2024-12-03 09:36:00,止盈,纳指ETF,513100.XSHG,1.561,5900.0,37300.0,270.48,6.0,2024-12-03,2024-12,"纳指ETF
513100.XSHG"
2024-12-09 13:20:00,止盈,纳指ETF,513100.XSHG,1.608,5700.0,31600.0,266.98,5.0,2024-12-09,2024-12,"纳指ETF
513100.XSHG"
2024-12-10 09:31:00,止盈,500ETF,510500.XSHG,6.266,1500.0,14325.0,464.06,10.0,2024-12-10,2024-12,"500ETF
510500.XSHG"
2024-12-10 09:31:00,止盈,创业板ETF易方达,159915.XSHE,2.312,4000.0,46300.0,371.08,12.0,2024-12-10,2024-12,"创业板ETF易方达
159915.XSHE"
2024-12-10 13:32:00,加仓,创业板ETF易方达,159915.XSHE,2.242,3800.0,50100.0,,13.0,2024-12-10,2024-12,"创业板ETF易方达
159915.XSHE"
2024-12-10 13:33:00,等级校准,创业板ETF易方达,159915.XSHE,,,50100.0,,,2024-12-10,2024-12,"创业板ETF易方达
159915.XSHE"
2024-12-16 09:32:00,加仓,500ETF,510500.XSHG,6.068,1400.0,15725.0,,11.0,2024-12-16,2024-12,"500ETF
510500.XSHG"
2024-12-16 09:41:00,加仓,创业板ETF易方达,159915.XSHE,2.174,4000.0,54100.0,,13.0,2024-12-16,2024-12,"创业板ETF易方达
159915.XSHE"
2024-12-17 09:31:00,止盈,纳指ETF,513100.XSHG,1.677,5500.0,26100.0,378.58,4.0,2024-12-17,2024-12,"纳指ETF
513100.XSHG"
2024-12-19 09:31:00,加仓,纳指ETF,513100.XSHG,1.618,5300.0,31400.0,,5.0,2024-12-19,2024-12,"纳指ETF
513100.XSHG"
2024-12-24 09:31:00,止盈,纳指ETF,513100.XSHG,1.673,5500.0,25900.0,301.58,4.0,2024-12-24,2024-12,"纳指ETF
513100.XSHG"
2024-12-31 09:32:00,加仓,纳指ETF,513100.XSHG,1.622,5300.0,31200.0,,5.0,2024-12-31,2024-12,"纳指ETF
513100.XSHG"
2024-12-31 11:09:00,加仓,500ETF,510500.XSHG,5.885,1400.0,17125.0,,12.0,2024-12-31,2024-12,"500ETF
510500.XSHG"
2024-12-31 11:10:00,等级校准,500ETF,510500.XSHG,,,17125.0,,,2024-12-31,2024-12,"500ETF
510500.XSHG"
2024-12-31 14:30:00,加仓,创业板ETF易方达,159915.XSHE,2.106,4100.0,58200.0,,14.0,2024-12-31,2024-12,"创业板ETF易方达
159915.XSHE"
2024-12-31 14:31:00,等级校准,创业板ETF易方达,159915.XSHE,,,58200.0,,,2024-12-31,2024-12,"创业板ETF易方达
159915.XSHE"
2025-01-02 13:38:00,加仓,500ETF,510500.XSHG,5.707,1500.0,18625.0,,12.0,2025-01-02,2025-01,"500ETF
510500.XSHG"
2025-01-02 13:48:00,加仓,创业板ETF易方达,159915.XSHE,2.042,4200.0,62400.0,,14.0,2025-01-02,2025-01,"创业板ETF易方达
159915.XSHE"
2025-01-03 14:13:00,加仓,500ETF,510500.XSHG,5.531,1500.0,20125.0,,13.0,2025-01-03,2025-01,"500ETF
510500.XSHG"
2025-01-03 14:14:00,等级校准,500ETF,510500.XSHG,,,20125.0,,,2025-01-03,2025-01,"500ETF
510500.XSHG"
2025-01-03 14:17:00,加仓,创业板ETF易方达,159915.XSHE,1.98,4400.0,66800.0,,15.0,2025-01-03,2025-01,"创业板ETF易方达
159915.XSHE"
2025-01-03 14:18:00,等级校准,创业板ETF易方达,159915.XSHE,,,66800.0,,,2025-01-03,2025-01,"创业板ETF易方达
159915.XSHE"
2025-01-07 09:31:00,止盈,纳指ETF,513100.XSHG,1.687,5500.0,25700.0,356.57,4.0,2025-01-07,2025-01,"纳指ETF
513100.XSHG"
2025-01-08 09:31:00,加仓,纳指ETF,513100.XSHG,1.634,5300.0,31000.0,,5.0,2025-01-08,2025-01,"纳指ETF
513100.XSHG"
2025-01-10 09:31:00,止盈,黄金ETF,518880.XSHG,6.083,1500.0,12900.0,287.09,9.0,2025-01-10,2025-01,"黄金ETF
518880.XSHG"
2025-01-13 09:31:00,加仓,创业板ETF易方达,159915.XSHE,1.92,4500.0,71300.0,,15.0,2025-01-13,2025-01,"创业板ETF易方达
159915.XSHE"
2025-01-14 09:59:00,止盈,创业板ETF易方达,159915.XSHE,1.978,4600.0,66700.0,265.89,14.0,2025-01-14,2025-01,"创业板ETF易方达
159915.XSHE"
2025-01-16 09:45:00,止盈,创业板ETF易方达,159915.XSHE,2.038,4500.0,62200.0,269.08,14.0,2025-01-16,2025-01,"创业板ETF易方达
159915.XSHE"
2025-01-23 09:41:00,止盈,500ETF,510500.XSHG,5.709,1600.0,18525.0,283.89,12.0,2025-01-23,2025-01,"500ETF
510500.XSHG"
2025-01-23 09:41:00,止盈,创业板ETF易方达,159915.XSHE,2.101,4400.0,57800.0,276.28,13.0,2025-01-23,2025-01,"创业板ETF易方达
159915.XSHE"
2025-01-27 14:42:00,加仓,创业板ETF易方达,159915.XSHE,2.037,4200.0,62000.0,,14.0,2025-01-27,2025-01,"创业板ETF易方达
159915.XSHE"
2025-02-05 09:31:00,止盈,黄金ETF,518880.XSHG,6.4,1400.0,11500.0,442.9,8.0,2025-02-05,2025-02,"黄金ETF
518880.XSHG"
2025-02-07 09:52:00,止盈,创业板ETF易方达,159915.XSHE,2.1,4400.0,57600.0,276.28,13.0,2025-02-07,2025-02,"创业板ETF易方达
159915.XSHE"
2025-02-07 11:26:00,止盈,500ETF,510500.XSHG,5.886,1500.0,17025.0,264.62,11.0,2025-02-07,2025-02,"500ETF
510500.XSHG"
2025-02-11 09:31:00,止盈,黄金ETF,518880.XSHG,6.622,1400.0,10100.0,309.87,7.0,2025-02-11,2025-02,"黄金ETF
518880.XSHG"
2025-02-14 10:51:00,止盈,创业板ETF易方达,159915.XSHE,2.167,4200.0,53400.0,280.49,13.0,2025-02-14,2025-02,"创业板ETF易方达
159915.XSHE"
2025-02-21 13:02:00,止盈,创业板ETF易方达,159915.XSHE,2.235,4100.0,49300.0,277.88,12.0,2025-02-21,2025-02,"创业板ETF易方达
159915.XSHE"
2025-02-21 14:22:00,止盈,500ETF,510500.XSHG,6.063,1500.0,15525.0,264.59,11.0,2025-02-21,2025-02,"500ETF
510500.XSHG"
2025-02-24 09:31:00,加仓,纳指ETF,513100.XSHG,1.581,5500.0,36500.0,,6.0,2025-02-24,2025-02,"纳指ETF
513100.XSHG"
2025-02-28 09:31:00,加仓,纳指ETF,513100.XSHG,1.528,5600.0,42100.0,,7.0,2025-02-28,2025-02,"纳指ETF
513100.XSHG"
2025-02-28 10:57:00,加仓,创业板ETF易方达,159915.XSHE,2.167,4000.0,53300.0,,13.0,2025-02-28,2025-02,"创业板ETF易方达
159915.XSHE"
2025-02-28 14:11:00,加仓,500ETF,510500.XSHG,5.881,1400.0,16925.0,,12.0,2025-02-28,2025-02,"500ETF
510500.XSHG"
2025-02-28 14:12:00,等级校准,500ETF,510500.XSHG,,,16925.0,,,2025-02-28,2025-02,"500ETF
510500.XSHG"
2025-03-06 14:31:00,止盈,500ETF,510500.XSHG,6.058,1500.0,15425.0,264.59,11.0,2025-03-06,2025-03,"500ETF
510500.XSHG"
2025-03-11 09:31:00,加仓,纳指ETF,513100.XSHG,1.429,5800.0,47900.0,,8.0,2025-03-11,2025-03,"纳指ETF
513100.XSHG"
2025-03-11 09:32:00,等级校准,纳指ETF,513100.XSHG,,,47900.0,,,2025-03-11,2025-03,"纳指ETF
513100.XSHG"
2025-03-20 09:31:00,止盈,黄金ETF,518880.XSHG,6.821,1300.0,8800.0,257.81,6.0,2025-03-20,2025-03,"黄金ETF
518880.XSHG"
2025-03-20 10:43:00,止盈,纳指ETF,513100.XSHG,1.472,6200.0,41700.0,265.69,6.0,2025-03-20,2025-03,"纳指ETF
513100.XSHG"
2025-03-24 13:06:00,加仓,创业板ETF易方达,159915.XSHE,2.101,4100.0,57400.0,,14.0,2025-03-24,2025-03,"创业板ETF易方达
159915.XSHE"
2025-03-24 13:07:00,等级校准,创业板ETF易方达,159915.XSHE,,,57400.0,,,2025-03-24,2025-03,"创业板ETF易方达
159915.XSHE"
2025-03-25 09:31:00,止盈,纳指ETF,513100.XSHG,1.523,6100.0,35600.0,310.17,6.0,2025-03-25,2025-03,"纳指ETF
513100.XSHG"
2025-03-28 09:31:00,加仓,纳指ETF,513100.XSHG,1.477,5900.0,41500.0,,7.0,2025-03-28,2025-03,"纳指ETF
513100.XSHG"
2025-03-28 09:32:00,等级校准,纳指ETF,513100.XSHG,,,41500.0,,,2025-03-28,2025-03,"纳指ETF
513100.XSHG"
2025-03-31 09:31:00,加仓,纳指ETF,513100.XSHG,1.428,6000.0,47500.0,,7.0,2025-03-31,2025-03,"纳指ETF
513100.XSHG"
2025-03-31 09:34:00,加仓,500ETF,510500.XSHG,5.873,1400.0,16825.0,,12.0,2025-03-31,2025-03,"500ETF
510500.XSHG"
2025-03-31 09:35:00,等级校准,500ETF,510500.XSHG,,,16825.0,,,2025-03-31,2025-03,"500ETF
510500.XSHG"
2025-03-31 11:11:00,止盈,黄金ETF,518880.XSHG,7.035,1300.0,7500.0,277.29,6.0,2025-03-31,2025-03,"黄金ETF
518880.XSHG"
2025-04-03 10:12:00,加仓,创业板ETF易方达,159915.XSHE,2.037,4200.0,61600.0,,14.0,2025-04-03,2025-04,"创业板ETF易方达
159915.XSHE"
2025-04-07 09:31:00,加仓,纳指ETF,513100.XSHG,1.272,6300.0,53800.0,,8.0,2025-04-07,2025-04,"纳指ETF
513100.XSHG"
2025-04-07 09:31:00,加仓,500ETF,510500.XSHG,5.624,1500.0,18325.0,,12.0,2025-04-07,2025-04,"500ETF
510500.XSHG"
2025-04-07 09:31:00,加仓,创业板ETF易方达,159915.XSHE,1.911,4400.0,66000.0,,15.0,2025-04-07,2025-04,"创业板ETF易方达
159915.XSHE"
2025-04-07 09:32:00,等级校准,纳指ETF,513100.XSHG,,,53800.0,,,2025-04-07,2025-04,"纳指ETF
513100.XSHG"
2025-04-07 09:32:00,等级校准,500ETF,510500.XSHG,,,18325.0,,,2025-04-07,2025-04,"500ETF
510500.XSHG"
2025-04-07 09:32:00,等级校准,创业板ETF易方达,159915.XSHE,,,66000.0,,,2025-04-07,2025-04,"创业板ETF易方达
159915.XSHE"
2025-04-07 09:40:00,加仓,500ETF,510500.XSHG,5.452,1600.0,19925.0,,12.0,2025-04-07,2025-04,"500ETF
510500.XSHG"
2025-04-07 09:40:00,加仓,创业板ETF易方达,159915.XSHE,1.852,4700.0,70700.0,,15.0,2025-04-07,2025-04,"创业板ETF易方达
159915.XSHE"
2025-04-07 09:41:00,等级校准,创业板ETF易方达,159915.XSHE,,,70700.0,,,2025-04-07,2025-04,"创业板ETF易方达
159915.XSHE"
2025-04-07 09:53:00,加仓,创业板ETF易方达,159915.XSHE,1.795,4800.0,75500.0,,15.0,2025-04-07,2025-04,"创业板ETF易方达
159915.XSHE"
2025-04-07 10:01:00,止盈,创业板ETF易方达,159915.XSHE,1.85,5000.0,70500.0,274.07,14.0,2025-04-07,2025-04,"创业板ETF易方达
159915.XSHE"
2025-04-07 13:45:00,加仓,创业板ETF易方达,159915.XSHE,1.794,4800.0,75300.0,,15.0,2025-04-07,2025-04,"创业板ETF易方达
159915.XSHE"
2025-04-07 13:59:00,加仓,500ETF,510500.XSHG,5.288,1600.0,21525.0,,13.0,2025-04-07,2025-04,"500ETF
510500.XSHG"
2025-04-07 14:00:00,等级校准,500ETF,510500.XSHG,,,21525.0,,,2025-04-07,2025-04,"500ETF
510500.XSHG"
2025-04-07 14:16:00,加仓,创业板ETF易方达,159915.XSHE,1.738,5000.0,80300.0,,16.0,2025-04-07,2025-04,"创业板ETF易方达
159915.XSHE"
2025-04-07 14:17:00,等级校准,创业板ETF易方达,159915.XSHE,,,80300.0,,,2025-04-07,2025-04,"创业板ETF易方达
159915.XSHE"
2025-04-08 09:31:00,止盈,创业板ETF易方达,159915.XSHE,1.808,5100.0,75200.0,356.08,15.0,2025-04-08,2025-04,"创业板ETF易方达
159915.XSHE"
2025-04-08 09:32:00,止盈,纳指ETF,513100.XSHG,1.312,7000.0,46800.0,279.08,6.0,2025-04-08,2025-04,"纳指ETF
513100.XSHG"
2025-04-09 09:31:00,加仓,纳指ETF,513100.XSHG,1.27,6800.0,53600.0,,7.0,2025-04-09,2025-04,"纳指ETF
513100.XSHG"
2025-04-09 09:38:00,加仓,创业板ETF易方达,159915.XSHE,1.75,4900.0,80100.0,,16.0,2025-04-09,2025-04,"创业板ETF易方达
159915.XSHE"
2025-04-09 09:39:00,等级校准,创业板ETF易方达,159915.XSHE,,,80100.0,,,2025-04-09,2025-04,"创业板ETF易方达
159915.XSHE"
2025-04-09 10:01:00,止盈,创业板ETF易方达,159915.XSHE,1.804,5100.0,75000.0,274.48,15.0,2025-04-09,2025-04,"创业板ETF易方达
159915.XSHE"
2025-04-09 10:45:00,止盈,纳指ETF,513100.XSHG,1.309,7000.0,46600.0,272.08,6.0,2025-04-09,2025-04,"纳指ETF
513100.XSHG"
2025-04-09 13:11:00,加仓,纳指ETF,513100.XSHG,1.269,6800.0,53400.0,,7.0,2025-04-09,2025-04,"纳指ETF
513100.XSHG"
2025-04-09 14:16:00,止盈,500ETF,510500.XSHG,5.448,1700.0,19825.0,271.07,12.0,2025-04-09,2025-04,"500ETF
510500.XSHG"
2025-04-10 09:31:00,止盈,纳指ETF,513100.XSHG,1.43,7000.0,46400.0,1126.0,7.0,2025-04-10,2025-04,"纳指ETF
513100.XSHG"
2025-04-10 09:31:00,止盈,创业板ETF易方达,159915.XSHE,1.881,4900.0,70100.0,376.38,14.0,2025-04-10,2025-04,"创业板ETF易方达
159915.XSHE"
2025-04-11 09:31:00,加仓,纳指ETF,513100.XSHG,1.372,6200.0,52600.0,,8.0,2025-04-11,2025-04,"纳指ETF
513100.XSHG"
2025-04-11 09:31:00,止盈,黄金ETF,518880.XSHG,7.324,1200.0,6300.0,345.92,5.0,2025-04-11,2025-04,"黄金ETF
518880.XSHG"
2025-04-11 13:44:00,止盈,500ETF,510500.XSHG,5.617,1600.0,18225.0,269.5,11.0,2025-04-11,2025-04,"500ETF
510500.XSHG"
2025-04-11 14:02:00,止盈,纳指ETF,513100.XSHG,1.415,6500.0,46100.0,278.58,7.0,2025-04-11,2025-04,"纳指ETF
513100.XSHG"
2025-04-17 09:31:00,止盈,黄金ETF,518880.XSHG,7.65,1200.0,5100.0,390.28,4.0,2025-04-17,2025-04,"黄金ETF
518880.XSHG"
2025-04-21 09:32:00,加仓,纳指ETF,513100.XSHG,1.372,6300.0,52400.0,,8.0,2025-04-21,2025-04,"纳指ETF
513100.XSHG"
2025-04-22 09:34:00,止盈,黄金ETF,518880.XSHG,7.886,1100.0,4000.0,258.73,3.0,2025-04-22,2025-04,"黄金ETF
518880.XSHG"
2025-04-23 10:57:00,加仓,黄金ETF,518880.XSHG,7.637,1100.0,5100.0,,4.0,2025-04-23,2025-04,"黄金ETF
518880.XSHG"
2025-04-23 14:53:00,止盈,纳指ETF,513100.XSHG,1.414,6500.0,45900.0,272.08,7.0,2025-04-23,2025-04,"纳指ETF
513100.XSHG"
2025-05-06 09:31:00,止盈,纳指ETF,513100.XSHG,1.468,6300.0,39600.0,339.28,6.0,2025-05-06,2025-05,"纳指ETF
513100.XSHG"
2025-05-06 09:32:00,止盈,创业板ETF易方达,159915.XSHE,1.941,4700.0,65400.0,281.09,14.0,2025-05-06,2025-05,"创业板ETF易方达
159915.XSHE"
2025-05-07 09:31:00,止盈,500ETF,510500.XSHG,5.817,1600.0,16625.0,319.07,11.0,2025-05-07,2025-05,"500ETF
510500.XSHG"
2025-05-07 09:32:00,止盈,创业板ETF易方达,159915.XSHE,2.002,4600.0,60800.0,279.68,13.0,2025-05-07,2025-05,"创业板ETF易方达
159915.XSHE"
2025-05-12 09:31:00,止盈,纳指ETF,513100.XSHG,1.514,6100.0,33500.0,279.68,5.0,2025-05-12,2025-05,"纳指ETF
513100.XSHG"
2025-05-12 09:31:00,加仓,黄金ETF,518880.XSHG,7.347,1100.0,6200.0,,5.0,2025-05-12,2025-05,"黄金ETF
518880.XSHG"
2025-05-14 09:47:00,止盈,纳指ETF,513100.XSHG,1.561,5900.0,27600.0,276.38,4.0,2025-05-14,2025-05,"纳指ETF
513100.XSHG"
2025-05-14 13:42:00,止盈,创业板ETF易方达,159915.XSHE,2.063,4400.0,56400.0,267.49,13.0,2025-05-14,2025-05,"创业板ETF易方达
159915.XSHE"
2025-05-15 10:26:00,加仓,黄金ETF,518880.XSHG,7.123,1200.0,7400.0,,6.0,2025-05-15,2025-05,"黄金ETF
518880.XSHG"
2025-05-19 09:32:00,加仓,创业板ETF易方达,159915.XSHE,1.999,4300.0,60700.0,,14.0,2025-05-19,2025-05,"创业板ETF易方达
159915.XSHE"
2025-05-19 09:33:00,等级校准,创业板ETF易方达,159915.XSHE,,,60700.0,,,2025-05-19,2025-05,"创业板ETF易方达
159915.XSHE"
2025-05-21 09:31:00,止盈,黄金ETF,518880.XSHG,7.38,1200.0,6200.0,307.51,5.0,2025-05-21,2025-05,"黄金ETF
518880.XSHG"
2025-05-27 09:42:00,加仓,500ETF,510500.XSHG,5.642,1500.0,18125.0,,12.0,2025-05-27,2025-05,"500ETF
510500.XSHG"
2025-06-09 09:42:00,止盈,500ETF,510500.XSHG,5.814,1500.0,16625.0,257.13,11.0,2025-06-09,2025-06,"500ETF
510500.XSHG"
2025-06-13 09:31:00,止盈,黄金ETF,518880.XSHG,7.619,1200.0,5000.0,285.89,4.0,2025-06-13,2025-06,"黄金ETF
518880.XSHG"
2025-06-24 13:54:00,加仓,黄金ETF,518880.XSHG,7.387,1100.0,6100.0,,5.0,2025-06-24,2025-06,"黄金ETF
518880.XSHG"
2025-06-25 09:35:00,止盈,创业板ETF易方达,159915.XSHE,2.059,4500.0,56200.0,269.07,13.0,2025-06-25,2025-06,"创业板ETF易方达
159915.XSHE"
2025-06-27 09:31:00,止盈,纳指ETF,513100.XSHG,1.612,5700.0,21900.0,289.78,3.0,2025-06-27,2025-06,"纳指ETF
513100.XSHG"
2025-06-27 10:14:00,止盈,创业板ETF易方达,159915.XSHE,2.121,4300.0,51900.0,265.69,12.0,2025-06-27,2025-06,"创业板ETF易方达
159915.XSHE"
2025-07-04 13:10:00,止盈,500ETF,510500.XSHG,5.989,1500.0,15125.0,261.6,10.0,2025-07-04,2025-07,"500ETF
510500.XSHG"
2025-07-11 10:26:00,止盈,创业板ETF易方达,159915.XSHE,2.185,4200.0,47700.0,267.88,11.0,2025-07-11,2025-07,"创业板ETF易方达
159915.XSHE"
2025-07-18 09:31:00,止盈,创业板ETF易方达,159915.XSHE,2.256,4100.0,43600.0,290.18,11.0,2025-07-18,2025-07,"创业板ETF易方达
159915.XSHE"
2025-07-18 09:33:00,止盈,500ETF,510500.XSHG,6.171,1500.0,13625.0,272.07,9.0,2025-07-18,2025-07,"500ETF
510500.XSHG"
2025-07-18 09:40:00,止盈,纳指ETF,513100.XSHG,1.661,5500.0,16400.0,268.59,3.0,2025-07-18,2025-07,"纳指ETF
513100.XSHG"
2025-07-24 14:35:00,止盈,500ETF,510500.XSHG,6.359,1400.0,12225.0,262.31,8.0,2025-07-24,2025-07,"500ETF
510500.XSHG"
2025-07-25 09:31:00,止盈,创业板ETF易方达,159915.XSHE,2.324,3900.0,39700.0,264.29,10.0,2025-07-25,2025-07,"创业板ETF易方达
159915.XSHE"
2025-08-13 09:31:00,止盈,纳指ETF,513100.XSHG,1.721,5400.0,11000.0,323.07,2.0,2025-08-13,2025-08,"纳指ETF
513100.XSHG"
2025-08-13 09:31:00,止盈,创业板ETF易方达,159915.XSHE,2.395,3800.0,35900.0,268.89,9.0,2025-08-13,2025-08,"创业板ETF易方达
159915.XSHE"
2025-08-13 11:08:00,止盈,500ETF,510500.XSHG,6.55,1400.0,10825.0,266.48,8.0,2025-08-13,2025-08,"500ETF
510500.XSHG"
2025-08-13 13:17:00,止盈,创业板ETF易方达,159915.XSHE,2.467,3700.0,32200.0,265.49,8.0,2025-08-13,2025-08,"创业板ETF易方达
159915.XSHE"
2025-08-18 09:58:00,止盈,创业板ETF易方达,159915.XSHE,2.544,3600.0,28600.0,276.28,8.0,2025-08-18,2025-08,"创业板ETF易方达
159915.XSHE"
2025-08-18 10:35:00,止盈,500ETF,510500.XSHG,6.749,1300.0,9525.0,257.82,7.0,2025-08-18,2025-08,"500ETF
510500.XSHG"
2025-08-22 10:51:00,止盈,创业板ETF易方达,159915.XSHE,2.623,3500.0,25100.0,275.58,7.0,2025-08-22,2025-08,"创业板ETF易方达
159915.XSHE"
2025-08-25 09:31:00,止盈,500ETF,510500.XSHG,6.972,1300.0,8225.0,288.99,6.0,2025-08-25,2025-08,"500ETF
510500.XSHG"
2025-08-25 09:33:00,止盈,创业板ETF易方达,159915.XSHE,2.703,3400.0,21700.0,271.08,6.0,2025-08-25,2025-08,"创业板ETF易方达
159915.XSHE"
2025-08-27 11:16:00,止盈,创业板ETF易方达,159915.XSHE,2.787,3300.0,18400.0,276.28,5.0,2025-08-27,2025-08,"创业板ETF易方达
159915.XSHE"
2025-08-27 14:55:00,加仓,创业板ETF易方达,159915.XSHE,2.702,3200.0,21600.0,,6.0,2025-08-27,2025-08,"创业板ETF易方达
159915.XSHE"
2025-08-28 14:42:00,止盈,创业板ETF易方达,159915.XSHE,2.785,3300.0,18300.0,272.98,5.0,2025-08-28,2025-08,"创业板ETF易方达
159915.XSHE"
2025-08-29 10:28:00,止盈,创业板ETF易方达,159915.XSHE,2.87,3200.0,15100.0,271.08,4.0,2025-08-29,2025-08,"创业板ETF易方达
159915.XSHE"
2025-09-01 09:40:00,止盈,500ETF,510500.XSHG,7.183,1200.0,7025.0,252.34,5.0,2025-09-01,2025-09,"500ETF
510500.XSHG"
2025-09-01 10:09:00,止盈,黄金ETF,518880.XSHG,7.609,1200.0,4900.0,265.49,4.0,2025-09-01,2025-09,"黄金ETF
518880.XSHG"
2025-09-01 14:25:00,加仓,纳指ETF,513100.XSHG,1.669,5200.0,16200.0,,3.0,2025-09-01,2025-09,"纳指ETF
513100.XSHG"
2025-09-03 13:37:00,加仓,500ETF,510500.XSHG,6.966,1200.0,8225.0,,6.0,2025-09-03,2025-09,"500ETF
510500.XSHG"
2025-09-04 10:50:00,加仓,创业板ETF易方达,159915.XSHE,2.783,3100.0,18200.0,,5.0,2025-09-04,2025-09,"创业板ETF易方达
159915.XSHE"
2025-09-04 14:13:00,加仓,500ETF,510500.XSHG,6.755,1200.0,9425.0,,7.0,2025-09-04,2025-09,"500ETF
510500.XSHG"
2025-09-05 13:50:00,止盈,创业板ETF易方达,159915.XSHE,2.869,3200.0,15000.0,274.28,4.0,2025-09-05,2025-09,"创业板ETF易方达
159915.XSHE"
2025-09-05 14:02:00,止盈,500ETF,510500.XSHG,6.958,1300.0,8125.0,263.0,6.0,2025-09-05,2025-09,"500ETF
510500.XSHG"
2025-09-08 10:58:00,止盈,黄金ETF,518880.XSHG,7.839,1100.0,3800.0,252.14,3.0,2025-09-08,2025-09,"黄金ETF
518880.XSHG"
2025-09-11 10:59:00,止盈,创业板ETF易方达,159915.XSHE,2.959,3100.0,11900.0,278.08,3.0,2025-09-11,2025-09,"创业板ETF易方达
159915.XSHE"
2025-09-11 13:07:00,止盈,500ETF,510500.XSHG,7.176,1200.0,6925.0,260.74,5.0,2025-09-11,2025-09,"500ETF
510500.XSHG"
2025-09-15 09:38:00,止盈,创业板ETF易方达,159915.XSHE,3.05,3000.0,8900.0,272.08,3.0,2025-09-15,2025-09,"创业板ETF易方达
159915.XSHE"
2025-09-15 09:54:00,止盈,纳指ETF,513100.XSHG,1.72,5300.0,10900.0,269.39,2.0,2025-09-15,2025-09,"纳指ETF
513100.XSHG"
2025-09-18 10:07:00,止盈,500ETF,510500.XSHG,7.393,1200.0,5725.0,259.51,4.0,2025-09-18,2025-09,"500ETF
510500.XSHG"
2025-09-22 14:43:00,止盈,纳指ETF,513100.XSHG,1.772,5200.0,5700.0,269.48,1.0,2025-09-22,2025-09,"纳指ETF
513100.XSHG"
2025-09-23 09:31:00,止盈,黄金ETF,518880.XSHG,8.119,1100.0,2700.0,307.11,2.0,2025-09-23,2025-09,"黄金ETF
518880.XSHG"
2025-09-23 10:34:00,加仓,500ETF,510500.XSHG,7.169,1200.0,6925.0,,5.0,2025-09-23,2025-09,"500ETF
510500.XSHG"
2025-09-24 11:26:00,止盈,创业板ETF易方达,159915.XSHE,3.142,2900.0,6000.0,265.89,2.0,2025-09-24,2025-09,"创业板ETF易方达
159915.XSHE"
2025-09-24 13:01:00,止盈,500ETF,510500.XSHG,7.389,1200.0,5725.0,263.11,4.0,2025-09-24,2025-09,"500ETF
510500.XSHG"
2025-09-25 14:31:00,止盈,创业板ETF易方达,159915.XSHE,3.237,2800.0,3200.0,265.09,1.0,2025-09-25,2025-09,"创业板ETF易方达
159915.XSHE"
2025-09-26 14:29:00,加仓,创业板ETF易方达,159915.XSHE,3.139,2700.0,5900.0,,2.0,2025-09-26,2025-09,"创业板ETF易方达
159915.XSHE"
2025-09-30 09:37:00,止盈,创业板ETF易方达,159915.XSHE,3.235,2800.0,3100.0,267.89,1.0,2025-09-30,2025-09,"创业板ETF易方达
159915.XSHE"
2025-09-30 13:01:00,止盈,黄金ETF,518880.XSHG,8.375,1100.0,1600.0,280.68,1.0,2025-09-30,2025-09,"黄金ETF
518880.XSHG"
2025-10-09 09:31:00,止盈,纳指ETF,513100.XSHG,1.843,5000.0,700.0,354.08,1.0,2025-10-09,2025-10,"纳指ETF
513100.XSHG"
2025-10-09 09:31:00,止盈,黄金ETF,518880.XSHG,8.731,1000.0,600.0,355.13,1.0,2025-10-09,2025-10,"黄金ETF
518880.XSHG"
2025-10-09 10:14:00,止盈,500ETF,510500.XSHG,7.619,1200.0,4525.0,275.09,4.0,2025-10-09,2025-10,"500ETF
510500.XSHG"
2025-10-10 10:07:00,加仓,创业板ETF易方达,159915.XSHE,3.136,2700.0,5800.0,,2.0,2025-10-10,2025-10,"创业板ETF易方达
159915.XSHE"
2025-10-13 09:31:00,加仓,500ETF,510500.XSHG,7.305,1100.0,5625.0,,5.0,2025-10-13,2025-10,"500ETF
510500.XSHG"
2025-10-13 09:31:00,加仓,创业板ETF易方达,159915.XSHE,2.972,2800.0,8600.0,,3.0,2025-10-13,2025-10,"创业板ETF易方达
159915.XSHE"
2025-10-13 09:32:00,等级校准,500ETF,510500.XSHG,,,5625.0,,,2025-10-13,2025-10,"500ETF
510500.XSHG"
2025-10-13 09:32:00,等级校准,创业板ETF易方达,159915.XSHE,,,8600.0,,,2025-10-13,2025-10,"创业板ETF易方达
159915.XSHE"
2025-10-13 09:48:00,止盈,创业板ETF易方达,159915.XSHE,3.062,3000.0,5600.0,269.08,1.0,2025-10-13,2025-10,"创业板ETF易方达
159915.XSHE"
2025-10-14 09:31:00,止盈（部分）,黄金ETF,518880.XSHG,9.085,600.0,0.0,211.85,0.0,2025-10-14,2025-10,"黄金ETF
518880.XSHG"
2025-10-14 09:31:00,清仓,黄金ETF,518880.XSHG,,,,,0.0,2025-10-14,2025-10,"黄金ETF
518880.XSHG"
2025-10-14 09:32:00,重装建仓,黄金ETF,518880.XSHG,9.062,8800.0,8800.0,,,2025-10-14,2025-10,"黄金ETF
518880.XSHG"
2025-10-14 09:33:00,底仓到账,黄金ETF,518880.XSHG,,,8800.0,,9.0,2025-10-14,2025-10,"黄金ETF
518880.XSHG"
2025-10-14 09:34:00,止盈,500ETF,510500.XSHG,7.525,1200.0,4425.0,263.1,4.0,2025-10-14,2025-10,"500ETF
510500.XSHG"
2025-10-14 13:02:00,加仓,创业板ETF易方达,159915.XSHE,2.97,2900.0,8500.0,,2.0,2025-10-14,2025-10,"创业板ETF易方达
159915.XSHE"
2025-10-14 13:14:00,止盈,黄金ETF,518880.XSHG,9.343,900.0,7900.0,252.06,8.0,2025-10-14,2025-10,"黄金ETF
518880.XSHG"
2025-10-14 13:40:00,加仓,黄金ETF,518880.XSHG,9.054,900.0,8800.0,,9.0,2025-10-14,2025-10,"黄金ETF
518880.XSHG"
2025-10-14 14:21:00,加仓,500ETF,510500.XSHG,7.298,1100.0,5525.0,,5.0,2025-10-14,2025-10,"500ETF
510500.XSHG"
2025-10-14 14:22:00,等级校准,500ETF,510500.XSHG,,,5525.0,,,2025-10-14,2025-10,"500ETF
510500.XSHG"
2025-10-17 09:31:00,止盈,黄金ETF,518880.XSHG,9.485,900.0,7900.0,387.05,8.0,2025-10-17,2025-10,"黄金ETF
518880.XSHG"
2025-10-21 11:21:00,止盈,创业板ETF易方达,159915.XSHE,3.06,3000.0,5500.0,269.08,1.0,2025-10-21,2025-10,"创业板ETF易方达
159915.XSHE"
2025-10-22 09:31:00,加仓,黄金ETF,518880.XSHG,8.984,900.0,8800.0,,9.0,2025-10-22,2025-10,"黄金ETF
518880.XSHG"
2025-10-22 09:32:00,等级校准,黄金ETF,518880.XSHG,,,8800.0,,,2025-10-22,2025-10,"黄金ETF
518880.XSHG"
2025-10-24 09:31:00,止盈（部分）,纳指ETF,513100.XSHG,1.908,700.0,0.0,45.37,0.0,2025-10-24,2025-10,"纳指ETF
513100.XSHG"
2025-10-24 09:31:00,清仓,纳指ETF,513100.XSHG,,,,,0.0,2025-10-24,2025-10,"纳指ETF
513100.XSHG"
2025-10-24 09:32:00,重装建仓,纳指ETF,513100.XSHG,1.899,42100.0,42100.0,,,2025-10-24,2025-10,"纳指ETF
513100.XSHG"
2025-10-24 09:33:00,底仓到账,纳指ETF,513100.XSHG,,,42100.0,,8.0,2025-10-24,2025-10,"纳指ETF
513100.XSHG"
2025-10-27 09:31:00,止盈,创业板ETF易方达,159915.XSHE,3.205,2900.0,2600.0,419.57,1.0,2025-10-27,2025-10,"创业板ETF易方达
159915.XSHE"
2025-10-27 14:56:00,止盈,纳指ETF,513100.XSHG,1.956,4700.0,37400.0,266.98,8.0,2025-10-27,2025-10,"纳指ETF
513100.XSHG"
2025-10-28 10:53:00,加仓,黄金ETF,518880.XSHG,8.713,1000.0,9800.0,,9.0,2025-10-28,2025-10,"黄金ETF
518880.XSHG"
2025-10-29 09:53:00,止盈,500ETF,510500.XSHG,7.518,1200.0,4325.0,263.1,3.0,2025-10-29,2025-10,"500ETF
510500.XSHG"
2025-10-30 09:37:00,止盈（部分）,创业板ETF易方达,159915.XSHE,3.302,2600.0,0.0,251.34,0.0,2025-10-30,2025-10,"创业板ETF易方达
159915.XSHE"
2025-10-30 09:37:00,清仓,创业板ETF易方达,159915.XSHE,,,,,0.0,2025-10-30,2025-10,"创业板ETF易方达
159915.XSHE"
2025-10-30 09:38:00,重装建仓,创业板ETF易方达,159915.XSHE,3.305,24200.0,24200.0,,,2025-10-30,2025-10,"创业板ETF易方达
159915.XSHE"
2025-10-30 09:39:00,底仓到账,创业板ETF易方达,159915.XSHE,,,24200.0,,8.0,2025-10-30,2025-10,"创业板ETF易方达
159915.XSHE"
2025-10-31 09:46:00,加仓,创业板ETF易方达,159915.XSHE,3.204,2700.0,26900.0,,9.0,2025-10-31,2025-10,"创业板ETF易方达
159915.XSHE"
2025-11-03 10:34:00,加仓,创业板ETF易方达,159915.XSHE,3.106,2800.0,29700.0,,10.0,2025-11-03,2025-11,"创业板ETF易方达
159915.XSHE"
2025-11-04 14:12:00,加仓,500ETF,510500.XSHG,7.29,1100.0,5425.0,,4.0,2025-11-04,2025-11,"500ETF
510500.XSHG"
2025-11-05 09:31:00,加仓,纳指ETF,513100.XSHG,1.888,4600.0,42000.0,,9.0,2025-11-05,2025-11,"纳指ETF
513100.XSHG"
2025-11-05 09:32:00,等级校准,纳指ETF,513100.XSHG,,,42000.0,,,2025-11-05,2025-11,"纳指ETF
513100.XSHG"
2025-11-06 13:01:00,止盈,纳指ETF,513100.XSHG,1.945,4700.0,37300.0,266.99,8.0,2025-11-06,2025-11,"纳指ETF
513100.XSHG"
2025-11-06 13:27:00,止盈,创业板ETF易方达,159915.XSHE,3.2,2800.0,26900.0,262.3,9.0,2025-11-06,2025-11,"创业板ETF易方达
159915.XSHE"
2025-11-11 09:31:00,止盈,黄金ETF,518880.XSHG,9.118,1000.0,8800.0,404.09,9.0,2025-11-11,2025-11,"黄金ETF
518880.XSHG"
2025-11-12 09:31:00,加仓,创业板ETF易方达,159915.XSHE,3.1,2800.0,29700.0,,10.0,2025-11-12,2025-11,"创业板ETF易方达
159915.XSHE"
2025-11-17 13:37:00,加仓,黄金ETF,518880.XSHG,8.844,900.0,9700.0,,10.0,2025-11-17,2025-11,"黄金ETF
518880.XSHG"
2025-11-17 13:38:00,等级校准,黄金ETF,518880.XSHG,,,9700.0,,,2025-11-17,2025-11,"黄金ETF
518880.XSHG"
2025-11-18 09:31:00,加仓,纳指ETF,513100.XSHG,1.883,4600.0,41900.0,,9.0,2025-11-18,2025-11,"纳指ETF
513100.XSHG"
2025-11-18 09:32:00,等级校准,纳指ETF,513100.XSHG,,,41900.0,,,2025-11-18,2025-11,"纳指ETF
513100.XSHG"
2025-11-21 09:31:00,加仓,创业板ETF易方达,159915.XSHE,2.976,2900.0,32600.0,,11.0,2025-11-21,2025-11,"创业板ETF易方达
159915.XSHE"
2025-11-21 09:32:00,等级校准,创业板ETF易方达,159915.XSHE,,,32600.0,,,2025-11-21,2025-11,"创业板ETF易方达
159915.XSHE"
2025-11-21 09:36:00,加仓,500ETF,510500.XSHG,7.071,1200.0,6625.0,,5.0,2025-11-21,2025-11,"500ETF
510500.XSHG"
2025-11-24 11:15:00,加仓,创业板ETF易方达,159915.XSHE,2.886,3000.0,35600.0,,11.0,2025-11-24,2025-11,"创业板ETF易方达
159915.XSHE"
2025-11-25 09:55:00,止盈,创业板ETF易方达,159915.XSHE,2.973,3100.0,32500.0,268.78,10.0,2025-11-25,2025-11,"创业板ETF易方达
159915.XSHE"
2025-11-27 09:31:00,止盈,纳指ETF,513100.XSHG,1.94,4700.0,37200.0,266.99,8.0,2025-11-27,2025-11,"纳指ETF
513100.XSHG"
2025-11-27 09:51:00,止盈,创业板ETF易方达,159915.XSHE,3.065,3000.0,29500.0,275.08,10.0,2025-11-27,2025-11,"创业板ETF易方达
159915.XSHE"
2025-12-01 09:31:00,止盈,黄金ETF,518880.XSHG,9.156,1000.0,8700.0,311.08,9.0,2025-12-01,2025-12,"黄金ETF
518880.XSHG"
2025-12-08 10:09:00,止盈,创业板ETF易方达,159915.XSHE,3.159,2900.0,26600.0,271.68,9.0,2025-12-08,2025-12,"创业板ETF易方达
159915.XSHE"
2025-12-08 13:12:00,止盈,500ETF,510500.XSHG,7.285,1200.0,5425.0,255.93,4.0,2025-12-08,2025-12,"500ETF
510500.XSHG"
2025-12-16 09:50:00,加仓,纳指ETF,513100.XSHG,1.881,4600.0,41800.0,,9.0,2025-12-16,2025-12,"纳指ETF
513100.XSHG"
2025-12-16 09:51:00,等级校准,纳指ETF,513100.XSHG,,,41800.0,,,2025-12-16,2025-12,"纳指ETF
513100.XSHG"
2025-12-16 10:40:00,加仓,创业板ETF易方达,159915.XSHE,3.064,2800.0,29400.0,,10.0,2025-12-16,2025-12,"创业板ETF易方达
159915.XSHE"
2025-12-17 14:12:00,止盈,创业板ETF易方达,159915.XSHE,3.159,2900.0,26500.0,274.58,9.0,2025-12-17,2025-12,"创业板ETF易方达
159915.XSHE"
2025-12-22 09:31:00,止盈,纳指ETF,513100.XSHG,1.941,4700.0,37100.0,281.09,8.0,2025-12-22,2025-12,"纳指ETF
513100.XSHG"
2025-12-22 11:05:00,止盈,黄金ETF,518880.XSHG,9.431,900.0,7800.0,246.65,8.0,2025-12-22,2025-12,"黄金ETF
518880.XSHG"
2025-12-24 09:31:00,止盈,黄金ETF,518880.XSHG,9.717,900.0,6900.0,256.53,7.0,2025-12-24,2025-12,"黄金ETF
518880.XSHG"
2025-12-25 13:12:00,止盈,500ETF,510500.XSHG,7.504,1200.0,4225.0,261.9,3.0,2025-12-25,2025-12,"500ETF
510500.XSHG"
2025-12-30 09:31:00,加仓,黄金ETF,518880.XSHG,9.275,900.0,7800.0,,8.0,2025-12-30,2025-12,"黄金ETF
518880.XSHG"
2026-01-05 10:29:00,止盈,500ETF,510500.XSHG,7.73,1100.0,3125.0,247.75,2.0,2026-01-05,2026-01,"500ETF
510500.XSHG"
2026-01-05 10:30:00,止盈,创业板ETF易方达,159915.XSHE,3.254,2800.0,23700.0,265.09,8.0,2026-01-05,2026-01,"创业板ETF易方达
159915.XSHE"
2026-01-06 09:55:00,止盈,黄金ETF,518880.XSHG,9.554,900.0,6900.0,250.24,7.0,2026-01-06,2026-01,"黄金ETF
518880.XSHG"
2026-01-07 09:30:00,止盈,500ETF,510500.XSHG,7.964,1100.0,2025.0,256.52,1.0,2026-01-07,2026-01,"500ETF
510500.XSHG"
2026-01-09 10:37:00,止盈,500ETF,510500.XSHG,8.203,1100.0,925.0,262.0,1.0,2026-01-09,2026-01,"500ETF
510500.XSHG"
2026-01-12 13:01:00,止盈,创业板ETF易方达,159915.XSHE,3.352,2700.0,21000.0,263.69,8.0,2026-01-12,2026-01,"创业板ETF易方达
159915.XSHE"
2026-01-14 09:31:00,止盈,黄金ETF,518880.XSHG,9.873,900.0,6000.0,286.21,6.0,2026-01-14,2026-01,"黄金ETF
518880.XSHG"
2026-01-14 10:01:00,止盈（部分）,500ETF,510500.XSHG,8.45,900.0,25.0,221.54,0.0,2026-01-14,2026-01,"500ETF
510500.XSHG"
2026-01-14 10:01:00,清仓-碎股,500ETF,510500.XSHG,,,,,0.0,2026-01-14,2026-01,"500ETF
510500.XSHG"
2026-01-14 10:01:00,清仓,500ETF,510500.XSHG,,,,,0.0,2026-01-14,2026-01,"500ETF
510500.XSHG"
2026-01-14 10:02:00,重装建仓,500ETF,510500.XSHG,8.458,9400.0,9400.0,,,2026-01-14,2026-01,"500ETF
510500.XSHG"
2026-01-14 10:03:00,底仓到账,500ETF,510500.XSHG,,,9400.0,,9.0,2026-01-14,2026-01,"500ETF
510500.XSHG"
2026-01-20 09:39:00,加仓,纳指ETF,513100.XSHG,1.882,4600.0,41700.0,,9.0,2026-01-20,2026-01,"纳指ETF
513100.XSHG"
2026-01-20 09:40:00,等级校准,纳指ETF,513100.XSHG,,,41700.0,,,2026-01-20,2026-01,"纳指ETF
513100.XSHG"
2026-01-20 10:24:00,加仓,创业板ETF易方达,159915.XSHE,3.25,2600.0,23600.0,,9.0,2026-01-20,2026-01,"创业板ETF易方达
159915.XSHE"
2026-01-20 10:25:00,等级校准,创业板ETF易方达,159915.XSHE,,,23600.0,,,2026-01-20,2026-01,"创业板ETF易方达
159915.XSHE"
2026-01-21 09:31:00,止盈,黄金ETF,518880.XSHG,10.368,900.0,5100.0,444.57,6.0,2026-01-21,2026-01,"黄金ETF
518880.XSHG"
2026-01-26 09:30:00,止盈,500ETF,510500.XSHG,8.719,1000.0,8400.0,260.13,8.0,2026-01-26,2026-01,"500ETF
510500.XSHG"
2026-01-26 09:31:00,止盈,黄金ETF,518880.XSHG,10.893,800.0,4300.0,419.13,5.0,2026-01-26,2026-01,"黄金ETF
518880.XSHG"
2026-01-26 09:31:00,止盈,创业板ETF易方达,159915.XSHE,3.351,2700.0,20900.0,271.8,8.0,2026-01-26,2026-01,"创业板ETF易方达
159915.XSHE"
2026-01-27 09:58:00,加仓,500ETF,510500.XSHG,8.452,1000.0,9400.0,,9.0,2026-01-27,2026-01,"500ETF
510500.XSHG"
2026-01-28 11:05:00,止盈,黄金ETF,518880.XSHG,11.224,800.0,3500.0,263.9,4.0,2026-01-28,2026-01,"黄金ETF
518880.XSHG"
2026-01-28 14:36:00,止盈,500ETF,510500.XSHG,8.709,1000.0,8400.0,256.13,8.0,2026-01-28,2026-01,"500ETF
510500.XSHG"
2026-01-29 09:31:00,止盈,黄金ETF,518880.XSHG,11.91,800.0,2700.0,547.85,3.0,2026-01-29,2026-01,"黄金ETF
518880.XSHG"
2026-01-30 09:31:00,加仓,黄金ETF,518880.XSHG,11.464,700.0,3400.0,,4.0,2026-01-30,2026-01,"黄金ETF
518880.XSHG"
2026-01-30 09:55:00,加仓,500ETF,510500.XSHG,8.429,1000.0,9400.0,,9.0,2026-01-30,2026-01,"500ETF
510500.XSHG"
2026-01-30 10:15:00,加仓,黄金ETF,518880.XSHG,11.103,700.0,4100.0,,5.0,2026-01-30,2026-01,"黄金ETF
518880.XSHG"
2026-01-30 10:35:00,加仓,创业板ETF易方达,159915.XSHE,3.245,2600.0,23500.0,,9.0,2026-01-30,2026-01,"创业板ETF易方达
159915.XSHE"
2026-01-30 10:36:00,等级校准,创业板ETF易方达,159915.XSHE,,,23500.0,,,2026-01-30,2026-01,"创业板ETF易方达
159915.XSHE"
2026-01-30 13:06:00,止盈,创业板ETF易方达,159915.XSHE,3.346,2700.0,20800.0,271.8,8.0,2026-01-30,2026-01,"创业板ETF易方达
159915.XSHE"
2026-02-02 09:31:00,加仓,黄金ETF,518880.XSHG,9.918,800.0,4900.0,,6.0,2026-02-02,2026-02,"黄金ETF
518880.XSHG"
2026-02-02 09:32:00,等级校准,黄金ETF,518880.XSHG,,,4900.0,,,2026-02-02,2026-02,"黄金ETF
518880.XSHG"
2026-02-02 10:34:00,止盈,黄金ETF,518880.XSHG,10.232,900.0,4000.0,281.68,5.0,2026-02-02,2026-02,"黄金ETF
518880.XSHG"
2026-02-02 13:36:00,加仓,500ETF,510500.XSHG,8.173,1000.0,10400.0,,10.0,2026-02-02,2026-02,"500ETF
510500.XSHG"
2026-02-02 13:37:00,等级校准,500ETF,510500.XSHG,,,10400.0,,,2026-02-02,2026-02,"500ETF
510500.XSHG"
2026-02-02 13:38:00,加仓,黄金ETF,518880.XSHG,9.921,800.0,4800.0,,6.0,2026-02-02,2026-02,"黄金ETF
518880.XSHG"
2026-02-02 13:39:00,等级校准,黄金ETF,518880.XSHG,,,4800.0,,,2026-02-02,2026-02,"黄金ETF
518880.XSHG"
2026-02-03 09:31:00,止盈,黄金ETF,518880.XSHG,10.362,900.0,3900.0,395.97,4.0,2026-02-03,2026-02,"黄金ETF
518880.XSHG"
2026-02-03 10:46:00,加仓,创业板ETF易方达,159915.XSHE,3.244,2600.0,23400.0,,9.0,2026-02-03,2026-02,"创业板ETF易方达
159915.XSHE"
2026-02-03 10:47:00,等级校准,创业板ETF易方达,159915.XSHE,,,23400.0,,,2026-02-03,2026-02,"创业板ETF易方达
159915.XSHE"
2026-02-04 09:31:00,止盈,黄金ETF,518880.XSHG,10.793,800.0,3100.0,343.94,3.0,2026-02-04,2026-02,"黄金ETF
518880.XSHG"
2026-02-05 10:47:00,加仓,黄金ETF,518880.XSHG,10.463,800.0,3900.0,,4.0,2026-02-05,2026-02,"黄金ETF
518880.XSHG"
2026-02-06 09:31:00,加仓,纳指ETF,513100.XSHG,1.809,4700.0,46400.0,,9.0,2026-02-06,2026-02,"纳指ETF
513100.XSHG"
2026-02-06 09:31:00,加仓,黄金ETF,518880.XSHG,10.077,800.0,4700.0,,5.0,2026-02-06,2026-02,"黄金ETF
518880.XSHG"
2026-02-06 10:39:00,止盈,黄金ETF,518880.XSHG,10.381,800.0,3900.0,242.37,4.0,2026-02-06,2026-02,"黄金ETF
518880.XSHG"
2026-02-09 09:31:00,止盈,黄金ETF,518880.XSHG,10.719,800.0,3100.0,269.54,3.0,2026-02-09,2026-02,"黄金ETF
518880.XSHG"
2026-02-11 09:39:00,止盈,500ETF,510500.XSHG,8.421,1100.0,9300.0,271.87,9.0,2026-02-11,2026-02,"500ETF
510500.XSHG"
2026-02-25 11:28:00,止盈,创业板ETF易方达,159915.XSHE,3.342,2700.0,20700.0,263.7,7.0,2026-02-25,2026-02,"创业板ETF易方达
159915.XSHE"
2026-02-27 10:03:00,止盈,500ETF,510500.XSHG,8.677,1000.0,8300.0,255.13,8.0,2026-02-27,2026-02,"500ETF
510500.XSHG"
2026-03-02 09:31:00,止盈,黄金ETF,518880.XSHG,11.329,800.0,2300.0,487.09,3.0,2026-03-02,2026-03,"黄金ETF
518880.XSHG"
2026-03-03 10:19:00,加仓,创业板ETF易方达,159915.XSHE,3.241,2600.0,23300.0,,8.0,2026-03-03,2026-03,"创业板ETF易方达
159915.XSHE"
2026-03-03 13:57:00,加仓,500ETF,510500.XSHG,8.411,1000.0,9300.0,,9.0,2026-03-03,2026-03,"500ETF
510500.XSHG"
2026-03-04 09:33:00,加仓,黄金ETF,518880.XSHG,10.986,700.0,3000.0,,4.0,2026-03-04,2026-03,"黄金ETF
518880.XSHG"
2026-03-04 09:34:00,等级校准,黄金ETF,518880.XSHG,,,3000.0,,,2026-03-04,2026-03,"黄金ETF
518880.XSHG"
2026-03-04 13:06:00,加仓,创业板ETF易方达,159915.XSHE,3.14,2700.0,26000.0,,9.0,2026-03-04,2026-03,"创业板ETF易方达
159915.XSHE"
2026-03-05 10:16:00,止盈,创业板ETF易方达,159915.XSHE,3.235,2800.0,23200.0,265.09,8.0,2026-03-05,2026-03,"创业板ETF易方达
159915.XSHE"
2026-03-09 09:31:00,加仓,纳指ETF,513100.XSHG,1.748,4900.0,51300.0,,10.0,2026-03-09,2026-03,"纳指ETF
513100.XSHG"
2026-03-09 09:32:00,加仓,创业板ETF易方达,159915.XSHE,3.126,2700.0,25900.0,,9.0,2026-03-09,2026-03,"创业板ETF易方达
159915.XSHE"
2026-03-09 09:54:00,加仓,500ETF,510500.XSHG,8.152,1000.0,10300.0,,10.0,2026-03-09,2026-03,"500ETF
510500.XSHG"
2026-03-09 09:55:00,等级校准,500ETF,510500.XSHG,,,10300.0,,,2026-03-09,2026-03,"500ETF
510500.XSHG"
2026-03-10 09:31:00,止盈,500ETF,510500.XSHG,8.454,1100.0,9200.0,331.27,9.0,2026-03-10,2026-03,"500ETF
510500.XSHG"
2026-03-10 09:31:00,止盈,创业板ETF易方达,159915.XSHE,3.268,2800.0,23100.0,396.68,8.0,2026-03-10,2026-03,"创业板ETF易方达
159915.XSHE"
2026-03-11 10:50:00,止盈,创业板ETF易方达,159915.XSHE,3.367,2700.0,20400.0,266.39,7.0,2026-03-11,2026-03,"创业板ETF易方达
159915.XSHE"
2026-03-16 09:31:00,加仓,黄金ETF,518880.XSHG,10.625,800.0,3800.0,,4.0,2026-03-16,2026-03,"黄金ETF
518880.XSHG"
2026-03-16 09:42:00,加仓,500ETF,510500.XSHG,8.189,1000.0,10200.0,,10.0,2026-03-16,2026-03,"500ETF
510500.XSHG"
2026-03-19 09:31:00,加仓,黄金ETF,518880.XSHG,10.292,800.0,4600.0,,5.0,2026-03-19,2026-03,"黄金ETF
518880.XSHG"
2026-03-19 13:45:00,加仓,500ETF,510500.XSHG,7.942,1000.0,11200.0,,11.0,2026-03-19,2026-03,"500ETF
510500.XSHG"
2026-03-19 13:46:00,等级校准,500ETF,510500.XSHG,,,11200.0,,,2026-03-19,2026-03,"500ETF
510500.XSHG"
2026-03-20 09:31:00,加仓,黄金ETF,518880.XSHG,9.909,800.0,5400.0,,6.0,2026-03-20,2026-03,"黄金ETF
518880.XSHG"
2026-03-23 09:31:00,加仓,黄金ETF,518880.XSHG,9.48,900.0,6300.0,,7.0,2026-03-23,2026-03,"黄金ETF
518880.XSHG"
2026-03-23 09:32:00,加仓,500ETF,510500.XSHG,7.694,1100.0,12300.0,,11.0,2026-03-23,2026-03,"500ETF
510500.XSHG"
2026-03-23 11:12:00,加仓,纳指ETF,513100.XSHG,1.694,5100.0,56400.0,,11.0,2026-03-23,2026-03,"纳指ETF
513100.XSHG"
2026-03-23 11:13:00,等级校准,纳指ETF,513100.XSHG,,,56400.0,,,2026-03-23,2026-03,"纳指ETF
513100.XSHG"
2026-03-23 13:00:00,加仓,创业板ETF易方达,159915.XSHE,3.264,2600.0,23000.0,,8.0,2026-03-23,2026-03,"创业板ETF易方达
159915.XSHE"
2026-03-23 13:33:00,加仓,黄金ETF,518880.XSHG,9.192,900.0,7200.0,,8.0,2026-03-23,2026-03,"黄金ETF
518880.XSHG"
2026-03-23 14:44:00,加仓,黄金ETF,518880.XSHG,8.913,900.0,8100.0,,9.0,2026-03-23,2026-03,"黄金ETF
518880.XSHG"
2026-03-23 14:45:00,等级校准,黄金ETF,518880.XSHG,,,8100.0,,,2026-03-23,2026-03,"黄金ETF
518880.XSHG"
2026-03-23 14:48:00,加仓,500ETF,510500.XSHG,7.462,1100.0,13400.0,,12.0,2026-03-23,2026-03,"500ETF
510500.XSHG"
2026-03-23 14:49:00,等级校准,500ETF,510500.XSHG,,,13400.0,,,2026-03-23,2026-03,"500ETF
510500.XSHG"
2026-03-24 09:31:00,止盈,黄金ETF,518880.XSHG,9.213,1000.0,7100.0,299.08,7.0,2026-03-24,2026-03,"黄金ETF
518880.XSHG"
2026-03-24 10:14:00,加仓,创业板ETF易方达,159915.XSHE,3.166,2700.0,25700.0,,9.0,2026-03-24,2026-03,"创业板ETF易方达
159915.XSHE"
2026-03-25 09:31:00,止盈,黄金ETF,518880.XSHG,9.701,900.0,6200.0,438.33,6.0,2026-03-25,2026-03,"黄金ETF
518880.XSHG"
2026-03-25 09:31:00,止盈,500ETF,510500.XSHG,7.716,1200.0,12200.0,303.87,11.0,2026-03-25,2026-03,"500ETF
510500.XSHG"
2026-03-25 09:31:00,止盈,创业板ETF易方达,159915.XSHE,3.275,2800.0,22900.0,304.28,8.0,2026-03-25,2026-03,"创业板ETF易方达
159915.XSHE"
2026-03-26 14:03:00,加仓,黄金ETF,518880.XSHG,9.408,900.0,7100.0,,7.0,2026-03-26,2026-03,"黄金ETF
518880.XSHG"
2026-03-31 09:31:00,止盈,黄金ETF,518880.XSHG,9.758,900.0,6200.0,314.12,6.0,2026-03-31,2026-03,"黄金ETF
518880.XSHG"
2026-04-01 14:31:00,止盈,纳指ETF,513100.XSHG,1.745,5300.0,51100.0,269.38,10.0,2026-04-01,2026-04,"纳指ETF
513100.XSHG"
2026-04-02 13:02:00,加仓,创业板ETF易方达,159915.XSHE,3.174,2700.0,25600.0,,9.0,2026-04-02,2026-04,"创业板ETF易方达
159915.XSHE"
2026-04-08 09:31:00,止盈,黄金ETF,518880.XSHG,10.099,900.0,5300.0,305.99,6.0,2026-04-08,2026-04,"黄金ETF
518880.XSHG"
2026-04-08 09:34:00,止盈,纳指ETF,513100.XSHG,1.8,5100.0,46000.0,279.58,9.0,2026-04-08,2026-04,"纳指ETF
513100.XSHG"
2026-04-08 09:41:00,止盈,创业板ETF易方达,159915.XSHE,3.27,2800.0,22800.0,267.88,8.0,2026-04-08,2026-04,"创业板ETF易方达
159915.XSHE"
2026-04-08 11:15:00,止盈,500ETF,510500.XSHG,7.949,1100.0,11100.0,255.43,10.0,2026-04-08,2026-04,"500ETF
510500.XSHG"
2026-04-10 09:35:00,止盈,创业板ETF易方达,159915.XSHE,3.37,2700.0,20100.0,269.09,7.0,2026-04-10,2026-04,"创业板ETF易方达
159915.XSHE"
2026-04-13 10:01:00,止盈,创业板ETF易方达,159915.XSHE,3.472,2600.0,17500.0,264.3,7.0,2026-04-13,2026-04,"创业板ETF易方达
159915.XSHE"
2026-04-15 09:31:00,止盈,纳指ETF,513100.XSHG,1.857,5000.0,41000.0,284.07,8.0,2026-04-15,2026-04,"纳指ETF
513100.XSHG"
2026-04-15 09:31:00,止盈,500ETF,510500.XSHG,8.221,1100.0,10000.0,298.3,10.0,2026-04-15,2026-04,"500ETF
510500.XSHG"
2026-04-15 09:31:00,止盈,创业板ETF易方达,159915.XSHE,3.587,2500.0,15000.0,286.6,6.0,2026-04-15,2026-04,"创业板ETF易方达
159915.XSHE"
2026-04-22 09:39:00,止盈,创业板ETF易方达,159915.XSHE,3.697,2500.0,12500.0,274.08,5.0,2026-04-22,2026-04,"创业板ETF易方达
159915.XSHE"
2026-04-23 09:33:00,止盈,纳指ETF,513100.XSHG,1.914,4800.0,36200.0,272.68,7.0,2026-04-23,2026-04,"纳指ETF
513100.XSHG"
2026-04-28 13:08:00,加仓,黄金ETF,518880.XSHG,9.786,800.0,6100.0,,7.0,2026-04-28,2026-04,"黄金ETF
518880.XSHG"
2026-04-28 13:09:00,等级校准,黄金ETF,518880.XSHG,,,6100.0,,,2026-04-28,2026-04,"黄金ETF
518880.XSHG"
2026-04-30 09:31:00,止盈,纳指ETF,513100.XSHG,1.976,4700.0,31500.0,290.47,7.0,2026-04-30,2026-04,"纳指ETF
513100.XSHG"
2026-05-06 09:31:00,止盈,500ETF,510500.XSHG,8.541,1000.0,9000.0,319.15,9.0,2026-05-06,2026-05,"500ETF
510500.XSHG"
2026-05-06 10:14:00,止盈,创业板ETF易方达,159915.XSHE,3.812,2400.0,10100.0,275.09,4.0,2026-05-06,2026-05,"创业板ETF易方达
159915.XSHE"
2026-05-07 09:32:00,止盈,纳指ETF,513100.XSHG,2.037,4500.0,27000.0,273.58,6.0,2026-05-07,2026-05,"纳指ETF
513100.XSHG"
2026-05-11 09:31:00,止盈,纳指ETF,513100.XSHG,2.104,4400.0,22600.0,293.87,5.0,2026-05-11,2026-05,"纳指ETF
513100.XSHG"
2026-05-11 09:31:00,止盈,500ETF,510500.XSHG,8.84,1000.0,8000.0,298.12,8.0,2026-05-11,2026-05,"500ETF
510500.XSHG"
2026-05-11 13:02:00,止盈,创业板ETF易方达,159915.XSHE,3.929,2300.0,7800.0,268.2,3.0,2026-05-11,2026-05,"创业板ETF易方达
159915.XSHE"
2026-05-13 14:34:00,止盈,创业板ETF易方达,159915.XSHE,4.05,2200.0,5600.0,265.31,2.0,2026-05-13,2026-05,"创业板ETF易方达
159915.XSHE"
2026-05-15 09:50:00,加仓,创业板ETF易方达,159915.XSHE,3.926,2200.0,7800.0,,3.0,2026-05-15,2026-05,"创业板ETF易方达
159915.XSHE"
2026-05-15 14:02:00,加仓,500ETF,510500.XSHG,8.573,1000.0,9000.0,,9.0,2026-05-15,2026-05,"500ETF
510500.XSHG"
2026-05-18 09:31:00,加仓,黄金ETF,518880.XSHG,9.44,900.0,7000.0,,7.0,2026-05-18,2026-05,"黄金ETF
518880.XSHG"
2026-05-19 13:12:00,加仓,纳指ETF,513100.XSHG,2.04,4200.0,26800.0,,6.0,2026-05-19,2026-05,"纳指ETF
513100.XSHG"
2026-05-21 09:32:00,止盈,500ETF,510500.XSHG,8.843,1000.0,8000.0,269.12,8.0,2026-05-21,2026-05,"500ETF
510500.XSHG"
2026-05-21 13:17:00,止盈,纳指ETF,513100.XSHG,2.102,4400.0,22400.0,271.88,5.0,2026-05-21,2026-05,"纳指ETF
513100.XSHG"
2026-05-21 14:31:00,加仓,500ETF,510500.XSHG,8.575,1000.0,9000.0,,9.0,2026-05-21,2026-05,"500ETF
510500.XSHG"
