timestamp,159915.XSHE,510500.XSHG,513100.XSHG,518880.XSHG
2015-01-05,79905.59999999999,79959.3,79900.79999999999,79837.2
2015-01-06,75179.3,75319.40000000001,84177.6,79837.2
2015-01-07,0.0,0.0,0.0,0.0
2015-01-08,0.0,0.0,0.0,0.0
2015-01-09,70316.4,75319.40000000001,84177.6,79837.2
2015-01-10,0.0,0.0,0.0,0.0
2015-01-11,0.0,0.0,0.0,0.0
2015-01-12,70316.4,79649.6,84177.6,79837.2
2015-01-13,0.0,0.0,0.0,0.0
2015-01-14,0.0,0.0,0.0,0.0
2015-01-15,70316.4,75061.5,84177.6,79837.2
2015-01-16,65385.600000000006,75061.5,84177.6,75771.8
2015-01-17,0.0,0.0,0.0,0.0
2015-01-18,0.0,0.0,0.0,0.0
2015-01-19,65187.2,79055.2,84177.6,75771.8
2015-01-20,60115.200000000004,74253.5,84177.6,71445.0
2015-01-21,54778.5,74253.5,84177.6,71445.0
2015-01-22,54778.5,69388.0,84177.6,71445.0
2015-01-23,54778.5,69388.0,80277.3,71445.0
2015-01-24,0.0,0.0,0.0,0.0
2015-01-25,0.0,0.0,0.0,0.0
2015-01-26,0.0,0.0,0.0,0.0
2015-01-27,0.0,0.0,0.0,0.0
2015-01-28,54778.5,64350.0,80277.3,71445.0
2015-01-29,54778.5,64350.0,84218.8,71445.0
2015-01-30,0.0,0.0,0.0,0.0
2015-01-31,0.0,0.0,0.0,0.0
2015-02-01,0.0,0.0,0.0,0.0
2015-02-02,59916.5,68659.6,84218.8,71445.0
2015-02-03,54579.2,68659.6,84218.8,71445.0
2015-02-04,54579.2,63634.5,84218.8,71445.0
2015-02-05,49020.4,63634.5,84218.8,71445.0
2015-02-06,54181.2,68371.8,84218.8,71445.0
2015-02-07,0.0,0.0,0.0,0.0
2015-02-08,0.0,0.0,0.0,0.0
2015-02-09,54181.2,68371.8,84218.8,75310.2
2015-02-10,0.0,0.0,0.0,0.0
2015-02-11,48706.0,68371.8,84218.8,75310.2
2015-02-12,48706.0,68371.8,79654.5,75310.2
2015-02-13,48706.0,63355.200000000004,79654.5,75310.2
2015-02-14,0.0,0.0,0.0,0.0
2015-02-15,0.0,0.0,0.0,0.0
2015-02-16,37433.0,63355.200000000004,79654.5,75310.2
2015-02-17,37433.0,58476.6,74867.7,75310.2
2015-02-18,0.0,0.0,0.0,0.0
2015-02-19,0.0,0.0,0.0,0.0
2015-02-20,0.0,0.0,0.0,0.0
2015-02-21,0.0,0.0,0.0,0.0
2015-02-22,0.0,0.0,0.0,0.0
2015-02-23,0.0,0.0,0.0,0.0
2015-02-24,0.0,0.0,0.0,0.0
2015-02-25,0.0,0.0,0.0,0.0
2015-02-26,0.0,0.0,0.0,0.0
2015-02-27,0.0,0.0,0.0,0.0
2015-02-28,0.0,0.0,0.0,0.0
2015-03-01,0.0,0.0,0.0,0.0
2015-03-02,31446.1,53024.4,74867.7,75310.2
2015-03-03,0.0,0.0,0.0,0.0
2015-03-04,25220.0,53024.4,74867.7,75310.2
2015-03-05,0.0,0.0,0.0,0.0
2015-03-06,31208.0,53024.4,74867.7,75310.2
2015-03-07,0.0,0.0,0.0,0.0
2015-03-08,0.0,0.0,0.0,0.0
2015-03-09,31208.0,53024.4,74867.7,78162.4
2015-03-10,24987.3,53024.4,74867.7,78162.4
2015-03-11,0.0,0.0,0.0,0.0
2015-03-12,0.0,0.0,0.0,0.0
2015-03-13,18562.8,47559.2,74867.7,78162.4
2015-03-14,0.0,0.0,0.0,0.0
2015-03-15,0.0,0.0,0.0,0.0
2015-03-16,11924.800000000001,41906.0,74867.7,78162.4
2015-03-17,0.0,0.0,0.0,0.0
2015-03-18,11924.800000000001,36057.6,74867.7,78162.4
2015-03-19,0.0,0.0,0.0,0.0
2015-03-20,5083.2,36057.6,74867.7,78162.4
2015-03-21,0.0,0.0,0.0,0.0
2015-03-22,0.0,0.0,0.0,0.0
2015-03-23,79934.40000000001,30163.0,74867.7,78162.4
2015-03-24,74691.9,30163.0,74867.7,78162.4
2015-03-25,74691.9,24060.0,74867.7,78162.4
2015-03-26,79133.59999999999,24060.0,74867.7,78162.4
2015-03-27,0.0,0.0,0.0,0.0
2015-03-28,0.0,0.0,0.0,0.0
2015-03-29,0.0,0.0,0.0,0.0
2015-03-30,0.0,0.0,0.0,0.0
2015-03-31,74368.0,24060.0,74867.7,78162.4
2015-04-01,74368.0,17767.6,74867.7,78162.4
2015-04-02,70253.40000000001,11278.400000000001,74867.7,78162.4
2015-04-03,0.0,0.0,0.0,0.0
2015-04-04,0.0,0.0,0.0,0.0
2015-04-05,0.0,0.0,0.0,0.0
2015-04-06,0.0,0.0,0.0,0.0
2015-04-07,65633.59999999999,4603.200000000001,74867.7,78162.4
2015-04-08,70434.0,4603.200000000001,74867.7,78162.4
2015-04-09,65527.8,11055.199999999999,74867.7,78162.4
2015-04-10,65527.8,4382.0,74867.7,78162.4
2015-04-11,0.0,0.0,0.0,0.0
2015-04-12,0.0,0.0,0.0,0.0
2015-04-13,0.0,0.0,0.0,0.0
2015-04-14,0.0,0.0,0.0,0.0
2015-04-15,69966.0,83427.9,74867.7,78162.4
2015-04-16,65124.0,82256.0,74867.7,78162.4
2015-04-17,65124.0,77600.0,74867.7,78162.4
2015-04-18,0.0,0.0,0.0,0.0
2015-04-19,0.0,0.0,0.0,0.0
2015-04-20,69667.0,77600.0,74867.7,78162.4
2015-04-21,59376.00000000001,77600.0,74867.7,78162.4
2015-04-22,59376.00000000001,73336.0,74867.7,78162.4
2015-04-23,54059.99999999999,73336.0,74867.7,78162.4
2015-04-24,48673.49999999999,73336.0,74867.7,78162.4
2015-04-25,0.0,0.0,0.0,0.0
2015-04-26,0.0,0.0,0.0,0.0
2015-04-27,48673.49999999999,68922.90000000001,70051.3,78162.4
2015-04-28,48673.49999999999,73425.0,70051.3,78162.4
2015-04-29,43089.0,73425.0,70051.3,78162.4
2015-04-30,37506.6,68947.2,70051.3,78162.4
2015-05-01,0.0,0.0,0.0,0.0
2015-05-02,0.0,0.0,0.0,0.0
2015-05-03,0.0,0.0,0.0,0.0
2015-05-04,43025.4,68947.2,70051.3,78162.4
2015-05-05,43025.4,73451.7,70051.3,78162.4
2015-05-06,37372.6,73451.7,74464.0,78162.4
2015-05-07,42961.8,77600.0,74464.0,78162.4
2015-05-08,31293.9,73576.29999999999,74464.0,78162.4
2015-05-09,0.0,0.0,0.0,0.0
2015-05-10,0.0,0.0,0.0,0.0
2015-05-11,18947.2,69020.1,74464.0,78162.4
2015-05-12,18947.2,64072.09999999999,74464.0,78162.4
2015-05-13,0.0,0.0,0.0,0.0
2015-05-14,0.0,0.0,0.0,0.0
2015-05-15,18598.899999999998,64072.09999999999,69667.2,78162.4
2015-05-16,0.0,0.0,0.0,0.0
2015-05-17,0.0,0.0,0.0,0.0
2015-05-18,12265.5,64072.09999999999,69667.2,73554.0
2015-05-19,12265.5,59703.6,69667.2,73554.0
2015-05-20,5511.4,55123.7,69667.2,73554.0
2015-05-21,79897.7,50050.0,69667.2,73554.0
2015-05-22,80304.0,44955.0,69667.2,73554.0
2015-05-23,0.0,0.0,0.0,0.0
2015-05-24,0.0,0.0,0.0,0.0
2015-05-25,79396.8,44955.0,69667.2,73554.0
2015-05-26,74948.40000000001,39136.2,69667.2,73554.0
2015-05-27,74948.40000000001,34044.799999999996,69667.2,73554.0
2015-05-28,79349.2,43912.0,69667.2,73554.0
2015-05-29,78281.2,43560.0,69667.2,78022.2
2015-05-30,0.0,0.0,0.0,0.0
2015-05-31,0.0,0.0,0.0,0.0
2015-06-01,69010.5,32608.9,69667.2,78022.2
2015-06-02,58984.9,27122.5,69667.2,78022.2
2015-06-03,0.0,0.0,0.0,0.0
2015-06-04,58203.6,20907.6,69667.2,78022.2
2015-06-05,58110.0,20907.6,69667.2,78022.2
2015-06-06,0.0,0.0,0.0,0.0
2015-06-07,0.0,0.0,0.0,0.0
2015-06-08,67241.2,20907.6,69667.2,78022.2
2015-06-09,66796.8,20907.6,69667.2,78022.2
2015-06-10,56502.9,14764.099999999999,69667.2,78022.2
2015-06-11,0.0,0.0,0.0,0.0
2015-06-12,56502.9,8252.3,69667.2,78022.2
2015-06-13,0.0,0.0,0.0,0.0
2015-06-14,0.0,0.0,0.0,0.0
2015-06-15,61252.2,13717.199999999999,69667.2,78022.2
2015-06-16,65417.0,19938.6,69667.2,78022.2
2015-06-17,60282.0,13759.199999999999,69667.2,78022.2
2015-06-18,69576.1,19990.8,69667.2,78022.2
2015-06-19,74037.0,30384.0,69667.2,78022.2
2015-06-20,0.0,0.0,0.0,0.0
2015-06-21,0.0,0.0,0.0,0.0
2015-06-22,0.0,0.0,0.0,0.0
2015-06-23,73119.59999999999,28266.0,69667.2,78022.2
2015-06-24,0.0,0.0,0.0,0.0
2015-06-25,77414.1,28243.6,69667.2,78022.2
2015-06-26,87672.6,43507.2,69667.2,78022.2
2015-06-27,0.0,0.0,0.0,0.0
2015-06-28,0.0,0.0,0.0,0.0
2015-06-29,94428.79999999999,51856.1,69667.2,78022.2
2015-06-30,90313.6,40365.0,74113.2,78022.2
2015-07-01,93178.79999999999,50406.0,74113.2,78022.2
2015-07-02,95612.2,60435.2,74113.2,78022.2
2015-07-03,94239.40000000001,68650.4,74113.2,82342.8
2015-07-04,0.0,0.0,0.0,0.0
2015-07-05,0.0,0.0,0.0,0.0
2015-07-06,108140.4,76839.4,74113.2,82342.8
2015-07-07,115875.30000000002,83861.2,78554.4,82342.8
2015-07-08,110912.90000000001,82557.4,71585.0,86502.6
2015-07-09,104141.99999999999,73696.0,71585.0,82040.5
2015-07-10,108670.8,68996.7,71585.0,82040.5
2015-07-11,0.0,0.0,0.0,0.0
2015-07-12,0.0,0.0,0.0,0.0
2015-07-13,112302.79999999999,59992.5,71585.0,82040.5
2015-07-14,105648.2,60030.0,66681.0,82040.5
2015-07-15,114257.0,73396.7,66681.0,82040.5
2015-07-16,107791.79999999999,67840.5,66681.0,82040.5
2015-07-17,96675.6,58115.3,61674.3,82040.5
2015-07-18,0.0,0.0,0.0,0.0
2015-07-19,0.0,0.0,0.0,0.0
2015-07-20,96369.2,53475.5,56425.0,86278.5
2015-07-21,96369.2,53378.0,56425.0,86278.5
2015-07-22,0.0,0.0,0.0,0.0
2015-07-23,92448.3,48216.299999999996,56425.0,86278.5
2015-07-24,95942.0,48164.99999999999,56425.0,86278.5
2015-07-25,0.0,0.0,0.0,0.0
2015-07-26,0.0,0.0,0.0,0.0
2015-07-27,102482.59999999999,57801.4,61378.50000000001,86278.5
2015-07-28,98697.2,56030.4,61378.50000000001,86278.5
2015-07-29,94472.4,49631.00000000001,61378.50000000001,86278.5
2015-07-30,98245.0,49829.4,61378.50000000001,86278.5
2015-07-31,100836.79999999999,54537.0,56561.6,90355.20000000001
2015-08-01,0.0,0.0,0.0,0.0
2015-08-02,0.0,0.0,0.0,0.0
2015-08-03,104424.5,58819.8,56561.6,90355.20000000001
2015-08-04,96714.0,49202.600000000006,56561.6,90355.20000000001
2015-08-05,100280.40000000001,49202.600000000006,56561.6,90355.20000000001
2015-08-06,100280.40000000001,47784.0,56561.6,90355.20000000001
2015-08-07,96272.5,47784.0,56561.6,90355.20000000001
2015-08-08,0.0,0.0,0.0,0.0
2015-08-09,0.0,0.0,0.0,0.0
2015-08-10,87875.7,37193.2,61537.0,90355.20000000001
2015-08-11,87875.7,37193.2,56371.200000000004,85977.59999999999
2015-08-12,91852.8,37193.2,56371.200000000004,81437.09999999999
2015-08-13,0.0,0.0,0.0,0.0
2015-08-14,87924.0,31384.8,56371.200000000004,81437.09999999999
2015-08-15,0.0,0.0,0.0,0.0
2015-08-16,0.0,0.0,0.0,0.0
2015-08-17,91823.4,31384.8,56371.200000000004,81437.09999999999
2015-08-18,98874.6,42354.0,51359.0,81437.09999999999
2015-08-19,94231.0,36951.2,51359.0,81437.09999999999
2015-08-20,94231.0,42307.2,56283.0,81437.09999999999
2015-08-21,101025.0,47262.0,61254.0,77390.8
2015-08-22,0.0,0.0,0.0,0.0
2015-08-23,0.0,0.0,0.0,0.0
2015-08-24,104908.5,59795.8,64068.0,77119.0
2015-08-25,105353.6,67437.2,62831.1,77119.0
2015-08-26,107779.2,66927.0,62831.1,81221.40000000001
2015-08-27,103334.40000000001,65946.40000000001,57951.399999999994,81221.40000000001
2015-08-28,95250.0,56589.399999999994,52611.0,81221.40000000001
2015-08-29,0.0,0.0,0.0,0.0
2015-08-30,0.0,0.0,0.0,0.0
2015-08-31,98784.8,61426.50000000001,52611.0,81221.40000000001
2015-09-01,105519.70000000001,69316.8,57727.2,81221.40000000001
2015-09-02,103190.0,67547.2,62639.99999999999,81221.40000000001
2015-09-03,0.0,0.0,0.0,0.0
2015-09-04,0.0,0.0,0.0,0.0
2015-09-05,0.0,0.0,0.0,0.0
2015-09-06,0.0,0.0,0.0,0.0
2015-09-07,99320.4,63488.6,62639.99999999999,81221.40000000001
2015-09-08,91409.9,57987.0,57520.0,81221.40000000001
2015-09-09,87120.0,53128.0,57520.0,81221.40000000001
2015-09-10,0.0,0.0,0.0,0.0
2015-09-11,0.0,0.0,0.0,0.0
2015-09-12,0.0,0.0,0.0,0.0
2015-09-13,0.0,0.0,0.0,0.0
2015-09-14,97950.6,66666.6,57520.0,81221.40000000001
2015-09-15,104838.6,71016.2,57520.0,81221.40000000001
2015-09-16,92797.2,61360.200000000004,57520.0,81221.40000000001
2015-09-17,92026.0,61360.200000000004,52236.8,81221.40000000001
2015-09-18,87808.59999999999,66121.0,52236.8,81221.40000000001
2015-09-19,0.0,0.0,0.0,0.0
2015-09-20,0.0,0.0,0.0,0.0
2015-09-21,78941.59999999999,56223.200000000004,52236.8,81221.40000000001
2015-09-22,0.0,0.0,0.0,0.0
2015-09-23,77947.8,56223.200000000004,57416.100000000006,81221.40000000001
2015-09-24,0.0,0.0,0.0,0.0
2015-09-25,81587.9,60681.6,57416.100000000006,81221.40000000001
2015-09-26,0.0,0.0,0.0,0.0
2015-09-27,0.0,0.0,0.0,0.0
2015-09-28,77040.0,60681.6,57416.100000000006,81221.40000000001
2015-09-29,77040.0,60681.6,62267.1,81221.40000000001
2015-09-30,0.0,0.0,0.0,0.0
2015-10-01,0.0,0.0,0.0,0.0
2015-10-02,0.0,0.0,0.0,0.0
2015-10-03,0.0,0.0,0.0,0.0
2015-10-04,0.0,0.0,0.0,0.0
2015-10-05,0.0,0.0,0.0,0.0
2015-10-06,0.0,0.0,0.0,0.0
2015-10-07,0.0,0.0,0.0,0.0
2015-10-08,69102.0,56871.9,57565.0,81221.40000000001
2015-10-09,0.0,0.0,0.0,0.0
2015-10-10,0.0,0.0,0.0,0.0
2015-10-11,0.0,0.0,0.0,0.0
2015-10-12,58962.5,51990.4,57565.0,81221.40000000001
2015-10-13,0.0,0.0,0.0,0.0
2015-10-14,58962.5,51990.4,57565.0,76526.4
2015-10-15,53656.200000000004,46611.9,57565.0,76526.4
2015-10-16,53656.200000000004,40971.6,57565.0,76526.4
2015-10-17,0.0,0.0,0.0,0.0
2015-10-18,0.0,0.0,0.0,0.0
2015-10-19,0.0,0.0,0.0,0.0
2015-10-20,48225.6,40971.6,52175.50000000001,76526.4
2015-10-21,58307.1,45929.399999999994,52175.50000000001,76526.4
2015-10-22,53012.0,45929.399999999994,52175.50000000001,76526.4
2015-10-23,42004.4,40140.8,52175.50000000001,76526.4
2015-10-24,0.0,0.0,0.0,0.0
2015-10-25,0.0,0.0,0.0,0.0
2015-10-26,42004.4,40140.8,47419.5,76526.4
2015-10-27,41658.4,34728.3,47419.5,76526.4
2015-10-28,41658.4,40084.8,47419.5,76526.4
2015-10-29,46920.0,40084.8,47419.5,76526.4
2015-10-30,0.0,0.0,0.0,0.0
2015-10-31,0.0,0.0,0.0,0.0
2015-11-01,0.0,0.0,0.0,0.0
2015-11-02,0.0,0.0,0.0,0.0
2015-11-03,0.0,0.0,0.0,0.0
2015-11-04,41364.9,34700.1,47419.5,80570.0
2015-11-05,41416.200000000004,34700.1,47419.5,80570.0
2015-11-06,35678.5,28902.8,47419.5,80570.0
2015-11-07,0.0,0.0,0.0,0.0
2015-11-08,0.0,0.0,0.0,0.0
2015-11-09,29589.5,28902.8,47419.5,80570.0
2015-11-10,29589.5,22733.100000000002,47419.5,80570.0
2015-11-11,23346.4,22733.100000000002,47419.5,80570.0
2015-11-12,0.0,0.0,0.0,0.0
2015-11-13,29320.8,22733.100000000002,47419.5,84740.0
2015-11-14,0.0,0.0,0.0,0.0
2015-11-15,0.0,0.0,0.0,0.0
2015-11-16,23081.1,22733.100000000002,52431.7,84740.0
2015-11-17,29041.0,22767.9,52431.7,84740.0
2015-11-18,0.0,0.0,0.0,0.0
2015-11-19,29041.0,22767.9,47226.9,84740.0
2015-11-20,22798.6,22767.9,47226.9,84740.0
2015-11-21,0.0,0.0,0.0,0.0
2015-11-22,0.0,0.0,0.0,0.0
2015-11-23,22798.6,16986.9,47226.9,84740.0
2015-11-24,0.0,0.0,0.0,0.0
2015-11-25,16422.0,16986.9,47226.9,84740.0
2015-11-26,0.0,0.0,0.0,0.0
2015-11-27,34306.8,28064.5,47226.9,84740.0
2015-11-28,0.0,0.0,0.0,0.0
2015-11-29,0.0,0.0,0.0,0.0
2015-11-30,34003.4,28009.0,47226.9,84740.0
2015-12-01,0.0,0.0,0.0,0.0
2015-12-02,33673.6,28009.0,47226.9,84740.0
2015-12-03,27583.199999999997,28009.0,47226.9,84740.0
2015-12-04,27583.199999999997,21837.2,47226.9,84740.0
2015-12-05,0.0,0.0,0.0,0.0
2015-12-06,0.0,0.0,0.0,0.0
2015-12-07,0.0,0.0,0.0,0.0
2015-12-08,0.0,0.0,0.0,0.0
2015-12-09,27583.199999999997,27223.2,47226.9,84740.0
2015-12-10,0.0,0.0,0.0,0.0
2015-12-11,0.0,0.0,0.0,0.0
2015-12-12,0.0,0.0,0.0,0.0
2015-12-13,0.0,0.0,0.0,0.0
2015-12-14,27274.3,27223.2,47226.9,84740.0
2015-12-15,0.0,0.0,0.0,0.0
2015-12-16,27274.3,21030.3,47226.9,84740.0
2015-12-17,21008.0,21030.3,41582.600000000006,84740.0
2015-12-18,0.0,0.0,0.0,0.0
2015-12-19,0.0,0.0,0.0,0.0
2015-12-20,0.0,0.0,0.0,0.0
2015-12-21,21008.0,15251.3,46830.0,84740.0
2015-12-22,0.0,0.0,0.0,0.0
2015-12-23,0.0,0.0,0.0,0.0
2015-12-24,0.0,0.0,0.0,0.0
2015-12-25,21008.0,15251.3,47262.8,84740.0
2015-12-26,0.0,0.0,0.0,0.0
2015-12-27,0.0,0.0,0.0,0.0
2015-12-28,0.0,0.0,0.0,0.0
2015-12-29,26987.6,21019.5,47262.8,84740.0
2015-12-30,0.0,0.0,0.0,0.0
2015-12-31,0.0,0.0,0.0,0.0
2016-01-01,0.0,0.0,0.0,0.0
2016-01-02,0.0,0.0,0.0,0.0
2016-01-03,0.0,0.0,0.0,0.0
2016-01-04,43795.0,32115.600000000002,47262.8,84740.0
2016-01-05,48508.5,36004.8,47262.8,84740.0
2016-01-06,43127.200000000004,29992.2,47262.8,80165.3
2016-01-07,53410.5,40260.0,47262.8,80165.3
2016-01-08,53171.200000000004,34649.4,52497.0,80165.3
2016-01-09,0.0,0.0,0.0,0.0
2016-01-10,0.0,0.0,0.0,0.0
2016-01-11,62631.299999999996,45163.1,52497.0,80165.3
2016-01-12,57557.700000000004,45163.1,52497.0,80165.3
2016-01-13,62431.2,50454.6,52497.0,80165.3
2016-01-14,55687.5,50405.4,56518.0,80165.3
2016-01-15,0.0,0.0,0.0,0.0
2016-01-16,0.0,0.0,0.0,0.0
2016-01-17,0.0,0.0,0.0,0.0
2016-01-18,50296.700000000004,50405.4,56518.0,80165.3
2016-01-19,50296.700000000004,45674.299999999996,56518.0,80165.3
2016-01-20,0.0,0.0,0.0,0.0
2016-01-21,55430.200000000004,50422.5,56518.0,80165.3
2016-01-22,55430.200000000004,55476.0,56518.0,80165.3
2016-01-23,0.0,0.0,0.0,0.0
2016-01-24,0.0,0.0,0.0,0.0
2016-01-25,55430.200000000004,50365.8,56518.0,80165.3
2016-01-26,65238.6,60244.700000000004,56518.0,75475.40000000001
2016-01-27,64721.799999999996,64820.4,56518.0,75475.40000000001
2016-01-28,69368.0,69274.8,56518.0,75475.40000000001
2016-01-29,64308.3,64603.799999999996,56518.0,75475.40000000001
2016-01-30,0.0,0.0,0.0,0.0
2016-01-31,0.0,0.0,0.0,0.0
2016-02-01,0.0,0.0,0.0,0.0
2016-02-02,59266.799999999996,64603.799999999996,56518.0,75475.40000000001
2016-02-03,0.0,0.0,0.0,0.0
2016-02-04,54082.399999999994,59619.0,56518.0,75475.40000000001
2016-02-05,54082.399999999994,59619.0,56518.0,70963.0
2016-02-06,0.0,0.0,0.0,0.0
2016-02-07,0.0,0.0,0.0,0.0
2016-02-08,0.0,0.0,0.0,0.0
2016-02-09,0.0,0.0,0.0,0.0
2016-02-10,0.0,0.0,0.0,0.0
2016-02-11,0.0,0.0,0.0,0.0
2016-02-12,0.0,0.0,0.0,0.0
2016-02-13,0.0,0.0,0.0,0.0
2016-02-14,0.0,0.0,0.0,0.0
2016-02-15,52960.600000000006,59619.0,56518.0,67884.20000000001
2016-02-16,47378.100000000006,54827.5,56518.0,72539.0
2016-02-17,41626.1,54827.5,56518.0,72539.0
2016-02-18,41626.1,49744.0,56518.0,72539.0
2016-02-19,0.0,0.0,0.0,0.0
2016-02-20,0.0,0.0,0.0,0.0
2016-02-21,0.0,0.0,0.0,0.0
2016-02-22,0.0,0.0,0.0,0.0
2016-02-23,0.0,0.0,0.0,0.0
2016-02-24,41626.1,49744.0,56518.0,67753.2
2016-02-25,57378.1,59527.200000000004,56518.0,67753.2
2016-02-26,0.0,0.0,0.0,0.0
2016-02-27,0.0,0.0,0.0,0.0
2016-02-28,0.0,0.0,0.0,0.0
2016-02-29,66625.2,68587.5,56518.0,67753.2
2016-03-01,66625.2,63878.899999999994,56518.0,67753.2
2016-03-02,56299.2,58812.3,51207.0,67753.2
2016-03-03,56299.2,53489.0,51207.0,67753.2
2016-03-04,60955.200000000004,58240.0,51207.0,67753.2
2016-03-05,0.0,0.0,0.0,0.0
2016-03-06,0.0,0.0,0.0,0.0
2016-03-07,0.0,0.0,0.0,0.0
2016-03-08,55230.5,58240.0,51207.0,62627.5
2016-03-09,55230.5,58240.0,56409.600000000006,62627.5
2016-03-10,0.0,0.0,0.0,0.0
2016-03-11,59466.0,63100.8,56409.600000000006,62627.5
2016-03-12,0.0,0.0,0.0,0.0
2016-03-13,0.0,0.0,0.0,0.0
2016-03-14,48960.0,58099.99999999999,56409.600000000006,62627.5
2016-03-15,48960.0,58099.99999999999,56409.600000000006,67416.3
2016-03-16,0.0,0.0,0.0,0.0
2016-03-17,43318.2,52685.6,51122.899999999994,67416.3
2016-03-18,37517.600000000006,47089.6,51122.899999999994,67416.3
2016-03-19,0.0,0.0,0.0,0.0
2016-03-20,0.0,0.0,0.0,0.0
2016-03-21,31575.0,47089.6,51122.899999999994,67416.3
2016-03-22,0.0,0.0,0.0,0.0
2016-03-23,0.0,0.0,0.0,0.0
2016-03-24,0.0,0.0,0.0,0.0
2016-03-25,0.0,0.0,0.0,0.0
2016-03-26,0.0,0.0,0.0,0.0
2016-03-27,0.0,0.0,0.0,0.0
2016-03-28,31575.0,41509.0,51122.899999999994,67416.3
2016-03-29,37313.700000000004,46455.0,51122.899999999994,67416.3
2016-03-30,31364.5,40832.0,51122.899999999994,67416.3
2016-03-31,0.0,0.0,0.0,0.0
2016-04-01,0.0,0.0,0.0,0.0
2016-04-02,0.0,0.0,0.0,0.0
2016-04-03,0.0,0.0,0.0,0.0
2016-04-04,0.0,0.0,0.0,0.0
2016-04-05,25160.4,40832.0,51122.899999999994,67416.3
2016-04-06,0.0,0.0,0.0,0.0
2016-04-07,25160.4,35559.0,51122.899999999994,67416.3
2016-04-08,31124.4,40825.6,51122.899999999994,67416.3
2016-04-09,0.0,0.0,0.0,0.0
2016-04-10,0.0,0.0,0.0,0.0
2016-04-11,24978.0,35483.4,51122.899999999994,67416.3
2016-04-12,0.0,0.0,0.0,0.0
2016-04-13,0.0,0.0,0.0,0.0
2016-04-14,0.0,0.0,0.0,0.0
2016-04-15,0.0,0.0,0.0,0.0
2016-04-16,0.0,0.0,0.0,0.0
2016-04-17,0.0,0.0,0.0,0.0
2016-04-18,0.0,0.0,0.0,0.0
2016-04-19,0.0,0.0,0.0,0.0
2016-04-20,36630.0,45643.200000000004,51122.899999999994,67416.3
2016-04-21,0.0,0.0,0.0,0.0
2016-04-22,0.0,0.0,0.0,0.0
2016-04-23,0.0,0.0,0.0,0.0
2016-04-24,0.0,0.0,0.0,0.0
2016-04-25,0.0,0.0,0.0,0.0
2016-04-26,0.0,0.0,0.0,0.0
2016-04-27,0.0,0.0,0.0,0.0
2016-04-28,0.0,0.0,0.0,0.0
2016-04-29,36630.0,45643.200000000004,51122.899999999994,62290.799999999996
2016-04-30,0.0,0.0,0.0,0.0
2016-05-01,0.0,0.0,0.0,0.0
2016-05-02,0.0,0.0,0.0,0.0
2016-05-03,30616.2,40049.1,51122.899999999994,62290.799999999996
2016-05-04,0.0,0.0,0.0,0.0
2016-05-05,0.0,0.0,0.0,0.0
2016-05-06,36354.9,40049.1,51122.899999999994,62290.799999999996
2016-05-07,0.0,0.0,0.0,0.0
2016-05-08,0.0,0.0,0.0,0.0
2016-05-09,41961.0,50575.0,51122.899999999994,62290.799999999996
2016-05-10,0.0,0.0,0.0,0.0
2016-05-11,0.0,0.0,0.0,0.0
2016-05-12,47244.0,50575.0,51122.899999999994,62290.799999999996
2016-05-13,0.0,0.0,0.0,0.0
2016-05-14,0.0,0.0,0.0,0.0
2016-05-15,0.0,0.0,0.0,0.0
2016-05-16,0.0,0.0,0.0,0.0
2016-05-17,41615.6,50575.0,51122.899999999994,62290.799999999996
2016-05-18,47004.1,50575.0,51122.899999999994,62290.799999999996
2016-05-19,41440.4,50575.0,51122.899999999994,62290.799999999996
2016-05-20,0.0,0.0,0.0,0.0
2016-05-21,0.0,0.0,0.0,0.0
2016-05-22,0.0,0.0,0.0,0.0
2016-05-23,0.0,0.0,0.0,0.0
2016-05-24,0.0,0.0,0.0,0.0
2016-05-25,41440.4,50575.0,51122.899999999994,67132.0
2016-05-26,0.0,0.0,0.0,0.0
2016-05-27,0.0,0.0,0.0,0.0
2016-05-28,0.0,0.0,0.0,0.0
2016-05-29,0.0,0.0,0.0,0.0
2016-05-30,41440.4,50575.0,45483.299999999996,67132.0
2016-05-31,35622.4,45362.0,45483.299999999996,67132.0
2016-06-01,29607.0,45362.0,45483.299999999996,67132.0
2016-06-02,0.0,0.0,0.0,0.0
2016-06-03,29607.0,39809.7,45483.299999999996,67132.0
2016-06-04,0.0,0.0,0.0,0.0
2016-06-05,0.0,0.0,0.0,0.0
2016-06-06,0.0,0.0,0.0,0.0
2016-06-07,0.0,0.0,0.0,0.0
2016-06-08,0.0,0.0,0.0,0.0
2016-06-09,0.0,0.0,0.0,0.0
2016-06-10,0.0,0.0,0.0,0.0
2016-06-11,0.0,0.0,0.0,0.0
2016-06-12,0.0,0.0,0.0,0.0
2016-06-13,35385.0,45325.0,45483.299999999996,62770.2
2016-06-14,40901.3,45325.0,45483.299999999996,62770.2
2016-06-15,35078.4,45325.0,45483.299999999996,62770.2
2016-06-16,35078.4,45325.0,45483.299999999996,57740.799999999996
2016-06-17,0.0,0.0,0.0,0.0
2016-06-18,0.0,0.0,0.0,0.0
2016-06-19,0.0,0.0,0.0,0.0
2016-06-20,0.0,0.0,0.0,0.0
2016-06-21,35078.4,39765.6,45483.299999999996,57740.799999999996
2016-06-22,35078.4,39765.6,45483.299999999996,62723.600000000006
2016-06-23,0.0,0.0,0.0,0.0
2016-06-24,35078.4,45265.8,50685.5,58477.50000000001
2016-06-25,0.0,0.0,0.0,0.0
2016-06-26,0.0,0.0,0.0,0.0
2016-06-27,29078.0,39696.3,50685.5,58477.50000000001
2016-06-28,0.0,0.0,0.0,0.0
2016-06-29,22962.2,39696.3,50685.5,58477.50000000001
2016-06-30,0.0,0.0,0.0,0.0
2016-07-01,0.0,0.0,0.0,0.0
2016-07-02,0.0,0.0,0.0,0.0
2016-07-03,0.0,0.0,0.0,0.0
2016-07-04,22962.2,33763.6,45055.1,53289.6
2016-07-05,0.0,0.0,0.0,0.0
2016-07-06,0.0,0.0,0.0,0.0
2016-07-07,0.0,0.0,0.0,0.0
2016-07-08,0.0,0.0,0.0,0.0
2016-07-09,0.0,0.0,0.0,0.0
2016-07-10,0.0,0.0,0.0,0.0
2016-07-11,0.0,0.0,0.0,0.0
2016-07-12,22962.2,28098.0,39347.0,53289.6
2016-07-13,0.0,0.0,0.0,0.0
2016-07-14,0.0,0.0,0.0,0.0
2016-07-15,0.0,0.0,0.0,0.0
2016-07-16,0.0,0.0,0.0,0.0
2016-07-17,0.0,0.0,0.0,0.0
2016-07-18,0.0,0.0,0.0,0.0
2016-07-19,0.0,0.0,0.0,0.0
2016-07-20,0.0,0.0,0.0,0.0
2016-07-21,22962.2,28098.0,39347.0,58456.799999999996
2016-07-22,0.0,0.0,0.0,0.0
2016-07-23,0.0,0.0,0.0,0.0
2016-07-24,0.0,0.0,0.0,0.0
2016-07-25,0.0,0.0,0.0,0.0
2016-07-26,0.0,0.0,0.0,0.0
2016-07-27,28925.899999999998,33586.799999999996,39347.0,58456.799999999996
2016-07-28,28925.899999999998,33586.799999999996,33431.0,58456.799999999996
2016-07-29,0.0,0.0,0.0,0.0
2016-07-30,0.0,0.0,0.0,0.0
2016-07-31,0.0,0.0,0.0,0.0
2016-08-01,34692.4,33586.799999999996,33400.0,58456.799999999996
2016-08-02,0.0,0.0,0.0,0.0
2016-08-03,34692.4,33586.799999999996,33400.0,53234.7
2016-08-04,0.0,0.0,0.0,0.0
2016-08-05,0.0,0.0,0.0,0.0
2016-08-06,0.0,0.0,0.0,0.0
2016-08-07,0.0,0.0,0.0,0.0
2016-08-08,34692.4,33586.799999999996,27491.100000000002,53234.7
2016-08-09,0.0,0.0,0.0,0.0
2016-08-10,0.0,0.0,0.0,0.0
2016-08-11,0.0,0.0,0.0,0.0
2016-08-12,0.0,0.0,0.0,0.0
2016-08-13,0.0,0.0,0.0,0.0
2016-08-14,0.0,0.0,0.0,0.0
2016-08-15,28676.399999999998,28018.2,27491.100000000002,53234.7
2016-08-16,0.0,0.0,0.0,0.0
2016-08-17,0.0,0.0,0.0,0.0
2016-08-18,0.0,0.0,0.0,0.0
2016-08-19,0.0,0.0,0.0,0.0
2016-08-20,0.0,0.0,0.0,0.0
2016-08-21,0.0,0.0,0.0,0.0
2016-08-22,0.0,0.0,0.0,0.0
2016-08-23,0.0,0.0,0.0,0.0
2016-08-24,0.0,0.0,0.0,0.0
2016-08-25,0.0,0.0,0.0,0.0
2016-08-26,0.0,0.0,0.0,0.0
2016-08-27,0.0,0.0,0.0,0.0
2016-08-28,0.0,0.0,0.0,0.0
2016-08-29,0.0,0.0,0.0,0.0
2016-08-30,0.0,0.0,0.0,0.0
2016-08-31,0.0,0.0,0.0,0.0
2016-09-01,28676.399999999998,28018.2,27491.100000000002,58353.299999999996
2016-09-02,0.0,0.0,0.0,0.0
2016-09-03,0.0,0.0,0.0,0.0
2016-09-04,0.0,0.0,0.0,0.0
2016-09-05,0.0,0.0,0.0,0.0
2016-09-06,0.0,0.0,0.0,0.0
2016-09-07,0.0,0.0,0.0,0.0
2016-09-08,0.0,0.0,0.0,0.0
2016-09-09,0.0,0.0,0.0,0.0
2016-09-10,0.0,0.0,0.0,0.0
2016-09-11,0.0,0.0,0.0,0.0
2016-09-12,28676.399999999998,28018.2,33352.4,58353.299999999996
2016-09-13,0.0,0.0,0.0,0.0
2016-09-14,0.0,0.0,0.0,0.0
2016-09-15,0.0,0.0,0.0,0.0
2016-09-16,0.0,0.0,0.0,0.0
2016-09-17,0.0,0.0,0.0,0.0
2016-09-18,0.0,0.0,0.0,0.0
2016-09-19,0.0,0.0,0.0,0.0
2016-09-20,0.0,0.0,0.0,0.0
2016-09-21,0.0,0.0,0.0,0.0
2016-09-22,28676.399999999998,28018.2,27286.600000000002,58353.299999999996
2016-09-23,0.0,0.0,0.0,0.0
2016-09-24,0.0,0.0,0.0,0.0
2016-09-25,0.0,0.0,0.0,0.0
2016-09-26,0.0,0.0,0.0,0.0
2016-09-27,0.0,0.0,0.0,0.0
2016-09-28,0.0,0.0,0.0,0.0
2016-09-29,0.0,0.0,0.0,0.0
2016-09-30,0.0,0.0,0.0,0.0
2016-10-01,0.0,0.0,0.0,0.0
2016-10-02,0.0,0.0,0.0,0.0
2016-10-03,0.0,0.0,0.0,0.0
2016-10-04,0.0,0.0,0.0,0.0
2016-10-05,0.0,0.0,0.0,0.0
2016-10-06,0.0,0.0,0.0,0.0
2016-10-07,0.0,0.0,0.0,0.0
2016-10-08,0.0,0.0,0.0,0.0
2016-10-09,0.0,0.0,0.0,0.0
2016-10-10,28676.399999999998,28018.2,27286.600000000002,63039.9
2016-10-11,0.0,0.0,0.0,0.0
2016-10-12,0.0,0.0,0.0,0.0
2016-10-13,0.0,0.0,0.0,0.0
2016-10-14,0.0,0.0,0.0,0.0
2016-10-15,0.0,0.0,0.0,0.0
2016-10-16,0.0,0.0,0.0,0.0
2016-10-17,0.0,0.0,0.0,0.0
2016-10-18,0.0,0.0,0.0,0.0
2016-10-19,0.0,0.0,0.0,0.0
2016-10-20,0.0,0.0,0.0,0.0
2016-10-21,0.0,0.0,0.0,0.0
2016-10-22,0.0,0.0,0.0,0.0
2016-10-23,0.0,0.0,0.0,0.0
2016-10-24,0.0,0.0,0.0,0.0
2016-10-25,0.0,0.0,0.0,0.0
2016-10-26,0.0,0.0,0.0,0.0
2016-10-27,0.0,0.0,0.0,0.0
2016-10-28,0.0,0.0,0.0,0.0
2016-10-29,0.0,0.0,0.0,0.0
2016-10-30,0.0,0.0,0.0,0.0
2016-10-31,0.0,0.0,0.0,0.0
2016-11-01,0.0,0.0,0.0,0.0
2016-11-02,28676.399999999998,28018.2,27286.600000000002,58071.4
2016-11-03,0.0,0.0,0.0,0.0
2016-11-04,0.0,0.0,0.0,0.0
2016-11-05,0.0,0.0,0.0,0.0
2016-11-06,0.0,0.0,0.0,0.0
2016-11-07,0.0,0.0,0.0,0.0
2016-11-08,0.0,0.0,0.0,0.0
2016-11-09,28676.399999999998,28018.2,33165.0,58071.4
2016-11-10,28676.399999999998,28018.2,27098.2,58071.4
2016-11-11,28676.399999999998,22006.399999999998,27098.2,58071.4
2016-11-12,0.0,0.0,0.0,0.0
2016-11-13,0.0,0.0,0.0,0.0
2016-11-14,28676.399999999998,22006.399999999998,27098.2,61571.0
2016-11-15,0.0,0.0,0.0,0.0
2016-11-16,0.0,0.0,0.0,0.0
2016-11-17,0.0,0.0,0.0,0.0
2016-11-18,0.0,0.0,0.0,0.0
2016-11-19,0.0,0.0,0.0,0.0
2016-11-20,0.0,0.0,0.0,0.0
2016-11-21,0.0,0.0,0.0,0.0
2016-11-22,28676.399999999998,22006.399999999998,20802.6,61571.0
2016-11-23,0.0,0.0,0.0,0.0
2016-11-24,0.0,0.0,0.0,0.0
2016-11-25,28676.399999999998,22006.399999999998,14313.0,61571.0
2016-11-26,0.0,0.0,0.0,0.0
2016-11-27,0.0,0.0,0.0,0.0
2016-11-28,0.0,0.0,0.0,0.0
2016-11-29,0.0,0.0,0.0,0.0
2016-11-30,0.0,0.0,0.0,0.0
2016-12-01,28676.399999999998,22006.399999999998,20578.4,61571.0
2016-12-02,0.0,0.0,0.0,0.0
2016-12-03,0.0,0.0,0.0,0.0
2016-12-04,0.0,0.0,0.0,0.0
2016-12-05,0.0,0.0,0.0,0.0
2016-12-06,0.0,0.0,0.0,0.0
2016-12-07,0.0,0.0,0.0,0.0
2016-12-08,0.0,0.0,0.0,0.0
2016-12-09,34456.5,22006.399999999998,20578.4,61571.0
2016-12-10,0.0,0.0,0.0,0.0
2016-12-11,0.0,0.0,0.0,0.0
2016-12-12,40057.0,28014.0,20578.4,61571.0
2016-12-13,45480.0,28014.0,20578.4,61571.0
2016-12-14,0.0,0.0,0.0,0.0
2016-12-15,0.0,0.0,0.0,0.0
2016-12-16,45480.0,28014.0,14075.6,61571.0
2016-12-17,0.0,0.0,0.0,0.0
2016-12-18,0.0,0.0,0.0,0.0
2016-12-19,0.0,0.0,0.0,0.0
2016-12-20,0.0,0.0,0.0,0.0
2016-12-21,45480.0,28014.0,14075.6,66073.6
2016-12-22,0.0,0.0,0.0,0.0
2016-12-23,0.0,0.0,0.0,0.0
2016-12-24,0.0,0.0,0.0,0.0
2016-12-25,0.0,0.0,0.0,0.0
2016-12-26,45480.0,28014.0,7355.4,66073.6
2016-12-27,45480.0,28014.0,13870.0,66073.6
2016-12-28,0.0,0.0,0.0,0.0
2016-12-29,0.0,0.0,0.0,0.0
2016-12-30,0.0,0.0,0.0,0.0
2016-12-31,0.0,0.0,0.0,0.0
2017-01-01,0.0,0.0,0.0,0.0
2017-01-02,0.0,0.0,0.0,0.0
2017-01-03,0.0,0.0,0.0,0.0
2017-01-04,0.0,0.0,0.0,0.0
2017-01-05,0.0,0.0,0.0,0.0
2017-01-06,0.0,0.0,0.0,0.0
2017-01-07,0.0,0.0,0.0,0.0
2017-01-08,0.0,0.0,0.0,0.0
2017-01-09,0.0,0.0,0.0,0.0
2017-01-10,45480.0,28014.0,13870.0,60891.1
2017-01-11,0.0,0.0,0.0,0.0
2017-01-12,0.0,0.0,0.0,0.0
2017-01-13,50728.8,28014.0,13870.0,60891.1
2017-01-14,0.0,0.0,0.0,0.0
2017-01-15,0.0,0.0,0.0,0.0
2017-01-16,60821.9,38756.200000000004,13870.0,60891.1
2017-01-17,55620.1,38756.200000000004,13870.0,60891.1
2017-01-18,0.0,0.0,0.0,0.0
2017-01-19,0.0,0.0,0.0,0.0
2017-01-20,0.0,0.0,0.0,0.0
2017-01-21,0.0,0.0,0.0,0.0
2017-01-22,0.0,0.0,0.0,0.0
2017-01-23,55620.1,32844.0,13870.0,60891.1
2017-01-24,0.0,0.0,0.0,0.0
2017-01-25,0.0,0.0,0.0,0.0
2017-01-26,55620.1,32844.0,7144.0,60891.1
2017-01-27,0.0,0.0,0.0,0.0
2017-01-28,0.0,0.0,0.0,0.0
2017-01-29,0.0,0.0,0.0,0.0
2017-01-30,0.0,0.0,0.0,0.0
2017-01-31,0.0,0.0,0.0,0.0
2017-02-01,0.0,0.0,0.0,0.0
2017-02-02,0.0,0.0,0.0,0.0
2017-02-03,0.0,0.0,0.0,0.0
2017-02-04,0.0,0.0,0.0,0.0
2017-02-05,0.0,0.0,0.0,0.0
2017-02-06,0.0,0.0,0.0,0.0
2017-02-07,0.0,0.0,0.0,0.0
2017-02-08,0.0,0.0,0.0,0.0
2017-02-09,50169.4,32844.0,7144.0,55601.7
2017-02-10,50169.4,27199.4,7144.0,55601.7
2017-02-11,0.0,0.0,0.0,0.0
2017-02-12,0.0,0.0,0.0,0.0
2017-02-13,0.0,0.0,0.0,0.0
2017-02-14,0.0,0.0,0.0,0.0
2017-02-15,0.0,0.0,0.0,0.0
2017-02-16,50169.4,27199.4,194.1,55601.7
2017-02-17,0.0,0.0,0.0,0.0
2017-02-18,0.0,0.0,0.0,0.0
2017-02-19,0.0,0.0,0.0,0.0
2017-02-20,0.0,0.0,0.0,0.0
2017-02-21,0.0,0.0,0.0,0.0
2017-02-22,0.0,0.0,0.0,0.0
2017-02-23,0.0,0.0,0.0,0.0
2017-02-24,0.0,0.0,0.0,0.0
2017-02-25,0.0,0.0,0.0,0.0
2017-02-26,0.0,0.0,0.0,0.0
2017-02-27,0.0,0.0,0.0,0.0
2017-02-28,0.0,0.0,0.0,0.0
2017-03-01,0.0,0.0,0.0,0.0
2017-03-02,50169.4,27199.4,84375.2,55601.7
2017-03-03,0.0,0.0,0.0,0.0
2017-03-04,0.0,0.0,0.0,0.0
2017-03-05,0.0,0.0,0.0,0.0
2017-03-06,0.0,0.0,0.0,0.0
2017-03-07,44509.6,21185.399999999998,84375.2,55601.7
2017-03-08,0.0,0.0,0.0,0.0
2017-03-09,0.0,0.0,0.0,0.0
2017-03-10,0.0,0.0,0.0,0.0
2017-03-11,0.0,0.0,0.0,0.0
2017-03-12,0.0,0.0,0.0,0.0
2017-03-13,0.0,0.0,0.0,0.0
2017-03-14,0.0,0.0,0.0,0.0
2017-03-15,0.0,0.0,0.0,0.0
2017-03-16,44509.6,21185.399999999998,80203.2,55601.7
2017-03-17,0.0,0.0,0.0,0.0
2017-03-18,0.0,0.0,0.0,0.0
2017-03-19,0.0,0.0,0.0,0.0
2017-03-20,0.0,0.0,0.0,0.0
2017-03-21,0.0,0.0,0.0,0.0
2017-03-22,44509.6,21185.399999999998,84518.4,55601.7
2017-03-23,0.0,0.0,0.0,0.0
2017-03-24,0.0,0.0,0.0,0.0
2017-03-25,0.0,0.0,0.0,0.0
2017-03-26,0.0,0.0,0.0,0.0
2017-03-27,0.0,0.0,0.0,0.0
2017-03-28,0.0,0.0,0.0,0.0
2017-03-29,0.0,0.0,0.0,0.0
2017-03-30,49931.7,21185.399999999998,84518.4,55601.7
2017-03-31,0.0,0.0,0.0,0.0
2017-04-01,0.0,0.0,0.0,0.0
2017-04-02,0.0,0.0,0.0,0.0
2017-04-03,0.0,0.0,0.0,0.0
2017-04-04,0.0,0.0,0.0,0.0
2017-04-05,0.0,0.0,0.0,0.0
2017-04-06,0.0,0.0,0.0,0.0
2017-04-07,49931.7,21185.399999999998,84518.4,50267.2
2017-04-08,0.0,0.0,0.0,0.0
2017-04-09,0.0,0.0,0.0,0.0
2017-04-10,0.0,0.0,0.0,0.0
2017-04-11,0.0,0.0,0.0,0.0
2017-04-12,0.0,0.0,0.0,0.0
2017-04-13,0.0,0.0,0.0,0.0
2017-04-14,0.0,0.0,0.0,0.0
2017-04-15,0.0,0.0,0.0,0.0
2017-04-16,0.0,0.0,0.0,0.0
2017-04-17,49931.7,21185.399999999998,88696.4,50267.2
2017-04-18,55140.299999999996,21185.399999999998,88696.4,50267.2
2017-04-19,55140.299999999996,27096.9,88696.4,50267.2
2017-04-20,0.0,0.0,0.0,0.0
2017-04-21,0.0,0.0,0.0,0.0
2017-04-22,0.0,0.0,0.0,0.0
2017-04-23,0.0,0.0,0.0,0.0
2017-04-24,55140.299999999996,27096.9,84235.0,50267.2
2017-04-25,0.0,0.0,0.0,0.0
2017-04-26,0.0,0.0,0.0,0.0
2017-04-27,55140.299999999996,32670.6,84235.0,50267.2
2017-04-28,0.0,0.0,0.0,0.0
2017-04-29,0.0,0.0,0.0,0.0
2017-04-30,0.0,0.0,0.0,0.0
2017-05-01,0.0,0.0,0.0,0.0
2017-05-02,55140.299999999996,32670.6,79677.0,50267.2
2017-05-03,0.0,0.0,0.0,0.0
2017-05-04,55140.299999999996,32670.6,79677.0,55327.799999999996
2017-05-05,0.0,0.0,0.0,0.0
2017-05-06,0.0,0.0,0.0,0.0
2017-05-07,0.0,0.0,0.0,0.0
2017-05-08,60060.0,32670.6,79677.0,55327.799999999996
2017-05-09,60060.0,37899.3,79677.0,55327.799999999996
2017-05-10,0.0,0.0,0.0,0.0
2017-05-11,64857.0,43286.399999999994,79677.0,55327.799999999996
2017-05-12,0.0,0.0,0.0,0.0
2017-05-13,0.0,0.0,0.0,0.0
2017-05-14,0.0,0.0,0.0,0.0
2017-05-15,0.0,0.0,0.0,0.0
2017-05-16,59612.4,37789.5,79677.0,55327.799999999996
2017-05-17,0.0,0.0,0.0,0.0
2017-05-18,0.0,0.0,0.0,0.0
2017-05-19,0.0,0.0,0.0,0.0
2017-05-20,0.0,0.0,0.0,0.0
2017-05-21,0.0,0.0,0.0,0.0
2017-05-22,0.0,0.0,0.0,0.0
2017-05-23,0.0,0.0,0.0,0.0
2017-05-24,64408.0,43264.8,79677.0,55327.799999999996
2017-05-25,59166.0,43264.8,79677.0,55327.799999999996
2017-05-26,59166.0,43264.8,74938.0,55327.799999999996
2017-05-27,0.0,0.0,0.0,0.0
2017-05-28,0.0,0.0,0.0,0.0
2017-05-29,0.0,0.0,0.0,0.0
2017-05-30,0.0,0.0,0.0,0.0
2017-05-31,59166.0,37862.7,74938.0,55327.799999999996
2017-06-01,59166.0,43344.0,74938.0,55327.799999999996
2017-06-02,63805.8,43344.0,74938.0,55327.799999999996
2017-06-03,0.0,0.0,0.0,0.0
2017-06-04,0.0,0.0,0.0,0.0
2017-06-05,0.0,0.0,0.0,0.0
2017-06-06,63805.8,43344.0,74938.0,49949.4
2017-06-07,58583.200000000004,37832.2,74938.0,49949.4
2017-06-08,0.0,0.0,0.0,0.0
2017-06-09,0.0,0.0,0.0,0.0
2017-06-10,0.0,0.0,0.0,0.0
2017-06-11,0.0,0.0,0.0,0.0
2017-06-12,0.0,0.0,0.0,0.0
2017-06-13,0.0,0.0,0.0,0.0
2017-06-14,0.0,0.0,0.0,0.0
2017-06-15,0.0,0.0,0.0,0.0
2017-06-16,58583.200000000004,37832.2,79044.8,49949.4
2017-06-17,0.0,0.0,0.0,0.0
2017-06-18,0.0,0.0,0.0,0.0
2017-06-19,0.0,0.0,0.0,0.0
2017-06-20,53267.4,31945.0,79044.8,49949.4
2017-06-21,0.0,0.0,0.0,0.0
2017-06-22,0.0,0.0,0.0,0.0
2017-06-23,0.0,0.0,0.0,0.0
2017-06-24,0.0,0.0,0.0,0.0
2017-06-25,0.0,0.0,0.0,0.0
2017-06-26,0.0,0.0,0.0,0.0
2017-06-27,0.0,0.0,0.0,0.0
2017-06-28,0.0,0.0,0.0,0.0
2017-06-29,53267.4,31945.0,79044.8,55013.700000000004
2017-06-30,0.0,0.0,0.0,0.0
2017-07-01,0.0,0.0,0.0,0.0
2017-07-02,0.0,0.0,0.0,0.0
2017-07-03,0.0,0.0,0.0,0.0
2017-07-04,0.0,0.0,0.0,0.0
2017-07-05,0.0,0.0,0.0,0.0
2017-07-06,0.0,0.0,0.0,0.0
2017-07-07,0.0,0.0,0.0,0.0
2017-07-08,0.0,0.0,0.0,0.0
2017-07-09,0.0,0.0,0.0,0.0
2017-07-10,0.0,0.0,0.0,0.0
2017-07-11,58311.0,31945.0,79044.8,55013.700000000004
2017-07-12,0.0,0.0,0.0,0.0
2017-07-13,0.0,0.0,0.0,0.0
2017-07-14,0.0,0.0,0.0,0.0
2017-07-15,0.0,0.0,0.0,0.0
2017-07-16,0.0,0.0,0.0,0.0
2017-07-17,67702.5,37134.0,79044.8,55013.700000000004
2017-07-18,0.0,0.0,0.0,0.0
2017-07-19,67702.5,31247.3,79044.8,55013.700000000004
2017-07-20,67702.5,31247.3,74550.0,55013.700000000004
2017-07-21,0.0,0.0,0.0,0.0
2017-07-22,0.0,0.0,0.0,0.0
2017-07-23,0.0,0.0,0.0,0.0
2017-07-24,0.0,0.0,0.0,0.0
2017-07-25,0.0,0.0,0.0,0.0
2017-07-26,0.0,0.0,0.0,0.0
2017-07-27,62724.399999999994,31247.3,74550.0,55013.700000000004
2017-07-28,0.0,0.0,0.0,0.0
2017-07-29,0.0,0.0,0.0,0.0
2017-07-30,0.0,0.0,0.0,0.0
2017-07-31,62724.399999999994,25630.8,74550.0,55013.700000000004
2017-08-01,0.0,0.0,0.0,0.0
2017-08-02,0.0,0.0,0.0,0.0
2017-08-03,0.0,0.0,0.0,0.0
2017-08-04,0.0,0.0,0.0,0.0
2017-08-05,0.0,0.0,0.0,0.0
2017-08-06,0.0,0.0,0.0,0.0
2017-08-07,0.0,0.0,0.0,0.0
2017-08-08,0.0,0.0,0.0,0.0
2017-08-09,0.0,0.0,0.0,0.0
2017-08-10,0.0,0.0,0.0,0.0
2017-08-11,62724.399999999994,25630.8,78686.4,55013.700000000004
2017-08-12,0.0,0.0,0.0,0.0
2017-08-13,0.0,0.0,0.0,0.0
2017-08-14,57528.0,25630.8,78686.4,55013.700000000004
2017-08-15,0.0,0.0,0.0,0.0
2017-08-16,52115.700000000004,25630.8,78686.4,55013.700000000004
2017-08-17,0.0,0.0,0.0,0.0
2017-08-18,0.0,0.0,0.0,0.0
2017-08-19,0.0,0.0,0.0,0.0
2017-08-20,0.0,0.0,0.0,0.0
2017-08-21,0.0,0.0,0.0,0.0
2017-08-22,0.0,0.0,0.0,0.0
2017-08-23,0.0,0.0,0.0,0.0
2017-08-24,0.0,0.0,0.0,0.0
2017-08-25,0.0,0.0,0.0,0.0
2017-08-26,0.0,0.0,0.0,0.0
2017-08-27,0.0,0.0,0.0,0.0
2017-08-28,52115.700000000004,19638.8,78686.4,55013.700000000004
2017-08-29,0.0,0.0,0.0,0.0
2017-08-30,0.0,0.0,0.0,0.0
2017-08-31,0.0,0.0,0.0,0.0
2017-09-01,0.0,0.0,0.0,0.0
2017-09-02,0.0,0.0,0.0,0.0
2017-09-03,0.0,0.0,0.0,0.0
2017-09-04,46542.299999999996,19638.8,78686.4,55013.700000000004
2017-09-05,0.0,0.0,0.0,0.0
2017-09-06,0.0,0.0,0.0,0.0
2017-09-07,0.0,0.0,0.0,0.0
2017-09-08,0.0,0.0,0.0,0.0
2017-09-09,0.0,0.0,0.0,0.0
2017-09-10,0.0,0.0,0.0,0.0
2017-09-11,46542.299999999996,13256.300000000001,78686.4,55013.700000000004
2017-09-12,0.0,0.0,0.0,0.0
2017-09-13,0.0,0.0,0.0,0.0
2017-09-14,0.0,0.0,0.0,0.0
2017-09-15,0.0,0.0,0.0,0.0
2017-09-16,0.0,0.0,0.0,0.0
2017-09-17,0.0,0.0,0.0,0.0
2017-09-18,0.0,0.0,0.0,0.0
2017-09-19,0.0,0.0,0.0,0.0
2017-09-20,0.0,0.0,0.0,0.0
2017-09-21,0.0,0.0,0.0,0.0
2017-09-22,0.0,0.0,0.0,0.0
2017-09-23,0.0,0.0,0.0,0.0
2017-09-24,0.0,0.0,0.0,0.0
2017-09-25,0.0,0.0,0.0,0.0
2017-09-26,51767.100000000006,13256.300000000001,78686.4,55013.700000000004
2017-09-27,0.0,0.0,0.0,0.0
2017-09-28,0.0,0.0,0.0,0.0
2017-09-29,0.0,0.0,0.0,0.0
2017-09-30,0.0,0.0,0.0,0.0
2017-10-01,0.0,0.0,0.0,0.0
2017-10-02,0.0,0.0,0.0,0.0
2017-10-03,0.0,0.0,0.0,0.0
2017-10-04,0.0,0.0,0.0,0.0
2017-10-05,0.0,0.0,0.0,0.0
2017-10-06,0.0,0.0,0.0,0.0
2017-10-07,0.0,0.0,0.0,0.0
2017-10-08,0.0,0.0,0.0,0.0
2017-10-09,46337.1,13256.300000000001,74623.2,55013.700000000004
2017-10-10,0.0,0.0,0.0,0.0
2017-10-11,0.0,0.0,0.0,0.0
2017-10-12,0.0,0.0,0.0,0.0
2017-10-13,0.0,0.0,0.0,0.0
2017-10-14,0.0,0.0,0.0,0.0
2017-10-15,0.0,0.0,0.0,0.0
2017-10-16,0.0,0.0,0.0,0.0
2017-10-17,0.0,0.0,0.0,0.0
2017-10-18,0.0,0.0,0.0,0.0
2017-10-19,0.0,0.0,0.0,0.0
2017-10-20,0.0,0.0,0.0,0.0
2017-10-21,0.0,0.0,0.0,0.0
2017-10-22,0.0,0.0,0.0,0.0
2017-10-23,0.0,0.0,0.0,0.0
2017-10-24,0.0,0.0,0.0,0.0
2017-10-25,0.0,0.0,0.0,0.0
2017-10-26,0.0,0.0,0.0,0.0
2017-10-27,0.0,0.0,0.0,0.0
2017-10-28,0.0,0.0,0.0,0.0
2017-10-29,0.0,0.0,0.0,0.0
2017-10-30,0.0,0.0,0.0,0.0
2017-10-31,46337.1,13256.300000000001,69721.20000000001,55013.700000000004
2017-11-01,0.0,0.0,0.0,0.0
2017-11-02,51566.0,13256.300000000001,69721.20000000001,55013.700000000004
2017-11-03,51566.0,19609.8,69721.20000000001,55013.700000000004
2017-11-04,0.0,0.0,0.0,0.0
2017-11-05,0.0,0.0,0.0,0.0
2017-11-06,0.0,0.0,0.0,0.0
2017-11-07,0.0,0.0,0.0,0.0
2017-11-08,0.0,0.0,0.0,0.0
2017-11-09,0.0,0.0,0.0,0.0
2017-11-10,51566.0,13235.4,69721.20000000001,55013.700000000004
2017-11-11,0.0,0.0,0.0,0.0
2017-11-12,0.0,0.0,0.0,0.0
2017-11-13,45925.5,13235.4,69721.20000000001,55013.700000000004
2017-11-14,0.0,0.0,0.0,0.0
2017-11-15,0.0,0.0,0.0,0.0
2017-11-16,0.0,0.0,0.0,0.0
2017-11-17,51157.8,19595.3,69721.20000000001,55013.700000000004
2017-11-18,0.0,0.0,0.0,0.0
2017-11-19,0.0,0.0,0.0,0.0
2017-11-20,0.0,0.0,0.0,0.0
2017-11-21,0.0,0.0,0.0,0.0
2017-11-22,0.0,0.0,0.0,0.0
2017-11-23,0.0,0.0,0.0,0.0
2017-11-24,56343.6,19595.3,69721.20000000001,55013.700000000004
2017-11-25,0.0,0.0,0.0,0.0
2017-11-26,0.0,0.0,0.0,0.0
2017-11-27,56343.6,25556.7,69721.20000000001,55013.700000000004
2017-11-28,0.0,0.0,0.0,0.0
2017-11-29,56343.6,25556.7,64793.8,55013.700000000004
2017-11-30,0.0,0.0,0.0,0.0
2017-12-01,0.0,0.0,0.0,0.0
2017-12-02,0.0,0.0,0.0,0.0
2017-12-03,0.0,0.0,0.0,0.0
2017-12-04,0.0,0.0,0.0,0.0
2017-12-05,61373.4,25556.7,64793.8,55013.700000000004
2017-12-06,61373.4,25556.7,69568.0,55013.700000000004
2017-12-07,0.0,0.0,0.0,0.0
2017-12-08,61373.4,25556.7,69568.0,59890.0
2017-12-09,0.0,0.0,0.0,0.0
2017-12-10,0.0,0.0,0.0,0.0
2017-12-11,56141.200000000004,25556.7,69568.0,59890.0
2017-12-12,0.0,0.0,0.0,0.0
2017-12-13,0.0,0.0,0.0,0.0
2017-12-14,56141.200000000004,25556.7,64512.00000000001,59890.0
2017-12-15,0.0,0.0,0.0,0.0
2017-12-16,0.0,0.0,0.0,0.0
2017-12-17,0.0,0.0,0.0,0.0
2017-12-18,0.0,0.0,0.0,0.0
2017-12-19,0.0,0.0,0.0,0.0
2017-12-20,0.0,0.0,0.0,0.0
2017-12-21,0.0,0.0,0.0,0.0
2017-12-22,0.0,0.0,0.0,0.0
2017-12-23,0.0,0.0,0.0,0.0
2017-12-24,0.0,0.0,0.0,0.0
2017-12-25,61171.99999999999,25556.7,64512.00000000001,59890.0
2017-12-26,0.0,0.0,0.0,0.0
2017-12-27,0.0,0.0,0.0,0.0
2017-12-28,0.0,0.0,0.0,0.0
2017-12-29,0.0,0.0,0.0,0.0
2017-12-30,0.0,0.0,0.0,0.0
2017-12-31,0.0,0.0,0.0,0.0
2018-01-01,0.0,0.0,0.0,0.0
2018-01-02,0.0,0.0,0.0,0.0
2018-01-03,55939.0,25556.7,64512.00000000001,54840.0
2018-01-04,0.0,0.0,0.0,0.0
2018-01-05,55939.0,19580.8,64512.00000000001,54840.0
2018-01-06,0.0,0.0,0.0,0.0
2018-01-07,0.0,0.0,0.0,0.0
2018-01-08,0.0,0.0,0.0,0.0
2018-01-09,0.0,0.0,0.0,0.0
2018-01-10,0.0,0.0,0.0,0.0
2018-01-11,0.0,0.0,0.0,0.0
2018-01-12,55939.0,19580.8,59315.6,54840.0
2018-01-13,0.0,0.0,0.0,0.0
2018-01-14,0.0,0.0,0.0,0.0
2018-01-15,60970.8,19580.8,59315.6,54840.0
2018-01-16,0.0,0.0,0.0,0.0
2018-01-17,60970.8,25533.3,59315.6,54840.0
2018-01-18,0.0,0.0,0.0,0.0
2018-01-19,0.0,0.0,0.0,0.0
2018-01-20,0.0,0.0,0.0,0.0
2018-01-21,0.0,0.0,0.0,0.0
2018-01-22,0.0,0.0,0.0,0.0
2018-01-23,0.0,0.0,0.0,0.0
2018-01-24,55836.0,25533.3,59315.6,54840.0
2018-01-25,50401.6,19557.6,59315.6,54840.0
2018-01-26,0.0,0.0,0.0,0.0
2018-01-27,0.0,0.0,0.0,0.0
2018-01-28,0.0,0.0,0.0,0.0
2018-01-29,0.0,0.0,0.0,0.0
2018-01-30,55633.9,19557.6,59315.6,54840.0
2018-01-31,60680.0,25506.0,59315.6,54840.0
2018-02-01,60680.0,31061.100000000002,59315.6,54840.0
2018-02-02,65425.600000000006,31061.100000000002,59315.6,54840.0
2018-02-03,0.0,0.0,0.0,0.0
2018-02-04,0.0,0.0,0.0,0.0
2018-02-05,65425.600000000006,31061.100000000002,64087.100000000006,54840.0
2018-02-06,70224.0,36888.0,66557.4,54840.0
2018-02-07,69933.5,42287.600000000006,61674.00000000001,54840.0
2018-02-08,0.0,0.0,0.0,0.0
2018-02-09,74500.0,42287.600000000006,65872.59999999999,54840.0
2018-02-10,0.0,0.0,0.0,0.0
2018-02-11,0.0,0.0,0.0,0.0
2018-02-12,69689.0,42287.600000000006,65872.59999999999,54840.0
2018-02-13,69689.0,42287.600000000006,61457.600000000006,54840.0
2018-02-14,0.0,0.0,0.0,0.0
2018-02-15,0.0,0.0,0.0,0.0
2018-02-16,0.0,0.0,0.0,0.0
2018-02-17,0.0,0.0,0.0,0.0
2018-02-18,0.0,0.0,0.0,0.0
2018-02-19,0.0,0.0,0.0,0.0
2018-02-20,0.0,0.0,0.0,0.0
2018-02-21,0.0,0.0,0.0,0.0
2018-02-22,69689.0,36822.0,56221.2,54840.0
2018-02-23,64703.8,36822.0,56221.2,54840.0
2018-02-24,0.0,0.0,0.0,0.0
2018-02-25,0.0,0.0,0.0,0.0
2018-02-26,59494.99999999999,30992.5,50785.8,54840.0
2018-02-27,0.0,0.0,0.0,0.0
2018-02-28,0.0,0.0,0.0,0.0
2018-03-01,54296.3,30992.5,50785.8,54840.0
2018-03-02,0.0,0.0,0.0,0.0
2018-03-03,0.0,0.0,0.0,0.0
2018-03-04,0.0,0.0,0.0,0.0
2018-03-05,0.0,0.0,0.0,0.0
2018-03-06,0.0,0.0,0.0,0.0
2018-03-07,0.0,0.0,0.0,0.0
2018-03-08,0.0,0.0,0.0,0.0
2018-03-09,48842.4,24757.0,50785.8,54840.0
2018-03-10,0.0,0.0,0.0,0.0
2018-03-11,0.0,0.0,0.0,0.0
2018-03-12,43172.8,24757.0,45286.1,54840.0
2018-03-13,0.0,0.0,0.0,0.0
2018-03-14,0.0,0.0,0.0,0.0
2018-03-15,48613.0,24757.0,45286.1,54840.0
2018-03-16,0.0,0.0,0.0,0.0
2018-03-17,0.0,0.0,0.0,0.0
2018-03-18,0.0,0.0,0.0,0.0
2018-03-19,0.0,0.0,0.0,0.0
2018-03-20,48613.0,24757.0,50490.0,54840.0
2018-03-21,0.0,0.0,0.0,0.0
2018-03-22,0.0,0.0,0.0,0.0
2018-03-23,53286.0,35665.5,55325.0,54840.0
2018-03-24,0.0,0.0,0.0,0.0
2018-03-25,0.0,0.0,0.0,0.0
2018-03-26,52992.0,35665.5,55325.0,54840.0
2018-03-27,47426.799999999996,30043.2,55325.0,54840.0
2018-03-28,0.0,0.0,0.0,0.0
2018-03-29,0.0,0.0,0.0,0.0
2018-03-30,41664.6,30043.2,55325.0,54840.0
2018-03-31,0.0,0.0,0.0,0.0
2018-04-01,0.0,0.0,0.0,0.0
2018-04-02,41664.6,23857.600000000002,55325.0,54840.0
2018-04-03,41664.6,23857.600000000002,59853.0,54840.0
2018-04-04,0.0,0.0,0.0,0.0
2018-04-05,0.0,0.0,0.0,0.0
2018-04-06,0.0,0.0,0.0,0.0
2018-04-07,0.0,0.0,0.0,0.0
2018-04-08,0.0,0.0,0.0,0.0
2018-04-09,0.0,0.0,0.0,0.0
2018-04-10,0.0,0.0,0.0,0.0
2018-04-11,41664.6,23857.600000000002,54829.799999999996,54840.0
2018-04-12,0.0,0.0,0.0,0.0
2018-04-13,0.0,0.0,0.0,0.0
2018-04-14,0.0,0.0,0.0,0.0
2018-04-15,0.0,0.0,0.0,0.0
2018-04-16,0.0,0.0,0.0,0.0
2018-04-17,47058.0,29379.7,54829.799999999996,54840.0
2018-04-18,0.0,0.0,0.0,0.0
2018-04-19,0.0,0.0,0.0,0.0
2018-04-20,0.0,0.0,0.0,0.0
2018-04-21,0.0,0.0,0.0,0.0
2018-04-22,0.0,0.0,0.0,0.0
2018-04-23,52400.1,35165.4,54829.799999999996,54840.0
2018-04-24,46832.5,29370.3,54829.799999999996,54840.0
2018-04-25,0.0,0.0,0.0,0.0
2018-04-26,0.0,0.0,0.0,0.0
2018-04-27,0.0,0.0,0.0,0.0
2018-04-28,0.0,0.0,0.0,0.0
2018-04-29,0.0,0.0,0.0,0.0
2018-04-30,0.0,0.0,0.0,0.0
2018-05-01,0.0,0.0,0.0,0.0
2018-05-02,0.0,0.0,0.0,0.0
2018-05-03,0.0,0.0,0.0,0.0
2018-05-04,0.0,0.0,0.0,0.0
2018-05-05,0.0,0.0,0.0,0.0
2018-05-06,0.0,0.0,0.0,0.0
2018-05-07,46832.5,29370.3,49486.0,54840.0
2018-05-08,0.0,0.0,0.0,0.0
2018-05-09,41067.0,29370.3,49486.0,54840.0
2018-05-10,0.0,0.0,0.0,0.0
2018-05-11,0.0,0.0,0.0,0.0
2018-05-12,0.0,0.0,0.0,0.0
2018-05-13,0.0,0.0,0.0,0.0
2018-05-14,0.0,0.0,0.0,0.0
2018-05-15,0.0,0.0,0.0,0.0
2018-05-16,41067.0,29370.3,49486.0,59715.0
2018-05-17,0.0,0.0,0.0,0.0
2018-05-18,0.0,0.0,0.0,0.0
2018-05-19,0.0,0.0,0.0,0.0
2018-05-20,0.0,0.0,0.0,0.0
2018-05-21,0.0,0.0,0.0,0.0
2018-05-22,0.0,0.0,0.0,0.0
2018-05-23,0.0,0.0,0.0,0.0
2018-05-24,0.0,0.0,0.0,0.0
2018-05-25,0.0,0.0,0.0,0.0
2018-05-26,0.0,0.0,0.0,0.0
2018-05-27,0.0,0.0,0.0,0.0
2018-05-28,46464.6,29370.3,43973.2,59715.0
2018-05-29,0.0,0.0,0.0,0.0
2018-05-30,51715.8,35142.200000000004,43973.2,59715.0
2018-05-31,0.0,0.0,0.0,0.0
2018-06-01,0.0,0.0,0.0,0.0
2018-06-02,0.0,0.0,0.0,0.0
2018-06-03,0.0,0.0,0.0,0.0
2018-06-04,0.0,0.0,0.0,0.0
2018-06-05,51715.8,35142.200000000004,38319.0,59715.0
2018-06-06,0.0,0.0,0.0,0.0
2018-06-07,0.0,0.0,0.0,0.0
2018-06-08,0.0,0.0,0.0,0.0
2018-06-09,0.0,0.0,0.0,0.0
2018-06-10,0.0,0.0,0.0,0.0
2018-06-11,56853.2,35142.200000000004,38319.0,59715.0
2018-06-12,0.0,0.0,0.0,0.0
2018-06-13,0.0,0.0,0.0,0.0
2018-06-14,0.0,0.0,0.0,0.0
2018-06-15,56853.2,40516.799999999996,38319.0,59715.0
2018-06-16,0.0,0.0,0.0,0.0
2018-06-17,0.0,0.0,0.0,0.0
2018-06-18,0.0,0.0,0.0,0.0
2018-06-19,66022.8,50765.6,38319.0,59715.0
2018-06-20,0.0,0.0,0.0,0.0
2018-06-21,70802.2,50765.6,32292.0,59715.0
2018-06-22,70802.2,55660.8,32292.0,59715.0
2018-06-23,0.0,0.0,0.0,0.0
2018-06-24,0.0,0.0,0.0,0.0
2018-06-25,0.0,0.0,0.0,0.0
2018-06-26,65829.8,55660.8,32292.0,59715.0
2018-06-27,0.0,0.0,0.0,0.0
2018-06-28,65829.8,55660.8,37730.4,59715.0
2018-06-29,65829.8,50177.4,37730.4,59715.0
2018-06-30,0.0,0.0,0.0,0.0
2018-07-01,0.0,0.0,0.0,0.0
2018-07-02,0.0,0.0,0.0,0.0
2018-07-03,65829.8,50177.4,31953.3,59715.0
2018-07-04,0.0,0.0,0.0,0.0
2018-07-05,65829.8,55074.100000000006,31953.3,59715.0
2018-07-06,0.0,0.0,0.0,0.0
2018-07-07,0.0,0.0,0.0,0.0
2018-07-08,0.0,0.0,0.0,0.0
2018-07-09,65829.8,55074.100000000006,25775.2,59715.0
2018-07-10,0.0,0.0,0.0,0.0
2018-07-11,0.0,0.0,0.0,0.0
2018-07-12,60627.6,49581.0,25775.2,59715.0
2018-07-13,0.0,0.0,0.0,0.0
2018-07-14,0.0,0.0,0.0,0.0
2018-07-15,0.0,0.0,0.0,0.0
2018-07-16,0.0,0.0,0.0,0.0
2018-07-17,0.0,0.0,0.0,0.0
2018-07-18,0.0,0.0,0.0,0.0
2018-07-19,0.0,0.0,0.0,0.0
2018-07-20,0.0,0.0,0.0,0.0
2018-07-21,0.0,0.0,0.0,0.0
2018-07-22,0.0,0.0,0.0,0.0
2018-07-23,0.0,0.0,0.0,0.0
2018-07-24,60627.6,49581.0,19462.0,59715.0
2018-07-25,0.0,0.0,0.0,0.0
2018-07-26,0.0,0.0,0.0,0.0
2018-07-27,0.0,0.0,0.0,0.0
2018-07-28,0.0,0.0,0.0,0.0
2018-07-29,0.0,0.0,0.0,0.0
2018-07-30,65488.50000000001,49581.0,19462.0,59715.0
2018-07-31,0.0,0.0,0.0,0.0
2018-08-01,0.0,0.0,0.0,0.0
2018-08-02,70272.0,54437.399999999994,19462.0,59715.0
2018-08-03,0.0,0.0,0.0,0.0
2018-08-04,0.0,0.0,0.0,0.0
2018-08-05,0.0,0.0,0.0,0.0
2018-08-06,74825.59999999999,59466.5,13003.2,59715.0
2018-08-07,74825.59999999999,59466.5,6421.599999999999,59715.0
2018-08-08,74825.59999999999,59466.5,12979.2,59715.0
2018-08-09,74825.59999999999,54335.4,12979.2,59715.0
2018-08-10,69886.8,54335.4,12979.2,59715.0
2018-08-11,0.0,0.0,0.0,0.0
2018-08-12,0.0,0.0,0.0,0.0
2018-08-13,0.0,0.0,0.0,0.0
2018-08-14,0.0,0.0,0.0,0.0
2018-08-15,0.0,0.0,0.0,0.0
2018-08-16,74172.6,59386.0,12979.2,59715.0
2018-08-17,0.0,0.0,0.0,0.0
2018-08-18,0.0,0.0,0.0,0.0
2018-08-19,0.0,0.0,0.0,0.0
2018-08-20,78664.8,59386.0,12979.2,59715.0
2018-08-21,73980.4,59386.0,12979.2,59715.0
2018-08-22,0.0,0.0,0.0,0.0
2018-08-23,0.0,0.0,0.0,0.0
2018-08-24,0.0,0.0,0.0,0.0
2018-08-25,0.0,0.0,0.0,0.0
2018-08-26,0.0,0.0,0.0,0.0
2018-08-27,0.0,0.0,0.0,0.0
2018-08-28,0.0,0.0,0.0,0.0
2018-08-29,0.0,0.0,0.0,0.0
2018-08-30,0.0,0.0,0.0,0.0
2018-08-31,0.0,0.0,0.0,0.0
2018-09-01,0.0,0.0,0.0,0.0
2018-09-02,0.0,0.0,0.0,0.0
2018-09-03,0.0,0.0,0.0,0.0
2018-09-04,0.0,0.0,0.0,0.0
2018-09-05,0.0,0.0,0.0,0.0
2018-09-06,0.0,0.0,0.0,0.0
2018-09-07,0.0,0.0,0.0,0.0
2018-09-08,0.0,0.0,0.0,0.0
2018-09-09,0.0,0.0,0.0,0.0
2018-09-10,78471.8,64089.6,12979.2,59715.0
2018-09-11,0.0,0.0,0.0,0.0
2018-09-12,0.0,0.0,0.0,0.0
2018-09-13,0.0,0.0,0.0,0.0
2018-09-14,82867.5,64089.6,12979.2,59715.0
2018-09-15,0.0,0.0,0.0,0.0
2018-09-16,0.0,0.0,0.0,0.0
2018-09-17,0.0,0.0,0.0,0.0
2018-09-18,0.0,0.0,0.0,0.0
2018-09-19,0.0,0.0,0.0,0.0
2018-09-20,0.0,0.0,0.0,0.0
2018-09-21,78279.0,64089.6,12979.2,59715.0
2018-09-22,0.0,0.0,0.0,0.0
2018-09-23,0.0,0.0,0.0,0.0
2018-09-24,0.0,0.0,0.0,0.0
2018-09-25,0.0,0.0,0.0,0.0
2018-09-26,0.0,0.0,0.0,0.0
2018-09-27,0.0,0.0,0.0,0.0
2018-09-28,0.0,0.0,0.0,0.0
2018-09-29,0.0,0.0,0.0,0.0
2018-09-30,0.0,0.0,0.0,0.0
2018-10-01,0.0,0.0,0.0,0.0
2018-10-02,0.0,0.0,0.0,0.0
2018-10-03,0.0,0.0,0.0,0.0
2018-10-04,0.0,0.0,0.0,0.0
2018-10-05,0.0,0.0,0.0,0.0
2018-10-06,0.0,0.0,0.0,0.0
2018-10-07,0.0,0.0,0.0,0.0
2018-10-08,82610.2,64089.6,12979.2,59715.0
2018-10-09,0.0,0.0,0.0,0.0
2018-10-10,0.0,0.0,0.0,0.0
2018-10-11,89382.90000000001,71796.0,18600.4,59715.0
2018-10-12,89382.90000000001,76381.0,18600.4,59715.0
2018-10-13,0.0,0.0,0.0,0.0
2018-10-14,0.0,0.0,0.0,0.0
2018-10-15,0.0,0.0,0.0,0.0
2018-10-16,93396.59999999999,80604.5,18600.4,59715.0
2018-10-17,93396.59999999999,80604.5,12125.6,59715.0
2018-10-18,0.0,0.0,0.0,0.0
2018-10-19,93396.59999999999,80567.50000000001,12125.6,54486.2
2018-10-20,0.0,0.0,0.0,0.0
2018-10-21,0.0,0.0,0.0,0.0
2018-10-22,85910.4,71209.59999999999,12125.6,54486.2
2018-10-23,85910.4,71209.59999999999,18403.2,54486.2
2018-10-24,85910.4,75796.5,18403.2,54486.2
2018-10-25,87793.2,75796.5,24344.100000000002,54486.2
2018-10-26,83354.4,75796.5,24344.100000000002,54486.2
2018-10-27,0.0,0.0,0.0,0.0
2018-10-28,0.0,0.0,0.0,0.0
2018-10-29,0.0,0.0,0.0,0.0
2018-10-30,87600.6,75796.5,24344.100000000002,54486.2
2018-10-31,83232.0,75796.5,24344.100000000002,54486.2
2018-11-01,83232.0,71209.59999999999,17991.399999999998,54486.2
2018-11-02,79432.5,71209.59999999999,17991.399999999998,54486.2
2018-11-03,0.0,0.0,0.0,0.0
2018-11-04,0.0,0.0,0.0,0.0
2018-11-05,0.0,0.0,0.0,0.0
2018-11-06,0.0,0.0,0.0,0.0
2018-11-07,79432.5,66316.9,17991.399999999998,54486.2
2018-11-08,0.0,0.0,0.0,0.0
2018-11-09,0.0,0.0,0.0,0.0
2018-11-10,0.0,0.0,0.0,0.0
2018-11-11,0.0,0.0,0.0,0.0
2018-11-12,0.0,0.0,0.0,0.0
2018-11-13,74766.6,66316.9,17991.399999999998,54486.2
2018-11-14,0.0,0.0,0.0,0.0
2018-11-15,74766.6,61450.00000000001,24078.6,54486.2
2018-11-16,0.0,0.0,0.0,0.0
2018-11-17,0.0,0.0,0.0,0.0
2018-11-18,0.0,0.0,0.0,0.0
2018-11-19,0.0,0.0,0.0,0.0
2018-11-20,0.0,0.0,0.0,0.0
2018-11-21,74766.6,61450.00000000001,29748.600000000002,54486.2
2018-11-22,0.0,0.0,0.0,0.0
2018-11-23,79180.59999999999,66233.5,29748.600000000002,54486.2
2018-11-24,0.0,0.0,0.0,0.0
2018-11-25,0.0,0.0,0.0,0.0
2018-11-26,0.0,0.0,0.0,0.0
2018-11-27,0.0,0.0,0.0,0.0
2018-11-28,79180.59999999999,66233.5,23590.399999999998,54486.2
2018-11-29,0.0,0.0,0.0,0.0
2018-11-30,79180.59999999999,70655.40000000001,23590.399999999998,54486.2
2018-12-01,0.0,0.0,0.0,0.0
2018-12-02,0.0,0.0,0.0,0.0
2018-12-03,74521.6,66488.4,17629.5,54486.2
2018-12-04,0.0,0.0,0.0,0.0
2018-12-05,74521.6,66488.4,23289.600000000002,54486.2
2018-12-06,0.0,0.0,0.0,0.0
2018-12-07,0.0,0.0,0.0,0.0
2018-12-08,0.0,0.0,0.0,0.0
2018-12-09,0.0,0.0,0.0,0.0
2018-12-10,78742.8,70953.6,23289.600000000002,54486.2
2018-12-11,0.0,0.0,0.0,0.0
2018-12-12,0.0,0.0,0.0,0.0
2018-12-13,0.0,0.0,0.0,0.0
2018-12-14,0.0,0.0,0.0,0.0
2018-12-15,0.0,0.0,0.0,0.0
2018-12-16,0.0,0.0,0.0,0.0
2018-12-17,83012.8,70953.6,23289.600000000002,54486.2
2018-12-18,83012.8,70953.6,28978.800000000003,54486.2
2018-12-19,0.0,0.0,0.0,0.0
2018-12-20,83012.8,75131.59999999999,34669.8,54486.2
2018-12-21,0.0,0.0,0.0,0.0
2018-12-22,0.0,0.0,0.0,0.0
2018-12-23,0.0,0.0,0.0,0.0
2018-12-24,83012.8,75131.59999999999,40077.0,54486.2
2018-12-25,83012.8,75131.59999999999,45453.600000000006,49085.4
2018-12-26,0.0,0.0,0.0,0.0
2018-12-27,83012.8,75131.59999999999,40658.8,49085.4
2018-12-28,87300.3,75131.59999999999,40658.8,49085.4
2018-12-29,0.0,0.0,0.0,0.0
2018-12-30,0.0,0.0,0.0,0.0
2018-12-31,0.0,0.0,0.0,0.0
2019-01-01,0.0,0.0,0.0,0.0
2019-01-02,0.0,0.0,0.0,0.0
2019-01-03,0.0,0.0,0.0,0.0
2019-01-04,87062.1,74266.5,40658.8,49085.4
2019-01-05,0.0,0.0,0.0,0.0
2019-01-06,0.0,0.0,0.0,0.0
2019-01-07,87062.1,74266.5,34790.399999999994,49085.4
2019-01-08,0.0,0.0,0.0,0.0
2019-01-09,82577.1,69570.0,34790.399999999994,49085.4
2019-01-10,0.0,0.0,0.0,0.0
2019-01-11,0.0,0.0,0.0,0.0
2019-01-12,0.0,0.0,0.0,0.0
2019-01-13,0.0,0.0,0.0,0.0
2019-01-14,0.0,0.0,0.0,0.0
2019-01-15,86870.0,69570.0,34790.399999999994,49085.4
2019-01-16,0.0,0.0,0.0,0.0
2019-01-17,0.0,0.0,0.0,0.0
2019-01-18,86870.0,69570.0,28725.4,49085.4
2019-01-19,0.0,0.0,0.0,0.0
2019-01-20,0.0,0.0,0.0,0.0
2019-01-21,82387.2,69570.0,28725.4,49085.4
2019-01-22,0.0,0.0,0.0,0.0
2019-01-23,0.0,0.0,0.0,0.0
2019-01-24,0.0,0.0,0.0,0.0
2019-01-25,0.0,0.0,0.0,0.0
2019-01-26,0.0,0.0,0.0,0.0
2019-01-27,0.0,0.0,0.0,0.0
2019-01-28,0.0,0.0,0.0,0.0
2019-01-29,86678.1,74200.5,28725.4,49085.4
2019-01-30,0.0,0.0,0.0,0.0
2019-01-31,0.0,0.0,0.0,0.0
2019-02-01,0.0,0.0,0.0,0.0
2019-02-02,0.0,0.0,0.0,0.0
2019-02-03,0.0,0.0,0.0,0.0
2019-02-04,0.0,0.0,0.0,0.0
2019-02-05,0.0,0.0,0.0,0.0
2019-02-06,0.0,0.0,0.0,0.0
2019-02-07,0.0,0.0,0.0,0.0
2019-02-08,0.0,0.0,0.0,0.0
2019-02-09,0.0,0.0,0.0,0.0
2019-02-10,0.0,0.0,0.0,0.0
2019-02-11,77486.8,69510.0,28725.4,49085.4
2019-02-12,77486.8,69510.0,22503.2,49085.4
2019-02-13,72670.0,64449.0,22503.2,49085.4
2019-02-14,0.0,0.0,0.0,0.0
2019-02-15,0.0,0.0,0.0,0.0
2019-02-16,0.0,0.0,0.0,0.0
2019-02-17,0.0,0.0,0.0,0.0
2019-02-18,67804.0,59507.8,22503.2,49085.4
2019-02-19,0.0,0.0,0.0,0.0
2019-02-20,67804.0,59507.8,22503.2,43605.0
2019-02-21,62833.6,54206.2,22503.2,43605.0
2019-02-22,0.0,0.0,0.0,0.0
2019-02-23,0.0,0.0,0.0,0.0
2019-02-24,0.0,0.0,0.0,0.0
2019-02-25,52545.6,43537.5,22503.2,43605.0
2019-02-26,0.0,0.0,0.0,0.0
2019-02-27,0.0,0.0,0.0,0.0
2019-02-28,0.0,0.0,0.0,0.0
2019-03-01,0.0,0.0,0.0,0.0
2019-03-02,0.0,0.0,0.0,0.0
2019-03-03,0.0,0.0,0.0,0.0
2019-03-04,41580.0,37665.2,22503.2,48667.8
2019-03-05,0.0,0.0,0.0,0.0
2019-03-06,35706.0,31953.600000000002,22503.2,48667.8
2019-03-07,35706.0,25894.0,22503.2,48667.8
2019-03-08,35478.0,31086.0,22503.2,48667.8
2019-03-09,0.0,0.0,0.0,0.0
2019-03-10,0.0,0.0,0.0,0.0
2019-03-11,35478.0,25051.8,22503.2,48667.8
2019-03-12,29427.199999999997,25051.8,22503.2,48667.8
2019-03-13,35154.0,25051.8,22503.2,48667.8
2019-03-14,40846.0,31042.0,16153.6,48667.8
2019-03-15,0.0,0.0,0.0,0.0
2019-03-16,0.0,0.0,0.0,0.0
2019-03-17,0.0,0.0,0.0,0.0
2019-03-18,34970.4,25000.2,16153.6,48667.8
2019-03-19,0.0,0.0,0.0,0.0
2019-03-20,0.0,0.0,0.0,0.0
2019-03-21,34970.4,18575.2,16153.6,48667.8
2019-03-22,34970.4,18575.2,9653.3,48667.8
2019-03-23,0.0,0.0,0.0,0.0
2019-03-24,0.0,0.0,0.0,0.0
2019-03-25,0.0,0.0,0.0,0.0
2019-03-26,40663.0,24406.2,9653.3,48667.8
2019-03-27,0.0,0.0,0.0,0.0
2019-03-28,0.0,0.0,0.0,0.0
2019-03-29,34787.0,24406.2,9653.3,48667.8
2019-03-30,0.0,0.0,0.0,0.0
2019-03-31,0.0,0.0,0.0,0.0
2019-04-01,28672.4,11723.0,9653.3,48667.8
2019-04-02,0.0,0.0,0.0,0.0
2019-04-03,0.0,0.0,0.0,0.0
2019-04-04,0.0,0.0,0.0,0.0
2019-04-05,0.0,0.0,0.0,0.0
2019-04-06,0.0,0.0,0.0,0.0
2019-04-07,0.0,0.0,0.0,0.0
2019-04-08,0.0,0.0,0.0,0.0
2019-04-09,0.0,0.0,0.0,0.0
2019-04-10,0.0,0.0,0.0,0.0
2019-04-11,0.0,0.0,0.0,0.0
2019-04-12,34420.8,11723.0,9653.3,48667.8
2019-04-13,0.0,0.0,0.0,0.0
2019-04-14,0.0,0.0,0.0,0.0
2019-04-15,0.0,0.0,0.0,0.0
2019-04-16,34420.8,11696.4,9653.3,48667.8
2019-04-17,0.0,0.0,0.0,0.0
2019-04-18,0.0,0.0,0.0,0.0
2019-04-19,34420.8,11696.4,2957.9,48667.8
2019-04-20,0.0,0.0,0.0,0.0
2019-04-21,0.0,0.0,0.0,0.0
2019-04-22,0.0,0.0,0.0,0.0
2019-04-23,0.0,0.0,0.0,0.0
2019-04-24,34420.8,17907.0,2957.9,48667.8
2019-04-25,0.0,0.0,0.0,0.0
2019-04-26,34420.8,17907.0,79786.0,48667.8
2019-04-27,0.0,0.0,0.0,0.0
2019-04-28,0.0,0.0,0.0,0.0
2019-04-29,40089.6,23710.300000000003,79786.0,48667.8
2019-04-30,0.0,0.0,0.0,0.0
2019-05-01,0.0,0.0,0.0,0.0
2019-05-02,0.0,0.0,0.0,0.0
2019-05-03,0.0,0.0,0.0,0.0
2019-05-04,0.0,0.0,0.0,0.0
2019-05-05,0.0,0.0,0.0,0.0
2019-05-06,50066.200000000004,34411.0,79786.0,48667.8
2019-05-07,0.0,0.0,0.0,0.0
2019-05-08,0.0,0.0,0.0,0.0
2019-05-09,50066.200000000004,34411.0,84115.20000000001,48667.8
2019-05-10,0.0,0.0,0.0,0.0
2019-05-11,0.0,0.0,0.0,0.0
2019-05-12,0.0,0.0,0.0,0.0
2019-05-13,0.0,0.0,0.0,0.0
2019-05-14,50066.200000000004,34411.0,88058.1,48667.8
2019-05-15,0.0,0.0,0.0,0.0
2019-05-16,50066.200000000004,28355.600000000002,88058.1,48667.8
2019-05-17,50066.200000000004,33849.6,84343.20000000001,48667.8
2019-05-18,0.0,0.0,0.0,0.0
2019-05-19,0.0,0.0,0.0,0.0
2019-05-20,55278.200000000004,33849.6,84343.20000000001,48667.8
2019-05-21,0.0,0.0,0.0,0.0
2019-05-22,0.0,0.0,0.0,0.0
2019-05-23,0.0,0.0,0.0,0.0
2019-05-24,55278.200000000004,33849.6,88200.0,48667.8
2019-05-25,0.0,0.0,0.0,0.0
2019-05-26,0.0,0.0,0.0,0.0
2019-05-27,0.0,0.0,0.0,0.0
2019-05-28,0.0,0.0,0.0,0.0
2019-05-29,0.0,0.0,0.0,0.0
2019-05-30,0.0,0.0,0.0,0.0
2019-05-31,0.0,0.0,0.0,0.0
2019-06-01,0.0,0.0,0.0,0.0
2019-06-02,0.0,0.0,0.0,0.0
2019-06-03,55278.200000000004,33849.6,92056.6,43344.1
2019-06-04,55278.200000000004,39501.0,92056.6,43344.1
2019-06-05,0.0,0.0,0.0,0.0
2019-06-06,60248.00000000001,39501.0,92056.6,43344.1
2019-06-07,0.0,0.0,0.0,0.0
2019-06-08,0.0,0.0,0.0,0.0
2019-06-09,0.0,0.0,0.0,0.0
2019-06-10,60248.00000000001,39501.0,89244.0,43344.1
2019-06-11,54919.200000000004,39501.0,89244.0,43344.1
2019-06-12,0.0,0.0,0.0,0.0
2019-06-13,0.0,0.0,0.0,0.0
2019-06-14,54919.200000000004,39501.0,89244.0,37462.5
2019-06-15,0.0,0.0,0.0,0.0
2019-06-16,0.0,0.0,0.0,0.0
2019-06-17,0.0,0.0,0.0,0.0
2019-06-18,0.0,0.0,0.0,0.0
2019-06-19,49666.4,33875.200000000004,89244.0,37462.5
2019-06-20,49666.4,33875.200000000004,84851.4,37462.5
2019-06-21,49666.4,33875.200000000004,84851.4,31497.600000000002
2019-06-22,0.0,0.0,0.0,0.0
2019-06-23,0.0,0.0,0.0,0.0
2019-06-24,0.0,0.0,0.0,0.0
2019-06-25,49666.4,33875.200000000004,84851.4,25448.0
2019-06-26,0.0,0.0,0.0,0.0
2019-06-27,0.0,0.0,0.0,0.0
2019-06-28,0.0,0.0,0.0,0.0
2019-06-29,0.0,0.0,0.0,0.0
2019-06-30,0.0,0.0,0.0,0.0
2019-07-01,44014.0,27820.5,84851.4,31130.4
2019-07-02,0.0,0.0,0.0,0.0
2019-07-03,44014.0,27820.5,84851.4,25392.0
2019-07-04,0.0,0.0,0.0,0.0
2019-07-05,0.0,0.0,0.0,0.0
2019-07-06,0.0,0.0,0.0,0.0
2019-07-07,0.0,0.0,0.0,0.0
2019-07-08,49342.700000000004,33327.0,84851.4,25392.0
2019-07-09,49342.700000000004,33327.0,84851.4,31395.6
2019-07-10,0.0,0.0,0.0,0.0
2019-07-11,0.0,0.0,0.0,0.0
2019-07-12,0.0,0.0,0.0,0.0
2019-07-13,0.0,0.0,0.0,0.0
2019-07-14,0.0,0.0,0.0,0.0
2019-07-15,43715.6,33327.0,80400.4,31395.6
2019-07-16,0.0,0.0,0.0,0.0
2019-07-17,0.0,0.0,0.0,0.0
2019-07-18,0.0,0.0,0.0,0.0
2019-07-19,43715.6,33327.0,80400.4,25480.0
2019-07-20,0.0,0.0,0.0,0.0
2019-07-21,0.0,0.0,0.0,0.0
2019-07-22,0.0,0.0,0.0,0.0
2019-07-23,0.0,0.0,0.0,0.0
2019-07-24,0.0,0.0,0.0,0.0
2019-07-25,0.0,0.0,0.0,0.0
2019-07-26,0.0,0.0,0.0,0.0
2019-07-27,0.0,0.0,0.0,0.0
2019-07-28,0.0,0.0,0.0,0.0
2019-07-29,0.0,0.0,0.0,0.0
2019-07-30,0.0,0.0,0.0,0.0
2019-07-31,0.0,0.0,0.0,0.0
2019-08-01,0.0,0.0,0.0,0.0
2019-08-02,0.0,0.0,0.0,0.0
2019-08-03,0.0,0.0,0.0,0.0
2019-08-04,0.0,0.0,0.0,0.0
2019-08-05,43715.6,33327.0,80400.4,19363.8
2019-08-06,48951.6,38395.2,83252.4,19363.8
2019-08-07,0.0,0.0,0.0,0.0
2019-08-08,48951.6,38395.2,78815.5,12863.0
2019-08-09,0.0,0.0,0.0,0.0
2019-08-10,0.0,0.0,0.0,0.0
2019-08-11,0.0,0.0,0.0,0.0
2019-08-12,0.0,0.0,0.0,0.0
2019-08-13,0.0,0.0,0.0,0.0
2019-08-14,43329.9,38395.2,78815.5,12863.0
2019-08-15,0.0,0.0,0.0,0.0
2019-08-16,0.0,0.0,0.0,0.0
2019-08-17,0.0,0.0,0.0,0.0
2019-08-18,0.0,0.0,0.0,0.0
2019-08-19,37429.6,32797.8,78815.5,12863.0
2019-08-20,0.0,0.0,0.0,0.0
2019-08-21,0.0,0.0,0.0,0.0
2019-08-22,0.0,0.0,0.0,0.0
2019-08-23,0.0,0.0,0.0,0.0
2019-08-24,0.0,0.0,0.0,0.0
2019-08-25,0.0,0.0,0.0,0.0
2019-08-26,37429.6,32797.8,78815.5,6343.2
2019-08-27,31501.7,26840.0,78815.5,6343.2
2019-08-28,0.0,0.0,0.0,0.0
2019-08-29,0.0,0.0,0.0,0.0
2019-08-30,0.0,0.0,0.0,0.0
2019-08-31,0.0,0.0,0.0,0.0
2019-09-01,0.0,0.0,0.0,0.0
2019-09-02,0.0,0.0,0.0,0.0
2019-09-03,0.0,0.0,0.0,0.0
2019-09-04,0.0,0.0,0.0,0.0
2019-09-05,25296.0,20542.399999999998,74020.20000000001,6343.2
2019-09-06,0.0,0.0,0.0,0.0
2019-09-07,0.0,0.0,0.0,0.0
2019-09-08,0.0,0.0,0.0,0.0
2019-09-09,0.0,0.0,0.0,0.0
2019-09-10,25296.0,20542.399999999998,74020.20000000001,12506.0
2019-09-11,0.0,0.0,0.0,0.0
2019-09-12,0.0,0.0,0.0,0.0
2019-09-13,0.0,0.0,0.0,0.0
2019-09-14,0.0,0.0,0.0,0.0
2019-09-15,0.0,0.0,0.0,0.0
2019-09-16,0.0,0.0,0.0,0.0
2019-09-17,0.0,0.0,0.0,0.0
2019-09-18,0.0,0.0,0.0,0.0
2019-09-19,0.0,0.0,0.0,0.0
2019-09-20,0.0,0.0,0.0,0.0
2019-09-21,0.0,0.0,0.0,0.0
2019-09-22,0.0,0.0,0.0,0.0
2019-09-23,0.0,0.0,0.0,0.0
2019-09-24,0.0,0.0,0.0,0.0
2019-09-25,0.0,0.0,0.0,0.0
2019-09-26,31185.1,26381.600000000002,74020.20000000001,12506.0
2019-09-27,0.0,0.0,0.0,0.0
2019-09-28,0.0,0.0,0.0,0.0
2019-09-29,0.0,0.0,0.0,0.0
2019-09-30,0.0,0.0,0.0,0.0
2019-10-01,0.0,0.0,0.0,0.0
2019-10-02,0.0,0.0,0.0,0.0
2019-10-03,0.0,0.0,0.0,0.0
2019-10-04,0.0,0.0,0.0,0.0
2019-10-05,0.0,0.0,0.0,0.0
2019-10-06,0.0,0.0,0.0,0.0
2019-10-07,0.0,0.0,0.0,0.0
2019-10-08,0.0,0.0,0.0,0.0
2019-10-09,0.0,0.0,0.0,0.0
2019-10-10,0.0,0.0,0.0,0.0
2019-10-11,0.0,0.0,0.0,0.0
2019-10-12,0.0,0.0,0.0,0.0
2019-10-13,0.0,0.0,0.0,0.0
2019-10-14,31185.1,19969.2,74020.20000000001,12506.0
2019-10-15,0.0,0.0,0.0,0.0
2019-10-16,0.0,0.0,0.0,0.0
2019-10-17,0.0,0.0,0.0,0.0
2019-10-18,31185.1,25819.199999999997,74020.20000000001,12506.0
2019-10-19,0.0,0.0,0.0,0.0
2019-10-20,0.0,0.0,0.0,0.0
2019-10-21,0.0,0.0,0.0,0.0
2019-10-22,0.0,0.0,0.0,0.0
2019-10-23,0.0,0.0,0.0,0.0
2019-10-24,0.0,0.0,0.0,0.0
2019-10-25,0.0,0.0,0.0,0.0
2019-10-26,0.0,0.0,0.0,0.0
2019-10-27,0.0,0.0,0.0,0.0
2019-10-28,24969.6,25819.199999999997,74020.20000000001,12506.0
2019-10-29,24969.6,25819.199999999997,69217.2,12506.0
2019-10-30,0.0,0.0,0.0,0.0
2019-10-31,0.0,0.0,0.0,0.0
2019-11-01,0.0,0.0,0.0,0.0
2019-11-02,0.0,0.0,0.0,0.0
2019-11-03,0.0,0.0,0.0,0.0
2019-11-04,0.0,0.0,0.0,0.0
2019-11-05,0.0,0.0,0.0,0.0
2019-11-06,0.0,0.0,0.0,0.0
2019-11-07,0.0,0.0,0.0,0.0
2019-11-08,24969.6,25819.199999999997,69217.2,18536.399999999998
2019-11-09,0.0,0.0,0.0,0.0
2019-11-10,0.0,0.0,0.0,0.0
2019-11-11,0.0,0.0,0.0,0.0
2019-11-12,24969.6,31817.600000000002,69217.2,18536.399999999998
2019-11-13,0.0,0.0,0.0,0.0
2019-11-14,0.0,0.0,0.0,0.0
2019-11-15,0.0,0.0,0.0,0.0
2019-11-16,0.0,0.0,0.0,0.0
2019-11-17,0.0,0.0,0.0,0.0
2019-11-18,0.0,0.0,0.0,0.0
2019-11-19,24969.6,25790.4,69217.2,18536.399999999998
2019-11-20,0.0,0.0,0.0,0.0
2019-11-21,0.0,0.0,0.0,0.0
2019-11-22,0.0,0.0,0.0,0.0
2019-11-23,0.0,0.0,0.0,0.0
2019-11-24,0.0,0.0,0.0,0.0
2019-11-25,0.0,0.0,0.0,0.0
2019-11-26,24969.6,25790.4,64819.200000000004,18536.399999999998
2019-11-27,0.0,0.0,0.0,0.0
2019-11-28,0.0,0.0,0.0,0.0
2019-11-29,0.0,0.0,0.0,0.0
2019-11-30,0.0,0.0,0.0,0.0
2019-12-01,0.0,0.0,0.0,0.0
2019-12-02,0.0,0.0,0.0,0.0
2019-12-03,0.0,0.0,0.0,0.0
2019-12-04,0.0,0.0,0.0,0.0
2019-12-05,0.0,0.0,0.0,0.0
2019-12-06,0.0,0.0,0.0,0.0
2019-12-07,0.0,0.0,0.0,0.0
2019-12-08,0.0,0.0,0.0,0.0
2019-12-09,0.0,0.0,0.0,0.0
2019-12-10,0.0,0.0,0.0,0.0
2019-12-11,0.0,0.0,0.0,0.0
2019-12-12,0.0,0.0,0.0,0.0
2019-12-13,18670.2,25790.4,64819.200000000004,18536.399999999998
2019-12-14,0.0,0.0,0.0,0.0
2019-12-15,0.0,0.0,0.0,0.0
2019-12-16,18670.2,19372.5,64819.200000000004,18536.399999999998
2019-12-17,12131.0,19372.5,59875.200000000004,18536.399999999998
2019-12-18,12131.0,13126.1,59875.200000000004,18536.399999999998
2019-12-19,0.0,0.0,0.0,0.0
2019-12-20,0.0,0.0,0.0,0.0
2019-12-21,0.0,0.0,0.0,0.0
2019-12-22,0.0,0.0,0.0,0.0
2019-12-23,18491.0,19369.0,59875.200000000004,18536.399999999998
2019-12-24,0.0,0.0,0.0,0.0
2019-12-25,18491.0,19369.0,59875.200000000004,12060.0
2019-12-26,0.0,0.0,0.0,0.0
2019-12-27,11950.8,19369.0,59875.200000000004,12060.0
2019-12-28,0.0,0.0,0.0,0.0
2019-12-29,0.0,0.0,0.0,0.0
2019-12-30,0.0,0.0,0.0,0.0
2019-12-31,11950.8,13123.800000000001,59875.200000000004,12060.0
2020-01-01,0.0,0.0,0.0,0.0
2020-01-02,0.0,0.0,0.0,0.0
2020-01-03,11950.8,13123.800000000001,54575.6,12060.0
2020-01-04,0.0,0.0,0.0,0.0
2020-01-05,0.0,0.0,0.0,0.0
2020-01-06,5173.6,6469.1,54575.6,5593.6
2020-01-07,0.0,0.0,0.0,0.0
2020-01-08,0.0,0.0,0.0,0.0
2020-01-09,79856.0,6469.1,54575.6,5593.6
2020-01-10,79856.0,6469.1,49158.2,5593.6
2020-01-11,0.0,0.0,0.0,0.0
2020-01-12,0.0,0.0,0.0,0.0
2020-01-13,0.0,0.0,0.0,0.0
2020-01-14,79856.0,6469.1,49158.2,12117.6
2020-01-15,0.0,0.0,0.0,0.0
2020-01-16,0.0,0.0,0.0,0.0
2020-01-17,79856.0,6469.1,44037.0,12117.6
2020-01-18,0.0,0.0,0.0,0.0
2020-01-19,0.0,0.0,0.0,0.0
2020-01-20,75081.59999999999,79399.1,44037.0,12117.6
2020-01-21,75081.59999999999,79399.1,49494.0,12117.6
2020-01-22,0.0,0.0,0.0,0.0
2020-01-23,79228.8,83481.79999999999,49494.0,12117.6
2020-01-24,0.0,0.0,0.0,0.0
2020-01-25,0.0,0.0,0.0,0.0
2020-01-26,0.0,0.0,0.0,0.0
2020-01-27,0.0,0.0,0.0,0.0
2020-01-28,0.0,0.0,0.0,0.0
2020-01-29,0.0,0.0,0.0,0.0
2020-01-30,0.0,0.0,0.0,0.0
2020-01-31,0.0,0.0,0.0,0.0
2020-02-01,0.0,0.0,0.0,0.0
2020-02-02,0.0,0.0,0.0,0.0
2020-02-03,78369.90000000001,81747.9,49494.0,5622.4
2020-02-04,68908.8,81747.9,49494.0,5622.4
2020-02-05,58747.9,77070.0,44125.2,5622.4
2020-02-06,58747.9,72588.8,38669.799999999996,5622.4
2020-02-07,53347.8,72588.8,32780.0,5622.4
2020-02-08,0.0,0.0,0.0,0.0
2020-02-09,0.0,0.0,0.0,0.0
2020-02-10,0.0,0.0,0.0,0.0
2020-02-11,53347.8,72588.8,26901.0,5622.4
2020-02-12,47991.2,67790.40000000001,20602.4,5622.4
2020-02-13,47991.2,67790.40000000001,7606.8,5622.4
2020-02-14,47991.2,67790.40000000001,13219.800000000001,5622.4
2020-02-15,0.0,0.0,0.0,0.0
2020-02-16,0.0,0.0,0.0,0.0
2020-02-17,42435.0,63209.99999999999,12678.400000000001,5622.4
2020-02-18,42435.0,63209.99999999999,18816.0,5622.4
2020-02-19,0.0,0.0,0.0,0.0
2020-02-20,0.0,0.0,0.0,0.0
2020-02-21,36704.799999999996,58317.6,24950.800000000003,79662.0
2020-02-22,0.0,0.0,0.0,0.0
2020-02-23,0.0,0.0,0.0,0.0
2020-02-24,36704.799999999996,58317.6,30608.5,79662.0
2020-02-25,30785.999999999996,58317.6,30130.800000000003,79662.0
2020-02-26,36423.0,58317.6,30130.800000000003,79662.0
2020-02-27,0.0,0.0,0.0,0.0
2020-02-28,41412.0,63105.0,35308.4,79662.0
2020-02-29,0.0,0.0,0.0,0.0
2020-03-01,0.0,0.0,0.0,0.0
2020-03-02,41412.0,63105.0,29365.399999999998,79662.0
2020-03-03,35523.799999999996,58477.4,29606.100000000002,79662.0
2020-03-04,0.0,0.0,0.0,0.0
2020-03-05,0.0,0.0,0.0,0.0
2020-03-06,0.0,0.0,0.0,0.0
2020-03-07,0.0,0.0,0.0,0.0
2020-03-08,0.0,0.0,0.0,0.0
2020-03-09,41167.6,63357.0,40162.399999999994,79662.0
2020-03-10,40963.799999999996,63357.0,34329.9,79662.0
2020-03-11,40963.799999999996,63357.0,39881.6,79662.0
2020-03-12,46436.0,63357.0,45340.6,79662.0
2020-03-13,45202.0,61193.600000000006,37677.4,82765.7
2020-03-14,0.0,0.0,0.0,0.0
2020-03-15,0.0,0.0,0.0,0.0
2020-03-16,50598.9,65630.5,42812.0,82765.7
2020-03-17,55661.4,70256.4,42812.0,85780.8
2020-03-18,50223.200000000004,65653.5,42812.0,85780.8
2020-03-19,55357.5,70180.2,48074.600000000006,85780.8
2020-03-20,55357.5,70180.2,42752.4,85780.8
2020-03-21,0.0,0.0,0.0,0.0
2020-03-22,0.0,0.0,0.0,0.0
2020-03-23,60368.0,70180.2,42752.4,85780.8
2020-03-24,60368.0,70180.2,42752.4,84466.2
2020-03-25,56118.4,70180.2,38512.0,84466.2
2020-03-26,0.0,0.0,0.0,0.0
2020-03-27,56118.4,70180.2,44100.299999999996,84466.2
2020-03-28,0.0,0.0,0.0,0.0
2020-03-29,0.0,0.0,0.0,0.0
2020-03-30,61039.0,70180.2,48553.4,84466.2
2020-03-31,0.0,0.0,0.0,0.0
2020-04-01,0.0,0.0,0.0,0.0
2020-04-02,55688.8,70180.2,48553.4,84466.2
2020-04-03,0.0,0.0,0.0,0.0
2020-04-04,0.0,0.0,0.0,0.0
2020-04-05,0.0,0.0,0.0,0.0
2020-04-06,0.0,0.0,0.0,0.0
2020-04-07,55688.8,65458.0,43438.4,80745.3
2020-04-08,50350.0,65458.0,43438.4,80745.3
2020-04-09,0.0,0.0,0.0,0.0
2020-04-10,0.0,0.0,0.0,0.0
2020-04-11,0.0,0.0,0.0,0.0
2020-04-12,0.0,0.0,0.0,0.0
2020-04-13,55474.299999999996,65458.0,48560.1,80745.3
2020-04-14,50133.6,65458.0,48560.1,80745.3
2020-04-15,50133.6,65458.0,43267.5,80745.3
2020-04-16,0.0,0.0,0.0,0.0
2020-04-17,44619.6,65458.0,38098.8,80745.3
2020-04-18,0.0,0.0,0.0,0.0
2020-04-19,0.0,0.0,0.0,0.0
2020-04-20,0.0,0.0,0.0,0.0
2020-04-21,0.0,0.0,0.0,0.0
2020-04-22,0.0,0.0,0.0,0.0
2020-04-23,44619.6,65458.0,32467.600000000002,80745.3
2020-04-24,0.0,0.0,0.0,0.0
2020-04-25,0.0,0.0,0.0,0.0
2020-04-26,0.0,0.0,0.0,0.0
2020-04-27,44619.6,65458.0,26366.2,80745.3
2020-04-28,44287.700000000004,65458.0,26366.2,80745.3
2020-04-29,44287.700000000004,65458.0,20328.0,80745.3
2020-04-30,44287.700000000004,65458.0,20482.0,80745.3
2020-05-01,0.0,0.0,0.0,0.0
2020-05-02,0.0,0.0,0.0,0.0
2020-05-03,0.0,0.0,0.0,0.0
2020-05-04,0.0,0.0,0.0,0.0
2020-05-05,0.0,0.0,0.0,0.0
2020-05-06,38591.99999999999,60419.799999999996,20482.0,80745.3
2020-05-07,0.0,0.0,0.0,0.0
2020-05-08,0.0,0.0,0.0,0.0
2020-05-09,0.0,0.0,0.0,0.0
2020-05-10,0.0,0.0,0.0,0.0
2020-05-11,0.0,0.0,0.0,0.0
2020-05-12,0.0,0.0,0.0,0.0
2020-05-13,38591.99999999999,60419.799999999996,26353.0,80745.3
2020-05-14,0.0,0.0,0.0,0.0
2020-05-15,38591.99999999999,60419.799999999996,26353.0,76782.0
2020-05-16,0.0,0.0,0.0,0.0
2020-05-17,0.0,0.0,0.0,0.0
2020-05-18,38591.99999999999,60419.799999999996,26353.0,72047.09999999999
2020-05-19,38591.99999999999,60419.799999999996,20088.0,72047.09999999999
2020-05-20,32721.800000000003,60419.799999999996,20088.0,72047.09999999999
2020-05-21,0.0,0.0,0.0,0.0
2020-05-22,38295.5,60419.799999999996,25941.600000000002,72047.09999999999
2020-05-23,0.0,0.0,0.0,0.0
2020-05-24,0.0,0.0,0.0,0.0
2020-05-25,38295.5,60419.799999999996,19689.5,72047.09999999999
2020-05-26,0.0,0.0,0.0,0.0
2020-05-27,38295.5,60419.799999999996,13419.0,72047.09999999999
2020-05-28,0.0,0.0,0.0,0.0
2020-05-29,0.0,0.0,0.0,0.0
2020-05-30,0.0,0.0,0.0,0.0
2020-05-31,0.0,0.0,0.0,0.0
2020-06-01,32436.199999999997,55586.4,13419.0,72047.09999999999
2020-06-02,0.0,0.0,0.0,0.0
2020-06-03,0.0,0.0,0.0,0.0
2020-06-04,32436.199999999997,55586.4,13419.0,76360.0
2020-06-05,0.0,0.0,0.0,0.0
2020-06-06,0.0,0.0,0.0,0.0
2020-06-07,0.0,0.0,0.0,0.0
2020-06-08,0.0,0.0,0.0,0.0
2020-06-09,0.0,0.0,0.0,0.0
2020-06-10,0.0,0.0,0.0,0.0
2020-06-11,26387.2,55586.4,13419.0,76360.0
2020-06-12,26387.2,55586.4,19382.1,76360.0
2020-06-13,0.0,0.0,0.0,0.0
2020-06-14,0.0,0.0,0.0,0.0
2020-06-15,0.0,0.0,0.0,0.0
2020-06-16,26387.2,55586.4,12818.0,76360.0
2020-06-17,20184.8,50414.4,12818.0,76360.0
2020-06-18,0.0,0.0,0.0,0.0
2020-06-19,0.0,0.0,0.0,0.0
2020-06-20,0.0,0.0,0.0,0.0
2020-06-21,0.0,0.0,0.0,0.0
2020-06-22,13785.999999999998,50414.4,12818.0,76360.0
2020-06-23,0.0,0.0,0.0,0.0
2020-06-24,0.0,0.0,0.0,0.0
2020-06-25,0.0,0.0,0.0,0.0
2020-06-26,0.0,0.0,0.0,0.0
2020-06-27,0.0,0.0,0.0,0.0
2020-06-28,0.0,0.0,0.0,0.0
2020-06-29,0.0,0.0,0.0,0.0
2020-06-30,7219.900000000001,44884.0,12818.0,76360.0
2020-07-01,7219.900000000001,44884.0,12818.0,71580.59999999999
2020-07-02,0.0,0.0,0.0,0.0
2020-07-03,7219.900000000001,39654.0,12818.0,71580.59999999999
2020-07-04,0.0,0.0,0.0,0.0
2020-07-05,0.0,0.0,0.0,0.0
2020-07-06,240.39999999999998,34045.0,12818.0,71580.59999999999
2020-07-07,79952.6,28056.0,12818.0,71580.59999999999
2020-07-08,75205.2,28056.0,12818.0,71580.59999999999
2020-07-09,70354.5,22409.9,12818.0,71580.59999999999
2020-07-10,0.0,0.0,0.0,0.0
2020-07-11,0.0,0.0,0.0,0.0
2020-07-12,0.0,0.0,0.0,0.0
2020-07-13,60479.99999999999,16385.600000000002,6246.4,71580.59999999999
2020-07-14,65359.200000000004,16385.600000000002,6246.4,71580.59999999999
2020-07-15,60307.2,16385.600000000002,6246.4,71580.59999999999
2020-07-16,69665.40000000001,28004.0,6246.4,71580.59999999999
2020-07-17,74168.0,28004.0,6246.4,71580.59999999999
2020-07-18,0.0,0.0,0.0,0.0
2020-07-19,0.0,0.0,0.0,0.0
2020-07-20,73739.4,28004.0,6246.4,71580.59999999999
2020-07-21,69088.8,22360.3,6246.4,71580.59999999999
2020-07-22,64212.4,22360.3,6246.4,66841.5
2020-07-23,63847.799999999996,22360.3,6246.4,66841.5
2020-07-24,72835.2,27976.0,6246.4,66841.5
2020-07-25,0.0,0.0,0.0,0.0
2020-07-26,0.0,0.0,0.0,0.0
2020-07-27,72835.2,27976.0,6246.4,61760.4
2020-07-28,0.0,0.0,0.0,0.0
2020-07-29,67990.5,27976.0,6246.4,61760.4
2020-07-30,63097.5,21615.0,6246.4,61760.4
2020-07-31,0.0,0.0,0.0,0.0
2020-08-01,0.0,0.0,0.0,0.0
2020-08-02,0.0,0.0,0.0,0.0
2020-08-03,57809.4,21615.0,6246.4,61760.4
2020-08-04,0.0,0.0,0.0,0.0
2020-08-05,57809.4,15594.6,6246.4,56760.0
2020-08-06,0.0,0.0,0.0,0.0
2020-08-07,62782.2,15594.6,6246.4,56760.0
2020-08-08,0.0,0.0,0.0,0.0
2020-08-09,0.0,0.0,0.0,0.0
2020-08-10,0.0,0.0,0.0,0.0
2020-08-11,67600.0,15594.6,6246.4,56760.0
2020-08-12,72129.2,21594.0,6246.4,59495.99999999999
2020-08-13,72129.2,21594.0,79794.0,59495.99999999999
2020-08-14,72129.2,21594.0,79794.0,54247.1
2020-08-15,0.0,0.0,0.0,0.0
2020-08-16,0.0,0.0,0.0,0.0
2020-08-17,67288.2,21594.0,79794.0,54247.1
2020-08-18,67288.2,15579.9,79794.0,54247.1
2020-08-19,0.0,0.0,0.0,0.0
2020-08-20,71307.0,15579.9,79794.0,54247.1
2020-08-21,71307.0,15579.9,75241.7,54247.1
2020-08-22,0.0,0.0,0.0,0.0
2020-08-23,0.0,0.0,0.0,0.0
2020-08-24,66538.20000000001,15579.9,65947.40000000001,54247.1
2020-08-25,66538.20000000001,15579.9,61103.99999999999,54247.1
2020-08-26,66538.20000000001,21573.0,61063.8,54247.1
2020-08-27,66538.20000000001,21573.0,55870.5,54247.1
2020-08-28,61376.7,21573.0,56025.200000000004,54247.1
2020-08-29,0.0,0.0,0.0,0.0
2020-08-30,0.0,0.0,0.0,0.0
2020-08-31,61376.7,15556.800000000001,45791.2,54247.1
2020-09-01,61376.7,15556.800000000001,45581.9,54247.1
2020-09-02,61376.7,15556.800000000001,40326.0,54247.1
2020-09-03,61376.7,15556.800000000001,34697.0,54247.1
2020-09-04,61376.7,15556.800000000001,44150.8,54247.1
2020-09-05,0.0,0.0,0.0,0.0
2020-09-06,0.0,0.0,0.0,0.0
2020-09-07,66203.2,21540.0,54510.5,54247.1
2020-09-08,66203.2,21540.0,49194.6,54247.1
2020-09-09,70943.20000000001,27155.7,48018.0,54247.1
2020-09-10,75597.6,27155.7,42497.0,54247.1
2020-09-11,75597.6,27155.7,47260.5,54247.1
2020-09-12,0.0,0.0,0.0,0.0
2020-09-13,0.0,0.0,0.0,0.0
2020-09-14,70886.4,27155.7,41859.0,54247.1
2020-09-15,70886.4,27155.7,35962.5,54247.1
2020-09-16,70886.4,27155.7,35700.0,54247.1
2020-09-17,70886.4,27155.7,41055.700000000004,54247.1
2020-09-18,70886.4,27155.7,35194.4,54247.1
2020-09-19,0.0,0.0,0.0,0.0
2020-09-20,0.0,0.0,0.0,0.0
2020-09-21,0.0,0.0,0.0,0.0
2020-09-22,70886.4,27155.7,40594.4,58476.600000000006
2020-09-23,0.0,0.0,0.0,0.0
2020-09-24,70886.4,27155.7,46020.4,58476.600000000006
2020-09-25,0.0,0.0,0.0,0.0
2020-09-26,0.0,0.0,0.0,0.0
2020-09-27,0.0,0.0,0.0,0.0
2020-09-28,0.0,0.0,0.0,0.0
2020-09-29,70886.4,27155.7,40524.00000000001,58476.600000000006
2020-09-30,0.0,0.0,0.0,0.0
2020-10-01,0.0,0.0,0.0,0.0
2020-10-02,0.0,0.0,0.0,0.0
2020-10-03,0.0,0.0,0.0,0.0
2020-10-04,0.0,0.0,0.0,0.0
2020-10-05,0.0,0.0,0.0,0.0
2020-10-06,0.0,0.0,0.0,0.0
2020-10-07,0.0,0.0,0.0,0.0
2020-10-08,0.0,0.0,0.0,0.0
2020-10-09,65843.2,27155.7,40524.00000000001,58476.600000000006
2020-10-10,0.0,0.0,0.0,0.0
2020-10-11,0.0,0.0,0.0,0.0
2020-10-12,60685.0,20801.7,40524.00000000001,58476.600000000006
2020-10-13,60685.0,20801.7,34638.5,58476.600000000006
2020-10-14,0.0,0.0,0.0,0.0
2020-10-15,60685.0,20801.7,40037.4,58476.600000000006
2020-10-16,0.0,0.0,0.0,0.0
2020-10-17,0.0,0.0,0.0,0.0
2020-10-18,0.0,0.0,0.0,0.0
2020-10-19,0.0,0.0,0.0,0.0
2020-10-20,0.0,0.0,0.0,0.0
2020-10-21,0.0,0.0,0.0,0.0
2020-10-22,65534.99999999999,26429.0,40037.4,58476.600000000006
2020-10-23,65534.99999999999,26429.0,45481.799999999996,58476.600000000006
2020-10-24,0.0,0.0,0.0,0.0
2020-10-25,0.0,0.0,0.0,0.0
2020-10-26,70161.6,26429.0,45481.799999999996,58476.600000000006
2020-10-27,0.0,0.0,0.0,0.0
2020-10-28,65100.200000000004,26429.0,45481.799999999996,58476.600000000006
2020-10-29,65100.200000000004,26429.0,49654.799999999996,58476.600000000006
2020-10-30,65100.200000000004,32371.199999999997,49654.799999999996,58476.600000000006
2020-10-31,0.0,0.0,0.0,0.0
2020-11-01,0.0,0.0,0.0,0.0
2020-11-02,0.0,0.0,0.0,0.0
2020-11-03,59950.7,32371.199999999997,44177.399999999994,58476.600000000006
2020-11-04,59950.7,32371.199999999997,32809.0,58476.600000000006
2020-11-05,59950.7,26425.2,32844.0,58476.600000000006
2020-11-06,59950.7,26425.2,38178.0,58476.600000000006
2020-11-07,0.0,0.0,0.0,0.0
2020-11-08,0.0,0.0,0.0,0.0
2020-11-09,54752.4,26425.2,38178.0,58476.600000000006
2020-11-10,54752.4,26425.2,38178.0,63189.200000000004
2020-11-11,59664.0,26425.2,43599.6,63189.200000000004
2020-11-12,0.0,0.0,0.0,0.0
2020-11-13,0.0,0.0,0.0,0.0
2020-11-14,0.0,0.0,0.0,0.0
2020-11-15,0.0,0.0,0.0,0.0
2020-11-16,0.0,0.0,0.0,0.0
2020-11-17,64512.0,26425.2,43599.6,63189.200000000004
2020-11-18,0.0,0.0,0.0,0.0
2020-11-19,64512.0,26425.2,48586.799999999996,63189.200000000004
2020-11-20,0.0,0.0,0.0,0.0
2020-11-21,0.0,0.0,0.0,0.0
2020-11-22,0.0,0.0,0.0,0.0
2020-11-23,64512.0,20059.2,48586.799999999996,63189.200000000004
2020-11-24,0.0,0.0,0.0,0.0
2020-11-25,64512.0,20059.2,48586.799999999996,67795.0
2020-11-26,64512.0,25711.3,48586.799999999996,67795.0
2020-11-27,0.0,0.0,0.0,0.0
2020-11-28,0.0,0.0,0.0,0.0
2020-11-29,0.0,0.0,0.0,0.0
2020-11-30,64512.0,25711.3,48586.799999999996,72180.0
2020-12-01,0.0,0.0,0.0,0.0
2020-12-02,64512.0,25711.3,43276.8,72180.0
2020-12-03,64512.0,25711.3,43276.8,67476.8
2020-12-04,59332.5,25711.3,43276.8,67476.8
2020-12-05,0.0,0.0,0.0,0.0
2020-12-06,0.0,0.0,0.0,0.0
2020-12-07,0.0,0.0,0.0,0.0
2020-12-08,0.0,0.0,0.0,0.0
2020-12-09,0.0,0.0,0.0,0.0
2020-12-10,59332.5,25711.3,47505.2,67476.8
2020-12-11,0.0,0.0,0.0,0.0
2020-12-12,0.0,0.0,0.0,0.0
2020-12-13,0.0,0.0,0.0,0.0
2020-12-14,0.0,0.0,0.0,0.0
2020-12-15,0.0,0.0,0.0,0.0
2020-12-16,0.0,0.0,0.0,0.0
2020-12-17,0.0,0.0,0.0,0.0
2020-12-18,59332.5,25711.3,47505.2,62592.0
2020-12-19,0.0,0.0,0.0,0.0
2020-12-20,0.0,0.0,0.0,0.0
2020-12-21,54068.3,25711.3,42030.1,62592.0
2020-12-22,0.0,0.0,0.0,0.0
2020-12-23,0.0,0.0,0.0,0.0
2020-12-24,0.0,0.0,0.0,0.0
2020-12-25,0.0,0.0,0.0,0.0
2020-12-26,0.0,0.0,0.0,0.0
2020-12-27,0.0,0.0,0.0,0.0
2020-12-28,0.0,0.0,0.0,0.0
2020-12-29,0.0,0.0,0.0,0.0
2020-12-30,48720.0,25711.3,42030.1,62592.0
2020-12-31,0.0,0.0,0.0,0.0
2021-01-01,0.0,0.0,0.0,0.0
2021-01-02,0.0,0.0,0.0,0.0
2021-01-03,0.0,0.0,0.0,0.0
2021-01-04,37200.0,19326.600000000002,42030.1,62592.0
2021-01-05,0.0,0.0,0.0,0.0
2021-01-06,0.0,0.0,0.0,0.0
2021-01-07,0.0,0.0,0.0,0.0
2021-01-08,31314.0,19326.600000000002,42030.1,62592.0
2021-01-09,0.0,0.0,0.0,0.0
2021-01-10,0.0,0.0,0.0,0.0
2021-01-11,36914.799999999996,19326.600000000002,42030.1,67368.2
2021-01-12,30986.8,19326.600000000002,42030.1,67368.2
2021-01-13,0.0,0.0,0.0,0.0
2021-01-14,36592.5,19326.600000000002,42030.1,67368.2
2021-01-15,0.0,0.0,0.0,0.0
2021-01-16,0.0,0.0,0.0,0.0
2021-01-17,0.0,0.0,0.0,0.0
2021-01-18,0.0,0.0,0.0,0.0
2021-01-19,0.0,0.0,0.0,0.0
2021-01-20,30650.0,19326.600000000002,42030.1,67368.2
2021-01-21,24632.399999999998,19326.600000000002,42030.1,67368.2
2021-01-22,0.0,0.0,0.0,0.0
2021-01-23,0.0,0.0,0.0,0.0
2021-01-24,0.0,0.0,0.0,0.0
2021-01-25,18239.2,13280.4,36174.6,67368.2
2021-01-26,24316.6,13280.4,36174.6,67368.2
2021-01-27,0.0,0.0,0.0,0.0
2021-01-28,30313.8,19315.8,41587.2,67368.2
2021-01-29,35937.0,24969.6,41587.2,67368.2
2021-01-30,0.0,0.0,0.0,0.0
2021-01-31,0.0,0.0,0.0,0.0
2021-02-01,29988.0,24969.6,41587.2,67368.2
2021-02-02,0.0,0.0,0.0,0.0
2021-02-03,23955.2,18577.0,36120.0,67368.2
2021-02-04,29939.0,18577.0,36120.0,67368.2
2021-02-05,29939.0,24255.0,36120.0,67368.2
2021-02-06,0.0,0.0,0.0,0.0
2021-02-07,0.0,0.0,0.0,0.0
2021-02-08,0.0,0.0,0.0,0.0
2021-02-09,24168.0,17845.0,36120.0,67368.2
2021-02-10,17706.6,17845.0,36120.0,67368.2
2021-02-11,0.0,0.0,0.0,0.0
2021-02-12,0.0,0.0,0.0,0.0
2021-02-13,0.0,0.0,0.0,0.0
2021-02-14,0.0,0.0,0.0,0.0
2021-02-15,0.0,0.0,0.0,0.0
2021-02-16,0.0,0.0,0.0,0.0
2021-02-17,0.0,0.0,0.0,0.0
2021-02-18,17706.6,11777.6,36120.0,67368.2
2021-02-19,23820.0,11777.6,36120.0,67368.2
2021-02-20,0.0,0.0,0.0,0.0
2021-02-21,0.0,0.0,0.0,0.0
2021-02-22,29876.0,11777.6,36120.0,67368.2
2021-02-23,0.0,0.0,0.0,0.0
2021-02-24,41080.6,11777.6,41572.0,67368.2
2021-02-25,0.0,0.0,0.0,0.0
2021-02-26,46579.6,17757.5,46673.0,71839.0
2021-02-27,0.0,0.0,0.0,0.0
2021-02-28,0.0,0.0,0.0,0.0
2021-03-01,41066.4,17757.5,46673.0,71839.0
2021-03-02,41066.4,17757.5,41642.0,71839.0
2021-03-03,0.0,0.0,0.0,0.0
2021-03-04,46529.799999999996,17757.5,46412.2,71839.0
2021-03-05,46101.0,17757.5,51625.0,75558.8
2021-03-06,0.0,0.0,0.0,0.0
2021-03-07,0.0,0.0,0.0,0.0
2021-03-08,51490.0,17757.5,51625.0,75558.8
2021-03-09,55961.00000000001,23409.0,51625.0,75558.8
2021-03-10,55961.00000000001,23409.0,46564.8,75558.8
2021-03-11,55961.00000000001,23409.0,46564.8,70686.0
2021-03-12,0.0,0.0,0.0,0.0
2021-03-13,0.0,0.0,0.0,0.0
2021-03-14,0.0,0.0,0.0,0.0
2021-03-15,60840.0,23409.0,46564.8,70686.0
2021-03-16,0.0,0.0,0.0,0.0
2021-03-17,55635.6,23409.0,46564.8,70686.0
2021-03-18,55635.6,23409.0,41003.7,70686.0
2021-03-19,55635.6,23409.0,46137.600000000006,70686.0
2021-03-20,0.0,0.0,0.0,0.0
2021-03-21,0.0,0.0,0.0,0.0
2021-03-22,0.0,0.0,0.0,0.0
2021-03-23,0.0,0.0,0.0,0.0
2021-03-24,60538.7,23409.0,46137.600000000006,70686.0
2021-03-25,0.0,0.0,0.0,0.0
2021-03-26,55310.8,23409.0,46137.600000000006,70686.0
2021-03-27,0.0,0.0,0.0,0.0
2021-03-28,0.0,0.0,0.0,0.0
2021-03-29,0.0,0.0,0.0,0.0
2021-03-30,0.0,0.0,0.0,0.0
2021-03-31,0.0,0.0,0.0,0.0
2021-04-01,50034.0,23409.0,40489.2,70686.0
2021-04-02,0.0,0.0,0.0,0.0
2021-04-03,0.0,0.0,0.0,0.0
2021-04-04,0.0,0.0,0.0,0.0
2021-04-05,0.0,0.0,0.0,0.0
2021-04-06,50034.0,23409.0,35081.2,70686.0
2021-04-07,0.0,0.0,0.0,0.0
2021-04-08,0.0,0.0,0.0,0.0
2021-04-09,0.0,0.0,0.0,0.0
2021-04-10,0.0,0.0,0.0,0.0
2021-04-11,0.0,0.0,0.0,0.0
2021-04-12,0.0,0.0,0.0,0.0
2021-04-13,0.0,0.0,0.0,0.0
2021-04-14,0.0,0.0,0.0,0.0
2021-04-15,0.0,0.0,0.0,0.0
2021-04-16,0.0,0.0,0.0,0.0
2021-04-17,0.0,0.0,0.0,0.0
2021-04-18,0.0,0.0,0.0,0.0
2021-04-19,44368.0,17023.2,29096.6,70686.0
2021-04-20,0.0,0.0,0.0,0.0
2021-04-21,0.0,0.0,0.0,0.0
2021-04-22,44368.0,17023.2,29096.6,65979.4
2021-04-23,38569.5,17023.2,29096.6,65979.4
2021-04-24,0.0,0.0,0.0,0.0
2021-04-25,0.0,0.0,0.0,0.0
2021-04-26,32667.3,17023.2,29096.6,65979.4
2021-04-27,38216.799999999996,17023.2,29096.6,65979.4
2021-04-28,32318.000000000004,17023.2,29096.6,65979.4
2021-04-29,0.0,0.0,0.0,0.0
2021-04-30,0.0,0.0,0.0,0.0
2021-05-01,0.0,0.0,0.0,0.0
2021-05-02,0.0,0.0,0.0,0.0
2021-05-03,0.0,0.0,0.0,0.0
2021-05-04,0.0,0.0,0.0,0.0
2021-05-05,0.0,0.0,0.0,0.0
2021-05-06,32318.000000000004,17023.2,34200.0,65979.4
2021-05-07,37891.700000000004,17023.2,34200.0,65979.4
2021-05-08,0.0,0.0,0.0,0.0
2021-05-09,0.0,0.0,0.0,0.0
2021-05-10,0.0,0.0,0.0,0.0
2021-05-11,0.0,0.0,0.0,0.0
2021-05-12,0.0,0.0,0.0,0.0
2021-05-13,37891.700000000004,17023.2,39339.3,65979.4
2021-05-14,31991.5,17023.2,39339.3,65979.4
2021-05-15,0.0,0.0,0.0,0.0
2021-05-16,0.0,0.0,0.0,0.0
2021-05-17,31991.5,10968.0,39339.3,65979.4
2021-05-18,31991.5,10968.0,33397.5,61308.799999999996
2021-05-19,0.0,0.0,0.0,0.0
2021-05-20,26058.0,10968.0,33397.5,61308.799999999996
2021-05-21,0.0,0.0,0.0,0.0
2021-05-22,0.0,0.0,0.0,0.0
2021-05-23,0.0,0.0,0.0,0.0
2021-05-24,0.0,0.0,0.0,0.0
2021-05-25,19662.3,10968.0,33397.5,61308.799999999996
2021-05-26,0.0,0.0,0.0,0.0
2021-05-27,0.0,0.0,0.0,0.0
2021-05-28,0.0,0.0,0.0,0.0
2021-05-29,0.0,0.0,0.0,0.0
2021-05-30,0.0,0.0,0.0,0.0
2021-05-31,0.0,0.0,0.0,0.0
2021-06-01,0.0,0.0,0.0,0.0
2021-06-02,0.0,0.0,0.0,0.0
2021-06-03,0.0,0.0,0.0,0.0
2021-06-04,19662.3,10968.0,33397.5,66104.7
2021-06-05,0.0,0.0,0.0,0.0
2021-06-06,0.0,0.0,0.0,0.0
2021-06-07,0.0,0.0,0.0,0.0
2021-06-08,0.0,0.0,0.0,0.0
2021-06-09,0.0,0.0,0.0,0.0
2021-06-10,19662.3,4519.2,33397.5,66104.7
2021-06-11,0.0,0.0,0.0,0.0
2021-06-12,0.0,0.0,0.0,0.0
2021-06-13,0.0,0.0,0.0,0.0
2021-06-14,0.0,0.0,0.0,0.0
2021-06-15,19662.3,4519.2,27678.000000000004,66104.7
2021-06-16,25729.5,4519.2,27678.000000000004,66104.7
2021-06-17,0.0,0.0,0.0,0.0
2021-06-18,19331.6,4519.2,27678.000000000004,66104.7
2021-06-19,0.0,0.0,0.0,0.0
2021-06-20,0.0,0.0,0.0,0.0
2021-06-21,0.0,0.0,0.0,0.0
2021-06-22,0.0,0.0,0.0,0.0
2021-06-23,12848.0,4519.2,27678.000000000004,66104.7
2021-06-24,0.0,0.0,0.0,0.0
2021-06-25,12848.0,4519.2,21424.5,66104.7
2021-06-26,0.0,0.0,0.0,0.0
2021-06-27,0.0,0.0,0.0,0.0
2021-06-28,6287.1,4519.2,21424.5,66104.7
2021-06-29,0.0,0.0,0.0,0.0
2021-06-30,6287.1,4519.2,21424.5,70565.4
2021-07-01,0.0,0.0,0.0,0.0
2021-07-02,0.0,0.0,0.0,0.0
2021-07-03,0.0,0.0,0.0,0.0
2021-07-04,0.0,0.0,0.0,0.0
2021-07-05,0.0,0.0,0.0,0.0
2021-07-06,12832.0,4519.2,21424.5,70565.4
2021-07-07,6283.3,4519.2,15214.800000000001,70565.4
2021-07-08,0.0,0.0,0.0,0.0
2021-07-09,6283.3,4519.2,15214.800000000001,65682.0
2021-07-10,0.0,0.0,0.0,0.0
2021-07-11,0.0,0.0,0.0,0.0
2021-07-12,79794.0,4519.2,15214.800000000001,65682.0
2021-07-13,79794.0,79938.3,15214.800000000001,65682.0
2021-07-14,0.0,0.0,0.0,0.0
2021-07-15,0.0,0.0,0.0,0.0
2021-07-16,0.0,0.0,0.0,0.0
2021-07-17,0.0,0.0,0.0,0.0
2021-07-18,0.0,0.0,0.0,0.0
2021-07-19,0.0,0.0,0.0,0.0
2021-07-20,0.0,0.0,0.0,0.0
2021-07-21,0.0,0.0,0.0,0.0
2021-07-22,0.0,0.0,0.0,0.0
2021-07-23,0.0,0.0,0.0,0.0
2021-07-24,0.0,0.0,0.0,0.0
2021-07-25,0.0,0.0,0.0,0.0
2021-07-26,88137.5,79938.3,15214.800000000001,65682.0
2021-07-27,88055.0,79938.3,15214.800000000001,65682.0
2021-07-28,87488.2,84201.59999999999,15214.800000000001,65682.0
2021-07-29,83237.0,84201.59999999999,15214.800000000001,65682.0
2021-07-30,0.0,0.0,0.0,0.0
2021-07-31,0.0,0.0,0.0,0.0
2021-08-01,0.0,0.0,0.0,0.0
2021-08-02,78671.2,84201.59999999999,15214.800000000001,65682.0
2021-08-03,0.0,0.0,0.0,0.0
2021-08-04,78671.2,79763.2,15214.800000000001,65682.0
2021-08-05,0.0,0.0,0.0,0.0
2021-08-06,0.0,0.0,0.0,0.0
2021-08-07,0.0,0.0,0.0,0.0
2021-08-08,0.0,0.0,0.0,0.0
2021-08-09,78671.2,79763.2,15214.800000000001,69678.0
2021-08-10,0.0,0.0,0.0,0.0
2021-08-11,0.0,0.0,0.0,0.0
2021-08-12,82807.2,75002.6,15214.800000000001,69678.0
2021-08-13,0.0,0.0,0.0,0.0
2021-08-14,0.0,0.0,0.0,0.0
2021-08-15,0.0,0.0,0.0,0.0
2021-08-16,0.0,0.0,0.0,0.0
2021-08-17,86977.8,78927.6,15214.800000000001,69678.0
2021-08-18,86977.8,78927.6,15214.800000000001,64817.4
2021-08-19,0.0,0.0,0.0,0.0
2021-08-20,90816.6,78927.6,15214.800000000001,64817.4
2021-08-21,0.0,0.0,0.0,0.0
2021-08-22,0.0,0.0,0.0,0.0
2021-08-23,86632.0,78927.6,15214.800000000001,64817.4
2021-08-24,86632.0,74130.3,8681.9,64817.4
2021-08-25,0.0,0.0,0.0,0.0
2021-08-26,0.0,0.0,0.0,0.0
2021-08-27,0.0,0.0,0.0,0.0
2021-08-28,0.0,0.0,0.0,0.0
2021-08-29,0.0,0.0,0.0,0.0
2021-08-30,0.0,0.0,0.0,0.0
2021-08-31,90507.7,74130.3,8681.9,64817.4
2021-09-01,0.0,0.0,0.0,0.0
2021-09-02,90507.7,69802.0,8681.9,64817.4
2021-09-03,0.0,0.0,0.0,0.0
2021-09-04,0.0,0.0,0.0,0.0
2021-09-05,0.0,0.0,0.0,0.0
2021-09-06,0.0,0.0,0.0,0.0
2021-09-07,0.0,0.0,0.0,0.0
2021-09-08,90507.7,65134.299999999996,8681.9,64817.4
2021-09-09,0.0,0.0,0.0,0.0
2021-09-10,0.0,0.0,0.0,0.0
2021-09-11,0.0,0.0,0.0,0.0
2021-09-12,0.0,0.0,0.0,0.0
2021-09-13,0.0,0.0,0.0,0.0
2021-09-14,0.0,0.0,0.0,0.0
2021-09-15,0.0,0.0,0.0,0.0
2021-09-16,0.0,0.0,0.0,0.0
2021-09-17,90507.7,69725.5,8681.9,64817.4
2021-09-18,0.0,0.0,0.0,0.0
2021-09-19,0.0,0.0,0.0,0.0
2021-09-20,0.0,0.0,0.0,0.0
2021-09-21,0.0,0.0,0.0,0.0
2021-09-22,0.0,0.0,0.0,0.0
2021-09-23,90507.7,65064.99999999999,8681.9,64817.4
2021-09-24,0.0,0.0,0.0,0.0
2021-09-25,0.0,0.0,0.0,0.0
2021-09-26,0.0,0.0,0.0,0.0
2021-09-27,90507.7,69640.5,8681.9,64817.4
2021-09-28,0.0,0.0,0.0,0.0
2021-09-29,90507.7,73897.8,14697.0,69619.2
2021-09-30,0.0,0.0,0.0,0.0
2021-10-01,0.0,0.0,0.0,0.0
2021-10-02,0.0,0.0,0.0,0.0
2021-10-03,0.0,0.0,0.0,0.0
2021-10-04,0.0,0.0,0.0,0.0
2021-10-05,0.0,0.0,0.0,0.0
2021-10-06,0.0,0.0,0.0,0.0
2021-10-07,0.0,0.0,0.0,0.0
2021-10-08,86259.29999999999,73897.8,14697.0,69619.2
2021-10-09,0.0,0.0,0.0,0.0
2021-10-10,0.0,0.0,0.0,0.0
2021-10-11,0.0,0.0,0.0,0.0
2021-10-12,90111.2,73897.8,14697.0,69619.2
2021-10-13,0.0,0.0,0.0,0.0
2021-10-14,0.0,0.0,0.0,0.0
2021-10-15,85833.0,73897.8,14697.0,69619.2
2021-10-16,0.0,0.0,0.0,0.0
2021-10-17,0.0,0.0,0.0,0.0
2021-10-18,0.0,0.0,0.0,0.0
2021-10-19,0.0,0.0,0.0,0.0
2021-10-20,85833.0,73897.8,8078.400000000001,69619.2
2021-10-21,0.0,0.0,0.0,0.0
2021-10-22,0.0,0.0,0.0,0.0
2021-10-23,0.0,0.0,0.0,0.0
2021-10-24,0.0,0.0,0.0,0.0
2021-10-25,0.0,0.0,0.0,0.0
2021-10-26,0.0,0.0,0.0,0.0
2021-10-27,0.0,0.0,0.0,0.0
2021-10-28,0.0,0.0,0.0,0.0
2021-10-29,0.0,0.0,0.0,0.0
2021-10-30,0.0,0.0,0.0,0.0
2021-10-31,0.0,0.0,0.0,0.0
2021-11-01,85833.0,73897.8,1562.4,69619.2
2021-11-02,0.0,0.0,0.0,0.0
2021-11-03,0.0,0.0,0.0,0.0
2021-11-04,0.0,0.0,0.0,0.0
2021-11-05,81220.0,73897.8,79938.5,69619.2
2021-11-06,0.0,0.0,0.0,0.0
2021-11-07,0.0,0.0,0.0,0.0
2021-11-08,81220.0,73897.8,79938.5,64976.7
2021-11-09,0.0,0.0,0.0,0.0
2021-11-10,0.0,0.0,0.0,0.0
2021-11-11,0.0,0.0,0.0,0.0
2021-11-12,0.0,0.0,0.0,0.0
2021-11-13,0.0,0.0,0.0,0.0
2021-11-14,0.0,0.0,0.0,0.0
2021-11-15,0.0,0.0,0.0,0.0
2021-11-16,0.0,0.0,0.0,0.0
2021-11-17,0.0,0.0,0.0,0.0
2021-11-18,0.0,0.0,0.0,0.0
2021-11-19,0.0,0.0,0.0,0.0
2021-11-20,0.0,0.0,0.0,0.0
2021-11-21,0.0,0.0,0.0,0.0
2021-11-22,76589.8,73897.8,79938.5,64976.7
2021-11-23,0.0,0.0,0.0,0.0
2021-11-24,0.0,0.0,0.0,0.0
2021-11-25,0.0,0.0,0.0,0.0
2021-11-26,0.0,0.0,0.0,0.0
2021-11-27,0.0,0.0,0.0,0.0
2021-11-28,0.0,0.0,0.0,0.0
2021-11-29,0.0,0.0,0.0,0.0
2021-11-30,0.0,0.0,0.0,0.0
2021-12-01,76589.8,69581.0,79938.5,64976.7
2021-12-02,0.0,0.0,0.0,0.0
2021-12-03,76589.8,69581.0,84304.8,64976.7
2021-12-04,0.0,0.0,0.0,0.0
2021-12-05,0.0,0.0,0.0,0.0
2021-12-06,0.0,0.0,0.0,0.0
2021-12-07,80818.4,69581.0,84304.8,64976.7
2021-12-08,0.0,0.0,0.0,0.0
2021-12-09,0.0,0.0,0.0,0.0
2021-12-10,76207.2,69581.0,84304.8,64976.7
2021-12-11,0.0,0.0,0.0,0.0
2021-12-12,0.0,0.0,0.0,0.0
2021-12-13,0.0,0.0,0.0,0.0
2021-12-14,0.0,0.0,0.0,0.0
2021-12-15,76207.2,69581.0,84304.8,69776.0
2021-12-16,0.0,0.0,0.0,0.0
2021-12-17,0.0,0.0,0.0,0.0
2021-12-18,0.0,0.0,0.0,0.0
2021-12-19,0.0,0.0,0.0,0.0
2021-12-20,80442.0,69581.0,84304.8,69776.0
2021-12-21,0.0,0.0,0.0,0.0
2021-12-22,0.0,0.0,0.0,0.0
2021-12-23,0.0,0.0,0.0,0.0
2021-12-24,0.0,0.0,0.0,0.0
2021-12-25,0.0,0.0,0.0,0.0
2021-12-26,0.0,0.0,0.0,0.0
2021-12-27,0.0,0.0,0.0,0.0
2021-12-28,80442.0,69581.0,80355.7,69776.0
2021-12-29,0.0,0.0,0.0,0.0
2021-12-30,0.0,0.0,0.0,0.0
2021-12-31,0.0,0.0,0.0,0.0
2022-01-01,0.0,0.0,0.0,0.0
2022-01-02,0.0,0.0,0.0,0.0
2022-01-03,0.0,0.0,0.0,0.0
2022-01-04,84665.7,69581.0,80355.7,69776.0
2022-01-05,88867.5,69581.0,80355.7,69776.0
2022-01-06,88867.5,69581.0,82963.29999999999,69776.0
2022-01-07,0.0,0.0,0.0,0.0
2022-01-08,0.0,0.0,0.0,0.0
2022-01-09,0.0,0.0,0.0,0.0
2022-01-10,92740.20000000001,69581.0,82963.29999999999,69776.0
2022-01-11,0.0,0.0,0.0,0.0
2022-01-12,0.0,0.0,0.0,0.0
2022-01-13,0.0,0.0,0.0,0.0
2022-01-14,92740.20000000001,73832.7,82618.0,69776.0
2022-01-15,0.0,0.0,0.0,0.0
2022-01-16,0.0,0.0,0.0,0.0
2022-01-17,88473.6,73832.7,82618.0,69776.0
2022-01-18,0.0,0.0,0.0,0.0
2022-01-19,92318.0,73832.7,82618.0,69776.0
2022-01-20,92318.0,73832.7,86837.3,65136.0
2022-01-21,0.0,0.0,0.0,0.0
2022-01-22,0.0,0.0,0.0,0.0
2022-01-23,0.0,0.0,0.0,0.0
2022-01-24,92318.0,73832.7,90818.4,65136.0
2022-01-25,96170.4,77770.0,90818.4,65136.0
2022-01-26,0.0,0.0,0.0,0.0
2022-01-27,96170.4,82071.0,94130.3,65136.0
2022-01-28,99960.0,82071.0,94130.3,65136.0
2022-01-29,0.0,0.0,0.0,0.0
2022-01-30,0.0,0.0,0.0,0.0
2022-01-31,0.0,0.0,0.0,0.0
2022-02-01,0.0,0.0,0.0,0.0
2022-02-02,0.0,0.0,0.0,0.0
2022-02-03,0.0,0.0,0.0,0.0
2022-02-04,0.0,0.0,0.0,0.0
2022-02-05,0.0,0.0,0.0,0.0
2022-02-06,0.0,0.0,0.0,0.0
2022-02-07,95782.0,82071.0,90629.5,65136.0
2022-02-08,103251.0,82071.0,90629.5,65136.0
2022-02-09,99395.2,77618.5,90629.5,65136.0
2022-02-10,99395.2,77618.5,86347.8,65136.0
2022-02-11,103060.5,77618.5,86347.8,65136.0
2022-02-12,0.0,0.0,0.0,0.0
2022-02-13,0.0,0.0,0.0,0.0
2022-02-14,103060.5,77618.5,88724.3,65136.0
2022-02-15,0.0,0.0,0.0,0.0
2022-02-16,0.0,0.0,0.0,0.0
2022-02-17,0.0,0.0,0.0,0.0
2022-02-18,0.0,0.0,0.0,0.0
2022-02-19,0.0,0.0,0.0,0.0
2022-02-20,0.0,0.0,0.0,0.0
2022-02-21,0.0,0.0,0.0,0.0
2022-02-22,103060.5,77618.5,92828.40000000001,59897.799999999996
2022-02-23,0.0,0.0,0.0,0.0
2022-02-24,103060.5,77618.5,96687.5,59897.799999999996
2022-02-25,99217.2,77618.5,96687.5,59897.799999999996
2022-02-26,0.0,0.0,0.0,0.0
2022-02-27,0.0,0.0,0.0,0.0
2022-02-28,0.0,0.0,0.0,0.0
2022-03-01,99217.2,77618.5,93685.0,59897.799999999996
2022-03-02,0.0,0.0,0.0,0.0
2022-03-03,102984.29999999999,77618.5,93685.0,59897.799999999996
2022-03-04,0.0,0.0,0.0,0.0
2022-03-05,0.0,0.0,0.0,0.0
2022-03-06,0.0,0.0,0.0,0.0
2022-03-07,109728.0,81983.0,96888.0,55090.0
2022-03-08,109728.0,85858.5,100654.0,55090.0
2022-03-09,113051.7,89574.40000000001,100654.0,49864.200000000004
2022-03-10,109775.70000000001,85078.0,97173.0,54530.0
2022-03-11,0.0,0.0,0.0,0.0
2022-03-12,0.0,0.0,0.0,0.0
2022-03-13,0.0,0.0,0.0,0.0
2022-03-14,0.0,0.0,0.0,0.0
2022-03-15,112147.8,92132.5,100398.09999999999,54530.0
2022-03-16,108451.2,88023.7,96250.5,54530.0
2022-03-17,104761.2,83549.7,92049.6,54530.0
2022-03-18,0.0,0.0,0.0,0.0
2022-03-19,0.0,0.0,0.0,0.0
2022-03-20,0.0,0.0,0.0,0.0
2022-03-21,0.0,0.0,0.0,0.0
2022-03-22,0.0,0.0,0.0,0.0
2022-03-23,104761.2,83549.7,89486.7,54530.0
2022-03-24,0.0,0.0,0.0,0.0
2022-03-25,0.0,0.0,0.0,0.0
2022-03-26,0.0,0.0,0.0,0.0
2022-03-27,0.0,0.0,0.0,0.0
2022-03-28,108112.79999999999,83549.7,89486.7,54530.0
2022-03-29,0.0,0.0,0.0,0.0
2022-03-30,104340.2,83549.7,85907.2,54530.0
2022-03-31,0.0,0.0,0.0,0.0
2022-04-01,0.0,0.0,0.0,0.0
2022-04-02,0.0,0.0,0.0,0.0
2022-04-03,0.0,0.0,0.0,0.0
2022-04-04,0.0,0.0,0.0,0.0
2022-04-05,0.0,0.0,0.0,0.0
2022-04-06,0.0,0.0,0.0,0.0
2022-04-07,107646.7,83549.7,88358.4,54530.0
2022-04-08,107646.7,87242.40000000001,88358.4,54530.0
2022-04-09,0.0,0.0,0.0,0.0
2022-04-10,0.0,0.0,0.0,0.0
2022-04-11,110957.59999999999,87242.40000000001,88358.4,54530.0
2022-04-12,110957.59999999999,91337.6,91910.0,54530.0
2022-04-13,0.0,0.0,0.0,0.0
2022-04-14,114234.0,87166.8,91910.0,54530.0
2022-04-15,0.0,0.0,0.0,0.0
2022-04-16,0.0,0.0,0.0,0.0
2022-04-17,0.0,0.0,0.0,0.0
2022-04-18,0.0,0.0,0.0,0.0
2022-04-19,0.0,0.0,0.0,0.0
2022-04-20,117376.70000000001,91256.0,91910.0,54530.0
2022-04-21,120534.80000000002,94900.0,91910.0,54530.0
2022-04-22,0.0,0.0,0.0,0.0
2022-04-23,0.0,0.0,0.0,0.0
2022-04-24,0.0,0.0,0.0,0.0
2022-04-25,123552.00000000001,102037.0,91910.0,54530.0
2022-04-26,126477.59999999999,105429.4,91910.0,54530.0
2022-04-27,123164.7,101903.40000000001,95025.0,54530.0
2022-04-28,0.0,0.0,0.0,0.0
2022-04-29,120358.70000000001,98186.4,90841.8,54530.0
2022-04-30,0.0,0.0,0.0,0.0
2022-05-01,0.0,0.0,0.0,0.0
2022-05-02,0.0,0.0,0.0,0.0
2022-05-03,0.0,0.0,0.0,0.0
2022-05-04,0.0,0.0,0.0,0.0
2022-05-05,0.0,0.0,0.0,0.0
2022-05-06,122949.0,98186.4,94437.6,54530.0
2022-05-07,0.0,0.0,0.0,0.0
2022-05-08,0.0,0.0,0.0,0.0
2022-05-09,0.0,0.0,0.0,0.0
2022-05-10,122949.0,98186.4,97692.0,54530.0
2022-05-11,116052.3,94032.5,97692.0,54530.0
2022-05-12,0.0,0.0,0.0,0.0
2022-05-13,0.0,0.0,0.0,0.0
2022-05-14,0.0,0.0,0.0,0.0
2022-05-15,0.0,0.0,0.0,0.0
2022-05-16,0.0,0.0,0.0,0.0
2022-05-17,0.0,0.0,0.0,0.0
2022-05-18,116052.3,94032.5,93528.0,54530.0
2022-05-19,116052.3,94032.5,95700.0,54530.0
2022-05-20,116052.3,90207.0,95700.0,54530.0
2022-05-21,0.0,0.0,0.0,0.0
2022-05-22,0.0,0.0,0.0,0.0
2022-05-23,0.0,0.0,0.0,0.0
2022-05-24,0.0,0.0,0.0,0.0
2022-05-25,116052.3,93945.5,95700.0,54530.0
2022-05-26,119214.00000000001,90153.0,95700.0,54530.0
2022-05-27,115874.0,90153.0,95700.0,54530.0
2022-05-28,0.0,0.0,0.0,0.0
2022-05-29,0.0,0.0,0.0,0.0
2022-05-30,115874.0,90153.0,94472.8,54530.0
2022-05-31,0.0,0.0,0.0,0.0
2022-06-01,112288.4,90153.0,94472.8,54530.0
2022-06-02,112288.4,85987.5,94472.8,54530.0
2022-06-03,0.0,0.0,0.0,0.0
2022-06-04,0.0,0.0,0.0,0.0
2022-06-05,0.0,0.0,0.0,0.0
2022-06-06,108665.7,85987.5,94472.8,54530.0
2022-06-07,0.0,0.0,0.0,0.0
2022-06-08,0.0,0.0,0.0,0.0
2022-06-09,0.0,0.0,0.0,0.0
2022-06-10,108665.7,81489.0,97135.5,54530.0
2022-06-11,0.0,0.0,0.0,0.0
2022-06-12,0.0,0.0,0.0,0.0
2022-06-13,108665.7,81489.0,100897.0,54530.0
2022-06-14,108665.7,81489.0,104252.40000000001,54530.0
2022-06-15,104959.5,81489.0,104252.40000000001,54530.0
2022-06-16,104959.5,81489.0,100899.5,54530.0
2022-06-17,101214.4,81489.0,102696.0,54530.0
2022-06-18,0.0,0.0,0.0,0.0
2022-06-19,0.0,0.0,0.0,0.0
2022-06-20,97090.0,81489.0,102696.0,54530.0
2022-06-21,97090.0,81489.0,98726.20000000001,54530.0
2022-06-22,0.0,0.0,0.0,0.0
2022-06-23,0.0,0.0,0.0,0.0
2022-06-24,97090.0,81489.0,94608.79999999999,54530.0
2022-06-25,0.0,0.0,0.0,0.0
2022-06-26,0.0,0.0,0.0,0.0
2022-06-27,93292.79999999999,77475.40000000001,94608.79999999999,54530.0
2022-06-28,0.0,0.0,0.0,0.0
2022-06-29,0.0,0.0,0.0,0.0
2022-06-30,93292.79999999999,77475.40000000001,98485.6,54530.0
2022-07-01,0.0,0.0,0.0,0.0
2022-07-02,0.0,0.0,0.0,0.0
2022-07-03,0.0,0.0,0.0,0.0
2022-07-04,92916.2,77475.40000000001,98485.6,54530.0
2022-07-05,0.0,0.0,0.0,0.0
2022-07-06,92916.2,77475.40000000001,98485.6,58561.0
2022-07-07,92916.2,77475.40000000001,94360.7,58561.0
2022-07-08,0.0,0.0,0.0,0.0
2022-07-09,0.0,0.0,0.0,0.0
2022-07-10,0.0,0.0,0.0,0.0
2022-07-11,96775.8,77475.40000000001,94360.7,58561.0
2022-07-12,0.0,0.0,0.0,0.0
2022-07-13,96775.8,81523.5,94360.7,58561.0
2022-07-14,92540.2,81523.5,94360.7,58561.0
2022-07-15,92540.2,81523.5,94360.7,63315.0
2022-07-16,0.0,0.0,0.0,0.0
2022-07-17,0.0,0.0,0.0,0.0
2022-07-18,96328.2,81523.5,94360.7,63315.0
2022-07-19,0.0,0.0,0.0,0.0
2022-07-20,96328.2,77422.40000000001,90056.4,63315.0
2022-07-21,0.0,0.0,0.0,0.0
2022-07-22,0.0,0.0,0.0,0.0
2022-07-23,0.0,0.0,0.0,0.0
2022-07-24,0.0,0.0,0.0,0.0
2022-07-25,0.0,0.0,0.0,0.0
2022-07-26,0.0,0.0,0.0,0.0
2022-07-27,0.0,0.0,0.0,0.0
2022-07-28,0.0,0.0,0.0,0.0
2022-07-29,96328.2,77422.40000000001,86190.0,58141.2
2022-07-30,0.0,0.0,0.0,0.0
2022-07-31,0.0,0.0,0.0,0.0
2022-08-01,100065.20000000001,77422.40000000001,86190.0,58141.2
2022-08-02,100065.20000000001,81431.5,86190.0,58141.2
2022-08-03,0.0,0.0,0.0,0.0
2022-08-04,100065.20000000001,81431.5,81625.6,58141.2
2022-08-05,0.0,0.0,0.0,0.0
2022-08-06,0.0,0.0,0.0,0.0
2022-08-07,0.0,0.0,0.0,0.0
2022-08-08,0.0,0.0,0.0,0.0
2022-08-09,0.0,0.0,0.0,0.0
2022-08-10,0.0,0.0,0.0,0.0
2022-08-11,100065.20000000001,77327.0,81625.6,58141.2
2022-08-12,0.0,0.0,0.0,0.0
2022-08-13,0.0,0.0,0.0,0.0
2022-08-14,0.0,0.0,0.0,0.0
2022-08-15,0.0,0.0,0.0,0.0
2022-08-16,95917.7,77327.0,77162.0,58141.2
2022-08-17,0.0,0.0,0.0,0.0
2022-08-18,0.0,0.0,0.0,0.0
2022-08-19,0.0,0.0,0.0,0.0
2022-08-20,0.0,0.0,0.0,0.0
2022-08-21,0.0,0.0,0.0,0.0
2022-08-22,95917.7,77327.0,81532.8,58141.2
2022-08-23,0.0,0.0,0.0,0.0
2022-08-24,0.0,0.0,0.0,0.0
2022-08-25,99729.9,77327.0,81532.8,58141.2
2022-08-26,0.0,0.0,0.0,0.0
2022-08-27,0.0,0.0,0.0,0.0
2022-08-28,0.0,0.0,0.0,0.0
2022-08-29,99729.9,81049.815,84487.0,58141.2
2022-08-30,0.0,0.0,0.0,0.0
2022-08-31,103417.20000000001,81049.815,84487.0,58141.2
2022-09-01,0.0,0.0,0.0,0.0
2022-09-02,0.0,0.0,0.0,0.0
2022-09-03,0.0,0.0,0.0,0.0
2022-09-04,0.0,0.0,0.0,0.0
2022-09-05,0.0,0.0,0.0,0.0
2022-09-06,107096.6,81049.815,84487.0,58141.2
2022-09-07,103334.4,81049.815,84487.0,58141.2
2022-09-08,0.0,0.0,0.0,0.0
2022-09-09,0.0,0.0,0.0,0.0
2022-09-10,0.0,0.0,0.0,0.0
2022-09-11,0.0,0.0,0.0,0.0
2022-09-12,0.0,0.0,0.0,0.0
2022-09-13,103334.4,81049.815,79922.0,58141.2
2022-09-14,107008.2,81049.815,82581.8,58141.2
2022-09-15,110356.0,81049.815,82581.8,58141.2
2022-09-16,110356.0,85227.807,82581.8,58141.2
2022-09-17,0.0,0.0,0.0,0.0
2022-09-18,0.0,0.0,0.0,0.0
2022-09-19,113622.3,85227.807,82581.8,58141.2
2022-09-20,0.0,0.0,0.0,0.0
2022-09-21,0.0,0.0,0.0,0.0
2022-09-22,113622.3,85227.807,86774.4,58141.2
2022-09-23,113622.3,89098.886,86774.4,58141.2
2022-09-24,0.0,0.0,0.0,0.0
2022-09-25,0.0,0.0,0.0,0.0
2022-09-26,0.0,0.0,0.0,0.0
2022-09-27,0.0,0.0,0.0,0.0
2022-09-28,0.0,0.0,0.0,0.0
2022-09-29,0.0,0.0,0.0,0.0
2022-09-30,0.0,0.0,0.0,0.0
2022-10-01,0.0,0.0,0.0,0.0
2022-10-02,0.0,0.0,0.0,0.0
2022-10-03,0.0,0.0,0.0,0.0
2022-10-04,0.0,0.0,0.0,0.0
2022-10-05,0.0,0.0,0.0,0.0
2022-10-06,0.0,0.0,0.0,0.0
2022-10-07,0.0,0.0,0.0,0.0
2022-10-08,0.0,0.0,0.0,0.0
2022-10-09,0.0,0.0,0.0,0.0
2022-10-10,116750.29999999999,92653.47,90446.8,58141.2
2022-10-11,0.0,0.0,0.0,0.0
2022-10-12,113245.2,92653.47,90446.8,58141.2
2022-10-13,113245.2,88484.004,90446.8,58141.2
2022-10-14,109699.2,88484.004,90446.8,58141.2
2022-10-15,0.0,0.0,0.0,0.0
2022-10-16,0.0,0.0,0.0,0.0
2022-10-17,109699.2,84554.902,90446.8,58141.2
2022-10-18,109699.2,84554.902,86212.5,58141.2
2022-10-19,0.0,0.0,0.0,0.0
2022-10-20,0.0,0.0,0.0,0.0
2022-10-21,0.0,0.0,0.0,0.0
2022-10-22,0.0,0.0,0.0,0.0
2022-10-23,0.0,0.0,0.0,0.0
2022-10-24,112868.7,84554.902,86212.5,58141.2
2022-10-25,112868.7,88408.299,86212.5,58141.2
2022-10-26,112868.7,84456.61499999999,86212.5,58141.2
2022-10-27,0.0,0.0,0.0,0.0
2022-10-28,116045.4,88332.594,86212.5,58141.2
2022-10-29,0.0,0.0,0.0,0.0
2022-10-30,0.0,0.0,0.0,0.0
2022-10-31,0.0,0.0,0.0,0.0
2022-11-01,112542.40000000001,88332.594,81685.0,58141.2
2022-11-02,112542.40000000001,84386.41,81685.0,58141.2
2022-11-03,112542.40000000001,84386.41,84691.6,58141.2
2022-11-04,109044.0,84386.41,84691.6,58141.2
2022-11-05,0.0,0.0,0.0,0.0
2022-11-06,0.0,0.0,0.0,0.0
2022-11-07,0.0,0.0,0.0,0.0
2022-11-08,109044.0,84386.41,84691.6,52978.2
2022-11-09,109044.0,80130.672,84691.6,47484.0
2022-11-10,0.0,0.0,0.0,0.0
2022-11-11,109044.0,80130.672,81919.2,47484.0
2022-11-12,0.0,0.0,0.0,0.0
2022-11-13,0.0,0.0,0.0,0.0
2022-11-14,0.0,0.0,0.0,0.0
2022-11-15,0.0,0.0,0.0,0.0
2022-11-16,0.0,0.0,0.0,0.0
2022-11-17,0.0,0.0,0.0,0.0
2022-11-18,0.0,0.0,0.0,0.0
2022-11-19,0.0,0.0,0.0,0.0
2022-11-20,0.0,0.0,0.0,0.0
2022-11-21,0.0,0.0,0.0,0.0
2022-11-22,112315.5,80130.672,81919.2,47484.0
2022-11-23,0.0,0.0,0.0,0.0
2022-11-24,0.0,0.0,0.0,0.0
2022-11-25,0.0,0.0,0.0,0.0
2022-11-26,0.0,0.0,0.0,0.0
2022-11-27,0.0,0.0,0.0,0.0
2022-11-28,115447.49999999999,84231.959,81919.2,47484.0
2022-11-29,111989.79999999999,80027.144,81919.2,47484.0
2022-11-30,0.0,0.0,0.0,0.0
2022-12-01,0.0,0.0,0.0,0.0
2022-12-02,108390.4,80027.144,81919.2,47484.0
2022-12-03,0.0,0.0,0.0,0.0
2022-12-04,0.0,0.0,0.0,0.0
2022-12-05,0.0,0.0,0.0,0.0
2022-12-06,0.0,0.0,0.0,0.0
2022-12-07,108390.4,80027.144,86154.0,47484.0
2022-12-08,0.0,0.0,0.0,0.0
2022-12-09,0.0,0.0,0.0,0.0
2022-12-10,0.0,0.0,0.0,0.0
2022-12-11,0.0,0.0,0.0,0.0
2022-12-12,0.0,0.0,0.0,0.0
2022-12-13,0.0,0.0,0.0,0.0
2022-12-14,0.0,0.0,0.0,0.0
2022-12-15,0.0,0.0,0.0,0.0
2022-12-16,0.0,0.0,0.0,0.0
2022-12-17,0.0,0.0,0.0,0.0
2022-12-18,0.0,0.0,0.0,0.0
2022-12-19,108390.4,84189.83600000001,86154.0,47484.0
2022-12-20,111615.19999999998,84189.83600000001,90321.0,47484.0
2022-12-21,0.0,0.0,0.0,0.0
2022-12-22,111615.19999999998,88029.774,90321.0,47484.0
2022-12-23,0.0,0.0,0.0,0.0
2022-12-24,0.0,0.0,0.0,0.0
2022-12-25,0.0,0.0,0.0,0.0
2022-12-26,0.0,0.0,0.0,0.0
2022-12-27,0.0,0.0,0.0,0.0
2022-12-28,0.0,0.0,0.0,0.0
2022-12-29,0.0,0.0,0.0,0.0
2022-12-30,0.0,0.0,0.0,0.0
2022-12-31,0.0,0.0,0.0,0.0
2023-01-01,0.0,0.0,0.0,0.0
2023-01-02,0.0,0.0,0.0,0.0
2023-01-03,0.0,0.0,0.0,0.0
2023-01-04,0.0,0.0,0.0,0.0
2023-01-05,107971.59999999999,83520.53099999999,90321.0,47484.0
2023-01-06,0.0,0.0,0.0,0.0
2023-01-07,0.0,0.0,0.0,0.0
2023-01-08,0.0,0.0,0.0,0.0
2023-01-09,0.0,0.0,0.0,0.0
2023-01-10,104006.6,83520.53099999999,90321.0,47484.0
2023-01-11,0.0,0.0,0.0,0.0
2023-01-12,0.0,0.0,0.0,0.0
2023-01-13,0.0,0.0,0.0,0.0
2023-01-14,0.0,0.0,0.0,0.0
2023-01-15,0.0,0.0,0.0,0.0
2023-01-16,99990.0,79254.652,90321.0,47484.0
2023-01-17,0.0,0.0,0.0,0.0
2023-01-18,0.0,0.0,0.0,0.0
2023-01-19,0.0,0.0,0.0,0.0
2023-01-20,99990.0,79254.652,90321.0,42281.50000000001
2023-01-21,0.0,0.0,0.0,0.0
2023-01-22,0.0,0.0,0.0,0.0
2023-01-23,0.0,0.0,0.0,0.0
2023-01-24,0.0,0.0,0.0,0.0
2023-01-25,0.0,0.0,0.0,0.0
2023-01-26,0.0,0.0,0.0,0.0
2023-01-27,0.0,0.0,0.0,0.0
2023-01-28,0.0,0.0,0.0,0.0
2023-01-29,0.0,0.0,0.0,0.0
2023-01-30,96782.4,74743.20599999999,87438.4,42281.50000000001
2023-01-31,0.0,0.0,0.0,0.0
2023-02-01,100588.8,74743.20599999999,87438.4,42281.50000000001
2023-02-02,0.0,0.0,0.0,0.0
2023-02-03,100588.8,74743.20599999999,83284.2,42281.50000000001
2023-02-04,0.0,0.0,0.0,0.0
2023-02-05,0.0,0.0,0.0,0.0
2023-02-06,0.0,0.0,0.0,0.0
2023-02-07,0.0,0.0,0.0,0.0
2023-02-08,0.0,0.0,0.0,0.0
2023-02-09,0.0,0.0,0.0,0.0
2023-02-10,0.0,0.0,0.0,0.0
2023-02-11,0.0,0.0,0.0,0.0
2023-02-12,0.0,0.0,0.0,0.0
2023-02-13,0.0,0.0,0.0,0.0
2023-02-14,0.0,0.0,0.0,0.0
2023-02-15,0.0,0.0,0.0,0.0
2023-02-16,0.0,0.0,0.0,0.0
2023-02-17,104345.09999999999,74743.20599999999,83284.2,42281.50000000001
2023-02-18,0.0,0.0,0.0,0.0
2023-02-19,0.0,0.0,0.0,0.0
2023-02-20,0.0,0.0,0.0,0.0
2023-02-21,0.0,0.0,0.0,0.0
2023-02-22,0.0,0.0,0.0,0.0
2023-02-23,0.0,0.0,0.0,0.0
2023-02-24,0.0,0.0,0.0,0.0
2023-02-25,0.0,0.0,0.0,0.0
2023-02-26,0.0,0.0,0.0,0.0
2023-02-27,107727.3,74743.20599999999,83284.2,42281.50000000001
2023-02-28,0.0,0.0,0.0,0.0
2023-03-01,0.0,0.0,0.0,0.0
2023-03-02,107727.3,74743.20599999999,87373.0,42281.50000000001
2023-03-03,0.0,0.0,0.0,0.0
2023-03-04,0.0,0.0,0.0,0.0
2023-03-05,0.0,0.0,0.0,0.0
2023-03-06,107727.3,74743.20599999999,82919.2,42281.50000000001
2023-03-07,0.0,0.0,0.0,0.0
2023-03-08,0.0,0.0,0.0,0.0
2023-03-09,0.0,0.0,0.0,0.0
2023-03-10,0.0,0.0,0.0,0.0
2023-03-11,0.0,0.0,0.0,0.0
2023-03-12,0.0,0.0,0.0,0.0
2023-03-13,111068.79999999999,74743.20599999999,87100.8,42281.50000000001
2023-03-14,111068.79999999999,78650.193,87100.8,42281.50000000001
2023-03-15,0.0,0.0,0.0,0.0
2023-03-16,0.0,0.0,0.0,0.0
2023-03-17,111068.79999999999,78650.193,83980.0,42281.50000000001
2023-03-18,0.0,0.0,0.0,0.0
2023-03-19,0.0,0.0,0.0,0.0
2023-03-20,111068.79999999999,78650.193,83980.0,36730.6
2023-03-21,0.0,0.0,0.0,0.0
2023-03-22,0.0,0.0,0.0,0.0
2023-03-23,0.0,0.0,0.0,0.0
2023-03-24,0.0,0.0,0.0,0.0
2023-03-25,0.0,0.0,0.0,0.0
2023-03-26,0.0,0.0,0.0,0.0
2023-03-27,0.0,0.0,0.0,0.0
2023-03-28,0.0,0.0,0.0,0.0
2023-03-29,0.0,0.0,0.0,0.0
2023-03-30,0.0,0.0,0.0,0.0
2023-03-31,111068.79999999999,74025.119,79435.2,36730.6
2023-04-01,0.0,0.0,0.0,0.0
2023-04-02,0.0,0.0,0.0,0.0
2023-04-03,107446.8,74025.119,79435.2,36730.6
2023-04-04,0.0,0.0,0.0,0.0
2023-04-05,0.0,0.0,0.0,0.0
2023-04-06,0.0,0.0,0.0,0.0
2023-04-07,0.0,0.0,0.0,0.0
2023-04-08,0.0,0.0,0.0,0.0
2023-04-09,0.0,0.0,0.0,0.0
2023-04-10,0.0,0.0,0.0,0.0
2023-04-11,0.0,0.0,0.0,0.0
2023-04-12,0.0,0.0,0.0,0.0
2023-04-13,0.0,0.0,0.0,0.0
2023-04-14,0.0,0.0,0.0,0.0
2023-04-15,0.0,0.0,0.0,0.0
2023-04-16,0.0,0.0,0.0,0.0
2023-04-17,0.0,0.0,0.0,0.0
2023-04-18,0.0,0.0,0.0,0.0
2023-04-19,0.0,0.0,0.0,0.0
2023-04-20,0.0,0.0,0.0,0.0
2023-04-21,110792.5,74025.119,79435.2,36730.6
2023-04-22,0.0,0.0,0.0,0.0
2023-04-23,0.0,0.0,0.0,0.0
2023-04-24,0.0,0.0,0.0,0.0
2023-04-25,114050.2,78573.747,79435.2,36730.6
2023-04-26,0.0,0.0,0.0,0.0
2023-04-27,0.0,0.0,0.0,0.0
2023-04-28,0.0,0.0,0.0,0.0
2023-04-29,0.0,0.0,0.0,0.0
2023-04-30,0.0,0.0,0.0,0.0
2023-05-01,0.0,0.0,0.0,0.0
2023-05-02,0.0,0.0,0.0,0.0
2023-05-03,0.0,0.0,0.0,0.0
2023-05-04,114050.2,78573.747,79435.2,30870.0
2023-05-05,0.0,0.0,0.0,0.0
2023-05-06,0.0,0.0,0.0,0.0
2023-05-07,0.0,0.0,0.0,0.0
2023-05-08,0.0,0.0,0.0,0.0
2023-05-09,0.0,0.0,0.0,0.0
2023-05-10,0.0,0.0,0.0,0.0
2023-05-11,114050.2,78573.747,74730.0,30870.0
2023-05-12,0.0,0.0,0.0,0.0
2023-05-13,0.0,0.0,0.0,0.0
2023-05-14,0.0,0.0,0.0,0.0
2023-05-15,0.0,0.0,0.0,0.0
2023-05-16,0.0,0.0,0.0,0.0
2023-05-17,0.0,0.0,0.0,0.0
2023-05-18,114050.2,78573.747,69864.9,30870.0
2023-05-19,0.0,0.0,0.0,0.0
2023-05-20,0.0,0.0,0.0,0.0
2023-05-21,0.0,0.0,0.0,0.0
2023-05-22,0.0,0.0,0.0,0.0
2023-05-23,114050.2,78573.747,64900.0,30870.0
2023-05-24,0.0,0.0,0.0,0.0
2023-05-25,114050.2,82769.18000000001,64900.0,30870.0
2023-05-26,0.0,0.0,0.0,0.0
2023-05-27,0.0,0.0,0.0,0.0
2023-05-28,0.0,0.0,0.0,0.0
2023-05-29,117162.4,82769.18000000001,59637.0,30870.0
2023-05-30,0.0,0.0,0.0,0.0
2023-05-31,0.0,0.0,0.0,0.0
2023-06-01,0.0,0.0,0.0,0.0
2023-06-02,117162.4,78484.56,59637.0,30870.0
2023-06-03,0.0,0.0,0.0,0.0
2023-06-04,0.0,0.0,0.0,0.0
2023-06-05,0.0,0.0,0.0,0.0
2023-06-06,0.0,0.0,0.0,0.0
2023-06-07,120234.0,78484.56,59637.0,30870.0
2023-06-08,0.0,0.0,0.0,0.0
2023-06-09,0.0,0.0,0.0,0.0
2023-06-10,0.0,0.0,0.0,0.0
2023-06-11,0.0,0.0,0.0,0.0
2023-06-12,0.0,0.0,0.0,0.0
2023-06-13,120234.0,78484.56,55244.799999999996,30870.0
2023-06-14,0.0,0.0,0.0,0.0
2023-06-15,116893.9,78484.56,55244.799999999996,30870.0
2023-06-16,113454.49999999999,78484.56,55244.799999999996,30870.0
2023-06-17,0.0,0.0,0.0,0.0
2023-06-18,0.0,0.0,0.0,0.0
2023-06-19,0.0,0.0,0.0,0.0
2023-06-20,0.0,0.0,0.0,0.0
2023-06-21,0.0,0.0,0.0,0.0
2023-06-22,0.0,0.0,0.0,0.0
2023-06-23,0.0,0.0,0.0,0.0
2023-06-24,0.0,0.0,0.0,0.0
2023-06-25,0.0,0.0,0.0,0.0
2023-06-26,116625.6,82699.97499999999,55244.799999999996,30870.0
2023-06-27,0.0,0.0,0.0,0.0
2023-06-28,0.0,0.0,0.0,0.0
2023-06-29,0.0,0.0,0.0,0.0
2023-06-30,0.0,0.0,0.0,0.0
2023-07-01,0.0,0.0,0.0,0.0
2023-07-02,0.0,0.0,0.0,0.0
2023-07-03,116625.6,82699.97499999999,49996.8,30870.0
2023-07-04,0.0,0.0,0.0,0.0
2023-07-05,0.0,0.0,0.0,0.0
2023-07-06,0.0,0.0,0.0,0.0
2023-07-07,0.0,0.0,0.0,0.0
2023-07-08,0.0,0.0,0.0,0.0
2023-07-09,0.0,0.0,0.0,0.0
2023-07-10,0.0,0.0,0.0,0.0
2023-07-11,0.0,0.0,0.0,0.0
2023-07-12,0.0,0.0,0.0,0.0
2023-07-13,0.0,0.0,0.0,0.0
2023-07-14,0.0,0.0,0.0,0.0
2023-07-15,0.0,0.0,0.0,0.0
2023-07-16,0.0,0.0,0.0,0.0
2023-07-17,0.0,0.0,0.0,0.0
2023-07-18,0.0,0.0,0.0,0.0
2023-07-19,116625.6,82699.97499999999,44505.8,30870.0
2023-07-20,0.0,0.0,0.0,0.0
2023-07-21,0.0,0.0,0.0,0.0
2023-07-22,0.0,0.0,0.0,0.0
2023-07-23,0.0,0.0,0.0,0.0
2023-07-24,0.0,0.0,0.0,0.0
2023-07-25,0.0,0.0,0.0,0.0
2023-07-26,0.0,0.0,0.0,0.0
2023-07-27,0.0,0.0,0.0,0.0
2023-07-28,116625.6,78433.59599999999,44505.8,30870.0
2023-07-29,0.0,0.0,0.0,0.0
2023-07-30,0.0,0.0,0.0,0.0
2023-07-31,0.0,0.0,0.0,0.0
2023-08-01,0.0,0.0,0.0,0.0
2023-08-02,0.0,0.0,0.0,0.0
2023-08-03,116625.6,78433.59599999999,49862.8,30870.0
2023-08-04,113594.0,78433.59599999999,49862.8,30870.0
2023-08-05,0.0,0.0,0.0,0.0
2023-08-06,0.0,0.0,0.0,0.0
2023-08-07,0.0,0.0,0.0,0.0
2023-08-08,0.0,0.0,0.0,0.0
2023-08-09,0.0,0.0,0.0,0.0
2023-08-10,0.0,0.0,0.0,0.0
2023-08-11,116793.49999999999,78433.59599999999,49862.8,30870.0
2023-08-12,0.0,0.0,0.0,0.0
2023-08-13,0.0,0.0,0.0,0.0
2023-08-14,116793.49999999999,82644.611,49862.8,30870.0
2023-08-15,0.0,0.0,0.0,0.0
2023-08-16,0.0,0.0,0.0,0.0
2023-08-17,119842.9,82644.611,49862.8,30870.0
2023-08-18,119842.9,82644.611,55067.200000000004,30870.0
2023-08-19,0.0,0.0,0.0,0.0
2023-08-20,0.0,0.0,0.0,0.0
2023-08-21,0.0,0.0,0.0,0.0
2023-08-22,122793.0,86523.331,55067.200000000004,30870.0
2023-08-23,0.0,0.0,0.0,0.0
2023-08-24,122793.0,86523.331,50171.99999999999,30870.0
2023-08-25,122793.0,86523.331,55348.00000000001,30870.0
2023-08-26,0.0,0.0,0.0,0.0
2023-08-27,0.0,0.0,0.0,0.0
2023-08-28,125004.8,85973.913,55348.00000000001,30870.0
2023-08-29,0.0,0.0,0.0,0.0
2023-08-30,125004.8,85973.913,50167.0,30870.0
2023-08-31,0.0,0.0,0.0,0.0
2023-09-01,0.0,0.0,0.0,0.0
2023-09-02,0.0,0.0,0.0,0.0
2023-09-03,0.0,0.0,0.0,0.0
2023-09-04,0.0,0.0,0.0,0.0
2023-09-05,0.0,0.0,0.0,0.0
2023-09-06,0.0,0.0,0.0,0.0
2023-09-07,0.0,0.0,0.0,0.0
2023-09-08,128014.8,85973.913,50167.0,30870.0
2023-09-09,0.0,0.0,0.0,0.0
2023-09-10,0.0,0.0,0.0,0.0
2023-09-11,128014.8,85973.913,50167.0,24991.999999999996
2023-09-12,0.0,0.0,0.0,0.0
2023-09-13,0.0,0.0,0.0,0.0
2023-09-14,0.0,0.0,0.0,0.0
2023-09-15,0.0,0.0,0.0,0.0
2023-09-16,0.0,0.0,0.0,0.0
2023-09-17,0.0,0.0,0.0,0.0
2023-09-18,0.0,0.0,0.0,0.0
2023-09-19,0.0,0.0,0.0,0.0
2023-09-20,0.0,0.0,0.0,0.0
2023-09-21,130728.7,85973.913,55330.00000000001,24991.999999999996
2023-09-22,0.0,0.0,0.0,0.0
2023-09-23,0.0,0.0,0.0,0.0
2023-09-24,0.0,0.0,0.0,0.0
2023-09-25,0.0,0.0,0.0,0.0
2023-09-26,0.0,0.0,0.0,0.0
2023-09-27,0.0,0.0,0.0,0.0
2023-09-28,0.0,0.0,0.0,0.0
2023-09-29,0.0,0.0,0.0,0.0
2023-09-30,0.0,0.0,0.0,0.0
2023-10-01,0.0,0.0,0.0,0.0
2023-10-02,0.0,0.0,0.0,0.0
2023-10-03,0.0,0.0,0.0,0.0
2023-10-04,0.0,0.0,0.0,0.0
2023-10-05,0.0,0.0,0.0,0.0
2023-10-06,0.0,0.0,0.0,0.0
2023-10-07,0.0,0.0,0.0,0.0
2023-10-08,0.0,0.0,0.0,0.0
2023-10-09,130728.7,85973.913,55330.00000000001,30820.999999999996
2023-10-10,0.0,0.0,0.0,0.0
2023-10-11,0.0,0.0,0.0,0.0
2023-10-12,0.0,0.0,0.0,0.0
2023-10-13,0.0,0.0,0.0,0.0
2023-10-14,0.0,0.0,0.0,0.0
2023-10-15,0.0,0.0,0.0,0.0
2023-10-16,0.0,0.0,0.0,0.0
2023-10-17,0.0,0.0,0.0,0.0
2023-10-18,130728.7,90134.379,55330.00000000001,30820.999999999996
2023-10-19,133544.9,90134.379,55330.00000000001,25014.0
2023-10-20,0.0,0.0,0.0,0.0
2023-10-21,0.0,0.0,0.0,0.0
2023-10-22,0.0,0.0,0.0,0.0
2023-10-23,136200.0,93911.727,55330.00000000001,25014.0
2023-10-24,0.0,0.0,0.0,0.0
2023-10-25,0.0,0.0,0.0,0.0
2023-10-26,136200.0,93911.727,59599.799999999996,25014.0
2023-10-27,133215.2,90006.05099999999,59599.799999999996,25014.0
2023-10-28,0.0,0.0,0.0,0.0
2023-10-29,0.0,0.0,0.0,0.0
2023-10-30,130140.0,90006.05099999999,59599.799999999996,25014.0
2023-10-31,0.0,0.0,0.0,0.0
2023-11-01,0.0,0.0,0.0,0.0
2023-11-02,130140.0,90006.05099999999,54500.00000000001,25014.0
2023-11-03,0.0,0.0,0.0,0.0
2023-11-04,0.0,0.0,0.0,0.0
2023-11-05,0.0,0.0,0.0,0.0
2023-11-06,0.0,0.0,0.0,0.0
2023-11-07,0.0,0.0,0.0,0.0
2023-11-08,130140.0,90006.05099999999,48962.8,25014.0
2023-11-09,0.0,0.0,0.0,0.0
2023-11-10,0.0,0.0,0.0,0.0
2023-11-11,0.0,0.0,0.0,0.0
2023-11-12,0.0,0.0,0.0,0.0
2023-11-13,0.0,0.0,0.0,0.0
2023-11-14,0.0,0.0,0.0,0.0
2023-11-15,130140.0,85780.98000000001,43571.0,25014.0
2023-11-16,0.0,0.0,0.0,0.0
2023-11-17,0.0,0.0,0.0,0.0
2023-11-18,0.0,0.0,0.0,0.0
2023-11-19,0.0,0.0,0.0,0.0
2023-11-20,0.0,0.0,0.0,0.0
2023-11-21,0.0,0.0,0.0,0.0
2023-11-22,0.0,0.0,0.0,0.0
2023-11-23,0.0,0.0,0.0,0.0
2023-11-24,0.0,0.0,0.0,0.0
2023-11-25,0.0,0.0,0.0,0.0
2023-11-26,0.0,0.0,0.0,0.0
2023-11-27,132957.0,85780.98000000001,43571.0,25014.0
2023-11-28,0.0,0.0,0.0,0.0
2023-11-29,0.0,0.0,0.0,0.0
2023-11-30,132957.0,89925.846,43571.0,25014.0
2023-12-01,0.0,0.0,0.0,0.0
2023-12-02,0.0,0.0,0.0,0.0
2023-12-03,0.0,0.0,0.0,0.0
2023-12-04,0.0,0.0,0.0,0.0
2023-12-05,0.0,0.0,0.0,0.0
2023-12-06,0.0,0.0,0.0,0.0
2023-12-07,0.0,0.0,0.0,0.0
2023-12-08,0.0,0.0,0.0,0.0
2023-12-09,0.0,0.0,0.0,0.0
2023-12-10,0.0,0.0,0.0,0.0
2023-12-11,0.0,0.0,0.0,0.0
2023-12-12,0.0,0.0,0.0,0.0
2023-12-13,0.0,0.0,0.0,0.0
2023-12-14,135612.4,89925.846,37774.200000000004,25014.0
2023-12-15,0.0,0.0,0.0,0.0
2023-12-16,0.0,0.0,0.0,0.0
2023-12-17,0.0,0.0,0.0,0.0
2023-12-18,0.0,0.0,0.0,0.0
2023-12-19,0.0,0.0,0.0,0.0
2023-12-20,138178.8,93739.31700000001,37774.200000000004,25014.0
2023-12-21,0.0,0.0,0.0,0.0
2023-12-22,0.0,0.0,0.0,0.0
2023-12-23,0.0,0.0,0.0,0.0
2023-12-24,0.0,0.0,0.0,0.0
2023-12-25,0.0,0.0,0.0,0.0
2023-12-26,0.0,0.0,0.0,0.0
2023-12-27,0.0,0.0,0.0,0.0
2023-12-28,135356.4,93739.31700000001,37774.200000000004,18744.0
2023-12-29,0.0,0.0,0.0,0.0
2023-12-30,0.0,0.0,0.0,0.0
2023-12-31,0.0,0.0,0.0,0.0
2024-01-01,0.0,0.0,0.0,0.0
2024-01-02,0.0,0.0,0.0,0.0
2024-01-03,0.0,0.0,0.0,0.0
2024-01-04,137924.5,93739.31700000001,37774.200000000004,18744.0
2024-01-05,0.0,0.0,0.0,0.0
2024-01-06,0.0,0.0,0.0,0.0
2024-01-07,0.0,0.0,0.0,0.0
2024-01-08,140409.6,97220.952,37774.200000000004,18744.0
2024-01-09,0.0,0.0,0.0,0.0
2024-01-10,0.0,0.0,0.0,0.0
2024-01-11,0.0,0.0,0.0,0.0
2024-01-12,0.0,0.0,0.0,0.0
2024-01-13,0.0,0.0,0.0,0.0
2024-01-14,0.0,0.0,0.0,0.0
2024-01-15,0.0,0.0,0.0,0.0
2024-01-16,0.0,0.0,0.0,0.0
2024-01-17,0.0,0.0,0.0,0.0
2024-01-18,142379.0,100915.992,37774.200000000004,18744.0
2024-01-19,142379.0,100915.992,31744.0,18744.0
2024-01-20,0.0,0.0,0.0,0.0
2024-01-21,0.0,0.0,0.0,0.0
2024-01-22,142379.0,104300.237,25560.0,18744.0
2024-01-23,142379.0,104258.155,25560.0,18744.0
2024-01-24,0.0,0.0,0.0,0.0
2024-01-25,142379.0,100267.30500000001,25560.0,18744.0
2024-01-26,0.0,0.0,0.0,0.0
2024-01-27,0.0,0.0,0.0,0.0
2024-01-28,0.0,0.0,0.0,0.0
2024-01-29,144757.2,100267.30500000001,25560.0,18744.0
2024-01-30,144757.2,103657.95,25560.0,18744.0
2024-01-31,144757.2,107236.8,25560.0,18744.0
2024-02-01,0.0,0.0,0.0,0.0
2024-02-02,144757.2,110466.87299999999,25560.0,18744.0
2024-02-03,0.0,0.0,0.0,0.0
2024-02-04,0.0,0.0,0.0,0.0
2024-02-05,144757.2,109717.881,25560.0,18744.0
2024-02-06,144757.2,101879.792,25560.0,18744.0
2024-02-07,142128.0,94119.897,25560.0,18744.0
2024-02-08,139493.4,89999.61600000001,25560.0,18744.0
2024-02-09,0.0,0.0,0.0,0.0
2024-02-10,0.0,0.0,0.0,0.0
2024-02-11,0.0,0.0,0.0,0.0
2024-02-12,0.0,0.0,0.0,0.0
2024-02-13,0.0,0.0,0.0,0.0
2024-02-14,0.0,0.0,0.0,0.0
2024-02-15,0.0,0.0,0.0,0.0
2024-02-16,0.0,0.0,0.0,0.0
2024-02-17,0.0,0.0,0.0,0.0
2024-02-18,0.0,0.0,0.0,0.0
2024-02-19,139493.4,93975.56899999999,25560.0,18744.0
2024-02-20,0.0,0.0,0.0,0.0
2024-02-21,0.0,0.0,0.0,0.0
2024-02-22,0.0,0.0,0.0,0.0
2024-02-23,139493.4,93975.56899999999,19301.2,18744.0
2024-02-24,0.0,0.0,0.0,0.0
2024-02-25,0.0,0.0,0.0,0.0
2024-02-26,0.0,0.0,0.0,0.0
2024-02-27,139493.4,89832.20599999999,19301.2,18744.0
2024-02-28,136753.1,89832.20599999999,19301.2,18744.0
2024-02-29,136247.1,89832.20599999999,19301.2,18744.0
2024-03-01,0.0,0.0,0.0,0.0
2024-03-02,0.0,0.0,0.0,0.0
2024-03-03,0.0,0.0,0.0,0.0
2024-03-04,0.0,0.0,0.0,0.0
2024-03-05,0.0,0.0,0.0,0.0
2024-03-06,0.0,0.0,0.0,0.0
2024-03-07,136247.1,89832.20599999999,19301.2,12602.2
2024-03-08,0.0,0.0,0.0,0.0
2024-03-09,0.0,0.0,0.0,0.0
2024-03-10,0.0,0.0,0.0,0.0
2024-03-11,133167.80000000002,85373.289,19301.2,12602.2
2024-03-12,130245.8,85373.289,19301.2,12602.2
2024-03-13,0.0,0.0,0.0,0.0
2024-03-14,0.0,0.0,0.0,0.0
2024-03-15,132987.6,85373.289,19301.2,12602.2
2024-03-16,0.0,0.0,0.0,0.0
2024-03-17,0.0,0.0,0.0,0.0
2024-03-18,130060.0,85373.289,19301.2,12602.2
2024-03-19,0.0,0.0,0.0,0.0
2024-03-20,0.0,0.0,0.0,0.0
2024-03-21,0.0,0.0,0.0,0.0
2024-03-22,0.0,0.0,0.0,0.0
2024-03-23,0.0,0.0,0.0,0.0
2024-03-24,0.0,0.0,0.0,0.0
2024-03-25,132807.4,85373.289,19301.2,12602.2
2024-03-26,132807.4,89229.042,19301.2,12602.2
2024-03-27,135392.5,89229.042,19301.2,12602.2
2024-03-28,135392.5,89229.042,19301.2,6000.0
2024-03-29,0.0,0.0,0.0,0.0
2024-03-30,0.0,0.0,0.0,0.0
2024-03-31,0.0,0.0,0.0,0.0
2024-04-01,132300.0,89229.042,19301.2,79510.2
2024-04-02,0.0,0.0,0.0,0.0
2024-04-03,0.0,0.0,0.0,0.0
2024-04-04,0.0,0.0,0.0,0.0
2024-04-05,0.0,0.0,0.0,0.0
2024-04-06,0.0,0.0,0.0,0.0
2024-04-07,0.0,0.0,0.0,0.0
2024-04-08,132300.0,89229.042,19301.2,75082.5
2024-04-09,0.0,0.0,0.0,0.0
2024-04-10,134965.8,89229.042,19301.2,75082.5
2024-04-11,0.0,0.0,0.0,0.0
2024-04-12,134965.8,89229.042,19301.2,70220.8
2024-04-13,0.0,0.0,0.0,0.0
2024-04-14,0.0,0.0,0.0,0.0
2024-04-15,0.0,0.0,0.0,0.0
2024-04-16,0.0,0.0,0.0,0.0
2024-04-17,0.0,0.0,0.0,0.0
2024-04-18,134965.8,89229.042,25363.8,70220.8
2024-04-19,137640.9,89229.042,25363.8,70220.8
2024-04-20,0.0,0.0,0.0,0.0
2024-04-21,0.0,0.0,0.0,0.0
2024-04-22,0.0,0.0,0.0,0.0
2024-04-23,137640.9,89229.042,25363.8,74466.0
2024-04-24,0.0,0.0,0.0,0.0
2024-04-25,0.0,0.0,0.0,0.0
2024-04-26,134636.8,89229.042,25363.8,74466.0
2024-04-27,0.0,0.0,0.0,0.0
2024-04-28,0.0,0.0,0.0,0.0
2024-04-29,128598.2,84728.343,25363.8,74466.0
2024-04-30,0.0,0.0,0.0,0.0
2024-05-01,0.0,0.0,0.0,0.0
2024-05-02,0.0,0.0,0.0,0.0
2024-05-03,0.0,0.0,0.0,0.0
2024-05-04,0.0,0.0,0.0,0.0
2024-05-05,0.0,0.0,0.0,0.0
2024-05-06,0.0,0.0,0.0,0.0
2024-05-07,0.0,0.0,0.0,0.0
2024-05-08,0.0,0.0,0.0,0.0
2024-05-09,0.0,0.0,0.0,0.0
2024-05-10,128598.2,84728.343,19008.0,74466.0
2024-05-11,0.0,0.0,0.0,0.0
2024-05-12,0.0,0.0,0.0,0.0
2024-05-13,0.0,0.0,0.0,0.0
2024-05-14,0.0,0.0,0.0,0.0
2024-05-15,131360.69999999998,84728.343,19008.0,74466.0
2024-05-16,0.0,0.0,0.0,0.0
2024-05-17,0.0,0.0,0.0,0.0
2024-05-18,0.0,0.0,0.0,0.0
2024-05-19,0.0,0.0,0.0,0.0
2024-05-20,131360.69999999998,84728.343,19008.0,70154.8
2024-05-21,131360.69999999998,84728.343,12421.5,70154.8
2024-05-22,0.0,0.0,0.0,0.0
2024-05-23,131360.69999999998,84728.343,12421.5,74420.6
2024-05-24,131360.69999999998,88610.137,12421.5,74420.6
2024-05-25,0.0,0.0,0.0,0.0
2024-05-26,0.0,0.0,0.0,0.0
2024-05-27,0.0,0.0,0.0,0.0
2024-05-28,0.0,0.0,0.0,0.0
2024-05-29,0.0,0.0,0.0,0.0
2024-05-30,0.0,0.0,0.0,0.0
2024-05-31,0.0,0.0,0.0,0.0
2024-06-01,0.0,0.0,0.0,0.0
2024-06-02,0.0,0.0,0.0,0.0
2024-06-03,0.0,0.0,0.0,0.0
2024-06-04,0.0,0.0,0.0,0.0
2024-06-05,0.0,0.0,0.0,0.0
2024-06-06,0.0,0.0,0.0,0.0
2024-06-07,134036.7,88610.137,12421.5,74420.6
2024-06-08,0.0,0.0,0.0,0.0
2024-06-09,0.0,0.0,0.0,0.0
2024-06-10,0.0,0.0,0.0,0.0
2024-06-11,0.0,0.0,0.0,0.0
2024-06-12,134036.7,88610.137,5632.0,74420.6
2024-06-13,0.0,0.0,0.0,0.0
2024-06-14,0.0,0.0,0.0,0.0
2024-06-15,0.0,0.0,0.0,0.0
2024-06-16,0.0,0.0,0.0,0.0
2024-06-17,0.0,0.0,0.0,0.0
2024-06-18,134036.7,88610.137,79898.4,74420.6
2024-06-19,0.0,0.0,0.0,0.0
2024-06-20,134036.7,92648.313,79898.4,74420.6
2024-06-21,0.0,0.0,0.0,0.0
2024-06-22,0.0,0.0,0.0,0.0
2024-06-23,0.0,0.0,0.0,0.0
2024-06-24,0.0,0.0,0.0,0.0
2024-06-25,136721.0,96355.794,79898.4,74420.6
2024-06-26,0.0,0.0,0.0,0.0
2024-06-27,0.0,0.0,0.0,0.0
2024-06-28,0.0,0.0,0.0,0.0
2024-06-29,0.0,0.0,0.0,0.0
2024-06-30,0.0,0.0,0.0,0.0
2024-07-01,139145.0,96355.794,79898.4,74420.6
2024-07-02,0.0,0.0,0.0,0.0
2024-07-03,139145.0,96355.794,75100.0,74420.6
2024-07-04,0.0,0.0,0.0,0.0
2024-07-05,139145.0,99772.52100000001,75100.0,74420.6
2024-07-06,0.0,0.0,0.0,0.0
2024-07-07,0.0,0.0,0.0,0.0
2024-07-08,139145.0,99772.52100000001,70279.2,74420.6
2024-07-09,141560.4,99772.52100000001,70279.2,74420.6
2024-07-10,0.0,0.0,0.0,0.0
2024-07-11,139072.0,99772.52100000001,70279.2,74420.6
2024-07-12,139072.0,99772.52100000001,74750.2,74420.6
2024-07-13,0.0,0.0,0.0,0.0
2024-07-14,0.0,0.0,0.0,0.0
2024-07-15,0.0,0.0,0.0,0.0
2024-07-16,139072.0,99772.52100000001,69943.2,74420.6
2024-07-17,139072.0,99772.52100000001,69943.2,70560.0
2024-07-18,139072.0,99772.52100000001,73056.6,70560.0
2024-07-19,136214.0,99772.52100000001,73056.6,74906.4
2024-07-20,0.0,0.0,0.0,0.0
2024-07-21,0.0,0.0,0.0,0.0
2024-07-22,0.0,0.0,0.0,0.0
2024-07-23,0.0,0.0,0.0,0.0
2024-07-24,138569.19999999998,103373.453,73056.6,74906.4
2024-07-25,138569.19999999998,103373.453,76845.0,74906.4
2024-07-26,0.0,0.0,0.0,0.0
2024-07-27,0.0,0.0,0.0,0.0
2024-07-28,0.0,0.0,0.0,0.0
2024-07-29,0.0,0.0,0.0,0.0
2024-07-30,0.0,0.0,0.0,0.0
2024-07-31,138569.19999999998,99813.403,76845.0,74906.4
2024-08-01,138569.19999999998,99813.403,72664.0,74906.4
2024-08-02,138569.19999999998,99813.403,76617.3,74906.4
2024-08-03,0.0,0.0,0.0,0.0
2024-08-04,0.0,0.0,0.0,0.0
2024-08-05,140906.5,99813.403,83140.4,74906.4
2024-08-06,140906.5,99813.403,78824.0,74906.4
2024-08-07,0.0,0.0,0.0,0.0
2024-08-08,0.0,0.0,0.0,0.0
2024-08-09,0.0,0.0,0.0,0.0
2024-08-10,0.0,0.0,0.0,0.0
2024-08-11,0.0,0.0,0.0,0.0
2024-08-12,0.0,0.0,0.0,0.0
2024-08-13,140906.5,99813.403,74082.6,74906.4
2024-08-14,140906.5,103438.976,74082.6,74906.4
2024-08-15,140906.5,103438.976,69247.2,74906.4
2024-08-16,140906.5,103438.976,64225.700000000004,74906.4
2024-08-17,0.0,0.0,0.0,0.0
2024-08-18,0.0,0.0,0.0,0.0
2024-08-19,0.0,0.0,0.0,0.0
2024-08-20,143402.1,103438.976,64225.700000000004,74906.4
2024-08-21,0.0,0.0,0.0,0.0
2024-08-22,0.0,0.0,0.0,0.0
2024-08-23,143402.1,106745.913,64225.700000000004,74906.4
2024-08-24,0.0,0.0,0.0,0.0
2024-08-25,0.0,0.0,0.0,0.0
2024-08-26,0.0,0.0,0.0,0.0
2024-08-27,0.0,0.0,0.0,0.0
2024-08-28,0.0,0.0,0.0,0.0
2024-08-29,145428.6,106745.913,68526.0,74906.4
2024-08-30,142629.2,102856.671,68526.0,74906.4
2024-08-31,0.0,0.0,0.0,0.0
2024-09-01,0.0,0.0,0.0,0.0
2024-09-02,0.0,0.0,0.0,0.0
2024-09-03,0.0,0.0,0.0,0.0
2024-09-04,142629.2,102856.671,73134.5,74906.4
2024-09-05,0.0,0.0,0.0,0.0
2024-09-06,0.0,0.0,0.0,0.0
2024-09-07,0.0,0.0,0.0,0.0
2024-09-08,0.0,0.0,0.0,0.0
2024-09-09,142629.2,106170.908,73134.5,74906.4
2024-09-10,0.0,0.0,0.0,0.0
2024-09-11,0.0,0.0,0.0,0.0
2024-09-12,142629.2,106170.908,68437.59999999999,74906.4
2024-09-13,142629.2,106170.908,68437.59999999999,70723.8
2024-09-14,0.0,0.0,0.0,0.0
2024-09-15,0.0,0.0,0.0,0.0
2024-09-16,0.0,0.0,0.0,0.0
2024-09-17,0.0,0.0,0.0,0.0
2024-09-18,0.0,0.0,0.0,0.0
2024-09-19,0.0,0.0,0.0,0.0
2024-09-20,142629.2,106170.908,63379.5,70723.8
2024-09-21,0.0,0.0,0.0,0.0
2024-09-22,0.0,0.0,0.0,0.0
2024-09-23,0.0,0.0,0.0,0.0
2024-09-24,139810.80000000002,102535.058,63379.5,70723.8
2024-09-25,137246.0,99059.454,63379.5,70723.8
2024-09-26,134320.0,95090.52699999999,63379.5,70723.8
2024-09-27,125596.0,86838.58,68151.3,70723.8
2024-09-28,0.0,0.0,0.0,0.0
2024-09-29,0.0,0.0,0.0,0.0
2024-09-30,117555.90000000001,81150.309,68151.3,70723.8
2024-10-01,0.0,0.0,0.0,0.0
2024-10-02,0.0,0.0,0.0,0.0
2024-10-03,0.0,0.0,0.0,0.0
2024-10-04,0.0,0.0,0.0,0.0
2024-10-05,0.0,0.0,0.0,0.0
2024-10-06,0.0,0.0,0.0,0.0
2024-10-07,0.0,0.0,0.0,0.0
2024-10-08,126196.40000000001,90183.282,68151.3,70723.8
2024-10-09,119210.0,93106.131,68151.3,70723.8
2024-10-10,121104.4,96617.64600000001,68151.3,70723.8
2024-10-11,127142.59999999999,100373.466,68151.3,70723.8
2024-10-12,0.0,0.0,0.0,0.0
2024-10-13,0.0,0.0,0.0,0.0
2024-10-14,123961.50000000001,100373.466,68151.3,65937.59999999999
2024-10-15,126999.00000000001,100373.466,63364.0,65937.59999999999
2024-10-16,129943.6,100373.466,63364.0,65937.59999999999
2024-10-17,0.0,0.0,0.0,0.0
2024-10-18,120284.99999999999,96484.518,63364.0,60802.200000000004
2024-10-19,0.0,0.0,0.0,0.0
2024-10-20,0.0,0.0,0.0,0.0
2024-10-21,0.0,0.0,0.0,0.0
2024-10-22,0.0,0.0,0.0,0.0
2024-10-23,0.0,0.0,0.0,0.0
2024-10-24,0.0,0.0,0.0,0.0
2024-10-25,0.0,0.0,0.0,0.0
2024-10-26,0.0,0.0,0.0,0.0
2024-10-27,0.0,0.0,0.0,0.0
2024-10-28,120284.99999999999,92213.652,63364.0,60802.200000000004
2024-10-29,0.0,0.0,0.0,0.0
2024-10-30,123325.80000000002,92213.652,63364.0,55874.0
2024-10-31,0.0,0.0,0.0,0.0
2024-11-01,0.0,0.0,0.0,0.0
2024-11-02,0.0,0.0,0.0,0.0
2024-11-03,0.0,0.0,0.0,0.0
2024-11-04,0.0,0.0,0.0,0.0
2024-11-05,116325.0,88268.85500000001,63364.0,55874.0
2024-11-06,0.0,0.0,0.0,0.0
2024-11-07,116325.0,83947.94,58630.49999999999,59843.4
2024-11-08,117625.99999999999,83947.94,58630.49999999999,59843.4
2024-11-09,0.0,0.0,0.0,0.0
2024-11-10,0.0,0.0,0.0,0.0
2024-11-11,0.0,0.0,0.0,0.0
2024-11-12,114848.0,83947.94,58630.49999999999,59843.4
2024-11-13,0.0,0.0,0.0,0.0
2024-11-14,118014.4,83947.94,58630.49999999999,64297.00000000001
2024-11-15,121094.4,88168.468,58630.49999999999,64297.00000000001
2024-11-16,0.0,0.0,0.0,0.0
2024-11-17,0.0,0.0,0.0,0.0
2024-11-18,123970.00000000001,92043.801,58630.49999999999,64297.00000000001
2024-11-19,0.0,0.0,0.0,0.0
2024-11-20,120600.3,92043.801,58630.49999999999,59499.1
2024-11-21,0.0,0.0,0.0,0.0
2024-11-22,123524.8,92043.801,58630.49999999999,59499.1
2024-11-23,0.0,0.0,0.0,0.0
2024-11-24,0.0,0.0,0.0,0.0
2024-11-25,123524.8,95640.062,58630.49999999999,59499.1
2024-11-26,0.0,0.0,0.0,0.0
2024-11-27,123080.40000000001,95640.062,58630.49999999999,59499.1
2024-11-28,0.0,0.0,0.0,0.0
2024-11-29,120047.9,91370.996,58630.49999999999,59499.1
2024-11-30,0.0,0.0,0.0,0.0
2024-12-01,0.0,0.0,0.0,0.0
2024-12-02,0.0,0.0,0.0,0.0
2024-12-03,120047.9,91370.996,53230.1,59499.1
2024-12-04,0.0,0.0,0.0,0.0
2024-12-05,0.0,0.0,0.0,0.0
2024-12-06,0.0,0.0,0.0,0.0
2024-12-07,0.0,0.0,0.0,0.0
2024-12-08,0.0,0.0,0.0,0.0
2024-12-09,120047.9,91370.996,47757.600000000006,59499.1
2024-12-10,121068.0,89234.106,47757.600000000006,59499.1
2024-12-11,0.0,0.0,0.0,0.0
2024-12-12,0.0,0.0,0.0,0.0
2024-12-13,0.0,0.0,0.0,0.0
2024-12-14,0.0,0.0,0.0,0.0
2024-12-15,0.0,0.0,0.0,0.0
2024-12-16,124135.4,93089.188,47757.600000000006,59499.1
2024-12-17,124135.4,93089.188,42595.8,59499.1
2024-12-18,0.0,0.0,0.0,0.0
2024-12-19,124135.4,93089.188,47731.0,59499.1
2024-12-20,0.0,0.0,0.0,0.0
2024-12-21,0.0,0.0,0.0,0.0
2024-12-22,0.0,0.0,0.0,0.0
2024-12-23,0.0,0.0,0.0,0.0
2024-12-24,124135.4,93089.188,42159.6,59499.1
2024-12-25,0.0,0.0,0.0,0.0
2024-12-26,0.0,0.0,0.0,0.0
2024-12-27,0.0,0.0,0.0,0.0
2024-12-28,0.0,0.0,0.0,0.0
2024-12-29,0.0,0.0,0.0,0.0
2024-12-30,0.0,0.0,0.0,0.0
2024-12-31,126991.79999999999,96755.285,47524.600000000006,59499.1
2025-01-01,0.0,0.0,0.0,0.0
2025-01-02,129871.19999999998,100106.487,47524.600000000006,59499.1
2025-01-03,132660.0,103656.47099999999,47524.600000000006,59499.1
2025-01-04,0.0,0.0,0.0,0.0
2025-01-05,0.0,0.0,0.0,0.0
2025-01-06,0.0,0.0,0.0,0.0
2025-01-07,132660.0,103656.47099999999,42175.0,59499.1
2025-01-08,132660.0,103656.47099999999,47549.399999999994,59499.1
2025-01-09,0.0,0.0,0.0,0.0
2025-01-10,132660.0,103656.47099999999,47549.399999999994,54747.0
2025-01-11,0.0,0.0,0.0,0.0
2025-01-12,0.0,0.0,0.0,0.0
2025-01-13,135360.0,103656.47099999999,47549.399999999994,54747.0
2025-01-14,132328.2,103656.47099999999,47549.399999999994,54747.0
2025-01-15,0.0,0.0,0.0,0.0
2025-01-16,129209.19999999998,103656.47099999999,47549.399999999994,54747.0
2025-01-17,0.0,0.0,0.0,0.0
2025-01-18,0.0,0.0,0.0,0.0
2025-01-19,0.0,0.0,0.0,0.0
2025-01-20,0.0,0.0,0.0,0.0
2025-01-21,0.0,0.0,0.0,0.0
2025-01-22,0.0,0.0,0.0,0.0
2025-01-23,126060.0,100141.56899999999,47549.399999999994,54747.0
2025-01-24,0.0,0.0,0.0,0.0
2025-01-25,0.0,0.0,0.0,0.0
2025-01-26,0.0,0.0,0.0,0.0
2025-01-27,128942.09999999999,100141.56899999999,47549.399999999994,54747.0
2025-01-28,0.0,0.0,0.0,0.0
2025-01-29,0.0,0.0,0.0,0.0
2025-01-30,0.0,0.0,0.0,0.0
2025-01-31,0.0,0.0,0.0,0.0
2025-02-01,0.0,0.0,0.0,0.0
2025-02-02,0.0,0.0,0.0,0.0
2025-02-03,0.0,0.0,0.0,0.0
2025-02-04,0.0,0.0,0.0,0.0
2025-02-05,128942.09999999999,100141.56899999999,47549.399999999994,50560.0
2025-02-06,0.0,0.0,0.0,0.0
2025-02-07,125790.0,96183.126,47549.399999999994,50560.0
2025-02-08,0.0,0.0,0.0,0.0
2025-02-09,0.0,0.0,0.0,0.0
2025-02-10,0.0,0.0,0.0,0.0
2025-02-11,125790.0,96183.126,47549.399999999994,45691.799999999996
2025-02-12,0.0,0.0,0.0,0.0
2025-02-13,0.0,0.0,0.0,0.0
2025-02-14,122652.19999999998,96183.126,47549.399999999994,45691.799999999996
2025-02-15,0.0,0.0,0.0,0.0
2025-02-16,0.0,0.0,0.0,0.0
2025-02-17,0.0,0.0,0.0,0.0
2025-02-18,0.0,0.0,0.0,0.0
2025-02-19,0.0,0.0,0.0,0.0
2025-02-20,0.0,0.0,0.0,0.0
2025-02-21,119349.0,92406.18299999999,47549.399999999994,45691.799999999996
2025-02-22,0.0,0.0,0.0,0.0
2025-02-23,0.0,0.0,0.0,0.0
2025-02-24,119349.0,92406.18299999999,52647.299999999996,45691.799999999996
2025-02-25,0.0,0.0,0.0,0.0
2025-02-26,0.0,0.0,0.0,0.0
2025-02-27,0.0,0.0,0.0,0.0
2025-02-28,122435.49999999999,96101.421,57605.6,45691.799999999996
2025-03-01,0.0,0.0,0.0,0.0
2025-03-02,0.0,0.0,0.0,0.0
2025-03-03,0.0,0.0,0.0,0.0
2025-03-04,0.0,0.0,0.0,0.0
2025-03-05,0.0,0.0,0.0,0.0
2025-03-06,122435.49999999999,92329.978,57605.6,45691.799999999996
2025-03-07,0.0,0.0,0.0,0.0
2025-03-08,0.0,0.0,0.0,0.0
2025-03-09,0.0,0.0,0.0,0.0
2025-03-10,0.0,0.0,0.0,0.0
2025-03-11,122435.49999999999,92329.978,60303.8,45691.799999999996
2025-03-12,0.0,0.0,0.0,0.0
2025-03-13,0.0,0.0,0.0,0.0
2025-03-14,0.0,0.0,0.0,0.0
2025-03-15,0.0,0.0,0.0,0.0
2025-03-16,0.0,0.0,0.0,0.0
2025-03-17,0.0,0.0,0.0,0.0
2025-03-18,0.0,0.0,0.0,0.0
2025-03-19,0.0,0.0,0.0,0.0
2025-03-20,122435.49999999999,92329.978,55052.799999999996,40243.9
2025-03-21,0.0,0.0,0.0,0.0
2025-03-22,0.0,0.0,0.0,0.0
2025-03-23,0.0,0.0,0.0,0.0
2025-03-24,125429.7,92329.978,55052.799999999996,40243.9
2025-03-25,125429.7,92329.978,49802.1,40243.9
2025-03-26,0.0,0.0,0.0,0.0
2025-03-27,0.0,0.0,0.0,0.0
2025-03-28,125429.7,92329.978,54944.4,40243.9
2025-03-29,0.0,0.0,0.0,0.0
2025-03-30,0.0,0.0,0.0,0.0
2025-03-31,125429.7,95970.693,59833.2,34471.5
2025-04-01,0.0,0.0,0.0,0.0
2025-04-02,0.0,0.0,0.0,0.0
2025-04-03,128331.0,95970.693,59833.2,34471.5
2025-04-04,0.0,0.0,0.0,0.0
2025-04-05,0.0,0.0,0.0,0.0
2025-04-06,0.0,0.0,0.0,0.0
2025-04-07,134695.0,104919.208,59529.6,34471.5
2025-04-08,132888.0,104919.208,54185.600000000006,34471.5
2025-04-09,132233.2,101011.368,58881.6,34471.5
2025-04-10,130729.5,101011.368,58487.0,34471.5
2025-04-11,130729.5,97404.397,57449.0,29296.0
2025-04-12,0.0,0.0,0.0,0.0
2025-04-13,0.0,0.0,0.0,0.0
2025-04-14,0.0,0.0,0.0,0.0
2025-04-15,0.0,0.0,0.0,0.0
2025-04-16,0.0,0.0,0.0,0.0
2025-04-17,130729.5,97404.397,57449.0,23715.0
2025-04-18,0.0,0.0,0.0,0.0
2025-04-19,0.0,0.0,0.0,0.0
2025-04-20,0.0,0.0,0.0,0.0
2025-04-21,130729.5,97404.397,62426.00000000001,23715.0
2025-04-22,130729.5,97404.397,62426.00000000001,17349.2
2025-04-23,130729.5,97404.397,57125.6,22911.0
2025-04-24,0.0,0.0,0.0,0.0
2025-04-25,0.0,0.0,0.0,0.0
2025-04-26,0.0,0.0,0.0,0.0
2025-04-27,0.0,0.0,0.0,0.0
2025-04-28,0.0,0.0,0.0,0.0
2025-04-29,0.0,0.0,0.0,0.0
2025-04-30,0.0,0.0,0.0,0.0
2025-05-01,0.0,0.0,0.0,0.0
2025-05-02,0.0,0.0,0.0,0.0
2025-05-03,0.0,0.0,0.0,0.0
2025-05-04,0.0,0.0,0.0,0.0
2025-05-05,0.0,0.0,0.0,0.0
2025-05-06,127717.8,97404.397,52114.0,22911.0
2025-05-07,124524.39999999998,93892.197,52114.0,22911.0
2025-05-08,0.0,0.0,0.0,0.0
2025-05-09,0.0,0.0,0.0,0.0
2025-05-10,0.0,0.0,0.0,0.0
2025-05-11,0.0,0.0,0.0,0.0
2025-05-12,124524.39999999998,93892.197,46631.2,28653.300000000003
2025-05-13,0.0,0.0,0.0,0.0
2025-05-14,121304.40000000001,93892.197,40898.2,28653.300000000003
2025-05-15,121304.40000000001,93892.197,40898.2,34190.4
2025-05-16,0.0,0.0,0.0,0.0
2025-05-17,0.0,0.0,0.0,0.0
2025-05-18,0.0,0.0,0.0,0.0
2025-05-19,124137.90000000001,93892.197,40898.2,34190.4
2025-05-20,0.0,0.0,0.0,0.0
2025-05-21,124137.90000000001,93892.197,40898.2,28782.0
2025-05-22,0.0,0.0,0.0,0.0
2025-05-23,0.0,0.0,0.0,0.0
2025-05-24,0.0,0.0,0.0,0.0
2025-05-25,0.0,0.0,0.0,0.0
2025-05-26,0.0,0.0,0.0,0.0
2025-05-27,124137.90000000001,97837.922,40898.2,28782.0
2025-05-28,0.0,0.0,0.0,0.0
2025-05-29,0.0,0.0,0.0,0.0
2025-05-30,0.0,0.0,0.0,0.0
2025-05-31,0.0,0.0,0.0,0.0
2025-06-01,0.0,0.0,0.0,0.0
2025-06-02,0.0,0.0,0.0,0.0
2025-06-03,0.0,0.0,0.0,0.0
2025-06-04,0.0,0.0,0.0,0.0
2025-06-05,0.0,0.0,0.0,0.0
2025-06-06,0.0,0.0,0.0,0.0
2025-06-07,0.0,0.0,0.0,0.0
2025-06-08,0.0,0.0,0.0,0.0
2025-06-09,124137.90000000001,93843.774,40898.2,28782.0
2025-06-10,0.0,0.0,0.0,0.0
2025-06-11,0.0,0.0,0.0,0.0
2025-06-12,0.0,0.0,0.0,0.0
2025-06-13,124137.90000000001,93843.774,40898.2,22857.0
2025-06-14,0.0,0.0,0.0,0.0
2025-06-15,0.0,0.0,0.0,0.0
2025-06-16,0.0,0.0,0.0,0.0
2025-06-17,0.0,0.0,0.0,0.0
2025-06-18,0.0,0.0,0.0,0.0
2025-06-19,0.0,0.0,0.0,0.0
2025-06-20,0.0,0.0,0.0,0.0
2025-06-21,0.0,0.0,0.0,0.0
2025-06-22,0.0,0.0,0.0,0.0
2025-06-23,0.0,0.0,0.0,0.0
2025-06-24,124137.90000000001,93843.774,40898.2,28809.3
2025-06-25,120657.40000000001,93843.774,40898.2,28809.3
2025-06-26,0.0,0.0,0.0,0.0
2025-06-27,117291.3,93843.774,35141.6,28809.3
2025-06-28,0.0,0.0,0.0,0.0
2025-06-29,0.0,0.0,0.0,0.0
2025-06-30,0.0,0.0,0.0,0.0
2025-07-01,0.0,0.0,0.0,0.0
2025-07-02,0.0,0.0,0.0,0.0
2025-07-03,0.0,0.0,0.0,0.0
2025-07-04,117291.3,89481.649,35141.6,28809.3
2025-07-05,0.0,0.0,0.0,0.0
2025-07-06,0.0,0.0,0.0,0.0
2025-07-07,0.0,0.0,0.0,0.0
2025-07-08,0.0,0.0,0.0,0.0
2025-07-09,0.0,0.0,0.0,0.0
2025-07-10,0.0,0.0,0.0,0.0
2025-07-11,113620.0,89481.649,35141.6,28809.3
2025-07-12,0.0,0.0,0.0,0.0
2025-07-13,0.0,0.0,0.0,0.0
2025-07-14,0.0,0.0,0.0,0.0
2025-07-15,0.0,0.0,0.0,0.0
2025-07-16,0.0,0.0,0.0,0.0
2025-07-17,0.0,0.0,0.0,0.0
2025-07-18,110092.79999999999,85412.811,29067.5,28809.3
2025-07-19,0.0,0.0,0.0,0.0
2025-07-20,0.0,0.0,0.0,0.0
2025-07-21,0.0,0.0,0.0,0.0
2025-07-22,0.0,0.0,0.0,0.0
2025-07-23,0.0,0.0,0.0,0.0
2025-07-24,110092.79999999999,81020.019,29067.5,28809.3
2025-07-25,106206.79999999999,81020.019,29067.5,28809.3
2025-07-26,0.0,0.0,0.0,0.0
2025-07-27,0.0,0.0,0.0,0.0
2025-07-28,0.0,0.0,0.0,0.0
2025-07-29,0.0,0.0,0.0,0.0
2025-07-30,0.0,0.0,0.0,0.0
2025-07-31,0.0,0.0,0.0,0.0
2025-08-01,0.0,0.0,0.0,0.0
2025-08-02,0.0,0.0,0.0,0.0
2025-08-03,0.0,0.0,0.0,0.0
2025-08-04,0.0,0.0,0.0,0.0
2025-08-05,0.0,0.0,0.0,0.0
2025-08-06,0.0,0.0,0.0,0.0
2025-08-07,0.0,0.0,0.0,0.0
2025-08-08,0.0,0.0,0.0,0.0
2025-08-09,0.0,0.0,0.0,0.0
2025-08-10,0.0,0.0,0.0,0.0
2025-08-11,0.0,0.0,0.0,0.0
2025-08-12,0.0,0.0,0.0,0.0
2025-08-13,98186.6,76248.55,22889.300000000003,28809.3
2025-08-14,0.0,0.0,0.0,0.0
2025-08-15,0.0,0.0,0.0,0.0
2025-08-16,0.0,0.0,0.0,0.0
2025-08-17,0.0,0.0,0.0,0.0
2025-08-18,94128.0,71816.109,22889.300000000003,28809.3
2025-08-19,0.0,0.0,0.0,0.0
2025-08-20,0.0,0.0,0.0,0.0
2025-08-21,0.0,0.0,0.0,0.0
2025-08-22,89968.90000000001,71816.109,22889.300000000003,28809.3
2025-08-23,0.0,0.0,0.0,0.0
2025-08-24,0.0,0.0,0.0,0.0
2025-08-25,85685.09999999999,67217.05200000001,22889.300000000003,28809.3
2025-08-26,0.0,0.0,0.0,0.0
2025-08-27,85653.4,67217.05200000001,22889.300000000003,28809.3
2025-08-28,81322.0,67217.05200000001,22889.300000000003,28809.3
2025-08-29,76629.0,67217.05200000001,22889.300000000003,28809.3
2025-08-30,0.0,0.0,0.0,0.0
2025-08-31,0.0,0.0,0.0,0.0
2025-09-01,76629.0,62068.303,28873.7,22827.0
2025-09-02,0.0,0.0,0.0,0.0
2025-09-03,76629.0,66462.606,28873.7,22827.0
2025-09-04,80985.3,71204.455,28873.7,22827.0
2025-09-05,76315.40000000001,66386.278,28873.7,22827.0
2025-09-06,0.0,0.0,0.0,0.0
2025-09-07,0.0,0.0,0.0,0.0
2025-09-08,76315.40000000001,66386.278,28873.7,16461.9
2025-09-09,0.0,0.0,0.0,0.0
2025-09-10,0.0,0.0,0.0,0.0
2025-09-11,71607.8,61290.216,28873.7,16461.9
2025-09-12,0.0,0.0,0.0,0.0
2025-09-13,0.0,0.0,0.0,0.0
2025-09-14,0.0,0.0,0.0,0.0
2025-09-15,66795.0,61290.216,22704.0,16461.9
2025-09-16,0.0,0.0,0.0,0.0
2025-09-17,0.0,0.0,0.0,0.0
2025-09-18,66795.0,56489.913,22704.0,16461.9
2025-09-19,0.0,0.0,0.0,0.0
2025-09-20,0.0,0.0,0.0,0.0
2025-09-21,0.0,0.0,0.0,0.0
2025-09-22,66795.0,56489.913,16302.4,16461.9
2025-09-23,66795.0,61230.429,16302.4,10554.699999999999
2025-09-24,61897.4,56459.349,16302.4,10554.699999999999
2025-09-25,56647.5,56459.349,16302.4,10554.699999999999
2025-09-26,61524.399999999994,56459.349,16302.4,10554.699999999999
2025-09-27,0.0,0.0,0.0,0.0
2025-09-28,0.0,0.0,0.0,0.0
2025-09-29,0.0,0.0,0.0,0.0
2025-09-30,56289.0,56459.349,16302.4,4187.5
2025-10-01,0.0,0.0,0.0,0.0
2025-10-02,0.0,0.0,0.0,0.0
2025-10-03,0.0,0.0,0.0,0.0
2025-10-04,0.0,0.0,0.0,0.0
2025-10-05,0.0,0.0,0.0,0.0
2025-10-06,0.0,0.0,0.0,0.0
2025-10-07,0.0,0.0,0.0,0.0
2025-10-08,0.0,0.0,0.0,0.0
2025-10-09,56289.0,51359.679,9767.9,79606.79999999999
2025-10-10,61152.0,51359.679,9767.9,79606.79999999999
2025-10-11,0.0,0.0,0.0,0.0
2025-10-12,0.0,0.0,0.0,0.0
2025-10-13,59402.799999999996,55817.505,9767.9,79606.79999999999
2025-10-14,64152.00000000001,55764.018000000004,9767.9,76314.0
2025-10-15,0.0,0.0,0.0,0.0
2025-10-16,0.0,0.0,0.0,0.0
2025-10-17,64152.00000000001,55764.018000000004,9767.9,73034.5
2025-10-18,0.0,0.0,0.0,0.0
2025-10-19,0.0,0.0,0.0,0.0
2025-10-20,0.0,0.0,0.0,0.0
2025-10-21,59058.0,55764.018000000004,9767.9,73034.5
2025-10-22,59058.0,55764.018000000004,9767.9,75465.6
2025-10-23,0.0,0.0,0.0,0.0
2025-10-24,59058.0,55764.018000000004,3052.7999999999997,75465.6
2025-10-25,0.0,0.0,0.0,0.0
2025-10-26,0.0,0.0,0.0,0.0
2025-10-27,54805.5,55764.018000000004,3052.7999999999997,75465.6
2025-10-28,54805.5,55764.018000000004,79947.0,79288.29999999999
2025-10-29,54805.5,50678.837999999996,79947.0,79288.29999999999
2025-10-30,49530.0,50678.837999999996,79947.0,79288.29999999999
2025-10-31,54720.0,50678.837999999996,79947.0,79288.29999999999
2025-11-01,0.0,0.0,0.0,0.0
2025-11-02,0.0,0.0,0.0,0.0
2025-11-03,59577.600000000006,50678.837999999996,79947.0,79288.29999999999
2025-11-04,59577.600000000006,55702.89,79947.0,79288.29999999999
2025-11-05,59577.600000000006,55702.89,83072.0,79288.29999999999
2025-11-06,54366.0,55702.89,78383.5,79288.29999999999
2025-11-07,0.0,0.0,0.0,0.0
2025-11-08,0.0,0.0,0.0,0.0
2025-11-09,0.0,0.0,0.0,0.0
2025-11-10,0.0,0.0,0.0,0.0
2025-11-11,54366.0,55702.89,78383.5,75679.40000000001
2025-11-12,59210.0,55702.89,78383.5,75679.40000000001
2025-11-13,0.0,0.0,0.0,0.0
2025-11-14,0.0,0.0,0.0,0.0
2025-11-15,0.0,0.0,0.0,0.0
2025-11-16,0.0,0.0,0.0,0.0
2025-11-17,59210.0,55702.89,78383.5,79596.0
2025-11-18,59210.0,55702.89,82475.4,79596.0
2025-11-19,0.0,0.0,0.0,0.0
2025-11-20,0.0,0.0,0.0,0.0
2025-11-21,63388.8,60393.411,82475.4,79596.0
2025-11-22,0.0,0.0,0.0,0.0
2025-11-23,0.0,0.0,0.0,0.0
2025-11-24,68109.6,60393.411,82475.4,79596.0
2025-11-25,63027.6,60393.411,82475.4,79596.0
2025-11-26,0.0,0.0,0.0,0.0
2025-11-27,57928.5,60393.411,77794.0,79596.0
2025-11-28,0.0,0.0,0.0,0.0
2025-11-29,0.0,0.0,0.0,0.0
2025-11-30,0.0,0.0,0.0,0.0
2025-12-01,57928.5,60393.411,77794.0,75994.8
2025-12-02,0.0,0.0,0.0,0.0
2025-12-03,0.0,0.0,0.0,0.0
2025-12-04,0.0,0.0,0.0,0.0
2025-12-05,0.0,0.0,0.0,0.0
2025-12-06,0.0,0.0,0.0,0.0
2025-12-07,0.0,0.0,0.0,0.0
2025-12-08,52755.299999999996,55664.685,77794.0,75994.8
2025-12-09,0.0,0.0,0.0,0.0
2025-12-10,0.0,0.0,0.0,0.0
2025-12-11,0.0,0.0,0.0,0.0
2025-12-12,0.0,0.0,0.0,0.0
2025-12-13,0.0,0.0,0.0,0.0
2025-12-14,0.0,0.0,0.0,0.0
2025-12-15,0.0,0.0,0.0,0.0
2025-12-16,57909.6,55664.685,82199.7,75994.8
2025-12-17,52755.299999999996,55664.685,82199.7,75994.8
2025-12-18,0.0,0.0,0.0,0.0
2025-12-19,0.0,0.0,0.0,0.0
2025-12-20,0.0,0.0,0.0,0.0
2025-12-21,0.0,0.0,0.0,0.0
2025-12-22,52755.299999999996,55664.685,77640.0,71675.59999999999
2025-12-23,0.0,0.0,0.0,0.0
2025-12-24,52755.299999999996,55664.685,77640.0,67047.3
2025-12-25,52755.299999999996,50584.464,77640.0,67047.3
2025-12-26,0.0,0.0,0.0,0.0
2025-12-27,0.0,0.0,0.0,0.0
2025-12-28,0.0,0.0,0.0,0.0
2025-12-29,0.0,0.0,0.0,0.0
2025-12-30,52755.299999999996,50584.464,77640.0,70490.0
2025-12-31,0.0,0.0,0.0,0.0
2026-01-01,0.0,0.0,0.0,0.0
2026-01-02,0.0,0.0,0.0,0.0
2026-01-03,0.0,0.0,0.0,0.0
2026-01-04,0.0,0.0,0.0,0.0
2026-01-05,47183.0,45150.93,77640.0,70490.0
2026-01-06,47183.0,45150.93,77640.0,65922.6
2026-01-07,47183.0,39350.124,77640.0,65922.6
2026-01-08,0.0,0.0,0.0,0.0
2026-01-09,47183.0,33968.623,77640.0,65922.6
2026-01-10,0.0,0.0,0.0,0.0
2026-01-11,0.0,0.0,0.0,0.0
2026-01-12,41564.799999999996,33968.623,77640.0,65922.6
2026-01-13,0.0,0.0,0.0,0.0
2026-01-14,41564.799999999996,28231.449999999997,77640.0,61212.6
2026-01-15,0.0,0.0,0.0,0.0
2026-01-16,0.0,0.0,0.0,0.0
2026-01-17,0.0,0.0,0.0,0.0
2026-01-18,0.0,0.0,0.0,0.0
2026-01-19,0.0,0.0,0.0,0.0
2026-01-20,46800.0,28231.449999999997,82055.2,61212.6
2026-01-21,46800.0,28231.449999999997,82055.2,57024.0
2026-01-22,0.0,0.0,0.0,0.0
2026-01-23,46800.0,22119.405,82055.2,57024.0
2026-01-24,0.0,0.0,0.0,0.0
2026-01-25,0.0,0.0,0.0,0.0
2026-01-26,41217.3,22119.405,82055.2,53375.700000000004
2026-01-27,41217.3,28208.063,82055.2,53375.700000000004
2026-01-28,41217.3,22104.159,82055.2,48263.200000000004
2026-01-29,41217.3,22104.159,82055.2,44067.0
2026-01-30,40821.200000000004,28161.289,82055.2,53294.4
2026-01-31,0.0,0.0,0.0,0.0
2026-02-01,0.0,0.0,0.0,0.0
2026-02-02,40821.200000000004,33844.393000000004,82055.2,52581.299999999996
2026-02-03,46064.8,33844.393000000004,82055.2,47665.2
2026-02-04,46064.8,33844.393000000004,82055.2,43172.0
2026-02-05,46064.8,33844.393000000004,82055.2,48129.799999999996
2026-02-06,46064.8,33844.393000000004,85565.7,47752.6
2026-02-07,0.0,0.0,0.0,0.0
2026-02-08,0.0,0.0,0.0,0.0
2026-02-09,46064.8,33844.393000000004,85565.7,42876.0
2026-02-10,0.0,0.0,0.0,0.0
2026-02-11,46064.8,28134.560999999998,85565.7,42876.0
2026-02-12,0.0,0.0,0.0,0.0
2026-02-13,0.0,0.0,0.0,0.0
2026-02-14,0.0,0.0,0.0,0.0
2026-02-15,0.0,0.0,0.0,0.0
2026-02-16,0.0,0.0,0.0,0.0
2026-02-17,0.0,0.0,0.0,0.0
2026-02-18,0.0,0.0,0.0,0.0
2026-02-19,0.0,0.0,0.0,0.0
2026-02-20,0.0,0.0,0.0,0.0
2026-02-21,0.0,0.0,0.0,0.0
2026-02-22,0.0,0.0,0.0,0.0
2026-02-23,0.0,0.0,0.0,0.0
2026-02-24,0.0,0.0,0.0,0.0
2026-02-25,40438.200000000004,28134.560999999998,85565.7,42876.0
2026-02-26,0.0,0.0,0.0,0.0
2026-02-27,40438.200000000004,22048.256999999998,85565.7,42876.0
2026-02-28,0.0,0.0,0.0,0.0
2026-03-01,0.0,0.0,0.0,0.0
2026-03-02,40438.200000000004,22048.256999999998,85565.7,38518.6
2026-03-03,45698.1,28101.150999999998,85565.7,38518.6
2026-03-04,50868.0,28101.150999999998,85565.7,43944.0
2026-03-05,45290.0,28101.150999999998,85565.7,43944.0
2026-03-06,0.0,0.0,0.0,0.0
2026-03-07,0.0,0.0,0.0,0.0
2026-03-08,0.0,0.0,0.0,0.0
2026-03-09,50328.6,33757.43199999999,89322.8,43944.0
2026-03-10,45425.2,28244.814000000002,89322.8,43944.0
2026-03-11,39730.6,28244.814000000002,89322.8,43944.0
2026-03-12,0.0,0.0,0.0,0.0
2026-03-13,0.0,0.0,0.0,0.0
2026-03-14,0.0,0.0,0.0,0.0
2026-03-15,0.0,0.0,0.0,0.0
2026-03-16,39730.6,33910.649,89322.8,48875.0
2026-03-17,0.0,0.0,0.0,0.0
2026-03-18,0.0,0.0,0.0,0.0
2026-03-19,39730.6,39241.422,89322.8,53518.4
2026-03-20,39730.6,39241.422,89322.8,57472.200000000004
2026-03-21,0.0,0.0,0.0,0.0
2026-03-22,0.0,0.0,0.0,0.0
2026-03-23,45043.2,49555.142,93339.4,70412.7
2026-03-24,50339.4,49555.142,93339.4,66333.59999999999
2026-03-25,44867.5,44297.556000000004,93339.4,63056.5
2026-03-26,44867.5,44297.556000000004,93339.4,67737.59999999999
2026-03-27,0.0,0.0,0.0,0.0
2026-03-28,0.0,0.0,0.0,0.0
2026-03-29,0.0,0.0,0.0,0.0
2026-03-30,0.0,0.0,0.0,0.0
2026-03-31,44867.5,44297.556000000004,93339.4,63426.99999999999
2026-04-01,44867.5,44297.556000000004,88995.0,63426.99999999999
2026-04-02,50149.2,44297.556000000004,88995.0,63426.99999999999
2026-04-03,0.0,0.0,0.0,0.0
2026-04-04,0.0,0.0,0.0,0.0
2026-04-05,0.0,0.0,0.0,0.0
2026-04-06,0.0,0.0,0.0,0.0
2026-04-07,0.0,0.0,0.0,0.0
2026-04-08,44472.0,38481.109,84600.0,58574.200000000004
2026-04-09,0.0,0.0,0.0,0.0
2026-04-10,38755.0,38481.109,84600.0,58574.200000000004
2026-04-11,0.0,0.0,0.0,0.0
2026-04-12,0.0,0.0,0.0,0.0
2026-04-13,32984.0,38481.109,84600.0,58574.200000000004
2026-04-14,0.0,0.0,0.0,0.0
2026-04-15,26902.5,33221.061,80222.4,58574.200000000004
2026-04-16,0.0,0.0,0.0,0.0
2026-04-17,0.0,0.0,0.0,0.0
2026-04-18,0.0,0.0,0.0,0.0
2026-04-19,0.0,0.0,0.0,0.0
2026-04-20,0.0,0.0,0.0,0.0
2026-04-21,0.0,0.0,0.0,0.0
2026-04-22,20703.2,33221.061,80222.4,58574.200000000004
2026-04-23,20703.2,33221.061,75603.0,58574.200000000004
2026-04-24,0.0,0.0,0.0,0.0
2026-04-25,0.0,0.0,0.0,0.0
2026-04-26,0.0,0.0,0.0,0.0
2026-04-27,0.0,0.0,0.0,0.0
2026-04-28,20703.2,33221.061,75603.0,62630.399999999994
2026-04-29,0.0,0.0,0.0,0.0
2026-04-30,20703.2,33221.061,70938.4,62630.399999999994
2026-05-01,0.0,0.0,0.0,0.0
2026-05-02,0.0,0.0,0.0,0.0
2026-05-03,0.0,0.0,0.0,0.0
2026-05-04,0.0,0.0,0.0,0.0
2026-05-05,0.0,0.0,0.0,0.0
2026-05-06,14485.599999999999,27681.381,70938.4,62630.399999999994
2026-05-07,14485.599999999999,27681.381,65998.8,62630.399999999994
2026-05-08,0.0,0.0,0.0,0.0
2026-05-09,0.0,0.0,0.0,0.0
2026-05-10,0.0,0.0,0.0,0.0
2026-05-11,7858.0,21578.44,61016.0,62630.399999999994
2026-05-12,0.0,0.0,0.0,0.0
2026-05-13,1215.0,21578.44,61016.0,62630.399999999994
2026-05-14,0.0,0.0,0.0,0.0
2026-05-15,7852.0,26927.793,61016.0,62630.399999999994
2026-05-16,0.0,0.0,0.0,0.0
2026-05-17,0.0,0.0,0.0,0.0
2026-05-18,7852.0,26927.793,61016.0,67024.0
2026-05-19,7852.0,26927.793,65892.0,67024.0
2026-05-20,0.0,0.0,0.0,0.0
2026-05-21,7852.0,26076.574999999997,60747.799999999996,67024.0
