timestamp,action,name,code,price,shares,position,profit,level,date,year_month,label
2015-01-05 09:30:00,重装建仓,纳指ETF,513100.XSHG,1.392,57400.0,57400.0,,,2015-01-05,2015-01,"纳指ETF
513100.XSHG"
2015-01-05 09:30:00,重装建仓,黄金ETF,518880.XSHG,2.412,33100.0,33100.0,,,2015-01-05,2015-01,"黄金ETF
518880.XSHG"
2015-01-05 09:30:00,重装建仓,500ETF,510500.XSHG,1.489,53700.0,53700.0,,,2015-01-05,2015-01,"500ETF
510500.XSHG"
2015-01-05 09:30:00,重装建仓,创业板ETF易方达,159915.XSHE,1.432,55800.0,55800.0,,,2015-01-05,2015-01,"创业板ETF易方达
159915.XSHE"
2015-01-05 09:31:00,底仓到账,纳指ETF,513100.XSHG,,,57400.0,,11.0,2015-01-05,2015-01,"纳指ETF
513100.XSHG"
2015-01-05 09:31:00,底仓到账,黄金ETF,518880.XSHG,,,33100.0,,11.0,2015-01-05,2015-01,"黄金ETF
518880.XSHG"
2015-01-05 09:31:00,底仓到账,500ETF,510500.XSHG,,,53700.0,,11.0,2015-01-05,2015-01,"500ETF
510500.XSHG"
2015-01-05 09:31:00,底仓到账,创业板ETF易方达,159915.XSHE,,,55800.0,,11.0,2015-01-05,2015-01,"创业板ETF易方达
159915.XSHE"
2015-01-06 09:31:00,加仓,纳指ETF,513100.XSHG,1.349,5000.0,62400.0,,12.0,2015-01-06,2015-01,"纳指ETF
513100.XSHG"
2015-01-06 13:03:00,止盈,创业板ETF易方达,159915.XSHE,1.477,4900.0,50900.0,219.78,10.0,2015-01-06,2015-01,"创业板ETF易方达
159915.XSHE"
2015-01-06 13:53:00,止盈,500ETF,510500.XSHG,1.534,4600.0,49100.0,206.29,10.0,2015-01-06,2015-01,"500ETF
510500.XSHG"
2015-01-09 10:24:00,止盈,创业板ETF易方达,159915.XSHE,1.522,4700.0,46200.0,210.78,10.0,2015-01-09,2015-01,"创业板ETF易方达
159915.XSHE"
2015-01-12 13:13:00,加仓,500ETF,510500.XSHG,1.486,4500.0,53600.0,,11.0,2015-01-12,2015-01,"500ETF
510500.XSHG"
2015-01-15 14:57:00,止盈,500ETF,510500.XSHG,1.535,4700.0,48900.0,229.58,10.0,2015-01-15,2015-01,"500ETF
510500.XSHG"
2015-01-16 09:31:00,止盈,黄金ETF,518880.XSHG,2.509,2900.0,30200.0,280.57,11.0,2015-01-16,2015-01,"黄金ETF
518880.XSHG"
2015-01-16 11:09:00,止盈,创业板ETF易方达,159915.XSHE,1.568,4500.0,41700.0,206.29,9.0,2015-01-16,2015-01,"创业板ETF易方达
159915.XSHE"
2015-01-19 09:32:00,加仓,500ETF,510500.XSHG,1.487,4500.0,53400.0,,11.0,2015-01-19,2015-01,"500ETF
510500.XSHG"
2015-01-19 10:21:00,止盈,500ETF,510500.XSHG,1.532,4700.0,48700.0,210.78,10.0,2015-01-19,2015-01,"500ETF
510500.XSHG"
2015-01-19 10:36:00,止盈,创业板ETF易方达,159915.XSHE,1.616,4400.0,37300.0,210.49,8.0,2015-01-19,2015-01,"创业板ETF易方达
159915.XSHE"
2015-01-19 14:17:00,加仓,500ETF,510500.XSHG,1.486,4500.0,53200.0,,11.0,2015-01-19,2015-01,"500ETF
510500.XSHG"
2015-01-19 14:28:00,加仓,创业板ETF易方达,159915.XSHE,1.567,4300.0,41600.0,,9.0,2015-01-19,2015-01,"创业板ETF易方达
159915.XSHE"
2015-01-20 09:31:00,止盈,黄金ETF,518880.XSHG,2.598,2700.0,27500.0,239.6,10.0,2015-01-20,2015-01,"黄金ETF
518880.XSHG"
2015-01-20 10:34:00,止盈,创业板ETF易方达,159915.XSHE,1.616,4400.0,37200.0,214.89,8.0,2015-01-20,2015-01,"创业板ETF易方达
159915.XSHE"
2015-01-20 14:52:00,止盈,500ETF,510500.XSHG,1.531,4700.0,48500.0,210.78,10.0,2015-01-20,2015-01,"500ETF
510500.XSHG"
2015-01-21 09:43:00,止盈,创业板ETF易方达,159915.XSHE,1.665,4300.0,32900.0,209.98,7.0,2015-01-21,2015-01,"创业板ETF易方达
159915.XSHE"
2015-01-22 09:31:00,止盈,500ETF,510500.XSHG,1.577,4500.0,44000.0,206.29,10.0,2015-01-22,2015-01,"500ETF
510500.XSHG"
2015-01-23 09:31:00,止盈,纳指ETF,513100.XSHG,1.401,5100.0,57300.0,264.49,11.0,2015-01-23,2015-01,"纳指ETF
513100.XSHG"
2015-01-28 10:42:00,止盈,500ETF,510500.XSHG,1.625,4400.0,39600.0,210.48,9.0,2015-01-28,2015-01,"500ETF
510500.XSHG"
2015-01-29 09:31:00,加仓,纳指ETF,513100.XSHG,1.354,4900.0,62200.0,,12.0,2015-01-29,2015-01,"纳指ETF
513100.XSHG"
2015-02-02 09:31:00,加仓,500ETF,510500.XSHG,1.564,4300.0,43900.0,,10.0,2015-02-02,2015-02,"500ETF
510500.XSHG"
2015-02-02 09:31:00,加仓,创业板ETF易方达,159915.XSHE,1.615,4200.0,37100.0,,8.0,2015-02-02,2015-02,"创业板ETF易方达
159915.XSHE"
2015-02-02 09:32:00,等级校准,500ETF,510500.XSHG,,,43900.0,,,2015-02-02,2015-02,"500ETF
510500.XSHG"
2015-02-03 09:53:00,止盈,创业板ETF易方达,159915.XSHE,1.664,4300.0,32800.0,209.98,7.0,2015-02-03,2015-02,"创业板ETF易方达
159915.XSHE"
2015-02-04 10:59:00,止盈,500ETF,510500.XSHG,1.611,4400.0,39500.0,206.09,9.0,2015-02-04,2015-02,"500ETF
510500.XSHG"
2015-02-05 10:06:00,止盈,创业板ETF易方达,159915.XSHE,1.714,4200.0,28600.0,209.28,7.0,2015-02-05,2015-02,"创业板ETF易方达
159915.XSHE"
2015-02-06 11:21:00,加仓,500ETF,510500.XSHG,1.561,4300.0,43800.0,,10.0,2015-02-06,2015-02,"500ETF
510500.XSHG"
2015-02-06 11:22:00,等级校准,500ETF,510500.XSHG,,,43800.0,,,2015-02-06,2015-02,"500ETF
510500.XSHG"
2015-02-06 14:52:00,加仓,创业板ETF易方达,159915.XSHE,1.662,4000.0,32600.0,,8.0,2015-02-06,2015-02,"创业板ETF易方达
159915.XSHE"
2015-02-06 14:53:00,等级校准,创业板ETF易方达,159915.XSHE,,,32600.0,,,2015-02-06,2015-02,"创业板ETF易方达
159915.XSHE"
2015-02-09 09:32:00,加仓,黄金ETF,518880.XSHG,2.502,2600.0,30100.0,,11.0,2015-02-09,2015-02,"黄金ETF
518880.XSHG"
2015-02-11 10:30:00,止盈,创业板ETF易方达,159915.XSHE,1.715,4200.0,28400.0,221.88,7.0,2015-02-11,2015-02,"创业板ETF易方达
159915.XSHE"
2015-02-12 10:01:00,止盈,纳指ETF,513100.XSHG,1.395,5100.0,57100.0,208.39,11.0,2015-02-12,2015-02,"纳指ETF
513100.XSHG"
2015-02-13 09:38:00,止盈,500ETF,510500.XSHG,1.608,4400.0,39400.0,206.09,9.0,2015-02-13,2015-02,"500ETF
510500.XSHG"
2015-02-16 09:31:00,止盈,创业板ETF易方达,159915.XSHE,1.771,4000.0,24400.0,223.29,6.0,2015-02-16,2015-02,"创业板ETF易方达
159915.XSHE"
2015-02-16 14:41:00,止盈,创业板ETF易方达,159915.XSHE,1.826,3900.0,20500.0,213.79,5.0,2015-02-16,2015-02,"创业板ETF易方达
159915.XSHE"
2015-02-17 09:32:00,止盈,500ETF,510500.XSHG,1.666,4300.0,35100.0,248.68,8.0,2015-02-17,2015-02,"500ETF
510500.XSHG"
2015-02-17 14:34:00,止盈,纳指ETF,513100.XSHG,1.437,5000.0,52100.0,209.28,10.0,2015-02-17,2015-02,"纳指ETF
513100.XSHG"
2015-03-02 09:42:00,止盈,创业板ETF易方达,159915.XSHE,1.883,3800.0,16700.0,215.88,4.0,2015-03-02,2015-03,"创业板ETF易方达
159915.XSHE"
2015-03-02 13:15:00,止盈,500ETF,510500.XSHG,1.716,4200.0,30900.0,209.28,7.0,2015-03-02,2015-03,"500ETF
510500.XSHG"
2015-03-04 14:56:00,止盈,创业板ETF易方达,159915.XSHE,1.94,3700.0,13000.0,210.18,3.0,2015-03-04,2015-03,"创业板ETF易方达
159915.XSHE"
2015-03-06 13:07:00,加仓,创业板ETF易方达,159915.XSHE,1.88,3600.0,16600.0,,4.0,2015-03-06,2015-03,"创业板ETF易方达
159915.XSHE"
2015-03-09 09:31:00,加仓,黄金ETF,518880.XSHG,2.383,2700.0,32800.0,,12.0,2015-03-09,2015-03,"黄金ETF
518880.XSHG"
2015-03-09 09:32:00,等级校准,黄金ETF,518880.XSHG,,,32800.0,,,2015-03-09,2015-03,"黄金ETF
518880.XSHG"
2015-03-10 09:38:00,止盈,创业板ETF易方达,159915.XSHE,1.937,3700.0,12900.0,210.18,3.0,2015-03-10,2015-03,"创业板ETF易方达
159915.XSHE"
2015-03-13 11:08:00,止盈,500ETF,510500.XSHG,1.768,4000.0,26900.0,207.29,6.0,2015-03-13,2015-03,"500ETF
510500.XSHG"
2015-03-13 14:37:00,止盈,创业板ETF易方达,159915.XSHE,1.996,3600.0,9300.0,211.68,2.0,2015-03-13,2015-03,"创业板ETF易方达
159915.XSHE"
2015-03-16 11:08:00,止盈,500ETF,510500.XSHG,1.822,3900.0,23000.0,209.89,6.0,2015-03-16,2015-03,"500ETF
510500.XSHG"
2015-03-16 13:28:00,止盈,创业板ETF易方达,159915.XSHE,2.056,3500.0,5800.0,209.28,1.0,2015-03-16,2015-03,"创业板ETF易方达
159915.XSHE"
2015-03-18 13:02:00,止盈,500ETF,510500.XSHG,1.878,3800.0,19200.0,212.09,5.0,2015-03-18,2015-03,"500ETF
510500.XSHG"
2015-03-20 09:49:00,止盈,创业板ETF易方达,159915.XSHE,2.118,3400.0,2400.0,210.08,1.0,2015-03-20,2015-03,"创业板ETF易方达
159915.XSHE"
2015-03-23 09:31:00,止盈,500ETF,510500.XSHG,1.946,3700.0,15500.0,250.88,4.0,2015-03-23,2015-03,"500ETF
510500.XSHG"
2015-03-23 13:03:00,止盈（部分）,创业板ETF易方达,159915.XSHE,2.183,2400.0,0.0,155.48,0.0,2015-03-23,2015-03,"创业板ETF易方达
159915.XSHE"
2015-03-23 13:03:00,清仓,创业板ETF易方达,159915.XSHE,,,,,0.0,2015-03-23,2015-03,"创业板ETF易方达
159915.XSHE"
2015-03-23 13:04:00,重装建仓,创业板ETF易方达,159915.XSHE,2.184,36600.0,36600.0,,,2015-03-23,2015-03,"创业板ETF易方达
159915.XSHE"
2015-03-23 13:05:00,底仓到账,创业板ETF易方达,159915.XSHE,,,36600.0,,11.0,2015-03-23,2015-03,"创业板ETF易方达
159915.XSHE"
2015-03-24 10:07:00,止盈,创业板ETF易方达,159915.XSHE,2.251,3200.0,33400.0,213.68,10.0,2015-03-24,2015-03,"创业板ETF易方达
159915.XSHE"
2015-03-24 10:53:00,加仓,创业板ETF易方达,159915.XSHE,2.176,3100.0,36500.0,,11.0,2015-03-24,2015-03,"创业板ETF易方达
159915.XSHE"
2015-03-24 13:46:00,止盈,创业板ETF易方达,159915.XSHE,2.243,3200.0,33300.0,213.68,10.0,2015-03-24,2015-03,"创业板ETF易方达
159915.XSHE"
2015-03-25 10:47:00,止盈,500ETF,510500.XSHG,2.005,3500.0,12000.0,205.8,3.0,2015-03-25,2015-03,"500ETF
510500.XSHG"
2015-03-26 11:06:00,加仓,创业板ETF易方达,159915.XSHE,2.174,3100.0,36400.0,,11.0,2015-03-26,2015-03,"创业板ETF易方达
159915.XSHE"
2015-03-31 10:17:00,止盈,创业板ETF易方达,159915.XSHE,2.24,3200.0,33200.0,210.48,10.0,2015-03-31,2015-03,"创业板ETF易方达
159915.XSHE"
2015-04-01 10:21:00,止盈,500ETF,510500.XSHG,2.066,3400.0,8600.0,206.7,2.0,2015-04-01,2015-04,"500ETF
510500.XSHG"
2015-04-02 09:31:00,止盈,创业板ETF易方达,159915.XSHE,2.334,3100.0,30100.0,290.68,10.0,2015-04-02,2015-04,"创业板ETF易方达
159915.XSHE"
2015-04-02 14:44:00,止盈,500ETF,510500.XSHG,2.128,3300.0,5300.0,203.9,1.0,2015-04-02,2015-04,"500ETF
510500.XSHG"
2015-04-07 09:32:00,止盈,创业板ETF易方达,159915.XSHE,2.413,2900.0,27200.0,228.4,9.0,2015-04-07,2015-04,"创业板ETF易方达
159915.XSHE"
2015-04-07 10:42:00,止盈,500ETF,510500.XSHG,2.192,3200.0,2100.0,204.1,1.0,2015-04-07,2015-04,"500ETF
510500.XSHG"
2015-04-08 10:56:00,加仓,创业板ETF易方达,159915.XSHE,2.34,2900.0,30100.0,,10.0,2015-04-08,2015-04,"创业板ETF易方达
159915.XSHE"
2015-04-09 10:23:00,加仓,500ETF,510500.XSHG,2.126,3100.0,5200.0,,2.0,2015-04-09,2015-04,"500ETF
510500.XSHG"
2015-04-09 10:23:00,加仓,创业板ETF易方达,159915.XSHE,2.267,2900.0,33000.0,,11.0,2015-04-09,2015-04,"创业板ETF易方达
159915.XSHE"
2015-04-09 10:24:00,等级校准,500ETF,510500.XSHG,,,5200.0,,,2015-04-09,2015-04,"500ETF
510500.XSHG"
2015-04-09 14:07:00,止盈,创业板ETF易方达,159915.XSHE,2.339,3000.0,30000.0,215.3,10.0,2015-04-09,2015-04,"创业板ETF易方达
159915.XSHE"
2015-04-09 14:34:00,止盈,创业板ETF易方达,159915.XSHE,2.418,2900.0,27100.0,228.4,9.0,2015-04-09,2015-04,"创业板ETF易方达
159915.XSHE"
2015-04-10 09:55:00,止盈,500ETF,510500.XSHG,2.191,3200.0,2000.0,207.3,1.0,2015-04-10,2015-04,"500ETF
510500.XSHG"
2015-04-15 09:31:00,止盈（部分）,500ETF,510500.XSHG,8.078,500.0,61.0,2943.1,0.0,2015-04-15,2015-04,"500ETF
510500.XSHG"
2015-04-15 09:31:00,清仓-碎股,500ETF,510500.XSHG,,,,,0.0,2015-04-15,2015-04,"500ETF
510500.XSHG"
2015-04-15 09:31:00,清仓,500ETF,510500.XSHG,,,,,0.0,2015-04-15,2015-04,"500ETF
510500.XSHG"
2015-04-15 09:32:00,重装建仓,500ETF,510500.XSHG,8.044,9900.0,9900.0,,,2015-04-15,2015-04,"500ETF
510500.XSHG"
2015-04-15 09:33:00,底仓到账,500ETF,510500.XSHG,,,9900.0,,12.0,2015-04-15,2015-04,"500ETF
510500.XSHG"
2015-04-15 11:19:00,加仓,500ETF,510500.XSHG,7.797,800.0,10700.0,,13.0,2015-04-15,2015-04,"500ETF
510500.XSHG"
2015-04-15 14:55:00,加仓,创业板ETF易方达,159915.XSHE,2.34,2800.0,29900.0,,10.0,2015-04-15,2015-04,"创业板ETF易方达
159915.XSHE"
2015-04-16 09:32:00,加仓,500ETF,510500.XSHG,7.53,800.0,11500.0,,14.0,2015-04-16,2015-04,"500ETF
510500.XSHG"
2015-04-16 09:33:00,等级校准,500ETF,510500.XSHG,,,11500.0,,,2015-04-16,2015-04,"500ETF
510500.XSHG"
2015-04-16 09:49:00,止盈,500ETF,510500.XSHG,7.76,900.0,10600.0,206.3,11.0,2015-04-16,2015-04,"500ETF
510500.XSHG"
2015-04-16 10:43:00,止盈,创业板ETF易方达,159915.XSHE,2.412,2900.0,27000.0,208.1,9.0,2015-04-16,2015-04,"创业板ETF易方达
159915.XSHE"
2015-04-17 09:41:00,止盈,500ETF,510500.XSHG,8.0,900.0,9700.0,215.28,12.0,2015-04-17,2015-04,"500ETF
510500.XSHG"
2015-04-20 09:33:00,加仓,创业板ETF易方达,159915.XSHE,2.33,2900.0,29900.0,,10.0,2015-04-20,2015-04,"创业板ETF易方达
159915.XSHE"
2015-04-20 09:34:00,等级校准,创业板ETF易方达,159915.XSHE,,,29900.0,,,2015-04-20,2015-04,"创业板ETF易方达
159915.XSHE"
2015-04-21 10:02:00,止盈,创业板ETF易方达,159915.XSHE,2.401,3000.0,26900.0,212.28,9.0,2015-04-21,2015-04,"创业板ETF易方达
159915.XSHE"
2015-04-21 14:31:00,止盈,创业板ETF易方达,159915.XSHE,2.474,2900.0,24000.0,210.98,8.0,2015-04-21,2015-04,"创业板ETF易方达
159915.XSHE"
2015-04-22 09:39:00,止盈,500ETF,510500.XSHG,8.24,800.0,8900.0,191.34,11.0,2015-04-22,2015-04,"500ETF
510500.XSHG"
2015-04-23 09:32:00,止盈,创业板ETF易方达,159915.XSHE,2.55,2800.0,21200.0,212.09,7.0,2015-04-23,2015-04,"创业板ETF易方达
159915.XSHE"
2015-04-24 10:33:00,止盈,创业板ETF易方达,159915.XSHE,2.631,2700.0,18500.0,217.99,7.0,2015-04-24,2015-04,"创业板ETF易方达
159915.XSHE"
2015-04-27 09:32:00,止盈,500ETF,510500.XSHG,8.509,800.0,8100.0,214.52,10.0,2015-04-27,2015-04,"500ETF
510500.XSHG"
2015-04-27 09:39:00,止盈,纳指ETF,513100.XSHG,1.481,4800.0,47300.0,210.49,10.0,2015-04-27,2015-04,"纳指ETF
513100.XSHG"
2015-04-28 14:23:00,加仓,500ETF,510500.XSHG,8.25,800.0,8900.0,,11.0,2015-04-28,2015-04,"500ETF
510500.XSHG"
2015-04-29 14:51:00,止盈,创业板ETF易方达,159915.XSHE,2.71,2600.0,15900.0,204.7,6.0,2015-04-29,2015-04,"创业板ETF易方达
159915.XSHE"
2015-04-30 09:31:00,止盈,500ETF,510500.XSHG,8.512,800.0,8100.0,208.92,10.0,2015-04-30,2015-04,"500ETF
510500.XSHG"
2015-04-30 10:52:00,止盈,创业板ETF易方达,159915.XSHE,2.799,2500.0,13400.0,221.8,5.0,2015-04-30,2015-04,"创业板ETF易方达
159915.XSHE"
2015-05-04 09:39:00,加仓,创业板ETF易方达,159915.XSHE,2.706,2500.0,15900.0,,6.0,2015-05-04,2015-05,"创业板ETF易方达
159915.XSHE"
2015-05-05 14:18:00,加仓,500ETF,510500.XSHG,8.253,800.0,8900.0,,11.0,2015-05-05,2015-05,"500ETF
510500.XSHG"
2015-05-06 09:31:00,加仓,纳指ETF,513100.XSHG,1.432,4700.0,52000.0,,11.0,2015-05-06,2015-05,"纳指ETF
513100.XSHG"
2015-05-06 09:32:00,等级校准,纳指ETF,513100.XSHG,,,52000.0,,,2015-05-06,2015-05,"纳指ETF
513100.XSHG"
2015-05-06 10:36:00,止盈,创业板ETF易方达,159915.XSHE,2.789,2500.0,13400.0,206.8,5.0,2015-05-06,2015-05,"创业板ETF易方达
159915.XSHE"
2015-05-07 09:52:00,加仓,创业板ETF易方达,159915.XSHE,2.702,2500.0,15900.0,,6.0,2015-05-07,2015-05,"创业板ETF易方达
159915.XSHE"
2015-05-07 10:09:00,加仓,500ETF,510500.XSHG,8.0,800.0,9700.0,,12.0,2015-05-07,2015-05,"500ETF
510500.XSHG"
2015-05-08 10:11:00,止盈,创业板ETF易方达,159915.XSHE,2.786,2500.0,13400.0,209.3,5.0,2015-05-08,2015-05,"创业板ETF易方达
159915.XSHE"
2015-05-08 14:33:00,止盈,创业板ETF易方达,159915.XSHE,2.871,2500.0,10900.0,211.78,4.0,2015-05-08,2015-05,"创业板ETF易方达
159915.XSHE"
2015-05-08 14:42:00,止盈,500ETF,510500.XSHG,8.276,800.0,8900.0,220.14,11.0,2015-05-08,2015-05,"500ETF
510500.XSHG"
2015-05-08 14:44:00,止盈,500ETF,510500.XSHG,8.61,800.0,8100.0,266.51,10.0,2015-05-08,2015-05,"500ETF
510500.XSHG"
2015-05-08 14:47:00,加仓,500ETF,510500.XSHG,8.267,800.0,8900.0,,11.0,2015-05-08,2015-05,"500ETF
510500.XSHG"
2015-05-11 10:22:00,止盈,创业板ETF易方达,159915.XSHE,2.958,2400.0,8500.0,208.09,3.0,2015-05-11,2015-05,"创业板ETF易方达
159915.XSHE"
2015-05-11 13:02:00,止盈,500ETF,510500.XSHG,8.521,800.0,8100.0,202.52,10.0,2015-05-11,2015-05,"500ETF
510500.XSHG"
2015-05-11 14:30:00,止盈,创业板ETF易方达,159915.XSHE,3.056,2300.0,6200.0,224.7,2.0,2015-05-11,2015-05,"创业板ETF易方达
159915.XSHE"
2015-05-12 13:49:00,止盈,500ETF,510500.XSHG,8.777,800.0,7300.0,204.1,10.0,2015-05-12,2015-05,"500ETF
510500.XSHG"
2015-05-15 09:35:00,加仓,创业板ETF易方达,159915.XSHE,2.96,2200.0,8400.0,,3.0,2015-05-15,2015-05,"创业板ETF易方达
159915.XSHE"
2015-05-15 09:58:00,止盈,纳指ETF,513100.XSHG,1.476,4800.0,47200.0,210.49,10.0,2015-05-15,2015-05,"纳指ETF
513100.XSHG"
2015-05-15 14:30:00,止盈,创业板ETF易方达,159915.XSHE,3.049,2300.0,6100.0,204.0,2.0,2015-05-15,2015-05,"创业板ETF易方达
159915.XSHE"
2015-05-18 10:00:00,止盈,创业板ETF易方达,159915.XSHE,3.145,2200.0,3900.0,210.51,1.0,2015-05-18,2015-05,"创业板ETF易方达
159915.XSHE"
2015-05-18 14:22:00,止盈,黄金ETF,518880.XSHG,2.46,2900.0,29900.0,222.59,10.0,2015-05-18,2015-05,"黄金ETF
518880.XSHG"
2015-05-19 10:43:00,止盈,500ETF,510500.XSHG,9.046,700.0,6600.0,187.67,9.0,2015-05-19,2015-05,"500ETF
510500.XSHG"
2015-05-20 09:37:00,止盈,创业板ETF易方达,159915.XSHE,3.242,2200.0,1700.0,212.69,1.0,2015-05-20,2015-05,"创业板ETF易方达
159915.XSHE"
2015-05-20 09:40:00,止盈,500ETF,510500.XSHG,9.343,700.0,5900.0,207.25,8.0,2015-05-20,2015-05,"500ETF
510500.XSHG"
2015-05-21 10:15:00,止盈（部分）,创业板ETF易方达,159915.XSHE,3.341,1700.0,0.0,167.73,0.0,2015-05-21,2015-05,"创业板ETF易方达
159915.XSHE"
2015-05-21 10:15:00,清仓,创业板ETF易方达,159915.XSHE,,,,,0.0,2015-05-21,2015-05,"创业板ETF易方达
159915.XSHE"
2015-05-21 10:16:00,重装建仓,创业板ETF易方达,159915.XSHE,3.343,23900.0,23900.0,,,2015-05-21,2015-05,"创业板ETF易方达
159915.XSHE"
2015-05-21 10:17:00,底仓到账,创业板ETF易方达,159915.XSHE,,,23900.0,,11.0,2015-05-21,2015-05,"创业板ETF易方达
159915.XSHE"
2015-05-21 14:35:00,止盈,500ETF,510500.XSHG,9.625,700.0,5200.0,196.73,7.0,2015-05-21,2015-05,"500ETF
510500.XSHG"
2015-05-22 09:31:00,止盈,创业板ETF易方达,159915.XSHE,3.468,2000.0,21900.0,249.31,10.0,2015-05-22,2015-05,"创业板ETF易方达
159915.XSHE"
2015-05-22 10:04:00,加仓,创业板ETF易方达,159915.XSHE,3.36,2000.0,23900.0,,11.0,2015-05-22,2015-05,"创业板ETF易方达
159915.XSHE"
2015-05-22 14:47:00,止盈,500ETF,510500.XSHG,9.99,700.0,4500.0,254.8,6.0,2015-05-22,2015-05,"500ETF
510500.XSHG"
2015-05-25 09:32:00,加仓,创业板ETF易方达,159915.XSHE,3.237,2000.0,25900.0,,12.0,2015-05-25,2015-05,"创业板ETF易方达
159915.XSHE"
2015-05-25 11:13:00,止盈,创业板ETF易方达,159915.XSHE,3.336,2100.0,23800.0,207.2,11.0,2015-05-25,2015-05,"创业板ETF易方达
159915.XSHE"
2015-05-26 10:23:00,止盈,创业板ETF易方达,159915.XSHE,3.438,2000.0,21800.0,203.31,10.0,2015-05-26,2015-05,"创业板ETF易方达
159915.XSHE"
2015-05-26 10:36:00,止盈,500ETF,510500.XSHG,10.299,700.0,3800.0,215.58,6.0,2015-05-26,2015-05,"500ETF
510500.XSHG"
2015-05-27 14:05:00,止盈,500ETF,510500.XSHG,10.639,600.0,3200.0,203.36,5.0,2015-05-27,2015-05,"500ETF
510500.XSHG"
2015-05-28 14:17:00,加仓,500ETF,510500.XSHG,10.296,600.0,3800.0,,6.0,2015-05-28,2015-05,"500ETF
510500.XSHG"
2015-05-28 14:49:00,加仓,创业板ETF易方达,159915.XSHE,3.334,2000.0,23800.0,,11.0,2015-05-28,2015-05,"创业板ETF易方达
159915.XSHE"
2015-05-28 14:56:00,加仓,500ETF,510500.XSHG,9.98,600.0,4400.0,,7.0,2015-05-28,2015-05,"500ETF
510500.XSHG"
2015-05-28 14:57:00,等级校准,500ETF,510500.XSHG,,,4400.0,,,2015-05-28,2015-05,"500ETF
510500.XSHG"
2015-05-29 09:36:00,加仓,黄金ETF,518880.XSHG,2.386,2800.0,32700.0,,11.0,2015-05-29,2015-05,"黄金ETF
518880.XSHG"
2015-05-29 09:43:00,加仓,500ETF,510500.XSHG,9.633,700.0,5100.0,,7.0,2015-05-29,2015-05,"500ETF
510500.XSHG"
2015-05-29 09:43:00,加仓,创业板ETF易方达,159915.XSHE,3.22,2000.0,25800.0,,12.0,2015-05-29,2015-05,"创业板ETF易方达
159915.XSHE"
2015-05-29 09:51:00,止盈,500ETF,510500.XSHG,10.003,700.0,4400.0,258.3,7.0,2015-05-29,2015-05,"500ETF
510500.XSHG"
2015-05-29 10:02:00,止盈,创业板ETF易方达,159915.XSHE,3.329,2100.0,23700.0,228.2,11.0,2015-05-29,2015-05,"创业板ETF易方达
159915.XSHE"
2015-05-29 13:22:00,止盈,500ETF,510500.XSHG,10.333,600.0,3800.0,197.38,6.0,2015-05-29,2015-05,"500ETF
510500.XSHG"
2015-05-29 13:44:00,止盈,创业板ETF易方达,159915.XSHE,3.431,2100.0,21600.0,213.48,10.0,2015-05-29,2015-05,"创业板ETF易方达
159915.XSHE"
2015-05-29 14:17:00,加仓,500ETF,510500.XSHG,9.9,600.0,4400.0,,7.0,2015-05-29,2015-05,"500ETF
510500.XSHG"
2015-05-29 14:18:00,等级校准,500ETF,510500.XSHG,,,4400.0,,,2015-05-29,2015-05,"500ETF
510500.XSHG"
2015-05-29 14:36:00,加仓,创业板ETF易方达,159915.XSHE,3.317,2000.0,23600.0,,11.0,2015-05-29,2015-05,"创业板ETF易方达
159915.XSHE"
2015-06-01 09:32:00,止盈,创业板ETF易方达,159915.XSHE,3.434,2100.0,21500.0,244.98,10.0,2015-06-01,2015-06,"创业板ETF易方达
159915.XSHE"
2015-06-01 09:34:00,止盈,500ETF,510500.XSHG,10.2,700.0,3700.0,209.29,6.0,2015-06-01,2015-06,"500ETF
510500.XSHG"
2015-06-01 13:03:00,止盈,500ETF,510500.XSHG,10.519,600.0,3100.0,190.77,5.0,2015-06-01,2015-06,"500ETF
510500.XSHG"
2015-06-01 13:08:00,止盈,创业板ETF易方达,159915.XSHE,3.539,2000.0,19500.0,209.29,10.0,2015-06-01,2015-06,"创业板ETF易方达
159915.XSHE"
2015-06-02 10:08:00,止盈,创业板ETF易方达,159915.XSHE,3.647,1900.0,17600.0,204.51,9.0,2015-06-02,2015-06,"创业板ETF易方达
159915.XSHE"
2015-06-02 10:16:00,止盈,500ETF,510500.XSHG,10.849,600.0,2500.0,197.35,4.0,2015-06-02,2015-06,"500ETF
510500.XSHG"
2015-06-02 14:39:00,止盈,创业板ETF易方达,159915.XSHE,3.757,1900.0,15700.0,208.29,8.0,2015-06-02,2015-06,"创业板ETF易方达
159915.XSHE"
2015-06-04 13:01:00,加仓,创业板ETF易方达,159915.XSHE,3.643,1800.0,17500.0,,9.0,2015-06-04,2015-06,"创业板ETF易方达
159915.XSHE"
2015-06-04 13:05:00,加仓,500ETF,510500.XSHG,10.324,600.0,3100.0,,5.0,2015-06-04,2015-06,"500ETF
510500.XSHG"
2015-06-04 13:06:00,加仓,创业板ETF易方达,159915.XSHE,3.515,1900.0,19400.0,,10.0,2015-06-04,2015-06,"创业板ETF易方达
159915.XSHE"
2015-06-04 13:58:00,止盈,创业板ETF易方达,159915.XSHE,3.621,1900.0,17500.0,200.71,9.0,2015-06-04,2015-06,"创业板ETF易方达
159915.XSHE"
2015-06-04 14:11:00,止盈,500ETF,510500.XSHG,10.665,600.0,2500.0,203.96,4.0,2015-06-04,2015-06,"500ETF
510500.XSHG"
2015-06-04 14:41:00,止盈,创业板ETF易方达,159915.XSHE,3.731,1900.0,15600.0,208.29,8.0,2015-06-04,2015-06,"创业板ETF易方达
159915.XSHE"
2015-06-04 14:46:00,止盈,500ETF,510500.XSHG,11.004,600.0,1900.0,202.74,3.0,2015-06-04,2015-06,"500ETF
510500.XSHG"
2015-06-05 10:04:00,止盈,创业板ETF易方达,159915.XSHE,3.843,1800.0,13800.0,200.91,7.0,2015-06-05,2015-06,"创业板ETF易方达
159915.XSHE"
2015-06-05 11:13:00,加仓,创业板ETF易方达,159915.XSHE,3.725,1800.0,15600.0,,8.0,2015-06-05,2015-06,"创业板ETF易方达
159915.XSHE"
2015-06-08 09:36:00,加仓,创业板ETF易方达,159915.XSHE,3.597,1800.0,17400.0,,9.0,2015-06-08,2015-06,"创业板ETF易方达
159915.XSHE"
2015-06-08 10:43:00,加仓,创业板ETF易方达,159915.XSHE,3.484,1900.0,19300.0,,10.0,2015-06-08,2015-06,"创业板ETF易方达
159915.XSHE"
2015-06-08 10:44:00,等级校准,创业板ETF易方达,159915.XSHE,,,19300.0,,,2015-06-08,2015-06,"创业板ETF易方达
159915.XSHE"
2015-06-09 10:00:00,止盈,创业板ETF易方达,159915.XSHE,3.589,2000.0,17300.0,209.28,9.0,2015-06-09,2015-06,"创业板ETF易方达
159915.XSHE"
2015-06-09 11:20:00,加仓,创业板ETF易方达,159915.XSHE,3.479,1900.0,19200.0,,10.0,2015-06-09,2015-06,"创业板ETF易方达
159915.XSHE"
2015-06-09 11:21:00,等级校准,创业板ETF易方达,159915.XSHE,,,19200.0,,,2015-06-09,2015-06,"创业板ETF易方达
159915.XSHE"
2015-06-10 11:29:00,止盈,创业板ETF易方达,159915.XSHE,3.584,2000.0,17200.0,209.28,9.0,2015-06-10,2015-06,"创业板ETF易方达
159915.XSHE"
2015-06-10 13:40:00,止盈,500ETF,510500.XSHG,11.357,600.0,1300.0,211.12,2.0,2015-06-10,2015-06,"500ETF
510500.XSHG"
2015-06-10 14:27:00,止盈,创业板ETF易方达,159915.XSHE,3.693,1900.0,15300.0,206.4,8.0,2015-06-10,2015-06,"创业板ETF易方达
159915.XSHE"
2015-06-12 13:14:00,止盈,500ETF,510500.XSHG,11.789,600.0,700.0,258.49,1.0,2015-06-12,2015-06,"500ETF
510500.XSHG"
2015-06-15 10:38:00,加仓,创业板ETF易方达,159915.XSHE,3.582,1800.0,17100.0,,9.0,2015-06-15,2015-06,"创业板ETF易方达
159915.XSHE"
2015-06-15 11:06:00,加仓,500ETF,510500.XSHG,11.431,500.0,1200.0,,2.0,2015-06-15,2015-06,"500ETF
510500.XSHG"
2015-06-16 09:31:00,加仓,创业板ETF易方达,159915.XSHE,3.447,1900.0,19000.0,,10.0,2015-06-16,2015-06,"创业板ETF易方达
159915.XSHE"
2015-06-16 09:32:00,等级校准,创业板ETF易方达,159915.XSHE,,,19000.0,,,2015-06-16,2015-06,"创业板ETF易方达
159915.XSHE"
2015-06-16 10:10:00,加仓,500ETF,510500.XSHG,11.077,600.0,1800.0,,3.0,2015-06-16,2015-06,"500ETF
510500.XSHG"
2015-06-16 10:11:00,加仓,创业板ETF易方达,159915.XSHE,3.342,2000.0,21000.0,,10.0,2015-06-16,2015-06,"创业板ETF易方达
159915.XSHE"
2015-06-16 11:23:00,止盈,创业板ETF易方达,159915.XSHE,3.443,2000.0,19000.0,201.31,9.0,2015-06-16,2015-06,"创业板ETF易方达
159915.XSHE"
2015-06-17 10:14:00,加仓,500ETF,510500.XSHG,10.734,600.0,2400.0,,4.0,2015-06-17,2015-06,"500ETF
510500.XSHG"
2015-06-17 10:47:00,加仓,创业板ETF易方达,159915.XSHE,3.334,2000.0,21000.0,,10.0,2015-06-17,2015-06,"创业板ETF易方达
159915.XSHE"
2015-06-17 13:14:00,止盈,创业板ETF易方达,159915.XSHE,3.44,2000.0,19000.0,211.31,9.0,2015-06-17,2015-06,"创业板ETF易方达
159915.XSHE"
2015-06-17 14:00:00,止盈,500ETF,510500.XSHG,11.064,600.0,1800.0,197.34,3.0,2015-06-17,2015-06,"500ETF
510500.XSHG"
2015-06-17 14:32:00,止盈,创业板ETF易方达,159915.XSHE,3.546,2000.0,17000.0,211.29,8.0,2015-06-17,2015-06,"创业板ETF易方达
159915.XSHE"
2015-06-17 14:54:00,止盈,500ETF,510500.XSHG,11.466,600.0,1200.0,240.51,2.0,2015-06-17,2015-06,"500ETF
510500.XSHG"
2015-06-18 09:32:00,加仓,500ETF,510500.XSHG,11.106,600.0,1800.0,,3.0,2015-06-18,2015-06,"500ETF
510500.XSHG"
2015-06-18 13:49:00,加仓,创业板ETF易方达,159915.XSHE,3.435,1900.0,18900.0,,9.0,2015-06-18,2015-06,"创业板ETF易方达
159915.XSHE"
2015-06-18 14:47:00,加仓,创业板ETF易方达,159915.XSHE,3.329,2000.0,20900.0,,10.0,2015-06-18,2015-06,"创业板ETF易方达
159915.XSHE"
2015-06-18 14:48:00,等级校准,创业板ETF易方达,159915.XSHE,,,20900.0,,,2015-06-18,2015-06,"创业板ETF易方达
159915.XSHE"
2015-06-19 09:31:00,加仓,500ETF,510500.XSHG,10.477,600.0,2400.0,,4.0,2015-06-19,2015-06,"500ETF
510500.XSHG"
2015-06-19 09:31:00,加仓,创业板ETF易方达,159915.XSHE,3.219,2100.0,23000.0,,10.0,2015-06-19,2015-06,"创业板ETF易方达
159915.XSHE"
2015-06-19 14:38:00,加仓,500ETF,510500.XSHG,10.128,600.0,3000.0,,5.0,2015-06-19,2015-06,"500ETF
510500.XSHG"
2015-06-23 09:39:00,加仓,创业板ETF易方达,159915.XSHE,3.118,2100.0,25100.0,,11.0,2015-06-23,2015-06,"创业板ETF易方达
159915.XSHE"
2015-06-23 11:01:00,加仓,500ETF,510500.XSHG,9.81,600.0,3600.0,,6.0,2015-06-23,2015-06,"500ETF
510500.XSHG"
2015-06-23 11:02:00,等级校准,500ETF,510500.XSHG,,,3600.0,,,2015-06-23,2015-06,"500ETF
510500.XSHG"
2015-06-23 11:14:00,加仓,创业板ETF易方达,159915.XSHE,3.021,2200.0,27300.0,,12.0,2015-06-23,2015-06,"创业板ETF易方达
159915.XSHE"
2015-06-23 11:15:00,等级校准,创业板ETF易方达,159915.XSHE,,,27300.0,,,2015-06-23,2015-06,"创业板ETF易方达
159915.XSHE"
2015-06-23 13:11:00,止盈,创业板ETF易方达,159915.XSHE,3.112,2300.0,25000.0,208.58,11.0,2015-06-23,2015-06,"创业板ETF易方达
159915.XSHE"
2015-06-23 13:57:00,止盈,500ETF,510500.XSHG,10.105,700.0,2900.0,205.79,4.0,2015-06-23,2015-06,"500ETF
510500.XSHG"
2015-06-23 14:26:00,加仓,500ETF,510500.XSHG,9.8,600.0,3500.0,,5.0,2015-06-23,2015-06,"500ETF
510500.XSHG"
2015-06-23 14:48:00,止盈,500ETF,510500.XSHG,10.095,700.0,2800.0,205.79,4.0,2015-06-23,2015-06,"500ETF
510500.XSHG"
2015-06-23 14:53:00,止盈,创业板ETF易方达,159915.XSHE,3.207,2200.0,22800.0,208.29,10.0,2015-06-23,2015-06,"创业板ETF易方达
159915.XSHE"
2015-06-25 11:26:00,止盈,500ETF,510500.XSHG,10.409,600.0,2200.0,187.78,3.0,2015-06-25,2015-06,"500ETF
510500.XSHG"
2015-06-25 14:04:00,加仓,创业板ETF易方达,159915.XSHE,3.109,2100.0,24900.0,,11.0,2015-06-25,2015-06,"创业板ETF易方达
159915.XSHE"
2015-06-25 14:37:00,加仓,500ETF,510500.XSHG,10.087,600.0,2800.0,,4.0,2015-06-25,2015-06,"500ETF
510500.XSHG"
2015-06-26 09:31:00,加仓,500ETF,510500.XSHG,9.648,600.0,3400.0,,5.0,2015-06-26,2015-06,"500ETF
510500.XSHG"
2015-06-26 09:31:00,加仓,创业板ETF易方达,159915.XSHE,2.931,2200.0,27100.0,,12.0,2015-06-26,2015-06,"创业板ETF易方达
159915.XSHE"
2015-06-26 09:32:00,等级校准,500ETF,510500.XSHG,,,3400.0,,,2015-06-26,2015-06,"500ETF
510500.XSHG"
2015-06-26 09:32:00,等级校准,创业板ETF易方达,159915.XSHE,,,27100.0,,,2015-06-26,2015-06,"创业板ETF易方达
159915.XSHE"
2015-06-26 09:45:00,加仓,创业板ETF易方达,159915.XSHE,2.843,2300.0,29400.0,,12.0,2015-06-26,2015-06,"创业板ETF易方达
159915.XSHE"
2015-06-26 11:02:00,加仓,500ETF,510500.XSHG,9.352,700.0,4100.0,,5.0,2015-06-26,2015-06,"500ETF
510500.XSHG"
2015-06-26 11:19:00,加仓,创业板ETF易方达,159915.XSHE,2.757,2400.0,31800.0,,13.0,2015-06-26,2015-06,"创业板ETF易方达
159915.XSHE"
2015-06-26 11:20:00,等级校准,创业板ETF易方达,159915.XSHE,,,31800.0,,,2015-06-26,2015-06,"创业板ETF易方达
159915.XSHE"
2015-06-26 13:38:00,加仓,500ETF,510500.XSHG,9.064,700.0,4800.0,,6.0,2015-06-26,2015-06,"500ETF
510500.XSHG"
2015-06-29 09:35:00,加仓,创业板ETF易方达,159915.XSHE,2.661,2500.0,34300.0,,13.0,2015-06-29,2015-06,"创业板ETF易方达
159915.XSHE"
2015-06-29 09:42:00,加仓,500ETF,510500.XSHG,8.707,700.0,5500.0,,7.0,2015-06-29,2015-06,"500ETF
510500.XSHG"
2015-06-29 09:43:00,等级校准,500ETF,510500.XSHG,,,5500.0,,,2015-06-29,2015-06,"500ETF
510500.XSHG"
2015-06-29 09:43:00,加仓,创业板ETF易方达,159915.XSHE,2.57,2600.0,36900.0,,14.0,2015-06-29,2015-06,"创业板ETF易方达
159915.XSHE"
2015-06-29 09:44:00,等级校准,创业板ETF易方达,159915.XSHE,,,36900.0,,,2015-06-29,2015-06,"创业板ETF易方达
159915.XSHE"
2015-06-29 09:48:00,止盈,500ETF,510500.XSHG,8.979,800.0,4700.0,216.88,6.0,2015-06-29,2015-06,"500ETF
510500.XSHG"
2015-06-29 10:07:00,止盈,创业板ETF易方达,159915.XSHE,2.648,2700.0,34200.0,209.89,13.0,2015-06-29,2015-06,"创业板ETF易方达
159915.XSHE"
2015-06-29 10:48:00,加仓,创业板ETF易方达,159915.XSHE,2.566,2600.0,36800.0,,14.0,2015-06-29,2015-06,"创业板ETF易方达
159915.XSHE"
2015-06-29 10:49:00,等级校准,创业板ETF易方达,159915.XSHE,,,36800.0,,,2015-06-29,2015-06,"创业板ETF易方达
159915.XSHE"
2015-06-29 10:59:00,加仓,500ETF,510500.XSHG,8.696,700.0,5400.0,,7.0,2015-06-29,2015-06,"500ETF
510500.XSHG"
2015-06-29 11:00:00,等级校准,500ETF,510500.XSHG,,,5400.0,,,2015-06-29,2015-06,"500ETF
510500.XSHG"
2015-06-29 13:02:00,加仓,500ETF,510500.XSHG,8.372,800.0,6200.0,,7.0,2015-06-29,2015-06,"500ETF
510500.XSHG"
2015-06-29 13:10:00,加仓,500ETF,510500.XSHG,8.1,800.0,7000.0,,8.0,2015-06-29,2015-06,"500ETF
510500.XSHG"
2015-06-29 13:28:00,止盈,500ETF,510500.XSHG,8.47,800.0,6200.0,295.32,7.0,2015-06-29,2015-06,"500ETF
510500.XSHG"
2015-06-29 14:06:00,止盈,500ETF,510500.XSHG,8.77,800.0,5400.0,239.3,7.0,2015-06-29,2015-06,"500ETF
510500.XSHG"
2015-06-29 14:50:00,加仓,500ETF,510500.XSHG,8.501,700.0,6100.0,,8.0,2015-06-29,2015-06,"500ETF
510500.XSHG"
2015-06-29 14:51:00,等级校准,500ETF,510500.XSHG,,,6100.0,,,2015-06-29,2015-06,"500ETF
510500.XSHG"
2015-06-30 09:31:00,加仓,500ETF,510500.XSHG,8.102,800.0,6900.0,,8.0,2015-06-30,2015-06,"500ETF
510500.XSHG"
2015-06-30 09:31:00,加仓,创业板ETF易方达,159915.XSHE,2.423,2700.0,39500.0,,14.0,2015-06-30,2015-06,"创业板ETF易方达
159915.XSHE"
2015-06-30 09:32:00,加仓,纳指ETF,513100.XSHG,1.428,4700.0,51900.0,,11.0,2015-06-30,2015-06,"纳指ETF
513100.XSHG"
2015-06-30 09:33:00,等级校准,纳指ETF,513100.XSHG,,,51900.0,,,2015-06-30,2015-06,"纳指ETF
513100.XSHG"
2015-06-30 09:34:00,止盈,500ETF,510500.XSHG,8.354,800.0,6100.0,200.93,7.0,2015-06-30,2015-06,"500ETF
510500.XSHG"
2015-06-30 10:02:00,加仓,创业板ETF易方达,159915.XSHE,2.35,2800.0,42300.0,,15.0,2015-06-30,2015-06,"创业板ETF易方达
159915.XSHE"
2015-06-30 10:03:00,等级校准,创业板ETF易方达,159915.XSHE,,,42300.0,,,2015-06-30,2015-06,"创业板ETF易方达
159915.XSHE"
2015-06-30 10:05:00,加仓,500ETF,510500.XSHG,8.103,800.0,6900.0,,8.0,2015-06-30,2015-06,"500ETF
510500.XSHG"
2015-06-30 10:46:00,加仓,创业板ETF易方达,159915.XSHE,2.279,2900.0,45200.0,,15.0,2015-06-30,2015-06,"创业板ETF易方达
159915.XSHE"
2015-06-30 10:52:00,止盈,创业板ETF易方达,159915.XSHE,2.348,3000.0,42200.0,206.3,14.0,2015-06-30,2015-06,"创业板ETF易方达
159915.XSHE"
2015-06-30 11:13:00,止盈,500ETF,510500.XSHG,8.432,800.0,6100.0,262.53,7.0,2015-06-30,2015-06,"500ETF
510500.XSHG"
2015-06-30 11:20:00,止盈,创业板ETF易方达,159915.XSHE,2.432,2900.0,39300.0,242.89,14.0,2015-06-30,2015-06,"创业板ETF易方达
159915.XSHE"
2015-06-30 11:29:00,止盈,创业板ETF易方达,159915.XSHE,2.524,2800.0,36500.0,256.89,13.0,2015-06-30,2015-06,"创业板ETF易方达
159915.XSHE"
2015-06-30 13:01:00,止盈,创业板ETF易方达,159915.XSHE,2.672,2700.0,33800.0,398.88,13.0,2015-06-30,2015-06,"创业板ETF易方达
159915.XSHE"
2015-06-30 13:04:00,止盈,500ETF,510500.XSHG,8.686,800.0,5300.0,202.51,6.0,2015-06-30,2015-06,"500ETF
510500.XSHG"
2015-06-30 13:56:00,止盈,500ETF,510500.XSHG,8.97,800.0,4500.0,226.48,6.0,2015-06-30,2015-06,"500ETF
510500.XSHG"
2015-07-01 09:38:00,止盈,创业板ETF易方达,159915.XSHE,2.755,2600.0,31200.0,215.08,12.0,2015-07-01,2015-07,"创业板ETF易方达
159915.XSHE"
2015-07-01 11:08:00,止盈,创业板ETF易方达,159915.XSHE,2.839,2500.0,28700.0,209.29,11.0,2015-07-01,2015-07,"创业板ETF易方达
159915.XSHE"
2015-07-01 13:13:00,加仓,创业板ETF易方达,159915.XSHE,2.75,2400.0,31100.0,,12.0,2015-07-01,2015-07,"创业板ETF易方达
159915.XSHE"
2015-07-01 14:19:00,加仓,500ETF,510500.XSHG,8.7,700.0,5200.0,,7.0,2015-07-01,2015-07,"500ETF
510500.XSHG"
2015-07-01 14:20:00,等级校准,500ETF,510500.XSHG,,,5200.0,,,2015-07-01,2015-07,"500ETF
510500.XSHG"
2015-07-01 14:39:00,加仓,创业板ETF易方达,159915.XSHE,2.661,2500.0,33600.0,,13.0,2015-07-01,2015-07,"创业板ETF易方达
159915.XSHE"
2015-07-01 14:40:00,等级校准,创业板ETF易方达,159915.XSHE,,,33600.0,,,2015-07-01,2015-07,"创业板ETF易方达
159915.XSHE"
2015-07-01 14:48:00,加仓,500ETF,510500.XSHG,8.401,800.0,6000.0,,7.0,2015-07-01,2015-07,"500ETF
510500.XSHG"
2015-07-01 14:49:00,加仓,创业板ETF易方达,159915.XSHE,2.574,2600.0,36200.0,,13.0,2015-07-01,2015-07,"创业板ETF易方达
159915.XSHE"
2015-07-02 09:35:00,加仓,500ETF,510500.XSHG,8.073,800.0,6800.0,,8.0,2015-07-02,2015-07,"500ETF
510500.XSHG"
2015-07-02 09:40:00,止盈,500ETF,510500.XSHG,8.332,800.0,6000.0,206.53,7.0,2015-07-02,2015-07,"500ETF
510500.XSHG"
2015-07-02 10:36:00,加仓,500ETF,510500.XSHG,8.066,800.0,6800.0,,8.0,2015-07-02,2015-07,"500ETF
510500.XSHG"
2015-07-02 10:43:00,止盈,500ETF,510500.XSHG,8.487,800.0,6000.0,336.12,7.0,2015-07-02,2015-07,"500ETF
510500.XSHG"
2015-07-02 10:52:00,加仓,500ETF,510500.XSHG,8.201,800.0,6800.0,,8.0,2015-07-02,2015-07,"500ETF
510500.XSHG"
2015-07-02 11:06:00,止盈,创业板ETF易方达,159915.XSHE,2.655,2700.0,33500.0,217.98,12.0,2015-07-02,2015-07,"创业板ETF易方达
159915.XSHE"
2015-07-02 13:18:00,加仓,创业板ETF易方达,159915.XSHE,2.575,2600.0,36100.0,,13.0,2015-07-02,2015-07,"创业板ETF易方达
159915.XSHE"
2015-07-02 13:53:00,加仓,创业板ETF易方达,159915.XSHE,2.497,2700.0,38800.0,,14.0,2015-07-02,2015-07,"创业板ETF易方达
159915.XSHE"
2015-07-02 13:54:00,等级校准,创业板ETF易方达,159915.XSHE,,,38800.0,,,2015-07-02,2015-07,"创业板ETF易方达
159915.XSHE"
2015-07-02 14:07:00,加仓,500ETF,510500.XSHG,7.952,800.0,7600.0,,9.0,2015-07-02,2015-07,"500ETF
510500.XSHG"
2015-07-02 14:14:00,加仓,创业板ETF易方达,159915.XSHE,2.403,2800.0,41600.0,,14.0,2015-07-02,2015-07,"创业板ETF易方达
159915.XSHE"
2015-07-02 14:26:00,止盈,创业板ETF易方达,159915.XSHE,2.483,2900.0,38700.0,231.28,13.0,2015-07-02,2015-07,"创业板ETF易方达
159915.XSHE"
2015-07-02 14:49:00,止盈,创业板ETF易方达,159915.XSHE,2.573,2800.0,35900.0,251.28,13.0,2015-07-02,2015-07,"创业板ETF易方达
159915.XSHE"
2015-07-02 14:57:00,加仓,创业板ETF易方达,159915.XSHE,2.477,2700.0,38600.0,,14.0,2015-07-02,2015-07,"创业板ETF易方达
159915.XSHE"
2015-07-02 14:58:00,等级校准,创业板ETF易方达,159915.XSHE,,,38600.0,,,2015-07-02,2015-07,"创业板ETF易方达
159915.XSHE"
2015-07-03 09:31:00,加仓,创业板ETF易方达,159915.XSHE,2.402,2800.0,41400.0,,14.0,2015-07-03,2015-07,"创业板ETF易方达
159915.XSHE"
2015-07-03 09:32:00,加仓,500ETF,510500.XSHG,7.69,800.0,8400.0,,10.0,2015-07-03,2015-07,"500ETF
510500.XSHG"
2015-07-03 09:33:00,等级校准,500ETF,510500.XSHG,,,8400.0,,,2015-07-03,2015-07,"500ETF
510500.XSHG"
2015-07-03 09:43:00,加仓,500ETF,510500.XSHG,7.457,900.0,9300.0,,10.0,2015-07-03,2015-07,"500ETF
510500.XSHG"
2015-07-03 10:23:00,加仓,500ETF,510500.XSHG,7.23,900.0,10200.0,,11.0,2015-07-03,2015-07,"500ETF
510500.XSHG"
2015-07-03 10:24:00,加仓,创业板ETF易方达,159915.XSHE,2.326,2900.0,44300.0,,15.0,2015-07-03,2015-07,"创业板ETF易方达
159915.XSHE"
2015-07-03 10:25:00,等级校准,创业板ETF易方达,159915.XSHE,,,44300.0,,,2015-07-03,2015-07,"创业板ETF易方达
159915.XSHE"
2015-07-03 11:12:00,加仓,黄金ETF,518880.XSHG,2.313,2900.0,35600.0,,12.0,2015-07-03,2015-07,"黄金ETF
518880.XSHG"
2015-07-03 11:13:00,等级校准,黄金ETF,518880.XSHG,,,35600.0,,,2015-07-03,2015-07,"黄金ETF
518880.XSHG"
2015-07-03 11:21:00,止盈,500ETF,510500.XSHG,7.459,900.0,9300.0,205.43,10.0,2015-07-03,2015-07,"500ETF
510500.XSHG"
2015-07-03 11:21:00,止盈,创业板ETF易方达,159915.XSHE,2.398,3000.0,41300.0,215.28,14.0,2015-07-03,2015-07,"创业板ETF易方达
159915.XSHE"
2015-07-03 11:24:00,止盈,创业板ETF易方达,159915.XSHE,2.47,2900.0,38400.0,208.08,13.0,2015-07-03,2015-07,"创业板ETF易方达
159915.XSHE"
2015-07-03 13:02:00,止盈,500ETF,510500.XSHG,7.721,900.0,8400.0,235.11,9.0,2015-07-03,2015-07,"500ETF
510500.XSHG"
2015-07-03 13:02:00,止盈,创业板ETF易方达,159915.XSHE,2.55,2800.0,35600.0,223.29,13.0,2015-07-03,2015-07,"创业板ETF易方达
159915.XSHE"
2015-07-03 13:19:00,止盈,500ETF,510500.XSHG,7.964,900.0,7500.0,217.98,9.0,2015-07-03,2015-07,"500ETF
510500.XSHG"
2015-07-03 13:21:00,止盈,创业板ETF易方达,159915.XSHE,2.63,2700.0,32900.0,215.29,12.0,2015-07-03,2015-07,"创业板ETF易方达
159915.XSHE"
2015-07-03 13:38:00,加仓,500ETF,510500.XSHG,7.693,800.0,8300.0,,10.0,2015-07-03,2015-07,"500ETF
510500.XSHG"
2015-07-03 13:38:00,加仓,创业板ETF易方达,159915.XSHE,2.549,2600.0,35500.0,,13.0,2015-07-03,2015-07,"创业板ETF易方达
159915.XSHE"
2015-07-03 13:39:00,等级校准,500ETF,510500.XSHG,,,8300.0,,,2015-07-03,2015-07,"500ETF
510500.XSHG"
2015-07-03 14:01:00,加仓,500ETF,510500.XSHG,7.462,900.0,9200.0,,10.0,2015-07-03,2015-07,"500ETF
510500.XSHG"
2015-07-03 14:34:00,加仓,创业板ETF易方达,159915.XSHE,2.467,2700.0,38200.0,,14.0,2015-07-03,2015-07,"创业板ETF易方达
159915.XSHE"
2015-07-03 14:35:00,等级校准,创业板ETF易方达,159915.XSHE,,,38200.0,,,2015-07-03,2015-07,"创业板ETF易方达
159915.XSHE"
2015-07-06 09:31:00,止盈,500ETF,510500.XSHG,8.148,900.0,8300.0,616.67,10.0,2015-07-06,2015-07,"500ETF
510500.XSHG"
2015-07-06 09:31:00,止盈,创业板ETF易方达,159915.XSHE,2.683,2800.0,35400.0,604.05,13.0,2015-07-06,2015-07,"创业板ETF易方达
159915.XSHE"
2015-07-06 09:34:00,加仓,500ETF,510500.XSHG,7.801,800.0,9100.0,,11.0,2015-07-06,2015-07,"500ETF
510500.XSHG"
2015-07-06 09:34:00,加仓,创业板ETF易方达,159915.XSHE,2.595,2600.0,38000.0,,14.0,2015-07-06,2015-07,"创业板ETF易方达
159915.XSHE"
2015-07-06 09:55:00,加仓,创业板ETF易方达,159915.XSHE,2.513,2600.0,40600.0,,15.0,2015-07-06,2015-07,"创业板ETF易方达
159915.XSHE"
2015-07-06 10:00:00,加仓,500ETF,510500.XSHG,7.514,800.0,9900.0,,12.0,2015-07-06,2015-07,"500ETF
510500.XSHG"
2015-07-06 10:01:00,等级校准,500ETF,510500.XSHG,,,9900.0,,,2015-07-06,2015-07,"500ETF
510500.XSHG"
2015-07-06 10:41:00,加仓,创业板ETF易方达,159915.XSHE,2.432,2700.0,43300.0,,16.0,2015-07-06,2015-07,"创业板ETF易方达
159915.XSHE"
2015-07-06 10:42:00,等级校准,创业板ETF易方达,159915.XSHE,,,43300.0,,,2015-07-06,2015-07,"创业板ETF易方达
159915.XSHE"
2015-07-06 11:14:00,加仓,创业板ETF易方达,159915.XSHE,2.353,2800.0,46100.0,,16.0,2015-07-06,2015-07,"创业板ETF易方达
159915.XSHE"
2015-07-06 11:15:00,加仓,500ETF,510500.XSHG,7.219,900.0,10800.0,,12.0,2015-07-06,2015-07,"500ETF
510500.XSHG"
2015-07-06 11:15:00,等级校准,创业板ETF易方达,159915.XSHE,,,46100.0,,,2015-07-06,2015-07,"创业板ETF易方达
159915.XSHE"
2015-07-06 11:19:00,加仓,500ETF,510500.XSHG,6.987,900.0,11700.0,,13.0,2015-07-06,2015-07,"500ETF
510500.XSHG"
2015-07-06 11:20:00,等级校准,500ETF,510500.XSHG,,,11700.0,,,2015-07-06,2015-07,"500ETF
510500.XSHG"
2015-07-06 11:20:00,加仓,创业板ETF易方达,159915.XSHE,2.273,2900.0,49000.0,,16.0,2015-07-06,2015-07,"创业板ETF易方达
159915.XSHE"
2015-07-06 11:25:00,止盈,500ETF,510500.XSHG,7.21,1000.0,10700.0,222.28,11.0,2015-07-06,2015-07,"500ETF
510500.XSHG"
2015-07-06 11:26:00,止盈,创业板ETF易方达,159915.XSHE,2.347,3000.0,46000.0,221.3,15.0,2015-07-06,2015-07,"创业板ETF易方达
159915.XSHE"
2015-07-06 13:03:00,加仓,500ETF,510500.XSHG,6.965,900.0,11600.0,,12.0,2015-07-06,2015-07,"500ETF
510500.XSHG"
2015-07-06 13:04:00,等级校准,500ETF,510500.XSHG,,,11600.0,,,2015-07-06,2015-07,"500ETF
510500.XSHG"
2015-07-06 13:04:00,加仓,创业板ETF易方达,159915.XSHE,2.265,2900.0,48900.0,,16.0,2015-07-06,2015-07,"创业板ETF易方达
159915.XSHE"
2015-07-06 14:42:00,止盈,500ETF,510500.XSHG,7.249,1000.0,10600.0,283.28,11.0,2015-07-06,2015-07,"500ETF
510500.XSHG"
2015-07-06 14:48:00,止盈,创业板ETF易方达,159915.XSHE,2.356,3000.0,45900.0,272.29,15.0,2015-07-06,2015-07,"创业板ETF易方达
159915.XSHE"
2015-07-07 09:31:00,加仓,创业板ETF易方达,159915.XSHE,2.24,2900.0,48800.0,,16.0,2015-07-07,2015-07,"创业板ETF易方达
159915.XSHE"
2015-07-07 09:32:00,等级校准,创业板ETF易方达,159915.XSHE,,,48800.0,,,2015-07-07,2015-07,"创业板ETF易方达
159915.XSHE"
2015-07-07 09:36:00,加仓,纳指ETF,513100.XSHG,1.383,4900.0,56800.0,,11.0,2015-07-07,2015-07,"纳指ETF
513100.XSHG"
2015-07-07 09:43:00,加仓,500ETF,510500.XSHG,7.027,900.0,11500.0,,12.0,2015-07-07,2015-07,"500ETF
510500.XSHG"
2015-07-07 09:43:00,加仓,创业板ETF易方达,159915.XSHE,2.171,3100.0,51900.0,,16.0,2015-07-07,2015-07,"创业板ETF易方达
159915.XSHE"
2015-07-07 10:30:00,加仓,创业板ETF易方达,159915.XSHE,2.103,3200.0,55100.0,,17.0,2015-07-07,2015-07,"创业板ETF易方达
159915.XSHE"
2015-07-07 10:31:00,等级校准,创业板ETF易方达,159915.XSHE,,,55100.0,,,2015-07-07,2015-07,"创业板ETF易方达
159915.XSHE"
2015-07-07 10:39:00,加仓,500ETF,510500.XSHG,6.763,900.0,12400.0,,13.0,2015-07-07,2015-07,"500ETF
510500.XSHG"
2015-07-07 10:40:00,等级校准,500ETF,510500.XSHG,,,12400.0,,,2015-07-07,2015-07,"500ETF
510500.XSHG"
2015-07-08 09:31:00,加仓,500ETF,510500.XSHG,6.16,1000.0,13400.0,,13.0,2015-07-08,2015-07,"500ETF
510500.XSHG"
2015-07-08 09:31:00,加仓,创业板ETF易方达,159915.XSHE,1.887,3300.0,58400.0,,17.0,2015-07-08,2015-07,"创业板ETF易方达
159915.XSHE"
2015-07-08 09:32:00,等级校准,500ETF,510500.XSHG,,,13400.0,,,2015-07-08,2015-07,"500ETF
510500.XSHG"
2015-07-08 09:32:00,等级校准,创业板ETF易方达,159915.XSHE,,,58400.0,,,2015-07-08,2015-07,"创业板ETF易方达
159915.XSHE"
2015-07-08 09:48:00,止盈,纳指ETF,513100.XSHG,1.425,5000.0,51800.0,209.29,10.0,2015-07-08,2015-07,"纳指ETF
513100.XSHG"
2015-07-08 10:04:00,加仓,黄金ETF,518880.XSHG,2.241,3000.0,38600.0,,12.0,2015-07-08,2015-07,"黄金ETF
518880.XSHG"
2015-07-08 10:57:00,止盈,创业板ETF易方达,159915.XSHE,1.955,3700.0,54700.0,250.88,15.0,2015-07-08,2015-07,"创业板ETF易方达
159915.XSHE"
2015-07-08 11:21:00,加仓,创业板ETF易方达,159915.XSHE,1.895,3500.0,58200.0,,16.0,2015-07-08,2015-07,"创业板ETF易方达
159915.XSHE"
2015-07-08 13:01:00,止盈,创业板ETF易方达,159915.XSHE,1.975,3600.0,54600.0,287.29,15.0,2015-07-08,2015-07,"创业板ETF易方达
159915.XSHE"
2015-07-08 13:03:00,止盈,500ETF,510500.XSHG,6.362,1100.0,12300.0,221.5,11.0,2015-07-08,2015-07,"500ETF
510500.XSHG"
2015-07-08 13:24:00,加仓,创业板ETF易方达,159915.XSHE,1.909,3500.0,58100.0,,16.0,2015-07-08,2015-07,"创业板ETF易方达
159915.XSHE"
2015-07-08 13:26:00,加仓,纳指ETF,513100.XSHG,1.343,4900.0,56700.0,,11.0,2015-07-08,2015-07,"纳指ETF
513100.XSHG"
2015-07-08 13:27:00,等级校准,纳指ETF,513100.XSHG,,,56700.0,,,2015-07-08,2015-07,"纳指ETF
513100.XSHG"
2015-07-08 13:29:00,止盈,纳指ETF,513100.XSHG,1.39,5200.0,51500.0,243.68,10.0,2015-07-08,2015-07,"纳指ETF
513100.XSHG"
2015-07-08 13:53:00,加仓,500ETF,510500.XSHG,6.161,1100.0,13400.0,,12.0,2015-07-08,2015-07,"500ETF
510500.XSHG"
2015-07-09 09:37:00,加仓,500ETF,510500.XSHG,5.942,1100.0,14500.0,,13.0,2015-07-09,2015-07,"500ETF
510500.XSHG"
2015-07-09 09:38:00,止盈,500ETF,510500.XSHG,6.142,1100.0,13400.0,219.32,12.0,2015-07-09,2015-07,"500ETF
510500.XSHG"
2015-07-09 09:43:00,止盈,创业板ETF易方达,159915.XSHE,1.969,3600.0,54500.0,215.29,15.0,2015-07-09,2015-07,"创业板ETF易方达
159915.XSHE"
2015-07-09 09:50:00,止盈,创业板ETF易方达,159915.XSHE,2.042,3500.0,51000.0,254.79,15.0,2015-07-09,2015-07,"创业板ETF易方达
159915.XSHE"
2015-07-09 09:51:00,止盈,500ETF,510500.XSHG,6.339,1100.0,12300.0,216.0,11.0,2015-07-09,2015-07,"500ETF
510500.XSHG"
2015-07-09 09:55:00,止盈,500ETF,510500.XSHG,6.58,1100.0,11200.0,264.38,11.0,2015-07-09,2015-07,"500ETF
510500.XSHG"
2015-07-09 14:08:00,止盈,黄金ETF,518880.XSHG,2.311,3100.0,35500.0,216.28,11.0,2015-07-09,2015-07,"黄金ETF
518880.XSHG"
2015-07-10 09:31:00,止盈,500ETF,510500.XSHG,7.135,1000.0,10200.0,554.29,11.0,2015-07-10,2015-07,"500ETF
510500.XSHG"
2015-07-10 09:31:00,止盈,创业板ETF易方达,159915.XSHE,2.283,3400.0,47600.0,818.62,15.0,2015-07-10,2015-07,"创业板ETF易方达
159915.XSHE"
2015-07-10 09:37:00,止盈,500ETF,510500.XSHG,7.419,900.0,9300.0,254.93,10.0,2015-07-10,2015-07,"500ETF
510500.XSHG"
2015-07-13 09:31:00,止盈,500ETF,510500.XSHG,7.737,900.0,8400.0,285.5,9.0,2015-07-13,2015-07,"500ETF
510500.XSHG"
2015-07-13 09:31:00,止盈,创业板ETF易方达,159915.XSHE,2.518,3000.0,44600.0,704.24,16.0,2015-07-13,2015-07,"创业板ETF易方达
159915.XSHE"
2015-07-13 11:10:00,止盈,500ETF,510500.XSHG,7.999,900.0,7500.0,235.08,9.0,2015-07-13,2015-07,"500ETF
510500.XSHG"
2015-07-14 09:32:00,止盈,创业板ETF易方达,159915.XSHE,2.603,2700.0,41900.0,228.8,16.0,2015-07-14,2015-07,"创业板ETF易方达
159915.XSHE"
2015-07-14 09:38:00,止盈,创业板ETF易方达,159915.XSHE,2.682,2600.0,39300.0,204.7,15.0,2015-07-14,2015-07,"创业板ETF易方达
159915.XSHE"
2015-07-14 10:16:00,止盈,纳指ETF,513100.XSHG,1.434,5000.0,46500.0,219.28,9.0,2015-07-14,2015-07,"纳指ETF
513100.XSHG"
2015-07-14 10:38:00,止盈,创业板ETF易方达,159915.XSHE,2.77,2600.0,36700.0,228.08,14.0,2015-07-14,2015-07,"创业板ETF易方达
159915.XSHE"
2015-07-14 10:40:00,止盈,500ETF,510500.XSHG,8.268,800.0,6700.0,214.54,8.0,2015-07-14,2015-07,"500ETF
510500.XSHG"
2015-07-14 11:28:00,加仓,创业板ETF易方达,159915.XSHE,2.681,2500.0,39200.0,,15.0,2015-07-14,2015-07,"创业板ETF易方达
159915.XSHE"
2015-07-14 13:01:00,加仓,500ETF,510500.XSHG,8.004,800.0,7500.0,,9.0,2015-07-14,2015-07,"500ETF
510500.XSHG"
2015-07-14 13:25:00,加仓,创业板ETF易方达,159915.XSHE,2.589,2600.0,41800.0,,16.0,2015-07-14,2015-07,"创业板ETF易方达
159915.XSHE"
2015-07-14 13:26:00,等级校准,创业板ETF易方达,159915.XSHE,,,41800.0,,,2015-07-14,2015-07,"创业板ETF易方达
159915.XSHE"
2015-07-14 14:32:00,止盈,创业板ETF易方达,159915.XSHE,2.702,2700.0,39100.0,304.37,15.0,2015-07-14,2015-07,"创业板ETF易方达
159915.XSHE"
2015-07-15 09:31:00,加仓,创业板ETF易方达,159915.XSHE,2.586,2500.0,41600.0,,16.0,2015-07-15,2015-07,"创业板ETF易方达
159915.XSHE"
2015-07-15 09:32:00,等级校准,创业板ETF易方达,159915.XSHE,,,41600.0,,,2015-07-15,2015-07,"创业板ETF易方达
159915.XSHE"
2015-07-15 09:51:00,加仓,500ETF,510500.XSHG,7.756,800.0,8300.0,,10.0,2015-07-15,2015-07,"500ETF
510500.XSHG"
2015-07-15 09:52:00,等级校准,500ETF,510500.XSHG,,,8300.0,,,2015-07-15,2015-07,"500ETF
510500.XSHG"
2015-07-15 10:59:00,加仓,创业板ETF易方达,159915.XSHE,2.508,2700.0,44300.0,,16.0,2015-07-15,2015-07,"创业板ETF易方达
159915.XSHE"
2015-07-15 13:14:00,加仓,500ETF,510500.XSHG,7.51,900.0,9200.0,,10.0,2015-07-15,2015-07,"500ETF
510500.XSHG"
2015-07-15 13:19:00,加仓,创业板ETF易方达,159915.XSHE,2.431,2700.0,47000.0,,17.0,2015-07-15,2015-07,"创业板ETF易方达
159915.XSHE"
2015-07-15 13:20:00,等级校准,创业板ETF易方达,159915.XSHE,,,47000.0,,,2015-07-15,2015-07,"创业板ETF易方达
159915.XSHE"
2015-07-15 14:43:00,加仓,500ETF,510500.XSHG,7.267,900.0,10100.0,,11.0,2015-07-15,2015-07,"500ETF
510500.XSHG"
2015-07-16 09:31:00,加仓,创业板ETF易方达,159915.XSHE,2.302,2800.0,49800.0,,17.0,2015-07-16,2015-07,"创业板ETF易方达
159915.XSHE"
2015-07-16 09:32:00,等级校准,创业板ETF易方达,159915.XSHE,,,49800.0,,,2015-07-16,2015-07,"创业板ETF易方达
159915.XSHE"
2015-07-16 09:34:00,加仓,500ETF,510500.XSHG,6.993,900.0,11000.0,,12.0,2015-07-16,2015-07,"500ETF
510500.XSHG"
2015-07-16 09:35:00,等级校准,500ETF,510500.XSHG,,,11000.0,,,2015-07-16,2015-07,"500ETF
510500.XSHG"
2015-07-16 09:45:00,止盈,500ETF,510500.XSHG,7.238,1000.0,10000.0,244.28,11.0,2015-07-16,2015-07,"500ETF
510500.XSHG"
2015-07-16 09:45:00,止盈,创业板ETF易方达,159915.XSHE,2.372,3000.0,46800.0,209.29,16.0,2015-07-16,2015-07,"创业板ETF易方达
159915.XSHE"
2015-07-16 09:55:00,止盈,500ETF,510500.XSHG,7.479,900.0,9100.0,216.23,10.0,2015-07-16,2015-07,"500ETF
510500.XSHG"
2015-07-16 09:55:00,止盈,创业板ETF易方达,159915.XSHE,2.459,2900.0,43900.0,251.59,15.0,2015-07-16,2015-07,"创业板ETF易方达
159915.XSHE"
2015-07-16 10:56:00,止盈,500ETF,510500.XSHG,7.707,900.0,8200.0,204.51,9.0,2015-07-16,2015-07,"500ETF
510500.XSHG"
2015-07-16 10:58:00,止盈,创业板ETF易方达,159915.XSHE,2.538,2800.0,41100.0,220.49,15.0,2015-07-16,2015-07,"创业板ETF易方达
159915.XSHE"
2015-07-16 13:23:00,加仓,创业板ETF易方达,159915.XSHE,2.461,2700.0,43800.0,,16.0,2015-07-16,2015-07,"创业板ETF易方达
159915.XSHE"
2015-07-16 13:24:00,等级校准,创业板ETF易方达,159915.XSHE,,,43800.0,,,2015-07-16,2015-07,"创业板ETF易方达
159915.XSHE"
2015-07-16 13:53:00,加仓,500ETF,510500.XSHG,7.455,900.0,9100.0,,10.0,2015-07-16,2015-07,"500ETF
510500.XSHG"
2015-07-17 09:31:00,止盈,500ETF,510500.XSHG,7.719,900.0,8200.0,236.91,9.0,2015-07-17,2015-07,"500ETF
510500.XSHG"
2015-07-17 09:53:00,止盈,创业板ETF易方达,159915.XSHE,2.546,2800.0,41000.0,237.29,15.0,2015-07-17,2015-07,"创业板ETF易方达
159915.XSHE"
2015-07-17 13:48:00,止盈,500ETF,510500.XSHG,7.961,900.0,7300.0,217.08,9.0,2015-07-17,2015-07,"500ETF
510500.XSHG"
2015-07-17 13:50:00,止盈,创业板ETF易方达,159915.XSHE,2.628,2700.0,38300.0,220.69,14.0,2015-07-17,2015-07,"创业板ETF易方达
159915.XSHE"
2015-07-17 14:39:00,止盈,创业板ETF易方达,159915.XSHE,2.708,2600.0,35700.0,207.3,14.0,2015-07-17,2015-07,"创业板ETF易方达
159915.XSHE"
2015-07-17 14:50:00,止盈,纳指ETF,513100.XSHG,1.479,4800.0,41700.0,215.29,8.0,2015-07-17,2015-07,"纳指ETF
513100.XSHG"
2015-07-20 09:39:00,加仓,黄金ETF,518880.XSHG,2.241,3000.0,38500.0,,12.0,2015-07-20,2015-07,"黄金ETF
518880.XSHG"
2015-07-20 09:55:00,止盈,500ETF,510500.XSHG,8.245,800.0,6500.0,226.54,8.0,2015-07-20,2015-07,"500ETF
510500.XSHG"
2015-07-20 10:04:00,止盈,纳指ETF,513100.XSHG,1.525,4700.0,37000.0,215.48,8.0,2015-07-20,2015-07,"纳指ETF
513100.XSHG"
2015-07-20 11:04:00,加仓,500ETF,510500.XSHG,7.985,800.0,7300.0,,9.0,2015-07-20,2015-07,"500ETF
510500.XSHG"
2015-07-20 11:04:00,加仓,创业板ETF易方达,159915.XSHE,2.626,2500.0,38200.0,,15.0,2015-07-20,2015-07,"创业板ETF易方达
159915.XSHE"
2015-07-20 11:05:00,等级校准,创业板ETF易方达,159915.XSHE,,,38200.0,,,2015-07-20,2015-07,"创业板ETF易方达
159915.XSHE"
2015-07-20 13:06:00,止盈,创业板ETF易方达,159915.XSHE,2.707,2600.0,35600.0,209.9,14.0,2015-07-20,2015-07,"创业板ETF易方达
159915.XSHE"
2015-07-20 14:29:00,止盈,500ETF,510500.XSHG,8.227,800.0,6500.0,192.94,8.0,2015-07-20,2015-07,"500ETF
510500.XSHG"
2015-07-21 09:31:00,加仓,500ETF,510500.XSHG,7.972,800.0,7300.0,,9.0,2015-07-21,2015-07,"500ETF
510500.XSHG"
2015-07-21 10:28:00,止盈,500ETF,510500.XSHG,8.212,800.0,6500.0,191.34,8.0,2015-07-21,2015-07,"500ETF
510500.XSHG"
2015-07-23 11:05:00,止盈,500ETF,510500.XSHG,8.459,800.0,5700.0,196.92,7.0,2015-07-23,2015-07,"500ETF
510500.XSHG"
2015-07-23 13:03:00,止盈,创业板ETF易方达,159915.XSHE,2.793,2500.0,33100.0,214.3,13.0,2015-07-23,2015-07,"创业板ETF易方达
159915.XSHE"
2015-07-24 10:10:00,止盈,500ETF,510500.XSHG,8.713,800.0,4900.0,202.5,6.0,2015-07-24,2015-07,"500ETF
510500.XSHG"
2015-07-24 14:51:00,加仓,500ETF,510500.XSHG,8.45,800.0,5700.0,,7.0,2015-07-24,2015-07,"500ETF
510500.XSHG"
2015-07-24 14:51:00,加仓,创业板ETF易方达,159915.XSHE,2.695,2500.0,35600.0,,14.0,2015-07-24,2015-07,"创业板ETF易方达
159915.XSHE"
2015-07-27 10:00:00,加仓,纳指ETF,513100.XSHG,1.479,4500.0,41500.0,,9.0,2015-07-27,2015-07,"纳指ETF
513100.XSHG"
2015-07-27 10:01:00,等级校准,纳指ETF,513100.XSHG,,,41500.0,,,2015-07-27,2015-07,"纳指ETF
513100.XSHG"
2015-07-27 13:28:00,加仓,创业板ETF易方达,159915.XSHE,2.609,2500.0,38100.0,,15.0,2015-07-27,2015-07,"创业板ETF易方达
159915.XSHE"
2015-07-27 13:29:00,等级校准,创业板ETF易方达,159915.XSHE,,,38100.0,,,2015-07-27,2015-07,"创业板ETF易方达
159915.XSHE"
2015-07-27 14:16:00,加仓,500ETF,510500.XSHG,8.192,800.0,6500.0,,8.0,2015-07-27,2015-07,"500ETF
510500.XSHG"
2015-07-27 14:37:00,加仓,500ETF,510500.XSHG,7.918,800.0,7300.0,,9.0,2015-07-27,2015-07,"500ETF
510500.XSHG"
2015-07-27 14:40:00,加仓,创业板ETF易方达,159915.XSHE,2.518,2600.0,40700.0,,15.0,2015-07-27,2015-07,"创业板ETF易方达
159915.XSHE"
2015-07-28 09:31:00,加仓,500ETF,510500.XSHG,7.531,800.0,8100.0,,10.0,2015-07-28,2015-07,"500ETF
510500.XSHG"
2015-07-28 09:31:00,加仓,创业板ETF易方达,159915.XSHE,2.381,2700.0,43400.0,,16.0,2015-07-28,2015-07,"创业板ETF易方达
159915.XSHE"
2015-07-28 09:32:00,等级校准,500ETF,510500.XSHG,,,8100.0,,,2015-07-28,2015-07,"500ETF
510500.XSHG"
2015-07-28 09:32:00,等级校准,创业板ETF易方达,159915.XSHE,,,43400.0,,,2015-07-28,2015-07,"创业板ETF易方达
159915.XSHE"
2015-07-28 10:45:00,止盈,创业板ETF易方达,159915.XSHE,2.456,2900.0,40500.0,216.79,14.0,2015-07-28,2015-07,"创业板ETF易方达
159915.XSHE"
2015-07-28 10:55:00,止盈,500ETF,510500.XSHG,7.782,900.0,7200.0,225.2,9.0,2015-07-28,2015-07,"500ETF
510500.XSHG"
2015-07-28 10:59:00,止盈,创业板ETF易方达,159915.XSHE,2.532,2800.0,37700.0,212.09,13.0,2015-07-28,2015-07,"创业板ETF易方达
159915.XSHE"
2015-07-28 11:21:00,加仓,创业板ETF易方达,159915.XSHE,2.443,2700.0,40400.0,,14.0,2015-07-28,2015-07,"创业板ETF易方达
159915.XSHE"
2015-07-29 10:30:00,加仓,创业板ETF易方达,159915.XSHE,2.357,2800.0,43200.0,,15.0,2015-07-29,2015-07,"创业板ETF易方达
159915.XSHE"
2015-07-29 10:31:00,等级校准,创业板ETF易方达,159915.XSHE,,,43200.0,,,2015-07-29,2015-07,"创业板ETF易方达
159915.XSHE"
2015-07-29 13:22:00,加仓,500ETF,510500.XSHG,7.522,800.0,8000.0,,10.0,2015-07-29,2015-07,"500ETF
510500.XSHG"
2015-07-29 13:23:00,等级校准,500ETF,510500.XSHG,,,8000.0,,,2015-07-29,2015-07,"500ETF
510500.XSHG"
2015-07-29 13:34:00,加仓,创业板ETF易方达,159915.XSHE,2.281,2900.0,46100.0,,15.0,2015-07-29,2015-07,"创业板ETF易方达
159915.XSHE"
2015-07-29 13:59:00,止盈,创业板ETF易方达,159915.XSHE,2.357,3000.0,43100.0,227.29,14.0,2015-07-29,2015-07,"创业板ETF易方达
159915.XSHE"
2015-07-29 14:25:00,止盈,500ETF,510500.XSHG,7.766,900.0,7100.0,218.9,7.0,2015-07-29,2015-07,"500ETF
510500.XSHG"
2015-07-29 14:27:00,止盈,创业板ETF易方达,159915.XSHE,2.444,2900.0,40200.0,251.59,14.0,2015-07-29,2015-07,"创业板ETF易方达
159915.XSHE"
2015-07-29 14:51:00,止盈,500ETF,510500.XSHG,8.005,900.0,6200.0,214.38,7.0,2015-07-29,2015-07,"500ETF
510500.XSHG"
2015-07-29 14:51:00,止盈,创业板ETF易方达,159915.XSHE,2.526,2800.0,37400.0,228.89,13.0,2015-07-29,2015-07,"创业板ETF易方达
159915.XSHE"
2015-07-30 14:48:00,止盈,500ETF,510500.XSHG,8.377,800.0,5400.0,296.93,6.0,2015-07-30,2015-07,"500ETF
510500.XSHG"
2015-07-30 14:48:00,加仓,创业板ETF易方达,159915.XSHE,2.45,2700.0,40100.0,,14.0,2015-07-30,2015-07,"创业板ETF易方达
159915.XSHE"
2015-07-30 14:49:00,加仓,500ETF,510500.XSHG,8.037,800.0,6200.0,,7.0,2015-07-30,2015-07,"500ETF
510500.XSHG"
2015-07-31 09:31:00,止盈,纳指ETF,513100.XSHG,1.537,4700.0,36800.0,271.88,8.0,2015-07-31,2015-07,"纳指ETF
513100.XSHG"
2015-07-31 09:31:00,加仓,500ETF,510500.XSHG,7.791,800.0,7000.0,,8.0,2015-07-31,2015-07,"500ETF
510500.XSHG"
2015-07-31 09:31:00,加仓,创业板ETF易方达,159915.XSHE,2.361,2800.0,42900.0,,15.0,2015-07-31,2015-07,"创业板ETF易方达
159915.XSHE"
2015-07-31 09:32:00,等级校准,创业板ETF易方达,159915.XSHE,,,42900.0,,,2015-07-31,2015-07,"创业板ETF易方达
159915.XSHE"
2015-07-31 09:59:00,加仓,黄金ETF,518880.XSHG,2.172,3100.0,41600.0,,13.0,2015-07-31,2015-07,"黄金ETF
518880.XSHG"
2015-07-31 10:17:00,止盈,创业板ETF易方达,159915.XSHE,2.436,2900.0,40000.0,216.79,14.0,2015-07-31,2015-07,"创业板ETF易方达
159915.XSHE"
2015-07-31 14:45:00,加仓,创业板ETF易方达,159915.XSHE,2.356,2800.0,42800.0,,15.0,2015-07-31,2015-07,"创业板ETF易方达
159915.XSHE"
2015-07-31 14:46:00,等级校准,创业板ETF易方达,159915.XSHE,,,42800.0,,,2015-07-31,2015-07,"创业板ETF易方达
159915.XSHE"
2015-08-03 09:40:00,加仓,500ETF,510500.XSHG,7.541,800.0,7800.0,,9.0,2015-08-03,2015-08,"500ETF
510500.XSHG"
2015-08-03 09:41:00,等级校准,500ETF,510500.XSHG,,,7800.0,,,2015-08-03,2015-08,"500ETF
510500.XSHG"
2015-08-03 11:02:00,加仓,创业板ETF易方达,159915.XSHE,2.285,2900.0,45700.0,,15.0,2015-08-03,2015-08,"创业板ETF易方达
159915.XSHE"
2015-08-04 13:02:00,止盈,500ETF,510500.XSHG,7.778,900.0,6900.0,212.6,8.0,2015-08-04,2015-08,"500ETF
510500.XSHG"
2015-08-04 13:10:00,止盈,创业板ETF易方达,159915.XSHE,2.357,3000.0,42700.0,215.29,14.0,2015-08-04,2015-08,"创业板ETF易方达
159915.XSHE"
2015-08-04 14:52:00,止盈,500ETF,510500.XSHG,8.066,800.0,6100.0,229.75,7.0,2015-08-04,2015-08,"500ETF
510500.XSHG"
2015-08-04 14:55:00,止盈,创业板ETF易方达,159915.XSHE,2.43,2900.0,39800.0,211.0,14.0,2015-08-04,2015-08,"创业板ETF易方达
159915.XSHE"
2015-08-05 13:01:00,加仓,创业板ETF易方达,159915.XSHE,2.354,2800.0,42600.0,,15.0,2015-08-05,2015-08,"创业板ETF易方达
159915.XSHE"
2015-08-05 13:02:00,等级校准,创业板ETF易方达,159915.XSHE,,,42600.0,,,2015-08-05,2015-08,"创业板ETF易方达
159915.XSHE"
2015-08-06 09:31:00,加仓,500ETF,510500.XSHG,7.72,800.0,6900.0,,8.0,2015-08-06,2015-08,"500ETF
510500.XSHG"
2015-08-06 09:32:00,等级校准,500ETF,510500.XSHG,,,6900.0,,,2015-08-06,2015-08,"500ETF
510500.XSHG"
2015-08-06 10:41:00,止盈,500ETF,510500.XSHG,7.964,900.0,6000.0,218.88,7.0,2015-08-06,2015-08,"500ETF
510500.XSHG"
2015-08-07 10:17:00,止盈,创业板ETF易方达,159915.XSHE,2.425,2900.0,39700.0,205.2,14.0,2015-08-07,2015-08,"创业板ETF易方达
159915.XSHE"
2015-08-10 09:31:00,止盈,500ETF,510500.XSHG,8.204,800.0,5200.0,191.34,6.0,2015-08-10,2015-08,"500ETF
510500.XSHG"
2015-08-10 10:24:00,止盈,创业板ETF易方达,159915.XSHE,2.5,2800.0,36900.0,209.3,13.0,2015-08-10,2015-08,"创业板ETF易方达
159915.XSHE"
2015-08-10 13:14:00,止盈,创业板ETF易方达,159915.XSHE,2.577,2800.0,34100.0,214.88,12.0,2015-08-10,2015-08,"创业板ETF易方达
159915.XSHE"
2015-08-10 13:59:00,止盈,500ETF,510500.XSHG,8.453,800.0,4400.0,198.52,5.0,2015-08-10,2015-08,"500ETF
510500.XSHG"
2015-08-10 14:49:00,加仓,纳指ETF,513100.XSHG,1.49,4500.0,41300.0,,9.0,2015-08-10,2015-08,"纳指ETF
513100.XSHG"
2015-08-10 14:50:00,等级校准,纳指ETF,513100.XSHG,,,41300.0,,,2015-08-10,2015-08,"纳指ETF
513100.XSHG"
2015-08-11 10:42:00,止盈,黄金ETF,518880.XSHG,2.239,3200.0,38400.0,213.68,12.0,2015-08-11,2015-08,"黄金ETF
518880.XSHG"
2015-08-11 13:38:00,止盈,纳指ETF,513100.XSHG,1.536,4600.0,36700.0,210.89,8.0,2015-08-11,2015-08,"纳指ETF
513100.XSHG"
2015-08-12 13:13:00,止盈,黄金ETF,518880.XSHG,2.307,3100.0,35300.0,210.08,11.0,2015-08-12,2015-08,"黄金ETF
518880.XSHG"
2015-08-12 14:54:00,加仓,创业板ETF易方达,159915.XSHE,2.496,2700.0,36800.0,,13.0,2015-08-12,2015-08,"创业板ETF易方达
159915.XSHE"
2015-08-14 09:31:00,止盈,500ETF,510500.XSHG,8.718,800.0,3600.0,211.3,4.0,2015-08-14,2015-08,"500ETF
510500.XSHG"
2015-08-14 09:31:00,止盈,创业板ETF易方达,159915.XSHE,2.586,2800.0,34000.0,251.28,12.0,2015-08-14,2015-08,"创业板ETF易方达
159915.XSHE"
2015-08-17 09:54:00,加仓,创业板ETF易方达,159915.XSHE,2.502,2700.0,36700.0,,13.0,2015-08-17,2015-08,"创业板ETF易方达
159915.XSHE"
2015-08-18 09:56:00,止盈,创业板ETF易方达,159915.XSHE,2.58,2700.0,34000.0,209.9,12.0,2015-08-18,2015-08,"创业板ETF易方达
159915.XSHE"
2015-08-18 13:12:00,加仓,创业板ETF易方达,159915.XSHE,2.501,2700.0,36700.0,,13.0,2015-08-18,2015-08,"创业板ETF易方达
159915.XSHE"
2015-08-18 13:34:00,加仓,500ETF,510500.XSHG,8.424,800.0,4400.0,,5.0,2015-08-18,2015-08,"500ETF
510500.XSHG"
2015-08-18 14:20:00,加仓,创业板ETF易方达,159915.XSHE,2.423,2700.0,39400.0,,14.0,2015-08-18,2015-08,"创业板ETF易方达
159915.XSHE"
2015-08-18 14:44:00,加仓,创业板ETF易方达,159915.XSHE,2.343,2800.0,42200.0,,15.0,2015-08-18,2015-08,"创业板ETF易方达
159915.XSHE"
2015-08-18 14:45:00,等级校准,创业板ETF易方达,159915.XSHE,,,42200.0,,,2015-08-18,2015-08,"创业板ETF易方达
159915.XSHE"
2015-08-18 14:47:00,加仓,500ETF,510500.XSHG,8.145,800.0,5200.0,,6.0,2015-08-18,2015-08,"500ETF
510500.XSHG"
2015-08-18 14:50:00,止盈,纳指ETF,513100.XSHG,1.595,4500.0,32200.0,264.78,7.0,2015-08-18,2015-08,"纳指ETF
513100.XSHG"
2015-08-19 10:58:00,加仓,500ETF,510500.XSHG,7.897,800.0,6000.0,,7.0,2015-08-19,2015-08,"500ETF
510500.XSHG"
2015-08-19 11:04:00,加仓,创业板ETF易方达,159915.XSHE,2.264,2900.0,45100.0,,15.0,2015-08-19,2015-08,"创业板ETF易方达
159915.XSHE"
2015-08-19 13:40:00,止盈,创业板ETF易方达,159915.XSHE,2.332,3000.0,42100.0,203.3,14.0,2015-08-19,2015-08,"创业板ETF易方达
159915.XSHE"
2015-08-19 14:06:00,止盈,500ETF,510500.XSHG,8.141,800.0,5200.0,194.55,6.0,2015-08-19,2015-08,"500ETF
510500.XSHG"
2015-08-19 14:33:00,止盈,创业板ETF易方达,159915.XSHE,2.41,3000.0,39100.0,233.28,13.0,2015-08-19,2015-08,"创业板ETF易方达
159915.XSHE"
2015-08-19 14:36:00,止盈,500ETF,510500.XSHG,8.398,800.0,4400.0,204.93,5.0,2015-08-19,2015-08,"500ETF
510500.XSHG"
2015-08-20 09:31:00,加仓,纳指ETF,513100.XSHG,1.542,4300.0,36500.0,,8.0,2015-08-20,2015-08,"纳指ETF
513100.XSHG"
2015-08-20 14:33:00,加仓,500ETF,510500.XSHG,8.136,800.0,5200.0,,6.0,2015-08-20,2015-08,"500ETF
510500.XSHG"
2015-08-21 09:31:00,加仓,纳指ETF,513100.XSHG,1.494,4500.0,41000.0,,9.0,2015-08-21,2015-08,"纳指ETF
513100.XSHG"
2015-08-21 09:31:00,止盈,黄金ETF,518880.XSHG,2.396,3000.0,32300.0,266.28,11.0,2015-08-21,2015-08,"黄金ETF
518880.XSHG"
2015-08-21 09:31:00,加仓,创业板ETF易方达,159915.XSHE,2.332,2900.0,42000.0,,14.0,2015-08-21,2015-08,"创业板ETF易方达
159915.XSHE"
2015-08-21 09:32:00,等级校准,纳指ETF,513100.XSHG,,,41000.0,,,2015-08-21,2015-08,"纳指ETF
513100.XSHG"
2015-08-21 09:57:00,加仓,500ETF,510500.XSHG,7.877,800.0,6000.0,,7.0,2015-08-21,2015-08,"500ETF
510500.XSHG"
2015-08-21 13:01:00,加仓,创业板ETF易方达,159915.XSHE,2.256,3000.0,45000.0,,15.0,2015-08-21,2015-08,"创业板ETF易方达
159915.XSHE"
2015-08-21 13:02:00,等级校准,创业板ETF易方达,159915.XSHE,,,45000.0,,,2015-08-21,2015-08,"创业板ETF易方达
159915.XSHE"
2015-08-21 14:17:00,止盈,创业板ETF易方达,159915.XSHE,2.324,3100.0,41900.0,210.08,13.0,2015-08-21,2015-08,"创业板ETF易方达
159915.XSHE"
2015-08-21 14:46:00,加仓,创业板ETF易方达,159915.XSHE,2.25,3000.0,44900.0,,14.0,2015-08-21,2015-08,"创业板ETF易方达
159915.XSHE"
2015-08-24 09:31:00,加仓,纳指ETF,513100.XSHG,1.405,4600.0,45600.0,,9.0,2015-08-24,2015-08,"纳指ETF
513100.XSHG"
2015-08-24 09:31:00,加仓,500ETF,510500.XSHG,7.398,800.0,6800.0,,8.0,2015-08-24,2015-08,"500ETF
510500.XSHG"
2015-08-24 09:31:00,加仓,创业板ETF易方达,159915.XSHE,2.111,3100.0,48000.0,,15.0,2015-08-24,2015-08,"创业板ETF易方达
159915.XSHE"
2015-08-24 09:32:00,等级校准,500ETF,510500.XSHG,,,6800.0,,,2015-08-24,2015-08,"500ETF
510500.XSHG"
2015-08-24 09:32:00,等级校准,创业板ETF易方达,159915.XSHE,,,48000.0,,,2015-08-24,2015-08,"创业板ETF易方达
159915.XSHE"
2015-08-24 09:42:00,止盈,黄金ETF,518880.XSHG,2.47,2900.0,29400.0,213.88,10.0,2015-08-24,2015-08,"黄金ETF
518880.XSHG"
2015-08-24 09:48:00,加仓,创业板ETF易方达,159915.XSHE,2.045,3300.0,51300.0,,15.0,2015-08-24,2015-08,"创业板ETF易方达
159915.XSHE"
2015-08-24 09:49:00,加仓,500ETF,510500.XSHG,7.173,900.0,7700.0,,8.0,2015-08-24,2015-08,"500ETF
510500.XSHG"
2015-08-24 11:27:00,加仓,500ETF,510500.XSHG,6.953,900.0,8600.0,,9.0,2015-08-24,2015-08,"500ETF
510500.XSHG"
2015-08-24 11:28:00,等级校准,500ETF,510500.XSHG,,,8600.0,,,2015-08-24,2015-08,"500ETF
510500.XSHG"
2015-08-24 14:07:00,加仓,黄金ETF,518880.XSHG,2.395,2800.0,32200.0,,11.0,2015-08-24,2015-08,"黄金ETF
518880.XSHG"
2015-08-25 09:31:00,加仓,纳指ETF,513100.XSHG,1.342,4900.0,50500.0,,10.0,2015-08-25,2015-08,"纳指ETF
513100.XSHG"
2015-08-25 09:31:00,加仓,500ETF,510500.XSHG,6.573,1000.0,9600.0,,9.0,2015-08-25,2015-08,"500ETF
510500.XSHG"
2015-08-25 09:31:00,加仓,创业板ETF易方达,159915.XSHE,1.861,3400.0,54700.0,,16.0,2015-08-25,2015-08,"创业板ETF易方达
159915.XSHE"
2015-08-25 09:32:00,等级校准,纳指ETF,513100.XSHG,,,50500.0,,,2015-08-25,2015-08,"纳指ETF
513100.XSHG"
2015-08-25 09:32:00,等级校准,创业板ETF易方达,159915.XSHE,,,54700.0,,,2015-08-25,2015-08,"创业板ETF易方达
159915.XSHE"
2015-08-25 10:26:00,止盈,纳指ETF,513100.XSHG,1.387,5200.0,45300.0,233.28,9.0,2015-08-25,2015-08,"纳指ETF
513100.XSHG"
2015-08-25 13:37:00,加仓,500ETF,510500.XSHG,6.362,1000.0,10600.0,,10.0,2015-08-25,2015-08,"500ETF
510500.XSHG"
2015-08-25 13:38:00,等级校准,500ETF,510500.XSHG,,,10600.0,,,2015-08-25,2015-08,"500ETF
510500.XSHG"
2015-08-25 14:09:00,加仓,创业板ETF易方达,159915.XSHE,1.804,3700.0,58400.0,,15.0,2015-08-25,2015-08,"创业板ETF易方达
159915.XSHE"
2015-08-26 09:38:00,加仓,创业板ETF易方达,159915.XSHE,1.749,3800.0,62200.0,,16.0,2015-08-26,2015-08,"创业板ETF易方达
159915.XSHE"
2015-08-26 09:39:00,等级校准,创业板ETF易方达,159915.XSHE,,,62200.0,,,2015-08-26,2015-08,"创业板ETF易方达
159915.XSHE"
2015-08-26 09:48:00,止盈,创业板ETF易方达,159915.XSHE,1.814,4000.0,58200.0,259.27,15.0,2015-08-26,2015-08,"创业板ETF易方达
159915.XSHE"
2015-08-26 10:20:00,加仓,创业板ETF易方达,159915.XSHE,1.758,3800.0,62000.0,,16.0,2015-08-26,2015-08,"创业板ETF易方达
159915.XSHE"
2015-08-26 10:21:00,等级校准,创业板ETF易方达,159915.XSHE,,,62000.0,,,2015-08-26,2015-08,"创业板ETF易方达
159915.XSHE"
2015-08-26 11:22:00,止盈,创业板ETF易方达,159915.XSHE,1.811,3900.0,58100.0,205.99,15.0,2015-08-26,2015-08,"创业板ETF易方达
159915.XSHE"
2015-08-26 13:02:00,止盈,500ETF,510500.XSHG,6.588,1100.0,9500.0,247.88,9.0,2015-08-26,2015-08,"500ETF
510500.XSHG"
2015-08-26 13:03:00,止盈,创业板ETF易方达,159915.XSHE,1.871,3800.0,54300.0,227.29,14.0,2015-08-26,2015-08,"创业板ETF易方达
159915.XSHE"
2015-08-26 13:15:00,加仓,黄金ETF,518880.XSHG,2.314,2900.0,35100.0,,12.0,2015-08-26,2015-08,"黄金ETF
518880.XSHG"
2015-08-26 13:16:00,等级校准,黄金ETF,518880.XSHG,,,35100.0,,,2015-08-26,2015-08,"黄金ETF
518880.XSHG"
2015-08-26 14:15:00,加仓,创业板ETF易方达,159915.XSHE,1.808,3700.0,58000.0,,15.0,2015-08-26,2015-08,"创业板ETF易方达
159915.XSHE"
2015-08-26 14:17:00,加仓,500ETF,510500.XSHG,6.374,1000.0,10500.0,,10.0,2015-08-26,2015-08,"500ETF
510500.XSHG"
2015-08-26 14:48:00,加仓,创业板ETF易方达,159915.XSHE,1.744,3800.0,61800.0,,16.0,2015-08-26,2015-08,"创业板ETF易方达
159915.XSHE"
2015-08-26 14:49:00,等级校准,创业板ETF易方达,159915.XSHE,,,61800.0,,,2015-08-26,2015-08,"创业板ETF易方达
159915.XSHE"
2015-08-27 09:31:00,止盈,纳指ETF,513100.XSHG,1.438,5000.0,40300.0,254.28,8.0,2015-08-27,2015-08,"纳指ETF
513100.XSHG"
2015-08-27 09:35:00,止盈,创业板ETF易方达,159915.XSHE,1.799,4000.0,57800.0,219.28,15.0,2015-08-27,2015-08,"创业板ETF易方达
159915.XSHE"
2015-08-27 11:16:00,加仓,创业板ETF易方达,159915.XSHE,1.741,3800.0,61600.0,,16.0,2015-08-27,2015-08,"创业板ETF易方达
159915.XSHE"
2015-08-27 11:17:00,等级校准,创业板ETF易方达,159915.XSHE,,,61600.0,,,2015-08-27,2015-08,"创业板ETF易方达
159915.XSHE"
2015-08-27 14:13:00,加仓,500ETF,510500.XSHG,6.146,1000.0,11500.0,,11.0,2015-08-27,2015-08,"500ETF
510500.XSHG"
2015-08-27 14:14:00,等级校准,500ETF,510500.XSHG,,,11500.0,,,2015-08-27,2015-08,"500ETF
510500.XSHG"
2015-08-27 14:31:00,止盈,500ETF,510500.XSHG,6.341,1100.0,10400.0,213.8,9.0,2015-08-27,2015-08,"500ETF
510500.XSHG"
2015-08-27 14:45:00,止盈,创业板ETF易方达,159915.XSHE,1.794,4000.0,57600.0,211.28,14.0,2015-08-27,2015-08,"创业板ETF易方达
159915.XSHE"
2015-08-28 09:31:00,止盈,纳指ETF,513100.XSHG,1.482,4800.0,35500.0,210.49,7.0,2015-08-28,2015-08,"纳指ETF
513100.XSHG"
2015-08-28 09:31:00,止盈,500ETF,510500.XSHG,6.61,1100.0,9300.0,295.17,9.0,2015-08-28,2015-08,"500ETF
510500.XSHG"
2015-08-28 11:11:00,止盈,创业板ETF易方达,159915.XSHE,1.849,3900.0,53700.0,213.78,14.0,2015-08-28,2015-08,"创业板ETF易方达
159915.XSHE"
2015-08-28 14:28:00,止盈,创业板ETF易方达,159915.XSHE,1.905,3700.0,50000.0,206.5,13.0,2015-08-28,2015-08,"创业板ETF易方达
159915.XSHE"
2015-08-28 14:29:00,止盈,500ETF,510500.XSHG,6.818,1000.0,8300.0,207.32,8.0,2015-08-28,2015-08,"500ETF
510500.XSHG"
2015-08-31 09:53:00,加仓,创业板ETF易方达,159915.XSHE,1.843,3600.0,53600.0,,14.0,2015-08-31,2015-08,"创业板ETF易方达
159915.XSHE"
2015-08-31 13:13:00,加仓,500ETF,510500.XSHG,6.605,1000.0,9300.0,,9.0,2015-08-31,2015-08,"500ETF
510500.XSHG"
2015-09-01 09:32:00,加仓,500ETF,510500.XSHG,6.402,1000.0,10300.0,,10.0,2015-09-01,2015-09,"500ETF
510500.XSHG"
2015-09-01 09:32:00,加仓,创业板ETF易方达,159915.XSHE,1.785,3700.0,57300.0,,15.0,2015-09-01,2015-09,"创业板ETF易方达
159915.XSHE"
2015-09-01 09:33:00,等级校准,创业板ETF易方达,159915.XSHE,,,57300.0,,,2015-09-01,2015-09,"创业板ETF易方达
159915.XSHE"
2015-09-01 10:10:00,加仓,500ETF,510500.XSHG,6.202,1000.0,11300.0,,11.0,2015-09-01,2015-09,"500ETF
510500.XSHG"
2015-09-01 10:11:00,等级校准,500ETF,510500.XSHG,,,11300.0,,,2015-09-01,2015-09,"500ETF
510500.XSHG"
2015-09-01 10:16:00,加仓,创业板ETF易方达,159915.XSHE,1.73,3900.0,61200.0,,15.0,2015-09-01,2015-09,"创业板ETF易方达
159915.XSHE"
2015-09-01 10:59:00,止盈,创业板ETF易方达,159915.XSHE,1.782,4000.0,57200.0,207.29,14.0,2015-09-01,2015-09,"创业板ETF易方达
159915.XSHE"
2015-09-01 13:00:00,止盈,500ETF,510500.XSHG,6.39,1100.0,10200.0,206.1,10.0,2015-09-01,2015-09,"500ETF
510500.XSHG"
2015-09-01 14:05:00,加仓,纳指ETF,513100.XSHG,1.436,4700.0,40200.0,,8.0,2015-09-01,2015-09,"纳指ETF
513100.XSHG"
2015-09-01 14:35:00,加仓,500ETF,510500.XSHG,6.189,1000.0,11200.0,,11.0,2015-09-01,2015-09,"500ETF
510500.XSHG"
2015-09-01 14:36:00,等级校准,500ETF,510500.XSHG,,,11200.0,,,2015-09-01,2015-09,"500ETF
510500.XSHG"
2015-09-01 14:36:00,加仓,创业板ETF易方达,159915.XSHE,1.727,3900.0,61100.0,,15.0,2015-09-01,2015-09,"创业板ETF易方达
159915.XSHE"
2015-09-02 09:31:00,加仓,500ETF,510500.XSHG,5.841,1100.0,12300.0,,11.0,2015-09-02,2015-09,"500ETF
510500.XSHG"
2015-09-02 09:31:00,加仓,创业板ETF易方达,159915.XSHE,1.645,4000.0,65100.0,,16.0,2015-09-02,2015-09,"创业板ETF易方达
159915.XSHE"
2015-09-02 09:32:00,等级校准,创业板ETF易方达,159915.XSHE,,,65100.0,,,2015-09-02,2015-09,"创业板ETF易方达
159915.XSHE"
2015-09-02 09:33:00,加仓,纳指ETF,513100.XSHG,1.392,4800.0,45000.0,,9.0,2015-09-02,2015-09,"纳指ETF
513100.XSHG"
2015-09-02 10:30:00,止盈,500ETF,510500.XSHG,6.046,1100.0,11200.0,224.83,10.0,2015-09-02,2015-09,"500ETF
510500.XSHG"
2015-09-02 10:31:00,止盈,创业板ETF易方达,159915.XSHE,1.696,4200.0,60900.0,213.49,14.0,2015-09-02,2015-09,"创业板ETF易方达
159915.XSHE"
2015-09-02 11:17:00,止盈,创业板ETF易方达,159915.XSHE,1.754,4100.0,56800.0,237.08,14.0,2015-09-02,2015-09,"创业板ETF易方达
159915.XSHE"
2015-09-02 11:27:00,止盈,500ETF,510500.XSHG,6.23,1100.0,10100.0,201.71,9.0,2015-09-02,2015-09,"500ETF
510500.XSHG"
2015-09-02 14:40:00,加仓,500ETF,510500.XSHG,6.031,1100.0,11200.0,,10.0,2015-09-02,2015-09,"500ETF
510500.XSHG"
2015-09-02 14:40:00,加仓,创业板ETF易方达,159915.XSHE,1.7,3900.0,60700.0,,15.0,2015-09-02,2015-09,"创业板ETF易方达
159915.XSHE"
2015-09-02 14:41:00,等级校准,创业板ETF易方达,159915.XSHE,,,60700.0,,,2015-09-02,2015-09,"创业板ETF易方达
159915.XSHE"
2015-09-07 09:32:00,止盈,500ETF,510500.XSHG,6.286,1100.0,10100.0,279.81,9.0,2015-09-07,2015-09,"500ETF
510500.XSHG"
2015-09-07 09:33:00,止盈,创业板ETF易方达,159915.XSHE,1.752,4100.0,56600.0,212.48,14.0,2015-09-07,2015-09,"创业板ETF易方达
159915.XSHE"
2015-09-07 09:40:00,止盈,创业板ETF易方达,159915.XSHE,1.814,3900.0,52700.0,241.09,13.0,2015-09-07,2015-09,"创业板ETF易方达
159915.XSHE"
2015-09-07 10:26:00,加仓,创业板ETF易方达,159915.XSHE,1.759,3800.0,56500.0,,14.0,2015-09-07,2015-09,"创业板ETF易方达
159915.XSHE"
2015-09-07 13:01:00,止盈,创业板ETF易方达,159915.XSHE,1.816,3900.0,52600.0,221.59,13.0,2015-09-07,2015-09,"创业板ETF易方达
159915.XSHE"
2015-09-07 13:51:00,加仓,创业板ETF易方达,159915.XSHE,1.761,3800.0,56400.0,,14.0,2015-09-07,2015-09,"创业板ETF易方达
159915.XSHE"
2015-09-08 09:31:00,加仓,500ETF,510500.XSHG,6.061,1100.0,11200.0,,10.0,2015-09-08,2015-09,"500ETF
510500.XSHG"
2015-09-08 09:34:00,止盈,纳指ETF,513100.XSHG,1.438,5000.0,40000.0,229.28,8.0,2015-09-08,2015-09,"纳指ETF
513100.XSHG"
2015-09-08 10:40:00,止盈,500ETF,510500.XSHG,6.244,1100.0,10100.0,200.61,9.0,2015-09-08,2015-09,"500ETF
510500.XSHG"
2015-09-08 14:29:00,止盈,创业板ETF易方达,159915.XSHE,1.819,3900.0,52500.0,225.49,13.0,2015-09-08,2015-09,"创业板ETF易方达
159915.XSHE"
2015-09-08 14:31:00,止盈,500ETF,510500.XSHG,6.443,1100.0,9000.0,218.19,9.0,2015-09-08,2015-09,"500ETF
510500.XSHG"
2015-09-08 14:52:00,止盈,创业板ETF易方达,159915.XSHE,1.877,3800.0,48700.0,219.69,13.0,2015-09-08,2015-09,"创业板ETF易方达
159915.XSHE"
2015-09-09 10:08:00,止盈,500ETF,510500.XSHG,6.641,1000.0,8000.0,197.34,8.0,2015-09-09,2015-09,"500ETF
510500.XSHG"
2015-09-09 10:11:00,止盈,创业板ETF易方达,159915.XSHE,1.936,3700.0,45000.0,217.58,12.0,2015-09-09,2015-09,"创业板ETF易方达
159915.XSHE"
2015-09-14 10:13:00,加仓,创业板ETF易方达,159915.XSHE,1.875,3600.0,48600.0,,13.0,2015-09-14,2015-09,"创业板ETF易方达
159915.XSHE"
2015-09-14 11:01:00,加仓,500ETF,510500.XSHG,6.439,1000.0,9000.0,,9.0,2015-09-14,2015-09,"500ETF
510500.XSHG"
2015-09-14 11:20:00,加仓,创业板ETF易方达,159915.XSHE,1.803,3700.0,52300.0,,14.0,2015-09-14,2015-09,"创业板ETF易方达
159915.XSHE"
2015-09-14 11:21:00,等级校准,创业板ETF易方达,159915.XSHE,,,52300.0,,,2015-09-14,2015-09,"创业板ETF易方达
159915.XSHE"
2015-09-14 13:00:00,加仓,500ETF,510500.XSHG,6.2,1000.0,10000.0,,10.0,2015-09-14,2015-09,"500ETF
510500.XSHG"
2015-09-14 13:01:00,等级校准,500ETF,510500.XSHG,,,10000.0,,,2015-09-14,2015-09,"500ETF
510500.XSHG"
2015-09-14 13:52:00,加仓,创业板ETF易方达,159915.XSHE,1.746,3800.0,56100.0,,14.0,2015-09-14,2015-09,"创业板ETF易方达
159915.XSHE"
2015-09-14 13:59:00,加仓,500ETF,510500.XSHG,6.006,1100.0,11100.0,,10.0,2015-09-14,2015-09,"500ETF
510500.XSHG"
2015-09-15 09:31:00,加仓,创业板ETF易方达,159915.XSHE,1.687,4000.0,60100.0,,15.0,2015-09-15,2015-09,"创业板ETF易方达
159915.XSHE"
2015-09-15 09:32:00,等级校准,创业板ETF易方达,159915.XSHE,,,60100.0,,,2015-09-15,2015-09,"创业板ETF易方达
159915.XSHE"
2015-09-15 13:55:00,加仓,500ETF,510500.XSHG,5.821,1100.0,12200.0,,11.0,2015-09-15,2015-09,"500ETF
510500.XSHG"
2015-09-15 13:56:00,等级校准,500ETF,510500.XSHG,,,12200.0,,,2015-09-15,2015-09,"500ETF
510500.XSHG"
2015-09-15 14:53:00,加仓,创业板ETF易方达,159915.XSHE,1.633,4100.0,64200.0,,15.0,2015-09-15,2015-09,"创业板ETF易方达
159915.XSHE"
2015-09-16 10:06:00,止盈,创业板ETF易方达,159915.XSHE,1.684,4200.0,60000.0,213.49,14.0,2015-09-16,2015-09,"创业板ETF易方达
159915.XSHE"
2015-09-16 14:09:00,止盈,创业板ETF易方达,159915.XSHE,1.735,4100.0,55900.0,208.39,13.0,2015-09-16,2015-09,"创业板ETF易方达
159915.XSHE"
2015-09-16 14:22:00,止盈,500ETF,510500.XSHG,6.014,1200.0,11000.0,230.88,10.0,2015-09-16,2015-09,"500ETF
510500.XSHG"
2015-09-16 14:31:00,止盈,创业板ETF易方达,159915.XSHE,1.788,4000.0,51900.0,211.28,13.0,2015-09-16,2015-09,"创业板ETF易方达
159915.XSHE"
2015-09-16 14:42:00,止盈,500ETF,510500.XSHG,6.198,1100.0,9900.0,201.72,9.0,2015-09-16,2015-09,"500ETF
510500.XSHG"
2015-09-17 09:31:00,止盈,纳指ETF,513100.XSHG,1.484,4800.0,35200.0,220.09,7.0,2015-09-17,2015-09,"纳指ETF
513100.XSHG"
2015-09-17 11:26:00,止盈,创业板ETF易方达,159915.XSHE,1.844,3900.0,48000.0,217.68,12.0,2015-09-17,2015-09,"创业板ETF易方达
159915.XSHE"
2015-09-17 14:55:00,加仓,创业板ETF易方达,159915.XSHE,1.78,3700.0,51700.0,,13.0,2015-09-17,2015-09,"创业板ETF易方达
159915.XSHE"
2015-09-18 09:48:00,加仓,500ETF,510500.XSHG,6.011,1100.0,11000.0,,10.0,2015-09-18,2015-09,"500ETF
510500.XSHG"
2015-09-18 14:40:00,止盈,创业板ETF易方达,159915.XSHE,1.837,3900.0,47800.0,221.58,12.0,2015-09-18,2015-09,"创业板ETF易方达
159915.XSHE"
2015-09-21 10:49:00,止盈,500ETF,510500.XSHG,6.194,1100.0,9900.0,200.62,9.0,2015-09-21,2015-09,"500ETF
510500.XSHG"
2015-09-21 10:50:00,止盈,创业板ETF易方达,159915.XSHE,1.896,3800.0,44000.0,223.48,12.0,2015-09-21,2015-09,"创业板ETF易方达
159915.XSHE"
2015-09-21 14:40:00,止盈,创业板ETF易方达,159915.XSHE,1.954,3600.0,40400.0,208.1,11.0,2015-09-21,2015-09,"创业板ETF易方达
159915.XSHE"
2015-09-21 14:42:00,止盈,500ETF,510500.XSHG,6.389,1100.0,8800.0,213.8,8.0,2015-09-21,2015-09,"500ETF
510500.XSHG"
2015-09-23 09:31:00,加仓,创业板ETF易方达,159915.XSHE,1.88,3500.0,43900.0,,12.0,2015-09-23,2015-09,"创业板ETF易方达
159915.XSHE"
2015-09-23 09:32:00,等级校准,创业板ETF易方达,159915.XSHE,,,43900.0,,,2015-09-23,2015-09,"创业板ETF易方达
159915.XSHE"
2015-09-23 10:12:00,止盈,创业板ETF易方达,159915.XSHE,1.939,3700.0,40200.0,217.58,11.0,2015-09-23,2015-09,"创业板ETF易方达
159915.XSHE"
2015-09-23 11:28:00,加仓,纳指ETF,513100.XSHG,1.439,4700.0,39900.0,,8.0,2015-09-23,2015-09,"纳指ETF
513100.XSHG"
2015-09-25 10:42:00,加仓,创业板ETF易方达,159915.XSHE,1.872,3600.0,43800.0,,12.0,2015-09-25,2015-09,"创业板ETF易方达
159915.XSHE"
2015-09-25 10:43:00,等级校准,创业板ETF易方达,159915.XSHE,,,43800.0,,,2015-09-25,2015-09,"创业板ETF易方达
159915.XSHE"
2015-09-25 11:05:00,加仓,500ETF,510500.XSHG,6.192,1000.0,9800.0,,9.0,2015-09-25,2015-09,"500ETF
510500.XSHG"
2015-09-25 11:06:00,等级校准,500ETF,510500.XSHG,,,9800.0,,,2015-09-25,2015-09,"500ETF
510500.XSHG"
2015-09-25 11:19:00,加仓,创业板ETF易方达,159915.XSHE,1.812,3700.0,47500.0,,12.0,2015-09-25,2015-09,"创业板ETF易方达
159915.XSHE"
2015-09-25 13:57:00,止盈,创业板ETF易方达,159915.XSHE,1.867,3800.0,43700.0,208.29,11.0,2015-09-25,2015-09,"创业板ETF易方达
159915.XSHE"
2015-09-28 11:11:00,止盈,创业板ETF易方达,159915.XSHE,1.926,3700.0,40000.0,217.59,11.0,2015-09-28,2015-09,"创业板ETF易方达
159915.XSHE"
2015-09-29 09:31:00,加仓,纳指ETF,513100.XSHG,1.393,4800.0,44700.0,,9.0,2015-09-29,2015-09,"纳指ETF
513100.XSHG"
2015-09-29 09:32:00,等级校准,纳指ETF,513100.XSHG,,,44700.0,,,2015-09-29,2015-09,"纳指ETF
513100.XSHG"
2015-10-08 09:31:00,止盈,纳指ETF,513100.XSHG,1.45,5000.0,39700.0,284.27,8.0,2015-10-08,2015-10,"纳指ETF
513100.XSHG"
2015-10-08 09:31:00,止盈,500ETF,510500.XSHG,6.537,1100.0,8700.0,378.78,8.0,2015-10-08,2015-10,"500ETF
510500.XSHG"
2015-10-08 09:31:00,止盈,创业板ETF易方达,159915.XSHE,2.033,3600.0,36400.0,384.47,10.0,2015-10-08,2015-10,"创业板ETF易方达
159915.XSHE"
2015-10-08 13:05:00,止盈,创业板ETF易方达,159915.XSHE,2.094,3400.0,33000.0,206.69,10.0,2015-10-08,2015-10,"创业板ETF易方达
159915.XSHE"
2015-10-12 09:48:00,止盈,创业板ETF易方达,159915.XSHE,2.158,3300.0,29700.0,210.49,9.0,2015-10-12,2015-10,"创业板ETF易方达
159915.XSHE"
2015-10-12 10:11:00,止盈,500ETF,510500.XSHG,6.752,1000.0,7700.0,214.32,7.0,2015-10-12,2015-10,"500ETF
510500.XSHG"
2015-10-12 11:03:00,止盈,创业板ETF易方达,159915.XSHE,2.225,3200.0,26500.0,213.69,8.0,2015-10-12,2015-10,"创业板ETF易方达
159915.XSHE"
2015-10-14 09:31:00,止盈,黄金ETF,518880.XSHG,2.384,3000.0,32100.0,209.28,11.0,2015-10-14,2015-10,"黄金ETF
518880.XSHG"
2015-10-15 10:42:00,止盈,500ETF,510500.XSHG,6.957,1000.0,6700.0,204.3,6.0,2015-10-15,2015-10,"500ETF
510500.XSHG"
2015-10-15 14:53:00,止盈,创业板ETF易方达,159915.XSHE,2.293,3100.0,23400.0,210.09,7.0,2015-10-15,2015-10,"创业板ETF易方达
159915.XSHE"
2015-10-16 09:32:00,止盈,500ETF,510500.XSHG,7.188,1000.0,5700.0,230.28,6.0,2015-10-16,2015-10,"500ETF
510500.XSHG"
2015-10-20 09:36:00,止盈,纳指ETF,513100.XSHG,1.495,4800.0,34900.0,215.28,7.0,2015-10-20,2015-10,"纳指ETF
513100.XSHG"
2015-10-20 13:45:00,止盈,创业板ETF易方达,159915.XSHE,2.364,3000.0,20400.0,212.29,7.0,2015-10-20,2015-10,"创业板ETF易方达
159915.XSHE"
2015-10-21 13:35:00,加仓,创业板ETF易方达,159915.XSHE,2.29,2900.0,23300.0,,8.0,2015-10-21,2015-10,"创业板ETF易方达
159915.XSHE"
2015-10-21 13:36:00,等级校准,创业板ETF易方达,159915.XSHE,,,23300.0,,,2015-10-21,2015-10,"创业板ETF易方达
159915.XSHE"
2015-10-21 13:51:00,加仓,500ETF,510500.XSHG,6.959,900.0,6600.0,,7.0,2015-10-21,2015-10,"500ETF
510500.XSHG"
2015-10-21 13:52:00,等级校准,500ETF,510500.XSHG,,,6600.0,,,2015-10-21,2015-10,"500ETF
510500.XSHG"
2015-10-21 14:37:00,加仓,创业板ETF易方达,159915.XSHE,2.217,3000.0,26300.0,,8.0,2015-10-21,2015-10,"创业板ETF易方达
159915.XSHE"
2015-10-22 10:02:00,止盈,创业板ETF易方达,159915.XSHE,2.285,3100.0,23200.0,210.09,7.0,2015-10-22,2015-10,"创业板ETF易方达
159915.XSHE"
2015-10-23 09:31:00,止盈,创业板ETF易方达,159915.XSHE,2.357,3000.0,20200.0,215.29,6.0,2015-10-23,2015-10,"创业板ETF易方达
159915.XSHE"
2015-10-23 09:41:00,止盈,500ETF,510500.XSHG,7.168,1000.0,5600.0,208.28,6.0,2015-10-23,2015-10,"500ETF
510500.XSHG"
2015-10-23 14:32:00,止盈,创业板ETF易方达,159915.XSHE,2.428,2900.0,17300.0,205.2,6.0,2015-10-23,2015-10,"创业板ETF易方达
159915.XSHE"
2015-10-26 09:31:00,止盈,纳指ETF,513100.XSHG,1.565,4600.0,30300.0,321.28,6.0,2015-10-26,2015-10,"纳指ETF
513100.XSHG"
2015-10-27 09:46:00,加仓,创业板ETF易方达,159915.XSHE,2.351,2800.0,20100.0,,7.0,2015-10-27,2015-10,"创业板ETF易方达
159915.XSHE"
2015-10-27 09:47:00,等级校准,创业板ETF易方达,159915.XSHE,,,20100.0,,,2015-10-27,2015-10,"创业板ETF易方达
159915.XSHE"
2015-10-27 14:06:00,止盈,创业板ETF易方达,159915.XSHE,2.422,2900.0,17200.0,205.2,6.0,2015-10-27,2015-10,"创业板ETF易方达
159915.XSHE"
2015-10-27 14:42:00,止盈,500ETF,510500.XSHG,7.389,900.0,4700.0,198.23,5.0,2015-10-27,2015-10,"500ETF
510500.XSHG"
2015-10-28 13:43:00,加仓,500ETF,510500.XSHG,7.158,900.0,5600.0,,6.0,2015-10-28,2015-10,"500ETF
510500.XSHG"
2015-10-29 09:49:00,加仓,创业板ETF易方达,159915.XSHE,2.346,2800.0,20000.0,,7.0,2015-10-29,2015-10,"创业板ETF易方达
159915.XSHE"
2015-10-29 09:50:00,等级校准,创业板ETF易方达,159915.XSHE,,,20000.0,,,2015-10-29,2015-10,"创业板ETF易方达
159915.XSHE"
2015-11-04 09:31:00,加仓,黄金ETF,518880.XSHG,2.302,2900.0,35000.0,,12.0,2015-11-04,2015-11,"黄金ETF
518880.XSHG"
2015-11-04 09:32:00,等级校准,黄金ETF,518880.XSHG,,,35000.0,,,2015-11-04,2015-11,"黄金ETF
518880.XSHG"
2015-11-04 13:02:00,止盈,创业板ETF易方达,159915.XSHE,2.419,2900.0,17100.0,211.0,6.0,2015-11-04,2015-11,"创业板ETF易方达
159915.XSHE"
2015-11-04 14:01:00,止盈,500ETF,510500.XSHG,7.383,900.0,4700.0,201.84,5.0,2015-11-04,2015-11,"500ETF
510500.XSHG"
2015-11-05 10:05:00,止盈,创业板ETF易方达,159915.XSHE,2.497,2800.0,14300.0,217.7,5.0,2015-11-05,2015-11,"创业板ETF易方达
159915.XSHE"
2015-11-05 11:04:00,加仓,创业板ETF易方达,159915.XSHE,2.422,2800.0,17100.0,,6.0,2015-11-05,2015-11,"创业板ETF易方达
159915.XSHE"
2015-11-06 09:48:00,止盈,500ETF,510500.XSHG,7.606,900.0,3800.0,200.02,4.0,2015-11-06,2015-11,"500ETF
510500.XSHG"
2015-11-06 09:59:00,止盈,创业板ETF易方达,159915.XSHE,2.495,2800.0,14300.0,203.7,5.0,2015-11-06,2015-11,"创业板ETF易方达
159915.XSHE"
2015-11-09 11:20:00,止盈,创业板ETF易方达,159915.XSHE,2.573,2800.0,11500.0,217.68,4.0,2015-11-09,2015-11,"创业板ETF易方达
159915.XSHE"
2015-11-10 14:44:00,止盈,500ETF,510500.XSHG,7.839,900.0,2900.0,208.99,3.0,2015-11-10,2015-11,"500ETF
510500.XSHG"
2015-11-11 13:20:00,止盈,创业板ETF易方达,159915.XSHE,2.653,2700.0,8800.0,215.28,3.0,2015-11-11,2015-11,"创业板ETF易方达
159915.XSHE"
2015-11-13 09:34:00,加仓,黄金ETF,518880.XSHG,2.23,3000.0,38000.0,,12.0,2015-11-13,2015-11,"黄金ETF
518880.XSHG"
2015-11-13 10:33:00,加仓,创业板ETF易方达,159915.XSHE,2.572,2600.0,11400.0,,4.0,2015-11-13,2015-11,"创业板ETF易方达
159915.XSHE"
2015-11-16 09:34:00,加仓,纳指ETF,513100.XSHG,1.511,4400.0,34700.0,,7.0,2015-11-16,2015-11,"纳指ETF
513100.XSHG"
2015-11-16 14:48:00,止盈,创业板ETF易方达,159915.XSHE,2.653,2700.0,8700.0,217.98,3.0,2015-11-16,2015-11,"创业板ETF易方达
159915.XSHE"
2015-11-17 09:38:00,止盈,500ETF,510500.XSHG,8.094,800.0,2100.0,203.35,2.0,2015-11-17,2015-11,"500ETF
510500.XSHG"
2015-11-17 14:23:00,加仓,创业板ETF易方达,159915.XSHE,2.57,2600.0,11300.0,,4.0,2015-11-17,2015-11,"创业板ETF易方达
159915.XSHE"
2015-11-17 14:52:00,加仓,500ETF,510500.XSHG,7.851,800.0,2900.0,,3.0,2015-11-17,2015-11,"500ETF
510500.XSHG"
2015-11-19 09:31:00,止盈,纳指ETF,513100.XSHG,1.569,4600.0,30100.0,266.08,6.0,2015-11-19,2015-11,"纳指ETF
513100.XSHG"
2015-11-20 13:23:00,止盈,创业板ETF易方达,159915.XSHE,2.651,2700.0,8600.0,217.98,3.0,2015-11-20,2015-11,"创业板ETF易方达
159915.XSHE"
2015-11-23 09:58:00,止盈,500ETF,510500.XSHG,8.089,800.0,2100.0,189.75,2.0,2015-11-23,2015-11,"500ETF
510500.XSHG"
2015-11-25 13:47:00,止盈,创业板ETF易方达,159915.XSHE,2.737,2600.0,6000.0,222.89,2.0,2015-11-25,2015-11,"创业板ETF易方达
159915.XSHE"
2015-11-27 09:37:00,加仓,创业板ETF易方达,159915.XSHE,2.652,2500.0,8500.0,,3.0,2015-11-27,2015-11,"创业板ETF易方达
159915.XSHE"
2015-11-27 13:31:00,加仓,500ETF,510500.XSHG,7.846,800.0,2900.0,,3.0,2015-11-27,2015-11,"500ETF
510500.XSHG"
2015-11-27 14:07:00,加仓,创业板ETF易方达,159915.XSHE,2.571,2600.0,11100.0,,4.0,2015-11-27,2015-11,"创业板ETF易方达
159915.XSHE"
2015-11-27 14:45:00,加仓,500ETF,510500.XSHG,7.585,800.0,3700.0,,4.0,2015-11-27,2015-11,"500ETF
510500.XSHG"
2015-11-27 14:46:00,加仓,创业板ETF易方达,159915.XSHE,2.486,2700.0,13800.0,,5.0,2015-11-27,2015-11,"创业板ETF易方达
159915.XSHE"
2015-11-27 14:47:00,等级校准,创业板ETF易方达,159915.XSHE,,,13800.0,,,2015-11-27,2015-11,"创业板ETF易方达
159915.XSHE"
2015-11-30 13:17:00,加仓,500ETF,510500.XSHG,7.349,900.0,4600.0,,5.0,2015-11-30,2015-11,"500ETF
510500.XSHG"
2015-11-30 13:17:00,加仓,创业板ETF易方达,159915.XSHE,2.403,2800.0,16600.0,,5.0,2015-11-30,2015-11,"创业板ETF易方达
159915.XSHE"
2015-11-30 14:11:00,止盈,创业板ETF易方达,159915.XSHE,2.482,2900.0,13700.0,228.38,4.0,2015-11-30,2015-11,"创业板ETF易方达
159915.XSHE"
2015-11-30 14:15:00,止盈,500ETF,510500.XSHG,7.57,900.0,3700.0,198.22,4.0,2015-11-30,2015-11,"500ETF
510500.XSHG"
2015-12-02 10:51:00,加仓,创业板ETF易方达,159915.XSHE,2.4,2800.0,16500.0,,5.0,2015-12-02,2015-12,"创业板ETF易方达
159915.XSHE"
2015-12-02 13:52:00,止盈,创业板ETF易方达,159915.XSHE,2.476,2900.0,13600.0,219.68,4.0,2015-12-02,2015-12,"创业板ETF易方达
159915.XSHE"
2015-12-03 13:58:00,止盈,创业板ETF易方达,159915.XSHE,2.554,2800.0,10800.0,217.68,4.0,2015-12-03,2015-12,"创业板ETF易方达
159915.XSHE"
2015-12-04 10:46:00,止盈,500ETF,510500.XSHG,7.799,900.0,2800.0,205.4,3.0,2015-12-04,2015-12,"500ETF
510500.XSHG"
2015-12-09 09:54:00,加仓,500ETF,510500.XSHG,7.562,800.0,3600.0,,4.0,2015-12-09,2015-12,"500ETF
510500.XSHG"
2015-12-14 10:34:00,加仓,创业板ETF易方达,159915.XSHE,2.474,2700.0,13500.0,,5.0,2015-12-14,2015-12,"创业板ETF易方达
159915.XSHE"
2015-12-14 10:35:00,等级校准,创业板ETF易方达,159915.XSHE,,,13500.0,,,2015-12-14,2015-12,"创业板ETF易方达
159915.XSHE"
2015-12-14 14:57:00,止盈,创业板ETF易方达,159915.XSHE,2.549,2800.0,10700.0,209.29,3.0,2015-12-14,2015-12,"创业板ETF易方达
159915.XSHE"
2015-12-16 10:55:00,止盈,500ETF,510500.XSHG,7.789,900.0,2700.0,203.6,3.0,2015-12-16,2015-12,"500ETF
510500.XSHG"
2015-12-17 09:32:00,止盈,纳指ETF,513100.XSHG,1.618,4400.0,25700.0,214.89,5.0,2015-12-17,2015-12,"纳指ETF
513100.XSHG"
2015-12-17 09:37:00,止盈,创业板ETF易方达,159915.XSHE,2.626,2700.0,8000.0,207.19,3.0,2015-12-17,2015-12,"创业板ETF易方达
159915.XSHE"
2015-12-21 09:31:00,加仓,纳指ETF,513100.XSHG,1.561,4300.0,30000.0,,6.0,2015-12-21,2015-12,"纳指ETF
513100.XSHG"
2015-12-21 13:16:00,止盈,500ETF,510500.XSHG,8.027,800.0,1900.0,189.76,2.0,2015-12-21,2015-12,"500ETF
510500.XSHG"
2015-12-25 14:48:00,加仓,纳指ETF,513100.XSHG,1.508,4400.0,34400.0,,7.0,2015-12-25,2015-12,"纳指ETF
513100.XSHG"
2015-12-25 14:49:00,止盈,纳指ETF,513100.XSHG,1.586,4600.0,29800.0,358.07,6.0,2015-12-25,2015-12,"纳指ETF
513100.XSHG"
2015-12-29 10:07:00,加仓,创业板ETF易方达,159915.XSHE,2.546,2600.0,10600.0,,4.0,2015-12-29,2015-12,"创业板ETF易方达
159915.XSHE"
2015-12-29 10:08:00,等级校准,创业板ETF易方达,159915.XSHE,,,10600.0,,,2015-12-29,2015-12,"创业板ETF易方达
159915.XSHE"
2015-12-29 10:09:00,加仓,500ETF,510500.XSHG,7.785,800.0,2700.0,,3.0,2015-12-29,2015-12,"500ETF
510500.XSHG"
2016-01-04 10:07:00,加仓,创业板ETF易方达,159915.XSHE,2.467,2700.0,13300.0,,4.0,2016-01-04,2016-01,"创业板ETF易方达
159915.XSHE"
2016-01-04 10:11:00,加仓,500ETF,510500.XSHG,7.543,800.0,3500.0,,4.0,2016-01-04,2016-01,"500ETF
510500.XSHG"
2016-01-04 10:12:00,等级校准,500ETF,510500.XSHG,,,3500.0,,,2016-01-04,2016-01,"500ETF
510500.XSHG"
2016-01-04 13:05:00,加仓,创业板ETF易方达,159915.XSHE,2.391,2800.0,16100.0,,5.0,2016-01-04,2016-01,"创业板ETF易方达
159915.XSHE"
2016-01-04 13:32:00,加仓,500ETF,510500.XSHG,7.299,900.0,4400.0,,4.0,2016-01-04,2016-01,"500ETF
510500.XSHG"
2016-01-04 13:33:00,加仓,创业板ETF易方达,159915.XSHE,2.305,2900.0,19000.0,,6.0,2016-01-04,2016-01,"创业板ETF易方达
159915.XSHE"
2016-01-05 09:31:00,加仓,500ETF,510500.XSHG,6.929,900.0,5300.0,,5.0,2016-01-05,2016-01,"500ETF
510500.XSHG"
2016-01-05 09:31:00,加仓,创业板ETF易方达,159915.XSHE,2.221,3000.0,22000.0,,7.0,2016-01-05,2016-01,"创业板ETF易方达
159915.XSHE"
2016-01-05 09:37:00,止盈,创业板ETF易方达,159915.XSHE,2.291,3100.0,18900.0,216.29,6.0,2016-01-05,2016-01,"创业板ETF易方达
159915.XSHE"
2016-01-05 09:48:00,止盈,500ETF,510500.XSHG,7.149,1000.0,4300.0,219.29,4.0,2016-01-05,2016-01,"500ETF
510500.XSHG"
2016-01-05 14:11:00,加仓,创业板ETF易方达,159915.XSHE,2.215,3000.0,21900.0,,7.0,2016-01-05,2016-01,"创业板ETF易方达
159915.XSHE"
2016-01-05 14:13:00,加仓,500ETF,510500.XSHG,6.924,900.0,5200.0,,5.0,2016-01-05,2016-01,"500ETF
510500.XSHG"
2016-01-06 09:31:00,止盈,创业板ETF易方达,159915.XSHE,2.294,3100.0,18800.0,244.19,6.0,2016-01-06,2016-01,"创业板ETF易方达
159915.XSHE"
2016-01-06 09:32:00,止盈,500ETF,510500.XSHG,7.141,1000.0,4200.0,216.29,4.0,2016-01-06,2016-01,"500ETF
510500.XSHG"
2016-01-06 11:20:00,止盈,黄金ETF,518880.XSHG,2.297,3100.0,34900.0,206.99,11.0,2016-01-06,2016-01,"黄金ETF
518880.XSHG"
2016-01-07 09:37:00,加仓,创业板ETF易方达,159915.XSHE,2.218,3000.0,21800.0,,7.0,2016-01-07,2016-01,"创业板ETF易方达
159915.XSHE"
2016-01-07 09:39:00,加仓,500ETF,510500.XSHG,6.924,900.0,5100.0,,5.0,2016-01-07,2016-01,"500ETF
510500.XSHG"
2016-01-07 09:43:00,加仓,创业板ETF易方达,159915.XSHE,2.145,3100.0,24900.0,,8.0,2016-01-07,2016-01,"创业板ETF易方达
159915.XSHE"
2016-01-07 09:44:00,等级校准,创业板ETF易方达,159915.XSHE,,,24900.0,,,2016-01-07,2016-01,"创业板ETF易方达
159915.XSHE"
2016-01-07 09:58:00,加仓,500ETF,510500.XSHG,6.6,1000.0,6100.0,,6.0,2016-01-07,2016-01,"500ETF
510500.XSHG"
2016-01-08 09:31:00,加仓,纳指ETF,513100.XSHG,1.535,4400.0,34200.0,,7.0,2016-01-08,2016-01,"纳指ETF
513100.XSHG"
2016-01-08 09:32:00,止盈,500ETF,510500.XSHG,6.826,1000.0,5100.0,225.32,5.0,2016-01-08,2016-01,"500ETF
510500.XSHG"
2016-01-08 09:47:00,加仓,500ETF,510500.XSHG,6.584,1000.0,6100.0,,6.0,2016-01-08,2016-01,"500ETF
510500.XSHG"
2016-01-08 09:47:00,加仓,创业板ETF易方达,159915.XSHE,2.07,3200.0,28100.0,,8.0,2016-01-08,2016-01,"创业板ETF易方达
159915.XSHE"
2016-01-08 10:21:00,止盈,创业板ETF易方达,159915.XSHE,2.144,3300.0,24800.0,243.49,7.0,2016-01-08,2016-01,"创业板ETF易方达
159915.XSHE"
2016-01-08 10:22:00,止盈,500ETF,510500.XSHG,6.794,1000.0,5100.0,209.32,5.0,2016-01-08,2016-01,"500ETF
510500.XSHG"
2016-01-11 09:31:00,加仓,500ETF,510500.XSHG,6.563,1000.0,6100.0,,6.0,2016-01-11,2016-01,"500ETF
510500.XSHG"
2016-01-11 09:31:00,加仓,创业板ETF易方达,159915.XSHE,2.065,3200.0,28000.0,,8.0,2016-01-11,2016-01,"创业板ETF易方达
159915.XSHE"
2016-01-11 14:39:00,加仓,创业板ETF易方达,159915.XSHE,2.001,3300.0,31300.0,,9.0,2016-01-11,2016-01,"创业板ETF易方达
159915.XSHE"
2016-01-11 14:41:00,加仓,500ETF,510500.XSHG,6.361,1000.0,7100.0,,7.0,2016-01-11,2016-01,"500ETF
510500.XSHG"
2016-01-11 14:42:00,等级校准,500ETF,510500.XSHG,,,7100.0,,,2016-01-11,2016-01,"500ETF
510500.XSHG"
2016-01-12 13:48:00,止盈,创业板ETF易方达,159915.XSHE,2.063,3400.0,27900.0,210.1,8.0,2016-01-12,2016-01,"创业板ETF易方达
159915.XSHE"
2016-01-13 11:24:00,加仓,创业板ETF易方达,159915.XSHE,2.001,3300.0,31200.0,,9.0,2016-01-13,2016-01,"创业板ETF易方达
159915.XSHE"
2016-01-13 14:48:00,加仓,500ETF,510500.XSHG,6.153,1100.0,8200.0,,7.0,2016-01-13,2016-01,"500ETF
510500.XSHG"
2016-01-14 09:31:00,加仓,纳指ETF,513100.XSHG,1.468,4500.0,38700.0,,8.0,2016-01-14,2016-01,"纳指ETF
513100.XSHG"
2016-01-14 09:31:00,加仓,创业板ETF易方达,159915.XSHE,1.903,3400.0,34600.0,,10.0,2016-01-14,2016-01,"创业板ETF易方达
159915.XSHE"
2016-01-14 09:32:00,加仓,纳指ETF,513100.XSHG,1.421,4700.0,43400.0,,9.0,2016-01-14,2016-01,"纳指ETF
513100.XSHG"
2016-01-14 09:32:00,等级校准,创业板ETF易方达,159915.XSHE,,,34600.0,,,2016-01-14,2016-01,"创业板ETF易方达
159915.XSHE"
2016-01-14 09:33:00,等级校准,纳指ETF,513100.XSHG,,,43400.0,,,2016-01-14,2016-01,"纳指ETF
513100.XSHG"
2016-01-14 09:34:00,加仓,500ETF,510500.XSHG,5.965,1100.0,9300.0,,8.0,2016-01-14,2016-01,"500ETF
510500.XSHG"
2016-01-14 09:38:00,止盈,纳指ETF,513100.XSHG,1.468,4900.0,38500.0,229.58,8.0,2016-01-14,2016-01,"纳指ETF
513100.XSHG"
2016-01-14 10:01:00,止盈,创业板ETF易方达,159915.XSHE,1.963,3600.0,31000.0,215.29,8.0,2016-01-14,2016-01,"创业板ETF易方达
159915.XSHE"
2016-01-14 13:21:00,止盈,500ETF,510500.XSHG,6.147,1100.0,8200.0,199.52,7.0,2016-01-14,2016-01,"500ETF
510500.XSHG"
2016-01-14 13:31:00,止盈,创业板ETF易方达,159915.XSHE,2.025,3500.0,27500.0,216.29,8.0,2016-01-14,2016-01,"创业板ETF易方达
159915.XSHE"
2016-01-18 13:18:00,止盈,创业板ETF易方达,159915.XSHE,2.087,3400.0,24100.0,210.09,7.0,2016-01-18,2016-01,"创业板ETF易方达
159915.XSHE"
2016-01-19 13:01:00,止盈,500ETF,510500.XSHG,6.433,1100.0,7100.0,313.89,7.0,2016-01-19,2016-01,"500ETF
510500.XSHG"
2016-01-21 09:34:00,加仓,500ETF,510500.XSHG,6.225,1000.0,8100.0,,8.0,2016-01-21,2016-01,"500ETF
510500.XSHG"
2016-01-21 09:35:00,等级校准,500ETF,510500.XSHG,,,8100.0,,,2016-01-21,2016-01,"500ETF
510500.XSHG"
2016-01-21 14:45:00,加仓,创业板ETF易方达,159915.XSHE,2.023,3300.0,27400.0,,8.0,2016-01-21,2016-01,"创业板ETF易方达
159915.XSHE"
2016-01-22 11:11:00,加仓,500ETF,510500.XSHG,6.03,1100.0,9200.0,,8.0,2016-01-22,2016-01,"500ETF
510500.XSHG"
2016-01-25 09:31:00,止盈,500ETF,510500.XSHG,6.218,1100.0,8100.0,206.12,7.0,2016-01-25,2016-01,"500ETF
510500.XSHG"
2016-01-26 11:26:00,止盈,黄金ETF,518880.XSHG,2.366,3000.0,31900.0,206.29,11.0,2016-01-26,2016-01,"黄金ETF
518880.XSHG"
2016-01-26 13:16:00,加仓,500ETF,510500.XSHG,6.03,1100.0,9200.0,,8.0,2016-01-26,2016-01,"500ETF
510500.XSHG"
2016-01-26 13:48:00,加仓,创业板ETF易方达,159915.XSHE,1.961,3400.0,30800.0,,9.0,2016-01-26,2016-01,"创业板ETF易方达
159915.XSHE"
2016-01-26 13:49:00,等级校准,创业板ETF易方达,159915.XSHE,,,30800.0,,,2016-01-26,2016-01,"创业板ETF易方达
159915.XSHE"
2016-01-26 14:36:00,加仓,500ETF,510500.XSHG,5.849,1100.0,10300.0,,9.0,2016-01-26,2016-01,"500ETF
510500.XSHG"
2016-01-26 14:36:00,加仓,创业板ETF易方达,159915.XSHE,1.902,3500.0,34300.0,,9.0,2016-01-26,2016-01,"创业板ETF易方达
159915.XSHE"
2016-01-27 09:58:00,加仓,500ETF,510500.XSHG,5.668,1100.0,11400.0,,10.0,2016-01-27,2016-01,"500ETF
510500.XSHG"
2016-01-27 09:59:00,等级校准,500ETF,510500.XSHG,,,11400.0,,,2016-01-27,2016-01,"500ETF
510500.XSHG"
2016-01-27 10:06:00,加仓,创业板ETF易方达,159915.XSHE,1.841,3600.0,37900.0,,10.0,2016-01-27,2016-01,"创业板ETF易方达
159915.XSHE"
2016-01-27 10:07:00,等级校准,创业板ETF易方达,159915.XSHE,,,37900.0,,,2016-01-27,2016-01,"创业板ETF易方达
159915.XSHE"
2016-01-27 13:01:00,加仓,500ETF,510500.XSHG,5.496,1200.0,12600.0,,10.0,2016-01-27,2016-01,"500ETF
510500.XSHG"
2016-01-27 14:27:00,止盈,500ETF,510500.XSHG,5.686,1200.0,11400.0,227.32,9.0,2016-01-27,2016-01,"500ETF
510500.XSHG"
2016-01-27 14:29:00,止盈,创业板ETF易方达,159915.XSHE,1.898,3800.0,34100.0,215.88,9.0,2016-01-27,2016-01,"创业板ETF易方达
159915.XSHE"
2016-01-28 13:41:00,加仓,创业板ETF易方达,159915.XSHE,1.84,3600.0,37700.0,,10.0,2016-01-28,2016-01,"创业板ETF易方达
159915.XSHE"
2016-01-28 13:42:00,等级校准,创业板ETF易方达,159915.XSHE,,,37700.0,,,2016-01-28,2016-01,"创业板ETF易方达
159915.XSHE"
2016-01-28 14:38:00,加仓,500ETF,510500.XSHG,5.498,1200.0,12600.0,,10.0,2016-01-28,2016-01,"500ETF
510500.XSHG"
2016-01-29 13:53:00,止盈,500ETF,510500.XSHG,5.667,1200.0,11400.0,202.12,9.0,2016-01-29,2016-01,"500ETF
510500.XSHG"
2016-01-29 14:24:00,止盈,创业板ETF易方达,159915.XSHE,1.897,3800.0,33900.0,215.88,9.0,2016-01-29,2016-01,"创业板ETF易方达
159915.XSHE"
2016-02-02 10:22:00,止盈,创业板ETF易方达,159915.XSHE,1.956,3600.0,30300.0,211.7,8.0,2016-02-02,2016-02,"创业板ETF易方达
159915.XSHE"
2016-02-04 09:32:00,止盈,500ETF,510500.XSHG,5.845,1200.0,10200.0,212.9,9.0,2016-02-04,2016-02,"500ETF
510500.XSHG"
2016-02-04 09:52:00,止盈,创业板ETF易方达,159915.XSHE,2.018,3500.0,26800.0,216.29,7.0,2016-02-04,2016-02,"创业板ETF易方达
159915.XSHE"
2016-02-05 09:31:00,止盈,黄金ETF,518880.XSHG,2.447,2900.0,29000.0,234.19,10.0,2016-02-05,2016-02,"黄金ETF
518880.XSHG"
2016-02-15 09:31:00,止盈,黄金ETF,518880.XSHG,2.591,2800.0,26200.0,402.47,9.0,2016-02-15,2016-02,"黄金ETF
518880.XSHG"
2016-02-15 09:31:00,加仓,创业板ETF易方达,159915.XSHE,1.932,3400.0,30200.0,,8.0,2016-02-15,2016-02,"创业板ETF易方达
159915.XSHE"
2016-02-15 10:57:00,止盈,创业板ETF易方达,159915.XSHE,1.991,3600.0,26600.0,211.68,7.0,2016-02-15,2016-02,"创业板ETF易方达
159915.XSHE"
2016-02-16 09:45:00,加仓,黄金ETF,518880.XSHG,2.51,2700.0,28900.0,,10.0,2016-02-16,2016-02,"黄金ETF
518880.XSHG"
2016-02-16 09:45:00,止盈,创业板ETF易方达,159915.XSHE,2.051,3500.0,23100.0,209.28,6.0,2016-02-16,2016-02,"创业板ETF易方达
159915.XSHE"
2016-02-16 10:25:00,止盈,500ETF,510500.XSHG,6.025,1100.0,9100.0,197.34,8.0,2016-02-16,2016-02,"500ETF
510500.XSHG"
2016-02-17 14:44:00,止盈,创业板ETF易方达,159915.XSHE,2.113,3400.0,19700.0,210.08,5.0,2016-02-17,2016-02,"创业板ETF易方达
159915.XSHE"
2016-02-18 09:31:00,止盈,500ETF,510500.XSHG,6.218,1100.0,8000.0,211.62,7.0,2016-02-18,2016-02,"500ETF
510500.XSHG"
2016-02-24 11:27:00,止盈,黄金ETF,518880.XSHG,2.586,2700.0,26200.0,204.5,9.0,2016-02-24,2016-02,"黄金ETF
518880.XSHG"
2016-02-25 10:24:00,加仓,创业板ETF易方达,159915.XSHE,2.046,3300.0,23000.0,,6.0,2016-02-25,2016-02,"创业板ETF易方达
159915.XSHE"
2016-02-25 11:27:00,加仓,500ETF,510500.XSHG,6.017,1100.0,9100.0,,8.0,2016-02-25,2016-02,"500ETF
510500.XSHG"
2016-02-25 13:01:00,加仓,创业板ETF易方达,159915.XSHE,1.984,3400.0,26400.0,,7.0,2016-02-25,2016-02,"创业板ETF易方达
159915.XSHE"
2016-02-25 14:27:00,加仓,500ETF,510500.XSHG,5.836,1100.0,10200.0,,9.0,2016-02-25,2016-02,"500ETF
510500.XSHG"
2016-02-25 14:27:00,加仓,创业板ETF易方达,159915.XSHE,1.919,3500.0,29900.0,,8.0,2016-02-25,2016-02,"创业板ETF易方达
159915.XSHE"
2016-02-29 09:38:00,加仓,创业板ETF易方达,159915.XSHE,1.852,3600.0,33500.0,,9.0,2016-02-29,2016-02,"创业板ETF易方达
159915.XSHE"
2016-02-29 09:39:00,加仓,500ETF,510500.XSHG,5.659,1100.0,11300.0,,10.0,2016-02-29,2016-02,"500ETF
510500.XSHG"
2016-02-29 09:40:00,等级校准,500ETF,510500.XSHG,,,11300.0,,,2016-02-29,2016-02,"500ETF
510500.XSHG"
2016-02-29 09:57:00,加仓,创业板ETF易方达,159915.XSHE,1.791,3700.0,37200.0,,10.0,2016-02-29,2016-02,"创业板ETF易方达
159915.XSHE"
2016-02-29 09:58:00,等级校准,创业板ETF易方达,159915.XSHE,,,37200.0,,,2016-02-29,2016-02,"创业板ETF易方达
159915.XSHE"
2016-02-29 09:59:00,加仓,500ETF,510500.XSHG,5.487,1200.0,12500.0,,10.0,2016-02-29,2016-02,"500ETF
510500.XSHG"
2016-03-01 14:24:00,止盈,500ETF,510500.XSHG,5.653,1200.0,11300.0,198.52,9.0,2016-03-01,2016-03,"500ETF
510500.XSHG"
2016-03-02 11:13:00,止盈,创业板ETF易方达,159915.XSHE,1.846,3900.0,33300.0,213.78,9.0,2016-03-02,2016-03,"创业板ETF易方达
159915.XSHE"
2016-03-02 13:05:00,止盈,500ETF,510500.XSHG,5.823,1200.0,10100.0,203.3,8.0,2016-03-02,2016-03,"500ETF
510500.XSHG"
2016-03-02 13:55:00,止盈,创业板ETF易方达,159915.XSHE,1.902,3700.0,29600.0,206.5,8.0,2016-03-02,2016-03,"创业板ETF易方达
159915.XSHE"
2016-03-02 14:47:00,止盈,纳指ETF,513100.XSHG,1.515,4700.0,33800.0,220.19,7.0,2016-03-02,2016-03,"纳指ETF
513100.XSHG"
2016-03-03 09:42:00,止盈,500ETF,510500.XSHG,6.01,1200.0,8900.0,223.68,8.0,2016-03-03,2016-03,"500ETF
510500.XSHG"
2016-03-04 11:19:00,加仓,创业板ETF易方达,159915.XSHE,1.836,3600.0,33200.0,,9.0,2016-03-04,2016-03,"创业板ETF易方达
159915.XSHE"
2016-03-04 11:20:00,等级校准,创业板ETF易方达,159915.XSHE,,,33200.0,,,2016-03-04,2016-03,"创业板ETF易方达
159915.XSHE"
2016-03-04 11:27:00,加仓,500ETF,510500.XSHG,5.824,1100.0,10000.0,,9.0,2016-03-04,2016-03,"500ETF
510500.XSHG"
2016-03-04 11:28:00,等级校准,500ETF,510500.XSHG,,,10000.0,,,2016-03-04,2016-03,"500ETF
510500.XSHG"
2016-03-08 09:44:00,加仓,创业板ETF易方达,159915.XSHE,1.773,3800.0,37000.0,,9.0,2016-03-08,2016-03,"创业板ETF易方达
159915.XSHE"
2016-03-08 09:59:00,止盈,黄金ETF,518880.XSHG,2.665,2700.0,23500.0,212.58,9.0,2016-03-08,2016-03,"黄金ETF
518880.XSHG"
2016-03-08 11:20:00,止盈,创业板ETF易方达,159915.XSHE,1.828,3900.0,33100.0,213.79,8.0,2016-03-08,2016-03,"创业板ETF易方达
159915.XSHE"
2016-03-08 14:25:00,止盈,创业板ETF易方达,159915.XSHE,1.885,3800.0,29300.0,215.88,7.0,2016-03-08,2016-03,"创业板ETF易方达
159915.XSHE"
2016-03-09 09:34:00,加仓,纳指ETF,513100.XSHG,1.469,4600.0,38400.0,,8.0,2016-03-09,2016-03,"纳指ETF
513100.XSHG"
2016-03-11 09:31:00,加仓,500ETF,510500.XSHG,5.634,1200.0,11200.0,,9.0,2016-03-11,2016-03,"500ETF
510500.XSHG"
2016-03-11 09:31:00,加仓,创业板ETF易方达,159915.XSHE,1.802,3700.0,33000.0,,8.0,2016-03-11,2016-03,"创业板ETF易方达
159915.XSHE"
2016-03-14 09:31:00,止盈,创业板ETF易方达,159915.XSHE,1.862,3800.0,29200.0,227.29,7.0,2016-03-14,2016-03,"创业板ETF易方达
159915.XSHE"
2016-03-14 09:47:00,止盈,500ETF,510500.XSHG,5.81,1200.0,10000.0,210.5,8.0,2016-03-14,2016-03,"500ETF
510500.XSHG"
2016-03-14 10:51:00,止盈,创业板ETF易方达,159915.XSHE,1.92,3700.0,25500.0,213.89,7.0,2016-03-14,2016-03,"创业板ETF易方达
159915.XSHE"
2016-03-15 09:31:00,加仓,黄金ETF,518880.XSHG,2.583,2600.0,26100.0,,10.0,2016-03-15,2016-03,"黄金ETF
518880.XSHG"
2016-03-15 09:32:00,等级校准,黄金ETF,518880.XSHG,,,26100.0,,,2016-03-15,2016-03,"黄金ETF
518880.XSHG"
2016-03-17 09:32:00,止盈,纳指ETF,513100.XSHG,1.517,4700.0,33700.0,224.89,7.0,2016-03-17,2016-03,"纳指ETF
513100.XSHG"
2016-03-17 13:53:00,止盈,创业板ETF易方达,159915.XSHE,1.978,3600.0,21900.0,208.09,6.0,2016-03-17,2016-03,"创业板ETF易方达
159915.XSHE"
2016-03-17 14:02:00,止盈,500ETF,510500.XSHG,5.987,1200.0,8800.0,211.68,8.0,2016-03-17,2016-03,"500ETF
510500.XSHG"
2016-03-18 09:31:00,止盈,500ETF,510500.XSHG,6.42,1100.0,7700.0,475.59,7.0,2016-03-18,2016-03,"500ETF
510500.XSHG"
2016-03-18 09:32:00,加仓,500ETF,510500.XSHG,6.008,1000.0,8700.0,,8.0,2016-03-18,2016-03,"500ETF
510500.XSHG"
2016-03-18 09:33:00,等级校准,500ETF,510500.XSHG,,,8700.0,,,2016-03-18,2016-03,"500ETF
510500.XSHG"
2016-03-18 10:24:00,止盈,创业板ETF易方达,159915.XSHE,2.039,3500.0,18400.0,212.79,5.0,2016-03-18,2016-03,"创业板ETF易方达
159915.XSHE"
2016-03-18 13:06:00,止盈,500ETF,510500.XSHG,6.196,1100.0,7600.0,206.12,6.0,2016-03-18,2016-03,"500ETF
510500.XSHG"
2016-03-21 09:31:00,止盈,创业板ETF易方达,159915.XSHE,2.105,3400.0,15000.0,223.68,4.0,2016-03-21,2016-03,"创业板ETF易方达
159915.XSHE"
2016-03-28 09:39:00,止盈,500ETF,510500.XSHG,6.386,1100.0,6500.0,208.3,6.0,2016-03-28,2016-03,"500ETF
510500.XSHG"
2016-03-29 09:39:00,加仓,500ETF,510500.XSHG,6.194,1000.0,7500.0,,7.0,2016-03-29,2016-03,"500ETF
510500.XSHG"
2016-03-29 09:40:00,等级校准,500ETF,510500.XSHG,,,7500.0,,,2016-03-29,2016-03,"500ETF
510500.XSHG"
2016-03-29 09:45:00,加仓,创业板ETF易方达,159915.XSHE,2.039,3300.0,18300.0,,5.0,2016-03-29,2016-03,"创业板ETF易方达
159915.XSHE"
2016-03-30 14:04:00,止盈,创业板ETF易方达,159915.XSHE,2.105,3400.0,14900.0,223.68,4.0,2016-03-30,2016-03,"创业板ETF易方达
159915.XSHE"
2016-03-30 14:47:00,止盈,500ETF,510500.XSHG,6.38,1100.0,6400.0,203.9,6.0,2016-03-30,2016-03,"500ETF
510500.XSHG"
2016-04-05 13:29:00,止盈,创业板ETF易方达,159915.XSHE,2.169,3300.0,11600.0,210.48,3.0,2016-04-05,2016-04,"创业板ETF易方达
159915.XSHE"
2016-04-07 09:31:00,止盈,500ETF,510500.XSHG,6.585,1000.0,5400.0,204.34,5.0,2016-04-07,2016-04,"500ETF
510500.XSHG"
2016-04-08 09:37:00,加仓,500ETF,510500.XSHG,6.379,1000.0,6400.0,,6.0,2016-04-08,2016-04,"500ETF
510500.XSHG"
2016-04-08 11:05:00,加仓,创业板ETF易方达,159915.XSHE,2.103,3200.0,14800.0,,4.0,2016-04-08,2016-04,"创业板ETF易方达
159915.XSHE"
2016-04-11 09:55:00,止盈,创业板ETF易方达,159915.XSHE,2.172,3300.0,11500.0,226.98,3.0,2016-04-11,2016-04,"创业板ETF易方达
159915.XSHE"
2016-04-11 13:17:00,止盈,500ETF,510500.XSHG,6.571,1000.0,5400.0,191.34,5.0,2016-04-11,2016-04,"500ETF
510500.XSHG"
2016-04-20 11:13:00,加仓,创业板ETF易方达,159915.XSHE,2.103,3200.0,14700.0,,4.0,2016-04-20,2016-04,"创业板ETF易方达
159915.XSHE"
2016-04-20 11:18:00,加仓,500ETF,510500.XSHG,6.367,1000.0,6400.0,,6.0,2016-04-20,2016-04,"500ETF
510500.XSHG"
2016-04-20 13:08:00,加仓,创业板ETF易方达,159915.XSHE,2.035,3300.0,18000.0,,5.0,2016-04-20,2016-04,"创业板ETF易方达
159915.XSHE"
2016-04-20 13:11:00,加仓,500ETF,510500.XSHG,6.168,1000.0,7400.0,,7.0,2016-04-20,2016-04,"500ETF
510500.XSHG"
2016-04-20 13:12:00,等级校准,500ETF,510500.XSHG,,,7400.0,,,2016-04-20,2016-04,"500ETF
510500.XSHG"
2016-04-29 10:44:00,止盈,黄金ETF,518880.XSHG,2.662,2700.0,23400.0,212.58,9.0,2016-04-29,2016-04,"黄金ETF
518880.XSHG"
2016-05-03 10:52:00,止盈,500ETF,510500.XSHG,6.357,1100.0,6300.0,207.2,5.0,2016-05-03,2016-05,"500ETF
510500.XSHG"
2016-05-03 11:02:00,止盈,创业板ETF易方达,159915.XSHE,2.097,3400.0,14600.0,210.09,4.0,2016-05-03,2016-05,"创业板ETF易方达
159915.XSHE"
2016-05-06 14:47:00,加仓,创业板ETF易方达,159915.XSHE,2.031,3300.0,17900.0,,5.0,2016-05-06,2016-05,"创业板ETF易方达
159915.XSHE"
2016-05-09 09:31:00,加仓,500ETF,510500.XSHG,6.142,1100.0,7400.0,,6.0,2016-05-09,2016-05,"500ETF
510500.XSHG"
2016-05-09 10:14:00,加仓,创业板ETF易方达,159915.XSHE,1.97,3400.0,21300.0,,6.0,2016-05-09,2016-05,"创业板ETF易方达
159915.XSHE"
2016-05-09 14:49:00,加仓,500ETF,510500.XSHG,5.95,1100.0,8500.0,,7.0,2016-05-09,2016-05,"500ETF
510500.XSHG"
2016-05-12 09:31:00,加仓,创业板ETF易方达,159915.XSHE,1.905,3500.0,24800.0,,7.0,2016-05-12,2016-05,"创业板ETF易方达
159915.XSHE"
2016-05-12 09:32:00,等级校准,创业板ETF易方达,159915.XSHE,,,24800.0,,,2016-05-12,2016-05,"创业板ETF易方达
159915.XSHE"
2016-05-17 13:37:00,止盈,创业板ETF易方达,159915.XSHE,1.963,3600.0,21200.0,208.09,6.0,2016-05-17,2016-05,"创业板ETF易方达
159915.XSHE"
2016-05-18 14:34:00,加仓,创业板ETF易方达,159915.XSHE,1.903,3500.0,24700.0,,7.0,2016-05-18,2016-05,"创业板ETF易方达
159915.XSHE"
2016-05-18 14:35:00,等级校准,创业板ETF易方达,159915.XSHE,,,24700.0,,,2016-05-18,2016-05,"创业板ETF易方达
159915.XSHE"
2016-05-19 10:17:00,止盈,创业板ETF易方达,159915.XSHE,1.964,3600.0,21100.0,218.89,6.0,2016-05-19,2016-05,"创业板ETF易方达
159915.XSHE"
2016-05-25 14:16:00,加仓,黄金ETF,518880.XSHG,2.582,2600.0,26000.0,,10.0,2016-05-25,2016-05,"黄金ETF
518880.XSHG"
2016-05-25 14:17:00,等级校准,黄金ETF,518880.XSHG,,,26000.0,,,2016-05-25,2016-05,"黄金ETF
518880.XSHG"
2016-05-30 09:46:00,止盈,纳指ETF,513100.XSHG,1.563,4600.0,29100.0,210.88,6.0,2016-05-30,2016-05,"纳指ETF
513100.XSHG"
2016-05-31 10:39:00,止盈,创业板ETF易方达,159915.XSHE,2.024,3500.0,17600.0,209.29,5.0,2016-05-31,2016-05,"创业板ETF易方达
159915.XSHE"
2016-05-31 13:17:00,止盈,500ETF,510500.XSHG,6.13,1100.0,7400.0,197.33,6.0,2016-05-31,2016-05,"500ETF
510500.XSHG"
2016-06-01 11:03:00,止盈,创业板ETF易方达,159915.XSHE,2.085,3400.0,14200.0,206.69,4.0,2016-06-01,2016-06,"创业板ETF易方达
159915.XSHE"
2016-06-03 14:04:00,止盈,500ETF,510500.XSHG,6.319,1100.0,6300.0,207.2,5.0,2016-06-03,2016-06,"500ETF
510500.XSHG"
2016-06-13 09:31:00,止盈,黄金ETF,518880.XSHG,2.694,2700.0,23300.0,301.67,9.0,2016-06-13,2016-06,"黄金ETF
518880.XSHG"
2016-06-13 14:01:00,加仓,创业板ETF易方达,159915.XSHE,2.022,3300.0,17500.0,,5.0,2016-06-13,2016-06,"创业板ETF易方达
159915.XSHE"
2016-06-13 14:32:00,加仓,500ETF,510500.XSHG,6.125,1100.0,7400.0,,6.0,2016-06-13,2016-06,"500ETF
510500.XSHG"
2016-06-14 09:31:00,加仓,创业板ETF易方达,159915.XSHE,1.957,3400.0,20900.0,,6.0,2016-06-14,2016-06,"创业板ETF易方达
159915.XSHE"
2016-06-14 09:32:00,等级校准,创业板ETF易方达,159915.XSHE,,,20900.0,,,2016-06-14,2016-06,"创业板ETF易方达
159915.XSHE"
2016-06-15 10:14:00,止盈,创业板ETF易方达,159915.XSHE,2.016,3500.0,17400.0,205.79,5.0,2016-06-15,2016-06,"创业板ETF易方达
159915.XSHE"
2016-06-16 14:35:00,止盈,黄金ETF,518880.XSHG,2.776,2500.0,20800.0,204.31,8.0,2016-06-16,2016-06,"黄金ETF
518880.XSHG"
2016-06-21 09:59:00,止盈,500ETF,510500.XSHG,6.312,1100.0,6300.0,205.01,5.0,2016-06-21,2016-06,"500ETF
510500.XSHG"
2016-06-22 09:33:00,加仓,黄金ETF,518880.XSHG,2.692,2500.0,23300.0,,9.0,2016-06-22,2016-06,"黄金ETF
518880.XSHG"
2016-06-22 09:34:00,等级校准,黄金ETF,518880.XSHG,,,23300.0,,,2016-06-22,2016-06,"黄金ETF
518880.XSHG"
2016-06-24 11:01:00,加仓,500ETF,510500.XSHG,6.117,1100.0,7400.0,,6.0,2016-06-24,2016-06,"500ETF
510500.XSHG"
2016-06-24 13:01:00,止盈,黄金ETF,518880.XSHG,2.825,2600.0,20700.0,345.07,8.0,2016-06-24,2016-06,"黄金ETF
518880.XSHG"
2016-06-24 13:02:00,加仓,纳指ETF,513100.XSHG,1.513,4400.0,33500.0,,7.0,2016-06-24,2016-06,"纳指ETF
513100.XSHG"
2016-06-27 11:02:00,止盈,创业板ETF易方达,159915.XSHE,2.077,3400.0,14000.0,206.69,4.0,2016-06-27,2016-06,"创业板ETF易方达
159915.XSHE"
2016-06-27 14:15:00,止盈,500ETF,510500.XSHG,6.301,1100.0,6300.0,201.71,5.0,2016-06-27,2016-06,"500ETF
510500.XSHG"
2016-06-29 09:37:00,止盈,创业板ETF易方达,159915.XSHE,2.146,3300.0,10700.0,226.99,3.0,2016-06-29,2016-06,"创业板ETF易方达
159915.XSHE"
2016-07-04 09:36:00,止盈,纳指ETF,513100.XSHG,1.559,4600.0,28900.0,210.88,6.0,2016-07-04,2016-07,"纳指ETF
513100.XSHG"
2016-07-04 10:31:00,止盈,黄金ETF,518880.XSHG,2.912,2400.0,18300.0,208.1,7.0,2016-07-04,2016-07,"黄金ETF
518880.XSHG"
2016-07-04 11:01:00,止盈,500ETF,510500.XSHG,6.493,1100.0,5200.0,210.49,5.0,2016-07-04,2016-07,"500ETF
510500.XSHG"
2016-07-12 09:34:00,止盈,纳指ETF,513100.XSHG,1.606,4400.0,24500.0,206.09,5.0,2016-07-12,2016-07,"纳指ETF
513100.XSHG"
2016-07-12 14:55:00,止盈,500ETF,510500.XSHG,6.69,1000.0,4200.0,196.33,4.0,2016-07-12,2016-07,"500ETF
510500.XSHG"
2016-07-21 09:49:00,加仓,黄金ETF,518880.XSHG,2.824,2400.0,20700.0,,8.0,2016-07-21,2016-07,"黄金ETF
518880.XSHG"
2016-07-27 13:02:00,加仓,创业板ETF易方达,159915.XSHE,2.081,3200.0,13900.0,,4.0,2016-07-27,2016-07,"创业板ETF易方达
159915.XSHE"
2016-07-27 13:15:00,加仓,500ETF,510500.XSHG,6.459,1000.0,5200.0,,5.0,2016-07-27,2016-07,"500ETF
510500.XSHG"
2016-07-28 09:35:00,止盈,纳指ETF,513100.XSHG,1.655,4300.0,20200.0,209.99,4.0,2016-07-28,2016-07,"纳指ETF
513100.XSHG"
2016-08-01 09:31:00,止盈,纳指ETF,513100.XSHG,1.732,4200.0,16000.0,322.67,4.0,2016-08-01,2016-08,"纳指ETF
513100.XSHG"
2016-08-01 09:32:00,加仓,纳指ETF,513100.XSHG,1.67,4000.0,20000.0,,5.0,2016-08-01,2016-08,"纳指ETF
513100.XSHG"
2016-08-01 09:33:00,等级校准,纳指ETF,513100.XSHG,,,20000.0,,,2016-08-01,2016-08,"纳指ETF
513100.XSHG"
2016-08-01 09:36:00,加仓,创业板ETF易方达,159915.XSHE,2.017,3300.0,17200.0,,5.0,2016-08-01,2016-08,"创业板ETF易方达
159915.XSHE"
2016-08-03 09:36:00,止盈,黄金ETF,518880.XSHG,2.909,2400.0,18300.0,203.3,7.0,2016-08-03,2016-08,"黄金ETF
518880.XSHG"
2016-08-08 09:35:00,止盈,纳指ETF,513100.XSHG,1.729,4100.0,15900.0,241.19,3.0,2016-08-08,2016-08,"纳指ETF
513100.XSHG"
2016-08-15 10:13:00,止盈,500ETF,510500.XSHG,6.671,1000.0,4200.0,211.33,4.0,2016-08-15,2016-08,"500ETF
510500.XSHG"
2016-08-15 10:51:00,止盈,创业板ETF易方达,159915.XSHE,2.078,3400.0,13800.0,206.69,4.0,2016-08-15,2016-08,"创业板ETF易方达
159915.XSHE"
2016-09-01 09:31:00,加仓,黄金ETF,518880.XSHG,2.819,2400.0,20700.0,,8.0,2016-09-01,2016-09,"黄金ETF
518880.XSHG"
2016-09-12 09:32:00,加仓,纳指ETF,513100.XSHG,1.676,4000.0,19900.0,,4.0,2016-09-12,2016-09,"纳指ETF
513100.XSHG"
2016-09-22 09:56:00,止盈,纳指ETF,513100.XSHG,1.727,4100.0,15800.0,208.39,3.0,2016-09-22,2016-09,"纳指ETF
513100.XSHG"
2016-10-10 09:31:00,加仓,黄金ETF,518880.XSHG,2.729,2400.0,23100.0,,9.0,2016-10-10,2016-10,"黄金ETF
518880.XSHG"
2016-11-02 09:31:00,止盈,黄金ETF,518880.XSHG,2.819,2500.0,20600.0,224.3,8.0,2016-11-02,2016-11,"黄金ETF
518880.XSHG"
2016-11-09 13:01:00,加仓,纳指ETF,513100.XSHG,1.675,4000.0,19800.0,,4.0,2016-11-09,2016-11,"纳指ETF
513100.XSHG"
2016-11-10 13:09:00,止盈,纳指ETF,513100.XSHG,1.726,4100.0,15700.0,208.39,3.0,2016-11-10,2016-11,"纳指ETF
513100.XSHG"
2016-11-11 13:01:00,止盈,500ETF,510500.XSHG,6.877,1000.0,3200.0,205.31,3.0,2016-11-11,2016-11,"500ETF
510500.XSHG"
2016-11-14 09:31:00,加仓,黄金ETF,518880.XSHG,2.677,2400.0,23000.0,,9.0,2016-11-14,2016-11,"黄金ETF
518880.XSHG"
2016-11-14 09:32:00,等级校准,黄金ETF,518880.XSHG,,,23000.0,,,2016-11-14,2016-11,"黄金ETF
518880.XSHG"
2016-11-22 09:37:00,止盈,纳指ETF,513100.XSHG,1.778,4000.0,11700.0,207.29,3.0,2016-11-22,2016-11,"纳指ETF
513100.XSHG"
2016-11-25 10:03:00,止盈,纳指ETF,513100.XSHG,1.835,3900.0,7800.0,221.58,2.0,2016-11-25,2016-11,"纳指ETF
513100.XSHG"
2016-12-01 09:33:00,加仓,纳指ETF,513100.XSHG,1.774,3800.0,11600.0,,3.0,2016-12-01,2016-12,"纳指ETF
513100.XSHG"
2016-12-01 09:34:00,等级校准,纳指ETF,513100.XSHG,,,11600.0,,,2016-12-01,2016-12,"纳指ETF
513100.XSHG"
2016-12-09 10:31:00,加仓,创业板ETF易方达,159915.XSHE,2.015,3300.0,17100.0,,5.0,2016-12-09,2016-12,"创业板ETF易方达
159915.XSHE"
2016-12-12 11:17:00,加仓,创业板ETF易方达,159915.XSHE,1.954,3400.0,20500.0,,6.0,2016-12-12,2016-12,"创业板ETF易方达
159915.XSHE"
2016-12-12 11:18:00,等级校准,创业板ETF易方达,159915.XSHE,,,20500.0,,,2016-12-12,2016-12,"创业板ETF易方达
159915.XSHE"
2016-12-12 11:21:00,加仓,500ETF,510500.XSHG,6.67,1000.0,4200.0,,4.0,2016-12-12,2016-12,"500ETF
510500.XSHG"
2016-12-13 09:35:00,加仓,创业板ETF易方达,159915.XSHE,1.895,3500.0,24000.0,,6.0,2016-12-13,2016-12,"创业板ETF易方达
159915.XSHE"
2016-12-16 10:09:00,止盈,纳指ETF,513100.XSHG,1.828,3900.0,7700.0,209.89,2.0,2016-12-16,2016-12,"纳指ETF
513100.XSHG"
2016-12-21 09:31:00,加仓,黄金ETF,518880.XSHG,2.581,2600.0,25600.0,,9.0,2016-12-21,2016-12,"黄金ETF
518880.XSHG"
2016-12-26 10:35:00,止盈,纳指ETF,513100.XSHG,1.886,3800.0,3900.0,219.68,1.0,2016-12-26,2016-12,"纳指ETF
513100.XSHG"
2016-12-27 14:12:00,加仓,纳指ETF,513100.XSHG,1.825,3700.0,7600.0,,2.0,2016-12-27,2016-12,"纳指ETF
513100.XSHG"
2017-01-10 10:36:00,止盈,黄金ETF,518880.XSHG,2.659,2700.0,22900.0,209.88,8.0,2017-01-10,2017-01,"黄金ETF
518880.XSHG"
2017-01-13 13:46:00,加仓,创业板ETF易方达,159915.XSHE,1.838,3600.0,27600.0,,7.0,2017-01-13,2017-01,"创业板ETF易方达
159915.XSHE"
2017-01-16 09:32:00,加仓,500ETF,510500.XSHG,6.462,1000.0,5200.0,,5.0,2017-01-16,2017-01,"500ETF
510500.XSHG"
2017-01-16 14:03:00,加仓,创业板ETF易方达,159915.XSHE,1.782,3800.0,31400.0,,8.0,2017-01-16,2017-01,"创业板ETF易方达
159915.XSHE"
2017-01-16 14:27:00,加仓,500ETF,510500.XSHG,6.251,1000.0,6200.0,,6.0,2017-01-16,2017-01,"500ETF
510500.XSHG"
2017-01-16 14:28:00,等级校准,500ETF,510500.XSHG,,,6200.0,,,2017-01-16,2017-01,"500ETF
510500.XSHG"
2017-01-16 14:29:00,加仓,创业板ETF易方达,159915.XSHE,1.723,3900.0,35300.0,,9.0,2017-01-16,2017-01,"创业板ETF易方达
159915.XSHE"
2017-01-16 14:30:00,等级校准,创业板ETF易方达,159915.XSHE,,,35300.0,,,2017-01-16,2017-01,"创业板ETF易方达
159915.XSHE"
2017-01-17 13:41:00,止盈,创业板ETF易方达,159915.XSHE,1.777,4000.0,31300.0,215.29,8.0,2017-01-17,2017-01,"创业板ETF易方达
159915.XSHE"
2017-01-23 09:35:00,止盈,500ETF,510500.XSHG,6.44,1100.0,5100.0,207.19,5.0,2017-01-23,2017-01,"500ETF
510500.XSHG"
2017-01-26 14:55:00,止盈,纳指ETF,513100.XSHG,1.88,3800.0,3800.0,208.29,1.0,2017-01-26,2017-01,"纳指ETF
513100.XSHG"
2017-02-09 09:31:00,止盈,黄金ETF,518880.XSHG,2.739,2600.0,20300.0,207.29,8.0,2017-02-09,2017-02,"黄金ETF
518880.XSHG"
2017-02-09 09:56:00,止盈,创业板ETF易方达,159915.XSHE,1.831,3900.0,27400.0,209.89,7.0,2017-02-09,2017-02,"创业板ETF易方达
159915.XSHE"
2017-02-10 13:22:00,止盈,500ETF,510500.XSHG,6.634,1000.0,4100.0,193.34,4.0,2017-02-10,2017-02,"500ETF
510500.XSHG"
2017-02-16 09:31:00,止盈,纳指ETF,513100.XSHG,1.941,3700.0,100.0,224.98,1.0,2017-02-16,2017-02,"纳指ETF
513100.XSHG"
2017-03-02 09:57:00,止盈（部分）,纳指ETF,513100.XSHG,2.014,100.0,0.0,7.2,0.0,2017-03-02,2017-03,"纳指ETF
513100.XSHG"
2017-03-02 09:57:00,清仓,纳指ETF,513100.XSHG,,,,,0.0,2017-03-02,2017-03,"纳指ETF
513100.XSHG"
2017-03-02 09:58:00,重装建仓,纳指ETF,513100.XSHG,2.038,39200.0,39200.0,,,2017-03-02,2017-03,"纳指ETF
513100.XSHG"
2017-03-02 09:59:00,底仓到账,纳指ETF,513100.XSHG,,,39200.0,,11.0,2017-03-02,2017-03,"纳指ETF
513100.XSHG"
2017-03-02 10:10:00,加仓,纳指ETF,513100.XSHG,1.976,3500.0,42700.0,,12.0,2017-03-02,2017-03,"纳指ETF
513100.XSHG"
2017-03-07 09:35:00,止盈,创业板ETF易方达,159915.XSHE,1.886,3800.0,23600.0,208.28,6.0,2017-03-07,2017-03,"创业板ETF易方达
159915.XSHE"
2017-03-07 14:59:00,止盈,500ETF,510500.XSHG,6.834,1000.0,3100.0,199.32,3.0,2017-03-07,2017-03,"500ETF
510500.XSHG"
2017-03-16 09:32:00,止盈,纳指ETF,513100.XSHG,2.046,3500.0,39200.0,244.28,11.0,2017-03-16,2017-03,"纳指ETF
513100.XSHG"
2017-03-22 14:13:00,加仓,纳指ETF,513100.XSHG,1.984,3400.0,42600.0,,12.0,2017-03-22,2017-03,"纳指ETF
513100.XSHG"
2017-03-30 10:00:00,加仓,创业板ETF易方达,159915.XSHE,1.829,3700.0,27300.0,,7.0,2017-03-30,2017-03,"创业板ETF易方达
159915.XSHE"
2017-04-07 10:02:00,止盈,黄金ETF,518880.XSHG,2.824,2500.0,17800.0,211.79,7.0,2017-04-07,2017-04,"黄金ETF
518880.XSHG"
2017-04-17 09:34:00,加仓,纳指ETF,513100.XSHG,1.924,3500.0,46100.0,,13.0,2017-04-17,2017-04,"纳指ETF
513100.XSHG"
2017-04-17 09:35:00,等级校准,纳指ETF,513100.XSHG,,,46100.0,,,2017-04-17,2017-04,"纳指ETF
513100.XSHG"
2017-04-18 14:41:00,加仓,创业板ETF易方达,159915.XSHE,1.773,3800.0,31100.0,,8.0,2017-04-18,2017-04,"创业板ETF易方达
159915.XSHE"
2017-04-18 14:42:00,等级校准,创业板ETF易方达,159915.XSHE,,,31100.0,,,2017-04-18,2017-04,"创业板ETF易方达
159915.XSHE"
2017-04-19 10:11:00,加仓,500ETF,510500.XSHG,6.609,1000.0,4100.0,,4.0,2017-04-19,2017-04,"500ETF
510500.XSHG"
2017-04-24 09:40:00,止盈,纳指ETF,513100.XSHG,1.982,3600.0,42500.0,208.09,12.0,2017-04-24,2017-04,"纳指ETF
513100.XSHG"
2017-04-27 09:37:00,加仓,500ETF,510500.XSHG,6.406,1000.0,5100.0,,5.0,2017-04-27,2017-04,"500ETF
510500.XSHG"
2017-05-02 10:05:00,止盈,纳指ETF,513100.XSHG,2.043,3500.0,39000.0,212.78,11.0,2017-05-02,2017-05,"纳指ETF
513100.XSHG"
2017-05-04 14:39:00,加仓,黄金ETF,518880.XSHG,2.739,2400.0,20200.0,,8.0,2017-05-04,2017-05,"黄金ETF
518880.XSHG"
2017-05-08 14:54:00,加仓,创业板ETF易方达,159915.XSHE,1.716,3900.0,35000.0,,8.0,2017-05-08,2017-05,"创业板ETF易方达
159915.XSHE"
2017-05-09 10:03:00,加仓,500ETF,510500.XSHG,6.213,1000.0,6100.0,,6.0,2017-05-09,2017-05,"500ETF
510500.XSHG"
2017-05-09 10:04:00,等级校准,500ETF,510500.XSHG,,,6100.0,,,2017-05-09,2017-05,"500ETF
510500.XSHG"
2017-05-11 13:15:00,加仓,创业板ETF易方达,159915.XSHE,1.663,4000.0,39000.0,,9.0,2017-05-11,2017-05,"创业板ETF易方达
159915.XSHE"
2017-05-11 13:17:00,加仓,500ETF,510500.XSHG,6.012,1100.0,7200.0,,6.0,2017-05-11,2017-05,"500ETF
510500.XSHG"
2017-05-16 13:00:00,止盈,500ETF,510500.XSHG,6.195,1100.0,6100.0,200.62,5.0,2017-05-16,2017-05,"500ETF
510500.XSHG"
2017-05-16 13:23:00,止盈,创业板ETF易方达,159915.XSHE,1.713,4200.0,34800.0,209.28,8.0,2017-05-16,2017-05,"创业板ETF易方达
159915.XSHE"
2017-05-24 09:33:00,加仓,500ETF,510500.XSHG,6.009,1100.0,7200.0,,6.0,2017-05-24,2017-05,"500ETF
510500.XSHG"
2017-05-24 09:40:00,加仓,创业板ETF易方达,159915.XSHE,1.66,4000.0,38800.0,,9.0,2017-05-24,2017-05,"创业板ETF易方达
159915.XSHE"
2017-05-25 13:43:00,止盈,创业板ETF易方达,159915.XSHE,1.71,4200.0,34600.0,209.28,8.0,2017-05-25,2017-05,"创业板ETF易方达
159915.XSHE"
2017-05-26 09:54:00,止盈,纳指ETF,513100.XSHG,2.105,3400.0,35600.0,210.08,10.0,2017-05-26,2017-05,"纳指ETF
513100.XSHG"
2017-05-31 09:31:00,止盈,500ETF,510500.XSHG,6.207,1100.0,6100.0,217.12,5.0,2017-05-31,2017-05,"500ETF
510500.XSHG"
2017-06-01 14:27:00,加仓,500ETF,510500.XSHG,6.02,1100.0,7200.0,,6.0,2017-06-01,2017-06,"500ETF
510500.XSHG"
2017-06-02 09:31:00,加仓,创业板ETF易方达,159915.XSHE,1.653,4000.0,38600.0,,9.0,2017-06-02,2017-06,"创业板ETF易方达
159915.XSHE"
2017-06-06 14:28:00,止盈,黄金ETF,518880.XSHG,2.822,2500.0,17700.0,206.79,7.0,2017-06-06,2017-06,"黄金ETF
518880.XSHG"
2017-06-07 10:15:00,止盈,创业板ETF易方达,159915.XSHE,1.703,4200.0,34400.0,209.28,8.0,2017-06-07,2017-06,"创业板ETF易方达
159915.XSHE"
2017-06-07 11:28:00,止盈,500ETF,510500.XSHG,6.202,1100.0,6100.0,199.52,5.0,2017-06-07,2017-06,"500ETF
510500.XSHG"
2017-06-16 09:31:00,加仓,纳指ETF,513100.XSHG,2.032,3300.0,38900.0,,11.0,2017-06-16,2017-06,"纳指ETF
513100.XSHG"
2017-06-20 09:37:00,止盈,创业板ETF易方达,159915.XSHE,1.758,4100.0,30300.0,224.78,7.0,2017-06-20,2017-06,"创业板ETF易方达
159915.XSHE"
2017-06-20 13:11:00,止盈,500ETF,510500.XSHG,6.389,1100.0,5000.0,205.0,5.0,2017-06-20,2017-06,"500ETF
510500.XSHG"
2017-06-29 14:30:00,加仓,黄金ETF,518880.XSHG,2.737,2400.0,20100.0,,8.0,2017-06-29,2017-06,"黄金ETF
518880.XSHG"
2017-07-11 11:11:00,加仓,创业板ETF易方达,159915.XSHE,1.705,3900.0,34200.0,,8.0,2017-07-11,2017-07,"创业板ETF易方达
159915.XSHE"
2017-07-17 09:31:00,加仓,创业板ETF易方达,159915.XSHE,1.646,4100.0,38300.0,,9.0,2017-07-17,2017-07,"创业板ETF易方达
159915.XSHE"
2017-07-17 09:47:00,加仓,500ETF,510500.XSHG,6.189,1000.0,6000.0,,6.0,2017-07-17,2017-07,"500ETF
510500.XSHG"
2017-07-17 09:48:00,等级校准,500ETF,510500.XSHG,,,6000.0,,,2017-07-17,2017-07,"500ETF
510500.XSHG"
2017-07-17 09:48:00,加仓,创业板ETF易方达,159915.XSHE,1.593,4200.0,42500.0,,10.0,2017-07-17,2017-07,"创业板ETF易方达
159915.XSHE"
2017-07-17 09:49:00,等级校准,创业板ETF易方达,159915.XSHE,,,42500.0,,,2017-07-17,2017-07,"创业板ETF易方达
159915.XSHE"
2017-07-19 14:55:00,止盈,500ETF,510500.XSHG,6.377,1100.0,4900.0,206.1,4.0,2017-07-19,2017-07,"500ETF
510500.XSHG"
2017-07-20 09:31:00,止盈,纳指ETF,513100.XSHG,2.1,3400.0,35500.0,230.49,10.0,2017-07-20,2017-07,"纳指ETF
513100.XSHG"
2017-07-27 13:08:00,止盈,创业板ETF易方达,159915.XSHE,1.642,4300.0,38200.0,209.99,9.0,2017-07-27,2017-07,"创业板ETF易方达
159915.XSHE"
2017-07-31 11:06:00,止盈,500ETF,510500.XSHG,6.572,1000.0,3900.0,194.34,3.0,2017-07-31,2017-07,"500ETF
510500.XSHG"
2017-08-11 09:31:00,加仓,纳指ETF,513100.XSHG,2.028,3300.0,38800.0,,11.0,2017-08-11,2017-08,"纳指ETF
513100.XSHG"
2017-08-14 11:08:00,止盈,创业板ETF易方达,159915.XSHE,1.692,4200.0,34000.0,209.29,8.0,2017-08-14,2017-08,"创业板ETF易方达
159915.XSHE"
2017-08-16 13:53:00,止盈,创业板ETF易方达,159915.XSHE,1.743,4100.0,29900.0,208.39,7.0,2017-08-16,2017-08,"创业板ETF易方达
159915.XSHE"
2017-08-28 10:32:00,止盈,500ETF,510500.XSHG,6.772,1000.0,2900.0,199.32,2.0,2017-08-28,2017-08,"500ETF
510500.XSHG"
2017-09-04 11:17:00,止盈,创业板ETF易方达,159915.XSHE,1.797,4000.0,25900.0,215.28,6.0,2017-09-04,2017-09,"创业板ETF易方达
159915.XSHE"
2017-09-11 11:07:00,止盈,500ETF,510500.XSHG,6.977,1000.0,1900.0,204.3,1.0,2017-09-11,2017-09,"500ETF
510500.XSHG"
2017-09-26 13:46:00,加仓,创业板ETF易方达,159915.XSHE,1.743,3800.0,29700.0,,7.0,2017-09-26,2017-09,"创业板ETF易方达
159915.XSHE"
2017-10-09 09:31:00,止盈,纳指ETF,513100.XSHG,2.108,3400.0,35400.0,271.28,10.0,2017-10-09,2017-10,"纳指ETF
513100.XSHG"
2017-10-09 09:31:00,止盈,创业板ETF易方达,159915.XSHE,1.803,4000.0,25700.0,239.28,6.0,2017-10-09,2017-10,"创业板ETF易方达
159915.XSHE"
2017-10-31 09:36:00,止盈,纳指ETF,513100.XSHG,2.172,3300.0,32100.0,210.48,10.0,2017-10-31,2017-10,"纳指ETF
513100.XSHG"
2017-11-02 14:50:00,加仓,创业板ETF易方达,159915.XSHE,1.748,3800.0,29500.0,,7.0,2017-11-02,2017-11,"创业板ETF易方达
159915.XSHE"
2017-11-03 13:19:00,加仓,500ETF,510500.XSHG,6.762,1000.0,2900.0,,2.0,2017-11-03,2017-11,"500ETF
510500.XSHG"
2017-11-10 10:16:00,止盈,500ETF,510500.XSHG,6.966,1000.0,1900.0,203.3,1.0,2017-11-10,2017-11,"500ETF
510500.XSHG"
2017-11-13 10:00:00,止盈,创业板ETF易方达,159915.XSHE,1.801,4000.0,25500.0,211.28,6.0,2017-11-13,2017-11,"创业板ETF易方达
159915.XSHE"
2017-11-17 13:20:00,加仓,创业板ETF易方达,159915.XSHE,1.746,3800.0,29300.0,,7.0,2017-11-17,2017-11,"创业板ETF易方达
159915.XSHE"
2017-11-17 14:11:00,加仓,500ETF,510500.XSHG,6.757,1000.0,2900.0,,2.0,2017-11-17,2017-11,"500ETF
510500.XSHG"
2017-11-24 09:30:00,加仓,创业板ETF易方达,159915.XSHE,1.692,4000.0,33300.0,,8.0,2017-11-24,2017-11,"创业板ETF易方达
159915.XSHE"
2017-11-27 14:05:00,加仓,500ETF,510500.XSHG,6.553,1000.0,3900.0,,3.0,2017-11-27,2017-11,"500ETF
510500.XSHG"
2017-11-29 09:48:00,止盈,纳指ETF,513100.XSHG,2.242,3200.0,28900.0,223.28,9.0,2017-11-29,2017-11,"纳指ETF
513100.XSHG"
2017-12-05 13:57:00,加仓,创业板ETF易方达,159915.XSHE,1.641,4100.0,37400.0,,9.0,2017-12-05,2017-12,"创业板ETF易方达
159915.XSHE"
2017-12-05 13:58:00,等级校准,创业板ETF易方达,159915.XSHE,,,37400.0,,,2017-12-05,2017-12,"创业板ETF易方达
159915.XSHE"
2017-12-06 13:24:00,加仓,纳指ETF,513100.XSHG,2.174,3100.0,32000.0,,10.0,2017-12-06,2017-12,"纳指ETF
513100.XSHG"
2017-12-08 09:31:00,加仓,黄金ETF,518880.XSHG,2.65,2500.0,22600.0,,9.0,2017-12-08,2017-12,"黄金ETF
518880.XSHG"
2017-12-08 09:32:00,等级校准,黄金ETF,518880.XSHG,,,22600.0,,,2017-12-08,2017-12,"黄金ETF
518880.XSHG"
2017-12-11 10:23:00,止盈,创业板ETF易方达,159915.XSHE,1.691,4200.0,33200.0,209.29,8.0,2017-12-11,2017-12,"创业板ETF易方达
159915.XSHE"
2017-12-14 09:31:00,止盈,纳指ETF,513100.XSHG,2.24,3200.0,28800.0,210.48,9.0,2017-12-14,2017-12,"纳指ETF
513100.XSHG"
2017-12-25 13:33:00,加仓,创业板ETF易方达,159915.XSHE,1.64,4100.0,37300.0,,9.0,2017-12-25,2017-12,"创业板ETF易方达
159915.XSHE"
2017-12-25 13:34:00,等级校准,创业板ETF易方达,159915.XSHE,,,37300.0,,,2017-12-25,2017-12,"创业板ETF易方达
159915.XSHE"
2018-01-03 09:31:00,止盈,黄金ETF,518880.XSHG,2.742,2600.0,20000.0,238.49,8.0,2018-01-03,2018-01,"黄金ETF
518880.XSHG"
2018-01-03 13:19:00,止盈,创业板ETF易方达,159915.XSHE,1.69,4200.0,33100.0,209.29,8.0,2018-01-03,2018-01,"创业板ETF易方达
159915.XSHE"
2018-01-05 09:39:00,止盈,500ETF,510500.XSHG,6.752,1000.0,2900.0,198.32,2.0,2018-01-05,2018-01,"500ETF
510500.XSHG"
2018-01-12 14:40:00,止盈,纳指ETF,513100.XSHG,2.308,3100.0,25700.0,210.08,8.0,2018-01-12,2018-01,"纳指ETF
513100.XSHG"
2018-01-15 14:33:00,加仓,创业板ETF易方达,159915.XSHE,1.639,4100.0,37200.0,,9.0,2018-01-15,2018-01,"创业板ETF易方达
159915.XSHE"
2018-01-15 14:34:00,等级校准,创业板ETF易方达,159915.XSHE,,,37200.0,,,2018-01-15,2018-01,"创业板ETF易方达
159915.XSHE"
2018-01-17 09:50:00,加仓,500ETF,510500.XSHG,6.547,1000.0,3900.0,,3.0,2018-01-17,2018-01,"500ETF
510500.XSHG"
2018-01-24 10:34:00,止盈,创业板ETF易方达,159915.XSHE,1.692,4200.0,33000.0,221.89,8.0,2018-01-24,2018-01,"创业板ETF易方达
159915.XSHE"
2018-01-25 09:41:00,止盈,500ETF,510500.XSHG,6.744,1000.0,2900.0,196.33,2.0,2018-01-25,2018-01,"500ETF
510500.XSHG"
2018-01-25 10:15:00,止盈,创业板ETF易方达,159915.XSHE,1.744,4100.0,28900.0,212.48,7.0,2018-01-25,2018-01,"创业板ETF易方达
159915.XSHE"
2018-01-30 10:54:00,加仓,创业板ETF易方达,159915.XSHE,1.691,4000.0,32900.0,,8.0,2018-01-30,2018-01,"创业板ETF易方达
159915.XSHE"
2018-01-31 09:53:00,加仓,500ETF,510500.XSHG,6.54,1000.0,3900.0,,3.0,2018-01-31,2018-01,"500ETF
510500.XSHG"
2018-01-31 13:43:00,加仓,创业板ETF易方达,159915.XSHE,1.64,4100.0,37000.0,,9.0,2018-01-31,2018-01,"创业板ETF易方达
159915.XSHE"
2018-01-31 13:44:00,等级校准,创业板ETF易方达,159915.XSHE,,,37000.0,,,2018-01-31,2018-01,"创业板ETF易方达
159915.XSHE"
2018-02-01 13:09:00,加仓,500ETF,510500.XSHG,6.339,1000.0,4900.0,,4.0,2018-02-01,2018-02,"500ETF
510500.XSHG"
2018-02-02 09:34:00,加仓,创业板ETF易方达,159915.XSHE,1.588,4200.0,41200.0,,9.0,2018-02-02,2018-02,"创业板ETF易方达
159915.XSHE"
2018-02-05 09:33:00,加仓,纳指ETF,513100.XSHG,2.233,3000.0,28700.0,,9.0,2018-02-05,2018-02,"纳指ETF
513100.XSHG"
2018-02-06 09:31:00,加仓,纳指ETF,513100.XSHG,2.093,3100.0,31800.0,,10.0,2018-02-06,2018-02,"纳指ETF
513100.XSHG"
2018-02-06 09:32:00,等级校准,纳指ETF,513100.XSHG,,,31800.0,,,2018-02-06,2018-02,"纳指ETF
513100.XSHG"
2018-02-06 10:59:00,加仓,500ETF,510500.XSHG,6.148,1100.0,6000.0,,5.0,2018-02-06,2018-02,"500ETF
510500.XSHG"
2018-02-06 13:06:00,加仓,创业板ETF易方达,159915.XSHE,1.54,4400.0,45600.0,,10.0,2018-02-06,2018-02,"创业板ETF易方达
159915.XSHE"
2018-02-07 09:31:00,止盈,纳指ETF,513100.XSHG,2.164,3300.0,28500.0,233.59,8.0,2018-02-07,2018-02,"纳指ETF
513100.XSHG"
2018-02-07 10:58:00,加仓,创业板ETF易方达,159915.XSHE,1.492,4500.0,50100.0,,11.0,2018-02-07,2018-02,"创业板ETF易方达
159915.XSHE"
2018-02-07 10:59:00,等级校准,创业板ETF易方达,159915.XSHE,,,50100.0,,,2018-02-07,2018-02,"创业板ETF易方达
159915.XSHE"
2018-02-07 11:02:00,加仓,500ETF,510500.XSHG,5.956,1100.0,7100.0,,6.0,2018-02-07,2018-02,"500ETF
510500.XSHG"
2018-02-07 13:43:00,止盈,创业板ETF易方达,159915.XSHE,1.537,4600.0,45500.0,206.29,10.0,2018-02-07,2018-02,"创业板ETF易方达
159915.XSHE"
2018-02-09 09:31:00,加仓,纳指ETF,513100.XSHG,2.078,3200.0,31700.0,,9.0,2018-02-09,2018-02,"纳指ETF
513100.XSHG"
2018-02-09 14:06:00,加仓,创业板ETF易方达,159915.XSHE,1.49,4500.0,50000.0,,11.0,2018-02-09,2018-02,"创业板ETF易方达
159915.XSHE"
2018-02-09 14:07:00,等级校准,创业板ETF易方达,159915.XSHE,,,50000.0,,,2018-02-09,2018-02,"创业板ETF易方达
159915.XSHE"
2018-02-12 11:15:00,止盈,创业板ETF易方达,159915.XSHE,1.535,4600.0,45400.0,206.29,10.0,2018-02-12,2018-02,"创业板ETF易方达
159915.XSHE"
2018-02-13 09:31:00,止盈,纳指ETF,513100.XSHG,2.164,3300.0,28400.0,283.09,8.0,2018-02-13,2018-02,"纳指ETF
513100.XSHG"
2018-02-22 09:31:00,止盈,纳指ETF,513100.XSHG,2.231,3200.0,25200.0,213.69,8.0,2018-02-22,2018-02,"纳指ETF
513100.XSHG"
2018-02-22 10:09:00,止盈,500ETF,510500.XSHG,6.137,1100.0,6000.0,198.42,5.0,2018-02-22,2018-02,"500ETF
510500.XSHG"
2018-02-23 09:39:00,止盈,创业板ETF易方达,159915.XSHE,1.582,4500.0,40900.0,210.79,9.0,2018-02-23,2018-02,"创业板ETF易方达
159915.XSHE"
2018-02-26 09:41:00,止盈,纳指ETF,513100.XSHG,2.298,3100.0,22100.0,206.99,7.0,2018-02-26,2018-02,"纳指ETF
513100.XSHG"
2018-02-26 13:38:00,止盈,500ETF,510500.XSHG,6.325,1100.0,4900.0,206.1,4.0,2018-02-26,2018-02,"500ETF
510500.XSHG"
2018-02-26 14:12:00,止盈,创业板ETF易方达,159915.XSHE,1.63,4400.0,36500.0,210.48,8.0,2018-02-26,2018-02,"创业板ETF易方达
159915.XSHE"
2018-03-01 13:39:00,止盈,创业板ETF易方达,159915.XSHE,1.681,4200.0,32300.0,213.49,7.0,2018-03-01,2018-03,"创业板ETF易方达
159915.XSHE"
2018-03-09 13:07:00,止盈,创业板ETF易方达,159915.XSHE,1.732,4100.0,28200.0,208.39,7.0,2018-03-09,2018-03,"创业板ETF易方达
159915.XSHE"
2018-03-09 13:15:00,止盈,500ETF,510500.XSHG,6.515,1100.0,3800.0,208.28,3.0,2018-03-09,2018-03,"500ETF
510500.XSHG"
2018-03-12 09:31:00,止盈,纳指ETF,513100.XSHG,2.371,3000.0,19100.0,218.29,6.0,2018-03-12,2018-03,"纳指ETF
513100.XSHG"
2018-03-12 10:05:00,止盈,创业板ETF易方达,159915.XSHE,1.784,4000.0,24200.0,207.29,6.0,2018-03-12,2018-03,"创业板ETF易方达
159915.XSHE"
2018-03-15 09:31:00,加仓,创业板ETF易方达,159915.XSHE,1.73,3900.0,28100.0,,7.0,2018-03-15,2018-03,"创业板ETF易方达
159915.XSHE"
2018-03-20 09:31:00,加仓,纳指ETF,513100.XSHG,2.295,2900.0,22000.0,,7.0,2018-03-20,2018-03,"纳指ETF
513100.XSHG"
2018-03-23 09:31:00,加仓,纳指ETF,513100.XSHG,2.213,3000.0,25000.0,,8.0,2018-03-23,2018-03,"纳指ETF
513100.XSHG"
2018-03-23 09:31:00,加仓,500ETF,510500.XSHG,6.232,1000.0,4800.0,,4.0,2018-03-23,2018-03,"500ETF
510500.XSHG"
2018-03-23 09:31:00,加仓,创业板ETF易方达,159915.XSHE,1.66,4000.0,32100.0,,8.0,2018-03-23,2018-03,"创业板ETF易方达
159915.XSHE"
2018-03-23 09:32:00,等级校准,创业板ETF易方达,159915.XSHE,,,32100.0,,,2018-03-23,2018-03,"创业板ETF易方达
159915.XSHE"
2018-03-23 14:16:00,加仓,500ETF,510500.XSHG,6.045,1100.0,5900.0,,5.0,2018-03-23,2018-03,"500ETF
510500.XSHG"
2018-03-26 09:36:00,加仓,创业板ETF易方达,159915.XSHE,1.606,4200.0,36300.0,,8.0,2018-03-26,2018-03,"创业板ETF易方达
159915.XSHE"
2018-03-26 14:14:00,止盈,创业板ETF易方达,159915.XSHE,1.656,4300.0,32000.0,214.29,7.0,2018-03-26,2018-03,"创业板ETF易方达
159915.XSHE"
2018-03-27 09:31:00,止盈,500ETF,510500.XSHG,6.259,1100.0,4800.0,234.71,4.0,2018-03-27,2018-03,"500ETF
510500.XSHG"
2018-03-27 09:51:00,止盈,创业板ETF易方达,159915.XSHE,1.706,4200.0,27800.0,209.28,6.0,2018-03-27,2018-03,"创业板ETF易方达
159915.XSHE"
2018-03-30 10:16:00,止盈,创业板ETF易方达,159915.XSHE,1.758,4100.0,23700.0,212.48,6.0,2018-03-30,2018-03,"创业板ETF易方达
159915.XSHE"
2018-04-02 09:31:00,止盈,500ETF,510500.XSHG,6.448,1100.0,3700.0,207.19,3.0,2018-04-02,2018-04,"500ETF
510500.XSHG"
2018-04-03 09:31:00,加仓,纳指ETF,513100.XSHG,2.13,3100.0,28100.0,,9.0,2018-04-03,2018-04,"纳指ETF
513100.XSHG"
2018-04-03 09:32:00,等级校准,纳指ETF,513100.XSHG,,,28100.0,,,2018-04-03,2018-04,"纳指ETF
513100.XSHG"
2018-04-11 09:31:00,止盈,纳指ETF,513100.XSHG,2.202,3200.0,24900.0,229.7,8.0,2018-04-11,2018-04,"纳指ETF
513100.XSHG"
2018-04-17 13:07:00,加仓,创业板ETF易方达,159915.XSHE,1.705,3900.0,27600.0,,7.0,2018-04-17,2018-04,"创业板ETF易方达
159915.XSHE"
2018-04-17 13:08:00,等级校准,创业板ETF易方达,159915.XSHE,,,27600.0,,,2018-04-17,2018-04,"创业板ETF易方达
159915.XSHE"
2018-04-17 13:11:00,加仓,500ETF,510500.XSHG,6.251,1000.0,4700.0,,4.0,2018-04-17,2018-04,"500ETF
510500.XSHG"
2018-04-23 13:09:00,加仓,创业板ETF易方达,159915.XSHE,1.653,4100.0,31700.0,,7.0,2018-04-23,2018-04,"创业板ETF易方达
159915.XSHE"
2018-04-23 14:27:00,加仓,500ETF,510500.XSHG,6.063,1100.0,5800.0,,5.0,2018-04-23,2018-04,"500ETF
510500.XSHG"
2018-04-24 11:18:00,止盈,500ETF,510500.XSHG,6.249,1100.0,4700.0,203.91,4.0,2018-04-24,2018-04,"500ETF
510500.XSHG"
2018-04-24 14:22:00,止盈,创业板ETF易方达,159915.XSHE,1.703,4200.0,27500.0,209.28,6.0,2018-04-24,2018-04,"创业板ETF易方达
159915.XSHE"
2018-05-07 09:31:00,止盈,纳指ETF,513100.XSHG,2.27,3100.0,21800.0,210.1,7.0,2018-05-07,2018-05,"纳指ETF
513100.XSHG"
2018-05-09 09:37:00,止盈,创业板ETF易方达,159915.XSHE,1.755,4100.0,23400.0,212.48,6.0,2018-05-09,2018-05,"创业板ETF易方达
159915.XSHE"
2018-05-16 09:31:00,加仓,黄金ETF,518880.XSHG,2.654,2500.0,22500.0,,9.0,2018-05-16,2018-05,"黄金ETF
518880.XSHG"
2018-05-16 09:32:00,等级校准,黄金ETF,518880.XSHG,,,22500.0,,,2018-05-16,2018-05,"黄金ETF
518880.XSHG"
2018-05-28 09:33:00,加仓,创业板ETF易方达,159915.XSHE,1.702,3900.0,27300.0,,7.0,2018-05-28,2018-05,"创业板ETF易方达
159915.XSHE"
2018-05-28 09:34:00,等级校准,创业板ETF易方达,159915.XSHE,,,27300.0,,,2018-05-28,2018-05,"创业板ETF易方达
159915.XSHE"
2018-05-28 14:47:00,止盈,纳指ETF,513100.XSHG,2.339,3000.0,18800.0,206.3,6.0,2018-05-28,2018-05,"纳指ETF
513100.XSHG"
2018-05-30 09:32:00,加仓,500ETF,510500.XSHG,6.059,1100.0,5800.0,,5.0,2018-05-30,2018-05,"500ETF
510500.XSHG"
2018-05-30 09:32:00,加仓,创业板ETF易方达,159915.XSHE,1.647,4100.0,31400.0,,7.0,2018-05-30,2018-05,"创业板ETF易方达
159915.XSHE"
2018-06-05 10:44:00,止盈,纳指ETF,513100.XSHG,2.41,2900.0,15900.0,205.2,5.0,2018-06-05,2018-06,"纳指ETF
513100.XSHG"
2018-06-11 14:17:00,加仓,创业板ETF易方达,159915.XSHE,1.597,4200.0,35600.0,,8.0,2018-06-11,2018-06,"创业板ETF易方达
159915.XSHE"
2018-06-15 09:52:00,加仓,500ETF,510500.XSHG,5.872,1100.0,6900.0,,6.0,2018-06-15,2018-06,"500ETF
510500.XSHG"
2018-06-19 09:31:00,加仓,创业板ETF易方达,159915.XSHE,1.533,4300.0,39900.0,,9.0,2018-06-19,2018-06,"创业板ETF易方达
159915.XSHE"
2018-06-19 09:32:00,加仓,500ETF,510500.XSHG,5.694,1100.0,8000.0,,7.0,2018-06-19,2018-06,"500ETF
510500.XSHG"
2018-06-19 09:32:00,等级校准,创业板ETF易方达,159915.XSHE,,,39900.0,,,2018-06-19,2018-06,"创业板ETF易方达
159915.XSHE"
2018-06-19 09:33:00,等级校准,500ETF,510500.XSHG,,,8000.0,,,2018-06-19,2018-06,"500ETF
510500.XSHG"
2018-06-19 13:19:00,加仓,500ETF,510500.XSHG,5.518,1200.0,9200.0,,7.0,2018-06-19,2018-06,"500ETF
510500.XSHG"
2018-06-19 13:37:00,加仓,创业板ETF易方达,159915.XSHE,1.487,4500.0,44400.0,,9.0,2018-06-19,2018-06,"创业板ETF易方达
159915.XSHE"
2018-06-21 09:46:00,止盈,纳指ETF,513100.XSHG,2.484,2900.0,13000.0,213.88,4.0,2018-06-21,2018-06,"纳指ETF
513100.XSHG"
2018-06-21 14:53:00,加仓,创业板ETF易方达,159915.XSHE,1.442,4700.0,49100.0,,10.0,2018-06-21,2018-06,"创业板ETF易方达
159915.XSHE"
2018-06-22 09:31:00,加仓,500ETF,510500.XSHG,5.352,1200.0,10400.0,,8.0,2018-06-22,2018-06,"500ETF
510500.XSHG"
2018-06-26 11:04:00,止盈,创业板ETF易方达,159915.XSHE,1.486,4800.0,44300.0,210.49,9.0,2018-06-26,2018-06,"创业板ETF易方达
159915.XSHE"
2018-06-28 09:31:00,加仓,纳指ETF,513100.XSHG,2.388,2800.0,15800.0,,5.0,2018-06-28,2018-06,"纳指ETF
513100.XSHG"
2018-06-29 13:56:00,止盈,500ETF,510500.XSHG,5.514,1300.0,9100.0,209.88,7.0,2018-06-29,2018-06,"500ETF
510500.XSHG"
2018-07-03 09:31:00,止盈,纳指ETF,513100.XSHG,2.477,2900.0,12900.0,257.38,4.0,2018-07-03,2018-07,"纳指ETF
513100.XSHG"
2018-07-05 11:29:00,加仓,500ETF,510500.XSHG,5.347,1200.0,10300.0,,8.0,2018-07-05,2018-07,"500ETF
510500.XSHG"
2018-07-05 13:00:00,等级校准,500ETF,510500.XSHG,,,10300.0,,,2018-07-05,2018-07,"500ETF
510500.XSHG"
2018-07-09 10:25:00,止盈,纳指ETF,513100.XSHG,2.552,2800.0,10100.0,209.29,3.0,2018-07-09,2018-07,"纳指ETF
513100.XSHG"
2018-07-12 11:05:00,止盈,创业板ETF易方达,159915.XSHE,1.531,4700.0,39600.0,210.78,8.0,2018-07-12,2018-07,"创业板ETF易方达
159915.XSHE"
2018-07-12 14:22:00,止盈,500ETF,510500.XSHG,5.509,1300.0,9000.0,209.88,7.0,2018-07-12,2018-07,"500ETF
510500.XSHG"
2018-07-24 09:46:00,止盈,纳指ETF,513100.XSHG,2.63,2700.0,7400.0,209.89,2.0,2018-07-24,2018-07,"纳指ETF
513100.XSHG"
2018-07-30 13:59:00,加仓,创业板ETF易方达,159915.XSHE,1.485,4500.0,44100.0,,9.0,2018-07-30,2018-07,"创业板ETF易方达
159915.XSHE"
2018-08-02 09:42:00,加仓,500ETF,510500.XSHG,5.337,1200.0,10200.0,,8.0,2018-08-02,2018-08,"500ETF
510500.XSHG"
2018-08-02 09:43:00,等级校准,500ETF,510500.XSHG,,,10200.0,,,2018-08-02,2018-08,"500ETF
510500.XSHG"
2018-08-02 10:48:00,加仓,创业板ETF易方达,159915.XSHE,1.44,4700.0,48800.0,,10.0,2018-08-02,2018-08,"创业板ETF易方达
159915.XSHE"
2018-08-06 09:37:00,加仓,500ETF,510500.XSHG,5.171,1300.0,11500.0,,8.0,2018-08-06,2018-08,"500ETF
510500.XSHG"
2018-08-06 10:11:00,止盈,纳指ETF,513100.XSHG,2.709,2600.0,4800.0,204.7,1.0,2018-08-06,2018-08,"纳指ETF
513100.XSHG"
2018-08-06 11:01:00,加仓,创业板ETF易方达,159915.XSHE,1.396,4800.0,53600.0,,11.0,2018-08-06,2018-08,"创业板ETF易方达
159915.XSHE"
2018-08-06 11:02:00,等级校准,创业板ETF易方达,159915.XSHE,,,53600.0,,,2018-08-06,2018-08,"创业板ETF易方达
159915.XSHE"
2018-08-07 09:35:00,止盈,纳指ETF,513100.XSHG,2.792,2500.0,2300.0,206.8,1.0,2018-08-07,2018-08,"纳指ETF
513100.XSHG"
2018-08-08 09:46:00,加仓,纳指ETF,513100.XSHG,2.704,2500.0,4800.0,,2.0,2018-08-08,2018-08,"纳指ETF
513100.XSHG"
2018-08-08 09:47:00,等级校准,纳指ETF,513100.XSHG,,,4800.0,,,2018-08-08,2018-08,"纳指ETF
513100.XSHG"
2018-08-09 11:26:00,止盈,500ETF,510500.XSHG,5.327,1300.0,10200.0,202.11,7.0,2018-08-09,2018-08,"500ETF
510500.XSHG"
2018-08-10 09:56:00,止盈,创业板ETF易方达,159915.XSHE,1.438,5000.0,48600.0,209.28,10.0,2018-08-10,2018-08,"创业板ETF易方达
159915.XSHE"
2018-08-16 09:31:00,加仓,创业板ETF易方达,159915.XSHE,1.389,4800.0,53400.0,,11.0,2018-08-16,2018-08,"创业板ETF易方达
159915.XSHE"
2018-08-16 09:32:00,加仓,500ETF,510500.XSHG,5.164,1300.0,11500.0,,8.0,2018-08-16,2018-08,"500ETF
510500.XSHG"
2018-08-16 09:32:00,等级校准,创业板ETF易方达,159915.XSHE,,,53400.0,,,2018-08-16,2018-08,"创业板ETF易方达
159915.XSHE"
2018-08-20 11:05:00,加仓,创业板ETF易方达,159915.XSHE,1.347,5000.0,58400.0,,11.0,2018-08-20,2018-08,"创业板ETF易方达
159915.XSHE"
2018-08-21 11:01:00,止盈,创业板ETF易方达,159915.XSHE,1.388,5100.0,53300.0,208.39,10.0,2018-08-21,2018-08,"创业板ETF易方达
159915.XSHE"
2018-09-10 09:45:00,加仓,创业板ETF易方达,159915.XSHE,1.346,5000.0,58300.0,,11.0,2018-09-10,2018-09,"创业板ETF易方达
159915.XSHE"
2018-09-10 14:21:00,加仓,500ETF,510500.XSHG,5.007,1300.0,12800.0,,9.0,2018-09-10,2018-09,"500ETF
510500.XSHG"
2018-09-14 14:56:00,加仓,创业板ETF易方达,159915.XSHE,1.305,5200.0,63500.0,,12.0,2018-09-14,2018-09,"创业板ETF易方达
159915.XSHE"
2018-09-14 14:57:00,等级校准,创业板ETF易方达,159915.XSHE,,,63500.0,,,2018-09-14,2018-09,"创业板ETF易方达
159915.XSHE"
2018-09-21 14:19:00,止盈,创业板ETF易方达,159915.XSHE,1.345,5300.0,58200.0,211.29,11.0,2018-09-21,2018-09,"创业板ETF易方达
159915.XSHE"
2018-10-08 10:45:00,加仓,创业板ETF易方达,159915.XSHE,1.303,5200.0,63400.0,,12.0,2018-10-08,2018-10,"创业板ETF易方达
159915.XSHE"
2018-10-08 10:46:00,等级校准,创业板ETF易方达,159915.XSHE,,,63400.0,,,2018-10-08,2018-10,"创业板ETF易方达
159915.XSHE"
2018-10-11 09:31:00,加仓,纳指ETF,513100.XSHG,2.548,2500.0,7300.0,,2.0,2018-10-11,2018-10,"纳指ETF
513100.XSHG"
2018-10-11 09:31:00,加仓,500ETF,510500.XSHG,4.784,1300.0,14100.0,,10.0,2018-10-11,2018-10,"500ETF
510500.XSHG"
2018-10-11 09:31:00,加仓,创业板ETF易方达,159915.XSHE,1.241,5300.0,68700.0,,12.0,2018-10-11,2018-10,"创业板ETF易方达
159915.XSHE"
2018-10-11 11:20:00,加仓,500ETF,510500.XSHG,4.632,1400.0,15500.0,,11.0,2018-10-11,2018-10,"500ETF
510500.XSHG"
2018-10-11 11:21:00,等级校准,500ETF,510500.XSHG,,,15500.0,,,2018-10-11,2018-10,"500ETF
510500.XSHG"
2018-10-11 13:15:00,加仓,创业板ETF易方达,159915.XSHE,1.203,5600.0,74300.0,,13.0,2018-10-11,2018-10,"创业板ETF易方达
159915.XSHE"
2018-10-11 13:16:00,等级校准,创业板ETF易方达,159915.XSHE,,,74300.0,,,2018-10-11,2018-10,"创业板ETF易方达
159915.XSHE"
2018-10-12 10:12:00,加仓,500ETF,510500.XSHG,4.493,1500.0,17000.0,,11.0,2018-10-12,2018-10,"500ETF
510500.XSHG"
2018-10-16 14:00:00,加仓,创业板ETF易方达,159915.XSHE,1.166,5800.0,80100.0,,13.0,2018-10-16,2018-10,"创业板ETF易方达
159915.XSHE"
2018-10-16 14:11:00,加仓,500ETF,510500.XSHG,4.357,1500.0,18500.0,,12.0,2018-10-16,2018-10,"500ETF
510500.XSHG"
2018-10-16 14:12:00,等级校准,500ETF,510500.XSHG,,,18500.0,,,2018-10-16,2018-10,"500ETF
510500.XSHG"
2018-10-17 09:31:00,止盈,纳指ETF,513100.XSHG,2.636,2700.0,4600.0,236.89,1.0,2018-10-17,2018-10,"纳指ETF
513100.XSHG"
2018-10-19 09:31:00,止盈,黄金ETF,518880.XSHG,2.738,2600.0,19900.0,217.69,7.0,2018-10-19,2018-10,"黄金ETF
518880.XSHG"
2018-10-19 09:34:00,加仓,500ETF,510500.XSHG,4.225,1600.0,20100.0,,12.0,2018-10-19,2018-10,"500ETF
510500.XSHG"
2018-10-19 13:41:00,止盈,500ETF,510500.XSHG,4.355,1600.0,18500.0,207.3,11.0,2018-10-19,2018-10,"500ETF
510500.XSHG"
2018-10-22 09:31:00,止盈,500ETF,510500.XSHG,4.488,1600.0,16900.0,212.08,11.0,2018-10-22,2018-10,"500ETF
510500.XSHG"
2018-10-22 09:31:00,止盈,创业板ETF易方达,159915.XSHE,1.219,6000.0,74100.0,317.27,13.0,2018-10-22,2018-10,"创业板ETF易方达
159915.XSHE"
2018-10-22 11:19:00,止盈,创业板ETF易方达,159915.XSHE,1.256,5700.0,68400.0,210.18,12.0,2018-10-22,2018-10,"创业板ETF易方达
159915.XSHE"
2018-10-22 11:23:00,止盈,500ETF,510500.XSHG,4.624,1500.0,15400.0,203.31,10.0,2018-10-22,2018-10,"500ETF
510500.XSHG"
2018-10-23 11:21:00,加仓,纳指ETF,513100.XSHG,2.556,2600.0,7200.0,,2.0,2018-10-23,2018-10,"纳指ETF
513100.XSHG"
2018-10-24 10:10:00,加仓,500ETF,510500.XSHG,4.485,1500.0,16900.0,,11.0,2018-10-24,2018-10,"500ETF
510500.XSHG"
2018-10-25 09:31:00,加仓,纳指ETF,513100.XSHG,2.459,2700.0,9900.0,,3.0,2018-10-25,2018-10,"纳指ETF
513100.XSHG"
2018-10-25 09:31:00,加仓,创业板ETF易方达,159915.XSHE,1.188,5500.0,73900.0,,13.0,2018-10-25,2018-10,"创业板ETF易方达
159915.XSHE"
2018-10-25 09:32:00,等级校准,创业板ETF易方达,159915.XSHE,,,73900.0,,,2018-10-25,2018-10,"创业板ETF易方达
159915.XSHE"
2018-10-26 09:32:00,止盈,创业板ETF易方达,159915.XSHE,1.224,5800.0,68100.0,208.09,11.0,2018-10-26,2018-10,"创业板ETF易方达
159915.XSHE"
2018-10-30 09:44:00,加仓,创业板ETF易方达,159915.XSHE,1.187,5700.0,73800.0,,12.0,2018-10-30,2018-10,"创业板ETF易方达
159915.XSHE"
2018-10-31 10:14:00,止盈,创业板ETF易方达,159915.XSHE,1.224,5800.0,68000.0,213.89,11.0,2018-10-31,2018-10,"创业板ETF易方达
159915.XSHE"
2018-11-01 09:32:00,止盈,纳指ETF,513100.XSHG,2.534,2800.0,7100.0,209.29,2.0,2018-11-01,2018-11,"纳指ETF
513100.XSHG"
2018-11-01 09:58:00,止盈,500ETF,510500.XSHG,4.624,1500.0,15400.0,207.81,10.0,2018-11-01,2018-11,"500ETF
510500.XSHG"
2018-11-02 09:31:00,止盈,创业板ETF易方达,159915.XSHE,1.275,5700.0,62300.0,289.97,11.0,2018-11-02,2018-11,"创业板ETF易方达
159915.XSHE"
2018-11-07 09:57:00,止盈,500ETF,510500.XSHG,4.771,1500.0,13900.0,219.78,9.0,2018-11-07,2018-11,"500ETF
510500.XSHG"
2018-11-13 10:08:00,止盈,创业板ETF易方达,159915.XSHE,1.314,5400.0,56900.0,209.89,10.0,2018-11-13,2018-11,"创业板ETF易方达
159915.XSHE"
2018-11-15 09:38:00,加仓,纳指ETF,513100.XSHG,2.457,2700.0,9800.0,,3.0,2018-11-15,2018-11,"纳指ETF
513100.XSHG"
2018-11-15 13:41:00,止盈,500ETF,510500.XSHG,4.916,1400.0,12500.0,202.31,8.0,2018-11-15,2018-11,"500ETF
510500.XSHG"
2018-11-21 09:31:00,加仓,纳指ETF,513100.XSHG,2.361,2800.0,12600.0,,4.0,2018-11-21,2018-11,"纳指ETF
513100.XSHG"
2018-11-23 09:59:00,加仓,创业板ETF易方达,159915.XSHE,1.273,5300.0,62200.0,,11.0,2018-11-23,2018-11,"创业板ETF易方达
159915.XSHE"
2018-11-23 10:08:00,加仓,500ETF,510500.XSHG,4.765,1400.0,13900.0,,9.0,2018-11-23,2018-11,"500ETF
510500.XSHG"
2018-11-28 09:41:00,止盈,纳指ETF,513100.XSHG,2.432,2900.0,9700.0,205.19,3.0,2018-11-28,2018-11,"纳指ETF
513100.XSHG"
2018-11-30 09:47:00,加仓,500ETF,510500.XSHG,4.618,1400.0,15300.0,,10.0,2018-11-30,2018-11,"500ETF
510500.XSHG"
2018-12-03 09:31:00,止盈,纳指ETF,513100.XSHG,2.555,2800.0,6900.0,343.68,2.0,2018-12-03,2018-12,"纳指ETF
513100.XSHG"
2018-12-03 09:31:00,止盈,500ETF,510500.XSHG,4.818,1500.0,13800.0,299.28,9.0,2018-12-03,2018-12,"500ETF
510500.XSHG"
2018-12-03 11:19:00,止盈,创业板ETF易方达,159915.XSHE,1.312,5400.0,56800.0,209.89,10.0,2018-12-03,2018-12,"创业板ETF易方达
159915.XSHE"
2018-12-05 09:31:00,加仓,纳指ETF,513100.XSHG,2.426,2700.0,9600.0,,3.0,2018-12-05,2018-12,"纳指ETF
513100.XSHG"
2018-12-10 09:31:00,加仓,创业板ETF易方达,159915.XSHE,1.268,5300.0,62100.0,,11.0,2018-12-10,2018-12,"创业板ETF易方达
159915.XSHE"
2018-12-10 10:12:00,加仓,500ETF,510500.XSHG,4.668,1400.0,15200.0,,10.0,2018-12-10,2018-12,"500ETF
510500.XSHG"
2018-12-17 09:59:00,加仓,创业板ETF易方达,159915.XSHE,1.228,5500.0,67600.0,,12.0,2018-12-17,2018-12,"创业板ETF易方达
159915.XSHE"
2018-12-17 10:00:00,等级校准,创业板ETF易方达,159915.XSHE,,,67600.0,,,2018-12-17,2018-12,"创业板ETF易方达
159915.XSHE"
2018-12-18 09:31:00,加仓,纳指ETF,513100.XSHG,2.337,2800.0,12400.0,,4.0,2018-12-18,2018-12,"纳指ETF
513100.XSHG"
2018-12-20 13:01:00,加仓,500ETF,510500.XSHG,4.526,1400.0,16600.0,,11.0,2018-12-20,2018-12,"500ETF
510500.XSHG"
2018-12-20 13:36:00,加仓,纳指ETF,513100.XSHG,2.266,2900.0,15300.0,,5.0,2018-12-20,2018-12,"纳指ETF
513100.XSHG"
2018-12-24 09:32:00,加仓,纳指ETF,513100.XSHG,2.19,3000.0,18300.0,,6.0,2018-12-24,2018-12,"纳指ETF
513100.XSHG"
2018-12-24 09:33:00,等级校准,纳指ETF,513100.XSHG,,,18300.0,,,2018-12-24,2018-12,"纳指ETF
513100.XSHG"
2018-12-25 09:51:00,止盈,黄金ETF,518880.XSHG,2.821,2500.0,17400.0,206.79,7.0,2018-12-25,2018-12,"黄金ETF
518880.XSHG"
2018-12-25 10:18:00,加仓,纳指ETF,513100.XSHG,2.124,3100.0,21400.0,,6.0,2018-12-25,2018-12,"纳指ETF
513100.XSHG"
2018-12-27 09:31:00,止盈,纳指ETF,513100.XSHG,2.234,3200.0,18200.0,351.29,5.0,2018-12-27,2018-12,"纳指ETF
513100.XSHG"
2018-12-28 09:42:00,加仓,创业板ETF易方达,159915.XSHE,1.191,5700.0,73300.0,,12.0,2018-12-28,2018-12,"创业板ETF易方达
159915.XSHE"
2019-01-04 09:31:00,加仓,500ETF,510500.XSHG,4.369,1500.0,18100.0,,12.0,2019-01-04,2019-01,"500ETF
510500.XSHG"
2019-01-04 09:31:00,加仓,创业板ETF易方达,159915.XSHE,1.155,5800.0,79100.0,,13.0,2019-01-04,2019-01,"创业板ETF易方达
159915.XSHE"
2019-01-04 09:32:00,等级校准,500ETF,510500.XSHG,,,18100.0,,,2019-01-04,2019-01,"500ETF
510500.XSHG"
2019-01-04 13:02:00,止盈,创业板ETF易方达,159915.XSHE,1.191,6000.0,73100.0,215.29,12.0,2019-01-04,2019-01,"创业板ETF易方达
159915.XSHE"
2019-01-04 13:23:00,止盈,500ETF,510500.XSHG,4.501,1600.0,16500.0,210.48,11.0,2019-01-04,2019-01,"500ETF
510500.XSHG"
2019-01-07 09:31:00,止盈,纳指ETF,513100.XSHG,2.304,3100.0,15100.0,216.29,5.0,2019-01-07,2019-01,"纳指ETF
513100.XSHG"
2019-01-09 10:01:00,止盈,500ETF,510500.XSHG,4.638,1500.0,15000.0,204.8,10.0,2019-01-09,2019-01,"500ETF
510500.XSHG"
2019-01-09 10:27:00,止盈,创业板ETF易方达,159915.XSHE,1.227,5800.0,67300.0,208.09,11.0,2019-01-09,2019-01,"创业板ETF易方达
159915.XSHE"
2019-01-15 09:34:00,加仓,创业板ETF易方达,159915.XSHE,1.19,5700.0,73000.0,,12.0,2019-01-15,2019-01,"创业板ETF易方达
159915.XSHE"
2019-01-18 09:35:00,止盈,纳指ETF,513100.XSHG,2.374,3000.0,12100.0,209.29,4.0,2019-01-18,2019-01,"纳指ETF
513100.XSHG"
2019-01-21 10:11:00,止盈,创业板ETF易方达,159915.XSHE,1.226,5800.0,67200.0,208.09,11.0,2019-01-21,2019-01,"创业板ETF易方达
159915.XSHE"
2019-01-29 10:08:00,加仓,创业板ETF易方达,159915.XSHE,1.189,5700.0,72900.0,,12.0,2019-01-29,2019-01,"创业板ETF易方达
159915.XSHE"
2019-01-29 10:24:00,加仓,500ETF,510500.XSHG,4.497,1500.0,16500.0,,11.0,2019-01-29,2019-01,"500ETF
510500.XSHG"
2019-02-11 09:32:00,止盈,创业板ETF易方达,159915.XSHE,1.225,5800.0,67100.0,208.09,11.0,2019-02-11,2019-02,"创业板ETF易方达
159915.XSHE"
2019-02-11 09:38:00,止盈,500ETF,510500.XSHG,4.634,1500.0,15000.0,204.8,10.0,2019-02-11,2019-02,"500ETF
510500.XSHG"
2019-02-11 14:30:00,止盈,创业板ETF易方达,159915.XSHE,1.262,5700.0,61400.0,210.18,11.0,2019-02-11,2019-02,"创业板ETF易方达
159915.XSHE"
2019-02-12 09:31:00,止盈,纳指ETF,513100.XSHG,2.446,2900.0,9200.0,208.09,3.0,2019-02-12,2019-02,"纳指ETF
513100.XSHG"
2019-02-13 10:05:00,止盈,500ETF,510500.XSHG,4.774,1500.0,13500.0,209.28,9.0,2019-02-13,2019-02,"500ETF
510500.XSHG"
2019-02-13 13:42:00,止盈,创业板ETF易方达,159915.XSHE,1.3,5500.0,55900.0,208.28,10.0,2019-02-13,2019-02,"创业板ETF易方达
159915.XSHE"
2019-02-18 10:25:00,止盈,500ETF,510500.XSHG,4.918,1400.0,12100.0,200.91,8.0,2019-02-18,2019-02,"500ETF
510500.XSHG"
2019-02-18 13:07:00,止盈,创业板ETF易方达,159915.XSHE,1.34,5300.0,50600.0,211.29,9.0,2019-02-18,2019-02,"创业板ETF易方达
159915.XSHE"
2019-02-20 09:31:00,止盈,黄金ETF,518880.XSHG,2.907,2400.0,15000.0,205.7,6.0,2019-02-20,2019-02,"黄金ETF
518880.XSHG"
2019-02-21 13:07:00,止盈,500ETF,510500.XSHG,5.066,1400.0,10700.0,206.49,8.0,2019-02-21,2019-02,"500ETF
510500.XSHG"
2019-02-21 13:07:00,止盈,创业板ETF易方达,159915.XSHE,1.384,5200.0,45400.0,228.08,9.0,2019-02-21,2019-02,"创业板ETF易方达
159915.XSHE"
2019-02-25 09:31:00,止盈,创业板ETF易方达,159915.XSHE,1.433,5000.0,40400.0,244.28,8.0,2019-02-25,2019-02,"创业板ETF易方达
159915.XSHE"
2019-02-25 09:32:00,止盈,500ETF,510500.XSHG,5.218,1300.0,9400.0,196.92,7.0,2019-02-25,2019-02,"500ETF
510500.XSHG"
2019-02-25 13:10:00,止盈,500ETF,510500.XSHG,5.375,1300.0,8100.0,203.4,6.0,2019-02-25,2019-02,"500ETF
510500.XSHG"
2019-02-25 14:33:00,止盈,创业板ETF易方达,159915.XSHE,1.476,4800.0,35600.0,205.69,7.0,2019-02-25,2019-02,"创业板ETF易方达
159915.XSHE"
2019-03-04 09:31:00,加仓,黄金ETF,518880.XSHG,2.797,2400.0,17400.0,,7.0,2019-03-04,2019-03,"黄金ETF
518880.XSHG"
2019-03-04 09:31:00,止盈,创业板ETF易方达,159915.XSHE,1.528,4700.0,30900.0,243.68,6.0,2019-03-04,2019-03,"创业板ETF易方达
159915.XSHE"
2019-03-04 09:32:00,等级校准,黄金ETF,518880.XSHG,,,17400.0,,,2019-03-04,2019-03,"黄金ETF
518880.XSHG"
2019-03-04 10:06:00,止盈,500ETF,510500.XSHG,5.539,1300.0,6800.0,212.48,5.0,2019-03-04,2019-03,"500ETF
510500.XSHG"
2019-03-04 13:01:00,止盈,创业板ETF易方达,159915.XSHE,1.575,4500.0,26400.0,210.79,6.0,2019-03-04,2019-03,"创业板ETF易方达
159915.XSHE"
2019-03-06 09:31:00,止盈,创业板ETF易方达,159915.XSHE,1.623,4400.0,22000.0,210.49,5.0,2019-03-06,2019-03,"创业板ETF易方达
159915.XSHE"
2019-03-06 09:34:00,止盈,500ETF,510500.XSHG,5.706,1200.0,5600.0,199.72,4.0,2019-03-06,2019-03,"500ETF
510500.XSHG"
2019-03-07 14:37:00,止盈,500ETF,510500.XSHG,5.885,1200.0,4400.0,214.09,4.0,2019-03-07,2019-03,"500ETF
510500.XSHG"
2019-03-08 09:31:00,加仓,500ETF,510500.XSHG,5.658,1100.0,5500.0,,5.0,2019-03-08,2019-03,"500ETF
510500.XSHG"
2019-03-08 09:31:00,加仓,创业板ETF易方达,159915.XSHE,1.571,4300.0,26300.0,,6.0,2019-03-08,2019-03,"创业板ETF易方达
159915.XSHE"
2019-03-08 09:32:00,等级校准,500ETF,510500.XSHG,,,5500.0,,,2019-03-08,2019-03,"500ETF
510500.XSHG"
2019-03-08 09:32:00,等级校准,创业板ETF易方达,159915.XSHE,,,26300.0,,,2019-03-08,2019-03,"创业板ETF易方达
159915.XSHE"
2019-03-08 10:11:00,止盈,创业板ETF易方达,159915.XSHE,1.62,4400.0,21900.0,214.89,5.0,2019-03-08,2019-03,"创业板ETF易方达
159915.XSHE"
2019-03-08 10:41:00,止盈,500ETF,510500.XSHG,5.832,1200.0,4300.0,208.1,3.0,2019-03-08,2019-03,"500ETF
510500.XSHG"
2019-03-08 14:41:00,加仓,500ETF,510500.XSHG,5.652,1200.0,5500.0,,4.0,2019-03-08,2019-03,"500ETF
510500.XSHG"
2019-03-11 14:39:00,止盈,500ETF,510500.XSHG,5.826,1200.0,4300.0,208.1,3.0,2019-03-11,2019-03,"500ETF
510500.XSHG"
2019-03-12 09:31:00,止盈,创业板ETF易方达,159915.XSHE,1.672,4300.0,17600.0,222.88,4.0,2019-03-12,2019-03,"创业板ETF易方达
159915.XSHE"
2019-03-13 14:24:00,加仓,创业板ETF易方达,159915.XSHE,1.62,4100.0,21700.0,,5.0,2019-03-13,2019-03,"创业板ETF易方达
159915.XSHE"
2019-03-14 09:31:00,止盈,纳指ETF,513100.XSHG,2.524,2800.0,6400.0,217.69,2.0,2019-03-14,2019-03,"纳指ETF
513100.XSHG"
2019-03-14 10:41:00,加仓,500ETF,510500.XSHG,5.644,1200.0,5500.0,,4.0,2019-03-14,2019-03,"500ETF
510500.XSHG"
2019-03-14 13:01:00,加仓,创业板ETF易方达,159915.XSHE,1.571,4300.0,26000.0,,6.0,2019-03-14,2019-03,"创业板ETF易方达
159915.XSHE"
2019-03-14 13:02:00,等级校准,创业板ETF易方达,159915.XSHE,,,26000.0,,,2019-03-14,2019-03,"创业板ETF易方达
159915.XSHE"
2019-03-18 13:55:00,止盈,500ETF,510500.XSHG,5.814,1200.0,4300.0,203.3,3.0,2019-03-18,2019-03,"500ETF
510500.XSHG"
2019-03-18 14:07:00,止盈,创业板ETF易方达,159915.XSHE,1.619,4400.0,21600.0,210.49,5.0,2019-03-18,2019-03,"创业板ETF易方达
159915.XSHE"
2019-03-21 10:16:00,止盈,500ETF,510500.XSHG,5.992,1200.0,3100.0,212.88,2.0,2019-03-21,2019-03,"500ETF
510500.XSHG"
2019-03-22 09:31:00,止盈,纳指ETF,513100.XSHG,2.609,2700.0,3700.0,228.8,1.0,2019-03-22,2019-03,"纳指ETF
513100.XSHG"
2019-03-26 13:11:00,加仓,500ETF,510500.XSHG,5.811,1100.0,4200.0,,3.0,2019-03-26,2019-03,"500ETF
510500.XSHG"
2019-03-26 14:00:00,加仓,创业板ETF易方达,159915.XSHE,1.57,4300.0,25900.0,,6.0,2019-03-26,2019-03,"创业板ETF易方达
159915.XSHE"
2019-03-26 14:01:00,等级校准,创业板ETF易方达,159915.XSHE,,,25900.0,,,2019-03-26,2019-03,"创业板ETF易方达
159915.XSHE"
2019-03-29 13:59:00,止盈,创业板ETF易方达,159915.XSHE,1.618,4400.0,21500.0,210.49,5.0,2019-03-29,2019-03,"创业板ETF易方达
159915.XSHE"
2019-04-01 09:31:00,止盈,500ETF,510500.XSHG,5.99,1200.0,3000.0,214.08,2.0,2019-04-01,2019-04,"500ETF
510500.XSHG"
2019-04-01 09:43:00,止盈,创业板ETF易方达,159915.XSHE,1.667,4300.0,17200.0,209.98,4.0,2019-04-01,2019-04,"创业板ETF易方达
159915.XSHE"
2019-04-01 14:57:00,止盈,500ETF,510500.XSHG,6.17,1100.0,1900.0,197.32,1.0,2019-04-01,2019-04,"500ETF
510500.XSHG"
2019-04-12 09:35:00,加仓,创业板ETF易方达,159915.XSHE,1.616,4100.0,21300.0,,5.0,2019-04-12,2019-04,"创业板ETF易方达
159915.XSHE"
2019-04-12 09:36:00,等级校准,创业板ETF易方达,159915.XSHE,,,21300.0,,,2019-04-12,2019-04,"创业板ETF易方达
159915.XSHE"
2019-04-16 09:51:00,加仓,500ETF,510500.XSHG,5.975,1100.0,3000.0,,2.0,2019-04-16,2019-04,"500ETF
510500.XSHG"
2019-04-16 14:11:00,止盈,500ETF,510500.XSHG,6.156,1100.0,1900.0,198.42,1.0,2019-04-16,2019-04,"500ETF
510500.XSHG"
2019-04-19 09:37:00,止盈,纳指ETF,513100.XSHG,2.689,2600.0,1100.0,207.3,1.0,2019-04-19,2019-04,"纳指ETF
513100.XSHG"
2019-04-24 11:23:00,加仓,500ETF,510500.XSHG,5.969,1100.0,3000.0,,2.0,2019-04-24,2019-04,"500ETF
510500.XSHG"
2019-04-26 10:08:00,止盈（部分）,纳指ETF,513100.XSHG,2.773,1100.0,0.0,92.09,0.0,2019-04-26,2019-04,"纳指ETF
513100.XSHG"
2019-04-26 10:08:00,清仓,纳指ETF,513100.XSHG,,,,,0.0,2019-04-26,2019-04,"纳指ETF
513100.XSHG"
2019-04-26 10:09:00,重装建仓,纳指ETF,513100.XSHG,2.78,28700.0,28700.0,,,2019-04-26,2019-04,"纳指ETF
513100.XSHG"
2019-04-26 10:10:00,底仓到账,纳指ETF,513100.XSHG,,,28700.0,,11.0,2019-04-26,2019-04,"纳指ETF
513100.XSHG"
2019-04-29 09:35:00,加仓,500ETF,510500.XSHG,5.783,1100.0,4100.0,,3.0,2019-04-29,2019-04,"500ETF
510500.XSHG"
2019-04-29 10:13:00,加仓,创业板ETF易方达,159915.XSHE,1.566,4300.0,25600.0,,5.0,2019-04-29,2019-04,"创业板ETF易方达
159915.XSHE"
2019-05-06 09:31:00,加仓,500ETF,510500.XSHG,5.462,1200.0,5300.0,,4.0,2019-05-06,2019-05,"500ETF
510500.XSHG"
2019-05-06 09:31:00,加仓,创业板ETF易方达,159915.XSHE,1.492,4400.0,30000.0,,6.0,2019-05-06,2019-05,"创业板ETF易方达
159915.XSHE"
2019-05-06 13:10:00,加仓,创业板ETF易方达,159915.XSHE,1.447,4600.0,34600.0,,7.0,2019-05-06,2019-05,"创业板ETF易方达
159915.XSHE"
2019-05-06 13:20:00,加仓,500ETF,510500.XSHG,5.294,1200.0,6500.0,,5.0,2019-05-06,2019-05,"500ETF
510500.XSHG"
2019-05-09 09:43:00,加仓,纳指ETF,513100.XSHG,2.696,2500.0,31200.0,,12.0,2019-05-09,2019-05,"纳指ETF
513100.XSHG"
2019-05-14 09:31:00,加仓,纳指ETF,513100.XSHG,2.613,2500.0,33700.0,,13.0,2019-05-14,2019-05,"纳指ETF
513100.XSHG"
2019-05-14 09:32:00,等级校准,纳指ETF,513100.XSHG,,,33700.0,,,2019-05-14,2019-05,"纳指ETF
513100.XSHG"
2019-05-16 13:00:00,止盈,500ETF,510500.XSHG,5.453,1300.0,5200.0,205.99,4.0,2019-05-16,2019-05,"500ETF
510500.XSHG"
2019-05-17 09:31:00,止盈,纳指ETF,513100.XSHG,2.712,2600.0,31100.0,256.69,12.0,2019-05-17,2019-05,"纳指ETF
513100.XSHG"
2019-05-17 14:43:00,加仓,500ETF,510500.XSHG,5.289,1200.0,6400.0,,5.0,2019-05-17,2019-05,"500ETF
510500.XSHG"
2019-05-17 14:44:00,等级校准,500ETF,510500.XSHG,,,6400.0,,,2019-05-17,2019-05,"500ETF
510500.XSHG"
2019-05-20 09:46:00,加仓,创业板ETF易方达,159915.XSHE,1.403,4800.0,39400.0,,8.0,2019-05-20,2019-05,"创业板ETF易方达
159915.XSHE"
2019-05-24 09:31:00,加仓,纳指ETF,513100.XSHG,2.625,2500.0,33600.0,,13.0,2019-05-24,2019-05,"纳指ETF
513100.XSHG"
2019-05-24 09:32:00,等级校准,纳指ETF,513100.XSHG,,,33600.0,,,2019-05-24,2019-05,"纳指ETF
513100.XSHG"
2019-06-03 09:31:00,加仓,纳指ETF,513100.XSHG,2.543,2600.0,36200.0,,13.0,2019-06-03,2019-06,"纳指ETF
513100.XSHG"
2019-06-03 09:31:00,止盈,黄金ETF,518880.XSHG,2.909,2500.0,14900.0,279.27,6.0,2019-06-03,2019-06,"黄金ETF
518880.XSHG"
2019-06-04 14:38:00,加仓,500ETF,510500.XSHG,5.13,1300.0,7700.0,,5.0,2019-06-04,2019-06,"500ETF
510500.XSHG"
2019-06-06 14:22:00,加仓,创业板ETF易方达,159915.XSHE,1.36,4900.0,44300.0,,9.0,2019-06-06,2019-06,"创业板ETF易方达
159915.XSHE"
2019-06-06 14:23:00,等级校准,创业板ETF易方达,159915.XSHE,,,44300.0,,,2019-06-06,2019-06,"创业板ETF易方达
159915.XSHE"
2019-06-10 09:31:00,止盈,纳指ETF,513100.XSHG,2.664,2700.0,33500.0,325.98,12.0,2019-06-10,2019-06,"纳指ETF
513100.XSHG"
2019-06-11 10:39:00,止盈,创业板ETF易方达,159915.XSHE,1.401,5100.0,39200.0,208.39,8.0,2019-06-11,2019-06,"创业板ETF易方达
159915.XSHE"
2019-06-14 10:10:00,止盈,黄金ETF,518880.XSHG,2.997,2400.0,12500.0,210.48,5.0,2019-06-14,2019-06,"黄金ETF
518880.XSHG"
2019-06-19 09:31:00,止盈,500ETF,510500.XSHG,5.293,1300.0,6400.0,211.21,4.0,2019-06-19,2019-06,"500ETF
510500.XSHG"
2019-06-19 09:31:00,止盈,创业板ETF易方达,159915.XSHE,1.448,4900.0,34300.0,229.59,7.0,2019-06-19,2019-06,"创业板ETF易方达
159915.XSHE"
2019-06-20 09:31:00,止盈,纳指ETF,513100.XSHG,2.746,2600.0,30900.0,212.49,12.0,2019-06-20,2019-06,"纳指ETF
513100.XSHG"
2019-06-21 09:55:00,止盈,黄金ETF,518880.XSHG,3.088,2300.0,10200.0,208.59,4.0,2019-06-21,2019-06,"黄金ETF
518880.XSHG"
2019-06-25 13:03:00,止盈,黄金ETF,518880.XSHG,3.181,2200.0,8000.0,203.9,3.0,2019-06-25,2019-06,"黄金ETF
518880.XSHG"
2019-07-01 09:31:00,加仓,黄金ETF,518880.XSHG,3.052,2200.0,10200.0,,4.0,2019-07-01,2019-07,"黄金ETF
518880.XSHG"
2019-07-01 09:52:00,止盈,创业板ETF易方达,159915.XSHE,1.492,4800.0,29500.0,210.48,6.0,2019-07-01,2019-07,"创业板ETF易方达
159915.XSHE"
2019-07-01 10:11:00,止盈,500ETF,510500.XSHG,5.455,1300.0,5100.0,209.89,4.0,2019-07-01,2019-07,"500ETF
510500.XSHG"
2019-07-03 09:31:00,止盈,黄金ETF,518880.XSHG,3.174,2200.0,8000.0,267.7,3.0,2019-07-03,2019-07,"黄金ETF
518880.XSHG"
2019-07-08 10:20:00,加仓,500ETF,510500.XSHG,5.29,1200.0,6300.0,,5.0,2019-07-08,2019-07,"500ETF
510500.XSHG"
2019-07-08 10:21:00,等级校准,500ETF,510500.XSHG,,,6300.0,,,2019-07-08,2019-07,"500ETF
510500.XSHG"
2019-07-08 10:52:00,加仓,创业板ETF易方达,159915.XSHE,1.447,4600.0,34100.0,,7.0,2019-07-08,2019-07,"创业板ETF易方达
159915.XSHE"
2019-07-09 09:52:00,加仓,黄金ETF,518880.XSHG,3.078,2200.0,10200.0,,4.0,2019-07-09,2019-07,"黄金ETF
518880.XSHG"
2019-07-15 09:31:00,止盈,纳指ETF,513100.XSHG,2.831,2500.0,28400.0,211.79,11.0,2019-07-15,2019-07,"纳指ETF
513100.XSHG"
2019-07-15 11:21:00,止盈,创业板ETF易方达,159915.XSHE,1.492,4800.0,29300.0,215.28,6.0,2019-07-15,2019-07,"创业板ETF易方达
159915.XSHE"
2019-07-19 09:31:00,止盈,黄金ETF,518880.XSHG,3.185,2200.0,8000.0,234.7,3.0,2019-07-19,2019-07,"黄金ETF
518880.XSHG"
2019-08-05 11:27:00,止盈,黄金ETF,518880.XSHG,3.282,2100.0,5900.0,203.01,2.0,2019-08-05,2019-08,"黄金ETF
518880.XSHG"
2019-08-06 09:31:00,加仓,纳指ETF,513100.XSHG,2.703,2400.0,30800.0,,12.0,2019-08-06,2019-08,"纳指ETF
513100.XSHG"
2019-08-06 09:31:00,加仓,500ETF,510500.XSHG,5.052,1300.0,7600.0,,5.0,2019-08-06,2019-08,"500ETF
510500.XSHG"
2019-08-06 09:31:00,加仓,创业板ETF易方达,159915.XSHE,1.444,4600.0,33900.0,,7.0,2019-08-06,2019-08,"创业板ETF易方达
159915.XSHE"
2019-08-08 09:31:00,止盈,黄金ETF,518880.XSHG,3.385,2100.0,3800.0,215.59,1.0,2019-08-08,2019-08,"黄金ETF
518880.XSHG"
2019-08-08 14:31:00,止盈,纳指ETF,513100.XSHG,2.785,2500.0,28300.0,204.3,11.0,2019-08-08,2019-08,"纳指ETF
513100.XSHG"
2019-08-14 09:31:00,止盈,创业板ETF易方达,159915.XSHE,1.489,4800.0,29100.0,215.29,6.0,2019-08-14,2019-08,"创业板ETF易方达
159915.XSHE"
2019-08-19 10:09:00,止盈,创业板ETF易方达,159915.XSHE,1.534,4700.0,24400.0,210.78,5.0,2019-08-19,2019-08,"创业板ETF易方达
159915.XSHE"
2019-08-19 11:01:00,止盈,500ETF,510500.XSHG,5.206,1300.0,6300.0,199.52,4.0,2019-08-19,2019-08,"500ETF
510500.XSHG"
2019-08-26 09:31:00,止盈,黄金ETF,518880.XSHG,3.524,2000.0,1800.0,277.3,1.0,2019-08-26,2019-08,"黄金ETF
518880.XSHG"
2019-08-27 10:34:00,止盈,500ETF,510500.XSHG,5.368,1300.0,5000.0,209.9,3.0,2019-08-27,2019-08,"500ETF
510500.XSHG"
2019-08-27 10:58:00,止盈,创业板ETF易方达,159915.XSHE,1.583,4500.0,19900.0,219.79,4.0,2019-08-27,2019-08,"创业板ETF易方达
159915.XSHE"
2019-09-05 09:31:00,止盈,500ETF,510500.XSHG,5.552,1300.0,3700.0,238.48,3.0,2019-09-05,2019-09,"500ETF
510500.XSHG"
2019-09-05 09:53:00,止盈,创业板ETF易方达,159915.XSHE,1.632,4400.0,15500.0,214.88,3.0,2019-09-05,2019-09,"创业板ETF易方达
159915.XSHE"
2019-09-05 10:10:00,止盈,纳指ETF,513100.XSHG,2.869,2500.0,25800.0,209.28,10.0,2019-09-05,2019-09,"纳指ETF
513100.XSHG"
2019-09-10 09:31:00,加仓,黄金ETF,518880.XSHG,3.38,1900.0,3700.0,,2.0,2019-09-10,2019-09,"黄金ETF
518880.XSHG"
2019-09-10 09:32:00,等级校准,黄金ETF,518880.XSHG,,,3700.0,,,2019-09-10,2019-09,"黄金ETF
518880.XSHG"
2019-09-26 10:36:00,加仓,创业板ETF易方达,159915.XSHE,1.583,4200.0,19700.0,,4.0,2019-09-26,2019-09,"创业板ETF易方达
159915.XSHE"
2019-09-26 14:19:00,加仓,500ETF,510500.XSHG,5.384,1200.0,4900.0,,4.0,2019-09-26,2019-09,"500ETF
510500.XSHG"
2019-09-26 14:20:00,等级校准,500ETF,510500.XSHG,,,4900.0,,,2019-09-26,2019-09,"500ETF
510500.XSHG"
2019-10-14 09:56:00,止盈,500ETF,510500.XSHG,5.547,1300.0,3600.0,211.18,3.0,2019-10-14,2019-10,"500ETF
510500.XSHG"
2019-10-18 13:34:00,加仓,500ETF,510500.XSHG,5.379,1200.0,4800.0,,4.0,2019-10-18,2019-10,"500ETF
510500.XSHG"
2019-10-18 13:35:00,等级校准,500ETF,510500.XSHG,,,4800.0,,,2019-10-18,2019-10,"500ETF
510500.XSHG"
2019-10-28 09:31:00,止盈,创业板ETF易方达,159915.XSHE,1.632,4400.0,15300.0,214.88,3.0,2019-10-28,2019-10,"创业板ETF易方达
159915.XSHE"
2019-10-29 09:31:00,止盈,纳指ETF,513100.XSHG,2.958,2400.0,23400.0,212.89,10.0,2019-10-29,2019-10,"纳指ETF
513100.XSHG"
2019-11-08 09:31:00,加仓,黄金ETF,518880.XSHG,3.252,2000.0,5700.0,,2.0,2019-11-08,2019-11,"黄金ETF
518880.XSHG"
2019-11-12 11:20:00,加仓,500ETF,510500.XSHG,5.216,1300.0,6100.0,,4.0,2019-11-12,2019-11,"500ETF
510500.XSHG"
2019-11-19 14:58:00,止盈,500ETF,510500.XSHG,5.373,1300.0,4800.0,203.4,3.0,2019-11-19,2019-11,"500ETF
510500.XSHG"
2019-11-26 09:31:00,止盈,纳指ETF,513100.XSHG,3.072,2300.0,21100.0,261.49,9.0,2019-11-26,2019-11,"纳指ETF
513100.XSHG"
2019-12-13 10:18:00,止盈,创业板ETF易方达,159915.XSHE,1.682,4200.0,11100.0,209.29,2.0,2019-12-13,2019-12,"创业板ETF易方达
159915.XSHE"
2019-12-16 11:17:00,止盈,500ETF,510500.XSHG,5.535,1300.0,3500.0,209.88,2.0,2019-12-16,2019-12,"500ETF
510500.XSHG"
2019-12-17 13:06:00,止盈,创业板ETF易方达,159915.XSHE,1.733,4100.0,7000.0,208.39,1.0,2019-12-17,2019-12,"创业板ETF易方达
159915.XSHE"
2019-12-17 14:10:00,止盈,纳指ETF,513100.XSHG,3.168,2200.0,18900.0,210.5,8.0,2019-12-17,2019-12,"纳指ETF
513100.XSHG"
2019-12-18 10:11:00,止盈,500ETF,510500.XSHG,5.707,1200.0,2300.0,205.72,1.0,2019-12-18,2019-12,"500ETF
510500.XSHG"
2019-12-23 14:24:00,加仓,500ETF,510500.XSHG,5.534,1200.0,3500.0,,2.0,2019-12-23,2019-12,"500ETF
510500.XSHG"
2019-12-23 14:28:00,加仓,创业板ETF易方达,159915.XSHE,1.681,4000.0,11000.0,,2.0,2019-12-23,2019-12,"创业板ETF易方达
159915.XSHE"
2019-12-25 09:39:00,止盈,黄金ETF,518880.XSHG,3.35,2100.0,3600.0,205.1,1.0,2019-12-25,2019-12,"黄金ETF
518880.XSHG"
2019-12-27 09:42:00,止盈,创业板ETF易方达,159915.XSHE,1.732,4100.0,6900.0,208.39,1.0,2019-12-27,2019-12,"创业板ETF易方达
159915.XSHE"
2019-12-31 14:29:00,止盈,500ETF,510500.XSHG,5.706,1200.0,2300.0,205.72,1.0,2019-12-31,2019-12,"500ETF
510500.XSHG"
2020-01-03 09:31:00,止盈,纳指ETF,513100.XSHG,3.268,2200.0,16700.0,219.28,7.0,2020-01-03,2020-01,"纳指ETF
513100.XSHG"
2020-01-06 09:31:00,止盈,黄金ETF,518880.XSHG,3.496,2000.0,1600.0,291.3,1.0,2020-01-06,2020-01,"黄金ETF
518880.XSHG"
2020-01-06 10:05:00,止盈,创业板ETF易方达,159915.XSHE,1.784,4000.0,2900.0,207.29,1.0,2020-01-06,2020-01,"创业板ETF易方达
159915.XSHE"
2020-01-06 10:06:00,止盈,500ETF,510500.XSHG,5.881,1200.0,1100.0,209.29,1.0,2020-01-06,2020-01,"500ETF
510500.XSHG"
2020-01-09 14:35:00,止盈（部分）,创业板ETF易方达,159915.XSHE,1.838,2900.0,0.0,156.07,0.0,2020-01-09,2020-01,"创业板ETF易方达
159915.XSHE"
2020-01-09 14:35:00,清仓,创业板ETF易方达,159915.XSHE,,,,,0.0,2020-01-09,2020-01,"创业板ETF易方达
159915.XSHE"
2020-01-09 14:36:00,重装建仓,创业板ETF易方达,159915.XSHE,1.84,43400.0,43400.0,,,2020-01-09,2020-01,"创业板ETF易方达
159915.XSHE"
2020-01-09 14:37:00,底仓到账,创业板ETF易方达,159915.XSHE,,,43400.0,,11.0,2020-01-09,2020-01,"创业板ETF易方达
159915.XSHE"
2020-01-10 14:32:00,止盈,纳指ETF,513100.XSHG,3.367,2100.0,14600.0,207.19,7.0,2020-01-10,2020-01,"纳指ETF
513100.XSHG"
2020-01-14 09:31:00,加仓,黄金ETF,518880.XSHG,3.366,2000.0,3600.0,,2.0,2020-01-14,2020-01,"黄金ETF
518880.XSHG"
2020-01-14 09:32:00,等级校准,黄金ETF,518880.XSHG,,,3600.0,,,2020-01-14,2020-01,"黄金ETF
518880.XSHG"
2020-01-17 09:31:00,止盈,纳指ETF,513100.XSHG,3.495,2000.0,12600.0,255.3,6.0,2020-01-17,2020-01,"纳指ETF
513100.XSHG"
2020-01-20 11:29:00,止盈,创业板ETF易方达,159915.XSHE,1.896,3800.0,39600.0,212.08,11.0,2020-01-20,2020-01,"创业板ETF易方达
159915.XSHE"
2020-01-20 14:30:00,止盈,500ETF,510500.XSHG,6.06,1100.0,0.0,196.23,0.0,2020-01-20,2020-01,"500ETF
510500.XSHG"
2020-01-20 14:30:00,清仓,500ETF,510500.XSHG,,,,,0.0,2020-01-20,2020-01,"500ETF
510500.XSHG"
2020-01-20 14:31:00,重装建仓,500ETF,510500.XSHG,6.061,13100.0,13100.0,,,2020-01-20,2020-01,"500ETF
510500.XSHG"
2020-01-20 14:32:00,底仓到账,500ETF,510500.XSHG,,,13100.0,,11.0,2020-01-20,2020-01,"500ETF
510500.XSHG"
2020-01-21 13:16:00,加仓,纳指ETF,513100.XSHG,3.39,2000.0,14600.0,,7.0,2020-01-21,2020-01,"纳指ETF
513100.XSHG"
2020-01-23 13:09:00,加仓,500ETF,510500.XSHG,5.879,1100.0,14200.0,,12.0,2020-01-23,2020-01,"500ETF
510500.XSHG"
2020-01-23 13:32:00,加仓,创业板ETF易方达,159915.XSHE,1.834,3600.0,43200.0,,12.0,2020-01-23,2020-01,"创业板ETF易方达
159915.XSHE"
2020-01-23 13:33:00,等级校准,创业板ETF易方达,159915.XSHE,,,43200.0,,,2020-01-23,2020-01,"创业板ETF易方达
159915.XSHE"
2020-02-03 09:31:00,止盈,黄金ETF,518880.XSHG,3.514,2000.0,1600.0,295.3,1.0,2020-02-03,2020-02,"黄金ETF
518880.XSHG"
2020-02-03 09:31:00,加仓,500ETF,510500.XSHG,5.343,1100.0,15300.0,,13.0,2020-02-03,2020-02,"500ETF
510500.XSHG"
2020-02-03 09:31:00,加仓,创业板ETF易方达,159915.XSHE,1.675,3800.0,47000.0,,12.0,2020-02-03,2020-02,"创业板ETF易方达
159915.XSHE"
2020-02-03 09:32:00,等级校准,500ETF,510500.XSHG,,,15300.0,,,2020-02-03,2020-02,"500ETF
510500.XSHG"
2020-02-03 09:32:00,等级校准,创业板ETF易方达,159915.XSHE,,,47000.0,,,2020-02-03,2020-02,"创业板ETF易方达
159915.XSHE"
2020-02-03 09:43:00,止盈,创业板ETF易方达,159915.XSHE,1.726,4100.0,42900.0,208.39,10.0,2020-02-03,2020-02,"创业板ETF易方达
159915.XSHE"
2020-02-03 14:52:00,加仓,创业板ETF易方达,159915.XSHE,1.671,4000.0,46900.0,,11.0,2020-02-03,2020-02,"创业板ETF易方达
159915.XSHE"
2020-02-04 09:31:00,止盈,创业板ETF易方达,159915.XSHE,1.723,4100.0,42800.0,212.49,10.0,2020-02-04,2020-02,"创业板ETF易方达
159915.XSHE"
2020-02-04 09:54:00,止盈,创业板ETF易方达,159915.XSHE,1.776,4000.0,38800.0,211.29,9.0,2020-02-04,2020-02,"创业板ETF易方达
159915.XSHE"
2020-02-05 09:31:00,止盈,纳指ETF,513100.XSHG,3.502,2000.0,12600.0,223.3,6.0,2020-02-05,2020-02,"纳指ETF
513100.XSHG"
2020-02-05 09:31:00,止盈,创业板ETF易方达,159915.XSHE,1.83,3900.0,34900.0,209.89,9.0,2020-02-05,2020-02,"创业板ETF易方达
159915.XSHE"
2020-02-05 09:48:00,止盈,500ETF,510500.XSHG,5.505,1300.0,14000.0,209.88,11.0,2020-02-05,2020-02,"500ETF
510500.XSHG"
2020-02-05 10:36:00,止盈,创业板ETF易方达,159915.XSHE,1.889,3800.0,31100.0,223.48,8.0,2020-02-05,2020-02,"创业板ETF易方达
159915.XSHE"
2020-02-06 09:33:00,止盈,纳指ETF,513100.XSHG,3.614,1900.0,10700.0,212.11,5.0,2020-02-06,2020-02,"纳指ETF
513100.XSHG"
2020-02-06 11:29:00,止盈,500ETF,510500.XSHG,5.671,1200.0,12800.0,198.52,10.0,2020-02-06,2020-02,"500ETF
510500.XSHG"
2020-02-07 09:45:00,止盈,纳指ETF,513100.XSHG,3.725,1900.0,8800.0,210.19,4.0,2020-02-07,2020-02,"纳指ETF
513100.XSHG"
2020-02-07 10:24:00,止盈,创业板ETF易方达,159915.XSHE,1.947,3700.0,27400.0,213.88,7.0,2020-02-07,2020-02,"创业板ETF易方达
159915.XSHE"
2020-02-11 09:32:00,止盈,纳指ETF,513100.XSHG,3.843,1800.0,7000.0,211.71,3.0,2020-02-11,2020-02,"纳指ETF
513100.XSHG"
2020-02-12 10:48:00,止盈,纳指ETF,513100.XSHG,3.962,1800.0,5200.0,213.49,3.0,2020-02-12,2020-02,"纳指ETF
513100.XSHG"
2020-02-12 11:19:00,止盈,500ETF,510500.XSHG,5.844,1200.0,11600.0,206.9,10.0,2020-02-12,2020-02,"500ETF
510500.XSHG"
2020-02-12 14:20:00,止盈,创业板ETF易方达,159915.XSHE,2.008,3500.0,23900.0,212.8,7.0,2020-02-12,2020-02,"创业板ETF易方达
159915.XSHE"
2020-02-13 09:42:00,止盈,纳指ETF,513100.XSHG,4.081,1700.0,3500.0,201.61,2.0,2020-02-13,2020-02,"纳指ETF
513100.XSHG"
2020-02-13 14:57:00,止盈,纳指ETF,513100.XSHG,4.226,1700.0,1800.0,245.78,1.0,2020-02-13,2020-02,"纳指ETF
513100.XSHG"
2020-02-14 09:32:00,加仓,纳指ETF,513100.XSHG,4.023,1600.0,3400.0,,2.0,2020-02-14,2020-02,"纳指ETF
513100.XSHG"
2020-02-14 09:44:00,止盈,纳指ETF,513100.XSHG,4.145,1700.0,1700.0,206.7,1.0,2020-02-14,2020-02,"纳指ETF
513100.XSHG"
2020-02-14 14:27:00,加仓,纳指ETF,513100.XSHG,4.006,1600.0,3300.0,,2.0,2020-02-14,2020-02,"纳指ETF
513100.XSHG"
2020-02-14 14:28:00,等级校准,纳指ETF,513100.XSHG,,,3300.0,,,2020-02-14,2020-02,"纳指ETF
513100.XSHG"
2020-02-17 09:34:00,加仓,纳指ETF,513100.XSHG,3.84,1700.0,5000.0,,2.0,2020-02-17,2020-02,"纳指ETF
513100.XSHG"
2020-02-17 11:22:00,止盈,纳指ETF,513100.XSHG,3.962,1800.0,3200.0,218.89,1.0,2020-02-17,2020-02,"纳指ETF
513100.XSHG"
2020-02-17 13:23:00,止盈,500ETF,510500.XSHG,6.02,1100.0,10500.0,192.94,9.0,2020-02-17,2020-02,"500ETF
510500.XSHG"
2020-02-17 14:57:00,止盈,创业板ETF易方达,159915.XSHE,2.07,3400.0,20500.0,210.1,6.0,2020-02-17,2020-02,"创业板ETF易方达
159915.XSHE"
2020-02-18 14:20:00,加仓,纳指ETF,513100.XSHG,3.84,1700.0,4900.0,,2.0,2020-02-18,2020-02,"纳指ETF
513100.XSHG"
2020-02-21 09:52:00,止盈,500ETF,510500.XSHG,6.204,1100.0,9400.0,201.72,8.0,2020-02-21,2020-02,"500ETF
510500.XSHG"
2020-02-21 10:06:00,止盈（部分）,黄金ETF,518880.XSHG,3.62,1600.0,0.0,169.02,0.0,2020-02-21,2020-02,"黄金ETF
518880.XSHG"
2020-02-21 10:06:00,清仓,黄金ETF,518880.XSHG,,,,,0.0,2020-02-21,2020-02,"黄金ETF
518880.XSHG"
2020-02-21 10:07:00,重装建仓,黄金ETF,518880.XSHG,3.621,22000.0,22000.0,,,2020-02-21,2020-02,"黄金ETF
518880.XSHG"
2020-02-21 10:08:00,底仓到账,黄金ETF,518880.XSHG,,,22000.0,,11.0,2020-02-21,2020-02,"黄金ETF
518880.XSHG"
2020-02-21 10:08:00,止盈,创业板ETF易方达,159915.XSHE,2.134,3300.0,17200.0,210.5,5.0,2020-02-21,2020-02,"创业板ETF易方达
159915.XSHE"
2020-02-21 14:49:00,加仓,纳指ETF,513100.XSHG,3.724,1800.0,6700.0,,3.0,2020-02-21,2020-02,"纳指ETF
513100.XSHG"
2020-02-24 09:32:00,加仓,纳指ETF,513100.XSHG,3.601,1800.0,8500.0,,4.0,2020-02-24,2020-02,"纳指ETF
513100.XSHG"
2020-02-25 09:31:00,加仓,纳指ETF,513100.XSHG,3.479,1900.0,10400.0,,5.0,2020-02-25,2020-02,"纳指ETF
513100.XSHG"
2020-02-25 10:12:00,止盈,纳指ETF,513100.XSHG,3.587,2000.0,8400.0,215.28,4.0,2020-02-25,2020-02,"纳指ETF
513100.XSHG"
2020-02-25 14:35:00,止盈,创业板ETF易方达,159915.XSHE,2.199,3200.0,14000.0,207.3,4.0,2020-02-25,2020-02,"创业板ETF易方达
159915.XSHE"
2020-02-26 10:23:00,加仓,创业板ETF易方达,159915.XSHE,2.13,3100.0,17100.0,,5.0,2020-02-26,2020-02,"创业板ETF易方达
159915.XSHE"
2020-02-28 09:31:00,加仓,纳指ETF,513100.XSHG,3.428,1900.0,10300.0,,5.0,2020-02-28,2020-02,"纳指ETF
513100.XSHG"
2020-02-28 09:31:00,加仓,创业板ETF易方达,159915.XSHE,2.04,3200.0,20300.0,,6.0,2020-02-28,2020-02,"创业板ETF易方达
159915.XSHE"
2020-02-28 09:32:00,等级校准,创业板ETF易方达,159915.XSHE,,,20300.0,,,2020-02-28,2020-02,"创业板ETF易方达
159915.XSHE"
2020-02-28 10:27:00,加仓,500ETF,510500.XSHG,6.01,1100.0,10500.0,,9.0,2020-02-28,2020-02,"500ETF
510500.XSHG"
2020-03-02 13:45:00,止盈,纳指ETF,513100.XSHG,3.538,2000.0,8300.0,219.29,4.0,2020-03-02,2020-03,"纳指ETF
513100.XSHG"
2020-03-03 09:31:00,止盈,纳指ETF,513100.XSHG,3.678,1900.0,6400.0,265.3,3.0,2020-03-03,2020-03,"纳指ETF
513100.XSHG"
2020-03-03 09:31:00,止盈,500ETF,510500.XSHG,6.221,1100.0,9400.0,231.42,8.0,2020-03-03,2020-03,"500ETF
510500.XSHG"
2020-03-03 09:31:00,止盈,创业板ETF易方达,159915.XSHE,2.102,3400.0,16900.0,210.09,5.0,2020-03-03,2020-03,"创业板ETF易方达
159915.XSHE"
2020-03-03 13:12:00,加仓,纳指ETF,513100.XSHG,3.567,1900.0,8300.0,,4.0,2020-03-03,2020-03,"纳指ETF
513100.XSHG"
2020-03-09 09:31:00,加仓,纳指ETF,513100.XSHG,3.398,1900.0,10200.0,,5.0,2020-03-09,2020-03,"纳指ETF
513100.XSHG"
2020-03-09 13:05:00,加仓,创业板ETF易方达,159915.XSHE,2.038,3300.0,20200.0,,6.0,2020-03-09,2020-03,"创业板ETF易方达
159915.XSHE"
2020-03-09 13:06:00,等级校准,创业板ETF易方达,159915.XSHE,,,20200.0,,,2020-03-09,2020-03,"创业板ETF易方达
159915.XSHE"
2020-03-09 13:10:00,加仓,500ETF,510500.XSHG,6.034,1100.0,10500.0,,9.0,2020-03-09,2020-03,"500ETF
510500.XSHG"
2020-03-09 14:38:00,加仓,纳指ETF,513100.XSHG,3.292,2000.0,12200.0,,6.0,2020-03-09,2020-03,"纳指ETF
513100.XSHG"
2020-03-09 14:39:00,等级校准,纳指ETF,513100.XSHG,,,12200.0,,,2020-03-09,2020-03,"纳指ETF
513100.XSHG"
2020-03-10 10:50:00,加仓,创业板ETF易方达,159915.XSHE,1.976,3400.0,23600.0,,6.0,2020-03-10,2020-03,"创业板ETF易方达
159915.XSHE"
2020-03-10 13:01:00,止盈,创业板ETF易方达,159915.XSHE,2.038,3500.0,20100.0,216.29,5.0,2020-03-10,2020-03,"创业板ETF易方达
159915.XSHE"
2020-03-10 13:32:00,止盈,纳指ETF,513100.XSHG,3.399,2100.0,10100.0,223.99,5.0,2020-03-10,2020-03,"纳指ETF
513100.XSHG"
2020-03-11 14:41:00,加仓,纳指ETF,513100.XSHG,3.296,2000.0,12100.0,,6.0,2020-03-11,2020-03,"纳指ETF
513100.XSHG"
2020-03-11 14:42:00,等级校准,纳指ETF,513100.XSHG,,,12100.0,,,2020-03-11,2020-03,"纳指ETF
513100.XSHG"
2020-03-12 09:32:00,加仓,纳指ETF,513100.XSHG,3.193,2100.0,14200.0,,6.0,2020-03-12,2020-03,"纳指ETF
513100.XSHG"
2020-03-12 10:10:00,加仓,创业板ETF易方达,159915.XSHE,1.976,3400.0,23500.0,,6.0,2020-03-12,2020-03,"创业板ETF易方达
159915.XSHE"
2020-03-13 09:31:00,加仓,纳指ETF,513100.XSHG,2.987,2100.0,16300.0,,7.0,2020-03-13,2020-03,"纳指ETF
513100.XSHG"
2020-03-13 09:31:00,加仓,黄金ETF,518880.XSHG,3.463,1900.0,23900.0,,12.0,2020-03-13,2020-03,"黄金ETF
518880.XSHG"
2020-03-13 09:31:00,加仓,500ETF,510500.XSHG,5.7,1100.0,11600.0,,10.0,2020-03-13,2020-03,"500ETF
510500.XSHG"
2020-03-13 09:31:00,加仓,创业板ETF易方达,159915.XSHE,1.88,3500.0,27000.0,,7.0,2020-03-13,2020-03,"创业板ETF易方达
159915.XSHE"
2020-03-13 09:32:00,等级校准,黄金ETF,518880.XSHG,,,23900.0,,,2020-03-13,2020-03,"黄金ETF
518880.XSHG"
2020-03-13 09:32:00,等级校准,500ETF,510500.XSHG,,,11600.0,,,2020-03-13,2020-03,"500ETF
510500.XSHG"
2020-03-13 11:01:00,止盈,创业板ETF易方达,159915.XSHE,1.94,3700.0,23300.0,221.28,6.0,2020-03-13,2020-03,"创业板ETF易方达
159915.XSHE"
2020-03-13 13:01:00,止盈,纳指ETF,513100.XSHG,3.088,2300.0,14000.0,231.59,6.0,2020-03-13,2020-03,"纳指ETF
513100.XSHG"
2020-03-13 13:02:00,止盈,500ETF,510500.XSHG,5.884,1200.0,10400.0,220.09,9.0,2020-03-13,2020-03,"500ETF
510500.XSHG"
2020-03-13 13:07:00,止盈,纳指ETF,513100.XSHG,3.192,2200.0,11800.0,228.1,5.0,2020-03-13,2020-03,"纳指ETF
513100.XSHG"
2020-03-13 13:20:00,止盈,纳指ETF,513100.XSHG,3.296,2100.0,9700.0,217.71,4.0,2020-03-13,2020-03,"纳指ETF
513100.XSHG"
2020-03-13 14:21:00,加仓,纳指ETF,513100.XSHG,3.193,2100.0,11800.0,,5.0,2020-03-13,2020-03,"纳指ETF
513100.XSHG"
2020-03-16 13:35:00,加仓,创业板ETF易方达,159915.XSHE,1.881,3600.0,26900.0,,7.0,2020-03-16,2020-03,"创业板ETF易方达
159915.XSHE"
2020-03-16 14:00:00,加仓,500ETF,510500.XSHG,5.707,1100.0,11500.0,,10.0,2020-03-16,2020-03,"500ETF
510500.XSHG"
2020-03-16 14:01:00,等级校准,500ETF,510500.XSHG,,,11500.0,,,2020-03-16,2020-03,"500ETF
510500.XSHG"
2020-03-16 14:31:00,加仓,纳指ETF,513100.XSHG,3.08,2100.0,13900.0,,6.0,2020-03-16,2020-03,"纳指ETF
513100.XSHG"
2020-03-17 09:31:00,加仓,黄金ETF,518880.XSHG,3.312,2000.0,25900.0,,12.0,2020-03-17,2020-03,"黄金ETF
518880.XSHG"
2020-03-17 09:40:00,加仓,创业板ETF易方达,159915.XSHE,1.819,3700.0,30600.0,,8.0,2020-03-17,2020-03,"创业板ETF易方达
159915.XSHE"
2020-03-17 10:16:00,加仓,500ETF,510500.XSHG,5.532,1200.0,12700.0,,10.0,2020-03-17,2020-03,"500ETF
510500.XSHG"
2020-03-18 09:44:00,止盈,创业板ETF易方达,159915.XSHE,1.874,3800.0,26800.0,208.29,7.0,2020-03-18,2020-03,"创业板ETF易方达
159915.XSHE"
2020-03-18 09:47:00,止盈,500ETF,510500.XSHG,5.709,1200.0,11500.0,211.71,9.0,2020-03-18,2020-03,"500ETF
510500.XSHG"
2020-03-19 09:34:00,加仓,创业板ETF易方达,159915.XSHE,1.815,3700.0,30500.0,,8.0,2020-03-19,2020-03,"创业板ETF易方达
159915.XSHE"
2020-03-19 09:49:00,加仓,500ETF,510500.XSHG,5.526,1200.0,12700.0,,10.0,2020-03-19,2020-03,"500ETF
510500.XSHG"
2020-03-19 11:02:00,加仓,纳指ETF,513100.XSHG,2.986,2200.0,16100.0,,7.0,2020-03-19,2020-03,"纳指ETF
513100.XSHG"
2020-03-20 09:31:00,止盈,纳指ETF,513100.XSHG,3.098,2300.0,13800.0,256.89,6.0,2020-03-20,2020-03,"纳指ETF
513100.XSHG"
2020-03-23 14:39:00,加仓,创业板ETF易方达,159915.XSHE,1.76,3800.0,34300.0,,9.0,2020-03-23,2020-03,"创业板ETF易方达
159915.XSHE"
2020-03-23 14:40:00,等级校准,创业板ETF易方达,159915.XSHE,,,34300.0,,,2020-03-23,2020-03,"创业板ETF易方达
159915.XSHE"
2020-03-24 09:31:00,止盈,黄金ETF,518880.XSHG,3.549,2100.0,23800.0,496.95,12.0,2020-03-24,2020-03,"黄金ETF
518880.XSHG"
2020-03-25 09:31:00,止盈,纳指ETF,513100.XSHG,3.32,2200.0,11600.0,487.67,5.0,2020-03-25,2020-03,"纳指ETF
513100.XSHG"
2020-03-25 09:31:00,止盈,创业板ETF易方达,159915.XSHE,1.846,3900.0,30400.0,334.68,8.0,2020-03-25,2020-03,"创业板ETF易方达
159915.XSHE"
2020-03-27 09:30:00,加仓,纳指ETF,513100.XSHG,3.219,2100.0,13700.0,,6.0,2020-03-27,2020-03,"纳指ETF
513100.XSHG"
2020-03-30 09:31:00,加仓,纳指ETF,513100.XSHG,3.073,2100.0,15800.0,,7.0,2020-03-30,2020-03,"纳指ETF
513100.XSHG"
2020-03-30 09:46:00,加仓,创业板ETF易方达,159915.XSHE,1.79,3700.0,34100.0,,9.0,2020-03-30,2020-03,"创业板ETF易方达
159915.XSHE"
2020-03-30 09:47:00,等级校准,创业板ETF易方达,159915.XSHE,,,34100.0,,,2020-03-30,2020-03,"创业板ETF易方达
159915.XSHE"
2020-04-02 14:58:00,止盈,创业板ETF易方达,159915.XSHE,1.844,3900.0,30200.0,209.88,8.0,2020-04-02,2020-04,"创业板ETF易方达
159915.XSHE"
2020-04-07 09:31:00,止盈,纳指ETF,513100.XSHG,3.194,2200.0,13600.0,265.5,6.0,2020-04-07,2020-04,"纳指ETF
513100.XSHG"
2020-04-07 09:31:00,止盈,黄金ETF,518880.XSHG,3.687,1900.0,21900.0,261.5,12.0,2020-04-07,2020-04,"黄金ETF
518880.XSHG"
2020-04-07 13:56:00,止盈,500ETF,510500.XSHG,5.692,1200.0,11500.0,198.52,9.0,2020-04-07,2020-04,"500ETF
510500.XSHG"
2020-04-08 13:53:00,止盈,创业板ETF易方达,159915.XSHE,1.9,3700.0,26500.0,206.5,7.0,2020-04-08,2020-04,"创业板ETF易方达
159915.XSHE"
2020-04-13 09:35:00,加仓,纳指ETF,513100.XSHG,3.093,2100.0,15700.0,,7.0,2020-04-13,2020-04,"纳指ETF
513100.XSHG"
2020-04-13 13:32:00,加仓,创业板ETF易方达,159915.XSHE,1.843,3600.0,30100.0,,8.0,2020-04-13,2020-04,"创业板ETF易方达
159915.XSHE"
2020-04-14 13:57:00,止盈,创业板ETF易方达,159915.XSHE,1.899,3700.0,26400.0,206.5,7.0,2020-04-14,2020-04,"创业板ETF易方达
159915.XSHE"
2020-04-15 09:31:00,止盈,纳指ETF,513100.XSHG,3.205,2200.0,13500.0,245.69,6.0,2020-04-15,2020-04,"纳指ETF
513100.XSHG"
2020-04-17 09:31:00,止盈,纳指ETF,513100.XSHG,3.342,2100.0,11400.0,287.0,5.0,2020-04-17,2020-04,"纳指ETF
513100.XSHG"
2020-04-17 09:34:00,止盈,创业板ETF易方达,159915.XSHE,1.957,3600.0,22800.0,208.1,6.0,2020-04-17,2020-04,"创业板ETF易方达
159915.XSHE"
2020-04-23 09:32:00,止盈,纳指ETF,513100.XSHG,3.454,2000.0,9400.0,223.31,4.0,2020-04-23,2020-04,"纳指ETF
513100.XSHG"
2020-04-27 13:03:00,止盈,纳指ETF,513100.XSHG,3.563,2000.0,7400.0,217.29,3.0,2020-04-27,2020-04,"纳指ETF
513100.XSHG"
2020-04-28 10:00:00,加仓,创业板ETF易方达,159915.XSHE,1.894,3500.0,26300.0,,7.0,2020-04-28,2020-04,"创业板ETF易方达
159915.XSHE"
2020-04-28 10:58:00,止盈,创业板ETF易方达,159915.XSHE,1.951,3600.0,22700.0,204.5,6.0,2020-04-28,2020-04,"创业板ETF易方达
159915.XSHE"
2020-04-29 09:32:00,止盈,纳指ETF,513100.XSHG,3.696,1900.0,5500.0,252.0,3.0,2020-04-29,2020-04,"纳指ETF
513100.XSHG"
2020-04-30 09:31:00,止盈,纳指ETF,513100.XSHG,3.842,1800.0,3700.0,262.11,2.0,2020-04-30,2020-04,"纳指ETF
513100.XSHG"
2020-04-30 14:34:00,加仓,纳指ETF,513100.XSHG,3.724,1800.0,5500.0,,3.0,2020-04-30,2020-04,"纳指ETF
513100.XSHG"
2020-05-06 11:28:00,止盈,创业板ETF易方达,159915.XSHE,2.01,3500.0,19200.0,205.8,5.0,2020-05-06,2020-05,"创业板ETF易方达
159915.XSHE"
2020-05-06 13:46:00,止盈,500ETF,510500.XSHG,5.866,1200.0,10300.0,208.1,9.0,2020-05-06,2020-05,"500ETF
510500.XSHG"
2020-05-13 09:34:00,加仓,纳指ETF,513100.XSHG,3.61,1800.0,7300.0,,4.0,2020-05-13,2020-05,"纳指ETF
513100.XSHG"
2020-05-13 09:35:00,等级校准,纳指ETF,513100.XSHG,,,7300.0,,,2020-05-13,2020-05,"纳指ETF
513100.XSHG"
2020-05-15 09:31:00,止盈,黄金ETF,518880.XSHG,3.82,1800.0,20100.0,238.71,11.0,2020-05-15,2020-05,"黄金ETF
518880.XSHG"
2020-05-18 10:12:00,止盈,黄金ETF,518880.XSHG,3.937,1800.0,18300.0,209.89,10.0,2020-05-18,2020-05,"黄金ETF
518880.XSHG"
2020-05-19 09:34:00,止盈,纳指ETF,513100.XSHG,3.72,1900.0,5400.0,208.29,3.0,2020-05-19,2020-05,"纳指ETF
513100.XSHG"
2020-05-20 09:32:00,止盈,创业板ETF易方达,159915.XSHE,2.071,3400.0,15800.0,206.7,4.0,2020-05-20,2020-05,"创业板ETF易方达
159915.XSHE"
2020-05-22 09:46:00,加仓,创业板ETF易方达,159915.XSHE,2.005,3300.0,19100.0,,5.0,2020-05-22,2020-05,"创业板ETF易方达
159915.XSHE"
2020-05-22 14:42:00,加仓,纳指ETF,513100.XSHG,3.603,1800.0,7200.0,,4.0,2020-05-22,2020-05,"纳指ETF
513100.XSHG"
2020-05-22 14:43:00,等级校准,纳指ETF,513100.XSHG,,,7200.0,,,2020-05-22,2020-05,"纳指ETF
513100.XSHG"
2020-05-25 14:58:00,止盈,纳指ETF,513100.XSHG,3.715,1900.0,5300.0,212.09,2.0,2020-05-25,2020-05,"纳指ETF
513100.XSHG"
2020-05-27 13:50:00,止盈,纳指ETF,513100.XSHG,3.834,1800.0,3500.0,213.51,1.0,2020-05-27,2020-05,"纳指ETF
513100.XSHG"
2020-06-01 10:51:00,止盈,创业板ETF易方达,159915.XSHE,2.066,3400.0,15700.0,206.7,4.0,2020-06-01,2020-06,"创业板ETF易方达
159915.XSHE"
2020-06-01 11:26:00,止盈,500ETF,510500.XSHG,6.042,1100.0,9200.0,192.94,8.0,2020-06-01,2020-06,"500ETF
510500.XSHG"
2020-06-04 09:31:00,加仓,黄金ETF,518880.XSHG,3.818,1700.0,20000.0,,11.0,2020-06-04,2020-06,"黄金ETF
518880.XSHG"
2020-06-11 09:42:00,止盈,创业板ETF易方达,159915.XSHE,2.128,3300.0,12400.0,203.9,3.0,2020-06-11,2020-06,"创业板ETF易方达
159915.XSHE"
2020-06-12 09:31:00,加仓,纳指ETF,513100.XSHG,3.657,1800.0,5300.0,,2.0,2020-06-12,2020-06,"纳指ETF
513100.XSHG"
2020-06-16 09:54:00,止盈,纳指ETF,513100.XSHG,3.77,1900.0,3400.0,213.98,1.0,2020-06-16,2020-06,"纳指ETF
513100.XSHG"
2020-06-17 09:44:00,止盈,创业板ETF易方达,159915.XSHE,2.194,3200.0,9200.0,210.5,2.0,2020-06-17,2020-06,"创业板ETF易方达
159915.XSHE"
2020-06-17 10:07:00,止盈,500ETF,510500.XSHG,6.224,1100.0,8100.0,199.52,7.0,2020-06-17,2020-06,"500ETF
510500.XSHG"
2020-06-22 09:39:00,止盈,创业板ETF易方达,159915.XSHE,2.26,3100.0,6100.0,203.9,2.0,2020-06-22,2020-06,"创业板ETF易方达
159915.XSHE"
2020-06-30 09:44:00,止盈,创业板ETF易方达,159915.XSHE,2.329,3000.0,3100.0,206.3,1.0,2020-06-30,2020-06,"创业板ETF易方达
159915.XSHE"
2020-06-30 11:26:00,止盈,500ETF,510500.XSHG,6.412,1100.0,7000.0,206.09,7.0,2020-06-30,2020-06,"500ETF
510500.XSHG"
2020-07-01 13:02:00,止盈,黄金ETF,518880.XSHG,3.933,1800.0,18200.0,206.29,10.0,2020-07-01,2020-07,"黄金ETF
518880.XSHG"
2020-07-03 14:34:00,止盈,500ETF,510500.XSHG,6.609,1000.0,6000.0,196.34,6.0,2020-07-03,2020-07,"500ETF
510500.XSHG"
2020-07-06 09:57:00,止盈,创业板ETF易方达,159915.XSHE,2.404,3000.0,100.0,224.28,1.0,2020-07-06,2020-07,"创业板ETF易方达
159915.XSHE"
2020-07-06 10:20:00,止盈,500ETF,510500.XSHG,6.809,1000.0,5000.0,199.32,5.0,2020-07-06,2020-07,"500ETF
510500.XSHG"
2020-07-07 09:31:00,止盈,500ETF,510500.XSHG,7.014,1000.0,4000.0,204.3,4.0,2020-07-07,2020-07,"500ETF
510500.XSHG"
2020-07-07 09:40:00,止盈（部分）,创业板ETF易方达,159915.XSHE,2.477,100.0,0.0,7.2,0.0,2020-07-07,2020-07,"创业板ETF易方达
159915.XSHE"
2020-07-07 09:40:00,清仓,创业板ETF易方达,159915.XSHE,,,,,0.0,2020-07-07,2020-07,"创业板ETF易方达
159915.XSHE"
2020-07-07 09:41:00,重装建仓,创业板ETF易方达,159915.XSHE,2.483,32200.0,32200.0,,,2020-07-07,2020-07,"创业板ETF易方达
159915.XSHE"
2020-07-07 09:42:00,底仓到账,创业板ETF易方达,159915.XSHE,,,32200.0,,11.0,2020-07-07,2020-07,"创业板ETF易方达
159915.XSHE"
2020-07-08 14:08:00,止盈,创业板ETF易方达,159915.XSHE,2.558,2800.0,29400.0,209.28,10.0,2020-07-08,2020-07,"创业板ETF易方达
159915.XSHE"
2020-07-09 09:52:00,止盈,500ETF,510500.XSHG,7.229,900.0,3100.0,192.85,3.0,2020-07-09,2020-07,"500ETF
510500.XSHG"
2020-07-09 11:02:00,止盈,创业板ETF易方达,159915.XSHE,2.635,2700.0,26700.0,207.19,10.0,2020-07-09,2020-07,"创业板ETF易方达
159915.XSHE"
2020-07-13 09:31:00,止盈,纳指ETF,513100.XSHG,3.904,1800.0,1600.0,240.5,1.0,2020-07-13,2020-07,"纳指ETF
513100.XSHG"
2020-07-13 09:32:00,止盈,创业板ETF易方达,159915.XSHE,2.718,2600.0,24100.0,215.09,9.0,2020-07-13,2020-07,"创业板ETF易方达
159915.XSHE"
2020-07-13 10:20:00,止盈,500ETF,510500.XSHG,7.448,900.0,2200.0,196.43,2.0,2020-07-13,2020-07,"500ETF
510500.XSHG"
2020-07-13 14:01:00,止盈,创业板ETF易方达,159915.XSHE,2.8,2500.0,21600.0,204.3,8.0,2020-07-13,2020-07,"创业板ETF易方达
159915.XSHE"
2020-07-14 13:41:00,加仓,创业板ETF易方达,159915.XSHE,2.712,2500.0,24100.0,,9.0,2020-07-14,2020-07,"创业板ETF易方达
159915.XSHE"
2020-07-15 10:09:00,止盈,创业板ETF易方达,159915.XSHE,2.795,2500.0,21600.0,206.8,8.0,2020-07-15,2020-07,"创业板ETF易方达
159915.XSHE"
2020-07-15 11:15:00,加仓,创业板ETF易方达,159915.XSHE,2.71,2500.0,24100.0,,9.0,2020-07-15,2020-07,"创业板ETF易方达
159915.XSHE"
2020-07-15 13:52:00,止盈,创业板ETF易方达,159915.XSHE,2.792,2500.0,21600.0,204.3,8.0,2020-07-15,2020-07,"创业板ETF易方达
159915.XSHE"
2020-07-16 09:33:00,加仓,创业板ETF易方达,159915.XSHE,2.706,2500.0,24100.0,,9.0,2020-07-16,2020-07,"创业板ETF易方达
159915.XSHE"
2020-07-16 11:17:00,加仓,500ETF,510500.XSHG,7.224,900.0,3100.0,,3.0,2020-07-16,2020-07,"500ETF
510500.XSHG"
2020-07-16 13:30:00,加仓,创业板ETF易方达,159915.XSHE,2.619,2500.0,26600.0,,10.0,2020-07-16,2020-07,"创业板ETF易方达
159915.XSHE"
2020-07-16 14:22:00,加仓,500ETF,510500.XSHG,7.001,900.0,4000.0,,4.0,2020-07-16,2020-07,"500ETF
510500.XSHG"
2020-07-17 13:32:00,加仓,创业板ETF易方达,159915.XSHE,2.54,2600.0,29200.0,,11.0,2020-07-17,2020-07,"创业板ETF易方达
159915.XSHE"
2020-07-17 13:33:00,等级校准,创业板ETF易方达,159915.XSHE,,,29200.0,,,2020-07-17,2020-07,"创业板ETF易方达
159915.XSHE"
2020-07-20 09:31:00,止盈,创业板ETF易方达,159915.XSHE,2.619,2700.0,26500.0,212.59,10.0,2020-07-20,2020-07,"创业板ETF易方达
159915.XSHE"
2020-07-20 10:01:00,加仓,创业板ETF易方达,159915.XSHE,2.534,2600.0,29100.0,,11.0,2020-07-20,2020-07,"创业板ETF易方达
159915.XSHE"
2020-07-20 10:02:00,等级校准,创业板ETF易方达,159915.XSHE,,,29100.0,,,2020-07-20,2020-07,"创业板ETF易方达
159915.XSHE"
2020-07-21 09:31:00,止盈,创业板ETF易方达,159915.XSHE,2.617,2700.0,26400.0,223.39,10.0,2020-07-21,2020-07,"创业板ETF易方达
159915.XSHE"
2020-07-21 09:37:00,止盈,500ETF,510500.XSHG,7.213,900.0,3100.0,190.15,3.0,2020-07-21,2020-07,"500ETF
510500.XSHG"
2020-07-22 09:31:00,止盈,黄金ETF,518880.XSHG,4.051,1700.0,16500.0,199.91,9.0,2020-07-22,2020-07,"黄金ETF
518880.XSHG"
2020-07-22 10:44:00,止盈,创业板ETF易方达,159915.XSHE,2.698,2600.0,23800.0,209.9,9.0,2020-07-22,2020-07,"创业板ETF易方达
159915.XSHE"
2020-07-23 11:01:00,加仓,创业板ETF易方达,159915.XSHE,2.615,2500.0,26300.0,,10.0,2020-07-23,2020-07,"创业板ETF易方达
159915.XSHE"
2020-07-23 14:07:00,止盈,创业板ETF易方达,159915.XSHE,2.694,2600.0,23700.0,204.7,9.0,2020-07-23,2020-07,"创业板ETF易方达
159915.XSHE"
2020-07-24 11:14:00,加仓,创业板ETF易方达,159915.XSHE,2.612,2500.0,26200.0,,10.0,2020-07-24,2020-07,"创业板ETF易方达
159915.XSHE"
2020-07-24 13:12:00,加仓,500ETF,510500.XSHG,6.994,900.0,4000.0,,4.0,2020-07-24,2020-07,"500ETF
510500.XSHG"
2020-07-24 14:10:00,加仓,创业板ETF易方达,159915.XSHE,2.529,2600.0,28800.0,,11.0,2020-07-24,2020-07,"创业板ETF易方达
159915.XSHE"
2020-07-24 14:11:00,等级校准,创业板ETF易方达,159915.XSHE,,,28800.0,,,2020-07-24,2020-07,"创业板ETF易方达
159915.XSHE"
2020-07-27 09:46:00,止盈,黄金ETF,518880.XSHG,4.173,1700.0,14800.0,206.69,9.0,2020-07-27,2020-07,"黄金ETF
518880.XSHG"
2020-07-29 09:53:00,止盈,创业板ETF易方达,159915.XSHE,2.605,2700.0,26100.0,204.5,10.0,2020-07-29,2020-07,"创业板ETF易方达
159915.XSHE"
2020-07-30 09:32:00,止盈,500ETF,510500.XSHG,7.205,1000.0,3000.0,210.28,3.0,2020-07-30,2020-07,"500ETF
510500.XSHG"
2020-07-30 09:32:00,止盈,创业板ETF易方达,159915.XSHE,2.685,2600.0,23500.0,207.3,9.0,2020-07-30,2020-07,"创业板ETF易方达
159915.XSHE"
2020-08-03 11:12:00,止盈,创业板ETF易方达,159915.XSHE,2.766,2600.0,20900.0,209.88,8.0,2020-08-03,2020-08,"创业板ETF易方达
159915.XSHE"
2020-08-05 09:31:00,止盈,黄金ETF,518880.XSHG,4.3,1600.0,13200.0,202.51,8.0,2020-08-05,2020-08,"黄金ETF
518880.XSHG"
2020-08-05 11:26:00,止盈,500ETF,510500.XSHG,7.426,900.0,2100.0,198.23,2.0,2020-08-05,2020-08,"500ETF
510500.XSHG"
2020-08-07 10:00:00,加仓,创业板ETF易方达,159915.XSHE,2.683,2500.0,23400.0,,9.0,2020-08-07,2020-08,"创业板ETF易方达
159915.XSHE"
2020-08-11 14:52:00,加仓,创业板ETF易方达,159915.XSHE,2.6,2600.0,26000.0,,10.0,2020-08-11,2020-08,"创业板ETF易方达
159915.XSHE"
2020-08-12 09:31:00,加仓,黄金ETF,518880.XSHG,4.02,1600.0,14800.0,,9.0,2020-08-12,2020-08,"黄金ETF
518880.XSHG"
2020-08-12 09:32:00,等级校准,黄金ETF,518880.XSHG,,,14800.0,,,2020-08-12,2020-08,"黄金ETF
518880.XSHG"
2020-08-12 09:42:00,加仓,500ETF,510500.XSHG,7.198,900.0,3000.0,,3.0,2020-08-12,2020-08,"500ETF
510500.XSHG"
2020-08-12 10:22:00,加仓,创业板ETF易方达,159915.XSHE,2.522,2600.0,28600.0,,11.0,2020-08-12,2020-08,"创业板ETF易方达
159915.XSHE"
2020-08-12 10:23:00,等级校准,创业板ETF易方达,159915.XSHE,,,28600.0,,,2020-08-12,2020-08,"创业板ETF易方达
159915.XSHE"
2020-08-13 09:31:00,止盈（部分）,纳指ETF,513100.XSHG,4.036,1600.0,0.0,210.55,0.0,2020-08-13,2020-08,"纳指ETF
513100.XSHG"
2020-08-13 09:31:00,清仓,纳指ETF,513100.XSHG,,,,,0.0,2020-08-13,2020-08,"纳指ETF
513100.XSHG"
2020-08-13 09:32:00,重装建仓,纳指ETF,513100.XSHG,4.03,19800.0,19800.0,,,2020-08-13,2020-08,"纳指ETF
513100.XSHG"
2020-08-13 09:33:00,底仓到账,纳指ETF,513100.XSHG,,,19800.0,,11.0,2020-08-13,2020-08,"纳指ETF
513100.XSHG"
2020-08-14 09:31:00,止盈,黄金ETF,518880.XSHG,4.141,1700.0,13100.0,205.0,8.0,2020-08-14,2020-08,"黄金ETF
518880.XSHG"
2020-08-17 10:58:00,止盈,创业板ETF易方达,159915.XSHE,2.598,2700.0,25900.0,204.5,9.0,2020-08-17,2020-08,"创业板ETF易方达
159915.XSHE"
2020-08-18 09:33:00,止盈,500ETF,510500.XSHG,7.419,900.0,2100.0,198.23,2.0,2020-08-18,2020-08,"500ETF
510500.XSHG"
2020-08-20 09:31:00,加仓,创业板ETF易方达,159915.XSHE,2.502,2600.0,28500.0,,10.0,2020-08-20,2020-08,"创业板ETF易方达
159915.XSHE"
2020-08-21 09:32:00,止盈,纳指ETF,513100.XSHG,4.157,1700.0,18100.0,215.19,11.0,2020-08-21,2020-08,"纳指ETF
513100.XSHG"
2020-08-24 09:37:00,止盈,纳指ETF,513100.XSHG,4.295,1600.0,16500.0,220.11,10.0,2020-08-24,2020-08,"纳指ETF
513100.XSHG"
2020-08-24 10:46:00,止盈,创业板ETF易方达,159915.XSHE,2.579,2700.0,25800.0,207.2,9.0,2020-08-24,2020-08,"创业板ETF易方达
159915.XSHE"
2020-08-24 13:29:00,止盈,纳指ETF,513100.XSHG,4.426,1600.0,14900.0,208.89,9.0,2020-08-24,2020-08,"纳指ETF
513100.XSHG"
2020-08-25 13:50:00,止盈,纳指ETF,513100.XSHG,4.56,1500.0,13400.0,200.32,8.0,2020-08-25,2020-08,"纳指ETF
513100.XSHG"
2020-08-26 10:15:00,加仓,纳指ETF,513100.XSHG,4.423,1500.0,14900.0,,9.0,2020-08-26,2020-08,"纳指ETF
513100.XSHG"
2020-08-26 13:21:00,止盈,纳指ETF,513100.XSHG,4.557,1500.0,13400.0,200.32,8.0,2020-08-26,2020-08,"纳指ETF
513100.XSHG"
2020-08-26 13:51:00,加仓,500ETF,510500.XSHG,7.191,900.0,3000.0,,3.0,2020-08-26,2020-08,"500ETF
510500.XSHG"
2020-08-27 14:58:00,止盈,纳指ETF,513100.XSHG,4.695,1500.0,11900.0,206.3,8.0,2020-08-27,2020-08,"纳指ETF
513100.XSHG"
2020-08-28 10:41:00,止盈,纳指ETF,513100.XSHG,4.856,1400.0,10500.0,224.72,7.0,2020-08-28,2020-08,"纳指ETF
513100.XSHG"
2020-08-28 14:04:00,加仓,纳指ETF,513100.XSHG,4.708,1400.0,11900.0,,8.0,2020-08-28,2020-08,"纳指ETF
513100.XSHG"
2020-08-28 14:11:00,止盈,创业板ETF易方达,159915.XSHE,2.657,2700.0,23100.0,209.88,8.0,2020-08-28,2020-08,"创业板ETF易方达
159915.XSHE"
2020-08-31 09:31:00,止盈,纳指ETF,513100.XSHG,4.885,1400.0,10500.0,247.12,7.0,2020-08-31,2020-08,"纳指ETF
513100.XSHG"
2020-08-31 09:34:00,止盈,500ETF,510500.XSHG,7.408,900.0,2100.0,194.63,2.0,2020-08-31,2020-08,"500ETF
510500.XSHG"
2020-08-31 14:53:00,止盈,纳指ETF,513100.XSHG,5.032,1400.0,9100.0,205.1,7.0,2020-08-31,2020-08,"纳指ETF
513100.XSHG"
2020-09-01 09:32:00,止盈,纳指ETF,513100.XSHG,5.218,1300.0,7800.0,241.12,6.0,2020-09-01,2020-09,"纳指ETF
513100.XSHG"
2020-09-01 13:50:00,加仓,纳指ETF,513100.XSHG,5.009,1300.0,9100.0,,7.0,2020-09-01,2020-09,"纳指ETF
513100.XSHG"
2020-09-02 09:31:00,止盈,纳指ETF,513100.XSHG,5.17,1300.0,7800.0,208.63,6.0,2020-09-02,2020-09,"纳指ETF
513100.XSHG"
2020-09-03 14:02:00,止盈,纳指ETF,513100.XSHG,5.338,1300.0,6500.0,217.71,5.0,2020-09-03,2020-09,"纳指ETF
513100.XSHG"
2020-09-04 09:31:00,加仓,纳指ETF,513100.XSHG,4.953,1300.0,7800.0,,6.0,2020-09-04,2020-09,"纳指ETF
513100.XSHG"
2020-09-04 09:32:00,等级校准,纳指ETF,513100.XSHG,,,7800.0,,,2020-09-04,2020-09,"纳指ETF
513100.XSHG"
2020-09-04 14:40:00,加仓,纳指ETF,513100.XSHG,4.799,1400.0,9200.0,,6.0,2020-09-04,2020-09,"纳指ETF
513100.XSHG"
2020-09-07 10:36:00,加仓,纳指ETF,513100.XSHG,4.645,1400.0,10600.0,,7.0,2020-09-07,2020-09,"纳指ETF
513100.XSHG"
2020-09-07 13:26:00,加仓,纳指ETF,513100.XSHG,4.505,1500.0,12100.0,,8.0,2020-09-07,2020-09,"纳指ETF
513100.XSHG"
2020-09-07 14:08:00,加仓,500ETF,510500.XSHG,7.18,900.0,3000.0,,3.0,2020-09-07,2020-09,"500ETF
510500.XSHG"
2020-09-07 14:10:00,加仓,创业板ETF易方达,159915.XSHE,2.576,2600.0,25700.0,,9.0,2020-09-07,2020-09,"创业板ETF易方达
159915.XSHE"
2020-09-08 14:40:00,止盈,纳指ETF,513100.XSHG,4.641,1500.0,10600.0,203.3,7.0,2020-09-08,2020-09,"纳指ETF
513100.XSHG"
2020-09-09 09:31:00,加仓,纳指ETF,513100.XSHG,4.393,1500.0,12100.0,,8.0,2020-09-09,2020-09,"纳指ETF
513100.XSHG"
2020-09-09 09:42:00,加仓,创业板ETF易方达,159915.XSHE,2.498,2700.0,28400.0,,10.0,2020-09-09,2020-09,"创业板ETF易方达
159915.XSHE"
2020-09-09 10:37:00,加仓,500ETF,510500.XSHG,6.963,900.0,3900.0,,4.0,2020-09-09,2020-09,"500ETF
510500.XSHG"
2020-09-09 10:38:00,等级校准,500ETF,510500.XSHG,,,3900.0,,,2020-09-09,2020-09,"500ETF
510500.XSHG"
2020-09-09 13:14:00,止盈,纳指ETF,513100.XSHG,4.53,1500.0,10600.0,204.82,7.0,2020-09-09,2020-09,"纳指ETF
513100.XSHG"
2020-09-10 09:33:00,止盈,纳指ETF,513100.XSHG,4.67,1500.0,9100.0,209.3,6.0,2020-09-10,2020-09,"纳指ETF
513100.XSHG"
2020-09-10 14:16:00,加仓,创业板ETF易方达,159915.XSHE,2.423,2800.0,31200.0,,11.0,2020-09-10,2020-09,"创业板ETF易方达
159915.XSHE"
2020-09-11 09:31:00,加仓,纳指ETF,513100.XSHG,4.501,1400.0,10500.0,,7.0,2020-09-11,2020-09,"纳指ETF
513100.XSHG"
2020-09-14 09:55:00,止盈,创业板ETF易方达,159915.XSHE,2.496,2800.0,28400.0,203.7,10.0,2020-09-14,2020-09,"创业板ETF易方达
159915.XSHE"
2020-09-14 14:45:00,止盈,纳指ETF,513100.XSHG,4.651,1500.0,9000.0,224.3,6.0,2020-09-14,2020-09,"纳指ETF
513100.XSHG"
2020-09-15 13:35:00,止盈,纳指ETF,513100.XSHG,4.795,1500.0,7500.0,215.28,5.0,2020-09-15,2020-09,"纳指ETF
513100.XSHG"
2020-09-16 09:32:00,止盈,纳指ETF,513100.XSHG,4.958,1400.0,6100.0,227.51,4.0,2020-09-16,2020-09,"纳指ETF
513100.XSHG"
2020-09-16 14:52:00,加仓,纳指ETF,513100.XSHG,4.76,1400.0,7500.0,,5.0,2020-09-16,2020-09,"纳指ETF
513100.XSHG"
2020-09-17 14:56:00,加仓,纳指ETF,513100.XSHG,4.613,1400.0,8900.0,,6.0,2020-09-17,2020-09,"纳指ETF
513100.XSHG"
2020-09-17 14:57:00,等级校准,纳指ETF,513100.XSHG,,,8900.0,,,2020-09-17,2020-09,"纳指ETF
513100.XSHG"
2020-09-18 14:58:00,止盈,纳指ETF,513100.XSHG,4.756,1500.0,7400.0,213.79,5.0,2020-09-18,2020-09,"纳指ETF
513100.XSHG"
2020-09-22 09:31:00,加仓,黄金ETF,518880.XSHG,3.978,1600.0,14700.0,,9.0,2020-09-22,2020-09,"黄金ETF
518880.XSHG"
2020-09-22 09:32:00,等级校准,黄金ETF,518880.XSHG,,,14700.0,,,2020-09-22,2020-09,"黄金ETF
518880.XSHG"
2020-09-22 14:53:00,加仓,纳指ETF,513100.XSHG,4.613,1400.0,8800.0,,6.0,2020-09-22,2020-09,"纳指ETF
513100.XSHG"
2020-09-22 14:54:00,等级校准,纳指ETF,513100.XSHG,,,8800.0,,,2020-09-22,2020-09,"纳指ETF
513100.XSHG"
2020-09-24 13:03:00,加仓,纳指ETF,513100.XSHG,4.468,1500.0,10300.0,,6.0,2020-09-24,2020-09,"纳指ETF
513100.XSHG"
2020-09-29 10:22:00,止盈,纳指ETF,513100.XSHG,4.605,1500.0,8800.0,204.81,5.0,2020-09-29,2020-09,"纳指ETF
513100.XSHG"
2020-10-09 10:31:00,止盈,创业板ETF易方达,159915.XSHE,2.572,2800.0,25600.0,212.08,9.0,2020-10-09,2020-10,"创业板ETF易方达
159915.XSHE"
2020-10-12 11:13:00,止盈,创业板ETF易方达,159915.XSHE,2.65,2700.0,22900.0,209.88,8.0,2020-10-12,2020-10,"创业板ETF易方达
159915.XSHE"
2020-10-12 13:11:00,止盈,500ETF,510500.XSHG,7.173,1000.0,2900.0,209.28,3.0,2020-10-12,2020-10,"500ETF
510500.XSHG"
2020-10-13 09:32:00,止盈,纳指ETF,513100.XSHG,4.745,1500.0,7300.0,209.29,5.0,2020-10-13,2020-10,"纳指ETF
513100.XSHG"
2020-10-15 14:36:00,加仓,纳指ETF,513100.XSHG,4.602,1400.0,8700.0,,6.0,2020-10-15,2020-10,"纳指ETF
513100.XSHG"
2020-10-15 14:37:00,等级校准,纳指ETF,513100.XSHG,,,8700.0,,,2020-10-15,2020-10,"纳指ETF
513100.XSHG"
2020-10-22 09:34:00,加仓,500ETF,510500.XSHG,6.955,900.0,3800.0,,4.0,2020-10-22,2020-10,"500ETF
510500.XSHG"
2020-10-22 09:35:00,等级校准,500ETF,510500.XSHG,,,3800.0,,,2020-10-22,2020-10,"500ETF
510500.XSHG"
2020-10-22 10:04:00,加仓,创业板ETF易方达,159915.XSHE,2.57,2600.0,25500.0,,9.0,2020-10-22,2020-10,"创业板ETF易方达
159915.XSHE"
2020-10-23 14:18:00,加仓,纳指ETF,513100.XSHG,4.459,1500.0,10200.0,,6.0,2020-10-23,2020-10,"纳指ETF
513100.XSHG"
2020-10-26 09:32:00,加仓,创业板ETF易方达,159915.XSHE,2.488,2700.0,28200.0,,10.0,2020-10-26,2020-10,"创业板ETF易方达
159915.XSHE"
2020-10-28 11:23:00,止盈,创业板ETF易方达,159915.XSHE,2.563,2800.0,25400.0,209.28,9.0,2020-10-28,2020-10,"创业板ETF易方达
159915.XSHE"
2020-10-29 09:31:00,加仓,纳指ETF,513100.XSHG,4.244,1500.0,11700.0,,7.0,2020-10-29,2020-10,"纳指ETF
513100.XSHG"
2020-10-30 14:10:00,加仓,500ETF,510500.XSHG,6.744,1000.0,4800.0,,4.0,2020-10-30,2020-10,"500ETF
510500.XSHG"
2020-11-03 10:48:00,止盈,创业板ETF易方达,159915.XSHE,2.641,2700.0,22700.0,209.89,8.0,2020-11-03,2020-11,"创业板ETF易方达
159915.XSHE"
2020-11-03 14:03:00,止盈,纳指ETF,513100.XSHG,4.374,1600.0,10100.0,207.3,6.0,2020-11-03,2020-11,"纳指ETF
513100.XSHG"
2020-11-04 09:32:00,止盈,纳指ETF,513100.XSHG,4.532,1600.0,8500.0,252.07,5.0,2020-11-04,2020-11,"纳指ETF
513100.XSHG"
2020-11-04 13:40:00,止盈,纳指ETF,513100.XSHG,4.687,1500.0,7000.0,231.8,5.0,2020-11-04,2020-11,"纳指ETF
513100.XSHG"
2020-11-05 09:32:00,止盈,纳指ETF,513100.XSHG,4.847,1400.0,5600.0,223.32,4.0,2020-11-05,2020-11,"纳指ETF
513100.XSHG"
2020-11-05 09:46:00,止盈,500ETF,510500.XSHG,6.954,1000.0,3800.0,209.3,3.0,2020-11-05,2020-11,"500ETF
510500.XSHG"
2020-11-05 10:26:00,加仓,纳指ETF,513100.XSHG,4.692,1400.0,7000.0,,5.0,2020-11-05,2020-11,"纳指ETF
513100.XSHG"
2020-11-06 10:38:00,加仓,纳指ETF,513100.XSHG,4.545,1400.0,8400.0,,6.0,2020-11-06,2020-11,"纳指ETF
513100.XSHG"
2020-11-06 10:39:00,等级校准,纳指ETF,513100.XSHG,,,8400.0,,,2020-11-06,2020-11,"纳指ETF
513100.XSHG"
2020-11-09 11:21:00,止盈,创业板ETF易方达,159915.XSHE,2.724,2600.0,20100.0,215.09,8.0,2020-11-09,2020-11,"创业板ETF易方达
159915.XSHE"
2020-11-10 09:31:00,加仓,黄金ETF,518880.XSHG,3.853,1700.0,16400.0,,9.0,2020-11-10,2020-11,"黄金ETF
518880.XSHG"
2020-11-11 09:32:00,加仓,纳指ETF,513100.XSHG,4.404,1500.0,9900.0,,6.0,2020-11-11,2020-11,"纳指ETF
513100.XSHG"
2020-11-11 10:15:00,加仓,创业板ETF易方达,159915.XSHE,2.64,2500.0,22600.0,,9.0,2020-11-11,2020-11,"创业板ETF易方达
159915.XSHE"
2020-11-11 10:16:00,等级校准,创业板ETF易方达,159915.XSHE,,,22600.0,,,2020-11-11,2020-11,"创业板ETF易方达
159915.XSHE"
2020-11-17 10:55:00,加仓,创业板ETF易方达,159915.XSHE,2.56,2600.0,25200.0,,9.0,2020-11-17,2020-11,"创业板ETF易方达
159915.XSHE"
2020-11-19 09:31:00,加仓,纳指ETF,513100.XSHG,4.262,1500.0,11400.0,,7.0,2020-11-19,2020-11,"纳指ETF
513100.XSHG"
2020-11-23 13:08:00,止盈,500ETF,510500.XSHG,7.164,1000.0,2800.0,209.28,3.0,2020-11-23,2020-11,"500ETF
510500.XSHG"
2020-11-25 09:31:00,加仓,黄金ETF,518880.XSHG,3.725,1800.0,18200.0,,10.0,2020-11-25,2020-11,"黄金ETF
518880.XSHG"
2020-11-26 10:55:00,加仓,500ETF,510500.XSHG,6.949,900.0,3700.0,,4.0,2020-11-26,2020-11,"500ETF
510500.XSHG"
2020-11-26 10:56:00,等级校准,500ETF,510500.XSHG,,,3700.0,,,2020-11-26,2020-11,"500ETF
510500.XSHG"
2020-11-30 11:00:00,加仓,黄金ETF,518880.XSHG,3.609,1800.0,20000.0,,11.0,2020-11-30,2020-11,"黄金ETF
518880.XSHG"
2020-11-30 11:01:00,等级校准,黄金ETF,518880.XSHG,,,20000.0,,,2020-11-30,2020-11,"黄金ETF
518880.XSHG"
2020-12-02 09:31:00,止盈,纳指ETF,513100.XSHG,4.416,1600.0,9800.0,245.69,6.0,2020-12-02,2020-12,"纳指ETF
513100.XSHG"
2020-12-03 09:31:00,止盈,黄金ETF,518880.XSHG,3.728,1900.0,18100.0,225.39,10.0,2020-12-03,2020-12,"黄金ETF
518880.XSHG"
2020-12-04 13:53:00,止盈,创业板ETF易方达,159915.XSHE,2.637,2700.0,22500.0,207.19,8.0,2020-12-04,2020-12,"创业板ETF易方达
159915.XSHE"
2020-12-10 09:31:00,加仓,纳指ETF,513100.XSHG,4.204,1500.0,11300.0,,7.0,2020-12-10,2020-12,"纳指ETF
513100.XSHG"
2020-12-18 11:27:00,止盈,黄金ETF,518880.XSHG,3.84,1800.0,16300.0,200.91,9.0,2020-12-18,2020-12,"黄金ETF
518880.XSHG"
2020-12-21 10:05:00,止盈,创业板ETF易方达,159915.XSHE,2.717,2600.0,19900.0,207.29,7.0,2020-12-21,2020-12,"创业板ETF易方达
159915.XSHE"
2020-12-21 10:54:00,止盈,纳指ETF,513100.XSHG,4.333,1600.0,9700.0,205.71,6.0,2020-12-21,2020-12,"纳指ETF
513100.XSHG"
2020-12-30 13:09:00,止盈,创业板ETF易方达,159915.XSHE,2.8,2500.0,17400.0,206.8,6.0,2020-12-30,2020-12,"创业板ETF易方达
159915.XSHE"
2021-01-04 09:44:00,止盈,创业板ETF易方达,159915.XSHE,2.886,2500.0,14900.0,214.28,6.0,2021-01-04,2021-01,"创业板ETF易方达
159915.XSHE"
2021-01-04 11:08:00,止盈,创业板ETF易方达,159915.XSHE,2.976,2400.0,12500.0,215.29,5.0,2021-01-04,2021-01,"创业板ETF易方达
159915.XSHE"
2021-01-04 13:00:00,止盈,500ETF,510500.XSHG,7.158,1000.0,2700.0,208.28,3.0,2021-01-04,2021-01,"500ETF
510500.XSHG"
2021-01-08 09:31:00,止盈,创业板ETF易方达,159915.XSHE,3.07,2300.0,10200.0,215.49,4.0,2021-01-08,2021-01,"创业板ETF易方达
159915.XSHE"
2021-01-11 09:31:00,加仓,黄金ETF,518880.XSHG,3.722,1800.0,18100.0,,10.0,2021-01-11,2021-01,"黄金ETF
518880.XSHG"
2021-01-11 14:12:00,加仓,创业板ETF易方达,159915.XSHE,2.977,2200.0,12400.0,,5.0,2021-01-11,2021-01,"创业板ETF易方达
159915.XSHE"
2021-01-12 14:56:00,止盈,创业板ETF易方达,159915.XSHE,3.068,2300.0,10100.0,208.59,4.0,2021-01-12,2021-01,"创业板ETF易方达
159915.XSHE"
2021-01-14 09:53:00,加仓,创业板ETF易方达,159915.XSHE,2.975,2200.0,12300.0,,5.0,2021-01-14,2021-01,"创业板ETF易方达
159915.XSHE"
2021-01-20 09:57:00,止盈,创业板ETF易方达,159915.XSHE,3.065,2300.0,10000.0,206.3,4.0,2021-01-20,2021-01,"创业板ETF易方达
159915.XSHE"
2021-01-21 11:19:00,止盈,创业板ETF易方达,159915.XSHE,3.158,2200.0,7800.0,203.91,3.0,2021-01-21,2021-01,"创业板ETF易方达
159915.XSHE"
2021-01-25 09:35:00,止盈,纳指ETF,513100.XSHG,4.466,1600.0,8100.0,212.09,5.0,2021-01-25,2021-01,"纳指ETF
513100.XSHG"
2021-01-25 09:37:00,止盈,创业板ETF易方达,159915.XSHE,3.257,2200.0,5600.0,217.08,2.0,2021-01-25,2021-01,"创业板ETF易方达
159915.XSHE"
2021-01-25 10:17:00,止盈,500ETF,510500.XSHG,7.378,900.0,1800.0,197.34,2.0,2021-01-25,2021-01,"500ETF
510500.XSHG"
2021-01-26 10:43:00,加仓,创业板ETF易方达,159915.XSHE,3.158,2100.0,7700.0,,3.0,2021-01-26,2021-01,"创业板ETF易方达
159915.XSHE"
2021-01-28 11:12:00,加仓,500ETF,510500.XSHG,7.154,900.0,2700.0,,3.0,2021-01-28,2021-01,"500ETF
510500.XSHG"
2021-01-28 14:38:00,加仓,创业板ETF易方达,159915.XSHE,3.062,2200.0,9900.0,,4.0,2021-01-28,2021-01,"创业板ETF易方达
159915.XSHE"
2021-01-28 14:55:00,加仓,纳指ETF,513100.XSHG,4.332,1500.0,9600.0,,6.0,2021-01-28,2021-01,"纳指ETF
513100.XSHG"
2021-01-29 14:30:00,加仓,创业板ETF易方达,159915.XSHE,2.97,2200.0,12100.0,,5.0,2021-01-29,2021-01,"创业板ETF易方达
159915.XSHE"
2021-01-29 14:31:00,加仓,500ETF,510500.XSHG,6.936,900.0,3600.0,,4.0,2021-01-29,2021-01,"500ETF
510500.XSHG"
2021-01-29 14:32:00,等级校准,500ETF,510500.XSHG,,,3600.0,,,2021-01-29,2021-01,"500ETF
510500.XSHG"
2021-02-01 10:01:00,止盈,创业板ETF易方达,159915.XSHE,3.06,2300.0,9800.0,206.3,4.0,2021-02-01,2021-02,"创业板ETF易方达
159915.XSHE"
2021-02-03 09:31:00,止盈,纳指ETF,513100.XSHG,4.515,1600.0,8000.0,292.08,5.0,2021-02-03,2021-02,"纳指ETF
513100.XSHG"
2021-02-03 11:21:00,止盈,500ETF,510500.XSHG,7.145,1000.0,2600.0,208.29,2.0,2021-02-03,2021-02,"500ETF
510500.XSHG"
2021-02-03 11:27:00,止盈,创业板ETF易方达,159915.XSHE,3.152,2200.0,7600.0,201.71,3.0,2021-02-03,2021-02,"创业板ETF易方达
159915.XSHE"
2021-02-04 13:10:00,加仓,创业板ETF易方达,159915.XSHE,3.055,2200.0,9800.0,,4.0,2021-02-04,2021-02,"创业板ETF易方达
159915.XSHE"
2021-02-05 14:35:00,加仓,500ETF,510500.XSHG,6.93,900.0,3500.0,,3.0,2021-02-05,2021-02,"500ETF
510500.XSHG"
2021-02-09 10:31:00,止盈,创业板ETF易方达,159915.XSHE,3.18,2200.0,7600.0,274.3,3.0,2021-02-09,2021-02,"创业板ETF易方达
159915.XSHE"
2021-02-09 13:13:00,止盈,500ETF,510500.XSHG,7.138,1000.0,2500.0,207.29,2.0,2021-02-09,2021-02,"500ETF
510500.XSHG"
2021-02-10 11:22:00,止盈,创业板ETF易方达,159915.XSHE,3.279,2200.0,5400.0,217.08,2.0,2021-02-10,2021-02,"创业板ETF易方达
159915.XSHE"
2021-02-18 09:31:00,止盈,500ETF,510500.XSHG,7.361,900.0,1600.0,200.04,1.0,2021-02-18,2021-02,"500ETF
510500.XSHG"
2021-02-19 09:32:00,加仓,创业板ETF易方达,159915.XSHE,3.176,2100.0,7500.0,,3.0,2021-02-19,2021-02,"创业板ETF易方达
159915.XSHE"
2021-02-22 13:08:00,加仓,创业板ETF易方达,159915.XSHE,3.08,2200.0,9700.0,,4.0,2021-02-22,2021-02,"创业板ETF易方达
159915.XSHE"
2021-02-24 09:55:00,加仓,创业板ETF易方达,159915.XSHE,2.984,2200.0,11900.0,,5.0,2021-02-24,2021-02,"创业板ETF易方达
159915.XSHE"
2021-02-24 10:52:00,加仓,纳指ETF,513100.XSHG,4.376,1500.0,9500.0,,6.0,2021-02-24,2021-02,"纳指ETF
513100.XSHG"
2021-02-24 14:07:00,加仓,创业板ETF易方达,159915.XSHE,2.893,2300.0,14200.0,,6.0,2021-02-24,2021-02,"创业板ETF易方达
159915.XSHE"
2021-02-24 14:08:00,等级校准,创业板ETF易方达,159915.XSHE,,,14200.0,,,2021-02-24,2021-02,"创业板ETF易方达
159915.XSHE"
2021-02-26 09:31:00,加仓,500ETF,510500.XSHG,7.103,900.0,2500.0,,2.0,2021-02-26,2021-02,"500ETF
510500.XSHG"
2021-02-26 09:37:00,加仓,创业板ETF易方达,159915.XSHE,2.806,2400.0,16600.0,,6.0,2021-02-26,2021-02,"创业板ETF易方达
159915.XSHE"
2021-02-26 13:31:00,加仓,纳指ETF,513100.XSHG,4.243,1500.0,11000.0,,7.0,2021-02-26,2021-02,"纳指ETF
513100.XSHG"
2021-02-26 13:32:00,等级校准,纳指ETF,513100.XSHG,,,11000.0,,,2021-02-26,2021-02,"纳指ETF
513100.XSHG"
2021-02-26 13:49:00,加仓,黄金ETF,518880.XSHG,3.61,1800.0,19900.0,,11.0,2021-02-26,2021-02,"黄金ETF
518880.XSHG"
2021-02-26 13:50:00,等级校准,黄金ETF,518880.XSHG,,,19900.0,,,2021-02-26,2021-02,"黄金ETF
518880.XSHG"
2021-03-01 14:52:00,止盈,创业板ETF易方达,159915.XSHE,2.892,2400.0,14200.0,205.71,5.0,2021-03-01,2021-03,"创业板ETF易方达
159915.XSHE"
2021-03-02 09:31:00,止盈,纳指ETF,513100.XSHG,4.43,1600.0,9400.0,298.49,6.0,2021-03-02,2021-03,"纳指ETF
513100.XSHG"
2021-03-04 09:31:00,加仓,纳指ETF,513100.XSHG,4.258,1500.0,10900.0,,7.0,2021-03-04,2021-03,"纳指ETF
513100.XSHG"
2021-03-04 09:32:00,等级校准,纳指ETF,513100.XSHG,,,10900.0,,,2021-03-04,2021-03,"纳指ETF
513100.XSHG"
2021-03-04 10:13:00,加仓,创业板ETF易方达,159915.XSHE,2.803,2400.0,16600.0,,6.0,2021-03-04,2021-03,"创业板ETF易方达
159915.XSHE"
2021-03-05 09:31:00,加仓,黄金ETF,518880.XSHG,3.466,1900.0,21800.0,,11.0,2021-03-05,2021-03,"黄金ETF
518880.XSHG"
2021-03-05 09:31:00,加仓,创业板ETF易方达,159915.XSHE,2.712,2400.0,19000.0,,7.0,2021-03-05,2021-03,"创业板ETF易方达
159915.XSHE"
2021-03-05 09:32:00,等级校准,黄金ETF,518880.XSHG,,,21800.0,,,2021-03-05,2021-03,"黄金ETF
518880.XSHG"
2021-03-05 09:34:00,加仓,纳指ETF,513100.XSHG,4.13,1600.0,12500.0,,7.0,2021-03-05,2021-03,"纳指ETF
513100.XSHG"
2021-03-05 14:04:00,止盈,创业板ETF易方达,159915.XSHE,2.794,2500.0,16500.0,204.3,6.0,2021-03-05,2021-03,"创业板ETF易方达
159915.XSHE"
2021-03-08 11:19:00,加仓,创业板ETF易方达,159915.XSHE,2.71,2500.0,19000.0,,7.0,2021-03-08,2021-03,"创业板ETF易方达
159915.XSHE"
2021-03-09 09:31:00,加仓,创业板ETF易方达,159915.XSHE,2.621,2500.0,21500.0,,8.0,2021-03-09,2021-03,"创业板ETF易方达
159915.XSHE"
2021-03-09 09:34:00,加仓,500ETF,510500.XSHG,6.885,900.0,3400.0,,3.0,2021-03-09,2021-03,"500ETF
510500.XSHG"
2021-03-09 09:58:00,加仓,创业板ETF易方达,159915.XSHE,2.538,2600.0,24100.0,,9.0,2021-03-09,2021-03,"创业板ETF易方达
159915.XSHE"
2021-03-09 09:59:00,等级校准,创业板ETF易方达,159915.XSHE,,,24100.0,,,2021-03-09,2021-03,"创业板ETF易方达
159915.XSHE"
2021-03-09 11:13:00,止盈,创业板ETF易方达,159915.XSHE,2.615,2700.0,21400.0,207.19,8.0,2021-03-09,2021-03,"创业板ETF易方达
159915.XSHE"
2021-03-10 09:31:00,止盈,纳指ETF,513100.XSHG,4.272,1600.0,10900.0,226.52,6.0,2021-03-10,2021-03,"纳指ETF
513100.XSHG"
2021-03-11 10:32:00,止盈,黄金ETF,518880.XSHG,3.57,2000.0,19800.0,207.29,10.0,2021-03-11,2021-03,"黄金ETF
518880.XSHG"
2021-03-15 14:07:00,加仓,创业板ETF易方达,159915.XSHE,2.535,2600.0,24000.0,,9.0,2021-03-15,2021-03,"创业板ETF易方达
159915.XSHE"
2021-03-15 14:08:00,等级校准,创业板ETF易方达,159915.XSHE,,,24000.0,,,2021-03-15,2021-03,"创业板ETF易方达
159915.XSHE"
2021-03-17 10:17:00,止盈,创业板ETF易方达,159915.XSHE,2.612,2700.0,21300.0,207.19,8.0,2021-03-17,2021-03,"创业板ETF易方达
159915.XSHE"
2021-03-18 09:31:00,止盈,纳指ETF,513100.XSHG,4.409,1600.0,9300.0,218.49,6.0,2021-03-18,2021-03,"纳指ETF
513100.XSHG"
2021-03-19 09:31:00,加仓,纳指ETF,513100.XSHG,4.272,1500.0,10800.0,,7.0,2021-03-19,2021-03,"纳指ETF
513100.XSHG"
2021-03-19 09:32:00,等级校准,纳指ETF,513100.XSHG,,,10800.0,,,2021-03-19,2021-03,"纳指ETF
513100.XSHG"
2021-03-24 14:08:00,加仓,创业板ETF易方达,159915.XSHE,2.533,2600.0,23900.0,,9.0,2021-03-24,2021-03,"创业板ETF易方达
159915.XSHE"
2021-03-24 14:09:00,等级校准,创业板ETF易方达,159915.XSHE,,,23900.0,,,2021-03-24,2021-03,"创业板ETF易方达
159915.XSHE"
2021-03-26 09:46:00,止盈,创业板ETF易方达,159915.XSHE,2.609,2700.0,21200.0,204.5,8.0,2021-03-26,2021-03,"创业板ETF易方达
159915.XSHE"
2021-04-01 09:37:00,止盈,创业板ETF易方达,159915.XSHE,2.69,2600.0,18600.0,209.9,7.0,2021-04-01,2021-04,"创业板ETF易方达
159915.XSHE"
2021-04-01 10:04:00,止盈,纳指ETF,513100.XSHG,4.401,1600.0,9200.0,205.7,6.0,2021-04-01,2021-04,"纳指ETF
513100.XSHG"
2021-04-06 09:31:00,止盈,纳指ETF,513100.XSHG,4.556,1500.0,7700.0,231.82,5.0,2021-04-06,2021-04,"纳指ETF
513100.XSHG"
2021-04-19 10:00:00,止盈,500ETF,510500.XSHG,7.093,1000.0,2400.0,207.29,2.0,2021-04-19,2021-04,"500ETF
510500.XSHG"
2021-04-19 10:23:00,止盈,纳指ETF,513100.XSHG,4.693,1500.0,6200.0,204.8,4.0,2021-04-19,2021-04,"纳指ETF
513100.XSHG"
2021-04-19 11:03:00,止盈,创业板ETF易方达,159915.XSHE,2.773,2600.0,16000.0,215.08,6.0,2021-04-19,2021-04,"创业板ETF易方达
159915.XSHE"
2021-04-22 09:31:00,止盈,黄金ETF,518880.XSHG,3.686,1900.0,17900.0,219.7,9.0,2021-04-22,2021-04,"黄金ETF
518880.XSHG"
2021-04-23 09:43:00,止盈,创业板ETF易方达,159915.XSHE,2.857,2500.0,13500.0,209.29,5.0,2021-04-23,2021-04,"创业板ETF易方达
159915.XSHE"
2021-04-26 09:57:00,止盈,创业板ETF易方达,159915.XSHE,2.943,2400.0,11100.0,205.69,4.0,2021-04-26,2021-04,"创业板ETF易方达
159915.XSHE"
2021-04-27 10:31:00,加仓,创业板ETF易方达,159915.XSHE,2.852,2300.0,13400.0,,5.0,2021-04-27,2021-04,"创业板ETF易方达
159915.XSHE"
2021-04-28 10:39:00,止盈,创业板ETF易方达,159915.XSHE,2.938,2400.0,11000.0,205.69,4.0,2021-04-28,2021-04,"创业板ETF易方达
159915.XSHE"
2021-05-06 09:31:00,加仓,纳指ETF,513100.XSHG,4.5,1400.0,7600.0,,5.0,2021-05-06,2021-05,"纳指ETF
513100.XSHG"
2021-05-07 13:48:00,加仓,创业板ETF易方达,159915.XSHE,2.849,2300.0,13300.0,,5.0,2021-05-07,2021-05,"创业板ETF易方达
159915.XSHE"
2021-05-13 09:31:00,加仓,纳指ETF,513100.XSHG,4.323,1500.0,9100.0,,6.0,2021-05-13,2021-05,"纳指ETF
513100.XSHG"
2021-05-13 09:32:00,等级校准,纳指ETF,513100.XSHG,,,9100.0,,,2021-05-13,2021-05,"纳指ETF
513100.XSHG"
2021-05-14 13:32:00,止盈,创业板ETF易方达,159915.XSHE,2.935,2400.0,10900.0,205.7,4.0,2021-05-14,2021-05,"创业板ETF易方达
159915.XSHE"
2021-05-17 09:40:00,止盈,500ETF,510500.XSHG,7.312,900.0,1500.0,196.44,1.0,2021-05-17,2021-05,"500ETF
510500.XSHG"
2021-05-18 09:31:00,止盈,黄金ETF,518880.XSHG,3.808,1800.0,16100.0,218.91,8.0,2021-05-18,2021-05,"黄金ETF
518880.XSHG"
2021-05-18 14:46:00,止盈,纳指ETF,513100.XSHG,4.453,1600.0,7500.0,207.29,5.0,2021-05-18,2021-05,"纳指ETF
513100.XSHG"
2021-05-20 09:34:00,止盈,创业板ETF易方达,159915.XSHE,3.03,2300.0,8600.0,217.8,3.0,2021-05-20,2021-05,"创业板ETF易方达
159915.XSHE"
2021-05-25 14:05:00,止盈,创业板ETF易方达,159915.XSHE,3.121,2300.0,6300.0,208.58,2.0,2021-05-25,2021-05,"创业板ETF易方达
159915.XSHE"
2021-06-04 09:48:00,加仓,黄金ETF,518880.XSHG,3.693,1800.0,17900.0,,9.0,2021-06-04,2021-06,"黄金ETF
518880.XSHG"
2021-06-10 13:01:00,止盈,500ETF,510500.XSHG,7.532,900.0,600.0,197.32,1.0,2021-06-10,2021-06,"500ETF
510500.XSHG"
2021-06-15 09:31:00,止盈,纳指ETF,513100.XSHG,4.613,1500.0,6000.0,239.31,4.0,2021-06-15,2021-06,"纳指ETF
513100.XSHG"
2021-06-16 14:44:00,加仓,创业板ETF易方达,159915.XSHE,3.027,2200.0,8500.0,,3.0,2021-06-16,2021-06,"创业板ETF易方达
159915.XSHE"
2021-06-18 09:34:00,止盈,创业板ETF易方达,159915.XSHE,3.118,2300.0,6200.0,208.58,2.0,2021-06-18,2021-06,"创业板ETF易方达
159915.XSHE"
2021-06-23 10:39:00,止盈,创业板ETF易方达,159915.XSHE,3.212,2200.0,4000.0,206.09,1.0,2021-06-23,2021-06,"创业板ETF易方达
159915.XSHE"
2021-06-25 09:31:00,止盈,纳指ETF,513100.XSHG,4.761,1500.0,4500.0,221.29,3.0,2021-06-25,2021-06,"纳指ETF
513100.XSHG"
2021-06-28 10:38:00,止盈,创业板ETF易方达,159915.XSHE,3.309,2100.0,1900.0,203.01,1.0,2021-06-28,2021-06,"创业板ETF易方达
159915.XSHE"
2021-06-30 13:31:00,加仓,黄金ETF,518880.XSHG,3.582,1800.0,19700.0,,10.0,2021-06-30,2021-06,"黄金ETF
518880.XSHG"
2021-07-06 09:46:00,加仓,创业板ETF易方达,159915.XSHE,3.208,2100.0,4000.0,,2.0,2021-07-06,2021-07,"创业板ETF易方达
159915.XSHE"
2021-07-06 09:47:00,等级校准,创业板ETF易方达,159915.XSHE,,,4000.0,,,2021-07-06,2021-07,"创业板ETF易方达
159915.XSHE"
2021-07-07 09:32:00,止盈,纳指ETF,513100.XSHG,4.908,1400.0,3100.0,205.11,2.0,2021-07-07,2021-07,"纳指ETF
513100.XSHG"
2021-07-07 13:46:00,止盈,创业板ETF易方达,159915.XSHE,3.307,2100.0,1900.0,207.21,1.0,2021-07-07,2021-07,"创业板ETF易方达
159915.XSHE"
2021-07-09 09:39:00,止盈,黄金ETF,518880.XSHG,3.69,1900.0,17800.0,204.5,9.0,2021-07-09,2021-07,"黄金ETF
518880.XSHG"
2021-07-12 10:14:00,止盈（部分）,创业板ETF易方达,159915.XSHE,3.408,1900.0,0.0,191.25,0.0,2021-07-12,2021-07,"创业板ETF易方达
159915.XSHE"
2021-07-12 10:14:00,清仓,创业板ETF易方达,159915.XSHE,,,,,0.0,2021-07-12,2021-07,"创业板ETF易方达
159915.XSHE"
2021-07-12 10:15:00,重装建仓,创业板ETF易方达,159915.XSHE,3.41,23400.0,23400.0,,,2021-07-12,2021-07,"创业板ETF易方达
159915.XSHE"
2021-07-12 10:16:00,底仓到账,创业板ETF易方达,159915.XSHE,,,23400.0,,11.0,2021-07-12,2021-07,"创业板ETF易方达
159915.XSHE"
2021-07-13 10:17:00,止盈（部分）,500ETF,510500.XSHG,7.759,600.0,0.0,135.73,0.0,2021-07-13,2021-07,"500ETF
510500.XSHG"
2021-07-13 10:17:00,清仓,500ETF,510500.XSHG,,,,,0.0,2021-07-13,2021-07,"500ETF
510500.XSHG"
2021-07-13 10:18:00,重装建仓,500ETF,510500.XSHG,7.761,10300.0,10300.0,,,2021-07-13,2021-07,"500ETF
510500.XSHG"
2021-07-13 10:19:00,底仓到账,500ETF,510500.XSHG,,,10300.0,,11.0,2021-07-13,2021-07,"500ETF
510500.XSHG"
2021-07-26 09:58:00,加仓,创业板ETF易方达,159915.XSHE,3.307,2000.0,25400.0,,12.0,2021-07-26,2021-07,"创业板ETF易方达
159915.XSHE"
2021-07-26 13:29:00,加仓,创业板ETF易方达,159915.XSHE,3.205,2100.0,27500.0,,13.0,2021-07-26,2021-07,"创业板ETF易方达
159915.XSHE"
2021-07-27 09:40:00,止盈,创业板ETF易方达,159915.XSHE,3.304,2100.0,25400.0,207.21,12.0,2021-07-27,2021-07,"创业板ETF易方达
159915.XSHE"
2021-07-27 14:26:00,加仓,创业板ETF易方达,159915.XSHE,3.202,2100.0,27500.0,,13.0,2021-07-27,2021-07,"创业板ETF易方达
159915.XSHE"
2021-07-28 09:31:00,加仓,500ETF,510500.XSHG,7.518,900.0,11200.0,,12.0,2021-07-28,2021-07,"500ETF
510500.XSHG"
2021-07-28 09:42:00,加仓,创业板ETF易方达,159915.XSHE,3.1,2100.0,29600.0,,14.0,2021-07-28,2021-07,"创业板ETF易方达
159915.XSHE"
2021-07-28 09:43:00,等级校准,创业板ETF易方达,159915.XSHE,,,29600.0,,,2021-07-28,2021-07,"创业板ETF易方达
159915.XSHE"
2021-07-28 10:33:00,止盈,创业板ETF易方达,159915.XSHE,3.193,2200.0,27400.0,203.9,13.0,2021-07-28,2021-07,"创业板ETF易方达
159915.XSHE"
2021-07-29 11:08:00,止盈,创业板ETF易方达,159915.XSHE,3.29,2100.0,25300.0,203.01,12.0,2021-07-29,2021-07,"创业板ETF易方达
159915.XSHE"
2021-08-02 14:12:00,止盈,创业板ETF易方达,159915.XSHE,3.391,2100.0,23200.0,211.39,11.0,2021-08-02,2021-08,"创业板ETF易方达
159915.XSHE"
2021-08-04 13:26:00,止盈,500ETF,510500.XSHG,7.744,900.0,10300.0,202.7,11.0,2021-08-04,2021-08,"500ETF
510500.XSHG"
2021-08-09 09:31:00,加仓,黄金ETF,518880.XSHG,3.555,1800.0,19600.0,,10.0,2021-08-09,2021-08,"黄金ETF
518880.XSHG"
2021-08-12 10:12:00,止盈,500ETF,510500.XSHG,7.979,900.0,9400.0,210.78,11.0,2021-08-12,2021-08,"500ETF
510500.XSHG"
2021-08-12 10:52:00,加仓,创业板ETF易方达,159915.XSHE,3.286,2000.0,25200.0,,12.0,2021-08-12,2021-08,"创业板ETF易方达
159915.XSHE"
2021-08-17 13:02:00,加仓,创业板ETF易方达,159915.XSHE,3.186,2100.0,27300.0,,13.0,2021-08-17,2021-08,"创业板ETF易方达
159915.XSHE"
2021-08-17 14:44:00,加仓,500ETF,510500.XSHG,7.738,800.0,10200.0,,12.0,2021-08-17,2021-08,"500ETF
510500.XSHG"
2021-08-17 14:45:00,等级校准,500ETF,510500.XSHG,,,10200.0,,,2021-08-17,2021-08,"500ETF
510500.XSHG"
2021-08-18 11:03:00,止盈,黄金ETF,518880.XSHG,3.662,1900.0,17700.0,202.6,9.0,2021-08-18,2021-08,"黄金ETF
518880.XSHG"
2021-08-20 11:24:00,加仓,创业板ETF易方达,159915.XSHE,3.089,2100.0,29400.0,,14.0,2021-08-20,2021-08,"创业板ETF易方达
159915.XSHE"
2021-08-20 11:25:00,等级校准,创业板ETF易方达,159915.XSHE,,,29400.0,,,2021-08-20,2021-08,"创业板ETF易方达
159915.XSHE"
2021-08-23 13:32:00,止盈,创业板ETF易方达,159915.XSHE,3.185,2200.0,27200.0,210.5,12.0,2021-08-23,2021-08,"创业板ETF易方达
159915.XSHE"
2021-08-24 09:31:00,止盈,纳指ETF,513100.XSHG,5.107,1400.0,1700.0,277.89,1.0,2021-08-24,2021-08,"纳指ETF
513100.XSHG"
2021-08-24 13:34:00,止盈,500ETF,510500.XSHG,7.971,900.0,9300.0,208.98,11.0,2021-08-24,2021-08,"500ETF
510500.XSHG"
2021-08-31 11:26:00,加仓,创业板ETF易方达,159915.XSHE,3.089,2100.0,29300.0,,13.0,2021-08-31,2021-08,"创业板ETF易方达
159915.XSHE"
2021-09-02 14:36:00,止盈,500ETF,510500.XSHG,8.212,800.0,8500.0,192.14,10.0,2021-09-02,2021-09,"500ETF
510500.XSHG"
2021-09-08 09:57:00,止盈,500ETF,510500.XSHG,8.459,800.0,7700.0,196.92,9.0,2021-09-08,2021-09,"500ETF
510500.XSHG"
2021-09-17 13:10:00,加仓,500ETF,510500.XSHG,8.203,800.0,8500.0,,10.0,2021-09-17,2021-09,"500ETF
510500.XSHG"
2021-09-23 09:47:00,止盈,500ETF,510500.XSHG,8.45,800.0,7700.0,196.92,9.0,2021-09-23,2021-09,"500ETF
510500.XSHG"
2021-09-27 09:45:00,加仓,500ETF,510500.XSHG,8.193,800.0,8500.0,,10.0,2021-09-27,2021-09,"500ETF
510500.XSHG"
2021-09-29 09:31:00,加仓,纳指ETF,513100.XSHG,4.899,1300.0,3000.0,,2.0,2021-09-29,2021-09,"纳指ETF
513100.XSHG"
2021-09-29 10:42:00,加仓,500ETF,510500.XSHG,7.946,800.0,9300.0,,11.0,2021-09-29,2021-09,"500ETF
510500.XSHG"
2021-09-29 14:14:00,加仓,黄金ETF,518880.XSHG,3.552,1900.0,19600.0,,10.0,2021-09-29,2021-09,"黄金ETF
518880.XSHG"
2021-10-08 09:52:00,止盈,创业板ETF易方达,159915.XSHE,3.183,2200.0,27100.0,206.1,12.0,2021-10-08,2021-10,"创业板ETF易方达
159915.XSHE"
2021-10-12 09:31:00,加仓,创业板ETF易方达,159915.XSHE,3.086,2100.0,29200.0,,13.0,2021-10-12,2021-10,"创业板ETF易方达
159915.XSHE"
2021-10-15 13:23:00,止盈,创业板ETF易方达,159915.XSHE,3.179,2200.0,27000.0,203.9,12.0,2021-10-15,2021-10,"创业板ETF易方达
159915.XSHE"
2021-10-20 09:31:00,止盈,纳指ETF,513100.XSHG,5.049,1400.0,1600.0,209.29,1.0,2021-10-20,2021-10,"纳指ETF
513100.XSHG"
2021-11-01 09:32:00,止盈,纳指ETF,513100.XSHG,5.208,1300.0,300.0,206.02,1.0,2021-11-01,2021-11,"纳指ETF
513100.XSHG"
2021-11-05 09:31:00,止盈（部分）,纳指ETF,513100.XSHG,5.37,300.0,0.0,48.44,0.0,2021-11-05,2021-11,"纳指ETF
513100.XSHG"
2021-11-05 09:31:00,清仓,纳指ETF,513100.XSHG,,,,,0.0,2021-11-05,2021-11,"纳指ETF
513100.XSHG"
2021-11-05 09:32:00,重装建仓,纳指ETF,513100.XSHG,5.365,14900.0,14900.0,,,2021-11-05,2021-11,"纳指ETF
513100.XSHG"
2021-11-05 09:33:00,底仓到账,纳指ETF,513100.XSHG,,,14900.0,,11.0,2021-11-05,2021-11,"纳指ETF
513100.XSHG"
2021-11-05 10:32:00,止盈,创业板ETF易方达,159915.XSHE,3.275,2200.0,24800.0,210.48,11.0,2021-11-05,2021-11,"创业板ETF易方达
159915.XSHE"
2021-11-08 09:31:00,止盈,黄金ETF,518880.XSHG,3.671,1900.0,17700.0,225.4,9.0,2021-11-08,2021-11,"黄金ETF
518880.XSHG"
2021-11-22 11:21:00,止盈,创业板ETF易方达,159915.XSHE,3.374,2100.0,22700.0,207.19,11.0,2021-11-22,2021-11,"创业板ETF易方达
159915.XSHE"
2021-12-01 14:52:00,止盈,500ETF,510500.XSHG,8.186,800.0,8500.0,191.35,10.0,2021-12-01,2021-12,"500ETF
510500.XSHG"
2021-12-03 09:45:00,加仓,纳指ETF,513100.XSHG,5.204,1300.0,16200.0,,12.0,2021-12-03,2021-12,"纳指ETF
513100.XSHG"
2021-12-07 10:17:00,加仓,创业板ETF易方达,159915.XSHE,3.272,2000.0,24700.0,,12.0,2021-12-07,2021-12,"创业板ETF易方达
159915.XSHE"
2021-12-07 10:18:00,等级校准,创业板ETF易方达,159915.XSHE,,,24700.0,,,2021-12-07,2021-12,"创业板ETF易方达
159915.XSHE"
2021-12-10 13:34:00,止盈,创业板ETF易方达,159915.XSHE,3.372,2100.0,22600.0,209.29,11.0,2021-12-10,2021-12,"创业板ETF易方达
159915.XSHE"
2021-12-15 09:31:00,加仓,黄金ETF,518880.XSHG,3.56,1900.0,19600.0,,10.0,2021-12-15,2021-12,"黄金ETF
518880.XSHG"
2021-12-20 10:45:00,加仓,创业板ETF易方达,159915.XSHE,3.27,2000.0,24600.0,,12.0,2021-12-20,2021-12,"创业板ETF易方达
159915.XSHE"
2021-12-20 10:46:00,等级校准,创业板ETF易方达,159915.XSHE,,,24600.0,,,2021-12-20,2021-12,"创业板ETF易方达
159915.XSHE"
2021-12-28 09:31:00,止盈,纳指ETF,513100.XSHG,5.393,1300.0,14900.0,245.0,12.0,2021-12-28,2021-12,"纳指ETF
513100.XSHG"
2022-01-04 09:53:00,加仓,创业板ETF易方达,159915.XSHE,3.171,2100.0,26700.0,,12.0,2022-01-04,2022-01,"创业板ETF易方达
159915.XSHE"
2022-01-05 11:19:00,加仓,创业板ETF易方达,159915.XSHE,3.075,2200.0,28900.0,,13.0,2022-01-05,2022-01,"创业板ETF易方达
159915.XSHE"
2022-01-06 09:31:00,加仓,纳指ETF,513100.XSHG,5.153,1200.0,16100.0,,13.0,2022-01-06,2022-01,"纳指ETF
513100.XSHG"
2022-01-06 09:32:00,等级校准,纳指ETF,513100.XSHG,,,16100.0,,,2022-01-06,2022-01,"纳指ETF
513100.XSHG"
2022-01-10 09:32:00,加仓,创业板ETF易方达,159915.XSHE,2.982,2200.0,31100.0,,14.0,2022-01-10,2022-01,"创业板ETF易方达
159915.XSHE"
2022-01-10 09:33:00,等级校准,创业板ETF易方达,159915.XSHE,,,31100.0,,,2022-01-10,2022-01,"创业板ETF易方达
159915.XSHE"
2022-01-14 09:31:00,加仓,纳指ETF,513100.XSHG,1.01,1300.0,81800.0,,13.0,2022-01-14,2022-01,"纳指ETF
513100.XSHG"
2022-01-14 09:32:00,等级校准,纳指ETF,513100.XSHG,,,81800.0,,,2022-01-14,2022-01,"纳指ETF
513100.XSHG"
2022-01-14 09:34:00,加仓,500ETF,510500.XSHG,7.939,800.0,9300.0,,11.0,2022-01-14,2022-01,"500ETF
510500.XSHG"
2022-01-17 13:20:00,止盈,创业板ETF易方达,159915.XSHE,3.072,2300.0,28800.0,206.29,13.0,2022-01-17,2022-01,"创业板ETF易方达
159915.XSHE"
2022-01-19 13:12:00,加仓,创业板ETF易方达,159915.XSHE,2.978,2200.0,31000.0,,14.0,2022-01-19,2022-01,"创业板ETF易方达
159915.XSHE"
2022-01-19 13:13:00,等级校准,创业板ETF易方达,159915.XSHE,,,31000.0,,,2022-01-19,2022-01,"创业板ETF易方达
159915.XSHE"
2022-01-20 09:31:00,止盈,黄金ETF,518880.XSHG,3.68,1900.0,17700.0,227.3,9.0,2022-01-20,2022-01,"黄金ETF
518880.XSHG"
2022-01-20 09:33:00,加仓,纳指ETF,513100.XSHG,0.979,6900.0,88700.0,,12.0,2022-01-20,2022-01,"纳指ETF
513100.XSHG"
2022-01-24 09:31:00,加仓,纳指ETF,513100.XSHG,0.948,7100.0,95800.0,,13.0,2022-01-24,2022-01,"纳指ETF
513100.XSHG"
2022-01-25 13:05:00,加仓,500ETF,510500.XSHG,7.7,800.0,10100.0,,12.0,2022-01-25,2022-01,"500ETF
510500.XSHG"
2022-01-25 13:06:00,等级校准,500ETF,510500.XSHG,,,10100.0,,,2022-01-25,2022-01,"500ETF
510500.XSHG"
2022-01-25 14:52:00,加仓,创业板ETF易方达,159915.XSHE,2.888,2300.0,33300.0,,14.0,2022-01-25,2022-01,"创业板ETF易方达
159915.XSHE"
2022-01-25 14:53:00,等级校准,创业板ETF易方达,159915.XSHE,,,33300.0,,,2022-01-25,2022-01,"创业板ETF易方达
159915.XSHE"
2022-01-27 09:31:00,加仓,纳指ETF,513100.XSHG,0.913,7300.0,103100.0,,14.0,2022-01-27,2022-01,"纳指ETF
513100.XSHG"
2022-01-27 09:32:00,等级校准,纳指ETF,513100.XSHG,,,103100.0,,,2022-01-27,2022-01,"纳指ETF
513100.XSHG"
2022-01-27 10:32:00,加仓,500ETF,510500.XSHG,7.461,900.0,11000.0,,12.0,2022-01-27,2022-01,"500ETF
510500.XSHG"
2022-01-28 10:19:00,加仓,创业板ETF易方达,159915.XSHE,2.8,2400.0,35700.0,,14.0,2022-01-28,2022-01,"创业板ETF易方达
159915.XSHE"
2022-02-07 09:31:00,止盈,纳指ETF,513100.XSHG,0.949,7600.0,95500.0,272.88,13.0,2022-02-07,2022-02,"纳指ETF
513100.XSHG"
2022-02-07 09:40:00,止盈,创业板ETF易方达,159915.XSHE,2.885,2500.0,33200.0,211.78,13.0,2022-02-07,2022-02,"创业板ETF易方达
159915.XSHE"
2022-02-08 09:34:00,加仓,创业板ETF易方达,159915.XSHE,2.794,2400.0,35600.0,,14.0,2022-02-08,2022-02,"创业板ETF易方达
159915.XSHE"
2022-02-08 11:12:00,加仓,创业板ETF易方达,159915.XSHE,2.71,2500.0,38100.0,,15.0,2022-02-08,2022-02,"创业板ETF易方达
159915.XSHE"
2022-02-09 14:17:00,止盈,创业板ETF易方达,159915.XSHE,2.792,2500.0,35600.0,204.3,14.0,2022-02-09,2022-02,"创业板ETF易方达
159915.XSHE"
2022-02-09 14:27:00,止盈,500ETF,510500.XSHG,7.685,900.0,10100.0,200.91,11.0,2022-02-09,2022-02,"500ETF
510500.XSHG"
2022-02-10 09:31:00,止盈,纳指ETF,513100.XSHG,0.979,7300.0,88200.0,218.29,12.0,2022-02-10,2022-02,"纳指ETF
513100.XSHG"
2022-02-11 09:31:00,加仓,创业板ETF易方达,159915.XSHE,2.705,2500.0,38100.0,,15.0,2022-02-11,2022-02,"创业板ETF易方达
159915.XSHE"
2022-02-14 09:31:00,加仓,纳指ETF,513100.XSHG,0.931,7100.0,95300.0,,13.0,2022-02-14,2022-02,"纳指ETF
513100.XSHG"
2022-02-14 09:32:00,等级校准,纳指ETF,513100.XSHG,,,95300.0,,,2022-02-14,2022-02,"纳指ETF
513100.XSHG"
2022-02-22 09:31:00,加仓,纳指ETF,513100.XSHG,0.903,7500.0,102800.0,,13.0,2022-02-22,2022-02,"纳指ETF
513100.XSHG"
2022-02-22 09:33:00,止盈,黄金ETF,518880.XSHG,3.791,1900.0,15800.0,210.18,8.0,2022-02-22,2022-02,"黄金ETF
518880.XSHG"
2022-02-24 09:31:00,加仓,纳指ETF,513100.XSHG,0.875,7700.0,110500.0,,14.0,2022-02-24,2022-02,"纳指ETF
513100.XSHG"
2022-02-24 09:32:00,等级校准,纳指ETF,513100.XSHG,,,110500.0,,,2022-02-24,2022-02,"纳指ETF
513100.XSHG"
2022-02-25 10:17:00,止盈,创业板ETF易方达,159915.XSHE,2.787,2500.0,35600.0,204.3,14.0,2022-02-25,2022-02,"创业板ETF易方达
159915.XSHE"
2022-03-01 09:31:00,止盈,纳指ETF,513100.XSHG,0.914,8000.0,102500.0,311.27,13.0,2022-03-01,2022-03,"纳指ETF
513100.XSHG"
2022-03-03 14:33:00,加仓,创业板ETF易方达,159915.XSHE,2.703,2500.0,38100.0,,15.0,2022-03-03,2022-03,"创业板ETF易方达
159915.XSHE"
2022-03-07 09:31:00,加仓,纳指ETF,513100.XSHG,0.88,7600.0,110100.0,,14.0,2022-03-07,2022-03,"纳指ETF
513100.XSHG"
2022-03-07 09:31:00,止盈,黄金ETF,518880.XSHG,3.935,1800.0,14000.0,258.49,8.0,2022-03-07,2022-03,"黄金ETF
518880.XSHG"
2022-03-07 09:32:00,等级校准,纳指ETF,513100.XSHG,,,110100.0,,,2022-03-07,2022-03,"纳指ETF
513100.XSHG"
2022-03-07 09:34:00,加仓,创业板ETF易方达,159915.XSHE,2.62,2500.0,40600.0,,16.0,2022-03-07,2022-03,"创业板ETF易方达
159915.XSHE"
2022-03-07 09:35:00,等级校准,创业板ETF易方达,159915.XSHE,,,40600.0,,,2022-03-07,2022-03,"创业板ETF易方达
159915.XSHE"
2022-03-07 14:38:00,加仓,创业板ETF易方达,159915.XSHE,2.54,2600.0,43200.0,,16.0,2022-03-07,2022-03,"创业板ETF易方达
159915.XSHE"
2022-03-07 14:43:00,加仓,500ETF,510500.XSHG,7.453,900.0,11000.0,,12.0,2022-03-07,2022-03,"500ETF
510500.XSHG"
2022-03-08 11:22:00,加仓,500ETF,510500.XSHG,7.215,900.0,11900.0,,13.0,2022-03-08,2022-03,"500ETF
510500.XSHG"
2022-03-08 13:44:00,加仓,纳指ETF,513100.XSHG,0.853,7900.0,118000.0,,14.0,2022-03-08,2022-03,"纳指ETF
513100.XSHG"
2022-03-09 10:18:00,止盈,黄金ETF,518880.XSHG,4.054,1700.0,12300.0,201.61,7.0,2022-03-09,2022-03,"黄金ETF
518880.XSHG"
2022-03-09 13:00:00,加仓,创业板ETF易方达,159915.XSHE,2.463,2700.0,45900.0,,17.0,2022-03-09,2022-03,"创业板ETF易方达
159915.XSHE"
2022-03-09 13:01:00,等级校准,创业板ETF易方达,159915.XSHE,,,45900.0,,,2022-03-09,2022-03,"创业板ETF易方达
159915.XSHE"
2022-03-09 13:30:00,加仓,500ETF,510500.XSHG,6.998,900.0,12800.0,,14.0,2022-03-09,2022-03,"500ETF
510500.XSHG"
2022-03-09 13:31:00,等级校准,500ETF,510500.XSHG,,,12800.0,,,2022-03-09,2022-03,"500ETF
510500.XSHG"
2022-03-10 09:31:00,止盈,纳指ETF,513100.XSHG,0.885,8200.0,109800.0,261.67,13.0,2022-03-10,2022-03,"纳指ETF
513100.XSHG"
2022-03-10 09:31:00,加仓,黄金ETF,518880.XSHG,3.895,1700.0,14000.0,,8.0,2022-03-10,2022-03,"黄金ETF
518880.XSHG"
2022-03-10 09:31:00,止盈,创业板ETF易方达,159915.XSHE,2.547,2800.0,43100.0,234.49,15.0,2022-03-10,2022-03,"创业板ETF易方达
159915.XSHE"
2022-03-10 09:32:00,止盈,500ETF,510500.XSHG,7.21,1000.0,11800.0,211.28,13.0,2022-03-10,2022-03,"500ETF
510500.XSHG"
2022-03-15 09:31:00,加仓,纳指ETF,513100.XSHG,0.853,7900.0,117700.0,,14.0,2022-03-15,2022-03,"纳指ETF
513100.XSHG"
2022-03-15 09:31:00,加仓,创业板ETF易方达,159915.XSHE,2.457,2700.0,45800.0,,16.0,2022-03-15,2022-03,"创业板ETF易方达
159915.XSHE"
2022-03-15 09:32:00,加仓,500ETF,510500.XSHG,6.974,900.0,12700.0,,14.0,2022-03-15,2022-03,"500ETF
510500.XSHG"
2022-03-15 09:33:00,等级校准,500ETF,510500.XSHG,,,12700.0,,,2022-03-15,2022-03,"500ETF
510500.XSHG"
2022-03-15 10:36:00,止盈,创业板ETF易方达,159915.XSHE,2.531,2800.0,43000.0,206.49,15.0,2022-03-15,2022-03,"创业板ETF易方达
159915.XSHE"
2022-03-15 13:47:00,加仓,500ETF,510500.XSHG,6.725,1000.0,13700.0,,13.0,2022-03-15,2022-03,"500ETF
510500.XSHG"
2022-03-15 13:53:00,加仓,创业板ETF易方达,159915.XSHE,2.454,2700.0,45700.0,,16.0,2022-03-15,2022-03,"创业板ETF易方达
159915.XSHE"
2022-03-16 13:46:00,止盈,纳指ETF,513100.XSHG,0.879,8200.0,109500.0,212.48,13.0,2022-03-16,2022-03,"纳指ETF
513100.XSHG"
2022-03-16 13:47:00,止盈,创业板ETF易方达,159915.XSHE,2.528,2800.0,42900.0,206.49,15.0,2022-03-16,2022-03,"创业板ETF易方达
159915.XSHE"
2022-03-16 14:18:00,止盈,500ETF,510500.XSHG,6.931,1000.0,12700.0,205.31,12.0,2022-03-16,2022-03,"500ETF
510500.XSHG"
2022-03-17 09:32:00,止盈,纳指ETF,513100.XSHG,0.906,7900.0,101600.0,212.58,13.0,2022-03-17,2022-03,"纳指ETF
513100.XSHG"
2022-03-17 09:32:00,止盈,创业板ETF易方达,159915.XSHE,2.606,2700.0,40200.0,209.9,15.0,2022-03-17,2022-03,"创业板ETF易方达
159915.XSHE"
2022-03-17 13:15:00,止盈,500ETF,510500.XSHG,7.141,1000.0,11700.0,209.29,13.0,2022-03-17,2022-03,"500ETF
510500.XSHG"
2022-03-23 09:31:00,止盈,纳指ETF,513100.XSHG,0.953,7700.0,93900.0,361.17,12.0,2022-03-23,2022-03,"纳指ETF
513100.XSHG"
2022-03-28 09:33:00,加仓,创业板ETF易方达,159915.XSHE,2.526,2600.0,42800.0,,16.0,2022-03-28,2022-03,"创业板ETF易方达
159915.XSHE"
2022-03-28 09:34:00,等级校准,创业板ETF易方达,159915.XSHE,,,42800.0,,,2022-03-28,2022-03,"创业板ETF易方达
159915.XSHE"
2022-03-30 09:31:00,止盈,纳指ETF,513100.XSHG,0.992,7300.0,86600.0,283.98,12.0,2022-03-30,2022-03,"纳指ETF
513100.XSHG"
2022-03-30 14:11:00,止盈,创业板ETF易方达,159915.XSHE,2.602,2700.0,40100.0,204.5,15.0,2022-03-30,2022-03,"创业板ETF易方达
159915.XSHE"
2022-04-07 09:31:00,加仓,纳指ETF,513100.XSHG,0.944,7000.0,93600.0,,13.0,2022-04-07,2022-04,"纳指ETF
513100.XSHG"
2022-04-07 09:32:00,等级校准,纳指ETF,513100.XSHG,,,93600.0,,,2022-04-07,2022-04,"纳指ETF
513100.XSHG"
2022-04-07 10:06:00,加仓,创业板ETF易方达,159915.XSHE,2.521,2600.0,42700.0,,16.0,2022-04-07,2022-04,"创业板ETF易方达
159915.XSHE"
2022-04-07 10:07:00,等级校准,创业板ETF易方达,159915.XSHE,,,42700.0,,,2022-04-07,2022-04,"创业板ETF易方达
159915.XSHE"
2022-04-08 10:02:00,加仓,500ETF,510500.XSHG,6.924,900.0,12600.0,,14.0,2022-04-08,2022-04,"500ETF
510500.XSHG"
2022-04-08 10:03:00,等级校准,500ETF,510500.XSHG,,,12600.0,,,2022-04-08,2022-04,"500ETF
510500.XSHG"
2022-04-11 09:32:00,加仓,创业板ETF易方达,159915.XSHE,2.444,2700.0,45400.0,,16.0,2022-04-11,2022-04,"创业板ETF易方达
159915.XSHE"
2022-04-12 09:31:00,加仓,纳指ETF,513100.XSHG,0.91,7400.0,101000.0,,13.0,2022-04-12,2022-04,"纳指ETF
513100.XSHG"
2022-04-12 13:00:00,加仓,500ETF,510500.XSHG,6.716,1000.0,13600.0,,13.0,2022-04-12,2022-04,"500ETF
510500.XSHG"
2022-04-14 10:45:00,加仓,创业板ETF易方达,159915.XSHE,2.37,2800.0,48200.0,,17.0,2022-04-14,2022-04,"创业板ETF易方达
159915.XSHE"
2022-04-14 10:46:00,等级校准,创业板ETF易方达,159915.XSHE,,,48200.0,,,2022-04-14,2022-04,"创业板ETF易方达
159915.XSHE"
2022-04-14 13:44:00,止盈,500ETF,510500.XSHG,6.918,1000.0,12600.0,201.31,12.0,2022-04-14,2022-04,"500ETF
510500.XSHG"
2022-04-20 13:55:00,加仓,创业板ETF易方达,159915.XSHE,2.297,2900.0,51100.0,,17.0,2022-04-20,2022-04,"创业板ETF易方达
159915.XSHE"
2022-04-20 14:06:00,加仓,500ETF,510500.XSHG,6.71,1000.0,13600.0,,13.0,2022-04-20,2022-04,"500ETF
510500.XSHG"
2022-04-21 14:13:00,加仓,500ETF,510500.XSHG,6.5,1000.0,14600.0,,14.0,2022-04-21,2022-04,"500ETF
510500.XSHG"
2022-04-21 14:49:00,加仓,创业板ETF易方达,159915.XSHE,2.228,3000.0,54100.0,,18.0,2022-04-21,2022-04,"创业板ETF易方达
159915.XSHE"
2022-04-21 14:50:00,等级校准,创业板ETF易方达,159915.XSHE,,,54100.0,,,2022-04-21,2022-04,"创业板ETF易方达
159915.XSHE"
2022-04-25 09:34:00,加仓,500ETF,510500.XSHG,6.3,1000.0,15600.0,,15.0,2022-04-25,2022-04,"500ETF
510500.XSHG"
2022-04-25 09:35:00,等级校准,500ETF,510500.XSHG,,,15600.0,,,2022-04-25,2022-04,"500ETF
510500.XSHG"
2022-04-25 09:43:00,加仓,创业板ETF易方达,159915.XSHE,2.16,3100.0,57200.0,,18.0,2022-04-25,2022-04,"创业板ETF易方达
159915.XSHE"
2022-04-25 09:44:00,等级校准,创业板ETF易方达,159915.XSHE,,,57200.0,,,2022-04-25,2022-04,"创业板ETF易方达
159915.XSHE"
2022-04-25 14:11:00,加仓,500ETF,510500.XSHG,6.11,1100.0,16700.0,,15.0,2022-04-25,2022-04,"500ETF
510500.XSHG"
2022-04-26 09:37:00,加仓,创业板ETF易方达,159915.XSHE,2.094,3200.0,60400.0,,18.0,2022-04-26,2022-04,"创业板ETF易方达
159915.XSHE"
2022-04-26 14:18:00,加仓,500ETF,510500.XSHG,5.923,1100.0,17800.0,,16.0,2022-04-26,2022-04,"500ETF
510500.XSHG"
2022-04-27 09:31:00,加仓,纳指ETF,513100.XSHG,0.875,7600.0,108600.0,,14.0,2022-04-27,2022-04,"纳指ETF
513100.XSHG"
2022-04-27 09:32:00,等级校准,纳指ETF,513100.XSHG,,,108600.0,,,2022-04-27,2022-04,"纳指ETF
513100.XSHG"
2022-04-27 13:29:00,止盈,创业板ETF易方达,159915.XSHE,2.157,3300.0,57100.0,207.19,17.0,2022-04-27,2022-04,"创业板ETF易方达
159915.XSHE"
2022-04-27 14:50:00,止盈,500ETF,510500.XSHG,6.102,1100.0,16700.0,196.23,15.0,2022-04-27,2022-04,"500ETF
510500.XSHG"
2022-04-29 09:31:00,止盈,纳指ETF,513100.XSHG,0.903,8000.0,100600.0,223.28,13.0,2022-04-29,2022-04,"纳指ETF
513100.XSHG"
2022-04-29 13:05:00,止盈,500ETF,510500.XSHG,6.294,1100.0,15600.0,210.51,14.0,2022-04-29,2022-04,"500ETF
510500.XSHG"
2022-04-29 13:11:00,止盈,创业板ETF易方达,159915.XSHE,2.233,3200.0,53900.0,242.49,17.0,2022-04-29,2022-04,"创业板ETF易方达
159915.XSHE"
2022-05-06 09:31:00,加仓,纳指ETF,513100.XSHG,0.872,7700.0,108300.0,,14.0,2022-05-06,2022-05,"纳指ETF
513100.XSHG"
2022-05-06 09:31:00,加仓,创业板ETF易方达,159915.XSHE,2.157,3100.0,57000.0,,18.0,2022-05-06,2022-05,"创业板ETF易方达
159915.XSHE"
2022-05-06 09:32:00,等级校准,纳指ETF,513100.XSHG,,,108300.0,,,2022-05-06,2022-05,"纳指ETF
513100.XSHG"
2022-05-06 09:32:00,等级校准,创业板ETF易方达,159915.XSHE,,,57000.0,,,2022-05-06,2022-05,"创业板ETF易方达
159915.XSHE"
2022-05-10 09:31:00,加仓,纳指ETF,513100.XSHG,0.84,8000.0,116300.0,,14.0,2022-05-10,2022-05,"纳指ETF
513100.XSHG"
2022-05-11 09:36:00,止盈,创业板ETF易方达,159915.XSHE,2.222,3200.0,53800.0,207.29,17.0,2022-05-11,2022-05,"创业板ETF易方达
159915.XSHE"
2022-05-11 09:51:00,止盈,500ETF,510500.XSHG,6.485,1100.0,14500.0,209.39,14.0,2022-05-11,2022-05,"500ETF
510500.XSHG"
2022-05-11 11:17:00,止盈,创业板ETF易方达,159915.XSHE,2.289,3100.0,50700.0,206.99,16.0,2022-05-11,2022-05,"创业板ETF易方达
159915.XSHE"
2022-05-18 09:31:00,止盈,纳指ETF,513100.XSHG,0.866,8300.0,108000.0,215.08,13.0,2022-05-18,2022-05,"纳指ETF
513100.XSHG"
2022-05-19 09:31:00,加仓,纳指ETF,513100.XSHG,0.825,8000.0,116000.0,,14.0,2022-05-19,2022-05,"纳指ETF
513100.XSHG"
2022-05-19 09:32:00,等级校准,纳指ETF,513100.XSHG,,,116000.0,,,2022-05-19,2022-05,"纳指ETF
513100.XSHG"
2022-05-20 14:49:00,止盈,500ETF,510500.XSHG,6.682,1000.0,13500.0,196.33,13.0,2022-05-20,2022-05,"500ETF
510500.XSHG"
2022-05-25 09:43:00,加仓,500ETF,510500.XSHG,6.479,1000.0,14500.0,,14.0,2022-05-25,2022-05,"500ETF
510500.XSHG"
2022-05-26 09:51:00,加仓,创业板ETF易方达,159915.XSHE,2.22,3000.0,53700.0,,17.0,2022-05-26,2022-05,"创业板ETF易方达
159915.XSHE"
2022-05-26 13:02:00,止盈,500ETF,510500.XSHG,6.678,1000.0,13500.0,198.33,13.0,2022-05-26,2022-05,"500ETF
510500.XSHG"
2022-05-27 09:37:00,止盈,创业板ETF易方达,159915.XSHE,2.29,3100.0,50600.0,216.29,16.0,2022-05-27,2022-05,"创业板ETF易方达
159915.XSHE"
2022-05-30 09:31:00,止盈,纳指ETF,513100.XSHG,0.878,8400.0,107600.0,444.46,13.0,2022-05-30,2022-05,"纳指ETF
513100.XSHG"
2022-06-01 10:41:00,止盈,创业板ETF易方达,159915.XSHE,2.359,3000.0,47600.0,206.29,16.0,2022-06-01,2022-06,"创业板ETF易方达
159915.XSHE"
2022-06-02 14:08:00,止盈,500ETF,510500.XSHG,6.879,1000.0,12500.0,200.31,12.0,2022-06-02,2022-06,"500ETF
510500.XSHG"
2022-06-06 09:53:00,止盈,创业板ETF易方达,159915.XSHE,2.431,2900.0,44700.0,208.1,15.0,2022-06-06,2022-06,"创业板ETF易方达
159915.XSHE"
2022-06-10 09:31:00,加仓,纳指ETF,513100.XSHG,0.841,7900.0,115500.0,,14.0,2022-06-10,2022-06,"纳指ETF
513100.XSHG"
2022-06-10 09:32:00,等级校准,纳指ETF,513100.XSHG,,,115500.0,,,2022-06-10,2022-06,"纳指ETF
513100.XSHG"
2022-06-10 14:45:00,止盈,500ETF,510500.XSHG,7.086,1000.0,11500.0,206.29,12.0,2022-06-10,2022-06,"500ETF
510500.XSHG"
2022-06-13 09:32:00,加仓,纳指ETF,513100.XSHG,0.815,8300.0,123800.0,,14.0,2022-06-13,2022-06,"纳指ETF
513100.XSHG"
2022-06-14 09:31:00,加仓,纳指ETF,513100.XSHG,0.788,8500.0,132300.0,,15.0,2022-06-14,2022-06,"纳指ETF
513100.XSHG"
2022-06-15 09:33:00,止盈,创业板ETF易方达,159915.XSHE,2.505,2800.0,41900.0,206.5,15.0,2022-06-15,2022-06,"创业板ETF易方达
159915.XSHE"
2022-06-16 09:31:00,止盈,纳指ETF,513100.XSHG,0.817,8800.0,123500.0,254.48,14.0,2022-06-16,2022-06,"纳指ETF
513100.XSHG"
2022-06-17 09:31:00,加仓,纳指ETF,513100.XSHG,0.778,8500.0,132000.0,,15.0,2022-06-17,2022-06,"纳指ETF
513100.XSHG"
2022-06-17 09:32:00,等级校准,纳指ETF,513100.XSHG,,,132000.0,,,2022-06-17,2022-06,"纳指ETF
513100.XSHG"
2022-06-17 14:31:00,止盈,创业板ETF易方达,159915.XSHE,2.582,2700.0,39200.0,207.2,14.0,2022-06-17,2022-06,"创业板ETF易方达
159915.XSHE"
2022-06-20 11:20:00,止盈,创业板ETF易方达,159915.XSHE,2.66,2700.0,36500.0,209.88,14.0,2022-06-20,2022-06,"创业板ETF易方达
159915.XSHE"
2022-06-21 10:02:00,止盈,纳指ETF,513100.XSHG,0.802,8900.0,123100.0,212.89,14.0,2022-06-21,2022-06,"纳指ETF
513100.XSHG"
2022-06-24 13:45:00,止盈,纳指ETF,513100.XSHG,0.827,8700.0,114400.0,216.78,13.0,2022-06-24,2022-06,"纳指ETF
513100.XSHG"
2022-06-27 09:31:00,止盈,创业板ETF易方达,159915.XSHE,2.752,2600.0,33900.0,238.48,13.0,2022-06-27,2022-06,"创业板ETF易方达
159915.XSHE"
2022-06-27 09:38:00,止盈,500ETF,510500.XSHG,7.309,900.0,10600.0,200.04,11.0,2022-06-27,2022-06,"500ETF
510500.XSHG"
2022-06-30 14:27:00,加仓,纳指ETF,513100.XSHG,0.802,8400.0,122800.0,,14.0,2022-06-30,2022-06,"纳指ETF
513100.XSHG"
2022-07-04 09:35:00,加仓,创业板ETF易方达,159915.XSHE,2.668,2500.0,36400.0,,14.0,2022-07-04,2022-07,"创业板ETF易方达
159915.XSHE"
2022-07-04 14:55:00,止盈,创业板ETF易方达,159915.XSHE,2.749,2600.0,33800.0,209.89,13.0,2022-07-04,2022-07,"创业板ETF易方达
159915.XSHE"
2022-07-06 09:31:00,加仓,黄金ETF,518880.XSHG,3.73,1700.0,15700.0,,9.0,2022-07-06,2022-07,"黄金ETF
518880.XSHG"
2022-07-06 09:32:00,等级校准,黄金ETF,518880.XSHG,,,15700.0,,,2022-07-06,2022-07,"黄金ETF
518880.XSHG"
2022-07-07 13:10:00,止盈,纳指ETF,513100.XSHG,0.827,8700.0,114100.0,216.78,13.0,2022-07-07,2022-07,"纳指ETF
513100.XSHG"
2022-07-11 13:24:00,加仓,创业板ETF易方达,159915.XSHE,2.666,2500.0,36300.0,,14.0,2022-07-11,2022-07,"创业板ETF易方达
159915.XSHE"
2022-07-11 13:25:00,等级校准,创业板ETF易方达,159915.XSHE,,,36300.0,,,2022-07-11,2022-07,"创业板ETF易方达
159915.XSHE"
2022-07-13 10:26:00,加仓,500ETF,510500.XSHG,7.089,900.0,11500.0,,12.0,2022-07-13,2022-07,"500ETF
510500.XSHG"
2022-07-14 11:11:00,止盈,创业板ETF易方达,159915.XSHE,2.746,2600.0,33700.0,207.29,13.0,2022-07-14,2022-07,"创业板ETF易方达
159915.XSHE"
2022-07-15 14:44:00,加仓,黄金ETF,518880.XSHG,3.618,1800.0,17500.0,,9.0,2022-07-15,2022-07,"黄金ETF
518880.XSHG"
2022-07-18 09:40:00,加仓,创业板ETF易方达,159915.XSHE,2.661,2500.0,36200.0,,14.0,2022-07-18,2022-07,"创业板ETF易方达
159915.XSHE"
2022-07-18 09:41:00,等级校准,创业板ETF易方达,159915.XSHE,,,36200.0,,,2022-07-18,2022-07,"创业板ETF易方达
159915.XSHE"
2022-07-20 09:31:00,止盈,纳指ETF,513100.XSHG,0.852,8400.0,105700.0,209.28,12.0,2022-07-20,2022-07,"纳指ETF
513100.XSHG"
2022-07-20 09:42:00,止盈,500ETF,510500.XSHG,7.304,900.0,10600.0,192.84,11.0,2022-07-20,2022-07,"500ETF
510500.XSHG"
2022-07-29 09:31:00,止盈,纳指ETF,513100.XSHG,0.884,8200.0,97500.0,261.68,12.0,2022-07-29,2022-07,"纳指ETF
513100.XSHG"
2022-07-29 10:11:00,止盈,黄金ETF,518880.XSHG,3.727,1900.0,15600.0,206.39,8.0,2022-07-29,2022-07,"黄金ETF
518880.XSHG"
2022-08-01 09:31:00,加仓,创业板ETF易方达,159915.XSHE,2.579,2600.0,38800.0,,14.0,2022-08-01,2022-08,"创业板ETF易方达
159915.XSHE"
2022-08-02 09:40:00,加仓,500ETF,510500.XSHG,7.081,900.0,11500.0,,12.0,2022-08-02,2022-08,"500ETF
510500.XSHG"
2022-08-04 13:29:00,止盈,纳指ETF,513100.XSHG,0.911,7900.0,89600.0,212.58,11.0,2022-08-04,2022-08,"纳指ETF
513100.XSHG"
2022-08-11 10:54:00,止盈,500ETF,510500.XSHG,7.295,900.0,10600.0,191.94,11.0,2022-08-11,2022-08,"500ETF
510500.XSHG"
2022-08-16 09:31:00,止盈,纳指ETF,513100.XSHG,0.941,7600.0,82000.0,227.28,11.0,2022-08-16,2022-08,"纳指ETF
513100.XSHG"
2022-08-16 09:46:00,止盈,创业板ETF易方达,159915.XSHE,2.657,2700.0,36100.0,209.88,13.0,2022-08-16,2022-08,"创业板ETF易方达
159915.XSHE"
2022-08-22 14:37:00,加仓,纳指ETF,513100.XSHG,0.912,7400.0,89400.0,,12.0,2022-08-22,2022-08,"纳指ETF
513100.XSHG"
2022-08-22 14:38:00,等级校准,纳指ETF,513100.XSHG,,,89400.0,,,2022-08-22,2022-08,"纳指ETF
513100.XSHG"
2022-08-25 10:06:00,加仓,创业板ETF易方达,159915.XSHE,2.577,2600.0,38700.0,,14.0,2022-08-25,2022-08,"创业板ETF易方达
159915.XSHE"
2022-08-29 09:31:00,加仓,纳指ETF,513100.XSHG,0.871,7600.0,97000.0,,12.0,2022-08-29,2022-08,"纳指ETF
513100.XSHG"
2022-08-29 09:31:00,加仓,500ETF,510500.XSHG,6.215,900.0,13041.0,,12.0,2022-08-29,2022-08,"500ETF
510500.XSHG"
2022-08-29 09:32:00,等级校准,500ETF,510500.XSHG,,,13041.0,,,2022-08-29,2022-08,"500ETF
510500.XSHG"
2022-08-31 10:11:00,加仓,创业板ETF易方达,159915.XSHE,2.498,2700.0,41400.0,,15.0,2022-08-31,2022-08,"创业板ETF易方达
159915.XSHE"
2022-08-31 10:12:00,等级校准,创业板ETF易方达,159915.XSHE,,,41400.0,,,2022-08-31,2022-08,"创业板ETF易方达
159915.XSHE"
2022-09-06 10:12:00,加仓,创业板ETF易方达,159915.XSHE,2.423,2800.0,44200.0,,15.0,2022-09-06,2022-09,"创业板ETF易方达
159915.XSHE"
2022-09-07 10:27:00,止盈,创业板ETF易方达,159915.XSHE,2.496,2800.0,41400.0,203.7,14.0,2022-09-07,2022-09,"创业板ETF易方达
159915.XSHE"
2022-09-13 14:09:00,止盈,纳指ETF,513100.XSHG,0.898,8000.0,89000.0,215.28,11.0,2022-09-13,2022-09,"纳指ETF
513100.XSHG"
2022-09-14 09:31:00,加仓,纳指ETF,513100.XSHG,0.854,7700.0,96700.0,,12.0,2022-09-14,2022-09,"纳指ETF
513100.XSHG"
2022-09-14 09:32:00,等级校准,纳指ETF,513100.XSHG,,,96700.0,,,2022-09-14,2022-09,"纳指ETF
513100.XSHG"
2022-09-14 13:15:00,加仓,创业板ETF易方达,159915.XSHE,2.421,2800.0,44200.0,,15.0,2022-09-14,2022-09,"创业板ETF易方达
159915.XSHE"
2022-09-15 13:43:00,加仓,创业板ETF易方达,159915.XSHE,2.348,2800.0,47000.0,,16.0,2022-09-15,2022-09,"创业板ETF易方达
159915.XSHE"
2022-09-16 13:25:00,加仓,500ETF,510500.XSHG,6.027,1100.0,14141.0,,12.0,2022-09-16,2022-09,"500ETF
510500.XSHG"
2022-09-19 13:50:00,加仓,创业板ETF易方达,159915.XSHE,2.277,2900.0,49900.0,,17.0,2022-09-19,2022-09,"创业板ETF易方达
159915.XSHE"
2022-09-19 13:51:00,等级校准,创业板ETF易方达,159915.XSHE,,,49900.0,,,2022-09-19,2022-09,"创业板ETF易方达
159915.XSHE"
2022-09-22 09:39:00,加仓,纳指ETF,513100.XSHG,0.828,8100.0,104800.0,,12.0,2022-09-22,2022-09,"纳指ETF
513100.XSHG"
2022-09-23 11:21:00,加仓,500ETF,510500.XSHG,5.846,1100.0,15241.0,,13.0,2022-09-23,2022-09,"500ETF
510500.XSHG"
2022-10-10 09:31:00,加仓,纳指ETF,513100.XSHG,0.799,8400.0,113200.0,,13.0,2022-10-10,2022-10,"纳指ETF
513100.XSHG"
2022-10-10 09:34:00,加仓,创业板ETF易方达,159915.XSHE,2.207,3000.0,52900.0,,17.0,2022-10-10,2022-10,"创业板ETF易方达
159915.XSHE"
2022-10-10 14:19:00,加仓,500ETF,510500.XSHG,5.67,1100.0,16341.0,,14.0,2022-10-10,2022-10,"500ETF
510500.XSHG"
2022-10-10 14:20:00,等级校准,500ETF,510500.XSHG,,,16341.0,,,2022-10-10,2022-10,"500ETF
510500.XSHG"
2022-10-12 14:56:00,止盈,创业板ETF易方达,159915.XSHE,2.274,3100.0,49800.0,207.0,16.0,2022-10-12,2022-10,"创业板ETF易方达
159915.XSHE"
2022-10-13 11:22:00,止盈,500ETF,510500.XSHG,5.844,1200.0,15141.0,208.1,13.0,2022-10-13,2022-10,"500ETF
510500.XSHG"
2022-10-14 11:07:00,止盈,创业板ETF易方达,159915.XSHE,2.344,3000.0,46800.0,209.3,16.0,2022-10-14,2022-10,"创业板ETF易方达
159915.XSHE"
2022-10-17 13:53:00,止盈,500ETF,510500.XSHG,6.022,1100.0,14041.0,195.14,12.0,2022-10-17,2022-10,"500ETF
510500.XSHG"
2022-10-18 13:02:00,止盈,纳指ETF,513100.XSHG,0.825,8700.0,104500.0,225.48,12.0,2022-10-18,2022-10,"纳指ETF
513100.XSHG"
2022-10-24 13:53:00,加仓,创业板ETF易方达,159915.XSHE,2.271,2900.0,49700.0,,17.0,2022-10-24,2022-10,"创业板ETF易方达
159915.XSHE"
2022-10-24 13:54:00,等级校准,创业板ETF易方达,159915.XSHE,,,49700.0,,,2022-10-24,2022-10,"创业板ETF易方达
159915.XSHE"
2022-10-25 09:37:00,加仓,500ETF,510500.XSHG,5.839,1100.0,15141.0,,13.0,2022-10-25,2022-10,"500ETF
510500.XSHG"
2022-10-26 10:50:00,止盈,500ETF,510500.XSHG,6.015,1100.0,14041.0,192.94,12.0,2022-10-26,2022-10,"500ETF
510500.XSHG"
2022-10-28 13:45:00,加仓,500ETF,510500.XSHG,5.834,1100.0,15141.0,,13.0,2022-10-28,2022-10,"500ETF
510500.XSHG"
2022-10-28 13:45:00,加仓,创业板ETF易方达,159915.XSHE,2.202,3000.0,52700.0,,17.0,2022-10-28,2022-10,"创业板ETF易方达
159915.XSHE"
2022-11-01 09:32:00,止盈,纳指ETF,513100.XSHG,0.85,8400.0,96100.0,209.29,11.0,2022-11-01,2022-11,"纳指ETF
513100.XSHG"
2022-11-01 14:51:00,止盈,创业板ETF易方达,159915.XSHE,2.269,3100.0,49600.0,207.0,16.0,2022-11-01,2022-11,"创业板ETF易方达
159915.XSHE"
2022-11-02 13:02:00,止盈,500ETF,510500.XSHG,6.01,1100.0,14041.0,192.94,12.0,2022-11-02,2022-11,"500ETF
510500.XSHG"
2022-11-03 09:31:00,加仓,纳指ETF,513100.XSHG,0.812,8200.0,104300.0,,12.0,2022-11-03,2022-11,"纳指ETF
513100.XSHG"
2022-11-04 09:55:00,止盈,创业板ETF易方达,159915.XSHE,2.34,3000.0,46600.0,212.3,16.0,2022-11-04,2022-11,"创业板ETF易方达
159915.XSHE"
2022-11-08 09:57:00,止盈,黄金ETF,518880.XSHG,3.839,1800.0,13800.0,200.91,7.0,2022-11-08,2022-11,"黄金ETF
518880.XSHG"
2022-11-09 10:30:00,止盈,500ETF,510500.XSHG,6.192,1100.0,12941.0,199.52,11.0,2022-11-09,2022-11,"500ETF
510500.XSHG"
2022-11-09 14:51:00,止盈,黄金ETF,518880.XSHG,3.957,1800.0,12000.0,211.69,7.0,2022-11-09,2022-11,"黄金ETF
518880.XSHG"
2022-11-11 09:31:00,止盈,纳指ETF,513100.XSHG,0.856,8600.0,95700.0,377.66,11.0,2022-11-11,2022-11,"纳指ETF
513100.XSHG"
2022-11-22 14:12:00,加仓,创业板ETF易方达,159915.XSHE,2.269,2900.0,49500.0,,17.0,2022-11-22,2022-11,"创业板ETF易方达
159915.XSHE"
2022-11-22 14:13:00,等级校准,创业板ETF易方达,159915.XSHE,,,49500.0,,,2022-11-22,2022-11,"创业板ETF易方达
159915.XSHE"
2022-11-28 09:42:00,加仓,500ETF,510500.XSHG,5.999,1100.0,14041.0,,12.0,2022-11-28,2022-11,"500ETF
510500.XSHG"
2022-11-28 09:47:00,加仓,创业板ETF易方达,159915.XSHE,2.199,3000.0,52500.0,,17.0,2022-11-28,2022-11,"创业板ETF易方达
159915.XSHE"
2022-11-28 09:48:00,等级校准,创业板ETF易方达,159915.XSHE,,,52500.0,,,2022-11-28,2022-11,"创业板ETF易方达
159915.XSHE"
2022-11-29 13:01:00,止盈,创业板ETF易方达,159915.XSHE,2.267,3100.0,49400.0,210.1,16.0,2022-11-29,2022-11,"创业板ETF易方达
159915.XSHE"
2022-11-29 13:02:00,止盈,500ETF,510500.XSHG,6.184,1100.0,12941.0,202.82,11.0,2022-11-29,2022-11,"500ETF
510500.XSHG"
2022-12-02 10:09:00,止盈,创业板ETF易方达,159915.XSHE,2.336,3000.0,46400.0,206.3,16.0,2022-12-02,2022-12,"创业板ETF易方达
159915.XSHE"
2022-12-07 09:31:00,加仓,纳指ETF,513100.XSHG,0.83,8100.0,103800.0,,12.0,2022-12-07,2022-12,"纳指ETF
513100.XSHG"
2022-12-19 13:13:00,加仓,500ETF,510500.XSHG,5.996,1100.0,14041.0,,12.0,2022-12-19,2022-12,"500ETF
510500.XSHG"
2022-12-20 09:32:00,加仓,创业板ETF易方达,159915.XSHE,2.264,2900.0,49300.0,,17.0,2022-12-20,2022-12,"创业板ETF易方达
159915.XSHE"
2022-12-20 09:33:00,等级校准,创业板ETF易方达,159915.XSHE,,,49300.0,,,2022-12-20,2022-12,"创业板ETF易方达
159915.XSHE"
2022-12-20 11:06:00,加仓,纳指ETF,513100.XSHG,0.805,8400.0,112200.0,,13.0,2022-12-20,2022-12,"纳指ETF
513100.XSHG"
2022-12-22 14:06:00,加仓,500ETF,510500.XSHG,5.814,1100.0,15141.0,,13.0,2022-12-22,2022-12,"500ETF
510500.XSHG"
2022-12-22 14:07:00,等级校准,500ETF,510500.XSHG,,,15141.0,,,2022-12-22,2022-12,"500ETF
510500.XSHG"
2023-01-05 09:42:00,止盈,500ETF,510500.XSHG,5.991,1200.0,13941.0,211.68,12.0,2023-01-05,2023-01,"500ETF
510500.XSHG"
2023-01-05 14:35:00,止盈,创业板ETF易方达,159915.XSHE,2.332,3000.0,46300.0,203.3,15.0,2023-01-05,2023-01,"创业板ETF易方达
159915.XSHE"
2023-01-10 13:42:00,止盈,创业板ETF易方达,159915.XSHE,2.402,3000.0,43300.0,209.28,14.0,2023-01-10,2023-01,"创业板ETF易方达
159915.XSHE"
2023-01-16 10:39:00,止盈,500ETF,510500.XSHG,6.172,1100.0,12841.0,198.42,11.0,2023-01-16,2023-01,"500ETF
510500.XSHG"
2023-01-16 10:44:00,止盈,创业板ETF易方达,159915.XSHE,2.475,2900.0,40400.0,210.98,14.0,2023-01-16,2023-01,"创业板ETF易方达
159915.XSHE"
2023-01-20 09:31:00,止盈,黄金ETF,518880.XSHG,4.105,1700.0,10300.0,250.9,6.0,2023-01-20,2023-01,"黄金ETF
518880.XSHG"
2023-01-30 09:31:00,止盈,纳指ETF,513100.XSHG,0.844,8600.0,103600.0,334.67,12.0,2023-01-30,2023-01,"纳指ETF
513100.XSHG"
2023-01-30 09:31:00,止盈,500ETF,510500.XSHG,6.366,1100.0,11741.0,212.7,11.0,2023-01-30,2023-01,"500ETF
510500.XSHG"
2023-01-30 09:31:00,止盈,创业板ETF易方达,159915.XSHE,2.574,2800.0,37600.0,276.48,13.0,2023-01-30,2023-01,"创业板ETF易方达
159915.XSHE"
2023-02-01 10:45:00,加仓,创业板ETF易方达,159915.XSHE,2.496,2700.0,40300.0,,14.0,2023-02-01,2023-02,"创业板ETF易方达
159915.XSHE"
2023-02-03 09:31:00,止盈,纳指ETF,513100.XSHG,0.873,8200.0,95400.0,237.08,11.0,2023-02-03,2023-02,"纳指ETF
513100.XSHG"
2023-02-17 09:46:00,加仓,创业板ETF易方达,159915.XSHE,2.421,2800.0,43100.0,,15.0,2023-02-17,2023-02,"创业板ETF易方达
159915.XSHE"
2023-02-27 09:31:00,加仓,创业板ETF易方达,159915.XSHE,2.347,2800.0,45900.0,,16.0,2023-02-27,2023-02,"创业板ETF易方达
159915.XSHE"
2023-02-27 09:32:00,等级校准,创业板ETF易方达,159915.XSHE,,,45900.0,,,2023-02-27,2023-02,"创业板ETF易方达
159915.XSHE"
2023-03-02 09:31:00,加仓,纳指ETF,513100.XSHG,0.845,8000.0,103400.0,,12.0,2023-03-02,2023-03,"纳指ETF
513100.XSHG"
2023-03-06 10:39:00,止盈,纳指ETF,513100.XSHG,0.871,8200.0,95200.0,212.49,11.0,2023-03-06,2023-03,"纳指ETF
513100.XSHG"
2023-03-13 09:31:00,加仓,纳指ETF,513100.XSHG,0.844,8000.0,103200.0,,12.0,2023-03-13,2023-03,"纳指ETF
513100.XSHG"
2023-03-13 10:36:00,加仓,创业板ETF易方达,159915.XSHE,2.276,2900.0,48800.0,,16.0,2023-03-13,2023-03,"创业板ETF易方达
159915.XSHE"
2023-03-14 10:57:00,加仓,500ETF,510500.XSHG,6.173,1000.0,12741.0,,12.0,2023-03-14,2023-03,"500ETF
510500.XSHG"
2023-03-14 10:58:00,等级校准,500ETF,510500.XSHG,,,12741.0,,,2023-03-14,2023-03,"500ETF
510500.XSHG"
2023-03-17 09:31:00,止盈,纳指ETF,513100.XSHG,0.884,8200.0,95000.0,327.28,12.0,2023-03-17,2023-03,"纳指ETF
513100.XSHG"
2023-03-20 09:31:00,止盈,黄金ETF,518880.XSHG,4.271,1700.0,8600.0,281.47,5.0,2023-03-20,2023-03,"黄金ETF
518880.XSHG"
2023-03-31 09:31:00,止盈,纳指ETF,513100.XSHG,0.912,7900.0,87100.0,220.48,11.0,2023-03-31,2023-03,"纳指ETF
513100.XSHG"
2023-03-31 14:15:00,止盈,500ETF,510500.XSHG,6.359,1100.0,11641.0,203.9,10.0,2023-03-31,2023-03,"500ETF
510500.XSHG"
2023-04-03 09:54:00,止盈,创业板ETF易方达,159915.XSHE,2.346,3000.0,45800.0,209.3,15.0,2023-04-03,2023-04,"创业板ETF易方达
159915.XSHE"
2023-04-21 14:31:00,加仓,创业板ETF易方达,159915.XSHE,2.275,2900.0,48700.0,,16.0,2023-04-21,2023-04,"创业板ETF易方达
159915.XSHE"
2023-04-25 09:55:00,加仓,创业板ETF易方达,159915.XSHE,2.206,3000.0,51700.0,,17.0,2023-04-25,2023-04,"创业板ETF易方达
159915.XSHE"
2023-04-25 09:56:00,等级校准,创业板ETF易方达,159915.XSHE,,,51700.0,,,2023-04-25,2023-04,"创业板ETF易方达
159915.XSHE"
2023-04-25 10:21:00,加仓,500ETF,510500.XSHG,6.167,1100.0,12741.0,,11.0,2023-04-25,2023-04,"500ETF
510500.XSHG"
2023-05-04 09:31:00,止盈,黄金ETF,518880.XSHG,4.41,1600.0,7000.0,221.69,4.0,2023-05-04,2023-05,"黄金ETF
518880.XSHG"
2023-05-11 09:31:00,止盈,纳指ETF,513100.XSHG,0.94,7600.0,79500.0,212.09,10.0,2023-05-11,2023-05,"纳指ETF
513100.XSHG"
2023-05-18 13:17:00,止盈,纳指ETF,513100.XSHG,0.969,7400.0,72100.0,213.88,10.0,2023-05-18,2023-05,"纳指ETF
513100.XSHG"
2023-05-23 11:17:00,止盈,纳指ETF,513100.XSHG,1.0,7200.0,64900.0,222.48,9.0,2023-05-23,2023-05,"纳指ETF
513100.XSHG"
2023-05-25 11:23:00,加仓,500ETF,510500.XSHG,5.98,1100.0,13841.0,,12.0,2023-05-25,2023-05,"500ETF
510500.XSHG"
2023-05-29 09:47:00,止盈,纳指ETF,513100.XSHG,1.03,7000.0,57900.0,209.28,8.0,2023-05-29,2023-05,"纳指ETF
513100.XSHG"
2023-05-29 11:01:00,加仓,创业板ETF易方达,159915.XSHE,2.138,3100.0,54800.0,,17.0,2023-05-29,2023-05,"创业板ETF易方达
159915.XSHE"
2023-06-02 11:01:00,止盈,500ETF,510500.XSHG,6.16,1100.0,12741.0,197.32,11.0,2023-06-02,2023-06,"500ETF
510500.XSHG"
2023-06-07 14:27:00,加仓,创业板ETF易方达,159915.XSHE,2.073,3200.0,58000.0,,18.0,2023-06-07,2023-06,"创业板ETF易方达
159915.XSHE"
2023-06-07 14:28:00,等级校准,创业板ETF易方达,159915.XSHE,,,58000.0,,,2023-06-07,2023-06,"创业板ETF易方达
159915.XSHE"
2023-06-13 09:31:00,止盈,纳指ETF,513100.XSHG,1.079,6700.0,51200.0,327.58,8.0,2023-06-13,2023-06,"纳指ETF
513100.XSHG"
2023-06-15 09:58:00,止盈,创业板ETF易方达,159915.XSHE,2.137,3300.0,54700.0,210.49,17.0,2023-06-15,2023-06,"创业板ETF易方达
159915.XSHE"
2023-06-16 13:22:00,止盈,创业板ETF易方达,159915.XSHE,2.203,3200.0,51500.0,210.5,16.0,2023-06-16,2023-06,"创业板ETF易方达
159915.XSHE"
2023-06-26 09:52:00,加仓,创业板ETF易方达,159915.XSHE,2.136,3100.0,54600.0,,17.0,2023-06-26,2023-06,"创业板ETF易方达
159915.XSHE"
2023-06-26 10:42:00,加仓,500ETF,510500.XSHG,5.975,1100.0,13841.0,,12.0,2023-06-26,2023-06,"500ETF
510500.XSHG"
2023-07-03 09:31:00,止盈,纳指ETF,513100.XSHG,1.116,6400.0,44800.0,236.09,7.0,2023-07-03,2023-07,"纳指ETF
513100.XSHG"
2023-07-19 09:31:00,止盈,纳指ETF,513100.XSHG,1.153,6200.0,38600.0,228.69,6.0,2023-07-19,2023-07,"纳指ETF
513100.XSHG"
2023-07-28 14:20:00,止盈,500ETF,510500.XSHG,6.156,1100.0,12741.0,198.42,11.0,2023-07-28,2023-07,"500ETF
510500.XSHG"
2023-08-03 14:54:00,加仓,纳指ETF,513100.XSHG,1.118,6000.0,44600.0,,7.0,2023-08-03,2023-08,"纳指ETF
513100.XSHG"
2023-08-04 09:31:00,止盈,创业板ETF易方达,159915.XSHE,2.21,3200.0,51400.0,236.09,16.0,2023-08-04,2023-08,"创业板ETF易方达
159915.XSHE"
2023-08-11 14:29:00,加仓,创业板ETF易方达,159915.XSHE,2.143,3100.0,54500.0,,17.0,2023-08-11,2023-08,"创业板ETF易方达
159915.XSHE"
2023-08-14 09:36:00,加仓,500ETF,510500.XSHG,5.971,1100.0,13841.0,,12.0,2023-08-14,2023-08,"500ETF
510500.XSHG"
2023-08-17 09:31:00,加仓,创业板ETF易方达,159915.XSHE,2.077,3200.0,57700.0,,18.0,2023-08-17,2023-08,"创业板ETF易方达
159915.XSHE"
2023-08-17 09:32:00,等级校准,创业板ETF易方达,159915.XSHE,,,57700.0,,,2023-08-17,2023-08,"创业板ETF易方达
159915.XSHE"
2023-08-18 10:31:00,加仓,纳指ETF,513100.XSHG,1.084,6200.0,50800.0,,8.0,2023-08-18,2023-08,"纳指ETF
513100.XSHG"
2023-08-18 10:32:00,等级校准,纳指ETF,513100.XSHG,,,50800.0,,,2023-08-18,2023-08,"纳指ETF
513100.XSHG"
2023-08-22 11:10:00,加仓,创业板ETF易方达,159915.XSHE,2.013,3300.0,61000.0,,18.0,2023-08-22,2023-08,"创业板ETF易方达
159915.XSHE"
2023-08-22 11:11:00,加仓,500ETF,510500.XSHG,5.791,1100.0,14941.0,,13.0,2023-08-22,2023-08,"500ETF
510500.XSHG"
2023-08-22 11:11:00,等级校准,创业板ETF易方达,159915.XSHE,,,61000.0,,,2023-08-22,2023-08,"创业板ETF易方达
159915.XSHE"
2023-08-22 11:12:00,等级校准,500ETF,510500.XSHG,,,14941.0,,,2023-08-22,2023-08,"500ETF
510500.XSHG"
2023-08-24 09:31:00,止盈,纳指ETF,513100.XSHG,1.13,6400.0,44400.0,293.68,7.0,2023-08-24,2023-08,"纳指ETF
513100.XSHG"
2023-08-25 09:31:00,加仓,纳指ETF,513100.XSHG,1.096,6100.0,50500.0,,8.0,2023-08-25,2023-08,"纳指ETF
513100.XSHG"
2023-08-28 09:31:00,止盈,500ETF,510500.XSHG,5.974,1200.0,13741.0,218.88,12.0,2023-08-28,2023-08,"500ETF
510500.XSHG"
2023-08-28 09:31:00,止盈,创业板ETF易方达,159915.XSHE,2.124,3400.0,57600.0,376.68,18.0,2023-08-28,2023-08,"创业板ETF易方达
159915.XSHE"
2023-08-28 09:38:00,加仓,创业板ETF易方达,159915.XSHE,2.056,3200.0,60800.0,,19.0,2023-08-28,2023-08,"创业板ETF易方达
159915.XSHE"
2023-08-28 09:39:00,等级校准,创业板ETF易方达,159915.XSHE,,,60800.0,,,2023-08-28,2023-08,"创业板ETF易方达
159915.XSHE"
2023-08-28 13:13:00,加仓,500ETF,510500.XSHG,5.793,1100.0,14841.0,,13.0,2023-08-28,2023-08,"500ETF
510500.XSHG"
2023-08-28 13:14:00,等级校准,500ETF,510500.XSHG,,,14841.0,,,2023-08-28,2023-08,"500ETF
510500.XSHG"
2023-08-30 09:31:00,止盈,纳指ETF,513100.XSHG,1.135,6300.0,44200.0,244.98,7.0,2023-08-30,2023-08,"纳指ETF
513100.XSHG"
2023-09-08 09:55:00,加仓,创业板ETF易方达,159915.XSHE,1.994,3400.0,64200.0,,18.0,2023-09-08,2023-09,"创业板ETF易方达
159915.XSHE"
2023-09-11 10:12:00,止盈,黄金ETF,518880.XSHG,4.544,1500.0,5500.0,200.32,3.0,2023-09-11,2023-09,"黄金ETF
518880.XSHG"
2023-09-21 09:31:00,加仓,创业板ETF易方达,159915.XSHE,1.931,3500.0,67700.0,,19.0,2023-09-21,2023-09,"创业板ETF易方达
159915.XSHE"
2023-09-21 09:32:00,等级校准,创业板ETF易方达,159915.XSHE,,,67700.0,,,2023-09-21,2023-09,"创业板ETF易方达
159915.XSHE"
2023-09-21 13:28:00,加仓,纳指ETF,513100.XSHG,1.1,6100.0,50300.0,,8.0,2023-09-21,2023-09,"纳指ETF
513100.XSHG"
2023-09-21 13:29:00,等级校准,纳指ETF,513100.XSHG,,,50300.0,,,2023-09-21,2023-09,"纳指ETF
513100.XSHG"
2023-10-09 09:31:00,加仓,黄金ETF,518880.XSHG,4.403,1500.0,7000.0,,4.0,2023-10-09,2023-10,"黄金ETF
518880.XSHG"
2023-10-18 14:21:00,加仓,500ETF,510500.XSHG,5.619,1200.0,16041.0,,13.0,2023-10-18,2023-10,"500ETF
510500.XSHG"
2023-10-19 09:31:00,止盈,黄金ETF,518880.XSHG,4.548,1500.0,5500.0,216.82,3.0,2023-10-19,2023-10,"黄金ETF
518880.XSHG"
2023-10-19 11:28:00,加仓,创业板ETF易方达,159915.XSHE,1.873,3600.0,71300.0,,19.0,2023-10-19,2023-10,"创业板ETF易方达
159915.XSHE"
2023-10-23 09:50:00,加仓,500ETF,510500.XSHG,5.447,1200.0,17241.0,,14.0,2023-10-23,2023-10,"500ETF
510500.XSHG"
2023-10-23 14:06:00,加仓,创业板ETF易方达,159915.XSHE,1.816,3700.0,75000.0,,20.0,2023-10-23,2023-10,"创业板ETF易方达
159915.XSHE"
2023-10-23 14:07:00,等级校准,创业板ETF易方达,159915.XSHE,,,75000.0,,,2023-10-23,2023-10,"创业板ETF易方达
159915.XSHE"
2023-10-26 09:31:00,加仓,纳指ETF,513100.XSHG,1.053,6300.0,56600.0,,8.0,2023-10-26,2023-10,"纳指ETF
513100.XSHG"
2023-10-27 13:46:00,止盈,创业板ETF易方达,159915.XSHE,1.871,3800.0,71200.0,208.29,19.0,2023-10-27,2023-10,"创业板ETF易方达
159915.XSHE"
2023-10-27 14:09:00,止盈,500ETF,510500.XSHG,5.611,1200.0,16041.0,196.13,13.0,2023-10-27,2023-10,"500ETF
510500.XSHG"
2023-10-30 13:42:00,止盈,创业板ETF易方达,159915.XSHE,1.928,3700.0,67500.0,210.19,18.0,2023-10-30,2023-10,"创业板ETF易方达
159915.XSHE"
2023-11-02 09:31:00,止盈,纳指ETF,513100.XSHG,1.09,6600.0,50000.0,243.48,7.0,2023-11-02,2023-11,"纳指ETF
513100.XSHG"
2023-11-08 11:03:00,止盈,纳指ETF,513100.XSHG,1.123,6400.0,43600.0,210.48,7.0,2023-11-08,2023-11,"纳指ETF
513100.XSHG"
2023-11-15 09:31:00,止盈,纳指ETF,513100.XSHG,1.165,6200.0,37400.0,259.68,6.0,2023-11-15,2023-11,"纳指ETF
513100.XSHG"
2023-11-15 09:38:00,止盈,500ETF,510500.XSHG,5.78,1200.0,14841.0,202.11,12.0,2023-11-15,2023-11,"500ETF
510500.XSHG"
2023-11-27 11:06:00,加仓,创业板ETF易方达,159915.XSHE,1.87,3600.0,71100.0,,19.0,2023-11-27,2023-11,"创业板ETF易方达
159915.XSHE"
2023-11-30 13:57:00,加仓,500ETF,510500.XSHG,5.606,1200.0,16041.0,,13.0,2023-11-30,2023-11,"500ETF
510500.XSHG"
2023-12-14 09:31:00,止盈,纳指ETF,513100.XSHG,1.203,6000.0,31400.0,227.28,5.0,2023-12-14,2023-12,"纳指ETF
513100.XSHG"
2023-12-14 14:51:00,加仓,创业板ETF易方达,159915.XSHE,1.813,3700.0,74800.0,,20.0,2023-12-14,2023-12,"创业板ETF易方达
159915.XSHE"
2023-12-14 14:52:00,等级校准,创业板ETF易方达,159915.XSHE,,,74800.0,,,2023-12-14,2023-12,"创业板ETF易方达
159915.XSHE"
2023-12-20 13:10:00,加仓,500ETF,510500.XSHG,5.437,1200.0,17241.0,,14.0,2023-12-20,2023-12,"500ETF
510500.XSHG"
2023-12-20 14:50:00,加仓,创业板ETF易方达,159915.XSHE,1.758,3800.0,78600.0,,20.0,2023-12-20,2023-12,"创业板ETF易方达
159915.XSHE"
2023-12-28 09:56:00,止盈,黄金ETF,518880.XSHG,4.686,1500.0,4000.0,206.3,2.0,2023-12-28,2023-12,"黄金ETF
518880.XSHG"
2023-12-28 10:46:00,止盈,创业板ETF易方达,159915.XSHE,1.812,3900.0,74700.0,209.89,19.0,2023-12-28,2023-12,"创业板ETF易方达
159915.XSHE"
2024-01-04 10:41:00,加仓,创业板ETF易方达,159915.XSHE,1.757,3800.0,78500.0,,20.0,2024-01-04,2024-01,"创业板ETF易方达
159915.XSHE"
2024-01-08 13:41:00,加仓,创业板ETF易方达,159915.XSHE,1.704,3900.0,82400.0,,21.0,2024-01-08,2024-01,"创业板ETF易方达
159915.XSHE"
2024-01-08 13:42:00,等级校准,创业板ETF易方达,159915.XSHE,,,82400.0,,,2024-01-08,2024-01,"创业板ETF易方达
159915.XSHE"
2024-01-08 13:44:00,加仓,500ETF,510500.XSHG,5.272,1200.0,18441.0,,15.0,2024-01-08,2024-01,"500ETF
510500.XSHG"
2024-01-08 13:45:00,等级校准,500ETF,510500.XSHG,,,18441.0,,,2024-01-08,2024-01,"500ETF
510500.XSHG"
2024-01-18 09:31:00,加仓,创业板ETF易方达,159915.XSHE,1.646,4100.0,86500.0,,21.0,2024-01-18,2024-01,"创业板ETF易方达
159915.XSHE"
2024-01-18 09:32:00,等级校准,创业板ETF易方达,159915.XSHE,,,86500.0,,,2024-01-18,2024-01,"创业板ETF易方达
159915.XSHE"
2024-01-18 09:33:00,加仓,500ETF,510500.XSHG,5.112,1300.0,19741.0,,15.0,2024-01-18,2024-01,"500ETF
510500.XSHG"
2024-01-19 09:39:00,止盈,纳指ETF,513100.XSHG,1.24,5800.0,25600.0,213.88,4.0,2024-01-19,2024-01,"纳指ETF
513100.XSHG"
2024-01-22 13:20:00,加仓,500ETF,510500.XSHG,4.957,1300.0,21041.0,,16.0,2024-01-22,2024-01,"500ETF
510500.XSHG"
2024-01-22 13:21:00,等级校准,500ETF,510500.XSHG,,,21041.0,,,2024-01-22,2024-01,"500ETF
510500.XSHG"
2024-01-22 13:27:00,止盈,纳指ETF,513100.XSHG,1.278,5600.0,20000.0,212.08,3.0,2024-01-22,2024-01,"纳指ETF
513100.XSHG"
2024-01-23 09:32:00,加仓,500ETF,510500.XSHG,4.807,1400.0,22441.0,,16.0,2024-01-23,2024-01,"500ETF
510500.XSHG"
2024-01-23 13:24:00,止盈,500ETF,510500.XSHG,4.955,1400.0,21041.0,206.51,15.0,2024-01-23,2024-01,"500ETF
510500.XSHG"
2024-01-25 10:38:00,止盈,500ETF,510500.XSHG,5.105,1400.0,19641.0,209.29,15.0,2024-01-25,2024-01,"500ETF
510500.XSHG"
2024-01-29 13:07:00,加仓,创业板ETF易方达,159915.XSHE,1.596,4200.0,90700.0,,21.0,2024-01-29,2024-01,"创业板ETF易方达
159915.XSHE"
2024-01-30 14:20:00,加仓,500ETF,510500.XSHG,4.95,1300.0,20941.0,,16.0,2024-01-30,2024-01,"500ETF
510500.XSHG"
2024-01-30 14:21:00,等级校准,500ETF,510500.XSHG,,,20941.0,,,2024-01-30,2024-01,"500ETF
510500.XSHG"
2024-01-31 10:26:00,加仓,500ETF,510500.XSHG,4.8,1400.0,22341.0,,15.0,2024-01-31,2024-01,"500ETF
510500.XSHG"
2024-02-02 13:10:00,加仓,500ETF,510500.XSHG,4.654,1400.0,23741.0,,16.0,2024-02-02,2024-02,"500ETF
510500.XSHG"
2024-02-02 13:11:00,等级校准,500ETF,510500.XSHG,,,23741.0,,,2024-02-02,2024-02,"500ETF
510500.XSHG"
2024-02-02 14:25:00,加仓,500ETF,510500.XSHG,4.513,1500.0,25241.0,,16.0,2024-02-02,2024-02,"500ETF
510500.XSHG"
2024-02-02 14:36:00,止盈,500ETF,510500.XSHG,4.653,1500.0,23741.0,209.3,15.0,2024-02-02,2024-02,"500ETF
510500.XSHG"
2024-02-05 09:48:00,加仓,500ETF,510500.XSHG,4.513,1500.0,25241.0,,16.0,2024-02-05,2024-02,"500ETF
510500.XSHG"
2024-02-05 10:51:00,加仓,500ETF,510500.XSHG,4.366,1500.0,26741.0,,17.0,2024-02-05,2024-02,"500ETF
510500.XSHG"
2024-02-05 10:52:00,等级校准,500ETF,510500.XSHG,,,26741.0,,,2024-02-05,2024-02,"500ETF
510500.XSHG"
2024-02-05 13:19:00,止盈,500ETF,510500.XSHG,4.505,1600.0,25141.0,221.68,16.0,2024-02-05,2024-02,"500ETF
510500.XSHG"
2024-02-05 13:55:00,止盈,500ETF,510500.XSHG,4.641,1500.0,23641.0,203.3,15.0,2024-02-05,2024-02,"500ETF
510500.XSHG"
2024-02-06 09:31:00,加仓,500ETF,510500.XSHG,4.49,1500.0,25141.0,,16.0,2024-02-06,2024-02,"500ETF
510500.XSHG"
2024-02-06 09:49:00,止盈,500ETF,510500.XSHG,4.625,1500.0,23641.0,201.81,15.0,2024-02-06,2024-02,"500ETF
510500.XSHG"
2024-02-06 13:05:00,止盈,500ETF,510500.XSHG,4.764,1500.0,22141.0,207.79,15.0,2024-02-06,2024-02,"500ETF
510500.XSHG"
2024-02-06 13:43:00,止盈,500ETF,510500.XSHG,4.912,1400.0,20741.0,206.51,14.0,2024-02-06,2024-02,"500ETF
510500.XSHG"
2024-02-07 09:36:00,止盈,创业板ETF易方达,159915.XSHE,1.645,4300.0,86400.0,209.99,20.0,2024-02-07,2024-02,"创业板ETF易方达
159915.XSHE"
2024-02-07 09:53:00,止盈,500ETF,510500.XSHG,5.065,1400.0,19341.0,213.49,14.0,2024-02-07,2024-02,"500ETF
510500.XSHG"
2024-02-07 14:58:00,止盈,500ETF,510500.XSHG,5.217,1300.0,18041.0,196.92,13.0,2024-02-07,2024-02,"500ETF
510500.XSHG"
2024-02-08 09:35:00,止盈,500ETF,510500.XSHG,5.376,1300.0,16741.0,206.0,12.0,2024-02-08,2024-02,"500ETF
510500.XSHG"
2024-02-08 09:36:00,止盈,创业板ETF易方达,159915.XSHE,1.697,4200.0,82200.0,217.69,20.0,2024-02-08,2024-02,"创业板ETF易方达
159915.XSHE"
2024-02-19 09:34:00,加仓,500ETF,510500.XSHG,5.209,1300.0,18041.0,,13.0,2024-02-19,2024-02,"500ETF
510500.XSHG"
2024-02-23 09:31:00,止盈,纳指ETF,513100.XSHG,1.322,5400.0,14600.0,236.89,2.0,2024-02-23,2024-02,"纳指ETF
513100.XSHG"
2024-02-27 14:29:00,止盈,500ETF,510500.XSHG,5.366,1300.0,16741.0,203.4,12.0,2024-02-27,2024-02,"500ETF
510500.XSHG"
2024-02-28 09:31:00,止盈,创业板ETF易方达,159915.XSHE,1.751,4100.0,78100.0,220.68,20.0,2024-02-28,2024-02,"创业板ETF易方达
159915.XSHE"
2024-02-29 09:31:00,加仓,创业板ETF易方达,159915.XSHE,1.698,3900.0,82000.0,,21.0,2024-02-29,2024-02,"创业板ETF易方达
159915.XSHE"
2024-02-29 09:32:00,等级校准,创业板ETF易方达,159915.XSHE,,,82000.0,,,2024-02-29,2024-02,"创业板ETF易方达
159915.XSHE"
2024-02-29 10:43:00,止盈,创业板ETF易方达,159915.XSHE,1.749,4100.0,77900.0,208.38,19.0,2024-02-29,2024-02,"创业板ETF易方达
159915.XSHE"
2024-03-07 09:31:00,止盈,黄金ETF,518880.XSHG,4.847,1400.0,2600.0,224.72,1.0,2024-03-07,2024-03,"黄金ETF
518880.XSHG"
2024-03-11 11:16:00,止盈,创业板ETF易方达,159915.XSHE,1.802,4000.0,73900.0,211.28,19.0,2024-03-11,2024-03,"创业板ETF易方达
159915.XSHE"
2024-03-11 14:53:00,止盈,500ETF,510500.XSHG,5.529,1300.0,15441.0,211.18,12.0,2024-03-11,2024-03,"500ETF
510500.XSHG"
2024-03-12 09:56:00,止盈,创业板ETF易方达,159915.XSHE,1.858,3800.0,70100.0,212.09,18.0,2024-03-12,2024-03,"创业板ETF易方达
159915.XSHE"
2024-03-15 10:44:00,加仓,创业板ETF易方达,159915.XSHE,1.802,3700.0,73800.0,,19.0,2024-03-15,2024-03,"创业板ETF易方达
159915.XSHE"
2024-03-18 09:43:00,止盈,创业板ETF易方达,159915.XSHE,1.858,3800.0,70000.0,212.09,18.0,2024-03-18,2024-03,"创业板ETF易方达
159915.XSHE"
2024-03-25 10:07:00,加仓,创业板ETF易方达,159915.XSHE,1.802,3700.0,73700.0,,19.0,2024-03-25,2024-03,"创业板ETF易方达
159915.XSHE"
2024-03-26 11:04:00,加仓,500ETF,510500.XSHG,5.362,1200.0,16641.0,,13.0,2024-03-26,2024-03,"500ETF
510500.XSHG"
2024-03-26 11:05:00,等级校准,500ETF,510500.XSHG,,,16641.0,,,2024-03-26,2024-03,"500ETF
510500.XSHG"
2024-03-27 14:52:00,加仓,创业板ETF易方达,159915.XSHE,1.747,3800.0,77500.0,,20.0,2024-03-27,2024-03,"创业板ETF易方达
159915.XSHE"
2024-03-27 14:53:00,等级校准,创业板ETF易方达,159915.XSHE,,,77500.0,,,2024-03-27,2024-03,"创业板ETF易方达
159915.XSHE"
2024-03-28 09:31:00,止盈,黄金ETF,518880.XSHG,5.0,1400.0,1200.0,213.5,1.0,2024-03-28,2024-03,"黄金ETF
518880.XSHG"
2024-04-01 09:31:00,止盈（部分）,黄金ETF,518880.XSHG,5.173,1200.0,0.0,206.98,0.0,2024-04-01,2024-04,"黄金ETF
518880.XSHG"
2024-04-01 09:31:00,清仓,黄金ETF,518880.XSHG,,,,,0.0,2024-04-01,2024-04,"黄金ETF
518880.XSHG"
2024-04-01 09:32:00,重装建仓,黄金ETF,518880.XSHG,5.163,15400.0,15400.0,,,2024-04-01,2024-04,"黄金ETF
518880.XSHG"
2024-04-01 09:33:00,底仓到账,黄金ETF,518880.XSHG,,,15400.0,,11.0,2024-04-01,2024-04,"黄金ETF
518880.XSHG"
2024-04-01 09:40:00,止盈,创业板ETF易方达,159915.XSHE,1.8,4000.0,73500.0,211.28,19.0,2024-04-01,2024-04,"创业板ETF易方达
159915.XSHE"
2024-04-08 09:55:00,止盈,黄金ETF,518880.XSHG,5.325,1300.0,14100.0,209.91,10.0,2024-04-08,2024-04,"黄金ETF
518880.XSHG"
2024-04-10 10:14:00,加仓,创业板ETF易方达,159915.XSHE,1.746,3800.0,77300.0,,20.0,2024-04-10,2024-04,"创业板ETF易方达
159915.XSHE"
2024-04-10 10:15:00,等级校准,创业板ETF易方达,159915.XSHE,,,77300.0,,,2024-04-10,2024-04,"创业板ETF易方达
159915.XSHE"
2024-04-12 10:23:00,止盈,黄金ETF,518880.XSHG,5.486,1300.0,12800.0,208.59,10.0,2024-04-12,2024-04,"黄金ETF
518880.XSHG"
2024-04-18 09:31:00,加仓,纳指ETF,513100.XSHG,1.281,5200.0,19800.0,,3.0,2024-04-18,2024-04,"纳指ETF
513100.XSHG"
2024-04-19 11:19:00,加仓,创业板ETF易方达,159915.XSHE,1.693,4000.0,81300.0,,20.0,2024-04-19,2024-04,"创业板ETF易方达
159915.XSHE"
2024-04-19 11:20:00,等级校准,创业板ETF易方达,159915.XSHE,,,81300.0,,,2024-04-19,2024-04,"创业板ETF易方达
159915.XSHE"
2024-04-23 09:31:00,加仓,黄金ETF,518880.XSHG,5.319,1200.0,14000.0,,11.0,2024-04-23,2024-04,"黄金ETF
518880.XSHG"
2024-04-23 09:32:00,等级校准,黄金ETF,518880.XSHG,,,14000.0,,,2024-04-23,2024-04,"黄金ETF
518880.XSHG"
2024-04-26 10:11:00,止盈,创业板ETF易方达,159915.XSHE,1.744,4100.0,77200.0,208.38,19.0,2024-04-26,2024-04,"创业板ETF易方达
159915.XSHE"
2024-04-29 09:36:00,止盈,创业板ETF易方达,159915.XSHE,1.798,4000.0,73200.0,215.28,19.0,2024-04-29,2024-04,"创业板ETF易方达
159915.XSHE"
2024-04-29 10:05:00,止盈,500ETF,510500.XSHG,5.523,1300.0,15341.0,208.58,12.0,2024-04-29,2024-04,"500ETF
510500.XSHG"
2024-04-29 11:22:00,止盈,创业板ETF易方达,159915.XSHE,1.853,3800.0,69400.0,208.3,18.0,2024-04-29,2024-04,"创业板ETF易方达
159915.XSHE"
2024-05-10 09:32:00,止盈,纳指ETF,513100.XSHG,1.32,5400.0,14400.0,209.89,2.0,2024-05-10,2024-05,"纳指ETF
513100.XSHG"
2024-05-15 14:46:00,加仓,创业板ETF易方达,159915.XSHE,1.797,3700.0,73100.0,,19.0,2024-05-15,2024-05,"创业板ETF易方达
159915.XSHE"
2024-05-20 09:31:00,止盈,黄金ETF,518880.XSHG,5.524,1300.0,12700.0,265.78,10.0,2024-05-20,2024-05,"黄金ETF
518880.XSHG"
2024-05-21 09:31:00,止盈,纳指ETF,513100.XSHG,1.365,5300.0,9100.0,237.78,1.0,2024-05-21,2024-05,"纳指ETF
513100.XSHG"
2024-05-23 09:32:00,加仓,黄金ETF,518880.XSHG,5.354,1200.0,13900.0,,11.0,2024-05-23,2024-05,"黄金ETF
518880.XSHG"
2024-05-23 09:33:00,等级校准,黄金ETF,518880.XSHG,,,13900.0,,,2024-05-23,2024-05,"黄金ETF
518880.XSHG"
2024-05-24 13:16:00,加仓,500ETF,510500.XSHG,5.357,1200.0,16541.0,,13.0,2024-05-24,2024-05,"500ETF
510500.XSHG"
2024-05-24 13:17:00,等级校准,500ETF,510500.XSHG,,,16541.0,,,2024-05-24,2024-05,"500ETF
510500.XSHG"
2024-06-07 10:35:00,加仓,创业板ETF易方达,159915.XSHE,1.743,3800.0,76900.0,,20.0,2024-06-07,2024-06,"创业板ETF易方达
159915.XSHE"
2024-06-07 10:36:00,等级校准,创业板ETF易方达,159915.XSHE,,,76900.0,,,2024-06-07,2024-06,"创业板ETF易方达
159915.XSHE"
2024-06-12 09:31:00,止盈,纳指ETF,513100.XSHG,1.408,5100.0,4000.0,218.58,1.0,2024-06-12,2024-06,"纳指ETF
513100.XSHG"
2024-06-18 09:31:00,止盈（部分）,纳指ETF,513100.XSHG,1.457,4000.0,0.0,195.42,0.0,2024-06-18,2024-06,"纳指ETF
513100.XSHG"
2024-06-18 09:31:00,清仓,纳指ETF,513100.XSHG,,,,,0.0,2024-06-18,2024-06,"纳指ETF
513100.XSHG"
2024-06-18 09:32:00,重装建仓,纳指ETF,513100.XSHG,1.458,54800.0,54800.0,,,2024-06-18,2024-06,"纳指ETF
513100.XSHG"
2024-06-18 09:33:00,底仓到账,纳指ETF,513100.XSHG,,,54800.0,,11.0,2024-06-18,2024-06,"纳指ETF
513100.XSHG"
2024-06-20 10:04:00,加仓,500ETF,510500.XSHG,5.193,1300.0,17841.0,,13.0,2024-06-20,2024-06,"500ETF
510500.XSHG"
2024-06-25 09:35:00,加仓,创业板ETF易方达,159915.XSHE,1.69,4000.0,80900.0,,20.0,2024-06-25,2024-06,"创业板ETF易方达
159915.XSHE"
2024-06-25 09:36:00,等级校准,创业板ETF易方达,159915.XSHE,,,80900.0,,,2024-06-25,2024-06,"创业板ETF易方达
159915.XSHE"
2024-06-25 09:47:00,加仓,500ETF,510500.XSHG,5.034,1300.0,19141.0,,14.0,2024-06-25,2024-06,"500ETF
510500.XSHG"
2024-07-01 09:49:00,加仓,创业板ETF易方达,159915.XSHE,1.637,4100.0,85000.0,,20.0,2024-07-01,2024-07,"创业板ETF易方达
159915.XSHE"
2024-07-03 11:08:00,止盈,纳指ETF,513100.XSHG,1.502,4800.0,50000.0,210.48,10.0,2024-07-03,2024-07,"纳指ETF
513100.XSHG"
2024-07-05 09:33:00,加仓,500ETF,510500.XSHG,4.881,1300.0,20441.0,,15.0,2024-07-05,2024-07,"500ETF
510500.XSHG"
2024-07-05 09:34:00,等级校准,500ETF,510500.XSHG,,,20441.0,,,2024-07-05,2024-07,"500ETF
510500.XSHG"
2024-07-08 14:46:00,止盈,纳指ETF,513100.XSHG,1.548,4600.0,45400.0,210.89,10.0,2024-07-08,2024-07,"纳指ETF
513100.XSHG"
2024-07-09 10:30:00,加仓,创业板ETF易方达,159915.XSHE,1.587,4200.0,89200.0,,21.0,2024-07-09,2024-07,"创业板ETF易方达
159915.XSHE"
2024-07-09 10:31:00,等级校准,创业板ETF易方达,159915.XSHE,,,89200.0,,,2024-07-09,2024-07,"创业板ETF易方达
159915.XSHE"
2024-07-11 09:31:00,止盈,创业板ETF易方达,159915.XSHE,1.64,4400.0,84800.0,232.48,20.0,2024-07-11,2024-07,"创业板ETF易方达
159915.XSHE"
2024-07-12 09:33:00,加仓,纳指ETF,513100.XSHG,1.498,4500.0,49900.0,,11.0,2024-07-12,2024-07,"纳指ETF
513100.XSHG"
2024-07-12 09:34:00,等级校准,纳指ETF,513100.XSHG,,,49900.0,,,2024-07-12,2024-07,"纳指ETF
513100.XSHG"
2024-07-16 09:31:00,止盈,纳指ETF,513100.XSHG,1.544,4600.0,45300.0,210.89,10.0,2024-07-16,2024-07,"纳指ETF
513100.XSHG"
2024-07-17 09:31:00,止盈,黄金ETF,518880.XSHG,5.6,1300.0,12600.0,319.07,10.0,2024-07-17,2024-07,"黄金ETF
518880.XSHG"
2024-07-18 09:31:00,加仓,纳指ETF,513100.XSHG,1.467,4500.0,49800.0,,11.0,2024-07-18,2024-07,"纳指ETF
513100.XSHG"
2024-07-18 09:32:00,等级校准,纳指ETF,513100.XSHG,,,49800.0,,,2024-07-18,2024-07,"纳指ETF
513100.XSHG"
2024-07-19 10:42:00,止盈,创业板ETF易方达,159915.XSHE,1.69,4200.0,80600.0,209.29,19.0,2024-07-19,2024-07,"创业板ETF易方达
159915.XSHE"
2024-07-19 14:10:00,加仓,黄金ETF,518880.XSHG,5.428,1200.0,13800.0,,11.0,2024-07-19,2024-07,"黄金ETF
518880.XSHG"
2024-07-24 09:31:00,加仓,创业板ETF易方达,159915.XSHE,1.636,4100.0,84700.0,,20.0,2024-07-24,2024-07,"创业板ETF易方达
159915.XSHE"
2024-07-24 14:39:00,加仓,500ETF,510500.XSHG,4.733,1400.0,21841.0,,15.0,2024-07-24,2024-07,"500ETF
510500.XSHG"
2024-07-25 09:31:00,加仓,纳指ETF,513100.XSHG,1.41,4700.0,54500.0,,11.0,2024-07-25,2024-07,"纳指ETF
513100.XSHG"
2024-07-31 10:31:00,止盈,500ETF,510500.XSHG,4.883,1400.0,20441.0,209.32,14.0,2024-07-31,2024-07,"500ETF
510500.XSHG"
2024-08-01 09:31:00,止盈,纳指ETF,513100.XSHG,1.465,4900.0,49600.0,268.78,10.0,2024-08-01,2024-08,"纳指ETF
513100.XSHG"
2024-08-02 09:31:00,加仓,纳指ETF,513100.XSHG,1.411,4700.0,54300.0,,11.0,2024-08-02,2024-08,"纳指ETF
513100.XSHG"
2024-08-05 09:31:00,加仓,纳指ETF,513100.XSHG,1.331,4900.0,59200.0,,12.0,2024-08-05,2024-08,"纳指ETF
513100.XSHG"
2024-08-05 09:32:00,等级校准,纳指ETF,513100.XSHG,,,59200.0,,,2024-08-05,2024-08,"纳指ETF
513100.XSHG"
2024-08-05 13:26:00,加仓,纳指ETF,513100.XSHG,1.291,5200.0,64400.0,,12.0,2024-08-05,2024-08,"纳指ETF
513100.XSHG"
2024-08-05 13:27:00,等级校准,纳指ETF,513100.XSHG,,,64400.0,,,2024-08-05,2024-08,"纳指ETF
513100.XSHG"
2024-08-05 13:37:00,加仓,创业板ETF易方达,159915.XSHE,1.585,4200.0,88900.0,,21.0,2024-08-05,2024-08,"创业板ETF易方达
159915.XSHE"
2024-08-05 13:38:00,等级校准,创业板ETF易方达,159915.XSHE,,,88900.0,,,2024-08-05,2024-08,"创业板ETF易方达
159915.XSHE"
2024-08-06 09:31:00,止盈,纳指ETF,513100.XSHG,1.336,5400.0,59000.0,242.28,11.0,2024-08-06,2024-08,"纳指ETF
513100.XSHG"
2024-08-13 14:40:00,止盈,纳指ETF,513100.XSHG,1.377,5200.0,53800.0,212.48,10.0,2024-08-13,2024-08,"纳指ETF
513100.XSHG"
2024-08-14 14:58:00,加仓,500ETF,510500.XSHG,4.736,1400.0,21841.0,,15.0,2024-08-14,2024-08,"500ETF
510500.XSHG"
2024-08-15 09:36:00,止盈,纳指ETF,513100.XSHG,1.419,5000.0,48800.0,209.29,9.0,2024-08-15,2024-08,"纳指ETF
513100.XSHG"
2024-08-16 09:31:00,止盈,纳指ETF,513100.XSHG,1.463,4900.0,43900.0,214.88,9.0,2024-08-16,2024-08,"纳指ETF
513100.XSHG"
2024-08-20 14:46:00,加仓,创业板ETF易方达,159915.XSHE,1.537,4400.0,93300.0,,21.0,2024-08-20,2024-08,"创业板ETF易方达
159915.XSHE"
2024-08-20 14:47:00,等级校准,创业板ETF易方达,159915.XSHE,,,93300.0,,,2024-08-20,2024-08,"创业板ETF易方达
159915.XSHE"
2024-08-23 10:53:00,加仓,500ETF,510500.XSHG,4.593,1400.0,23241.0,,16.0,2024-08-23,2024-08,"500ETF
510500.XSHG"
2024-08-23 10:54:00,等级校准,500ETF,510500.XSHG,,,23241.0,,,2024-08-23,2024-08,"500ETF
510500.XSHG"
2024-08-29 09:31:00,加仓,纳指ETF,513100.XSHG,1.41,4700.0,48600.0,,10.0,2024-08-29,2024-08,"纳指ETF
513100.XSHG"
2024-08-29 09:31:00,加仓,创业板ETF易方达,159915.XSHE,1.487,4500.0,97800.0,,21.0,2024-08-29,2024-08,"创业板ETF易方达
159915.XSHE"
2024-08-29 09:32:00,等级校准,纳指ETF,513100.XSHG,,,48600.0,,,2024-08-29,2024-08,"纳指ETF
513100.XSHG"
2024-08-29 09:32:00,等级校准,创业板ETF易方达,159915.XSHE,,,97800.0,,,2024-08-29,2024-08,"创业板ETF易方达
159915.XSHE"
2024-08-30 09:45:00,止盈,创业板ETF易方达,159915.XSHE,1.532,4700.0,93100.0,210.78,20.0,2024-08-30,2024-08,"创业板ETF易方达
159915.XSHE"
2024-08-30 10:47:00,止盈,500ETF,510500.XSHG,4.731,1500.0,21741.0,206.29,15.0,2024-08-30,2024-08,"500ETF
510500.XSHG"
2024-09-04 13:04:00,加仓,纳指ETF,513100.XSHG,1.367,4900.0,53500.0,,10.0,2024-09-04,2024-09,"纳指ETF
513100.XSHG"
2024-09-09 09:34:00,加仓,500ETF,510500.XSHG,4.588,1400.0,23141.0,,16.0,2024-09-09,2024-09,"500ETF
510500.XSHG"
2024-09-09 09:35:00,等级校准,500ETF,510500.XSHG,,,23141.0,,,2024-09-09,2024-09,"500ETF
510500.XSHG"
2024-09-12 09:31:00,止盈,纳指ETF,513100.XSHG,1.414,5100.0,48400.0,238.98,9.0,2024-09-12,2024-09,"纳指ETF
513100.XSHG"
2024-09-13 09:31:00,止盈,黄金ETF,518880.XSHG,5.613,1200.0,12600.0,221.33,10.0,2024-09-13,2024-09,"黄金ETF
518880.XSHG"
2024-09-20 10:03:00,止盈,纳指ETF,513100.XSHG,1.457,4900.0,43500.0,209.99,9.0,2024-09-20,2024-09,"纳指ETF
513100.XSHG"
2024-09-24 13:01:00,止盈,500ETF,510500.XSHG,4.738,1500.0,21641.0,224.29,15.0,2024-09-24,2024-09,"500ETF
510500.XSHG"
2024-09-24 13:11:00,止盈,创业板ETF易方达,159915.XSHE,1.578,4500.0,88600.0,206.29,20.0,2024-09-24,2024-09,"创业板ETF易方达
159915.XSHE"
2024-09-25 09:40:00,止盈,500ETF,510500.XSHG,4.894,1400.0,20241.0,217.71,14.0,2024-09-25,2024-09,"500ETF
510500.XSHG"
2024-09-25 09:40:00,止盈,创业板ETF易方达,159915.XSHE,1.63,4400.0,84200.0,228.08,20.0,2024-09-25,2024-09,"创业板ETF易方达
159915.XSHE"
2024-09-26 14:46:00,止盈,创业板ETF易方达,159915.XSHE,1.679,4200.0,80000.0,205.09,19.0,2024-09-26,2024-09,"创业板ETF易方达
159915.XSHE"
2024-09-26 14:58:00,止盈,500ETF,510500.XSHG,5.047,1400.0,18841.0,213.49,14.0,2024-09-26,2024-09,"500ETF
510500.XSHG"
2024-09-27 09:32:00,止盈,创业板ETF易方达,159915.XSHE,1.737,4100.0,75900.0,237.09,18.0,2024-09-27,2024-09,"创业板ETF易方达
159915.XSHE"
2024-09-27 09:57:00,止盈,500ETF,510500.XSHG,5.201,1300.0,17541.0,199.52,13.0,2024-09-27,2024-09,"500ETF
510500.XSHG"
2024-09-27 10:39:00,止盈,创业板ETF易方达,159915.XSHE,1.793,4000.0,71900.0,223.28,18.0,2024-09-27,2024-09,"创业板ETF易方达
159915.XSHE"
2024-09-27 11:23:00,止盈,500ETF,510500.XSHG,5.379,1300.0,16241.0,230.7,12.0,2024-09-27,2024-09,"500ETF
510500.XSHG"
2024-09-27 13:01:00,止盈,创业板ETF易方达,159915.XSHE,1.847,3900.0,68000.0,209.88,18.0,2024-09-27,2024-09,"创业板ETF易方达
159915.XSHE"
2024-09-27 13:08:00,加仓,纳指ETF,513100.XSHG,1.411,4800.0,48300.0,,10.0,2024-09-27,2024-09,"纳指ETF
513100.XSHG"
2024-09-27 13:09:00,等级校准,纳指ETF,513100.XSHG,,,48300.0,,,2024-09-27,2024-09,"纳指ETF
513100.XSHG"
2024-09-27 13:10:00,止盈,500ETF,510500.XSHG,5.551,1300.0,14941.0,222.88,12.0,2024-09-27,2024-09,"500ETF
510500.XSHG"
2024-09-27 13:29:00,加仓,500ETF,510500.XSHG,5.38,1200.0,16141.0,,13.0,2024-09-27,2024-09,"500ETF
510500.XSHG"
2024-09-27 13:30:00,等级校准,500ETF,510500.XSHG,,,16141.0,,,2024-09-27,2024-09,"500ETF
510500.XSHG"
2024-09-30 09:31:00,止盈,500ETF,510500.XSHG,5.787,1300.0,14841.0,528.35,12.0,2024-09-30,2024-09,"500ETF
510500.XSHG"
2024-09-30 09:31:00,止盈,创业板ETF易方达,159915.XSHE,1.996,3700.0,64300.0,550.56,18.0,2024-09-30,2024-09,"创业板ETF易方达
159915.XSHE"
2024-09-30 09:41:00,加仓,500ETF,510500.XSHG,5.599,1200.0,16041.0,,13.0,2024-09-30,2024-09,"500ETF
510500.XSHG"
2024-09-30 09:53:00,加仓,创业板ETF易方达,159915.XSHE,1.933,3500.0,67800.0,,19.0,2024-09-30,2024-09,"创业板ETF易方达
159915.XSHE"
2024-09-30 09:54:00,等级校准,创业板ETF易方达,159915.XSHE,,,67800.0,,,2024-09-30,2024-09,"创业板ETF易方达
159915.XSHE"
2024-09-30 10:19:00,止盈,创业板ETF易方达,159915.XSHE,1.994,3600.0,64200.0,218.88,18.0,2024-09-30,2024-09,"创业板ETF易方达
159915.XSHE"
2024-09-30 10:54:00,止盈,500ETF,510500.XSHG,5.775,1200.0,14841.0,210.51,12.0,2024-09-30,2024-09,"500ETF
510500.XSHG"
2024-09-30 10:58:00,止盈,创业板ETF易方达,159915.XSHE,2.054,3500.0,60700.0,209.28,17.0,2024-09-30,2024-09,"创业板ETF易方达
159915.XSHE"
2024-09-30 13:02:00,止盈,创业板ETF易方达,159915.XSHE,2.126,3400.0,57300.0,244.08,17.0,2024-09-30,2024-09,"创业板ETF易方达
159915.XSHE"
2024-09-30 13:37:00,止盈,500ETF,510500.XSHG,5.949,1200.0,13641.0,208.09,12.0,2024-09-30,2024-09,"500ETF
510500.XSHG"
2024-09-30 13:48:00,止盈,创业板ETF易方达,159915.XSHE,2.192,3200.0,54100.0,210.5,17.0,2024-09-30,2024-09,"创业板ETF易方达
159915.XSHE"
2024-09-30 14:25:00,加仓,创业板ETF易方达,159915.XSHE,2.115,3100.0,57200.0,,18.0,2024-09-30,2024-09,"创业板ETF易方达
159915.XSHE"
2024-09-30 14:26:00,等级校准,创业板ETF易方达,159915.XSHE,,,57200.0,,,2024-09-30,2024-09,"创业板ETF易方达
159915.XSHE"
2024-09-30 14:45:00,止盈,创业板ETF易方达,159915.XSHE,2.181,3300.0,53900.0,217.08,16.0,2024-09-30,2024-09,"创业板ETF易方达
159915.XSHE"
2024-10-08 09:31:00,止盈,500ETF,510500.XSHG,6.595,1100.0,12541.0,709.87,12.0,2024-10-08,2024-10,"500ETF
510500.XSHG"
2024-10-08 09:31:00,止盈,创业板ETF易方达,159915.XSHE,2.678,3200.0,50700.0,1589.54,19.0,2024-10-08,2024-10,"创业板ETF易方达
159915.XSHE"
2024-10-08 09:43:00,加仓,创业板ETF易方达,159915.XSHE,2.556,2600.0,53300.0,,20.0,2024-10-08,2024-10,"创业板ETF易方达
159915.XSHE"
2024-10-08 09:44:00,等级校准,创业板ETF易方达,159915.XSHE,,,53300.0,,,2024-10-08,2024-10,"创业板ETF易方达
159915.XSHE"
2024-10-08 09:47:00,加仓,500ETF,510500.XSHG,6.394,1000.0,13541.0,,13.0,2024-10-08,2024-10,"500ETF
510500.XSHG"
2024-10-08 10:32:00,加仓,500ETF,510500.XSHG,6.202,1000.0,14541.0,,14.0,2024-10-08,2024-10,"500ETF
510500.XSHG"
2024-10-08 10:33:00,等级校准,500ETF,510500.XSHG,,,14541.0,,,2024-10-08,2024-10,"500ETF
510500.XSHG"
2024-10-08 10:34:00,加仓,创业板ETF易方达,159915.XSHE,2.471,2700.0,56000.0,,20.0,2024-10-08,2024-10,"创业板ETF易方达
159915.XSHE"
2024-10-08 10:37:00,加仓,创业板ETF易方达,159915.XSHE,2.339,2800.0,58800.0,,21.0,2024-10-08,2024-10,"创业板ETF易方达
159915.XSHE"
2024-10-08 10:38:00,加仓,500ETF,510500.XSHG,6.007,1100.0,15641.0,,14.0,2024-10-08,2024-10,"500ETF
510500.XSHG"
2024-10-08 10:38:00,等级校准,创业板ETF易方达,159915.XSHE,,,58800.0,,,2024-10-08,2024-10,"创业板ETF易方达
159915.XSHE"
2024-10-08 10:43:00,止盈,500ETF,510500.XSHG,6.202,1100.0,14541.0,213.82,13.0,2024-10-08,2024-10,"500ETF
510500.XSHG"
2024-10-08 10:43:00,止盈,创业板ETF易方达,159915.XSHE,2.422,2900.0,55900.0,240.0,19.0,2024-10-08,2024-10,"创业板ETF易方达
159915.XSHE"
2024-10-08 10:45:00,止盈,创业板ETF易方达,159915.XSHE,2.509,2800.0,53100.0,242.9,19.0,2024-10-08,2024-10,"创业板ETF易方达
159915.XSHE"
2024-10-08 10:52:00,加仓,创业板ETF易方达,159915.XSHE,2.407,2700.0,55800.0,,20.0,2024-10-08,2024-10,"创业板ETF易方达
159915.XSHE"
2024-10-08 10:53:00,等级校准,创业板ETF易方达,159915.XSHE,,,55800.0,,,2024-10-08,2024-10,"创业板ETF易方达
159915.XSHE"
2024-10-08 11:09:00,止盈,创业板ETF易方达,159915.XSHE,2.502,2900.0,52900.0,274.77,19.0,2024-10-08,2024-10,"创业板ETF易方达
159915.XSHE"
2024-10-08 13:36:00,加仓,创业板ETF易方达,159915.XSHE,2.416,2700.0,55600.0,,20.0,2024-10-08,2024-10,"创业板ETF易方达
159915.XSHE"
2024-10-08 13:37:00,等级校准,创业板ETF易方达,159915.XSHE,,,55600.0,,,2024-10-08,2024-10,"创业板ETF易方达
159915.XSHE"
2024-10-08 14:02:00,止盈,创业板ETF易方达,159915.XSHE,2.493,2800.0,52800.0,214.9,18.0,2024-10-08,2024-10,"创业板ETF易方达
159915.XSHE"
2024-10-08 14:29:00,止盈,创业板ETF易方达,159915.XSHE,2.579,2800.0,50000.0,240.08,18.0,2024-10-08,2024-10,"创业板ETF易方达
159915.XSHE"
2024-10-08 14:41:00,止盈,创业板ETF易方达,159915.XSHE,2.668,2700.0,47300.0,239.58,18.0,2024-10-08,2024-10,"创业板ETF易方达
159915.XSHE"
2024-10-09 09:31:00,加仓,创业板ETF易方达,159915.XSHE,2.389,2600.0,49900.0,,19.0,2024-10-09,2024-10,"创业板ETF易方达
159915.XSHE"
2024-10-09 09:32:00,加仓,500ETF,510500.XSHG,5.986,1100.0,15641.0,,14.0,2024-10-09,2024-10,"500ETF
510500.XSHG"
2024-10-09 09:32:00,等级校准,创业板ETF易方达,159915.XSHE,,,49900.0,,,2024-10-09,2024-10,"创业板ETF易方达
159915.XSHE"
2024-10-09 09:32:00,加仓,创业板ETF易方达,159915.XSHE,2.271,2900.0,52800.0,,18.0,2024-10-09,2024-10,"创业板ETF易方达
159915.XSHE"
2024-10-09 09:33:00,等级校准,创业板ETF易方达,159915.XSHE,,,52800.0,,,2024-10-09,2024-10,"创业板ETF易方达
159915.XSHE"
2024-10-09 09:34:00,止盈,创业板ETF易方达,159915.XSHE,2.35,3000.0,49800.0,236.29,17.0,2024-10-09,2024-10,"创业板ETF易方达
159915.XSHE"
2024-10-09 09:51:00,止盈,创业板ETF易方达,159915.XSHE,2.43,2900.0,46900.0,231.3,16.0,2024-10-09,2024-10,"创业板ETF易方达
159915.XSHE"
2024-10-09 09:52:00,止盈,500ETF,510500.XSHG,6.171,1100.0,14541.0,202.82,13.0,2024-10-09,2024-10,"500ETF
510500.XSHG"
2024-10-09 10:11:00,加仓,创业板ETF易方达,159915.XSHE,2.35,2800.0,49700.0,,17.0,2024-10-09,2024-10,"创业板ETF易方达
159915.XSHE"
2024-10-09 10:35:00,加仓,500ETF,510500.XSHG,5.973,1100.0,15641.0,,14.0,2024-10-09,2024-10,"500ETF
510500.XSHG"
2024-10-09 11:11:00,加仓,创业板ETF易方达,159915.XSHE,2.279,2900.0,52600.0,,18.0,2024-10-09,2024-10,"创业板ETF易方达
159915.XSHE"
2024-10-09 11:12:00,等级校准,创业板ETF易方达,159915.XSHE,,,52600.0,,,2024-10-09,2024-10,"创业板ETF易方达
159915.XSHE"
2024-10-09 11:21:00,加仓,500ETF,510500.XSHG,5.792,1100.0,16741.0,,15.0,2024-10-09,2024-10,"500ETF
510500.XSHG"
2024-10-09 11:22:00,等级校准,500ETF,510500.XSHG,,,16741.0,,,2024-10-09,2024-10,"500ETF
510500.XSHG"
2024-10-09 13:02:00,止盈,500ETF,510500.XSHG,5.991,1200.0,15541.0,238.08,14.0,2024-10-09,2024-10,"500ETF
510500.XSHG"
2024-10-09 13:02:00,止盈,创业板ETF易方达,159915.XSHE,2.361,3000.0,49600.0,245.29,17.0,2024-10-09,2024-10,"创业板ETF易方达
159915.XSHE"
2024-10-09 13:37:00,止盈,创业板ETF易方达,159915.XSHE,2.432,2900.0,46700.0,205.19,16.0,2024-10-09,2024-10,"创业板ETF易方达
159915.XSHE"
2024-10-09 14:20:00,加仓,创业板ETF易方达,159915.XSHE,2.352,2800.0,49500.0,,17.0,2024-10-09,2024-10,"创业板ETF易方达
159915.XSHE"
2024-10-09 14:46:00,加仓,创业板ETF易方达,159915.XSHE,2.275,2900.0,52400.0,,18.0,2024-10-09,2024-10,"创业板ETF易方达
159915.XSHE"
2024-10-09 14:47:00,等级校准,创业板ETF易方达,159915.XSHE,,,52400.0,,,2024-10-09,2024-10,"创业板ETF易方达
159915.XSHE"
2024-10-10 09:34:00,加仓,创业板ETF易方达,159915.XSHE,2.19,3000.0,55400.0,,18.0,2024-10-10,2024-10,"创业板ETF易方达
159915.XSHE"
2024-10-10 09:35:00,等级校准,创业板ETF易方达,159915.XSHE,,,55400.0,,,2024-10-10,2024-10,"创业板ETF易方达
159915.XSHE"
2024-10-10 09:43:00,止盈,创业板ETF易方达,159915.XSHE,2.258,3100.0,52300.0,210.1,16.0,2024-10-10,2024-10,"创业板ETF易方达
159915.XSHE"
2024-10-10 09:54:00,加仓,500ETF,510500.XSHG,5.806,1100.0,16641.0,,15.0,2024-10-10,2024-10,"500ETF
510500.XSHG"
2024-10-10 09:55:00,等级校准,500ETF,510500.XSHG,,,16641.0,,,2024-10-10,2024-10,"500ETF
510500.XSHG"
2024-10-10 09:56:00,加仓,创业板ETF易方达,159915.XSHE,2.19,3100.0,55400.0,,17.0,2024-10-10,2024-10,"创业板ETF易方达
159915.XSHE"
2024-10-10 11:17:00,止盈,创业板ETF易方达,159915.XSHE,2.257,3100.0,52300.0,207.0,16.0,2024-10-10,2024-10,"创业板ETF易方达
159915.XSHE"
2024-10-10 14:20:00,加仓,创业板ETF易方达,159915.XSHE,2.186,3100.0,55400.0,,17.0,2024-10-10,2024-10,"创业板ETF易方达
159915.XSHE"
2024-10-11 09:38:00,加仓,创业板ETF易方达,159915.XSHE,2.118,3200.0,58600.0,,18.0,2024-10-11,2024-10,"创业板ETF易方达
159915.XSHE"
2024-10-11 09:39:00,等级校准,创业板ETF易方达,159915.XSHE,,,58600.0,,,2024-10-11,2024-10,"创业板ETF易方达
159915.XSHE"
2024-10-11 10:02:00,加仓,500ETF,510500.XSHG,5.626,1200.0,17841.0,,14.0,2024-10-11,2024-10,"500ETF
510500.XSHG"
2024-10-11 10:14:00,加仓,创业板ETF易方达,159915.XSHE,2.054,3300.0,61900.0,,18.0,2024-10-11,2024-10,"创业板ETF易方达
159915.XSHE"
2024-10-14 13:25:00,止盈,创业板ETF易方达,159915.XSHE,2.119,3400.0,58500.0,220.28,17.0,2024-10-14,2024-10,"创业板ETF易方达
159915.XSHE"
2024-10-14 14:21:00,止盈,黄金ETF,518880.XSHG,5.784,1200.0,11400.0,204.51,9.0,2024-10-14,2024-10,"黄金ETF
518880.XSHG"
2024-10-15 09:31:00,止盈,纳指ETF,513100.XSHG,1.46,4900.0,43400.0,239.38,9.0,2024-10-15,2024-10,"纳指ETF
513100.XSHG"
2024-10-15 14:43:00,加仓,创业板ETF易方达,159915.XSHE,2.055,3300.0,61800.0,,18.0,2024-10-15,2024-10,"创业板ETF易方达
159915.XSHE"
2024-10-16 14:09:00,加仓,创业板ETF易方达,159915.XSHE,1.993,3400.0,65200.0,,19.0,2024-10-16,2024-10,"创业板ETF易方达
159915.XSHE"
2024-10-16 14:10:00,等级校准,创业板ETF易方达,159915.XSHE,,,65200.0,,,2024-10-16,2024-10,"创业板ETF易方达
159915.XSHE"
2024-10-18 09:31:00,止盈,黄金ETF,518880.XSHG,5.961,1200.0,10200.0,211.68,9.0,2024-10-18,2024-10,"黄金ETF
518880.XSHG"
2024-10-18 10:38:00,止盈,创业板ETF易方达,159915.XSHE,2.054,3500.0,61700.0,212.78,18.0,2024-10-18,2024-10,"创业板ETF易方达
159915.XSHE"
2024-10-18 13:13:00,止盈,创业板ETF易方达,159915.XSHE,2.119,3400.0,58300.0,220.28,17.0,2024-10-18,2024-10,"创业板ETF易方达
159915.XSHE"
2024-10-18 14:19:00,止盈,500ETF,510500.XSHG,5.798,1200.0,16641.0,205.7,13.0,2024-10-18,2024-10,"500ETF
510500.XSHG"
2024-10-18 14:19:00,止盈,创业板ETF易方达,159915.XSHE,2.187,3300.0,55000.0,223.68,17.0,2024-10-18,2024-10,"创业板ETF易方达
159915.XSHE"
2024-10-28 10:57:00,止盈,500ETF,510500.XSHG,5.972,1200.0,15441.0,208.08,14.0,2024-10-28,2024-10,"500ETF
510500.XSHG"
2024-10-30 09:31:00,加仓,创业板ETF易方达,159915.XSHE,2.119,3200.0,58200.0,,18.0,2024-10-30,2024-10,"创业板ETF易方达
159915.XSHE"
2024-10-30 09:32:00,等级校准,创业板ETF易方达,159915.XSHE,,,58200.0,,,2024-10-30,2024-10,"创业板ETF易方达
159915.XSHE"
2024-10-30 14:36:00,止盈,黄金ETF,518880.XSHG,6.14,1100.0,9100.0,196.22,8.0,2024-10-30,2024-10,"黄金ETF
518880.XSHG"
2024-11-05 10:03:00,止盈,创业板ETF易方达,159915.XSHE,2.184,3300.0,54900.0,213.78,17.0,2024-11-05,2024-11,"创业板ETF易方达
159915.XSHE"
2024-11-05 10:17:00,止盈,500ETF,510500.XSHG,6.155,1100.0,14341.0,200.62,13.0,2024-11-05,2024-11,"500ETF
510500.XSHG"
2024-11-05 13:23:00,止盈,创业板ETF易方达,159915.XSHE,2.25,3200.0,51700.0,210.48,16.0,2024-11-05,2024-11,"创业板ETF易方达
159915.XSHE"
2024-11-07 09:31:00,止盈,纳指ETF,513100.XSHG,1.515,4700.0,38700.0,257.79,8.0,2024-11-07,2024-11,"纳指ETF
513100.XSHG"
2024-11-07 09:31:00,加仓,黄金ETF,518880.XSHG,5.867,1100.0,10200.0,,9.0,2024-11-07,2024-11,"黄金ETF
518880.XSHG"
2024-11-07 14:40:00,止盈,500ETF,510500.XSHG,6.34,1100.0,13241.0,202.8,12.0,2024-11-07,2024-11,"500ETF
510500.XSHG"
2024-11-08 09:31:00,止盈,创业板ETF易方达,159915.XSHE,2.355,3100.0,48600.0,324.77,16.0,2024-11-08,2024-11,"创业板ETF易方达
159915.XSHE"
2024-11-08 14:26:00,加仓,创业板ETF易方达,159915.XSHE,2.284,2900.0,51500.0,,17.0,2024-11-08,2024-11,"创业板ETF易方达
159915.XSHE"
2024-11-12 09:31:00,止盈,创业板ETF易方达,159915.XSHE,2.368,3000.0,48500.0,251.29,16.0,2024-11-12,2024-11,"创业板ETF易方达
159915.XSHE"
2024-11-14 13:40:00,加仓,黄金ETF,518880.XSHG,5.69,1100.0,11300.0,,10.0,2024-11-14,2024-11,"黄金ETF
518880.XSHG"
2024-11-14 13:41:00,等级校准,黄金ETF,518880.XSHG,,,11300.0,,,2024-11-14,2024-11,"黄金ETF
518880.XSHG"
2024-11-14 14:40:00,加仓,创业板ETF易方达,159915.XSHE,2.296,2900.0,51400.0,,17.0,2024-11-14,2024-11,"创业板ETF易方达
159915.XSHE"
2024-11-15 09:46:00,加仓,500ETF,510500.XSHG,6.148,1100.0,14341.0,,13.0,2024-11-15,2024-11,"500ETF
510500.XSHG"
2024-11-15 14:12:00,加仓,创业板ETF易方达,159915.XSHE,2.226,3000.0,54400.0,,18.0,2024-11-15,2024-11,"创业板ETF易方达
159915.XSHE"
2024-11-15 14:13:00,等级校准,创业板ETF易方达,159915.XSHE,,,54400.0,,,2024-11-15,2024-11,"创业板ETF易方达
159915.XSHE"
2024-11-18 09:48:00,加仓,500ETF,510500.XSHG,5.961,1100.0,15441.0,,14.0,2024-11-18,2024-11,"500ETF
510500.XSHG"
2024-11-18 09:49:00,加仓,创业板ETF易方达,159915.XSHE,2.156,3100.0,57500.0,,18.0,2024-11-18,2024-11,"创业板ETF易方达
159915.XSHE"
2024-11-18 09:50:00,等级校准,创业板ETF易方达,159915.XSHE,,,57500.0,,,2024-11-18,2024-11,"创业板ETF易方达
159915.XSHE"
2024-11-20 09:31:00,止盈,黄金ETF,518880.XSHG,5.891,1200.0,10100.0,240.49,9.0,2024-11-20,2024-11,"黄金ETF
518880.XSHG"
2024-11-20 11:22:00,止盈,创业板ETF易方达,159915.XSHE,2.221,3200.0,54300.0,207.29,17.0,2024-11-20,2024-11,"创业板ETF易方达
159915.XSHE"
2024-11-22 14:39:00,加仓,创业板ETF易方达,159915.XSHE,2.152,3100.0,57400.0,,18.0,2024-11-22,2024-11,"创业板ETF易方达
159915.XSHE"
2024-11-22 14:40:00,等级校准,创业板ETF易方达,159915.XSHE,,,57400.0,,,2024-11-22,2024-11,"创业板ETF易方达
159915.XSHE"
2024-11-25 13:59:00,加仓,500ETF,510500.XSHG,5.782,1100.0,16541.0,,15.0,2024-11-25,2024-11,"500ETF
510500.XSHG"
2024-11-25 14:00:00,等级校准,500ETF,510500.XSHG,,,16541.0,,,2024-11-25,2024-11,"500ETF
510500.XSHG"
2024-11-27 09:48:00,加仓,创业板ETF易方达,159915.XSHE,2.085,3200.0,60600.0,,18.0,2024-11-27,2024-11,"创业板ETF易方达
159915.XSHE"
2024-11-27 14:25:00,止盈,创业板ETF易方达,159915.XSHE,2.148,3300.0,57300.0,207.19,17.0,2024-11-27,2024-11,"创业板ETF易方达
159915.XSHE"
2024-11-29 11:25:00,止盈,500ETF,510500.XSHG,5.956,1200.0,15341.0,208.09,13.0,2024-11-29,2024-11,"500ETF
510500.XSHG"
2024-11-29 13:02:00,止盈,创业板ETF易方达,159915.XSHE,2.219,3200.0,54100.0,226.49,17.0,2024-11-29,2024-11,"创业板ETF易方达
159915.XSHE"
2024-12-03 09:36:00,止盈,纳指ETF,513100.XSHG,1.561,4600.0,34100.0,210.88,7.0,2024-12-03,2024-12,"纳指ETF
513100.XSHG"
2024-12-09 13:20:00,止盈,纳指ETF,513100.XSHG,1.608,4400.0,29700.0,206.09,6.0,2024-12-09,2024-12,"纳指ETF
513100.XSHG"
2024-12-10 09:31:00,止盈,500ETF,510500.XSHG,6.266,1100.0,14241.0,340.31,12.0,2024-12-10,2024-12,"500ETF
510500.XSHG"
2024-12-10 09:31:00,止盈,创业板ETF易方达,159915.XSHE,2.312,3100.0,51000.0,287.58,17.0,2024-12-10,2024-12,"创业板ETF易方达
159915.XSHE"
2024-12-10 13:32:00,加仓,创业板ETF易方达,159915.XSHE,2.242,3000.0,54000.0,,18.0,2024-12-10,2024-12,"创业板ETF易方达
159915.XSHE"
2024-12-10 13:33:00,等级校准,创业板ETF易方达,159915.XSHE,,,54000.0,,,2024-12-10,2024-12,"创业板ETF易方达
159915.XSHE"
2024-12-16 09:32:00,加仓,500ETF,510500.XSHG,6.068,1100.0,15341.0,,13.0,2024-12-16,2024-12,"500ETF
510500.XSHG"
2024-12-16 09:41:00,加仓,创业板ETF易方达,159915.XSHE,2.174,3100.0,57100.0,,18.0,2024-12-16,2024-12,"创业板ETF易方达
159915.XSHE"
2024-12-16 09:42:00,等级校准,创业板ETF易方达,159915.XSHE,,,57100.0,,,2024-12-16,2024-12,"创业板ETF易方达
159915.XSHE"
2024-12-17 09:31:00,止盈,纳指ETF,513100.XSHG,1.677,4300.0,25400.0,295.98,6.0,2024-12-17,2024-12,"纳指ETF
513100.XSHG"
2024-12-19 09:31:00,加仓,纳指ETF,513100.XSHG,1.618,4100.0,29500.0,,7.0,2024-12-19,2024-12,"纳指ETF
513100.XSHG"
2024-12-19 09:32:00,等级校准,纳指ETF,513100.XSHG,,,29500.0,,,2024-12-19,2024-12,"纳指ETF
513100.XSHG"
2024-12-24 09:31:00,止盈,纳指ETF,513100.XSHG,1.673,4300.0,25200.0,235.78,6.0,2024-12-24,2024-12,"纳指ETF
513100.XSHG"
2024-12-31 09:32:00,加仓,纳指ETF,513100.XSHG,1.622,4100.0,29300.0,,7.0,2024-12-31,2024-12,"纳指ETF
513100.XSHG"
2024-12-31 09:33:00,等级校准,纳指ETF,513100.XSHG,,,29300.0,,,2024-12-31,2024-12,"纳指ETF
513100.XSHG"
2024-12-31 11:09:00,加仓,500ETF,510500.XSHG,5.885,1100.0,16441.0,,14.0,2024-12-31,2024-12,"500ETF
510500.XSHG"
2024-12-31 14:30:00,加仓,创业板ETF易方达,159915.XSHE,2.106,3200.0,60300.0,,18.0,2024-12-31,2024-12,"创业板ETF易方达
159915.XSHE"
2025-01-02 13:38:00,加仓,500ETF,510500.XSHG,5.707,1100.0,17541.0,,15.0,2025-01-02,2025-01,"500ETF
510500.XSHG"
2025-01-02 13:39:00,等级校准,500ETF,510500.XSHG,,,17541.0,,,2025-01-02,2025-01,"500ETF
510500.XSHG"
2025-01-02 13:48:00,加仓,创业板ETF易方达,159915.XSHE,2.042,3300.0,63600.0,,19.0,2025-01-02,2025-01,"创业板ETF易方达
159915.XSHE"
2025-01-02 13:49:00,等级校准,创业板ETF易方达,159915.XSHE,,,63600.0,,,2025-01-02,2025-01,"创业板ETF易方达
159915.XSHE"
2025-01-03 14:13:00,加仓,500ETF,510500.XSHG,5.531,1200.0,18741.0,,15.0,2025-01-03,2025-01,"500ETF
510500.XSHG"
2025-01-03 14:17:00,加仓,创业板ETF易方达,159915.XSHE,1.98,3400.0,67000.0,,19.0,2025-01-03,2025-01,"创业板ETF易方达
159915.XSHE"
2025-01-07 09:31:00,止盈,纳指ETF,513100.XSHG,1.687,4300.0,25000.0,278.77,6.0,2025-01-07,2025-01,"纳指ETF
513100.XSHG"
2025-01-08 09:31:00,加仓,纳指ETF,513100.XSHG,1.634,4100.0,29100.0,,7.0,2025-01-08,2025-01,"纳指ETF
513100.XSHG"
2025-01-08 09:32:00,等级校准,纳指ETF,513100.XSHG,,,29100.0,,,2025-01-08,2025-01,"纳指ETF
513100.XSHG"
2025-01-10 09:31:00,止盈,黄金ETF,518880.XSHG,6.083,1100.0,9000.0,210.53,8.0,2025-01-10,2025-01,"黄金ETF
518880.XSHG"
2025-01-13 09:31:00,加仓,创业板ETF易方达,159915.XSHE,1.92,3500.0,70500.0,,20.0,2025-01-13,2025-01,"创业板ETF易方达
159915.XSHE"
2025-01-13 09:32:00,等级校准,创业板ETF易方达,159915.XSHE,,,70500.0,,,2025-01-13,2025-01,"创业板ETF易方达
159915.XSHE"
2025-01-14 09:59:00,止盈,创业板ETF易方达,159915.XSHE,1.978,3600.0,66900.0,208.09,19.0,2025-01-14,2025-01,"创业板ETF易方达
159915.XSHE"
2025-01-16 09:45:00,止盈,创业板ETF易方达,159915.XSHE,2.038,3500.0,63400.0,209.29,18.0,2025-01-16,2025-01,"创业板ETF易方达
159915.XSHE"
2025-01-23 09:41:00,止盈,500ETF,510500.XSHG,5.709,1200.0,17541.0,212.91,14.0,2025-01-23,2025-01,"500ETF
510500.XSHG"
2025-01-23 09:41:00,止盈,创业板ETF易方达,159915.XSHE,2.101,3400.0,60000.0,213.49,18.0,2025-01-23,2025-01,"创业板ETF易方达
159915.XSHE"
2025-01-27 14:42:00,加仓,创业板ETF易方达,159915.XSHE,2.037,3300.0,63300.0,,19.0,2025-01-27,2025-01,"创业板ETF易方达
159915.XSHE"
2025-01-27 14:43:00,等级校准,创业板ETF易方达,159915.XSHE,,,63300.0,,,2025-01-27,2025-01,"创业板ETF易方达
159915.XSHE"
2025-02-05 09:31:00,止盈,黄金ETF,518880.XSHG,6.4,1100.0,7900.0,348.0,7.0,2025-02-05,2025-02,"黄金ETF
518880.XSHG"
2025-02-07 09:52:00,止盈,创业板ETF易方达,159915.XSHE,2.1,3400.0,59900.0,213.49,18.0,2025-02-07,2025-02,"创业板ETF易方达
159915.XSHE"
2025-02-07 11:26:00,止盈,500ETF,510500.XSHG,5.886,1200.0,16341.0,211.69,14.0,2025-02-07,2025-02,"500ETF
510500.XSHG"
2025-02-11 09:31:00,止盈,黄金ETF,518880.XSHG,6.622,1000.0,6900.0,221.34,6.0,2025-02-11,2025-02,"黄金ETF
518880.XSHG"
2025-02-14 10:51:00,止盈,创业板ETF易方达,159915.XSHE,2.167,3300.0,56600.0,220.38,17.0,2025-02-14,2025-02,"创业板ETF易方达
159915.XSHE"
2025-02-21 13:02:00,止盈,创业板ETF易方达,159915.XSHE,2.235,3200.0,53400.0,216.88,17.0,2025-02-21,2025-02,"创业板ETF易方达
159915.XSHE"
2025-02-21 14:22:00,止盈,500ETF,510500.XSHG,6.063,1100.0,15241.0,194.03,13.0,2025-02-21,2025-02,"500ETF
510500.XSHG"
2025-02-24 09:31:00,加仓,纳指ETF,513100.XSHG,1.581,4200.0,33300.0,,7.0,2025-02-24,2025-02,"纳指ETF
513100.XSHG"
2025-02-28 09:31:00,加仓,纳指ETF,513100.XSHG,1.528,4400.0,37700.0,,8.0,2025-02-28,2025-02,"纳指ETF
513100.XSHG"
2025-02-28 10:57:00,加仓,创业板ETF易方达,159915.XSHE,2.167,3100.0,56500.0,,18.0,2025-02-28,2025-02,"创业板ETF易方达
159915.XSHE"
2025-02-28 10:58:00,等级校准,创业板ETF易方达,159915.XSHE,,,56500.0,,,2025-02-28,2025-02,"创业板ETF易方达
159915.XSHE"
2025-02-28 14:11:00,加仓,500ETF,510500.XSHG,5.881,1100.0,16341.0,,14.0,2025-02-28,2025-02,"500ETF
510500.XSHG"
2025-03-06 14:31:00,止盈,500ETF,510500.XSHG,6.058,1100.0,15241.0,194.03,13.0,2025-03-06,2025-03,"500ETF
510500.XSHG"
2025-03-11 09:31:00,加仓,纳指ETF,513100.XSHG,1.429,4500.0,42200.0,,9.0,2025-03-11,2025-03,"纳指ETF
513100.XSHG"
2025-03-11 09:32:00,等级校准,纳指ETF,513100.XSHG,,,42200.0,,,2025-03-11,2025-03,"纳指ETF
513100.XSHG"
2025-03-20 09:31:00,止盈,黄金ETF,518880.XSHG,6.821,1000.0,5900.0,198.32,5.0,2025-03-20,2025-03,"黄金ETF
518880.XSHG"
2025-03-20 10:43:00,止盈,纳指ETF,513100.XSHG,1.472,4800.0,37400.0,205.69,7.0,2025-03-20,2025-03,"纳指ETF
513100.XSHG"
2025-03-24 13:06:00,加仓,创业板ETF易方达,159915.XSHE,2.101,3200.0,59700.0,,18.0,2025-03-24,2025-03,"创业板ETF易方达
159915.XSHE"
2025-03-25 09:31:00,止盈,纳指ETF,513100.XSHG,1.523,4700.0,32700.0,238.98,7.0,2025-03-25,2025-03,"纳指ETF
513100.XSHG"
2025-03-28 09:31:00,加仓,纳指ETF,513100.XSHG,1.477,4500.0,37200.0,,8.0,2025-03-28,2025-03,"纳指ETF
513100.XSHG"
2025-03-28 09:32:00,等级校准,纳指ETF,513100.XSHG,,,37200.0,,,2025-03-28,2025-03,"纳指ETF
513100.XSHG"
2025-03-31 09:31:00,加仓,纳指ETF,513100.XSHG,1.428,4700.0,41900.0,,8.0,2025-03-31,2025-03,"纳指ETF
513100.XSHG"
2025-03-31 09:34:00,加仓,500ETF,510500.XSHG,5.873,1100.0,16341.0,,14.0,2025-03-31,2025-03,"500ETF
510500.XSHG"
2025-03-31 11:11:00,止盈,黄金ETF,518880.XSHG,7.035,1000.0,4900.0,213.3,5.0,2025-03-31,2025-03,"黄金ETF
518880.XSHG"
2025-04-03 10:12:00,加仓,创业板ETF易方达,159915.XSHE,2.037,3300.0,63000.0,,19.0,2025-04-03,2025-04,"创业板ETF易方达
159915.XSHE"
2025-04-03 10:13:00,等级校准,创业板ETF易方达,159915.XSHE,,,63000.0,,,2025-04-03,2025-04,"创业板ETF易方达
159915.XSHE"
2025-04-07 09:31:00,加仓,纳指ETF,513100.XSHG,1.272,4900.0,46800.0,,9.0,2025-04-07,2025-04,"纳指ETF
513100.XSHG"
2025-04-07 09:31:00,加仓,500ETF,510500.XSHG,5.624,1100.0,17441.0,,15.0,2025-04-07,2025-04,"500ETF
510500.XSHG"
2025-04-07 09:31:00,加仓,创业板ETF易方达,159915.XSHE,1.911,3400.0,66400.0,,19.0,2025-04-07,2025-04,"创业板ETF易方达
159915.XSHE"
2025-04-07 09:32:00,等级校准,纳指ETF,513100.XSHG,,,46800.0,,,2025-04-07,2025-04,"纳指ETF
513100.XSHG"
2025-04-07 09:32:00,等级校准,500ETF,510500.XSHG,,,17441.0,,,2025-04-07,2025-04,"500ETF
510500.XSHG"
2025-04-07 09:32:00,等级校准,创业板ETF易方达,159915.XSHE,,,66400.0,,,2025-04-07,2025-04,"创业板ETF易方达
159915.XSHE"
2025-04-07 09:40:00,加仓,500ETF,510500.XSHG,5.452,1200.0,18641.0,,15.0,2025-04-07,2025-04,"500ETF
510500.XSHG"
2025-04-07 09:40:00,加仓,创业板ETF易方达,159915.XSHE,1.852,3600.0,70000.0,,19.0,2025-04-07,2025-04,"创业板ETF易方达
159915.XSHE"
2025-04-07 09:41:00,等级校准,创业板ETF易方达,159915.XSHE,,,70000.0,,,2025-04-07,2025-04,"创业板ETF易方达
159915.XSHE"
2025-04-07 09:53:00,加仓,创业板ETF易方达,159915.XSHE,1.795,3700.0,73700.0,,19.0,2025-04-07,2025-04,"创业板ETF易方达
159915.XSHE"
2025-04-07 10:01:00,止盈,创业板ETF易方达,159915.XSHE,1.85,3800.0,69900.0,208.3,18.0,2025-04-07,2025-04,"创业板ETF易方达
159915.XSHE"
2025-04-07 13:45:00,加仓,创业板ETF易方达,159915.XSHE,1.794,3700.0,73600.0,,19.0,2025-04-07,2025-04,"创业板ETF易方达
159915.XSHE"
2025-04-07 13:46:00,等级校准,创业板ETF易方达,159915.XSHE,,,73600.0,,,2025-04-07,2025-04,"创业板ETF易方达
159915.XSHE"
2025-04-07 13:59:00,加仓,500ETF,510500.XSHG,5.288,1200.0,19841.0,,16.0,2025-04-07,2025-04,"500ETF
510500.XSHG"
2025-04-07 14:00:00,等级校准,500ETF,510500.XSHG,,,19841.0,,,2025-04-07,2025-04,"500ETF
510500.XSHG"
2025-04-07 14:16:00,加仓,创业板ETF易方达,159915.XSHE,1.738,3900.0,77500.0,,19.0,2025-04-07,2025-04,"创业板ETF易方达
159915.XSHE"
2025-04-08 09:31:00,止盈,创业板ETF易方达,159915.XSHE,1.808,4000.0,73500.0,279.28,19.0,2025-04-08,2025-04,"创业板ETF易方达
159915.XSHE"
2025-04-08 09:32:00,止盈,纳指ETF,513100.XSHG,1.312,5500.0,41300.0,219.28,7.0,2025-04-08,2025-04,"纳指ETF
513100.XSHG"
2025-04-09 09:31:00,加仓,纳指ETF,513100.XSHG,1.27,5300.0,46600.0,,8.0,2025-04-09,2025-04,"纳指ETF
513100.XSHG"
2025-04-09 09:38:00,加仓,创业板ETF易方达,159915.XSHE,1.75,3800.0,77300.0,,20.0,2025-04-09,2025-04,"创业板ETF易方达
159915.XSHE"
2025-04-09 09:39:00,等级校准,创业板ETF易方达,159915.XSHE,,,77300.0,,,2025-04-09,2025-04,"创业板ETF易方达
159915.XSHE"
2025-04-09 10:01:00,止盈,创业板ETF易方达,159915.XSHE,1.804,4000.0,73300.0,215.28,19.0,2025-04-09,2025-04,"创业板ETF易方达
159915.XSHE"
2025-04-09 10:45:00,止盈,纳指ETF,513100.XSHG,1.309,5500.0,41100.0,213.78,7.0,2025-04-09,2025-04,"纳指ETF
513100.XSHG"
2025-04-09 13:11:00,加仓,纳指ETF,513100.XSHG,1.269,5300.0,46400.0,,8.0,2025-04-09,2025-04,"纳指ETF
513100.XSHG"
2025-04-09 14:16:00,止盈,500ETF,510500.XSHG,5.448,1300.0,18541.0,207.29,15.0,2025-04-09,2025-04,"500ETF
510500.XSHG"
2025-04-10 09:31:00,止盈,纳指ETF,513100.XSHG,1.43,5500.0,40900.0,884.71,8.0,2025-04-10,2025-04,"纳指ETF
513100.XSHG"
2025-04-10 09:31:00,止盈,创业板ETF易方达,159915.XSHE,1.881,3800.0,69500.0,291.89,18.0,2025-04-10,2025-04,"创业板ETF易方达
159915.XSHE"
2025-04-11 09:31:00,加仓,纳指ETF,513100.XSHG,1.372,4800.0,45700.0,,9.0,2025-04-11,2025-04,"纳指ETF
513100.XSHG"
2025-04-11 09:31:00,止盈,黄金ETF,518880.XSHG,7.324,900.0,4000.0,259.44,4.0,2025-04-11,2025-04,"黄金ETF
518880.XSHG"
2025-04-11 09:32:00,等级校准,纳指ETF,513100.XSHG,,,45700.0,,,2025-04-11,2025-04,"纳指ETF
513100.XSHG"
2025-04-11 13:44:00,止盈,500ETF,510500.XSHG,5.617,1200.0,17341.0,202.13,14.0,2025-04-11,2025-04,"500ETF
510500.XSHG"
2025-04-11 14:02:00,止盈,纳指ETF,513100.XSHG,1.415,5100.0,40600.0,218.58,8.0,2025-04-11,2025-04,"纳指ETF
513100.XSHG"
2025-04-17 09:31:00,止盈,黄金ETF,518880.XSHG,7.65,900.0,3100.0,292.71,3.0,2025-04-17,2025-04,"黄金ETF
518880.XSHG"
2025-04-21 09:32:00,加仓,纳指ETF,513100.XSHG,1.372,4900.0,45500.0,,9.0,2025-04-21,2025-04,"纳指ETF
513100.XSHG"
2025-04-21 09:33:00,等级校准,纳指ETF,513100.XSHG,,,45500.0,,,2025-04-21,2025-04,"纳指ETF
513100.XSHG"
2025-04-22 09:34:00,止盈,黄金ETF,518880.XSHG,7.886,900.0,2200.0,211.69,2.0,2025-04-22,2025-04,"黄金ETF
518880.XSHG"
2025-04-23 10:57:00,加仓,黄金ETF,518880.XSHG,7.637,800.0,3000.0,,3.0,2025-04-23,2025-04,"黄金ETF
518880.XSHG"
2025-04-23 14:53:00,止盈,纳指ETF,513100.XSHG,1.414,5100.0,40400.0,213.48,8.0,2025-04-23,2025-04,"纳指ETF
513100.XSHG"
2025-05-06 09:31:00,止盈,纳指ETF,513100.XSHG,1.468,4900.0,35500.0,263.88,7.0,2025-05-06,2025-05,"纳指ETF
513100.XSHG"
2025-05-06 09:32:00,止盈,创业板ETF易方达,159915.XSHE,1.941,3700.0,65800.0,221.28,18.0,2025-05-06,2025-05,"创业板ETF易方达
159915.XSHE"
2025-05-07 09:31:00,止盈,500ETF,510500.XSHG,5.817,1200.0,16141.0,239.3,13.0,2025-05-07,2025-05,"500ETF
510500.XSHG"
2025-05-07 09:32:00,止盈,创业板ETF易方达,159915.XSHE,2.002,3600.0,62200.0,218.88,18.0,2025-05-07,2025-05,"创业板ETF易方达
159915.XSHE"
2025-05-12 09:31:00,止盈,纳指ETF,513100.XSHG,1.514,4700.0,30800.0,215.49,6.0,2025-05-12,2025-05,"纳指ETF
513100.XSHG"
2025-05-12 09:31:00,加仓,黄金ETF,518880.XSHG,7.347,900.0,3900.0,,4.0,2025-05-12,2025-05,"黄金ETF
518880.XSHG"
2025-05-14 09:47:00,止盈,纳指ETF,513100.XSHG,1.561,4600.0,26200.0,215.48,5.0,2025-05-14,2025-05,"纳指ETF
513100.XSHG"
2025-05-14 13:42:00,止盈,创业板ETF易方达,159915.XSHE,2.063,3400.0,58800.0,206.7,17.0,2025-05-14,2025-05,"创业板ETF易方达
159915.XSHE"
2025-05-15 10:26:00,加仓,黄金ETF,518880.XSHG,7.123,900.0,4800.0,,5.0,2025-05-15,2025-05,"黄金ETF
518880.XSHG"
2025-05-19 09:32:00,加仓,创业板ETF易方达,159915.XSHE,1.999,3300.0,62100.0,,18.0,2025-05-19,2025-05,"创业板ETF易方达
159915.XSHE"
2025-05-19 09:33:00,等级校准,创业板ETF易方达,159915.XSHE,,,62100.0,,,2025-05-19,2025-05,"创业板ETF易方达
159915.XSHE"
2025-05-21 09:31:00,止盈,黄金ETF,518880.XSHG,7.38,900.0,3900.0,230.64,4.0,2025-05-21,2025-05,"黄金ETF
518880.XSHG"
2025-05-27 09:42:00,加仓,500ETF,510500.XSHG,5.642,1200.0,17341.0,,14.0,2025-05-27,2025-05,"500ETF
510500.XSHG"
2025-06-09 09:42:00,止盈,500ETF,510500.XSHG,5.814,1200.0,16141.0,205.7,13.0,2025-06-09,2025-06,"500ETF
510500.XSHG"
2025-06-13 09:31:00,止盈,黄金ETF,518880.XSHG,7.619,900.0,3000.0,214.41,3.0,2025-06-13,2025-06,"黄金ETF
518880.XSHG"
2025-06-24 13:54:00,加仓,黄金ETF,518880.XSHG,7.387,900.0,3900.0,,4.0,2025-06-24,2025-06,"黄金ETF
518880.XSHG"
2025-06-25 09:35:00,止盈,创业板ETF易方达,159915.XSHE,2.059,3500.0,58600.0,209.28,17.0,2025-06-25,2025-06,"创业板ETF易方达
159915.XSHE"
2025-06-27 09:31:00,止盈,纳指ETF,513100.XSHG,1.612,4400.0,21800.0,223.69,5.0,2025-06-27,2025-06,"纳指ETF
513100.XSHG"
2025-06-27 10:14:00,止盈,创业板ETF易方达,159915.XSHE,2.121,3300.0,55300.0,203.9,16.0,2025-06-27,2025-06,"创业板ETF易方达
159915.XSHE"
2025-07-04 13:10:00,止盈,500ETF,510500.XSHG,5.989,1200.0,14941.0,209.28,13.0,2025-07-04,2025-07,"500ETF
510500.XSHG"
2025-07-11 10:26:00,止盈,创业板ETF易方达,159915.XSHE,2.185,3300.0,52000.0,210.48,16.0,2025-07-11,2025-07,"创业板ETF易方达
159915.XSHE"
2025-07-18 09:31:00,止盈,创业板ETF易方达,159915.XSHE,2.256,3200.0,48800.0,226.48,15.0,2025-07-18,2025-07,"创业板ETF易方达
159915.XSHE"
2025-07-18 09:33:00,止盈,500ETF,510500.XSHG,6.171,1100.0,13841.0,199.52,12.0,2025-07-18,2025-07,"500ETF
510500.XSHG"
2025-07-18 09:40:00,止盈,纳指ETF,513100.XSHG,1.661,4300.0,17500.0,209.99,4.0,2025-07-18,2025-07,"纳指ETF
513100.XSHG"
2025-07-24 14:35:00,止盈,500ETF,510500.XSHG,6.359,1100.0,12741.0,206.1,11.0,2025-07-24,2025-07,"500ETF
510500.XSHG"
2025-07-25 09:31:00,止盈,创业板ETF易方达,159915.XSHE,2.324,3100.0,45700.0,210.08,15.0,2025-07-25,2025-07,"创业板ETF易方达
159915.XSHE"
2025-08-13 09:31:00,止盈,纳指ETF,513100.XSHG,1.721,4200.0,13300.0,251.28,3.0,2025-08-13,2025-08,"纳指ETF
513100.XSHG"
2025-08-13 09:31:00,止盈,创业板ETF易方达,159915.XSHE,2.395,3000.0,42700.0,212.28,14.0,2025-08-13,2025-08,"创业板ETF易方达
159915.XSHE"
2025-08-13 11:08:00,止盈,500ETF,510500.XSHG,6.55,1100.0,11641.0,209.38,11.0,2025-08-13,2025-08,"500ETF
510500.XSHG"
2025-08-13 13:17:00,止盈,创业板ETF易方达,159915.XSHE,2.467,2900.0,39800.0,208.08,14.0,2025-08-13,2025-08,"创业板ETF易方达
159915.XSHE"
2025-08-18 09:58:00,止盈,创业板ETF易方达,159915.XSHE,2.544,2800.0,37000.0,214.89,13.0,2025-08-18,2025-08,"创业板ETF易方达
159915.XSHE"
2025-08-18 10:35:00,止盈,500ETF,510500.XSHG,6.749,1000.0,10641.0,198.33,10.0,2025-08-18,2025-08,"500ETF
510500.XSHG"
2025-08-22 10:51:00,止盈,创业板ETF易方达,159915.XSHE,2.623,2700.0,34300.0,212.59,13.0,2025-08-22,2025-08,"创业板ETF易方达
159915.XSHE"
2025-08-25 09:31:00,止盈,500ETF,510500.XSHG,6.972,1000.0,9641.0,222.3,9.0,2025-08-25,2025-08,"500ETF
510500.XSHG"
2025-08-25 09:33:00,止盈,创业板ETF易方达,159915.XSHE,2.703,2600.0,31700.0,207.3,12.0,2025-08-25,2025-08,"创业板ETF易方达
159915.XSHE"
2025-08-27 11:16:00,止盈,创业板ETF易方达,159915.XSHE,2.787,2500.0,29200.0,209.3,11.0,2025-08-27,2025-08,"创业板ETF易方达
159915.XSHE"
2025-08-27 14:55:00,加仓,创业板ETF易方达,159915.XSHE,2.702,2500.0,31700.0,,12.0,2025-08-27,2025-08,"创业板ETF易方达
159915.XSHE"
2025-08-28 14:42:00,止盈,创业板ETF易方达,159915.XSHE,2.785,2500.0,29200.0,206.8,11.0,2025-08-28,2025-08,"创业板ETF易方达
159915.XSHE"
2025-08-29 10:28:00,止盈,创业板ETF易方达,159915.XSHE,2.87,2500.0,26700.0,211.78,11.0,2025-08-29,2025-08,"创业板ETF易方达
159915.XSHE"
2025-09-01 09:40:00,止盈,500ETF,510500.XSHG,7.183,1000.0,8641.0,210.28,9.0,2025-09-01,2025-09,"500ETF
510500.XSHG"
2025-09-01 10:09:00,止盈,黄金ETF,518880.XSHG,7.609,900.0,3000.0,199.12,3.0,2025-09-01,2025-09,"黄金ETF
518880.XSHG"
2025-09-01 14:25:00,加仓,纳指ETF,513100.XSHG,1.669,4000.0,17300.0,,4.0,2025-09-01,2025-09,"纳指ETF
513100.XSHG"
2025-09-03 13:37:00,加仓,500ETF,510500.XSHG,6.966,900.0,9541.0,,10.0,2025-09-03,2025-09,"500ETF
510500.XSHG"
2025-09-03 13:38:00,等级校准,500ETF,510500.XSHG,,,9541.0,,,2025-09-03,2025-09,"500ETF
510500.XSHG"
2025-09-04 10:50:00,加仓,创业板ETF易方达,159915.XSHE,2.783,2400.0,29100.0,,12.0,2025-09-04,2025-09,"创业板ETF易方达
159915.XSHE"
2025-09-04 10:51:00,等级校准,创业板ETF易方达,159915.XSHE,,,29100.0,,,2025-09-04,2025-09,"创业板ETF易方达
159915.XSHE"
2025-09-04 14:13:00,加仓,500ETF,510500.XSHG,6.755,1000.0,10541.0,,10.0,2025-09-04,2025-09,"500ETF
510500.XSHG"
2025-09-05 13:50:00,止盈,创业板ETF易方达,159915.XSHE,2.869,2500.0,26600.0,214.28,11.0,2025-09-05,2025-09,"创业板ETF易方达
159915.XSHE"
2025-09-05 14:02:00,止盈,500ETF,510500.XSHG,6.958,1000.0,9541.0,202.3,9.0,2025-09-05,2025-09,"500ETF
510500.XSHG"
2025-09-08 10:58:00,止盈,黄金ETF,518880.XSHG,7.839,900.0,2100.0,206.29,2.0,2025-09-08,2025-09,"黄金ETF
518880.XSHG"
2025-09-11 10:59:00,止盈,创业板ETF易方达,159915.XSHE,2.959,2400.0,24200.0,215.29,10.0,2025-09-11,2025-09,"创业板ETF易方达
159915.XSHE"
2025-09-11 13:07:00,止盈,500ETF,510500.XSHG,7.176,1000.0,8541.0,217.28,9.0,2025-09-11,2025-09,"500ETF
510500.XSHG"
2025-09-15 09:38:00,止盈,创业板ETF易方达,159915.XSHE,3.05,2300.0,21900.0,208.6,9.0,2025-09-15,2025-09,"创业板ETF易方达
159915.XSHE"
2025-09-15 09:54:00,止盈,纳指ETF,513100.XSHG,1.72,4100.0,13200.0,208.39,3.0,2025-09-15,2025-09,"纳指ETF
513100.XSHG"
2025-09-18 10:07:00,止盈,500ETF,510500.XSHG,7.393,900.0,7641.0,194.63,8.0,2025-09-18,2025-09,"500ETF
510500.XSHG"
2025-09-22 14:43:00,止盈,纳指ETF,513100.XSHG,1.772,4000.0,9200.0,207.29,2.0,2025-09-22,2025-09,"纳指ETF
513100.XSHG"
2025-09-23 09:31:00,止盈,黄金ETF,518880.XSHG,8.119,800.0,1300.0,223.35,1.0,2025-09-23,2025-09,"黄金ETF
518880.XSHG"
2025-09-23 10:34:00,加仓,500ETF,510500.XSHG,7.169,900.0,8541.0,,9.0,2025-09-23,2025-09,"500ETF
510500.XSHG"
2025-09-24 11:26:00,止盈,创业板ETF易方达,159915.XSHE,3.142,2200.0,19700.0,201.71,8.0,2025-09-24,2025-09,"创业板ETF易方达
159915.XSHE"
2025-09-24 13:01:00,止盈,500ETF,510500.XSHG,7.389,900.0,7641.0,197.33,8.0,2025-09-24,2025-09,"500ETF
510500.XSHG"
2025-09-25 14:31:00,止盈,创业板ETF易方达,159915.XSHE,3.237,2200.0,17500.0,208.29,8.0,2025-09-25,2025-09,"创业板ETF易方达
159915.XSHE"
2025-09-26 14:29:00,加仓,创业板ETF易方达,159915.XSHE,3.139,2100.0,19600.0,,9.0,2025-09-26,2025-09,"创业板ETF易方达
159915.XSHE"
2025-09-26 14:30:00,等级校准,创业板ETF易方达,159915.XSHE,,,19600.0,,,2025-09-26,2025-09,"创业板ETF易方达
159915.XSHE"
2025-09-30 09:37:00,止盈,创业板ETF易方达,159915.XSHE,3.235,2200.0,17400.0,210.49,8.0,2025-09-30,2025-09,"创业板ETF易方达
159915.XSHE"
2025-09-30 13:01:00,止盈,黄金ETF,518880.XSHG,8.375,800.0,500.0,204.13,1.0,2025-09-30,2025-09,"黄金ETF
518880.XSHG"
2025-10-09 09:31:00,止盈,纳指ETF,513100.XSHG,1.843,3900.0,5300.0,276.18,1.0,2025-10-09,2025-10,"纳指ETF
513100.XSHG"
2025-10-09 09:31:00,止盈（部分）,黄金ETF,518880.XSHG,8.731,500.0,0.0,177.56,0.0,2025-10-09,2025-10,"黄金ETF
518880.XSHG"
2025-10-09 09:31:00,清仓,黄金ETF,518880.XSHG,,,,,0.0,2025-10-09,2025-10,"黄金ETF
518880.XSHG"
2025-10-09 09:32:00,重装建仓,黄金ETF,518880.XSHG,8.748,9100.0,9100.0,,,2025-10-09,2025-10,"黄金ETF
518880.XSHG"
2025-10-09 09:33:00,底仓到账,黄金ETF,518880.XSHG,,,9100.0,,11.0,2025-10-09,2025-10,"黄金ETF
518880.XSHG"
2025-10-09 10:14:00,止盈,500ETF,510500.XSHG,7.619,900.0,6741.0,206.31,7.0,2025-10-09,2025-10,"500ETF
510500.XSHG"
2025-10-10 10:07:00,加仓,创业板ETF易方达,159915.XSHE,3.136,2100.0,19500.0,,9.0,2025-10-10,2025-10,"创业板ETF易方达
159915.XSHE"
2025-10-10 10:08:00,等级校准,创业板ETF易方达,159915.XSHE,,,19500.0,,,2025-10-10,2025-10,"创业板ETF易方达
159915.XSHE"
2025-10-13 09:31:00,加仓,500ETF,510500.XSHG,7.305,900.0,7641.0,,8.0,2025-10-13,2025-10,"500ETF
510500.XSHG"
2025-10-13 09:31:00,加仓,创业板ETF易方达,159915.XSHE,2.972,2200.0,21700.0,,9.0,2025-10-13,2025-10,"创业板ETF易方达
159915.XSHE"
2025-10-13 09:48:00,止盈,创业板ETF易方达,159915.XSHE,3.062,2300.0,19400.0,206.3,8.0,2025-10-13,2025-10,"创业板ETF易方达
159915.XSHE"
2025-10-14 09:31:00,止盈,黄金ETF,518880.XSHG,9.085,700.0,8400.0,235.26,12.0,2025-10-14,2025-10,"黄金ETF
518880.XSHG"
2025-10-14 09:34:00,止盈,500ETF,510500.XSHG,7.525,900.0,6741.0,197.32,7.0,2025-10-14,2025-10,"500ETF
510500.XSHG"
2025-10-14 13:02:00,加仓,创业板ETF易方达,159915.XSHE,2.97,2200.0,21600.0,,9.0,2025-10-14,2025-10,"创业板ETF易方达
159915.XSHE"
2025-10-14 14:21:00,加仓,500ETF,510500.XSHG,7.298,900.0,7641.0,,8.0,2025-10-14,2025-10,"500ETF
510500.XSHG"
2025-10-17 09:31:00,止盈,黄金ETF,518880.XSHG,9.485,700.0,7700.0,279.34,11.0,2025-10-17,2025-10,"黄金ETF
518880.XSHG"
2025-10-21 11:21:00,止盈,创业板ETF易方达,159915.XSHE,3.06,2300.0,19300.0,206.3,8.0,2025-10-21,2025-10,"创业板ETF易方达
159915.XSHE"
2025-10-22 09:31:00,加仓,黄金ETF,518880.XSHG,8.984,700.0,8400.0,,12.0,2025-10-22,2025-10,"黄金ETF
518880.XSHG"
2025-10-24 09:31:00,止盈,纳指ETF,513100.XSHG,1.908,3700.0,1600.0,239.79,1.0,2025-10-24,2025-10,"纳指ETF
513100.XSHG"
2025-10-27 09:31:00,止盈,创业板ETF易方达,159915.XSHE,3.205,2200.0,17100.0,318.29,8.0,2025-10-27,2025-10,"创业板ETF易方达
159915.XSHE"
2025-10-28 09:31:00,止盈（部分）,纳指ETF,513100.XSHG,1.976,1600.0,0.0,108.48,0.0,2025-10-28,2025-10,"纳指ETF
513100.XSHG"
2025-10-28 09:31:00,清仓,纳指ETF,513100.XSHG,,,,,0.0,2025-10-28,2025-10,"纳指ETF
513100.XSHG"
2025-10-28 09:32:00,重装建仓,纳指ETF,513100.XSHG,1.974,40500.0,40500.0,,,2025-10-28,2025-10,"纳指ETF
513100.XSHG"
2025-10-28 09:33:00,底仓到账,纳指ETF,513100.XSHG,,,40500.0,,11.0,2025-10-28,2025-10,"纳指ETF
513100.XSHG"
2025-10-28 10:53:00,加仓,黄金ETF,518880.XSHG,8.713,700.0,9100.0,,13.0,2025-10-28,2025-10,"黄金ETF
518880.XSHG"
2025-10-28 10:54:00,等级校准,黄金ETF,518880.XSHG,,,9100.0,,,2025-10-28,2025-10,"黄金ETF
518880.XSHG"
2025-10-29 09:53:00,止盈,500ETF,510500.XSHG,7.518,900.0,6741.0,197.32,7.0,2025-10-29,2025-10,"500ETF
510500.XSHG"
2025-10-30 09:37:00,止盈,创业板ETF易方达,159915.XSHE,3.302,2100.0,15000.0,203.01,7.0,2025-10-30,2025-10,"创业板ETF易方达
159915.XSHE"
2025-10-31 09:47:00,加仓,创业板ETF易方达,159915.XSHE,3.2,2100.0,17100.0,,8.0,2025-10-31,2025-10,"创业板ETF易方达
159915.XSHE"
2025-11-03 10:36:00,加仓,创业板ETF易方达,159915.XSHE,3.103,2100.0,19200.0,,9.0,2025-11-03,2025-11,"创业板ETF易方达
159915.XSHE"
2025-11-03 10:37:00,等级校准,创业板ETF易方达,159915.XSHE,,,19200.0,,,2025-11-03,2025-11,"创业板ETF易方达
159915.XSHE"
2025-11-04 14:12:00,加仓,500ETF,510500.XSHG,7.29,900.0,7641.0,,8.0,2025-11-04,2025-11,"500ETF
510500.XSHG"
2025-11-05 09:31:00,加仓,纳指ETF,513100.XSHG,1.888,3500.0,44000.0,,12.0,2025-11-05,2025-11,"纳指ETF
513100.XSHG"
2025-11-05 09:32:00,等级校准,纳指ETF,513100.XSHG,,,44000.0,,,2025-11-05,2025-11,"纳指ETF
513100.XSHG"
2025-11-06 10:47:00,止盈,创业板ETF易方达,159915.XSHE,3.198,2200.0,17000.0,208.3,8.0,2025-11-06,2025-11,"创业板ETF易方达
159915.XSHE"
2025-11-06 13:01:00,止盈,纳指ETF,513100.XSHG,1.945,3700.0,40300.0,210.18,11.0,2025-11-06,2025-11,"纳指ETF
513100.XSHG"
2025-11-11 09:31:00,止盈,黄金ETF,518880.XSHG,9.118,800.0,8300.0,323.27,11.0,2025-11-11,2025-11,"黄金ETF
518880.XSHG"
2025-11-12 09:31:00,加仓,创业板ETF易方达,159915.XSHE,3.1,2100.0,19100.0,,9.0,2025-11-12,2025-11,"创业板ETF易方达
159915.XSHE"
2025-11-12 09:32:00,等级校准,创业板ETF易方达,159915.XSHE,,,19100.0,,,2025-11-12,2025-11,"创业板ETF易方达
159915.XSHE"
2025-11-17 13:37:00,加仓,黄金ETF,518880.XSHG,8.844,700.0,9000.0,,12.0,2025-11-17,2025-11,"黄金ETF
518880.XSHG"
2025-11-18 09:31:00,加仓,纳指ETF,513100.XSHG,1.883,3500.0,43800.0,,12.0,2025-11-18,2025-11,"纳指ETF
513100.XSHG"
2025-11-18 09:32:00,等级校准,纳指ETF,513100.XSHG,,,43800.0,,,2025-11-18,2025-11,"纳指ETF
513100.XSHG"
2025-11-21 09:31:00,加仓,创业板ETF易方达,159915.XSHE,2.976,2200.0,21300.0,,9.0,2025-11-21,2025-11,"创业板ETF易方达
159915.XSHE"
2025-11-21 09:36:00,加仓,500ETF,510500.XSHG,7.071,900.0,8541.0,,9.0,2025-11-21,2025-11,"500ETF
510500.XSHG"
2025-11-24 11:15:00,加仓,创业板ETF易方达,159915.XSHE,2.886,2300.0,23600.0,,10.0,2025-11-24,2025-11,"创业板ETF易方达
159915.XSHE"
2025-11-24 11:16:00,等级校准,创业板ETF易方达,159915.XSHE,,,23600.0,,,2025-11-24,2025-11,"创业板ETF易方达
159915.XSHE"
2025-11-25 09:55:00,止盈,创业板ETF易方达,159915.XSHE,2.973,2400.0,21200.0,208.09,9.0,2025-11-25,2025-11,"创业板ETF易方达
159915.XSHE"
2025-11-27 09:31:00,止盈,纳指ETF,513100.XSHG,1.94,3700.0,40100.0,210.18,11.0,2025-11-27,2025-11,"纳指ETF
513100.XSHG"
2025-11-27 09:51:00,止盈,创业板ETF易方达,159915.XSHE,3.065,2300.0,18900.0,210.9,8.0,2025-11-27,2025-11,"创业板ETF易方达
159915.XSHE"
2025-12-01 09:31:00,止盈,黄金ETF,518880.XSHG,9.156,700.0,8300.0,217.76,11.0,2025-12-01,2025-12,"黄金ETF
518880.XSHG"
2025-12-08 10:09:00,止盈,创业板ETF易方达,159915.XSHE,3.159,2200.0,16700.0,206.11,7.0,2025-12-08,2025-12,"创业板ETF易方达
159915.XSHE"
2025-12-08 13:12:00,止盈,500ETF,510500.XSHG,7.285,900.0,7641.0,191.94,8.0,2025-12-08,2025-12,"500ETF
510500.XSHG"
2025-12-16 09:50:00,加仓,纳指ETF,513100.XSHG,1.881,3600.0,43700.0,,12.0,2025-12-16,2025-12,"纳指ETF
513100.XSHG"
2025-12-16 09:51:00,等级校准,纳指ETF,513100.XSHG,,,43700.0,,,2025-12-16,2025-12,"纳指ETF
513100.XSHG"
2025-12-16 10:40:00,加仓,创业板ETF易方达,159915.XSHE,3.064,2200.0,18900.0,,8.0,2025-12-16,2025-12,"创业板ETF易方达
159915.XSHE"
2025-12-17 14:12:00,止盈,创业板ETF易方达,159915.XSHE,3.159,2200.0,16700.0,208.31,7.0,2025-12-17,2025-12,"创业板ETF易方达
159915.XSHE"
2025-12-22 09:31:00,止盈,纳指ETF,513100.XSHG,1.941,3700.0,40000.0,221.28,11.0,2025-12-22,2025-12,"纳指ETF
513100.XSHG"
2025-12-22 11:05:00,止盈,黄金ETF,518880.XSHG,9.431,700.0,7600.0,191.84,10.0,2025-12-22,2025-12,"黄金ETF
518880.XSHG"
2025-12-24 09:31:00,止盈,黄金ETF,518880.XSHG,9.717,700.0,6900.0,199.52,9.0,2025-12-24,2025-12,"黄金ETF
518880.XSHG"
2025-12-25 13:12:00,止盈,500ETF,510500.XSHG,7.504,900.0,6741.0,196.42,7.0,2025-12-25,2025-12,"500ETF
510500.XSHG"
2025-12-30 09:31:00,加仓,黄金ETF,518880.XSHG,9.275,700.0,7600.0,,10.0,2025-12-30,2025-12,"黄金ETF
518880.XSHG"
2026-01-05 10:29:00,止盈,500ETF,510500.XSHG,7.73,900.0,5841.0,202.7,6.0,2026-01-05,2026-01,"500ETF
510500.XSHG"
2026-01-05 10:30:00,止盈,创业板ETF易方达,159915.XSHE,3.254,2200.0,14500.0,208.28,6.0,2026-01-05,2026-01,"创业板ETF易方达
159915.XSHE"
2026-01-06 09:55:00,止盈,黄金ETF,518880.XSHG,9.554,700.0,6900.0,194.63,9.0,2026-01-06,2026-01,"黄金ETF
518880.XSHG"
2026-01-07 09:30:00,止盈,500ETF,510500.XSHG,7.964,900.0,4941.0,209.88,6.0,2026-01-07,2026-01,"500ETF
510500.XSHG"
2026-01-09 10:37:00,止盈,500ETF,510500.XSHG,8.203,800.0,4141.0,190.54,5.0,2026-01-09,2026-01,"500ETF
510500.XSHG"
2026-01-12 13:01:00,止盈,创业板ETF易方达,159915.XSHE,3.352,2100.0,12400.0,205.1,6.0,2026-01-12,2026-01,"创业板ETF易方达
159915.XSHE"
2026-01-14 09:31:00,止盈,黄金ETF,518880.XSHG,9.873,700.0,6200.0,222.61,8.0,2026-01-14,2026-01,"黄金ETF
518880.XSHG"
2026-01-14 10:01:00,止盈,500ETF,510500.XSHG,8.45,800.0,3341.0,196.92,4.0,2026-01-14,2026-01,"500ETF
510500.XSHG"
2026-01-20 09:39:00,加仓,纳指ETF,513100.XSHG,1.882,3600.0,43600.0,,12.0,2026-01-20,2026-01,"纳指ETF
513100.XSHG"
2026-01-20 09:40:00,等级校准,纳指ETF,513100.XSHG,,,43600.0,,,2026-01-20,2026-01,"纳指ETF
513100.XSHG"
2026-01-20 10:24:00,加仓,创业板ETF易方达,159915.XSHE,3.25,2000.0,14400.0,,7.0,2026-01-20,2026-01,"创业板ETF易方达
159915.XSHE"
2026-01-20 10:25:00,等级校准,创业板ETF易方达,159915.XSHE,,,14400.0,,,2026-01-20,2026-01,"创业板ETF易方达
159915.XSHE"
2026-01-21 09:31:00,止盈,黄金ETF,518880.XSHG,10.368,700.0,5500.0,345.77,9.0,2026-01-21,2026-01,"黄金ETF
518880.XSHG"
2026-01-23 14:57:00,止盈,500ETF,510500.XSHG,8.705,800.0,2541.0,203.3,3.0,2026-01-23,2026-01,"500ETF
510500.XSHG"
2026-01-26 09:31:00,止盈,黄金ETF,518880.XSHG,10.893,600.0,4900.0,314.35,8.0,2026-01-26,2026-01,"黄金ETF
518880.XSHG"
2026-01-26 09:31:00,止盈,创业板ETF易方达,159915.XSHE,3.351,2100.0,12300.0,211.4,6.0,2026-01-26,2026-01,"创业板ETF易方达
159915.XSHE"
2026-01-27 10:01:00,加仓,500ETF,510500.XSHG,8.443,800.0,3341.0,,4.0,2026-01-27,2026-01,"500ETF
510500.XSHG"
2026-01-28 11:05:00,止盈,黄金ETF,518880.XSHG,11.224,600.0,4300.0,197.93,7.0,2026-01-28,2026-01,"黄金ETF
518880.XSHG"
2026-01-28 13:12:00,止盈,500ETF,510500.XSHG,8.699,800.0,2541.0,204.1,3.0,2026-01-28,2026-01,"500ETF
510500.XSHG"
2026-01-29 09:31:00,止盈,黄金ETF,518880.XSHG,11.91,600.0,3700.0,410.89,7.0,2026-01-29,2026-01,"黄金ETF
518880.XSHG"
2026-01-30 09:31:00,加仓,黄金ETF,518880.XSHG,11.464,500.0,4200.0,,8.0,2026-01-30,2026-01,"黄金ETF
518880.XSHG"
2026-01-30 09:32:00,等级校准,黄金ETF,518880.XSHG,,,4200.0,,,2026-01-30,2026-01,"黄金ETF
518880.XSHG"
2026-01-30 09:55:00,加仓,500ETF,510500.XSHG,8.429,800.0,3341.0,,4.0,2026-01-30,2026-01,"500ETF
510500.XSHG"
2026-01-30 10:15:00,加仓,黄金ETF,518880.XSHG,11.103,600.0,4800.0,,8.0,2026-01-30,2026-01,"黄金ETF
518880.XSHG"
2026-01-30 10:35:00,加仓,创业板ETF易方达,159915.XSHE,3.245,2000.0,14300.0,,7.0,2026-01-30,2026-01,"创业板ETF易方达
159915.XSHE"
2026-01-30 10:36:00,等级校准,创业板ETF易方达,159915.XSHE,,,14300.0,,,2026-01-30,2026-01,"创业板ETF易方达
159915.XSHE"
2026-01-30 13:06:00,止盈,创业板ETF易方达,159915.XSHE,3.346,2100.0,12200.0,211.4,6.0,2026-01-30,2026-01,"创业板ETF易方达
159915.XSHE"
2026-02-02 09:31:00,加仓,黄金ETF,518880.XSHG,9.918,600.0,5400.0,,9.0,2026-02-02,2026-02,"黄金ETF
518880.XSHG"
2026-02-02 09:32:00,等级校准,黄金ETF,518880.XSHG,,,5400.0,,,2026-02-02,2026-02,"黄金ETF
518880.XSHG"
2026-02-02 10:34:00,止盈,黄金ETF,518880.XSHG,10.232,700.0,4700.0,219.08,7.0,2026-02-02,2026-02,"黄金ETF
518880.XSHG"
2026-02-02 13:36:00,加仓,500ETF,510500.XSHG,8.173,800.0,4141.0,,5.0,2026-02-02,2026-02,"500ETF
510500.XSHG"
2026-02-02 13:38:00,加仓,黄金ETF,518880.XSHG,9.921,600.0,5300.0,,8.0,2026-02-02,2026-02,"黄金ETF
518880.XSHG"
2026-02-02 13:39:00,等级校准,黄金ETF,518880.XSHG,,,5300.0,,,2026-02-02,2026-02,"黄金ETF
518880.XSHG"
2026-02-03 09:31:00,止盈,黄金ETF,518880.XSHG,10.362,700.0,4600.0,307.97,7.0,2026-02-03,2026-02,"黄金ETF
518880.XSHG"
2026-02-03 10:46:00,加仓,创业板ETF易方达,159915.XSHE,3.244,2000.0,14200.0,,7.0,2026-02-03,2026-02,"创业板ETF易方达
159915.XSHE"
2026-02-03 10:47:00,等级校准,创业板ETF易方达,159915.XSHE,,,14200.0,,,2026-02-03,2026-02,"创业板ETF易方达
159915.XSHE"
2026-02-04 09:31:00,止盈,黄金ETF,518880.XSHG,10.793,600.0,4000.0,257.95,6.0,2026-02-04,2026-02,"黄金ETF
518880.XSHG"
2026-02-05 10:47:00,加仓,黄金ETF,518880.XSHG,10.463,600.0,4600.0,,7.0,2026-02-05,2026-02,"黄金ETF
518880.XSHG"
2026-02-06 09:31:00,加仓,纳指ETF,513100.XSHG,1.809,3700.0,47300.0,,12.0,2026-02-06,2026-02,"纳指ETF
513100.XSHG"
2026-02-06 09:31:00,加仓,黄金ETF,518880.XSHG,10.077,600.0,5200.0,,8.0,2026-02-06,2026-02,"黄金ETF
518880.XSHG"
2026-02-06 10:39:00,止盈,黄金ETF,518880.XSHG,10.381,600.0,4600.0,181.78,7.0,2026-02-06,2026-02,"黄金ETF
518880.XSHG"
2026-02-09 09:31:00,止盈,黄金ETF,518880.XSHG,10.719,600.0,4000.0,202.16,6.0,2026-02-09,2026-02,"黄金ETF
518880.XSHG"
2026-02-11 09:39:00,止盈,500ETF,510500.XSHG,8.421,800.0,3341.0,197.73,4.0,2026-02-11,2026-02,"500ETF
510500.XSHG"
2026-02-25 11:28:00,止盈,创业板ETF易方达,159915.XSHE,3.342,2100.0,12100.0,205.1,6.0,2026-02-25,2026-02,"创业板ETF易方达
159915.XSHE"
2026-02-27 10:03:00,止盈,500ETF,510500.XSHG,8.677,800.0,2541.0,204.11,3.0,2026-02-27,2026-02,"500ETF
510500.XSHG"
2026-03-02 09:31:00,止盈,黄金ETF,518880.XSHG,11.329,600.0,3400.0,365.32,5.0,2026-03-02,2026-03,"黄金ETF
518880.XSHG"
2026-03-03 10:19:00,加仓,创业板ETF易方达,159915.XSHE,3.241,2000.0,14100.0,,7.0,2026-03-03,2026-03,"创业板ETF易方达
159915.XSHE"
2026-03-03 10:20:00,等级校准,创业板ETF易方达,159915.XSHE,,,14100.0,,,2026-03-03,2026-03,"创业板ETF易方达
159915.XSHE"
2026-03-03 13:57:00,加仓,500ETF,510500.XSHG,8.411,800.0,3341.0,,4.0,2026-03-03,2026-03,"500ETF
510500.XSHG"
2026-03-04 09:33:00,加仓,黄金ETF,518880.XSHG,10.986,600.0,4000.0,,6.0,2026-03-04,2026-03,"黄金ETF
518880.XSHG"
2026-03-04 13:06:00,加仓,创业板ETF易方达,159915.XSHE,3.14,2100.0,16200.0,,7.0,2026-03-04,2026-03,"创业板ETF易方达
159915.XSHE"
2026-03-05 10:16:00,止盈,创业板ETF易方达,159915.XSHE,3.235,2200.0,14000.0,208.29,6.0,2026-03-05,2026-03,"创业板ETF易方达
159915.XSHE"
2026-03-09 09:31:00,加仓,纳指ETF,513100.XSHG,1.748,3800.0,51100.0,,13.0,2026-03-09,2026-03,"纳指ETF
513100.XSHG"
2026-03-09 09:32:00,等级校准,纳指ETF,513100.XSHG,,,51100.0,,,2026-03-09,2026-03,"纳指ETF
513100.XSHG"
2026-03-09 09:32:00,加仓,创业板ETF易方达,159915.XSHE,3.126,2100.0,16100.0,,7.0,2026-03-09,2026-03,"创业板ETF易方达
159915.XSHE"
2026-03-09 09:54:00,加仓,500ETF,510500.XSHG,8.152,800.0,4141.0,,5.0,2026-03-09,2026-03,"500ETF
510500.XSHG"
2026-03-10 09:31:00,止盈,500ETF,510500.XSHG,8.454,800.0,3341.0,240.92,4.0,2026-03-10,2026-03,"500ETF
510500.XSHG"
2026-03-10 09:31:00,止盈,创业板ETF易方达,159915.XSHE,3.268,2200.0,13900.0,311.68,6.0,2026-03-10,2026-03,"创业板ETF易方达
159915.XSHE"
2026-03-11 10:50:00,止盈,创业板ETF易方达,159915.XSHE,3.367,2100.0,11800.0,207.19,5.0,2026-03-11,2026-03,"创业板ETF易方达
159915.XSHE"
2026-03-16 09:31:00,加仓,黄金ETF,518880.XSHG,10.625,600.0,4600.0,,7.0,2026-03-16,2026-03,"黄金ETF
518880.XSHG"
2026-03-16 09:42:00,加仓,500ETF,510500.XSHG,8.189,800.0,4141.0,,5.0,2026-03-16,2026-03,"500ETF
510500.XSHG"
2026-03-19 09:31:00,加仓,黄金ETF,518880.XSHG,10.292,600.0,5200.0,,8.0,2026-03-19,2026-03,"黄金ETF
518880.XSHG"
2026-03-19 13:45:00,加仓,500ETF,510500.XSHG,7.942,800.0,4941.0,,6.0,2026-03-19,2026-03,"500ETF
510500.XSHG"
2026-03-20 09:31:00,加仓,黄金ETF,518880.XSHG,9.909,600.0,5800.0,,9.0,2026-03-20,2026-03,"黄金ETF
518880.XSHG"
2026-03-20 09:32:00,等级校准,黄金ETF,518880.XSHG,,,5800.0,,,2026-03-20,2026-03,"黄金ETF
518880.XSHG"
2026-03-23 09:31:00,加仓,黄金ETF,518880.XSHG,9.48,700.0,6500.0,,9.0,2026-03-23,2026-03,"黄金ETF
518880.XSHG"
2026-03-23 09:32:00,加仓,500ETF,510500.XSHG,7.694,800.0,5741.0,,7.0,2026-03-23,2026-03,"500ETF
510500.XSHG"
2026-03-23 09:33:00,等级校准,500ETF,510500.XSHG,,,5741.0,,,2026-03-23,2026-03,"500ETF
510500.XSHG"
2026-03-23 11:12:00,加仓,纳指ETF,513100.XSHG,1.694,4000.0,55100.0,,13.0,2026-03-23,2026-03,"纳指ETF
513100.XSHG"
2026-03-23 13:00:00,加仓,创业板ETF易方达,159915.XSHE,3.264,2000.0,13800.0,,6.0,2026-03-23,2026-03,"创业板ETF易方达
159915.XSHE"
2026-03-23 13:33:00,加仓,黄金ETF,518880.XSHG,9.192,700.0,7200.0,,10.0,2026-03-23,2026-03,"黄金ETF
518880.XSHG"
2026-03-23 14:44:00,加仓,黄金ETF,518880.XSHG,8.913,700.0,7900.0,,11.0,2026-03-23,2026-03,"黄金ETF
518880.XSHG"
2026-03-23 14:48:00,加仓,500ETF,510500.XSHG,7.462,900.0,6641.0,,7.0,2026-03-23,2026-03,"500ETF
510500.XSHG"
2026-03-24 09:31:00,止盈,黄金ETF,518880.XSHG,9.213,700.0,7200.0,209.36,10.0,2026-03-24,2026-03,"黄金ETF
518880.XSHG"
2026-03-24 10:14:00,加仓,创业板ETF易方达,159915.XSHE,3.166,2100.0,15900.0,,7.0,2026-03-24,2026-03,"创业板ETF易方达
159915.XSHE"
2026-03-25 09:31:00,止盈,黄金ETF,518880.XSHG,9.701,700.0,6500.0,340.92,9.0,2026-03-25,2026-03,"黄金ETF
518880.XSHG"
2026-03-25 09:31:00,止盈,500ETF,510500.XSHG,7.716,900.0,5741.0,227.91,6.0,2026-03-25,2026-03,"500ETF
510500.XSHG"
2026-03-25 09:31:00,止盈,创业板ETF易方达,159915.XSHE,3.275,2200.0,13700.0,239.08,6.0,2026-03-25,2026-03,"创业板ETF易方达
159915.XSHE"
2026-03-26 14:03:00,加仓,黄金ETF,518880.XSHG,9.408,700.0,7200.0,,10.0,2026-03-26,2026-03,"黄金ETF
518880.XSHG"
2026-03-31 09:31:00,止盈,黄金ETF,518880.XSHG,9.758,700.0,6500.0,244.32,9.0,2026-03-31,2026-03,"黄金ETF
518880.XSHG"
2026-04-01 14:31:00,止盈,纳指ETF,513100.XSHG,1.745,4100.0,51000.0,208.38,12.0,2026-04-01,2026-04,"纳指ETF
513100.XSHG"
2026-04-02 13:02:00,加仓,创业板ETF易方达,159915.XSHE,3.174,2100.0,15800.0,,7.0,2026-04-02,2026-04,"创业板ETF易方达
159915.XSHE"
2026-04-08 09:31:00,止盈,黄金ETF,518880.XSHG,10.099,700.0,5800.0,237.99,9.0,2026-04-08,2026-04,"黄金ETF
518880.XSHG"
2026-04-08 09:34:00,止盈,纳指ETF,513100.XSHG,1.8,4000.0,47000.0,219.28,12.0,2026-04-08,2026-04,"纳指ETF
513100.XSHG"
2026-04-08 09:41:00,止盈,创业板ETF易方达,159915.XSHE,3.27,2200.0,13600.0,210.48,6.0,2026-04-08,2026-04,"创业板ETF易方达
159915.XSHE"
2026-04-08 11:15:00,止盈,500ETF,510500.XSHG,7.949,900.0,4841.0,208.98,6.0,2026-04-08,2026-04,"500ETF
510500.XSHG"
2026-04-10 09:35:00,止盈,创业板ETF易方达,159915.XSHE,3.37,2100.0,11500.0,209.29,5.0,2026-04-10,2026-04,"创业板ETF易方达
159915.XSHE"
2026-04-13 10:01:00,止盈,创业板ETF易方达,159915.XSHE,3.472,2000.0,9500.0,203.31,4.0,2026-04-13,2026-04,"创业板ETF易方达
159915.XSHE"
2026-04-15 09:31:00,止盈,纳指ETF,513100.XSHG,1.857,3800.0,43200.0,215.89,11.0,2026-04-15,2026-04,"纳指ETF
513100.XSHG"
2026-04-15 09:31:00,止盈,500ETF,510500.XSHG,8.221,800.0,4041.0,216.94,5.0,2026-04-15,2026-04,"500ETF
510500.XSHG"
2026-04-15 09:31:00,止盈,创业板ETF易方达,159915.XSHE,3.587,2000.0,7500.0,229.28,3.0,2026-04-15,2026-04,"创业板ETF易方达
159915.XSHE"
2026-04-22 09:39:00,止盈,创业板ETF易方达,159915.XSHE,3.697,1900.0,5600.0,208.3,3.0,2026-04-22,2026-04,"创业板ETF易方达
159915.XSHE"
2026-04-23 09:33:00,止盈,纳指ETF,513100.XSHG,1.914,3700.0,39500.0,210.19,10.0,2026-04-23,2026-04,"纳指ETF
513100.XSHG"
2026-04-28 13:08:00,加仓,黄金ETF,518880.XSHG,9.786,600.0,6400.0,,10.0,2026-04-28,2026-04,"黄金ETF
518880.XSHG"
2026-04-28 13:09:00,等级校准,黄金ETF,518880.XSHG,,,6400.0,,,2026-04-28,2026-04,"黄金ETF
518880.XSHG"
2026-04-30 09:31:00,止盈,纳指ETF,513100.XSHG,1.976,3600.0,35900.0,222.49,10.0,2026-04-30,2026-04,"纳指ETF
513100.XSHG"
2026-05-06 09:31:00,止盈,500ETF,510500.XSHG,8.541,800.0,3241.0,255.32,4.0,2026-05-06,2026-05,"500ETF
510500.XSHG"
2026-05-06 10:14:00,止盈,创业板ETF易方达,159915.XSHE,3.812,1800.0,3800.0,206.31,2.0,2026-05-06,2026-05,"创业板ETF易方达
159915.XSHE"
2026-05-07 09:32:00,止盈,纳指ETF,513100.XSHG,2.037,3500.0,32400.0,212.79,9.0,2026-05-07,2026-05,"纳指ETF
513100.XSHG"
2026-05-11 09:31:00,止盈,纳指ETF,513100.XSHG,2.104,3400.0,29000.0,227.08,8.0,2026-05-11,2026-05,"纳指ETF
513100.XSHG"
2026-05-11 09:31:00,止盈,500ETF,510500.XSHG,8.84,800.0,2441.0,238.49,3.0,2026-05-11,2026-05,"500ETF
510500.XSHG"
2026-05-11 13:02:00,止盈,创业板ETF易方达,159915.XSHE,3.929,1800.0,2000.0,209.89,1.0,2026-05-11,2026-05,"创业板ETF易方达
159915.XSHE"
2026-05-13 14:34:00,止盈,创业板ETF易方达,159915.XSHE,4.05,1700.0,300.0,205.01,1.0,2026-05-13,2026-05,"创业板ETF易方达
159915.XSHE"
2026-05-15 09:50:00,加仓,创业板ETF易方达,159915.XSHE,3.926,1700.0,2000.0,,2.0,2026-05-15,2026-05,"创业板ETF易方达
159915.XSHE"
2026-05-15 09:51:00,等级校准,创业板ETF易方达,159915.XSHE,,,2000.0,,,2026-05-15,2026-05,"创业板ETF易方达
159915.XSHE"
2026-05-15 14:02:00,加仓,500ETF,510500.XSHG,8.573,700.0,3141.0,,4.0,2026-05-15,2026-05,"500ETF
510500.XSHG"
2026-05-15 14:03:00,等级校准,500ETF,510500.XSHG,,,3141.0,,,2026-05-15,2026-05,"500ETF
510500.XSHG"
2026-05-18 09:31:00,加仓,黄金ETF,518880.XSHG,9.44,700.0,7100.0,,10.0,2026-05-18,2026-05,"黄金ETF
518880.XSHG"
2026-05-19 13:12:00,加仓,纳指ETF,513100.XSHG,2.04,3300.0,32300.0,,9.0,2026-05-19,2026-05,"纳指ETF
513100.XSHG"
2026-05-21 09:32:00,止盈,500ETF,510500.XSHG,8.843,800.0,2341.0,215.29,3.0,2026-05-21,2026-05,"500ETF
510500.XSHG"
2026-05-21 13:17:00,止盈,纳指ETF,513100.XSHG,2.102,3400.0,28900.0,210.09,8.0,2026-05-21,2026-05,"纳指ETF
513100.XSHG"
2026-05-21 14:31:00,加仓,500ETF,510500.XSHG,8.575,700.0,3041.0,,4.0,2026-05-21,2026-05,"500ETF
510500.XSHG"
2026-05-21 14:32:00,等级校准,500ETF,510500.XSHG,,,3041.0,,,2026-05-21,2026-05,"500ETF
510500.XSHG"
