timestamp,159915.XSHE,510500.XSHG,513100.XSHG,518880.XSHG
2015-01-05,79905.59999999999,79959.3,79900.79999999999,79837.2
2015-01-06,72077.6,72251.4,87145.4,79837.2
2015-01-07,0.0,0.0,0.0,0.0
2015-01-08,0.0,0.0,0.0,0.0
2015-01-09,64076.200000000004,72251.4,87145.4,79837.2
2015-01-10,0.0,0.0,0.0,0.0
2015-01-11,0.0,0.0,0.0,0.0
2015-01-12,64076.200000000004,79649.6,87145.4,79837.2
2015-01-13,0.0,0.0,0.0,0.0
2015-01-14,0.0,0.0,0.0,0.0
2015-01-15,64076.200000000004,71991.5,87145.4,79837.2
2015-01-16,55820.8,71991.5,87145.4,72761.0
2015-01-17,0.0,0.0,0.0,0.0
2015-01-18,0.0,0.0,0.0,0.0
2015-01-19,55471.799999999996,79055.2,87145.4,72761.0
2015-01-20,47025.600000000006,71191.5,87145.4,65209.799999999996
2015-01-21,38295.0,71191.5,87145.4,65209.799999999996
2015-01-22,38295.0,63080.0,87145.4,65209.799999999996
2015-01-23,38295.0,63080.0,80137.2,65209.799999999996
2015-01-24,0.0,0.0,0.0,0.0
2015-01-25,0.0,0.0,0.0,0.0
2015-01-26,0.0,0.0,0.0,0.0
2015-01-27,0.0,0.0,0.0,0.0
2015-01-28,38295.0,54762.5,80137.2,65209.799999999996
2015-01-29,38295.0,54762.5,87062.20000000001,65209.799999999996
2015-01-30,0.0,0.0,0.0,0.0
2015-01-31,0.0,0.0,0.0,0.0
2015-02-01,0.0,0.0,0.0,0.0
2015-02-02,46835.0,62247.200000000004,87062.20000000001,65209.799999999996
2015-02-03,38105.6,62247.200000000004,87062.20000000001,65209.799999999996
2015-02-04,38105.6,53968.5,87062.20000000001,65209.799999999996
2015-02-05,28966.6,53968.5,87062.20000000001,65209.799999999996
2015-02-06,37727.4,61971.7,87062.20000000001,65209.799999999996
2015-02-07,0.0,0.0,0.0,0.0
2015-02-08,0.0,0.0,0.0,0.0
2015-02-09,37727.4,61971.7,87062.20000000001,72307.79999999999
2015-02-10,0.0,0.0,0.0,0.0
2015-02-11,28640.5,61971.7,87062.20000000001,72307.79999999999
2015-02-12,28640.5,61971.7,79515.0,72307.79999999999
2015-02-13,28640.5,53546.4,79515.0,72307.79999999999
2015-02-14,0.0,0.0,0.0,0.0
2015-02-15,0.0,0.0,0.0,0.0
2015-02-16,9677.800000000001,53546.4,79515.0,72307.79999999999
2015-02-17,9677.800000000001,45148.6,71706.3,72307.79999999999
2015-02-18,0.0,0.0,0.0,0.0
2015-02-19,0.0,0.0,0.0,0.0
2015-02-20,0.0,0.0,0.0,0.0
2015-02-21,0.0,0.0,0.0,0.0
2015-02-22,0.0,0.0,0.0,0.0
2015-02-23,0.0,0.0,0.0,0.0
2015-02-24,0.0,0.0,0.0,0.0
2015-02-25,0.0,0.0,0.0,0.0
2015-02-26,0.0,0.0,0.0,0.0
2015-02-27,0.0,0.0,0.0,0.0
2015-02-28,0.0,0.0,0.0,0.0
2015-03-01,0.0,0.0,0.0,0.0
2015-03-02,79900.0,36207.6,71706.3,72307.79999999999
2015-03-03,0.0,0.0,0.0,0.0
2015-03-04,72056.40000000001,36207.6,71706.3,72307.79999999999
2015-03-05,0.0,0.0,0.0,0.0
2015-03-06,79439.4,36207.6,71706.3,72307.79999999999
2015-03-07,0.0,0.0,0.0,0.0
2015-03-08,0.0,0.0,0.0,0.0
2015-03-09,79439.4,36207.6,71706.3,78162.4
2015-03-10,71632.0,36207.6,71706.3,78162.4
2015-03-11,0.0,0.0,0.0,0.0
2015-03-12,0.0,0.0,0.0,0.0
2015-03-13,63640.5,27050.4,71706.3,78162.4
2015-03-14,0.0,0.0,0.0,0.0
2015-03-15,0.0,0.0,0.0,0.0
2015-03-16,55306.4,17673.4,71706.3,78162.4
2015-03-17,0.0,0.0,0.0,0.0
2015-03-18,55306.4,8075.4,71706.3,78162.4
2015-03-19,0.0,0.0,0.0,0.0
2015-03-20,46807.799999999996,8075.4,71706.3,78162.4
2015-03-21,0.0,0.0,0.0,0.0
2015-03-22,0.0,0.0,0.0,0.0
2015-03-23,37984.2,79998.1,71706.3,78162.4
2015-03-24,28710.399999999998,79722.0,71706.3,78162.4
2015-03-25,28710.399999999998,72019.5,71706.3,78162.4
2015-03-26,37392.799999999996,72019.5,71706.3,78162.4
2015-03-27,0.0,0.0,0.0,0.0
2015-03-28,0.0,0.0,0.0,0.0
2015-03-29,0.0,0.0,0.0,0.0
2015-03-30,37392.799999999996,63910.50000000001,71706.3,78162.4
2015-03-31,28448.000000000004,63910.50000000001,71706.3,78162.4
2015-04-01,0.0,0.0,0.0,0.0
2015-04-02,19372.2,55677.1,71706.3,78162.4
2015-04-03,0.0,0.0,0.0,0.0
2015-04-04,0.0,0.0,0.0,0.0
2015-04-05,0.0,0.0,0.0,0.0
2015-04-06,0.0,0.0,0.0,0.0
2015-04-07,9893.3,47304.0,71706.3,78162.4
2015-04-08,19188.0,47304.0,71706.3,78162.4
2015-04-09,10155.6,55305.90000000001,71706.3,78162.4
2015-04-10,10155.6,46716.2,71706.3,78162.4
2015-04-11,0.0,0.0,0.0,0.0
2015-04-12,0.0,0.0,0.0,0.0
2015-04-13,0.0,0.0,0.0,0.0
2015-04-14,0.0,0.0,0.0,0.0
2015-04-15,19422.0,21146.665,71706.3,78162.4
2015-04-16,9889.199999999999,20168.239999999998,71706.3,78162.4
2015-04-17,9889.199999999999,11192.0,71706.3,78162.4
2015-04-18,0.0,0.0,0.0,0.0
2015-04-19,0.0,0.0,0.0,0.0
2015-04-20,19106.0,11192.0,71706.3,78162.4
2015-04-21,79759.4,11192.0,71706.3,78162.4
2015-04-22,79759.4,1639.76,71706.3,78162.4
2015-04-23,72107.4,1639.76,71706.3,78162.4
2015-04-24,64079.1,1639.76,71706.3,78162.4
2015-04-25,0.0,0.0,0.0,0.0
2015-04-26,0.0,0.0,0.0,0.0
2015-04-27,64079.1,79394.1,63683.00000000001,78162.4
2015-04-28,71596.0,86091.20000000001,63683.00000000001,78162.4
2015-04-29,63624.0,86091.20000000001,63683.00000000001,78162.4
2015-04-30,55753.200000000004,78586.4,63683.00000000001,78162.4
2015-05-01,0.0,0.0,0.0,0.0
2015-05-02,0.0,0.0,0.0,0.0
2015-05-03,0.0,0.0,0.0,0.0
2015-05-04,0.0,0.0,0.0,0.0
2015-05-05,63623.99999999999,85232.5,63683.00000000001,78162.4
2015-05-06,55085.399999999994,92149.5,71170.4,78162.4
2015-05-07,0.0,0.0,0.0,0.0
2015-05-08,38042.4,84323.4,71170.4,78162.4
2015-05-09,0.0,0.0,0.0,0.0
2015-05-10,0.0,0.0,0.0,0.0
2015-05-11,29032.1,76689.0,71170.4,78162.4
2015-05-12,19731.2,69338.29999999999,71170.4,78162.4
2015-05-13,0.0,0.0,0.0,0.0
2015-05-14,0.0,0.0,0.0,0.0
2015-05-15,28540.8,69338.29999999999,63172.799999999996,78162.4
2015-05-16,0.0,0.0,0.0,0.0
2015-05-17,0.0,0.0,0.0,0.0
2015-05-18,19366.2,69338.29999999999,63172.799999999996,70602.0
2015-05-19,9836.3,61512.799999999996,63172.799999999996,70602.0
2015-05-20,79739.2,53255.1,63172.799999999996,70602.0
2015-05-21,72096.6,45237.5,63172.799999999996,70602.0
2015-05-22,71674.5,36963.0,63172.799999999996,70602.0
2015-05-23,0.0,0.0,0.0,0.0
2015-05-24,0.0,0.0,0.0,0.0
2015-05-25,70723.2,36963.0,63172.799999999996,70602.0
2015-05-26,62915.4,27807.3,63172.799999999996,70602.0
2015-05-27,62915.4,19150.199999999997,63172.799999999996,70602.0
2015-05-28,70680.8,35928.0,63172.799999999996,70602.0
2015-05-29,69325.3,35640.0,63172.799999999996,78022.2
2015-05-30,0.0,0.0,0.0,0.0
2015-05-31,0.0,0.0,0.0,0.0
2015-06-01,53085.0,17882.3,63172.799999999996,78022.2
2015-06-02,35691.5,8679.2,63172.799999999996,78022.2
2015-06-03,0.0,0.0,0.0,0.0
2015-06-04,34698.299999999996,9598.5,63172.799999999996,78022.2
2015-06-05,34642.5,79819.2,63172.799999999996,78022.2
2015-06-06,0.0,0.0,0.0,0.0
2015-06-07,0.0,0.0,0.0,0.0
2015-06-08,50866.4,79819.2,63172.799999999996,78022.2
2015-06-09,50445.5,79819.2,63172.799999999996,78022.2
2015-06-10,33237.0,73318.4,63172.799999999996,78022.2
2015-06-11,0.0,0.0,0.0,0.0
2015-06-12,33237.0,66080.0,63172.799999999996,78022.2
2015-06-13,0.0,0.0,0.0,0.0
2015-06-14,0.0,0.0,0.0,0.0
2015-06-15,41909.4,73222.40000000001,63172.799999999996,78022.2
2015-06-16,49579.200000000004,79754.4,63172.799999999996,78022.2
2015-06-17,40779.0,72235.79999999999,63172.799999999996,78022.2
2015-06-18,57258.8,78852.6,63172.799999999996,78022.2
2015-06-19,65023.799999999996,90139.2,63172.799999999996,78022.2
2015-06-20,0.0,0.0,0.0,0.0
2015-06-21,0.0,0.0,0.0,0.0
2015-06-22,0.0,0.0,0.0,0.0
2015-06-23,64140.0,87826.5,63172.799999999996,78022.2
2015-06-24,0.0,0.0,0.0,0.0
2015-06-25,71817.9,87756.9,63172.799999999996,78022.2
2015-06-26,91532.40000000001,105142.4,63172.799999999996,78022.2
2015-06-27,0.0,0.0,0.0,0.0
2015-06-28,0.0,0.0,0.0,0.0
2015-06-29,103666.4,116463.7,63172.799999999996,78022.2
2015-06-30,96192.0,101361.0,70686.0,78022.2
2015-07-01,101673.0,113413.5,70686.0,78022.2
2015-07-02,106263.29999999999,124846.4,70686.0,78022.2
2015-07-03,104847.5,135062.19999999998,70686.0,85118.40000000001
2015-07-04,0.0,0.0,0.0,0.0
2015-07-05,0.0,0.0,0.0,0.0
2015-07-06,126517.2,147154.69999999998,70686.0,85118.40000000001
2015-07-07,140690.7,155549.0,78139.5,85118.40000000001
2015-07-08,136111.7,149712.3,67971.0,92105.1
2015-07-09,124766.19999999998,139496.0,67971.0,84813.7
2015-07-10,128532.9,135767.69999999998,67971.0,84813.7
2015-07-11,0.0,0.0,0.0,0.0
2015-07-12,0.0,0.0,0.0,0.0
2015-07-13,130935.99999999999,126384.2,67971.0,84813.7
2015-07-14,119158.2,126463.2,59941.2,84813.7
2015-07-15,134920.5,141706.5,59941.2,84813.7
2015-07-16,125510.99999999999,134190.0,59941.2,84813.7
2015-07-17,106424.40000000001,123395.5,51617.100000000006,84813.7
2015-07-18,0.0,0.0,0.0,0.0
2015-07-19,0.0,0.0,0.0,0.0
2015-07-20,105843.7,117646.1,43005.0,91881.0
2015-07-21,105843.7,117431.59999999999,43005.0,91881.0
2015-07-22,0.0,0.0,0.0,0.0
2015-07-23,99151.5,110812.9,43005.0,91881.0
2015-07-24,105105.0,110694.99999999999,43005.0,91881.0
2015-07-25,0.0,0.0,0.0,0.0
2015-07-26,0.0,0.0,0.0,0.0
2015-07-27,117086.99999999999,121937.2,51321.3,91881.0
2015-07-28,112866.6,119064.6,51321.3,91881.0
2015-07-29,105839.4,112070.00000000001,51321.3,91881.0
2015-07-30,112210.00000000001,111714.30000000002,51321.3,91881.0
2015-07-31,117093.2,117644.1,43036.0,98608.8
2015-08-01,0.0,0.0,0.0,0.0
2015-08-02,0.0,0.0,0.0,0.0
2015-08-03,123161.50000000001,122918.3,43036.0,98608.8
2015-08-04,110322.0,111310.8,43036.0,98608.8
2015-08-05,116523.0,111310.8,43036.0,98608.8
2015-08-06,116523.0,109903.20000000001,43036.0,98608.8
2015-08-07,109852.49999999999,109903.20000000001,43036.0,98608.8
2015-08-08,0.0,0.0,0.0,0.0
2015-08-09,0.0,0.0,0.0,0.0
2015-08-10,95864.4,96364.2,51405.0,98608.8
2015-08-11,95864.4,96364.2,42700.8,91351.2
2015-08-12,102336.0,96364.2,42700.8,83974.8
2015-08-13,0.0,0.0,0.0,0.0
2015-08-14,95682.0,89795.4,42700.8,83974.8
2015-08-15,0.0,0.0,0.0,0.0
2015-08-16,0.0,0.0,0.0,0.0
2015-08-17,102081.59999999999,89795.4,42700.8,83974.8
2015-08-18,114104.1,101812.5,33973.5,83974.8
2015-08-19,106763.0,94897.4,33973.5,83974.8
2015-08-20,106763.0,100886.4,42405.0,83974.8
2015-08-21,118125.0,107127.2,50646.6,76911.59999999999
2015-08-22,0.0,0.0,0.0,0.0
2015-08-23,0.0,0.0,0.0,0.0
2015-08-24,125972.0,120982.20000000001,56902.5,76640.0
2015-08-25,129346.8,129148.6,55757.4,76640.0
2015-08-26,133764.8,129392.2,55757.4,83535.40000000001
2015-08-27,127015.2,128088.2,47454.0,83535.40000000001
2015-08-28,114109.5,117269.59999999999,38680.2,83535.40000000001
2015-08-29,0.0,0.0,0.0,0.0
2015-08-30,0.0,0.0,0.0,0.0
2015-08-31,119979.3,122853.00000000001,38680.2,83535.40000000001
2015-09-01,131252.0,133063.5,47100.799999999996,83535.40000000001
2015-09-02,128520.0,129063.4,55262.399999999994,83535.40000000001
2015-09-03,0.0,0.0,0.0,0.0
2015-09-04,0.0,0.0,0.0,0.0
2015-09-05,0.0,0.0,0.0,0.0
2015-09-06,0.0,0.0,0.0,0.0
2015-09-07,122389.5,124462.79999999999,55262.399999999994,83535.40000000001
2015-09-08,109804.5,116618.29999999999,46878.799999999996,83535.40000000001
2015-09-09,102995.2,110240.6,46878.799999999996,83535.40000000001
2015-09-10,0.0,0.0,0.0,0.0
2015-09-11,0.0,0.0,0.0,0.0
2015-09-12,0.0,0.0,0.0,0.0
2015-09-13,0.0,0.0,0.0,0.0
2015-09-14,120648.6,127327.20000000001,46878.799999999996,83535.40000000001
2015-09-15,131783.1,132718.8,46878.799999999996,83535.40000000001
2015-09-16,112644.0,120861.00000000001,46878.799999999996,83535.40000000001
2015-09-17,111962.0,120861.00000000001,38138.8,83535.40000000001
2015-09-18,105260.09999999999,126832.1,38138.8,83535.40000000001
2015-09-19,0.0,0.0,0.0,0.0
2015-09-20,0.0,0.0,0.0,0.0
2015-09-21,91251.8,114363.1,38138.8,83535.40000000001
2015-09-22,0.0,0.0,0.0,0.0
2015-09-23,90163.5,114363.1,46623.6,83535.40000000001
2015-09-24,0.0,0.0,0.0,0.0
2015-09-25,95963.8,120124.8,46623.6,83535.40000000001
2015-09-26,0.0,0.0,0.0,0.0
2015-09-27,0.0,0.0,0.0,0.0
2015-09-28,88788.59999999999,120124.8,46623.6,83535.40000000001
2015-09-29,88788.59999999999,120124.8,54744.9,83535.40000000001
2015-09-30,0.0,0.0,0.0,0.0
2015-10-01,0.0,0.0,0.0,0.0
2015-10-02,0.0,0.0,0.0,0.0
2015-10-03,0.0,0.0,0.0,0.0
2015-10-04,0.0,0.0,0.0,0.0
2015-10-05,0.0,0.0,0.0,0.0
2015-10-06,0.0,0.0,0.0,0.0
2015-10-07,0.0,0.0,0.0,0.0
2015-10-08,75593.4,116358.6,46690.0,83535.40000000001
2015-10-09,0.0,0.0,0.0,0.0
2015-10-10,0.0,0.0,0.0,0.0
2015-10-11,0.0,0.0,0.0,0.0
2015-10-12,59630.0,110057.59999999999,46690.0,83535.40000000001
2015-10-13,0.0,0.0,0.0,0.0
2015-10-14,59630.0,110057.59999999999,46690.0,75811.2
2015-10-15,51363.200000000004,103659.3,46690.0,75811.2
2015-10-16,51363.200000000004,97038.0,46690.0,75811.2
2015-10-17,0.0,0.0,0.0,0.0
2015-10-18,0.0,0.0,0.0,0.0
2015-10-19,0.0,0.0,0.0,0.0
2015-10-20,42788.399999999994,97038.0,37973.0,75811.2
2015-10-21,58972.200000000004,102993.2,37973.0,75811.2
2015-10-22,50498.5,102993.2,37973.0,75811.2
2015-10-23,33020.799999999996,96051.2,37973.0,75811.2
2015-10-24,0.0,0.0,0.0,0.0
2015-10-25,0.0,0.0,0.0,0.0
2015-10-26,33020.799999999996,96051.2,29422.0,75811.2
2015-10-27,32697.000000000004,89406.90000000001,29422.0,75811.2
2015-10-28,32697.000000000004,95917.20000000001,29422.0,75811.2
2015-10-29,41289.6,95917.20000000001,29422.0,75811.2
2015-10-30,0.0,0.0,0.0,0.0
2015-10-31,0.0,0.0,0.0,0.0
2015-11-01,0.0,0.0,0.0,0.0
2015-11-02,0.0,0.0,0.0,0.0
2015-11-03,0.0,0.0,0.0,0.0
2015-11-04,32414.600000000002,89334.3,29422.0,82641.8
2015-11-05,32212.600000000002,89334.3,29422.0,82641.8
2015-11-06,22954.0,82144.8,29422.0,82641.8
2015-11-07,0.0,0.0,0.0,0.0
2015-11-08,0.0,0.0,0.0,0.0
2015-11-09,13379.6,82144.8,29422.0,82641.8
2015-11-10,13379.6,74470.5,29422.0,82641.8
2015-11-11,3714.2,74470.5,29422.0,82641.8
2015-11-12,0.0,0.0,0.0,0.0
2015-11-13,13117.2,74470.5,29422.0,89646.0
2015-11-14,0.0,0.0,0.0,0.0
2015-11-15,0.0,0.0,0.0,0.0
2015-11-16,3448.9,74470.5,37926.1,89646.0
2015-11-17,12850.0,74584.5,37926.1,89646.0
2015-11-18,0.0,0.0,0.0,0.0
2015-11-19,12850.0,74584.5,29026.5,89646.0
2015-11-20,3181.2,74584.5,29026.5,89646.0
2015-11-21,0.0,0.0,0.0,0.0
2015-11-22,0.0,0.0,0.0,0.0
2015-11-23,3181.2,67138.7,29026.5,89646.0
2015-11-24,0.0,0.0,0.0,0.0
2015-11-25,79862.0,67138.7,29026.5,89646.0
2015-11-26,0.0,0.0,0.0,0.0
2015-11-27,100185.8,81159.5,29026.5,89646.0
2015-11-28,0.0,0.0,0.0,0.0
2015-11-29,0.0,0.0,0.0,0.0
2015-11-30,99776.40000000001,80999.0,29026.5,89646.0
2015-12-01,0.0,0.0,0.0,0.0
2015-12-02,99287.6,80999.0,29026.5,89646.0
2015-12-03,92199.4,80999.0,29026.5,89646.0
2015-12-04,92199.4,73310.6,29026.5,89646.0
2015-12-05,0.0,0.0,0.0,0.0
2015-12-06,0.0,0.0,0.0,0.0
2015-12-07,0.0,0.0,0.0,0.0
2015-12-08,0.0,0.0,0.0,0.0
2015-12-09,92199.4,80157.2,29026.5,89646.0
2015-12-10,0.0,0.0,0.0,0.0
2015-12-11,0.0,0.0,0.0,0.0
2015-12-12,0.0,0.0,0.0,0.0
2015-12-13,0.0,0.0,0.0,0.0
2015-12-14,91764.0,80157.2,29026.5,89646.0
2015-12-15,0.0,0.0,0.0,0.0
2015-12-16,91764.0,72437.7,29026.5,89646.0
2015-12-17,84294.59999999999,72437.7,19739.600000000002,89646.0
2015-12-18,0.0,0.0,0.0,0.0
2015-12-19,0.0,0.0,0.0,0.0
2015-12-20,0.0,0.0,0.0,0.0
2015-12-21,84294.59999999999,65018.7,28566.3,89646.0
2015-12-22,0.0,0.0,0.0,0.0
2015-12-23,0.0,0.0,0.0,0.0
2015-12-24,0.0,0.0,0.0,0.0
2015-12-25,84294.59999999999,65018.7,28706.600000000002,89646.0
2015-12-26,0.0,0.0,0.0,0.0
2015-12-27,0.0,0.0,0.0,0.0
2015-12-28,0.0,0.0,0.0,0.0
2015-12-29,91401.4,72400.5,28706.600000000002,89646.0
2015-12-30,0.0,0.0,0.0,0.0
2015-12-31,0.0,0.0,0.0,0.0
2016-01-01,0.0,0.0,0.0,0.0
2016-01-02,0.0,0.0,0.0,0.0
2016-01-03,0.0,0.0,0.0,0.0
2016-01-04,110409.50000000001,86128.20000000001,28706.600000000002,89646.0
2016-01-05,115179.99999999999,90012.0,28706.600000000002,89646.0
2016-01-06,108965.0,82835.6,28706.600000000002,82232.6
2016-01-07,120763.5,95040.0,28706.600000000002,82232.6
2016-01-08,120278.40000000001,86963.2,37454.0,82232.6
2016-01-09,0.0,0.0,0.0,0.0
2016-01-10,0.0,0.0,0.0,0.0
2016-01-11,131065.5,99867.7,37454.0,82232.6
2016-01-12,125017.8,99867.7,37454.0,82232.6
2016-01-13,130865.4,105831.59999999999,37454.0,82232.6
2016-01-14,121702.5,105728.40000000001,45067.6,82232.6
2016-01-15,0.0,0.0,0.0,0.0
2016-01-16,0.0,0.0,0.0,0.0
2016-01-17,0.0,0.0,0.0,0.0
2016-01-18,115202.40000000001,105728.40000000001,45067.6,82232.6
2016-01-19,115202.40000000001,100354.8,45067.6,82232.6
2016-01-20,0.0,0.0,0.0,0.0
2016-01-21,121177.70000000001,106447.5,45067.6,82232.6
2016-01-22,121177.70000000001,112761.0,45067.6,82232.6
2016-01-23,0.0,0.0,0.0,0.0
2016-01-24,0.0,0.0,0.0,0.0
2016-01-25,121177.70000000001,106327.8,45067.6,82232.6
2016-01-26,132759.6,118734.7,45067.6,74529.0
2016-01-27,132100.8,124523.4,45067.6,74529.0
2016-01-28,137632.0,129752.8,45067.6,74529.0
2016-01-29,131651.8,123540.59999999999,45067.6,74529.0
2016-01-30,0.0,0.0,0.0,0.0
2016-01-31,0.0,0.0,0.0,0.0
2016-02-01,0.0,0.0,0.0,0.0
2016-02-02,125575.2,123540.59999999999,45067.6,74529.0
2016-02-03,0.0,0.0,0.0,0.0
2016-02-04,119263.79999999999,117484.5,45067.6,74529.0
2016-02-05,119263.79999999999,117484.5,45067.6,66803.1
2016-02-06,0.0,0.0,0.0,0.0
2016-02-07,0.0,0.0,0.0,0.0
2016-02-08,0.0,0.0,0.0,0.0
2016-02-09,0.0,0.0,0.0,0.0
2016-02-10,0.0,0.0,0.0,0.0
2016-02-11,0.0,0.0,0.0,0.0
2016-02-12,0.0,0.0,0.0,0.0
2016-02-13,0.0,0.0,0.0,0.0
2016-02-14,0.0,0.0,0.0,0.0
2016-02-15,117269.90000000001,117484.5,45067.6,60370.3
2016-02-16,110548.90000000001,110860.0,45067.6,68021.0
2016-02-17,103748.3,110860.0,45067.6,68021.0
2016-02-18,103748.3,104462.4,45067.6,68021.0
2016-02-19,0.0,0.0,0.0,0.0
2016-02-20,0.0,0.0,0.0,0.0
2016-02-21,0.0,0.0,0.0,0.0
2016-02-22,0.0,0.0,0.0,0.0
2016-02-23,0.0,0.0,0.0,0.0
2016-02-24,103748.3,104462.4,45067.6,59995.2
2016-02-25,122048.40000000001,116720.0,45067.6,59995.2
2016-02-26,0.0,0.0,0.0,0.0
2016-02-27,0.0,0.0,0.0,0.0
2016-02-28,0.0,0.0,0.0,0.0
2016-02-29,132713.1,128395.8,45067.6,59995.2
2016-03-01,132713.1,122104.79999999999,45067.6,59995.2
2016-03-02,120206.4,115877.70000000001,36208.5,59995.2
2016-03-03,120206.4,109382.0,36208.5,59995.2
2016-03-04,125582.40000000001,115315.2,36208.5,59995.2
2016-03-05,0.0,0.0,0.0,0.0
2016-03-06,0.0,0.0,0.0,0.0
2016-03-07,0.0,0.0,0.0,0.0
2016-03-08,118378.0,115315.2,36208.5,51701.0
2016-03-09,118378.0,115315.2,44804.5,51701.0
2016-03-10,0.0,0.0,0.0,0.0
2016-03-11,122716.2,121131.00000000001,44804.5,51701.0
2016-03-12,0.0,0.0,0.0,0.0
2016-03-13,0.0,0.0,0.0,0.0
2016-03-14,110016.0,115037.99999999999,44804.5,51701.0
2016-03-15,110016.0,115037.99999999999,44804.5,59667.3
2016-03-16,0.0,0.0,0.0,0.0
2016-03-17,103053.8,108364.7,35952.899999999994,59667.3
2016-03-18,96036.90000000001,101614.4,35952.899999999994,59667.3
2016-03-19,0.0,0.0,0.0,0.0
2016-03-20,0.0,0.0,0.0,0.0
2016-03-21,88831.0,101614.4,35952.899999999994,59667.3
2016-03-22,0.0,0.0,0.0,0.0
2016-03-23,0.0,0.0,0.0,0.0
2016-03-24,0.0,0.0,0.0,0.0
2016-03-25,0.0,0.0,0.0,0.0
2016-03-26,0.0,0.0,0.0,0.0
2016-03-27,0.0,0.0,0.0,0.0
2016-03-28,88831.0,94512.8,35952.899999999994,59667.3
2016-03-29,95629.1,100962.2,35952.899999999994,59667.3
2016-03-30,88410.0,93786.0,35952.899999999994,59667.3
2016-03-31,0.0,0.0,0.0,0.0
2016-04-01,0.0,0.0,0.0,0.0
2016-04-02,0.0,0.0,0.0,0.0
2016-04-03,0.0,0.0,0.0,0.0
2016-04-04,0.0,0.0,0.0,0.0
2016-04-05,80903.7,93786.0,35952.899999999994,59667.3
2016-04-06,0.0,0.0,0.0,0.0
2016-04-07,80903.7,86922.0,35952.899999999994,59667.3
2016-04-08,88115.70000000001,93771.29999999999,35952.899999999994,59667.3
2016-04-09,0.0,0.0,0.0,0.0
2016-04-10,0.0,0.0,0.0,0.0
2016-04-11,80798.40000000001,86737.2,35952.899999999994,59667.3
2016-04-12,0.0,0.0,0.0,0.0
2016-04-13,0.0,0.0,0.0,0.0
2016-04-14,0.0,0.0,0.0,0.0
2016-04-15,0.0,0.0,0.0,0.0
2016-04-16,0.0,0.0,0.0,0.0
2016-04-17,0.0,0.0,0.0,0.0
2016-04-18,0.0,0.0,0.0,0.0
2016-04-19,0.0,0.0,0.0,0.0
2016-04-20,94627.5,99921.6,35952.899999999994,59667.3
2016-04-21,0.0,0.0,0.0,0.0
2016-04-22,0.0,0.0,0.0,0.0
2016-04-23,0.0,0.0,0.0,0.0
2016-04-24,0.0,0.0,0.0,0.0
2016-04-25,0.0,0.0,0.0,0.0
2016-04-26,0.0,0.0,0.0,0.0
2016-04-27,0.0,0.0,0.0,0.0
2016-04-28,0.0,0.0,0.0,0.0
2016-04-29,94627.5,99921.6,35952.899999999994,51376.6
2016-04-30,0.0,0.0,0.0,0.0
2016-05-01,0.0,0.0,0.0,0.0
2016-05-02,0.0,0.0,0.0,0.0
2016-05-03,87235.2,92812.2,35952.899999999994,51376.6
2016-05-04,0.0,0.0,0.0,0.0
2016-05-05,0.0,0.0,0.0,0.0
2016-05-06,94035.3,92812.2,35952.899999999994,51376.6
2016-05-07,0.0,0.0,0.0,0.0
2016-05-08,0.0,0.0,0.0,0.0
2016-05-09,100864.0,105315.0,35952.899999999994,51376.6
2016-05-10,0.0,0.0,0.0,0.0
2016-05-11,0.0,0.0,0.0,0.0
2016-05-12,107061.0,105315.0,35952.899999999994,51376.6
2016-05-13,0.0,0.0,0.0,0.0
2016-05-14,0.0,0.0,0.0,0.0
2016-05-15,0.0,0.0,0.0,0.0
2016-05-16,0.0,0.0,0.0,0.0
2016-05-17,100113.0,105315.0,35952.899999999994,51376.6
2016-05-18,106568.0,105315.0,35952.899999999994,51376.6
2016-05-19,99771.2,105315.0,35952.899999999994,51376.6
2016-05-20,0.0,0.0,0.0,0.0
2016-05-21,0.0,0.0,0.0,0.0
2016-05-22,0.0,0.0,0.0,0.0
2016-05-23,0.0,0.0,0.0,0.0
2016-05-24,0.0,0.0,0.0,0.0
2016-05-25,99771.2,105315.0,35952.899999999994,59386.0
2016-05-26,0.0,0.0,0.0,0.0
2016-05-27,0.0,0.0,0.0,0.0
2016-05-28,0.0,0.0,0.0,0.0
2016-05-29,0.0,0.0,0.0,0.0
2016-05-30,99771.2,105315.0,26883.6,59386.0
2016-05-31,92699.2,98693.0,26883.6,59386.0
2016-06-01,85276.5,98693.0,26883.6,59386.0
2016-06-02,0.0,0.0,0.0,0.0
2016-06-03,85276.5,91625.5,26883.6,59386.0
2016-06-04,0.0,0.0,0.0,0.0
2016-06-05,0.0,0.0,0.0,0.0
2016-06-06,0.0,0.0,0.0,0.0
2016-06-07,0.0,0.0,0.0,0.0
2016-06-08,0.0,0.0,0.0,0.0
2016-06-09,0.0,0.0,0.0,0.0
2016-06-10,0.0,0.0,0.0,0.0
2016-06-11,0.0,0.0,0.0,0.0
2016-06-12,0.0,0.0,0.0,0.0
2016-06-13,92203.2,98000.0,26883.6,51724.799999999996
2016-06-14,98828.5,98000.0,26883.6,51724.799999999996
2016-06-15,91526.4,98000.0,26883.6,51724.799999999996
2016-06-16,91526.4,98000.0,26883.6,43028.0
2016-06-17,0.0,0.0,0.0,0.0
2016-06-18,0.0,0.0,0.0,0.0
2016-06-19,0.0,0.0,0.0,0.0
2016-06-20,0.0,0.0,0.0,0.0
2016-06-21,91526.4,90892.8,26883.6,43028.0
2016-06-22,91526.4,90892.8,26883.6,51417.200000000004
2016-06-23,0.0,0.0,0.0,0.0
2016-06-24,91526.4,97260.3,35555.5,43505.0
2016-06-25,0.0,0.0,0.0,0.0
2016-06-26,0.0,0.0,0.0,0.0
2016-06-27,84118.5,90104.3,35555.5,43505.0
2016-06-28,0.0,0.0,0.0,0.0
2016-06-29,76612.2,90104.3,35555.5,43505.0
2016-06-30,0.0,0.0,0.0,0.0
2016-07-01,0.0,0.0,0.0,0.0
2016-07-02,0.0,0.0,0.0,0.0
2016-07-03,0.0,0.0,0.0,0.0
2016-07-04,76612.2,83110.40000000001,26347.1,34652.799999999996
2016-07-05,0.0,0.0,0.0,0.0
2016-07-06,0.0,0.0,0.0,0.0
2016-07-07,0.0,0.0,0.0,0.0
2016-07-08,0.0,0.0,0.0,0.0
2016-07-09,0.0,0.0,0.0,0.0
2016-07-10,0.0,0.0,0.0,0.0
2016-07-11,0.0,0.0,0.0,0.0
2016-07-12,76612.2,75597.0,16863.0,34652.799999999996
2016-07-13,0.0,0.0,0.0,0.0
2016-07-14,0.0,0.0,0.0,0.0
2016-07-15,0.0,0.0,0.0,0.0
2016-07-16,0.0,0.0,0.0,0.0
2016-07-17,0.0,0.0,0.0,0.0
2016-07-18,0.0,0.0,0.0,0.0
2016-07-19,0.0,0.0,0.0,0.0
2016-07-20,0.0,0.0,0.0,0.0
2016-07-21,76612.2,75597.0,16863.0,43207.2
2016-07-22,0.0,0.0,0.0,0.0
2016-07-23,0.0,0.0,0.0,0.0
2016-07-24,0.0,0.0,0.0,0.0
2016-07-25,0.0,0.0,0.0,0.0
2016-07-26,0.0,0.0,0.0,0.0
2016-07-27,83864.3,82029.29999999999,16863.0,43207.2
2016-07-28,83864.3,82029.29999999999,7116.5,43207.2
2016-07-29,0.0,0.0,0.0,0.0
2016-07-30,0.0,0.0,0.0,0.0
2016-07-31,0.0,0.0,0.0,0.0
2016-08-01,90966.7,82029.29999999999,79993.0,43207.2
2016-08-02,0.0,0.0,0.0,0.0
2016-08-03,90966.7,82029.29999999999,79993.0,34326.2
2016-08-04,0.0,0.0,0.0,0.0
2016-08-05,0.0,0.0,0.0,0.0
2016-08-06,0.0,0.0,0.0,0.0
2016-08-07,0.0,0.0,0.0,0.0
2016-08-08,90966.7,82029.29999999999,72618.0,34326.2
2016-08-09,0.0,0.0,0.0,0.0
2016-08-10,0.0,0.0,0.0,0.0
2016-08-11,0.0,0.0,0.0,0.0
2016-08-12,0.0,0.0,0.0,0.0
2016-08-13,0.0,0.0,0.0,0.0
2016-08-14,0.0,0.0,0.0,0.0
2016-08-15,83535.59999999999,74715.2,72618.0,34326.2
2016-08-16,0.0,0.0,0.0,0.0
2016-08-17,0.0,0.0,0.0,0.0
2016-08-18,0.0,0.0,0.0,0.0
2016-08-19,0.0,0.0,0.0,0.0
2016-08-20,0.0,0.0,0.0,0.0
2016-08-21,0.0,0.0,0.0,0.0
2016-08-22,0.0,0.0,0.0,0.0
2016-08-23,0.0,0.0,0.0,0.0
2016-08-24,0.0,0.0,0.0,0.0
2016-08-25,0.0,0.0,0.0,0.0
2016-08-26,0.0,0.0,0.0,0.0
2016-08-27,0.0,0.0,0.0,0.0
2016-08-28,0.0,0.0,0.0,0.0
2016-08-29,0.0,0.0,0.0,0.0
2016-08-30,0.0,0.0,0.0,0.0
2016-08-31,0.0,0.0,0.0,0.0
2016-09-01,83535.59999999999,74715.2,72618.0,42848.799999999996
2016-09-02,0.0,0.0,0.0,0.0
2016-09-03,0.0,0.0,0.0,0.0
2016-09-04,0.0,0.0,0.0,0.0
2016-09-05,0.0,0.0,0.0,0.0
2016-09-06,0.0,0.0,0.0,0.0
2016-09-07,0.0,0.0,0.0,0.0
2016-09-08,0.0,0.0,0.0,0.0
2016-09-09,0.0,0.0,0.0,0.0
2016-09-10,0.0,0.0,0.0,0.0
2016-09-11,0.0,0.0,0.0,0.0
2016-09-12,83535.59999999999,74715.2,79945.2,42848.799999999996
2016-09-13,0.0,0.0,0.0,0.0
2016-09-14,0.0,0.0,0.0,0.0
2016-09-15,0.0,0.0,0.0,0.0
2016-09-16,0.0,0.0,0.0,0.0
2016-09-17,0.0,0.0,0.0,0.0
2016-09-18,0.0,0.0,0.0,0.0
2016-09-19,0.0,0.0,0.0,0.0
2016-09-20,0.0,0.0,0.0,0.0
2016-09-21,0.0,0.0,0.0,0.0
2016-09-22,83535.59999999999,74715.2,72188.6,42848.799999999996
2016-09-23,0.0,0.0,0.0,0.0
2016-09-24,0.0,0.0,0.0,0.0
2016-09-25,0.0,0.0,0.0,0.0
2016-09-26,0.0,0.0,0.0,0.0
2016-09-27,0.0,0.0,0.0,0.0
2016-09-28,0.0,0.0,0.0,0.0
2016-09-29,0.0,0.0,0.0,0.0
2016-09-30,0.0,0.0,0.0,0.0
2016-10-01,0.0,0.0,0.0,0.0
2016-10-02,0.0,0.0,0.0,0.0
2016-10-03,0.0,0.0,0.0,0.0
2016-10-04,0.0,0.0,0.0,0.0
2016-10-05,0.0,0.0,0.0,0.0
2016-10-06,0.0,0.0,0.0,0.0
2016-10-07,0.0,0.0,0.0,0.0
2016-10-08,0.0,0.0,0.0,0.0
2016-10-09,0.0,0.0,0.0,0.0
2016-10-10,83535.59999999999,74715.2,72188.6,51032.3
2016-10-11,0.0,0.0,0.0,0.0
2016-10-12,0.0,0.0,0.0,0.0
2016-10-13,0.0,0.0,0.0,0.0
2016-10-14,0.0,0.0,0.0,0.0
2016-10-15,0.0,0.0,0.0,0.0
2016-10-16,0.0,0.0,0.0,0.0
2016-10-17,0.0,0.0,0.0,0.0
2016-10-18,0.0,0.0,0.0,0.0
2016-10-19,0.0,0.0,0.0,0.0
2016-10-20,0.0,0.0,0.0,0.0
2016-10-21,0.0,0.0,0.0,0.0
2016-10-22,0.0,0.0,0.0,0.0
2016-10-23,0.0,0.0,0.0,0.0
2016-10-24,0.0,0.0,0.0,0.0
2016-10-25,0.0,0.0,0.0,0.0
2016-10-26,0.0,0.0,0.0,0.0
2016-10-27,0.0,0.0,0.0,0.0
2016-10-28,0.0,0.0,0.0,0.0
2016-10-29,0.0,0.0,0.0,0.0
2016-10-30,0.0,0.0,0.0,0.0
2016-10-31,0.0,0.0,0.0,0.0
2016-11-01,0.0,0.0,0.0,0.0
2016-11-02,83535.59999999999,74715.2,72188.6,42566.9
2016-11-03,0.0,0.0,0.0,0.0
2016-11-04,0.0,0.0,0.0,0.0
2016-11-05,0.0,0.0,0.0,0.0
2016-11-06,0.0,0.0,0.0,0.0
2016-11-07,0.0,0.0,0.0,0.0
2016-11-08,0.0,0.0,0.0,0.0
2016-11-09,83535.59999999999,74715.2,79562.5,42566.9
2016-11-10,83535.59999999999,74715.2,71801.6,42566.9
2016-11-11,83535.59999999999,67394.59999999999,71801.6,42566.9
2016-11-12,0.0,0.0,0.0,0.0
2016-11-13,0.0,0.0,0.0,0.0
2016-11-14,83535.59999999999,67394.59999999999,71801.6,49792.200000000004
2016-11-15,0.0,0.0,0.0,0.0
2016-11-16,0.0,0.0,0.0,0.0
2016-11-17,0.0,0.0,0.0,0.0
2016-11-18,0.0,0.0,0.0,0.0
2016-11-19,0.0,0.0,0.0,0.0
2016-11-20,0.0,0.0,0.0,0.0
2016-11-21,0.0,0.0,0.0,0.0
2016-11-22,83535.59999999999,67394.59999999999,63830.200000000004,49792.200000000004
2016-11-23,0.0,0.0,0.0,0.0
2016-11-24,0.0,0.0,0.0,0.0
2016-11-25,83535.59999999999,67394.59999999999,55600.5,49792.200000000004
2016-11-26,0.0,0.0,0.0,0.0
2016-11-27,0.0,0.0,0.0,0.0
2016-11-28,0.0,0.0,0.0,0.0
2016-11-29,0.0,0.0,0.0,0.0
2016-11-30,0.0,0.0,0.0,0.0
2016-12-01,83535.59999999999,67394.59999999999,63331.8,49792.200000000004
2016-12-02,0.0,0.0,0.0,0.0
2016-12-03,0.0,0.0,0.0,0.0
2016-12-04,0.0,0.0,0.0,0.0
2016-12-05,0.0,0.0,0.0,0.0
2016-12-06,0.0,0.0,0.0,0.0
2016-12-07,0.0,0.0,0.0,0.0
2016-12-08,0.0,0.0,0.0,0.0
2016-12-09,90675.0,67394.59999999999,63331.8,49792.200000000004
2016-12-10,0.0,0.0,0.0,0.0
2016-12-11,0.0,0.0,0.0,0.0
2016-12-12,97504.59999999999,74704.0,63331.8,49792.200000000004
2016-12-13,104225.0,74704.0,63331.8,49792.200000000004
2016-12-14,0.0,0.0,0.0,0.0
2016-12-15,0.0,0.0,0.0,0.0
2016-12-16,104225.0,74704.0,55022.8,49792.200000000004
2016-12-17,0.0,0.0,0.0,0.0
2016-12-18,0.0,0.0,0.0,0.0
2016-12-19,0.0,0.0,0.0,0.0
2016-12-20,0.0,0.0,0.0,0.0
2016-12-21,104225.0,74704.0,55022.8,57556.299999999996
2016-12-22,0.0,0.0,0.0,0.0
2016-12-23,0.0,0.0,0.0,0.0
2016-12-24,0.0,0.0,0.0,0.0
2016-12-25,0.0,0.0,0.0,0.0
2016-12-26,104225.0,74704.0,46584.2,57556.299999999996
2016-12-27,104225.0,74704.0,54750.0,57556.299999999996
2016-12-28,0.0,0.0,0.0,0.0
2016-12-29,0.0,0.0,0.0,0.0
2016-12-30,0.0,0.0,0.0,0.0
2016-12-31,0.0,0.0,0.0,0.0
2017-01-01,0.0,0.0,0.0,0.0
2017-01-02,0.0,0.0,0.0,0.0
2017-01-03,0.0,0.0,0.0,0.0
2017-01-04,0.0,0.0,0.0,0.0
2017-01-05,0.0,0.0,0.0,0.0
2017-01-06,0.0,0.0,0.0,0.0
2017-01-07,0.0,0.0,0.0,0.0
2017-01-08,0.0,0.0,0.0,0.0
2017-01-09,0.0,0.0,0.0,0.0
2017-01-10,104225.0,74704.0,54750.0,49191.5
2017-01-11,0.0,0.0,0.0,0.0
2017-01-12,0.0,0.0,0.0,0.0
2017-01-13,110647.6,74704.0,54750.0,49191.5
2017-01-14,0.0,0.0,0.0,0.0
2017-01-15,0.0,0.0,0.0,0.0
2017-01-16,122677.6,88139.1,54750.0,49191.5
2017-01-17,116215.79999999999,88139.1,54750.0,49191.5
2017-01-18,0.0,0.0,0.0,0.0
2017-01-19,0.0,0.0,0.0,0.0
2017-01-20,0.0,0.0,0.0,0.0
2017-01-21,0.0,0.0,0.0,0.0
2017-01-22,0.0,0.0,0.0,0.0
2017-01-23,116215.79999999999,81144.0,54750.0,49191.5
2017-01-24,0.0,0.0,0.0,0.0
2017-01-25,0.0,0.0,0.0,0.0
2017-01-26,116215.79999999999,81144.0,46248.0,49191.5
2017-01-27,0.0,0.0,0.0,0.0
2017-01-28,0.0,0.0,0.0,0.0
2017-01-29,0.0,0.0,0.0,0.0
2017-01-30,0.0,0.0,0.0,0.0
2017-01-31,0.0,0.0,0.0,0.0
2017-02-01,0.0,0.0,0.0,0.0
2017-02-02,0.0,0.0,0.0,0.0
2017-02-03,0.0,0.0,0.0,0.0
2017-02-04,0.0,0.0,0.0,0.0
2017-02-05,0.0,0.0,0.0,0.0
2017-02-06,0.0,0.0,0.0,0.0
2017-02-07,0.0,0.0,0.0,0.0
2017-02-08,0.0,0.0,0.0,0.0
2017-02-09,109493.8,81144.0,46248.0,40537.2
2017-02-10,109493.8,73637.40000000001,46248.0,40537.2
2017-02-11,0.0,0.0,0.0,0.0
2017-02-12,0.0,0.0,0.0,0.0
2017-02-13,0.0,0.0,0.0,0.0
2017-02-14,0.0,0.0,0.0,0.0
2017-02-15,0.0,0.0,0.0,0.0
2017-02-16,109493.8,73637.40000000001,37461.3,40537.2
2017-02-17,0.0,0.0,0.0,0.0
2017-02-18,0.0,0.0,0.0,0.0
2017-02-19,0.0,0.0,0.0,0.0
2017-02-20,0.0,0.0,0.0,0.0
2017-02-21,0.0,0.0,0.0,0.0
2017-02-22,0.0,0.0,0.0,0.0
2017-02-23,0.0,0.0,0.0,0.0
2017-02-24,0.0,0.0,0.0,0.0
2017-02-25,0.0,0.0,0.0,0.0
2017-02-26,0.0,0.0,0.0,0.0
2017-02-27,0.0,0.0,0.0,0.0
2017-02-28,0.0,0.0,0.0,0.0
2017-03-01,0.0,0.0,0.0,0.0
2017-03-02,109493.8,73637.40000000001,28598.799999999996,40537.2
2017-03-03,0.0,0.0,0.0,0.0
2017-03-04,0.0,0.0,0.0,0.0
2017-03-05,0.0,0.0,0.0,0.0
2017-03-06,0.0,0.0,0.0,0.0
2017-03-07,102598.4,65606.4,28598.799999999996,40537.2
2017-03-08,0.0,0.0,0.0,0.0
2017-03-09,0.0,0.0,0.0,0.0
2017-03-10,0.0,0.0,0.0,0.0
2017-03-11,0.0,0.0,0.0,0.0
2017-03-12,0.0,0.0,0.0,0.0
2017-03-13,0.0,0.0,0.0,0.0
2017-03-14,0.0,0.0,0.0,0.0
2017-03-15,0.0,0.0,0.0,0.0
2017-03-16,0.0,0.0,0.0,0.0
2017-03-17,0.0,0.0,0.0,0.0
2017-03-18,0.0,0.0,0.0,0.0
2017-03-19,0.0,0.0,0.0,0.0
2017-03-20,0.0,0.0,0.0,0.0
2017-03-21,0.0,0.0,0.0,0.0
2017-03-22,0.0,0.0,0.0,0.0
2017-03-23,0.0,0.0,0.0,0.0
2017-03-24,102598.4,65606.4,37264.1,40537.2
2017-03-25,0.0,0.0,0.0,0.0
2017-03-26,0.0,0.0,0.0,0.0
2017-03-27,0.0,0.0,0.0,0.0
2017-03-28,0.0,0.0,0.0,0.0
2017-03-29,0.0,0.0,0.0,0.0
2017-03-30,109191.3,65606.4,37264.1,40537.2
2017-03-31,0.0,0.0,0.0,0.0
2017-04-01,0.0,0.0,0.0,0.0
2017-04-02,0.0,0.0,0.0,0.0
2017-04-03,0.0,0.0,0.0,0.0
2017-04-04,0.0,0.0,0.0,0.0
2017-04-05,0.0,0.0,0.0,0.0
2017-04-06,0.0,0.0,0.0,0.0
2017-04-07,109191.3,65606.4,37264.1,31628.8
2017-04-08,0.0,0.0,0.0,0.0
2017-04-09,0.0,0.0,0.0,0.0
2017-04-10,0.0,0.0,0.0,0.0
2017-04-11,0.0,0.0,0.0,0.0
2017-04-12,0.0,0.0,0.0,0.0
2017-04-13,0.0,0.0,0.0,0.0
2017-04-14,0.0,0.0,0.0,0.0
2017-04-15,0.0,0.0,0.0,0.0
2017-04-16,0.0,0.0,0.0,0.0
2017-04-17,0.0,0.0,0.0,0.0
2017-04-18,115422.29999999999,65606.4,37264.1,31628.8
2017-04-19,115422.29999999999,72699.0,37264.1,31628.8
2017-04-20,0.0,0.0,0.0,0.0
2017-04-21,0.0,0.0,0.0,0.0
2017-04-22,0.0,0.0,0.0,0.0
2017-04-23,0.0,0.0,0.0,0.0
2017-04-24,0.0,0.0,0.0,0.0
2017-04-25,0.0,0.0,0.0,0.0
2017-04-26,115422.29999999999,72699.0,28168.0,31628.8
2017-04-27,115422.29999999999,80075.0,28168.0,31628.8
2017-04-28,0.0,0.0,0.0,0.0
2017-04-29,0.0,0.0,0.0,0.0
2017-04-30,0.0,0.0,0.0,0.0
2017-05-01,0.0,0.0,0.0,0.0
2017-05-02,0.0,0.0,0.0,0.0
2017-05-03,0.0,0.0,0.0,0.0
2017-05-04,115422.29999999999,80075.0,28168.0,40263.299999999996
2017-05-05,0.0,0.0,0.0,0.0
2017-05-06,0.0,0.0,0.0,0.0
2017-05-07,0.0,0.0,0.0,0.0
2017-05-08,121321.2,80075.0,28168.0,40263.299999999996
2017-05-09,121321.2,86982.0,18864.3,40263.299999999996
2017-05-10,0.0,0.0,0.0,0.0
2017-05-11,127219.5,93787.2,18864.3,40263.299999999996
2017-05-12,0.0,0.0,0.0,0.0
2017-05-13,0.0,0.0,0.0,0.0
2017-05-14,0.0,0.0,0.0,0.0
2017-05-15,0.0,0.0,0.0,0.0
2017-05-16,120766.5,86730.0,18864.3,40263.299999999996
2017-05-17,0.0,0.0,0.0,0.0
2017-05-18,120766.5,86730.0,27925.1,40263.299999999996
2017-05-19,0.0,0.0,0.0,0.0
2017-05-20,0.0,0.0,0.0,0.0
2017-05-21,0.0,0.0,0.0,0.0
2017-05-22,0.0,0.0,0.0,0.0
2017-05-23,120766.5,86730.0,18630.0,40263.299999999996
2017-05-24,126658.0,93740.40000000001,18630.0,40263.299999999996
2017-05-25,120213.0,93740.40000000001,18630.0,40263.299999999996
2017-05-26,0.0,0.0,0.0,0.0
2017-05-27,0.0,0.0,0.0,0.0
2017-05-28,0.0,0.0,0.0,0.0
2017-05-29,0.0,0.0,0.0,0.0
2017-05-30,0.0,0.0,0.0,0.0
2017-05-31,120213.0,86898.0,18630.0,40263.299999999996
2017-06-01,120213.0,93912.0,18630.0,40263.299999999996
2017-06-02,125793.3,93912.0,18630.0,40263.299999999996
2017-06-03,0.0,0.0,0.0,0.0
2017-06-04,0.0,0.0,0.0,0.0
2017-06-05,125793.3,93912.0,8992.2,40263.299999999996
2017-06-06,125793.3,93912.0,8992.2,31324.2
2017-06-07,119380.3,86828.0,8992.2,31324.2
2017-06-08,0.0,0.0,0.0,0.0
2017-06-09,0.0,0.0,0.0,0.0
2017-06-10,0.0,0.0,0.0,0.0
2017-06-11,0.0,0.0,0.0,0.0
2017-06-12,119380.3,86828.0,18242.399999999998,31324.2
2017-06-13,0.0,0.0,0.0,0.0
2017-06-14,0.0,0.0,0.0,0.0
2017-06-15,0.0,0.0,0.0,0.0
2017-06-16,0.0,0.0,0.0,0.0
2017-06-17,0.0,0.0,0.0,0.0
2017-06-18,0.0,0.0,0.0,0.0
2017-06-19,0.0,0.0,0.0,0.0
2017-06-20,113039.4,79223.6,18242.399999999998,31324.2
2017-06-21,0.0,0.0,0.0,0.0
2017-06-22,0.0,0.0,0.0,0.0
2017-06-23,0.0,0.0,0.0,0.0
2017-06-24,0.0,0.0,0.0,0.0
2017-06-25,0.0,0.0,0.0,0.0
2017-06-26,0.0,0.0,0.0,0.0
2017-06-27,0.0,0.0,0.0,0.0
2017-06-28,0.0,0.0,0.0,0.0
2017-06-29,113039.4,79223.6,18242.399999999998,39960.200000000004
2017-06-30,113039.4,79223.6,27335.999999999996,39960.200000000004
2017-07-01,0.0,0.0,0.0,0.0
2017-07-02,0.0,0.0,0.0,0.0
2017-07-03,0.0,0.0,0.0,0.0
2017-07-04,0.0,0.0,0.0,0.0
2017-07-05,0.0,0.0,0.0,0.0
2017-07-06,0.0,0.0,0.0,0.0
2017-07-07,0.0,0.0,0.0,0.0
2017-07-08,0.0,0.0,0.0,0.0
2017-07-09,0.0,0.0,0.0,0.0
2017-07-10,0.0,0.0,0.0,0.0
2017-07-11,119179.5,79223.6,27335.999999999996,39960.200000000004
2017-07-12,0.0,0.0,0.0,0.0
2017-07-13,0.0,0.0,0.0,0.0
2017-07-14,0.0,0.0,0.0,0.0
2017-07-15,0.0,0.0,0.0,0.0
2017-07-16,0.0,0.0,0.0,0.0
2017-07-17,130148.09999999999,86027.1,18026.4,39960.200000000004
2017-07-18,0.0,0.0,0.0,0.0
2017-07-19,130148.09999999999,78437.09999999999,18026.4,39960.200000000004
2017-07-20,0.0,0.0,0.0,0.0
2017-07-21,0.0,0.0,0.0,0.0
2017-07-22,0.0,0.0,0.0,0.0
2017-07-23,0.0,0.0,0.0,0.0
2017-07-24,0.0,0.0,0.0,0.0
2017-07-25,0.0,0.0,0.0,0.0
2017-07-26,0.0,0.0,0.0,0.0
2017-07-27,123971.0,78437.09999999999,18026.4,39960.200000000004
2017-07-28,0.0,0.0,0.0,0.0
2017-07-29,0.0,0.0,0.0,0.0
2017-07-30,0.0,0.0,0.0,0.0
2017-07-31,123971.0,70977.6,18026.4,39960.200000000004
2017-08-01,0.0,0.0,0.0,0.0
2017-08-02,0.0,0.0,0.0,0.0
2017-08-03,0.0,0.0,0.0,0.0
2017-08-04,0.0,0.0,0.0,0.0
2017-08-05,0.0,0.0,0.0,0.0
2017-08-06,0.0,0.0,0.0,0.0
2017-08-07,0.0,0.0,0.0,0.0
2017-08-08,0.0,0.0,0.0,0.0
2017-08-09,0.0,0.0,0.0,0.0
2017-08-10,0.0,0.0,0.0,0.0
2017-08-11,0.0,0.0,0.0,0.0
2017-08-12,0.0,0.0,0.0,0.0
2017-08-13,0.0,0.0,0.0,0.0
2017-08-14,117594.0,70977.6,18026.4,39960.200000000004
2017-08-15,0.0,0.0,0.0,0.0
2017-08-16,110854.8,70977.6,18026.4,39960.200000000004
2017-08-17,0.0,0.0,0.0,0.0
2017-08-18,0.0,0.0,0.0,0.0
2017-08-19,0.0,0.0,0.0,0.0
2017-08-20,0.0,0.0,0.0,0.0
2017-08-21,0.0,0.0,0.0,0.0
2017-08-22,0.0,0.0,0.0,0.0
2017-08-23,0.0,0.0,0.0,0.0
2017-08-24,0.0,0.0,0.0,0.0
2017-08-25,0.0,0.0,0.0,0.0
2017-08-26,0.0,0.0,0.0,0.0
2017-08-27,0.0,0.0,0.0,0.0
2017-08-28,110854.8,62979.600000000006,18026.4,39960.200000000004
2017-08-29,0.0,0.0,0.0,0.0
2017-08-30,0.0,0.0,0.0,0.0
2017-08-31,0.0,0.0,0.0,0.0
2017-09-01,0.0,0.0,0.0,0.0
2017-09-02,0.0,0.0,0.0,0.0
2017-09-03,0.0,0.0,0.0,0.0
2017-09-04,104046.3,62979.600000000006,18026.4,39960.200000000004
2017-09-05,0.0,0.0,0.0,0.0
2017-09-06,0.0,0.0,0.0,0.0
2017-09-07,0.0,0.0,0.0,0.0
2017-09-08,0.0,0.0,0.0,0.0
2017-09-09,0.0,0.0,0.0,0.0
2017-09-10,0.0,0.0,0.0,0.0
2017-09-11,104046.3,55118.3,18026.4,39960.200000000004
2017-09-12,0.0,0.0,0.0,0.0
2017-09-13,0.0,0.0,0.0,0.0
2017-09-14,0.0,0.0,0.0,0.0
2017-09-15,0.0,0.0,0.0,0.0
2017-09-16,0.0,0.0,0.0,0.0
2017-09-17,0.0,0.0,0.0,0.0
2017-09-18,0.0,0.0,0.0,0.0
2017-09-19,0.0,0.0,0.0,0.0
2017-09-20,0.0,0.0,0.0,0.0
2017-09-21,0.0,0.0,0.0,0.0
2017-09-22,0.0,0.0,0.0,0.0
2017-09-23,0.0,0.0,0.0,0.0
2017-09-24,0.0,0.0,0.0,0.0
2017-09-25,0.0,0.0,0.0,0.0
2017-09-26,110506.20000000001,55118.3,18026.4,39960.200000000004
2017-09-27,0.0,0.0,0.0,0.0
2017-09-28,0.0,0.0,0.0,0.0
2017-09-29,0.0,0.0,0.0,0.0
2017-09-30,0.0,0.0,0.0,0.0
2017-10-01,0.0,0.0,0.0,0.0
2017-10-02,0.0,0.0,0.0,0.0
2017-10-03,0.0,0.0,0.0,0.0
2017-10-04,0.0,0.0,0.0,0.0
2017-10-05,0.0,0.0,0.0,0.0
2017-10-06,0.0,0.0,0.0,0.0
2017-10-07,0.0,0.0,0.0,0.0
2017-10-08,0.0,0.0,0.0,0.0
2017-10-09,104033.09999999999,55118.3,18026.4,39960.200000000004
2017-10-10,0.0,0.0,0.0,0.0
2017-10-11,0.0,0.0,0.0,0.0
2017-10-12,0.0,0.0,0.0,0.0
2017-10-13,0.0,0.0,0.0,0.0
2017-10-14,0.0,0.0,0.0,0.0
2017-10-15,0.0,0.0,0.0,0.0
2017-10-16,0.0,0.0,0.0,0.0
2017-10-17,0.0,0.0,0.0,0.0
2017-10-18,0.0,0.0,0.0,0.0
2017-10-19,0.0,0.0,0.0,0.0
2017-10-20,0.0,0.0,0.0,0.0
2017-10-21,0.0,0.0,0.0,0.0
2017-10-22,0.0,0.0,0.0,0.0
2017-10-23,0.0,0.0,0.0,0.0
2017-10-24,0.0,0.0,0.0,0.0
2017-10-25,0.0,0.0,0.0,0.0
2017-10-26,0.0,0.0,0.0,0.0
2017-10-27,0.0,0.0,0.0,0.0
2017-10-28,0.0,0.0,0.0,0.0
2017-10-29,0.0,0.0,0.0,0.0
2017-10-30,104033.09999999999,55118.3,8431.8,39960.200000000004
2017-10-31,0.0,0.0,0.0,0.0
2017-11-01,0.0,0.0,0.0,0.0
2017-11-02,110473.6,55118.3,8431.8,39960.200000000004
2017-11-03,110473.6,62886.6,8431.8,39960.200000000004
2017-11-04,0.0,0.0,0.0,0.0
2017-11-05,0.0,0.0,0.0,0.0
2017-11-06,0.0,0.0,0.0,0.0
2017-11-07,0.0,0.0,0.0,0.0
2017-11-08,0.0,0.0,0.0,0.0
2017-11-09,0.0,0.0,0.0,0.0
2017-11-10,110473.6,55031.4,8431.8,39960.200000000004
2017-11-11,0.0,0.0,0.0,0.0
2017-11-12,0.0,0.0,0.0,0.0
2017-11-13,103557.5,55031.4,8431.8,39960.200000000004
2017-11-14,0.0,0.0,0.0,0.0
2017-11-15,0.0,0.0,0.0,0.0
2017-11-16,0.0,0.0,0.0,0.0
2017-11-17,109998.0,62840.1,8431.8,39960.200000000004
2017-11-18,0.0,0.0,0.0,0.0
2017-11-19,0.0,0.0,0.0,0.0
2017-11-20,0.0,0.0,0.0,0.0
2017-11-21,0.0,0.0,0.0,0.0
2017-11-22,0.0,0.0,0.0,0.0
2017-11-23,0.0,0.0,0.0,0.0
2017-11-24,116240.4,62840.1,8431.8,39960.200000000004
2017-11-25,0.0,0.0,0.0,0.0
2017-11-26,0.0,0.0,0.0,0.0
2017-11-27,116240.4,70117.1,8431.8,39960.200000000004
2017-11-28,0.0,0.0,0.0,0.0
2017-11-29,116240.4,70117.1,79869.79999999999,39960.200000000004
2017-11-30,0.0,0.0,0.0,0.0
2017-12-01,0.0,0.0,0.0,0.0
2017-12-02,0.0,0.0,0.0,0.0
2017-12-03,0.0,0.0,0.0,0.0
2017-12-04,0.0,0.0,0.0,0.0
2017-12-05,122418.6,70117.1,79869.79999999999,39960.200000000004
2017-12-06,0.0,0.0,0.0,0.0
2017-12-07,0.0,0.0,0.0,0.0
2017-12-08,122418.6,70117.1,79869.79999999999,48230.0
2017-12-09,0.0,0.0,0.0,0.0
2017-12-10,0.0,0.0,0.0,0.0
2017-12-11,116002.6,70117.1,79869.79999999999,48230.0
2017-12-12,0.0,0.0,0.0,0.0
2017-12-13,0.0,0.0,0.0,0.0
2017-12-14,0.0,0.0,0.0,0.0
2017-12-15,0.0,0.0,0.0,0.0
2017-12-16,0.0,0.0,0.0,0.0
2017-12-17,0.0,0.0,0.0,0.0
2017-12-18,0.0,0.0,0.0,0.0
2017-12-19,0.0,0.0,0.0,0.0
2017-12-20,0.0,0.0,0.0,0.0
2017-12-21,0.0,0.0,0.0,0.0
2017-12-22,0.0,0.0,0.0,0.0
2017-12-23,0.0,0.0,0.0,0.0
2017-12-24,0.0,0.0,0.0,0.0
2017-12-25,122179.99999999999,70117.1,79869.79999999999,48230.0
2017-12-26,0.0,0.0,0.0,0.0
2017-12-27,0.0,0.0,0.0,0.0
2017-12-28,0.0,0.0,0.0,0.0
2017-12-29,0.0,0.0,0.0,0.0
2017-12-30,0.0,0.0,0.0,0.0
2017-12-31,0.0,0.0,0.0,0.0
2018-01-01,0.0,0.0,0.0,0.0
2018-01-02,0.0,0.0,0.0,0.0
2018-01-03,115765.0,70117.1,79869.79999999999,39759.0
2018-01-04,0.0,0.0,0.0,0.0
2018-01-05,115765.0,62118.4,79869.79999999999,39759.0
2018-01-06,0.0,0.0,0.0,0.0
2018-01-07,0.0,0.0,0.0,0.0
2018-01-08,0.0,0.0,0.0,0.0
2018-01-09,0.0,0.0,0.0,0.0
2018-01-10,0.0,0.0,0.0,0.0
2018-01-11,0.0,0.0,0.0,0.0
2018-01-12,115765.0,62118.4,72157.2,39759.0
2018-01-13,0.0,0.0,0.0,0.0
2018-01-14,0.0,0.0,0.0,0.0
2018-01-15,121941.6,62118.4,72157.2,39759.0
2018-01-16,0.0,0.0,0.0,0.0
2018-01-17,121941.6,69398.2,72157.2,39759.0
2018-01-18,0.0,0.0,0.0,0.0
2018-01-19,0.0,0.0,0.0,0.0
2018-01-20,0.0,0.0,0.0,0.0
2018-01-21,0.0,0.0,0.0,0.0
2018-01-22,0.0,0.0,0.0,0.0
2018-01-23,0.0,0.0,0.0,0.0
2018-01-24,115563.59999999999,69398.2,72157.2,39759.0
2018-01-25,108825.6,61370.4,72157.2,39759.0
2018-01-26,0.0,0.0,0.0,0.0
2018-01-27,0.0,0.0,0.0,0.0
2018-01-28,0.0,0.0,0.0,0.0
2018-01-29,0.0,0.0,0.0,0.0
2018-01-30,115157.1,61370.4,72157.2,39759.0
2018-01-31,121360.0,68670.0,72157.2,39759.0
2018-02-01,121360.0,76068.0,72157.2,39759.0
2018-02-02,127040.0,76068.0,72157.2,39759.0
2018-02-03,0.0,0.0,0.0,0.0
2018-02-04,0.0,0.0,0.0,0.0
2018-02-05,127040.0,76068.0,79503.9,39759.0
2018-02-06,132748.0,82998.0,83929.3,39759.0
2018-02-07,132028.3,89935.6,76605.6,39759.0
2018-02-08,0.0,0.0,0.0,0.0
2018-02-09,137676.0,89935.6,83120.0,39759.0
2018-02-10,0.0,0.0,0.0,0.0
2018-02-11,0.0,0.0,0.0,0.0
2018-02-12,131549.5,89935.6,83120.0,39759.0
2018-02-13,131549.5,89935.6,76172.8,39759.0
2018-02-14,0.0,0.0,0.0,0.0
2018-02-15,0.0,0.0,0.0,0.0
2018-02-16,0.0,0.0,0.0,0.0
2018-02-17,0.0,0.0,0.0,0.0
2018-02-18,0.0,0.0,0.0,0.0
2018-02-19,0.0,0.0,0.0,0.0
2018-02-20,0.0,0.0,0.0,0.0
2018-02-21,0.0,0.0,0.0,0.0
2018-02-22,131549.5,82849.5,68268.59999999999,39759.0
2018-02-23,125294.40000000001,82849.5,68268.59999999999,39759.0
2018-02-24,0.0,0.0,0.0,0.0
2018-02-25,0.0,0.0,0.0,0.0
2018-02-26,118826.99999999999,75267.5,60207.6,39759.0
2018-02-27,0.0,0.0,0.0,0.0
2018-02-28,0.0,0.0,0.0,0.0
2018-03-01,112290.8,75267.5,60207.6,39759.0
2018-03-02,0.0,0.0,0.0,0.0
2018-03-03,0.0,0.0,0.0,0.0
2018-03-04,0.0,0.0,0.0,0.0
2018-03-05,0.0,0.0,0.0,0.0
2018-03-06,0.0,0.0,0.0,0.0
2018-03-07,0.0,0.0,0.0,0.0
2018-03-08,0.0,0.0,0.0,0.0
2018-03-09,105478.8,67756.0,60207.6,39759.0
2018-03-10,0.0,0.0,0.0,0.0
2018-03-11,0.0,0.0,0.0,0.0
2018-03-12,98476.8,67756.0,51924.9,39759.0
2018-03-13,0.0,0.0,0.0,0.0
2018-03-14,0.0,0.0,0.0,0.0
2018-03-15,105184.0,67756.0,51924.9,39759.0
2018-03-16,0.0,0.0,0.0,0.0
2018-03-17,0.0,0.0,0.0,0.0
2018-03-18,0.0,0.0,0.0,0.0
2018-03-19,0.0,0.0,0.0,0.0
2018-03-20,105184.0,67756.0,59899.5,39759.0
2018-03-21,0.0,0.0,0.0,0.0
2018-03-22,0.0,0.0,0.0,0.0
2018-03-23,110390.0,81607.5,67275.2,39759.0
2018-03-24,0.0,0.0,0.0,0.0
2018-03-25,0.0,0.0,0.0,0.0
2018-03-26,109792.79999999999,81607.5,67275.2,39759.0
2018-03-27,102871.8,74482.1,67275.2,39759.0
2018-03-28,0.0,0.0,0.0,0.0
2018-03-29,0.0,0.0,0.0,0.0
2018-03-30,95811.0,74482.1,67275.2,39759.0
2018-03-31,0.0,0.0,0.0,0.0
2018-04-01,0.0,0.0,0.0,0.0
2018-04-02,95811.0,67059.2,67275.2,39759.0
2018-04-03,95811.0,67059.2,74337.0,39759.0
2018-04-04,0.0,0.0,0.0,0.0
2018-04-05,0.0,0.0,0.0,0.0
2018-04-06,0.0,0.0,0.0,0.0
2018-04-07,0.0,0.0,0.0,0.0
2018-04-08,0.0,0.0,0.0,0.0
2018-04-09,0.0,0.0,0.0,0.0
2018-04-10,0.0,0.0,0.0,0.0
2018-04-11,95811.0,67059.2,66720.6,39759.0
2018-04-12,0.0,0.0,0.0,0.0
2018-04-13,0.0,0.0,0.0,0.0
2018-04-14,0.0,0.0,0.0,0.0
2018-04-15,0.0,0.0,0.0,0.0
2018-04-16,0.0,0.0,0.0,0.0
2018-04-17,102470.5,74386.90000000001,66720.6,39759.0
2018-04-18,0.0,0.0,0.0,0.0
2018-04-19,0.0,0.0,0.0,0.0
2018-04-20,0.0,0.0,0.0,0.0
2018-04-21,0.0,0.0,0.0,0.0
2018-04-22,0.0,0.0,0.0,0.0
2018-04-23,108932.7,81244.2,66720.6,39759.0
2018-04-24,102009.7,73738.2,66720.6,39759.0
2018-04-25,0.0,0.0,0.0,0.0
2018-04-26,0.0,0.0,0.0,0.0
2018-04-27,0.0,0.0,0.0,0.0
2018-04-28,0.0,0.0,0.0,0.0
2018-04-29,0.0,0.0,0.0,0.0
2018-04-30,0.0,0.0,0.0,0.0
2018-05-01,0.0,0.0,0.0,0.0
2018-05-02,0.0,0.0,0.0,0.0
2018-05-03,0.0,0.0,0.0,0.0
2018-05-04,0.0,0.0,0.0,0.0
2018-05-05,0.0,0.0,0.0,0.0
2018-05-06,0.0,0.0,0.0,0.0
2018-05-07,102009.7,73738.2,58566.0,39759.0
2018-05-08,0.0,0.0,0.0,0.0
2018-05-09,94945.5,73738.2,58566.0,39759.0
2018-05-10,0.0,0.0,0.0,0.0
2018-05-11,0.0,0.0,0.0,0.0
2018-05-12,0.0,0.0,0.0,0.0
2018-05-13,0.0,0.0,0.0,0.0
2018-05-14,0.0,0.0,0.0,0.0
2018-05-15,0.0,0.0,0.0,0.0
2018-05-16,94945.5,73738.2,58566.0,48037.4
2018-05-17,0.0,0.0,0.0,0.0
2018-05-18,0.0,0.0,0.0,0.0
2018-05-19,0.0,0.0,0.0,0.0
2018-05-20,0.0,0.0,0.0,0.0
2018-05-21,0.0,0.0,0.0,0.0
2018-05-22,0.0,0.0,0.0,0.0
2018-05-23,0.0,0.0,0.0,0.0
2018-05-24,0.0,0.0,0.0,0.0
2018-05-25,0.0,0.0,0.0,0.0
2018-05-26,0.0,0.0,0.0,0.0
2018-05-27,0.0,0.0,0.0,0.0
2018-05-28,101609.4,73738.2,50054.6,48037.4
2018-05-29,0.0,0.0,0.0,0.0
2018-05-30,107878.5,81190.6,50054.6,48037.4
2018-05-31,0.0,0.0,0.0,0.0
2018-06-01,0.0,0.0,0.0,0.0
2018-06-02,0.0,0.0,0.0,0.0
2018-06-03,0.0,0.0,0.0,0.0
2018-06-04,0.0,0.0,0.0,0.0
2018-06-05,107878.5,81190.6,41452.0,48037.4
2018-06-06,0.0,0.0,0.0,0.0
2018-06-07,0.0,0.0,0.0,0.0
2018-06-08,0.0,0.0,0.0,0.0
2018-06-09,0.0,0.0,0.0,0.0
2018-06-10,0.0,0.0,0.0,0.0
2018-06-11,114185.5,81190.6,41452.0,48037.4
2018-06-12,0.0,0.0,0.0,0.0
2018-06-13,0.0,0.0,0.0,0.0
2018-06-14,0.0,0.0,0.0,0.0
2018-06-15,114185.5,88080.0,41452.0,48037.4
2018-06-16,0.0,0.0,0.0,0.0
2018-06-17,0.0,0.0,0.0,0.0
2018-06-18,0.0,0.0,0.0,0.0
2018-06-19,125205.40000000001,101531.2,41452.0,48037.4
2018-06-20,0.0,0.0,0.0,0.0
2018-06-21,131077.8,101531.2,32540.4,48037.4
2018-06-22,131077.8,108110.40000000001,32540.4,48037.4
2018-06-23,0.0,0.0,0.0,0.0
2018-06-24,0.0,0.0,0.0,0.0
2018-06-25,0.0,0.0,0.0,0.0
2018-06-26,124824.0,108110.40000000001,32540.4,48037.4
2018-06-27,0.0,0.0,0.0,0.0
2018-06-28,124824.0,108110.40000000001,40834.799999999996,48037.4
2018-06-29,124824.0,101457.6,40834.799999999996,48037.4
2018-06-30,0.0,0.0,0.0,0.0
2018-07-01,0.0,0.0,0.0,0.0
2018-07-02,0.0,0.0,0.0,0.0
2018-07-03,124824.0,101457.6,32201.0,48037.4
2018-07-04,0.0,0.0,0.0,0.0
2018-07-05,124824.0,108009.40000000001,32201.0,48037.4
2018-07-06,0.0,0.0,0.0,0.0
2018-07-07,0.0,0.0,0.0,0.0
2018-07-08,0.0,0.0,0.0,0.0
2018-07-09,124824.0,108009.40000000001,22968.0,48037.4
2018-07-10,0.0,0.0,0.0,0.0
2018-07-11,0.0,0.0,0.0,0.0
2018-07-12,118346.29999999999,101365.6,22968.0,48037.4
2018-07-13,0.0,0.0,0.0,0.0
2018-07-14,0.0,0.0,0.0,0.0
2018-07-15,0.0,0.0,0.0,0.0
2018-07-16,0.0,0.0,0.0,0.0
2018-07-17,0.0,0.0,0.0,0.0
2018-07-18,0.0,0.0,0.0,0.0
2018-07-19,0.0,0.0,0.0,0.0
2018-07-20,0.0,0.0,0.0,0.0
2018-07-21,0.0,0.0,0.0,0.0
2018-07-22,0.0,0.0,0.0,0.0
2018-07-23,0.0,0.0,0.0,0.0
2018-07-24,118346.29999999999,101365.6,13413.0,48037.4
2018-07-25,0.0,0.0,0.0,0.0
2018-07-26,0.0,0.0,0.0,0.0
2018-07-27,0.0,0.0,0.0,0.0
2018-07-28,0.0,0.0,0.0,0.0
2018-07-29,0.0,0.0,0.0,0.0
2018-07-30,124443.00000000001,101365.6,13413.0,48037.4
2018-07-31,0.0,0.0,0.0,0.0
2018-08-01,0.0,0.0,0.0,0.0
2018-08-02,130320.0,107807.4,13413.0,48037.4
2018-08-03,0.0,0.0,0.0,0.0
2018-08-04,0.0,0.0,0.0,0.0
2018-08-05,0.0,0.0,0.0,0.0
2018-08-06,135970.4,113762.0,3521.7000000000003,48037.4
2018-08-07,135970.4,113762.0,79786.0,48037.4
2018-08-08,135970.4,113762.0,87080.8,48037.4
2018-08-09,135970.4,107072.7,87080.8,48037.4
2018-08-10,129851.4,107072.7,87080.8,48037.4
2018-08-11,0.0,0.0,0.0,0.0
2018-08-12,0.0,0.0,0.0,0.0
2018-08-13,0.0,0.0,0.0,0.0
2018-08-14,0.0,0.0,0.0,0.0
2018-08-15,0.0,0.0,0.0,0.0
2018-08-16,135010.8,113091.59999999999,87080.8,48037.4
2018-08-17,0.0,0.0,0.0,0.0
2018-08-18,0.0,0.0,0.0,0.0
2018-08-19,0.0,0.0,0.0,0.0
2018-08-20,140492.1,113091.59999999999,87080.8,48037.4
2018-08-21,134497.19999999998,113091.59999999999,87080.8,48037.4
2018-08-22,0.0,0.0,0.0,0.0
2018-08-23,0.0,0.0,0.0,0.0
2018-08-24,0.0,0.0,0.0,0.0
2018-08-25,0.0,0.0,0.0,0.0
2018-08-26,0.0,0.0,0.0,0.0
2018-08-27,0.0,0.0,0.0,0.0
2018-08-28,0.0,0.0,0.0,0.0
2018-08-29,0.0,0.0,0.0,0.0
2018-08-30,0.0,0.0,0.0,0.0
2018-08-31,0.0,0.0,0.0,0.0
2018-09-01,0.0,0.0,0.0,0.0
2018-09-02,0.0,0.0,0.0,0.0
2018-09-03,0.0,0.0,0.0,0.0
2018-09-04,0.0,0.0,0.0,0.0
2018-09-05,0.0,0.0,0.0,0.0
2018-09-06,0.0,0.0,0.0,0.0
2018-09-07,0.0,0.0,0.0,0.0
2018-09-08,0.0,0.0,0.0,0.0
2018-09-09,0.0,0.0,0.0,0.0
2018-09-10,140118.6,119166.59999999999,87080.8,48037.4
2018-09-11,0.0,0.0,0.0,0.0
2018-09-12,0.0,0.0,0.0,0.0
2018-09-13,0.0,0.0,0.0,0.0
2018-09-14,145507.5,119166.59999999999,87080.8,48037.4
2018-09-15,0.0,0.0,0.0,0.0
2018-09-16,0.0,0.0,0.0,0.0
2018-09-17,0.0,0.0,0.0,0.0
2018-09-18,0.0,0.0,0.0,0.0
2018-09-19,0.0,0.0,0.0,0.0
2018-09-20,0.0,0.0,0.0,0.0
2018-09-21,139745.5,119166.59999999999,87080.8,48037.4
2018-09-22,0.0,0.0,0.0,0.0
2018-09-23,0.0,0.0,0.0,0.0
2018-09-24,0.0,0.0,0.0,0.0
2018-09-25,0.0,0.0,0.0,0.0
2018-09-26,0.0,0.0,0.0,0.0
2018-09-27,0.0,0.0,0.0,0.0
2018-09-28,0.0,0.0,0.0,0.0
2018-09-29,0.0,0.0,0.0,0.0
2018-09-30,0.0,0.0,0.0,0.0
2018-10-01,0.0,0.0,0.0,0.0
2018-10-02,0.0,0.0,0.0,0.0
2018-10-03,0.0,0.0,0.0,0.0
2018-10-04,0.0,0.0,0.0,0.0
2018-10-05,0.0,0.0,0.0,0.0
2018-10-06,0.0,0.0,0.0,0.0
2018-10-07,0.0,0.0,0.0,0.0
2018-10-08,145023.9,119166.59999999999,87080.8,48037.4
2018-10-09,0.0,0.0,0.0,0.0
2018-10-10,0.0,0.0,0.0,0.0
2018-10-11,152660.7,128306.4,91728.0,48037.4
2018-10-12,152660.7,133891.40000000002,91728.0,48037.4
2018-10-13,0.0,0.0,0.0,0.0
2018-10-14,0.0,0.0,0.0,0.0
2018-10-15,0.0,0.0,0.0,0.0
2018-10-16,157643.19999999998,139424.0,91728.0,48037.4
2018-10-17,157643.19999999998,139424.0,84615.6,48037.4
2018-10-18,0.0,0.0,0.0,0.0
2018-10-19,157643.19999999998,138924.5,84615.6,39427.2
2018-10-20,0.0,0.0,0.0,0.0
2018-10-21,0.0,0.0,0.0,0.0
2018-10-22,148836.0,127159.99999999999,84615.6,39427.2
2018-10-23,148836.0,127159.99999999999,91504.8,39427.2
2018-10-24,148836.0,132756.0,91504.8,39427.2
2018-10-25,150163.19999999998,132756.0,97622.3,39427.2
2018-10-26,144432.0,132756.0,97622.3,39427.2
2018-10-27,0.0,0.0,0.0,0.0
2018-10-28,0.0,0.0,0.0,0.0
2018-10-29,0.0,0.0,0.0,0.0
2018-10-30,149680.7,132756.0,97622.3,39427.2
2018-10-31,144064.8,132756.0,97622.3,39427.2
2018-11-01,144064.8,126697.59999999999,90463.79999999999,39427.2
2018-11-02,139740.0,126697.59999999999,90463.79999999999,39427.2
2018-11-03,0.0,0.0,0.0,0.0
2018-11-04,0.0,0.0,0.0,0.0
2018-11-05,0.0,0.0,0.0,0.0
2018-11-06,0.0,0.0,0.0,0.0
2018-11-07,139740.0,120706.3,90463.79999999999,39427.2
2018-11-08,0.0,0.0,0.0,0.0
2018-11-09,0.0,0.0,0.0,0.0
2018-11-10,0.0,0.0,0.0,0.0
2018-11-11,0.0,0.0,0.0,0.0
2018-11-12,0.0,0.0,0.0,0.0
2018-11-13,133765.2,120706.3,90463.79999999999,39427.2
2018-11-14,0.0,0.0,0.0,0.0
2018-11-15,133765.2,114542.8,97297.2,39427.2
2018-11-16,0.0,0.0,0.0,0.0
2018-11-17,0.0,0.0,0.0,0.0
2018-11-18,0.0,0.0,0.0,0.0
2018-11-19,0.0,0.0,0.0,0.0
2018-11-20,0.0,0.0,0.0,0.0
2018-11-21,133765.2,114542.8,102939.6,39427.2
2018-11-22,0.0,0.0,0.0,0.0
2018-11-23,139266.19999999998,120554.49999999999,102939.6,39427.2
2018-11-24,0.0,0.0,0.0,0.0
2018-11-25,0.0,0.0,0.0,0.0
2018-11-26,0.0,0.0,0.0,0.0
2018-11-27,0.0,0.0,0.0,0.0
2018-11-28,139266.19999999998,120554.49999999999,95820.8,39427.2
2018-11-29,0.0,0.0,0.0,0.0
2018-11-30,139266.19999999998,126071.40000000001,95820.8,39427.2
2018-12-01,0.0,0.0,0.0,0.0
2018-12-02,0.0,0.0,0.0,0.0
2018-12-03,133299.2,121413.59999999999,90191.5,39427.2
2018-12-04,0.0,0.0,0.0,0.0
2018-12-05,133299.2,121413.59999999999,95099.20000000001,39427.2
2018-12-06,0.0,0.0,0.0,0.0
2018-12-07,0.0,0.0,0.0,0.0
2018-12-08,0.0,0.0,0.0,0.0
2018-12-09,0.0,0.0,0.0,0.0
2018-12-10,138465.6,126969.6,95099.20000000001,39427.2
2018-12-11,0.0,0.0,0.0,0.0
2018-12-12,0.0,0.0,0.0,0.0
2018-12-13,0.0,0.0,0.0,0.0
2018-12-14,0.0,0.0,0.0,0.0
2018-12-15,0.0,0.0,0.0,0.0
2018-12-16,0.0,0.0,0.0,0.0
2018-12-17,143676.0,126969.6,95099.20000000001,39427.2
2018-12-18,143676.0,126969.6,101192.1,39427.2
2018-12-19,0.0,0.0,0.0,0.0
2018-12-20,143676.0,132611.8,107635.0,39427.2
2018-12-21,0.0,0.0,0.0,0.0
2018-12-22,0.0,0.0,0.0,0.0
2018-12-23,0.0,0.0,0.0,0.0
2018-12-24,143676.0,132611.8,113661.0,39427.2
2018-12-25,143676.0,132611.8,119793.6,30466.800000000003
2018-12-26,0.0,0.0,0.0,0.0
2018-12-27,143676.0,132611.8,115497.8,30466.800000000003
2018-12-28,148994.1,132611.8,115497.8,30466.800000000003
2018-12-29,0.0,0.0,0.0,0.0
2018-12-30,0.0,0.0,0.0,0.0
2018-12-31,0.0,0.0,0.0,0.0
2019-01-01,0.0,0.0,0.0,0.0
2019-01-02,0.0,0.0,0.0,0.0
2019-01-03,0.0,0.0,0.0,0.0
2019-01-04,148636.80000000002,131879.30000000002,115497.8,30466.800000000003
2019-01-05,0.0,0.0,0.0,0.0
2019-01-06,0.0,0.0,0.0,0.0
2019-01-07,148636.80000000002,131879.30000000002,108979.2,30466.800000000003
2019-01-08,0.0,0.0,0.0,0.0
2019-01-09,142945.5,125689.8,108979.2,30466.800000000003
2019-01-10,0.0,0.0,0.0,0.0
2019-01-11,0.0,0.0,0.0,0.0
2019-01-12,0.0,0.0,0.0,0.0
2019-01-13,0.0,0.0,0.0,0.0
2019-01-14,0.0,0.0,0.0,0.0
2019-01-15,148274.0,125689.8,108979.2,30466.800000000003
2019-01-16,0.0,0.0,0.0,0.0
2019-01-17,0.0,0.0,0.0,0.0
2019-01-18,148274.0,125689.8,102082.0,30466.800000000003
2019-01-19,0.0,0.0,0.0,0.0
2019-01-20,0.0,0.0,0.0,0.0
2019-01-21,142461.2,125689.8,102082.0,30466.800000000003
2019-01-22,0.0,0.0,0.0,0.0
2019-01-23,0.0,0.0,0.0,0.0
2019-01-24,0.0,0.0,0.0,0.0
2019-01-25,0.0,0.0,0.0,0.0
2019-01-26,0.0,0.0,0.0,0.0
2019-01-27,0.0,0.0,0.0,0.0
2019-01-28,0.0,0.0,0.0,0.0
2019-01-29,147792.7,131312.4,102082.0,30466.800000000003
2019-01-30,0.0,0.0,0.0,0.0
2019-01-31,0.0,0.0,0.0,0.0
2019-02-01,0.0,0.0,0.0,0.0
2019-02-02,0.0,0.0,0.0,0.0
2019-02-03,0.0,0.0,0.0,0.0
2019-02-04,0.0,0.0,0.0,0.0
2019-02-05,0.0,0.0,0.0,0.0
2019-02-06,0.0,0.0,0.0,0.0
2019-02-07,0.0,0.0,0.0,0.0
2019-02-08,0.0,0.0,0.0,0.0
2019-02-09,0.0,0.0,0.0,0.0
2019-02-10,0.0,0.0,0.0,0.0
2019-02-11,136043.6,125118.00000000001,102082.0,30466.800000000003
2019-02-12,136043.6,125118.00000000001,94904.8,30466.800000000003
2019-02-13,129870.0,118872.6,94904.8,30466.800000000003
2019-02-14,0.0,0.0,0.0,0.0
2019-02-15,0.0,0.0,0.0,0.0
2019-02-16,0.0,0.0,0.0,0.0
2019-02-17,0.0,0.0,0.0,0.0
2019-02-18,123682.00000000001,112622.2,94904.8,30466.800000000003
2019-02-19,0.0,0.0,0.0,0.0
2019-02-20,123682.00000000001,112622.2,94904.8,21221.1
2019-02-21,117501.59999999999,105879.4,94904.8,21221.1
2019-02-22,0.0,0.0,0.0,0.0
2019-02-23,0.0,0.0,0.0,0.0
2019-02-24,0.0,0.0,0.0,0.0
2019-02-25,104500.8,91912.5,94904.8,21221.1
2019-02-26,0.0,0.0,0.0,0.0
2019-02-27,0.0,0.0,0.0,0.0
2019-02-28,0.0,0.0,0.0,0.0
2019-03-01,0.0,0.0,0.0,0.0
2019-03-02,0.0,0.0,0.0,0.0
2019-03-03,0.0,0.0,0.0,0.0
2019-03-04,90720.0,84746.7,94904.8,29927.9
2019-03-05,0.0,0.0,0.0,0.0
2019-03-06,83259.9,77031.0,94904.8,29927.9
2019-03-07,83259.9,69443.0,94904.8,29927.9
2019-03-08,82782.0,75736.8,94904.8,29927.9
2019-03-09,0.0,0.0,0.0,0.0
2019-03-10,0.0,0.0,0.0,0.0
2019-03-11,82782.0,68164.2,94904.8,29927.9
2019-03-12,75240.0,68164.2,94904.8,29927.9
2019-03-13,82458.0,68164.2,94904.8,29927.9
2019-03-14,89547.0,75629.6,87835.2,29927.9
2019-03-15,0.0,0.0,0.0,0.0
2019-03-16,0.0,0.0,0.0,0.0
2019-03-17,0.0,0.0,0.0,0.0
2019-03-18,82083.3,68023.8,87835.2,29927.9
2019-03-19,0.0,0.0,0.0,0.0
2019-03-20,0.0,0.0,0.0,0.0
2019-03-21,82083.3,59920.0,87835.2,29927.9
2019-03-22,82083.3,59920.0,80618.1,29927.9
2019-03-23,0.0,0.0,0.0,0.0
2019-03-24,0.0,0.0,0.0,0.0
2019-03-25,0.0,0.0,0.0,0.0
2019-03-26,89176.0,67407.6,80618.1,29927.9
2019-03-27,0.0,0.0,0.0,0.0
2019-03-28,0.0,0.0,0.0,0.0
2019-03-29,81709.0,67407.6,80618.1,29927.9
2019-03-30,0.0,0.0,0.0,0.0
2019-03-31,0.0,0.0,0.0,0.0
2019-04-01,74014.8,51211.0,80618.1,29927.9
2019-04-02,0.0,0.0,0.0,0.0
2019-04-03,0.0,0.0,0.0,0.0
2019-04-04,0.0,0.0,0.0,0.0
2019-04-05,0.0,0.0,0.0,0.0
2019-04-06,0.0,0.0,0.0,0.0
2019-04-07,0.0,0.0,0.0,0.0
2019-04-08,0.0,0.0,0.0,0.0
2019-04-09,0.0,0.0,0.0,0.0
2019-04-10,0.0,0.0,0.0,0.0
2019-04-11,0.0,0.0,0.0,0.0
2019-04-12,81284.8,51211.0,80618.1,29927.9
2019-04-13,0.0,0.0,0.0,0.0
2019-04-14,0.0,0.0,0.0,0.0
2019-04-15,0.0,0.0,0.0,0.0
2019-04-16,81284.8,51094.799999999996,80618.1,29927.9
2019-04-17,0.0,0.0,0.0,0.0
2019-04-18,0.0,0.0,0.0,0.0
2019-04-19,81284.8,51094.799999999996,72871.90000000001,29927.9
2019-04-20,0.0,0.0,0.0,0.0
2019-04-21,0.0,0.0,0.0,0.0
2019-04-22,0.0,0.0,0.0,0.0
2019-04-23,0.0,0.0,0.0,0.0
2019-04-24,81284.8,59093.100000000006,72871.90000000001,29927.9
2019-04-25,0.0,0.0,0.0,0.0
2019-04-26,81284.8,59093.100000000006,64888.200000000004,29927.9
2019-04-27,0.0,0.0,0.0,0.0
2019-04-28,0.0,0.0,0.0,0.0
2019-04-29,88322.40000000001,66504.5,64888.200000000004,29927.9
2019-04-30,0.0,0.0,0.0,0.0
2019-05-01,0.0,0.0,0.0,0.0
2019-05-02,0.0,0.0,0.0,0.0
2019-05-03,0.0,0.0,0.0,0.0
2019-05-04,0.0,0.0,0.0,0.0
2019-05-05,0.0,0.0,0.0,0.0
2019-05-06,100421.8,79410.0,64888.200000000004,29927.9
2019-05-07,0.0,0.0,0.0,0.0
2019-05-08,0.0,0.0,0.0,0.0
2019-05-09,100421.8,79410.0,72603.0,29927.9
2019-05-10,0.0,0.0,0.0,0.0
2019-05-11,0.0,0.0,0.0,0.0
2019-05-12,0.0,0.0,0.0,0.0
2019-05-13,0.0,0.0,0.0,0.0
2019-05-14,0.0,0.0,0.0,0.0
2019-05-15,0.0,0.0,0.0,0.0
2019-05-16,100421.8,71979.6,72603.0,29927.9
2019-05-17,100421.8,79335.0,72603.0,29927.9
2019-05-18,0.0,0.0,0.0,0.0
2019-05-19,0.0,0.0,0.0,0.0
2019-05-20,107048.90000000001,79335.0,72603.0,29927.9
2019-05-21,0.0,0.0,0.0,0.0
2019-05-22,0.0,0.0,0.0,0.0
2019-05-23,0.0,0.0,0.0,0.0
2019-05-24,0.0,0.0,0.0,0.0
2019-05-25,0.0,0.0,0.0,0.0
2019-05-26,0.0,0.0,0.0,0.0
2019-05-27,0.0,0.0,0.0,0.0
2019-05-28,0.0,0.0,0.0,0.0
2019-05-29,107048.90000000001,79335.0,79912.1,29927.9
2019-05-30,0.0,0.0,0.0,0.0
2019-05-31,0.0,0.0,0.0,0.0
2019-06-01,0.0,0.0,0.0,0.0
2019-06-02,0.0,0.0,0.0,0.0
2019-06-03,107048.90000000001,79335.0,79912.1,20944.8
2019-06-04,107048.90000000001,86184.0,86456.99999999999,20944.8
2019-06-05,0.0,0.0,0.0,0.0
2019-06-06,113424.00000000001,86184.0,79101.0,20944.8
2019-06-07,0.0,0.0,0.0,0.0
2019-06-08,0.0,0.0,0.0,0.0
2019-06-09,0.0,0.0,0.0,0.0
2019-06-10,113424.00000000001,86184.0,71395.2,20944.8
2019-06-11,106616.1,86184.0,71395.2,20944.8
2019-06-12,0.0,0.0,0.0,0.0
2019-06-13,0.0,0.0,0.0,0.0
2019-06-14,106616.1,86184.0,71395.2,11388.6
2019-06-15,0.0,0.0,0.0,0.0
2019-06-16,0.0,0.0,0.0,0.0
2019-06-17,0.0,0.0,0.0,0.0
2019-06-18,0.0,0.0,0.0,0.0
2019-06-19,99912.0,78865.7,71395.2,11388.6
2019-06-20,99912.0,78865.7,63432.6,11388.6
2019-06-21,99912.0,78865.7,63432.6,1544.0
2019-06-22,0.0,0.0,0.0,0.0
2019-06-23,0.0,0.0,0.0,0.0
2019-06-24,0.0,0.0,0.0,0.0
2019-06-25,99912.0,78865.7,63432.6,79893.3
2019-06-26,0.0,0.0,0.0,0.0
2019-06-27,0.0,0.0,0.0,0.0
2019-06-28,0.0,0.0,0.0,0.0
2019-06-29,0.0,0.0,0.0,0.0
2019-06-30,0.0,0.0,0.0,0.0
2019-07-01,92653.2,71460.5,63432.6,86066.4
2019-07-02,0.0,0.0,0.0,0.0
2019-07-03,92653.2,71460.5,63432.6,79350.0
2019-07-04,0.0,0.0,0.0,0.0
2019-07-05,0.0,0.0,0.0,0.0
2019-07-06,0.0,0.0,0.0,0.0
2019-07-07,0.0,0.0,0.0,0.0
2019-07-08,99553.6,78821.0,63432.6,79350.0
2019-07-09,99553.6,78821.0,63432.6,86491.8
2019-07-10,0.0,0.0,0.0,0.0
2019-07-11,0.0,0.0,0.0,0.0
2019-07-12,0.0,0.0,0.0,0.0
2019-07-13,0.0,0.0,0.0,0.0
2019-07-14,0.0,0.0,0.0,0.0
2019-07-15,92354.8,78821.0,55204.5,86491.8
2019-07-16,0.0,0.0,0.0,0.0
2019-07-17,0.0,0.0,0.0,0.0
2019-07-18,0.0,0.0,0.0,0.0
2019-07-19,92354.8,78821.0,55204.5,79306.5
2019-07-20,0.0,0.0,0.0,0.0
2019-07-21,0.0,0.0,0.0,0.0
2019-07-22,0.0,0.0,0.0,0.0
2019-07-23,0.0,0.0,0.0,0.0
2019-07-24,0.0,0.0,0.0,0.0
2019-07-25,0.0,0.0,0.0,0.0
2019-07-26,0.0,0.0,0.0,0.0
2019-07-27,0.0,0.0,0.0,0.0
2019-07-28,0.0,0.0,0.0,0.0
2019-07-29,0.0,0.0,0.0,0.0
2019-07-30,0.0,0.0,0.0,0.0
2019-07-31,0.0,0.0,0.0,0.0
2019-08-01,0.0,0.0,0.0,0.0
2019-08-02,0.0,0.0,0.0,0.0
2019-08-03,0.0,0.0,0.0,0.0
2019-08-04,0.0,0.0,0.0,0.0
2019-08-05,92354.8,78821.0,55204.5,71547.6
2019-08-06,99058.4,84368.4,62169.0,71547.6
2019-08-07,0.0,0.0,0.0,0.0
2019-08-08,99058.4,84368.4,54029.0,63637.99999999999
2019-08-09,0.0,0.0,0.0,0.0
2019-08-10,0.0,0.0,0.0,0.0
2019-08-11,0.0,0.0,0.0,0.0
2019-08-12,0.0,0.0,0.0,0.0
2019-08-13,0.0,0.0,0.0,0.0
2019-08-14,91871.3,84368.4,54029.0,63637.99999999999
2019-08-15,0.0,0.0,0.0,0.0
2019-08-16,0.0,0.0,0.0,0.0
2019-08-17,0.0,0.0,0.0,0.0
2019-08-18,0.0,0.0,0.0,0.0
2019-08-19,84370.0,77048.8,54029.0,63637.99999999999
2019-08-20,0.0,0.0,0.0,0.0
2019-08-21,0.0,0.0,0.0,0.0
2019-08-22,0.0,0.0,0.0,0.0
2019-08-23,0.0,0.0,0.0,0.0
2019-08-24,0.0,0.0,0.0,0.0
2019-08-25,0.0,0.0,0.0,0.0
2019-08-26,84370.0,77048.8,54029.0,56031.6
2019-08-27,76775.5,69247.2,54029.0,56031.6
2019-08-28,0.0,0.0,0.0,0.0
2019-08-29,0.0,0.0,0.0,0.0
2019-08-30,0.0,0.0,0.0,0.0
2019-08-31,0.0,0.0,0.0,0.0
2019-09-01,0.0,0.0,0.0,0.0
2019-09-02,0.0,0.0,0.0,0.0
2019-09-03,0.0,0.0,0.0,0.0
2019-09-04,0.0,0.0,0.0,0.0
2019-09-05,68870.4,61627.2,45617.100000000006,56031.6
2019-09-06,0.0,0.0,0.0,0.0
2019-09-07,0.0,0.0,0.0,0.0
2019-09-08,0.0,0.0,0.0,0.0
2019-09-09,0.0,0.0,0.0,0.0
2019-09-10,68870.4,61627.2,45617.100000000006,63206.0
2019-09-11,0.0,0.0,0.0,0.0
2019-09-12,0.0,0.0,0.0,0.0
2019-09-13,0.0,0.0,0.0,0.0
2019-09-14,0.0,0.0,0.0,0.0
2019-09-15,0.0,0.0,0.0,0.0
2019-09-16,0.0,0.0,0.0,0.0
2019-09-17,0.0,0.0,0.0,0.0
2019-09-18,0.0,0.0,0.0,0.0
2019-09-19,0.0,0.0,0.0,0.0
2019-09-20,0.0,0.0,0.0,0.0
2019-09-21,0.0,0.0,0.0,0.0
2019-09-22,0.0,0.0,0.0,0.0
2019-09-23,0.0,0.0,0.0,0.0
2019-09-24,0.0,0.0,0.0,0.0
2019-09-25,0.0,0.0,0.0,0.0
2019-09-26,76458.9,69453.6,45617.100000000006,63206.0
2019-09-27,0.0,0.0,0.0,0.0
2019-09-28,0.0,0.0,0.0,0.0
2019-09-29,0.0,0.0,0.0,0.0
2019-09-30,0.0,0.0,0.0,0.0
2019-10-01,0.0,0.0,0.0,0.0
2019-10-02,0.0,0.0,0.0,0.0
2019-10-03,0.0,0.0,0.0,0.0
2019-10-04,0.0,0.0,0.0,0.0
2019-10-05,0.0,0.0,0.0,0.0
2019-10-06,0.0,0.0,0.0,0.0
2019-10-07,0.0,0.0,0.0,0.0
2019-10-08,0.0,0.0,0.0,0.0
2019-10-09,0.0,0.0,0.0,0.0
2019-10-10,0.0,0.0,0.0,0.0
2019-10-11,0.0,0.0,0.0,0.0
2019-10-12,0.0,0.0,0.0,0.0
2019-10-13,0.0,0.0,0.0,0.0
2019-10-14,76458.9,61571.7,45617.100000000006,63206.0
2019-10-15,0.0,0.0,0.0,0.0
2019-10-16,0.0,0.0,0.0,0.0
2019-10-17,0.0,0.0,0.0,0.0
2019-10-18,76458.9,69389.09999999999,45617.100000000006,63206.0
2019-10-19,0.0,0.0,0.0,0.0
2019-10-20,0.0,0.0,0.0,0.0
2019-10-21,0.0,0.0,0.0,0.0
2019-10-22,0.0,0.0,0.0,0.0
2019-10-23,0.0,0.0,0.0,0.0
2019-10-24,0.0,0.0,0.0,0.0
2019-10-25,0.0,0.0,0.0,0.0
2019-10-26,0.0,0.0,0.0,0.0
2019-10-27,0.0,0.0,0.0,0.0
2019-10-28,68544.0,69389.09999999999,45617.100000000006,63206.0
2019-10-29,68544.0,69389.09999999999,36975.0,63206.0
2019-10-30,0.0,0.0,0.0,0.0
2019-10-31,0.0,0.0,0.0,0.0
2019-11-01,0.0,0.0,0.0,0.0
2019-11-02,0.0,0.0,0.0,0.0
2019-11-03,0.0,0.0,0.0,0.0
2019-11-04,0.0,0.0,0.0,0.0
2019-11-05,0.0,0.0,0.0,0.0
2019-11-06,0.0,0.0,0.0,0.0
2019-11-07,0.0,0.0,0.0,0.0
2019-11-08,68544.0,69389.09999999999,36975.0,70243.2
2019-11-09,0.0,0.0,0.0,0.0
2019-11-10,0.0,0.0,0.0,0.0
2019-11-11,0.0,0.0,0.0,0.0
2019-11-12,68544.0,76675.2,36975.0,70243.2
2019-11-13,0.0,0.0,0.0,0.0
2019-11-14,0.0,0.0,0.0,0.0
2019-11-15,0.0,0.0,0.0,0.0
2019-11-16,0.0,0.0,0.0,0.0
2019-11-17,0.0,0.0,0.0,0.0
2019-11-18,0.0,0.0,0.0,0.0
2019-11-19,68544.0,68774.40000000001,36975.0,70243.2
2019-11-20,0.0,0.0,0.0,0.0
2019-11-21,0.0,0.0,0.0,0.0
2019-11-22,0.0,0.0,0.0,0.0
2019-11-23,0.0,0.0,0.0,0.0
2019-11-24,0.0,0.0,0.0,0.0
2019-11-25,0.0,0.0,0.0,0.0
2019-11-26,68544.0,68774.40000000001,28262.4,70243.2
2019-11-27,0.0,0.0,0.0,0.0
2019-11-28,0.0,0.0,0.0,0.0
2019-11-29,0.0,0.0,0.0,0.0
2019-11-30,0.0,0.0,0.0,0.0
2019-12-01,0.0,0.0,0.0,0.0
2019-12-02,0.0,0.0,0.0,0.0
2019-12-03,0.0,0.0,0.0,0.0
2019-12-04,0.0,0.0,0.0,0.0
2019-12-05,0.0,0.0,0.0,0.0
2019-12-06,0.0,0.0,0.0,0.0
2019-12-07,0.0,0.0,0.0,0.0
2019-12-08,0.0,0.0,0.0,0.0
2019-12-09,0.0,0.0,0.0,0.0
2019-12-10,0.0,0.0,0.0,0.0
2019-12-11,0.0,0.0,0.0,0.0
2019-12-12,0.0,0.0,0.0,0.0
2019-12-13,60383.799999999996,68774.40000000001,28262.4,70243.2
2019-12-14,0.0,0.0,0.0,0.0
2019-12-15,0.0,0.0,0.0,0.0
2019-12-16,60383.799999999996,60885.0,28262.4,70243.2
2019-12-17,51990.0,60885.0,19008.0,70243.2
2019-12-18,51990.0,52504.4,19008.0,70243.2
2019-12-19,0.0,0.0,0.0,0.0
2019-12-20,0.0,0.0,0.0,0.0
2019-12-21,0.0,0.0,0.0,0.0
2019-12-22,0.0,0.0,0.0,0.0
2019-12-23,60011.700000000004,60320.6,19008.0,70243.2
2019-12-24,0.0,0.0,0.0,0.0
2019-12-25,60011.700000000004,60320.6,19008.0,62310.0
2019-12-26,0.0,0.0,0.0,0.0
2019-12-27,51613.6,60320.6,19008.0,62310.0
2019-12-28,0.0,0.0,0.0,0.0
2019-12-29,0.0,0.0,0.0,0.0
2019-12-30,0.0,0.0,0.0,0.0
2019-12-31,51613.6,51924.600000000006,19008.0,62310.0
2020-01-01,0.0,0.0,0.0,0.0
2020-01-02,0.0,0.0,0.0,0.0
2020-01-03,51613.6,51924.600000000006,9477.199999999999,62310.0
2020-01-04,0.0,0.0,0.0,0.0
2020-01-05,0.0,0.0,0.0,0.0
2020-01-06,42994.4,43519.4,9477.199999999999,54887.2
2020-01-07,0.0,0.0,0.0,0.0
2020-01-08,0.0,0.0,0.0,0.0
2020-01-09,34003.0,43519.4,9477.199999999999,54887.2
2020-01-10,34003.0,43519.4,79821.59999999999,54887.2
2020-01-11,0.0,0.0,0.0,0.0
2020-01-12,0.0,0.0,0.0,0.0
2020-01-13,0.0,0.0,0.0,0.0
2020-01-14,34003.0,43519.4,79821.59999999999,62271.0
2020-01-15,0.0,0.0,0.0,0.0
2020-01-16,0.0,0.0,0.0,0.0
2020-01-17,34003.0,43519.4,72696.0,62271.0
2020-01-18,0.0,0.0,0.0,0.0
2020-01-19,0.0,0.0,0.0,0.0
2020-01-20,24811.399999999998,34542.0,72696.0,62271.0
2020-01-21,24811.399999999998,34542.0,80004.0,62271.0
2020-01-22,0.0,0.0,0.0,0.0
2020-01-23,33562.200000000004,42858.3,80004.0,62271.0
2020-01-24,0.0,0.0,0.0,0.0
2020-01-25,0.0,0.0,0.0,0.0
2020-01-26,0.0,0.0,0.0,0.0
2020-01-27,0.0,0.0,0.0,0.0
2020-01-28,0.0,0.0,0.0,0.0
2020-01-29,0.0,0.0,0.0,0.0
2020-01-30,0.0,0.0,0.0,0.0
2020-01-31,0.0,0.0,0.0,0.0
2020-02-01,0.0,0.0,0.0,0.0
2020-02-02,0.0,0.0,0.0,0.0
2020-02-03,39268.5,48087.0,80004.0,54818.399999999994
2020-02-04,20956.8,48087.0,80004.0,54818.399999999994
2020-02-05,1511.2,39636.0,72491.4,54818.399999999994
2020-02-06,1511.2,30623.4,64690.6,54818.399999999994
2020-02-07,79827.0,30623.4,56620.0,54818.399999999994
2020-02-08,0.0,0.0,0.0,0.0
2020-02-09,0.0,0.0,0.0,0.0
2020-02-10,0.0,0.0,0.0,0.0
2020-02-11,79827.0,30623.4,48421.8,54818.399999999994
2020-02-12,72087.2,21622.800000000003,39620.0,54818.399999999994
2020-02-13,72087.2,21622.800000000003,21552.6,54818.399999999994
2020-02-14,72087.2,21622.800000000003,29644.4,54818.399999999994
2020-02-15,0.0,0.0,0.0,0.0
2020-02-16,0.0,0.0,0.0,0.0
2020-02-17,64169.99999999999,12040.0,28526.4,54818.399999999994
2020-02-18,64169.99999999999,12040.0,37248.0,54818.399999999994
2020-02-19,0.0,0.0,0.0,0.0
2020-02-20,0.0,0.0,0.0,0.0
2020-02-21,55910.799999999996,2481.6,45805.200000000004,46336.0
2020-02-22,0.0,0.0,0.0,0.0
2020-02-23,0.0,0.0,0.0,0.0
2020-02-24,55910.799999999996,2481.6,53654.9,37662.9
2020-02-25,47498.399999999994,2481.6,53087.600000000006,37662.9
2020-02-26,55593.0,2481.6,53087.600000000006,37662.9
2020-02-27,0.0,0.0,0.0,0.0
2020-02-28,62628.0,12020.0,59990.0,45923.200000000004
2020-02-29,0.0,0.0,0.0,0.0
2020-03-01,0.0,0.0,0.0,0.0
2020-03-02,62628.0,12020.0,51654.799999999996,45923.200000000004
2020-03-03,54231.6,2488.4,51721.5,45923.200000000004
2020-03-04,0.0,0.0,0.0,0.0
2020-03-05,0.0,0.0,0.0,0.0
2020-03-06,0.0,0.0,0.0,0.0
2020-03-07,0.0,0.0,0.0,0.0
2020-03-08,0.0,0.0,0.0,0.0
2020-03-09,62158.99999999999,12068.0,66498.4,45070.2
2020-03-10,61955.2,12068.0,58462.8,45070.2
2020-03-11,61955.2,12068.0,66249.59999999999,45070.2
2020-03-12,69752.8,12068.0,73758.3,45070.2
2020-03-13,67900.0,11179.6,62582.8,52983.9
2020-03-14,0.0,0.0,0.0,0.0
2020-03-15,0.0,0.0,0.0,0.0
2020-03-16,75428.1,19974.5,69916.0,52983.9
2020-03-17,82582.59999999999,28766.4,69916.0,59947.2
2020-03-18,74960.0,19410.6,69916.0,59947.2
2020-03-19,82219.5,28182.6,77337.40000000001,59947.2
2020-03-20,82219.5,28182.6,70014.8,59947.2
2020-03-21,0.0,0.0,0.0,0.0
2020-03-22,0.0,0.0,0.0,0.0
2020-03-23,89408.0,28182.6,70014.8,59947.2
2020-03-24,89408.0,28182.6,70014.8,53589.9
2020-03-25,83439.2,28182.6,64408.0,53589.9
2020-03-26,0.0,0.0,0.0,0.0
2020-03-27,83439.2,28182.6,72105.59999999999,53589.9
2020-03-28,0.0,0.0,0.0,0.0
2020-03-29,0.0,0.0,0.0,0.0
2020-03-30,90574.0,28182.6,78361.5,53589.9
2020-03-31,0.0,0.0,0.0,0.0
2020-04-01,0.0,0.0,0.0,0.0
2020-04-02,83164.40000000001,28182.6,78361.5,53589.9
2020-04-03,0.0,0.0,0.0,0.0
2020-04-04,0.0,0.0,0.0,0.0
2020-04-05,0.0,0.0,0.0,0.0
2020-04-06,0.0,0.0,0.0,0.0
2020-04-07,83164.40000000001,18783.600000000002,71226.2,45350.1
2020-04-08,75430.0,18783.600000000002,71226.2,45350.1
2020-04-09,0.0,0.0,0.0,0.0
2020-04-10,0.0,0.0,0.0,0.0
2020-04-11,0.0,0.0,0.0,0.0
2020-04-12,0.0,0.0,0.0,0.0
2020-04-13,82750.7,18783.600000000002,78562.2,45350.1
2020-04-14,75010.5,18783.600000000002,78562.2,45350.1
2020-04-15,75010.5,18783.600000000002,71151.0,45350.1
2020-04-16,0.0,0.0,0.0,0.0
2020-04-17,67125.1,18783.600000000002,63832.200000000004,45350.1
2020-04-18,0.0,0.0,0.0,0.0
2020-04-19,0.0,0.0,0.0,0.0
2020-04-20,0.0,0.0,0.0,0.0
2020-04-21,0.0,0.0,0.0,0.0
2020-04-22,0.0,0.0,0.0,0.0
2020-04-23,67125.1,18783.600000000002,55954.8,45350.1
2020-04-24,0.0,0.0,0.0,0.0
2020-04-25,0.0,0.0,0.0,0.0
2020-04-26,0.0,0.0,0.0,0.0
2020-04-27,67125.1,18783.600000000002,47744.200000000004,45350.1
2020-04-28,66724.2,18783.600000000002,47744.200000000004,45350.1
2020-04-29,66724.2,18783.600000000002,39177.6,45350.1
2020-04-30,66724.2,18783.600000000002,39102.0,45350.1
2020-05-01,0.0,0.0,0.0,0.0
2020-05-02,0.0,0.0,0.0,0.0
2020-05-03,0.0,0.0,0.0,0.0
2020-05-04,0.0,0.0,0.0,0.0
2020-05-05,0.0,0.0,0.0,0.0
2020-05-06,58490.99999999999,9385.599999999999,39102.0,45350.1
2020-05-07,0.0,0.0,0.0,0.0
2020-05-08,0.0,0.0,0.0,0.0
2020-05-09,0.0,0.0,0.0,0.0
2020-05-10,0.0,0.0,0.0,0.0
2020-05-11,0.0,0.0,0.0,0.0
2020-05-12,0.0,0.0,0.0,0.0
2020-05-13,58490.99999999999,9385.599999999999,47291.0,45350.1
2020-05-14,0.0,0.0,0.0,0.0
2020-05-15,58490.99999999999,9385.599999999999,47291.0,36672.0
2020-05-16,0.0,0.0,0.0,0.0
2020-05-17,0.0,0.0,0.0,0.0
2020-05-18,58490.99999999999,9385.599999999999,47291.0,27559.0
2020-05-19,58490.99999999999,9385.599999999999,38688.0,27559.0
2020-05-20,50118.200000000004,9385.599999999999,38688.0,27559.0
2020-05-21,0.0,0.0,0.0,0.0
2020-05-22,58145.0,9385.599999999999,46839.0,27559.0
2020-05-23,0.0,0.0,0.0,0.0
2020-05-24,0.0,0.0,0.0,0.0
2020-05-25,58145.0,9385.599999999999,38264.5,27559.0
2020-05-26,0.0,0.0,0.0,0.0
2020-05-27,58145.0,9385.599999999999,29521.8,27559.0
2020-05-28,0.0,0.0,0.0,0.0
2020-05-29,0.0,0.0,0.0,0.0
2020-05-30,0.0,0.0,0.0,0.0
2020-05-31,0.0,0.0,0.0,0.0
2020-06-01,49790.6,79767.6,29521.8,27559.0
2020-06-02,0.0,0.0,0.0,0.0
2020-06-03,0.0,0.0,0.0,0.0
2020-06-04,49790.6,79767.6,29521.8,36271.0
2020-06-05,0.0,0.0,0.0,0.0
2020-06-06,0.0,0.0,0.0,0.0
2020-06-07,0.0,0.0,0.0,0.0
2020-06-08,0.0,0.0,0.0,0.0
2020-06-09,0.0,0.0,0.0,0.0
2020-06-10,0.0,0.0,0.0,0.0
2020-06-11,41070.4,79767.6,29521.8,36271.0
2020-06-12,41070.4,79767.6,37667.1,36271.0
2020-06-13,0.0,0.0,0.0,0.0
2020-06-14,0.0,0.0,0.0,0.0
2020-06-15,0.0,0.0,0.0,0.0
2020-06-16,41070.4,79767.6,28652.0,36271.0
2020-06-17,32251.8,72233.2,28652.0,36271.0
2020-06-18,0.0,0.0,0.0,0.0
2020-06-19,0.0,0.0,0.0,0.0
2020-06-20,0.0,0.0,0.0,0.0
2020-06-21,0.0,0.0,0.0,0.0
2020-06-22,23051.999999999996,72233.2,28652.0,36271.0
2020-06-23,0.0,0.0,0.0,0.0
2020-06-24,0.0,0.0,0.0,0.0
2020-06-25,0.0,0.0,0.0,0.0
2020-06-26,0.0,0.0,0.0,0.0
2020-06-27,0.0,0.0,0.0,0.0
2020-06-28,0.0,0.0,0.0,0.0
2020-06-29,0.0,0.0,0.0,0.0
2020-06-30,13508.2,64140.0,28652.0,36271.0
2020-07-01,13508.2,64140.0,28652.0,27137.699999999997
2020-07-02,0.0,0.0,0.0,0.0
2020-07-03,13508.2,56176.5,28652.0,27137.699999999997
2020-07-04,0.0,0.0,0.0,0.0
2020-07-05,0.0,0.0,0.0,0.0
2020-07-06,3846.3999999999996,47663.0,28652.0,27137.699999999997
2020-07-07,79952.6,39278.4,28652.0,27137.699999999997
2020-07-08,72135.59999999999,39278.4,28652.0,27137.699999999997
2020-07-09,64030.49999999999,30361.8,28652.0,27137.699999999997
2020-07-10,0.0,0.0,0.0,0.0
2020-07-11,0.0,0.0,0.0,0.0
2020-07-12,0.0,0.0,0.0,0.0
2020-07-13,47600.0,21599.2,19520.0,27137.699999999997
2020-07-14,55596.00000000001,21599.2,19520.0,27137.699999999997
2020-07-15,46905.6,21599.2,19520.0,27137.699999999997
2020-07-16,62594.100000000006,38505.5,19520.0,27137.699999999997
2020-07-17,70358.0,38505.5,19520.0,27137.699999999997
2020-07-18,0.0,0.0,0.0,0.0
2020-07-19,0.0,0.0,0.0,0.0
2020-07-20,69938.4,38505.5,19520.0,27137.699999999997
2020-07-21,62022.9,29573.3,19520.0,27137.699999999997
2020-07-22,53690.2,29573.3,19520.0,17824.4
2020-07-23,53341.2,29573.3,19520.0,17824.4
2020-07-24,69041.7,37767.6,19520.0,17824.4
2020-07-25,0.0,0.0,0.0,0.0
2020-07-26,0.0,0.0,0.0,0.0
2020-07-27,69041.7,37767.6,19520.0,8346.0
2020-07-28,0.0,0.0,0.0,0.0
2020-07-29,60957.0,37767.6,19520.0,8346.0
2020-07-30,52626.0,28820.0,19520.0,8346.0
2020-07-31,0.0,0.0,0.0,0.0
2020-08-01,0.0,0.0,0.0,0.0
2020-08-02,0.0,0.0,0.0,0.0
2020-08-03,43979.4,28820.0,19520.0,8346.0
2020-08-04,0.0,0.0,0.0,0.0
2020-08-05,43979.4,20050.2,19520.0,79961.40000000001
2020-08-06,0.0,0.0,0.0,0.0
2020-08-07,52318.5,20050.2,19520.0,79961.40000000001
2020-08-08,0.0,0.0,0.0,0.0
2020-08-09,0.0,0.0,0.0,0.0
2020-08-10,0.0,0.0,0.0,0.0
2020-08-11,60320.0,20050.2,19520.0,79961.40000000001
2020-08-12,68094.0,28792.0,19520.0,84017.99999999999
2020-08-13,68094.0,28792.0,10089.999999999998,84017.99999999999
2020-08-14,68094.0,28792.0,10089.999999999998,76608.5
2020-08-15,0.0,0.0,0.0,0.0
2020-08-16,0.0,0.0,0.0,0.0
2020-08-17,60013.799999999996,28792.0,10089.999999999998,76608.5
2020-08-18,60013.799999999996,20031.3,10089.999999999998,76608.5
2020-08-19,0.0,0.0,0.0,0.0
2020-08-20,67303.79999999999,20031.3,10089.999999999998,76608.5
2020-08-21,67303.79999999999,20031.3,415.9,76608.5
2020-08-22,0.0,0.0,0.0,0.0
2020-08-23,0.0,0.0,0.0,0.0
2020-08-24,59317.00000000001,20031.3,79994.0,76608.5
2020-08-25,59317.00000000001,20031.3,73402.2,76608.5
2020-08-26,59317.00000000001,28764.0,73238.90000000001,76608.5
2020-08-27,59317.00000000001,28764.0,65632.0,76608.5
2020-08-28,51014.4,28764.0,57524.6,76608.5
2020-08-29,0.0,0.0,0.0,0.0
2020-08-30,0.0,0.0,0.0,0.0
2020-08-31,51014.4,20001.600000000002,49381.200000000004,76608.5
2020-09-01,51014.4,20001.600000000002,49088.200000000004,76608.5
2020-09-02,51014.4,20001.600000000002,40843.0,76608.5
2020-09-03,51014.4,20001.600000000002,32028.0,76608.5
2020-09-04,51014.4,20001.600000000002,47030.200000000004,76608.5
2020-09-05,0.0,0.0,0.0,0.0
2020-09-06,0.0,0.0,0.0,0.0
2020-09-07,58990.4,28720.0,62619.5,76608.5
2020-09-08,58990.4,28720.0,54299.7,76608.5
2020-09-09,66696.6,36903.9,52548.0,76608.5
2020-09-10,74386.1,36903.9,43898.0,76608.5
2020-09-11,74386.1,36903.9,51761.50000000001,76608.5
2020-09-12,0.0,0.0,0.0,0.0
2020-09-13,0.0,0.0,0.0,0.0
2020-09-14,66393.6,36903.9,43254.299999999996,76608.5
2020-09-15,66393.6,36903.9,34524.0,76608.5
2020-09-16,66393.6,36903.9,34272.0,76608.5
2020-09-17,66393.6,36903.9,42900.9,76608.5
2020-09-18,66393.6,36903.9,34243.200000000004,76608.5
2020-09-19,0.0,0.0,0.0,0.0
2020-09-20,0.0,0.0,0.0,0.0
2020-09-21,0.0,0.0,0.0,0.0
2020-09-22,66393.6,36903.9,42900.9,83140.2
2020-09-23,0.0,0.0,0.0,0.0
2020-09-24,66393.6,36903.9,50935.2,83140.2
2020-09-25,0.0,0.0,0.0,0.0
2020-09-26,0.0,0.0,0.0,0.0
2020-09-27,0.0,0.0,0.0,0.0
2020-09-28,0.0,0.0,0.0,0.0
2020-09-29,66393.6,36903.9,42366.00000000001,83140.2
2020-09-30,0.0,0.0,0.0,0.0
2020-10-01,0.0,0.0,0.0,0.0
2020-10-02,0.0,0.0,0.0,0.0
2020-10-03,0.0,0.0,0.0,0.0
2020-10-04,0.0,0.0,0.0,0.0
2020-10-05,0.0,0.0,0.0,0.0
2020-10-06,0.0,0.0,0.0,0.0
2020-10-07,0.0,0.0,0.0,0.0
2020-10-08,0.0,0.0,0.0,0.0
2020-10-09,58127.200000000004,36903.9,42366.00000000001,83140.2
2020-10-10,0.0,0.0,0.0,0.0
2020-10-11,0.0,0.0,0.0,0.0
2020-10-12,49820.0,27974.7,42366.00000000001,83140.2
2020-10-13,49820.0,27974.7,33689.5,83140.2
2020-10-14,0.0,0.0,0.0,0.0
2020-10-15,49820.0,27974.7,42338.4,83140.2
2020-10-16,0.0,0.0,0.0,0.0
2020-10-17,0.0,0.0,0.0,0.0
2020-10-18,0.0,0.0,0.0,0.0
2020-10-19,0.0,0.0,0.0,0.0
2020-10-20,0.0,0.0,0.0,0.0
2020-10-21,0.0,0.0,0.0,0.0
2020-10-22,57825.0,36166.0,42338.4,83140.2
2020-10-23,57825.0,36166.0,50386.7,83140.2
2020-10-24,0.0,0.0,0.0,0.0
2020-10-25,0.0,0.0,0.0,0.0
2020-10-26,65434.4,36166.0,50386.7,83140.2
2020-10-27,0.0,0.0,0.0,0.0
2020-10-28,57154.9,36166.0,50386.7,83140.2
2020-10-29,57154.9,36166.0,57294.0,83140.2
2020-10-30,57154.9,44510.4,57294.0,83140.2
2020-10-31,0.0,0.0,0.0,0.0
2020-11-01,0.0,0.0,0.0,0.0
2020-11-02,0.0,0.0,0.0,0.0
2020-11-03,48594.4,44510.4,48988.799999999996,83140.2
2020-11-04,48594.4,44510.4,31871.600000000002,83140.2
2020-11-05,48594.4,36160.799999999996,31436.4,83140.2
2020-11-06,48594.4,36160.799999999996,39996.0,83140.2
2020-11-07,0.0,0.0,0.0,0.0
2020-11-08,0.0,0.0,0.0,0.0
2020-11-09,40042.8,36160.799999999996,39996.0,83140.2
2020-11-10,40042.8,36160.799999999996,39996.0,90160.20000000001
2020-11-11,48312.0,36160.799999999996,48444.0,90160.20000000001
2020-11-12,0.0,0.0,0.0,0.0
2020-11-13,0.0,0.0,0.0,0.0
2020-11-14,0.0,0.0,0.0,0.0
2020-11-15,0.0,0.0,0.0,0.0
2020-11-16,0.0,0.0,0.0,0.0
2020-11-17,56320.0,36160.799999999996,48444.0,90160.20000000001
2020-11-18,0.0,0.0,0.0,0.0
2020-11-19,56320.0,36160.799999999996,56258.399999999994,90160.20000000001
2020-11-20,0.0,0.0,0.0,0.0
2020-11-21,0.0,0.0,0.0,0.0
2020-11-22,0.0,0.0,0.0,0.0
2020-11-23,56320.0,27223.199999999997,56258.399999999994,90160.20000000001
2020-11-24,0.0,0.0,0.0,0.0
2020-11-25,56320.0,27223.199999999997,56258.399999999994,96477.5
2020-11-26,56320.0,35439.9,56258.399999999994,96477.5
2020-11-27,0.0,0.0,0.0,0.0
2020-11-28,0.0,0.0,0.0,0.0
2020-11-29,0.0,0.0,0.0,0.0
2020-11-30,56320.0,35439.9,56258.399999999994,102856.5
2020-12-01,0.0,0.0,0.0,0.0
2020-12-02,56320.0,35439.9,48134.4,102856.5
2020-12-03,56320.0,35439.9,48134.4,96182.40000000001
2020-12-04,47729.7,35439.9,48134.4,96182.40000000001
2020-12-05,0.0,0.0,0.0,0.0
2020-12-06,0.0,0.0,0.0,0.0
2020-12-07,0.0,0.0,0.0,0.0
2020-12-08,0.0,0.0,0.0,0.0
2020-12-09,0.0,0.0,0.0,0.0
2020-12-10,47729.7,35439.9,55072.399999999994,96182.40000000001
2020-12-11,0.0,0.0,0.0,0.0
2020-12-12,0.0,0.0,0.0,0.0
2020-12-13,0.0,0.0,0.0,0.0
2020-12-14,0.0,0.0,0.0,0.0
2020-12-15,0.0,0.0,0.0,0.0
2020-12-16,0.0,0.0,0.0,0.0
2020-12-17,0.0,0.0,0.0,0.0
2020-12-18,47729.7,35439.9,55072.399999999994,89088.0
2020-12-19,0.0,0.0,0.0,0.0
2020-12-20,0.0,0.0,0.0,0.0
2020-12-21,39124.8,35439.9,46796.4,89088.0
2020-12-22,0.0,0.0,0.0,0.0
2020-12-23,0.0,0.0,0.0,0.0
2020-12-24,0.0,0.0,0.0,0.0
2020-12-25,0.0,0.0,0.0,0.0
2020-12-26,0.0,0.0,0.0,0.0
2020-12-27,0.0,0.0,0.0,0.0
2020-12-28,0.0,0.0,0.0,0.0
2020-12-29,0.0,0.0,0.0,0.0
2020-12-30,30239.999999999996,35439.9,46796.4,89088.0
2020-12-31,0.0,0.0,0.0,0.0
2021-01-01,0.0,0.0,0.0,0.0
2021-01-02,0.0,0.0,0.0,0.0
2021-01-03,0.0,0.0,0.0,0.0
2021-01-04,11606.4,26484.600000000002,46796.4,89088.0
2021-01-05,0.0,0.0,0.0,0.0
2021-01-06,0.0,0.0,0.0,0.0
2021-01-07,0.0,0.0,0.0,0.0
2021-01-08,1842.0,26484.600000000002,46796.4,89088.0
2021-01-09,0.0,0.0,0.0,0.0
2021-01-10,0.0,0.0,0.0,0.0
2021-01-11,11312.6,26484.600000000002,46796.4,96027.6
2021-01-12,1534.0,26484.600000000002,46796.4,96027.6
2021-01-13,0.0,0.0,0.0,0.0
2021-01-14,11007.5,26484.600000000002,46796.4,96027.6
2021-01-15,0.0,0.0,0.0,0.0
2021-01-16,0.0,0.0,0.0,0.0
2021-01-17,0.0,0.0,0.0,0.0
2021-01-18,0.0,0.0,0.0,0.0
2021-01-19,0.0,0.0,0.0,0.0
2021-01-20,1226.0,26484.600000000002,46796.4,96027.6
2021-01-21,79897.4,26484.600000000002,46796.4,96027.6
2021-01-22,0.0,0.0,0.0,0.0
2021-01-23,0.0,0.0,0.0,0.0
2021-01-24,0.0,0.0,0.0,0.0
2021-01-25,72305.40000000001,17707.2,37961.0,96027.6
2021-01-26,79581.59999999999,17707.2,37961.0,96027.6
2021-01-27,0.0,0.0,0.0,0.0
2021-01-28,86654.59999999999,26469.8,46352.4,96027.6
2021-01-29,93555.0,34680.0,46352.4,96027.6
2021-01-30,0.0,0.0,0.0,0.0
2021-01-31,0.0,0.0,0.0,0.0
2021-02-01,86292.0,34680.0,46352.4,96027.6
2021-02-02,0.0,0.0,0.0,0.0
2021-02-03,78800.0,25722.0,37926.0,96027.6
2021-02-04,85845.5,25722.0,37926.0,96027.6
2021-02-05,85845.5,33957.0,37926.0,96027.6
2021-02-06,0.0,0.0,0.0,0.0
2021-02-07,0.0,0.0,0.0,0.0
2021-02-08,0.0,0.0,0.0,0.0
2021-02-09,79182.0,24983.0,37926.0,96027.6
2021-02-10,71482.2,24983.0,37926.0,96027.6
2021-02-11,0.0,0.0,0.0,0.0
2021-02-12,0.0,0.0,0.0,0.0
2021-02-13,0.0,0.0,0.0,0.0
2021-02-14,0.0,0.0,0.0,0.0
2021-02-15,0.0,0.0,0.0,0.0
2021-02-16,0.0,0.0,0.0,0.0
2021-02-17,0.0,0.0,0.0,0.0
2021-02-18,71482.2,15458.1,37926.0,96027.6
2021-02-19,78764.8,15458.1,37926.0,96027.6
2021-02-20,0.0,0.0,0.0,0.0
2021-02-21,0.0,0.0,0.0,0.0
2021-02-22,85932.0,15458.1,37926.0,96027.6
2021-02-23,0.0,0.0,0.0,0.0
2021-02-24,99519.2,15458.1,46385.600000000006,96027.6
2021-02-25,0.0,0.0,0.0,0.0
2021-02-26,106066.8,24150.2,54310.4,102524.0
2021-02-27,0.0,0.0,0.0,0.0
2021-02-28,0.0,0.0,0.0,0.0
2021-03-01,99195.59999999999,24150.2,54310.4,102524.0
2021-03-02,99195.59999999999,24150.2,46515.0,102524.0
2021-03-03,0.0,0.0,0.0,0.0
2021-03-04,105673.09999999999,24150.2,54076.6,102524.0
2021-03-05,105054.40000000001,24150.2,61950.0,107792.6
2021-03-06,0.0,0.0,0.0,0.0
2021-03-07,0.0,0.0,0.0,0.0
2021-03-08,111381.0,24150.2,61950.0,107792.6
2021-03-09,116629.00000000001,33048.0,61950.0,107792.6
2021-03-10,116629.00000000001,33048.0,53827.200000000004,107792.6
2021-03-11,116629.00000000001,33048.0,53827.200000000004,101031.0
2021-03-12,0.0,0.0,0.0,0.0
2021-03-13,0.0,0.0,0.0,0.0
2021-03-14,0.0,0.0,0.0,0.0
2021-03-15,122694.0,33048.0,53827.200000000004,101031.0
2021-03-16,0.0,0.0,0.0,0.0
2021-03-17,116234.0,33048.0,53827.200000000004,101031.0
2021-03-18,116234.0,33048.0,45412.7,101031.0
2021-03-19,116234.0,33048.0,53400.0,101031.0
2021-03-20,0.0,0.0,0.0,0.0
2021-03-21,0.0,0.0,0.0,0.0
2021-03-22,0.0,0.0,0.0,0.0
2021-03-23,0.0,0.0,0.0,0.0
2021-03-24,122343.9,33048.0,53400.0,101031.0
2021-03-25,0.0,0.0,0.0,0.0
2021-03-26,115839.6,33048.0,53400.0,101031.0
2021-03-27,0.0,0.0,0.0,0.0
2021-03-28,0.0,0.0,0.0,0.0
2021-03-29,0.0,0.0,0.0,0.0
2021-03-30,0.0,0.0,0.0,0.0
2021-03-31,0.0,0.0,0.0,0.0
2021-04-01,109214.0,33048.0,44890.2,101031.0
2021-04-02,0.0,0.0,0.0,0.0
2021-04-03,0.0,0.0,0.0,0.0
2021-04-04,0.0,0.0,0.0,0.0
2021-04-05,0.0,0.0,0.0,0.0
2021-04-06,109214.0,33048.0,36448.0,101031.0
2021-04-07,0.0,0.0,0.0,0.0
2021-04-08,0.0,0.0,0.0,0.0
2021-04-09,0.0,0.0,0.0,0.0
2021-04-10,0.0,0.0,0.0,0.0
2021-04-11,0.0,0.0,0.0,0.0
2021-04-12,0.0,0.0,0.0,0.0
2021-04-13,0.0,0.0,0.0,0.0
2021-04-14,0.0,0.0,0.0,0.0
2021-04-15,0.0,0.0,0.0,0.0
2021-04-16,0.0,0.0,0.0,0.0
2021-04-17,0.0,0.0,0.0,0.0
2021-04-18,0.0,0.0,0.0,0.0
2021-04-19,102323.70000000001,24116.2,27688.699999999997,101031.0
2021-04-20,0.0,0.0,0.0,0.0
2021-04-21,0.0,0.0,0.0,0.0
2021-04-22,102323.70000000001,24116.2,27688.699999999997,93993.0
2021-04-23,95138.1,24116.2,27688.699999999997,93993.0
2021-04-24,0.0,0.0,0.0,0.0
2021-04-25,0.0,0.0,0.0,0.0
2021-04-26,87701.40000000001,24116.2,27688.699999999997,93993.0
2021-04-27,94401.2,24116.2,27688.699999999997,93993.0
2021-04-28,86964.8,24116.2,27688.699999999997,93993.0
2021-04-29,0.0,0.0,0.0,0.0
2021-04-30,0.0,0.0,0.0,0.0
2021-05-01,0.0,0.0,0.0,0.0
2021-05-02,0.0,0.0,0.0,0.0
2021-05-03,0.0,0.0,0.0,0.0
2021-05-04,0.0,0.0,0.0,0.0
2021-05-05,0.0,0.0,0.0,0.0
2021-05-06,86964.8,24116.2,36000.0,93993.0
2021-05-07,94017.0,24116.2,36000.0,93993.0
2021-05-08,0.0,0.0,0.0,0.0
2021-05-09,0.0,0.0,0.0,0.0
2021-05-10,0.0,0.0,0.0,0.0
2021-05-11,0.0,0.0,0.0,0.0
2021-05-12,0.0,0.0,0.0,0.0
2021-05-13,94017.0,24116.2,44094.600000000006,93993.0
2021-05-14,86582.5,24116.2,44094.600000000006,93993.0
2021-05-15,0.0,0.0,0.0,0.0
2021-05-16,0.0,0.0,0.0,0.0
2021-05-17,86582.5,14624.0,44094.600000000006,93993.0
2021-05-18,86582.5,14624.0,35178.700000000004,86822.4
2021-05-19,0.0,0.0,0.0,0.0
2021-05-20,79083.0,14624.0,35178.700000000004,86822.4
2021-05-21,0.0,0.0,0.0,0.0
2021-05-22,0.0,0.0,0.0,0.0
2021-05-23,0.0,0.0,0.0,0.0
2021-05-24,0.0,0.0,0.0,0.0
2021-05-25,71158.8,14624.0,35178.700000000004,86822.4
2021-05-26,0.0,0.0,0.0,0.0
2021-05-27,0.0,0.0,0.0,0.0
2021-05-28,0.0,0.0,0.0,0.0
2021-05-29,0.0,0.0,0.0,0.0
2021-05-30,0.0,0.0,0.0,0.0
2021-05-31,0.0,0.0,0.0,0.0
2021-06-01,0.0,0.0,0.0,0.0
2021-06-02,0.0,0.0,0.0,0.0
2021-06-03,0.0,0.0,0.0,0.0
2021-06-04,71158.8,14624.0,35178.700000000004,93802.2
2021-06-05,0.0,0.0,0.0,0.0
2021-06-06,0.0,0.0,0.0,0.0
2021-06-07,0.0,0.0,0.0,0.0
2021-06-08,0.0,0.0,0.0,0.0
2021-06-09,0.0,0.0,0.0,0.0
2021-06-10,71158.8,5272.4,35178.700000000004,93802.2
2021-06-11,0.0,0.0,0.0,0.0
2021-06-12,0.0,0.0,0.0,0.0
2021-06-13,0.0,0.0,0.0,0.0
2021-06-14,0.0,0.0,0.0,0.0
2021-06-15,71158.8,5272.4,26294.100000000002,93802.2
2021-06-16,78702.0,5272.4,26294.100000000002,93802.2
2021-06-17,0.0,0.0,0.0,0.0
2021-06-18,70778.59999999999,5272.4,26294.100000000002,93802.2
2021-06-19,0.0,0.0,0.0,0.0
2021-06-20,0.0,0.0,0.0,0.0
2021-06-21,0.0,0.0,0.0,0.0
2021-06-22,0.0,0.0,0.0,0.0
2021-06-23,62634.00000000001,5272.4,26294.100000000002,93802.2
2021-06-24,0.0,0.0,0.0,0.0
2021-06-25,62634.00000000001,5272.4,17139.600000000002,93802.2
2021-06-26,0.0,0.0,0.0,0.0
2021-06-27,0.0,0.0,0.0,0.0
2021-06-28,54267.600000000006,5272.4,17139.600000000002,93802.2
2021-06-29,0.0,0.0,0.0,0.0
2021-06-30,54267.600000000006,5272.4,17139.600000000002,100654.2
2021-07-01,0.0,0.0,0.0,0.0
2021-07-02,0.0,0.0,0.0,0.0
2021-07-03,0.0,0.0,0.0,0.0
2021-07-04,0.0,0.0,0.0,0.0
2021-07-05,0.0,0.0,0.0,0.0
2021-07-06,62235.200000000004,5272.4,17139.600000000002,100654.2
2021-07-07,53904.1,5272.4,7362.000000000001,100654.2
2021-07-08,0.0,0.0,0.0,0.0
2021-07-09,53904.1,5272.4,7362.000000000001,93726.0
2021-07-10,0.0,0.0,0.0,0.0
2021-07-11,0.0,0.0,0.0,0.0
2021-07-12,45326.4,5272.4,7362.000000000001,93726.0
2021-07-13,45326.4,79938.3,7362.000000000001,93726.0
2021-07-14,0.0,0.0,0.0,0.0
2021-07-15,0.0,0.0,0.0,0.0
2021-07-16,0.0,0.0,0.0,0.0
2021-07-17,0.0,0.0,0.0,0.0
2021-07-18,0.0,0.0,0.0,0.0
2021-07-19,0.0,0.0,0.0,0.0
2021-07-20,0.0,0.0,0.0,0.0
2021-07-21,0.0,0.0,0.0,0.0
2021-07-22,0.0,0.0,0.0,0.0
2021-07-23,0.0,0.0,0.0,0.0
2021-07-24,0.0,0.0,0.0,0.0
2021-07-25,0.0,0.0,0.0,0.0
2021-07-26,61536.0,79938.3,7362.000000000001,93726.0
2021-07-27,61158.2,79938.3,7362.000000000001,93726.0
2021-07-28,60667.0,86457.0,7362.000000000001,93726.0
2021-07-29,52311.0,86457.0,7362.000000000001,93726.0
2021-07-30,0.0,0.0,0.0,0.0
2021-07-31,0.0,0.0,0.0,0.0
2021-08-01,0.0,0.0,0.0,0.0
2021-08-02,43743.9,86457.0,7362.000000000001,93726.0
2021-08-03,0.0,0.0,0.0,0.0
2021-08-04,43743.9,78988.8,7362.000000000001,93726.0
2021-08-05,0.0,0.0,0.0,0.0
2021-08-06,0.0,0.0,0.0,0.0
2021-08-07,0.0,0.0,0.0,0.0
2021-08-08,0.0,0.0,0.0,0.0
2021-08-09,43743.9,78988.8,7362.000000000001,99895.5
2021-08-10,0.0,0.0,0.0,0.0
2021-08-11,0.0,0.0,0.0,0.0
2021-08-12,51918.8,71811.0,7362.000000000001,99895.5
2021-08-13,0.0,0.0,0.0,0.0
2021-08-14,0.0,0.0,0.0,0.0
2021-08-15,0.0,0.0,0.0,0.0
2021-08-16,0.0,0.0,0.0,0.0
2021-08-17,59896.799999999996,78927.6,7362.000000000001,99895.5
2021-08-18,59896.799999999996,78927.6,7362.000000000001,92648.59999999999
2021-08-19,0.0,0.0,0.0,0.0
2021-08-20,67649.1,78927.6,7362.000000000001,92648.59999999999
2021-08-21,0.0,0.0,0.0,0.0
2021-08-22,0.0,0.0,0.0,0.0
2021-08-23,59559.5,78927.6,7362.000000000001,92648.59999999999
2021-08-24,59559.5,71739.0,79731.59999999999,92648.59999999999
2021-08-25,0.0,0.0,0.0,0.0
2021-08-26,0.0,0.0,0.0,0.0
2021-08-27,0.0,0.0,0.0,0.0
2021-08-28,0.0,0.0,0.0,0.0
2021-08-29,0.0,0.0,0.0,0.0
2021-08-30,0.0,0.0,0.0,0.0
2021-08-31,67340.2,71739.0,79731.59999999999,92648.59999999999
2021-09-01,0.0,0.0,0.0,0.0
2021-09-02,67340.2,64053.6,79731.59999999999,92648.59999999999
2021-09-03,0.0,0.0,0.0,0.0
2021-09-04,0.0,0.0,0.0,0.0
2021-09-05,0.0,0.0,0.0,0.0
2021-09-06,0.0,0.0,0.0,0.0
2021-09-07,0.0,0.0,0.0,0.0
2021-09-08,67340.2,55829.399999999994,79731.59999999999,92648.59999999999
2021-09-09,0.0,0.0,0.0,0.0
2021-09-10,0.0,0.0,0.0,0.0
2021-09-11,0.0,0.0,0.0,0.0
2021-09-12,0.0,0.0,0.0,0.0
2021-09-13,0.0,0.0,0.0,0.0
2021-09-14,0.0,0.0,0.0,0.0
2021-09-15,0.0,0.0,0.0,0.0
2021-09-16,0.0,0.0,0.0,0.0
2021-09-17,67340.2,63163.1,79731.59999999999,92648.59999999999
2021-09-18,0.0,0.0,0.0,0.0
2021-09-19,0.0,0.0,0.0,0.0
2021-09-20,0.0,0.0,0.0,0.0
2021-09-21,0.0,0.0,0.0,0.0
2021-09-22,0.0,0.0,0.0,0.0
2021-09-23,67340.2,54924.99999999999,79731.59999999999,92648.59999999999
2021-09-24,0.0,0.0,0.0,0.0
2021-09-25,0.0,0.0,0.0,0.0
2021-09-26,0.0,0.0,0.0,0.0
2021-09-27,67340.2,62266.799999999996,79731.59999999999,92648.59999999999
2021-09-28,0.0,0.0,0.0,0.0
2021-09-29,67340.2,69924.8,85732.5,99456.0
2021-09-30,0.0,0.0,0.0,0.0
2021-10-01,0.0,0.0,0.0,0.0
2021-10-02,0.0,0.0,0.0,0.0
2021-10-03,0.0,0.0,0.0,0.0
2021-10-04,0.0,0.0,0.0,0.0
2021-10-05,0.0,0.0,0.0,0.0
2021-10-06,0.0,0.0,0.0,0.0
2021-10-07,0.0,0.0,0.0,0.0
2021-10-08,59203.799999999996,69924.8,85732.5,99456.0
2021-10-09,0.0,0.0,0.0,0.0
2021-10-10,0.0,0.0,0.0,0.0
2021-10-11,0.0,0.0,0.0,0.0
2021-10-12,66966.2,69924.8,85732.5,99456.0
2021-10-13,0.0,0.0,0.0,0.0
2021-10-14,0.0,0.0,0.0,0.0
2021-10-15,58811.5,69924.8,85732.5,99456.0
2021-10-16,0.0,0.0,0.0,0.0
2021-10-17,0.0,0.0,0.0,0.0
2021-10-18,0.0,0.0,0.0,0.0
2021-10-19,0.0,0.0,0.0,0.0
2021-10-20,58811.5,69924.8,78259.5,99456.0
2021-10-21,0.0,0.0,0.0,0.0
2021-10-22,0.0,0.0,0.0,0.0
2021-10-23,0.0,0.0,0.0,0.0
2021-10-24,0.0,0.0,0.0,0.0
2021-10-25,0.0,0.0,0.0,0.0
2021-10-26,0.0,0.0,0.0,0.0
2021-10-27,0.0,0.0,0.0,0.0
2021-10-28,0.0,0.0,0.0,0.0
2021-10-29,0.0,0.0,0.0,0.0
2021-10-30,0.0,0.0,0.0,0.0
2021-10-31,0.0,0.0,0.0,0.0
2021-11-01,58811.5,69924.8,70828.8,99456.0
2021-11-02,0.0,0.0,0.0,0.0
2021-11-03,0.0,0.0,0.0,0.0
2021-11-04,0.0,0.0,0.0,0.0
2021-11-05,50435.0,69924.8,62829.0,99456.0
2021-11-06,0.0,0.0,0.0,0.0
2021-11-07,0.0,0.0,0.0,0.0
2021-11-08,50435.0,69924.8,62829.0,92509.2
2021-11-09,0.0,0.0,0.0,0.0
2021-11-10,0.0,0.0,0.0,0.0
2021-11-11,0.0,0.0,0.0,0.0
2021-11-12,0.0,0.0,0.0,0.0
2021-11-13,0.0,0.0,0.0,0.0
2021-11-14,0.0,0.0,0.0,0.0
2021-11-15,0.0,0.0,0.0,0.0
2021-11-16,0.0,0.0,0.0,0.0
2021-11-17,0.0,0.0,0.0,0.0
2021-11-18,0.0,0.0,0.0,0.0
2021-11-19,0.0,0.0,0.0,0.0
2021-11-20,0.0,0.0,0.0,0.0
2021-11-21,0.0,0.0,0.0,0.0
2021-11-22,41837.6,69924.8,62829.0,92509.2
2021-11-23,0.0,0.0,0.0,0.0
2021-11-24,0.0,0.0,0.0,0.0
2021-11-25,0.0,0.0,0.0,0.0
2021-11-26,0.0,0.0,0.0,0.0
2021-11-27,0.0,0.0,0.0,0.0
2021-11-28,0.0,0.0,0.0,0.0
2021-11-29,0.0,0.0,0.0,0.0
2021-11-30,0.0,0.0,0.0,0.0
2021-12-01,41837.6,62213.6,62829.0,92509.2
2021-12-02,0.0,0.0,0.0,0.0
2021-12-03,41837.6,62213.6,70308.0,92509.2
2021-12-04,0.0,0.0,0.0,0.0
2021-12-05,0.0,0.0,0.0,0.0
2021-12-06,0.0,0.0,0.0,0.0
2021-12-07,50061.6,62213.6,70308.0,92509.2
2021-12-08,0.0,0.0,0.0,0.0
2021-12-09,0.0,0.0,0.0,0.0
2021-12-10,41475.6,62213.6,70308.0,92509.2
2021-12-11,0.0,0.0,0.0,0.0
2021-12-12,0.0,0.0,0.0,0.0
2021-12-13,0.0,0.0,0.0,0.0
2021-12-14,0.0,0.0,0.0,0.0
2021-12-15,41475.6,62213.6,70308.0,99324.0
2021-12-16,0.0,0.0,0.0,0.0
2021-12-17,0.0,0.0,0.0,0.0
2021-12-18,0.0,0.0,0.0,0.0
2021-12-19,0.0,0.0,0.0,0.0
2021-12-20,49704.0,62213.6,70308.0,99324.0
2021-12-21,0.0,0.0,0.0,0.0
2021-12-22,0.0,0.0,0.0,0.0
2021-12-23,0.0,0.0,0.0,0.0
2021-12-24,0.0,0.0,0.0,0.0
2021-12-25,0.0,0.0,0.0,0.0
2021-12-26,0.0,0.0,0.0,0.0
2021-12-27,0.0,0.0,0.0,0.0
2021-12-28,49704.0,62213.6,62558.799999999996,99324.0
2021-12-29,0.0,0.0,0.0,0.0
2021-12-30,0.0,0.0,0.0,0.0
2021-12-31,0.0,0.0,0.0,0.0
2022-01-01,0.0,0.0,0.0,0.0
2022-01-02,0.0,0.0,0.0,0.0
2022-01-03,0.0,0.0,0.0,0.0
2022-01-04,57712.2,62213.6,62558.799999999996,99324.0
2022-01-05,65497.50000000001,62213.6,62558.799999999996,99324.0
2022-01-06,65497.50000000001,62213.6,69050.2,99324.0
2022-01-07,0.0,0.0,0.0,0.0
2022-01-08,0.0,0.0,0.0,0.0
2022-01-09,0.0,0.0,0.0,0.0
2022-01-10,73059.0,62213.6,69050.2,99324.0
2022-01-11,0.0,0.0,0.0,0.0
2022-01-12,0.0,0.0,0.0,0.0
2022-01-13,0.0,0.0,0.0,0.0
2022-01-14,73059.0,69863.2,69589.0,99324.0
2022-01-15,0.0,0.0,0.0,0.0
2022-01-16,0.0,0.0,0.0,0.0
2022-01-17,65126.4,69863.2,69589.0,99324.0
2022-01-18,0.0,0.0,0.0,0.0
2022-01-19,72663.20000000001,69863.2,69589.0,99324.0
2022-01-20,72663.20000000001,69863.2,77145.2,92368.0
2022-01-21,0.0,0.0,0.0,0.0
2022-01-22,0.0,0.0,0.0,0.0
2022-01-23,0.0,0.0,0.0,0.0
2022-01-24,72663.20000000001,69863.2,84372.0,92368.0
2022-01-25,79997.59999999999,77000.0,84372.0,92368.0
2022-01-26,0.0,0.0,0.0,0.0
2022-01-27,79997.59999999999,83563.2,90843.5,92368.0
2022-01-28,87080.0,83563.2,90843.5,92368.0
2022-01-29,0.0,0.0,0.0,0.0
2022-01-30,0.0,0.0,0.0,0.0
2022-01-31,0.0,0.0,0.0,0.0
2022-02-01,0.0,0.0,0.0,0.0
2022-02-02,0.0,0.0,0.0,0.0
2022-02-03,0.0,0.0,0.0,0.0
2022-02-04,0.0,0.0,0.0,0.0
2022-02-05,0.0,0.0,0.0,0.0
2022-02-06,0.0,0.0,0.0,0.0
2022-02-07,79626.0,83563.2,84081.4,92368.0
2022-02-08,93495.0,83563.2,84081.4,92368.0
2022-02-09,86272.79999999999,76081.5,84081.4,92368.0
2022-02-10,86272.79999999999,76081.5,76459.9,92368.0
2022-02-11,93052.0,76081.5,76459.9,92368.0
2022-02-12,0.0,0.0,0.0,0.0
2022-02-13,0.0,0.0,0.0,0.0
2022-02-14,93052.0,76081.5,82207.3,92368.0
2022-02-15,0.0,0.0,0.0,0.0
2022-02-16,0.0,0.0,0.0,0.0
2022-02-17,0.0,0.0,0.0,0.0
2022-02-18,0.0,0.0,0.0,0.0
2022-02-19,0.0,0.0,0.0,0.0
2022-02-20,0.0,0.0,0.0,0.0
2022-02-21,0.0,0.0,0.0,0.0
2022-02-22,93052.0,76081.5,89397.0,84918.4
2022-02-23,0.0,0.0,0.0,0.0
2022-02-24,93052.0,76081.5,96250.0,84918.4
2022-02-25,85839.59999999999,76081.5,96250.0,84918.4
2022-02-26,0.0,0.0,0.0,0.0
2022-02-27,0.0,0.0,0.0,0.0
2022-02-28,0.0,0.0,0.0,0.0
2022-03-01,85839.59999999999,76081.5,90120.40000000001,84918.4
2022-03-02,0.0,0.0,0.0,0.0
2022-03-03,92712.9,76081.5,90120.40000000001,84918.4
2022-03-04,0.0,0.0,0.0,0.0
2022-03-05,0.0,0.0,0.0,0.0
2022-03-06,0.0,0.0,0.0,0.0
2022-03-07,105918.0,83473.6,96360.0,77913.0
2022-03-08,105918.0,90187.5,103042.4,77913.0
2022-03-09,112312.8,96572.40000000001,103042.4,70134.20000000001
2022-03-10,105955.20000000001,89404.0,96553.5,76731.5
2022-03-11,0.0,0.0,0.0,0.0
2022-03-12,0.0,0.0,0.0,0.0
2022-03-13,0.0,0.0,0.0,0.0
2022-03-14,0.0,0.0,0.0,0.0
2022-03-15,111411.6,101547.5,102615.9,76731.5
2022-03-16,104659.2,94954.7,95459.4,76731.5
2022-03-17,97725.0,87834.3,88153.8,76731.5
2022-03-18,0.0,0.0,0.0,0.0
2022-03-19,0.0,0.0,0.0,0.0
2022-03-20,0.0,0.0,0.0,0.0
2022-03-21,0.0,0.0,0.0,0.0
2022-03-22,0.0,0.0,0.0,0.0
2022-03-23,97725.0,87834.3,82243.9,76731.5
2022-03-24,0.0,0.0,0.0,0.0
2022-03-25,0.0,0.0,0.0,0.0
2022-03-26,0.0,0.0,0.0,0.0
2022-03-27,0.0,0.0,0.0,0.0
2022-03-28,104323.79999999999,87834.3,82243.9,76731.5
2022-03-29,0.0,0.0,0.0,0.0
2022-03-30,97314.79999999999,87834.3,75292.8,76731.5
2022-03-31,0.0,0.0,0.0,0.0
2022-04-01,0.0,0.0,0.0,0.0
2022-04-02,0.0,0.0,0.0,0.0
2022-04-03,0.0,0.0,0.0,0.0
2022-04-04,0.0,0.0,0.0,0.0
2022-04-05,0.0,0.0,0.0,0.0
2022-04-06,0.0,0.0,0.0,0.0
2022-04-07,103865.2,87834.3,81089.59999999999,76731.5
2022-04-08,103865.2,94858.8,81089.59999999999,76731.5
2022-04-09,0.0,0.0,0.0,0.0
2022-04-10,0.0,0.0,0.0,0.0
2022-04-11,110224.4,94858.8,81089.59999999999,76731.5
2022-04-12,110224.4,101411.6,87724.0,76731.5
2022-04-13,0.0,0.0,0.0,0.0
2022-04-14,116367.0,94776.6,87724.0,76731.5
2022-04-15,0.0,0.0,0.0,0.0
2022-04-16,0.0,0.0,0.0,0.0
2022-04-17,0.0,0.0,0.0,0.0
2022-04-18,0.0,0.0,0.0,0.0
2022-04-19,0.0,0.0,0.0,0.0
2022-04-20,122430.1,101321.0,87724.0,76731.5
2022-04-21,128332.80000000002,107250.0,87724.0,76731.5
2022-04-22,0.0,0.0,0.0,0.0
2022-04-23,0.0,0.0,0.0,0.0
2022-04-24,0.0,0.0,0.0,0.0
2022-04-25,133920.0,119145.0,87724.0,76731.5
2022-04-26,139460.4,124975.3,87724.0,76731.5
2022-04-27,133518.3,118989.0,93887.5,76731.5
2022-04-28,0.0,0.0,0.0,0.0
2022-04-29,127950.90000000001,112662.59999999999,86597.7,76731.5
2022-04-30,0.0,0.0,0.0,0.0
2022-05-01,0.0,0.0,0.0,0.0
2022-05-02,0.0,0.0,0.0,0.0
2022-05-03,0.0,0.0,0.0,0.0
2022-05-04,0.0,0.0,0.0,0.0
2022-05-05,0.0,0.0,0.0,0.0
2022-05-06,133086.9,112662.59999999999,93216.8,76731.5
2022-05-07,0.0,0.0,0.0,0.0
2022-05-08,0.0,0.0,0.0,0.0
2022-05-09,0.0,0.0,0.0,0.0
2022-05-10,133086.9,112662.59999999999,99372.0,76731.5
2022-05-11,120401.40000000001,106354.0,99372.0,76731.5
2022-05-12,0.0,0.0,0.0,0.0
2022-05-13,0.0,0.0,0.0,0.0
2022-05-14,0.0,0.0,0.0,0.0
2022-05-15,0.0,0.0,0.0,0.0
2022-05-16,0.0,0.0,0.0,0.0
2022-05-17,0.0,0.0,0.0,0.0
2022-05-18,120401.40000000001,106354.0,92142.4,76731.5
2022-05-19,120401.40000000001,106354.0,97267.5,76731.5
2022-05-20,120401.40000000001,99561.8,97267.5,76731.5
2022-05-21,0.0,0.0,0.0,0.0
2022-05-22,0.0,0.0,0.0,0.0
2022-05-23,0.0,0.0,0.0,0.0
2022-05-24,0.0,0.0,0.0,0.0
2022-05-25,120401.40000000001,105607.7,97267.5,76731.5
2022-05-26,126318.00000000001,98834.4,97267.5,76731.5
2022-05-27,119996.0,98834.4,97267.5,76731.5
2022-05-28,0.0,0.0,0.0,0.0
2022-05-29,0.0,0.0,0.0,0.0
2022-05-30,119996.0,98834.4,92892.4,76731.5
2022-05-31,0.0,0.0,0.0,0.0
2022-06-01,113467.9,98834.4,92892.4,76731.5
2022-06-02,113467.9,92178.59999999999,92892.4,76731.5
2022-06-03,0.0,0.0,0.0,0.0
2022-06-04,0.0,0.0,0.0,0.0
2022-06-05,0.0,0.0,0.0,0.0
2022-06-06,106720.90000000001,92178.59999999999,92892.4,76731.5
2022-06-07,0.0,0.0,0.0,0.0
2022-06-08,0.0,0.0,0.0,0.0
2022-06-09,0.0,0.0,0.0,0.0
2022-06-10,106720.90000000001,85032.0,98481.09999999999,76731.5
2022-06-11,0.0,0.0,0.0,0.0
2022-06-12,0.0,0.0,0.0,0.0
2022-06-13,106720.90000000001,85032.0,105053.5,76731.5
2022-06-14,106720.90000000001,85032.0,111186.8,76731.5
2022-06-15,99699.0,85032.0,111186.8,76731.5
2022-06-16,99699.0,85032.0,104984.5,76731.5
2022-06-17,92693.79999999999,85032.0,109464.6,76731.5
2022-06-18,0.0,0.0,0.0,0.0
2022-06-19,0.0,0.0,0.0,0.0
2022-06-20,85386.0,85032.0,109464.6,76731.5
2022-06-21,85386.0,85032.0,102575.8,76731.5
2022-06-22,0.0,0.0,0.0,0.0
2022-06-23,0.0,0.0,0.0,0.0
2022-06-24,85386.0,85032.0,95518.5,76731.5
2022-06-25,0.0,0.0,0.0,0.0
2022-06-26,0.0,0.0,0.0,0.0
2022-06-27,78156.79999999999,77475.40000000001,95518.5,76731.5
2022-06-28,0.0,0.0,0.0,0.0
2022-06-29,0.0,0.0,0.0,0.0
2022-06-30,78156.79999999999,77475.40000000001,102255.0,76731.5
2022-07-01,0.0,0.0,0.0,0.0
2022-07-02,0.0,0.0,0.0,0.0
2022-07-03,0.0,0.0,0.0,0.0
2022-07-04,77796.7,77475.40000000001,102255.0,76731.5
2022-07-05,0.0,0.0,0.0,0.0
2022-07-06,77796.7,77475.40000000001,102255.0,82806.0
2022-07-07,77796.7,77475.40000000001,95187.7,82806.0
2022-07-08,0.0,0.0,0.0,0.0
2022-07-09,0.0,0.0,0.0,0.0
2022-07-10,0.0,0.0,0.0,0.0
2022-07-11,85045.4,77475.40000000001,95187.7,82806.0
2022-07-12,0.0,0.0,0.0,0.0
2022-07-13,85045.4,84359.1,95187.7,82806.0
2022-07-14,77437.2,84359.1,95187.7,82806.0
2022-07-15,77437.2,84359.1,95187.7,89726.4
2022-07-16,0.0,0.0,0.0,0.0
2022-07-17,0.0,0.0,0.0,0.0
2022-07-18,84619.8,84359.1,95187.7,89726.4
2022-07-19,0.0,0.0,0.0,0.0
2022-07-20,84619.8,76692.0,87841.2,89726.4
2022-07-21,0.0,0.0,0.0,0.0
2022-07-22,0.0,0.0,0.0,0.0
2022-07-23,0.0,0.0,0.0,0.0
2022-07-24,0.0,0.0,0.0,0.0
2022-07-25,0.0,0.0,0.0,0.0
2022-07-26,0.0,0.0,0.0,0.0
2022-07-27,0.0,0.0,0.0,0.0
2022-07-28,0.0,0.0,0.0,0.0
2022-07-29,84619.8,76692.0,80797.6,82366.7
2022-07-30,0.0,0.0,0.0,0.0
2022-07-31,0.0,0.0,0.0,0.0
2022-08-01,91554.5,76692.0,80797.6,82366.7
2022-08-02,91554.5,83555.8,80797.6,82366.7
2022-08-03,0.0,0.0,0.0,0.0
2022-08-04,91554.5,83555.8,72971.1,82366.7
2022-08-05,0.0,0.0,0.0,0.0
2022-08-06,0.0,0.0,0.0,0.0
2022-08-07,0.0,0.0,0.0,0.0
2022-08-08,0.0,0.0,0.0,0.0
2022-08-09,0.0,0.0,0.0,0.0
2022-08-10,0.0,0.0,0.0,0.0
2022-08-11,91554.5,75868.0,72971.1,82366.7
2022-08-12,0.0,0.0,0.0,0.0
2022-08-13,0.0,0.0,0.0,0.0
2022-08-14,0.0,0.0,0.0,0.0
2022-08-15,0.0,0.0,0.0,0.0
2022-08-16,84226.9,75868.0,65117.2,82366.7
2022-08-17,0.0,0.0,0.0,0.0
2022-08-18,0.0,0.0,0.0,0.0
2022-08-19,0.0,0.0,0.0,0.0
2022-08-20,0.0,0.0,0.0,0.0
2022-08-21,0.0,0.0,0.0,0.0
2022-08-22,84226.9,75868.0,72777.6,82366.7
2022-08-23,0.0,0.0,0.0,0.0
2022-08-24,0.0,0.0,0.0,0.0
2022-08-25,91225.8,75868.0,72777.6,82366.7
2022-08-26,0.0,0.0,0.0,0.0
2022-08-27,0.0,0.0,0.0,0.0
2022-08-28,0.0,0.0,0.0,0.0
2022-08-29,91225.8,82112.58,78999.7,82366.7
2022-08-30,0.0,0.0,0.0,0.0
2022-08-31,97921.6,82112.58,78999.7,82366.7
2022-09-01,0.0,0.0,0.0,0.0
2022-09-02,0.0,0.0,0.0,0.0
2022-09-03,0.0,0.0,0.0,0.0
2022-09-04,0.0,0.0,0.0,0.0
2022-09-05,0.0,0.0,0.0,0.0
2022-09-06,104673.6,82112.58,78999.7,82366.7
2022-09-07,97593.6,82112.58,78999.7,82366.7
2022-09-08,0.0,0.0,0.0,0.0
2022-09-09,0.0,0.0,0.0,0.0
2022-09-10,0.0,0.0,0.0,0.0
2022-09-11,0.0,0.0,0.0,0.0
2022-09-12,0.0,0.0,0.0,0.0
2022-09-13,97593.6,82112.58,71211.40000000001,82366.7
2022-09-14,104345.09999999999,82112.58,77201.59999999999,82366.7
2022-09-15,110825.59999999999,82112.58,77201.59999999999,82366.7
2022-09-16,110825.59999999999,89271.924,77201.59999999999,82366.7
2022-09-17,0.0,0.0,0.0,0.0
2022-09-18,0.0,0.0,0.0,0.0
2022-09-19,117037.8,89271.924,77201.59999999999,82366.7
2022-09-20,0.0,0.0,0.0,0.0
2022-09-21,0.0,0.0,0.0,0.0
2022-09-22,117037.8,89271.924,84538.8,82366.7
2022-09-23,117037.8,95944.552,84538.8,82366.7
2022-09-24,0.0,0.0,0.0,0.0
2022-09-25,0.0,0.0,0.0,0.0
2022-09-26,0.0,0.0,0.0,0.0
2022-09-27,0.0,0.0,0.0,0.0
2022-09-28,0.0,0.0,0.0,0.0
2022-09-29,0.0,0.0,0.0,0.0
2022-09-30,0.0,0.0,0.0,0.0
2022-10-01,0.0,0.0,0.0,0.0
2022-10-02,0.0,0.0,0.0,0.0
2022-10-03,0.0,0.0,0.0,0.0
2022-10-04,0.0,0.0,0.0,0.0
2022-10-05,0.0,0.0,0.0,0.0
2022-10-06,0.0,0.0,0.0,0.0
2022-10-07,0.0,0.0,0.0,0.0
2022-10-08,0.0,0.0,0.0,0.0
2022-10-09,0.0,0.0,0.0,0.0
2022-10-10,122929.9,102695.04,91165.90000000001,82366.7
2022-10-11,0.0,0.0,0.0,0.0
2022-10-12,116428.8,102695.04,91165.90000000001,82366.7
2022-10-13,116428.8,95911.728,91165.90000000001,82366.7
2022-10-14,109933.59999999999,95911.728,91165.90000000001,82366.7
2022-10-15,0.0,0.0,0.0,0.0
2022-10-16,0.0,0.0,0.0,0.0
2022-10-17,109933.59999999999,88595.664,91165.90000000001,82366.7
2022-10-18,109933.59999999999,88595.664,83820.0,82366.7
2022-10-19,0.0,0.0,0.0,0.0
2022-10-20,0.0,0.0,0.0,0.0
2022-10-21,0.0,0.0,0.0,0.0
2022-10-22,0.0,0.0,0.0,0.0
2022-10-23,0.0,0.0,0.0,0.0
2022-10-24,116048.09999999999,88595.664,83820.0,82366.7
2022-10-25,116048.09999999999,95245.76800000001,83820.0,82366.7
2022-10-26,116048.09999999999,87891.18,83820.0,82366.7
2022-10-27,0.0,0.0,0.0,0.0
2022-10-28,122211.0,94580.80799999999,83820.0,82366.7
2022-10-29,0.0,0.0,0.0,0.0
2022-10-30,0.0,0.0,0.0,0.0
2022-10-31,0.0,0.0,0.0,0.0
2022-11-01,115719.0,94580.80799999999,76075.0,82366.7
2022-11-02,115719.0,87217.12,76075.0,82366.7
2022-11-03,115719.0,87217.12,82174.40000000001,82366.7
2022-11-04,109044.0,87217.12,82174.40000000001,82366.7
2022-11-05,0.0,0.0,0.0,0.0
2022-11-06,0.0,0.0,0.0,0.0
2022-11-07,0.0,0.0,0.0,0.0
2022-11-08,109044.0,87217.12,82174.40000000001,74860.5
2022-11-09,109044.0,79951.104,82174.40000000001,66873.3
2022-11-10,0.0,0.0,0.0,0.0
2022-11-11,109044.0,79951.104,76098.4,66873.3
2022-11-12,0.0,0.0,0.0,0.0
2022-11-13,0.0,0.0,0.0,0.0
2022-11-14,0.0,0.0,0.0,0.0
2022-11-15,0.0,0.0,0.0,0.0
2022-11-16,0.0,0.0,0.0,0.0
2022-11-17,0.0,0.0,0.0,0.0
2022-11-18,0.0,0.0,0.0,0.0
2022-11-19,0.0,0.0,0.0,0.0
2022-11-20,0.0,0.0,0.0,0.0
2022-11-21,0.0,0.0,0.0,0.0
2022-11-22,115265.20000000001,79951.104,76098.4,66873.3
2022-11-23,0.0,0.0,0.0,0.0
2022-11-24,0.0,0.0,0.0,0.0
2022-11-25,0.0,0.0,0.0,0.0
2022-11-26,0.0,0.0,0.0,0.0
2022-11-27,0.0,0.0,0.0,0.0
2022-11-28,121384.79999999999,87057.488,76098.4,66873.3
2022-11-29,114936.9,79847.808,76098.4,66873.3
2022-11-30,0.0,0.0,0.0,0.0
2022-12-01,0.0,0.0,0.0,0.0
2022-12-02,108156.79999999999,79847.808,76098.4,66873.3
2022-12-03,0.0,0.0,0.0,0.0
2022-12-04,0.0,0.0,0.0,0.0
2022-12-05,0.0,0.0,0.0,0.0
2022-12-06,0.0,0.0,0.0,0.0
2022-12-07,108156.79999999999,79847.808,83415.0,66873.3
2022-12-08,0.0,0.0,0.0,0.0
2022-12-09,0.0,0.0,0.0,0.0
2022-12-10,0.0,0.0,0.0,0.0
2022-12-11,0.0,0.0,0.0,0.0
2022-12-12,0.0,0.0,0.0,0.0
2022-12-13,0.0,0.0,0.0,0.0
2022-12-14,0.0,0.0,0.0,0.0
2022-12-15,0.0,0.0,0.0,0.0
2022-12-16,0.0,0.0,0.0,0.0
2022-12-17,0.0,0.0,0.0,0.0
2022-12-18,0.0,0.0,0.0,0.0
2022-12-19,108156.79999999999,87013.952,83415.0,66873.3
2022-12-20,114331.99999999999,87013.952,90562.5,66873.3
2022-12-21,0.0,0.0,0.0,0.0
2022-12-22,114331.99999999999,93675.168,90562.5,66873.3
2022-12-23,0.0,0.0,0.0,0.0
2022-12-24,0.0,0.0,0.0,0.0
2022-12-25,0.0,0.0,0.0,0.0
2022-12-26,0.0,0.0,0.0,0.0
2022-12-27,0.0,0.0,0.0,0.0
2022-12-28,0.0,0.0,0.0,0.0
2022-12-29,0.0,0.0,0.0,0.0
2022-12-30,0.0,0.0,0.0,0.0
2022-12-31,0.0,0.0,0.0,0.0
2023-01-01,0.0,0.0,0.0,0.0
2023-01-02,0.0,0.0,0.0,0.0
2023-01-03,0.0,0.0,0.0,0.0
2023-01-04,0.0,0.0,0.0,0.0
2023-01-05,107505.2,86342.292,90562.5,66873.3
2023-01-06,0.0,0.0,0.0,0.0
2023-01-07,0.0,0.0,0.0,0.0
2023-01-08,0.0,0.0,0.0,0.0
2023-01-09,0.0,0.0,0.0,0.0
2023-01-10,100643.8,86342.292,90562.5,66873.3
2023-01-11,0.0,0.0,0.0,0.0
2023-01-12,0.0,0.0,0.0,0.0
2023-01-13,0.0,0.0,0.0,0.0
2023-01-14,0.0,0.0,0.0,0.0
2023-01-15,0.0,0.0,0.0,0.0
2023-01-16,93555.0,79075.66399999999,90562.5,66873.3
2023-01-17,0.0,0.0,0.0,0.0
2023-01-18,0.0,0.0,0.0,0.0
2023-01-19,0.0,0.0,0.0,0.0
2023-01-20,93555.0,79075.66399999999,90562.5,59112.00000000001
2023-01-21,0.0,0.0,0.0,0.0
2023-01-22,0.0,0.0,0.0,0.0
2023-01-23,0.0,0.0,0.0,0.0
2023-01-24,0.0,0.0,0.0,0.0
2023-01-25,0.0,0.0,0.0,0.0
2023-01-26,0.0,0.0,0.0,0.0
2023-01-27,0.0,0.0,0.0,0.0
2023-01-28,0.0,0.0,0.0,0.0
2023-01-29,0.0,0.0,0.0,0.0
2023-01-30,87001.2,71375.59199999999,84484.4,59112.00000000001
2023-01-31,0.0,0.0,0.0,0.0
2023-02-01,93849.6,71375.59199999999,84484.4,59112.00000000001
2023-02-02,0.0,0.0,0.0,0.0
2023-02-03,93849.6,71375.59199999999,77085.9,59112.00000000001
2023-02-04,0.0,0.0,0.0,0.0
2023-02-05,0.0,0.0,0.0,0.0
2023-02-06,0.0,0.0,0.0,0.0
2023-02-07,0.0,0.0,0.0,0.0
2023-02-08,0.0,0.0,0.0,0.0
2023-02-09,0.0,0.0,0.0,0.0
2023-02-10,0.0,0.0,0.0,0.0
2023-02-11,0.0,0.0,0.0,0.0
2023-02-12,0.0,0.0,0.0,0.0
2023-02-13,0.0,0.0,0.0,0.0
2023-02-14,0.0,0.0,0.0,0.0
2023-02-15,0.0,0.0,0.0,0.0
2023-02-16,0.0,0.0,0.0,0.0
2023-02-17,100713.59999999999,71375.59199999999,77085.9,59112.00000000001
2023-02-18,0.0,0.0,0.0,0.0
2023-02-19,0.0,0.0,0.0,0.0
2023-02-20,0.0,0.0,0.0,0.0
2023-02-21,0.0,0.0,0.0,0.0
2023-02-22,0.0,0.0,0.0,0.0
2023-02-23,0.0,0.0,0.0,0.0
2023-02-24,0.0,0.0,0.0,0.0
2023-02-25,0.0,0.0,0.0,0.0
2023-02-26,0.0,0.0,0.0,0.0
2023-02-27,107257.9,71375.59199999999,77085.9,59112.00000000001
2023-02-28,0.0,0.0,0.0,0.0
2023-03-01,0.0,0.0,0.0,0.0
2023-03-02,107257.9,71375.59199999999,84246.5,59112.00000000001
2023-03-03,0.0,0.0,0.0,0.0
2023-03-04,0.0,0.0,0.0,0.0
2023-03-05,0.0,0.0,0.0,0.0
2023-03-06,107257.9,71375.59199999999,76560.9,59112.00000000001
2023-03-07,0.0,0.0,0.0,0.0
2023-03-08,0.0,0.0,0.0,0.0
2023-03-09,0.0,0.0,0.0,0.0
2023-03-10,0.0,0.0,0.0,0.0
2023-03-11,0.0,0.0,0.0,0.0
2023-03-12,0.0,0.0,0.0,0.0
2023-03-13,113572.4,71375.59199999999,83809.2,59112.00000000001
2023-03-14,113572.4,78471.176,83809.2,59112.00000000001
2023-03-15,0.0,0.0,0.0,0.0
2023-03-16,0.0,0.0,0.0,0.0
2023-03-17,113572.4,78471.176,77350.0,59112.00000000001
2023-03-18,0.0,0.0,0.0,0.0
2023-03-19,0.0,0.0,0.0,0.0
2023-03-20,113572.4,78471.176,77350.0,51252.0
2023-03-21,0.0,0.0,0.0,0.0
2023-03-22,0.0,0.0,0.0,0.0
2023-03-23,0.0,0.0,0.0,0.0
2023-03-24,0.0,0.0,0.0,0.0
2023-03-25,0.0,0.0,0.0,0.0
2023-03-26,0.0,0.0,0.0,0.0
2023-03-27,0.0,0.0,0.0,0.0
2023-03-28,0.0,0.0,0.0,0.0
2023-03-29,0.0,0.0,0.0,0.0
2023-03-30,0.0,0.0,0.0,0.0
2023-03-31,113572.4,70661.208,69494.40000000001,51252.0
2023-04-01,0.0,0.0,0.0,0.0
2023-04-02,0.0,0.0,0.0,0.0
2023-04-03,106977.6,70661.208,69494.40000000001,51252.0
2023-04-04,0.0,0.0,0.0,0.0
2023-04-05,0.0,0.0,0.0,0.0
2023-04-06,0.0,0.0,0.0,0.0
2023-04-07,0.0,0.0,0.0,0.0
2023-04-08,0.0,0.0,0.0,0.0
2023-04-09,0.0,0.0,0.0,0.0
2023-04-10,0.0,0.0,0.0,0.0
2023-04-11,0.0,0.0,0.0,0.0
2023-04-12,0.0,0.0,0.0,0.0
2023-04-13,0.0,0.0,0.0,0.0
2023-04-14,0.0,0.0,0.0,0.0
2023-04-15,0.0,0.0,0.0,0.0
2023-04-16,0.0,0.0,0.0,0.0
2023-04-17,0.0,0.0,0.0,0.0
2023-04-18,0.0,0.0,0.0,0.0
2023-04-19,0.0,0.0,0.0,0.0
2023-04-20,0.0,0.0,0.0,0.0
2023-04-21,113295.0,70661.208,69494.40000000001,51252.0
2023-04-22,0.0,0.0,0.0,0.0
2023-04-23,0.0,0.0,0.0,0.0
2023-04-24,0.0,0.0,0.0,0.0
2023-04-25,119344.59999999999,77778.204,69494.40000000001,51252.0
2023-04-26,0.0,0.0,0.0,0.0
2023-04-27,0.0,0.0,0.0,0.0
2023-04-28,0.0,0.0,0.0,0.0
2023-04-29,0.0,0.0,0.0,0.0
2023-04-30,0.0,0.0,0.0,0.0
2023-05-01,0.0,0.0,0.0,0.0
2023-05-02,0.0,0.0,0.0,0.0
2023-05-03,0.0,0.0,0.0,0.0
2023-05-04,119344.59999999999,77778.204,69494.40000000001,42777.0
2023-05-05,0.0,0.0,0.0,0.0
2023-05-06,0.0,0.0,0.0,0.0
2023-05-07,0.0,0.0,0.0,0.0
2023-05-08,0.0,0.0,0.0,0.0
2023-05-09,0.0,0.0,0.0,0.0
2023-05-10,0.0,0.0,0.0,0.0
2023-05-11,119344.59999999999,77778.204,61382.0,42777.0
2023-05-12,0.0,0.0,0.0,0.0
2023-05-13,0.0,0.0,0.0,0.0
2023-05-14,0.0,0.0,0.0,0.0
2023-05-15,0.0,0.0,0.0,0.0
2023-05-16,0.0,0.0,0.0,0.0
2023-05-17,0.0,0.0,0.0,0.0
2023-05-18,119344.59999999999,77778.204,53004.299999999996,42777.0
2023-05-19,0.0,0.0,0.0,0.0
2023-05-20,0.0,0.0,0.0,0.0
2023-05-21,0.0,0.0,0.0,0.0
2023-05-22,0.0,0.0,0.0,0.0
2023-05-23,119344.59999999999,77778.204,44400.0,42777.0
2023-05-24,0.0,0.0,0.0,0.0
2023-05-25,119344.59999999999,84987.76000000001,44400.0,42777.0
2023-05-26,0.0,0.0,0.0,0.0
2023-05-27,0.0,0.0,0.0,0.0
2023-05-28,0.0,0.0,0.0,0.0
2023-05-29,125286.79999999999,84987.76000000001,35432.0,42777.0
2023-05-30,0.0,0.0,0.0,0.0
2023-05-31,0.0,0.0,0.0,0.0
2023-06-01,0.0,0.0,0.0,0.0
2023-06-02,125286.79999999999,77689.92,35432.0,42777.0
2023-06-03,0.0,0.0,0.0,0.0
2023-06-04,0.0,0.0,0.0,0.0
2023-06-05,0.0,0.0,0.0,0.0
2023-06-06,0.0,0.0,0.0,0.0
2023-06-07,131013.59999999999,77689.92,35432.0,42777.0
2023-06-08,0.0,0.0,0.0,0.0
2023-06-09,0.0,0.0,0.0,0.0
2023-06-10,0.0,0.0,0.0,0.0
2023-06-11,0.0,0.0,0.0,0.0
2023-06-12,0.0,0.0,0.0,0.0
2023-06-13,131013.59999999999,77689.92,26651.3,42777.0
2023-06-14,0.0,0.0,0.0,0.0
2023-06-15,124800.8,77689.92,26651.3,42777.0
2023-06-16,118521.4,77689.92,26651.3,42777.0
2023-06-17,0.0,0.0,0.0,0.0
2023-06-18,0.0,0.0,0.0,0.0
2023-06-19,0.0,0.0,0.0,0.0
2023-06-20,0.0,0.0,0.0,0.0
2023-06-21,0.0,0.0,0.0,0.0
2023-06-22,0.0,0.0,0.0,0.0
2023-06-23,0.0,0.0,0.0,0.0
2023-06-24,0.0,0.0,0.0,0.0
2023-06-25,0.0,0.0,0.0,0.0
2023-06-26,124528.8,84916.7,26651.3,42777.0
2023-06-27,0.0,0.0,0.0,0.0
2023-06-28,0.0,0.0,0.0,0.0
2023-06-29,0.0,0.0,0.0,0.0
2023-06-30,0.0,0.0,0.0,0.0
2023-07-01,0.0,0.0,0.0,0.0
2023-07-02,0.0,0.0,0.0,0.0
2023-07-03,124528.8,84916.7,17298.0,42777.0
2023-07-04,0.0,0.0,0.0,0.0
2023-07-05,0.0,0.0,0.0,0.0
2023-07-06,0.0,0.0,0.0,0.0
2023-07-07,0.0,0.0,0.0,0.0
2023-07-08,0.0,0.0,0.0,0.0
2023-07-09,0.0,0.0,0.0,0.0
2023-07-10,0.0,0.0,0.0,0.0
2023-07-11,0.0,0.0,0.0,0.0
2023-07-12,0.0,0.0,0.0,0.0
2023-07-13,0.0,0.0,0.0,0.0
2023-07-14,0.0,0.0,0.0,0.0
2023-07-15,0.0,0.0,0.0,0.0
2023-07-16,0.0,0.0,0.0,0.0
2023-07-17,0.0,0.0,0.0,0.0
2023-07-18,0.0,0.0,0.0,0.0
2023-07-19,124528.8,84916.7,7609.8,42777.0
2023-07-20,0.0,0.0,0.0,0.0
2023-07-21,0.0,0.0,0.0,0.0
2023-07-22,0.0,0.0,0.0,0.0
2023-07-23,0.0,0.0,0.0,0.0
2023-07-24,0.0,0.0,0.0,0.0
2023-07-25,0.0,0.0,0.0,0.0
2023-07-26,0.0,0.0,0.0,0.0
2023-07-27,0.0,0.0,0.0,0.0
2023-07-28,124528.8,77639.472,7609.8,42777.0
2023-07-29,0.0,0.0,0.0,0.0
2023-07-30,0.0,0.0,0.0,0.0
2023-07-31,0.0,0.0,0.0,0.0
2023-08-01,0.0,0.0,0.0,0.0
2023-08-02,0.0,0.0,0.0,0.0
2023-08-03,124528.8,77639.472,16993.600000000002,42777.0
2023-08-04,118677.0,77639.472,16993.600000000002,42777.0
2023-08-05,0.0,0.0,0.0,0.0
2023-08-06,0.0,0.0,0.0,0.0
2023-08-07,0.0,0.0,0.0,0.0
2023-08-08,0.0,0.0,0.0,0.0
2023-08-09,0.0,0.0,0.0,0.0
2023-08-10,0.0,0.0,0.0,0.0
2023-08-11,124722.59999999999,77639.472,16993.600000000002,42777.0
2023-08-12,0.0,0.0,0.0,0.0
2023-08-13,0.0,0.0,0.0,0.0
2023-08-14,124722.59999999999,84859.852,16993.600000000002,42777.0
2023-08-15,0.0,0.0,0.0,0.0
2023-08-16,0.0,0.0,0.0,0.0
2023-08-17,130435.59999999999,84859.852,16993.600000000002,42777.0
2023-08-18,130435.59999999999,84859.852,26124.4,42777.0
2023-08-19,0.0,0.0,0.0,0.0
2023-08-20,0.0,0.0,0.0,0.0
2023-08-21,0.0,0.0,0.0,0.0
2023-08-22,136078.8,91567.292,26124.4,42777.0
2023-08-23,0.0,0.0,0.0,0.0
2023-08-24,136078.8,91567.292,16837.0,42777.0
2023-08-25,136078.8,91567.292,25975.2,42777.0
2023-08-26,0.0,0.0,0.0,0.0
2023-08-27,0.0,0.0,0.0,0.0
2023-08-28,138574.4,91019.61600000001,25975.2,42777.0
2023-08-29,0.0,0.0,0.0,0.0
2023-08-30,138574.4,91019.61600000001,16571.0,42777.0
2023-08-31,0.0,0.0,0.0,0.0
2023-09-01,0.0,0.0,0.0,0.0
2023-09-02,0.0,0.0,0.0,0.0
2023-09-03,0.0,0.0,0.0,0.0
2023-09-04,0.0,0.0,0.0,0.0
2023-09-05,0.0,0.0,0.0,0.0
2023-09-06,0.0,0.0,0.0,0.0
2023-09-07,0.0,0.0,0.0,0.0
2023-09-08,143966.8,91019.61600000001,16571.0,42777.0
2023-09-09,0.0,0.0,0.0,0.0
2023-09-10,0.0,0.0,0.0,0.0
2023-09-11,143966.8,91019.61600000001,16571.0,34080.0
2023-09-12,0.0,0.0,0.0,0.0
2023-09-13,0.0,0.0,0.0,0.0
2023-09-14,0.0,0.0,0.0,0.0
2023-09-15,0.0,0.0,0.0,0.0
2023-09-16,0.0,0.0,0.0,0.0
2023-09-17,0.0,0.0,0.0,0.0
2023-09-18,0.0,0.0,0.0,0.0
2023-09-19,0.0,0.0,0.0,0.0
2023-09-20,0.0,0.0,0.0,0.0
2023-09-21,149073.2,91019.61600000001,25740.000000000004,34080.0
2023-09-22,0.0,0.0,0.0,0.0
2023-09-23,0.0,0.0,0.0,0.0
2023-09-24,0.0,0.0,0.0,0.0
2023-09-25,0.0,0.0,0.0,0.0
2023-09-26,0.0,0.0,0.0,0.0
2023-09-27,0.0,0.0,0.0,0.0
2023-09-28,0.0,0.0,0.0,0.0
2023-09-29,0.0,0.0,0.0,0.0
2023-09-30,0.0,0.0,0.0,0.0
2023-10-01,0.0,0.0,0.0,0.0
2023-10-02,0.0,0.0,0.0,0.0
2023-10-03,0.0,0.0,0.0,0.0
2023-10-04,0.0,0.0,0.0,0.0
2023-10-05,0.0,0.0,0.0,0.0
2023-10-06,0.0,0.0,0.0,0.0
2023-10-07,0.0,0.0,0.0,0.0
2023-10-08,0.0,0.0,0.0,0.0
2023-10-09,149073.2,91019.61600000001,25740.000000000004,42709.1
2023-10-10,0.0,0.0,0.0,0.0
2023-10-11,0.0,0.0,0.0,0.0
2023-10-12,0.0,0.0,0.0,0.0
2023-10-13,0.0,0.0,0.0,0.0
2023-10-14,0.0,0.0,0.0,0.0
2023-10-15,0.0,0.0,0.0,0.0
2023-10-16,0.0,0.0,0.0,0.0
2023-10-17,0.0,0.0,0.0,0.0
2023-10-18,149073.2,97838.02799999999,25740.000000000004,42709.1
2023-10-19,154147.9,97838.02799999999,25740.000000000004,34110.0
2023-10-20,0.0,0.0,0.0,0.0
2023-10-21,0.0,0.0,0.0,0.0
2023-10-22,0.0,0.0,0.0,0.0
2023-10-23,159081.6,104103.064,25740.000000000004,34110.0
2023-10-24,0.0,0.0,0.0,0.0
2023-10-25,0.0,0.0,0.0,0.0
2023-10-26,159081.6,104103.064,34117.2,34110.0
2023-10-27,153609.1,97137.632,34117.2,34110.0
2023-10-28,0.0,0.0,0.0,0.0
2023-10-29,0.0,0.0,0.0,0.0
2023-10-30,148070.4,97137.632,34117.2,34110.0
2023-10-31,0.0,0.0,0.0,0.0
2023-11-01,0.0,0.0,0.0,0.0
2023-11-02,148070.4,97137.632,25070.000000000004,34110.0
2023-11-03,0.0,0.0,0.0,0.0
2023-11-04,0.0,0.0,0.0,0.0
2023-11-05,0.0,0.0,0.0,0.0
2023-11-06,0.0,0.0,0.0,0.0
2023-11-07,0.0,0.0,0.0,0.0
2023-11-08,148070.4,97137.632,15609.7,34110.0
2023-11-09,0.0,0.0,0.0,0.0
2023-11-10,0.0,0.0,0.0,0.0
2023-11-11,0.0,0.0,0.0,0.0
2023-11-12,0.0,0.0,0.0,0.0
2023-11-13,0.0,0.0,0.0,0.0
2023-11-14,0.0,0.0,0.0,0.0
2023-11-15,148070.4,90237.36,5825.0,34110.0
2023-11-16,0.0,0.0,0.0,0.0
2023-11-17,0.0,0.0,0.0,0.0
2023-11-18,0.0,0.0,0.0,0.0
2023-11-19,0.0,0.0,0.0,0.0
2023-11-20,0.0,0.0,0.0,0.0
2023-11-21,0.0,0.0,0.0,0.0
2023-11-22,0.0,0.0,0.0,0.0
2023-11-23,0.0,0.0,0.0,0.0
2023-11-24,0.0,0.0,0.0,0.0
2023-11-25,0.0,0.0,0.0,0.0
2023-11-26,0.0,0.0,0.0,0.0
2023-11-27,153153.0,90237.36,5825.0,34110.0
2023-11-28,0.0,0.0,0.0,0.0
2023-11-29,0.0,0.0,0.0,0.0
2023-11-30,153153.0,97051.072,5825.0,34110.0
2023-12-01,0.0,0.0,0.0,0.0
2023-12-02,0.0,0.0,0.0,0.0
2023-12-03,0.0,0.0,0.0,0.0
2023-12-04,0.0,0.0,0.0,0.0
2023-12-05,0.0,0.0,0.0,0.0
2023-12-06,0.0,0.0,0.0,0.0
2023-12-07,0.0,0.0,0.0,0.0
2023-12-08,0.0,0.0,0.0,0.0
2023-12-09,0.0,0.0,0.0,0.0
2023-12-10,0.0,0.0,0.0,0.0
2023-12-11,0.0,0.0,0.0,0.0
2023-12-12,0.0,0.0,0.0,0.0
2023-12-13,0.0,0.0,0.0,0.0
2023-12-14,158093.6,97051.072,79945.59999999999,34110.0
2023-12-15,0.0,0.0,0.0,0.0
2023-12-16,0.0,0.0,0.0,0.0
2023-12-17,0.0,0.0,0.0,0.0
2023-12-18,0.0,0.0,0.0,0.0
2023-12-19,0.0,0.0,0.0,0.0
2023-12-20,162966.6,103368.244,79945.59999999999,34110.0
2023-12-21,0.0,0.0,0.0,0.0
2023-12-22,0.0,0.0,0.0,0.0
2023-12-23,0.0,0.0,0.0,0.0
2023-12-24,0.0,0.0,0.0,0.0
2023-12-25,0.0,0.0,0.0,0.0
2023-12-26,0.0,0.0,0.0,0.0
2023-12-27,0.0,0.0,0.0,0.0
2023-12-28,157825.2,103368.244,79945.59999999999,25304.4
2023-12-29,0.0,0.0,0.0,0.0
2023-12-30,0.0,0.0,0.0,0.0
2023-12-31,0.0,0.0,0.0,0.0
2024-01-01,0.0,0.0,0.0,0.0
2024-01-02,0.0,0.0,0.0,0.0
2024-01-03,0.0,0.0,0.0,0.0
2024-01-04,162698.19999999998,103368.244,79945.59999999999,25304.4
2024-01-05,0.0,0.0,0.0,0.0
2024-01-06,0.0,0.0,0.0,0.0
2024-01-07,0.0,0.0,0.0,0.0
2024-01-08,167332.8,109720.864,79945.59999999999,25304.4
2024-01-09,0.0,0.0,0.0,0.0
2024-01-10,0.0,0.0,0.0,0.0
2024-01-11,0.0,0.0,0.0,0.0
2024-01-12,0.0,0.0,0.0,0.0
2024-01-13,0.0,0.0,0.0,0.0
2024-01-14,0.0,0.0,0.0,0.0
2024-01-15,0.0,0.0,0.0,0.0
2024-01-16,0.0,0.0,0.0,0.0
2024-01-17,0.0,0.0,0.0,0.0
2024-01-18,171184.0,115592.54400000001,79945.59999999999,25304.4
2024-01-19,171184.0,115592.54400000001,72226.20000000001,25304.4
2024-01-20,0.0,0.0,0.0,0.0
2024-01-21,0.0,0.0,0.0,0.0
2024-01-22,171184.0,121505.984,64205.799999999996,25304.4
2024-01-23,171184.0,121456.96,64205.799999999996,25304.4
2024-01-24,0.0,0.0,0.0,0.0
2024-01-25,171184.0,114923.76000000001,64205.799999999996,25304.4
2024-01-26,0.0,0.0,0.0,0.0
2024-01-27,0.0,0.0,0.0,0.0
2024-01-28,0.0,0.0,0.0,0.0
2024-01-29,175560.0,114923.76000000001,64205.799999999996,25304.4
2024-01-30,179877.6,120839.40000000001,64205.799999999996,25304.4
2024-01-31,179877.6,126777.59999999999,64205.799999999996,25304.4
2024-02-01,0.0,0.0,0.0,0.0
2024-02-02,179877.6,131735.73599999998,64205.799999999996,25304.4
2024-02-03,0.0,0.0,0.0,0.0
2024-02-04,0.0,0.0,0.0,0.0
2024-02-05,179877.6,130931.892,64205.799999999996,25304.4
2024-02-06,175131.0,117946.944,64205.799999999996,25304.4
2024-02-07,170422.0,104924.30399999999,64205.799999999996,25304.4
2024-02-08,165627.2,97907.712,64205.799999999996,25304.4
2024-02-09,0.0,0.0,0.0,0.0
2024-02-10,0.0,0.0,0.0,0.0
2024-02-11,0.0,0.0,0.0,0.0
2024-02-12,0.0,0.0,0.0,0.0
2024-02-13,0.0,0.0,0.0,0.0
2024-02-14,0.0,0.0,0.0,0.0
2024-02-15,0.0,0.0,0.0,0.0
2024-02-16,0.0,0.0,0.0,0.0
2024-02-17,0.0,0.0,0.0,0.0
2024-02-18,0.0,0.0,0.0,0.0
2024-02-19,165627.2,104242.50799999999,64205.799999999996,25304.4
2024-02-20,0.0,0.0,0.0,0.0
2024-02-21,0.0,0.0,0.0,0.0
2024-02-22,0.0,0.0,0.0,0.0
2024-02-23,165627.2,104242.50799999999,56052.8,25304.4
2024-02-24,0.0,0.0,0.0,0.0
2024-02-25,0.0,0.0,0.0,0.0
2024-02-26,0.0,0.0,0.0,0.0
2024-02-27,165627.2,97188.992,56052.8,25304.4
2024-02-28,160741.8,97188.992,56052.8,25304.4
2024-02-29,160383.30000000002,97188.992,56052.8,25304.4
2024-03-01,0.0,0.0,0.0,0.0
2024-03-02,0.0,0.0,0.0,0.0
2024-03-03,0.0,0.0,0.0,0.0
2024-03-04,0.0,0.0,0.0,0.0
2024-03-05,0.0,0.0,0.0,0.0
2024-03-06,0.0,0.0,0.0,0.0
2024-03-07,160383.30000000002,97188.992,56052.8,15995.100000000002
2024-03-08,0.0,0.0,0.0,0.0
2024-03-09,0.0,0.0,0.0,0.0
2024-03-10,0.0,0.0,0.0,0.0
2024-03-11,154972.0,90189.048,56052.8,15995.100000000002
2024-03-12,149569.0,90189.048,56052.8,15995.100000000002
2024-03-13,0.0,0.0,0.0,0.0
2024-03-14,0.0,0.0,0.0,0.0
2024-03-15,154611.6,90189.048,56052.8,15995.100000000002
2024-03-16,0.0,0.0,0.0,0.0
2024-03-17,0.0,0.0,0.0,0.0
2024-03-18,149197.4,90189.048,56052.8,15995.100000000002
2024-03-19,0.0,0.0,0.0,0.0
2024-03-20,0.0,0.0,0.0,0.0
2024-03-21,0.0,0.0,0.0,0.0
2024-03-22,0.0,0.0,0.0,0.0
2024-03-23,0.0,0.0,0.0,0.0
2024-03-24,0.0,0.0,0.0,0.0
2024-03-25,154251.2,90189.048,56052.8,15995.100000000002
2024-03-26,154251.2,97116.54400000001,56052.8,15995.100000000002
2024-03-27,159151.7,97116.54400000001,56052.8,15995.100000000002
2024-03-28,159151.7,97116.54400000001,56052.8,6500.0
2024-03-29,0.0,0.0,0.0,0.0
2024-03-30,0.0,0.0,0.0,0.0
2024-03-31,0.0,0.0,0.0,0.0
2024-04-01,153720.0,97116.54400000001,56052.8,79510.2
2024-04-02,0.0,0.0,0.0,0.0
2024-04-03,0.0,0.0,0.0,0.0
2024-04-04,0.0,0.0,0.0,0.0
2024-04-05,0.0,0.0,0.0,0.0
2024-04-06,0.0,0.0,0.0,0.0
2024-04-07,0.0,0.0,0.0,0.0
2024-04-08,153720.0,97116.54400000001,56052.8,71887.5
2024-04-09,0.0,0.0,0.0,0.0
2024-04-10,158711.4,97116.54400000001,56052.8,71887.5
2024-04-11,0.0,0.0,0.0,0.0
2024-04-12,158711.4,97116.54400000001,56052.8,64186.2
2024-04-13,0.0,0.0,0.0,0.0
2024-04-14,0.0,0.0,0.0,0.0
2024-04-15,0.0,0.0,0.0,0.0
2024-04-16,0.0,0.0,0.0,0.0
2024-04-17,0.0,0.0,0.0,0.0
2024-04-18,158711.4,97116.54400000001,63921.899999999994,64186.2
2024-04-19,163543.80000000002,97116.54400000001,63921.899999999994,64186.2
2024-04-20,0.0,0.0,0.0,0.0
2024-04-21,0.0,0.0,0.0,0.0
2024-04-22,0.0,0.0,0.0,0.0
2024-04-23,163543.80000000002,97116.54400000001,63921.899999999994,71806.5
2024-04-24,0.0,0.0,0.0,0.0
2024-04-25,0.0,0.0,0.0,0.0
2024-04-26,158180.8,97116.54400000001,63921.899999999994,71806.5
2024-04-27,0.0,0.0,0.0,0.0
2024-04-28,0.0,0.0,0.0,0.0
2024-04-29,147313.5,90091.17599999999,63921.899999999994,71806.5
2024-04-30,0.0,0.0,0.0,0.0
2024-05-01,0.0,0.0,0.0,0.0
2024-05-02,0.0,0.0,0.0,0.0
2024-05-03,0.0,0.0,0.0,0.0
2024-05-04,0.0,0.0,0.0,0.0
2024-05-05,0.0,0.0,0.0,0.0
2024-05-06,0.0,0.0,0.0,0.0
2024-05-07,0.0,0.0,0.0,0.0
2024-05-08,0.0,0.0,0.0,0.0
2024-05-09,0.0,0.0,0.0,0.0
2024-05-10,147313.5,90091.17599999999,55572.0,71806.5
2024-05-11,0.0,0.0,0.0,0.0
2024-05-12,0.0,0.0,0.0,0.0
2024-05-13,0.0,0.0,0.0,0.0
2024-05-14,0.0,0.0,0.0,0.0
2024-05-15,152385.6,90091.17599999999,55572.0,71806.5
2024-05-16,0.0,0.0,0.0,0.0
2024-05-17,0.0,0.0,0.0,0.0
2024-05-18,0.0,0.0,0.0,0.0
2024-05-19,0.0,0.0,0.0,0.0
2024-05-20,152385.6,90091.17599999999,55572.0,64630.8
2024-05-21,152385.6,90091.17599999999,47229.0,64630.8
2024-05-22,0.0,0.0,0.0,0.0
2024-05-23,152385.6,90091.17599999999,47229.0,72279.0
2024-05-24,152385.6,97025.984,47229.0,72279.0
2024-05-25,0.0,0.0,0.0,0.0
2024-05-26,0.0,0.0,0.0,0.0
2024-05-27,0.0,0.0,0.0,0.0
2024-05-28,0.0,0.0,0.0,0.0
2024-05-29,0.0,0.0,0.0,0.0
2024-05-30,0.0,0.0,0.0,0.0
2024-05-31,0.0,0.0,0.0,0.0
2024-06-01,0.0,0.0,0.0,0.0
2024-06-02,0.0,0.0,0.0,0.0
2024-06-03,0.0,0.0,0.0,0.0
2024-06-04,0.0,0.0,0.0,0.0
2024-06-05,0.0,0.0,0.0,0.0
2024-06-06,0.0,0.0,0.0,0.0
2024-06-07,157392.90000000002,97025.984,47229.0,72279.0
2024-06-08,0.0,0.0,0.0,0.0
2024-06-09,0.0,0.0,0.0,0.0
2024-06-10,0.0,0.0,0.0,0.0
2024-06-11,0.0,0.0,0.0,0.0
2024-06-12,157392.90000000002,97025.984,38438.399999999994,72279.0
2024-06-13,0.0,0.0,0.0,0.0
2024-06-14,0.0,0.0,0.0,0.0
2024-06-15,0.0,0.0,0.0,0.0
2024-06-16,0.0,0.0,0.0,0.0
2024-06-17,0.0,0.0,0.0,0.0
2024-06-18,157392.90000000002,97025.984,29431.4,72279.0
2024-06-19,0.0,0.0,0.0,0.0
2024-06-20,157392.90000000002,103403.01599999999,29431.4,72279.0
2024-06-21,0.0,0.0,0.0,0.0
2024-06-22,0.0,0.0,0.0,0.0
2024-06-23,0.0,0.0,0.0,0.0
2024-06-24,0.0,0.0,0.0,0.0
2024-06-25,162240.0,109801.608,29431.4,72279.0
2024-06-26,0.0,0.0,0.0,0.0
2024-06-27,0.0,0.0,0.0,0.0
2024-06-28,0.0,0.0,0.0,0.0
2024-06-29,0.0,0.0,0.0,0.0
2024-06-30,0.0,0.0,0.0,0.0
2024-07-01,166810.3,109801.608,29431.4,72279.0
2024-07-02,0.0,0.0,0.0,0.0
2024-07-03,166810.3,109801.608,20113.399999999998,72279.0
2024-07-04,0.0,0.0,0.0,0.0
2024-07-05,166810.3,115738.27200000001,20113.399999999998,72279.0
2024-07-06,0.0,0.0,0.0,0.0
2024-07-07,0.0,0.0,0.0,0.0
2024-07-08,166810.3,115738.27200000001,10519.6,72279.0
2024-07-09,171396.0,115738.27200000001,10519.6,72279.0
2024-07-10,0.0,0.0,0.0,0.0
2024-07-11,166788.0,115738.27200000001,10519.6,72279.0
2024-07-12,166788.0,115738.27200000001,19773.6,72279.0
2024-07-13,0.0,0.0,0.0,0.0
2024-07-14,0.0,0.0,0.0,0.0
2024-07-15,0.0,0.0,0.0,0.0
2024-07-16,166788.0,115738.27200000001,10190.4,72279.0
2024-07-17,166788.0,115738.27200000001,10190.4,65519.99999999999
2024-07-18,166788.0,115738.27200000001,19071.0,65519.99999999999
2024-07-19,161733.0,115738.27200000001,19071.0,72735.2
2024-07-20,0.0,0.0,0.0,0.0
2024-07-21,0.0,0.0,0.0,0.0
2024-07-22,0.0,0.0,0.0,0.0
2024-07-23,0.0,0.0,0.0,0.0
2024-07-24,166217.59999999998,121694.896,19071.0,72735.2
2024-07-25,166217.59999999998,121694.896,27918.0,72735.2
2024-07-26,0.0,0.0,0.0,0.0
2024-07-27,0.0,0.0,0.0,0.0
2024-07-28,0.0,0.0,0.0,0.0
2024-07-29,0.0,0.0,0.0,0.0
2024-07-30,0.0,0.0,0.0,0.0
2024-07-31,166217.59999999998,115297.396,27918.0,72735.2
2024-08-01,166217.59999999998,115297.396,18752.0,72735.2
2024-08-02,166217.59999999998,115297.396,27655.600000000002,72735.2
2024-08-03,0.0,0.0,0.0,0.0
2024-08-04,0.0,0.0,0.0,0.0
2024-08-05,170704.5,115297.396,44023.1,72735.2
2024-08-06,170704.5,115297.396,35270.4,72735.2
2024-08-07,0.0,0.0,0.0,0.0
2024-08-08,0.0,0.0,0.0,0.0
2024-08-09,0.0,0.0,0.0,0.0
2024-08-10,0.0,0.0,0.0,0.0
2024-08-11,0.0,0.0,0.0,0.0
2024-08-12,0.0,0.0,0.0,0.0
2024-08-13,170704.5,115297.396,26163.0,72735.2
2024-08-14,170704.5,121298.432,26163.0,72735.2
2024-08-15,170704.5,121298.432,16744.2,72735.2
2024-08-16,170704.5,121298.432,7022.400000000001,72735.2
2024-08-17,0.0,0.0,0.0,0.0
2024-08-18,0.0,0.0,0.0,0.0
2024-08-19,0.0,0.0,0.0,0.0
2024-08-20,175218.0,121298.432,7022.400000000001,72735.2
2024-08-21,0.0,0.0,0.0,0.0
2024-08-22,0.0,0.0,0.0,0.0
2024-08-23,175218.0,127281.216,7022.400000000001,72735.2
2024-08-24,0.0,0.0,0.0,0.0
2024-08-25,0.0,0.0,0.0,0.0
2024-08-26,0.0,0.0,0.0,0.0
2024-08-27,0.0,0.0,0.0,0.0
2024-08-28,0.0,0.0,0.0,0.0
2024-08-29,179183.5,127281.216,16355.999999999998,72735.2
2024-08-30,174341.6,121170.372,16355.999999999998,72735.2
2024-08-31,0.0,0.0,0.0,0.0
2024-09-01,0.0,0.0,0.0,0.0
2024-09-02,0.0,0.0,0.0,0.0
2024-09-03,0.0,0.0,0.0,0.0
2024-09-04,174341.6,121170.372,25426.2,72735.2
2024-09-05,0.0,0.0,0.0,0.0
2024-09-06,0.0,0.0,0.0,0.0
2024-09-07,0.0,0.0,0.0,0.0
2024-09-08,0.0,0.0,0.0,0.0
2024-09-09,174341.6,127142.656,25426.2,72735.2
2024-09-10,0.0,0.0,0.0,0.0
2024-09-11,0.0,0.0,0.0,0.0
2024-09-12,174341.6,127142.656,15978.199999999999,72735.2
2024-09-13,174341.6,127142.656,15978.199999999999,65110.8
2024-09-14,0.0,0.0,0.0,0.0
2024-09-15,0.0,0.0,0.0,0.0
2024-09-16,0.0,0.0,0.0,0.0
2024-09-17,0.0,0.0,0.0,0.0
2024-09-18,0.0,0.0,0.0,0.0
2024-09-19,0.0,0.0,0.0,0.0
2024-09-20,174341.6,127142.656,6265.1,65110.8
2024-09-21,0.0,0.0,0.0,0.0
2024-09-22,0.0,0.0,0.0,0.0
2024-09-23,0.0,0.0,0.0,0.0
2024-09-24,169319.4,121349.65600000002,6265.1,65110.8
2024-09-25,164630.0,115067.728,6265.1,65110.8
2024-09-26,159337.1,108571.064,6265.1,65110.8
2024-09-27,143696.6,95290.56,15662.1,65110.8
2024-09-28,0.0,0.0,0.0,0.0
2024-09-29,0.0,0.0,0.0,0.0
2024-09-30,125625.6,84547.188,15662.1,65110.8
2024-10-01,0.0,0.0,0.0,0.0
2024-10-02,0.0,0.0,0.0,0.0
2024-10-03,0.0,0.0,0.0,0.0
2024-10-04,0.0,0.0,0.0,0.0
2024-10-05,0.0,0.0,0.0,0.0
2024-10-06,0.0,0.0,0.0,0.0
2024-10-07,0.0,0.0,0.0,0.0
2024-10-08,128597.6,96825.624,15662.1,65110.8
2024-10-09,126262.5,102517.992,15662.1,65110.8
2024-10-10,130285.59999999999,108641.872,15662.1,65110.8
2024-10-11,141315.19999999998,114837.91200000001,15662.1,65110.8
2024-10-12,0.0,0.0,0.0,0.0
2024-10-13,0.0,0.0,0.0,0.0
2024-10-14,135616.0,114837.91200000001,15662.1,57261.6
2024-10-15,141178.5,114837.91200000001,5986.0,57261.6
2024-10-16,146485.5,114837.91200000001,5986.0,57261.6
2024-10-17,0.0,0.0,0.0,0.0
2024-10-18,129032.99999999999,108492.176,5986.0,48880.200000000004
2024-10-19,0.0,0.0,0.0,0.0
2024-10-20,0.0,0.0,0.0,0.0
2024-10-21,0.0,0.0,0.0,0.0
2024-10-22,0.0,0.0,0.0,0.0
2024-10-23,0.0,0.0,0.0,0.0
2024-10-24,0.0,0.0,0.0,0.0
2024-10-25,0.0,0.0,0.0,0.0
2024-10-26,0.0,0.0,0.0,0.0
2024-10-27,0.0,0.0,0.0,0.0
2024-10-28,129032.99999999999,101595.664,5986.0,48880.200000000004
2024-10-29,0.0,0.0,0.0,0.0
2024-10-30,134556.5,101595.664,5986.0,40524.0
2024-10-31,0.0,0.0,0.0,0.0
2024-11-01,0.0,0.0,0.0,0.0
2024-11-02,0.0,0.0,0.0,0.0
2024-11-03,0.0,0.0,0.0,0.0
2024-11-04,0.0,0.0,0.0,0.0
2024-11-05,122175.0,94860.86,5986.0,40524.0
2024-11-06,0.0,0.0,0.0,0.0
2024-11-07,122175.0,87568.08,79992.0,48109.4
2024-11-08,123564.4,87568.08,79992.0,48109.4
2024-11-09,0.0,0.0,0.0,0.0
2024-11-10,0.0,0.0,0.0,0.0
2024-11-11,0.0,0.0,0.0,0.0
2024-11-12,117926.4,87568.08,79992.0,48109.4
2024-11-13,0.0,0.0,0.0,0.0
2024-11-14,123983.99999999999,87568.08,79992.0,56331.00000000001
2024-11-15,129775.8,94138.17599999999,79992.0,56331.00000000001
2024-11-16,0.0,0.0,0.0,0.0
2024-11-17,0.0,0.0,0.0,0.0
2024-11-18,135181.2,100812.432,79992.0,56331.00000000001
2024-11-19,0.0,0.0,0.0,0.0
2024-11-20,129040.1,100812.432,79992.0,48306.2
2024-11-21,0.0,0.0,0.0,0.0
2024-11-22,134715.2,100812.432,79992.0,48306.2
2024-11-23,0.0,0.0,0.0,0.0
2024-11-24,0.0,0.0,0.0,0.0
2024-11-25,134715.2,107036.384,79992.0,48306.2
2024-11-26,0.0,0.0,0.0,0.0
2024-11-27,134250.0,107036.384,79992.0,48306.2
2024-11-28,0.0,0.0,0.0,0.0
2024-11-29,128480.09999999999,100132.27200000001,79992.0,48306.2
2024-11-30,0.0,0.0,0.0,0.0
2024-12-01,0.0,0.0,0.0,0.0
2024-12-02,0.0,0.0,0.0,0.0
2024-12-03,128480.09999999999,100132.27200000001,72274.3,48306.2
2024-12-04,0.0,0.0,0.0,0.0
2024-12-05,0.0,0.0,0.0,0.0
2024-12-06,0.0,0.0,0.0,0.0
2024-12-07,0.0,0.0,0.0,0.0
2024-12-08,0.0,0.0,0.0,0.0
2024-12-09,128480.09999999999,100132.27200000001,64159.200000000004,48306.2
2024-12-10,129363.4,95318.392,64159.200000000004,48306.2
2024-12-11,0.0,0.0,0.0,0.0
2024-12-12,0.0,0.0,0.0,0.0
2024-12-13,0.0,0.0,0.0,0.0
2024-12-14,0.0,0.0,0.0,0.0
2024-12-15,0.0,0.0,0.0,0.0
2024-12-16,135005.4,101408.416,64159.200000000004,48306.2
2024-12-17,135005.4,101408.416,56514.9,48306.2
2024-12-18,0.0,0.0,0.0,0.0
2024-12-19,135005.4,101408.416,64072.8,48306.2
2024-12-20,0.0,0.0,0.0,0.0
2024-12-21,0.0,0.0,0.0,0.0
2024-12-22,0.0,0.0,0.0,0.0
2024-12-23,0.0,0.0,0.0,0.0
2024-12-24,135005.4,101408.416,56045.5,48306.2
2024-12-25,0.0,0.0,0.0,0.0
2024-12-26,0.0,0.0,0.0,0.0
2024-12-27,0.0,0.0,0.0,0.0
2024-12-28,0.0,0.0,0.0,0.0
2024-12-29,0.0,0.0,0.0,0.0
2024-12-30,0.0,0.0,0.0,0.0
2024-12-31,140259.6,107766.12,63906.8,48306.2
2025-01-01,0.0,0.0,0.0,0.0
2025-01-02,145594.59999999998,113637.784,63906.8,48306.2
2025-01-03,150678.0,119535.972,63906.8,48306.2
2025-01-04,0.0,0.0,0.0,0.0
2025-01-05,0.0,0.0,0.0,0.0
2025-01-06,0.0,0.0,0.0,0.0
2025-01-07,150678.0,119535.972,56177.1,48306.2
2025-01-08,150678.0,119535.972,64052.799999999996,48306.2
2025-01-09,0.0,0.0,0.0,0.0
2025-01-10,150678.0,119535.972,64052.799999999996,40147.8
2025-01-11,0.0,0.0,0.0,0.0
2025-01-12,0.0,0.0,0.0,0.0
2025-01-13,155712.0,119535.972,64052.799999999996,40147.8
2025-01-14,150130.2,119535.972,64052.799999999996,40147.8
2025-01-15,0.0,0.0,0.0,0.0
2025-01-16,144494.19999999998,119535.972,64052.799999999996,40147.8
2025-01-17,0.0,0.0,0.0,0.0
2025-01-18,0.0,0.0,0.0,0.0
2025-01-19,0.0,0.0,0.0,0.0
2025-01-20,0.0,0.0,0.0,0.0
2025-01-21,0.0,0.0,0.0,0.0
2025-01-22,0.0,0.0,0.0,0.0
2025-01-23,138666.0,113106.708,64052.799999999996,40147.8
2025-01-24,0.0,0.0,0.0,0.0
2025-01-25,0.0,0.0,0.0,0.0
2025-01-26,0.0,0.0,0.0,0.0
2025-01-27,144015.9,113106.708,64052.799999999996,40147.8
2025-01-28,0.0,0.0,0.0,0.0
2025-01-29,0.0,0.0,0.0,0.0
2025-01-30,0.0,0.0,0.0,0.0
2025-01-31,0.0,0.0,0.0,0.0
2025-02-01,0.0,0.0,0.0,0.0
2025-02-02,0.0,0.0,0.0,0.0
2025-02-03,0.0,0.0,0.0,0.0
2025-02-04,0.0,0.0,0.0,0.0
2025-02-05,144015.9,113106.708,64052.799999999996,32000.0
2025-02-06,0.0,0.0,0.0,0.0
2025-02-07,138180.0,106607.232,64052.799999999996,32000.0
2025-02-08,0.0,0.0,0.0,0.0
2025-02-09,0.0,0.0,0.0,0.0
2025-02-10,0.0,0.0,0.0,0.0
2025-02-11,138180.0,106607.232,64052.799999999996,23177.0
2025-02-12,0.0,0.0,0.0,0.0
2025-02-13,0.0,0.0,0.0,0.0
2025-02-14,132403.69999999998,106607.232,64052.799999999996,23177.0
2025-02-15,0.0,0.0,0.0,0.0
2025-02-16,0.0,0.0,0.0,0.0
2025-02-17,0.0,0.0,0.0,0.0
2025-02-18,0.0,0.0,0.0,0.0
2025-02-19,0.0,0.0,0.0,0.0
2025-02-20,0.0,0.0,0.0,0.0
2025-02-21,126277.5,100112.256,64052.799999999996,23177.0
2025-02-22,0.0,0.0,0.0,0.0
2025-02-23,0.0,0.0,0.0,0.0
2025-02-24,126277.5,100112.256,71619.3,23177.0
2025-02-25,0.0,0.0,0.0,0.0
2025-02-26,0.0,0.0,0.0,0.0
2025-02-27,0.0,0.0,0.0,0.0
2025-02-28,131970.3,106516.672,78844.8,23177.0
2025-03-01,0.0,0.0,0.0,0.0
2025-03-02,0.0,0.0,0.0,0.0
2025-03-03,0.0,0.0,0.0,0.0
2025-03-04,0.0,0.0,0.0,0.0
2025-03-05,0.0,0.0,0.0,0.0
2025-03-06,131970.3,99423.896,78844.8,23177.0
2025-03-07,0.0,0.0,0.0,0.0
2025-03-08,0.0,0.0,0.0,0.0
2025-03-09,0.0,0.0,0.0,0.0
2025-03-10,0.0,0.0,0.0,0.0
2025-03-11,131970.3,99423.896,83024.90000000001,23177.0
2025-03-12,0.0,0.0,0.0,0.0
2025-03-13,0.0,0.0,0.0,0.0
2025-03-14,0.0,0.0,0.0,0.0
2025-03-15,0.0,0.0,0.0,0.0
2025-03-16,0.0,0.0,0.0,0.0
2025-03-17,0.0,0.0,0.0,0.0
2025-03-18,0.0,0.0,0.0,0.0
2025-03-19,0.0,0.0,0.0,0.0
2025-03-20,131970.3,99423.896,75366.4,13642.0
2025-03-21,0.0,0.0,0.0,0.0
2025-03-22,0.0,0.0,0.0,0.0
2025-03-23,0.0,0.0,0.0,0.0
2025-03-24,137615.5,99423.896,75366.4,13642.0
2025-03-25,137615.5,99423.896,67773.5,13642.0
2025-03-26,0.0,0.0,0.0,0.0
2025-03-27,0.0,0.0,0.0,0.0
2025-03-28,137615.5,99423.896,75327.0,13642.0
2025-03-29,0.0,0.0,0.0,0.0
2025-03-30,0.0,0.0,0.0,0.0
2025-03-31,137615.5,105784.47600000001,82395.59999999999,4221.0
2025-04-01,0.0,0.0,0.0,0.0
2025-04-02,0.0,0.0,0.0,0.0
2025-04-03,142997.4,105784.47600000001,82395.59999999999,4221.0
2025-04-04,0.0,0.0,0.0,0.0
2025-04-05,0.0,0.0,0.0,0.0
2025-04-06,0.0,0.0,0.0,0.0
2025-04-07,158158.0,122745.05600000001,82298.4,4221.0
2025-04-08,154222.4,122745.05600000001,74652.8,4221.0
2025-04-09,153520.4,116652.57600000002,81596.7,4221.0
2025-04-10,149727.6,116652.57600000002,80795.0,4221.0
2025-04-11,149727.6,110160.604,79523.0,79613.6
2025-04-12,0.0,0.0,0.0,0.0
2025-04-13,0.0,0.0,0.0,0.0
2025-04-14,0.0,0.0,0.0,0.0
2025-04-15,0.0,0.0,0.0,0.0
2025-04-16,0.0,0.0,0.0,0.0
2025-04-17,149727.6,110160.604,79523.0,73440.0
2025-04-18,0.0,0.0,0.0,0.0
2025-04-19,0.0,0.0,0.0,0.0
2025-04-20,0.0,0.0,0.0,0.0
2025-04-21,149727.6,110160.604,86710.40000000001,73440.0
2025-04-22,149727.6,110160.604,86710.40000000001,65453.8
2025-04-23,149727.6,110160.604,79184.0,72551.5
2025-04-24,0.0,0.0,0.0,0.0
2025-04-25,0.0,0.0,0.0,0.0
2025-04-26,0.0,0.0,0.0,0.0
2025-04-27,0.0,0.0,0.0,0.0
2025-04-28,0.0,0.0,0.0,0.0
2025-04-29,0.0,0.0,0.0,0.0
2025-04-30,0.0,0.0,0.0,0.0
2025-05-01,0.0,0.0,0.0,0.0
2025-05-02,0.0,0.0,0.0,0.0
2025-05-03,0.0,0.0,0.0,0.0
2025-05-04,0.0,0.0,0.0,0.0
2025-05-05,0.0,0.0,0.0,0.0
2025-05-06,144216.30000000002,110160.604,71932.0,72551.5
2025-05-07,138538.4,104194.104,71932.0,72551.5
2025-05-08,0.0,0.0,0.0,0.0
2025-05-09,0.0,0.0,0.0,0.0
2025-05-10,0.0,0.0,0.0,0.0
2025-05-11,0.0,0.0,0.0,0.0
2025-05-12,138538.4,104194.104,63890.8,79347.6
2025-05-13,0.0,0.0,0.0,0.0
2025-05-14,132650.90000000002,104194.104,55571.6,79347.6
2025-05-15,132650.90000000002,104194.104,55571.6,86188.3
2025-05-16,0.0,0.0,0.0,0.0
2025-05-17,0.0,0.0,0.0,0.0
2025-05-18,0.0,0.0,0.0,0.0
2025-05-19,138130.9,104194.104,55571.6,86188.3
2025-05-20,0.0,0.0,0.0,0.0
2025-05-21,138130.9,104194.104,55571.6,78966.0
2025-05-22,0.0,0.0,0.0,0.0
2025-05-23,0.0,0.0,0.0,0.0
2025-05-24,0.0,0.0,0.0,0.0
2025-05-25,0.0,0.0,0.0,0.0
2025-05-26,0.0,0.0,0.0,0.0
2025-05-27,138130.9,110650.90400000001,55571.6,78966.0
2025-05-28,0.0,0.0,0.0,0.0
2025-05-29,0.0,0.0,0.0,0.0
2025-05-30,0.0,0.0,0.0,0.0
2025-05-31,0.0,0.0,0.0,0.0
2025-06-01,0.0,0.0,0.0,0.0
2025-06-02,0.0,0.0,0.0,0.0
2025-06-03,0.0,0.0,0.0,0.0
2025-06-04,0.0,0.0,0.0,0.0
2025-06-05,0.0,0.0,0.0,0.0
2025-06-06,0.0,0.0,0.0,0.0
2025-06-07,0.0,0.0,0.0,0.0
2025-06-08,0.0,0.0,0.0,0.0
2025-06-09,138130.9,104140.368,55571.6,78966.0
2025-06-10,0.0,0.0,0.0,0.0
2025-06-11,0.0,0.0,0.0,0.0
2025-06-12,0.0,0.0,0.0,0.0
2025-06-13,138130.9,104140.368,55571.6,71618.59999999999
2025-06-14,0.0,0.0,0.0,0.0
2025-06-15,0.0,0.0,0.0,0.0
2025-06-16,0.0,0.0,0.0,0.0
2025-06-17,0.0,0.0,0.0,0.0
2025-06-18,0.0,0.0,0.0,0.0
2025-06-19,0.0,0.0,0.0,0.0
2025-06-20,0.0,0.0,0.0,0.0
2025-06-21,0.0,0.0,0.0,0.0
2025-06-22,0.0,0.0,0.0,0.0
2025-06-23,0.0,0.0,0.0,0.0
2025-06-24,138130.9,104140.368,55571.6,79040.9
2025-06-25,131981.90000000002,104140.368,55571.6,79040.9
2025-06-26,0.0,0.0,0.0,0.0
2025-06-27,125775.3,104140.368,47070.4,79040.9
2025-06-28,0.0,0.0,0.0,0.0
2025-06-29,0.0,0.0,0.0,0.0
2025-06-30,0.0,0.0,0.0,0.0
2025-07-01,0.0,0.0,0.0,0.0
2025-07-02,0.0,0.0,0.0,0.0
2025-07-03,0.0,0.0,0.0,0.0
2025-07-04,125775.3,97093.668,47070.4,79040.9
2025-07-05,0.0,0.0,0.0,0.0
2025-07-06,0.0,0.0,0.0,0.0
2025-07-07,0.0,0.0,0.0,0.0
2025-07-08,0.0,0.0,0.0,0.0
2025-07-09,0.0,0.0,0.0,0.0
2025-07-10,0.0,0.0,0.0,0.0
2025-07-11,119301.0,97093.668,47070.4,79040.9
2025-07-12,0.0,0.0,0.0,0.0
2025-07-13,0.0,0.0,0.0,0.0
2025-07-14,0.0,0.0,0.0,0.0
2025-07-15,0.0,0.0,0.0,0.0
2025-07-16,0.0,0.0,0.0,0.0
2025-07-17,0.0,0.0,0.0,0.0
2025-07-18,113025.59999999999,90170.652,38203.0,79040.9
2025-07-19,0.0,0.0,0.0,0.0
2025-07-20,0.0,0.0,0.0,0.0
2025-07-21,0.0,0.0,0.0,0.0
2025-07-22,0.0,0.0,0.0,0.0
2025-07-23,0.0,0.0,0.0,0.0
2025-07-24,113025.59999999999,82743.308,38203.0,79040.9
2025-07-25,106206.79999999999,82743.308,38203.0,79040.9
2025-07-26,0.0,0.0,0.0,0.0
2025-07-27,0.0,0.0,0.0,0.0
2025-07-28,0.0,0.0,0.0,0.0
2025-07-29,0.0,0.0,0.0,0.0
2025-07-30,0.0,0.0,0.0,0.0
2025-07-31,0.0,0.0,0.0,0.0
2025-08-01,0.0,0.0,0.0,0.0
2025-08-02,0.0,0.0,0.0,0.0
2025-08-03,0.0,0.0,0.0,0.0
2025-08-04,0.0,0.0,0.0,0.0
2025-08-05,0.0,0.0,0.0,0.0
2025-08-06,0.0,0.0,0.0,0.0
2025-08-07,0.0,0.0,0.0,0.0
2025-08-08,0.0,0.0,0.0,0.0
2025-08-09,0.0,0.0,0.0,0.0
2025-08-10,0.0,0.0,0.0,0.0
2025-08-11,0.0,0.0,0.0,0.0
2025-08-12,0.0,0.0,0.0,0.0
2025-08-13,92019.1,75403.59999999999,29257.0,79040.9
2025-08-14,0.0,0.0,0.0,0.0
2025-08-15,0.0,0.0,0.0,0.0
2025-08-16,0.0,0.0,0.0,0.0
2025-08-17,0.0,0.0,0.0,0.0
2025-08-18,84715.2,67570.988,29257.0,79040.9
2025-08-19,0.0,0.0,0.0,0.0
2025-08-20,0.0,0.0,0.0,0.0
2025-08-21,0.0,0.0,0.0,0.0
2025-08-22,77116.20000000001,67570.988,29257.0,79040.9
2025-08-23,0.0,0.0,0.0,0.0
2025-08-24,0.0,0.0,0.0,0.0
2025-08-25,69196.8,60042.864,29257.0,79040.9
2025-08-26,0.0,0.0,0.0,0.0
2025-08-27,68901.0,60042.864,29257.0,79040.9
2025-08-28,60713.0,60042.864,29257.0,79040.9
2025-08-29,52521.0,60042.864,29257.0,79040.9
2025-08-30,0.0,0.0,0.0,0.0
2025-08-31,0.0,0.0,0.0,0.0
2025-09-01,52521.0,51803.796,38053.200000000004,71524.6
2025-09-02,0.0,0.0,0.0,0.0
2025-09-03,52521.0,59294.592000000004,38053.200000000004,71524.6
2025-09-04,60391.1,66955.56,38053.200000000004,71524.6
2025-09-05,52215.8,59226.496,38053.200000000004,71524.6
2025-09-06,0.0,0.0,0.0,0.0
2025-09-07,0.0,0.0,0.0,0.0
2025-09-08,52215.8,59226.496,38053.200000000004,63495.9
2025-09-09,0.0,0.0,0.0,0.0
2025-09-10,0.0,0.0,0.0,0.0
2025-09-11,43793.200000000004,51035.712,38053.200000000004,63495.9
2025-09-12,0.0,0.0,0.0,0.0
2025-09-13,0.0,0.0,0.0,0.0
2025-09-14,0.0,0.0,0.0,0.0
2025-09-15,35075.0,51035.712,29068.0,63495.9
2025-09-16,0.0,0.0,0.0,0.0
2025-09-17,0.0,0.0,0.0,0.0
2025-09-18,35075.0,42968.116,29068.0,63495.9
2025-09-19,0.0,0.0,0.0,0.0
2025-09-20,0.0,0.0,0.0,0.0
2025-09-21,0.0,0.0,0.0,0.0
2025-09-22,35075.0,42968.116,19669.2,63495.9
2025-09-23,35075.0,50985.928,19669.2,56021.1
2025-09-24,26078.6,42944.868,19669.2,56021.1
2025-09-25,16832.4,42944.868,19669.2,56021.1
2025-09-26,25739.8,42944.868,19669.2,56021.1
2025-09-27,0.0,0.0,0.0,0.0
2025-09-28,0.0,0.0,0.0,0.0
2025-09-29,0.0,0.0,0.0,0.0
2025-09-30,16498.5,42944.868,19669.2,47737.5
2025-10-01,0.0,0.0,0.0,0.0
2025-10-02,0.0,0.0,0.0,0.0
2025-10-03,0.0,0.0,0.0,0.0
2025-10-04,0.0,0.0,0.0,0.0
2025-10-05,0.0,0.0,0.0,0.0
2025-10-06,0.0,0.0,0.0,0.0
2025-10-07,0.0,0.0,0.0,0.0
2025-10-08,0.0,0.0,0.0,0.0
2025-10-09,16498.5,34376.928,10136.5,40162.6
2025-10-10,25401.600000000002,34376.928,10136.5,40162.6
2025-10-11,0.0,0.0,0.0,0.0
2025-10-12,0.0,0.0,0.0,0.0
2025-10-13,24189.8,42456.659999999996,10136.5,40162.6
2025-10-14,32967.0,42415.976,10136.5,31797.500000000004
2025-10-15,0.0,0.0,0.0,0.0
2025-10-16,0.0,0.0,0.0,0.0
2025-10-17,32967.0,42415.976,10136.5,22764.0
2025-10-18,0.0,0.0,0.0,0.0
2025-10-19,0.0,0.0,0.0,0.0
2025-10-20,0.0,0.0,0.0,0.0
2025-10-21,23868.0,42415.976,10136.5,22764.0
2025-10-22,23868.0,42415.976,10136.5,30545.6
2025-10-23,0.0,0.0,0.0,0.0
2025-10-24,23868.0,42415.976,190.79999999999998,30545.6
2025-10-25,0.0,0.0,0.0,0.0
2025-10-26,0.0,0.0,0.0,0.0
2025-10-27,14743.0,42415.976,190.79999999999998,30545.6
2025-10-28,14743.0,42415.976,79947.0,39208.49999999999
2025-10-29,14743.0,33921.216,79947.0,39208.49999999999
2025-10-30,4953.0,33921.216,79947.0,39208.49999999999
2025-10-31,14400.0,33921.216,79947.0,39208.49999999999
2025-11-01,0.0,0.0,0.0,0.0
2025-11-02,0.0,0.0,0.0,0.0
2025-11-03,23582.800000000003,33921.216,79947.0,39208.49999999999
2025-11-04,23582.800000000003,42369.48,79947.0,39208.49999999999
2025-11-05,23582.800000000003,42369.48,85904.0,39208.49999999999
2025-11-06,14071.199999999999,42369.48,78383.5,39208.49999999999
2025-11-07,0.0,0.0,0.0,0.0
2025-11-08,0.0,0.0,0.0,0.0
2025-11-09,0.0,0.0,0.0,0.0
2025-11-10,0.0,0.0,0.0,0.0
2025-11-11,14071.199999999999,42369.48,78383.5,31001.2
2025-11-12,23250.0,42369.48,78383.5,31001.2
2025-11-13,0.0,0.0,0.0,0.0
2025-11-14,0.0,0.0,0.0,0.0
2025-11-15,0.0,0.0,0.0,0.0
2025-11-16,0.0,0.0,0.0,0.0
2025-11-17,23250.0,42369.48,78383.5,38913.6
2025-11-18,23250.0,42369.48,85488.2,38913.6
2025-11-19,0.0,0.0,0.0,0.0
2025-11-20,0.0,0.0,0.0,0.0
2025-11-21,31843.2,50288.952,85488.2,38913.6
2025-11-22,0.0,0.0,0.0,0.0
2025-11-23,0.0,0.0,0.0,0.0
2025-11-24,40404.0,50288.952,85488.2,38913.6
2025-11-25,31513.8,50288.952,85488.2,38913.6
2025-11-26,0.0,0.0,0.0,0.0
2025-11-27,22374.5,50288.952,77794.0,38913.6
2025-11-28,0.0,0.0,0.0,0.0
2025-11-29,0.0,0.0,0.0,0.0
2025-11-30,0.0,0.0,0.0,0.0
2025-12-01,22374.5,50288.952,77794.0,30214.800000000003
2025-12-02,0.0,0.0,0.0,0.0
2025-12-03,0.0,0.0,0.0,0.0
2025-12-04,0.0,0.0,0.0,0.0
2025-12-05,0.0,0.0,0.0,0.0
2025-12-06,0.0,0.0,0.0,0.0
2025-12-07,0.0,0.0,0.0,0.0
2025-12-08,12951.9,41611.92,77794.0,30214.800000000003
2025-12-09,0.0,0.0,0.0,0.0
2025-12-10,0.0,0.0,0.0,0.0
2025-12-11,0.0,0.0,0.0,0.0
2025-12-12,0.0,0.0,0.0,0.0
2025-12-13,0.0,0.0,0.0,0.0
2025-12-14,0.0,0.0,0.0,0.0
2025-12-15,0.0,0.0,0.0,0.0
2025-12-16,22060.8,41611.92,85021.2,30214.800000000003
2025-12-17,12636.0,41611.92,85021.2,30214.800000000003
2025-12-18,0.0,0.0,0.0,0.0
2025-12-19,0.0,0.0,0.0,0.0
2025-12-20,0.0,0.0,0.0,0.0
2025-12-21,0.0,0.0,0.0,0.0
2025-12-22,12636.0,41611.92,77445.90000000001,21691.3
2025-12-23,0.0,0.0,0.0,0.0
2025-12-24,12636.0,41611.92,77445.90000000001,12632.1
2025-12-25,12636.0,33107.648,77445.90000000001,12632.1
2025-12-26,0.0,0.0,0.0,0.0
2025-12-27,0.0,0.0,0.0,0.0
2025-12-28,0.0,0.0,0.0,0.0
2025-12-29,0.0,0.0,0.0,0.0
2025-12-30,12636.0,33107.648,77445.90000000001,21332.5
2025-12-31,0.0,0.0,0.0,0.0
2026-01-01,0.0,0.0,0.0,0.0
2026-01-02,0.0,0.0,0.0,0.0
2026-01-03,0.0,0.0,0.0,0.0
2026-01-04,0.0,0.0,0.0,0.0
2026-01-05,2928.6,24055.760000000002,77445.90000000001,21332.5
2026-01-06,2928.6,24055.760000000002,77445.90000000001,12420.2
2026-01-07,2928.6,15227.168000000001,77445.90000000001,12420.2
2026-01-08,0.0,0.0,0.0,0.0
2026-01-09,2928.6,5840.535999999999,77445.90000000001,12420.2
2026-01-10,0.0,0.0,0.0,0.0
2026-01-11,0.0,0.0,0.0,0.0
2026-01-12,79682.4,5840.535999999999,77445.90000000001,12420.2
2026-01-13,0.0,0.0,0.0,0.0
2026-01-14,79682.4,79505.2,77445.90000000001,2961.8999999999996
2026-01-15,0.0,0.0,0.0,0.0
2026-01-16,0.0,0.0,0.0,0.0
2026-01-17,0.0,0.0,0.0,0.0
2026-01-18,0.0,0.0,0.0,0.0
2026-01-19,0.0,0.0,0.0,0.0
2026-01-20,86694.9,79505.2,84690.0,2961.8999999999996
2026-01-21,86694.9,79505.2,84690.0,79879.8
2026-01-22,0.0,0.0,0.0,0.0
2026-01-23,0.0,0.0,0.0,0.0
2026-01-24,0.0,0.0,0.0,0.0
2026-01-25,0.0,0.0,0.0,0.0
2026-01-26,79418.7,72367.7,84690.0,74072.40000000001
2026-01-27,79418.7,79448.8,84690.0,74072.40000000001
2026-01-28,79418.7,72284.7,84690.0,66221.6
2026-01-29,79418.7,72284.7,84690.0,60741.0
2026-01-30,78965.6,79232.6,84690.0,74390.09999999999
2026-01-31,0.0,0.0,0.0,0.0
2026-02-01,0.0,0.0,0.0,0.0
2026-02-02,78965.6,85816.5,84690.0,74407.5
2026-02-03,85966.0,85816.5,84690.0,67353.0
2026-02-04,85966.0,85816.5,84690.0,60440.799999999996
2026-02-05,85966.0,85816.5,84690.0,68009.5
2026-02-06,85966.0,85816.5,90992.7,67476.5
2026-02-07,0.0,0.0,0.0,0.0
2026-02-08,0.0,0.0,0.0,0.0
2026-02-09,85966.0,85816.5,90992.7,60026.399999999994
2026-02-10,0.0,0.0,0.0,0.0
2026-02-11,85966.0,78315.29999999999,90992.7,60026.399999999994
2026-02-12,0.0,0.0,0.0,0.0
2026-02-13,0.0,0.0,0.0,0.0
2026-02-14,0.0,0.0,0.0,0.0
2026-02-15,0.0,0.0,0.0,0.0
2026-02-16,0.0,0.0,0.0,0.0
2026-02-17,0.0,0.0,0.0,0.0
2026-02-18,0.0,0.0,0.0,0.0
2026-02-19,0.0,0.0,0.0,0.0
2026-02-20,0.0,0.0,0.0,0.0
2026-02-21,0.0,0.0,0.0,0.0
2026-02-22,0.0,0.0,0.0,0.0
2026-02-23,0.0,0.0,0.0,0.0
2026-02-24,0.0,0.0,0.0,0.0
2026-02-25,78537.0,78315.29999999999,90992.7,60026.399999999994
2026-02-26,0.0,0.0,0.0,0.0
2026-02-27,78537.0,71151.4,90992.7,60026.399999999994
2026-02-28,0.0,0.0,0.0,0.0
2026-03-01,0.0,0.0,0.0,0.0
2026-03-02,78537.0,71151.4,90992.7,53246.3
2026-03-03,85562.40000000001,78222.3,90992.7,53246.3
2026-03-04,92316.0,78222.3,90992.7,60423.0
2026-03-05,85080.5,78222.3,90992.7,60423.0
2026-03-06,0.0,0.0,0.0,0.0
2026-03-07,0.0,0.0,0.0,0.0
2026-03-08,0.0,0.0,0.0,0.0
2026-03-09,91591.8,84780.79999999999,97538.4,60423.0
2026-03-10,85621.59999999999,77776.8,97538.4,60423.0
2026-03-11,78114.4,77776.8,97538.4,60423.0
2026-03-12,0.0,0.0,0.0,0.0
2026-03-13,0.0,0.0,0.0,0.0
2026-03-14,0.0,0.0,0.0,0.0
2026-03-15,0.0,0.0,0.0,0.0
2026-03-16,78114.4,84346.7,97538.4,68000.0
2026-03-17,0.0,0.0,0.0,0.0
2026-03-18,0.0,0.0,0.0,0.0
2026-03-19,78114.4,91333.0,97538.4,75131.6
2026-03-20,78114.4,91333.0,97538.4,81253.8
2026-03-21,0.0,0.0,0.0,0.0
2026-03-22,0.0,0.0,0.0,0.0
2026-03-23,85190.4,103721.8,104181.0,99825.6
2026-03-24,92130.59999999999,103721.8,104181.0,93051.29999999999
2026-03-25,85150.0,97221.6,104181.0,88279.1
2026-03-26,85150.0,97221.6,104181.0,95020.79999999999
2026-03-27,0.0,0.0,0.0,0.0
2026-03-28,0.0,0.0,0.0,0.0
2026-03-29,0.0,0.0,0.0,0.0
2026-03-30,0.0,0.0,0.0,0.0
2026-03-31,85150.0,97221.6,104181.0,88797.79999999999
2026-04-01,85150.0,97221.6,97022.0,88797.79999999999
2026-04-02,92046.0,97221.6,97022.0,88797.79999999999
2026-04-03,0.0,0.0,0.0,0.0
2026-04-04,0.0,0.0,0.0,0.0
2026-04-05,0.0,0.0,0.0,0.0
2026-04-06,0.0,0.0,0.0,0.0
2026-04-07,0.0,0.0,0.0,0.0
2026-04-08,84693.0,90618.59999999999,89820.0,81801.90000000001
2026-04-09,0.0,0.0,0.0,0.0
2026-04-10,77173.0,90618.59999999999,89820.0,81801.90000000001
2026-04-11,0.0,0.0,0.0,0.0
2026-04-12,0.0,0.0,0.0,0.0
2026-04-13,69440.0,90618.59999999999,89820.0,81801.90000000001
2026-04-14,0.0,0.0,0.0,0.0
2026-04-15,61696.4,83854.2,82450.8,81801.90000000001
2026-04-16,0.0,0.0,0.0,0.0
2026-04-17,0.0,0.0,0.0,0.0
2026-04-18,0.0,0.0,0.0,0.0
2026-04-19,0.0,0.0,0.0,0.0
2026-04-20,0.0,0.0,0.0,0.0
2026-04-21,0.0,0.0,0.0,0.0
2026-04-22,53606.5,83854.2,82450.8,81801.90000000001
2026-04-23,53606.5,83854.2,74837.4,81801.90000000001
2026-04-24,0.0,0.0,0.0,0.0
2026-04-25,0.0,0.0,0.0,0.0
2026-04-26,0.0,0.0,0.0,0.0
2026-04-27,0.0,0.0,0.0,0.0
2026-04-28,53606.5,83854.2,74837.4,88074.0
2026-04-29,0.0,0.0,0.0,0.0
2026-04-30,53606.5,83854.2,66986.4,88074.0
2026-05-01,0.0,0.0,0.0,0.0
2026-05-02,0.0,0.0,0.0,0.0
2026-05-03,0.0,0.0,0.0,0.0
2026-05-04,0.0,0.0,0.0,0.0
2026-05-05,0.0,0.0,0.0,0.0
2026-05-06,44981.6,76869.0,66986.4,88074.0
2026-05-07,44981.6,76869.0,58869.299999999996,88074.0
2026-05-08,0.0,0.0,0.0,0.0
2026-05-09,0.0,0.0,0.0,0.0
2026-05-10,0.0,0.0,0.0,0.0
2026-05-11,36146.799999999996,69836.0,50496.0,88074.0
2026-05-12,0.0,0.0,0.0,0.0
2026-05-13,27135.0,69836.0,50496.0,88074.0
2026-05-14,0.0,0.0,0.0,0.0
2026-05-15,35726.6,77157.0,50496.0,88074.0
2026-05-16,0.0,0.0,0.0,0.0
2026-05-17,0.0,0.0,0.0,0.0
2026-05-18,35726.6,77157.0,50496.0,94400.0
2026-05-19,35726.6,77157.0,58548.0,94400.0
2026-05-20,0.0,0.0,0.0,0.0
2026-05-21,35726.6,77175.0,50027.6,94400.0
