timestamp,action,name,code,price,shares,position,profit,level,date,year_month,label
2015-01-05 09:30:00,重装建仓,纳指ETF,513100.XSHG,1.392,57400.0,57400.0,,,2015-01-05,2015-01,"纳指ETF
513100.XSHG"
2015-01-05 09:30:00,重装建仓,黄金ETF,518880.XSHG,2.412,33100.0,33100.0,,,2015-01-05,2015-01,"黄金ETF
518880.XSHG"
2015-01-05 09:30:00,重装建仓,500ETF,510500.XSHG,1.489,53700.0,53700.0,,,2015-01-05,2015-01,"500ETF
510500.XSHG"
2015-01-05 09:30:00,重装建仓,创业板ETF易方达,159915.XSHE,1.432,55800.0,55800.0,,,2015-01-05,2015-01,"创业板ETF易方达
159915.XSHE"
2015-01-05 09:31:00,底仓到账,纳指ETF,513100.XSHG,,,57400.0,,8.0,2015-01-05,2015-01,"纳指ETF
513100.XSHG"
2015-01-05 09:31:00,底仓到账,黄金ETF,518880.XSHG,,,33100.0,,8.0,2015-01-05,2015-01,"黄金ETF
518880.XSHG"
2015-01-05 09:31:00,底仓到账,500ETF,510500.XSHG,,,53700.0,,8.0,2015-01-05,2015-01,"500ETF
510500.XSHG"
2015-01-05 09:31:00,底仓到账,创业板ETF易方达,159915.XSHE,,,55800.0,,8.0,2015-01-05,2015-01,"创业板ETF易方达
159915.XSHE"
2015-01-05 09:32:00,等级校准,纳指ETF,513100.XSHG,,,57400.0,,,2015-01-05,2015-01,"纳指ETF
513100.XSHG"
2015-01-05 09:32:00,等级校准,创业板ETF易方达,159915.XSHE,,,55800.0,,,2015-01-05,2015-01,"创业板ETF易方达
159915.XSHE"
2015-01-06 09:31:00,加仓,纳指ETF,513100.XSHG,1.349,7200.0,64600.0,,8.0,2015-01-06,2015-01,"纳指ETF
513100.XSHG"
2015-01-06 13:03:00,止盈,创业板ETF易方达,159915.XSHE,1.477,7000.0,48800.0,313.97,7.0,2015-01-06,2015-01,"创业板ETF易方达
159915.XSHE"
2015-01-06 13:53:00,止盈,500ETF,510500.XSHG,1.534,6600.0,47100.0,295.99,7.0,2015-01-06,2015-01,"500ETF
510500.XSHG"
2015-01-09 10:24:00,止盈,创业板ETF易方达,159915.XSHE,1.522,6700.0,42100.0,300.48,6.0,2015-01-09,2015-01,"创业板ETF易方达
159915.XSHE"
2015-01-12 13:13:00,加仓,500ETF,510500.XSHG,1.486,6500.0,53600.0,,8.0,2015-01-12,2015-01,"500ETF
510500.XSHG"
2015-01-15 14:57:00,止盈,500ETF,510500.XSHG,1.535,6700.0,46900.0,327.27,7.0,2015-01-15,2015-01,"500ETF
510500.XSHG"
2015-01-16 09:31:00,止盈,黄金ETF,518880.XSHG,2.509,4100.0,29000.0,396.67,7.0,2015-01-16,2015-01,"黄金ETF
518880.XSHG"
2015-01-16 11:09:00,止盈,创业板ETF易方达,159915.XSHE,1.568,6500.0,35600.0,297.98,5.0,2015-01-16,2015-01,"创业板ETF易方达
159915.XSHE"
2015-01-19 09:32:00,加仓,500ETF,510500.XSHG,1.487,6500.0,53400.0,,8.0,2015-01-19,2015-01,"500ETF
510500.XSHG"
2015-01-19 09:33:00,等级校准,500ETF,510500.XSHG,,,53400.0,,,2015-01-19,2015-01,"500ETF
510500.XSHG"
2015-01-19 10:21:00,止盈,500ETF,510500.XSHG,1.532,6700.0,46700.0,300.47,7.0,2015-01-19,2015-01,"500ETF
510500.XSHG"
2015-01-19 10:36:00,止盈,创业板ETF易方达,159915.XSHE,1.616,6300.0,29300.0,301.38,4.0,2015-01-19,2015-01,"创业板ETF易方达
159915.XSHE"
2015-01-19 14:17:00,加仓,500ETF,510500.XSHG,1.486,6500.0,53200.0,,8.0,2015-01-19,2015-01,"500ETF
510500.XSHG"
2015-01-19 14:18:00,等级校准,500ETF,510500.XSHG,,,53200.0,,,2015-01-19,2015-01,"500ETF
510500.XSHG"
2015-01-19 14:28:00,加仓,创业板ETF易方达,159915.XSHE,1.567,6100.0,35400.0,,5.0,2015-01-19,2015-01,"创业板ETF易方达
159915.XSHE"
2015-01-20 09:31:00,止盈,黄金ETF,518880.XSHG,2.598,3900.0,25100.0,346.09,6.0,2015-01-20,2015-01,"黄金ETF
518880.XSHG"
2015-01-20 10:34:00,止盈,创业板ETF易方达,159915.XSHE,1.616,6300.0,29100.0,307.68,4.0,2015-01-20,2015-01,"创业板ETF易方达
159915.XSHE"
2015-01-20 14:52:00,止盈,500ETF,510500.XSHG,1.531,6700.0,46500.0,300.47,7.0,2015-01-20,2015-01,"500ETF
510500.XSHG"
2015-01-21 09:43:00,止盈,创业板ETF易方达,159915.XSHE,1.665,6100.0,23000.0,297.88,3.0,2015-01-21,2015-01,"创业板ETF易方达
159915.XSHE"
2015-01-22 09:31:00,止盈,500ETF,510500.XSHG,1.577,6500.0,40000.0,297.97,6.0,2015-01-22,2015-01,"500ETF
510500.XSHG"
2015-01-23 09:31:00,止盈,纳指ETF,513100.XSHG,1.401,7400.0,57200.0,383.76,8.0,2015-01-23,2015-01,"纳指ETF
513100.XSHG"
2015-01-28 10:42:00,止盈,500ETF,510500.XSHG,1.625,6300.0,33700.0,301.38,5.0,2015-01-28,2015-01,"500ETF
510500.XSHG"
2015-01-29 09:31:00,加仓,纳指ETF,513100.XSHG,1.354,7100.0,64300.0,,9.0,2015-01-29,2015-01,"纳指ETF
513100.XSHG"
2015-01-29 09:32:00,等级校准,纳指ETF,513100.XSHG,,,64300.0,,,2015-01-29,2015-01,"纳指ETF
513100.XSHG"
2015-02-02 09:31:00,加仓,500ETF,510500.XSHG,1.564,6100.0,39800.0,,6.0,2015-02-02,2015-02,"500ETF
510500.XSHG"
2015-02-02 09:31:00,加仓,创业板ETF易方达,159915.XSHE,1.615,6000.0,29000.0,,4.0,2015-02-02,2015-02,"创业板ETF易方达
159915.XSHE"
2015-02-03 09:53:00,止盈,创业板ETF易方达,159915.XSHE,1.664,6100.0,22900.0,297.88,3.0,2015-02-03,2015-02,"创业板ETF易方达
159915.XSHE"
2015-02-04 10:59:00,止盈,500ETF,510500.XSHG,1.611,6300.0,33500.0,295.09,5.0,2015-02-04,2015-02,"500ETF
510500.XSHG"
2015-02-05 10:06:00,止盈,创业板ETF易方达,159915.XSHE,1.714,6000.0,16900.0,298.97,2.0,2015-02-05,2015-02,"创业板ETF易方达
159915.XSHE"
2015-02-06 11:21:00,加仓,500ETF,510500.XSHG,1.561,6200.0,39700.0,,6.0,2015-02-06,2015-02,"500ETF
510500.XSHG"
2015-02-06 14:52:00,加仓,创业板ETF易方达,159915.XSHE,1.662,5800.0,22700.0,,3.0,2015-02-06,2015-02,"创业板ETF易方达
159915.XSHE"
2015-02-09 09:32:00,加仓,黄金ETF,518880.XSHG,2.502,3800.0,28900.0,,7.0,2015-02-09,2015-02,"黄金ETF
518880.XSHG"
2015-02-11 10:30:00,止盈,创业板ETF易方达,159915.XSHE,1.715,6000.0,16700.0,316.97,2.0,2015-02-11,2015-02,"创业板ETF易方达
159915.XSHE"
2015-02-12 10:01:00,止盈,纳指ETF,513100.XSHG,1.395,7300.0,57000.0,298.28,8.0,2015-02-12,2015-02,"纳指ETF
513100.XSHG"
2015-02-13 09:38:00,止盈,500ETF,510500.XSHG,1.608,6400.0,33300.0,299.77,5.0,2015-02-13,2015-02,"500ETF
510500.XSHG"
2015-02-16 09:31:00,止盈,创业板ETF易方达,159915.XSHE,1.771,5800.0,10900.0,323.77,1.0,2015-02-16,2015-02,"创业板ETF易方达
159915.XSHE"
2015-02-16 14:41:00,止盈,创业板ETF易方达,159915.XSHE,1.826,5600.0,5300.0,306.98,1.0,2015-02-16,2015-02,"创业板ETF易方达
159915.XSHE"
2015-02-17 09:32:00,止盈,500ETF,510500.XSHG,1.666,6200.0,27100.0,358.57,4.0,2015-02-17,2015-02,"500ETF
510500.XSHG"
2015-02-17 14:34:00,止盈,纳指ETF,513100.XSHG,1.437,7100.0,49900.0,297.18,7.0,2015-02-17,2015-02,"纳指ETF
513100.XSHG"
2015-03-02 09:42:00,止盈（部分）,创业板ETF易方达,159915.XSHE,1.883,5300.0,0.0,301.1,0.0,2015-03-02,2015-03,"创业板ETF易方达
159915.XSHE"
2015-03-02 09:42:00,清仓,创业板ETF易方达,159915.XSHE,,,,,0.0,2015-03-02,2015-03,"创业板ETF易方达
159915.XSHE"
2015-03-02 09:43:00,重装建仓,创业板ETF易方达,159915.XSHE,1.88,42500.0,42500.0,,,2015-03-02,2015-03,"创业板ETF易方达
159915.XSHE"
2015-03-02 09:44:00,底仓到账,创业板ETF易方达,159915.XSHE,,,42500.0,,8.0,2015-03-02,2015-03,"创业板ETF易方达
159915.XSHE"
2015-03-02 13:15:00,止盈,500ETF,510500.XSHG,1.716,6000.0,21100.0,298.97,3.0,2015-03-02,2015-03,"500ETF
510500.XSHG"
2015-03-04 14:07:00,止盈,创业板ETF易方达,159915.XSHE,1.937,5300.0,37200.0,301.07,7.0,2015-03-04,2015-03,"创业板ETF易方达
159915.XSHE"
2015-03-06 13:11:00,加仓,创业板ETF易方达,159915.XSHE,1.878,5100.0,42300.0,,8.0,2015-03-06,2015-03,"创业板ETF易方达
159915.XSHE"
2015-03-06 13:12:00,等级校准,创业板ETF易方达,159915.XSHE,,,42300.0,,,2015-03-06,2015-03,"创业板ETF易方达
159915.XSHE"
2015-03-09 09:31:00,加仓,黄金ETF,518880.XSHG,2.383,3900.0,32800.0,,8.0,2015-03-09,2015-03,"黄金ETF
518880.XSHG"
2015-03-10 09:32:00,止盈,创业板ETF易方达,159915.XSHE,1.936,5300.0,37000.0,306.37,7.0,2015-03-10,2015-03,"创业板ETF易方达
159915.XSHE"
2015-03-13 11:08:00,止盈,500ETF,510500.XSHG,1.768,5800.0,15300.0,300.57,2.0,2015-03-13,2015-03,"500ETF
510500.XSHG"
2015-03-13 14:36:00,止盈,创业板ETF易方达,159915.XSHE,1.995,5100.0,31900.0,299.88,6.0,2015-03-13,2015-03,"创业板ETF易方达
159915.XSHE"
2015-03-16 11:08:00,止盈,500ETF,510500.XSHG,1.822,5600.0,9700.0,301.38,1.0,2015-03-16,2015-03,"500ETF
510500.XSHG"
2015-03-16 13:28:00,止盈,创业板ETF易方达,159915.XSHE,2.056,5000.0,26900.0,303.97,5.0,2015-03-16,2015-03,"创业板ETF易方达
159915.XSHE"
2015-03-18 13:02:00,止盈,500ETF,510500.XSHG,1.878,5400.0,4300.0,301.39,1.0,2015-03-18,2015-03,"500ETF
510500.XSHG"
2015-03-20 09:49:00,止盈,创业板ETF易方达,159915.XSHE,2.118,4800.0,22100.0,296.58,4.0,2015-03-20,2015-03,"创业板ETF易方达
159915.XSHE"
2015-03-23 09:31:00,止盈（部分）,500ETF,510500.XSHG,1.946,4300.0,0.0,291.56,0.0,2015-03-23,2015-03,"500ETF
510500.XSHG"
2015-03-23 09:31:00,清仓,500ETF,510500.XSHG,,,,,0.0,2015-03-23,2015-03,"500ETF
510500.XSHG"
2015-03-23 09:32:00,重装建仓,500ETF,510500.XSHG,1.937,41300.0,41300.0,,,2015-03-23,2015-03,"500ETF
510500.XSHG"
2015-03-23 09:33:00,底仓到账,500ETF,510500.XSHG,,,41300.0,,8.0,2015-03-23,2015-03,"500ETF
510500.XSHG"
2015-03-23 13:03:00,止盈,创业板ETF易方达,159915.XSHE,2.183,4700.0,17400.0,304.47,3.0,2015-03-23,2015-03,"创业板ETF易方达
159915.XSHE"
2015-03-24 09:30:00,止盈,500ETF,510500.XSHG,1.999,5100.0,36200.0,315.18,7.0,2015-03-24,2015-03,"500ETF
510500.XSHG"
2015-03-24 10:04:00,止盈,创业板ETF易方达,159915.XSHE,2.249,4500.0,12900.0,295.99,2.0,2015-03-24,2015-03,"创业板ETF易方达
159915.XSHE"
2015-03-24 10:53:00,加仓,创业板ETF易方达,159915.XSHE,2.176,4400.0,17300.0,,3.0,2015-03-24,2015-03,"创业板ETF易方达
159915.XSHE"
2015-03-24 11:16:00,加仓,500ETF,510500.XSHG,1.935,5000.0,41200.0,,8.0,2015-03-24,2015-03,"500ETF
510500.XSHG"
2015-03-24 13:46:00,止盈,创业板ETF易方达,159915.XSHE,2.243,4500.0,12800.0,300.49,2.0,2015-03-24,2015-03,"创业板ETF易方达
159915.XSHE"
2015-03-25 10:27:00,止盈,500ETF,510500.XSHG,1.995,5100.0,36100.0,304.98,7.0,2015-03-25,2015-03,"500ETF
510500.XSHG"
2015-03-26 11:06:00,加仓,创业板ETF易方达,159915.XSHE,2.174,4400.0,17200.0,,3.0,2015-03-26,2015-03,"创业板ETF易方达
159915.XSHE"
2015-03-30 14:37:00,止盈,500ETF,510500.XSHG,2.055,5000.0,31100.0,298.97,6.0,2015-03-30,2015-03,"500ETF
510500.XSHG"
2015-03-31 10:17:00,止盈,创业板ETF易方达,159915.XSHE,2.24,4500.0,12700.0,295.99,2.0,2015-03-31,2015-03,"创业板ETF易方达
159915.XSHE"
2015-04-02 09:31:00,止盈,创业板ETF易方达,159915.XSHE,2.334,4400.0,8300.0,412.57,1.0,2015-04-02,2015-04,"创业板ETF易方达
159915.XSHE"
2015-04-02 11:10:00,止盈,500ETF,510500.XSHG,2.117,4800.0,26300.0,296.58,5.0,2015-04-02,2015-04,"500ETF
510500.XSHG"
2015-04-07 09:31:00,止盈,500ETF,510500.XSHG,2.19,4700.0,21600.0,342.07,4.0,2015-04-07,2015-04,"500ETF
510500.XSHG"
2015-04-07 09:32:00,止盈,创业板ETF易方达,159915.XSHE,2.413,4200.0,4100.0,330.79,1.0,2015-04-07,2015-04,"创业板ETF易方达
159915.XSHE"
2015-04-08 10:56:00,加仓,创业板ETF易方达,159915.XSHE,2.34,4100.0,8200.0,,2.0,2015-04-08,2015-04,"创业板ETF易方达
159915.XSHE"
2015-04-08 10:57:00,等级校准,创业板ETF易方达,159915.XSHE,,,8200.0,,,2015-04-08,2015-04,"创业板ETF易方达
159915.XSHE"
2015-04-09 10:23:00,加仓,创业板ETF易方达,159915.XSHE,2.267,4200.0,12400.0,,2.0,2015-04-09,2015-04,"创业板ETF易方达
159915.XSHE"
2015-04-09 10:24:00,加仓,500ETF,510500.XSHG,2.119,4500.0,26100.0,,5.0,2015-04-09,2015-04,"500ETF
510500.XSHG"
2015-04-09 14:07:00,止盈,创业板ETF易方达,159915.XSHE,2.339,4400.0,8000.0,315.77,1.0,2015-04-09,2015-04,"创业板ETF易方达
159915.XSHE"
2015-04-09 14:34:00,止盈（部分）,创业板ETF易方达,159915.XSHE,2.418,3800.0,4200.0,299.28,1.0,2015-04-09,2015-04,"创业板ETF易方达
159915.XSHE"
2015-04-10 09:41:00,止盈,500ETF,510500.XSHG,2.183,4700.0,21400.0,299.77,4.0,2015-04-10,2015-04,"500ETF
510500.XSHG"
2015-04-15 09:30:00,等级校准,500ETF,510500.XSHG,,,5999.0,,,2015-04-15,2015-04,"500ETF
510500.XSHG"
2015-04-15 09:31:00,止盈,500ETF,510500.XSHG,8.078,4500.0,1499.0,26523.86,1.0,2015-04-15,2015-04,"500ETF
510500.XSHG"
2015-04-15 11:15:00,加仓,500ETF,510500.XSHG,7.835,1200.0,2699.0,,2.0,2015-04-15,2015-04,"500ETF
510500.XSHG"
2015-04-15 14:55:00,加仓,创业板ETF易方达,159915.XSHE,2.34,4100.0,8300.0,,2.0,2015-04-15,2015-04,"创业板ETF易方达
159915.XSHE"
2015-04-15 14:56:00,等级校准,创业板ETF易方达,159915.XSHE,,,8300.0,,,2015-04-15,2015-04,"创业板ETF易方达
159915.XSHE"
2015-04-16 09:32:00,加仓,500ETF,510500.XSHG,7.53,1200.0,3899.0,,3.0,2015-04-16,2015-04,"500ETF
510500.XSHG"
2015-04-16 09:33:00,等级校准,500ETF,510500.XSHG,,,3899.0,,,2015-04-16,2015-04,"500ETF
510500.XSHG"
2015-04-16 09:49:00,止盈,500ETF,510500.XSHG,7.76,1300.0,2599.0,297.99,2.0,2015-04-16,2015-04,"500ETF
510500.XSHG"
2015-04-16 10:43:00,止盈,创业板ETF易方达,159915.XSHE,2.412,4200.0,4100.0,301.39,1.0,2015-04-16,2015-04,"创业板ETF易方达
159915.XSHE"
2015-04-17 09:41:00,止盈,500ETF,510500.XSHG,8.0,1200.0,1399.0,287.04,1.0,2015-04-17,2015-04,"500ETF
510500.XSHG"
2015-04-20 09:33:00,加仓,创业板ETF易方达,159915.XSHE,2.33,4100.0,8200.0,,2.0,2015-04-20,2015-04,"创业板ETF易方达
159915.XSHE"
2015-04-20 09:34:00,等级校准,创业板ETF易方达,159915.XSHE,,,8200.0,,,2015-04-20,2015-04,"创业板ETF易方达
159915.XSHE"
2015-04-21 10:02:00,止盈,创业板ETF易方达,159915.XSHE,2.401,4200.0,4000.0,297.19,1.0,2015-04-21,2015-04,"创业板ETF易方达
159915.XSHE"
2015-04-21 14:31:00,止盈（部分）,创业板ETF易方达,159915.XSHE,2.474,4000.0,0.0,291.01,0.0,2015-04-21,2015-04,"创业板ETF易方达
159915.XSHE"
2015-04-21 14:31:00,清仓,创业板ETF易方达,159915.XSHE,,,,,0.0,2015-04-21,2015-04,"创业板ETF易方达
159915.XSHE"
2015-04-21 14:32:00,重装建仓,创业板ETF易方达,159915.XSHE,2.477,32200.0,32200.0,,,2015-04-21,2015-04,"创业板ETF易方达
159915.XSHE"
2015-04-21 14:33:00,底仓到账,创业板ETF易方达,159915.XSHE,,,32200.0,,8.0,2015-04-21,2015-04,"创业板ETF易方达
159915.XSHE"
2015-04-22 09:39:00,止盈,500ETF,510500.XSHG,8.24,1200.0,199.0,287.01,1.0,2015-04-22,2015-04,"500ETF
510500.XSHG"
2015-04-23 09:34:00,止盈,创业板ETF易方达,159915.XSHE,2.557,4000.0,28200.0,318.98,7.0,2015-04-23,2015-04,"创业板ETF易方达
159915.XSHE"
2015-04-24 14:13:00,止盈,创业板ETF易方达,159915.XSHE,2.637,3900.0,24300.0,310.97,6.0,2015-04-24,2015-04,"创业板ETF易方达
159915.XSHE"
2015-04-27 09:32:00,止盈（部分）,500ETF,510500.XSHG,8.509,100.0,99.0,26.8,0.0,2015-04-27,2015-04,"500ETF
510500.XSHG"
2015-04-27 09:32:00,清仓-碎股,500ETF,510500.XSHG,,,,,0.0,2015-04-27,2015-04,"500ETF
510500.XSHG"
2015-04-27 09:32:00,清仓,500ETF,510500.XSHG,,,,,0.0,2015-04-27,2015-04,"500ETF
510500.XSHG"
2015-04-27 09:33:00,重装建仓,500ETF,510500.XSHG,8.537,9300.0,9300.0,,,2015-04-27,2015-04,"500ETF
510500.XSHG"
2015-04-27 09:34:00,底仓到账,500ETF,510500.XSHG,,,9300.0,,8.0,2015-04-27,2015-04,"500ETF
510500.XSHG"
2015-04-27 09:39:00,止盈,纳指ETF,513100.XSHG,1.481,6900.0,43000.0,302.58,6.0,2015-04-27,2015-04,"纳指ETF
513100.XSHG"
2015-04-28 13:08:00,加仓,500ETF,510500.XSHG,8.278,1100.0,10400.0,,9.0,2015-04-28,2015-04,"500ETF
510500.XSHG"
2015-04-28 13:09:00,等级校准,500ETF,510500.XSHG,,,10400.0,,,2015-04-28,2015-04,"500ETF
510500.XSHG"
2015-04-28 14:28:00,加仓,创业板ETF易方达,159915.XSHE,2.557,3700.0,28000.0,,7.0,2015-04-28,2015-04,"创业板ETF易方达
159915.XSHE"
2015-04-29 09:59:00,止盈,创业板ETF易方达,159915.XSHE,2.64,3900.0,24100.0,322.67,6.0,2015-04-29,2015-04,"创业板ETF易方达
159915.XSHE"
2015-04-30 09:31:00,止盈,创业板ETF易方达,159915.XSHE,2.733,3700.0,20400.0,343.09,5.0,2015-04-30,2015-04,"创业板ETF易方达
159915.XSHE"
2015-04-30 09:37:00,止盈,500ETF,510500.XSHG,8.542,1200.0,9200.0,315.77,8.0,2015-04-30,2015-04,"500ETF
510500.XSHG"
2015-05-05 13:35:00,加仓,创业板ETF易方达,159915.XSHE,2.651,3600.0,24000.0,,6.0,2015-05-05,2015-05,"创业板ETF易方达
159915.XSHE"
2015-05-05 14:17:00,加仓,500ETF,510500.XSHG,8.275,1100.0,10300.0,,9.0,2015-05-05,2015-05,"500ETF
510500.XSHG"
2015-05-05 14:18:00,等级校准,500ETF,510500.XSHG,,,10300.0,,,2015-05-05,2015-05,"500ETF
510500.XSHG"
2015-05-06 09:31:00,加仓,纳指ETF,513100.XSHG,1.432,6700.0,49700.0,,7.0,2015-05-06,2015-05,"纳指ETF
513100.XSHG"
2015-05-06 10:01:00,止盈,创业板ETF易方达,159915.XSHE,2.734,3700.0,20300.0,306.09,5.0,2015-05-06,2015-05,"创业板ETF易方达
159915.XSHE"
2015-05-06 10:52:00,止盈,创业板ETF易方达,159915.XSHE,2.817,3600.0,16700.0,297.79,4.0,2015-05-06,2015-05,"创业板ETF易方达
159915.XSHE"
2015-05-06 14:30:00,加仓,创业板ETF易方达,159915.XSHE,2.727,3500.0,20200.0,,5.0,2015-05-06,2015-05,"创业板ETF易方达
159915.XSHE"
2015-05-06 14:51:00,加仓,500ETF,510500.XSHG,8.013,1200.0,11500.0,,9.0,2015-05-06,2015-05,"500ETF
510500.XSHG"
2015-05-08 10:44:00,止盈,创业板ETF易方达,159915.XSHE,2.812,3600.0,16600.0,304.99,4.0,2015-05-08,2015-05,"创业板ETF易方达
159915.XSHE"
2015-05-08 14:42:00,止盈,500ETF,510500.XSHG,8.276,1200.0,10300.0,314.61,8.0,2015-05-08,2015-05,"500ETF
510500.XSHG"
2015-05-08 14:44:00,止盈,500ETF,510500.XSHG,8.61,1200.0,9100.0,399.77,8.0,2015-05-08,2015-05,"500ETF
510500.XSHG"
2015-05-08 14:47:00,加仓,500ETF,510500.XSHG,8.267,1100.0,10200.0,,9.0,2015-05-08,2015-05,"500ETF
510500.XSHG"
2015-05-08 14:48:00,等级校准,500ETF,510500.XSHG,,,10200.0,,,2015-05-08,2015-05,"500ETF
510500.XSHG"
2015-05-08 14:49:00,止盈,创业板ETF易方达,159915.XSHE,2.904,3500.0,13100.0,320.98,3.0,2015-05-08,2015-05,"创业板ETF易方达
159915.XSHE"
2015-05-11 11:27:00,止盈,创业板ETF易方达,159915.XSHE,2.993,3400.0,9700.0,301.58,2.0,2015-05-11,2015-05,"创业板ETF易方达
159915.XSHE"
2015-05-11 13:02:00,止盈,500ETF,510500.XSHG,8.521,1200.0,9000.0,303.78,8.0,2015-05-11,2015-05,"500ETF
510500.XSHG"
2015-05-12 09:39:00,止盈,创业板ETF易方达,159915.XSHE,3.083,3300.0,6400.0,295.98,2.0,2015-05-12,2015-05,"创业板ETF易方达
159915.XSHE"
2015-05-12 13:49:00,止盈,500ETF,510500.XSHG,8.777,1100.0,7900.0,280.63,7.0,2015-05-12,2015-05,"500ETF
510500.XSHG"
2015-05-15 09:31:00,加仓,创业板ETF易方达,159915.XSHE,2.973,3200.0,9600.0,,3.0,2015-05-15,2015-05,"创业板ETF易方达
159915.XSHE"
2015-05-15 09:32:00,等级校准,创业板ETF易方达,159915.XSHE,,,9600.0,,,2015-05-15,2015-05,"创业板ETF易方达
159915.XSHE"
2015-05-15 09:58:00,止盈,纳指ETF,513100.XSHG,1.476,6900.0,42800.0,302.58,6.0,2015-05-15,2015-05,"纳指ETF
513100.XSHG"
2015-05-18 09:32:00,止盈,创业板ETF易方达,159915.XSHE,3.074,3300.0,6300.0,332.29,1.0,2015-05-18,2015-05,"创业板ETF易方达
159915.XSHE"
2015-05-18 14:22:00,止盈,黄金ETF,518880.XSHG,2.46,4100.0,28700.0,314.69,7.0,2015-05-18,2015-05,"黄金ETF
518880.XSHG"
2015-05-19 09:31:00,止盈,创业板ETF易方达,159915.XSHE,3.182,3200.0,3100.0,344.58,1.0,2015-05-19,2015-05,"创业板ETF易方达
159915.XSHE"
2015-05-19 09:55:00,加仓,创业板ETF易方达,159915.XSHE,3.079,3100.0,6200.0,,2.0,2015-05-19,2015-05,"创业板ETF易方达
159915.XSHE"
2015-05-19 09:56:00,等级校准,创业板ETF易方达,159915.XSHE,,,6200.0,,,2015-05-19,2015-05,"创业板ETF易方达
159915.XSHE"
2015-05-19 10:43:00,止盈,500ETF,510500.XSHG,9.046,1100.0,6800.0,294.9,6.0,2015-05-19,2015-05,"500ETF
510500.XSHG"
2015-05-19 13:41:00,止盈（部分）,创业板ETF易方达,159915.XSHE,3.173,3100.0,3100.0,290.42,1.0,2015-05-19,2015-05,"创业板ETF易方达
159915.XSHE"
2015-05-20 09:40:00,止盈,500ETF,510500.XSHG,9.343,1100.0,5700.0,325.67,5.0,2015-05-20,2015-05,"500ETF
510500.XSHG"
2015-05-20 09:54:00,止盈,创业板ETF易方达,159915.XSHE,3.271,3100.0,0.0,302.79,0.0,2015-05-20,2015-05,"创业板ETF易方达
159915.XSHE"
2015-05-20 09:54:00,清仓,创业板ETF易方达,159915.XSHE,,,,,0.0,2015-05-20,2015-05,"创业板ETF易方达
159915.XSHE"
2015-05-20 09:55:00,重装建仓,创业板ETF易方达,159915.XSHE,3.268,24400.0,24400.0,,,2015-05-20,2015-05,"创业板ETF易方达
159915.XSHE"
2015-05-20 09:56:00,底仓到账,创业板ETF易方达,159915.XSHE,,,24400.0,,8.0,2015-05-20,2015-05,"创业板ETF易方达
159915.XSHE"
2015-05-21 11:10:00,止盈,创业板ETF易方达,159915.XSHE,3.369,3000.0,21400.0,301.99,7.0,2015-05-21,2015-05,"创业板ETF易方达
159915.XSHE"
2015-05-21 14:35:00,止盈,500ETF,510500.XSHG,9.625,1000.0,4700.0,281.04,4.0,2015-05-21,2015-05,"500ETF
510500.XSHG"
2015-05-22 09:32:00,止盈,创业板ETF易方达,159915.XSHE,3.473,2900.0,18500.0,300.59,6.0,2015-05-22,2015-05,"创业板ETF易方达
159915.XSHE"
2015-05-22 10:02:00,加仓,创业板ETF易方达,159915.XSHE,3.365,2800.0,21300.0,,7.0,2015-05-22,2015-05,"创业板ETF易方达
159915.XSHE"
2015-05-22 14:47:00,止盈,500ETF,510500.XSHG,9.99,1000.0,3700.0,364.0,3.0,2015-05-22,2015-05,"500ETF
510500.XSHG"
2015-05-25 09:32:00,加仓,创业板ETF易方达,159915.XSHE,3.237,2900.0,24200.0,,8.0,2015-05-25,2015-05,"创业板ETF易方达
159915.XSHE"
2015-05-25 11:13:00,止盈,创业板ETF易方达,159915.XSHE,3.336,3000.0,21200.0,296.0,7.0,2015-05-25,2015-05,"创业板ETF易方达
159915.XSHE"
2015-05-26 10:23:00,止盈,创业板ETF易方达,159915.XSHE,3.438,2900.0,18300.0,294.8,6.0,2015-05-26,2015-05,"创业板ETF易方达
159915.XSHE"
2015-05-26 10:36:00,止盈,500ETF,510500.XSHG,10.299,1000.0,2700.0,307.97,3.0,2015-05-26,2015-05,"500ETF
510500.XSHG"
2015-05-27 14:05:00,止盈,500ETF,510500.XSHG,10.639,900.0,1800.0,305.04,2.0,2015-05-27,2015-05,"500ETF
510500.XSHG"
2015-05-28 14:17:00,加仓,500ETF,510500.XSHG,10.296,900.0,2700.0,,3.0,2015-05-28,2015-05,"500ETF
510500.XSHG"
2015-05-28 14:49:00,加仓,创业板ETF易方达,159915.XSHE,3.334,2900.0,21200.0,,7.0,2015-05-28,2015-05,"创业板ETF易方达
159915.XSHE"
2015-05-28 14:56:00,加仓,500ETF,510500.XSHG,9.98,900.0,3600.0,,4.0,2015-05-28,2015-05,"500ETF
510500.XSHG"
2015-05-28 14:57:00,等级校准,500ETF,510500.XSHG,,,3600.0,,,2015-05-28,2015-05,"500ETF
510500.XSHG"
2015-05-29 09:36:00,加仓,黄金ETF,518880.XSHG,2.386,4000.0,32700.0,,8.0,2015-05-29,2015-05,"黄金ETF
518880.XSHG"
2015-05-29 09:37:00,等级校准,黄金ETF,518880.XSHG,,,32700.0,,,2015-05-29,2015-05,"黄金ETF
518880.XSHG"
2015-05-29 09:43:00,加仓,500ETF,510500.XSHG,9.633,1000.0,4600.0,,4.0,2015-05-29,2015-05,"500ETF
510500.XSHG"
2015-05-29 09:43:00,加仓,创业板ETF易方达,159915.XSHE,3.22,2900.0,24100.0,,8.0,2015-05-29,2015-05,"创业板ETF易方达
159915.XSHE"
2015-05-29 09:44:00,等级校准,创业板ETF易方达,159915.XSHE,,,24100.0,,,2015-05-29,2015-05,"创业板ETF易方达
159915.XSHE"
2015-05-29 09:51:00,止盈,500ETF,510500.XSHG,10.003,1000.0,3600.0,369.0,4.0,2015-05-29,2015-05,"500ETF
510500.XSHG"
2015-05-29 10:02:00,止盈,创业板ETF易方达,159915.XSHE,3.329,3100.0,21000.0,336.87,7.0,2015-05-29,2015-05,"创业板ETF易方达
159915.XSHE"
2015-05-29 13:22:00,止盈,500ETF,510500.XSHG,10.333,900.0,2700.0,296.07,3.0,2015-05-29,2015-05,"500ETF
510500.XSHG"
2015-05-29 13:44:00,止盈,创业板ETF易方达,159915.XSHE,3.431,3000.0,18000.0,304.97,6.0,2015-05-29,2015-05,"创业板ETF易方达
159915.XSHE"
2015-05-29 14:17:00,加仓,500ETF,510500.XSHG,9.9,900.0,3600.0,,4.0,2015-05-29,2015-05,"500ETF
510500.XSHG"
2015-05-29 14:18:00,等级校准,500ETF,510500.XSHG,,,3600.0,,,2015-05-29,2015-05,"500ETF
510500.XSHG"
2015-05-29 14:36:00,加仓,创业板ETF易方达,159915.XSHE,3.317,2900.0,20900.0,,7.0,2015-05-29,2015-05,"创业板ETF易方达
159915.XSHE"
2015-05-29 14:37:00,等级校准,创业板ETF易方达,159915.XSHE,,,20900.0,,,2015-05-29,2015-05,"创业板ETF易方达
159915.XSHE"
2015-06-01 09:32:00,止盈,创业板ETF易方达,159915.XSHE,3.434,3000.0,17900.0,349.97,6.0,2015-06-01,2015-06,"创业板ETF易方达
159915.XSHE"
2015-06-01 09:34:00,止盈,500ETF,510500.XSHG,10.2,1000.0,2600.0,298.98,2.0,2015-06-01,2015-06,"500ETF
510500.XSHG"
2015-06-01 13:03:00,止盈,500ETF,510500.XSHG,10.519,900.0,1700.0,286.15,1.0,2015-06-01,2015-06,"500ETF
510500.XSHG"
2015-06-01 13:08:00,止盈,创业板ETF易方达,159915.XSHE,3.539,2900.0,15000.0,303.47,5.0,2015-06-01,2015-06,"创业板ETF易方达
159915.XSHE"
2015-06-02 10:08:00,止盈,创业板ETF易方达,159915.XSHE,3.647,2800.0,12200.0,301.38,4.0,2015-06-02,2015-06,"创业板ETF易方达
159915.XSHE"
2015-06-02 10:16:00,止盈,500ETF,510500.XSHG,10.849,900.0,800.0,296.02,1.0,2015-06-02,2015-06,"500ETF
510500.XSHG"
2015-06-02 14:39:00,止盈,创业板ETF易方达,159915.XSHE,3.757,2700.0,9500.0,295.99,3.0,2015-06-02,2015-06,"创业板ETF易方达
159915.XSHE"
2015-06-04 13:01:00,加仓,创业板ETF易方达,159915.XSHE,3.643,2600.0,12100.0,,4.0,2015-06-04,2015-06,"创业板ETF易方达
159915.XSHE"
2015-06-04 13:05:00,加仓,500ETF,510500.XSHG,10.324,900.0,1700.0,,2.0,2015-06-04,2015-06,"500ETF
510500.XSHG"
2015-06-04 13:06:00,等级校准,500ETF,510500.XSHG,,,1700.0,,,2015-06-04,2015-06,"500ETF
510500.XSHG"
2015-06-04 13:06:00,加仓,创业板ETF易方达,159915.XSHE,3.515,2700.0,14800.0,,5.0,2015-06-04,2015-06,"创业板ETF易方达
159915.XSHE"
2015-06-04 13:58:00,止盈,创业板ETF易方达,159915.XSHE,3.621,2800.0,12000.0,295.79,4.0,2015-06-04,2015-06,"创业板ETF易方达
159915.XSHE"
2015-06-04 14:11:00,止盈（部分）,500ETF,510500.XSHG,10.665,800.0,900.0,271.95,1.0,2015-06-04,2015-06,"500ETF
510500.XSHG"
2015-06-04 14:41:00,止盈,创业板ETF易方达,159915.XSHE,3.731,2700.0,9300.0,295.99,3.0,2015-06-04,2015-06,"创业板ETF易方达
159915.XSHE"
2015-06-05 09:30:00,止盈,500ETF,510500.XSHG,11.01,900.0,0.0,309.51,0.0,2015-06-05,2015-06,"500ETF
510500.XSHG"
2015-06-05 09:30:00,清仓,500ETF,510500.XSHG,,,,,0.0,2015-06-05,2015-06,"500ETF
510500.XSHG"
2015-06-05 09:31:00,重装建仓,500ETF,510500.XSHG,11.086,7200.0,7200.0,,,2015-06-05,2015-06,"500ETF
510500.XSHG"
2015-06-05 09:32:00,底仓到账,500ETF,510500.XSHG,,,7200.0,,8.0,2015-06-05,2015-06,"500ETF
510500.XSHG"
2015-06-05 10:04:00,止盈,创业板ETF易方达,159915.XSHE,3.843,2600.0,6700.0,290.2,2.0,2015-06-05,2015-06,"创业板ETF易方达
159915.XSHE"
2015-06-05 11:13:00,加仓,创业板ETF易方达,159915.XSHE,3.725,2600.0,9300.0,,3.0,2015-06-05,2015-06,"创业板ETF易方达
159915.XSHE"
2015-06-08 09:36:00,加仓,创业板ETF易方达,159915.XSHE,3.597,2600.0,11900.0,,4.0,2015-06-08,2015-06,"创业板ETF易方达
159915.XSHE"
2015-06-08 10:43:00,加仓,创业板ETF易方达,159915.XSHE,3.484,2700.0,14600.0,,5.0,2015-06-08,2015-06,"创业板ETF易方达
159915.XSHE"
2015-06-09 10:00:00,止盈,创业板ETF易方达,159915.XSHE,3.589,2800.0,11800.0,293.0,4.0,2015-06-09,2015-06,"创业板ETF易方达
159915.XSHE"
2015-06-09 11:20:00,加仓,创业板ETF易方达,159915.XSHE,3.479,2700.0,14500.0,,5.0,2015-06-09,2015-06,"创业板ETF易方达
159915.XSHE"
2015-06-10 11:29:00,止盈,创业板ETF易方达,159915.XSHE,3.584,2800.0,11700.0,293.0,4.0,2015-06-10,2015-06,"创业板ETF易方达
159915.XSHE"
2015-06-10 13:42:00,止盈,500ETF,510500.XSHG,11.456,800.0,6400.0,295.08,8.0,2015-06-10,2015-06,"500ETF
510500.XSHG"
2015-06-10 14:27:00,止盈,创业板ETF易方达,159915.XSHE,3.693,2700.0,9000.0,293.3,3.0,2015-06-10,2015-06,"创业板ETF易方达
159915.XSHE"
2015-06-12 14:05:00,止盈,500ETF,510500.XSHG,11.8,800.0,5600.0,274.26,7.0,2015-06-12,2015-06,"500ETF
510500.XSHG"
2015-06-15 10:38:00,加仓,创业板ETF易方达,159915.XSHE,3.582,2700.0,11700.0,,4.0,2015-06-15,2015-06,"创业板ETF易方达
159915.XSHE"
2015-06-15 11:05:00,加仓,500ETF,510500.XSHG,11.441,800.0,6400.0,,8.0,2015-06-15,2015-06,"500ETF
510500.XSHG"
2015-06-16 09:31:00,加仓,创业板ETF易方达,159915.XSHE,3.447,2700.0,14400.0,,5.0,2015-06-16,2015-06,"创业板ETF易方达
159915.XSHE"
2015-06-16 09:32:00,等级校准,创业板ETF易方达,159915.XSHE,,,14400.0,,,2015-06-16,2015-06,"创业板ETF易方达
159915.XSHE"
2015-06-16 10:10:00,加仓,500ETF,510500.XSHG,11.077,800.0,7200.0,,9.0,2015-06-16,2015-06,"500ETF
510500.XSHG"
2015-06-16 10:11:00,等级校准,500ETF,510500.XSHG,,,7200.0,,,2015-06-16,2015-06,"500ETF
510500.XSHG"
2015-06-16 10:11:00,加仓,创业板ETF易方达,159915.XSHE,3.342,2900.0,17300.0,,5.0,2015-06-16,2015-06,"创业板ETF易方达
159915.XSHE"
2015-06-16 11:23:00,止盈,创业板ETF易方达,159915.XSHE,3.443,2900.0,14400.0,291.9,4.0,2015-06-16,2015-06,"创业板ETF易方达
159915.XSHE"
2015-06-17 10:14:00,加仓,500ETF,510500.XSHG,10.734,900.0,8100.0,,9.0,2015-06-17,2015-06,"500ETF
510500.XSHG"
2015-06-17 10:47:00,加仓,创业板ETF易方达,159915.XSHE,3.334,2900.0,17300.0,,5.0,2015-06-17,2015-06,"创业板ETF易方达
159915.XSHE"
2015-06-17 13:14:00,止盈,创业板ETF易方达,159915.XSHE,3.44,2900.0,14400.0,306.4,4.0,2015-06-17,2015-06,"创业板ETF易方达
159915.XSHE"
2015-06-17 14:00:00,止盈,500ETF,510500.XSHG,11.064,900.0,7200.0,296.0,8.0,2015-06-17,2015-06,"500ETF
510500.XSHG"
2015-06-17 14:32:00,止盈,创业板ETF易方达,159915.XSHE,3.546,2900.0,11500.0,306.37,4.0,2015-06-17,2015-06,"创业板ETF易方达
159915.XSHE"
2015-06-17 14:54:00,止盈,500ETF,510500.XSHG,11.466,900.0,6300.0,360.77,7.0,2015-06-17,2015-06,"500ETF
510500.XSHG"
2015-06-18 09:32:00,加仓,500ETF,510500.XSHG,11.106,800.0,7100.0,,8.0,2015-06-18,2015-06,"500ETF
510500.XSHG"
2015-06-18 09:33:00,等级校准,500ETF,510500.XSHG,,,7100.0,,,2015-06-18,2015-06,"500ETF
510500.XSHG"
2015-06-18 13:49:00,加仓,创业板ETF易方达,159915.XSHE,3.435,2800.0,14300.0,,5.0,2015-06-18,2015-06,"创业板ETF易方达
159915.XSHE"
2015-06-18 13:50:00,等级校准,创业板ETF易方达,159915.XSHE,,,14300.0,,,2015-06-18,2015-06,"创业板ETF易方达
159915.XSHE"
2015-06-18 14:47:00,加仓,创业板ETF易方达,159915.XSHE,3.329,2900.0,17200.0,,5.0,2015-06-18,2015-06,"创业板ETF易方达
159915.XSHE"
2015-06-19 09:31:00,加仓,500ETF,510500.XSHG,10.477,900.0,8000.0,,8.0,2015-06-19,2015-06,"500ETF
510500.XSHG"
2015-06-19 09:31:00,加仓,创业板ETF易方达,159915.XSHE,3.219,3000.0,20200.0,,6.0,2015-06-19,2015-06,"创业板ETF易方达
159915.XSHE"
2015-06-19 14:38:00,加仓,500ETF,510500.XSHG,10.128,900.0,8900.0,,9.0,2015-06-19,2015-06,"500ETF
510500.XSHG"
2015-06-23 09:39:00,加仓,创业板ETF易方达,159915.XSHE,3.118,3100.0,23300.0,,7.0,2015-06-23,2015-06,"创业板ETF易方达
159915.XSHE"
2015-06-23 11:01:00,加仓,500ETF,510500.XSHG,9.81,900.0,9800.0,,10.0,2015-06-23,2015-06,"500ETF
510500.XSHG"
2015-06-23 11:02:00,等级校准,500ETF,510500.XSHG,,,9800.0,,,2015-06-23,2015-06,"500ETF
510500.XSHG"
2015-06-23 11:14:00,加仓,创业板ETF易方达,159915.XSHE,3.021,3200.0,26500.0,,8.0,2015-06-23,2015-06,"创业板ETF易方达
159915.XSHE"
2015-06-23 13:11:00,止盈,创业板ETF易方达,159915.XSHE,3.112,3300.0,23200.0,299.27,7.0,2015-06-23,2015-06,"创业板ETF易方达
159915.XSHE"
2015-06-23 13:57:00,止盈,500ETF,510500.XSHG,10.105,1000.0,8800.0,293.99,9.0,2015-06-23,2015-06,"500ETF
510500.XSHG"
2015-06-23 14:26:00,加仓,500ETF,510500.XSHG,9.8,900.0,9700.0,,10.0,2015-06-23,2015-06,"500ETF
510500.XSHG"
2015-06-23 14:27:00,等级校准,500ETF,510500.XSHG,,,9700.0,,,2015-06-23,2015-06,"500ETF
510500.XSHG"
2015-06-23 14:48:00,止盈,500ETF,510500.XSHG,10.095,1000.0,8700.0,293.99,9.0,2015-06-23,2015-06,"500ETF
510500.XSHG"
2015-06-23 14:53:00,止盈,创业板ETF易方达,159915.XSHE,3.207,3200.0,20000.0,302.97,6.0,2015-06-23,2015-06,"创业板ETF易方达
159915.XSHE"
2015-06-25 11:26:00,止盈,500ETF,510500.XSHG,10.409,900.0,7800.0,281.66,8.0,2015-06-25,2015-06,"500ETF
510500.XSHG"
2015-06-25 14:04:00,加仓,创业板ETF易方达,159915.XSHE,3.109,3100.0,23100.0,,7.0,2015-06-25,2015-06,"创业板ETF易方达
159915.XSHE"
2015-06-25 14:37:00,加仓,500ETF,510500.XSHG,10.087,900.0,8700.0,,9.0,2015-06-25,2015-06,"500ETF
510500.XSHG"
2015-06-26 09:31:00,加仓,500ETF,510500.XSHG,9.648,900.0,9600.0,,10.0,2015-06-26,2015-06,"500ETF
510500.XSHG"
2015-06-26 09:31:00,加仓,创业板ETF易方达,159915.XSHE,2.931,3200.0,26300.0,,8.0,2015-06-26,2015-06,"创业板ETF易方达
159915.XSHE"
2015-06-26 09:32:00,等级校准,500ETF,510500.XSHG,,,9600.0,,,2015-06-26,2015-06,"500ETF
510500.XSHG"
2015-06-26 09:32:00,等级校准,创业板ETF易方达,159915.XSHE,,,26300.0,,,2015-06-26,2015-06,"创业板ETF易方达
159915.XSHE"
2015-06-26 09:45:00,加仓,创业板ETF易方达,159915.XSHE,2.843,3400.0,29700.0,,8.0,2015-06-26,2015-06,"创业板ETF易方达
159915.XSHE"
2015-06-26 11:02:00,加仓,500ETF,510500.XSHG,9.352,1000.0,10600.0,,10.0,2015-06-26,2015-06,"500ETF
510500.XSHG"
2015-06-26 11:19:00,加仓,创业板ETF易方达,159915.XSHE,2.757,3500.0,33200.0,,9.0,2015-06-26,2015-06,"创业板ETF易方达
159915.XSHE"
2015-06-26 13:38:00,加仓,500ETF,510500.XSHG,9.064,1000.0,11600.0,,11.0,2015-06-26,2015-06,"500ETF
510500.XSHG"
2015-06-26 13:39:00,等级校准,500ETF,510500.XSHG,,,11600.0,,,2015-06-26,2015-06,"500ETF
510500.XSHG"
2015-06-29 09:35:00,加仓,创业板ETF易方达,159915.XSHE,2.661,3600.0,36800.0,,10.0,2015-06-29,2015-06,"创业板ETF易方达
159915.XSHE"
2015-06-29 09:36:00,等级校准,创业板ETF易方达,159915.XSHE,,,36800.0,,,2015-06-29,2015-06,"创业板ETF易方达
159915.XSHE"
2015-06-29 09:42:00,加仓,500ETF,510500.XSHG,8.707,1100.0,12700.0,,11.0,2015-06-29,2015-06,"500ETF
510500.XSHG"
2015-06-29 09:43:00,加仓,创业板ETF易方达,159915.XSHE,2.57,3700.0,40500.0,,10.0,2015-06-29,2015-06,"创业板ETF易方达
159915.XSHE"
2015-06-29 09:48:00,止盈,500ETF,510500.XSHG,8.979,1100.0,11600.0,298.21,10.0,2015-06-29,2015-06,"500ETF
510500.XSHG"
2015-06-29 10:07:00,止盈,创业板ETF易方达,159915.XSHE,2.648,3800.0,36700.0,295.39,9.0,2015-06-29,2015-06,"创业板ETF易方达
159915.XSHE"
2015-06-29 10:48:00,加仓,创业板ETF易方达,159915.XSHE,2.566,3700.0,40400.0,,10.0,2015-06-29,2015-06,"创业板ETF易方达
159915.XSHE"
2015-06-29 10:59:00,加仓,500ETF,510500.XSHG,8.696,1100.0,12700.0,,11.0,2015-06-29,2015-06,"500ETF
510500.XSHG"
2015-06-29 13:02:00,加仓,500ETF,510500.XSHG,8.372,1100.0,13800.0,,12.0,2015-06-29,2015-06,"500ETF
510500.XSHG"
2015-06-29 13:10:00,加仓,500ETF,510500.XSHG,8.1,1100.0,14900.0,,13.0,2015-06-29,2015-06,"500ETF
510500.XSHG"
2015-06-29 13:11:00,等级校准,500ETF,510500.XSHG,,,14900.0,,,2015-06-29,2015-06,"500ETF
510500.XSHG"
2015-06-29 13:28:00,止盈,500ETF,510500.XSHG,8.47,1200.0,13700.0,442.98,12.0,2015-06-29,2015-06,"500ETF
510500.XSHG"
2015-06-29 14:06:00,止盈,500ETF,510500.XSHG,8.77,1100.0,12600.0,329.04,11.0,2015-06-29,2015-06,"500ETF
510500.XSHG"
2015-06-29 14:50:00,加仓,500ETF,510500.XSHG,8.501,1100.0,13700.0,,12.0,2015-06-29,2015-06,"500ETF
510500.XSHG"
2015-06-30 09:31:00,加仓,500ETF,510500.XSHG,8.102,1100.0,14800.0,,13.0,2015-06-30,2015-06,"500ETF
510500.XSHG"
2015-06-30 09:31:00,加仓,创业板ETF易方达,159915.XSHE,2.423,3800.0,44200.0,,11.0,2015-06-30,2015-06,"创业板ETF易方达
159915.XSHE"
2015-06-30 09:32:00,加仓,纳指ETF,513100.XSHG,1.428,6700.0,49500.0,,7.0,2015-06-30,2015-06,"纳指ETF
513100.XSHG"
2015-06-30 09:32:00,等级校准,500ETF,510500.XSHG,,,14800.0,,,2015-06-30,2015-06,"500ETF
510500.XSHG"
2015-06-30 09:32:00,等级校准,创业板ETF易方达,159915.XSHE,,,44200.0,,,2015-06-30,2015-06,"创业板ETF易方达
159915.XSHE"
2015-06-30 09:34:00,止盈,500ETF,510500.XSHG,8.354,1200.0,13600.0,301.4,12.0,2015-06-30,2015-06,"500ETF
510500.XSHG"
2015-06-30 10:02:00,加仓,创业板ETF易方达,159915.XSHE,2.35,4100.0,48300.0,,11.0,2015-06-30,2015-06,"创业板ETF易方达
159915.XSHE"
2015-06-30 10:05:00,加仓,500ETF,510500.XSHG,8.103,1100.0,14700.0,,13.0,2015-06-30,2015-06,"500ETF
510500.XSHG"
2015-06-30 10:06:00,等级校准,500ETF,510500.XSHG,,,14700.0,,,2015-06-30,2015-06,"500ETF
510500.XSHG"
2015-06-30 10:46:00,加仓,创业板ETF易方达,159915.XSHE,2.279,4200.0,52500.0,,12.0,2015-06-30,2015-06,"创业板ETF易方达
159915.XSHE"
2015-06-30 10:52:00,止盈,创业板ETF易方达,159915.XSHE,2.348,4300.0,48200.0,295.69,11.0,2015-06-30,2015-06,"创业板ETF易方达
159915.XSHE"
2015-06-30 11:13:00,止盈,500ETF,510500.XSHG,8.432,1200.0,13500.0,393.79,12.0,2015-06-30,2015-06,"500ETF
510500.XSHG"
2015-06-30 11:20:00,止盈,创业板ETF易方达,159915.XSHE,2.432,4200.0,44000.0,351.78,10.0,2015-06-30,2015-06,"创业板ETF易方达
159915.XSHE"
2015-06-30 11:29:00,止盈,创业板ETF易方达,159915.XSHE,2.524,4100.0,39900.0,376.17,10.0,2015-06-30,2015-06,"创业板ETF易方达
159915.XSHE"
2015-06-30 13:01:00,止盈,创业板ETF易方达,159915.XSHE,2.672,3900.0,36000.0,576.16,9.0,2015-06-30,2015-06,"创业板ETF易方达
159915.XSHE"
2015-06-30 13:04:00,止盈,500ETF,510500.XSHG,8.686,1100.0,12400.0,278.44,11.0,2015-06-30,2015-06,"500ETF
510500.XSHG"
2015-06-30 13:56:00,止盈,500ETF,510500.XSHG,8.97,1100.0,11300.0,311.41,10.0,2015-06-30,2015-06,"500ETF
510500.XSHG"
2015-07-01 09:38:00,止盈,创业板ETF易方达,159915.XSHE,2.755,3700.0,32300.0,306.08,8.0,2015-07-01,2015-07,"创业板ETF易方达
159915.XSHE"
2015-07-01 11:08:00,止盈,创业板ETF易方达,159915.XSHE,2.839,3600.0,28700.0,301.38,8.0,2015-07-01,2015-07,"创业板ETF易方达
159915.XSHE"
2015-07-01 13:13:00,加仓,创业板ETF易方达,159915.XSHE,2.75,3500.0,32200.0,,9.0,2015-07-01,2015-07,"创业板ETF易方达
159915.XSHE"
2015-07-01 13:14:00,等级校准,创业板ETF易方达,159915.XSHE,,,32200.0,,,2015-07-01,2015-07,"创业板ETF易方达
159915.XSHE"
2015-07-01 14:19:00,加仓,500ETF,510500.XSHG,8.7,1100.0,12400.0,,11.0,2015-07-01,2015-07,"500ETF
510500.XSHG"
2015-07-01 14:39:00,加仓,创业板ETF易方达,159915.XSHE,2.661,3600.0,35800.0,,9.0,2015-07-01,2015-07,"创业板ETF易方达
159915.XSHE"
2015-07-01 14:48:00,加仓,500ETF,510500.XSHG,8.401,1100.0,13500.0,,12.0,2015-07-01,2015-07,"500ETF
510500.XSHG"
2015-07-01 14:49:00,加仓,创业板ETF易方达,159915.XSHE,2.574,3700.0,39500.0,,10.0,2015-07-01,2015-07,"创业板ETF易方达
159915.XSHE"
2015-07-02 09:35:00,加仓,500ETF,510500.XSHG,8.073,1100.0,14600.0,,13.0,2015-07-02,2015-07,"500ETF
510500.XSHG"
2015-07-02 09:36:00,等级校准,500ETF,510500.XSHG,,,14600.0,,,2015-07-02,2015-07,"500ETF
510500.XSHG"
2015-07-02 09:40:00,止盈,500ETF,510500.XSHG,8.332,1200.0,13400.0,309.8,11.0,2015-07-02,2015-07,"500ETF
510500.XSHG"
2015-07-02 10:36:00,加仓,500ETF,510500.XSHG,8.066,1200.0,14600.0,,12.0,2015-07-02,2015-07,"500ETF
510500.XSHG"
2015-07-02 10:43:00,止盈,500ETF,510500.XSHG,8.487,1200.0,13400.0,504.18,12.0,2015-07-02,2015-07,"500ETF
510500.XSHG"
2015-07-02 10:52:00,加仓,500ETF,510500.XSHG,8.201,1100.0,14500.0,,13.0,2015-07-02,2015-07,"500ETF
510500.XSHG"
2015-07-02 10:53:00,等级校准,500ETF,510500.XSHG,,,14500.0,,,2015-07-02,2015-07,"500ETF
510500.XSHG"
2015-07-02 11:06:00,止盈,创业板ETF易方达,159915.XSHE,2.655,3800.0,35700.0,306.79,9.0,2015-07-02,2015-07,"创业板ETF易方达
159915.XSHE"
2015-07-02 13:18:00,加仓,创业板ETF易方达,159915.XSHE,2.575,3700.0,39400.0,,10.0,2015-07-02,2015-07,"创业板ETF易方达
159915.XSHE"
2015-07-02 13:53:00,加仓,创业板ETF易方达,159915.XSHE,2.497,3800.0,43200.0,,11.0,2015-07-02,2015-07,"创业板ETF易方达
159915.XSHE"
2015-07-02 13:54:00,等级校准,创业板ETF易方达,159915.XSHE,,,43200.0,,,2015-07-02,2015-07,"创业板ETF易方达
159915.XSHE"
2015-07-02 14:07:00,加仓,500ETF,510500.XSHG,7.952,1200.0,15700.0,,13.0,2015-07-02,2015-07,"500ETF
510500.XSHG"
2015-07-02 14:14:00,加仓,创业板ETF易方达,159915.XSHE,2.403,4000.0,47200.0,,11.0,2015-07-02,2015-07,"创业板ETF易方达
159915.XSHE"
2015-07-02 14:26:00,止盈,创业板ETF易方达,159915.XSHE,2.483,4100.0,43100.0,326.98,10.0,2015-07-02,2015-07,"创业板ETF易方达
159915.XSHE"
2015-07-02 14:49:00,止盈,创业板ETF易方达,159915.XSHE,2.573,4000.0,39100.0,358.97,10.0,2015-07-02,2015-07,"创业板ETF易方达
159915.XSHE"
2015-07-02 14:57:00,加仓,创业板ETF易方达,159915.XSHE,2.477,3800.0,42900.0,,11.0,2015-07-02,2015-07,"创业板ETF易方达
159915.XSHE"
2015-07-02 14:58:00,等级校准,创业板ETF易方达,159915.XSHE,,,42900.0,,,2015-07-02,2015-07,"创业板ETF易方达
159915.XSHE"
2015-07-03 09:31:00,加仓,创业板ETF易方达,159915.XSHE,2.402,4000.0,46900.0,,11.0,2015-07-03,2015-07,"创业板ETF易方达
159915.XSHE"
2015-07-03 09:32:00,加仓,500ETF,510500.XSHG,7.69,1200.0,16900.0,,14.0,2015-07-03,2015-07,"500ETF
510500.XSHG"
2015-07-03 09:33:00,等级校准,500ETF,510500.XSHG,,,16900.0,,,2015-07-03,2015-07,"500ETF
510500.XSHG"
2015-07-03 09:43:00,加仓,500ETF,510500.XSHG,7.457,1300.0,18200.0,,14.0,2015-07-03,2015-07,"500ETF
510500.XSHG"
2015-07-03 10:23:00,加仓,500ETF,510500.XSHG,7.23,1300.0,19500.0,,15.0,2015-07-03,2015-07,"500ETF
510500.XSHG"
2015-07-03 10:24:00,加仓,创业板ETF易方达,159915.XSHE,2.326,4100.0,51000.0,,12.0,2015-07-03,2015-07,"创业板ETF易方达
159915.XSHE"
2015-07-03 11:12:00,加仓,黄金ETF,518880.XSHG,2.313,4100.0,36800.0,,8.0,2015-07-03,2015-07,"黄金ETF
518880.XSHG"
2015-07-03 11:21:00,止盈,500ETF,510500.XSHG,7.459,1300.0,18200.0,296.73,14.0,2015-07-03,2015-07,"500ETF
510500.XSHG"
2015-07-03 11:21:00,止盈,创业板ETF易方达,159915.XSHE,2.398,4200.0,46800.0,301.39,11.0,2015-07-03,2015-07,"创业板ETF易方达
159915.XSHE"
2015-07-03 11:24:00,止盈,创业板ETF易方达,159915.XSHE,2.47,4100.0,42700.0,294.19,10.0,2015-07-03,2015-07,"创业板ETF易方达
159915.XSHE"
2015-07-03 13:02:00,止盈,500ETF,510500.XSHG,7.721,1300.0,16900.0,339.6,14.0,2015-07-03,2015-07,"500ETF
510500.XSHG"
2015-07-03 13:02:00,止盈,创业板ETF易方达,159915.XSHE,2.55,4000.0,38700.0,318.98,9.0,2015-07-03,2015-07,"创业板ETF易方达
159915.XSHE"
2015-07-03 13:19:00,止盈,500ETF,510500.XSHG,7.964,1200.0,15700.0,290.64,13.0,2015-07-03,2015-07,"500ETF
510500.XSHG"
2015-07-03 13:21:00,止盈,创业板ETF易方达,159915.XSHE,2.63,3900.0,34800.0,310.97,9.0,2015-07-03,2015-07,"创业板ETF易方达
159915.XSHE"
2015-07-03 13:38:00,加仓,500ETF,510500.XSHG,7.693,1200.0,16900.0,,14.0,2015-07-03,2015-07,"500ETF
510500.XSHG"
2015-07-03 13:38:00,加仓,创业板ETF易方达,159915.XSHE,2.549,3800.0,38600.0,,10.0,2015-07-03,2015-07,"创业板ETF易方达
159915.XSHE"
2015-07-03 13:39:00,等级校准,创业板ETF易方达,159915.XSHE,,,38600.0,,,2015-07-03,2015-07,"创业板ETF易方达
159915.XSHE"
2015-07-03 14:01:00,加仓,500ETF,510500.XSHG,7.462,1200.0,18100.0,,15.0,2015-07-03,2015-07,"500ETF
510500.XSHG"
2015-07-03 14:02:00,等级校准,500ETF,510500.XSHG,,,18100.0,,,2015-07-03,2015-07,"500ETF
510500.XSHG"
2015-07-03 14:34:00,加仓,创业板ETF易方达,159915.XSHE,2.467,3900.0,42500.0,,10.0,2015-07-03,2015-07,"创业板ETF易方达
159915.XSHE"
2015-07-06 09:31:00,止盈,500ETF,510500.XSHG,8.148,1300.0,16800.0,890.74,14.0,2015-07-06,2015-07,"500ETF
510500.XSHG"
2015-07-06 09:31:00,止盈,创业板ETF易方达,159915.XSHE,2.683,4000.0,38500.0,862.93,10.0,2015-07-06,2015-07,"创业板ETF易方达
159915.XSHE"
2015-07-06 09:34:00,加仓,500ETF,510500.XSHG,7.801,1200.0,18000.0,,15.0,2015-07-06,2015-07,"500ETF
510500.XSHG"
2015-07-06 09:34:00,加仓,创业板ETF易方达,159915.XSHE,2.595,3700.0,42200.0,,11.0,2015-07-06,2015-07,"创业板ETF易方达
159915.XSHE"
2015-07-06 09:55:00,加仓,创业板ETF易方达,159915.XSHE,2.513,3800.0,46000.0,,12.0,2015-07-06,2015-07,"创业板ETF易方达
159915.XSHE"
2015-07-06 09:56:00,等级校准,创业板ETF易方达,159915.XSHE,,,46000.0,,,2015-07-06,2015-07,"创业板ETF易方达
159915.XSHE"
2015-07-06 10:00:00,加仓,500ETF,510500.XSHG,7.514,1200.0,19200.0,,16.0,2015-07-06,2015-07,"500ETF
510500.XSHG"
2015-07-06 10:01:00,等级校准,500ETF,510500.XSHG,,,19200.0,,,2015-07-06,2015-07,"500ETF
510500.XSHG"
2015-07-06 10:41:00,加仓,创业板ETF易方达,159915.XSHE,2.432,3900.0,49900.0,,12.0,2015-07-06,2015-07,"创业板ETF易方达
159915.XSHE"
2015-07-06 11:14:00,加仓,创业板ETF易方达,159915.XSHE,2.353,4100.0,54000.0,,13.0,2015-07-06,2015-07,"创业板ETF易方达
159915.XSHE"
2015-07-06 11:15:00,加仓,500ETF,510500.XSHG,7.219,1300.0,20500.0,,15.0,2015-07-06,2015-07,"500ETF
510500.XSHG"
2015-07-06 11:15:00,等级校准,创业板ETF易方达,159915.XSHE,,,54000.0,,,2015-07-06,2015-07,"创业板ETF易方达
159915.XSHE"
2015-07-06 11:19:00,加仓,500ETF,510500.XSHG,6.987,1300.0,21800.0,,16.0,2015-07-06,2015-07,"500ETF
510500.XSHG"
2015-07-06 11:20:00,等级校准,500ETF,510500.XSHG,,,21800.0,,,2015-07-06,2015-07,"500ETF
510500.XSHG"
2015-07-06 11:20:00,加仓,创业板ETF易方达,159915.XSHE,2.273,4200.0,58200.0,,13.0,2015-07-06,2015-07,"创业板ETF易方达
159915.XSHE"
2015-07-06 11:25:00,止盈,500ETF,510500.XSHG,7.21,1400.0,20400.0,311.19,15.0,2015-07-06,2015-07,"500ETF
510500.XSHG"
2015-07-06 11:26:00,止盈,创业板ETF易方达,159915.XSHE,2.347,4300.0,53900.0,317.19,12.0,2015-07-06,2015-07,"创业板ETF易方达
159915.XSHE"
2015-07-06 13:03:00,加仓,500ETF,510500.XSHG,6.965,1300.0,21700.0,,16.0,2015-07-06,2015-07,"500ETF
510500.XSHG"
2015-07-06 13:04:00,等级校准,500ETF,510500.XSHG,,,21700.0,,,2015-07-06,2015-07,"500ETF
510500.XSHG"
2015-07-06 13:04:00,加仓,创业板ETF易方达,159915.XSHE,2.265,4200.0,58100.0,,13.0,2015-07-06,2015-07,"创业板ETF易方达
159915.XSHE"
2015-07-06 14:42:00,止盈,500ETF,510500.XSHG,7.249,1400.0,20300.0,396.59,15.0,2015-07-06,2015-07,"500ETF
510500.XSHG"
2015-07-06 14:48:00,止盈,创业板ETF易方达,159915.XSHE,2.356,4400.0,53700.0,399.36,12.0,2015-07-06,2015-07,"创业板ETF易方达
159915.XSHE"
2015-07-07 09:31:00,加仓,创业板ETF易方达,159915.XSHE,2.24,4200.0,57900.0,,13.0,2015-07-07,2015-07,"创业板ETF易方达
159915.XSHE"
2015-07-07 09:36:00,加仓,纳指ETF,513100.XSHG,1.383,7000.0,56500.0,,8.0,2015-07-07,2015-07,"纳指ETF
513100.XSHG"
2015-07-07 09:37:00,等级校准,纳指ETF,513100.XSHG,,,56500.0,,,2015-07-07,2015-07,"纳指ETF
513100.XSHG"
2015-07-07 09:43:00,加仓,500ETF,510500.XSHG,7.027,1300.0,21600.0,,16.0,2015-07-07,2015-07,"500ETF
510500.XSHG"
2015-07-07 09:43:00,加仓,创业板ETF易方达,159915.XSHE,2.171,4400.0,62300.0,,14.0,2015-07-07,2015-07,"创业板ETF易方达
159915.XSHE"
2015-07-07 09:44:00,等级校准,500ETF,510500.XSHG,,,21600.0,,,2015-07-07,2015-07,"500ETF
510500.XSHG"
2015-07-07 09:44:00,等级校准,创业板ETF易方达,159915.XSHE,,,62300.0,,,2015-07-07,2015-07,"创业板ETF易方达
159915.XSHE"
2015-07-07 10:30:00,加仓,创业板ETF易方达,159915.XSHE,2.103,4600.0,66900.0,,14.0,2015-07-07,2015-07,"创业板ETF易方达
159915.XSHE"
2015-07-07 10:39:00,加仓,500ETF,510500.XSHG,6.763,1400.0,23000.0,,16.0,2015-07-07,2015-07,"500ETF
510500.XSHG"
2015-07-08 09:31:00,加仓,500ETF,510500.XSHG,6.16,1400.0,24400.0,,17.0,2015-07-08,2015-07,"500ETF
510500.XSHG"
2015-07-08 09:31:00,加仓,创业板ETF易方达,159915.XSHE,1.887,4700.0,71600.0,,15.0,2015-07-08,2015-07,"创业板ETF易方达
159915.XSHE"
2015-07-08 09:32:00,等级校准,500ETF,510500.XSHG,,,24400.0,,,2015-07-08,2015-07,"500ETF
510500.XSHG"
2015-07-08 09:32:00,等级校准,创业板ETF易方达,159915.XSHE,,,71600.0,,,2015-07-08,2015-07,"创业板ETF易方达
159915.XSHE"
2015-07-08 09:48:00,止盈,纳指ETF,513100.XSHG,1.425,7200.0,49300.0,301.37,7.0,2015-07-08,2015-07,"纳指ETF
513100.XSHG"
2015-07-08 10:04:00,加仓,黄金ETF,518880.XSHG,2.241,4300.0,41100.0,,9.0,2015-07-08,2015-07,"黄金ETF
518880.XSHG"
2015-07-08 10:57:00,止盈,创业板ETF易方达,159915.XSHE,1.955,5200.0,66400.0,352.58,13.0,2015-07-08,2015-07,"创业板ETF易方达
159915.XSHE"
2015-07-08 11:21:00,加仓,创业板ETF易方达,159915.XSHE,1.895,5100.0,71500.0,,14.0,2015-07-08,2015-07,"创业板ETF易方达
159915.XSHE"
2015-07-08 11:22:00,等级校准,创业板ETF易方达,159915.XSHE,,,71500.0,,,2015-07-08,2015-07,"创业板ETF易方达
159915.XSHE"
2015-07-08 13:01:00,止盈,创业板ETF易方达,159915.XSHE,1.975,5200.0,66300.0,414.97,13.0,2015-07-08,2015-07,"创业板ETF易方达
159915.XSHE"
2015-07-08 13:03:00,止盈,500ETF,510500.XSHG,6.362,1600.0,22800.0,322.18,15.0,2015-07-08,2015-07,"500ETF
510500.XSHG"
2015-07-08 13:24:00,加仓,创业板ETF易方达,159915.XSHE,1.909,5000.0,71300.0,,14.0,2015-07-08,2015-07,"创业板ETF易方达
159915.XSHE"
2015-07-08 13:25:00,等级校准,创业板ETF易方达,159915.XSHE,,,71300.0,,,2015-07-08,2015-07,"创业板ETF易方达
159915.XSHE"
2015-07-08 13:26:00,加仓,纳指ETF,513100.XSHG,1.343,7000.0,56300.0,,8.0,2015-07-08,2015-07,"纳指ETF
513100.XSHG"
2015-07-08 13:27:00,等级校准,纳指ETF,513100.XSHG,,,56300.0,,,2015-07-08,2015-07,"纳指ETF
513100.XSHG"
2015-07-08 13:29:00,止盈,纳指ETF,513100.XSHG,1.39,7400.0,48900.0,346.77,6.0,2015-07-08,2015-07,"纳指ETF
513100.XSHG"
2015-07-08 13:53:00,加仓,500ETF,510500.XSHG,6.161,1500.0,24300.0,,16.0,2015-07-08,2015-07,"500ETF
510500.XSHG"
2015-07-08 13:54:00,等级校准,500ETF,510500.XSHG,,,24300.0,,,2015-07-08,2015-07,"500ETF
510500.XSHG"
2015-07-09 09:37:00,加仓,500ETF,510500.XSHG,5.942,1600.0,25900.0,,16.0,2015-07-09,2015-07,"500ETF
510500.XSHG"
2015-07-09 09:38:00,止盈,500ETF,510500.XSHG,6.142,1600.0,24300.0,319.02,15.0,2015-07-09,2015-07,"500ETF
510500.XSHG"
2015-07-09 09:43:00,止盈,创业板ETF易方达,159915.XSHE,1.969,5200.0,66100.0,310.98,13.0,2015-07-09,2015-07,"创业板ETF易方达
159915.XSHE"
2015-07-09 09:50:00,止盈,创业板ETF易方达,159915.XSHE,2.042,5000.0,61100.0,363.98,12.0,2015-07-09,2015-07,"创业板ETF易方达
159915.XSHE"
2015-07-09 09:51:00,止盈,500ETF,510500.XSHG,6.339,1600.0,22700.0,314.19,15.0,2015-07-09,2015-07,"500ETF
510500.XSHG"
2015-07-09 09:55:00,止盈,500ETF,510500.XSHG,6.58,1500.0,21200.0,360.51,14.0,2015-07-09,2015-07,"500ETF
510500.XSHG"
2015-07-09 14:08:00,止盈,黄金ETF,518880.XSHG,2.311,4400.0,36700.0,306.98,8.0,2015-07-09,2015-07,"黄金ETF
518880.XSHG"
2015-07-10 09:31:00,止盈,500ETF,510500.XSHG,7.135,1500.0,19700.0,831.43,14.0,2015-07-10,2015-07,"500ETF
510500.XSHG"
2015-07-10 09:31:00,止盈,创业板ETF易方达,159915.XSHE,2.283,4800.0,56300.0,1155.7,13.0,2015-07-10,2015-07,"创业板ETF易方达
159915.XSHE"
2015-07-10 09:37:00,止盈,500ETF,510500.XSHG,7.419,1400.0,18300.0,396.56,14.0,2015-07-10,2015-07,"500ETF
510500.XSHG"
2015-07-13 09:31:00,止盈,500ETF,510500.XSHG,7.737,1300.0,17000.0,412.39,14.0,2015-07-13,2015-07,"500ETF
510500.XSHG"
2015-07-13 09:31:00,止盈,创业板ETF易方达,159915.XSHE,2.518,4300.0,52000.0,1009.42,13.0,2015-07-13,2015-07,"创业板ETF易方达
159915.XSHE"
2015-07-13 11:10:00,止盈,500ETF,510500.XSHG,7.999,1200.0,15800.0,313.44,13.0,2015-07-13,2015-07,"500ETF
510500.XSHG"
2015-07-14 09:32:00,止盈,创业板ETF易方达,159915.XSHE,2.603,3900.0,48100.0,330.48,12.0,2015-07-14,2015-07,"创业板ETF易方达
159915.XSHE"
2015-07-14 09:38:00,止盈,创业板ETF易方达,159915.XSHE,2.682,3800.0,44300.0,299.18,11.0,2015-07-14,2015-07,"创业板ETF易方达
159915.XSHE"
2015-07-14 10:16:00,止盈,纳指ETF,513100.XSHG,1.434,7100.0,41800.0,311.38,6.0,2015-07-14,2015-07,"纳指ETF
513100.XSHG"
2015-07-14 10:38:00,止盈,创业板ETF易方达,159915.XSHE,2.77,3700.0,40600.0,324.58,11.0,2015-07-14,2015-07,"创业板ETF易方达
159915.XSHE"
2015-07-14 10:40:00,止盈,500ETF,510500.XSHG,8.268,1200.0,14600.0,321.81,12.0,2015-07-14,2015-07,"500ETF
510500.XSHG"
2015-07-14 11:28:00,加仓,创业板ETF易方达,159915.XSHE,2.681,3600.0,44200.0,,12.0,2015-07-14,2015-07,"创业板ETF易方达
159915.XSHE"
2015-07-14 11:29:00,等级校准,创业板ETF易方达,159915.XSHE,,,44200.0,,,2015-07-14,2015-07,"创业板ETF易方达
159915.XSHE"
2015-07-14 13:01:00,加仓,500ETF,510500.XSHG,8.004,1200.0,15800.0,,13.0,2015-07-14,2015-07,"500ETF
510500.XSHG"
2015-07-14 13:25:00,加仓,创业板ETF易方达,159915.XSHE,2.589,3700.0,47900.0,,12.0,2015-07-14,2015-07,"创业板ETF易方达
159915.XSHE"
2015-07-14 14:32:00,止盈,创业板ETF易方达,159915.XSHE,2.702,3800.0,44100.0,428.37,11.0,2015-07-14,2015-07,"创业板ETF易方达
159915.XSHE"
2015-07-15 09:31:00,加仓,创业板ETF易方达,159915.XSHE,2.586,3700.0,47800.0,,12.0,2015-07-15,2015-07,"创业板ETF易方达
159915.XSHE"
2015-07-15 09:51:00,加仓,500ETF,510500.XSHG,7.756,1200.0,17000.0,,14.0,2015-07-15,2015-07,"500ETF
510500.XSHG"
2015-07-15 10:59:00,加仓,创业板ETF易方达,159915.XSHE,2.508,3800.0,51600.0,,13.0,2015-07-15,2015-07,"创业板ETF易方达
159915.XSHE"
2015-07-15 13:14:00,加仓,500ETF,510500.XSHG,7.51,1200.0,18200.0,,15.0,2015-07-15,2015-07,"500ETF
510500.XSHG"
2015-07-15 13:15:00,等级校准,500ETF,510500.XSHG,,,18200.0,,,2015-07-15,2015-07,"500ETF
510500.XSHG"
2015-07-15 13:19:00,加仓,创业板ETF易方达,159915.XSHE,2.431,3900.0,55500.0,,14.0,2015-07-15,2015-07,"创业板ETF易方达
159915.XSHE"
2015-07-15 13:20:00,等级校准,创业板ETF易方达,159915.XSHE,,,55500.0,,,2015-07-15,2015-07,"创业板ETF易方达
159915.XSHE"
2015-07-15 14:43:00,加仓,500ETF,510500.XSHG,7.267,1300.0,19500.0,,15.0,2015-07-15,2015-07,"500ETF
510500.XSHG"
2015-07-16 09:31:00,加仓,创业板ETF易方达,159915.XSHE,2.302,4100.0,59600.0,,14.0,2015-07-16,2015-07,"创业板ETF易方达
159915.XSHE"
2015-07-16 09:32:00,等级校准,创业板ETF易方达,159915.XSHE,,,59600.0,,,2015-07-16,2015-07,"创业板ETF易方达
159915.XSHE"
2015-07-16 09:34:00,加仓,500ETF,510500.XSHG,6.993,1300.0,20800.0,,16.0,2015-07-16,2015-07,"500ETF
510500.XSHG"
2015-07-16 09:35:00,等级校准,500ETF,510500.XSHG,,,20800.0,,,2015-07-16,2015-07,"500ETF
510500.XSHG"
2015-07-16 09:45:00,止盈,500ETF,510500.XSHG,7.238,1400.0,19400.0,341.99,14.0,2015-07-16,2015-07,"500ETF
510500.XSHG"
2015-07-16 09:45:00,止盈,创业板ETF易方达,159915.XSHE,2.372,4300.0,55300.0,299.98,13.0,2015-07-16,2015-07,"创业板ETF易方达
159915.XSHE"
2015-07-16 09:55:00,止盈,500ETF,510500.XSHG,7.479,1300.0,18100.0,312.33,13.0,2015-07-16,2015-07,"500ETF
510500.XSHG"
2015-07-16 09:55:00,止盈,创业板ETF易方达,159915.XSHE,2.459,4200.0,51100.0,364.37,12.0,2015-07-16,2015-07,"创业板ETF易方达
159915.XSHE"
2015-07-16 10:56:00,止盈,500ETF,510500.XSHG,7.707,1300.0,16800.0,295.4,14.0,2015-07-16,2015-07,"500ETF
510500.XSHG"
2015-07-16 10:58:00,止盈,创业板ETF易方达,159915.XSHE,2.538,4000.0,47100.0,314.98,12.0,2015-07-16,2015-07,"创业板ETF易方达
159915.XSHE"
2015-07-16 13:23:00,加仓,创业板ETF易方达,159915.XSHE,2.461,3900.0,51000.0,,13.0,2015-07-16,2015-07,"创业板ETF易方达
159915.XSHE"
2015-07-16 13:24:00,等级校准,创业板ETF易方达,159915.XSHE,,,51000.0,,,2015-07-16,2015-07,"创业板ETF易方达
159915.XSHE"
2015-07-16 13:53:00,加仓,500ETF,510500.XSHG,7.455,1200.0,18000.0,,15.0,2015-07-16,2015-07,"500ETF
510500.XSHG"
2015-07-16 13:54:00,等级校准,500ETF,510500.XSHG,,,18000.0,,,2015-07-16,2015-07,"500ETF
510500.XSHG"
2015-07-17 09:31:00,止盈,500ETF,510500.XSHG,7.719,1300.0,16700.0,342.2,13.0,2015-07-17,2015-07,"500ETF
510500.XSHG"
2015-07-17 09:53:00,止盈,创业板ETF易方达,159915.XSHE,2.546,4000.0,47000.0,338.98,12.0,2015-07-17,2015-07,"创业板ETF易方达
159915.XSHE"
2015-07-17 13:48:00,止盈,500ETF,510500.XSHG,7.961,1200.0,15500.0,289.44,12.0,2015-07-17,2015-07,"500ETF
510500.XSHG"
2015-07-17 13:50:00,止盈,创业板ETF易方达,159915.XSHE,2.628,3900.0,43100.0,318.78,11.0,2015-07-17,2015-07,"创业板ETF易方达
159915.XSHE"
2015-07-17 14:39:00,止盈,创业板ETF易方达,159915.XSHE,2.708,3800.0,39300.0,302.97,10.0,2015-07-17,2015-07,"创业板ETF易方达
159915.XSHE"
2015-07-17 14:50:00,止盈,纳指ETF,513100.XSHG,1.479,6900.0,34900.0,309.48,5.0,2015-07-17,2015-07,"纳指ETF
513100.XSHG"
2015-07-20 09:39:00,加仓,黄金ETF,518880.XSHG,2.241,4300.0,41000.0,,9.0,2015-07-20,2015-07,"黄金ETF
518880.XSHG"
2015-07-20 09:55:00,止盈,500ETF,510500.XSHG,8.245,1200.0,14300.0,339.81,11.0,2015-07-20,2015-07,"500ETF
510500.XSHG"
2015-07-20 10:04:00,止盈,纳指ETF,513100.XSHG,1.525,6700.0,28200.0,307.18,4.0,2015-07-20,2015-07,"纳指ETF
513100.XSHG"
2015-07-20 11:04:00,加仓,500ETF,510500.XSHG,7.985,1200.0,15500.0,,12.0,2015-07-20,2015-07,"500ETF
510500.XSHG"
2015-07-20 11:04:00,加仓,创业板ETF易方达,159915.XSHE,2.626,3600.0,42900.0,,11.0,2015-07-20,2015-07,"创业板ETF易方达
159915.XSHE"
2015-07-20 13:06:00,止盈,创业板ETF易方达,159915.XSHE,2.707,3800.0,39100.0,306.77,10.0,2015-07-20,2015-07,"创业板ETF易方达
159915.XSHE"
2015-07-20 14:29:00,止盈,500ETF,510500.XSHG,8.227,1200.0,14300.0,289.41,11.0,2015-07-20,2015-07,"500ETF
510500.XSHG"
2015-07-21 09:31:00,加仓,500ETF,510500.XSHG,7.972,1200.0,15500.0,,12.0,2015-07-21,2015-07,"500ETF
510500.XSHG"
2015-07-21 10:28:00,止盈,500ETF,510500.XSHG,8.212,1200.0,14300.0,287.01,11.0,2015-07-21,2015-07,"500ETF
510500.XSHG"
2015-07-23 11:05:00,止盈,500ETF,510500.XSHG,8.459,1200.0,13100.0,295.38,11.0,2015-07-23,2015-07,"500ETF
510500.XSHG"
2015-07-23 13:03:00,止盈,创业板ETF易方达,159915.XSHE,2.793,3600.0,35500.0,308.59,10.0,2015-07-23,2015-07,"创业板ETF易方达
159915.XSHE"
2015-07-24 10:10:00,止盈,500ETF,510500.XSHG,8.713,1100.0,12000.0,278.44,10.0,2015-07-24,2015-07,"500ETF
510500.XSHG"
2015-07-24 14:51:00,加仓,500ETF,510500.XSHG,8.45,1100.0,13100.0,,11.0,2015-07-24,2015-07,"500ETF
510500.XSHG"
2015-07-24 14:51:00,加仓,创业板ETF易方达,159915.XSHE,2.695,3500.0,39000.0,,11.0,2015-07-24,2015-07,"创业板ETF易方达
159915.XSHE"
2015-07-24 14:52:00,等级校准,创业板ETF易方达,159915.XSHE,,,39000.0,,,2015-07-24,2015-07,"创业板ETF易方达
159915.XSHE"
2015-07-27 10:00:00,加仓,纳指ETF,513100.XSHG,1.479,6500.0,34700.0,,5.0,2015-07-27,2015-07,"纳指ETF
513100.XSHG"
2015-07-27 13:28:00,加仓,创业板ETF易方达,159915.XSHE,2.609,3700.0,42700.0,,11.0,2015-07-27,2015-07,"创业板ETF易方达
159915.XSHE"
2015-07-27 14:16:00,加仓,500ETF,510500.XSHG,8.192,1100.0,14200.0,,12.0,2015-07-27,2015-07,"500ETF
510500.XSHG"
2015-07-27 14:17:00,等级校准,500ETF,510500.XSHG,,,14200.0,,,2015-07-27,2015-07,"500ETF
510500.XSHG"
2015-07-27 14:37:00,加仓,500ETF,510500.XSHG,7.918,1200.0,15400.0,,12.0,2015-07-27,2015-07,"500ETF
510500.XSHG"
2015-07-27 14:40:00,加仓,创业板ETF易方达,159915.XSHE,2.518,3800.0,46500.0,,12.0,2015-07-27,2015-07,"创业板ETF易方达
159915.XSHE"
2015-07-27 14:41:00,等级校准,创业板ETF易方达,159915.XSHE,,,46500.0,,,2015-07-27,2015-07,"创业板ETF易方达
159915.XSHE"
2015-07-28 09:31:00,加仓,500ETF,510500.XSHG,7.531,1200.0,16600.0,,13.0,2015-07-28,2015-07,"500ETF
510500.XSHG"
2015-07-28 09:31:00,加仓,创业板ETF易方达,159915.XSHE,2.381,3900.0,50400.0,,12.0,2015-07-28,2015-07,"创业板ETF易方达
159915.XSHE"
2015-07-28 09:32:00,等级校准,500ETF,510500.XSHG,,,16600.0,,,2015-07-28,2015-07,"500ETF
510500.XSHG"
2015-07-28 10:45:00,止盈,创业板ETF易方达,159915.XSHE,2.456,4100.0,46300.0,306.49,11.0,2015-07-28,2015-07,"创业板ETF易方达
159915.XSHE"
2015-07-28 10:55:00,止盈,500ETF,510500.XSHG,7.782,1300.0,15300.0,325.29,12.0,2015-07-28,2015-07,"500ETF
510500.XSHG"
2015-07-28 10:59:00,止盈,创业板ETF易方达,159915.XSHE,2.532,4000.0,42300.0,302.99,10.0,2015-07-28,2015-07,"创业板ETF易方达
159915.XSHE"
2015-07-28 11:21:00,加仓,创业板ETF易方达,159915.XSHE,2.443,3900.0,46200.0,,11.0,2015-07-28,2015-07,"创业板ETF易方达
159915.XSHE"
2015-07-29 10:30:00,加仓,创业板ETF易方达,159915.XSHE,2.357,4000.0,50200.0,,12.0,2015-07-29,2015-07,"创业板ETF易方达
159915.XSHE"
2015-07-29 10:31:00,等级校准,创业板ETF易方达,159915.XSHE,,,50200.0,,,2015-07-29,2015-07,"创业板ETF易方达
159915.XSHE"
2015-07-29 13:22:00,加仓,500ETF,510500.XSHG,7.522,1200.0,16500.0,,13.0,2015-07-29,2015-07,"500ETF
510500.XSHG"
2015-07-29 13:23:00,等级校准,500ETF,510500.XSHG,,,16500.0,,,2015-07-29,2015-07,"500ETF
510500.XSHG"
2015-07-29 13:34:00,加仓,创业板ETF易方达,159915.XSHE,2.281,4200.0,54400.0,,12.0,2015-07-29,2015-07,"创业板ETF易方达
159915.XSHE"
2015-07-29 13:59:00,止盈,创业板ETF易方达,159915.XSHE,2.357,4300.0,50100.0,325.79,11.0,2015-07-29,2015-07,"创业板ETF易方达
159915.XSHE"
2015-07-29 14:25:00,止盈,500ETF,510500.XSHG,7.766,1300.0,15200.0,316.19,12.0,2015-07-29,2015-07,"500ETF
510500.XSHG"
2015-07-29 14:27:00,止盈,创业板ETF易方达,159915.XSHE,2.444,4200.0,45900.0,364.37,11.0,2015-07-29,2015-07,"创业板ETF易方达
159915.XSHE"
2015-07-29 14:51:00,止盈,500ETF,510500.XSHG,8.005,1200.0,14000.0,285.84,11.0,2015-07-29,2015-07,"500ETF
510500.XSHG"
2015-07-29 14:51:00,止盈,创业板ETF易方达,159915.XSHE,2.526,4000.0,41900.0,326.99,10.0,2015-07-29,2015-07,"创业板ETF易方达
159915.XSHE"
2015-07-30 14:48:00,止盈,500ETF,510500.XSHG,8.377,1200.0,12800.0,445.39,11.0,2015-07-30,2015-07,"500ETF
510500.XSHG"
2015-07-30 14:48:00,加仓,创业板ETF易方达,159915.XSHE,2.45,3900.0,45800.0,,11.0,2015-07-30,2015-07,"创业板ETF易方达
159915.XSHE"
2015-07-30 14:49:00,加仓,500ETF,510500.XSHG,8.037,1100.0,13900.0,,12.0,2015-07-30,2015-07,"500ETF
510500.XSHG"
2015-07-30 14:50:00,等级校准,500ETF,510500.XSHG,,,13900.0,,,2015-07-30,2015-07,"500ETF
510500.XSHG"
2015-07-31 09:31:00,止盈,纳指ETF,513100.XSHG,1.537,6700.0,28000.0,387.57,4.0,2015-07-31,2015-07,"纳指ETF
513100.XSHG"
2015-07-31 09:31:00,加仓,500ETF,510500.XSHG,7.791,1200.0,15100.0,,12.0,2015-07-31,2015-07,"500ETF
510500.XSHG"
2015-07-31 09:31:00,加仓,创业板ETF易方达,159915.XSHE,2.361,4000.0,49800.0,,12.0,2015-07-31,2015-07,"创业板ETF易方达
159915.XSHE"
2015-07-31 09:32:00,等级校准,创业板ETF易方达,159915.XSHE,,,49800.0,,,2015-07-31,2015-07,"创业板ETF易方达
159915.XSHE"
2015-07-31 09:59:00,加仓,黄金ETF,518880.XSHG,2.172,4400.0,45400.0,,10.0,2015-07-31,2015-07,"黄金ETF
518880.XSHG"
2015-07-31 10:00:00,等级校准,黄金ETF,518880.XSHG,,,45400.0,,,2015-07-31,2015-07,"黄金ETF
518880.XSHG"
2015-07-31 10:17:00,止盈,创业板ETF易方达,159915.XSHE,2.436,4200.0,45600.0,313.98,11.0,2015-07-31,2015-07,"创业板ETF易方达
159915.XSHE"
2015-07-31 14:45:00,加仓,创业板ETF易方达,159915.XSHE,2.356,4100.0,49700.0,,12.0,2015-07-31,2015-07,"创业板ETF易方达
159915.XSHE"
2015-07-31 14:46:00,等级校准,创业板ETF易方达,159915.XSHE,,,49700.0,,,2015-07-31,2015-07,"创业板ETF易方达
159915.XSHE"
2015-08-03 09:40:00,加仓,500ETF,510500.XSHG,7.541,1200.0,16300.0,,13.0,2015-08-03,2015-08,"500ETF
510500.XSHG"
2015-08-03 09:41:00,等级校准,500ETF,510500.XSHG,,,16300.0,,,2015-08-03,2015-08,"500ETF
510500.XSHG"
2015-08-03 11:02:00,加仓,创业板ETF易方达,159915.XSHE,2.285,4200.0,53900.0,,12.0,2015-08-03,2015-08,"创业板ETF易方达
159915.XSHE"
2015-08-04 13:02:00,止盈,500ETF,510500.XSHG,7.778,1300.0,15000.0,307.09,12.0,2015-08-04,2015-08,"500ETF
510500.XSHG"
2015-08-04 13:10:00,止盈,创业板ETF易方达,159915.XSHE,2.357,4300.0,49600.0,308.59,11.0,2015-08-04,2015-08,"创业板ETF易方达
159915.XSHE"
2015-08-04 14:52:00,止盈,500ETF,510500.XSHG,8.066,1200.0,13800.0,344.63,11.0,2015-08-04,2015-08,"500ETF
510500.XSHG"
2015-08-04 14:55:00,止盈,创业板ETF易方达,159915.XSHE,2.43,4200.0,45400.0,305.58,11.0,2015-08-04,2015-08,"创业板ETF易方达
159915.XSHE"
2015-08-05 13:01:00,加仓,创业板ETF易方达,159915.XSHE,2.354,4100.0,49500.0,,12.0,2015-08-05,2015-08,"创业板ETF易方达
159915.XSHE"
2015-08-05 13:02:00,等级校准,创业板ETF易方达,159915.XSHE,,,49500.0,,,2015-08-05,2015-08,"创业板ETF易方达
159915.XSHE"
2015-08-06 09:31:00,加仓,500ETF,510500.XSHG,7.72,1200.0,15000.0,,12.0,2015-08-06,2015-08,"500ETF
510500.XSHG"
2015-08-06 10:41:00,止盈,500ETF,510500.XSHG,7.964,1200.0,13800.0,291.84,11.0,2015-08-06,2015-08,"500ETF
510500.XSHG"
2015-08-07 10:17:00,止盈,创业板ETF易方达,159915.XSHE,2.425,4200.0,45300.0,297.18,11.0,2015-08-07,2015-08,"创业板ETF易方达
159915.XSHE"
2015-08-10 09:31:00,止盈,500ETF,510500.XSHG,8.204,1200.0,12600.0,287.02,10.0,2015-08-10,2015-08,"500ETF
510500.XSHG"
2015-08-10 10:24:00,止盈,创业板ETF易方达,159915.XSHE,2.5,4100.0,41200.0,306.48,10.0,2015-08-10,2015-08,"创业板ETF易方达
159915.XSHE"
2015-08-10 13:14:00,止盈,创业板ETF易方达,159915.XSHE,2.577,4000.0,37200.0,306.97,9.0,2015-08-10,2015-08,"创业板ETF易方达
159915.XSHE"
2015-08-10 13:59:00,止盈,500ETF,510500.XSHG,8.453,1200.0,11400.0,297.79,10.0,2015-08-10,2015-08,"500ETF
510500.XSHG"
2015-08-10 14:49:00,加仓,纳指ETF,513100.XSHG,1.49,6500.0,34500.0,,5.0,2015-08-10,2015-08,"纳指ETF
513100.XSHG"
2015-08-11 10:42:00,止盈,黄金ETF,518880.XSHG,2.239,4600.0,40800.0,307.17,9.0,2015-08-11,2015-08,"黄金ETF
518880.XSHG"
2015-08-11 13:38:00,止盈,纳指ETF,513100.XSHG,1.536,6700.0,27800.0,307.17,4.0,2015-08-11,2015-08,"纳指ETF
513100.XSHG"
2015-08-12 13:13:00,止盈,黄金ETF,518880.XSHG,2.307,4400.0,36400.0,298.18,8.0,2015-08-12,2015-08,"黄金ETF
518880.XSHG"
2015-08-12 14:54:00,加仓,创业板ETF易方达,159915.XSHE,2.496,3800.0,41000.0,,10.0,2015-08-12,2015-08,"创业板ETF易方达
159915.XSHE"
2015-08-14 09:31:00,止盈,500ETF,510500.XSHG,8.718,1100.0,10300.0,290.54,9.0,2015-08-14,2015-08,"500ETF
510500.XSHG"
2015-08-14 09:31:00,止盈,创业板ETF易方达,159915.XSHE,2.586,4000.0,37000.0,358.97,9.0,2015-08-14,2015-08,"创业板ETF易方达
159915.XSHE"
2015-08-17 09:54:00,加仓,创业板ETF易方达,159915.XSHE,2.502,3800.0,40800.0,,10.0,2015-08-17,2015-08,"创业板ETF易方达
159915.XSHE"
2015-08-18 09:56:00,止盈,创业板ETF易方达,159915.XSHE,2.58,3900.0,36900.0,303.19,9.0,2015-08-18,2015-08,"创业板ETF易方达
159915.XSHE"
2015-08-18 13:12:00,加仓,创业板ETF易方达,159915.XSHE,2.501,3800.0,40700.0,,10.0,2015-08-18,2015-08,"创业板ETF易方达
159915.XSHE"
2015-08-18 13:34:00,加仓,500ETF,510500.XSHG,8.424,1100.0,11400.0,,10.0,2015-08-18,2015-08,"500ETF
510500.XSHG"
2015-08-18 14:20:00,加仓,创业板ETF易方达,159915.XSHE,2.423,3900.0,44600.0,,11.0,2015-08-18,2015-08,"创业板ETF易方达
159915.XSHE"
2015-08-18 14:21:00,等级校准,创业板ETF易方达,159915.XSHE,,,44600.0,,,2015-08-18,2015-08,"创业板ETF易方达
159915.XSHE"
2015-08-18 14:44:00,加仓,创业板ETF易方达,159915.XSHE,2.343,4100.0,48700.0,,11.0,2015-08-18,2015-08,"创业板ETF易方达
159915.XSHE"
2015-08-18 14:47:00,加仓,500ETF,510500.XSHG,8.145,1100.0,12500.0,,11.0,2015-08-18,2015-08,"500ETF
510500.XSHG"
2015-08-18 14:48:00,等级校准,500ETF,510500.XSHG,,,12500.0,,,2015-08-18,2015-08,"500ETF
510500.XSHG"
2015-08-18 14:50:00,止盈,纳指ETF,513100.XSHG,1.595,6500.0,21300.0,382.46,3.0,2015-08-18,2015-08,"纳指ETF
513100.XSHG"
2015-08-19 10:58:00,加仓,500ETF,510500.XSHG,7.897,1200.0,13700.0,,11.0,2015-08-19,2015-08,"500ETF
510500.XSHG"
2015-08-19 11:04:00,加仓,创业板ETF易方达,159915.XSHE,2.264,4200.0,52900.0,,12.0,2015-08-19,2015-08,"创业板ETF易方达
159915.XSHE"
2015-08-19 13:40:00,止盈,创业板ETF易方达,159915.XSHE,2.332,4400.0,48500.0,298.17,11.0,2015-08-19,2015-08,"创业板ETF易方达
159915.XSHE"
2015-08-19 14:06:00,止盈,500ETF,510500.XSHG,8.141,1200.0,12500.0,291.82,10.0,2015-08-19,2015-08,"500ETF
510500.XSHG"
2015-08-19 14:33:00,止盈,创业板ETF易方达,159915.XSHE,2.41,4200.0,44300.0,326.59,10.0,2015-08-19,2015-08,"创业板ETF易方达
159915.XSHE"
2015-08-19 14:36:00,止盈,500ETF,510500.XSHG,8.398,1200.0,11300.0,307.39,10.0,2015-08-19,2015-08,"500ETF
510500.XSHG"
2015-08-20 09:31:00,加仓,纳指ETF,513100.XSHG,1.542,6200.0,27500.0,,4.0,2015-08-20,2015-08,"纳指ETF
513100.XSHG"
2015-08-20 14:33:00,加仓,500ETF,510500.XSHG,8.136,1100.0,12400.0,,11.0,2015-08-20,2015-08,"500ETF
510500.XSHG"
2015-08-20 14:34:00,等级校准,500ETF,510500.XSHG,,,12400.0,,,2015-08-20,2015-08,"500ETF
510500.XSHG"
2015-08-21 09:31:00,加仓,纳指ETF,513100.XSHG,1.494,6400.0,33900.0,,5.0,2015-08-21,2015-08,"纳指ETF
513100.XSHG"
2015-08-21 09:31:00,止盈,黄金ETF,518880.XSHG,2.396,4300.0,32100.0,381.67,7.0,2015-08-21,2015-08,"黄金ETF
518880.XSHG"
2015-08-21 09:31:00,加仓,创业板ETF易方达,159915.XSHE,2.332,4100.0,48400.0,,11.0,2015-08-21,2015-08,"创业板ETF易方达
159915.XSHE"
2015-08-21 09:57:00,加仓,500ETF,510500.XSHG,7.877,1200.0,13600.0,,11.0,2015-08-21,2015-08,"500ETF
510500.XSHG"
2015-08-21 13:01:00,加仓,创业板ETF易方达,159915.XSHE,2.256,4200.0,52600.0,,12.0,2015-08-21,2015-08,"创业板ETF易方达
159915.XSHE"
2015-08-21 13:02:00,等级校准,创业板ETF易方达,159915.XSHE,,,52600.0,,,2015-08-21,2015-08,"创业板ETF易方达
159915.XSHE"
2015-08-21 14:17:00,止盈,创业板ETF易方达,159915.XSHE,2.324,4400.0,48200.0,298.18,11.0,2015-08-21,2015-08,"创业板ETF易方达
159915.XSHE"
2015-08-21 14:46:00,加仓,创业板ETF易方达,159915.XSHE,2.25,4300.0,52500.0,,12.0,2015-08-21,2015-08,"创业板ETF易方达
159915.XSHE"
2015-08-21 14:47:00,等级校准,创业板ETF易方达,159915.XSHE,,,52500.0,,,2015-08-21,2015-08,"创业板ETF易方达
159915.XSHE"
2015-08-24 09:31:00,加仓,纳指ETF,513100.XSHG,1.405,6600.0,40500.0,,6.0,2015-08-24,2015-08,"纳指ETF
513100.XSHG"
2015-08-24 09:31:00,加仓,500ETF,510500.XSHG,7.398,1200.0,14800.0,,12.0,2015-08-24,2015-08,"500ETF
510500.XSHG"
2015-08-24 09:31:00,加仓,创业板ETF易方达,159915.XSHE,2.111,4400.0,56900.0,,12.0,2015-08-24,2015-08,"创业板ETF易方达
159915.XSHE"
2015-08-24 09:32:00,等级校准,纳指ETF,513100.XSHG,,,40500.0,,,2015-08-24,2015-08,"纳指ETF
513100.XSHG"
2015-08-24 09:32:00,等级校准,500ETF,510500.XSHG,,,14800.0,,,2015-08-24,2015-08,"500ETF
510500.XSHG"
2015-08-24 09:42:00,止盈,黄金ETF,518880.XSHG,2.47,4100.0,28000.0,302.39,7.0,2015-08-24,2015-08,"黄金ETF
518880.XSHG"
2015-08-24 09:48:00,加仓,创业板ETF易方达,159915.XSHE,2.045,4700.0,61600.0,,13.0,2015-08-24,2015-08,"创业板ETF易方达
159915.XSHE"
2015-08-24 09:49:00,加仓,500ETF,510500.XSHG,7.173,1300.0,16100.0,,12.0,2015-08-24,2015-08,"500ETF
510500.XSHG"
2015-08-24 09:49:00,等级校准,创业板ETF易方达,159915.XSHE,,,61600.0,,,2015-08-24,2015-08,"创业板ETF易方达
159915.XSHE"
2015-08-24 11:27:00,加仓,500ETF,510500.XSHG,6.953,1300.0,17400.0,,13.0,2015-08-24,2015-08,"500ETF
510500.XSHG"
2015-08-24 11:28:00,等级校准,500ETF,510500.XSHG,,,17400.0,,,2015-08-24,2015-08,"500ETF
510500.XSHG"
2015-08-24 14:07:00,加仓,黄金ETF,518880.XSHG,2.395,4000.0,32000.0,,8.0,2015-08-24,2015-08,"黄金ETF
518880.XSHG"
2015-08-24 14:08:00,等级校准,黄金ETF,518880.XSHG,,,32000.0,,,2015-08-24,2015-08,"黄金ETF
518880.XSHG"
2015-08-25 09:31:00,加仓,纳指ETF,513100.XSHG,1.342,7100.0,47600.0,,6.0,2015-08-25,2015-08,"纳指ETF
513100.XSHG"
2015-08-25 09:31:00,加仓,500ETF,510500.XSHG,6.573,1400.0,18800.0,,13.0,2015-08-25,2015-08,"500ETF
510500.XSHG"
2015-08-25 09:31:00,加仓,创业板ETF易方达,159915.XSHE,1.861,4800.0,66400.0,,13.0,2015-08-25,2015-08,"创业板ETF易方达
159915.XSHE"
2015-08-25 09:32:00,等级校准,500ETF,510500.XSHG,,,18800.0,,,2015-08-25,2015-08,"500ETF
510500.XSHG"
2015-08-25 09:32:00,等级校准,创业板ETF易方达,159915.XSHE,,,66400.0,,,2015-08-25,2015-08,"创业板ETF易方达
159915.XSHE"
2015-08-25 10:26:00,止盈,纳指ETF,513100.XSHG,1.387,7400.0,40200.0,331.97,5.0,2015-08-25,2015-08,"纳指ETF
513100.XSHG"
2015-08-25 13:37:00,加仓,500ETF,510500.XSHG,6.362,1500.0,20300.0,,13.0,2015-08-25,2015-08,"500ETF
510500.XSHG"
2015-08-25 14:09:00,加仓,创业板ETF易方达,159915.XSHE,1.804,5300.0,71700.0,,13.0,2015-08-25,2015-08,"创业板ETF易方达
159915.XSHE"
2015-08-26 09:38:00,加仓,创业板ETF易方达,159915.XSHE,1.749,5500.0,77200.0,,14.0,2015-08-26,2015-08,"创业板ETF易方达
159915.XSHE"
2015-08-26 09:39:00,等级校准,创业板ETF易方达,159915.XSHE,,,77200.0,,,2015-08-26,2015-08,"创业板ETF易方达
159915.XSHE"
2015-08-26 09:48:00,止盈,创业板ETF易方达,159915.XSHE,1.814,5700.0,71500.0,369.47,13.0,2015-08-26,2015-08,"创业板ETF易方达
159915.XSHE"
2015-08-26 10:20:00,加仓,创业板ETF易方达,159915.XSHE,1.758,5500.0,77000.0,,14.0,2015-08-26,2015-08,"创业板ETF易方达
159915.XSHE"
2015-08-26 10:21:00,等级校准,创业板ETF易方达,159915.XSHE,,,77000.0,,,2015-08-26,2015-08,"创业板ETF易方达
159915.XSHE"
2015-08-26 11:22:00,止盈,创业板ETF易方达,159915.XSHE,1.811,5600.0,71400.0,295.79,12.0,2015-08-26,2015-08,"创业板ETF易方达
159915.XSHE"
2015-08-26 13:02:00,止盈,500ETF,510500.XSHG,6.588,1500.0,18800.0,338.01,12.0,2015-08-26,2015-08,"500ETF
510500.XSHG"
2015-08-26 13:03:00,止盈,创业板ETF易方达,159915.XSHE,1.871,5500.0,65900.0,328.97,12.0,2015-08-26,2015-08,"创业板ETF易方达
159915.XSHE"
2015-08-26 13:15:00,加仓,黄金ETF,518880.XSHG,2.314,4100.0,36100.0,,8.0,2015-08-26,2015-08,"黄金ETF
518880.XSHG"
2015-08-26 14:15:00,加仓,创业板ETF易方达,159915.XSHE,1.808,5300.0,71200.0,,13.0,2015-08-26,2015-08,"创业板ETF易方达
159915.XSHE"
2015-08-26 14:16:00,等级校准,创业板ETF易方达,159915.XSHE,,,71200.0,,,2015-08-26,2015-08,"创业板ETF易方达
159915.XSHE"
2015-08-26 14:17:00,加仓,500ETF,510500.XSHG,6.374,1500.0,20300.0,,13.0,2015-08-26,2015-08,"500ETF
510500.XSHG"
2015-08-26 14:48:00,加仓,创业板ETF易方达,159915.XSHE,1.744,5500.0,76700.0,,13.0,2015-08-26,2015-08,"创业板ETF易方达
159915.XSHE"
2015-08-27 09:31:00,止盈,纳指ETF,513100.XSHG,1.438,7200.0,33000.0,366.16,4.0,2015-08-27,2015-08,"纳指ETF
513100.XSHG"
2015-08-27 09:35:00,止盈,创业板ETF易方达,159915.XSHE,1.799,5700.0,71000.0,312.47,12.0,2015-08-27,2015-08,"创业板ETF易方达
159915.XSHE"
2015-08-27 11:16:00,加仓,创业板ETF易方达,159915.XSHE,1.741,5500.0,76500.0,,13.0,2015-08-27,2015-08,"创业板ETF易方达
159915.XSHE"
2015-08-27 14:13:00,加仓,500ETF,510500.XSHG,6.146,1500.0,21800.0,,14.0,2015-08-27,2015-08,"500ETF
510500.XSHG"
2015-08-27 14:14:00,等级校准,500ETF,510500.XSHG,,,21800.0,,,2015-08-27,2015-08,"500ETF
510500.XSHG"
2015-08-27 14:31:00,止盈,500ETF,510500.XSHG,6.341,1600.0,20200.0,310.99,13.0,2015-08-27,2015-08,"500ETF
510500.XSHG"
2015-08-27 14:45:00,止盈,创业板ETF易方达,159915.XSHE,1.794,5700.0,70800.0,301.08,12.0,2015-08-27,2015-08,"创业板ETF易方达
159915.XSHE"
2015-08-28 09:31:00,止盈,纳指ETF,513100.XSHG,1.482,6900.0,26100.0,302.58,3.0,2015-08-28,2015-08,"纳指ETF
513100.XSHG"
2015-08-28 09:31:00,止盈,500ETF,510500.XSHG,6.61,1500.0,18700.0,402.51,12.0,2015-08-28,2015-08,"500ETF
510500.XSHG"
2015-08-28 11:11:00,止盈,创业板ETF易方达,159915.XSHE,1.849,5500.0,65300.0,301.48,12.0,2015-08-28,2015-08,"创业板ETF易方达
159915.XSHE"
2015-08-28 14:28:00,止盈,创业板ETF易方达,159915.XSHE,1.905,5400.0,59900.0,301.37,11.0,2015-08-28,2015-08,"创业板ETF易方达
159915.XSHE"
2015-08-28 14:29:00,止盈,500ETF,510500.XSHG,6.818,1500.0,17200.0,310.98,12.0,2015-08-28,2015-08,"500ETF
510500.XSHG"
2015-08-31 09:53:00,加仓,创业板ETF易方达,159915.XSHE,1.843,5200.0,65100.0,,12.0,2015-08-31,2015-08,"创业板ETF易方达
159915.XSHE"
2015-08-31 13:13:00,加仓,500ETF,510500.XSHG,6.605,1400.0,18600.0,,13.0,2015-08-31,2015-08,"500ETF
510500.XSHG"
2015-08-31 13:14:00,等级校准,500ETF,510500.XSHG,,,18600.0,,,2015-08-31,2015-08,"500ETF
510500.XSHG"
2015-09-01 09:32:00,加仓,500ETF,510500.XSHG,6.402,1500.0,20100.0,,13.0,2015-09-01,2015-09,"500ETF
510500.XSHG"
2015-09-01 09:32:00,加仓,创业板ETF易方达,159915.XSHE,1.785,5400.0,70500.0,,13.0,2015-09-01,2015-09,"创业板ETF易方达
159915.XSHE"
2015-09-01 09:33:00,等级校准,创业板ETF易方达,159915.XSHE,,,70500.0,,,2015-09-01,2015-09,"创业板ETF易方达
159915.XSHE"
2015-09-01 10:10:00,加仓,500ETF,510500.XSHG,6.202,1500.0,21600.0,,14.0,2015-09-01,2015-09,"500ETF
510500.XSHG"
2015-09-01 10:11:00,等级校准,500ETF,510500.XSHG,,,21600.0,,,2015-09-01,2015-09,"500ETF
510500.XSHG"
2015-09-01 10:16:00,加仓,创业板ETF易方达,159915.XSHE,1.73,5600.0,76100.0,,13.0,2015-09-01,2015-09,"创业板ETF易方达
159915.XSHE"
2015-09-01 10:59:00,止盈,创业板ETF易方达,159915.XSHE,1.782,5700.0,70400.0,295.38,12.0,2015-09-01,2015-09,"创业板ETF易方达
159915.XSHE"
2015-09-01 13:00:00,止盈,500ETF,510500.XSHG,6.39,1600.0,20000.0,299.78,13.0,2015-09-01,2015-09,"500ETF
510500.XSHG"
2015-09-01 14:05:00,加仓,纳指ETF,513100.XSHG,1.436,6700.0,32800.0,,4.0,2015-09-01,2015-09,"纳指ETF
513100.XSHG"
2015-09-01 14:35:00,加仓,500ETF,510500.XSHG,6.189,1500.0,21500.0,,14.0,2015-09-01,2015-09,"500ETF
510500.XSHG"
2015-09-01 14:36:00,等级校准,500ETF,510500.XSHG,,,21500.0,,,2015-09-01,2015-09,"500ETF
510500.XSHG"
2015-09-01 14:36:00,加仓,创业板ETF易方达,159915.XSHE,1.727,5600.0,76000.0,,13.0,2015-09-01,2015-09,"创业板ETF易方达
159915.XSHE"
2015-09-02 09:31:00,加仓,500ETF,510500.XSHG,5.841,1600.0,23100.0,,14.0,2015-09-02,2015-09,"500ETF
510500.XSHG"
2015-09-02 09:31:00,加仓,创业板ETF易方达,159915.XSHE,1.645,5700.0,81700.0,,14.0,2015-09-02,2015-09,"创业板ETF易方达
159915.XSHE"
2015-09-02 09:32:00,等级校准,500ETF,510500.XSHG,,,23100.0,,,2015-09-02,2015-09,"500ETF
510500.XSHG"
2015-09-02 09:32:00,等级校准,创业板ETF易方达,159915.XSHE,,,81700.0,,,2015-09-02,2015-09,"创业板ETF易方达
159915.XSHE"
2015-09-02 09:33:00,加仓,纳指ETF,513100.XSHG,1.392,6900.0,39700.0,,5.0,2015-09-02,2015-09,"纳指ETF
513100.XSHG"
2015-09-02 10:30:00,止盈,500ETF,510500.XSHG,6.046,1700.0,21400.0,347.47,13.0,2015-09-02,2015-09,"500ETF
510500.XSHG"
2015-09-02 10:31:00,止盈,创业板ETF易方达,159915.XSHE,1.696,6000.0,75700.0,304.98,13.0,2015-09-02,2015-09,"创业板ETF易方达
159915.XSHE"
2015-09-02 11:17:00,止盈,创业板ETF易方达,159915.XSHE,1.754,5800.0,69900.0,335.38,12.0,2015-09-02,2015-09,"创业板ETF易方达
159915.XSHE"
2015-09-02 11:27:00,止盈,500ETF,510500.XSHG,6.23,1600.0,19800.0,293.4,12.0,2015-09-02,2015-09,"500ETF
510500.XSHG"
2015-09-02 14:40:00,加仓,500ETF,510500.XSHG,6.031,1600.0,21400.0,,13.0,2015-09-02,2015-09,"500ETF
510500.XSHG"
2015-09-02 14:40:00,加仓,创业板ETF易方达,159915.XSHE,1.7,5700.0,75600.0,,13.0,2015-09-02,2015-09,"创业板ETF易方达
159915.XSHE"
2015-09-07 09:32:00,止盈,500ETF,510500.XSHG,6.286,1600.0,19800.0,406.99,13.0,2015-09-07,2015-09,"500ETF
510500.XSHG"
2015-09-07 09:33:00,止盈,创业板ETF易方达,159915.XSHE,1.752,5800.0,69800.0,300.58,12.0,2015-09-07,2015-09,"创业板ETF易方达
159915.XSHE"
2015-09-07 09:40:00,止盈,创业板ETF易方达,159915.XSHE,1.814,5700.0,64100.0,352.37,11.0,2015-09-07,2015-09,"创业板ETF易方达
159915.XSHE"
2015-09-07 10:26:00,加仓,创业板ETF易方达,159915.XSHE,1.759,5500.0,69600.0,,12.0,2015-09-07,2015-09,"创业板ETF易方达
159915.XSHE"
2015-09-07 13:01:00,止盈,创业板ETF易方达,159915.XSHE,1.816,5600.0,64000.0,318.18,11.0,2015-09-07,2015-09,"创业板ETF易方达
159915.XSHE"
2015-09-07 13:51:00,加仓,创业板ETF易方达,159915.XSHE,1.761,5500.0,69500.0,,12.0,2015-09-07,2015-09,"创业板ETF易方达
159915.XSHE"
2015-09-08 09:31:00,加仓,500ETF,510500.XSHG,6.061,1500.0,21300.0,,14.0,2015-09-08,2015-09,"500ETF
510500.XSHG"
2015-09-08 09:32:00,等级校准,500ETF,510500.XSHG,,,21300.0,,,2015-09-08,2015-09,"500ETF
510500.XSHG"
2015-09-08 09:34:00,止盈,纳指ETF,513100.XSHG,1.438,7100.0,32600.0,325.58,4.0,2015-09-08,2015-09,"纳指ETF
513100.XSHG"
2015-09-08 10:40:00,止盈,500ETF,510500.XSHG,6.244,1600.0,19700.0,291.8,12.0,2015-09-08,2015-09,"500ETF
510500.XSHG"
2015-09-08 14:29:00,止盈,创业板ETF易方达,159915.XSHE,1.819,5600.0,63900.0,323.78,11.0,2015-09-08,2015-09,"创业板ETF易方达
159915.XSHE"
2015-09-08 14:31:00,止盈,500ETF,510500.XSHG,6.443,1600.0,18100.0,317.37,12.0,2015-09-08,2015-09,"500ETF
510500.XSHG"
2015-09-08 14:52:00,止盈,创业板ETF易方达,159915.XSHE,1.877,5400.0,58500.0,312.19,11.0,2015-09-08,2015-09,"创业板ETF易方达
159915.XSHE"
2015-09-09 10:08:00,止盈,500ETF,510500.XSHG,6.641,1500.0,16600.0,296.0,11.0,2015-09-09,2015-09,"500ETF
510500.XSHG"
2015-09-09 10:11:00,止盈,创业板ETF易方达,159915.XSHE,1.936,5300.0,53200.0,311.67,10.0,2015-09-09,2015-09,"创业板ETF易方达
159915.XSHE"
2015-09-14 10:13:00,加仓,创业板ETF易方达,159915.XSHE,1.875,5100.0,58300.0,,11.0,2015-09-14,2015-09,"创业板ETF易方达
159915.XSHE"
2015-09-14 11:01:00,加仓,500ETF,510500.XSHG,6.439,1500.0,18100.0,,12.0,2015-09-14,2015-09,"500ETF
510500.XSHG"
2015-09-14 11:20:00,加仓,创业板ETF易方达,159915.XSHE,1.803,5300.0,63600.0,,12.0,2015-09-14,2015-09,"创业板ETF易方达
159915.XSHE"
2015-09-14 11:21:00,等级校准,创业板ETF易方达,159915.XSHE,,,63600.0,,,2015-09-14,2015-09,"创业板ETF易方达
159915.XSHE"
2015-09-14 13:00:00,加仓,500ETF,510500.XSHG,6.2,1500.0,19600.0,,13.0,2015-09-14,2015-09,"500ETF
510500.XSHG"
2015-09-14 13:01:00,等级校准,500ETF,510500.XSHG,,,19600.0,,,2015-09-14,2015-09,"500ETF
510500.XSHG"
2015-09-14 13:52:00,加仓,创业板ETF易方达,159915.XSHE,1.746,5500.0,69100.0,,12.0,2015-09-14,2015-09,"创业板ETF易方达
159915.XSHE"
2015-09-14 13:59:00,加仓,500ETF,510500.XSHG,6.006,1600.0,21200.0,,13.0,2015-09-14,2015-09,"500ETF
510500.XSHG"
2015-09-15 09:31:00,加仓,创业板ETF易方达,159915.XSHE,1.687,5700.0,74800.0,,13.0,2015-09-15,2015-09,"创业板ETF易方达
159915.XSHE"
2015-09-15 09:32:00,等级校准,创业板ETF易方达,159915.XSHE,,,74800.0,,,2015-09-15,2015-09,"创业板ETF易方达
159915.XSHE"
2015-09-15 13:55:00,加仓,500ETF,510500.XSHG,5.821,1600.0,22800.0,,14.0,2015-09-15,2015-09,"500ETF
510500.XSHG"
2015-09-15 13:56:00,等级校准,500ETF,510500.XSHG,,,22800.0,,,2015-09-15,2015-09,"500ETF
510500.XSHG"
2015-09-15 14:53:00,加仓,创业板ETF易方达,159915.XSHE,1.633,5900.0,80700.0,,13.0,2015-09-15,2015-09,"创业板ETF易方达
159915.XSHE"
2015-09-16 10:06:00,止盈,创业板ETF易方达,159915.XSHE,1.684,6100.0,74600.0,310.07,12.0,2015-09-16,2015-09,"创业板ETF易方达
159915.XSHE"
2015-09-16 14:09:00,止盈,创业板ETF易方达,159915.XSHE,1.735,5900.0,68700.0,299.88,12.0,2015-09-16,2015-09,"创业板ETF易方达
159915.XSHE"
2015-09-16 14:22:00,止盈,500ETF,510500.XSHG,6.014,1700.0,21100.0,327.08,13.0,2015-09-16,2015-09,"500ETF
510500.XSHG"
2015-09-16 14:31:00,止盈,创业板ETF易方达,159915.XSHE,1.788,5700.0,63000.0,301.08,11.0,2015-09-16,2015-09,"创业板ETF易方达
159915.XSHE"
2015-09-16 14:42:00,止盈,500ETF,510500.XSHG,6.198,1600.0,19500.0,293.41,12.0,2015-09-16,2015-09,"500ETF
510500.XSHG"
2015-09-17 09:31:00,止盈,纳指ETF,513100.XSHG,1.484,6900.0,25700.0,316.38,3.0,2015-09-17,2015-09,"纳指ETF
513100.XSHG"
2015-09-17 11:26:00,止盈,创业板ETF易方达,159915.XSHE,1.844,5500.0,57500.0,306.99,10.0,2015-09-17,2015-09,"创业板ETF易方达
159915.XSHE"
2015-09-17 14:55:00,加仓,创业板ETF易方达,159915.XSHE,1.78,5400.0,62900.0,,11.0,2015-09-17,2015-09,"创业板ETF易方达
159915.XSHE"
2015-09-18 09:48:00,加仓,500ETF,510500.XSHG,6.011,1600.0,21100.0,,13.0,2015-09-18,2015-09,"500ETF
510500.XSHG"
2015-09-18 14:40:00,止盈,创业板ETF易方达,159915.XSHE,1.837,5600.0,57300.0,318.17,10.0,2015-09-18,2015-09,"创业板ETF易方达
159915.XSHE"
2015-09-21 10:49:00,止盈,500ETF,510500.XSHG,6.194,1600.0,19500.0,291.81,12.0,2015-09-21,2015-09,"500ETF
510500.XSHG"
2015-09-21 10:50:00,止盈,创业板ETF易方达,159915.XSHE,1.896,5400.0,51900.0,317.58,9.0,2015-09-21,2015-09,"创业板ETF易方达
159915.XSHE"
2015-09-21 14:40:00,止盈,创业板ETF易方达,159915.XSHE,1.954,5200.0,46700.0,300.58,9.0,2015-09-21,2015-09,"创业板ETF易方达
159915.XSHE"
2015-09-21 14:42:00,止盈,500ETF,510500.XSHG,6.389,1600.0,17900.0,310.98,11.0,2015-09-21,2015-09,"500ETF
510500.XSHG"
2015-09-23 09:31:00,加仓,创业板ETF易方达,159915.XSHE,1.88,5100.0,51800.0,,10.0,2015-09-23,2015-09,"创业板ETF易方达
159915.XSHE"
2015-09-23 09:32:00,等级校准,创业板ETF易方达,159915.XSHE,,,51800.0,,,2015-09-23,2015-09,"创业板ETF易方达
159915.XSHE"
2015-09-23 10:12:00,止盈,创业板ETF易方达,159915.XSHE,1.939,5300.0,46500.0,311.67,9.0,2015-09-23,2015-09,"创业板ETF易方达
159915.XSHE"
2015-09-23 11:28:00,加仓,纳指ETF,513100.XSHG,1.439,6700.0,32400.0,,4.0,2015-09-23,2015-09,"纳指ETF
513100.XSHG"
2015-09-25 10:42:00,加仓,创业板ETF易方达,159915.XSHE,1.872,5100.0,51600.0,,10.0,2015-09-25,2015-09,"创业板ETF易方达
159915.XSHE"
2015-09-25 10:43:00,等级校准,创业板ETF易方达,159915.XSHE,,,51600.0,,,2015-09-25,2015-09,"创业板ETF易方达
159915.XSHE"
2015-09-25 11:05:00,加仓,500ETF,510500.XSHG,6.192,1500.0,19400.0,,12.0,2015-09-25,2015-09,"500ETF
510500.XSHG"
2015-09-25 11:19:00,加仓,创业板ETF易方达,159915.XSHE,1.812,5300.0,56900.0,,10.0,2015-09-25,2015-09,"创业板ETF易方达
159915.XSHE"
2015-09-25 13:57:00,止盈,创业板ETF易方达,159915.XSHE,1.867,5500.0,51400.0,301.47,9.0,2015-09-25,2015-09,"创业板ETF易方达
159915.XSHE"
2015-09-28 11:11:00,止盈,创业板ETF易方达,159915.XSHE,1.926,5300.0,46100.0,311.68,9.0,2015-09-28,2015-09,"创业板ETF易方达
159915.XSHE"
2015-09-29 09:31:00,加仓,纳指ETF,513100.XSHG,1.393,6900.0,39300.0,,5.0,2015-09-29,2015-09,"纳指ETF
513100.XSHG"
2015-10-08 09:31:00,止盈,纳指ETF,513100.XSHG,1.45,7100.0,32200.0,403.67,4.0,2015-10-08,2015-10,"纳指ETF
513100.XSHG"
2015-10-08 09:31:00,止盈,500ETF,510500.XSHG,6.537,1600.0,17800.0,550.95,11.0,2015-10-08,2015-10,"500ETF
510500.XSHG"
2015-10-08 09:31:00,止盈,创业板ETF易方达,159915.XSHE,2.033,5100.0,41000.0,544.66,8.0,2015-10-08,2015-10,"创业板ETF易方达
159915.XSHE"
2015-10-08 13:05:00,止盈,创业板ETF易方达,159915.XSHE,2.094,4900.0,36100.0,297.87,7.0,2015-10-08,2015-10,"创业板ETF易方达
159915.XSHE"
2015-10-12 09:48:00,止盈,创业板ETF易方达,159915.XSHE,2.158,4700.0,31400.0,299.79,6.0,2015-10-12,2015-10,"创业板ETF易方达
159915.XSHE"
2015-10-12 10:11:00,止盈,500ETF,510500.XSHG,6.752,1500.0,16300.0,321.49,11.0,2015-10-12,2015-10,"500ETF
510500.XSHG"
2015-10-12 11:03:00,止盈,创业板ETF易方达,159915.XSHE,2.225,4600.0,26800.0,307.18,6.0,2015-10-12,2015-10,"创业板ETF易方达
159915.XSHE"
2015-10-14 09:31:00,止盈,黄金ETF,518880.XSHG,2.384,4300.0,31800.0,299.97,7.0,2015-10-14,2015-10,"黄金ETF
518880.XSHG"
2015-10-15 10:42:00,止盈,500ETF,510500.XSHG,6.957,1400.0,14900.0,286.03,10.0,2015-10-15,2015-10,"500ETF
510500.XSHG"
2015-10-15 14:53:00,止盈,创业板ETF易方达,159915.XSHE,2.293,4400.0,22400.0,298.19,5.0,2015-10-15,2015-10,"创业板ETF易方达
159915.XSHE"
2015-10-16 09:32:00,止盈,500ETF,510500.XSHG,7.188,1400.0,13500.0,322.39,10.0,2015-10-16,2015-10,"500ETF
510500.XSHG"
2015-10-20 09:36:00,止盈,纳指ETF,513100.XSHG,1.495,6800.0,25400.0,304.98,3.0,2015-10-20,2015-10,"纳指ETF
513100.XSHG"
2015-10-20 13:45:00,止盈,创业板ETF易方达,159915.XSHE,2.364,4300.0,18100.0,304.28,4.0,2015-10-20,2015-10,"创业板ETF易方达
159915.XSHE"
2015-10-21 13:35:00,加仓,创业板ETF易方达,159915.XSHE,2.29,4200.0,22300.0,,5.0,2015-10-21,2015-10,"创业板ETF易方达
159915.XSHE"
2015-10-21 13:51:00,加仓,500ETF,510500.XSHG,6.959,1300.0,14800.0,,11.0,2015-10-21,2015-10,"500ETF
510500.XSHG"
2015-10-21 13:52:00,等级校准,500ETF,510500.XSHG,,,14800.0,,,2015-10-21,2015-10,"500ETF
510500.XSHG"
2015-10-21 14:37:00,加仓,创业板ETF易方达,159915.XSHE,2.217,4300.0,26600.0,,6.0,2015-10-21,2015-10,"创业板ETF易方达
159915.XSHE"
2015-10-21 14:38:00,等级校准,创业板ETF易方达,159915.XSHE,,,26600.0,,,2015-10-21,2015-10,"创业板ETF易方达
159915.XSHE"
2015-10-22 10:02:00,止盈,创业板ETF易方达,159915.XSHE,2.285,4500.0,22100.0,304.97,5.0,2015-10-22,2015-10,"创业板ETF易方达
159915.XSHE"
2015-10-23 09:31:00,止盈,创业板ETF易方达,159915.XSHE,2.357,4300.0,17800.0,308.59,4.0,2015-10-23,2015-10,"创业板ETF易方达
159915.XSHE"
2015-10-23 09:41:00,止盈,500ETF,510500.XSHG,7.168,1400.0,13400.0,291.6,10.0,2015-10-23,2015-10,"500ETF
510500.XSHG"
2015-10-23 14:32:00,止盈,创业板ETF易方达,159915.XSHE,2.428,4200.0,13600.0,297.18,3.0,2015-10-23,2015-10,"创业板ETF易方达
159915.XSHE"
2015-10-26 09:31:00,止盈,纳指ETF,513100.XSHG,1.565,6600.0,18800.0,460.97,2.0,2015-10-26,2015-10,"纳指ETF
513100.XSHG"
2015-10-27 09:46:00,加仓,创业板ETF易方达,159915.XSHE,2.351,4100.0,17700.0,,4.0,2015-10-27,2015-10,"创业板ETF易方达
159915.XSHE"
2015-10-27 14:06:00,止盈,创业板ETF易方达,159915.XSHE,2.422,4200.0,13500.0,297.18,3.0,2015-10-27,2015-10,"创业板ETF易方达
159915.XSHE"
2015-10-27 14:42:00,止盈,500ETF,510500.XSHG,7.389,1300.0,12100.0,286.34,9.0,2015-10-27,2015-10,"500ETF
510500.XSHG"
2015-10-28 13:43:00,加仓,500ETF,510500.XSHG,7.158,1300.0,13400.0,,10.0,2015-10-28,2015-10,"500ETF
510500.XSHG"
2015-10-29 09:49:00,加仓,创业板ETF易方达,159915.XSHE,2.346,4100.0,17600.0,,4.0,2015-10-29,2015-10,"创业板ETF易方达
159915.XSHE"
2015-11-04 09:31:00,加仓,黄金ETF,518880.XSHG,2.302,4100.0,35900.0,,8.0,2015-11-04,2015-11,"黄金ETF
518880.XSHG"
2015-11-04 13:02:00,止盈,创业板ETF易方达,159915.XSHE,2.419,4200.0,13400.0,305.58,3.0,2015-11-04,2015-11,"创业板ETF易方达
159915.XSHE"
2015-11-04 14:01:00,止盈,500ETF,510500.XSHG,7.383,1300.0,12100.0,291.54,9.0,2015-11-04,2015-11,"500ETF
510500.XSHG"
2015-11-05 10:05:00,止盈,创业板ETF易方达,159915.XSHE,2.497,4100.0,9300.0,318.78,2.0,2015-11-05,2015-11,"创业板ETF易方达
159915.XSHE"
2015-11-05 11:04:00,加仓,创业板ETF易方达,159915.XSHE,2.422,4000.0,13300.0,,3.0,2015-11-05,2015-11,"创业板ETF易方达
159915.XSHE"
2015-11-06 09:48:00,止盈,500ETF,510500.XSHG,7.606,1300.0,10800.0,288.91,8.0,2015-11-06,2015-11,"500ETF
510500.XSHG"
2015-11-06 09:59:00,止盈,创业板ETF易方达,159915.XSHE,2.495,4100.0,9200.0,298.28,2.0,2015-11-06,2015-11,"创业板ETF易方达
159915.XSHE"
2015-11-09 11:20:00,止盈,创业板ETF易方达,159915.XSHE,2.573,4000.0,5200.0,310.97,1.0,2015-11-09,2015-11,"创业板ETF易方达
159915.XSHE"
2015-11-10 14:44:00,止盈,500ETF,510500.XSHG,7.839,1300.0,9500.0,301.88,7.0,2015-11-10,2015-11,"500ETF
510500.XSHG"
2015-11-11 13:20:00,止盈,创业板ETF易方达,159915.XSHE,2.653,3800.0,1400.0,302.99,1.0,2015-11-11,2015-11,"创业板ETF易方达
159915.XSHE"
2015-11-13 09:34:00,加仓,黄金ETF,518880.XSHG,2.23,4300.0,40200.0,,9.0,2015-11-13,2015-11,"黄金ETF
518880.XSHG"
2015-11-13 10:33:00,加仓,创业板ETF易方达,159915.XSHE,2.572,3700.0,5100.0,,2.0,2015-11-13,2015-11,"创业板ETF易方达
159915.XSHE"
2015-11-13 10:34:00,等级校准,创业板ETF易方达,159915.XSHE,,,5100.0,,,2015-11-13,2015-11,"创业板ETF易方达
159915.XSHE"
2015-11-16 09:34:00,加仓,纳指ETF,513100.XSHG,1.511,6300.0,25100.0,,3.0,2015-11-16,2015-11,"纳指ETF
513100.XSHG"
2015-11-16 14:48:00,止盈,创业板ETF易方达,159915.XSHE,2.653,3800.0,1300.0,306.79,1.0,2015-11-16,2015-11,"创业板ETF易方达
159915.XSHE"
2015-11-17 09:38:00,止盈,500ETF,510500.XSHG,8.094,1200.0,8300.0,305.03,6.0,2015-11-17,2015-11,"500ETF
510500.XSHG"
2015-11-17 14:23:00,加仓,创业板ETF易方达,159915.XSHE,2.57,3700.0,5000.0,,2.0,2015-11-17,2015-11,"创业板ETF易方达
159915.XSHE"
2015-11-17 14:24:00,等级校准,创业板ETF易方达,159915.XSHE,,,5000.0,,,2015-11-17,2015-11,"创业板ETF易方达
159915.XSHE"
2015-11-17 14:52:00,加仓,500ETF,510500.XSHG,7.851,1200.0,9500.0,,7.0,2015-11-17,2015-11,"500ETF
510500.XSHG"
2015-11-19 09:31:00,止盈,纳指ETF,513100.XSHG,1.569,6600.0,18500.0,381.76,2.0,2015-11-19,2015-11,"纳指ETF
513100.XSHG"
2015-11-20 13:23:00,止盈,创业板ETF易方达,159915.XSHE,2.651,3800.0,1200.0,306.79,1.0,2015-11-20,2015-11,"创业板ETF易方达
159915.XSHE"
2015-11-23 09:58:00,止盈,500ETF,510500.XSHG,8.089,1200.0,8300.0,284.63,6.0,2015-11-23,2015-11,"500ETF
510500.XSHG"
2015-11-25 13:47:00,止盈（部分）,创业板ETF易方达,159915.XSHE,2.737,1200.0,0.0,102.87,0.0,2015-11-25,2015-11,"创业板ETF易方达
159915.XSHE"
2015-11-25 13:47:00,清仓,创业板ETF易方达,159915.XSHE,,,,,0.0,2015-11-25,2015-11,"创业板ETF易方达
159915.XSHE"
2015-11-25 13:48:00,重装建仓,创业板ETF易方达,159915.XSHE,2.735,29200.0,29200.0,,,2015-11-25,2015-11,"创业板ETF易方达
159915.XSHE"
2015-11-25 13:49:00,底仓到账,创业板ETF易方达,159915.XSHE,,,29200.0,,8.0,2015-11-25,2015-11,"创业板ETF易方达
159915.XSHE"
2015-11-27 09:37:00,加仓,创业板ETF易方达,159915.XSHE,2.652,3600.0,32800.0,,9.0,2015-11-27,2015-11,"创业板ETF易方达
159915.XSHE"
2015-11-27 09:38:00,等级校准,创业板ETF易方达,159915.XSHE,,,32800.0,,,2015-11-27,2015-11,"创业板ETF易方达
159915.XSHE"
2015-11-27 13:31:00,加仓,500ETF,510500.XSHG,7.846,1200.0,9500.0,,7.0,2015-11-27,2015-11,"500ETF
510500.XSHG"
2015-11-27 14:07:00,加仓,创业板ETF易方达,159915.XSHE,2.571,3700.0,36500.0,,9.0,2015-11-27,2015-11,"创业板ETF易方达
159915.XSHE"
2015-11-27 14:45:00,加仓,500ETF,510500.XSHG,7.585,1200.0,10700.0,,8.0,2015-11-27,2015-11,"500ETF
510500.XSHG"
2015-11-27 14:46:00,加仓,创业板ETF易方达,159915.XSHE,2.486,3800.0,40300.0,,10.0,2015-11-27,2015-11,"创业板ETF易方达
159915.XSHE"
2015-11-30 13:17:00,加仓,500ETF,510500.XSHG,7.349,1300.0,12000.0,,9.0,2015-11-30,2015-11,"500ETF
510500.XSHG"
2015-11-30 13:17:00,加仓,创业板ETF易方达,159915.XSHE,2.403,4000.0,44300.0,,11.0,2015-11-30,2015-11,"创业板ETF易方达
159915.XSHE"
2015-11-30 13:18:00,等级校准,创业板ETF易方达,159915.XSHE,,,44300.0,,,2015-11-30,2015-11,"创业板ETF易方达
159915.XSHE"
2015-11-30 14:11:00,止盈,创业板ETF易方达,159915.XSHE,2.482,4100.0,40200.0,322.88,10.0,2015-11-30,2015-11,"创业板ETF易方达
159915.XSHE"
2015-11-30 14:15:00,止盈,500ETF,510500.XSHG,7.57,1300.0,10700.0,286.32,8.0,2015-11-30,2015-11,"500ETF
510500.XSHG"
2015-12-02 10:51:00,加仓,创业板ETF易方达,159915.XSHE,2.4,4000.0,44200.0,,11.0,2015-12-02,2015-12,"创业板ETF易方达
159915.XSHE"
2015-12-02 10:52:00,等级校准,创业板ETF易方达,159915.XSHE,,,44200.0,,,2015-12-02,2015-12,"创业板ETF易方达
159915.XSHE"
2015-12-02 13:52:00,止盈,创业板ETF易方达,159915.XSHE,2.476,4100.0,40100.0,310.58,10.0,2015-12-02,2015-12,"创业板ETF易方达
159915.XSHE"
2015-12-03 13:58:00,止盈,创业板ETF易方达,159915.XSHE,2.554,4000.0,36100.0,310.98,9.0,2015-12-03,2015-12,"创业板ETF易方达
159915.XSHE"
2015-12-04 10:46:00,止盈,500ETF,510500.XSHG,7.799,1300.0,9400.0,296.69,7.0,2015-12-04,2015-12,"500ETF
510500.XSHG"
2015-12-09 09:54:00,加仓,500ETF,510500.XSHG,7.562,1200.0,10600.0,,8.0,2015-12-09,2015-12,"500ETF
510500.XSHG"
2015-12-14 10:34:00,加仓,创业板ETF易方达,159915.XSHE,2.474,3900.0,40000.0,,10.0,2015-12-14,2015-12,"创业板ETF易方达
159915.XSHE"
2015-12-14 14:57:00,止盈,创业板ETF易方达,159915.XSHE,2.549,4000.0,36000.0,298.98,9.0,2015-12-14,2015-12,"创业板ETF易方达
159915.XSHE"
2015-12-16 10:55:00,止盈,500ETF,510500.XSHG,7.789,1300.0,9300.0,294.09,7.0,2015-12-16,2015-12,"500ETF
510500.XSHG"
2015-12-17 09:32:00,止盈,纳指ETF,513100.XSHG,1.618,6300.0,12200.0,307.68,2.0,2015-12-17,2015-12,"纳指ETF
513100.XSHG"
2015-12-17 09:37:00,止盈,创业板ETF易方达,159915.XSHE,2.626,3900.0,32100.0,299.28,8.0,2015-12-17,2015-12,"创业板ETF易方达
159915.XSHE"
2015-12-21 09:31:00,加仓,纳指ETF,513100.XSHG,1.561,6100.0,18300.0,,3.0,2015-12-21,2015-12,"纳指ETF
513100.XSHG"
2015-12-21 09:32:00,等级校准,纳指ETF,513100.XSHG,,,18300.0,,,2015-12-21,2015-12,"纳指ETF
513100.XSHG"
2015-12-21 13:16:00,止盈,500ETF,510500.XSHG,8.027,1200.0,8100.0,284.64,6.0,2015-12-21,2015-12,"500ETF
510500.XSHG"
2015-12-25 14:48:00,加仓,纳指ETF,513100.XSHG,1.508,6400.0,24700.0,,3.0,2015-12-25,2015-12,"纳指ETF
513100.XSHG"
2015-12-25 14:49:00,止盈,纳指ETF,513100.XSHG,1.586,6600.0,18100.0,513.75,2.0,2015-12-25,2015-12,"纳指ETF
513100.XSHG"
2015-12-29 10:07:00,加仓,创业板ETF易方达,159915.XSHE,2.546,3800.0,35900.0,,9.0,2015-12-29,2015-12,"创业板ETF易方达
159915.XSHE"
2015-12-29 10:09:00,加仓,500ETF,510500.XSHG,7.785,1200.0,9300.0,,7.0,2015-12-29,2015-12,"500ETF
510500.XSHG"
2016-01-04 10:07:00,加仓,创业板ETF易方达,159915.XSHE,2.467,3900.0,39800.0,,10.0,2016-01-04,2016-01,"创业板ETF易方达
159915.XSHE"
2016-01-04 10:08:00,等级校准,创业板ETF易方达,159915.XSHE,,,39800.0,,,2016-01-04,2016-01,"创业板ETF易方达
159915.XSHE"
2016-01-04 10:11:00,加仓,500ETF,510500.XSHG,7.543,1200.0,10500.0,,8.0,2016-01-04,2016-01,"500ETF
510500.XSHG"
2016-01-04 13:05:00,加仓,创业板ETF易方达,159915.XSHE,2.391,4000.0,43800.0,,10.0,2016-01-04,2016-01,"创业板ETF易方达
159915.XSHE"
2016-01-04 13:32:00,加仓,500ETF,510500.XSHG,7.299,1300.0,11800.0,,9.0,2016-01-04,2016-01,"500ETF
510500.XSHG"
2016-01-04 13:33:00,加仓,创业板ETF易方达,159915.XSHE,2.305,4100.0,47900.0,,11.0,2016-01-04,2016-01,"创业板ETF易方达
159915.XSHE"
2016-01-05 09:31:00,加仓,500ETF,510500.XSHG,6.929,1300.0,13100.0,,10.0,2016-01-05,2016-01,"500ETF
510500.XSHG"
2016-01-05 09:31:00,加仓,创业板ETF易方达,159915.XSHE,2.221,4300.0,52200.0,,12.0,2016-01-05,2016-01,"创业板ETF易方达
159915.XSHE"
2016-01-05 09:32:00,等级校准,500ETF,510500.XSHG,,,13100.0,,,2016-01-05,2016-01,"500ETF
510500.XSHG"
2016-01-05 09:32:00,等级校准,创业板ETF易方达,159915.XSHE,,,52200.0,,,2016-01-05,2016-01,"创业板ETF易方达
159915.XSHE"
2016-01-05 09:37:00,止盈,创业板ETF易方达,159915.XSHE,2.291,4500.0,47700.0,313.97,11.0,2016-01-05,2016-01,"创业板ETF易方达
159915.XSHE"
2016-01-05 09:48:00,止盈,500ETF,510500.XSHG,7.149,1400.0,11700.0,307.0,9.0,2016-01-05,2016-01,"500ETF
510500.XSHG"
2016-01-05 14:11:00,加仓,创业板ETF易方达,159915.XSHE,2.215,4300.0,52000.0,,12.0,2016-01-05,2016-01,"创业板ETF易方达
159915.XSHE"
2016-01-05 14:12:00,等级校准,创业板ETF易方达,159915.XSHE,,,52000.0,,,2016-01-05,2016-01,"创业板ETF易方达
159915.XSHE"
2016-01-05 14:13:00,加仓,500ETF,510500.XSHG,6.924,1300.0,13000.0,,10.0,2016-01-05,2016-01,"500ETF
510500.XSHG"
2016-01-05 14:14:00,等级校准,500ETF,510500.XSHG,,,13000.0,,,2016-01-05,2016-01,"500ETF
510500.XSHG"
2016-01-06 09:31:00,止盈,创业板ETF易方达,159915.XSHE,2.294,4500.0,47500.0,354.47,11.0,2016-01-06,2016-01,"创业板ETF易方达
159915.XSHE"
2016-01-06 09:32:00,止盈,500ETF,510500.XSHG,7.141,1400.0,11600.0,302.8,8.0,2016-01-06,2016-01,"500ETF
510500.XSHG"
2016-01-06 11:20:00,止盈,黄金ETF,518880.XSHG,2.297,4400.0,35800.0,293.79,8.0,2016-01-06,2016-01,"黄金ETF
518880.XSHG"
2016-01-07 09:37:00,加仓,创业板ETF易方达,159915.XSHE,2.218,4300.0,51800.0,,12.0,2016-01-07,2016-01,"创业板ETF易方达
159915.XSHE"
2016-01-07 09:38:00,等级校准,创业板ETF易方达,159915.XSHE,,,51800.0,,,2016-01-07,2016-01,"创业板ETF易方达
159915.XSHE"
2016-01-07 09:39:00,加仓,500ETF,510500.XSHG,6.924,1400.0,13000.0,,9.0,2016-01-07,2016-01,"500ETF
510500.XSHG"
2016-01-07 09:43:00,加仓,创业板ETF易方达,159915.XSHE,2.145,4500.0,56300.0,,12.0,2016-01-07,2016-01,"创业板ETF易方达
159915.XSHE"
2016-01-07 09:58:00,加仓,500ETF,510500.XSHG,6.6,1400.0,14400.0,,10.0,2016-01-07,2016-01,"500ETF
510500.XSHG"
2016-01-07 09:59:00,等级校准,500ETF,510500.XSHG,,,14400.0,,,2016-01-07,2016-01,"500ETF
510500.XSHG"
2016-01-08 09:31:00,加仓,纳指ETF,513100.XSHG,1.535,6300.0,24400.0,,3.0,2016-01-08,2016-01,"纳指ETF
513100.XSHG"
2016-01-08 09:32:00,止盈,500ETF,510500.XSHG,6.826,1500.0,12900.0,337.98,9.0,2016-01-08,2016-01,"500ETF
510500.XSHG"
2016-01-08 09:47:00,加仓,500ETF,510500.XSHG,6.584,1400.0,14300.0,,10.0,2016-01-08,2016-01,"500ETF
510500.XSHG"
2016-01-08 09:47:00,加仓,创业板ETF易方达,159915.XSHE,2.07,4600.0,60900.0,,13.0,2016-01-08,2016-01,"创业板ETF易方达
159915.XSHE"
2016-01-08 09:48:00,等级校准,500ETF,510500.XSHG,,,14300.0,,,2016-01-08,2016-01,"500ETF
510500.XSHG"
2016-01-08 09:48:00,等级校准,创业板ETF易方达,159915.XSHE,,,60900.0,,,2016-01-08,2016-01,"创业板ETF易方达
159915.XSHE"
2016-01-08 10:21:00,止盈,创业板ETF易方达,159915.XSHE,2.144,4800.0,56100.0,354.17,12.0,2016-01-08,2016-01,"创业板ETF易方达
159915.XSHE"
2016-01-08 10:22:00,止盈,500ETF,510500.XSHG,6.794,1500.0,12800.0,313.98,9.0,2016-01-08,2016-01,"500ETF
510500.XSHG"
2016-01-11 09:31:00,加仓,500ETF,510500.XSHG,6.563,1400.0,14200.0,,10.0,2016-01-11,2016-01,"500ETF
510500.XSHG"
2016-01-11 09:31:00,加仓,创业板ETF易方达,159915.XSHE,2.065,4600.0,60700.0,,13.0,2016-01-11,2016-01,"创业板ETF易方达
159915.XSHE"
2016-01-11 09:32:00,等级校准,500ETF,510500.XSHG,,,14200.0,,,2016-01-11,2016-01,"500ETF
510500.XSHG"
2016-01-11 09:32:00,等级校准,创业板ETF易方达,159915.XSHE,,,60700.0,,,2016-01-11,2016-01,"创业板ETF易方达
159915.XSHE"
2016-01-11 14:39:00,加仓,创业板ETF易方达,159915.XSHE,2.001,4800.0,65500.0,,13.0,2016-01-11,2016-01,"创业板ETF易方达
159915.XSHE"
2016-01-11 14:41:00,加仓,500ETF,510500.XSHG,6.361,1500.0,15700.0,,10.0,2016-01-11,2016-01,"500ETF
510500.XSHG"
2016-01-12 13:48:00,止盈,创业板ETF易方达,159915.XSHE,2.063,4900.0,60600.0,302.79,12.0,2016-01-12,2016-01,"创业板ETF易方达
159915.XSHE"
2016-01-13 11:24:00,加仓,创业板ETF易方达,159915.XSHE,2.001,4800.0,65400.0,,13.0,2016-01-13,2016-01,"创业板ETF易方达
159915.XSHE"
2016-01-13 14:48:00,加仓,500ETF,510500.XSHG,6.153,1500.0,17200.0,,11.0,2016-01-13,2016-01,"500ETF
510500.XSHG"
2016-01-13 14:49:00,等级校准,500ETF,510500.XSHG,,,17200.0,,,2016-01-13,2016-01,"500ETF
510500.XSHG"
2016-01-14 09:31:00,加仓,纳指ETF,513100.XSHG,1.468,6500.0,30900.0,,4.0,2016-01-14,2016-01,"纳指ETF
513100.XSHG"
2016-01-14 09:31:00,加仓,创业板ETF易方达,159915.XSHE,1.903,4900.0,70300.0,,14.0,2016-01-14,2016-01,"创业板ETF易方达
159915.XSHE"
2016-01-14 09:32:00,加仓,纳指ETF,513100.XSHG,1.421,6800.0,37700.0,,5.0,2016-01-14,2016-01,"纳指ETF
513100.XSHG"
2016-01-14 09:32:00,等级校准,创业板ETF易方达,159915.XSHE,,,70300.0,,,2016-01-14,2016-01,"创业板ETF易方达
159915.XSHE"
2016-01-14 09:34:00,加仓,500ETF,510500.XSHG,5.965,1600.0,18800.0,,11.0,2016-01-14,2016-01,"500ETF
510500.XSHG"
2016-01-14 09:38:00,止盈,纳指ETF,513100.XSHG,1.468,7000.0,30700.0,327.97,4.0,2016-01-14,2016-01,"纳指ETF
513100.XSHG"
2016-01-14 10:01:00,止盈,创业板ETF易方达,159915.XSHE,1.963,5200.0,65100.0,310.98,13.0,2016-01-14,2016-01,"创业板ETF易方达
159915.XSHE"
2016-01-14 13:21:00,止盈,500ETF,510500.XSHG,6.147,1600.0,17200.0,290.22,10.0,2016-01-14,2016-01,"500ETF
510500.XSHG"
2016-01-14 13:31:00,止盈,创业板ETF易方达,159915.XSHE,2.025,5000.0,60100.0,308.99,12.0,2016-01-14,2016-01,"创业板ETF易方达
159915.XSHE"
2016-01-18 13:18:00,止盈,创业板ETF易方达,159915.XSHE,2.087,4900.0,55200.0,302.78,11.0,2016-01-18,2016-01,"创业板ETF易方达
159915.XSHE"
2016-01-19 13:01:00,止盈,500ETF,510500.XSHG,6.433,1600.0,15600.0,456.57,10.0,2016-01-19,2016-01,"500ETF
510500.XSHG"
2016-01-21 09:34:00,加仓,500ETF,510500.XSHG,6.225,1500.0,17100.0,,11.0,2016-01-21,2016-01,"500ETF
510500.XSHG"
2016-01-21 09:35:00,等级校准,500ETF,510500.XSHG,,,17100.0,,,2016-01-21,2016-01,"500ETF
510500.XSHG"
2016-01-21 14:45:00,加仓,创业板ETF易方达,159915.XSHE,2.023,4700.0,59900.0,,12.0,2016-01-21,2016-01,"创业板ETF易方达
159915.XSHE"
2016-01-22 11:11:00,加仓,500ETF,510500.XSHG,6.03,1600.0,18700.0,,11.0,2016-01-22,2016-01,"500ETF
510500.XSHG"
2016-01-25 09:31:00,止盈,500ETF,510500.XSHG,6.218,1600.0,17100.0,299.81,10.0,2016-01-25,2016-01,"500ETF
510500.XSHG"
2016-01-26 11:26:00,止盈,黄金ETF,518880.XSHG,2.366,4300.0,31500.0,295.68,7.0,2016-01-26,2016-01,"黄金ETF
518880.XSHG"
2016-01-26 13:16:00,加仓,500ETF,510500.XSHG,6.03,1600.0,18700.0,,11.0,2016-01-26,2016-01,"500ETF
510500.XSHG"
2016-01-26 13:48:00,加仓,创业板ETF易方达,159915.XSHE,1.961,4900.0,64800.0,,13.0,2016-01-26,2016-01,"创业板ETF易方达
159915.XSHE"
2016-01-26 13:49:00,等级校准,创业板ETF易方达,159915.XSHE,,,64800.0,,,2016-01-26,2016-01,"创业板ETF易方达
159915.XSHE"
2016-01-26 14:36:00,加仓,500ETF,510500.XSHG,5.849,1600.0,20300.0,,12.0,2016-01-26,2016-01,"500ETF
510500.XSHG"
2016-01-26 14:36:00,加仓,创业板ETF易方达,159915.XSHE,1.902,5000.0,69800.0,,13.0,2016-01-26,2016-01,"创业板ETF易方达
159915.XSHE"
2016-01-26 14:37:00,等级校准,500ETF,510500.XSHG,,,20300.0,,,2016-01-26,2016-01,"500ETF
510500.XSHG"
2016-01-27 09:58:00,加仓,500ETF,510500.XSHG,5.668,1700.0,22000.0,,12.0,2016-01-27,2016-01,"500ETF
510500.XSHG"
2016-01-27 10:06:00,加仓,创业板ETF易方达,159915.XSHE,1.841,5200.0,75000.0,,14.0,2016-01-27,2016-01,"创业板ETF易方达
159915.XSHE"
2016-01-27 10:07:00,等级校准,创业板ETF易方达,159915.XSHE,,,75000.0,,,2016-01-27,2016-01,"创业板ETF易方达
159915.XSHE"
2016-01-27 13:01:00,加仓,500ETF,510500.XSHG,5.496,1700.0,23700.0,,13.0,2016-01-27,2016-01,"500ETF
510500.XSHG"
2016-01-27 14:27:00,止盈,500ETF,510500.XSHG,5.686,1800.0,21900.0,340.98,12.0,2016-01-27,2016-01,"500ETF
510500.XSHG"
2016-01-27 14:29:00,止盈,创业板ETF易方达,159915.XSHE,1.898,5400.0,69600.0,306.78,13.0,2016-01-27,2016-01,"创业板ETF易方达
159915.XSHE"
2016-01-28 13:41:00,加仓,创业板ETF易方达,159915.XSHE,1.84,5200.0,74800.0,,14.0,2016-01-28,2016-01,"创业板ETF易方达
159915.XSHE"
2016-01-28 13:42:00,等级校准,创业板ETF易方达,159915.XSHE,,,74800.0,,,2016-01-28,2016-01,"创业板ETF易方达
159915.XSHE"
2016-01-28 14:38:00,加仓,500ETF,510500.XSHG,5.498,1700.0,23600.0,,13.0,2016-01-28,2016-01,"500ETF
510500.XSHG"
2016-01-29 13:53:00,止盈,500ETF,510500.XSHG,5.667,1800.0,21800.0,303.18,12.0,2016-01-29,2016-01,"500ETF
510500.XSHG"
2016-01-29 14:24:00,止盈,创业板ETF易方达,159915.XSHE,1.897,5400.0,69400.0,306.78,13.0,2016-01-29,2016-01,"创业板ETF易方达
159915.XSHE"
2016-02-02 10:22:00,止盈,创业板ETF易方达,159915.XSHE,1.956,5200.0,64200.0,305.78,12.0,2016-02-02,2016-02,"创业板ETF易方达
159915.XSHE"
2016-02-04 09:32:00,止盈,500ETF,510500.XSHG,5.845,1700.0,20100.0,301.61,11.0,2016-02-04,2016-02,"500ETF
510500.XSHG"
2016-02-04 09:52:00,止盈,创业板ETF易方达,159915.XSHE,2.018,5100.0,59100.0,315.17,12.0,2016-02-04,2016-02,"创业板ETF易方达
159915.XSHE"
2016-02-05 09:31:00,止盈,黄金ETF,518880.XSHG,2.447,4200.0,27300.0,339.17,6.0,2016-02-05,2016-02,"黄金ETF
518880.XSHG"
2016-02-15 09:31:00,止盈,黄金ETF,518880.XSHG,2.591,4000.0,23300.0,574.96,6.0,2016-02-15,2016-02,"黄金ETF
518880.XSHG"
2016-02-15 09:31:00,加仓,创业板ETF易方达,159915.XSHE,1.932,4900.0,64000.0,,13.0,2016-02-15,2016-02,"创业板ETF易方达
159915.XSHE"
2016-02-15 09:32:00,等级校准,创业板ETF易方达,159915.XSHE,,,64000.0,,,2016-02-15,2016-02,"创业板ETF易方达
159915.XSHE"
2016-02-15 10:57:00,止盈,创业板ETF易方达,159915.XSHE,1.991,5100.0,58900.0,299.88,11.0,2016-02-15,2016-02,"创业板ETF易方达
159915.XSHE"
2016-02-16 09:45:00,加仓,黄金ETF,518880.XSHG,2.51,3800.0,27100.0,,7.0,2016-02-16,2016-02,"黄金ETF
518880.XSHG"
2016-02-16 09:45:00,止盈,创业板ETF易方达,159915.XSHE,2.051,5000.0,53900.0,298.97,11.0,2016-02-16,2016-02,"创业板ETF易方达
159915.XSHE"
2016-02-16 09:46:00,等级校准,黄金ETF,518880.XSHG,,,27100.0,,,2016-02-16,2016-02,"黄金ETF
518880.XSHG"
2016-02-16 10:25:00,止盈,500ETF,510500.XSHG,6.025,1700.0,18400.0,304.98,11.0,2016-02-16,2016-02,"500ETF
510500.XSHG"
2016-02-17 14:44:00,止盈,创业板ETF易方达,159915.XSHE,2.113,4800.0,49100.0,296.59,10.0,2016-02-17,2016-02,"创业板ETF易方达
159915.XSHE"
2016-02-18 09:31:00,止盈,500ETF,510500.XSHG,6.218,1600.0,16800.0,307.81,10.0,2016-02-18,2016-02,"500ETF
510500.XSHG"
2016-02-24 11:27:00,止盈,黄金ETF,518880.XSHG,2.586,3900.0,23200.0,295.39,6.0,2016-02-24,2016-02,"黄金ETF
518880.XSHG"
2016-02-25 10:24:00,加仓,创业板ETF易方达,159915.XSHE,2.046,4700.0,53800.0,,11.0,2016-02-25,2016-02,"创业板ETF易方达
159915.XSHE"
2016-02-25 11:27:00,加仓,500ETF,510500.XSHG,6.017,1600.0,18400.0,,11.0,2016-02-25,2016-02,"500ETF
510500.XSHG"
2016-02-25 13:01:00,加仓,创业板ETF易方达,159915.XSHE,1.984,4800.0,58600.0,,12.0,2016-02-25,2016-02,"创业板ETF易方达
159915.XSHE"
2016-02-25 13:02:00,等级校准,创业板ETF易方达,159915.XSHE,,,58600.0,,,2016-02-25,2016-02,"创业板ETF易方达
159915.XSHE"
2016-02-25 14:27:00,加仓,500ETF,510500.XSHG,5.836,1600.0,20000.0,,12.0,2016-02-25,2016-02,"500ETF
510500.XSHG"
2016-02-25 14:27:00,加仓,创业板ETF易方达,159915.XSHE,1.919,5000.0,63600.0,,12.0,2016-02-25,2016-02,"创业板ETF易方达
159915.XSHE"
2016-02-25 14:28:00,等级校准,500ETF,510500.XSHG,,,20000.0,,,2016-02-25,2016-02,"500ETF
510500.XSHG"
2016-02-29 09:38:00,加仓,创业板ETF易方达,159915.XSHE,1.852,5200.0,68800.0,,13.0,2016-02-29,2016-02,"创业板ETF易方达
159915.XSHE"
2016-02-29 09:39:00,加仓,500ETF,510500.XSHG,5.659,1700.0,21700.0,,12.0,2016-02-29,2016-02,"500ETF
510500.XSHG"
2016-02-29 09:39:00,等级校准,创业板ETF易方达,159915.XSHE,,,68800.0,,,2016-02-29,2016-02,"创业板ETF易方达
159915.XSHE"
2016-02-29 09:57:00,加仓,创业板ETF易方达,159915.XSHE,1.791,5300.0,74100.0,,13.0,2016-02-29,2016-02,"创业板ETF易方达
159915.XSHE"
2016-02-29 09:59:00,加仓,500ETF,510500.XSHG,5.487,1700.0,23400.0,,13.0,2016-02-29,2016-02,"500ETF
510500.XSHG"
2016-03-01 14:24:00,止盈,500ETF,510500.XSHG,5.653,1800.0,21600.0,297.78,12.0,2016-03-01,2016-03,"500ETF
510500.XSHG"
2016-03-02 11:13:00,止盈,创业板ETF易方达,159915.XSHE,1.846,5500.0,68600.0,301.48,12.0,2016-03-02,2016-03,"创业板ETF易方达
159915.XSHE"
2016-03-02 13:05:00,止盈,500ETF,510500.XSHG,5.823,1700.0,19900.0,288.01,11.0,2016-03-02,2016-03,"500ETF
510500.XSHG"
2016-03-02 13:55:00,止盈,创业板ETF易方达,159915.XSHE,1.902,5400.0,63200.0,301.37,12.0,2016-03-02,2016-03,"创业板ETF易方达
159915.XSHE"
2016-03-02 14:47:00,止盈,纳指ETF,513100.XSHG,1.515,6800.0,23900.0,318.57,3.0,2016-03-02,2016-03,"纳指ETF
513100.XSHG"
2016-03-03 09:42:00,止盈,500ETF,510500.XSHG,6.01,1700.0,18200.0,316.88,11.0,2016-03-03,2016-03,"500ETF
510500.XSHG"
2016-03-04 11:19:00,加仓,创业板ETF易方达,159915.XSHE,1.836,5200.0,68400.0,,13.0,2016-03-04,2016-03,"创业板ETF易方达
159915.XSHE"
2016-03-04 11:20:00,等级校准,创业板ETF易方达,159915.XSHE,,,68400.0,,,2016-03-04,2016-03,"创业板ETF易方达
159915.XSHE"
2016-03-04 11:27:00,加仓,500ETF,510500.XSHG,5.824,1600.0,19800.0,,12.0,2016-03-04,2016-03,"500ETF
510500.XSHG"
2016-03-04 11:28:00,等级校准,500ETF,510500.XSHG,,,19800.0,,,2016-03-04,2016-03,"500ETF
510500.XSHG"
2016-03-08 09:44:00,加仓,创业板ETF易方达,159915.XSHE,1.773,5400.0,73800.0,,13.0,2016-03-08,2016-03,"创业板ETF易方达
159915.XSHE"
2016-03-08 09:59:00,止盈,黄金ETF,518880.XSHG,2.665,3800.0,19400.0,299.19,5.0,2016-03-08,2016-03,"黄金ETF
518880.XSHG"
2016-03-08 11:20:00,止盈,创业板ETF易方达,159915.XSHE,1.828,5600.0,68200.0,306.98,12.0,2016-03-08,2016-03,"创业板ETF易方达
159915.XSHE"
2016-03-08 14:25:00,止盈,创业板ETF易方达,159915.XSHE,1.885,5400.0,62800.0,306.78,11.0,2016-03-08,2016-03,"创业板ETF易方达
159915.XSHE"
2016-03-09 09:34:00,加仓,纳指ETF,513100.XSHG,1.469,6600.0,30500.0,,4.0,2016-03-09,2016-03,"纳指ETF
513100.XSHG"
2016-03-11 09:31:00,加仓,500ETF,510500.XSHG,5.634,1700.0,21500.0,,12.0,2016-03-11,2016-03,"500ETF
510500.XSHG"
2016-03-11 09:31:00,加仓,创业板ETF易方达,159915.XSHE,1.802,5300.0,68100.0,,12.0,2016-03-11,2016-03,"创业板ETF易方达
159915.XSHE"
2016-03-14 09:31:00,止盈,创业板ETF易方达,159915.XSHE,1.862,5500.0,62600.0,328.98,11.0,2016-03-14,2016-03,"创业板ETF易方达
159915.XSHE"
2016-03-14 09:47:00,止盈,500ETF,510500.XSHG,5.81,1700.0,19800.0,298.21,11.0,2016-03-14,2016-03,"500ETF
510500.XSHG"
2016-03-14 10:51:00,止盈,创业板ETF易方达,159915.XSHE,1.92,5300.0,57300.0,306.38,11.0,2016-03-14,2016-03,"创业板ETF易方达
159915.XSHE"
2016-03-15 09:31:00,加仓,黄金ETF,518880.XSHG,2.583,3700.0,23100.0,,6.0,2016-03-15,2016-03,"黄金ETF
518880.XSHG"
2016-03-17 09:32:00,止盈,纳指ETF,513100.XSHG,1.517,6800.0,23700.0,325.37,3.0,2016-03-17,2016-03,"纳指ETF
513100.XSHG"
2016-03-17 13:53:00,止盈,创业板ETF易方达,159915.XSHE,1.978,5200.0,52100.0,300.57,10.0,2016-03-17,2016-03,"创业板ETF易方达
159915.XSHE"
2016-03-17 14:02:00,止盈,500ETF,510500.XSHG,5.987,1700.0,18100.0,299.88,11.0,2016-03-17,2016-03,"500ETF
510500.XSHG"
2016-03-18 09:31:00,止盈,500ETF,510500.XSHG,6.42,1600.0,16500.0,691.77,11.0,2016-03-18,2016-03,"500ETF
510500.XSHG"
2016-03-18 09:32:00,加仓,500ETF,510500.XSHG,6.008,1500.0,18000.0,,12.0,2016-03-18,2016-03,"500ETF
510500.XSHG"
2016-03-18 09:33:00,等级校准,500ETF,510500.XSHG,,,18000.0,,,2016-03-18,2016-03,"500ETF
510500.XSHG"
2016-03-18 10:24:00,止盈,创业板ETF易方达,159915.XSHE,2.039,5000.0,47100.0,303.98,9.0,2016-03-18,2016-03,"创业板ETF易方达
159915.XSHE"
2016-03-18 13:06:00,止盈,500ETF,510500.XSHG,6.196,1600.0,16400.0,299.81,10.0,2016-03-18,2016-03,"500ETF
510500.XSHG"
2016-03-21 09:31:00,止盈,创业板ETF易方达,159915.XSHE,2.105,4900.0,42200.0,322.37,8.0,2016-03-21,2016-03,"创业板ETF易方达
159915.XSHE"
2016-03-28 09:39:00,止盈,500ETF,510500.XSHG,6.386,1600.0,14800.0,302.98,9.0,2016-03-28,2016-03,"500ETF
510500.XSHG"
2016-03-29 09:39:00,加仓,500ETF,510500.XSHG,6.194,1500.0,16300.0,,10.0,2016-03-29,2016-03,"500ETF
510500.XSHG"
2016-03-29 09:45:00,加仓,创业板ETF易方达,159915.XSHE,2.039,4700.0,46900.0,,9.0,2016-03-29,2016-03,"创业板ETF易方达
159915.XSHE"
2016-03-30 14:04:00,止盈,创业板ETF易方达,159915.XSHE,2.105,4900.0,42000.0,322.37,8.0,2016-03-30,2016-03,"创业板ETF易方达
159915.XSHE"
2016-03-30 14:47:00,止盈,500ETF,510500.XSHG,6.38,1600.0,14700.0,296.58,9.0,2016-03-30,2016-03,"500ETF
510500.XSHG"
2016-04-05 13:29:00,止盈,创业板ETF易方达,159915.XSHE,2.169,4700.0,37300.0,299.78,8.0,2016-04-05,2016-04,"创业板ETF易方达
159915.XSHE"
2016-04-07 09:31:00,止盈,500ETF,510500.XSHG,6.585,1500.0,13200.0,306.51,8.0,2016-04-07,2016-04,"500ETF
510500.XSHG"
2016-04-08 09:37:00,加仓,500ETF,510500.XSHG,6.379,1500.0,14700.0,,9.0,2016-04-08,2016-04,"500ETF
510500.XSHG"
2016-04-08 11:05:00,加仓,创业板ETF易方达,159915.XSHE,2.103,4600.0,41900.0,,9.0,2016-04-08,2016-04,"创业板ETF易方达
159915.XSHE"
2016-04-08 11:06:00,等级校准,创业板ETF易方达,159915.XSHE,,,41900.0,,,2016-04-08,2016-04,"创业板ETF易方达
159915.XSHE"
2016-04-11 09:55:00,止盈,创业板ETF易方达,159915.XSHE,2.172,4700.0,37200.0,323.28,8.0,2016-04-11,2016-04,"创业板ETF易方达
159915.XSHE"
2016-04-11 13:17:00,止盈,500ETF,510500.XSHG,6.571,1500.0,13200.0,287.01,8.0,2016-04-11,2016-04,"500ETF
510500.XSHG"
2016-04-20 11:13:00,加仓,创业板ETF易方达,159915.XSHE,2.103,4600.0,41800.0,,9.0,2016-04-20,2016-04,"创业板ETF易方达
159915.XSHE"
2016-04-20 11:14:00,等级校准,创业板ETF易方达,159915.XSHE,,,41800.0,,,2016-04-20,2016-04,"创业板ETF易方达
159915.XSHE"
2016-04-20 11:18:00,加仓,500ETF,510500.XSHG,6.367,1500.0,14700.0,,9.0,2016-04-20,2016-04,"500ETF
510500.XSHG"
2016-04-20 13:08:00,加仓,创业板ETF易方达,159915.XSHE,2.035,4700.0,46500.0,,9.0,2016-04-20,2016-04,"创业板ETF易方达
159915.XSHE"
2016-04-20 13:11:00,加仓,500ETF,510500.XSHG,6.168,1500.0,16200.0,,10.0,2016-04-20,2016-04,"500ETF
510500.XSHG"
2016-04-29 10:44:00,止盈,黄金ETF,518880.XSHG,2.662,3800.0,19300.0,299.19,5.0,2016-04-29,2016-04,"黄金ETF
518880.XSHG"
2016-05-03 10:52:00,止盈,500ETF,510500.XSHG,6.357,1600.0,14600.0,301.38,9.0,2016-05-03,2016-05,"500ETF
510500.XSHG"
2016-05-03 11:02:00,止盈,创业板ETF易方达,159915.XSHE,2.097,4900.0,41600.0,302.77,8.0,2016-05-03,2016-05,"创业板ETF易方达
159915.XSHE"
2016-05-06 14:47:00,加仓,创业板ETF易方达,159915.XSHE,2.031,4700.0,46300.0,,9.0,2016-05-06,2016-05,"创业板ETF易方达
159915.XSHE"
2016-05-09 09:31:00,加仓,500ETF,510500.XSHG,6.142,1500.0,16100.0,,10.0,2016-05-09,2016-05,"500ETF
510500.XSHG"
2016-05-09 10:14:00,加仓,创业板ETF易方达,159915.XSHE,1.97,4900.0,51200.0,,10.0,2016-05-09,2016-05,"创业板ETF易方达
159915.XSHE"
2016-05-09 14:49:00,加仓,500ETF,510500.XSHG,5.95,1600.0,17700.0,,11.0,2016-05-09,2016-05,"500ETF
510500.XSHG"
2016-05-12 09:31:00,加仓,创业板ETF易方达,159915.XSHE,1.905,5000.0,56200.0,,11.0,2016-05-12,2016-05,"创业板ETF易方达
159915.XSHE"
2016-05-12 09:32:00,等级校准,创业板ETF易方达,159915.XSHE,,,56200.0,,,2016-05-12,2016-05,"创业板ETF易方达
159915.XSHE"
2016-05-17 13:37:00,止盈,创业板ETF易方达,159915.XSHE,1.963,5200.0,51000.0,300.58,10.0,2016-05-17,2016-05,"创业板ETF易方达
159915.XSHE"
2016-05-18 14:34:00,加仓,创业板ETF易方达,159915.XSHE,1.903,5000.0,56000.0,,11.0,2016-05-18,2016-05,"创业板ETF易方达
159915.XSHE"
2016-05-18 14:35:00,等级校准,创业板ETF易方达,159915.XSHE,,,56000.0,,,2016-05-18,2016-05,"创业板ETF易方达
159915.XSHE"
2016-05-19 10:17:00,止盈,创业板ETF易方达,159915.XSHE,1.964,5200.0,50800.0,316.18,10.0,2016-05-19,2016-05,"创业板ETF易方达
159915.XSHE"
2016-05-25 14:16:00,加仓,黄金ETF,518880.XSHG,2.582,3700.0,23000.0,,6.0,2016-05-25,2016-05,"黄金ETF
518880.XSHG"
2016-05-30 09:46:00,止盈,纳指ETF,513100.XSHG,1.563,6500.0,17200.0,297.98,2.0,2016-05-30,2016-05,"纳指ETF
513100.XSHG"
2016-05-31 10:39:00,止盈,创业板ETF易方达,159915.XSHE,2.024,5000.0,45800.0,298.99,9.0,2016-05-31,2016-05,"创业板ETF易方达
159915.XSHE"
2016-05-31 13:17:00,止盈,500ETF,510500.XSHG,6.13,1600.0,16100.0,287.02,10.0,2016-05-31,2016-05,"500ETF
510500.XSHG"
2016-06-01 11:03:00,止盈,创业板ETF易方达,159915.XSHE,2.085,4900.0,40900.0,297.88,8.0,2016-06-01,2016-06,"创业板ETF易方达
159915.XSHE"
2016-06-03 14:04:00,止盈,500ETF,510500.XSHG,6.319,1600.0,14500.0,301.39,9.0,2016-06-03,2016-06,"500ETF
510500.XSHG"
2016-06-13 09:31:00,止盈,黄金ETF,518880.XSHG,2.694,3800.0,19200.0,424.58,5.0,2016-06-13,2016-06,"黄金ETF
518880.XSHG"
2016-06-13 14:01:00,加仓,创业板ETF易方达,159915.XSHE,2.022,4700.0,45600.0,,9.0,2016-06-13,2016-06,"创业板ETF易方达
159915.XSHE"
2016-06-13 14:32:00,加仓,500ETF,510500.XSHG,6.125,1500.0,16000.0,,10.0,2016-06-13,2016-06,"500ETF
510500.XSHG"
2016-06-14 09:31:00,加仓,创业板ETF易方达,159915.XSHE,1.957,4900.0,50500.0,,10.0,2016-06-14,2016-06,"创业板ETF易方达
159915.XSHE"
2016-06-14 09:32:00,等级校准,创业板ETF易方达,159915.XSHE,,,50500.0,,,2016-06-14,2016-06,"创业板ETF易方达
159915.XSHE"
2016-06-15 10:14:00,止盈,创业板ETF易方达,159915.XSHE,2.016,5100.0,45400.0,299.87,9.0,2016-06-15,2016-06,"创业板ETF易方达
159915.XSHE"
2016-06-16 14:35:00,止盈,黄金ETF,518880.XSHG,2.776,3700.0,15500.0,302.37,4.0,2016-06-16,2016-06,"黄金ETF
518880.XSHG"
2016-06-21 09:59:00,止盈,500ETF,510500.XSHG,6.312,1600.0,14400.0,298.19,9.0,2016-06-21,2016-06,"500ETF
510500.XSHG"
2016-06-22 09:33:00,加仓,黄金ETF,518880.XSHG,2.692,3600.0,19100.0,,5.0,2016-06-22,2016-06,"黄金ETF
518880.XSHG"
2016-06-24 11:01:00,加仓,500ETF,510500.XSHG,6.117,1500.0,15900.0,,10.0,2016-06-24,2016-06,"500ETF
510500.XSHG"
2016-06-24 11:02:00,等级校准,500ETF,510500.XSHG,,,15900.0,,,2016-06-24,2016-06,"500ETF
510500.XSHG"
2016-06-24 13:01:00,止盈,黄金ETF,518880.XSHG,2.825,3700.0,15400.0,491.05,4.0,2016-06-24,2016-06,"黄金ETF
518880.XSHG"
2016-06-24 13:02:00,加仓,纳指ETF,513100.XSHG,1.513,6300.0,23500.0,,3.0,2016-06-24,2016-06,"纳指ETF
513100.XSHG"
2016-06-27 11:02:00,止盈,创业板ETF易方达,159915.XSHE,2.077,4900.0,40500.0,297.88,8.0,2016-06-27,2016-06,"创业板ETF易方达
159915.XSHE"
2016-06-27 14:15:00,止盈,500ETF,510500.XSHG,6.301,1600.0,14300.0,293.39,9.0,2016-06-27,2016-06,"500ETF
510500.XSHG"
2016-06-29 09:37:00,止盈,创业板ETF易方达,159915.XSHE,2.146,4800.0,35700.0,330.17,7.0,2016-06-29,2016-06,"创业板ETF易方达
159915.XSHE"
2016-07-04 09:36:00,止盈,纳指ETF,513100.XSHG,1.559,6600.0,16900.0,302.57,2.0,2016-07-04,2016-07,"纳指ETF
513100.XSHG"
2016-07-04 10:31:00,止盈,黄金ETF,518880.XSHG,2.912,3500.0,11900.0,303.48,3.0,2016-07-04,2016-07,"黄金ETF
518880.XSHG"
2016-07-04 11:01:00,止盈,500ETF,510500.XSHG,6.493,1500.0,12800.0,287.03,8.0,2016-07-04,2016-07,"500ETF
510500.XSHG"
2016-07-12 09:34:00,止盈,纳指ETF,513100.XSHG,1.606,6400.0,10500.0,299.77,1.0,2016-07-12,2016-07,"纳指ETF
513100.XSHG"
2016-07-12 14:55:00,止盈,500ETF,510500.XSHG,6.69,1500.0,11300.0,294.5,8.0,2016-07-12,2016-07,"500ETF
510500.XSHG"
2016-07-21 09:49:00,加仓,黄金ETF,518880.XSHG,2.824,3400.0,15300.0,,4.0,2016-07-21,2016-07,"黄金ETF
518880.XSHG"
2016-07-27 13:02:00,加仓,创业板ETF易方达,159915.XSHE,2.081,4600.0,40300.0,,8.0,2016-07-27,2016-07,"创业板ETF易方达
159915.XSHE"
2016-07-27 13:15:00,加仓,500ETF,510500.XSHG,6.459,1400.0,12700.0,,9.0,2016-07-27,2016-07,"500ETF
510500.XSHG"
2016-07-27 13:16:00,等级校准,500ETF,510500.XSHG,,,12700.0,,,2016-07-27,2016-07,"500ETF
510500.XSHG"
2016-07-28 09:35:00,止盈,纳指ETF,513100.XSHG,1.655,6200.0,4300.0,302.77,1.0,2016-07-28,2016-07,"纳指ETF
513100.XSHG"
2016-08-01 09:31:00,止盈（部分）,纳指ETF,513100.XSHG,1.732,4300.0,0.0,330.36,0.0,2016-08-01,2016-08,"纳指ETF
513100.XSHG"
2016-08-01 09:31:00,清仓,纳指ETF,513100.XSHG,,,,,0.0,2016-08-01,2016-08,"纳指ETF
513100.XSHG"
2016-08-01 09:32:00,重装建仓,纳指ETF,513100.XSHG,1.67,47900.0,47900.0,,,2016-08-01,2016-08,"纳指ETF
513100.XSHG"
2016-08-01 09:33:00,底仓到账,纳指ETF,513100.XSHG,,,47900.0,,8.0,2016-08-01,2016-08,"纳指ETF
513100.XSHG"
2016-08-01 09:36:00,加仓,创业板ETF易方达,159915.XSHE,2.017,4800.0,45100.0,,9.0,2016-08-01,2016-08,"创业板ETF易方达
159915.XSHE"
2016-08-03 09:36:00,止盈,黄金ETF,518880.XSHG,2.909,3500.0,11800.0,296.48,3.0,2016-08-03,2016-08,"黄金ETF
518880.XSHG"
2016-08-08 09:35:00,止盈,纳指ETF,513100.XSHG,1.729,5900.0,42000.0,347.08,7.0,2016-08-08,2016-08,"纳指ETF
513100.XSHG"
2016-08-15 10:13:00,止盈,500ETF,510500.XSHG,6.671,1500.0,11200.0,317.0,8.0,2016-08-15,2016-08,"500ETF
510500.XSHG"
2016-08-15 10:51:00,止盈,创业板ETF易方达,159915.XSHE,2.078,4900.0,40200.0,297.88,8.0,2016-08-15,2016-08,"创业板ETF易方达
159915.XSHE"
2016-09-01 09:31:00,加仓,黄金ETF,518880.XSHG,2.819,3400.0,15200.0,,4.0,2016-09-01,2016-09,"黄金ETF
518880.XSHG"
2016-09-12 09:32:00,加仓,纳指ETF,513100.XSHG,1.676,5700.0,47700.0,,8.0,2016-09-12,2016-09,"纳指ETF
513100.XSHG"
2016-09-22 09:56:00,止盈,纳指ETF,513100.XSHG,1.727,5900.0,41800.0,299.88,7.0,2016-09-22,2016-09,"纳指ETF
513100.XSHG"
2016-10-10 09:31:00,加仓,黄金ETF,518880.XSHG,2.729,3500.0,18700.0,,5.0,2016-10-10,2016-10,"黄金ETF
518880.XSHG"
2016-11-02 09:31:00,止盈,黄金ETF,518880.XSHG,2.819,3600.0,15100.0,322.99,4.0,2016-11-02,2016-11,"黄金ETF
518880.XSHG"
2016-11-09 13:01:00,加仓,纳指ETF,513100.XSHG,1.675,5700.0,47500.0,,8.0,2016-11-09,2016-11,"纳指ETF
513100.XSHG"
2016-11-10 13:09:00,止盈,纳指ETF,513100.XSHG,1.726,5900.0,41600.0,299.88,7.0,2016-11-10,2016-11,"纳指ETF
513100.XSHG"
2016-11-11 13:01:00,止盈,500ETF,510500.XSHG,6.877,1400.0,9800.0,287.44,7.0,2016-11-11,2016-11,"500ETF
510500.XSHG"
2016-11-14 09:31:00,加仓,黄金ETF,518880.XSHG,2.677,3500.0,18600.0,,5.0,2016-11-14,2016-11,"黄金ETF
518880.XSHG"
2016-11-22 09:37:00,止盈,纳指ETF,513100.XSHG,1.778,5700.0,35900.0,295.39,6.0,2016-11-22,2016-11,"纳指ETF
513100.XSHG"
2016-11-25 10:03:00,止盈,纳指ETF,513100.XSHG,1.835,5600.0,30300.0,318.17,5.0,2016-11-25,2016-11,"纳指ETF
513100.XSHG"
2016-12-01 09:33:00,加仓,纳指ETF,513100.XSHG,1.774,5400.0,35700.0,,6.0,2016-12-01,2016-12,"纳指ETF
513100.XSHG"
2016-12-09 10:31:00,加仓,创业板ETF易方达,159915.XSHE,2.015,4800.0,45000.0,,9.0,2016-12-09,2016-12,"创业板ETF易方达
159915.XSHE"
2016-12-12 11:17:00,加仓,创业板ETF易方达,159915.XSHE,1.954,4900.0,49900.0,,10.0,2016-12-12,2016-12,"创业板ETF易方达
159915.XSHE"
2016-12-12 11:18:00,等级校准,创业板ETF易方达,159915.XSHE,,,49900.0,,,2016-12-12,2016-12,"创业板ETF易方达
159915.XSHE"
2016-12-12 11:21:00,加仓,500ETF,510500.XSHG,6.67,1400.0,11200.0,,8.0,2016-12-12,2016-12,"500ETF
510500.XSHG"
2016-12-13 09:35:00,加仓,创业板ETF易方达,159915.XSHE,1.895,5100.0,55000.0,,10.0,2016-12-13,2016-12,"创业板ETF易方达
159915.XSHE"
2016-12-16 10:09:00,止盈,纳指ETF,513100.XSHG,1.828,5600.0,30100.0,301.38,5.0,2016-12-16,2016-12,"纳指ETF
513100.XSHG"
2016-12-21 09:31:00,加仓,黄金ETF,518880.XSHG,2.581,3700.0,22300.0,,6.0,2016-12-21,2016-12,"黄金ETF
518880.XSHG"
2016-12-21 09:32:00,等级校准,黄金ETF,518880.XSHG,,,22300.0,,,2016-12-21,2016-12,"黄金ETF
518880.XSHG"
2016-12-26 10:35:00,止盈,纳指ETF,513100.XSHG,1.886,5400.0,24700.0,312.18,4.0,2016-12-26,2016-12,"纳指ETF
513100.XSHG"
2016-12-27 14:12:00,加仓,纳指ETF,513100.XSHG,1.825,5300.0,30000.0,,5.0,2016-12-27,2016-12,"纳指ETF
513100.XSHG"
2017-01-10 10:36:00,止盈,黄金ETF,518880.XSHG,2.659,3800.0,18500.0,295.39,5.0,2017-01-10,2017-01,"黄金ETF
518880.XSHG"
2017-01-13 13:46:00,加仓,创业板ETF易方达,159915.XSHE,1.838,5200.0,60200.0,,11.0,2017-01-13,2017-01,"创业板ETF易方达
159915.XSHE"
2017-01-16 09:32:00,加仓,500ETF,510500.XSHG,6.462,1400.0,12600.0,,9.0,2017-01-16,2017-01,"500ETF
510500.XSHG"
2017-01-16 09:33:00,等级校准,500ETF,510500.XSHG,,,12600.0,,,2017-01-16,2017-01,"500ETF
510500.XSHG"
2017-01-16 14:03:00,加仓,创业板ETF易方达,159915.XSHE,1.782,5400.0,65600.0,,12.0,2017-01-16,2017-01,"创业板ETF易方达
159915.XSHE"
2017-01-16 14:04:00,等级校准,创业板ETF易方达,159915.XSHE,,,65600.0,,,2017-01-16,2017-01,"创业板ETF易方达
159915.XSHE"
2017-01-16 14:27:00,加仓,500ETF,510500.XSHG,6.251,1500.0,14100.0,,9.0,2017-01-16,2017-01,"500ETF
510500.XSHG"
2017-01-16 14:29:00,加仓,创业板ETF易方达,159915.XSHE,1.723,5600.0,71200.0,,12.0,2017-01-16,2017-01,"创业板ETF易方达
159915.XSHE"
2017-01-17 13:41:00,止盈,创业板ETF易方达,159915.XSHE,1.777,5800.0,65400.0,312.17,11.0,2017-01-17,2017-01,"创业板ETF易方达
159915.XSHE"
2017-01-23 09:35:00,止盈,500ETF,510500.XSHG,6.44,1500.0,12600.0,282.53,8.0,2017-01-23,2017-01,"500ETF
510500.XSHG"
2017-01-26 14:55:00,止盈,纳指ETF,513100.XSHG,1.88,5400.0,24600.0,295.98,4.0,2017-01-26,2017-01,"纳指ETF
513100.XSHG"
2017-02-09 09:31:00,止盈,黄金ETF,518880.XSHG,2.739,3700.0,14800.0,294.99,4.0,2017-02-09,2017-02,"黄金ETF
518880.XSHG"
2017-02-09 09:56:00,止盈,创业板ETF易方达,159915.XSHE,1.831,5600.0,59800.0,301.37,11.0,2017-02-09,2017-02,"创业板ETF易方达
159915.XSHE"
2017-02-10 13:22:00,止盈,500ETF,510500.XSHG,6.634,1500.0,11100.0,290.0,7.0,2017-02-10,2017-02,"500ETF
510500.XSHG"
2017-02-16 09:31:00,止盈,纳指ETF,513100.XSHG,1.941,5300.0,19300.0,322.27,3.0,2017-02-16,2017-02,"纳指ETF
513100.XSHG"
2017-03-02 09:57:00,止盈,纳指ETF,513100.XSHG,2.014,5100.0,14200.0,371.27,2.0,2017-03-02,2017-03,"纳指ETF
513100.XSHG"
2017-03-07 09:35:00,止盈,创业板ETF易方达,159915.XSHE,1.886,5400.0,54400.0,295.98,10.0,2017-03-07,2017-03,"创业板ETF易方达
159915.XSHE"
2017-03-07 14:59:00,止盈,500ETF,510500.XSHG,6.834,1500.0,9600.0,298.97,6.0,2017-03-07,2017-03,"500ETF
510500.XSHG"
2017-03-24 10:12:00,加仓,纳指ETF,513100.XSHG,1.951,4900.0,19100.0,,3.0,2017-03-24,2017-03,"纳指ETF
513100.XSHG"
2017-03-30 10:00:00,加仓,创业板ETF易方达,159915.XSHE,1.829,5300.0,59700.0,,11.0,2017-03-30,2017-03,"创业板ETF易方达
159915.XSHE"
2017-04-07 10:02:00,止盈,黄金ETF,518880.XSHG,2.824,3600.0,11200.0,304.98,3.0,2017-04-07,2017-04,"黄金ETF
518880.XSHG"
2017-04-18 14:41:00,加仓,创业板ETF易方达,159915.XSHE,1.773,5400.0,65100.0,,12.0,2017-04-18,2017-04,"创业板ETF易方达
159915.XSHE"
2017-04-18 14:42:00,等级校准,创业板ETF易方达,159915.XSHE,,,65100.0,,,2017-04-18,2017-04,"创业板ETF易方达
159915.XSHE"
2017-04-19 10:11:00,加仓,500ETF,510500.XSHG,6.609,1400.0,11000.0,,7.0,2017-04-19,2017-04,"500ETF
510500.XSHG"
2017-04-26 09:31:00,止盈,纳指ETF,513100.XSHG,2.012,5100.0,14000.0,310.07,2.0,2017-04-26,2017-04,"纳指ETF
513100.XSHG"
2017-04-27 09:37:00,加仓,500ETF,510500.XSHG,6.406,1500.0,12500.0,,8.0,2017-04-27,2017-04,"500ETF
510500.XSHG"
2017-05-04 14:39:00,加仓,黄金ETF,518880.XSHG,2.739,3500.0,14700.0,,4.0,2017-05-04,2017-05,"黄金ETF
518880.XSHG"
2017-05-08 14:54:00,加仓,创业板ETF易方达,159915.XSHE,1.716,5600.0,70700.0,,12.0,2017-05-08,2017-05,"创业板ETF易方达
159915.XSHE"
2017-05-09 09:51:00,止盈,纳指ETF,513100.XSHG,2.073,4900.0,9100.0,297.88,1.0,2017-05-09,2017-05,"纳指ETF
513100.XSHG"
2017-05-09 10:03:00,加仓,500ETF,510500.XSHG,6.213,1500.0,14000.0,,9.0,2017-05-09,2017-05,"500ETF
510500.XSHG"
2017-05-09 10:04:00,等级校准,500ETF,510500.XSHG,,,14000.0,,,2017-05-09,2017-05,"500ETF
510500.XSHG"
2017-05-11 13:15:00,加仓,创业板ETF易方达,159915.XSHE,1.663,5800.0,76500.0,,13.0,2017-05-11,2017-05,"创业板ETF易方达
159915.XSHE"
2017-05-11 13:16:00,等级校准,创业板ETF易方达,159915.XSHE,,,76500.0,,,2017-05-11,2017-05,"创业板ETF易方达
159915.XSHE"
2017-05-11 13:17:00,加仓,500ETF,510500.XSHG,6.012,1600.0,15600.0,,9.0,2017-05-11,2017-05,"500ETF
510500.XSHG"
2017-05-16 13:00:00,止盈,500ETF,510500.XSHG,6.195,1600.0,14000.0,291.81,8.0,2017-05-16,2017-05,"500ETF
510500.XSHG"
2017-05-16 13:23:00,止盈,创业板ETF易方达,159915.XSHE,1.713,6000.0,70500.0,298.97,12.0,2017-05-16,2017-05,"创业板ETF易方达
159915.XSHE"
2017-05-18 09:32:00,加仓,纳指ETF,513100.XSHG,2.009,4800.0,13900.0,,2.0,2017-05-18,2017-05,"纳指ETF
513100.XSHG"
2017-05-23 14:40:00,止盈,纳指ETF,513100.XSHG,2.07,4900.0,9000.0,297.89,1.0,2017-05-23,2017-05,"纳指ETF
513100.XSHG"
2017-05-24 09:33:00,加仓,500ETF,510500.XSHG,6.009,1600.0,15600.0,,9.0,2017-05-24,2017-05,"500ETF
510500.XSHG"
2017-05-24 09:40:00,加仓,创业板ETF易方达,159915.XSHE,1.66,5800.0,76300.0,,13.0,2017-05-24,2017-05,"创业板ETF易方达
159915.XSHE"
2017-05-24 09:41:00,等级校准,创业板ETF易方达,159915.XSHE,,,76300.0,,,2017-05-24,2017-05,"创业板ETF易方达
159915.XSHE"
2017-05-25 13:43:00,止盈,创业板ETF易方达,159915.XSHE,1.71,6000.0,70300.0,298.97,12.0,2017-05-25,2017-05,"创业板ETF易方达
159915.XSHE"
2017-05-31 09:31:00,止盈,500ETF,510500.XSHG,6.207,1600.0,14000.0,315.81,8.0,2017-05-31,2017-05,"500ETF
510500.XSHG"
2017-06-01 14:27:00,加仓,500ETF,510500.XSHG,6.02,1600.0,15600.0,,9.0,2017-06-01,2017-06,"500ETF
510500.XSHG"
2017-06-02 09:31:00,加仓,创业板ETF易方达,159915.XSHE,1.653,5800.0,76100.0,,13.0,2017-06-02,2017-06,"创业板ETF易方达
159915.XSHE"
2017-06-02 09:32:00,等级校准,创业板ETF易方达,159915.XSHE,,,76100.0,,,2017-06-02,2017-06,"创业板ETF易方达
159915.XSHE"
2017-06-05 09:31:00,止盈,纳指ETF,513100.XSHG,2.141,4800.0,4200.0,339.77,1.0,2017-06-05,2017-06,"纳指ETF
513100.XSHG"
2017-06-06 14:28:00,止盈,黄金ETF,518880.XSHG,2.822,3600.0,11100.0,297.78,3.0,2017-06-06,2017-06,"黄金ETF
518880.XSHG"
2017-06-07 10:15:00,止盈,创业板ETF易方达,159915.XSHE,1.703,6000.0,70100.0,298.98,12.0,2017-06-07,2017-06,"创业板ETF易方达
159915.XSHE"
2017-06-07 11:28:00,止盈,500ETF,510500.XSHG,6.202,1600.0,14000.0,290.21,8.0,2017-06-07,2017-06,"500ETF
510500.XSHG"
2017-06-12 09:31:00,加仓,纳指ETF,513100.XSHG,2.073,4600.0,8800.0,,2.0,2017-06-12,2017-06,"纳指ETF
513100.XSHG"
2017-06-12 09:32:00,等级校准,纳指ETF,513100.XSHG,,,8800.0,,,2017-06-12,2017-06,"纳指ETF
513100.XSHG"
2017-06-20 09:37:00,止盈,创业板ETF易方达,159915.XSHE,1.758,5800.0,64300.0,317.98,11.0,2017-06-20,2017-06,"创业板ETF易方达
159915.XSHE"
2017-06-20 13:11:00,止盈,500ETF,510500.XSHG,6.389,1600.0,12400.0,298.18,8.0,2017-06-20,2017-06,"500ETF
510500.XSHG"
2017-06-29 14:30:00,加仓,黄金ETF,518880.XSHG,2.737,3500.0,14600.0,,4.0,2017-06-29,2017-06,"黄金ETF
518880.XSHG"
2017-06-30 09:36:00,加仓,纳指ETF,513100.XSHG,2.01,4800.0,13600.0,,2.0,2017-06-30,2017-06,"纳指ETF
513100.XSHG"
2017-07-11 11:11:00,加仓,创业板ETF易方达,159915.XSHE,1.705,5600.0,69900.0,,12.0,2017-07-11,2017-07,"创业板ETF易方达
159915.XSHE"
2017-07-17 09:31:00,止盈,纳指ETF,513100.XSHG,2.072,4900.0,8700.0,302.78,1.0,2017-07-17,2017-07,"纳指ETF
513100.XSHG"
2017-07-17 09:31:00,加仓,创业板ETF易方达,159915.XSHE,1.646,5800.0,75700.0,,13.0,2017-07-17,2017-07,"创业板ETF易方达
159915.XSHE"
2017-07-17 09:32:00,等级校准,创业板ETF易方达,159915.XSHE,,,75700.0,,,2017-07-17,2017-07,"创业板ETF易方达
159915.XSHE"
2017-07-17 09:47:00,加仓,500ETF,510500.XSHG,6.189,1500.0,13900.0,,9.0,2017-07-17,2017-07,"500ETF
510500.XSHG"
2017-07-17 09:48:00,等级校准,500ETF,510500.XSHG,,,13900.0,,,2017-07-17,2017-07,"500ETF
510500.XSHG"
2017-07-17 09:48:00,加仓,创业板ETF易方达,159915.XSHE,1.593,6000.0,81700.0,,13.0,2017-07-17,2017-07,"创业板ETF易方达
159915.XSHE"
2017-07-19 14:55:00,止盈,500ETF,510500.XSHG,6.377,1600.0,12300.0,299.78,8.0,2017-07-19,2017-07,"500ETF
510500.XSHG"
2017-07-27 13:08:00,止盈,创业板ETF易方达,159915.XSHE,1.642,6200.0,75500.0,302.78,12.0,2017-07-27,2017-07,"创业板ETF易方达
159915.XSHE"
2017-07-31 11:06:00,止盈,500ETF,510500.XSHG,6.572,1500.0,10800.0,291.51,7.0,2017-07-31,2017-07,"500ETF
510500.XSHG"
2017-08-14 11:08:00,止盈,创业板ETF易方达,159915.XSHE,1.692,6000.0,69500.0,298.98,11.0,2017-08-14,2017-08,"创业板ETF易方达
159915.XSHE"
2017-08-16 13:53:00,止盈,创业板ETF易方达,159915.XSHE,1.743,5900.0,63600.0,299.87,11.0,2017-08-16,2017-08,"创业板ETF易方达
159915.XSHE"
2017-08-28 10:32:00,止盈,500ETF,510500.XSHG,6.772,1500.0,9300.0,298.98,6.0,2017-08-28,2017-08,"500ETF
510500.XSHG"
2017-09-04 11:17:00,止盈,创业板ETF易方达,159915.XSHE,1.797,5700.0,57900.0,306.78,10.0,2017-09-04,2017-09,"创业板ETF易方达
159915.XSHE"
2017-09-11 11:07:00,止盈,500ETF,510500.XSHG,6.977,1400.0,7900.0,286.02,5.0,2017-09-11,2017-09,"500ETF
510500.XSHG"
2017-09-26 13:46:00,加仓,创业板ETF易方达,159915.XSHE,1.743,5500.0,63400.0,,11.0,2017-09-26,2017-09,"创业板ETF易方达
159915.XSHE"
2017-10-09 09:31:00,止盈,创业板ETF易方达,159915.XSHE,1.803,5700.0,57700.0,340.97,10.0,2017-10-09,2017-10,"创业板ETF易方达
159915.XSHE"
2017-10-30 09:31:00,止盈,纳指ETF,513100.XSHG,2.162,4800.0,3900.0,430.96,1.0,2017-10-30,2017-10,"纳指ETF
513100.XSHG"
2017-11-02 14:50:00,加仓,创业板ETF易方达,159915.XSHE,1.748,5500.0,63200.0,,11.0,2017-11-02,2017-11,"创业板ETF易方达
159915.XSHE"
2017-11-03 13:19:00,加仓,500ETF,510500.XSHG,6.762,1400.0,9300.0,,6.0,2017-11-03,2017-11,"500ETF
510500.XSHG"
2017-11-10 10:16:00,止盈,500ETF,510500.XSHG,6.966,1400.0,7900.0,284.62,5.0,2017-11-10,2017-11,"500ETF
510500.XSHG"
2017-11-13 10:00:00,止盈,创业板ETF易方达,159915.XSHE,1.801,5700.0,57500.0,301.07,10.0,2017-11-13,2017-11,"创业板ETF易方达
159915.XSHE"
2017-11-17 13:20:00,加仓,创业板ETF易方达,159915.XSHE,1.746,5500.0,63000.0,,11.0,2017-11-17,2017-11,"创业板ETF易方达
159915.XSHE"
2017-11-17 14:11:00,加仓,500ETF,510500.XSHG,6.757,1400.0,9300.0,,6.0,2017-11-17,2017-11,"500ETF
510500.XSHG"
2017-11-24 09:30:00,加仓,创业板ETF易方达,159915.XSHE,1.692,5700.0,68700.0,,12.0,2017-11-24,2017-11,"创业板ETF易方达
159915.XSHE"
2017-11-24 09:31:00,等级校准,创业板ETF易方达,159915.XSHE,,,68700.0,,,2017-11-24,2017-11,"创业板ETF易方达
159915.XSHE"
2017-11-27 14:05:00,加仓,500ETF,510500.XSHG,6.553,1400.0,10700.0,,7.0,2017-11-27,2017-11,"500ETF
510500.XSHG"
2017-11-29 09:31:00,止盈（部分）,纳指ETF,513100.XSHG,2.23,3900.0,0.0,264.33,0.0,2017-11-29,2017-11,"纳指ETF
513100.XSHG"
2017-11-29 09:31:00,清仓,纳指ETF,513100.XSHG,,,,,0.0,2017-11-29,2017-11,"纳指ETF
513100.XSHG"
2017-11-29 09:32:00,重装建仓,纳指ETF,513100.XSHG,2.231,35800.0,35800.0,,,2017-11-29,2017-11,"纳指ETF
513100.XSHG"
2017-11-29 09:33:00,底仓到账,纳指ETF,513100.XSHG,,,35800.0,,8.0,2017-11-29,2017-11,"纳指ETF
513100.XSHG"
2017-12-05 13:57:00,加仓,创业板ETF易方达,159915.XSHE,1.641,5900.0,74600.0,,12.0,2017-12-05,2017-12,"创业板ETF易方达
159915.XSHE"
2017-12-08 09:31:00,加仓,黄金ETF,518880.XSHG,2.65,3600.0,18200.0,,5.0,2017-12-08,2017-12,"黄金ETF
518880.XSHG"
2017-12-08 09:32:00,等级校准,黄金ETF,518880.XSHG,,,18200.0,,,2017-12-08,2017-12,"黄金ETF
518880.XSHG"
2017-12-11 10:23:00,止盈,创业板ETF易方达,159915.XSHE,1.691,6000.0,68600.0,298.99,11.0,2017-12-11,2017-12,"创业板ETF易方达
159915.XSHE"
2017-12-25 13:33:00,加仓,创业板ETF易方达,159915.XSHE,1.64,5900.0,74500.0,,12.0,2017-12-25,2017-12,"创业板ETF易方达
159915.XSHE"
2018-01-03 09:31:00,止盈,黄金ETF,518880.XSHG,2.742,3700.0,14500.0,339.39,4.0,2018-01-03,2018-01,"黄金ETF
518880.XSHG"
2018-01-03 13:19:00,止盈,创业板ETF易方达,159915.XSHE,1.69,6000.0,68500.0,298.99,11.0,2018-01-03,2018-01,"创业板ETF易方达
159915.XSHE"
2018-01-05 09:39:00,止盈,500ETF,510500.XSHG,6.752,1500.0,9200.0,297.49,6.0,2018-01-05,2018-01,"500ETF
510500.XSHG"
2018-01-12 11:05:00,止盈,纳指ETF,513100.XSHG,2.298,4400.0,31400.0,293.79,7.0,2018-01-12,2018-01,"纳指ETF
513100.XSHG"
2018-01-15 14:33:00,加仓,创业板ETF易方达,159915.XSHE,1.639,5900.0,74400.0,,12.0,2018-01-15,2018-01,"创业板ETF易方达
159915.XSHE"
2018-01-17 09:50:00,加仓,500ETF,510500.XSHG,6.547,1400.0,10600.0,,7.0,2018-01-17,2018-01,"500ETF
510500.XSHG"
2018-01-24 10:34:00,止盈,创业板ETF易方达,159915.XSHE,1.692,6100.0,68300.0,322.27,11.0,2018-01-24,2018-01,"创业板ETF易方达
159915.XSHE"
2018-01-25 09:41:00,止盈,500ETF,510500.XSHG,6.744,1500.0,9100.0,294.49,6.0,2018-01-25,2018-01,"500ETF
510500.XSHG"
2018-01-25 10:15:00,止盈,创业板ETF易方达,159915.XSHE,1.744,5900.0,62400.0,305.77,10.0,2018-01-25,2018-01,"创业板ETF易方达
159915.XSHE"
2018-01-30 10:54:00,加仓,创业板ETF易方达,159915.XSHE,1.691,5700.0,68100.0,,11.0,2018-01-30,2018-01,"创业板ETF易方达
159915.XSHE"
2018-01-31 09:53:00,加仓,500ETF,510500.XSHG,6.54,1400.0,10500.0,,7.0,2018-01-31,2018-01,"500ETF
510500.XSHG"
2018-01-31 13:43:00,加仓,创业板ETF易方达,159915.XSHE,1.64,5900.0,74000.0,,12.0,2018-01-31,2018-01,"创业板ETF易方达
159915.XSHE"
2018-02-01 13:09:00,加仓,500ETF,510500.XSHG,6.339,1500.0,12000.0,,8.0,2018-02-01,2018-02,"500ETF
510500.XSHG"
2018-02-02 09:34:00,加仓,创业板ETF易方达,159915.XSHE,1.588,6000.0,80000.0,,13.0,2018-02-02,2018-02,"创业板ETF易方达
159915.XSHE"
2018-02-02 09:35:00,等级校准,创业板ETF易方达,159915.XSHE,,,80000.0,,,2018-02-02,2018-02,"创业板ETF易方达
159915.XSHE"
2018-02-05 09:39:00,加仓,纳指ETF,513100.XSHG,2.227,4300.0,35700.0,,8.0,2018-02-05,2018-02,"纳指ETF
513100.XSHG"
2018-02-06 09:31:00,加仓,纳指ETF,513100.XSHG,2.093,4400.0,40100.0,,9.0,2018-02-06,2018-02,"纳指ETF
513100.XSHG"
2018-02-06 09:32:00,等级校准,纳指ETF,513100.XSHG,,,40100.0,,,2018-02-06,2018-02,"纳指ETF
513100.XSHG"
2018-02-06 10:59:00,加仓,500ETF,510500.XSHG,6.148,1500.0,13500.0,,9.0,2018-02-06,2018-02,"500ETF
510500.XSHG"
2018-02-06 11:00:00,等级校准,500ETF,510500.XSHG,,,13500.0,,,2018-02-06,2018-02,"500ETF
510500.XSHG"
2018-02-06 13:06:00,加仓,创业板ETF易方达,159915.XSHE,1.54,6200.0,86200.0,,13.0,2018-02-06,2018-02,"创业板ETF易方达
159915.XSHE"
2018-02-07 09:31:00,止盈,纳指ETF,513100.XSHG,2.164,4700.0,35400.0,332.68,7.0,2018-02-07,2018-02,"纳指ETF
513100.XSHG"
2018-02-07 10:58:00,加仓,创业板ETF易方达,159915.XSHE,1.492,6400.0,92600.0,,14.0,2018-02-07,2018-02,"创业板ETF易方达
159915.XSHE"
2018-02-07 10:59:00,等级校准,创业板ETF易方达,159915.XSHE,,,92600.0,,,2018-02-07,2018-02,"创业板ETF易方达
159915.XSHE"
2018-02-07 11:02:00,加仓,500ETF,510500.XSHG,5.956,1600.0,15100.0,,9.0,2018-02-07,2018-02,"500ETF
510500.XSHG"
2018-02-07 13:43:00,止盈,创业板ETF易方达,159915.XSHE,1.537,6700.0,85900.0,300.47,13.0,2018-02-07,2018-02,"创业板ETF易方达
159915.XSHE"
2018-02-09 09:31:00,加仓,纳指ETF,513100.XSHG,2.078,4600.0,40000.0,,8.0,2018-02-09,2018-02,"纳指ETF
513100.XSHG"
2018-02-09 14:06:00,加仓,创业板ETF易方达,159915.XSHE,1.49,6500.0,92400.0,,14.0,2018-02-09,2018-02,"创业板ETF易方达
159915.XSHE"
2018-02-09 14:07:00,等级校准,创业板ETF易方达,159915.XSHE,,,92400.0,,,2018-02-09,2018-02,"创业板ETF易方达
159915.XSHE"
2018-02-12 11:15:00,止盈,创业板ETF易方达,159915.XSHE,1.535,6700.0,85700.0,300.47,13.0,2018-02-12,2018-02,"创业板ETF易方达
159915.XSHE"
2018-02-13 09:31:00,止盈,纳指ETF,513100.XSHG,2.164,4800.0,35200.0,411.76,7.0,2018-02-13,2018-02,"纳指ETF
513100.XSHG"
2018-02-22 09:31:00,止盈,纳指ETF,513100.XSHG,2.231,4600.0,30600.0,307.17,6.0,2018-02-22,2018-02,"纳指ETF
513100.XSHG"
2018-02-22 10:09:00,止盈,500ETF,510500.XSHG,6.137,1600.0,13500.0,288.62,8.0,2018-02-22,2018-02,"500ETF
510500.XSHG"
2018-02-23 09:39:00,止盈,创业板ETF易方达,159915.XSHE,1.582,6500.0,79200.0,304.47,12.0,2018-02-23,2018-02,"创业板ETF易方达
159915.XSHE"
2018-02-26 09:41:00,止盈,纳指ETF,513100.XSHG,2.298,4400.0,26200.0,293.79,6.0,2018-02-26,2018-02,"纳指ETF
513100.XSHG"
2018-02-26 13:38:00,止盈,500ETF,510500.XSHG,6.325,1600.0,11900.0,299.79,7.0,2018-02-26,2018-02,"500ETF
510500.XSHG"
2018-02-26 14:12:00,止盈,创业板ETF易方达,159915.XSHE,1.63,6300.0,72900.0,301.37,11.0,2018-02-26,2018-02,"创业板ETF易方达
159915.XSHE"
2018-03-01 13:39:00,止盈,创业板ETF易方达,159915.XSHE,1.681,6100.0,66800.0,310.07,11.0,2018-03-01,2018-03,"创业板ETF易方达
159915.XSHE"
2018-03-09 13:07:00,止盈,创业板ETF易方达,159915.XSHE,1.732,5900.0,60900.0,299.88,10.0,2018-03-09,2018-03,"创业板ETF易方达
159915.XSHE"
2018-03-09 13:15:00,止盈,500ETF,510500.XSHG,6.515,1500.0,10400.0,284.02,6.0,2018-03-09,2018-03,"500ETF
510500.XSHG"
2018-03-12 09:31:00,止盈,纳指ETF,513100.XSHG,2.371,4300.0,21900.0,312.88,5.0,2018-03-12,2018-03,"纳指ETF
513100.XSHG"
2018-03-12 10:05:00,止盈,创业板ETF易方达,159915.XSHE,1.784,5700.0,55200.0,295.38,9.0,2018-03-12,2018-03,"创业板ETF易方达
159915.XSHE"
2018-03-15 09:31:00,加仓,创业板ETF易方达,159915.XSHE,1.73,5600.0,60800.0,,10.0,2018-03-15,2018-03,"创业板ETF易方达
159915.XSHE"
2018-03-20 09:31:00,加仓,纳指ETF,513100.XSHG,2.295,4200.0,26100.0,,6.0,2018-03-20,2018-03,"纳指ETF
513100.XSHG"
2018-03-23 09:31:00,加仓,纳指ETF,513100.XSHG,2.213,4300.0,30400.0,,7.0,2018-03-23,2018-03,"纳指ETF
513100.XSHG"
2018-03-23 09:31:00,加仓,500ETF,510500.XSHG,6.232,1500.0,11900.0,,7.0,2018-03-23,2018-03,"500ETF
510500.XSHG"
2018-03-23 09:31:00,加仓,创业板ETF易方达,159915.XSHE,1.66,5700.0,66500.0,,11.0,2018-03-23,2018-03,"创业板ETF易方达
159915.XSHE"
2018-03-23 09:32:00,等级校准,纳指ETF,513100.XSHG,,,30400.0,,,2018-03-23,2018-03,"纳指ETF
513100.XSHG"
2018-03-23 14:16:00,加仓,500ETF,510500.XSHG,6.045,1600.0,13500.0,,8.0,2018-03-23,2018-03,"500ETF
510500.XSHG"
2018-03-26 09:36:00,加仓,创业板ETF易方达,159915.XSHE,1.606,6000.0,72500.0,,12.0,2018-03-26,2018-03,"创业板ETF易方达
159915.XSHE"
2018-03-26 09:37:00,等级校准,创业板ETF易方达,159915.XSHE,,,72500.0,,,2018-03-26,2018-03,"创业板ETF易方达
159915.XSHE"
2018-03-26 14:14:00,止盈,创业板ETF易方达,159915.XSHE,1.656,6200.0,66300.0,308.97,11.0,2018-03-26,2018-03,"创业板ETF易方达
159915.XSHE"
2018-03-27 09:31:00,止盈,500ETF,510500.XSHG,6.259,1600.0,11900.0,341.4,7.0,2018-03-27,2018-03,"500ETF
510500.XSHG"
2018-03-27 09:51:00,止盈,创业板ETF易方达,159915.XSHE,1.706,6000.0,60300.0,298.98,10.0,2018-03-27,2018-03,"创业板ETF易方达
159915.XSHE"
2018-03-30 10:16:00,止盈,创业板ETF易方达,159915.XSHE,1.758,5800.0,54500.0,300.58,9.0,2018-03-30,2018-03,"创业板ETF易方达
159915.XSHE"
2018-04-02 09:31:00,止盈,500ETF,510500.XSHG,6.448,1500.0,10400.0,282.53,6.0,2018-04-02,2018-04,"500ETF
510500.XSHG"
2018-04-03 09:31:00,加仓,纳指ETF,513100.XSHG,2.13,4500.0,34900.0,,7.0,2018-04-03,2018-04,"纳指ETF
513100.XSHG"
2018-04-11 09:31:00,止盈,纳指ETF,513100.XSHG,2.202,4600.0,30300.0,330.19,6.0,2018-04-11,2018-04,"纳指ETF
513100.XSHG"
2018-04-17 13:07:00,加仓,创业板ETF易方达,159915.XSHE,1.705,5600.0,60100.0,,10.0,2018-04-17,2018-04,"创业板ETF易方达
159915.XSHE"
2018-04-17 13:11:00,加仓,500ETF,510500.XSHG,6.251,1500.0,11900.0,,7.0,2018-04-17,2018-04,"500ETF
510500.XSHG"
2018-04-23 13:09:00,加仓,创业板ETF易方达,159915.XSHE,1.653,5800.0,65900.0,,11.0,2018-04-23,2018-04,"创业板ETF易方达
159915.XSHE"
2018-04-23 13:10:00,等级校准,创业板ETF易方达,159915.XSHE,,,65900.0,,,2018-04-23,2018-04,"创业板ETF易方达
159915.XSHE"
2018-04-23 14:27:00,加仓,500ETF,510500.XSHG,6.063,1500.0,13400.0,,8.0,2018-04-23,2018-04,"500ETF
510500.XSHG"
2018-04-24 11:18:00,止盈,500ETF,510500.XSHG,6.249,1600.0,11800.0,296.6,7.0,2018-04-24,2018-04,"500ETF
510500.XSHG"
2018-04-24 14:22:00,止盈,创业板ETF易方达,159915.XSHE,1.703,6000.0,59900.0,298.98,10.0,2018-04-24,2018-04,"创业板ETF易方达
159915.XSHE"
2018-05-07 09:31:00,止盈,纳指ETF,513100.XSHG,2.27,4500.0,25800.0,304.98,5.0,2018-05-07,2018-05,"纳指ETF
513100.XSHG"
2018-05-09 09:37:00,止盈,创业板ETF易方达,159915.XSHE,1.755,5800.0,54100.0,300.58,9.0,2018-05-09,2018-05,"创业板ETF易方达
159915.XSHE"
2018-05-16 09:31:00,加仓,黄金ETF,518880.XSHG,2.654,3600.0,18100.0,,5.0,2018-05-16,2018-05,"黄金ETF
518880.XSHG"
2018-05-16 09:32:00,等级校准,黄金ETF,518880.XSHG,,,18100.0,,,2018-05-16,2018-05,"黄金ETF
518880.XSHG"
2018-05-28 09:33:00,加仓,创业板ETF易方达,159915.XSHE,1.702,5600.0,59700.0,,10.0,2018-05-28,2018-05,"创业板ETF易方达
159915.XSHE"
2018-05-28 14:47:00,止盈,纳指ETF,513100.XSHG,2.339,4400.0,21400.0,302.57,5.0,2018-05-28,2018-05,"纳指ETF
513100.XSHG"
2018-05-30 09:32:00,加仓,500ETF,510500.XSHG,6.059,1600.0,13400.0,,8.0,2018-05-30,2018-05,"500ETF
510500.XSHG"
2018-05-30 09:32:00,加仓,创业板ETF易方达,159915.XSHE,1.647,5800.0,65500.0,,11.0,2018-05-30,2018-05,"创业板ETF易方达
159915.XSHE"
2018-05-30 09:33:00,等级校准,创业板ETF易方达,159915.XSHE,,,65500.0,,,2018-05-30,2018-05,"创业板ETF易方达
159915.XSHE"
2018-06-05 10:44:00,止盈,纳指ETF,513100.XSHG,2.41,4200.0,17200.0,297.19,4.0,2018-06-05,2018-06,"纳指ETF
513100.XSHG"
2018-06-11 14:17:00,加仓,创业板ETF易方达,159915.XSHE,1.597,6000.0,71500.0,,11.0,2018-06-11,2018-06,"创业板ETF易方达
159915.XSHE"
2018-06-15 09:52:00,加仓,500ETF,510500.XSHG,5.872,1600.0,15000.0,,9.0,2018-06-15,2018-06,"500ETF
510500.XSHG"
2018-06-15 09:53:00,等级校准,500ETF,510500.XSHG,,,15000.0,,,2018-06-15,2018-06,"500ETF
510500.XSHG"
2018-06-19 09:31:00,加仓,创业板ETF易方达,159915.XSHE,1.533,6200.0,77700.0,,12.0,2018-06-19,2018-06,"创业板ETF易方达
159915.XSHE"
2018-06-19 09:32:00,加仓,500ETF,510500.XSHG,5.694,1700.0,16700.0,,9.0,2018-06-19,2018-06,"500ETF
510500.XSHG"
2018-06-19 09:32:00,等级校准,创业板ETF易方达,159915.XSHE,,,77700.0,,,2018-06-19,2018-06,"创业板ETF易方达
159915.XSHE"
2018-06-19 13:19:00,加仓,500ETF,510500.XSHG,5.518,1700.0,18400.0,,10.0,2018-06-19,2018-06,"500ETF
510500.XSHG"
2018-06-19 13:37:00,加仓,创业板ETF易方达,159915.XSHE,1.487,6500.0,84200.0,,12.0,2018-06-19,2018-06,"创业板ETF易方达
159915.XSHE"
2018-06-21 09:46:00,止盈,纳指ETF,513100.XSHG,2.484,4100.0,13100.0,302.38,3.0,2018-06-21,2018-06,"纳指ETF
513100.XSHG"
2018-06-21 14:53:00,加仓,创业板ETF易方达,159915.XSHE,1.442,6700.0,90900.0,,13.0,2018-06-21,2018-06,"创业板ETF易方达
159915.XSHE"
2018-06-22 09:31:00,加仓,500ETF,510500.XSHG,5.352,1800.0,20200.0,,11.0,2018-06-22,2018-06,"500ETF
510500.XSHG"
2018-06-26 11:04:00,止盈,创业板ETF易方达,159915.XSHE,1.486,6900.0,84000.0,302.57,12.0,2018-06-26,2018-06,"创业板ETF易方达
159915.XSHE"
2018-06-28 09:31:00,加仓,纳指ETF,513100.XSHG,2.388,4000.0,17100.0,,4.0,2018-06-28,2018-06,"纳指ETF
513100.XSHG"
2018-06-29 13:56:00,止盈,500ETF,510500.XSHG,5.514,1800.0,18400.0,290.61,10.0,2018-06-29,2018-06,"500ETF
510500.XSHG"
2018-07-03 09:31:00,止盈,纳指ETF,513100.XSHG,2.477,4100.0,13000.0,363.88,3.0,2018-07-03,2018-07,"纳指ETF
513100.XSHG"
2018-07-05 11:29:00,加仓,500ETF,510500.XSHG,5.347,1800.0,20200.0,,11.0,2018-07-05,2018-07,"500ETF
510500.XSHG"
2018-07-09 10:25:00,止盈,纳指ETF,513100.XSHG,2.552,4000.0,9000.0,298.98,2.0,2018-07-09,2018-07,"纳指ETF
513100.XSHG"
2018-07-12 11:05:00,止盈,创业板ETF易方达,159915.XSHE,1.531,6700.0,77300.0,300.47,11.0,2018-07-12,2018-07,"创业板ETF易方达
159915.XSHE"
2018-07-12 14:22:00,止盈,500ETF,510500.XSHG,5.509,1800.0,18400.0,290.61,10.0,2018-07-12,2018-07,"500ETF
510500.XSHG"
2018-07-24 09:46:00,止盈,纳指ETF,513100.XSHG,2.63,3900.0,5100.0,303.17,1.0,2018-07-24,2018-07,"纳指ETF
513100.XSHG"
2018-07-30 13:59:00,加仓,创业板ETF易方达,159915.XSHE,1.485,6500.0,83800.0,,12.0,2018-07-30,2018-07,"创业板ETF易方达
159915.XSHE"
2018-08-02 09:42:00,加仓,500ETF,510500.XSHG,5.337,1800.0,20200.0,,11.0,2018-08-02,2018-08,"500ETF
510500.XSHG"
2018-08-02 10:48:00,加仓,创业板ETF易方达,159915.XSHE,1.44,6700.0,90500.0,,13.0,2018-08-02,2018-08,"创业板ETF易方达
159915.XSHE"
2018-08-06 09:37:00,加仓,500ETF,510500.XSHG,5.171,1800.0,22000.0,,12.0,2018-08-06,2018-08,"500ETF
510500.XSHG"
2018-08-06 09:38:00,等级校准,500ETF,510500.XSHG,,,22000.0,,,2018-08-06,2018-08,"500ETF
510500.XSHG"
2018-08-06 10:11:00,止盈,纳指ETF,513100.XSHG,2.709,3800.0,1300.0,299.17,1.0,2018-08-06,2018-08,"纳指ETF
513100.XSHG"
2018-08-06 11:01:00,加仓,创业板ETF易方达,159915.XSHE,1.396,6900.0,97400.0,,14.0,2018-08-06,2018-08,"创业板ETF易方达
159915.XSHE"
2018-08-06 11:02:00,等级校准,创业板ETF易方达,159915.XSHE,,,97400.0,,,2018-08-06,2018-08,"创业板ETF易方达
159915.XSHE"
2018-08-07 09:35:00,止盈（部分）,纳指ETF,513100.XSHG,2.792,1300.0,0.0,107.54,0.0,2018-08-07,2018-08,"纳指ETF
513100.XSHG"
2018-08-07 09:35:00,清仓,纳指ETF,513100.XSHG,,,,,0.0,2018-08-07,2018-08,"纳指ETF
513100.XSHG"
2018-08-07 09:36:00,重装建仓,纳指ETF,513100.XSHG,2.78,28700.0,28700.0,,,2018-08-07,2018-08,"纳指ETF
513100.XSHG"
2018-08-07 09:37:00,底仓到账,纳指ETF,513100.XSHG,,,28700.0,,8.0,2018-08-07,2018-08,"纳指ETF
513100.XSHG"
2018-08-07 09:38:00,等级校准,纳指ETF,513100.XSHG,,,28700.0,,,2018-08-07,2018-08,"纳指ETF
513100.XSHG"
2018-08-08 14:15:00,加仓,纳指ETF,513100.XSHG,2.696,3600.0,32300.0,,8.0,2018-08-08,2018-08,"纳指ETF
513100.XSHG"
2018-08-09 11:26:00,止盈,500ETF,510500.XSHG,5.327,1900.0,20100.0,295.39,11.0,2018-08-09,2018-08,"500ETF
510500.XSHG"
2018-08-10 09:56:00,止盈,创业板ETF易方达,159915.XSHE,1.438,7100.0,90300.0,297.18,13.0,2018-08-10,2018-08,"创业板ETF易方达
159915.XSHE"
2018-08-16 09:31:00,加仓,创业板ETF易方达,159915.XSHE,1.389,6900.0,97200.0,,14.0,2018-08-16,2018-08,"创业板ETF易方达
159915.XSHE"
2018-08-16 09:32:00,加仓,500ETF,510500.XSHG,5.164,1800.0,21900.0,,12.0,2018-08-16,2018-08,"500ETF
510500.XSHG"
2018-08-16 09:32:00,等级校准,创业板ETF易方达,159915.XSHE,,,97200.0,,,2018-08-16,2018-08,"创业板ETF易方达
159915.XSHE"
2018-08-16 09:33:00,等级校准,500ETF,510500.XSHG,,,21900.0,,,2018-08-16,2018-08,"500ETF
510500.XSHG"
2018-08-20 11:05:00,加仓,创业板ETF易方达,159915.XSHE,1.347,7100.0,104300.0,,14.0,2018-08-20,2018-08,"创业板ETF易方达
159915.XSHE"
2018-08-21 11:01:00,止盈,创业板ETF易方达,159915.XSHE,1.388,7400.0,96900.0,302.37,13.0,2018-08-21,2018-08,"创业板ETF易方达
159915.XSHE"
2018-09-10 09:45:00,加仓,创业板ETF易方达,159915.XSHE,1.346,7200.0,104100.0,,14.0,2018-09-10,2018-09,"创业板ETF易方达
159915.XSHE"
2018-09-10 14:21:00,加仓,500ETF,510500.XSHG,5.007,1900.0,23800.0,,12.0,2018-09-10,2018-09,"500ETF
510500.XSHG"
2018-09-14 14:56:00,加仓,创业板ETF易方达,159915.XSHE,1.305,7400.0,111500.0,,15.0,2018-09-14,2018-09,"创业板ETF易方达
159915.XSHE"
2018-09-14 14:57:00,等级校准,创业板ETF易方达,159915.XSHE,,,111500.0,,,2018-09-14,2018-09,"创业板ETF易方达
159915.XSHE"
2018-09-21 14:19:00,止盈,创业板ETF易方达,159915.XSHE,1.345,7600.0,103900.0,302.98,14.0,2018-09-21,2018-09,"创业板ETF易方达
159915.XSHE"
2018-10-08 10:45:00,加仓,创业板ETF易方达,159915.XSHE,1.303,7400.0,111300.0,,15.0,2018-10-08,2018-10,"创业板ETF易方达
159915.XSHE"
2018-10-08 10:46:00,等级校准,创业板ETF易方达,159915.XSHE,,,111300.0,,,2018-10-08,2018-10,"创业板ETF易方达
159915.XSHE"
2018-10-11 09:31:00,加仓,纳指ETF,513100.XSHG,2.548,3700.0,36000.0,,9.0,2018-10-11,2018-10,"纳指ETF
513100.XSHG"
2018-10-11 09:31:00,加仓,500ETF,510500.XSHG,4.784,1900.0,25700.0,,13.0,2018-10-11,2018-10,"500ETF
510500.XSHG"
2018-10-11 09:31:00,加仓,创业板ETF易方达,159915.XSHE,1.241,7600.0,118900.0,,15.0,2018-10-11,2018-10,"创业板ETF易方达
159915.XSHE"
2018-10-11 09:32:00,等级校准,500ETF,510500.XSHG,,,25700.0,,,2018-10-11,2018-10,"500ETF
510500.XSHG"
2018-10-11 09:32:00,等级校准,创业板ETF易方达,159915.XSHE,,,118900.0,,,2018-10-11,2018-10,"创业板ETF易方达
159915.XSHE"
2018-10-11 11:20:00,加仓,500ETF,510500.XSHG,4.632,2000.0,27700.0,,13.0,2018-10-11,2018-10,"500ETF
510500.XSHG"
2018-10-11 13:15:00,加仓,创业板ETF易方达,159915.XSHE,1.203,8000.0,126900.0,,15.0,2018-10-11,2018-10,"创业板ETF易方达
159915.XSHE"
2018-10-12 10:12:00,加仓,500ETF,510500.XSHG,4.493,2100.0,29800.0,,14.0,2018-10-12,2018-10,"500ETF
510500.XSHG"
2018-10-12 10:13:00,等级校准,500ETF,510500.XSHG,,,29800.0,,,2018-10-12,2018-10,"500ETF
510500.XSHG"
2018-10-16 14:00:00,加仓,创业板ETF易方达,159915.XSHE,1.166,8300.0,135200.0,,16.0,2018-10-16,2018-10,"创业板ETF易方达
159915.XSHE"
2018-10-16 14:01:00,等级校准,创业板ETF易方达,159915.XSHE,,,135200.0,,,2018-10-16,2018-10,"创业板ETF易方达
159915.XSHE"
2018-10-16 14:11:00,加仓,500ETF,510500.XSHG,4.357,2200.0,32000.0,,14.0,2018-10-16,2018-10,"500ETF
510500.XSHG"
2018-10-17 09:31:00,止盈,纳指ETF,513100.XSHG,2.636,3900.0,32100.0,342.17,8.0,2018-10-17,2018-10,"纳指ETF
513100.XSHG"
2018-10-19 09:31:00,止盈,黄金ETF,518880.XSHG,2.738,3700.0,14400.0,309.79,4.0,2018-10-19,2018-10,"黄金ETF
518880.XSHG"
2018-10-19 09:34:00,加仓,500ETF,510500.XSHG,4.225,2200.0,34200.0,,15.0,2018-10-19,2018-10,"500ETF
510500.XSHG"
2018-10-19 09:35:00,等级校准,500ETF,510500.XSHG,,,34200.0,,,2018-10-19,2018-10,"500ETF
510500.XSHG"
2018-10-19 13:41:00,止盈,500ETF,510500.XSHG,4.355,2300.0,31900.0,298.0,14.0,2018-10-19,2018-10,"500ETF
510500.XSHG"
2018-10-22 09:31:00,止盈,500ETF,510500.XSHG,4.488,2200.0,29700.0,291.61,13.0,2018-10-22,2018-10,"500ETF
510500.XSHG"
2018-10-22 09:31:00,止盈,创业板ETF易方达,159915.XSHE,1.219,8500.0,126700.0,449.46,15.0,2018-10-22,2018-10,"创业板ETF易方达
159915.XSHE"
2018-10-22 11:19:00,止盈,创业板ETF易方达,159915.XSHE,1.256,8200.0,118500.0,302.37,15.0,2018-10-22,2018-10,"创业板ETF易方达
159915.XSHE"
2018-10-22 11:23:00,止盈,500ETF,510500.XSHG,4.624,2200.0,27500.0,298.18,13.0,2018-10-22,2018-10,"500ETF
510500.XSHG"
2018-10-23 11:21:00,加仓,纳指ETF,513100.XSHG,2.556,3700.0,35800.0,,9.0,2018-10-23,2018-10,"纳指ETF
513100.XSHG"
2018-10-24 10:10:00,加仓,500ETF,510500.XSHG,4.485,2100.0,29600.0,,14.0,2018-10-24,2018-10,"500ETF
510500.XSHG"
2018-10-24 10:11:00,等级校准,500ETF,510500.XSHG,,,29600.0,,,2018-10-24,2018-10,"500ETF
510500.XSHG"
2018-10-25 09:31:00,加仓,纳指ETF,513100.XSHG,2.459,3900.0,39700.0,,10.0,2018-10-25,2018-10,"纳指ETF
513100.XSHG"
2018-10-25 09:31:00,加仓,创业板ETF易方达,159915.XSHE,1.188,7900.0,126400.0,,16.0,2018-10-25,2018-10,"创业板ETF易方达
159915.XSHE"
2018-10-25 09:32:00,等级校准,纳指ETF,513100.XSHG,,,39700.0,,,2018-10-25,2018-10,"纳指ETF
513100.XSHG"
2018-10-25 09:32:00,等级校准,创业板ETF易方达,159915.XSHE,,,126400.0,,,2018-10-25,2018-10,"创业板ETF易方达
159915.XSHE"
2018-10-26 09:32:00,止盈,创业板ETF易方达,159915.XSHE,1.224,8400.0,118000.0,301.37,14.0,2018-10-26,2018-10,"创业板ETF易方达
159915.XSHE"
2018-10-30 09:44:00,加仓,创业板ETF易方达,159915.XSHE,1.187,8100.0,126100.0,,15.0,2018-10-30,2018-10,"创业板ETF易方达
159915.XSHE"
2018-10-31 10:14:00,止盈,创业板ETF易方达,159915.XSHE,1.224,8400.0,117700.0,309.77,14.0,2018-10-31,2018-10,"创业板ETF易方达
159915.XSHE"
2018-11-01 09:32:00,止盈,纳指ETF,513100.XSHG,2.534,4000.0,35700.0,298.99,9.0,2018-11-01,2018-11,"纳指ETF
513100.XSHG"
2018-11-01 09:58:00,止盈,500ETF,510500.XSHG,4.624,2200.0,27400.0,304.78,13.0,2018-11-01,2018-11,"500ETF
510500.XSHG"
2018-11-02 09:31:00,止盈,创业板ETF易方达,159915.XSHE,1.275,8100.0,109600.0,412.07,14.0,2018-11-02,2018-11,"创业板ETF易方达
159915.XSHE"
2018-11-07 09:57:00,止盈,500ETF,510500.XSHG,4.771,2100.0,25300.0,307.7,12.0,2018-11-07,2018-11,"500ETF
510500.XSHG"
2018-11-13 10:08:00,止盈,创业板ETF易方达,159915.XSHE,1.314,7800.0,101800.0,303.18,13.0,2018-11-13,2018-11,"创业板ETF易方达
159915.XSHE"
2018-11-15 09:38:00,加仓,纳指ETF,513100.XSHG,2.457,3900.0,39600.0,,10.0,2018-11-15,2018-11,"纳指ETF
513100.XSHG"
2018-11-15 09:39:00,等级校准,纳指ETF,513100.XSHG,,,39600.0,,,2018-11-15,2018-11,"纳指ETF
513100.XSHG"
2018-11-15 13:41:00,止盈,500ETF,510500.XSHG,4.916,2000.0,23300.0,289.02,11.0,2018-11-15,2018-11,"500ETF
510500.XSHG"
2018-11-21 09:31:00,加仓,纳指ETF,513100.XSHG,2.361,4000.0,43600.0,,10.0,2018-11-21,2018-11,"纳指ETF
513100.XSHG"
2018-11-23 09:59:00,加仓,创业板ETF易方达,159915.XSHE,1.273,7600.0,109400.0,,14.0,2018-11-23,2018-11,"创业板ETF易方达
159915.XSHE"
2018-11-23 10:08:00,加仓,500ETF,510500.XSHG,4.765,2000.0,25300.0,,12.0,2018-11-23,2018-11,"500ETF
510500.XSHG"
2018-11-28 09:41:00,止盈,纳指ETF,513100.XSHG,2.432,4200.0,39400.0,297.18,9.0,2018-11-28,2018-11,"纳指ETF
513100.XSHG"
2018-11-30 09:47:00,加仓,500ETF,510500.XSHG,4.618,2000.0,27300.0,,13.0,2018-11-30,2018-11,"500ETF
510500.XSHG"
2018-12-03 09:31:00,止盈,纳指ETF,513100.XSHG,2.555,4100.0,35300.0,503.25,9.0,2018-12-03,2018-12,"纳指ETF
513100.XSHG"
2018-12-03 09:31:00,止盈,500ETF,510500.XSHG,4.818,2100.0,25200.0,418.99,12.0,2018-12-03,2018-12,"500ETF
510500.XSHG"
2018-12-03 11:19:00,止盈,创业板ETF易方达,159915.XSHE,1.312,7800.0,101600.0,303.18,13.0,2018-12-03,2018-12,"创业板ETF易方达
159915.XSHE"
2018-12-05 09:31:00,加仓,纳指ETF,513100.XSHG,2.426,3900.0,39200.0,,10.0,2018-12-05,2018-12,"纳指ETF
513100.XSHG"
2018-12-05 09:32:00,等级校准,纳指ETF,513100.XSHG,,,39200.0,,,2018-12-05,2018-12,"纳指ETF
513100.XSHG"
2018-12-10 09:31:00,加仓,创业板ETF易方达,159915.XSHE,1.268,7600.0,109200.0,,14.0,2018-12-10,2018-12,"创业板ETF易方达
159915.XSHE"
2018-12-10 10:12:00,加仓,500ETF,510500.XSHG,4.668,2000.0,27200.0,,13.0,2018-12-10,2018-12,"500ETF
510500.XSHG"
2018-12-10 10:13:00,等级校准,500ETF,510500.XSHG,,,27200.0,,,2018-12-10,2018-12,"500ETF
510500.XSHG"
2018-12-17 09:59:00,加仓,创业板ETF易方达,159915.XSHE,1.228,7800.0,117000.0,,15.0,2018-12-17,2018-12,"创业板ETF易方达
159915.XSHE"
2018-12-17 10:00:00,等级校准,创业板ETF易方达,159915.XSHE,,,117000.0,,,2018-12-17,2018-12,"创业板ETF易方达
159915.XSHE"
2018-12-18 09:31:00,加仓,纳指ETF,513100.XSHG,2.337,4100.0,43300.0,,10.0,2018-12-18,2018-12,"纳指ETF
513100.XSHG"
2018-12-20 13:01:00,加仓,500ETF,510500.XSHG,4.526,2100.0,29300.0,,13.0,2018-12-20,2018-12,"500ETF
510500.XSHG"
2018-12-20 13:36:00,加仓,纳指ETF,513100.XSHG,2.266,4200.0,47500.0,,11.0,2018-12-20,2018-12,"纳指ETF
513100.XSHG"
2018-12-20 13:37:00,等级校准,纳指ETF,513100.XSHG,,,47500.0,,,2018-12-20,2018-12,"纳指ETF
513100.XSHG"
2018-12-24 09:32:00,加仓,纳指ETF,513100.XSHG,2.19,4400.0,51900.0,,11.0,2018-12-24,2018-12,"纳指ETF
513100.XSHG"
2018-12-25 09:51:00,止盈,黄金ETF,518880.XSHG,2.821,3600.0,10800.0,297.78,3.0,2018-12-25,2018-12,"黄金ETF
518880.XSHG"
2018-12-25 10:18:00,加仓,纳指ETF,513100.XSHG,2.124,4500.0,56400.0,,12.0,2018-12-25,2018-12,"纳指ETF
513100.XSHG"
2018-12-27 09:31:00,止盈,纳指ETF,513100.XSHG,2.234,4700.0,51700.0,515.95,11.0,2018-12-27,2018-12,"纳指ETF
513100.XSHG"
2018-12-28 09:42:00,加仓,创业板ETF易方达,159915.XSHE,1.191,8100.0,125100.0,,15.0,2018-12-28,2018-12,"创业板ETF易方达
159915.XSHE"
2019-01-04 09:31:00,加仓,500ETF,510500.XSHG,4.369,2200.0,31500.0,,14.0,2019-01-04,2019-01,"500ETF
510500.XSHG"
2019-01-04 09:31:00,加仓,创业板ETF易方达,159915.XSHE,1.155,8300.0,133400.0,,16.0,2019-01-04,2019-01,"创业板ETF易方达
159915.XSHE"
2019-01-04 09:32:00,等级校准,创业板ETF易方达,159915.XSHE,,,133400.0,,,2019-01-04,2019-01,"创业板ETF易方达
159915.XSHE"
2019-01-04 13:02:00,止盈,创业板ETF易方达,159915.XSHE,1.191,8600.0,124800.0,308.58,15.0,2019-01-04,2019-01,"创业板ETF易方达
159915.XSHE"
2019-01-04 13:23:00,止盈,500ETF,510500.XSHG,4.501,2200.0,29300.0,289.41,13.0,2019-01-04,2019-01,"500ETF
510500.XSHG"
2019-01-07 09:31:00,止盈,纳指ETF,513100.XSHG,2.304,4400.0,47300.0,306.99,11.0,2019-01-07,2019-01,"纳指ETF
513100.XSHG"
2019-01-09 10:01:00,止盈,500ETF,510500.XSHG,4.638,2200.0,27100.0,300.38,12.0,2019-01-09,2019-01,"500ETF
510500.XSHG"
2019-01-09 10:27:00,止盈,创业板ETF易方达,159915.XSHE,1.227,8300.0,116500.0,297.78,14.0,2019-01-09,2019-01,"创业板ETF易方达
159915.XSHE"
2019-01-15 09:34:00,加仓,创业板ETF易方达,159915.XSHE,1.19,8100.0,124600.0,,15.0,2019-01-15,2019-01,"创业板ETF易方达
159915.XSHE"
2019-01-15 09:35:00,等级校准,创业板ETF易方达,159915.XSHE,,,124600.0,,,2019-01-15,2019-01,"创业板ETF易方达
159915.XSHE"
2019-01-18 09:35:00,止盈,纳指ETF,513100.XSHG,2.374,4300.0,43000.0,299.98,10.0,2019-01-18,2019-01,"纳指ETF
513100.XSHG"
2019-01-21 10:11:00,止盈,创业板ETF易方达,159915.XSHE,1.226,8400.0,116200.0,301.37,14.0,2019-01-21,2019-01,"创业板ETF易方达
159915.XSHE"
2019-01-29 10:08:00,加仓,创业板ETF易方达,159915.XSHE,1.189,8100.0,124300.0,,15.0,2019-01-29,2019-01,"创业板ETF易方达
159915.XSHE"
2019-01-29 10:09:00,等级校准,创业板ETF易方达,159915.XSHE,,,124300.0,,,2019-01-29,2019-01,"创业板ETF易方达
159915.XSHE"
2019-01-29 10:24:00,加仓,500ETF,510500.XSHG,4.497,2100.0,29200.0,,13.0,2019-01-29,2019-01,"500ETF
510500.XSHG"
2019-02-11 09:32:00,止盈,创业板ETF易方达,159915.XSHE,1.225,8400.0,115900.0,301.37,14.0,2019-02-11,2019-02,"创业板ETF易方达
159915.XSHE"
2019-02-11 09:38:00,止盈,500ETF,510500.XSHG,4.634,2200.0,27000.0,300.38,12.0,2019-02-11,2019-02,"500ETF
510500.XSHG"
2019-02-11 14:30:00,止盈,创业板ETF易方达,159915.XSHE,1.262,8100.0,107800.0,298.68,13.0,2019-02-11,2019-02,"创业板ETF易方达
159915.XSHE"
2019-02-12 09:31:00,止盈,纳指ETF,513100.XSHG,2.446,4200.0,38800.0,301.37,9.0,2019-02-12,2019-02,"纳指ETF
513100.XSHG"
2019-02-13 10:05:00,止盈,500ETF,510500.XSHG,4.774,2100.0,24900.0,293.0,12.0,2019-02-13,2019-02,"500ETF
510500.XSHG"
2019-02-13 13:42:00,止盈,创业板ETF易方达,159915.XSHE,1.3,7900.0,99900.0,299.17,13.0,2019-02-13,2019-02,"创业板ETF易方达
159915.XSHE"
2019-02-18 10:25:00,止盈,500ETF,510500.XSHG,4.918,2000.0,22900.0,287.02,11.0,2019-02-18,2019-02,"500ETF
510500.XSHG"
2019-02-18 13:07:00,止盈,创业板ETF易方达,159915.XSHE,1.34,7600.0,92300.0,302.98,12.0,2019-02-18,2019-02,"创业板ETF易方达
159915.XSHE"
2019-02-20 09:31:00,止盈,黄金ETF,518880.XSHG,2.907,3500.0,7300.0,299.98,2.0,2019-02-20,2019-02,"黄金ETF
518880.XSHG"
2019-02-21 13:07:00,止盈,500ETF,510500.XSHG,5.066,2000.0,20900.0,294.99,11.0,2019-02-21,2019-02,"500ETF
510500.XSHG"
2019-02-21 13:07:00,止盈,创业板ETF易方达,159915.XSHE,1.384,7400.0,84900.0,324.58,11.0,2019-02-21,2019-02,"创业板ETF易方达
159915.XSHE"
2019-02-25 09:31:00,止盈,创业板ETF易方达,159915.XSHE,1.433,7200.0,77700.0,351.77,11.0,2019-02-25,2019-02,"创业板ETF易方达
159915.XSHE"
2019-02-25 09:32:00,止盈,500ETF,510500.XSHG,5.218,1900.0,19000.0,287.81,10.0,2019-02-25,2019-02,"500ETF
510500.XSHG"
2019-02-25 13:10:00,止盈,500ETF,510500.XSHG,5.375,1900.0,17100.0,297.28,9.0,2019-02-25,2019-02,"500ETF
510500.XSHG"
2019-02-25 14:33:00,止盈,创业板ETF易方达,159915.XSHE,1.476,6900.0,70800.0,295.68,10.0,2019-02-25,2019-02,"创业板ETF易方达
159915.XSHE"
2019-03-04 09:31:00,加仓,黄金ETF,518880.XSHG,2.797,3400.0,10700.0,,3.0,2019-03-04,2019-03,"黄金ETF
518880.XSHG"
2019-03-04 09:31:00,止盈,创业板ETF易方达,159915.XSHE,1.528,6700.0,64100.0,347.38,9.0,2019-03-04,2019-03,"创业板ETF易方达
159915.XSHE"
2019-03-04 10:06:00,止盈,500ETF,510500.XSHG,5.539,1800.0,15300.0,294.2,8.0,2019-03-04,2019-03,"500ETF
510500.XSHG"
2019-03-04 13:01:00,止盈,创业板ETF易方达,159915.XSHE,1.575,6500.0,57600.0,304.48,9.0,2019-03-04,2019-03,"创业板ETF易方达
159915.XSHE"
2019-03-06 09:31:00,止盈,创业板ETF易方达,159915.XSHE,1.623,6300.0,51300.0,301.38,8.0,2019-03-06,2019-03,"创业板ETF易方达
159915.XSHE"
2019-03-06 09:34:00,止盈,500ETF,510500.XSHG,5.706,1800.0,13500.0,299.57,7.0,2019-03-06,2019-03,"500ETF
510500.XSHG"
2019-03-07 14:37:00,止盈,500ETF,510500.XSHG,5.885,1700.0,11800.0,303.3,7.0,2019-03-07,2019-03,"500ETF
510500.XSHG"
2019-03-08 09:31:00,加仓,500ETF,510500.XSHG,5.658,1600.0,13400.0,,8.0,2019-03-08,2019-03,"500ETF
510500.XSHG"
2019-03-08 09:31:00,加仓,创业板ETF易方达,159915.XSHE,1.571,6100.0,57400.0,,9.0,2019-03-08,2019-03,"创业板ETF易方达
159915.XSHE"
2019-03-08 09:32:00,等级校准,500ETF,510500.XSHG,,,13400.0,,,2019-03-08,2019-03,"500ETF
510500.XSHG"
2019-03-08 10:11:00,止盈,创业板ETF易方达,159915.XSHE,1.62,6300.0,51100.0,307.68,8.0,2019-03-08,2019-03,"创业板ETF易方达
159915.XSHE"
2019-03-08 10:41:00,止盈,500ETF,510500.XSHG,5.832,1700.0,11700.0,294.81,6.0,2019-03-08,2019-03,"500ETF
510500.XSHG"
2019-03-08 14:41:00,加仓,500ETF,510500.XSHG,5.652,1700.0,13400.0,,7.0,2019-03-08,2019-03,"500ETF
510500.XSHG"
2019-03-11 14:39:00,止盈,500ETF,510500.XSHG,5.826,1700.0,11700.0,294.81,6.0,2019-03-11,2019-03,"500ETF
510500.XSHG"
2019-03-12 09:31:00,止盈,创业板ETF易方达,159915.XSHE,1.672,6100.0,45000.0,316.18,7.0,2019-03-12,2019-03,"创业板ETF易方达
159915.XSHE"
2019-03-13 14:24:00,加仓,创业板ETF易方达,159915.XSHE,1.62,5900.0,50900.0,,8.0,2019-03-13,2019-03,"创业板ETF易方达
159915.XSHE"
2019-03-14 09:31:00,止盈,纳指ETF,513100.XSHG,2.524,4000.0,34800.0,310.99,8.0,2019-03-14,2019-03,"纳指ETF
513100.XSHG"
2019-03-14 10:41:00,加仓,500ETF,510500.XSHG,5.644,1700.0,13400.0,,7.0,2019-03-14,2019-03,"500ETF
510500.XSHG"
2019-03-14 13:01:00,加仓,创业板ETF易方达,159915.XSHE,1.571,6100.0,57000.0,,9.0,2019-03-14,2019-03,"创业板ETF易方达
159915.XSHE"
2019-03-18 13:55:00,止盈,500ETF,510500.XSHG,5.814,1700.0,11700.0,288.01,6.0,2019-03-18,2019-03,"500ETF
510500.XSHG"
2019-03-18 14:07:00,止盈,创业板ETF易方达,159915.XSHE,1.619,6300.0,50700.0,301.38,8.0,2019-03-18,2019-03,"创业板ETF易方达
159915.XSHE"
2019-03-21 10:16:00,止盈,500ETF,510500.XSHG,5.992,1700.0,10000.0,301.58,6.0,2019-03-21,2019-03,"500ETF
510500.XSHG"
2019-03-22 09:31:00,止盈,纳指ETF,513100.XSHG,2.609,3900.0,30900.0,330.48,8.0,2019-03-22,2019-03,"纳指ETF
513100.XSHG"
2019-03-26 13:11:00,加仓,500ETF,510500.XSHG,5.811,1600.0,11600.0,,7.0,2019-03-26,2019-03,"500ETF
510500.XSHG"
2019-03-26 13:12:00,等级校准,500ETF,510500.XSHG,,,11600.0,,,2019-03-26,2019-03,"500ETF
510500.XSHG"
2019-03-26 14:00:00,加仓,创业板ETF易方达,159915.XSHE,1.57,6100.0,56800.0,,9.0,2019-03-26,2019-03,"创业板ETF易方达
159915.XSHE"
2019-03-29 13:59:00,止盈,创业板ETF易方达,159915.XSHE,1.618,6300.0,50500.0,301.38,8.0,2019-03-29,2019-03,"创业板ETF易方达
159915.XSHE"
2019-04-01 09:31:00,止盈,500ETF,510500.XSHG,5.99,1700.0,9900.0,303.28,6.0,2019-04-01,2019-04,"500ETF
510500.XSHG"
2019-04-01 09:43:00,止盈,创业板ETF易方达,159915.XSHE,1.667,6100.0,44400.0,297.88,7.0,2019-04-01,2019-04,"创业板ETF易方达
159915.XSHE"
2019-04-01 14:57:00,止盈,500ETF,510500.XSHG,6.17,1600.0,8300.0,287.01,5.0,2019-04-01,2019-04,"500ETF
510500.XSHG"
2019-04-12 09:35:00,加仓,创业板ETF易方达,159915.XSHE,1.616,5900.0,50300.0,,8.0,2019-04-12,2019-04,"创业板ETF易方达
159915.XSHE"
2019-04-16 09:51:00,加仓,500ETF,510500.XSHG,5.975,1600.0,9900.0,,6.0,2019-04-16,2019-04,"500ETF
510500.XSHG"
2019-04-16 14:11:00,止盈,500ETF,510500.XSHG,6.156,1600.0,8300.0,288.62,5.0,2019-04-16,2019-04,"500ETF
510500.XSHG"
2019-04-19 09:37:00,止盈,纳指ETF,513100.XSHG,2.689,3800.0,27100.0,302.98,7.0,2019-04-19,2019-04,"纳指ETF
513100.XSHG"
2019-04-24 11:23:00,加仓,500ETF,510500.XSHG,5.969,1600.0,9900.0,,6.0,2019-04-24,2019-04,"500ETF
510500.XSHG"
2019-04-26 10:08:00,止盈,纳指ETF,513100.XSHG,2.773,3700.0,23400.0,309.77,6.0,2019-04-26,2019-04,"纳指ETF
513100.XSHG"
2019-04-29 09:35:00,加仓,500ETF,510500.XSHG,5.783,1600.0,11500.0,,7.0,2019-04-29,2019-04,"500ETF
510500.XSHG"
2019-04-29 09:36:00,等级校准,500ETF,510500.XSHG,,,11500.0,,,2019-04-29,2019-04,"500ETF
510500.XSHG"
2019-04-29 10:13:00,加仓,创业板ETF易方达,159915.XSHE,1.566,6100.0,56400.0,,9.0,2019-04-29,2019-04,"创业板ETF易方达
159915.XSHE"
2019-04-29 10:14:00,等级校准,创业板ETF易方达,159915.XSHE,,,56400.0,,,2019-04-29,2019-04,"创业板ETF易方达
159915.XSHE"
2019-05-06 09:31:00,加仓,500ETF,510500.XSHG,5.462,1700.0,13200.0,,7.0,2019-05-06,2019-05,"500ETF
510500.XSHG"
2019-05-06 09:31:00,加仓,创业板ETF易方达,159915.XSHE,1.492,6300.0,62700.0,,9.0,2019-05-06,2019-05,"创业板ETF易方达
159915.XSHE"
2019-05-06 13:10:00,加仓,创业板ETF易方达,159915.XSHE,1.447,6700.0,69400.0,,10.0,2019-05-06,2019-05,"创业板ETF易方达
159915.XSHE"
2019-05-06 13:20:00,加仓,500ETF,510500.XSHG,5.294,1800.0,15000.0,,8.0,2019-05-06,2019-05,"500ETF
510500.XSHG"
2019-05-09 10:42:00,加仓,纳指ETF,513100.XSHG,2.689,3600.0,27000.0,,7.0,2019-05-09,2019-05,"纳指ETF
513100.XSHG"
2019-05-16 13:00:00,止盈,500ETF,510500.XSHG,5.453,1800.0,13200.0,285.22,7.0,2019-05-16,2019-05,"500ETF
510500.XSHG"
2019-05-17 14:43:00,加仓,500ETF,510500.XSHG,5.289,1800.0,15000.0,,8.0,2019-05-17,2019-05,"500ETF
510500.XSHG"
2019-05-20 09:46:00,加仓,创业板ETF易方达,159915.XSHE,1.403,6900.0,76300.0,,11.0,2019-05-20,2019-05,"创业板ETF易方达
159915.XSHE"
2019-05-20 09:47:00,等级校准,创业板ETF易方达,159915.XSHE,,,76300.0,,,2019-05-20,2019-05,"创业板ETF易方达
159915.XSHE"
2019-05-29 09:31:00,加仓,纳指ETF,513100.XSHG,2.603,3700.0,30700.0,,8.0,2019-05-29,2019-05,"纳指ETF
513100.XSHG"
2019-06-03 09:31:00,止盈,黄金ETF,518880.XSHG,2.909,3500.0,7200.0,390.98,2.0,2019-06-03,2019-06,"黄金ETF
518880.XSHG"
2019-06-04 09:31:00,加仓,纳指ETF,513100.XSHG,2.506,3800.0,34500.0,,9.0,2019-06-04,2019-06,"纳指ETF
513100.XSHG"
2019-06-04 09:32:00,等级校准,纳指ETF,513100.XSHG,,,34500.0,,,2019-06-04,2019-06,"纳指ETF
513100.XSHG"
2019-06-04 14:38:00,加仓,500ETF,510500.XSHG,5.13,1800.0,16800.0,,9.0,2019-06-04,2019-06,"500ETF
510500.XSHG"
2019-06-04 14:39:00,等级校准,500ETF,510500.XSHG,,,16800.0,,,2019-06-04,2019-06,"500ETF
510500.XSHG"
2019-06-06 09:31:00,止盈,纳指ETF,513100.XSHG,2.585,3900.0,30600.0,307.09,8.0,2019-06-06,2019-06,"纳指ETF
513100.XSHG"
2019-06-06 14:22:00,加仓,创业板ETF易方达,159915.XSHE,1.36,7100.0,83400.0,,11.0,2019-06-06,2019-06,"创业板ETF易方达
159915.XSHE"
2019-06-10 09:31:00,止盈,纳指ETF,513100.XSHG,2.664,3800.0,26800.0,299.19,7.0,2019-06-10,2019-06,"纳指ETF
513100.XSHG"
2019-06-11 10:39:00,止盈,创业板ETF易方达,159915.XSHE,1.401,7300.0,76100.0,298.28,10.0,2019-06-11,2019-06,"创业板ETF易方达
159915.XSHE"
2019-06-14 10:10:00,止盈,黄金ETF,518880.XSHG,2.997,3400.0,3800.0,298.18,1.0,2019-06-14,2019-06,"黄金ETF
518880.XSHG"
2019-06-19 09:31:00,止盈,500ETF,510500.XSHG,5.293,1900.0,14900.0,308.69,8.0,2019-06-19,2019-06,"500ETF
510500.XSHG"
2019-06-19 09:31:00,止盈,创业板ETF易方达,159915.XSHE,1.448,7100.0,69000.0,332.67,10.0,2019-06-19,2019-06,"创业板ETF易方达
159915.XSHE"
2019-06-20 09:31:00,止盈,纳指ETF,513100.XSHG,2.746,3700.0,23100.0,302.38,6.0,2019-06-20,2019-06,"纳指ETF
513100.XSHG"
2019-06-21 09:55:00,止盈,黄金ETF,518880.XSHG,3.088,3300.0,500.0,299.28,1.0,2019-06-21,2019-06,"黄金ETF
518880.XSHG"
2019-06-25 13:03:00,止盈（部分）,黄金ETF,518880.XSHG,3.181,500.0,0.0,46.34,0.0,2019-06-25,2019-06,"黄金ETF
518880.XSHG"
2019-06-25 13:03:00,清仓,黄金ETF,518880.XSHG,,,,,0.0,2019-06-25,2019-06,"黄金ETF
518880.XSHG"
2019-06-25 13:04:00,重装建仓,黄金ETF,518880.XSHG,3.183,25100.0,25100.0,,,2019-06-25,2019-06,"黄金ETF
518880.XSHG"
2019-06-25 13:05:00,底仓到账,黄金ETF,518880.XSHG,,,25100.0,,8.0,2019-06-25,2019-06,"黄金ETF
518880.XSHG"
2019-07-01 09:31:00,加仓,黄金ETF,518880.XSHG,3.052,3100.0,28200.0,,9.0,2019-07-01,2019-07,"黄金ETF
518880.XSHG"
2019-07-01 09:32:00,等级校准,黄金ETF,518880.XSHG,,,28200.0,,,2019-07-01,2019-07,"黄金ETF
518880.XSHG"
2019-07-01 09:52:00,止盈,创业板ETF易方达,159915.XSHE,1.492,6900.0,62100.0,302.57,9.0,2019-07-01,2019-07,"创业板ETF易方达
159915.XSHE"
2019-07-01 10:11:00,止盈,500ETF,510500.XSHG,5.455,1800.0,13100.0,290.62,7.0,2019-07-01,2019-07,"500ETF
510500.XSHG"
2019-07-03 09:31:00,止盈,黄金ETF,518880.XSHG,3.174,3200.0,25000.0,389.38,8.0,2019-07-03,2019-07,"黄金ETF
518880.XSHG"
2019-07-08 10:20:00,加仓,500ETF,510500.XSHG,5.29,1800.0,14900.0,,8.0,2019-07-08,2019-07,"500ETF
510500.XSHG"
2019-07-08 10:52:00,加仓,创业板ETF易方达,159915.XSHE,1.447,6700.0,68800.0,,10.0,2019-07-08,2019-07,"创业板ETF易方达
159915.XSHE"
2019-07-08 10:53:00,等级校准,创业板ETF易方达,159915.XSHE,,,68800.0,,,2019-07-08,2019-07,"创业板ETF易方达
159915.XSHE"
2019-07-09 09:52:00,加仓,黄金ETF,518880.XSHG,3.078,3100.0,28100.0,,9.0,2019-07-09,2019-07,"黄金ETF
518880.XSHG"
2019-07-09 09:53:00,等级校准,黄金ETF,518880.XSHG,,,28100.0,,,2019-07-09,2019-07,"黄金ETF
518880.XSHG"
2019-07-15 09:31:00,止盈,纳指ETF,513100.XSHG,2.831,3600.0,19500.0,304.98,5.0,2019-07-15,2019-07,"纳指ETF
513100.XSHG"
2019-07-15 11:21:00,止盈,创业板ETF易方达,159915.XSHE,1.492,6900.0,61900.0,309.47,9.0,2019-07-15,2019-07,"创业板ETF易方达
159915.XSHE"
2019-07-19 09:31:00,止盈,黄金ETF,518880.XSHG,3.185,3200.0,24900.0,341.38,8.0,2019-07-19,2019-07,"黄金ETF
518880.XSHG"
2019-08-05 11:27:00,止盈,黄金ETF,518880.XSHG,3.282,3100.0,21800.0,299.68,7.0,2019-08-05,2019-08,"黄金ETF
518880.XSHG"
2019-08-06 09:31:00,加仓,纳指ETF,513100.XSHG,2.703,3500.0,23000.0,,6.0,2019-08-06,2019-08,"纳指ETF
513100.XSHG"
2019-08-06 09:31:00,加仓,500ETF,510500.XSHG,5.052,1800.0,16700.0,,9.0,2019-08-06,2019-08,"500ETF
510500.XSHG"
2019-08-06 09:31:00,加仓,创业板ETF易方达,159915.XSHE,1.444,6700.0,68600.0,,10.0,2019-08-06,2019-08,"创业板ETF易方达
159915.XSHE"
2019-08-06 09:32:00,等级校准,500ETF,510500.XSHG,,,16700.0,,,2019-08-06,2019-08,"500ETF
510500.XSHG"
2019-08-06 09:32:00,等级校准,创业板ETF易方达,159915.XSHE,,,68600.0,,,2019-08-06,2019-08,"创业板ETF易方达
159915.XSHE"
2019-08-08 09:31:00,止盈,黄金ETF,518880.XSHG,3.385,3000.0,18800.0,307.98,6.0,2019-08-08,2019-08,"黄金ETF
518880.XSHG"
2019-08-08 14:31:00,止盈,纳指ETF,513100.XSHG,2.785,3600.0,19400.0,294.2,5.0,2019-08-08,2019-08,"纳指ETF
513100.XSHG"
2019-08-14 09:31:00,止盈,创业板ETF易方达,159915.XSHE,1.489,6900.0,61700.0,309.47,9.0,2019-08-14,2019-08,"创业板ETF易方达
159915.XSHE"
2019-08-19 10:09:00,止盈,创业板ETF易方达,159915.XSHE,1.534,6700.0,55000.0,300.47,8.0,2019-08-19,2019-08,"创业板ETF易方达
159915.XSHE"
2019-08-19 11:01:00,止盈,500ETF,510500.XSHG,5.206,1900.0,14800.0,291.61,7.0,2019-08-19,2019-08,"500ETF
510500.XSHG"
2019-08-26 09:31:00,止盈,黄金ETF,518880.XSHG,3.524,2900.0,15900.0,402.08,5.0,2019-08-26,2019-08,"黄金ETF
518880.XSHG"
2019-08-27 10:34:00,止盈,500ETF,510500.XSHG,5.368,1900.0,12900.0,306.78,7.0,2019-08-27,2019-08,"500ETF
510500.XSHG"
2019-08-27 10:58:00,止盈,创业板ETF易方达,159915.XSHE,1.583,6500.0,48500.0,317.47,7.0,2019-08-27,2019-08,"创业板ETF易方达
159915.XSHE"
2019-09-05 09:31:00,止盈,500ETF,510500.XSHG,5.552,1800.0,11100.0,330.2,6.0,2019-09-05,2019-09,"500ETF
510500.XSHG"
2019-09-05 09:53:00,止盈,创业板ETF易方达,159915.XSHE,1.632,6300.0,42200.0,307.67,6.0,2019-09-05,2019-09,"创业板ETF易方达
159915.XSHE"
2019-09-05 10:10:00,止盈,纳指ETF,513100.XSHG,2.869,3500.0,15900.0,293.0,4.0,2019-09-05,2019-09,"纳指ETF
513100.XSHG"
2019-09-10 09:31:00,加仓,黄金ETF,518880.XSHG,3.38,2800.0,18700.0,,6.0,2019-09-10,2019-09,"黄金ETF
518880.XSHG"
2019-09-26 10:36:00,加仓,创业板ETF易方达,159915.XSHE,1.583,6100.0,48300.0,,7.0,2019-09-26,2019-09,"创业板ETF易方达
159915.XSHE"
2019-09-26 14:19:00,加仓,500ETF,510500.XSHG,5.384,1800.0,12900.0,,7.0,2019-09-26,2019-09,"500ETF
510500.XSHG"
2019-10-14 09:56:00,止盈,500ETF,510500.XSHG,5.547,1800.0,11100.0,292.4,6.0,2019-10-14,2019-10,"500ETF
510500.XSHG"
2019-10-18 13:34:00,加仓,500ETF,510500.XSHG,5.379,1800.0,12900.0,,7.0,2019-10-18,2019-10,"500ETF
510500.XSHG"
2019-10-28 09:31:00,止盈,创业板ETF易方达,159915.XSHE,1.632,6300.0,42000.0,307.67,6.0,2019-10-28,2019-10,"创业板ETF易方达
159915.XSHE"
2019-10-29 09:31:00,止盈,纳指ETF,513100.XSHG,2.958,3400.0,12500.0,301.59,3.0,2019-10-29,2019-10,"纳指ETF
513100.XSHG"
2019-11-08 09:31:00,加仓,黄金ETF,518880.XSHG,3.252,2900.0,21600.0,,7.0,2019-11-08,2019-11,"黄金ETF
518880.XSHG"
2019-11-12 11:20:00,加仓,500ETF,510500.XSHG,5.216,1800.0,14700.0,,8.0,2019-11-12,2019-11,"500ETF
510500.XSHG"
2019-11-12 11:21:00,等级校准,500ETF,510500.XSHG,,,14700.0,,,2019-11-12,2019-11,"500ETF
510500.XSHG"
2019-11-19 14:58:00,止盈,500ETF,510500.XSHG,5.373,1900.0,12800.0,297.28,7.0,2019-11-19,2019-11,"500ETF
510500.XSHG"
2019-11-26 09:31:00,止盈,纳指ETF,513100.XSHG,3.072,3300.0,9200.0,375.19,2.0,2019-11-26,2019-11,"纳指ETF
513100.XSHG"
2019-12-13 10:18:00,止盈,创业板ETF易方达,159915.XSHE,1.682,6100.0,35900.0,303.97,6.0,2019-12-13,2019-12,"创业板ETF易方达
159915.XSHE"
2019-12-16 11:17:00,止盈,500ETF,510500.XSHG,5.535,1800.0,11000.0,290.6,6.0,2019-12-16,2019-12,"500ETF
510500.XSHG"
2019-12-17 13:06:00,止盈,创业板ETF易方达,159915.XSHE,1.733,5900.0,30000.0,299.88,5.0,2019-12-17,2019-12,"创业板ETF易方达
159915.XSHE"
2019-12-17 14:10:00,止盈,纳指ETF,513100.XSHG,3.168,3200.0,6000.0,306.19,1.0,2019-12-17,2019-12,"纳指ETF
513100.XSHG"
2019-12-18 10:11:00,止盈,500ETF,510500.XSHG,5.707,1800.0,9200.0,308.57,5.0,2019-12-18,2019-12,"500ETF
510500.XSHG"
2019-12-23 14:24:00,加仓,500ETF,510500.XSHG,5.534,1700.0,10900.0,,6.0,2019-12-23,2019-12,"500ETF
510500.XSHG"
2019-12-23 14:28:00,加仓,创业板ETF易方达,159915.XSHE,1.681,5700.0,35700.0,,6.0,2019-12-23,2019-12,"创业板ETF易方达
159915.XSHE"
2019-12-25 09:39:00,止盈,黄金ETF,518880.XSHG,3.35,3000.0,18600.0,293.0,6.0,2019-12-25,2019-12,"黄金ETF
518880.XSHG"
2019-12-27 09:42:00,止盈,创业板ETF易方达,159915.XSHE,1.732,5900.0,29800.0,299.88,5.0,2019-12-27,2019-12,"创业板ETF易方达
159915.XSHE"
2019-12-31 14:29:00,止盈,500ETF,510500.XSHG,5.706,1800.0,9100.0,308.57,5.0,2019-12-31,2019-12,"500ETF
510500.XSHG"
2020-01-03 09:31:00,止盈,纳指ETF,513100.XSHG,3.268,3100.0,2900.0,308.99,1.0,2020-01-03,2020-01,"纳指ETF
513100.XSHG"
2020-01-06 09:31:00,止盈,黄金ETF,518880.XSHG,3.496,2900.0,15700.0,422.39,5.0,2020-01-06,2020-01,"黄金ETF
518880.XSHG"
2020-01-06 10:05:00,止盈,创业板ETF易方达,159915.XSHE,1.784,5700.0,24100.0,295.38,4.0,2020-01-06,2020-01,"创业板ETF易方达
159915.XSHE"
2020-01-06 10:06:00,止盈,500ETF,510500.XSHG,5.881,1700.0,7400.0,296.5,4.0,2020-01-06,2020-01,"500ETF
510500.XSHG"
2020-01-09 14:35:00,止盈,创业板ETF易方达,159915.XSHE,1.838,5600.0,18500.0,301.37,3.0,2020-01-09,2020-01,"创业板ETF易方达
159915.XSHE"
2020-01-10 14:32:00,止盈（部分）,纳指ETF,513100.XSHG,3.367,2900.0,0.0,286.12,0.0,2020-01-10,2020-01,"纳指ETF
513100.XSHG"
2020-01-10 14:32:00,清仓,纳指ETF,513100.XSHG,,,,,0.0,2020-01-10,2020-01,"纳指ETF
513100.XSHG"
2020-01-10 14:33:00,重装建仓,纳指ETF,513100.XSHG,3.368,23700.0,23700.0,,,2020-01-10,2020-01,"纳指ETF
513100.XSHG"
2020-01-10 14:34:00,底仓到账,纳指ETF,513100.XSHG,,,23700.0,,8.0,2020-01-10,2020-01,"纳指ETF
513100.XSHG"
2020-01-14 09:31:00,加仓,黄金ETF,518880.XSHG,3.366,2800.0,18500.0,,6.0,2020-01-14,2020-01,"黄金ETF
518880.XSHG"
2020-01-17 09:31:00,止盈,纳指ETF,513100.XSHG,3.495,2900.0,20800.0,367.29,7.0,2020-01-17,2020-01,"纳指ETF
513100.XSHG"
2020-01-20 11:22:00,止盈,创业板ETF易方达,159915.XSHE,1.894,5400.0,13100.0,301.38,2.0,2020-01-20,2020-01,"创业板ETF易方达
159915.XSHE"
2020-01-20 14:30:00,止盈,500ETF,510500.XSHG,6.06,1700.0,5700.0,303.27,3.0,2020-01-20,2020-01,"500ETF
510500.XSHG"
2020-01-21 13:16:00,加仓,纳指ETF,513100.XSHG,3.39,2800.0,23600.0,,8.0,2020-01-21,2020-01,"纳指ETF
513100.XSHG"
2020-01-23 13:10:00,加仓,500ETF,510500.XSHG,5.871,1600.0,7300.0,,4.0,2020-01-23,2020-01,"500ETF
510500.XSHG"
2020-01-23 13:32:00,加仓,创业板ETF易方达,159915.XSHE,1.834,5200.0,18300.0,,3.0,2020-01-23,2020-01,"创业板ETF易方达
159915.XSHE"
2020-02-03 09:31:00,止盈,黄金ETF,518880.XSHG,3.514,2900.0,15600.0,428.18,5.0,2020-02-03,2020-02,"黄金ETF
518880.XSHG"
2020-02-03 09:31:00,加仓,500ETF,510500.XSHG,5.343,1700.0,9000.0,,5.0,2020-02-03,2020-02,"500ETF
510500.XSHG"
2020-02-03 09:31:00,加仓,创业板ETF易方达,159915.XSHE,1.675,5400.0,23700.0,,4.0,2020-02-03,2020-02,"创业板ETF易方达
159915.XSHE"
2020-02-03 09:43:00,止盈,创业板ETF易方达,159915.XSHE,1.726,5900.0,17800.0,299.88,3.0,2020-02-03,2020-02,"创业板ETF易方达
159915.XSHE"
2020-02-03 14:52:00,加仓,创业板ETF易方达,159915.XSHE,1.671,5700.0,23500.0,,4.0,2020-02-03,2020-02,"创业板ETF易方达
159915.XSHE"
2020-02-03 14:53:00,等级校准,创业板ETF易方达,159915.XSHE,,,23500.0,,,2020-02-03,2020-02,"创业板ETF易方达
159915.XSHE"
2020-02-04 09:31:00,止盈,创业板ETF易方达,159915.XSHE,1.723,5900.0,17600.0,305.78,3.0,2020-02-04,2020-02,"创业板ETF易方达
159915.XSHE"
2020-02-04 09:54:00,止盈,创业板ETF易方达,159915.XSHE,1.776,5800.0,11800.0,306.37,2.0,2020-02-04,2020-02,"创业板ETF易方达
159915.XSHE"
2020-02-05 09:31:00,止盈,纳指ETF,513100.XSHG,3.502,2900.0,20700.0,323.78,7.0,2020-02-05,2020-02,"纳指ETF
513100.XSHG"
2020-02-05 09:31:00,止盈,创业板ETF易方达,159915.XSHE,1.83,5600.0,6200.0,301.38,1.0,2020-02-05,2020-02,"创业板ETF易方达
159915.XSHE"
2020-02-05 09:48:00,止盈,500ETF,510500.XSHG,5.505,1800.0,7200.0,290.61,4.0,2020-02-05,2020-02,"500ETF
510500.XSHG"
2020-02-05 10:36:00,止盈,创业板ETF易方达,159915.XSHE,1.889,5400.0,800.0,317.58,1.0,2020-02-05,2020-02,"创业板ETF易方达
159915.XSHE"
2020-02-06 09:33:00,止盈,纳指ETF,513100.XSHG,3.614,2800.0,17900.0,312.59,6.0,2020-02-06,2020-02,"纳指ETF
513100.XSHG"
2020-02-06 11:29:00,止盈,500ETF,510500.XSHG,5.671,1800.0,5400.0,297.78,3.0,2020-02-06,2020-02,"500ETF
510500.XSHG"
2020-02-07 09:45:00,止盈,纳指ETF,513100.XSHG,3.725,2700.0,15200.0,298.69,5.0,2020-02-07,2020-02,"纳指ETF
513100.XSHG"
2020-02-07 10:24:00,止盈（部分）,创业板ETF易方达,159915.XSHE,1.947,800.0,0.0,46.24,0.0,2020-02-07,2020-02,"创业板ETF易方达
159915.XSHE"
2020-02-07 10:24:00,清仓,创业板ETF易方达,159915.XSHE,,,,,0.0,2020-02-07,2020-02,"创业板ETF易方达
159915.XSHE"
2020-02-07 10:25:00,重装建仓,创业板ETF易方达,159915.XSHE,1.947,41000.0,41000.0,,,2020-02-07,2020-02,"创业板ETF易方达
159915.XSHE"
2020-02-07 10:26:00,底仓到账,创业板ETF易方达,159915.XSHE,,,41000.0,,8.0,2020-02-07,2020-02,"创业板ETF易方达
159915.XSHE"
2020-02-11 09:32:00,止盈,纳指ETF,513100.XSHG,3.843,2600.0,12600.0,305.8,4.0,2020-02-11,2020-02,"纳指ETF
513100.XSHG"
2020-02-12 10:48:00,止盈,纳指ETF,513100.XSHG,3.962,2600.0,10000.0,308.37,4.0,2020-02-12,2020-02,"纳指ETF
513100.XSHG"
2020-02-12 11:19:00,止盈,500ETF,510500.XSHG,5.844,1700.0,3700.0,293.11,2.0,2020-02-12,2020-02,"500ETF
510500.XSHG"
2020-02-12 14:20:00,止盈,创业板ETF易方达,159915.XSHE,2.008,5100.0,35900.0,310.08,7.0,2020-02-12,2020-02,"创业板ETF易方达
159915.XSHE"
2020-02-13 09:42:00,止盈,纳指ETF,513100.XSHG,4.081,2500.0,7500.0,296.48,3.0,2020-02-13,2020-02,"纳指ETF
513100.XSHG"
2020-02-13 14:57:00,止盈,纳指ETF,513100.XSHG,4.226,2400.0,5100.0,346.99,2.0,2020-02-13,2020-02,"纳指ETF
513100.XSHG"
2020-02-14 09:32:00,加仓,纳指ETF,513100.XSHG,4.023,2300.0,7400.0,,3.0,2020-02-14,2020-02,"纳指ETF
513100.XSHG"
2020-02-14 09:44:00,止盈,纳指ETF,513100.XSHG,4.145,2400.0,5000.0,291.81,2.0,2020-02-14,2020-02,"纳指ETF
513100.XSHG"
2020-02-14 14:27:00,加仓,纳指ETF,513100.XSHG,4.006,2400.0,7400.0,,3.0,2020-02-14,2020-02,"纳指ETF
513100.XSHG"
2020-02-17 09:34:00,加仓,纳指ETF,513100.XSHG,3.84,2400.0,9800.0,,4.0,2020-02-17,2020-02,"纳指ETF
513100.XSHG"
2020-02-17 09:35:00,等级校准,纳指ETF,513100.XSHG,,,9800.0,,,2020-02-17,2020-02,"纳指ETF
513100.XSHG"
2020-02-17 11:22:00,止盈,纳指ETF,513100.XSHG,3.962,2600.0,7200.0,316.17,2.0,2020-02-17,2020-02,"纳指ETF
513100.XSHG"
2020-02-17 13:23:00,止盈,500ETF,510500.XSHG,6.02,1700.0,2000.0,298.18,1.0,2020-02-17,2020-02,"500ETF
510500.XSHG"
2020-02-17 14:57:00,止盈,创业板ETF易方达,159915.XSHE,2.07,4900.0,31000.0,302.79,6.0,2020-02-17,2020-02,"创业板ETF易方达
159915.XSHE"
2020-02-18 14:20:00,加仓,纳指ETF,513100.XSHG,3.84,2500.0,9700.0,,3.0,2020-02-18,2020-02,"纳指ETF
513100.XSHG"
2020-02-21 09:52:00,止盈,500ETF,510500.XSHG,6.204,1600.0,400.0,293.41,1.0,2020-02-21,2020-02,"500ETF
510500.XSHG"
2020-02-21 10:06:00,止盈,黄金ETF,518880.XSHG,3.62,2800.0,12800.0,295.79,4.0,2020-02-21,2020-02,"黄金ETF
518880.XSHG"
2020-02-21 10:08:00,止盈,创业板ETF易方达,159915.XSHE,2.134,4800.0,26200.0,306.18,5.0,2020-02-21,2020-02,"创业板ETF易方达
159915.XSHE"
2020-02-21 14:49:00,加仓,纳指ETF,513100.XSHG,3.724,2600.0,12300.0,,4.0,2020-02-21,2020-02,"纳指ETF
513100.XSHG"
2020-02-24 09:32:00,加仓,纳指ETF,513100.XSHG,3.601,2600.0,14900.0,,5.0,2020-02-24,2020-02,"纳指ETF
513100.XSHG"
2020-02-24 13:15:00,止盈,黄金ETF,518880.XSHG,3.729,2700.0,10100.0,293.29,3.0,2020-02-24,2020-02,"黄金ETF
518880.XSHG"
2020-02-25 09:31:00,加仓,纳指ETF,513100.XSHG,3.479,2700.0,17600.0,,6.0,2020-02-25,2020-02,"纳指ETF
513100.XSHG"
2020-02-25 10:12:00,止盈,纳指ETF,513100.XSHG,3.587,2800.0,14800.0,301.4,5.0,2020-02-25,2020-02,"纳指ETF
513100.XSHG"
2020-02-25 14:35:00,止盈,创业板ETF易方达,159915.XSHE,2.199,4600.0,21600.0,297.99,4.0,2020-02-25,2020-02,"创业板ETF易方达
159915.XSHE"
2020-02-26 10:23:00,加仓,创业板ETF易方达,159915.XSHE,2.13,4500.0,26100.0,,5.0,2020-02-26,2020-02,"创业板ETF易方达
159915.XSHE"
2020-02-28 09:31:00,加仓,纳指ETF,513100.XSHG,3.428,2700.0,17500.0,,6.0,2020-02-28,2020-02,"纳指ETF
513100.XSHG"
2020-02-28 09:31:00,加仓,创业板ETF易方达,159915.XSHE,2.04,4600.0,30700.0,,6.0,2020-02-28,2020-02,"创业板ETF易方达
159915.XSHE"
2020-02-28 10:27:00,加仓,500ETF,510500.XSHG,6.01,1600.0,2000.0,,2.0,2020-02-28,2020-02,"500ETF
510500.XSHG"
2020-02-28 10:28:00,等级校准,500ETF,510500.XSHG,,,2000.0,,,2020-02-28,2020-02,"500ETF
510500.XSHG"
2020-02-28 13:55:00,加仓,黄金ETF,518880.XSHG,3.616,2600.0,12700.0,,4.0,2020-02-28,2020-02,"黄金ETF
518880.XSHG"
2020-03-02 13:45:00,止盈,纳指ETF,513100.XSHG,3.538,2900.0,14600.0,317.97,5.0,2020-03-02,2020-03,"纳指ETF
513100.XSHG"
2020-03-03 09:31:00,止盈,纳指ETF,513100.XSHG,3.678,2800.0,11800.0,390.97,4.0,2020-03-03,2020-03,"纳指ETF
513100.XSHG"
2020-03-03 09:31:00,止盈,500ETF,510500.XSHG,6.221,1600.0,400.0,336.6,1.0,2020-03-03,2020-03,"500ETF
510500.XSHG"
2020-03-03 09:31:00,止盈,创业板ETF易方达,159915.XSHE,2.102,4900.0,25800.0,302.77,5.0,2020-03-03,2020-03,"创业板ETF易方达
159915.XSHE"
2020-03-03 13:12:00,加仓,纳指ETF,513100.XSHG,3.567,2700.0,14500.0,,5.0,2020-03-03,2020-03,"纳指ETF
513100.XSHG"
2020-03-09 09:31:00,加仓,纳指ETF,513100.XSHG,3.398,2800.0,17300.0,,6.0,2020-03-09,2020-03,"纳指ETF
513100.XSHG"
2020-03-09 09:32:00,等级校准,纳指ETF,513100.XSHG,,,17300.0,,,2020-03-09,2020-03,"纳指ETF
513100.XSHG"
2020-03-09 09:51:00,止盈,黄金ETF,518880.XSHG,3.726,2700.0,10000.0,295.99,3.0,2020-03-09,2020-03,"黄金ETF
518880.XSHG"
2020-03-09 13:01:00,加仓,黄金ETF,518880.XSHG,3.577,2600.0,12600.0,,4.0,2020-03-09,2020-03,"黄金ETF
518880.XSHG"
2020-03-09 13:05:00,加仓,创业板ETF易方达,159915.XSHE,2.038,4700.0,30500.0,,6.0,2020-03-09,2020-03,"创业板ETF易方达
159915.XSHE"
2020-03-09 13:10:00,加仓,500ETF,510500.XSHG,6.034,1600.0,2000.0,,2.0,2020-03-09,2020-03,"500ETF
510500.XSHG"
2020-03-09 13:11:00,等级校准,500ETF,510500.XSHG,,,2000.0,,,2020-03-09,2020-03,"500ETF
510500.XSHG"
2020-03-09 14:38:00,加仓,纳指ETF,513100.XSHG,3.292,2900.0,20200.0,,6.0,2020-03-09,2020-03,"纳指ETF
513100.XSHG"
2020-03-10 10:50:00,加仓,创业板ETF易方达,159915.XSHE,1.976,4900.0,35400.0,,7.0,2020-03-10,2020-03,"创业板ETF易方达
159915.XSHE"
2020-03-10 13:01:00,止盈,创业板ETF易方达,159915.XSHE,2.038,5000.0,30400.0,308.98,6.0,2020-03-10,2020-03,"创业板ETF易方达
159915.XSHE"
2020-03-10 13:32:00,止盈,纳指ETF,513100.XSHG,3.399,3000.0,17200.0,319.98,5.0,2020-03-10,2020-03,"纳指ETF
513100.XSHG"
2020-03-11 14:41:00,加仓,纳指ETF,513100.XSHG,3.296,2900.0,20100.0,,6.0,2020-03-11,2020-03,"纳指ETF
513100.XSHG"
2020-03-12 09:32:00,加仓,纳指ETF,513100.XSHG,3.193,3000.0,23100.0,,7.0,2020-03-12,2020-03,"纳指ETF
513100.XSHG"
2020-03-12 10:10:00,加仓,创业板ETF易方达,159915.XSHE,1.976,4900.0,35300.0,,7.0,2020-03-12,2020-03,"创业板ETF易方达
159915.XSHE"
2020-03-13 09:31:00,加仓,纳指ETF,513100.XSHG,2.987,3100.0,26200.0,,8.0,2020-03-13,2020-03,"纳指ETF
513100.XSHG"
2020-03-13 09:31:00,加仓,黄金ETF,518880.XSHG,3.463,2700.0,15300.0,,5.0,2020-03-13,2020-03,"黄金ETF
518880.XSHG"
2020-03-13 09:31:00,加仓,500ETF,510500.XSHG,5.7,1600.0,3600.0,,2.0,2020-03-13,2020-03,"500ETF
510500.XSHG"
2020-03-13 09:31:00,加仓,创业板ETF易方达,159915.XSHE,1.88,5000.0,40300.0,,8.0,2020-03-13,2020-03,"创业板ETF易方达
159915.XSHE"
2020-03-13 09:32:00,等级校准,纳指ETF,513100.XSHG,,,26200.0,,,2020-03-13,2020-03,"纳指ETF
513100.XSHG"
2020-03-13 09:32:00,等级校准,创业板ETF易方达,159915.XSHE,,,40300.0,,,2020-03-13,2020-03,"创业板ETF易方达
159915.XSHE"
2020-03-13 11:01:00,止盈,创业板ETF易方达,159915.XSHE,1.94,5300.0,35000.0,316.97,6.0,2020-03-13,2020-03,"创业板ETF易方达
159915.XSHE"
2020-03-13 13:01:00,止盈,纳指ETF,513100.XSHG,3.088,3300.0,22900.0,332.28,7.0,2020-03-13,2020-03,"纳指ETF
513100.XSHG"
2020-03-13 13:02:00,止盈,500ETF,510500.XSHG,5.884,1700.0,1900.0,311.8,1.0,2020-03-13,2020-03,"500ETF
510500.XSHG"
2020-03-13 13:07:00,止盈,纳指ETF,513100.XSHG,3.192,3200.0,19700.0,331.78,6.0,2020-03-13,2020-03,"纳指ETF
513100.XSHG"
2020-03-13 13:20:00,止盈,纳指ETF,513100.XSHG,3.296,3100.0,16600.0,321.38,5.0,2020-03-13,2020-03,"纳指ETF
513100.XSHG"
2020-03-13 14:21:00,加仓,纳指ETF,513100.XSHG,3.193,3000.0,19600.0,,6.0,2020-03-13,2020-03,"纳指ETF
513100.XSHG"
2020-03-16 13:35:00,加仓,创业板ETF易方达,159915.XSHE,1.881,5100.0,40100.0,,7.0,2020-03-16,2020-03,"创业板ETF易方达
159915.XSHE"
2020-03-16 14:00:00,加仓,500ETF,510500.XSHG,5.707,1600.0,3500.0,,2.0,2020-03-16,2020-03,"500ETF
510500.XSHG"
2020-03-16 14:31:00,加仓,纳指ETF,513100.XSHG,3.08,3100.0,22700.0,,7.0,2020-03-16,2020-03,"纳指ETF
513100.XSHG"
2020-03-17 09:31:00,加仓,黄金ETF,518880.XSHG,3.312,2800.0,18100.0,,6.0,2020-03-17,2020-03,"黄金ETF
518880.XSHG"
2020-03-17 09:40:00,加仓,创业板ETF易方达,159915.XSHE,1.819,5300.0,45400.0,,8.0,2020-03-17,2020-03,"创业板ETF易方达
159915.XSHE"
2020-03-17 10:16:00,加仓,500ETF,510500.XSHG,5.532,1700.0,5200.0,,3.0,2020-03-17,2020-03,"500ETF
510500.XSHG"
2020-03-17 10:17:00,等级校准,500ETF,510500.XSHG,,,5200.0,,,2020-03-17,2020-03,"500ETF
510500.XSHG"
2020-03-18 09:44:00,止盈,创业板ETF易方达,159915.XSHE,1.874,5400.0,40000.0,295.99,7.0,2020-03-18,2020-03,"创业板ETF易方达
159915.XSHE"
2020-03-18 09:47:00,止盈,500ETF,510500.XSHG,5.709,1800.0,3400.0,317.57,2.0,2020-03-18,2020-03,"500ETF
510500.XSHG"
2020-03-19 09:34:00,加仓,创业板ETF易方达,159915.XSHE,1.815,5300.0,45300.0,,8.0,2020-03-19,2020-03,"创业板ETF易方达
159915.XSHE"
2020-03-19 09:49:00,加仓,500ETF,510500.XSHG,5.526,1700.0,5100.0,,3.0,2020-03-19,2020-03,"500ETF
510500.XSHG"
2020-03-19 09:50:00,等级校准,500ETF,510500.XSHG,,,5100.0,,,2020-03-19,2020-03,"500ETF
510500.XSHG"
2020-03-19 11:02:00,加仓,纳指ETF,513100.XSHG,2.986,3200.0,25900.0,,8.0,2020-03-19,2020-03,"纳指ETF
513100.XSHG"
2020-03-19 11:03:00,等级校准,纳指ETF,513100.XSHG,,,25900.0,,,2020-03-19,2020-03,"纳指ETF
513100.XSHG"
2020-03-20 09:31:00,止盈,纳指ETF,513100.XSHG,3.098,3300.0,22600.0,368.58,7.0,2020-03-20,2020-03,"纳指ETF
513100.XSHG"
2020-03-23 14:39:00,加仓,创业板ETF易方达,159915.XSHE,1.76,5500.0,50800.0,,9.0,2020-03-23,2020-03,"创业板ETF易方达
159915.XSHE"
2020-03-24 09:31:00,止盈,黄金ETF,518880.XSHG,3.549,3000.0,15100.0,709.94,5.0,2020-03-24,2020-03,"黄金ETF
518880.XSHG"
2020-03-25 09:31:00,止盈,纳指ETF,513100.XSHG,3.32,3200.0,19400.0,709.34,6.0,2020-03-25,2020-03,"纳指ETF
513100.XSHG"
2020-03-25 09:31:00,止盈,创业板ETF易方达,159915.XSHE,1.846,5600.0,45200.0,480.57,8.0,2020-03-25,2020-03,"创业板ETF易方达
159915.XSHE"
2020-03-27 09:30:00,加仓,纳指ETF,513100.XSHG,3.219,3000.0,22400.0,,7.0,2020-03-27,2020-03,"纳指ETF
513100.XSHG"
2020-03-30 09:31:00,加仓,纳指ETF,513100.XSHG,3.073,3100.0,25500.0,,8.0,2020-03-30,2020-03,"纳指ETF
513100.XSHG"
2020-03-30 09:32:00,等级校准,纳指ETF,513100.XSHG,,,25500.0,,,2020-03-30,2020-03,"纳指ETF
513100.XSHG"
2020-03-30 09:46:00,加仓,创业板ETF易方达,159915.XSHE,1.79,5400.0,50600.0,,9.0,2020-03-30,2020-03,"创业板ETF易方达
159915.XSHE"
2020-04-02 14:58:00,止盈,创业板ETF易方达,159915.XSHE,1.844,5500.0,45100.0,295.99,8.0,2020-04-02,2020-04,"创业板ETF易方达
159915.XSHE"
2020-04-07 09:31:00,止盈,纳指ETF,513100.XSHG,3.194,3200.0,22300.0,386.18,7.0,2020-04-07,2020-04,"纳指ETF
513100.XSHG"
2020-04-07 09:31:00,止盈,黄金ETF,518880.XSHG,3.687,2800.0,12300.0,385.37,4.0,2020-04-07,2020-04,"黄金ETF
518880.XSHG"
2020-04-07 13:56:00,止盈,500ETF,510500.XSHG,5.692,1800.0,3300.0,297.78,1.0,2020-04-07,2020-04,"500ETF
510500.XSHG"
2020-04-08 13:53:00,止盈,创业板ETF易方达,159915.XSHE,1.9,5400.0,39700.0,301.37,7.0,2020-04-08,2020-04,"创业板ETF易方达
159915.XSHE"
2020-04-13 09:35:00,加仓,纳指ETF,513100.XSHG,3.093,3100.0,25400.0,,8.0,2020-04-13,2020-04,"纳指ETF
513100.XSHG"
2020-04-13 09:36:00,等级校准,纳指ETF,513100.XSHG,,,25400.0,,,2020-04-13,2020-04,"纳指ETF
513100.XSHG"
2020-04-13 13:32:00,加仓,创业板ETF易方达,159915.XSHE,1.843,5200.0,44900.0,,8.0,2020-04-13,2020-04,"创业板ETF易方达
159915.XSHE"
2020-04-14 13:57:00,止盈,创业板ETF易方达,159915.XSHE,1.899,5400.0,39500.0,301.37,7.0,2020-04-14,2020-04,"创业板ETF易方达
159915.XSHE"
2020-04-15 09:31:00,止盈,纳指ETF,513100.XSHG,3.205,3200.0,22200.0,357.37,7.0,2020-04-15,2020-04,"纳指ETF
513100.XSHG"
2020-04-17 09:31:00,止盈,纳指ETF,513100.XSHG,3.342,3100.0,19100.0,423.66,6.0,2020-04-17,2020-04,"纳指ETF
513100.XSHG"
2020-04-17 09:34:00,止盈,创业板ETF易方达,159915.XSHE,1.957,5200.0,34300.0,300.58,6.0,2020-04-17,2020-04,"创业板ETF易方达
159915.XSHE"
2020-04-23 09:32:00,止盈,纳指ETF,513100.XSHG,3.454,2900.0,16200.0,323.8,5.0,2020-04-23,2020-04,"纳指ETF
513100.XSHG"
2020-04-27 13:03:00,止盈,纳指ETF,513100.XSHG,3.563,2800.0,13400.0,304.2,4.0,2020-04-27,2020-04,"纳指ETF
513100.XSHG"
2020-04-28 10:00:00,加仓,创业板ETF易方达,159915.XSHE,1.894,5100.0,39400.0,,7.0,2020-04-28,2020-04,"创业板ETF易方达
159915.XSHE"
2020-04-28 10:58:00,止盈,创业板ETF易方达,159915.XSHE,1.951,5200.0,34200.0,295.39,6.0,2020-04-28,2020-04,"创业板ETF易方达
159915.XSHE"
2020-04-29 09:32:00,止盈,纳指ETF,513100.XSHG,3.696,2800.0,10600.0,371.37,3.0,2020-04-29,2020-04,"纳指ETF
513100.XSHG"
2020-04-30 09:31:00,止盈,纳指ETF,513100.XSHG,3.842,2700.0,7900.0,393.16,3.0,2020-04-30,2020-04,"纳指ETF
513100.XSHG"
2020-04-30 14:34:00,加仓,纳指ETF,513100.XSHG,3.724,2600.0,10500.0,,4.0,2020-04-30,2020-04,"纳指ETF
513100.XSHG"
2020-05-06 11:28:00,止盈,创业板ETF易方达,159915.XSHE,2.01,5100.0,29100.0,299.87,5.0,2020-05-06,2020-05,"创业板ETF易方达
159915.XSHE"
2020-05-06 13:46:00,止盈,500ETF,510500.XSHG,5.866,1700.0,1600.0,294.8,1.0,2020-05-06,2020-05,"500ETF
510500.XSHG"
2020-05-13 09:34:00,加仓,纳指ETF,513100.XSHG,3.61,2600.0,13100.0,,5.0,2020-05-13,2020-05,"纳指ETF
513100.XSHG"
2020-05-13 09:35:00,等级校准,纳指ETF,513100.XSHG,,,13100.0,,,2020-05-13,2020-05,"纳指ETF
513100.XSHG"
2020-05-15 09:31:00,止盈,黄金ETF,518880.XSHG,3.82,2700.0,9600.0,358.07,3.0,2020-05-15,2020-05,"黄金ETF
518880.XSHG"
2020-05-18 10:12:00,止盈,黄金ETF,518880.XSHG,3.937,2600.0,7000.0,303.18,2.0,2020-05-18,2020-05,"黄金ETF
518880.XSHG"
2020-05-19 09:34:00,止盈,纳指ETF,513100.XSHG,3.72,2700.0,10400.0,296.0,4.0,2020-05-19,2020-05,"纳指ETF
513100.XSHG"
2020-05-20 09:32:00,止盈,创业板ETF易方达,159915.XSHE,2.071,4900.0,24200.0,297.89,5.0,2020-05-20,2020-05,"创业板ETF易方达
159915.XSHE"
2020-05-22 09:46:00,加仓,创业板ETF易方达,159915.XSHE,2.005,4800.0,29000.0,,6.0,2020-05-22,2020-05,"创业板ETF易方达
159915.XSHE"
2020-05-22 09:47:00,等级校准,创业板ETF易方达,159915.XSHE,,,29000.0,,,2020-05-22,2020-05,"创业板ETF易方达
159915.XSHE"
2020-05-22 14:42:00,加仓,纳指ETF,513100.XSHG,3.603,2600.0,13000.0,,5.0,2020-05-22,2020-05,"纳指ETF
513100.XSHG"
2020-05-22 14:43:00,等级校准,纳指ETF,513100.XSHG,,,13000.0,,,2020-05-22,2020-05,"纳指ETF
513100.XSHG"
2020-05-25 14:58:00,止盈,纳指ETF,513100.XSHG,3.715,2700.0,10300.0,301.4,3.0,2020-05-25,2020-05,"纳指ETF
513100.XSHG"
2020-05-27 13:50:00,止盈,纳指ETF,513100.XSHG,3.834,2600.0,7700.0,308.4,2.0,2020-05-27,2020-05,"纳指ETF
513100.XSHG"
2020-06-01 10:51:00,止盈,创业板ETF易方达,159915.XSHE,2.066,4900.0,24100.0,297.89,5.0,2020-06-01,2020-06,"创业板ETF易方达
159915.XSHE"
2020-06-01 11:26:00,止盈（部分）,500ETF,510500.XSHG,6.042,1600.0,0.0,280.63,0.0,2020-06-01,2020-06,"500ETF
510500.XSHG"
2020-06-01 11:26:00,清仓,500ETF,510500.XSHG,,,,,0.0,2020-06-01,2020-06,"500ETF
510500.XSHG"
2020-06-01 11:27:00,重装建仓,500ETF,510500.XSHG,6.043,13200.0,13200.0,,,2020-06-01,2020-06,"500ETF
510500.XSHG"
2020-06-01 11:28:00,底仓到账,500ETF,510500.XSHG,,,13200.0,,8.0,2020-06-01,2020-06,"500ETF
510500.XSHG"
2020-06-04 09:31:00,加仓,黄金ETF,518880.XSHG,3.818,2500.0,9500.0,,3.0,2020-06-04,2020-06,"黄金ETF
518880.XSHG"
2020-06-11 09:42:00,止盈,创业板ETF易方达,159915.XSHE,2.128,4800.0,19300.0,296.58,4.0,2020-06-11,2020-06,"创业板ETF易方达
159915.XSHE"
2020-06-12 09:31:00,加仓,纳指ETF,513100.XSHG,3.657,2600.0,10300.0,,3.0,2020-06-12,2020-06,"纳指ETF
513100.XSHG"
2020-06-16 09:54:00,止盈,纳指ETF,513100.XSHG,3.77,2700.0,7600.0,304.08,2.0,2020-06-16,2020-06,"纳指ETF
513100.XSHG"
2020-06-17 09:44:00,止盈,创业板ETF易方达,159915.XSHE,2.194,4600.0,14700.0,302.59,3.0,2020-06-17,2020-06,"创业板ETF易方达
159915.XSHE"
2020-06-17 10:08:00,止盈,500ETF,510500.XSHG,6.227,1600.0,11600.0,293.4,7.0,2020-06-17,2020-06,"500ETF
510500.XSHG"
2020-06-22 09:39:00,止盈,创业板ETF易方达,159915.XSHE,2.26,4500.0,10200.0,295.98,2.0,2020-06-22,2020-06,"创业板ETF易方达
159915.XSHE"
2020-06-30 09:44:00,止盈,创业板ETF易方达,159915.XSHE,2.329,4400.0,5800.0,302.58,1.0,2020-06-30,2020-06,"创业板ETF易方达
159915.XSHE"
2020-06-30 11:27:00,止盈,500ETF,510500.XSHG,6.414,1600.0,10000.0,298.17,6.0,2020-06-30,2020-06,"500ETF
510500.XSHG"
2020-07-01 13:02:00,止盈,黄金ETF,518880.XSHG,3.933,2600.0,6900.0,297.98,2.0,2020-07-01,2020-07,"黄金ETF
518880.XSHG"
2020-07-03 14:34:00,止盈,500ETF,510500.XSHG,6.609,1500.0,8500.0,291.51,5.0,2020-07-03,2020-07,"500ETF
510500.XSHG"
2020-07-06 09:57:00,止盈,创业板ETF易方达,159915.XSHE,2.404,4200.0,1600.0,313.99,1.0,2020-07-06,2020-07,"创业板ETF易方达
159915.XSHE"
2020-07-06 10:20:00,止盈,500ETF,510500.XSHG,6.809,1500.0,7000.0,298.98,5.0,2020-07-06,2020-07,"500ETF
510500.XSHG"
2020-07-07 09:31:00,止盈,500ETF,510500.XSHG,7.014,1400.0,5600.0,286.02,4.0,2020-07-07,2020-07,"500ETF
510500.XSHG"
2020-07-07 09:40:00,止盈（部分）,创业板ETF易方达,159915.XSHE,2.477,1600.0,0.0,116.4,0.0,2020-07-07,2020-07,"创业板ETF易方达
159915.XSHE"
2020-07-07 09:40:00,清仓,创业板ETF易方达,159915.XSHE,,,,,0.0,2020-07-07,2020-07,"创业板ETF易方达
159915.XSHE"
2020-07-07 09:41:00,重装建仓,创业板ETF易方达,159915.XSHE,2.483,32200.0,32200.0,,,2020-07-07,2020-07,"创业板ETF易方达
159915.XSHE"
2020-07-07 09:42:00,底仓到账,创业板ETF易方达,159915.XSHE,,,32200.0,,8.0,2020-07-07,2020-07,"创业板ETF易方达
159915.XSHE"
2020-07-08 14:08:00,止盈,创业板ETF易方达,159915.XSHE,2.558,4000.0,28200.0,298.98,7.0,2020-07-08,2020-07,"创业板ETF易方达
159915.XSHE"
2020-07-09 09:52:00,止盈,500ETF,510500.XSHG,7.229,1400.0,4200.0,299.99,3.0,2020-07-09,2020-07,"500ETF
510500.XSHG"
2020-07-09 11:02:00,止盈,创业板ETF易方达,159915.XSHE,2.635,3900.0,24300.0,299.27,6.0,2020-07-09,2020-07,"创业板ETF易方达
159915.XSHE"
2020-07-13 09:31:00,止盈,纳指ETF,513100.XSHG,3.904,2600.0,5000.0,347.38,2.0,2020-07-13,2020-07,"纳指ETF
513100.XSHG"
2020-07-13 09:32:00,止盈,创业板ETF易方达,159915.XSHE,2.718,3700.0,20600.0,306.09,5.0,2020-07-13,2020-07,"创业板ETF易方达
159915.XSHE"
2020-07-13 10:20:00,止盈,500ETF,510500.XSHG,7.448,1300.0,2900.0,283.73,2.0,2020-07-13,2020-07,"500ETF
510500.XSHG"
2020-07-13 14:01:00,止盈,创业板ETF易方达,159915.XSHE,2.8,3600.0,17000.0,294.19,4.0,2020-07-13,2020-07,"创业板ETF易方达
159915.XSHE"
2020-07-14 13:41:00,加仓,创业板ETF易方达,159915.XSHE,2.712,3500.0,20500.0,,5.0,2020-07-14,2020-07,"创业板ETF易方达
159915.XSHE"
2020-07-15 10:09:00,止盈,创业板ETF易方达,159915.XSHE,2.795,3600.0,16900.0,297.79,4.0,2020-07-15,2020-07,"创业板ETF易方达
159915.XSHE"
2020-07-15 11:15:00,加仓,创业板ETF易方达,159915.XSHE,2.71,3500.0,20400.0,,5.0,2020-07-15,2020-07,"创业板ETF易方达
159915.XSHE"
2020-07-15 13:52:00,止盈,创业板ETF易方达,159915.XSHE,2.792,3600.0,16800.0,294.19,4.0,2020-07-15,2020-07,"创业板ETF易方达
159915.XSHE"
2020-07-16 09:33:00,加仓,创业板ETF易方达,159915.XSHE,2.706,3500.0,20300.0,,5.0,2020-07-16,2020-07,"创业板ETF易方达
159915.XSHE"
2020-07-16 11:17:00,加仓,500ETF,510500.XSHG,7.224,1300.0,4200.0,,3.0,2020-07-16,2020-07,"500ETF
510500.XSHG"
2020-07-16 13:30:00,加仓,创业板ETF易方达,159915.XSHE,2.619,3600.0,23900.0,,6.0,2020-07-16,2020-07,"创业板ETF易方达
159915.XSHE"
2020-07-16 14:22:00,加仓,500ETF,510500.XSHG,7.001,1300.0,5500.0,,4.0,2020-07-16,2020-07,"500ETF
510500.XSHG"
2020-07-16 14:23:00,等级校准,500ETF,510500.XSHG,,,5500.0,,,2020-07-16,2020-07,"500ETF
510500.XSHG"
2020-07-17 13:32:00,加仓,创业板ETF易方达,159915.XSHE,2.54,3800.0,27700.0,,7.0,2020-07-17,2020-07,"创业板ETF易方达
159915.XSHE"
2020-07-20 09:31:00,止盈,创业板ETF易方达,159915.XSHE,2.619,3900.0,23800.0,307.08,6.0,2020-07-20,2020-07,"创业板ETF易方达
159915.XSHE"
2020-07-20 10:01:00,加仓,创业板ETF易方达,159915.XSHE,2.534,3800.0,27600.0,,7.0,2020-07-20,2020-07,"创业板ETF易方达
159915.XSHE"
2020-07-21 09:31:00,止盈,创业板ETF易方达,159915.XSHE,2.617,3900.0,23700.0,322.68,6.0,2020-07-21,2020-07,"创业板ETF易方达
159915.XSHE"
2020-07-21 09:37:00,止盈,500ETF,510500.XSHG,7.213,1400.0,4100.0,295.79,3.0,2020-07-21,2020-07,"500ETF
510500.XSHG"
2020-07-22 09:31:00,止盈,黄金ETF,518880.XSHG,4.051,2500.0,4400.0,293.99,1.0,2020-07-22,2020-07,"黄金ETF
518880.XSHG"
2020-07-22 10:44:00,止盈,创业板ETF易方达,159915.XSHE,2.698,3800.0,19900.0,306.77,5.0,2020-07-22,2020-07,"创业板ETF易方达
159915.XSHE"
2020-07-23 11:01:00,加仓,创业板ETF易方达,159915.XSHE,2.615,3700.0,23600.0,,6.0,2020-07-23,2020-07,"创业板ETF易方达
159915.XSHE"
2020-07-23 14:07:00,止盈,创业板ETF易方达,159915.XSHE,2.694,3800.0,19800.0,299.18,5.0,2020-07-23,2020-07,"创业板ETF易方达
159915.XSHE"
2020-07-24 11:14:00,加仓,创业板ETF易方达,159915.XSHE,2.612,3700.0,23500.0,,6.0,2020-07-24,2020-07,"创业板ETF易方达
159915.XSHE"
2020-07-24 13:12:00,加仓,500ETF,510500.XSHG,6.994,1300.0,5400.0,,4.0,2020-07-24,2020-07,"500ETF
510500.XSHG"
2020-07-24 13:13:00,等级校准,500ETF,510500.XSHG,,,5400.0,,,2020-07-24,2020-07,"500ETF
510500.XSHG"
2020-07-24 14:10:00,加仓,创业板ETF易方达,159915.XSHE,2.529,3800.0,27300.0,,7.0,2020-07-24,2020-07,"创业板ETF易方达
159915.XSHE"
2020-07-27 09:46:00,止盈,黄金ETF,518880.XSHG,4.173,2400.0,2000.0,291.8,1.0,2020-07-27,2020-07,"黄金ETF
518880.XSHG"
2020-07-29 09:53:00,止盈,创业板ETF易方达,159915.XSHE,2.605,3900.0,23400.0,295.38,6.0,2020-07-29,2020-07,"创业板ETF易方达
159915.XSHE"
2020-07-30 09:32:00,止盈,500ETF,510500.XSHG,7.205,1400.0,4000.0,294.39,3.0,2020-07-30,2020-07,"500ETF
510500.XSHG"
2020-07-30 09:32:00,止盈,创业板ETF易方达,159915.XSHE,2.685,3800.0,19600.0,302.98,5.0,2020-07-30,2020-07,"创业板ETF易方达
159915.XSHE"
2020-08-03 11:12:00,止盈,创业板ETF易方达,159915.XSHE,2.766,3700.0,15900.0,298.68,4.0,2020-08-03,2020-08,"创业板ETF易方达
159915.XSHE"
2020-08-05 09:31:00,止盈（部分）,黄金ETF,518880.XSHG,4.3,2000.0,0.0,253.14,0.0,2020-08-05,2020-08,"黄金ETF
518880.XSHG"
2020-08-05 09:31:00,清仓,黄金ETF,518880.XSHG,,,,,0.0,2020-08-05,2020-08,"黄金ETF
518880.XSHG"
2020-08-05 09:32:00,重装建仓,黄金ETF,518880.XSHG,4.299,18600.0,18600.0,,,2020-08-05,2020-08,"黄金ETF
518880.XSHG"
2020-08-05 09:33:00,底仓到账,黄金ETF,518880.XSHG,,,18600.0,,8.0,2020-08-05,2020-08,"黄金ETF
518880.XSHG"
2020-08-05 11:26:00,止盈,500ETF,510500.XSHG,7.426,1300.0,2700.0,286.33,2.0,2020-08-05,2020-08,"500ETF
510500.XSHG"
2020-08-07 10:00:00,加仓,创业板ETF易方达,159915.XSHE,2.683,3600.0,19500.0,,5.0,2020-08-07,2020-08,"创业板ETF易方达
159915.XSHE"
2020-08-11 14:52:00,加仓,创业板ETF易方达,159915.XSHE,2.6,3700.0,23200.0,,6.0,2020-08-11,2020-08,"创业板ETF易方达
159915.XSHE"
2020-08-12 09:31:00,加仓,黄金ETF,518880.XSHG,4.02,2300.0,20900.0,,9.0,2020-08-12,2020-08,"黄金ETF
518880.XSHG"
2020-08-12 09:32:00,等级校准,黄金ETF,518880.XSHG,,,20900.0,,,2020-08-12,2020-08,"黄金ETF
518880.XSHG"
2020-08-12 09:42:00,加仓,500ETF,510500.XSHG,7.198,1300.0,4000.0,,3.0,2020-08-12,2020-08,"500ETF
510500.XSHG"
2020-08-12 10:22:00,加仓,创业板ETF易方达,159915.XSHE,2.522,3800.0,27000.0,,7.0,2020-08-12,2020-08,"创业板ETF易方达
159915.XSHE"
2020-08-12 10:23:00,等级校准,创业板ETF易方达,159915.XSHE,,,27000.0,,,2020-08-12,2020-08,"创业板ETF易方达
159915.XSHE"
2020-08-13 09:31:00,止盈,纳指ETF,513100.XSHG,4.036,2500.0,2500.0,328.99,1.0,2020-08-13,2020-08,"纳指ETF
513100.XSHG"
2020-08-14 09:31:00,止盈,黄金ETF,518880.XSHG,4.141,2400.0,18500.0,289.41,7.0,2020-08-14,2020-08,"黄金ETF
518880.XSHG"
2020-08-17 10:58:00,止盈,创业板ETF易方达,159915.XSHE,2.598,3900.0,23100.0,295.39,6.0,2020-08-17,2020-08,"创业板ETF易方达
159915.XSHE"
2020-08-18 09:33:00,止盈,500ETF,510500.XSHG,7.419,1300.0,2700.0,286.34,2.0,2020-08-18,2020-08,"500ETF
510500.XSHG"
2020-08-20 09:31:00,加仓,创业板ETF易方达,159915.XSHE,2.502,3800.0,26900.0,,7.0,2020-08-20,2020-08,"创业板ETF易方达
159915.XSHE"
2020-08-20 09:32:00,等级校准,创业板ETF易方达,159915.XSHE,,,26900.0,,,2020-08-20,2020-08,"创业板ETF易方达
159915.XSHE"
2020-08-21 09:54:00,止盈,纳指ETF,513100.XSHG,4.159,2400.0,100.0,294.2,1.0,2020-08-21,2020-08,"纳指ETF
513100.XSHG"
2020-08-24 09:37:00,止盈（部分）,纳指ETF,513100.XSHG,4.295,100.0,0.0,13.5,0.0,2020-08-24,2020-08,"纳指ETF
513100.XSHG"
2020-08-24 09:37:00,清仓,纳指ETF,513100.XSHG,,,,,0.0,2020-08-24,2020-08,"纳指ETF
513100.XSHG"
2020-08-24 09:38:00,重装建仓,纳指ETF,513100.XSHG,4.324,18500.0,18500.0,,,2020-08-24,2020-08,"纳指ETF
513100.XSHG"
2020-08-24 09:39:00,底仓到账,纳指ETF,513100.XSHG,,,18500.0,,8.0,2020-08-24,2020-08,"纳指ETF
513100.XSHG"
2020-08-24 10:46:00,止盈,创业板ETF易方达,159915.XSHE,2.579,3900.0,23000.0,299.29,6.0,2020-08-24,2020-08,"创业板ETF易方达
159915.XSHE"
2020-08-25 09:32:00,止盈,纳指ETF,513100.XSHG,4.531,2300.0,16200.0,475.06,7.0,2020-08-25,2020-08,"纳指ETF
513100.XSHG"
2020-08-26 09:31:00,止盈,纳指ETF,513100.XSHG,4.69,2200.0,14000.0,348.77,6.0,2020-08-26,2020-08,"纳指ETF
513100.XSHG"
2020-08-26 10:10:00,加仓,纳指ETF,513100.XSHG,4.549,2100.0,16100.0,,7.0,2020-08-26,2020-08,"纳指ETF
513100.XSHG"
2020-08-26 13:51:00,加仓,500ETF,510500.XSHG,7.191,1300.0,4000.0,,3.0,2020-08-26,2020-08,"500ETF
510500.XSHG"
2020-08-27 11:01:00,止盈,纳指ETF,513100.XSHG,4.688,2100.0,14000.0,290.92,6.0,2020-08-27,2020-08,"纳指ETF
513100.XSHG"
2020-08-28 10:40:00,止盈,纳指ETF,513100.XSHG,4.834,2100.0,11900.0,305.58,5.0,2020-08-28,2020-08,"纳指ETF
513100.XSHG"
2020-08-28 14:11:00,止盈,创业板ETF易方达,159915.XSHE,2.657,3800.0,19200.0,295.39,5.0,2020-08-28,2020-08,"创业板ETF易方达
159915.XSHE"
2020-08-31 09:34:00,止盈,500ETF,510500.XSHG,7.408,1300.0,2700.0,281.14,2.0,2020-08-31,2020-08,"500ETF
510500.XSHG"
2020-08-31 10:26:00,止盈,纳指ETF,513100.XSHG,4.988,2000.0,9900.0,307.0,4.0,2020-08-31,2020-08,"纳指ETF
513100.XSHG"
2020-09-01 09:32:00,止盈,纳指ETF,513100.XSHG,5.218,2000.0,7900.0,458.96,4.0,2020-09-01,2020-09,"纳指ETF
513100.XSHG"
2020-09-01 13:50:00,加仓,纳指ETF,513100.XSHG,5.009,1900.0,9800.0,,5.0,2020-09-01,2020-09,"纳指ETF
513100.XSHG"
2020-09-02 09:31:00,止盈,纳指ETF,513100.XSHG,5.17,1900.0,7900.0,304.92,4.0,2020-09-02,2020-09,"纳指ETF
513100.XSHG"
2020-09-03 14:02:00,止盈,纳指ETF,513100.XSHG,5.338,1900.0,6000.0,318.19,3.0,2020-09-03,2020-09,"纳指ETF
513100.XSHG"
2020-09-04 09:31:00,加仓,纳指ETF,513100.XSHG,4.953,1800.0,7800.0,,4.0,2020-09-04,2020-09,"纳指ETF
513100.XSHG"
2020-09-04 09:32:00,等级校准,纳指ETF,513100.XSHG,,,7800.0,,,2020-09-04,2020-09,"纳指ETF
513100.XSHG"
2020-09-04 14:40:00,加仓,纳指ETF,513100.XSHG,4.799,2000.0,9800.0,,4.0,2020-09-04,2020-09,"纳指ETF
513100.XSHG"
2020-09-07 10:36:00,加仓,纳指ETF,513100.XSHG,4.645,2000.0,11800.0,,5.0,2020-09-07,2020-09,"纳指ETF
513100.XSHG"
2020-09-07 13:26:00,加仓,纳指ETF,513100.XSHG,4.505,2100.0,13900.0,,6.0,2020-09-07,2020-09,"纳指ETF
513100.XSHG"
2020-09-07 14:08:00,加仓,500ETF,510500.XSHG,7.18,1300.0,4000.0,,3.0,2020-09-07,2020-09,"500ETF
510500.XSHG"
2020-09-07 14:10:00,加仓,创业板ETF易方达,159915.XSHE,2.576,3700.0,22900.0,,6.0,2020-09-07,2020-09,"创业板ETF易方达
159915.XSHE"
2020-09-08 14:40:00,止盈,纳指ETF,513100.XSHG,4.641,2200.0,11700.0,298.18,5.0,2020-09-08,2020-09,"纳指ETF
513100.XSHG"
2020-09-09 09:31:00,加仓,纳指ETF,513100.XSHG,4.393,2100.0,13800.0,,6.0,2020-09-09,2020-09,"纳指ETF
513100.XSHG"
2020-09-09 09:42:00,加仓,创业板ETF易方达,159915.XSHE,2.498,3800.0,26700.0,,7.0,2020-09-09,2020-09,"创业板ETF易方达
159915.XSHE"
2020-09-09 09:43:00,等级校准,创业板ETF易方达,159915.XSHE,,,26700.0,,,2020-09-09,2020-09,"创业板ETF易方达
159915.XSHE"
2020-09-09 10:37:00,加仓,500ETF,510500.XSHG,6.963,1300.0,5300.0,,4.0,2020-09-09,2020-09,"500ETF
510500.XSHG"
2020-09-09 10:38:00,等级校准,500ETF,510500.XSHG,,,5300.0,,,2020-09-09,2020-09,"500ETF
510500.XSHG"
2020-09-09 13:14:00,止盈,纳指ETF,513100.XSHG,4.53,2200.0,11600.0,300.4,5.0,2020-09-09,2020-09,"纳指ETF
513100.XSHG"
2020-09-10 09:33:00,止盈,纳指ETF,513100.XSHG,4.67,2200.0,9400.0,306.97,4.0,2020-09-10,2020-09,"纳指ETF
513100.XSHG"
2020-09-10 14:16:00,加仓,创业板ETF易方达,159915.XSHE,2.423,4000.0,30700.0,,7.0,2020-09-10,2020-09,"创业板ETF易方达
159915.XSHE"
2020-09-11 09:31:00,加仓,纳指ETF,513100.XSHG,4.501,2100.0,11500.0,,5.0,2020-09-11,2020-09,"纳指ETF
513100.XSHG"
2020-09-14 09:55:00,止盈,创业板ETF易方达,159915.XSHE,2.496,4100.0,26600.0,298.28,6.0,2020-09-14,2020-09,"创业板ETF易方达
159915.XSHE"
2020-09-14 14:45:00,止盈,纳指ETF,513100.XSHG,4.651,2200.0,9300.0,328.98,4.0,2020-09-14,2020-09,"纳指ETF
513100.XSHG"
2020-09-15 13:35:00,止盈,纳指ETF,513100.XSHG,4.795,2100.0,7200.0,301.39,3.0,2020-09-15,2020-09,"纳指ETF
513100.XSHG"
2020-09-16 09:32:00,止盈,纳指ETF,513100.XSHG,4.958,2000.0,5200.0,325.01,2.0,2020-09-16,2020-09,"纳指ETF
513100.XSHG"
2020-09-16 14:52:00,加仓,纳指ETF,513100.XSHG,4.76,2000.0,7200.0,,3.0,2020-09-16,2020-09,"纳指ETF
513100.XSHG"
2020-09-17 14:56:00,加仓,纳指ETF,513100.XSHG,4.613,2100.0,9300.0,,4.0,2020-09-17,2020-09,"纳指ETF
513100.XSHG"
2020-09-18 14:58:00,止盈,纳指ETF,513100.XSHG,4.756,2100.0,7200.0,299.3,3.0,2020-09-18,2020-09,"纳指ETF
513100.XSHG"
2020-09-22 09:31:00,加仓,黄金ETF,518880.XSHG,3.978,2400.0,20900.0,,8.0,2020-09-22,2020-09,"黄金ETF
518880.XSHG"
2020-09-22 14:53:00,加仓,纳指ETF,513100.XSHG,4.613,2100.0,9300.0,,4.0,2020-09-22,2020-09,"纳指ETF
513100.XSHG"
2020-09-24 13:03:00,加仓,纳指ETF,513100.XSHG,4.468,2100.0,11400.0,,5.0,2020-09-24,2020-09,"纳指ETF
513100.XSHG"
2020-09-29 10:22:00,止盈,纳指ETF,513100.XSHG,4.605,2200.0,9200.0,300.39,4.0,2020-09-29,2020-09,"纳指ETF
513100.XSHG"
2020-10-09 10:31:00,止盈,创业板ETF易方达,159915.XSHE,2.572,4000.0,22600.0,302.97,5.0,2020-10-09,2020-10,"创业板ETF易方达
159915.XSHE"
2020-10-12 11:13:00,止盈,创业板ETF易方达,159915.XSHE,2.65,3800.0,18800.0,295.39,5.0,2020-10-12,2020-10,"创业板ETF易方达
159915.XSHE"
2020-10-12 13:11:00,止盈,500ETF,510500.XSHG,7.173,1400.0,3900.0,293.0,3.0,2020-10-12,2020-10,"500ETF
510500.XSHG"
2020-10-13 09:32:00,止盈,纳指ETF,513100.XSHG,4.745,2100.0,7100.0,293.0,3.0,2020-10-13,2020-10,"纳指ETF
513100.XSHG"
2020-10-15 14:36:00,加仓,纳指ETF,513100.XSHG,4.602,2100.0,9200.0,,4.0,2020-10-15,2020-10,"纳指ETF
513100.XSHG"
2020-10-22 09:34:00,加仓,500ETF,510500.XSHG,6.955,1300.0,5200.0,,4.0,2020-10-22,2020-10,"500ETF
510500.XSHG"
2020-10-22 09:35:00,等级校准,500ETF,510500.XSHG,,,5200.0,,,2020-10-22,2020-10,"500ETF
510500.XSHG"
2020-10-22 10:04:00,加仓,创业板ETF易方达,159915.XSHE,2.57,3700.0,22500.0,,6.0,2020-10-22,2020-10,"创业板ETF易方达
159915.XSHE"
2020-10-22 10:05:00,等级校准,创业板ETF易方达,159915.XSHE,,,22500.0,,,2020-10-22,2020-10,"创业板ETF易方达
159915.XSHE"
2020-10-23 14:18:00,加仓,纳指ETF,513100.XSHG,4.459,2100.0,11300.0,,5.0,2020-10-23,2020-10,"纳指ETF
513100.XSHG"
2020-10-26 09:32:00,加仓,创业板ETF易方达,159915.XSHE,2.488,3800.0,26300.0,,6.0,2020-10-26,2020-10,"创业板ETF易方达
159915.XSHE"
2020-10-28 11:23:00,止盈,创业板ETF易方达,159915.XSHE,2.563,4000.0,22300.0,298.97,5.0,2020-10-28,2020-10,"创业板ETF易方达
159915.XSHE"
2020-10-29 09:31:00,加仓,纳指ETF,513100.XSHG,4.244,2200.0,13500.0,,6.0,2020-10-29,2020-10,"纳指ETF
513100.XSHG"
2020-10-29 09:32:00,等级校准,纳指ETF,513100.XSHG,,,13500.0,,,2020-10-29,2020-10,"纳指ETF
513100.XSHG"
2020-10-30 14:10:00,加仓,500ETF,510500.XSHG,6.744,1400.0,6600.0,,4.0,2020-10-30,2020-10,"500ETF
510500.XSHG"
2020-11-03 10:48:00,止盈,创业板ETF易方达,159915.XSHE,2.641,3900.0,18400.0,303.17,4.0,2020-11-03,2020-11,"创业板ETF易方达
159915.XSHE"
2020-11-03 14:03:00,止盈,纳指ETF,513100.XSHG,4.374,2300.0,11200.0,297.99,5.0,2020-11-03,2020-11,"纳指ETF
513100.XSHG"
2020-11-04 09:32:00,止盈,纳指ETF,513100.XSHG,4.532,2200.0,9000.0,346.6,4.0,2020-11-04,2020-11,"纳指ETF
513100.XSHG"
2020-11-04 13:40:00,止盈,纳指ETF,513100.XSHG,4.687,2200.0,6800.0,339.97,3.0,2020-11-04,2020-11,"纳指ETF
513100.XSHG"
2020-11-05 09:32:00,止盈,纳指ETF,513100.XSHG,4.847,2100.0,4700.0,334.98,2.0,2020-11-05,2020-11,"纳指ETF
513100.XSHG"
2020-11-05 09:46:00,止盈,500ETF,510500.XSHG,6.954,1400.0,5200.0,293.03,3.0,2020-11-05,2020-11,"500ETF
510500.XSHG"
2020-11-05 10:26:00,加仓,纳指ETF,513100.XSHG,4.692,2000.0,6700.0,,3.0,2020-11-05,2020-11,"纳指ETF
513100.XSHG"
2020-11-06 10:38:00,加仓,纳指ETF,513100.XSHG,4.545,2100.0,8800.0,,4.0,2020-11-06,2020-11,"纳指ETF
513100.XSHG"
2020-11-09 11:21:00,止盈,创业板ETF易方达,159915.XSHE,2.724,3700.0,14700.0,306.09,4.0,2020-11-09,2020-11,"创业板ETF易方达
159915.XSHE"
2020-11-10 09:31:00,加仓,黄金ETF,518880.XSHG,3.853,2500.0,23400.0,,9.0,2020-11-10,2020-11,"黄金ETF
518880.XSHG"
2020-11-11 09:32:00,加仓,纳指ETF,513100.XSHG,4.404,2200.0,11000.0,,5.0,2020-11-11,2020-11,"纳指ETF
513100.XSHG"
2020-11-11 10:15:00,加仓,创业板ETF易方达,159915.XSHE,2.64,3600.0,18300.0,,5.0,2020-11-11,2020-11,"创业板ETF易方达
159915.XSHE"
2020-11-11 10:16:00,等级校准,创业板ETF易方达,159915.XSHE,,,18300.0,,,2020-11-11,2020-11,"创业板ETF易方达
159915.XSHE"
2020-11-17 10:55:00,加仓,创业板ETF易方达,159915.XSHE,2.56,3700.0,22000.0,,5.0,2020-11-17,2020-11,"创业板ETF易方达
159915.XSHE"
2020-11-19 09:31:00,加仓,纳指ETF,513100.XSHG,4.262,2200.0,13200.0,,6.0,2020-11-19,2020-11,"纳指ETF
513100.XSHG"
2020-11-19 09:32:00,等级校准,纳指ETF,513100.XSHG,,,13200.0,,,2020-11-19,2020-11,"纳指ETF
513100.XSHG"
2020-11-23 13:08:00,止盈,500ETF,510500.XSHG,7.164,1400.0,3800.0,293.0,2.0,2020-11-23,2020-11,"500ETF
510500.XSHG"
2020-11-25 09:31:00,加仓,黄金ETF,518880.XSHG,3.725,2500.0,25900.0,,10.0,2020-11-25,2020-11,"黄金ETF
518880.XSHG"
2020-11-25 09:32:00,等级校准,黄金ETF,518880.XSHG,,,25900.0,,,2020-11-25,2020-11,"黄金ETF
518880.XSHG"
2020-11-26 10:55:00,加仓,500ETF,510500.XSHG,6.949,1300.0,5100.0,,3.0,2020-11-26,2020-11,"500ETF
510500.XSHG"
2020-11-30 11:00:00,加仓,黄金ETF,518880.XSHG,3.609,2600.0,28500.0,,10.0,2020-11-30,2020-11,"黄金ETF
518880.XSHG"
2020-12-02 09:31:00,止盈,纳指ETF,513100.XSHG,4.416,2300.0,10900.0,353.18,4.0,2020-12-02,2020-12,"纳指ETF
513100.XSHG"
2020-12-03 09:31:00,止盈,黄金ETF,518880.XSHG,3.728,2700.0,25800.0,320.29,9.0,2020-12-03,2020-12,"黄金ETF
518880.XSHG"
2020-12-04 13:53:00,止盈,创业板ETF易方达,159915.XSHE,2.637,3900.0,18100.0,299.27,4.0,2020-12-04,2020-12,"创业板ETF易方达
159915.XSHE"
2020-12-10 09:31:00,加仓,纳指ETF,513100.XSHG,4.204,2200.0,13100.0,,5.0,2020-12-10,2020-12,"纳指ETF
513100.XSHG"
2020-12-18 11:27:00,止盈,黄金ETF,518880.XSHG,3.84,2600.0,23200.0,290.2,8.0,2020-12-18,2020-12,"黄金ETF
518880.XSHG"
2020-12-21 10:05:00,止盈,创业板ETF易方达,159915.XSHE,2.717,3700.0,14400.0,294.99,4.0,2020-12-21,2020-12,"创业板ETF易方达
159915.XSHE"
2020-12-21 10:54:00,止盈,纳指ETF,513100.XSHG,4.333,2300.0,10800.0,295.7,4.0,2020-12-21,2020-12,"纳指ETF
513100.XSHG"
2020-12-30 13:09:00,止盈,创业板ETF易方达,159915.XSHE,2.8,3600.0,10800.0,297.79,3.0,2020-12-30,2020-12,"创业板ETF易方达
159915.XSHE"
2021-01-04 09:44:00,止盈,创业板ETF易方达,159915.XSHE,2.886,3500.0,7300.0,299.99,2.0,2021-01-04,2021-01,"创业板ETF易方达
159915.XSHE"
2021-01-04 11:08:00,止盈,创业板ETF易方达,159915.XSHE,2.976,3400.0,3900.0,304.99,1.0,2021-01-04,2021-01,"创业板ETF易方达
159915.XSHE"
2021-01-04 13:00:00,止盈,500ETF,510500.XSHG,7.158,1400.0,3700.0,291.6,2.0,2021-01-04,2021-01,"500ETF
510500.XSHG"
2021-01-08 09:31:00,止盈,创业板ETF易方达,159915.XSHE,3.07,3300.0,600.0,309.19,1.0,2021-01-08,2021-01,"创业板ETF易方达
159915.XSHE"
2021-01-11 09:31:00,加仓,黄金ETF,518880.XSHG,3.722,2600.0,25800.0,,9.0,2021-01-11,2021-01,"黄金ETF
518880.XSHG"
2021-01-11 14:12:00,加仓,创业板ETF易方达,159915.XSHE,2.977,3200.0,3800.0,,2.0,2021-01-11,2021-01,"创业板ETF易方达
159915.XSHE"
2021-01-11 14:13:00,等级校准,创业板ETF易方达,159915.XSHE,,,3800.0,,,2021-01-11,2021-01,"创业板ETF易方达
159915.XSHE"
2021-01-12 14:56:00,止盈,创业板ETF易方达,159915.XSHE,3.068,3300.0,500.0,299.29,1.0,2021-01-12,2021-01,"创业板ETF易方达
159915.XSHE"
2021-01-14 09:53:00,加仓,创业板ETF易方达,159915.XSHE,2.975,3200.0,3700.0,,2.0,2021-01-14,2021-01,"创业板ETF易方达
159915.XSHE"
2021-01-14 09:54:00,等级校准,创业板ETF易方达,159915.XSHE,,,3700.0,,,2021-01-14,2021-01,"创业板ETF易方达
159915.XSHE"
2021-01-20 09:57:00,止盈,创业板ETF易方达,159915.XSHE,3.065,3300.0,400.0,295.99,1.0,2021-01-20,2021-01,"创业板ETF易方达
159915.XSHE"
2021-01-21 11:19:00,止盈（部分）,创业板ETF易方达,159915.XSHE,3.158,400.0,0.0,37.07,0.0,2021-01-21,2021-01,"创业板ETF易方达
159915.XSHE"
2021-01-21 11:19:00,清仓,创业板ETF易方达,159915.XSHE,,,,,0.0,2021-01-21,2021-01,"创业板ETF易方达
159915.XSHE"
2021-01-21 11:20:00,重装建仓,创业板ETF易方达,159915.XSHE,3.158,25300.0,25300.0,,,2021-01-21,2021-01,"创业板ETF易方达
159915.XSHE"
2021-01-21 11:21:00,底仓到账,创业板ETF易方达,159915.XSHE,,,25300.0,,8.0,2021-01-21,2021-01,"创业板ETF易方达
159915.XSHE"
2021-01-25 09:35:00,止盈,纳指ETF,513100.XSHG,4.466,2300.0,8500.0,304.87,3.0,2021-01-25,2021-01,"纳指ETF
513100.XSHG"
2021-01-25 09:37:00,止盈,创业板ETF易方达,159915.XSHE,3.257,3100.0,22200.0,305.89,7.0,2021-01-25,2021-01,"创业板ETF易方达
159915.XSHE"
2021-01-25 10:17:00,止盈,500ETF,510500.XSHG,7.378,1300.0,2400.0,285.04,1.0,2021-01-25,2021-01,"500ETF
510500.XSHG"
2021-01-26 10:43:00,加仓,创业板ETF易方达,159915.XSHE,3.158,3000.0,25200.0,,8.0,2021-01-26,2021-01,"创业板ETF易方达
159915.XSHE"
2021-01-28 11:12:00,加仓,500ETF,510500.XSHG,7.154,1300.0,3700.0,,2.0,2021-01-28,2021-01,"500ETF
510500.XSHG"
2021-01-28 14:38:00,加仓,创业板ETF易方达,159915.XSHE,3.062,3100.0,28300.0,,9.0,2021-01-28,2021-01,"创业板ETF易方达
159915.XSHE"
2021-01-28 14:39:00,等级校准,创业板ETF易方达,159915.XSHE,,,28300.0,,,2021-01-28,2021-01,"创业板ETF易方达
159915.XSHE"
2021-01-28 14:55:00,加仓,纳指ETF,513100.XSHG,4.332,2200.0,10700.0,,4.0,2021-01-28,2021-01,"纳指ETF
513100.XSHG"
2021-01-29 14:30:00,加仓,创业板ETF易方达,159915.XSHE,2.97,3200.0,31500.0,,9.0,2021-01-29,2021-01,"创业板ETF易方达
159915.XSHE"
2021-01-29 14:31:00,加仓,500ETF,510500.XSHG,6.936,1300.0,5000.0,,3.0,2021-01-29,2021-01,"500ETF
510500.XSHG"
2021-02-01 10:01:00,止盈,创业板ETF易方达,159915.XSHE,3.06,3300.0,28200.0,295.99,8.0,2021-02-01,2021-02,"创业板ETF易方达
159915.XSHE"
2021-02-03 09:31:00,止盈,纳指ETF,513100.XSHG,4.515,2300.0,8400.0,419.86,3.0,2021-02-03,2021-02,"纳指ETF
513100.XSHG"
2021-02-03 11:21:00,止盈,500ETF,510500.XSHG,7.145,1400.0,3600.0,291.6,2.0,2021-02-03,2021-02,"500ETF
510500.XSHG"
2021-02-03 11:27:00,止盈,创业板ETF易方达,159915.XSHE,3.152,3200.0,25000.0,293.39,8.0,2021-02-03,2021-02,"创业板ETF易方达
159915.XSHE"
2021-02-04 13:10:00,加仓,创业板ETF易方达,159915.XSHE,3.055,3100.0,28100.0,,9.0,2021-02-04,2021-02,"创业板ETF易方达
159915.XSHE"
2021-02-04 13:11:00,等级校准,创业板ETF易方达,159915.XSHE,,,28100.0,,,2021-02-04,2021-02,"创业板ETF易方达
159915.XSHE"
2021-02-05 14:35:00,加仓,500ETF,510500.XSHG,6.93,1300.0,4900.0,,3.0,2021-02-05,2021-02,"500ETF
510500.XSHG"
2021-02-09 10:31:00,止盈,创业板ETF易方达,159915.XSHE,3.18,3200.0,24900.0,398.98,8.0,2021-02-09,2021-02,"创业板ETF易方达
159915.XSHE"
2021-02-09 13:13:00,止盈,500ETF,510500.XSHG,7.138,1400.0,3500.0,290.2,2.0,2021-02-09,2021-02,"500ETF
510500.XSHG"
2021-02-10 11:22:00,止盈,创业板ETF易方达,159915.XSHE,3.279,3100.0,21800.0,305.88,7.0,2021-02-10,2021-02,"创业板ETF易方达
159915.XSHE"
2021-02-18 09:31:00,止盈,500ETF,510500.XSHG,7.361,1400.0,2100.0,311.17,1.0,2021-02-18,2021-02,"500ETF
510500.XSHG"
2021-02-19 09:32:00,加仓,创业板ETF易方达,159915.XSHE,3.176,3000.0,24800.0,,8.0,2021-02-19,2021-02,"创业板ETF易方达
159915.XSHE"
2021-02-22 13:08:00,加仓,创业板ETF易方达,159915.XSHE,3.08,3100.0,27900.0,,9.0,2021-02-22,2021-02,"创业板ETF易方达
159915.XSHE"
2021-02-22 13:09:00,等级校准,创业板ETF易方达,159915.XSHE,,,27900.0,,,2021-02-22,2021-02,"创业板ETF易方达
159915.XSHE"
2021-02-24 09:55:00,加仓,创业板ETF易方达,159915.XSHE,2.984,3200.0,31100.0,,9.0,2021-02-24,2021-02,"创业板ETF易方达
159915.XSHE"
2021-02-24 10:52:00,加仓,纳指ETF,513100.XSHG,4.376,2200.0,10600.0,,4.0,2021-02-24,2021-02,"纳指ETF
513100.XSHG"
2021-02-24 14:07:00,加仓,创业板ETF易方达,159915.XSHE,2.893,3300.0,34400.0,,10.0,2021-02-24,2021-02,"创业板ETF易方达
159915.XSHE"
2021-02-26 09:31:00,加仓,500ETF,510500.XSHG,7.103,1300.0,3400.0,,2.0,2021-02-26,2021-02,"500ETF
510500.XSHG"
2021-02-26 09:37:00,加仓,创业板ETF易方达,159915.XSHE,2.806,3400.0,37800.0,,11.0,2021-02-26,2021-02,"创业板ETF易方达
159915.XSHE"
2021-02-26 09:38:00,等级校准,创业板ETF易方达,159915.XSHE,,,37800.0,,,2021-02-26,2021-02,"创业板ETF易方达
159915.XSHE"
2021-02-26 13:31:00,加仓,纳指ETF,513100.XSHG,4.243,2200.0,12800.0,,5.0,2021-02-26,2021-02,"纳指ETF
513100.XSHG"
2021-02-26 13:49:00,加仓,黄金ETF,518880.XSHG,3.61,2600.0,28400.0,,10.0,2021-02-26,2021-02,"黄金ETF
518880.XSHG"
2021-03-01 14:52:00,止盈,创业板ETF易方达,159915.XSHE,2.892,3500.0,34300.0,299.99,10.0,2021-03-01,2021-03,"创业板ETF易方达
159915.XSHE"
2021-03-02 09:31:00,止盈,纳指ETF,513100.XSHG,4.43,2300.0,10500.0,429.08,4.0,2021-03-02,2021-03,"纳指ETF
513100.XSHG"
2021-03-04 09:31:00,加仓,纳指ETF,513100.XSHG,4.258,2200.0,12700.0,,5.0,2021-03-04,2021-03,"纳指ETF
513100.XSHG"
2021-03-04 10:13:00,加仓,创业板ETF易方达,159915.XSHE,2.803,3400.0,37700.0,,11.0,2021-03-04,2021-03,"创业板ETF易方达
159915.XSHE"
2021-03-04 10:14:00,等级校准,创业板ETF易方达,159915.XSHE,,,37700.0,,,2021-03-04,2021-03,"创业板ETF易方达
159915.XSHE"
2021-03-05 09:31:00,加仓,黄金ETF,518880.XSHG,3.466,2700.0,31100.0,,11.0,2021-03-05,2021-03,"黄金ETF
518880.XSHG"
2021-03-05 09:31:00,加仓,创业板ETF易方达,159915.XSHE,2.712,3500.0,41200.0,,11.0,2021-03-05,2021-03,"创业板ETF易方达
159915.XSHE"
2021-03-05 09:34:00,加仓,纳指ETF,513100.XSHG,4.13,2300.0,15000.0,,6.0,2021-03-05,2021-03,"纳指ETF
513100.XSHG"
2021-03-05 14:04:00,止盈,创业板ETF易方达,159915.XSHE,2.794,3600.0,37600.0,294.19,10.0,2021-03-05,2021-03,"创业板ETF易方达
159915.XSHE"
2021-03-08 11:19:00,加仓,创业板ETF易方达,159915.XSHE,2.71,3500.0,41100.0,,11.0,2021-03-08,2021-03,"创业板ETF易方达
159915.XSHE"
2021-03-09 09:31:00,加仓,创业板ETF易方达,159915.XSHE,2.621,3600.0,44700.0,,12.0,2021-03-09,2021-03,"创业板ETF易方达
159915.XSHE"
2021-03-09 09:32:00,等级校准,创业板ETF易方达,159915.XSHE,,,44700.0,,,2021-03-09,2021-03,"创业板ETF易方达
159915.XSHE"
2021-03-09 09:34:00,加仓,500ETF,510500.XSHG,6.885,1400.0,4800.0,,3.0,2021-03-09,2021-03,"500ETF
510500.XSHG"
2021-03-09 09:58:00,加仓,创业板ETF易方达,159915.XSHE,2.538,3800.0,48500.0,,12.0,2021-03-09,2021-03,"创业板ETF易方达
159915.XSHE"
2021-03-09 11:13:00,止盈,创业板ETF易方达,159915.XSHE,2.615,3900.0,44600.0,299.28,11.0,2021-03-09,2021-03,"创业板ETF易方达
159915.XSHE"
2021-03-10 09:31:00,止盈,纳指ETF,513100.XSHG,4.272,2400.0,12600.0,339.77,5.0,2021-03-10,2021-03,"纳指ETF
513100.XSHG"
2021-03-11 10:32:00,止盈,黄金ETF,518880.XSHG,3.57,2800.0,28300.0,290.2,10.0,2021-03-11,2021-03,"黄金ETF
518880.XSHG"
2021-03-15 14:07:00,加仓,创业板ETF易方达,159915.XSHE,2.535,3800.0,48400.0,,12.0,2021-03-15,2021-03,"创业板ETF易方达
159915.XSHE"
2021-03-17 10:17:00,止盈,创业板ETF易方达,159915.XSHE,2.612,3900.0,44500.0,299.28,11.0,2021-03-17,2021-03,"创业板ETF易方达
159915.XSHE"
2021-03-18 09:31:00,止盈,纳指ETF,513100.XSHG,4.409,2300.0,10300.0,314.09,4.0,2021-03-18,2021-03,"纳指ETF
513100.XSHG"
2021-03-19 09:31:00,加仓,纳指ETF,513100.XSHG,4.272,2200.0,12500.0,,5.0,2021-03-19,2021-03,"纳指ETF
513100.XSHG"
2021-03-24 14:08:00,加仓,创业板ETF易方达,159915.XSHE,2.533,3800.0,48300.0,,12.0,2021-03-24,2021-03,"创业板ETF易方达
159915.XSHE"
2021-03-26 09:46:00,止盈,创业板ETF易方达,159915.XSHE,2.609,3900.0,44400.0,295.38,11.0,2021-03-26,2021-03,"创业板ETF易方达
159915.XSHE"
2021-04-01 09:37:00,止盈,创业板ETF易方达,159915.XSHE,2.69,3800.0,40600.0,306.78,10.0,2021-04-01,2021-04,"创业板ETF易方达
159915.XSHE"
2021-04-01 10:04:00,止盈,纳指ETF,513100.XSHG,4.401,2300.0,10200.0,295.69,4.0,2021-04-01,2021-04,"纳指ETF
513100.XSHG"
2021-04-06 09:31:00,止盈,纳指ETF,513100.XSHG,4.556,2200.0,8000.0,340.0,3.0,2021-04-06,2021-04,"纳指ETF
513100.XSHG"
2021-04-19 10:00:00,止盈,500ETF,510500.XSHG,7.093,1400.0,3400.0,290.21,2.0,2021-04-19,2021-04,"500ETF
510500.XSHG"
2021-04-19 10:23:00,止盈,纳指ETF,513100.XSHG,4.693,2100.0,5900.0,286.71,2.0,2021-04-19,2021-04,"纳指ETF
513100.XSHG"
2021-04-19 11:03:00,止盈,创业板ETF易方达,159915.XSHE,2.773,3700.0,36900.0,306.07,10.0,2021-04-19,2021-04,"创业板ETF易方达
159915.XSHE"
2021-04-22 09:31:00,止盈,黄金ETF,518880.XSHG,3.686,2800.0,25500.0,323.77,9.0,2021-04-22,2021-04,"黄金ETF
518880.XSHG"
2021-04-23 09:43:00,止盈,创业板ETF易方达,159915.XSHE,2.857,3600.0,33300.0,301.37,9.0,2021-04-23,2021-04,"创业板ETF易方达
159915.XSHE"
2021-04-26 09:57:00,止盈,创业板ETF易方达,159915.XSHE,2.943,3500.0,29800.0,299.97,9.0,2021-04-26,2021-04,"创业板ETF易方达
159915.XSHE"
2021-04-27 10:31:00,加仓,创业板ETF易方达,159915.XSHE,2.852,3300.0,33100.0,,10.0,2021-04-27,2021-04,"创业板ETF易方达
159915.XSHE"
2021-04-27 10:32:00,等级校准,创业板ETF易方达,159915.XSHE,,,33100.0,,,2021-04-27,2021-04,"创业板ETF易方达
159915.XSHE"
2021-04-28 10:39:00,止盈,创业板ETF易方达,159915.XSHE,2.938,3500.0,29600.0,299.97,8.0,2021-04-28,2021-04,"创业板ETF易方达
159915.XSHE"
2021-05-06 09:31:00,加仓,纳指ETF,513100.XSHG,4.5,2100.0,8000.0,,3.0,2021-05-06,2021-05,"纳指ETF
513100.XSHG"
2021-05-07 13:48:00,加仓,创业板ETF易方达,159915.XSHE,2.849,3400.0,33000.0,,9.0,2021-05-07,2021-05,"创业板ETF易方达
159915.XSHE"
2021-05-13 09:31:00,加仓,纳指ETF,513100.XSHG,4.323,2200.0,10200.0,,4.0,2021-05-13,2021-05,"纳指ETF
513100.XSHG"
2021-05-14 13:32:00,止盈,创业板ETF易方达,159915.XSHE,2.935,3500.0,29500.0,299.97,8.0,2021-05-14,2021-05,"创业板ETF易方达
159915.XSHE"
2021-05-17 09:40:00,止盈,500ETF,510500.XSHG,7.312,1400.0,2000.0,305.58,1.0,2021-05-17,2021-05,"500ETF
510500.XSHG"
2021-05-18 09:31:00,止盈,黄金ETF,518880.XSHG,3.808,2700.0,22800.0,328.37,8.0,2021-05-18,2021-05,"黄金ETF
518880.XSHG"
2021-05-18 14:46:00,止盈,纳指ETF,513100.XSHG,4.453,2300.0,7900.0,297.98,3.0,2021-05-18,2021-05,"纳指ETF
513100.XSHG"
2021-05-20 09:34:00,止盈,创业板ETF易方达,159915.XSHE,3.03,3400.0,26100.0,321.97,7.0,2021-05-20,2021-05,"创业板ETF易方达
159915.XSHE"
2021-05-25 14:05:00,止盈,创业板ETF易方达,159915.XSHE,3.121,3300.0,22800.0,299.27,7.0,2021-05-25,2021-05,"创业板ETF易方达
159915.XSHE"
2021-06-04 09:48:00,加仓,黄金ETF,518880.XSHG,3.693,2600.0,25400.0,,9.0,2021-06-04,2021-06,"黄金ETF
518880.XSHG"
2021-06-10 13:01:00,止盈,500ETF,510500.XSHG,7.532,1300.0,700.0,285.02,1.0,2021-06-10,2021-06,"500ETF
510500.XSHG"
2021-06-15 09:31:00,止盈,纳指ETF,513100.XSHG,4.613,2200.0,5700.0,350.99,2.0,2021-06-15,2021-06,"纳指ETF
513100.XSHG"
2021-06-16 14:44:00,加仓,创业板ETF易方达,159915.XSHE,3.027,3200.0,26000.0,,8.0,2021-06-16,2021-06,"创业板ETF易方达
159915.XSHE"
2021-06-16 14:45:00,等级校准,创业板ETF易方达,159915.XSHE,,,26000.0,,,2021-06-16,2021-06,"创业板ETF易方达
159915.XSHE"
2021-06-18 09:34:00,止盈,创业板ETF易方达,159915.XSHE,3.118,3300.0,22700.0,299.27,7.0,2021-06-18,2021-06,"创业板ETF易方达
159915.XSHE"
2021-06-23 10:39:00,止盈,创业板ETF易方达,159915.XSHE,3.212,3200.0,19500.0,299.77,6.0,2021-06-23,2021-06,"创业板ETF易方达
159915.XSHE"
2021-06-25 09:31:00,止盈,纳指ETF,513100.XSHG,4.761,2100.0,3600.0,309.8,1.0,2021-06-25,2021-06,"纳指ETF
513100.XSHG"
2021-06-28 10:38:00,止盈,创业板ETF易方达,159915.XSHE,3.309,3100.0,16400.0,299.67,5.0,2021-06-28,2021-06,"创业板ETF易方达
159915.XSHE"
2021-06-30 13:31:00,加仓,黄金ETF,518880.XSHG,3.582,2700.0,28100.0,,10.0,2021-06-30,2021-06,"黄金ETF
518880.XSHG"
2021-07-06 09:46:00,加仓,创业板ETF易方达,159915.XSHE,3.208,3000.0,19400.0,,6.0,2021-07-06,2021-07,"创业板ETF易方达
159915.XSHE"
2021-07-07 09:32:00,止盈,纳指ETF,513100.XSHG,4.908,2100.0,1500.0,307.67,1.0,2021-07-07,2021-07,"纳指ETF
513100.XSHG"
2021-07-07 13:46:00,止盈,创业板ETF易方达,159915.XSHE,3.307,3100.0,16300.0,305.87,5.0,2021-07-07,2021-07,"创业板ETF易方达
159915.XSHE"
2021-07-09 09:39:00,止盈,黄金ETF,518880.XSHG,3.69,2700.0,25400.0,290.6,9.0,2021-07-09,2021-07,"黄金ETF
518880.XSHG"
2021-07-12 10:14:00,止盈,创业板ETF易方达,159915.XSHE,3.408,3000.0,13300.0,301.98,4.0,2021-07-12,2021-07,"创业板ETF易方达
159915.XSHE"
2021-07-13 10:17:00,止盈（部分）,500ETF,510500.XSHG,7.759,700.0,0.0,158.36,0.0,2021-07-13,2021-07,"500ETF
510500.XSHG"
2021-07-13 10:17:00,清仓,500ETF,510500.XSHG,,,,,0.0,2021-07-13,2021-07,"500ETF
510500.XSHG"
2021-07-13 10:18:00,重装建仓,500ETF,510500.XSHG,7.761,10300.0,10300.0,,,2021-07-13,2021-07,"500ETF
510500.XSHG"
2021-07-13 10:19:00,底仓到账,500ETF,510500.XSHG,,,10300.0,,8.0,2021-07-13,2021-07,"500ETF
510500.XSHG"
2021-07-26 09:59:00,加仓,创业板ETF易方达,159915.XSHE,3.305,2900.0,16200.0,,5.0,2021-07-26,2021-07,"创业板ETF易方达
159915.XSHE"
2021-07-26 13:29:00,加仓,创业板ETF易方达,159915.XSHE,3.205,3000.0,19200.0,,6.0,2021-07-26,2021-07,"创业板ETF易方达
159915.XSHE"
2021-07-27 09:40:00,止盈,创业板ETF易方达,159915.XSHE,3.304,3100.0,16100.0,305.88,5.0,2021-07-27,2021-07,"创业板ETF易方达
159915.XSHE"
2021-07-27 14:26:00,加仓,创业板ETF易方达,159915.XSHE,3.202,3000.0,19100.0,,6.0,2021-07-27,2021-07,"创业板ETF易方达
159915.XSHE"
2021-07-28 09:31:00,加仓,500ETF,510500.XSHG,7.518,1200.0,11500.0,,9.0,2021-07-28,2021-07,"500ETF
510500.XSHG"
2021-07-28 09:32:00,等级校准,500ETF,510500.XSHG,,,11500.0,,,2021-07-28,2021-07,"500ETF
510500.XSHG"
2021-07-28 09:42:00,加仓,创业板ETF易方达,159915.XSHE,3.1,3100.0,22200.0,,7.0,2021-07-28,2021-07,"创业板ETF易方达
159915.XSHE"
2021-07-28 09:43:00,等级校准,创业板ETF易方达,159915.XSHE,,,22200.0,,,2021-07-28,2021-07,"创业板ETF易方达
159915.XSHE"
2021-07-28 10:33:00,止盈,创业板ETF易方达,159915.XSHE,3.193,3200.0,19000.0,296.58,6.0,2021-07-28,2021-07,"创业板ETF易方达
159915.XSHE"
2021-07-29 11:08:00,止盈,创业板ETF易方达,159915.XSHE,3.29,3100.0,15900.0,299.68,5.0,2021-07-29,2021-07,"创业板ETF易方达
159915.XSHE"
2021-08-02 14:12:00,止盈,创业板ETF易方达,159915.XSHE,3.391,3000.0,12900.0,301.98,4.0,2021-08-02,2021-08,"创业板ETF易方达
159915.XSHE"
2021-08-04 13:26:00,止盈,500ETF,510500.XSHG,7.744,1300.0,10200.0,292.79,8.0,2021-08-04,2021-08,"500ETF
510500.XSHG"
2021-08-09 09:31:00,加仓,黄金ETF,518880.XSHG,3.555,2700.0,28100.0,,10.0,2021-08-09,2021-08,"黄金ETF
518880.XSHG"
2021-08-12 10:12:00,止盈,500ETF,510500.XSHG,7.979,1200.0,9000.0,281.04,7.0,2021-08-12,2021-08,"500ETF
510500.XSHG"
2021-08-12 10:52:00,加仓,创业板ETF易方达,159915.XSHE,3.286,2900.0,15800.0,,5.0,2021-08-12,2021-08,"创业板ETF易方达
159915.XSHE"
2021-08-17 13:02:00,加仓,创业板ETF易方达,159915.XSHE,3.186,3000.0,18800.0,,6.0,2021-08-17,2021-08,"创业板ETF易方达
159915.XSHE"
2021-08-17 14:44:00,加仓,500ETF,510500.XSHG,7.738,1200.0,10200.0,,8.0,2021-08-17,2021-08,"500ETF
510500.XSHG"
2021-08-18 11:03:00,止盈,黄金ETF,518880.XSHG,3.662,2800.0,25300.0,298.57,9.0,2021-08-18,2021-08,"黄金ETF
518880.XSHG"
2021-08-20 11:24:00,加仓,创业板ETF易方达,159915.XSHE,3.089,3100.0,21900.0,,7.0,2021-08-20,2021-08,"创业板ETF易方达
159915.XSHE"
2021-08-20 11:25:00,等级校准,创业板ETF易方达,159915.XSHE,,,21900.0,,,2021-08-20,2021-08,"创业板ETF易方达
159915.XSHE"
2021-08-23 13:32:00,止盈,创业板ETF易方达,159915.XSHE,3.185,3200.0,18700.0,306.18,6.0,2021-08-23,2021-08,"创业板ETF易方达
159915.XSHE"
2021-08-24 09:31:00,止盈（部分）,纳指ETF,513100.XSHG,5.107,1500.0,0.0,297.73,0.0,2021-08-24,2021-08,"纳指ETF
513100.XSHG"
2021-08-24 09:31:00,清仓,纳指ETF,513100.XSHG,,,,,0.0,2021-08-24,2021-08,"纳指ETF
513100.XSHG"
2021-08-24 09:32:00,重装建仓,纳指ETF,513100.XSHG,5.111,15600.0,15600.0,,,2021-08-24,2021-08,"纳指ETF
513100.XSHG"
2021-08-24 09:33:00,底仓到账,纳指ETF,513100.XSHG,,,15600.0,,8.0,2021-08-24,2021-08,"纳指ETF
513100.XSHG"
2021-08-24 13:34:00,止盈,500ETF,510500.XSHG,7.971,1200.0,9000.0,278.64,7.0,2021-08-24,2021-08,"500ETF
510500.XSHG"
2021-08-31 11:26:00,加仓,创业板ETF易方达,159915.XSHE,3.089,3100.0,21800.0,,7.0,2021-08-31,2021-08,"创业板ETF易方达
159915.XSHE"
2021-08-31 11:27:00,等级校准,创业板ETF易方达,159915.XSHE,,,21800.0,,,2021-08-31,2021-08,"创业板ETF易方达
159915.XSHE"
2021-09-02 14:36:00,止盈,500ETF,510500.XSHG,8.212,1200.0,7800.0,288.21,6.0,2021-09-02,2021-09,"500ETF
510500.XSHG"
2021-09-08 09:57:00,止盈,500ETF,510500.XSHG,8.459,1200.0,6600.0,295.38,6.0,2021-09-08,2021-09,"500ETF
510500.XSHG"
2021-09-17 13:10:00,加仓,500ETF,510500.XSHG,8.203,1100.0,7700.0,,7.0,2021-09-17,2021-09,"500ETF
510500.XSHG"
2021-09-17 13:11:00,等级校准,500ETF,510500.XSHG,,,7700.0,,,2021-09-17,2021-09,"500ETF
510500.XSHG"
2021-09-23 09:47:00,止盈,500ETF,510500.XSHG,8.45,1200.0,6500.0,295.39,5.0,2021-09-23,2021-09,"500ETF
510500.XSHG"
2021-09-27 09:45:00,加仓,500ETF,510500.XSHG,8.193,1100.0,7600.0,,6.0,2021-09-27,2021-09,"500ETF
510500.XSHG"
2021-09-29 09:31:00,加仓,纳指ETF,513100.XSHG,4.899,1900.0,17500.0,,9.0,2021-09-29,2021-09,"纳指ETF
513100.XSHG"
2021-09-29 09:32:00,等级校准,纳指ETF,513100.XSHG,,,17500.0,,,2021-09-29,2021-09,"纳指ETF
513100.XSHG"
2021-09-29 10:42:00,加仓,500ETF,510500.XSHG,7.946,1200.0,8800.0,,7.0,2021-09-29,2021-09,"500ETF
510500.XSHG"
2021-09-29 14:14:00,加仓,黄金ETF,518880.XSHG,3.552,2700.0,28000.0,,10.0,2021-09-29,2021-09,"黄金ETF
518880.XSHG"
2021-10-08 09:52:00,止盈,创业板ETF易方达,159915.XSHE,3.183,3200.0,18600.0,299.78,6.0,2021-10-08,2021-10,"创业板ETF易方达
159915.XSHE"
2021-10-12 09:31:00,加仓,创业板ETF易方达,159915.XSHE,3.086,3100.0,21700.0,,7.0,2021-10-12,2021-10,"创业板ETF易方达
159915.XSHE"
2021-10-12 09:32:00,等级校准,创业板ETF易方达,159915.XSHE,,,21700.0,,,2021-10-12,2021-10,"创业板ETF易方达
159915.XSHE"
2021-10-15 13:23:00,止盈,创业板ETF易方达,159915.XSHE,3.179,3200.0,18500.0,296.58,5.0,2021-10-15,2021-10,"创业板ETF易方达
159915.XSHE"
2021-10-20 09:31:00,止盈,纳指ETF,513100.XSHG,5.049,2000.0,15500.0,298.99,8.0,2021-10-20,2021-10,"纳指ETF
513100.XSHG"
2021-11-01 09:32:00,止盈,纳指ETF,513100.XSHG,5.208,1900.0,13600.0,301.11,7.0,2021-11-01,2021-11,"纳指ETF
513100.XSHG"
2021-11-05 09:31:00,止盈,纳指ETF,513100.XSHG,5.37,1900.0,11700.0,306.78,6.0,2021-11-05,2021-11,"纳指ETF
513100.XSHG"
2021-11-05 10:32:00,止盈,创业板ETF易方达,159915.XSHE,3.275,3100.0,15400.0,296.58,5.0,2021-11-05,2021-11,"创业板ETF易方达
159915.XSHE"
2021-11-08 09:31:00,止盈,黄金ETF,518880.XSHG,3.671,2800.0,25200.0,332.17,9.0,2021-11-08,2021-11,"黄金ETF
518880.XSHG"
2021-11-22 11:21:00,止盈,创业板ETF易方达,159915.XSHE,3.374,3000.0,12400.0,295.99,4.0,2021-11-22,2021-11,"创业板ETF易方达
159915.XSHE"
2021-12-01 14:52:00,止盈,500ETF,510500.XSHG,8.186,1200.0,7600.0,287.02,6.0,2021-12-01,2021-12,"500ETF
510500.XSHG"
2021-12-03 09:43:00,加仓,纳指ETF,513100.XSHG,5.208,1800.0,13500.0,,7.0,2021-12-03,2021-12,"纳指ETF
513100.XSHG"
2021-12-07 10:17:00,加仓,创业板ETF易方达,159915.XSHE,3.272,2900.0,15300.0,,5.0,2021-12-07,2021-12,"创业板ETF易方达
159915.XSHE"
2021-12-10 13:34:00,止盈,创业板ETF易方达,159915.XSHE,3.372,3000.0,12300.0,298.99,4.0,2021-12-10,2021-12,"创业板ETF易方达
159915.XSHE"
2021-12-15 09:31:00,加仓,黄金ETF,518880.XSHG,3.56,2700.0,27900.0,,10.0,2021-12-15,2021-12,"黄金ETF
518880.XSHG"
2021-12-15 09:32:00,等级校准,黄金ETF,518880.XSHG,,,27900.0,,,2021-12-15,2021-12,"黄金ETF
518880.XSHG"
2021-12-20 10:45:00,加仓,创业板ETF易方达,159915.XSHE,3.27,2900.0,15200.0,,5.0,2021-12-20,2021-12,"创业板ETF易方达
159915.XSHE"
2021-12-28 09:31:00,止盈,纳指ETF,513100.XSHG,5.393,1900.0,11600.0,350.48,6.0,2021-12-28,2021-12,"纳指ETF
513100.XSHG"
2022-01-04 09:53:00,加仓,创业板ETF易方达,159915.XSHE,3.171,3000.0,18200.0,,6.0,2022-01-04,2022-01,"创业板ETF易方达
159915.XSHE"
2022-01-04 09:54:00,等级校准,创业板ETF易方达,159915.XSHE,,,18200.0,,,2022-01-04,2022-01,"创业板ETF易方达
159915.XSHE"
2022-01-05 11:19:00,加仓,创业板ETF易方达,159915.XSHE,3.075,3100.0,21300.0,,6.0,2022-01-05,2022-01,"创业板ETF易方达
159915.XSHE"
2022-01-06 09:31:00,加仓,纳指ETF,513100.XSHG,5.153,1800.0,13400.0,,7.0,2022-01-06,2022-01,"纳指ETF
513100.XSHG"
2022-01-10 09:32:00,加仓,创业板ETF易方达,159915.XSHE,2.982,3200.0,24500.0,,7.0,2022-01-10,2022-01,"创业板ETF易方达
159915.XSHE"
2022-01-14 09:31:00,加仓,纳指ETF,513100.XSHG,1.01,1900.0,68900.0,,8.0,2022-01-14,2022-01,"纳指ETF
513100.XSHG"
2022-01-14 09:32:00,等级校准,纳指ETF,513100.XSHG,,,68900.0,,,2022-01-14,2022-01,"纳指ETF
513100.XSHG"
2022-01-14 09:34:00,加仓,500ETF,510500.XSHG,7.939,1200.0,8800.0,,7.0,2022-01-14,2022-01,"500ETF
510500.XSHG"
2022-01-17 13:20:00,止盈,创业板ETF易方达,159915.XSHE,3.072,3300.0,21200.0,295.99,6.0,2022-01-17,2022-01,"创业板ETF易方达
159915.XSHE"
2022-01-19 13:12:00,加仓,创业板ETF易方达,159915.XSHE,2.978,3200.0,24400.0,,7.0,2022-01-19,2022-01,"创业板ETF易方达
159915.XSHE"
2022-01-20 09:31:00,止盈,黄金ETF,518880.XSHG,3.68,2800.0,25100.0,334.97,9.0,2022-01-20,2022-01,"黄金ETF
518880.XSHG"
2022-01-20 09:33:00,加仓,纳指ETF,513100.XSHG,0.979,9900.0,78800.0,,7.0,2022-01-20,2022-01,"纳指ETF
513100.XSHG"
2022-01-24 09:31:00,加仓,纳指ETF,513100.XSHG,0.948,10200.0,89000.0,,8.0,2022-01-24,2022-01,"纳指ETF
513100.XSHG"
2022-01-25 13:05:00,加仓,500ETF,510500.XSHG,7.7,1200.0,10000.0,,8.0,2022-01-25,2022-01,"500ETF
510500.XSHG"
2022-01-25 14:52:00,加仓,创业板ETF易方达,159915.XSHE,2.888,3300.0,27700.0,,8.0,2022-01-25,2022-01,"创业板ETF易方达
159915.XSHE"
2022-01-27 09:31:00,加仓,纳指ETF,513100.XSHG,0.913,10500.0,99500.0,,9.0,2022-01-27,2022-01,"纳指ETF
513100.XSHG"
2022-01-27 10:32:00,加仓,500ETF,510500.XSHG,7.461,1200.0,11200.0,,9.0,2022-01-27,2022-01,"500ETF
510500.XSHG"
2022-01-27 10:33:00,等级校准,500ETF,510500.XSHG,,,11200.0,,,2022-01-27,2022-01,"500ETF
510500.XSHG"
2022-01-28 10:19:00,加仓,创业板ETF易方达,159915.XSHE,2.8,3400.0,31100.0,,9.0,2022-01-28,2022-01,"创业板ETF易方达
159915.XSHE"
2022-01-28 10:20:00,等级校准,创业板ETF易方达,159915.XSHE,,,31100.0,,,2022-01-28,2022-01,"创业板ETF易方达
159915.XSHE"
2022-02-07 09:31:00,止盈,纳指ETF,513100.XSHG,0.949,10900.0,88600.0,391.37,8.0,2022-02-07,2022-02,"纳指ETF
513100.XSHG"
2022-02-07 09:40:00,止盈,创业板ETF易方达,159915.XSHE,2.885,3500.0,27600.0,296.49,8.0,2022-02-07,2022-02,"创业板ETF易方达
159915.XSHE"
2022-02-08 09:34:00,加仓,创业板ETF易方达,159915.XSHE,2.794,3400.0,31000.0,,9.0,2022-02-08,2022-02,"创业板ETF易方达
159915.XSHE"
2022-02-08 09:35:00,等级校准,创业板ETF易方达,159915.XSHE,,,31000.0,,,2022-02-08,2022-02,"创业板ETF易方达
159915.XSHE"
2022-02-08 11:12:00,加仓,创业板ETF易方达,159915.XSHE,2.71,3500.0,34500.0,,9.0,2022-02-08,2022-02,"创业板ETF易方达
159915.XSHE"
2022-02-09 14:17:00,止盈,创业板ETF易方达,159915.XSHE,2.792,3600.0,30900.0,294.19,8.0,2022-02-09,2022-02,"创业板ETF易方达
159915.XSHE"
2022-02-09 14:27:00,止盈,500ETF,510500.XSHG,7.685,1300.0,9900.0,290.2,7.0,2022-02-09,2022-02,"500ETF
510500.XSHG"
2022-02-10 09:31:00,止盈,纳指ETF,513100.XSHG,0.979,10500.0,78100.0,313.97,7.0,2022-02-10,2022-02,"纳指ETF
513100.XSHG"
2022-02-11 09:31:00,加仓,创业板ETF易方达,159915.XSHE,2.705,3500.0,34400.0,,9.0,2022-02-11,2022-02,"创业板ETF易方达
159915.XSHE"
2022-02-14 09:31:00,加仓,纳指ETF,513100.XSHG,0.931,10200.0,88300.0,,8.0,2022-02-14,2022-02,"纳指ETF
513100.XSHG"
2022-02-22 09:31:00,加仓,纳指ETF,513100.XSHG,0.903,10700.0,99000.0,,9.0,2022-02-22,2022-02,"纳指ETF
513100.XSHG"
2022-02-22 09:33:00,止盈,黄金ETF,518880.XSHG,3.791,2700.0,22400.0,298.68,8.0,2022-02-22,2022-02,"黄金ETF
518880.XSHG"
2022-02-24 09:31:00,加仓,纳指ETF,513100.XSHG,0.875,11000.0,110000.0,,10.0,2022-02-24,2022-02,"纳指ETF
513100.XSHG"
2022-02-24 09:32:00,等级校准,纳指ETF,513100.XSHG,,,110000.0,,,2022-02-24,2022-02,"纳指ETF
513100.XSHG"
2022-02-25 10:17:00,止盈,创业板ETF易方达,159915.XSHE,2.787,3600.0,30800.0,294.2,8.0,2022-02-25,2022-02,"创业板ETF易方达
159915.XSHE"
2022-03-01 09:31:00,止盈,纳指ETF,513100.XSHG,0.914,11400.0,98600.0,443.56,9.0,2022-03-01,2022-03,"纳指ETF
513100.XSHG"
2022-03-03 14:33:00,加仓,创业板ETF易方达,159915.XSHE,2.703,3500.0,34300.0,,9.0,2022-03-03,2022-03,"创业板ETF易方达
159915.XSHE"
2022-03-07 09:31:00,加仓,纳指ETF,513100.XSHG,0.88,10900.0,109500.0,,10.0,2022-03-07,2022-03,"纳指ETF
513100.XSHG"
2022-03-07 09:31:00,止盈,黄金ETF,518880.XSHG,3.935,2600.0,19800.0,373.38,7.0,2022-03-07,2022-03,"黄金ETF
518880.XSHG"
2022-03-07 09:32:00,等级校准,纳指ETF,513100.XSHG,,,109500.0,,,2022-03-07,2022-03,"纳指ETF
513100.XSHG"
2022-03-07 09:34:00,加仓,创业板ETF易方达,159915.XSHE,2.62,3600.0,37900.0,,10.0,2022-03-07,2022-03,"创业板ETF易方达
159915.XSHE"
2022-03-07 09:35:00,等级校准,创业板ETF易方达,159915.XSHE,,,37900.0,,,2022-03-07,2022-03,"创业板ETF易方达
159915.XSHE"
2022-03-07 14:38:00,加仓,创业板ETF易方达,159915.XSHE,2.54,3800.0,41700.0,,10.0,2022-03-07,2022-03,"创业板ETF易方达
159915.XSHE"
2022-03-07 14:43:00,加仓,500ETF,510500.XSHG,7.453,1300.0,11200.0,,8.0,2022-03-07,2022-03,"500ETF
510500.XSHG"
2022-03-08 11:22:00,加仓,500ETF,510500.XSHG,7.215,1300.0,12500.0,,9.0,2022-03-08,2022-03,"500ETF
510500.XSHG"
2022-03-08 13:44:00,加仓,纳指ETF,513100.XSHG,0.853,11300.0,120800.0,,10.0,2022-03-08,2022-03,"纳指ETF
513100.XSHG"
2022-03-09 10:18:00,止盈,黄金ETF,518880.XSHG,4.054,2500.0,17300.0,296.49,7.0,2022-03-09,2022-03,"黄金ETF
518880.XSHG"
2022-03-09 13:00:00,加仓,创业板ETF易方达,159915.XSHE,2.463,3900.0,45600.0,,11.0,2022-03-09,2022-03,"创业板ETF易方达
159915.XSHE"
2022-03-09 13:30:00,加仓,500ETF,510500.XSHG,6.998,1300.0,13800.0,,10.0,2022-03-09,2022-03,"500ETF
510500.XSHG"
2022-03-09 13:31:00,等级校准,500ETF,510500.XSHG,,,13800.0,,,2022-03-09,2022-03,"500ETF
510500.XSHG"
2022-03-10 09:31:00,止盈,纳指ETF,513100.XSHG,0.885,11700.0,109100.0,373.36,9.0,2022-03-10,2022-03,"纳指ETF
513100.XSHG"
2022-03-10 09:31:00,加仓,黄金ETF,518880.XSHG,3.895,2400.0,19700.0,,8.0,2022-03-10,2022-03,"黄金ETF
518880.XSHG"
2022-03-10 09:31:00,止盈,创业板ETF易方达,159915.XSHE,2.547,4000.0,41600.0,334.98,10.0,2022-03-10,2022-03,"创业板ETF易方达
159915.XSHE"
2022-03-10 09:32:00,等级校准,黄金ETF,518880.XSHG,,,19700.0,,,2022-03-10,2022-03,"黄金ETF
518880.XSHG"
2022-03-10 09:32:00,止盈,500ETF,510500.XSHG,7.21,1400.0,12400.0,295.79,9.0,2022-03-10,2022-03,"500ETF
510500.XSHG"
2022-03-15 09:31:00,加仓,纳指ETF,513100.XSHG,0.853,11200.0,120300.0,,10.0,2022-03-15,2022-03,"纳指ETF
513100.XSHG"
2022-03-15 09:31:00,加仓,创业板ETF易方达,159915.XSHE,2.457,3900.0,45500.0,,11.0,2022-03-15,2022-03,"创业板ETF易方达
159915.XSHE"
2022-03-15 09:32:00,加仓,500ETF,510500.XSHG,6.974,1300.0,13700.0,,10.0,2022-03-15,2022-03,"500ETF
510500.XSHG"
2022-03-15 09:33:00,等级校准,500ETF,510500.XSHG,,,13700.0,,,2022-03-15,2022-03,"500ETF
510500.XSHG"
2022-03-15 10:36:00,止盈,创业板ETF易方达,159915.XSHE,2.531,4000.0,41500.0,294.99,10.0,2022-03-15,2022-03,"创业板ETF易方达
159915.XSHE"
2022-03-15 13:47:00,加仓,500ETF,510500.XSHG,6.725,1400.0,15100.0,,10.0,2022-03-15,2022-03,"500ETF
510500.XSHG"
2022-03-15 13:53:00,加仓,创业板ETF易方达,159915.XSHE,2.454,3900.0,45400.0,,11.0,2022-03-15,2022-03,"创业板ETF易方达
159915.XSHE"
2022-03-16 13:46:00,止盈,纳指ETF,513100.XSHG,0.879,11700.0,108600.0,303.17,9.0,2022-03-16,2022-03,"纳指ETF
513100.XSHG"
2022-03-16 13:47:00,止盈,创业板ETF易方达,159915.XSHE,2.528,4000.0,41400.0,294.99,10.0,2022-03-16,2022-03,"创业板ETF易方达
159915.XSHE"
2022-03-16 14:18:00,止盈,500ETF,510500.XSHG,6.931,1400.0,13700.0,287.43,9.0,2022-03-16,2022-03,"500ETF
510500.XSHG"
2022-03-17 09:32:00,止盈,纳指ETF,513100.XSHG,0.906,11300.0,97300.0,304.08,8.0,2022-03-17,2022-03,"纳指ETF
513100.XSHG"
2022-03-17 09:32:00,止盈,创业板ETF易方达,159915.XSHE,2.606,3900.0,37500.0,303.18,9.0,2022-03-17,2022-03,"创业板ETF易方达
159915.XSHE"
2022-03-17 13:15:00,止盈,500ETF,510500.XSHG,7.141,1400.0,12300.0,293.0,8.0,2022-03-17,2022-03,"500ETF
510500.XSHG"
2022-03-23 09:31:00,止盈,纳指ETF,513100.XSHG,0.953,11000.0,86300.0,515.95,8.0,2022-03-23,2022-03,"纳指ETF
513100.XSHG"
2022-03-28 09:33:00,加仓,创业板ETF易方达,159915.XSHE,2.526,3800.0,41300.0,,10.0,2022-03-28,2022-03,"创业板ETF易方达
159915.XSHE"
2022-03-30 09:31:00,止盈,纳指ETF,513100.XSHG,0.992,10400.0,75900.0,404.57,7.0,2022-03-30,2022-03,"纳指ETF
513100.XSHG"
2022-03-30 14:11:00,止盈,创业板ETF易方达,159915.XSHE,2.602,3900.0,37400.0,295.39,9.0,2022-03-30,2022-03,"创业板ETF易方达
159915.XSHE"
2022-04-07 09:31:00,加仓,纳指ETF,513100.XSHG,0.944,10000.0,85900.0,,8.0,2022-04-07,2022-04,"纳指ETF
513100.XSHG"
2022-04-07 10:06:00,加仓,创业板ETF易方达,159915.XSHE,2.521,3800.0,41200.0,,10.0,2022-04-07,2022-04,"创业板ETF易方达
159915.XSHE"
2022-04-08 10:02:00,加仓,500ETF,510500.XSHG,6.924,1400.0,13700.0,,9.0,2022-04-08,2022-04,"500ETF
510500.XSHG"
2022-04-11 09:32:00,加仓,创业板ETF易方达,159915.XSHE,2.444,3900.0,45100.0,,11.0,2022-04-11,2022-04,"创业板ETF易方达
159915.XSHE"
2022-04-12 09:31:00,加仓,纳指ETF,513100.XSHG,0.91,10500.0,96400.0,,9.0,2022-04-12,2022-04,"纳指ETF
513100.XSHG"
2022-04-12 09:32:00,等级校准,纳指ETF,513100.XSHG,,,96400.0,,,2022-04-12,2022-04,"纳指ETF
513100.XSHG"
2022-04-12 13:00:00,加仓,500ETF,510500.XSHG,6.716,1400.0,15100.0,,10.0,2022-04-12,2022-04,"500ETF
510500.XSHG"
2022-04-14 10:45:00,加仓,创业板ETF易方达,159915.XSHE,2.37,4000.0,49100.0,,12.0,2022-04-14,2022-04,"创业板ETF易方达
159915.XSHE"
2022-04-14 10:46:00,等级校准,创业板ETF易方达,159915.XSHE,,,49100.0,,,2022-04-14,2022-04,"创业板ETF易方达
159915.XSHE"
2022-04-14 13:44:00,止盈,500ETF,510500.XSHG,6.918,1400.0,13700.0,281.83,9.0,2022-04-14,2022-04,"500ETF
510500.XSHG"
2022-04-20 13:55:00,加仓,创业板ETF易方达,159915.XSHE,2.297,4200.0,53300.0,,12.0,2022-04-20,2022-04,"创业板ETF易方达
159915.XSHE"
2022-04-20 14:06:00,加仓,500ETF,510500.XSHG,6.71,1400.0,15100.0,,10.0,2022-04-20,2022-04,"500ETF
510500.XSHG"
2022-04-21 14:13:00,加仓,500ETF,510500.XSHG,6.5,1400.0,16500.0,,11.0,2022-04-21,2022-04,"500ETF
510500.XSHG"
2022-04-21 14:49:00,加仓,创业板ETF易方达,159915.XSHE,2.228,4300.0,57600.0,,13.0,2022-04-21,2022-04,"创业板ETF易方达
159915.XSHE"
2022-04-25 09:34:00,加仓,500ETF,510500.XSHG,6.3,1500.0,18000.0,,12.0,2022-04-25,2022-04,"500ETF
510500.XSHG"
2022-04-25 09:43:00,加仓,创业板ETF易方达,159915.XSHE,2.16,4400.0,62000.0,,14.0,2022-04-25,2022-04,"创业板ETF易方达
159915.XSHE"
2022-04-25 09:44:00,等级校准,创业板ETF易方达,159915.XSHE,,,62000.0,,,2022-04-25,2022-04,"创业板ETF易方达
159915.XSHE"
2022-04-25 14:11:00,加仓,500ETF,510500.XSHG,6.11,1500.0,19500.0,,13.0,2022-04-25,2022-04,"500ETF
510500.XSHG"
2022-04-25 14:12:00,等级校准,500ETF,510500.XSHG,,,19500.0,,,2022-04-25,2022-04,"500ETF
510500.XSHG"
2022-04-26 09:37:00,加仓,创业板ETF易方达,159915.XSHE,2.094,4600.0,66600.0,,14.0,2022-04-26,2022-04,"创业板ETF易方达
159915.XSHE"
2022-04-26 14:18:00,加仓,500ETF,510500.XSHG,5.923,1600.0,21100.0,,13.0,2022-04-26,2022-04,"500ETF
510500.XSHG"
2022-04-27 09:31:00,加仓,纳指ETF,513100.XSHG,0.875,10900.0,107300.0,,9.0,2022-04-27,2022-04,"纳指ETF
513100.XSHG"
2022-04-27 13:29:00,止盈,创业板ETF易方达,159915.XSHE,2.157,4700.0,61900.0,295.09,13.0,2022-04-27,2022-04,"创业板ETF易方达
159915.XSHE"
2022-04-27 14:50:00,止盈,500ETF,510500.XSHG,6.102,1600.0,19500.0,285.42,12.0,2022-04-27,2022-04,"500ETF
510500.XSHG"
2022-04-29 09:31:00,止盈,纳指ETF,513100.XSHG,0.903,11400.0,95900.0,318.17,8.0,2022-04-29,2022-04,"纳指ETF
513100.XSHG"
2022-04-29 13:05:00,止盈,500ETF,510500.XSHG,6.294,1600.0,17900.0,306.19,11.0,2022-04-29,2022-04,"500ETF
510500.XSHG"
2022-04-29 13:11:00,止盈,创业板ETF易方达,159915.XSHE,2.233,4600.0,57300.0,348.57,13.0,2022-04-29,2022-04,"创业板ETF易方达
159915.XSHE"
2022-05-06 09:31:00,加仓,纳指ETF,513100.XSHG,0.872,11000.0,106900.0,,9.0,2022-05-06,2022-05,"纳指ETF
513100.XSHG"
2022-05-06 09:31:00,加仓,创业板ETF易方达,159915.XSHE,2.157,4400.0,61700.0,,14.0,2022-05-06,2022-05,"创业板ETF易方达
159915.XSHE"
2022-05-06 09:32:00,等级校准,创业板ETF易方达,159915.XSHE,,,61700.0,,,2022-05-06,2022-05,"创业板ETF易方达
159915.XSHE"
2022-05-10 09:31:00,加仓,纳指ETF,513100.XSHG,0.84,11400.0,118300.0,,10.0,2022-05-10,2022-05,"纳指ETF
513100.XSHG"
2022-05-10 09:32:00,等级校准,纳指ETF,513100.XSHG,,,118300.0,,,2022-05-10,2022-05,"纳指ETF
513100.XSHG"
2022-05-11 09:36:00,止盈,创业板ETF易方达,159915.XSHE,2.222,4600.0,57100.0,297.98,12.0,2022-05-11,2022-05,"创业板ETF易方达
159915.XSHE"
2022-05-11 09:51:00,止盈,500ETF,510500.XSHG,6.485,1500.0,16400.0,285.53,10.0,2022-05-11,2022-05,"500ETF
510500.XSHG"
2022-05-11 11:17:00,止盈,创业板ETF易方达,159915.XSHE,2.289,4500.0,52600.0,300.47,12.0,2022-05-11,2022-05,"创业板ETF易方达
159915.XSHE"
2022-05-18 09:31:00,止盈,纳指ETF,513100.XSHG,0.866,11900.0,106400.0,308.37,9.0,2022-05-18,2022-05,"纳指ETF
513100.XSHG"
2022-05-19 09:31:00,加仓,纳指ETF,513100.XSHG,0.825,11500.0,117900.0,,10.0,2022-05-19,2022-05,"纳指ETF
513100.XSHG"
2022-05-19 09:32:00,等级校准,纳指ETF,513100.XSHG,,,117900.0,,,2022-05-19,2022-05,"纳指ETF
513100.XSHG"
2022-05-20 14:49:00,止盈,500ETF,510500.XSHG,6.682,1500.0,14900.0,294.5,10.0,2022-05-20,2022-05,"500ETF
510500.XSHG"
2022-05-25 09:43:00,加仓,500ETF,510500.XSHG,6.479,1400.0,16300.0,,11.0,2022-05-25,2022-05,"500ETF
510500.XSHG"
2022-05-25 09:44:00,等级校准,500ETF,510500.XSHG,,,16300.0,,,2022-05-25,2022-05,"500ETF
510500.XSHG"
2022-05-26 09:51:00,加仓,创业板ETF易方达,159915.XSHE,2.22,4300.0,56900.0,,13.0,2022-05-26,2022-05,"创业板ETF易方达
159915.XSHE"
2022-05-26 09:52:00,等级校准,创业板ETF易方达,159915.XSHE,,,56900.0,,,2022-05-26,2022-05,"创业板ETF易方达
159915.XSHE"
2022-05-26 13:02:00,止盈,500ETF,510500.XSHG,6.678,1500.0,14800.0,297.5,10.0,2022-05-26,2022-05,"500ETF
510500.XSHG"
2022-05-27 09:37:00,止盈,创业板ETF易方达,159915.XSHE,2.29,4500.0,52400.0,313.97,12.0,2022-05-27,2022-05,"创业板ETF易方达
159915.XSHE"
2022-05-30 09:31:00,止盈,纳指ETF,513100.XSHG,0.878,12100.0,105800.0,640.24,9.0,2022-05-30,2022-05,"纳指ETF
513100.XSHG"
2022-06-01 10:41:00,止盈,创业板ETF易方达,159915.XSHE,2.359,4300.0,48100.0,295.69,11.0,2022-06-01,2022-06,"创业板ETF易方达
159915.XSHE"
2022-06-02 14:08:00,止盈,500ETF,510500.XSHG,6.879,1400.0,13400.0,280.44,9.0,2022-06-02,2022-06,"500ETF
510500.XSHG"
2022-06-06 09:53:00,止盈,创业板ETF易方达,159915.XSHE,2.431,4200.0,43900.0,301.38,10.0,2022-06-06,2022-06,"创业板ETF易方达
159915.XSHE"
2022-06-10 09:31:00,加仓,纳指ETF,513100.XSHG,0.841,11300.0,117100.0,,10.0,2022-06-10,2022-06,"纳指ETF
513100.XSHG"
2022-06-10 09:32:00,等级校准,纳指ETF,513100.XSHG,,,117100.0,,,2022-06-10,2022-06,"纳指ETF
513100.XSHG"
2022-06-10 14:45:00,止盈,500ETF,510500.XSHG,7.086,1400.0,12000.0,288.81,8.0,2022-06-10,2022-06,"500ETF
510500.XSHG"
2022-06-13 09:32:00,加仓,纳指ETF,513100.XSHG,0.815,11800.0,128900.0,,10.0,2022-06-13,2022-06,"纳指ETF
513100.XSHG"
2022-06-14 09:31:00,加仓,纳指ETF,513100.XSHG,0.788,12200.0,141100.0,,11.0,2022-06-14,2022-06,"纳指ETF
513100.XSHG"
2022-06-15 09:33:00,止盈,创业板ETF易方达,159915.XSHE,2.505,4100.0,39800.0,302.37,10.0,2022-06-15,2022-06,"创业板ETF易方达
159915.XSHE"
2022-06-16 09:31:00,止盈,纳指ETF,513100.XSHG,0.817,12600.0,128500.0,364.37,10.0,2022-06-16,2022-06,"纳指ETF
513100.XSHG"
2022-06-17 09:31:00,加仓,纳指ETF,513100.XSHG,0.778,12200.0,140700.0,,11.0,2022-06-17,2022-06,"纳指ETF
513100.XSHG"
2022-06-17 09:32:00,等级校准,纳指ETF,513100.XSHG,,,140700.0,,,2022-06-17,2022-06,"纳指ETF
513100.XSHG"
2022-06-17 14:31:00,止盈,创业板ETF易方达,159915.XSHE,2.582,3900.0,35900.0,299.29,9.0,2022-06-17,2022-06,"创业板ETF易方达
159915.XSHE"
2022-06-20 11:20:00,止盈,创业板ETF易方达,159915.XSHE,2.66,3800.0,32100.0,295.39,8.0,2022-06-20,2022-06,"创业板ETF易方达
159915.XSHE"
2022-06-21 10:02:00,止盈,纳指ETF,513100.XSHG,0.802,12800.0,127900.0,306.17,10.0,2022-06-21,2022-06,"纳指ETF
513100.XSHG"
2022-06-24 13:45:00,止盈,纳指ETF,513100.XSHG,0.827,12400.0,115500.0,308.97,9.0,2022-06-24,2022-06,"纳指ETF
513100.XSHG"
2022-06-27 09:31:00,止盈,创业板ETF易方达,159915.XSHE,2.752,3700.0,28400.0,339.38,7.0,2022-06-27,2022-06,"创业板ETF易方达
159915.XSHE"
2022-06-27 09:38:00,止盈,500ETF,510500.XSHG,7.309,1400.0,10600.0,311.18,8.0,2022-06-27,2022-06,"500ETF
510500.XSHG"
2022-06-30 14:27:00,加仓,纳指ETF,513100.XSHG,0.802,12000.0,127500.0,,10.0,2022-06-30,2022-06,"纳指ETF
513100.XSHG"
2022-07-04 09:35:00,加仓,创业板ETF易方达,159915.XSHE,2.668,3600.0,32000.0,,8.0,2022-07-04,2022-07,"创业板ETF易方达
159915.XSHE"
2022-07-04 14:55:00,止盈,创业板ETF易方达,159915.XSHE,2.749,3700.0,28300.0,298.68,7.0,2022-07-04,2022-07,"创业板ETF易方达
159915.XSHE"
2022-07-06 09:31:00,加仓,黄金ETF,518880.XSHG,3.73,2500.0,22200.0,,8.0,2022-07-06,2022-07,"黄金ETF
518880.XSHG"
2022-07-07 13:10:00,止盈,纳指ETF,513100.XSHG,0.827,12400.0,115100.0,308.97,9.0,2022-07-07,2022-07,"纳指ETF
513100.XSHG"
2022-07-11 13:24:00,加仓,创业板ETF易方达,159915.XSHE,2.666,3600.0,31900.0,,8.0,2022-07-11,2022-07,"创业板ETF易方达
159915.XSHE"
2022-07-13 10:26:00,加仓,500ETF,510500.XSHG,7.089,1300.0,11900.0,,9.0,2022-07-13,2022-07,"500ETF
510500.XSHG"
2022-07-13 10:27:00,等级校准,500ETF,510500.XSHG,,,11900.0,,,2022-07-13,2022-07,"500ETF
510500.XSHG"
2022-07-14 11:11:00,止盈,创业板ETF易方达,159915.XSHE,2.746,3700.0,28200.0,294.98,7.0,2022-07-14,2022-07,"创业板ETF易方达
159915.XSHE"
2022-07-15 14:44:00,加仓,黄金ETF,518880.XSHG,3.618,2600.0,24800.0,,9.0,2022-07-15,2022-07,"黄金ETF
518880.XSHG"
2022-07-18 09:40:00,加仓,创业板ETF易方达,159915.XSHE,2.661,3600.0,31800.0,,8.0,2022-07-18,2022-07,"创业板ETF易方达
159915.XSHE"
2022-07-20 09:31:00,止盈,纳指ETF,513100.XSHG,0.852,12000.0,103100.0,298.98,8.0,2022-07-20,2022-07,"纳指ETF
513100.XSHG"
2022-07-20 09:42:00,止盈,500ETF,510500.XSHG,7.304,1400.0,10500.0,299.98,8.0,2022-07-20,2022-07,"500ETF
510500.XSHG"
2022-07-29 09:31:00,止盈,纳指ETF,513100.XSHG,0.884,11700.0,91400.0,373.37,8.0,2022-07-29,2022-07,"纳指ETF
513100.XSHG"
2022-07-29 10:11:00,止盈,黄金ETF,518880.XSHG,3.727,2700.0,22100.0,293.29,8.0,2022-07-29,2022-07,"黄金ETF
518880.XSHG"
2022-08-01 09:31:00,加仓,创业板ETF易方达,159915.XSHE,2.579,3700.0,35500.0,,9.0,2022-08-01,2022-08,"创业板ETF易方达
159915.XSHE"
2022-08-02 09:40:00,加仓,500ETF,510500.XSHG,7.081,1300.0,11800.0,,9.0,2022-08-02,2022-08,"500ETF
510500.XSHG"
2022-08-02 09:41:00,等级校准,500ETF,510500.XSHG,,,11800.0,,,2022-08-02,2022-08,"500ETF
510500.XSHG"
2022-08-04 13:29:00,止盈,纳指ETF,513100.XSHG,0.911,11300.0,80100.0,304.07,7.0,2022-08-04,2022-08,"纳指ETF
513100.XSHG"
2022-08-11 10:54:00,止盈,500ETF,510500.XSHG,7.295,1400.0,10400.0,298.58,8.0,2022-08-11,2022-08,"500ETF
510500.XSHG"
2022-08-16 09:31:00,止盈,纳指ETF,513100.XSHG,0.941,10900.0,69200.0,325.97,6.0,2022-08-16,2022-08,"纳指ETF
513100.XSHG"
2022-08-16 09:46:00,止盈,创业板ETF易方达,159915.XSHE,2.657,3800.0,31700.0,295.39,8.0,2022-08-16,2022-08,"创业板ETF易方达
159915.XSHE"
2022-08-22 14:37:00,加仓,纳指ETF,513100.XSHG,0.912,10600.0,79800.0,,7.0,2022-08-22,2022-08,"纳指ETF
513100.XSHG"
2022-08-25 10:06:00,加仓,创业板ETF易方达,159915.XSHE,2.577,3700.0,35400.0,,9.0,2022-08-25,2022-08,"创业板ETF易方达
159915.XSHE"
2022-08-29 09:31:00,加仓,纳指ETF,513100.XSHG,0.871,10900.0,90700.0,,8.0,2022-08-29,2022-08,"纳指ETF
513100.XSHG"
2022-08-29 09:31:00,加仓,500ETF,510500.XSHG,6.215,1300.0,13212.0,,9.0,2022-08-29,2022-08,"500ETF
510500.XSHG"
2022-08-29 09:32:00,等级校准,纳指ETF,513100.XSHG,,,90700.0,,,2022-08-29,2022-08,"纳指ETF
513100.XSHG"
2022-08-29 09:32:00,等级校准,500ETF,510500.XSHG,,,13212.0,,,2022-08-29,2022-08,"500ETF
510500.XSHG"
2022-08-31 10:11:00,加仓,创业板ETF易方达,159915.XSHE,2.498,3800.0,39200.0,,10.0,2022-08-31,2022-08,"创业板ETF易方达
159915.XSHE"
2022-08-31 10:12:00,等级校准,创业板ETF易方达,159915.XSHE,,,39200.0,,,2022-08-31,2022-08,"创业板ETF易方达
159915.XSHE"
2022-09-06 10:12:00,加仓,创业板ETF易方达,159915.XSHE,2.423,4000.0,43200.0,,10.0,2022-09-06,2022-09,"创业板ETF易方达
159915.XSHE"
2022-09-07 10:27:00,止盈,创业板ETF易方达,159915.XSHE,2.496,4100.0,39100.0,298.28,9.0,2022-09-07,2022-09,"创业板ETF易方达
159915.XSHE"
2022-09-13 14:09:00,止盈,纳指ETF,513100.XSHG,0.898,11400.0,79300.0,306.78,7.0,2022-09-13,2022-09,"纳指ETF
513100.XSHG"
2022-09-14 09:31:00,加仓,纳指ETF,513100.XSHG,0.854,11100.0,90400.0,,8.0,2022-09-14,2022-09,"纳指ETF
513100.XSHG"
2022-09-14 09:32:00,等级校准,纳指ETF,513100.XSHG,,,90400.0,,,2022-09-14,2022-09,"纳指ETF
513100.XSHG"
2022-09-14 13:15:00,加仓,创业板ETF易方达,159915.XSHE,2.421,4000.0,43100.0,,10.0,2022-09-14,2022-09,"创业板ETF易方达
159915.XSHE"
2022-09-15 13:43:00,加仓,创业板ETF易方达,159915.XSHE,2.348,4100.0,47200.0,,11.0,2022-09-15,2022-09,"创业板ETF易方达
159915.XSHE"
2022-09-16 13:25:00,加仓,500ETF,510500.XSHG,6.027,1600.0,14812.0,,9.0,2022-09-16,2022-09,"500ETF
510500.XSHG"
2022-09-19 13:50:00,加仓,创业板ETF易方达,159915.XSHE,2.277,4200.0,51400.0,,12.0,2022-09-19,2022-09,"创业板ETF易方达
159915.XSHE"
2022-09-19 13:51:00,等级校准,创业板ETF易方达,159915.XSHE,,,51400.0,,,2022-09-19,2022-09,"创业板ETF易方达
159915.XSHE"
2022-09-22 09:39:00,加仓,纳指ETF,513100.XSHG,0.828,11700.0,102100.0,,8.0,2022-09-22,2022-09,"纳指ETF
513100.XSHG"
2022-09-23 11:21:00,加仓,500ETF,510500.XSHG,5.846,1600.0,16412.0,,10.0,2022-09-23,2022-09,"500ETF
510500.XSHG"
2022-09-23 11:22:00,等级校准,500ETF,510500.XSHG,,,16412.0,,,2022-09-23,2022-09,"500ETF
510500.XSHG"
2022-10-10 09:31:00,加仓,纳指ETF,513100.XSHG,0.799,12000.0,114100.0,,9.0,2022-10-10,2022-10,"纳指ETF
513100.XSHG"
2022-10-10 09:34:00,加仓,创业板ETF易方达,159915.XSHE,2.207,4300.0,55700.0,,12.0,2022-10-10,2022-10,"创业板ETF易方达
159915.XSHE"
2022-10-10 14:19:00,加仓,500ETF,510500.XSHG,5.67,1700.0,18112.0,,10.0,2022-10-10,2022-10,"500ETF
510500.XSHG"
2022-10-12 14:56:00,止盈,创业板ETF易方达,159915.XSHE,2.274,4500.0,51200.0,300.48,11.0,2022-10-12,2022-10,"创业板ETF易方达
159915.XSHE"
2022-10-13 11:22:00,止盈,500ETF,510500.XSHG,5.844,1700.0,16412.0,294.81,9.0,2022-10-13,2022-10,"500ETF
510500.XSHG"
2022-10-14 11:07:00,止盈,创业板ETF易方达,159915.XSHE,2.344,4300.0,46900.0,299.99,11.0,2022-10-14,2022-10,"创业板ETF易方达
159915.XSHE"
2022-10-17 13:53:00,止盈,500ETF,510500.XSHG,6.022,1700.0,14712.0,301.58,9.0,2022-10-17,2022-10,"500ETF
510500.XSHG"
2022-10-18 13:02:00,止盈,纳指ETF,513100.XSHG,0.825,12500.0,101600.0,323.97,8.0,2022-10-18,2022-10,"纳指ETF
513100.XSHG"
2022-10-24 13:53:00,加仓,创业板ETF易方达,159915.XSHE,2.271,4200.0,51100.0,,12.0,2022-10-24,2022-10,"创业板ETF易方达
159915.XSHE"
2022-10-24 13:54:00,等级校准,创业板ETF易方达,159915.XSHE,,,51100.0,,,2022-10-24,2022-10,"创业板ETF易方达
159915.XSHE"
2022-10-25 09:37:00,加仓,500ETF,510500.XSHG,5.839,1600.0,16312.0,,10.0,2022-10-25,2022-10,"500ETF
510500.XSHG"
2022-10-25 09:38:00,等级校准,500ETF,510500.XSHG,,,16312.0,,,2022-10-25,2022-10,"500ETF
510500.XSHG"
2022-10-26 10:50:00,止盈,500ETF,510500.XSHG,6.015,1700.0,14612.0,298.18,9.0,2022-10-26,2022-10,"500ETF
510500.XSHG"
2022-10-28 13:45:00,加仓,500ETF,510500.XSHG,5.834,1600.0,16212.0,,10.0,2022-10-28,2022-10,"500ETF
510500.XSHG"
2022-10-28 13:45:00,加仓,创业板ETF易方达,159915.XSHE,2.202,4400.0,55500.0,,12.0,2022-10-28,2022-10,"创业板ETF易方达
159915.XSHE"
2022-10-28 13:46:00,等级校准,500ETF,510500.XSHG,,,16212.0,,,2022-10-28,2022-10,"500ETF
510500.XSHG"
2022-11-01 09:32:00,止盈,纳指ETF,513100.XSHG,0.85,12100.0,89500.0,301.47,7.0,2022-11-01,2022-11,"纳指ETF
513100.XSHG"
2022-11-01 14:51:00,止盈,创业板ETF易方达,159915.XSHE,2.269,4500.0,51000.0,300.48,11.0,2022-11-01,2022-11,"创业板ETF易方达
159915.XSHE"
2022-11-02 13:02:00,止盈,500ETF,510500.XSHG,6.01,1700.0,14512.0,298.18,9.0,2022-11-02,2022-11,"500ETF
510500.XSHG"
2022-11-03 09:31:00,加仓,纳指ETF,513100.XSHG,0.812,11700.0,101200.0,,8.0,2022-11-03,2022-11,"纳指ETF
513100.XSHG"
2022-11-04 09:55:00,止盈,创业板ETF易方达,159915.XSHE,2.34,4400.0,46600.0,311.37,11.0,2022-11-04,2022-11,"创业板ETF易方达
159915.XSHE"
2022-11-08 09:57:00,止盈,黄金ETF,518880.XSHG,3.839,2600.0,19500.0,290.2,7.0,2022-11-08,2022-11,"黄金ETF
518880.XSHG"
2022-11-09 10:30:00,止盈,500ETF,510500.XSHG,6.192,1600.0,12912.0,290.21,8.0,2022-11-09,2022-11,"500ETF
510500.XSHG"
2022-11-09 14:51:00,止盈,黄金ETF,518880.XSHG,3.957,2600.0,16900.0,305.77,6.0,2022-11-09,2022-11,"黄金ETF
518880.XSHG"
2022-11-11 09:31:00,止盈,纳指ETF,513100.XSHG,0.856,12300.0,88900.0,540.15,7.0,2022-11-11,2022-11,"纳指ETF
513100.XSHG"
2022-11-22 14:12:00,加仓,创业板ETF易方达,159915.XSHE,2.269,4200.0,50800.0,,12.0,2022-11-22,2022-11,"创业板ETF易方达
159915.XSHE"
2022-11-22 14:13:00,等级校准,创业板ETF易方达,159915.XSHE,,,50800.0,,,2022-11-22,2022-11,"创业板ETF易方达
159915.XSHE"
2022-11-28 09:42:00,加仓,500ETF,510500.XSHG,5.999,1600.0,14512.0,,9.0,2022-11-28,2022-11,"500ETF
510500.XSHG"
2022-11-28 09:47:00,加仓,创业板ETF易方达,159915.XSHE,2.199,4400.0,55200.0,,12.0,2022-11-28,2022-11,"创业板ETF易方达
159915.XSHE"
2022-11-29 13:01:00,止盈,创业板ETF易方达,159915.XSHE,2.267,4500.0,50700.0,304.98,11.0,2022-11-29,2022-11,"创业板ETF易方达
159915.XSHE"
2022-11-29 13:02:00,止盈,500ETF,510500.XSHG,6.184,1600.0,12912.0,295.01,8.0,2022-11-29,2022-11,"500ETF
510500.XSHG"
2022-12-02 10:09:00,止盈,创业板ETF易方达,159915.XSHE,2.336,4400.0,46300.0,302.57,11.0,2022-12-02,2022-12,"创业板ETF易方达
159915.XSHE"
2022-12-07 09:31:00,加仓,纳指ETF,513100.XSHG,0.83,11600.0,100500.0,,8.0,2022-12-07,2022-12,"纳指ETF
513100.XSHG"
2022-12-19 13:13:00,加仓,500ETF,510500.XSHG,5.996,1600.0,14512.0,,9.0,2022-12-19,2022-12,"500ETF
510500.XSHG"
2022-12-20 09:32:00,加仓,创业板ETF易方达,159915.XSHE,2.264,4200.0,50500.0,,12.0,2022-12-20,2022-12,"创业板ETF易方达
159915.XSHE"
2022-12-20 09:33:00,等级校准,创业板ETF易方达,159915.XSHE,,,50500.0,,,2022-12-20,2022-12,"创业板ETF易方达
159915.XSHE"
2022-12-20 11:06:00,加仓,纳指ETF,513100.XSHG,0.805,12000.0,112500.0,,9.0,2022-12-20,2022-12,"纳指ETF
513100.XSHG"
2022-12-22 14:06:00,加仓,500ETF,510500.XSHG,5.814,1600.0,16112.0,,10.0,2022-12-22,2022-12,"500ETF
510500.XSHG"
2022-12-22 14:07:00,等级校准,500ETF,510500.XSHG,,,16112.0,,,2022-12-22,2022-12,"500ETF
510500.XSHG"
2023-01-05 09:42:00,止盈,500ETF,510500.XSHG,5.991,1700.0,14412.0,299.88,9.0,2023-01-05,2023-01,"500ETF
510500.XSHG"
2023-01-05 14:35:00,止盈,创业板ETF易方达,159915.XSHE,2.332,4400.0,46100.0,298.17,10.0,2023-01-05,2023-01,"创业板ETF易方达
159915.XSHE"
2023-01-10 13:42:00,止盈,创业板ETF易方达,159915.XSHE,2.402,4200.0,41900.0,292.99,10.0,2023-01-10,2023-01,"创业板ETF易方达
159915.XSHE"
2023-01-16 10:39:00,止盈,500ETF,510500.XSHG,6.172,1600.0,12812.0,288.61,8.0,2023-01-16,2023-01,"500ETF
510500.XSHG"
2023-01-16 10:44:00,止盈,创业板ETF易方达,159915.XSHE,2.475,4100.0,37800.0,298.29,9.0,2023-01-16,2023-01,"创业板ETF易方达
159915.XSHE"
2023-01-20 09:31:00,止盈,黄金ETF,518880.XSHG,4.105,2500.0,14400.0,368.97,6.0,2023-01-20,2023-01,"黄金ETF
518880.XSHG"
2023-01-30 09:31:00,止盈,纳指ETF,513100.XSHG,0.844,12400.0,100100.0,482.55,8.0,2023-01-30,2023-01,"纳指ETF
513100.XSHG"
2023-01-30 09:31:00,止盈,500ETF,510500.XSHG,6.366,1600.0,11212.0,309.38,7.0,2023-01-30,2023-01,"500ETF
510500.XSHG"
2023-01-30 09:31:00,止盈,创业板ETF易方达,159915.XSHE,2.574,4000.0,33800.0,394.97,8.0,2023-01-30,2023-01,"创业板ETF易方达
159915.XSHE"
2023-02-01 10:45:00,加仓,创业板ETF易方达,159915.XSHE,2.496,3800.0,37600.0,,9.0,2023-02-01,2023-02,"创业板ETF易方达
159915.XSHE"
2023-02-03 09:31:00,止盈,纳指ETF,513100.XSHG,0.873,11800.0,88300.0,341.17,7.0,2023-02-03,2023-02,"纳指ETF
513100.XSHG"
2023-02-17 09:46:00,加仓,创业板ETF易方达,159915.XSHE,2.421,4000.0,41600.0,,10.0,2023-02-17,2023-02,"创业板ETF易方达
159915.XSHE"
2023-02-27 09:31:00,加仓,创业板ETF易方达,159915.XSHE,2.347,4100.0,45700.0,,11.0,2023-02-27,2023-02,"创业板ETF易方达
159915.XSHE"
2023-02-27 09:32:00,等级校准,创业板ETF易方达,159915.XSHE,,,45700.0,,,2023-02-27,2023-02,"创业板ETF易方达
159915.XSHE"
2023-03-02 09:31:00,加仓,纳指ETF,513100.XSHG,0.845,11400.0,99700.0,,8.0,2023-03-02,2023-03,"纳指ETF
513100.XSHG"
2023-03-06 10:39:00,止盈,纳指ETF,513100.XSHG,0.871,11800.0,87900.0,305.77,7.0,2023-03-06,2023-03,"纳指ETF
513100.XSHG"
2023-03-13 09:31:00,加仓,纳指ETF,513100.XSHG,0.844,11400.0,99300.0,,8.0,2023-03-13,2023-03,"纳指ETF
513100.XSHG"
2023-03-13 10:36:00,加仓,创业板ETF易方达,159915.XSHE,2.276,4200.0,49900.0,,11.0,2023-03-13,2023-03,"创业板ETF易方达
159915.XSHE"
2023-03-14 10:57:00,加仓,500ETF,510500.XSHG,6.173,1500.0,12712.0,,8.0,2023-03-14,2023-03,"500ETF
510500.XSHG"
2023-03-14 10:58:00,等级校准,500ETF,510500.XSHG,,,12712.0,,,2023-03-14,2023-03,"500ETF
510500.XSHG"
2023-03-17 09:31:00,止盈,纳指ETF,513100.XSHG,0.884,11800.0,87500.0,470.96,7.0,2023-03-17,2023-03,"纳指ETF
513100.XSHG"
2023-03-20 09:31:00,止盈,黄金ETF,518880.XSHG,4.271,2400.0,12000.0,397.37,5.0,2023-03-20,2023-03,"黄金ETF
518880.XSHG"
2023-03-31 09:31:00,止盈,纳指ETF,513100.XSHG,0.912,11300.0,76200.0,315.37,6.0,2023-03-31,2023-03,"纳指ETF
513100.XSHG"
2023-03-31 14:15:00,止盈,500ETF,510500.XSHG,6.359,1600.0,11112.0,296.58,7.0,2023-03-31,2023-03,"500ETF
510500.XSHG"
2023-04-03 09:54:00,止盈,创业板ETF易方达,159915.XSHE,2.346,4300.0,45600.0,299.99,10.0,2023-04-03,2023-04,"创业板ETF易方达
159915.XSHE"
2023-04-21 14:31:00,加仓,创业板ETF易方达,159915.XSHE,2.275,4200.0,49800.0,,11.0,2023-04-21,2023-04,"创业板ETF易方达
159915.XSHE"
2023-04-25 09:55:00,加仓,创业板ETF易方达,159915.XSHE,2.206,4300.0,54100.0,,12.0,2023-04-25,2023-04,"创业板ETF易方达
159915.XSHE"
2023-04-25 10:21:00,加仓,500ETF,510500.XSHG,6.167,1500.0,12612.0,,8.0,2023-04-25,2023-04,"500ETF
510500.XSHG"
2023-04-25 10:22:00,等级校准,500ETF,510500.XSHG,,,12612.0,,,2023-04-25,2023-04,"500ETF
510500.XSHG"
2023-05-04 09:31:00,止盈,黄金ETF,518880.XSHG,4.41,2300.0,9700.0,318.69,4.0,2023-05-04,2023-05,"黄金ETF
518880.XSHG"
2023-05-11 09:31:00,止盈,纳指ETF,513100.XSHG,0.94,10900.0,65300.0,304.18,6.0,2023-05-11,2023-05,"纳指ETF
513100.XSHG"
2023-05-18 13:17:00,止盈,纳指ETF,513100.XSHG,0.969,10600.0,54700.0,306.37,5.0,2023-05-18,2023-05,"纳指ETF
513100.XSHG"
2023-05-23 11:17:00,止盈,纳指ETF,513100.XSHG,1.0,10300.0,44400.0,318.27,4.0,2023-05-23,2023-05,"纳指ETF
513100.XSHG"
2023-05-25 11:23:00,加仓,500ETF,510500.XSHG,5.98,1600.0,14212.0,,8.0,2023-05-25,2023-05,"500ETF
510500.XSHG"
2023-05-29 09:47:00,止盈,纳指ETF,513100.XSHG,1.03,10000.0,34400.0,298.97,3.0,2023-05-29,2023-05,"纳指ETF
513100.XSHG"
2023-05-29 11:01:00,加仓,创业板ETF易方达,159915.XSHE,2.138,4500.0,58600.0,,13.0,2023-05-29,2023-05,"创业板ETF易方达
159915.XSHE"
2023-05-29 11:02:00,等级校准,创业板ETF易方达,159915.XSHE,,,58600.0,,,2023-05-29,2023-05,"创业板ETF易方达
159915.XSHE"
2023-06-02 11:01:00,止盈,500ETF,510500.XSHG,6.16,1600.0,12612.0,287.01,7.0,2023-06-02,2023-06,"500ETF
510500.XSHG"
2023-06-07 14:27:00,加仓,创业板ETF易方达,159915.XSHE,2.073,4600.0,63200.0,,13.0,2023-06-07,2023-06,"创业板ETF易方达
159915.XSHE"
2023-06-13 09:31:00,止盈,纳指ETF,513100.XSHG,1.079,9700.0,24700.0,474.25,2.0,2023-06-13,2023-06,"纳指ETF
513100.XSHG"
2023-06-15 09:58:00,止盈,创业板ETF易方达,159915.XSHE,2.137,4800.0,58400.0,306.17,12.0,2023-06-15,2023-06,"创业板ETF易方达
159915.XSHE"
2023-06-16 13:22:00,止盈,创业板ETF易方达,159915.XSHE,2.203,4600.0,53800.0,302.59,11.0,2023-06-16,2023-06,"创业板ETF易方达
159915.XSHE"
2023-06-26 09:52:00,加仓,创业板ETF易方达,159915.XSHE,2.136,4500.0,58300.0,,12.0,2023-06-26,2023-06,"创业板ETF易方达
159915.XSHE"
2023-06-26 10:42:00,加仓,500ETF,510500.XSHG,5.975,1600.0,14212.0,,8.0,2023-06-26,2023-06,"500ETF
510500.XSHG"
2023-07-03 09:31:00,止盈,纳指ETF,513100.XSHG,1.116,9200.0,15500.0,339.37,1.0,2023-07-03,2023-07,"纳指ETF
513100.XSHG"
2023-07-19 09:31:00,止盈,纳指ETF,513100.XSHG,1.153,8900.0,6600.0,328.27,1.0,2023-07-19,2023-07,"纳指ETF
513100.XSHG"
2023-07-28 14:20:00,止盈,500ETF,510500.XSHG,6.156,1600.0,12612.0,288.62,7.0,2023-07-28,2023-07,"500ETF
510500.XSHG"
2023-08-03 14:54:00,加仓,纳指ETF,513100.XSHG,1.118,8600.0,15200.0,,2.0,2023-08-03,2023-08,"纳指ETF
513100.XSHG"
2023-08-03 14:55:00,等级校准,纳指ETF,513100.XSHG,,,15200.0,,,2023-08-03,2023-08,"纳指ETF
513100.XSHG"
2023-08-04 09:31:00,止盈,创业板ETF易方达,159915.XSHE,2.21,4600.0,53700.0,339.38,11.0,2023-08-04,2023-08,"创业板ETF易方达
159915.XSHE"
2023-08-11 14:29:00,加仓,创业板ETF易方达,159915.XSHE,2.143,4500.0,58200.0,,12.0,2023-08-11,2023-08,"创业板ETF易方达
159915.XSHE"
2023-08-14 09:36:00,加仓,500ETF,510500.XSHG,5.971,1600.0,14212.0,,8.0,2023-08-14,2023-08,"500ETF
510500.XSHG"
2023-08-17 09:31:00,加仓,创业板ETF易方达,159915.XSHE,2.077,4600.0,62800.0,,13.0,2023-08-17,2023-08,"创业板ETF易方达
159915.XSHE"
2023-08-18 10:31:00,加仓,纳指ETF,513100.XSHG,1.084,8900.0,24100.0,,2.0,2023-08-18,2023-08,"纳指ETF
513100.XSHG"
2023-08-22 11:10:00,加仓,创业板ETF易方达,159915.XSHE,2.013,4800.0,67600.0,,14.0,2023-08-22,2023-08,"创业板ETF易方达
159915.XSHE"
2023-08-22 11:11:00,加仓,500ETF,510500.XSHG,5.791,1600.0,15812.0,,9.0,2023-08-22,2023-08,"500ETF
510500.XSHG"
2023-08-22 11:11:00,等级校准,创业板ETF易方达,159915.XSHE,,,67600.0,,,2023-08-22,2023-08,"创业板ETF易方达
159915.XSHE"
2023-08-24 09:31:00,止盈,纳指ETF,513100.XSHG,1.13,9200.0,14900.0,422.16,1.0,2023-08-24,2023-08,"纳指ETF
513100.XSHG"
2023-08-25 09:31:00,加仓,纳指ETF,513100.XSHG,1.096,8800.0,23700.0,,2.0,2023-08-25,2023-08,"纳指ETF
513100.XSHG"
2023-08-28 09:31:00,止盈,500ETF,510500.XSHG,5.974,1700.0,14112.0,310.08,8.0,2023-08-28,2023-08,"500ETF
510500.XSHG"
2023-08-28 09:31:00,止盈,创业板ETF易方达,159915.XSHE,2.124,4900.0,62700.0,542.86,13.0,2023-08-28,2023-08,"创业板ETF易方达
159915.XSHE"
2023-08-28 09:38:00,加仓,创业板ETF易方达,159915.XSHE,2.056,4700.0,67400.0,,14.0,2023-08-28,2023-08,"创业板ETF易方达
159915.XSHE"
2023-08-28 13:13:00,加仓,500ETF,510500.XSHG,5.793,1600.0,15712.0,,9.0,2023-08-28,2023-08,"500ETF
510500.XSHG"
2023-08-30 09:31:00,止盈,纳指ETF,513100.XSHG,1.135,9100.0,14600.0,353.87,1.0,2023-08-30,2023-08,"纳指ETF
513100.XSHG"
2023-09-08 09:55:00,加仓,创业板ETF易方达,159915.XSHE,1.994,4800.0,72200.0,,15.0,2023-09-08,2023-09,"创业板ETF易方达
159915.XSHE"
2023-09-08 09:56:00,等级校准,创业板ETF易方达,159915.XSHE,,,72200.0,,,2023-09-08,2023-09,"创业板ETF易方达
159915.XSHE"
2023-09-11 10:12:00,止盈,黄金ETF,518880.XSHG,4.544,2200.0,7500.0,293.8,3.0,2023-09-11,2023-09,"黄金ETF
518880.XSHG"
2023-09-21 09:31:00,加仓,创业板ETF易方达,159915.XSHE,1.931,5000.0,77200.0,,15.0,2023-09-21,2023-09,"创业板ETF易方达
159915.XSHE"
2023-09-21 13:28:00,加仓,纳指ETF,513100.XSHG,1.1,8800.0,23400.0,,2.0,2023-09-21,2023-09,"纳指ETF
513100.XSHG"
2023-10-09 09:31:00,加仓,黄金ETF,518880.XSHG,4.403,2200.0,9700.0,,4.0,2023-10-09,2023-10,"黄金ETF
518880.XSHG"
2023-10-18 14:21:00,加仓,500ETF,510500.XSHG,5.619,1700.0,17412.0,,10.0,2023-10-18,2023-10,"500ETF
510500.XSHG"
2023-10-19 09:31:00,止盈,黄金ETF,518880.XSHG,4.548,2200.0,7500.0,318.0,3.0,2023-10-19,2023-10,"黄金ETF
518880.XSHG"
2023-10-19 11:28:00,加仓,创业板ETF易方达,159915.XSHE,1.873,5100.0,82300.0,,16.0,2023-10-19,2023-10,"创业板ETF易方达
159915.XSHE"
2023-10-19 11:29:00,等级校准,创业板ETF易方达,159915.XSHE,,,82300.0,,,2023-10-19,2023-10,"创业板ETF易方达
159915.XSHE"
2023-10-23 09:50:00,加仓,500ETF,510500.XSHG,5.447,1700.0,19112.0,,11.0,2023-10-23,2023-10,"500ETF
510500.XSHG"
2023-10-23 09:51:00,等级校准,500ETF,510500.XSHG,,,19112.0,,,2023-10-23,2023-10,"500ETF
510500.XSHG"
2023-10-23 14:06:00,加仓,创业板ETF易方达,159915.XSHE,1.816,5300.0,87600.0,,16.0,2023-10-23,2023-10,"创业板ETF易方达
159915.XSHE"
2023-10-23 14:07:00,等级校准,创业板ETF易方达,159915.XSHE,,,87600.0,,,2023-10-23,2023-10,"创业板ETF易方达
159915.XSHE"
2023-10-26 09:31:00,加仓,纳指ETF,513100.XSHG,1.053,9000.0,32400.0,,3.0,2023-10-26,2023-10,"纳指ETF
513100.XSHG"
2023-10-27 13:46:00,止盈,创业板ETF易方达,159915.XSHE,1.871,5500.0,82100.0,301.47,15.0,2023-10-27,2023-10,"创业板ETF易方达
159915.XSHE"
2023-10-27 14:09:00,止盈,500ETF,510500.XSHG,5.611,1800.0,17312.0,294.19,10.0,2023-10-27,2023-10,"500ETF
510500.XSHG"
2023-10-30 13:42:00,止盈,创业板ETF易方达,159915.XSHE,1.928,5300.0,76800.0,301.08,15.0,2023-10-30,2023-10,"创业板ETF易方达
159915.XSHE"
2023-11-02 09:31:00,止盈,纳指ETF,513100.XSHG,1.09,9400.0,23000.0,346.78,2.0,2023-11-02,2023-11,"纳指ETF
513100.XSHG"
2023-11-08 11:03:00,止盈,纳指ETF,513100.XSHG,1.123,9100.0,13900.0,299.28,1.0,2023-11-08,2023-11,"纳指ETF
513100.XSHG"
2023-11-15 09:31:00,止盈,纳指ETF,513100.XSHG,1.165,8900.0,5000.0,372.76,1.0,2023-11-15,2023-11,"纳指ETF
513100.XSHG"
2023-11-15 09:38:00,止盈,500ETF,510500.XSHG,5.78,1700.0,15612.0,286.32,9.0,2023-11-15,2023-11,"500ETF
510500.XSHG"
2023-11-27 11:06:00,加仓,创业板ETF易方达,159915.XSHE,1.87,5100.0,81900.0,,16.0,2023-11-27,2023-11,"创业板ETF易方达
159915.XSHE"
2023-11-27 11:07:00,等级校准,创业板ETF易方达,159915.XSHE,,,81900.0,,,2023-11-27,2023-11,"创业板ETF易方达
159915.XSHE"
2023-11-30 13:57:00,加仓,500ETF,510500.XSHG,5.606,1700.0,17312.0,,10.0,2023-11-30,2023-11,"500ETF
510500.XSHG"
2023-12-14 09:31:00,止盈（部分）,纳指ETF,513100.XSHG,1.203,5000.0,0.0,189.4,0.0,2023-12-14,2023-12,"纳指ETF
513100.XSHG"
2023-12-14 09:31:00,清仓,纳指ETF,513100.XSHG,,,,,0.0,2023-12-14,2023-12,"纳指ETF
513100.XSHG"
2023-12-14 09:32:00,重装建仓,纳指ETF,513100.XSHG,1.204,66400.0,66400.0,,,2023-12-14,2023-12,"纳指ETF
513100.XSHG"
2023-12-14 09:33:00,底仓到账,纳指ETF,513100.XSHG,,,66400.0,,8.0,2023-12-14,2023-12,"纳指ETF
513100.XSHG"
2023-12-14 14:51:00,加仓,创业板ETF易方达,159915.XSHE,1.813,5300.0,87200.0,,16.0,2023-12-14,2023-12,"创业板ETF易方达
159915.XSHE"
2023-12-14 14:52:00,等级校准,创业板ETF易方达,159915.XSHE,,,87200.0,,,2023-12-14,2023-12,"创业板ETF易方达
159915.XSHE"
2023-12-20 13:10:00,加仓,500ETF,510500.XSHG,5.437,1700.0,19012.0,,11.0,2023-12-20,2023-12,"500ETF
510500.XSHG"
2023-12-20 13:11:00,等级校准,500ETF,510500.XSHG,,,19012.0,,,2023-12-20,2023-12,"500ETF
510500.XSHG"
2023-12-20 14:50:00,加仓,创业板ETF易方达,159915.XSHE,1.758,5500.0,92700.0,,16.0,2023-12-20,2023-12,"创业板ETF易方达
159915.XSHE"
2023-12-28 09:56:00,止盈,黄金ETF,518880.XSHG,4.686,2100.0,5400.0,288.82,2.0,2023-12-28,2023-12,"黄金ETF
518880.XSHG"
2023-12-28 10:46:00,止盈,创业板ETF易方达,159915.XSHE,1.812,5600.0,87100.0,301.39,15.0,2023-12-28,2023-12,"创业板ETF易方达
159915.XSHE"
2024-01-04 10:41:00,加仓,创业板ETF易方达,159915.XSHE,1.757,5500.0,92600.0,,16.0,2024-01-04,2024-01,"创业板ETF易方达
159915.XSHE"
2024-01-08 13:41:00,加仓,创业板ETF易方达,159915.XSHE,1.704,5600.0,98200.0,,17.0,2024-01-08,2024-01,"创业板ETF易方达
159915.XSHE"
2024-01-08 13:42:00,等级校准,创业板ETF易方达,159915.XSHE,,,98200.0,,,2024-01-08,2024-01,"创业板ETF易方达
159915.XSHE"
2024-01-08 13:44:00,加仓,500ETF,510500.XSHG,5.272,1800.0,20812.0,,11.0,2024-01-08,2024-01,"500ETF
510500.XSHG"
2024-01-18 09:31:00,加仓,创业板ETF易方达,159915.XSHE,1.646,5800.0,104000.0,,17.0,2024-01-18,2024-01,"创业板ETF易方达
159915.XSHE"
2024-01-18 09:33:00,加仓,500ETF,510500.XSHG,5.112,1800.0,22612.0,,12.0,2024-01-18,2024-01,"500ETF
510500.XSHG"
2024-01-18 09:34:00,等级校准,500ETF,510500.XSHG,,,22612.0,,,2024-01-18,2024-01,"500ETF
510500.XSHG"
2024-01-19 10:36:00,止盈,纳指ETF,513100.XSHG,1.241,8200.0,58200.0,302.38,7.0,2024-01-19,2024-01,"纳指ETF
513100.XSHG"
2024-01-22 13:20:00,加仓,500ETF,510500.XSHG,4.957,1900.0,24512.0,,12.0,2024-01-22,2024-01,"500ETF
510500.XSHG"
2024-01-22 13:29:00,止盈,纳指ETF,513100.XSHG,1.279,8000.0,50200.0,302.98,6.0,2024-01-22,2024-01,"纳指ETF
513100.XSHG"
2024-01-23 09:32:00,加仓,500ETF,510500.XSHG,4.807,2000.0,26512.0,,13.0,2024-01-23,2024-01,"500ETF
510500.XSHG"
2024-01-23 13:24:00,止盈,500ETF,510500.XSHG,4.955,2000.0,24512.0,295.01,12.0,2024-01-23,2024-01,"500ETF
510500.XSHG"
2024-01-25 10:38:00,止盈,500ETF,510500.XSHG,5.105,2000.0,22512.0,298.98,11.0,2024-01-25,2024-01,"500ETF
510500.XSHG"
2024-01-29 13:07:00,加仓,创业板ETF易方达,159915.XSHE,1.596,6000.0,110000.0,,18.0,2024-01-29,2024-01,"创业板ETF易方达
159915.XSHE"
2024-01-29 13:08:00,等级校准,创业板ETF易方达,159915.XSHE,,,110000.0,,,2024-01-29,2024-01,"创业板ETF易方达
159915.XSHE"
2024-01-30 14:20:00,加仓,500ETF,510500.XSHG,4.95,1900.0,24412.0,,12.0,2024-01-30,2024-01,"500ETF
510500.XSHG"
2024-01-30 14:46:00,加仓,创业板ETF易方达,159915.XSHE,1.548,6200.0,116200.0,,18.0,2024-01-30,2024-01,"创业板ETF易方达
159915.XSHE"
2024-01-31 10:26:00,加仓,500ETF,510500.XSHG,4.8,2000.0,26412.0,,13.0,2024-01-31,2024-01,"500ETF
510500.XSHG"
2024-02-02 13:10:00,加仓,500ETF,510500.XSHG,4.654,2000.0,28412.0,,14.0,2024-02-02,2024-02,"500ETF
510500.XSHG"
2024-02-02 13:11:00,等级校准,500ETF,510500.XSHG,,,28412.0,,,2024-02-02,2024-02,"500ETF
510500.XSHG"
2024-02-02 14:25:00,加仓,500ETF,510500.XSHG,4.513,2100.0,30512.0,,14.0,2024-02-02,2024-02,"500ETF
510500.XSHG"
2024-02-02 14:26:00,等级校准,500ETF,510500.XSHG,,,30512.0,,,2024-02-02,2024-02,"500ETF
510500.XSHG"
2024-02-02 14:36:00,止盈,500ETF,510500.XSHG,4.653,2200.0,28312.0,306.98,13.0,2024-02-02,2024-02,"500ETF
510500.XSHG"
2024-02-05 09:48:00,加仓,500ETF,510500.XSHG,4.513,2100.0,30412.0,,14.0,2024-02-05,2024-02,"500ETF
510500.XSHG"
2024-02-05 09:49:00,等级校准,500ETF,510500.XSHG,,,30412.0,,,2024-02-05,2024-02,"500ETF
510500.XSHG"
2024-02-05 10:51:00,加仓,500ETF,510500.XSHG,4.366,2200.0,32612.0,,14.0,2024-02-05,2024-02,"500ETF
510500.XSHG"
2024-02-05 13:19:00,止盈,500ETF,510500.XSHG,4.505,2200.0,30412.0,304.81,13.0,2024-02-05,2024-02,"500ETF
510500.XSHG"
2024-02-05 13:55:00,止盈,500ETF,510500.XSHG,4.641,2200.0,28212.0,298.18,13.0,2024-02-05,2024-02,"500ETF
510500.XSHG"
2024-02-06 09:31:00,加仓,500ETF,510500.XSHG,4.49,2100.0,30312.0,,14.0,2024-02-06,2024-02,"500ETF
510500.XSHG"
2024-02-06 09:32:00,等级校准,500ETF,510500.XSHG,,,30312.0,,,2024-02-06,2024-02,"500ETF
510500.XSHG"
2024-02-06 09:49:00,止盈,500ETF,510500.XSHG,4.625,2200.0,28112.0,295.98,13.0,2024-02-06,2024-02,"500ETF
510500.XSHG"
2024-02-06 13:04:00,止盈,创业板ETF易方达,159915.XSHE,1.595,6400.0,109800.0,299.78,17.0,2024-02-06,2024-02,"创业板ETF易方达
159915.XSHE"
2024-02-06 13:05:00,止盈,500ETF,510500.XSHG,4.764,2100.0,26012.0,290.9,13.0,2024-02-06,2024-02,"500ETF
510500.XSHG"
2024-02-06 13:43:00,止盈,500ETF,510500.XSHG,4.912,2000.0,24012.0,295.02,12.0,2024-02-06,2024-02,"500ETF
510500.XSHG"
2024-02-07 09:36:00,止盈,创业板ETF易方达,159915.XSHE,1.645,6200.0,103600.0,308.98,17.0,2024-02-07,2024-02,"创业板ETF易方达
159915.XSHE"
2024-02-07 09:53:00,止盈,500ETF,510500.XSHG,5.065,2000.0,22012.0,304.99,11.0,2024-02-07,2024-02,"500ETF
510500.XSHG"
2024-02-07 14:58:00,止盈,500ETF,510500.XSHG,5.217,1900.0,20112.0,287.81,10.0,2024-02-07,2024-02,"500ETF
510500.XSHG"
2024-02-08 09:35:00,止盈,500ETF,510500.XSHG,5.376,1900.0,18212.0,301.08,10.0,2024-02-08,2024-02,"500ETF
510500.XSHG"
2024-02-08 09:36:00,止盈,创业板ETF易方达,159915.XSHE,1.697,6000.0,97600.0,310.98,16.0,2024-02-08,2024-02,"创业板ETF易方达
159915.XSHE"
2024-02-19 09:34:00,加仓,500ETF,510500.XSHG,5.209,1800.0,20012.0,,11.0,2024-02-19,2024-02,"500ETF
510500.XSHG"
2024-02-19 09:35:00,等级校准,500ETF,510500.XSHG,,,20012.0,,,2024-02-19,2024-02,"500ETF
510500.XSHG"
2024-02-23 09:31:00,止盈,纳指ETF,513100.XSHG,1.322,7800.0,42400.0,334.37,5.0,2024-02-23,2024-02,"纳指ETF
513100.XSHG"
2024-02-27 14:29:00,止盈,500ETF,510500.XSHG,5.366,1900.0,18112.0,297.28,10.0,2024-02-27,2024-02,"500ETF
510500.XSHG"
2024-02-28 09:31:00,止盈,创业板ETF易方达,159915.XSHE,1.751,5800.0,91800.0,312.18,16.0,2024-02-28,2024-02,"创业板ETF易方达
159915.XSHE"
2024-02-29 09:31:00,加仓,创业板ETF易方达,159915.XSHE,1.698,5700.0,97500.0,,17.0,2024-02-29,2024-02,"创业板ETF易方达
159915.XSHE"
2024-02-29 09:32:00,等级校准,创业板ETF易方达,159915.XSHE,,,97500.0,,,2024-02-29,2024-02,"创业板ETF易方达
159915.XSHE"
2024-02-29 10:43:00,止盈,创业板ETF易方达,159915.XSHE,1.749,5800.0,91700.0,294.79,16.0,2024-02-29,2024-02,"创业板ETF易方达
159915.XSHE"
2024-03-07 09:31:00,止盈,黄金ETF,518880.XSHG,4.847,2100.0,3300.0,337.08,1.0,2024-03-07,2024-03,"黄金ETF
518880.XSHG"
2024-03-11 11:16:00,止盈,创业板ETF易方达,159915.XSHE,1.802,5700.0,86000.0,301.07,15.0,2024-03-11,2024-03,"创业板ETF易方达
159915.XSHE"
2024-03-11 14:53:00,止盈,500ETF,510500.XSHG,5.529,1800.0,16312.0,292.4,9.0,2024-03-11,2024-03,"500ETF
510500.XSHG"
2024-03-12 09:56:00,止盈,创业板ETF易方达,159915.XSHE,1.858,5500.0,80500.0,306.98,15.0,2024-03-12,2024-03,"创业板ETF易方达
159915.XSHE"
2024-03-15 10:44:00,加仓,创业板ETF易方达,159915.XSHE,1.802,5300.0,85800.0,,16.0,2024-03-15,2024-03,"创业板ETF易方达
159915.XSHE"
2024-03-15 10:45:00,等级校准,创业板ETF易方达,159915.XSHE,,,85800.0,,,2024-03-15,2024-03,"创业板ETF易方达
159915.XSHE"
2024-03-18 09:43:00,止盈,创业板ETF易方达,159915.XSHE,1.858,5500.0,80300.0,306.98,15.0,2024-03-18,2024-03,"创业板ETF易方达
159915.XSHE"
2024-03-25 10:07:00,加仓,创业板ETF易方达,159915.XSHE,1.802,5300.0,85600.0,,16.0,2024-03-25,2024-03,"创业板ETF易方达
159915.XSHE"
2024-03-25 10:08:00,等级校准,创业板ETF易方达,159915.XSHE,,,85600.0,,,2024-03-25,2024-03,"创业板ETF易方达
159915.XSHE"
2024-03-26 11:04:00,加仓,500ETF,510500.XSHG,5.362,1800.0,18112.0,,10.0,2024-03-26,2024-03,"500ETF
510500.XSHG"
2024-03-27 14:52:00,加仓,创业板ETF易方达,159915.XSHE,1.747,5500.0,91100.0,,16.0,2024-03-27,2024-03,"创业板ETF易方达
159915.XSHE"
2024-03-27 14:53:00,等级校准,创业板ETF易方达,159915.XSHE,,,91100.0,,,2024-03-27,2024-03,"创业板ETF易方达
159915.XSHE"
2024-03-28 09:31:00,止盈,黄金ETF,518880.XSHG,5.0,2000.0,1300.0,305.0,1.0,2024-03-28,2024-03,"黄金ETF
518880.XSHG"
2024-04-01 09:31:00,止盈（部分）,黄金ETF,518880.XSHG,5.173,1300.0,0.0,224.23,0.0,2024-04-01,2024-04,"黄金ETF
518880.XSHG"
2024-04-01 09:31:00,清仓,黄金ETF,518880.XSHG,,,,,0.0,2024-04-01,2024-04,"黄金ETF
518880.XSHG"
2024-04-01 09:32:00,重装建仓,黄金ETF,518880.XSHG,5.163,15400.0,15400.0,,,2024-04-01,2024-04,"黄金ETF
518880.XSHG"
2024-04-01 09:33:00,底仓到账,黄金ETF,518880.XSHG,,,15400.0,,8.0,2024-04-01,2024-04,"黄金ETF
518880.XSHG"
2024-04-01 09:40:00,止盈,创业板ETF易方达,159915.XSHE,1.8,5700.0,85400.0,301.07,15.0,2024-04-01,2024-04,"创业板ETF易方达
159915.XSHE"
2024-04-08 09:55:00,止盈,黄金ETF,518880.XSHG,5.325,1900.0,13500.0,306.79,7.0,2024-04-08,2024-04,"黄金ETF
518880.XSHG"
2024-04-10 10:14:00,加仓,创业板ETF易方达,159915.XSHE,1.746,5500.0,90900.0,,16.0,2024-04-10,2024-04,"创业板ETF易方达
159915.XSHE"
2024-04-10 10:15:00,等级校准,创业板ETF易方达,159915.XSHE,,,90900.0,,,2024-04-10,2024-04,"创业板ETF易方达
159915.XSHE"
2024-04-12 10:23:00,止盈,黄金ETF,518880.XSHG,5.486,1800.0,11700.0,288.81,6.0,2024-04-12,2024-04,"黄金ETF
518880.XSHG"
2024-04-18 09:31:00,加仓,纳指ETF,513100.XSHG,1.281,7500.0,49900.0,,6.0,2024-04-18,2024-04,"纳指ETF
513100.XSHG"
2024-04-19 11:19:00,加仓,创业板ETF易方达,159915.XSHE,1.693,5700.0,96600.0,,16.0,2024-04-19,2024-04,"创业板ETF易方达
159915.XSHE"
2024-04-23 09:31:00,加仓,黄金ETF,518880.XSHG,5.319,1800.0,13500.0,,7.0,2024-04-23,2024-04,"黄金ETF
518880.XSHG"
2024-04-26 10:11:00,止盈,创业板ETF易方达,159915.XSHE,1.744,5900.0,90700.0,299.87,15.0,2024-04-26,2024-04,"创业板ETF易方达
159915.XSHE"
2024-04-29 09:36:00,止盈,创业板ETF易方达,159915.XSHE,1.798,5700.0,85000.0,306.78,15.0,2024-04-29,2024-04,"创业板ETF易方达
159915.XSHE"
2024-04-29 10:05:00,止盈,500ETF,510500.XSHG,5.523,1800.0,16312.0,288.81,9.0,2024-04-29,2024-04,"500ETF
510500.XSHG"
2024-04-29 11:22:00,止盈,创业板ETF易方达,159915.XSHE,1.853,5500.0,79500.0,301.48,15.0,2024-04-29,2024-04,"创业板ETF易方达
159915.XSHE"
2024-05-10 09:32:00,止盈,纳指ETF,513100.XSHG,1.32,7800.0,42100.0,303.17,5.0,2024-05-10,2024-05,"纳指ETF
513100.XSHG"
2024-05-15 14:46:00,加仓,创业板ETF易方达,159915.XSHE,1.797,5300.0,84800.0,,16.0,2024-05-15,2024-05,"创业板ETF易方达
159915.XSHE"
2024-05-15 14:47:00,等级校准,创业板ETF易方达,159915.XSHE,,,84800.0,,,2024-05-15,2024-05,"创业板ETF易方达
159915.XSHE"
2024-05-20 09:31:00,止盈,黄金ETF,518880.XSHG,5.524,1800.0,11700.0,368.01,6.0,2024-05-20,2024-05,"黄金ETF
518880.XSHG"
2024-05-21 09:31:00,止盈,纳指ETF,513100.XSHG,1.365,7500.0,34600.0,336.48,4.0,2024-05-21,2024-05,"纳指ETF
513100.XSHG"
2024-05-23 09:32:00,加仓,黄金ETF,518880.XSHG,5.354,1800.0,13500.0,,7.0,2024-05-23,2024-05,"黄金ETF
518880.XSHG"
2024-05-24 13:16:00,加仓,500ETF,510500.XSHG,5.357,1800.0,18112.0,,10.0,2024-05-24,2024-05,"500ETF
510500.XSHG"
2024-06-07 10:35:00,加仓,创业板ETF易方达,159915.XSHE,1.743,5500.0,90300.0,,16.0,2024-06-07,2024-06,"创业板ETF易方达
159915.XSHE"
2024-06-07 10:36:00,等级校准,创业板ETF易方达,159915.XSHE,,,90300.0,,,2024-06-07,2024-06,"创业板ETF易方达
159915.XSHE"
2024-06-12 09:31:00,止盈,纳指ETF,513100.XSHG,1.408,7300.0,27300.0,312.87,3.0,2024-06-12,2024-06,"纳指ETF
513100.XSHG"
2024-06-18 09:31:00,止盈,纳指ETF,513100.XSHG,1.457,7100.0,20200.0,346.87,2.0,2024-06-18,2024-06,"纳指ETF
513100.XSHG"
2024-06-20 10:04:00,加仓,500ETF,510500.XSHG,5.193,1800.0,19912.0,,11.0,2024-06-20,2024-06,"500ETF
510500.XSHG"
2024-06-20 10:05:00,等级校准,500ETF,510500.XSHG,,,19912.0,,,2024-06-20,2024-06,"500ETF
510500.XSHG"
2024-06-25 09:35:00,加仓,创业板ETF易方达,159915.XSHE,1.69,5700.0,96000.0,,16.0,2024-06-25,2024-06,"创业板ETF易方达
159915.XSHE"
2024-06-25 09:47:00,加仓,500ETF,510500.XSHG,5.034,1900.0,21812.0,,11.0,2024-06-25,2024-06,"500ETF
510500.XSHG"
2024-07-01 09:49:00,加仓,创业板ETF易方达,159915.XSHE,1.637,5900.0,101900.0,,17.0,2024-07-01,2024-07,"创业板ETF易方达
159915.XSHE"
2024-07-01 09:50:00,等级校准,创业板ETF易方达,159915.XSHE,,,101900.0,,,2024-07-01,2024-07,"创业板ETF易方达
159915.XSHE"
2024-07-03 10:57:00,止盈,纳指ETF,513100.XSHG,1.501,6800.0,13400.0,298.18,2.0,2024-07-03,2024-07,"纳指ETF
513100.XSHG"
2024-07-05 09:33:00,加仓,500ETF,510500.XSHG,4.881,1900.0,23712.0,,12.0,2024-07-05,2024-07,"500ETF
510500.XSHG"
2024-07-05 09:34:00,等级校准,500ETF,510500.XSHG,,,23712.0,,,2024-07-05,2024-07,"500ETF
510500.XSHG"
2024-07-08 09:31:00,止盈,纳指ETF,513100.XSHG,1.547,6600.0,6800.0,302.58,1.0,2024-07-08,2024-07,"纳指ETF
513100.XSHG"
2024-07-09 10:30:00,加仓,创业板ETF易方达,159915.XSHE,1.587,6100.0,108000.0,,17.0,2024-07-09,2024-07,"创业板ETF易方达
159915.XSHE"
2024-07-11 09:31:00,止盈,创业板ETF易方达,159915.XSHE,1.64,6300.0,101700.0,332.87,16.0,2024-07-11,2024-07,"创业板ETF易方达
159915.XSHE"
2024-07-12 09:33:00,加仓,纳指ETF,513100.XSHG,1.498,6400.0,13200.0,,2.0,2024-07-12,2024-07,"纳指ETF
513100.XSHG"
2024-07-16 09:31:00,止盈,纳指ETF,513100.XSHG,1.544,6600.0,6600.0,302.58,1.0,2024-07-16,2024-07,"纳指ETF
513100.XSHG"
2024-07-17 09:31:00,止盈,黄金ETF,518880.XSHG,5.6,1800.0,11700.0,441.79,6.0,2024-07-17,2024-07,"黄金ETF
518880.XSHG"
2024-07-18 09:31:00,加仓,纳指ETF,513100.XSHG,1.467,6400.0,13000.0,,2.0,2024-07-18,2024-07,"纳指ETF
513100.XSHG"
2024-07-18 09:32:00,等级校准,纳指ETF,513100.XSHG,,,13000.0,,,2024-07-18,2024-07,"纳指ETF
513100.XSHG"
2024-07-19 10:42:00,止盈,创业板ETF易方达,159915.XSHE,1.69,6000.0,95700.0,298.99,16.0,2024-07-19,2024-07,"创业板ETF易方达
159915.XSHE"
2024-07-19 14:10:00,加仓,黄金ETF,518880.XSHG,5.428,1700.0,13400.0,,7.0,2024-07-19,2024-07,"黄金ETF
518880.XSHG"
2024-07-24 09:31:00,加仓,创业板ETF易方达,159915.XSHE,1.636,5900.0,101600.0,,17.0,2024-07-24,2024-07,"创业板ETF易方达
159915.XSHE"
2024-07-24 09:32:00,等级校准,创业板ETF易方达,159915.XSHE,,,101600.0,,,2024-07-24,2024-07,"创业板ETF易方达
159915.XSHE"
2024-07-24 14:39:00,加仓,500ETF,510500.XSHG,4.733,2000.0,25712.0,,12.0,2024-07-24,2024-07,"500ETF
510500.XSHG"
2024-07-25 09:31:00,加仓,纳指ETF,513100.XSHG,1.41,6800.0,19800.0,,2.0,2024-07-25,2024-07,"纳指ETF
513100.XSHG"
2024-07-31 10:31:00,止盈,500ETF,510500.XSHG,4.883,2100.0,23612.0,313.97,11.0,2024-07-31,2024-07,"500ETF
510500.XSHG"
2024-08-01 09:31:00,止盈,纳指ETF,513100.XSHG,1.465,7000.0,12800.0,383.97,1.0,2024-08-01,2024-08,"纳指ETF
513100.XSHG"
2024-08-02 09:31:00,加仓,纳指ETF,513100.XSHG,1.411,6800.0,19600.0,,2.0,2024-08-02,2024-08,"纳指ETF
513100.XSHG"
2024-08-05 09:31:00,加仓,纳指ETF,513100.XSHG,1.331,7000.0,26600.0,,3.0,2024-08-05,2024-08,"纳指ETF
513100.XSHG"
2024-08-05 13:26:00,加仓,纳指ETF,513100.XSHG,1.291,7500.0,34100.0,,4.0,2024-08-05,2024-08,"纳指ETF
513100.XSHG"
2024-08-05 13:37:00,加仓,创业板ETF易方达,159915.XSHE,1.585,6100.0,107700.0,,17.0,2024-08-05,2024-08,"创业板ETF易方达
159915.XSHE"
2024-08-06 09:31:00,止盈,纳指ETF,513100.XSHG,1.336,7700.0,26400.0,345.47,3.0,2024-08-06,2024-08,"纳指ETF
513100.XSHG"
2024-08-13 14:40:00,止盈,纳指ETF,513100.XSHG,1.377,7400.0,19000.0,302.38,2.0,2024-08-13,2024-08,"纳指ETF
513100.XSHG"
2024-08-14 14:58:00,加仓,500ETF,510500.XSHG,4.736,2000.0,25612.0,,12.0,2024-08-14,2024-08,"500ETF
510500.XSHG"
2024-08-15 09:36:00,止盈,纳指ETF,513100.XSHG,1.419,7200.0,11800.0,301.38,1.0,2024-08-15,2024-08,"纳指ETF
513100.XSHG"
2024-08-16 09:31:00,止盈,纳指ETF,513100.XSHG,1.463,7000.0,4800.0,306.98,1.0,2024-08-16,2024-08,"纳指ETF
513100.XSHG"
2024-08-20 14:46:00,加仓,创业板ETF易方达,159915.XSHE,1.537,6300.0,114000.0,,18.0,2024-08-20,2024-08,"创业板ETF易方达
159915.XSHE"
2024-08-20 14:47:00,等级校准,创业板ETF易方达,159915.XSHE,,,114000.0,,,2024-08-20,2024-08,"创业板ETF易方达
159915.XSHE"
2024-08-23 10:53:00,加仓,500ETF,510500.XSHG,4.593,2100.0,27712.0,,13.0,2024-08-23,2024-08,"500ETF
510500.XSHG"
2024-08-29 09:31:00,加仓,纳指ETF,513100.XSHG,1.41,6800.0,11600.0,,2.0,2024-08-29,2024-08,"纳指ETF
513100.XSHG"
2024-08-29 09:31:00,加仓,创业板ETF易方达,159915.XSHE,1.487,6500.0,120500.0,,18.0,2024-08-29,2024-08,"创业板ETF易方达
159915.XSHE"
2024-08-29 09:32:00,等级校准,纳指ETF,513100.XSHG,,,11600.0,,,2024-08-29,2024-08,"纳指ETF
513100.XSHG"
2024-08-29 09:32:00,等级校准,创业板ETF易方达,159915.XSHE,,,120500.0,,,2024-08-29,2024-08,"创业板ETF易方达
159915.XSHE"
2024-08-30 09:45:00,止盈,创业板ETF易方达,159915.XSHE,1.532,6700.0,113800.0,300.47,17.0,2024-08-30,2024-08,"创业板ETF易方达
159915.XSHE"
2024-08-30 10:47:00,止盈,500ETF,510500.XSHG,4.731,2100.0,25612.0,288.81,12.0,2024-08-30,2024-08,"500ETF
510500.XSHG"
2024-09-04 13:04:00,加仓,纳指ETF,513100.XSHG,1.367,7000.0,18600.0,,2.0,2024-09-04,2024-09,"纳指ETF
513100.XSHG"
2024-09-09 09:34:00,加仓,500ETF,510500.XSHG,4.588,2100.0,27712.0,,13.0,2024-09-09,2024-09,"500ETF
510500.XSHG"
2024-09-12 09:31:00,止盈,纳指ETF,513100.XSHG,1.414,7300.0,11300.0,342.07,1.0,2024-09-12,2024-09,"纳指ETF
513100.XSHG"
2024-09-13 09:31:00,止盈,黄金ETF,518880.XSHG,5.613,1800.0,11600.0,331.99,6.0,2024-09-13,2024-09,"黄金ETF
518880.XSHG"
2024-09-20 10:03:00,止盈,纳指ETF,513100.XSHG,1.457,7000.0,4300.0,299.98,1.0,2024-09-20,2024-09,"纳指ETF
513100.XSHG"
2024-09-24 13:01:00,止盈,500ETF,510500.XSHG,4.738,2100.0,25612.0,314.01,12.0,2024-09-24,2024-09,"500ETF
510500.XSHG"
2024-09-24 13:11:00,止盈,创业板ETF易方达,159915.XSHE,1.578,6500.0,107300.0,297.97,17.0,2024-09-24,2024-09,"创业板ETF易方达
159915.XSHE"
2024-09-25 09:40:00,止盈,500ETF,510500.XSHG,4.894,2100.0,23512.0,326.57,11.0,2024-09-25,2024-09,"500ETF
510500.XSHG"
2024-09-25 09:40:00,止盈,创业板ETF易方达,159915.XSHE,1.63,6300.0,101000.0,326.57,16.0,2024-09-25,2024-09,"创业板ETF易方达
159915.XSHE"
2024-09-26 14:46:00,止盈,创业板ETF易方达,159915.XSHE,1.679,6100.0,94900.0,297.88,16.0,2024-09-26,2024-09,"创业板ETF易方达
159915.XSHE"
2024-09-26 14:58:00,止盈,500ETF,510500.XSHG,5.047,2000.0,21512.0,304.99,11.0,2024-09-26,2024-09,"500ETF
510500.XSHG"
2024-09-27 09:32:00,止盈,创业板ETF易方达,159915.XSHE,1.737,5900.0,89000.0,341.18,15.0,2024-09-27,2024-09,"创业板ETF易方达
159915.XSHE"
2024-09-27 09:57:00,止盈,500ETF,510500.XSHG,5.201,1900.0,19612.0,291.61,10.0,2024-09-27,2024-09,"500ETF
510500.XSHG"
2024-09-27 10:39:00,止盈,创业板ETF易方达,159915.XSHE,1.793,5700.0,83300.0,318.18,15.0,2024-09-27,2024-09,"创业板ETF易方达
159915.XSHE"
2024-09-27 11:23:00,止盈,500ETF,510500.XSHG,5.379,1900.0,17712.0,337.18,9.0,2024-09-27,2024-09,"500ETF
510500.XSHG"
2024-09-27 13:01:00,止盈,创业板ETF易方达,159915.XSHE,1.847,5500.0,77800.0,295.98,14.0,2024-09-27,2024-09,"创业板ETF易方达
159915.XSHE"
2024-09-27 13:08:00,加仓,纳指ETF,513100.XSHG,1.411,6800.0,11100.0,,2.0,2024-09-27,2024-09,"纳指ETF
513100.XSHG"
2024-09-27 13:09:00,等级校准,纳指ETF,513100.XSHG,,,11100.0,,,2024-09-27,2024-09,"纳指ETF
513100.XSHG"
2024-09-27 13:10:00,止盈,500ETF,510500.XSHG,5.551,1800.0,15912.0,308.6,8.0,2024-09-27,2024-09,"500ETF
510500.XSHG"
2024-09-27 13:29:00,加仓,500ETF,510500.XSHG,5.38,1800.0,17712.0,,9.0,2024-09-27,2024-09,"500ETF
510500.XSHG"
2024-09-30 09:31:00,止盈,500ETF,510500.XSHG,5.787,1800.0,15912.0,731.56,9.0,2024-09-30,2024-09,"500ETF
510500.XSHG"
2024-09-30 09:31:00,止盈,创业板ETF易方达,159915.XSHE,1.996,5400.0,72400.0,803.52,14.0,2024-09-30,2024-09,"创业板ETF易方达
159915.XSHE"
2024-09-30 09:41:00,加仓,500ETF,510500.XSHG,5.599,1700.0,17612.0,,10.0,2024-09-30,2024-09,"500ETF
510500.XSHG"
2024-09-30 09:53:00,加仓,创业板ETF易方达,159915.XSHE,1.933,5000.0,77400.0,,15.0,2024-09-30,2024-09,"创业板ETF易方达
159915.XSHE"
2024-09-30 10:19:00,止盈,创业板ETF易方达,159915.XSHE,1.994,5100.0,72300.0,310.08,14.0,2024-09-30,2024-09,"创业板ETF易方达
159915.XSHE"
2024-09-30 10:54:00,止盈,500ETF,510500.XSHG,5.775,1700.0,15912.0,298.22,9.0,2024-09-30,2024-09,"500ETF
510500.XSHG"
2024-09-30 10:58:00,止盈,创业板ETF易方达,159915.XSHE,2.054,5000.0,67300.0,298.97,14.0,2024-09-30,2024-09,"创业板ETF易方达
159915.XSHE"
2024-09-30 13:02:00,止盈,创业板ETF易方达,159915.XSHE,2.126,4800.0,62500.0,344.58,13.0,2024-09-30,2024-09,"创业板ETF易方达
159915.XSHE"
2024-09-30 13:37:00,止盈,500ETF,510500.XSHG,5.949,1700.0,14212.0,294.79,8.0,2024-09-30,2024-09,"500ETF
510500.XSHG"
2024-09-30 13:48:00,止盈,创业板ETF易方达,159915.XSHE,2.192,4700.0,57800.0,309.17,12.0,2024-09-30,2024-09,"创业板ETF易方达
159915.XSHE"
2024-09-30 14:25:00,加仓,创业板ETF易方达,159915.XSHE,2.115,4500.0,62300.0,,13.0,2024-09-30,2024-09,"创业板ETF易方达
159915.XSHE"
2024-09-30 14:45:00,止盈,创业板ETF易方达,159915.XSHE,2.181,4700.0,57600.0,309.17,12.0,2024-09-30,2024-09,"创业板ETF易方达
159915.XSHE"
2024-10-08 09:31:00,止盈,500ETF,510500.XSHG,6.595,1600.0,12612.0,1032.54,8.0,2024-10-08,2024-10,"500ETF
510500.XSHG"
2024-10-08 09:31:00,止盈,创业板ETF易方达,159915.XSHE,2.678,4500.0,53100.0,2235.29,14.0,2024-10-08,2024-10,"创业板ETF易方达
159915.XSHE"
2024-10-08 09:43:00,加仓,创业板ETF易方达,159915.XSHE,2.556,3700.0,56800.0,,15.0,2024-10-08,2024-10,"创业板ETF易方达
159915.XSHE"
2024-10-08 09:44:00,等级校准,创业板ETF易方达,159915.XSHE,,,56800.0,,,2024-10-08,2024-10,"创业板ETF易方达
159915.XSHE"
2024-10-08 09:47:00,加仓,500ETF,510500.XSHG,6.394,1500.0,14112.0,,9.0,2024-10-08,2024-10,"500ETF
510500.XSHG"
2024-10-08 10:32:00,加仓,500ETF,510500.XSHG,6.202,1500.0,15612.0,,10.0,2024-10-08,2024-10,"500ETF
510500.XSHG"
2024-10-08 10:33:00,等级校准,500ETF,510500.XSHG,,,15612.0,,,2024-10-08,2024-10,"500ETF
510500.XSHG"
2024-10-08 10:34:00,加仓,创业板ETF易方达,159915.XSHE,2.471,3900.0,60700.0,,15.0,2024-10-08,2024-10,"创业板ETF易方达
159915.XSHE"
2024-10-08 10:37:00,加仓,创业板ETF易方达,159915.XSHE,2.339,4000.0,64700.0,,16.0,2024-10-08,2024-10,"创业板ETF易方达
159915.XSHE"
2024-10-08 10:38:00,加仓,500ETF,510500.XSHG,6.007,1600.0,17212.0,,10.0,2024-10-08,2024-10,"500ETF
510500.XSHG"
2024-10-08 10:38:00,等级校准,创业板ETF易方达,159915.XSHE,,,64700.0,,,2024-10-08,2024-10,"创业板ETF易方达
159915.XSHE"
2024-10-08 10:43:00,止盈,500ETF,510500.XSHG,6.202,1600.0,15612.0,311.01,9.0,2024-10-08,2024-10,"500ETF
510500.XSHG"
2024-10-08 10:43:00,止盈,创业板ETF易方达,159915.XSHE,2.422,4200.0,60500.0,347.58,14.0,2024-10-08,2024-10,"创业板ETF易方达
159915.XSHE"
2024-10-08 10:45:00,止盈,创业板ETF易方达,159915.XSHE,2.509,4100.0,56400.0,355.67,14.0,2024-10-08,2024-10,"创业板ETF易方达
159915.XSHE"
2024-10-08 10:52:00,加仓,创业板ETF易方达,159915.XSHE,2.407,3900.0,60300.0,,15.0,2024-10-08,2024-10,"创业板ETF易方达
159915.XSHE"
2024-10-08 10:53:00,等级校准,创业板ETF易方达,159915.XSHE,,,60300.0,,,2024-10-08,2024-10,"创业板ETF易方达
159915.XSHE"
2024-10-08 11:09:00,止盈,创业板ETF易方达,159915.XSHE,2.502,4100.0,56200.0,388.47,14.0,2024-10-08,2024-10,"创业板ETF易方达
159915.XSHE"
2024-10-08 13:36:00,加仓,创业板ETF易方达,159915.XSHE,2.416,3900.0,60100.0,,15.0,2024-10-08,2024-10,"创业板ETF易方达
159915.XSHE"
2024-10-08 13:37:00,等级校准,创业板ETF易方达,159915.XSHE,,,60100.0,,,2024-10-08,2024-10,"创业板ETF易方达
159915.XSHE"
2024-10-08 14:02:00,止盈,创业板ETF易方达,159915.XSHE,2.493,4100.0,56000.0,314.68,14.0,2024-10-08,2024-10,"创业板ETF易方达
159915.XSHE"
2024-10-08 14:29:00,止盈,创业板ETF易方达,159915.XSHE,2.579,4000.0,52000.0,342.97,13.0,2024-10-08,2024-10,"创业板ETF易方达
159915.XSHE"
2024-10-08 14:41:00,止盈,创业板ETF易方达,159915.XSHE,2.668,3800.0,48200.0,337.19,13.0,2024-10-08,2024-10,"创业板ETF易方达
159915.XSHE"
2024-10-09 09:31:00,加仓,创业板ETF易方达,159915.XSHE,2.389,3700.0,51900.0,,14.0,2024-10-09,2024-10,"创业板ETF易方达
159915.XSHE"
2024-10-09 09:32:00,加仓,500ETF,510500.XSHG,5.986,1600.0,17212.0,,10.0,2024-10-09,2024-10,"500ETF
510500.XSHG"
2024-10-09 09:32:00,等级校准,创业板ETF易方达,159915.XSHE,,,51900.0,,,2024-10-09,2024-10,"创业板ETF易方达
159915.XSHE"
2024-10-09 09:32:00,加仓,创业板ETF易方达,159915.XSHE,2.271,4100.0,56000.0,,13.0,2024-10-09,2024-10,"创业板ETF易方达
159915.XSHE"
2024-10-09 09:33:00,等级校准,创业板ETF易方达,159915.XSHE,,,56000.0,,,2024-10-09,2024-10,"创业板ETF易方达
159915.XSHE"
2024-10-09 09:34:00,止盈,创业板ETF易方达,159915.XSHE,2.35,4400.0,51600.0,346.57,12.0,2024-10-09,2024-10,"创业板ETF易方达
159915.XSHE"
2024-10-09 09:51:00,止盈,创业板ETF易方达,159915.XSHE,2.43,4200.0,47400.0,334.98,11.0,2024-10-09,2024-10,"创业板ETF易方达
159915.XSHE"
2024-10-09 09:52:00,止盈,500ETF,510500.XSHG,6.171,1600.0,15612.0,295.01,9.0,2024-10-09,2024-10,"500ETF
510500.XSHG"
2024-10-09 10:11:00,加仓,创业板ETF易方达,159915.XSHE,2.35,4100.0,51500.0,,12.0,2024-10-09,2024-10,"创业板ETF易方达
159915.XSHE"
2024-10-09 10:35:00,加仓,500ETF,510500.XSHG,5.973,1600.0,17212.0,,10.0,2024-10-09,2024-10,"500ETF
510500.XSHG"
2024-10-09 11:11:00,加仓,创业板ETF易方达,159915.XSHE,2.279,4200.0,55700.0,,13.0,2024-10-09,2024-10,"创业板ETF易方达
159915.XSHE"
2024-10-09 11:12:00,等级校准,创业板ETF易方达,159915.XSHE,,,55700.0,,,2024-10-09,2024-10,"创业板ETF易方达
159915.XSHE"
2024-10-09 11:21:00,加仓,500ETF,510500.XSHG,5.792,1600.0,18812.0,,11.0,2024-10-09,2024-10,"500ETF
510500.XSHG"
2024-10-09 13:02:00,止盈,500ETF,510500.XSHG,5.991,1700.0,17112.0,337.28,10.0,2024-10-09,2024-10,"500ETF
510500.XSHG"
2024-10-09 13:02:00,止盈,创业板ETF易方达,159915.XSHE,2.361,4300.0,51400.0,351.58,12.0,2024-10-09,2024-10,"创业板ETF易方达
159915.XSHE"
2024-10-09 13:37:00,止盈,创业板ETF易方达,159915.XSHE,2.432,4200.0,47200.0,297.18,11.0,2024-10-09,2024-10,"创业板ETF易方达
159915.XSHE"
2024-10-09 14:20:00,加仓,创业板ETF易方达,159915.XSHE,2.352,4100.0,51300.0,,12.0,2024-10-09,2024-10,"创业板ETF易方达
159915.XSHE"
2024-10-09 14:46:00,加仓,创业板ETF易方达,159915.XSHE,2.275,4200.0,55500.0,,13.0,2024-10-09,2024-10,"创业板ETF易方达
159915.XSHE"
2024-10-09 14:47:00,等级校准,创业板ETF易方达,159915.XSHE,,,55500.0,,,2024-10-09,2024-10,"创业板ETF易方达
159915.XSHE"
2024-10-10 09:34:00,加仓,创业板ETF易方达,159915.XSHE,2.19,4300.0,59800.0,,13.0,2024-10-10,2024-10,"创业板ETF易方达
159915.XSHE"
2024-10-10 09:43:00,止盈,创业板ETF易方达,159915.XSHE,2.258,4500.0,55300.0,304.98,12.0,2024-10-10,2024-10,"创业板ETF易方达
159915.XSHE"
2024-10-10 09:54:00,加仓,500ETF,510500.XSHG,5.806,1600.0,18712.0,,11.0,2024-10-10,2024-10,"500ETF
510500.XSHG"
2024-10-10 09:56:00,加仓,创业板ETF易方达,159915.XSHE,2.19,4400.0,59700.0,,13.0,2024-10-10,2024-10,"创业板ETF易方达
159915.XSHE"
2024-10-10 11:17:00,止盈,创业板ETF易方达,159915.XSHE,2.257,4500.0,55200.0,300.48,12.0,2024-10-10,2024-10,"创业板ETF易方达
159915.XSHE"
2024-10-10 14:20:00,加仓,创业板ETF易方达,159915.XSHE,2.186,4400.0,59600.0,,13.0,2024-10-10,2024-10,"创业板ETF易方达
159915.XSHE"
2024-10-11 09:38:00,加仓,创业板ETF易方达,159915.XSHE,2.118,4500.0,64100.0,,14.0,2024-10-11,2024-10,"创业板ETF易方达
159915.XSHE"
2024-10-11 09:39:00,等级校准,创业板ETF易方达,159915.XSHE,,,64100.0,,,2024-10-11,2024-10,"创业板ETF易方达
159915.XSHE"
2024-10-11 10:02:00,加仓,500ETF,510500.XSHG,5.626,1700.0,20412.0,,12.0,2024-10-11,2024-10,"500ETF
510500.XSHG"
2024-10-11 10:14:00,加仓,创业板ETF易方达,159915.XSHE,2.054,4700.0,68800.0,,14.0,2024-10-11,2024-10,"创业板ETF易方达
159915.XSHE"
2024-10-14 13:25:00,止盈,创业板ETF易方达,159915.XSHE,2.119,4800.0,64000.0,310.98,13.0,2024-10-14,2024-10,"创业板ETF易方达
159915.XSHE"
2024-10-14 14:21:00,止盈,黄金ETF,518880.XSHG,5.784,1700.0,9900.0,289.72,5.0,2024-10-14,2024-10,"黄金ETF
518880.XSHG"
2024-10-15 09:31:00,止盈,纳指ETF,513100.XSHG,1.46,7000.0,4100.0,341.98,1.0,2024-10-15,2024-10,"纳指ETF
513100.XSHG"
2024-10-15 14:43:00,加仓,创业板ETF易方达,159915.XSHE,2.055,4700.0,68700.0,,14.0,2024-10-15,2024-10,"创业板ETF易方达
159915.XSHE"
2024-10-16 14:09:00,加仓,创业板ETF易方达,159915.XSHE,1.993,4800.0,73500.0,,15.0,2024-10-16,2024-10,"创业板ETF易方达
159915.XSHE"
2024-10-16 14:10:00,等级校准,创业板ETF易方达,159915.XSHE,,,73500.0,,,2024-10-16,2024-10,"创业板ETF易方达
159915.XSHE"
2024-10-18 09:31:00,止盈,黄金ETF,518880.XSHG,5.961,1700.0,8200.0,299.89,5.0,2024-10-18,2024-10,"黄金ETF
518880.XSHG"
2024-10-18 10:38:00,止盈,创业板ETF易方达,159915.XSHE,2.054,5000.0,68500.0,303.97,14.0,2024-10-18,2024-10,"创业板ETF易方达
159915.XSHE"
2024-10-18 13:13:00,止盈,创业板ETF易方达,159915.XSHE,2.119,4800.0,63700.0,310.98,13.0,2024-10-18,2024-10,"创业板ETF易方达
159915.XSHE"
2024-10-18 14:19:00,止盈,500ETF,510500.XSHG,5.798,1700.0,18712.0,291.41,11.0,2024-10-18,2024-10,"500ETF
510500.XSHG"
2024-10-18 14:19:00,止盈,创业板ETF易方达,159915.XSHE,2.187,4700.0,59000.0,318.57,13.0,2024-10-18,2024-10,"创业板ETF易方达
159915.XSHE"
2024-10-28 10:57:00,止盈,500ETF,510500.XSHG,5.972,1700.0,17012.0,294.78,10.0,2024-10-28,2024-10,"500ETF
510500.XSHG"
2024-10-30 09:31:00,加仓,创业板ETF易方达,159915.XSHE,2.119,4500.0,63500.0,,14.0,2024-10-30,2024-10,"创业板ETF易方达
159915.XSHE"
2024-10-30 09:32:00,等级校准,创业板ETF易方达,159915.XSHE,,,63500.0,,,2024-10-30,2024-10,"创业板ETF易方达
159915.XSHE"
2024-10-30 14:36:00,止盈,黄金ETF,518880.XSHG,6.14,1600.0,6600.0,285.42,4.0,2024-10-30,2024-10,"黄金ETF
518880.XSHG"
2024-11-05 10:03:00,止盈,创业板ETF易方达,159915.XSHE,2.184,4700.0,58800.0,304.47,13.0,2024-11-05,2024-11,"创业板ETF易方达
159915.XSHE"
2024-11-05 10:17:00,止盈,500ETF,510500.XSHG,6.155,1600.0,15412.0,291.82,9.0,2024-11-05,2024-11,"500ETF
510500.XSHG"
2024-11-05 13:23:00,止盈,创业板ETF易方达,159915.XSHE,2.25,4500.0,54300.0,295.99,12.0,2024-11-05,2024-11,"创业板ETF易方达
159915.XSHE"
2024-11-07 09:31:00,止盈（部分）,纳指ETF,513100.XSHG,1.515,4100.0,0.0,224.88,0.0,2024-11-07,2024-11,"纳指ETF
513100.XSHG"
2024-11-07 09:31:00,清仓,纳指ETF,513100.XSHG,,,,,0.0,2024-11-07,2024-11,"纳指ETF
513100.XSHG"
2024-11-07 09:31:00,加仓,黄金ETF,518880.XSHG,5.867,1600.0,8200.0,,5.0,2024-11-07,2024-11,"黄金ETF
518880.XSHG"
2024-11-07 09:32:00,重装建仓,纳指ETF,513100.XSHG,1.515,52800.0,52800.0,,,2024-11-07,2024-11,"纳指ETF
513100.XSHG"
2024-11-07 09:32:00,等级校准,黄金ETF,518880.XSHG,,,8200.0,,,2024-11-07,2024-11,"黄金ETF
518880.XSHG"
2024-11-07 09:33:00,底仓到账,纳指ETF,513100.XSHG,,,52800.0,,8.0,2024-11-07,2024-11,"纳指ETF
513100.XSHG"
2024-11-07 14:40:00,止盈,500ETF,510500.XSHG,6.34,1600.0,13812.0,294.99,9.0,2024-11-07,2024-11,"500ETF
510500.XSHG"
2024-11-08 09:31:00,止盈,创业板ETF易方达,159915.XSHE,2.355,4400.0,49900.0,460.96,11.0,2024-11-08,2024-11,"创业板ETF易方达
159915.XSHE"
2024-11-08 14:26:00,加仓,创业板ETF易方达,159915.XSHE,2.284,4200.0,54100.0,,12.0,2024-11-08,2024-11,"创业板ETF易方达
159915.XSHE"
2024-11-12 09:31:00,止盈,创业板ETF易方达,159915.XSHE,2.368,4300.0,49800.0,360.18,11.0,2024-11-12,2024-11,"创业板ETF易方达
159915.XSHE"
2024-11-14 13:40:00,加仓,黄金ETF,518880.XSHG,5.69,1700.0,9900.0,,5.0,2024-11-14,2024-11,"黄金ETF
518880.XSHG"
2024-11-14 14:40:00,加仓,创业板ETF易方达,159915.XSHE,2.296,4200.0,54000.0,,12.0,2024-11-14,2024-11,"创业板ETF易方达
159915.XSHE"
2024-11-15 09:46:00,加仓,500ETF,510500.XSHG,6.148,1500.0,15312.0,,10.0,2024-11-15,2024-11,"500ETF
510500.XSHG"
2024-11-15 09:47:00,等级校准,500ETF,510500.XSHG,,,15312.0,,,2024-11-15,2024-11,"500ETF
510500.XSHG"
2024-11-15 14:12:00,加仓,创业板ETF易方达,159915.XSHE,2.226,4300.0,58300.0,,13.0,2024-11-15,2024-11,"创业板ETF易方达
159915.XSHE"
2024-11-18 09:48:00,加仓,500ETF,510500.XSHG,5.961,1600.0,16912.0,,10.0,2024-11-18,2024-11,"500ETF
510500.XSHG"
2024-11-18 09:49:00,加仓,创业板ETF易方达,159915.XSHE,2.156,4400.0,62700.0,,14.0,2024-11-18,2024-11,"创业板ETF易方达
159915.XSHE"
2024-11-18 09:50:00,等级校准,创业板ETF易方达,159915.XSHE,,,62700.0,,,2024-11-18,2024-11,"创业板ETF易方达
159915.XSHE"
2024-11-20 09:31:00,止盈,黄金ETF,518880.XSHG,5.891,1700.0,8200.0,340.7,5.0,2024-11-20,2024-11,"黄金ETF
518880.XSHG"
2024-11-20 11:22:00,止盈,创业板ETF易方达,159915.XSHE,2.221,4600.0,58100.0,297.98,12.0,2024-11-20,2024-11,"创业板ETF易方达
159915.XSHE"
2024-11-22 14:39:00,加仓,创业板ETF易方达,159915.XSHE,2.152,4500.0,62600.0,,13.0,2024-11-22,2024-11,"创业板ETF易方达
159915.XSHE"
2024-11-25 13:59:00,加仓,500ETF,510500.XSHG,5.782,1600.0,18512.0,,11.0,2024-11-25,2024-11,"500ETF
510500.XSHG"
2024-11-25 14:00:00,等级校准,500ETF,510500.XSHG,,,18512.0,,,2024-11-25,2024-11,"500ETF
510500.XSHG"
2024-11-27 09:48:00,加仓,创业板ETF易方达,159915.XSHE,2.085,4600.0,67200.0,,14.0,2024-11-27,2024-11,"创业板ETF易方达
159915.XSHE"
2024-11-27 14:25:00,止盈,创业板ETF易方达,159915.XSHE,2.148,4700.0,62500.0,295.09,13.0,2024-11-27,2024-11,"创业板ETF易方达
159915.XSHE"
2024-11-29 11:25:00,止盈,500ETF,510500.XSHG,5.956,1700.0,16812.0,294.79,10.0,2024-11-29,2024-11,"500ETF
510500.XSHG"
2024-11-29 13:02:00,止盈,创业板ETF易方达,159915.XSHE,2.219,4600.0,57900.0,325.58,12.0,2024-11-29,2024-11,"创业板ETF易方达
159915.XSHE"
2024-12-03 09:36:00,止盈,纳指ETF,513100.XSHG,1.561,6500.0,46300.0,297.99,7.0,2024-12-03,2024-12,"纳指ETF
513100.XSHG"
2024-12-09 13:20:00,止盈,纳指ETF,513100.XSHG,1.608,6400.0,39900.0,299.77,6.0,2024-12-09,2024-12,"纳指ETF
513100.XSHG"
2024-12-10 09:31:00,止盈,500ETF,510500.XSHG,6.266,1600.0,15212.0,495.0,10.0,2024-12-10,2024-12,"500ETF
510500.XSHG"
2024-12-10 09:31:00,止盈,创业板ETF易方达,159915.XSHE,2.312,4500.0,53400.0,417.46,12.0,2024-12-10,2024-12,"创业板ETF易方达
159915.XSHE"
2024-12-10 13:32:00,加仓,创业板ETF易方达,159915.XSHE,2.242,4300.0,57700.0,,13.0,2024-12-10,2024-12,"创业板ETF易方达
159915.XSHE"
2024-12-16 09:32:00,加仓,500ETF,510500.XSHG,6.068,1500.0,16712.0,,11.0,2024-12-16,2024-12,"500ETF
510500.XSHG"
2024-12-16 09:33:00,等级校准,500ETF,510500.XSHG,,,16712.0,,,2024-12-16,2024-12,"500ETF
510500.XSHG"
2024-12-16 09:41:00,加仓,创业板ETF易方达,159915.XSHE,2.174,4400.0,62100.0,,14.0,2024-12-16,2024-12,"创业板ETF易方达
159915.XSHE"
2024-12-16 09:42:00,等级校准,创业板ETF易方达,159915.XSHE,,,62100.0,,,2024-12-16,2024-12,"创业板ETF易方达
159915.XSHE"
2024-12-17 09:31:00,止盈,纳指ETF,513100.XSHG,1.677,6200.0,33700.0,426.76,5.0,2024-12-17,2024-12,"纳指ETF
513100.XSHG"
2024-12-19 09:31:00,加仓,纳指ETF,513100.XSHG,1.618,5900.0,39600.0,,6.0,2024-12-19,2024-12,"纳指ETF
513100.XSHG"
2024-12-24 09:31:00,止盈,纳指ETF,513100.XSHG,1.673,6100.0,33500.0,334.48,5.0,2024-12-24,2024-12,"纳指ETF
513100.XSHG"
2024-12-31 09:32:00,加仓,纳指ETF,513100.XSHG,1.622,5900.0,39400.0,,6.0,2024-12-31,2024-12,"纳指ETF
513100.XSHG"
2024-12-31 11:09:00,加仓,500ETF,510500.XSHG,5.885,1600.0,18312.0,,11.0,2024-12-31,2024-12,"500ETF
510500.XSHG"
2024-12-31 14:30:00,加仓,创业板ETF易方达,159915.XSHE,2.106,4500.0,66600.0,,14.0,2024-12-31,2024-12,"创业板ETF易方达
159915.XSHE"
2025-01-02 13:38:00,加仓,500ETF,510500.XSHG,5.707,1600.0,19912.0,,12.0,2025-01-02,2025-01,"500ETF
510500.XSHG"
2025-01-02 13:39:00,等级校准,500ETF,510500.XSHG,,,19912.0,,,2025-01-02,2025-01,"500ETF
510500.XSHG"
2025-01-02 13:48:00,加仓,创业板ETF易方达,159915.XSHE,2.042,4700.0,71300.0,,15.0,2025-01-02,2025-01,"创业板ETF易方达
159915.XSHE"
2025-01-02 13:49:00,等级校准,创业板ETF易方达,159915.XSHE,,,71300.0,,,2025-01-02,2025-01,"创业板ETF易方达
159915.XSHE"
2025-01-03 14:13:00,加仓,500ETF,510500.XSHG,5.531,1700.0,21612.0,,12.0,2025-01-03,2025-01,"500ETF
510500.XSHG"
2025-01-03 14:17:00,加仓,创业板ETF易方达,159915.XSHE,1.98,4800.0,76100.0,,15.0,2025-01-03,2025-01,"创业板ETF易方达
159915.XSHE"
2025-01-07 09:31:00,止盈,纳指ETF,513100.XSHG,1.687,6100.0,33300.0,395.47,5.0,2025-01-07,2025-01,"纳指ETF
513100.XSHG"
2025-01-08 09:31:00,加仓,纳指ETF,513100.XSHG,1.634,5900.0,39200.0,,6.0,2025-01-08,2025-01,"纳指ETF
513100.XSHG"
2025-01-10 09:31:00,止盈,黄金ETF,518880.XSHG,6.083,1600.0,6600.0,306.23,4.0,2025-01-10,2025-01,"黄金ETF
518880.XSHG"
2025-01-13 09:31:00,加仓,创业板ETF易方达,159915.XSHE,1.92,5000.0,81100.0,,16.0,2025-01-13,2025-01,"创业板ETF易方达
159915.XSHE"
2025-01-13 09:32:00,等级校准,创业板ETF易方达,159915.XSHE,,,81100.0,,,2025-01-13,2025-01,"创业板ETF易方达
159915.XSHE"
2025-01-14 09:59:00,止盈,创业板ETF易方达,159915.XSHE,1.978,5200.0,75900.0,300.57,15.0,2025-01-14,2025-01,"创业板ETF易方达
159915.XSHE"
2025-01-16 09:45:00,止盈,创业板ETF易方达,159915.XSHE,2.038,5000.0,70900.0,298.98,14.0,2025-01-16,2025-01,"创业板ETF易方达
159915.XSHE"
2025-01-23 09:41:00,止盈,500ETF,510500.XSHG,5.709,1800.0,19812.0,319.37,11.0,2025-01-23,2025-01,"500ETF
510500.XSHG"
2025-01-23 09:41:00,止盈,创业板ETF易方达,159915.XSHE,2.101,4900.0,66000.0,307.67,14.0,2025-01-23,2025-01,"创业板ETF易方达
159915.XSHE"
2025-01-27 14:42:00,加仓,创业板ETF易方达,159915.XSHE,2.037,4700.0,70700.0,,15.0,2025-01-27,2025-01,"创业板ETF易方达
159915.XSHE"
2025-01-27 14:43:00,等级校准,创业板ETF易方达,159915.XSHE,,,70700.0,,,2025-01-27,2025-01,"创业板ETF易方达
159915.XSHE"
2025-02-05 09:31:00,止盈,黄金ETF,518880.XSHG,6.4,1600.0,5000.0,506.18,3.0,2025-02-05,2025-02,"黄金ETF
518880.XSHG"
2025-02-07 09:52:00,止盈,创业板ETF易方达,159915.XSHE,2.1,4900.0,65800.0,307.67,14.0,2025-02-07,2025-02,"创业板ETF易方达
159915.XSHE"
2025-02-07 11:26:00,止盈,500ETF,510500.XSHG,5.886,1700.0,18112.0,299.9,11.0,2025-02-07,2025-02,"500ETF
510500.XSHG"
2025-02-11 09:31:00,止盈,黄金ETF,518880.XSHG,6.622,1500.0,3500.0,332.01,2.0,2025-02-11,2025-02,"黄金ETF
518880.XSHG"
2025-02-14 10:51:00,止盈,创业板ETF易方达,159915.XSHE,2.167,4700.0,61100.0,313.88,13.0,2025-02-14,2025-02,"创业板ETF易方达
159915.XSHE"
2025-02-21 13:02:00,止盈,创业板ETF易方达,159915.XSHE,2.235,4600.0,56500.0,311.77,12.0,2025-02-21,2025-02,"创业板ETF易方达
159915.XSHE"
2025-02-21 14:22:00,止盈,500ETF,510500.XSHG,6.063,1600.0,16512.0,282.23,10.0,2025-02-21,2025-02,"500ETF
510500.XSHG"
2025-02-24 09:31:00,加仓,纳指ETF,513100.XSHG,1.581,6100.0,45300.0,,7.0,2025-02-24,2025-02,"纳指ETF
513100.XSHG"
2025-02-28 09:31:00,加仓,纳指ETF,513100.XSHG,1.528,6300.0,51600.0,,8.0,2025-02-28,2025-02,"纳指ETF
513100.XSHG"
2025-02-28 09:32:00,等级校准,纳指ETF,513100.XSHG,,,51600.0,,,2025-02-28,2025-02,"纳指ETF
513100.XSHG"
2025-02-28 10:57:00,加仓,创业板ETF易方达,159915.XSHE,2.167,4400.0,60900.0,,13.0,2025-02-28,2025-02,"创业板ETF易方达
159915.XSHE"
2025-02-28 14:11:00,加仓,500ETF,510500.XSHG,5.881,1600.0,18112.0,,11.0,2025-02-28,2025-02,"500ETF
510500.XSHG"
2025-02-28 14:12:00,等级校准,500ETF,510500.XSHG,,,18112.0,,,2025-02-28,2025-02,"500ETF
510500.XSHG"
2025-03-06 14:31:00,止盈,500ETF,510500.XSHG,6.058,1700.0,16412.0,299.87,10.0,2025-03-06,2025-03,"500ETF
510500.XSHG"
2025-03-11 09:31:00,加仓,纳指ETF,513100.XSHG,1.429,6500.0,58100.0,,8.0,2025-03-11,2025-03,"纳指ETF
513100.XSHG"
2025-03-20 09:31:00,止盈,黄金ETF,518880.XSHG,6.821,1500.0,2000.0,297.48,1.0,2025-03-20,2025-03,"黄金ETF
518880.XSHG"
2025-03-20 10:43:00,止盈,纳指ETF,513100.XSHG,1.472,6900.0,51200.0,295.68,7.0,2025-03-20,2025-03,"纳指ETF
513100.XSHG"
2025-03-24 13:06:00,加仓,创业板ETF易方达,159915.XSHE,2.101,4600.0,65500.0,,14.0,2025-03-24,2025-03,"创业板ETF易方达
159915.XSHE"
2025-03-24 13:07:00,等级校准,创业板ETF易方达,159915.XSHE,,,65500.0,,,2025-03-24,2025-03,"创业板ETF易方达
159915.XSHE"
2025-03-25 09:31:00,止盈,纳指ETF,513100.XSHG,1.523,6700.0,44500.0,340.68,6.0,2025-03-25,2025-03,"纳指ETF
513100.XSHG"
2025-03-28 09:31:00,加仓,纳指ETF,513100.XSHG,1.477,6500.0,51000.0,,7.0,2025-03-28,2025-03,"纳指ETF
513100.XSHG"
2025-03-31 09:31:00,加仓,纳指ETF,513100.XSHG,1.428,6700.0,57700.0,,8.0,2025-03-31,2025-03,"纳指ETF
513100.XSHG"
2025-03-31 09:34:00,加仓,500ETF,510500.XSHG,5.873,1600.0,18012.0,,11.0,2025-03-31,2025-03,"500ETF
510500.XSHG"
2025-03-31 09:35:00,等级校准,500ETF,510500.XSHG,,,18012.0,,,2025-03-31,2025-03,"500ETF
510500.XSHG"
2025-03-31 11:11:00,止盈,黄金ETF,518880.XSHG,7.035,1400.0,600.0,298.62,1.0,2025-03-31,2025-03,"黄金ETF
518880.XSHG"
2025-04-03 10:12:00,加仓,创业板ETF易方达,159915.XSHE,2.037,4700.0,70200.0,,14.0,2025-04-03,2025-04,"创业板ETF易方达
159915.XSHE"
2025-04-07 09:31:00,加仓,纳指ETF,513100.XSHG,1.272,7000.0,64700.0,,9.0,2025-04-07,2025-04,"纳指ETF
513100.XSHG"
2025-04-07 09:31:00,加仓,500ETF,510500.XSHG,5.624,1700.0,19712.0,,11.0,2025-04-07,2025-04,"500ETF
510500.XSHG"
2025-04-07 09:31:00,加仓,创业板ETF易方达,159915.XSHE,1.911,4900.0,75100.0,,15.0,2025-04-07,2025-04,"创业板ETF易方达
159915.XSHE"
2025-04-07 09:32:00,等级校准,纳指ETF,513100.XSHG,,,64700.0,,,2025-04-07,2025-04,"纳指ETF
513100.XSHG"
2025-04-07 09:32:00,等级校准,创业板ETF易方达,159915.XSHE,,,75100.0,,,2025-04-07,2025-04,"创业板ETF易方达
159915.XSHE"
2025-04-07 09:40:00,加仓,500ETF,510500.XSHG,5.452,1700.0,21412.0,,12.0,2025-04-07,2025-04,"500ETF
510500.XSHG"
2025-04-07 09:40:00,加仓,创业板ETF易方达,159915.XSHE,1.852,5200.0,80300.0,,15.0,2025-04-07,2025-04,"创业板ETF易方达
159915.XSHE"
2025-04-07 09:41:00,等级校准,500ETF,510500.XSHG,,,21412.0,,,2025-04-07,2025-04,"500ETF
510500.XSHG"
2025-04-07 09:53:00,加仓,创业板ETF易方达,159915.XSHE,1.795,5300.0,85600.0,,16.0,2025-04-07,2025-04,"创业板ETF易方达
159915.XSHE"
2025-04-07 09:54:00,等级校准,创业板ETF易方达,159915.XSHE,,,85600.0,,,2025-04-07,2025-04,"创业板ETF易方达
159915.XSHE"
2025-04-07 10:01:00,止盈,创业板ETF易方达,159915.XSHE,1.85,5500.0,80100.0,301.48,14.0,2025-04-07,2025-04,"创业板ETF易方达
159915.XSHE"
2025-04-07 13:45:00,加仓,创业板ETF易方达,159915.XSHE,1.794,5400.0,85500.0,,15.0,2025-04-07,2025-04,"创业板ETF易方达
159915.XSHE"
2025-04-07 13:59:00,加仓,500ETF,510500.XSHG,5.288,1800.0,23212.0,,12.0,2025-04-07,2025-04,"500ETF
510500.XSHG"
2025-04-07 14:16:00,加仓,创业板ETF易方达,159915.XSHE,1.738,5500.0,91000.0,,16.0,2025-04-07,2025-04,"创业板ETF易方达
159915.XSHE"
2025-04-07 14:17:00,等级校准,创业板ETF易方达,159915.XSHE,,,91000.0,,,2025-04-07,2025-04,"创业板ETF易方达
159915.XSHE"
2025-04-08 09:31:00,止盈,创业板ETF易方达,159915.XSHE,1.808,5700.0,85300.0,397.97,15.0,2025-04-08,2025-04,"创业板ETF易方达
159915.XSHE"
2025-04-08 09:32:00,止盈,纳指ETF,513100.XSHG,1.312,7800.0,56900.0,310.98,7.0,2025-04-08,2025-04,"纳指ETF
513100.XSHG"
2025-04-09 09:31:00,加仓,纳指ETF,513100.XSHG,1.27,7600.0,64500.0,,8.0,2025-04-09,2025-04,"纳指ETF
513100.XSHG"
2025-04-09 09:38:00,加仓,创业板ETF易方达,159915.XSHE,1.75,5500.0,90800.0,,16.0,2025-04-09,2025-04,"创业板ETF易方达
159915.XSHE"
2025-04-09 09:39:00,等级校准,创业板ETF易方达,159915.XSHE,,,90800.0,,,2025-04-09,2025-04,"创业板ETF易方达
159915.XSHE"
2025-04-09 10:01:00,止盈,创业板ETF易方达,159915.XSHE,1.804,5700.0,85100.0,306.77,15.0,2025-04-09,2025-04,"创业板ETF易方达
159915.XSHE"
2025-04-09 10:45:00,止盈,纳指ETF,513100.XSHG,1.309,7800.0,56700.0,303.18,7.0,2025-04-09,2025-04,"纳指ETF
513100.XSHG"
2025-04-09 13:11:00,加仓,纳指ETF,513100.XSHG,1.269,7600.0,64300.0,,8.0,2025-04-09,2025-04,"纳指ETF
513100.XSHG"
2025-04-09 14:16:00,止盈,500ETF,510500.XSHG,5.448,1800.0,21412.0,287.02,11.0,2025-04-09,2025-04,"500ETF
510500.XSHG"
2025-04-10 09:31:00,止盈,纳指ETF,513100.XSHG,1.43,7800.0,56500.0,1254.68,8.0,2025-04-10,2025-04,"纳指ETF
513100.XSHG"
2025-04-10 09:31:00,止盈,创业板ETF易方达,159915.XSHE,1.881,5500.0,79600.0,422.47,15.0,2025-04-10,2025-04,"创业板ETF易方达
159915.XSHE"
2025-04-11 09:31:00,加仓,纳指ETF,513100.XSHG,1.372,6900.0,63400.0,,9.0,2025-04-11,2025-04,"纳指ETF
513100.XSHG"
2025-04-11 09:31:00,止盈（部分）,黄金ETF,518880.XSHG,7.324,600.0,0.0,172.96,0.0,2025-04-11,2025-04,"黄金ETF
518880.XSHG"
2025-04-11 09:31:00,清仓,黄金ETF,518880.XSHG,,,,,0.0,2025-04-11,2025-04,"黄金ETF
518880.XSHG"
2025-04-11 09:32:00,等级校准,纳指ETF,513100.XSHG,,,63400.0,,,2025-04-11,2025-04,"纳指ETF
513100.XSHG"
2025-04-11 09:32:00,重装建仓,黄金ETF,518880.XSHG,7.304,10900.0,10900.0,,,2025-04-11,2025-04,"黄金ETF
518880.XSHG"
2025-04-11 09:33:00,底仓到账,黄金ETF,518880.XSHG,,,10900.0,,8.0,2025-04-11,2025-04,"黄金ETF
518880.XSHG"
2025-04-11 13:44:00,止盈,500ETF,510500.XSHG,5.617,1800.0,19612.0,303.19,11.0,2025-04-11,2025-04,"500ETF
510500.XSHG"
2025-04-11 14:02:00,止盈,纳指ETF,513100.XSHG,1.415,7200.0,56200.0,308.58,8.0,2025-04-11,2025-04,"纳指ETF
513100.XSHG"
2025-04-17 09:31:00,止盈,黄金ETF,518880.XSHG,7.65,1300.0,9600.0,448.81,7.0,2025-04-17,2025-04,"黄金ETF
518880.XSHG"
2025-04-21 09:32:00,加仓,纳指ETF,513100.XSHG,1.372,7000.0,63200.0,,9.0,2025-04-21,2025-04,"纳指ETF
513100.XSHG"
2025-04-21 09:33:00,等级校准,纳指ETF,513100.XSHG,,,63200.0,,,2025-04-21,2025-04,"纳指ETF
513100.XSHG"
2025-04-22 09:34:00,止盈,黄金ETF,518880.XSHG,7.886,1300.0,8300.0,305.77,6.0,2025-04-22,2025-04,"黄金ETF
518880.XSHG"
2025-04-23 10:57:00,加仓,黄金ETF,518880.XSHG,7.637,1200.0,9500.0,,7.0,2025-04-23,2025-04,"黄金ETF
518880.XSHG"
2025-04-23 14:53:00,止盈,纳指ETF,513100.XSHG,1.414,7200.0,56000.0,301.38,8.0,2025-04-23,2025-04,"纳指ETF
513100.XSHG"
2025-05-06 09:31:00,止盈,纳指ETF,513100.XSHG,1.468,7000.0,49000.0,376.97,7.0,2025-05-06,2025-05,"纳指ETF
513100.XSHG"
2025-05-06 09:32:00,止盈,创业板ETF易方达,159915.XSHE,1.941,5300.0,74300.0,316.97,14.0,2025-05-06,2025-05,"创业板ETF易方达
159915.XSHE"
2025-05-07 09:31:00,止盈,500ETF,510500.XSHG,5.817,1700.0,17912.0,339.01,10.0,2025-05-07,2025-05,"500ETF
510500.XSHG"
2025-05-07 09:32:00,止盈,创业板ETF易方达,159915.XSHE,2.002,5100.0,69200.0,310.08,14.0,2025-05-07,2025-05,"创业板ETF易方达
159915.XSHE"
2025-05-12 09:31:00,止盈,纳指ETF,513100.XSHG,1.514,6800.0,42200.0,311.77,6.0,2025-05-12,2025-05,"纳指ETF
513100.XSHG"
2025-05-12 09:31:00,加仓,黄金ETF,518880.XSHG,7.347,1300.0,10800.0,,8.0,2025-05-12,2025-05,"黄金ETF
518880.XSHG"
2025-05-14 09:47:00,止盈,纳指ETF,513100.XSHG,1.561,6600.0,35600.0,309.17,5.0,2025-05-14,2025-05,"纳指ETF
513100.XSHG"
2025-05-14 13:42:00,止盈,创业板ETF易方达,159915.XSHE,2.063,4900.0,64300.0,297.89,13.0,2025-05-14,2025-05,"创业板ETF易方达
159915.XSHE"
2025-05-15 10:26:00,加仓,黄金ETF,518880.XSHG,7.123,1300.0,12100.0,,9.0,2025-05-15,2025-05,"黄金ETF
518880.XSHG"
2025-05-15 10:27:00,等级校准,黄金ETF,518880.XSHG,,,12100.0,,,2025-05-15,2025-05,"黄金ETF
518880.XSHG"
2025-05-19 09:32:00,加仓,创业板ETF易方达,159915.XSHE,1.999,4800.0,69100.0,,14.0,2025-05-19,2025-05,"创业板ETF易方达
159915.XSHE"
2025-05-19 09:33:00,等级校准,创业板ETF易方达,159915.XSHE,,,69100.0,,,2025-05-19,2025-05,"创业板ETF易方达
159915.XSHE"
2025-05-21 09:31:00,止盈,黄金ETF,518880.XSHG,7.38,1400.0,10700.0,358.77,8.0,2025-05-21,2025-05,"黄金ETF
518880.XSHG"
2025-05-27 09:42:00,加仓,500ETF,510500.XSHG,5.642,1700.0,19612.0,,11.0,2025-05-27,2025-05,"500ETF
510500.XSHG"
2025-06-09 09:42:00,止盈,500ETF,510500.XSHG,5.814,1700.0,17912.0,291.41,10.0,2025-06-09,2025-06,"500ETF
510500.XSHG"
2025-06-13 09:31:00,止盈,黄金ETF,518880.XSHG,7.619,1300.0,9400.0,309.71,7.0,2025-06-13,2025-06,"黄金ETF
518880.XSHG"
2025-06-24 13:54:00,加仓,黄金ETF,518880.XSHG,7.387,1300.0,10700.0,,8.0,2025-06-24,2025-06,"黄金ETF
518880.XSHG"
2025-06-25 09:35:00,止盈,创业板ETF易方达,159915.XSHE,2.059,5000.0,64100.0,298.97,13.0,2025-06-25,2025-06,"创业板ETF易方达
159915.XSHE"
2025-06-27 09:31:00,止盈,纳指ETF,513100.XSHG,1.612,6400.0,29200.0,325.37,4.0,2025-06-27,2025-06,"纳指ETF
513100.XSHG"
2025-06-27 10:14:00,止盈,创业板ETF易方达,159915.XSHE,2.121,4800.0,59300.0,296.58,12.0,2025-06-27,2025-06,"创业板ETF易方达
159915.XSHE"
2025-07-04 13:10:00,止盈,500ETF,510500.XSHG,5.989,1700.0,16212.0,296.48,10.0,2025-07-04,2025-07,"500ETF
510500.XSHG"
2025-07-11 10:26:00,止盈,创业板ETF易方达,159915.XSHE,2.185,4700.0,54600.0,299.77,12.0,2025-07-11,2025-07,"创业板ETF易方达
159915.XSHE"
2025-07-18 09:31:00,止盈,创业板ETF易方达,159915.XSHE,2.256,4500.0,50100.0,318.48,11.0,2025-07-18,2025-07,"创业板ETF易方达
159915.XSHE"
2025-07-18 09:33:00,止盈,500ETF,510500.XSHG,6.171,1600.0,14612.0,290.21,9.0,2025-07-18,2025-07,"500ETF
510500.XSHG"
2025-07-18 09:40:00,止盈,纳指ETF,513100.XSHG,1.661,6200.0,23000.0,302.77,3.0,2025-07-18,2025-07,"纳指ETF
513100.XSHG"
2025-07-24 14:35:00,止盈,500ETF,510500.XSHG,6.359,1600.0,13012.0,299.78,8.0,2025-07-24,2025-07,"500ETF
510500.XSHG"
2025-07-25 09:31:00,止盈,创业板ETF易方达,159915.XSHE,2.324,4400.0,45700.0,298.18,10.0,2025-07-25,2025-07,"创业板ETF易方达
159915.XSHE"
2025-08-13 09:31:00,止盈,纳指ETF,513100.XSHG,1.721,6000.0,17000.0,358.97,2.0,2025-08-13,2025-08,"纳指ETF
513100.XSHG"
2025-08-13 09:31:00,止盈,创业板ETF易方达,159915.XSHE,2.395,4300.0,41400.0,304.27,10.0,2025-08-13,2025-08,"创业板ETF易方达
159915.XSHE"
2025-08-13 11:08:00,止盈,500ETF,510500.XSHG,6.55,1500.0,11512.0,285.52,7.0,2025-08-13,2025-08,"500ETF
510500.XSHG"
2025-08-13 13:17:00,止盈,创业板ETF易方达,159915.XSHE,2.467,4100.0,37300.0,294.19,9.0,2025-08-13,2025-08,"创业板ETF易方达
159915.XSHE"
2025-08-18 09:58:00,止盈,创业板ETF易方达,159915.XSHE,2.544,4000.0,33300.0,306.98,8.0,2025-08-18,2025-08,"创业板ETF易方达
159915.XSHE"
2025-08-18 10:35:00,止盈,500ETF,510500.XSHG,6.749,1500.0,10012.0,297.49,7.0,2025-08-18,2025-08,"500ETF
510500.XSHG"
2025-08-22 10:51:00,止盈,创业板ETF易方达,159915.XSHE,2.623,3900.0,29400.0,307.08,7.0,2025-08-22,2025-08,"创业板ETF易方达
159915.XSHE"
2025-08-25 09:31:00,止盈,500ETF,510500.XSHG,6.972,1400.0,8612.0,311.22,6.0,2025-08-25,2025-08,"500ETF
510500.XSHG"
2025-08-25 09:33:00,止盈,创业板ETF易方达,159915.XSHE,2.703,3800.0,25600.0,302.97,7.0,2025-08-25,2025-08,"创业板ETF易方达
159915.XSHE"
2025-08-27 11:16:00,止盈,创业板ETF易方达,159915.XSHE,2.787,3600.0,22000.0,301.4,6.0,2025-08-27,2025-08,"创业板ETF易方达
159915.XSHE"
2025-08-27 14:55:00,加仓,创业板ETF易方达,159915.XSHE,2.702,3500.0,25500.0,,7.0,2025-08-27,2025-08,"创业板ETF易方达
159915.XSHE"
2025-08-27 14:56:00,等级校准,创业板ETF易方达,159915.XSHE,,,25500.0,,,2025-08-27,2025-08,"创业板ETF易方达
159915.XSHE"
2025-08-28 14:42:00,止盈,创业板ETF易方达,159915.XSHE,2.785,3700.0,21800.0,306.07,6.0,2025-08-28,2025-08,"创业板ETF易方达
159915.XSHE"
2025-08-29 10:28:00,止盈,创业板ETF易方达,159915.XSHE,2.87,3500.0,18300.0,296.5,5.0,2025-08-29,2025-08,"创业板ETF易方达
159915.XSHE"
2025-09-01 09:40:00,止盈,500ETF,510500.XSHG,7.183,1400.0,7212.0,294.39,5.0,2025-09-01,2025-09,"500ETF
510500.XSHG"
2025-09-01 10:09:00,止盈,黄金ETF,518880.XSHG,7.609,1300.0,9400.0,287.61,7.0,2025-09-01,2025-09,"黄金ETF
518880.XSHG"
2025-09-01 14:25:00,加仓,纳指ETF,513100.XSHG,1.669,5800.0,22800.0,,3.0,2025-09-01,2025-09,"纳指ETF
513100.XSHG"
2025-09-03 13:37:00,加仓,500ETF,510500.XSHG,6.966,1300.0,8512.0,,6.0,2025-09-03,2025-09,"500ETF
510500.XSHG"
2025-09-04 10:50:00,加仓,创业板ETF易方达,159915.XSHE,2.783,3400.0,21700.0,,6.0,2025-09-04,2025-09,"创业板ETF易方达
159915.XSHE"
2025-09-04 14:13:00,加仓,500ETF,510500.XSHG,6.755,1400.0,9912.0,,7.0,2025-09-04,2025-09,"500ETF
510500.XSHG"
2025-09-05 13:50:00,止盈,创业板ETF易方达,159915.XSHE,2.869,3500.0,18200.0,300.0,5.0,2025-09-05,2025-09,"创业板ETF易方达
159915.XSHE"
2025-09-05 14:02:00,止盈,500ETF,510500.XSHG,6.958,1400.0,8512.0,283.23,6.0,2025-09-05,2025-09,"500ETF
510500.XSHG"
2025-09-08 10:58:00,止盈,黄金ETF,518880.XSHG,7.839,1300.0,8100.0,297.98,6.0,2025-09-08,2025-09,"黄金ETF
518880.XSHG"
2025-09-11 10:59:00,止盈,创业板ETF易方达,159915.XSHE,2.959,3400.0,14800.0,304.99,4.0,2025-09-11,2025-09,"创业板ETF易方达
159915.XSHE"
2025-09-11 13:07:00,止盈,500ETF,510500.XSHG,7.176,1400.0,7112.0,304.2,5.0,2025-09-11,2025-09,"500ETF
510500.XSHG"
2025-09-15 09:38:00,止盈,创业板ETF易方达,159915.XSHE,3.05,3300.0,11500.0,299.29,3.0,2025-09-15,2025-09,"创业板ETF易方达
159915.XSHE"
2025-09-15 09:54:00,止盈,纳指ETF,513100.XSHG,1.72,5900.0,16900.0,299.89,2.0,2025-09-15,2025-09,"纳指ETF
513100.XSHG"
2025-09-18 10:07:00,止盈,500ETF,510500.XSHG,7.393,1300.0,5812.0,281.14,4.0,2025-09-18,2025-09,"500ETF
510500.XSHG"
2025-09-22 14:43:00,止盈,纳指ETF,513100.XSHG,1.772,5800.0,11100.0,300.57,1.0,2025-09-22,2025-09,"纳指ETF
513100.XSHG"
2025-09-23 09:31:00,止盈,黄金ETF,518880.XSHG,8.119,1200.0,6900.0,335.03,5.0,2025-09-23,2025-09,"黄金ETF
518880.XSHG"
2025-09-23 10:34:00,加仓,500ETF,510500.XSHG,7.169,1300.0,7112.0,,5.0,2025-09-23,2025-09,"500ETF
510500.XSHG"
2025-09-24 11:26:00,止盈,创业板ETF易方达,159915.XSHE,3.142,3200.0,8300.0,293.39,2.0,2025-09-24,2025-09,"创业板ETF易方达
159915.XSHE"
2025-09-24 13:01:00,止盈,500ETF,510500.XSHG,7.389,1300.0,5812.0,285.04,4.0,2025-09-24,2025-09,"500ETF
510500.XSHG"
2025-09-25 14:31:00,止盈,创业板ETF易方达,159915.XSHE,3.237,3100.0,5200.0,293.5,1.0,2025-09-25,2025-09,"创业板ETF易方达
159915.XSHE"
2025-09-26 14:29:00,加仓,创业板ETF易方达,159915.XSHE,3.139,3000.0,8200.0,,2.0,2025-09-26,2025-09,"创业板ETF易方达
159915.XSHE"
2025-09-30 09:37:00,止盈,创业板ETF易方达,159915.XSHE,3.235,3100.0,5100.0,296.6,1.0,2025-09-30,2025-09,"创业板ETF易方达
159915.XSHE"
2025-09-30 13:01:00,止盈,黄金ETF,518880.XSHG,8.375,1200.0,5700.0,306.2,5.0,2025-09-30,2025-09,"黄金ETF
518880.XSHG"
2025-10-09 09:31:00,止盈,纳指ETF,513100.XSHG,1.843,5600.0,5500.0,396.57,1.0,2025-10-09,2025-10,"纳指ETF
513100.XSHG"
2025-10-09 09:31:00,止盈,黄金ETF,518880.XSHG,8.731,1100.0,4600.0,390.64,4.0,2025-10-09,2025-10,"黄金ETF
518880.XSHG"
2025-10-09 10:14:00,止盈,500ETF,510500.XSHG,7.619,1300.0,4512.0,298.01,3.0,2025-10-09,2025-10,"500ETF
510500.XSHG"
2025-10-10 10:07:00,加仓,创业板ETF易方达,159915.XSHE,3.136,3000.0,8100.0,,2.0,2025-10-10,2025-10,"创业板ETF易方达
159915.XSHE"
2025-10-13 09:31:00,加仓,500ETF,510500.XSHG,7.305,1300.0,5812.0,,4.0,2025-10-13,2025-10,"500ETF
510500.XSHG"
2025-10-13 09:31:00,加仓,创业板ETF易方达,159915.XSHE,2.972,3100.0,11200.0,,3.0,2025-10-13,2025-10,"创业板ETF易方达
159915.XSHE"
2025-10-13 09:48:00,止盈,创业板ETF易方达,159915.XSHE,3.062,3300.0,7900.0,295.99,2.0,2025-10-13,2025-10,"创业板ETF易方达
159915.XSHE"
2025-10-14 09:31:00,止盈,黄金ETF,518880.XSHG,9.085,1100.0,3500.0,388.4,3.0,2025-10-14,2025-10,"黄金ETF
518880.XSHG"
2025-10-14 09:34:00,止盈,500ETF,510500.XSHG,7.525,1300.0,4512.0,285.02,3.0,2025-10-14,2025-10,"500ETF
510500.XSHG"
2025-10-14 13:02:00,加仓,创业板ETF易方达,159915.XSHE,2.97,3200.0,11100.0,,3.0,2025-10-14,2025-10,"创业板ETF易方达
159915.XSHE"
2025-10-14 14:21:00,加仓,500ETF,510500.XSHG,7.298,1300.0,5812.0,,4.0,2025-10-14,2025-10,"500ETF
510500.XSHG"
2025-10-17 09:31:00,止盈,黄金ETF,518880.XSHG,9.485,1100.0,2400.0,438.96,2.0,2025-10-17,2025-10,"黄金ETF
518880.XSHG"
2025-10-21 11:21:00,止盈,创业板ETF易方达,159915.XSHE,3.06,3300.0,7800.0,295.99,2.0,2025-10-21,2025-10,"创业板ETF易方达
159915.XSHE"
2025-10-22 09:31:00,加仓,黄金ETF,518880.XSHG,8.984,1000.0,3400.0,,3.0,2025-10-22,2025-10,"黄金ETF
518880.XSHG"
2025-10-24 09:31:00,止盈,纳指ETF,513100.XSHG,1.908,5400.0,100.0,349.97,1.0,2025-10-24,2025-10,"纳指ETF
513100.XSHG"
2025-10-27 09:31:00,止盈,创业板ETF易方达,159915.XSHE,3.205,3200.0,4600.0,462.97,1.0,2025-10-27,2025-10,"创业板ETF易方达
159915.XSHE"
2025-10-28 09:31:00,止盈（部分）,纳指ETF,513100.XSHG,1.976,100.0,0.0,6.7,0.0,2025-10-28,2025-10,"纳指ETF
513100.XSHG"
2025-10-28 09:31:00,清仓,纳指ETF,513100.XSHG,,,,,0.0,2025-10-28,2025-10,"纳指ETF
513100.XSHG"
2025-10-28 09:32:00,重装建仓,纳指ETF,513100.XSHG,1.974,40500.0,40500.0,,,2025-10-28,2025-10,"纳指ETF
513100.XSHG"
2025-10-28 09:33:00,底仓到账,纳指ETF,513100.XSHG,,,40500.0,,8.0,2025-10-28,2025-10,"纳指ETF
513100.XSHG"
2025-10-28 10:53:00,加仓,黄金ETF,518880.XSHG,8.713,1100.0,4500.0,,4.0,2025-10-28,2025-10,"黄金ETF
518880.XSHG"
2025-10-29 09:53:00,止盈,500ETF,510500.XSHG,7.518,1300.0,4512.0,285.02,3.0,2025-10-29,2025-10,"500ETF
510500.XSHG"
2025-10-30 09:37:00,止盈,创业板ETF易方达,159915.XSHE,3.302,3100.0,1500.0,299.68,1.0,2025-10-30,2025-10,"创业板ETF易方达
159915.XSHE"
2025-10-31 09:47:00,加仓,创业板ETF易方达,159915.XSHE,3.2,3000.0,4500.0,,2.0,2025-10-31,2025-10,"创业板ETF易方达
159915.XSHE"
2025-10-31 09:48:00,等级校准,创业板ETF易方达,159915.XSHE,,,4500.0,,,2025-10-31,2025-10,"创业板ETF易方达
159915.XSHE"
2025-11-03 10:36:00,加仓,创业板ETF易方达,159915.XSHE,3.103,3100.0,7600.0,,2.0,2025-11-03,2025-11,"创业板ETF易方达
159915.XSHE"
2025-11-04 14:12:00,加仓,500ETF,510500.XSHG,7.29,1300.0,5812.0,,4.0,2025-11-04,2025-11,"500ETF
510500.XSHG"
2025-11-05 09:31:00,加仓,纳指ETF,513100.XSHG,1.888,5000.0,45500.0,,9.0,2025-11-05,2025-11,"纳指ETF
513100.XSHG"
2025-11-05 09:32:00,等级校准,纳指ETF,513100.XSHG,,,45500.0,,,2025-11-05,2025-11,"纳指ETF
513100.XSHG"
2025-11-06 10:47:00,止盈,创业板ETF易方达,159915.XSHE,3.198,3200.0,4400.0,302.98,1.0,2025-11-06,2025-11,"创业板ETF易方达
159915.XSHE"
2025-11-06 13:01:00,止盈,纳指ETF,513100.XSHG,1.945,5200.0,40300.0,295.39,7.0,2025-11-06,2025-11,"纳指ETF
513100.XSHG"
2025-11-11 09:31:00,止盈,黄金ETF,518880.XSHG,9.118,1100.0,3400.0,444.5,3.0,2025-11-11,2025-11,"黄金ETF
518880.XSHG"
2025-11-12 09:31:00,加仓,创业板ETF易方达,159915.XSHE,3.1,3100.0,7500.0,,2.0,2025-11-12,2025-11,"创业板ETF易方达
159915.XSHE"
2025-11-17 13:37:00,加仓,黄金ETF,518880.XSHG,8.844,1000.0,4400.0,,4.0,2025-11-17,2025-11,"黄金ETF
518880.XSHG"
2025-11-18 09:31:00,加仓,纳指ETF,513100.XSHG,1.883,5100.0,45400.0,,8.0,2025-11-18,2025-11,"纳指ETF
513100.XSHG"
2025-11-21 09:31:00,加仓,创业板ETF易方达,159915.XSHE,2.976,3200.0,10700.0,,3.0,2025-11-21,2025-11,"创业板ETF易方达
159915.XSHE"
2025-11-21 09:36:00,加仓,500ETF,510500.XSHG,7.071,1300.0,7112.0,,5.0,2025-11-21,2025-11,"500ETF
510500.XSHG"
2025-11-24 11:15:00,加仓,创业板ETF易方达,159915.XSHE,2.886,3300.0,14000.0,,4.0,2025-11-24,2025-11,"创业板ETF易方达
159915.XSHE"
2025-11-25 09:55:00,止盈,创业板ETF易方达,159915.XSHE,2.973,3400.0,10600.0,294.79,3.0,2025-11-25,2025-11,"创业板ETF易方达
159915.XSHE"
2025-11-27 09:31:00,止盈,纳指ETF,513100.XSHG,1.94,5300.0,40100.0,301.07,7.0,2025-11-27,2025-11,"纳指ETF
513100.XSHG"
2025-11-27 09:51:00,止盈,创业板ETF易方达,159915.XSHE,3.065,3300.0,7300.0,302.59,2.0,2025-11-27,2025-11,"创业板ETF易方达
159915.XSHE"
2025-12-01 09:31:00,止盈,黄金ETF,518880.XSHG,9.156,1100.0,3300.0,342.19,3.0,2025-12-01,2025-12,"黄金ETF
518880.XSHG"
2025-12-08 10:09:00,止盈,创业板ETF易方达,159915.XSHE,3.159,3200.0,4100.0,299.79,1.0,2025-12-08,2025-12,"创业板ETF易方达
159915.XSHE"
2025-12-08 13:12:00,止盈,500ETF,510500.XSHG,7.285,1400.0,5712.0,298.58,4.0,2025-12-08,2025-12,"500ETF
510500.XSHG"
2025-12-16 09:50:00,加仓,纳指ETF,513100.XSHG,1.881,5100.0,45200.0,,8.0,2025-12-16,2025-12,"纳指ETF
513100.XSHG"
2025-12-16 10:40:00,加仓,创业板ETF易方达,159915.XSHE,3.064,3100.0,7200.0,,2.0,2025-12-16,2025-12,"创业板ETF易方达
159915.XSHE"
2025-12-17 14:12:00,止盈,创业板ETF易方达,159915.XSHE,3.159,3200.0,4000.0,302.99,1.0,2025-12-17,2025-12,"创业板ETF易方达
159915.XSHE"
2025-12-22 09:31:00,止盈,纳指ETF,513100.XSHG,1.941,5300.0,39900.0,316.97,7.0,2025-12-22,2025-12,"纳指ETF
513100.XSHG"
2025-12-22 11:05:00,止盈,黄金ETF,518880.XSHG,9.431,1000.0,2300.0,274.06,2.0,2025-12-22,2025-12,"黄金ETF
518880.XSHG"
2025-12-24 09:31:00,止盈,黄金ETF,518880.XSHG,9.717,1000.0,1300.0,285.03,1.0,2025-12-24,2025-12,"黄金ETF
518880.XSHG"
2025-12-25 13:12:00,止盈,500ETF,510500.XSHG,7.504,1300.0,4412.0,283.72,3.0,2025-12-25,2025-12,"500ETF
510500.XSHG"
2025-12-30 09:31:00,加仓,黄金ETF,518880.XSHG,9.275,1000.0,2300.0,,2.0,2025-12-30,2025-12,"黄金ETF
518880.XSHG"
2026-01-05 10:29:00,止盈,500ETF,510500.XSHG,7.73,1300.0,3112.0,292.8,2.0,2026-01-05,2026-01,"500ETF
510500.XSHG"
2026-01-05 10:30:00,止盈,创业板ETF易方达,159915.XSHE,3.254,3100.0,900.0,293.49,1.0,2026-01-05,2026-01,"创业板ETF易方达
159915.XSHE"
2026-01-06 09:55:00,止盈,黄金ETF,518880.XSHG,9.554,1000.0,1300.0,278.04,1.0,2026-01-06,2026-01,"黄金ETF
518880.XSHG"
2026-01-07 09:30:00,止盈,500ETF,510500.XSHG,7.964,1200.0,1912.0,279.84,1.0,2026-01-07,2026-01,"500ETF
510500.XSHG"
2026-01-09 10:37:00,止盈,500ETF,510500.XSHG,8.203,1200.0,712.0,285.82,1.0,2026-01-09,2026-01,"500ETF
510500.XSHG"
2026-01-12 13:01:00,止盈（部分）,创业板ETF易方达,159915.XSHE,3.352,900.0,0.0,87.9,0.0,2026-01-12,2026-01,"创业板ETF易方达
159915.XSHE"
2026-01-12 13:01:00,清仓,创业板ETF易方达,159915.XSHE,,,,,0.0,2026-01-12,2026-01,"创业板ETF易方达
159915.XSHE"
2026-01-12 13:02:00,重装建仓,创业板ETF易方达,159915.XSHE,3.348,23800.0,23800.0,,,2026-01-12,2026-01,"创业板ETF易方达
159915.XSHE"
2026-01-12 13:03:00,底仓到账,创业板ETF易方达,159915.XSHE,,,23800.0,,8.0,2026-01-12,2026-01,"创业板ETF易方达
159915.XSHE"
2026-01-14 09:31:00,止盈,黄金ETF,518880.XSHG,9.873,1000.0,300.0,318.01,1.0,2026-01-14,2026-01,"黄金ETF
518880.XSHG"
2026-01-14 10:01:00,止盈（部分）,500ETF,510500.XSHG,8.45,700.0,12.0,172.31,0.0,2026-01-14,2026-01,"500ETF
510500.XSHG"
2026-01-14 10:01:00,清仓-碎股,500ETF,510500.XSHG,,,,,0.0,2026-01-14,2026-01,"500ETF
510500.XSHG"
2026-01-14 10:01:00,清仓,500ETF,510500.XSHG,,,,,0.0,2026-01-14,2026-01,"500ETF
510500.XSHG"
2026-01-14 10:02:00,重装建仓,500ETF,510500.XSHG,8.458,9400.0,9400.0,,,2026-01-14,2026-01,"500ETF
510500.XSHG"
2026-01-14 10:03:00,底仓到账,500ETF,510500.XSHG,,,9400.0,,8.0,2026-01-14,2026-01,"500ETF
510500.XSHG"
2026-01-20 09:39:00,加仓,纳指ETF,513100.XSHG,1.882,5100.0,45000.0,,8.0,2026-01-20,2026-01,"纳指ETF
513100.XSHG"
2026-01-20 14:28:00,加仓,创业板ETF易方达,159915.XSHE,3.247,2900.0,26700.0,,9.0,2026-01-20,2026-01,"创业板ETF易方达
159915.XSHE"
2026-01-20 14:29:00,等级校准,创业板ETF易方达,159915.XSHE,,,26700.0,,,2026-01-20,2026-01,"创业板ETF易方达
159915.XSHE"
2026-01-21 09:31:00,止盈（部分）,黄金ETF,518880.XSHG,10.368,300.0,0.0,148.19,0.0,2026-01-21,2026-01,"黄金ETF
518880.XSHG"
2026-01-21 09:31:00,清仓,黄金ETF,518880.XSHG,,,,,0.0,2026-01-21,2026-01,"黄金ETF
518880.XSHG"
2026-01-21 09:32:00,重装建仓,黄金ETF,518880.XSHG,10.374,7700.0,7700.0,,,2026-01-21,2026-01,"黄金ETF
518880.XSHG"
2026-01-21 09:33:00,底仓到账,黄金ETF,518880.XSHG,,,7700.0,,8.0,2026-01-21,2026-01,"黄金ETF
518880.XSHG"
2026-01-26 09:30:00,止盈,500ETF,510500.XSHG,8.719,1100.0,8300.0,286.14,7.0,2026-01-26,2026-01,"500ETF
510500.XSHG"
2026-01-26 09:31:00,止盈,黄金ETF,518880.XSHG,10.893,900.0,6800.0,466.12,7.0,2026-01-26,2026-01,"黄金ETF
518880.XSHG"
2026-01-26 09:31:00,止盈,创业板ETF易方达,159915.XSHE,3.351,3000.0,23700.0,310.99,8.0,2026-01-26,2026-01,"创业板ETF易方达
159915.XSHE"
2026-01-27 09:58:00,加仓,500ETF,510500.XSHG,8.452,1100.0,9400.0,,8.0,2026-01-27,2026-01,"500ETF
510500.XSHG"
2026-01-28 11:05:00,止盈,黄金ETF,518880.XSHG,11.224,900.0,5900.0,296.89,7.0,2026-01-28,2026-01,"黄金ETF
518880.XSHG"
2026-01-28 14:36:00,止盈,500ETF,510500.XSHG,8.709,1100.0,8300.0,281.74,7.0,2026-01-28,2026-01,"500ETF
510500.XSHG"
2026-01-29 09:31:00,止盈,黄金ETF,518880.XSHG,11.91,800.0,5100.0,547.85,6.0,2026-01-29,2026-01,"黄金ETF
518880.XSHG"
2026-01-30 09:31:00,加仓,黄金ETF,518880.XSHG,11.464,800.0,5900.0,,7.0,2026-01-30,2026-01,"黄金ETF
518880.XSHG"
2026-01-30 09:55:00,加仓,500ETF,510500.XSHG,8.429,1100.0,9400.0,,8.0,2026-01-30,2026-01,"500ETF
510500.XSHG"
2026-01-30 10:15:00,加仓,黄金ETF,518880.XSHG,11.103,800.0,6700.0,,8.0,2026-01-30,2026-01,"黄金ETF
518880.XSHG"
2026-01-30 10:16:00,等级校准,黄金ETF,518880.XSHG,,,6700.0,,,2026-01-30,2026-01,"黄金ETF
518880.XSHG"
2026-01-30 10:35:00,加仓,创业板ETF易方达,159915.XSHE,3.245,2900.0,26600.0,,9.0,2026-01-30,2026-01,"创业板ETF易方达
159915.XSHE"
2026-01-30 10:36:00,等级校准,创业板ETF易方达,159915.XSHE,,,26600.0,,,2026-01-30,2026-01,"创业板ETF易方达
159915.XSHE"
2026-01-30 13:06:00,止盈,创业板ETF易方达,159915.XSHE,3.346,3000.0,23600.0,302.0,8.0,2026-01-30,2026-01,"创业板ETF易方达
159915.XSHE"
2026-02-02 09:31:00,加仓,黄金ETF,518880.XSHG,9.918,900.0,7600.0,,8.0,2026-02-02,2026-02,"黄金ETF
518880.XSHG"
2026-02-02 09:32:00,等级校准,黄金ETF,518880.XSHG,,,7600.0,,,2026-02-02,2026-02,"黄金ETF
518880.XSHG"
2026-02-02 10:34:00,止盈,黄金ETF,518880.XSHG,10.232,1000.0,6600.0,312.98,7.0,2026-02-02,2026-02,"黄金ETF
518880.XSHG"
2026-02-02 13:36:00,加仓,500ETF,510500.XSHG,8.173,1100.0,10500.0,,9.0,2026-02-02,2026-02,"500ETF
510500.XSHG"
2026-02-02 13:37:00,等级校准,500ETF,510500.XSHG,,,10500.0,,,2026-02-02,2026-02,"500ETF
510500.XSHG"
2026-02-02 13:38:00,加仓,黄金ETF,518880.XSHG,9.921,900.0,7500.0,,8.0,2026-02-02,2026-02,"黄金ETF
518880.XSHG"
2026-02-02 13:39:00,等级校准,黄金ETF,518880.XSHG,,,7500.0,,,2026-02-02,2026-02,"黄金ETF
518880.XSHG"
2026-02-03 09:31:00,止盈,黄金ETF,518880.XSHG,10.362,1000.0,6500.0,439.96,7.0,2026-02-03,2026-02,"黄金ETF
518880.XSHG"
2026-02-03 10:46:00,加仓,创业板ETF易方达,159915.XSHE,3.244,2900.0,26500.0,,9.0,2026-02-03,2026-02,"创业板ETF易方达
159915.XSHE"
2026-02-03 10:47:00,等级校准,创业板ETF易方达,159915.XSHE,,,26500.0,,,2026-02-03,2026-02,"创业板ETF易方达
159915.XSHE"
2026-02-04 09:31:00,止盈,黄金ETF,518880.XSHG,10.793,900.0,5600.0,386.93,6.0,2026-02-04,2026-02,"黄金ETF
518880.XSHG"
2026-02-05 10:47:00,加仓,黄金ETF,518880.XSHG,10.463,900.0,6500.0,,7.0,2026-02-05,2026-02,"黄金ETF
518880.XSHG"
2026-02-06 09:31:00,加仓,纳指ETF,513100.XSHG,1.809,5300.0,50300.0,,9.0,2026-02-06,2026-02,"纳指ETF
513100.XSHG"
2026-02-06 09:31:00,加仓,黄金ETF,518880.XSHG,10.077,900.0,7400.0,,8.0,2026-02-06,2026-02,"黄金ETF
518880.XSHG"
2026-02-06 10:39:00,止盈,黄金ETF,518880.XSHG,10.381,900.0,6500.0,272.67,7.0,2026-02-06,2026-02,"黄金ETF
518880.XSHG"
2026-02-09 09:31:00,止盈,黄金ETF,518880.XSHG,10.719,900.0,5600.0,303.24,6.0,2026-02-09,2026-02,"黄金ETF
518880.XSHG"
2026-02-11 09:39:00,止盈,500ETF,510500.XSHG,8.421,1200.0,9300.0,296.59,8.0,2026-02-11,2026-02,"500ETF
510500.XSHG"
2026-02-25 11:28:00,止盈,创业板ETF易方达,159915.XSHE,3.342,3000.0,23500.0,293.0,8.0,2026-02-25,2026-02,"创业板ETF易方达
159915.XSHE"
2026-02-27 10:03:00,止盈,500ETF,510500.XSHG,8.677,1100.0,8200.0,280.65,7.0,2026-02-27,2026-02,"500ETF
510500.XSHG"
2026-03-02 09:31:00,止盈,黄金ETF,518880.XSHG,11.329,900.0,4700.0,547.98,5.0,2026-03-02,2026-03,"黄金ETF
518880.XSHG"
2026-03-03 10:19:00,加仓,创业板ETF易方达,159915.XSHE,3.241,2900.0,26400.0,,9.0,2026-03-03,2026-03,"创业板ETF易方达
159915.XSHE"
2026-03-03 10:20:00,等级校准,创业板ETF易方达,159915.XSHE,,,26400.0,,,2026-03-03,2026-03,"创业板ETF易方达
159915.XSHE"
2026-03-03 13:57:00,加仓,500ETF,510500.XSHG,8.411,1100.0,9300.0,,8.0,2026-03-03,2026-03,"500ETF
510500.XSHG"
2026-03-04 09:33:00,加仓,黄金ETF,518880.XSHG,10.986,800.0,5500.0,,6.0,2026-03-04,2026-03,"黄金ETF
518880.XSHG"
2026-03-04 13:06:00,加仓,创业板ETF易方达,159915.XSHE,3.14,3000.0,29400.0,,9.0,2026-03-04,2026-03,"创业板ETF易方达
159915.XSHE"
2026-03-05 10:16:00,止盈,创业板ETF易方达,159915.XSHE,3.235,3100.0,26300.0,293.5,8.0,2026-03-05,2026-03,"创业板ETF易方达
159915.XSHE"
2026-03-09 09:31:00,加仓,纳指ETF,513100.XSHG,1.748,5500.0,55800.0,,10.0,2026-03-09,2026-03,"纳指ETF
513100.XSHG"
2026-03-09 09:32:00,等级校准,纳指ETF,513100.XSHG,,,55800.0,,,2026-03-09,2026-03,"纳指ETF
513100.XSHG"
2026-03-09 09:32:00,加仓,创业板ETF易方达,159915.XSHE,3.126,3000.0,29300.0,,9.0,2026-03-09,2026-03,"创业板ETF易方达
159915.XSHE"
2026-03-09 09:54:00,加仓,500ETF,510500.XSHG,8.152,1100.0,10400.0,,9.0,2026-03-09,2026-03,"500ETF
510500.XSHG"
2026-03-09 09:55:00,等级校准,500ETF,510500.XSHG,,,10400.0,,,2026-03-09,2026-03,"500ETF
510500.XSHG"
2026-03-10 09:31:00,止盈,500ETF,510500.XSHG,8.454,1200.0,9200.0,361.39,8.0,2026-03-10,2026-03,"500ETF
510500.XSHG"
2026-03-10 09:31:00,止盈,创业板ETF易方达,159915.XSHE,3.268,3100.0,26200.0,439.19,8.0,2026-03-10,2026-03,"创业板ETF易方达
159915.XSHE"
2026-03-11 10:50:00,止盈,创业板ETF易方达,159915.XSHE,3.367,3000.0,23200.0,295.99,8.0,2026-03-11,2026-03,"创业板ETF易方达
159915.XSHE"
2026-03-16 09:31:00,加仓,黄金ETF,518880.XSHG,10.625,900.0,6400.0,,7.0,2026-03-16,2026-03,"黄金ETF
518880.XSHG"
2026-03-16 09:42:00,加仓,500ETF,510500.XSHG,8.189,1100.0,10300.0,,9.0,2026-03-16,2026-03,"500ETF
510500.XSHG"
2026-03-16 09:43:00,等级校准,500ETF,510500.XSHG,,,10300.0,,,2026-03-16,2026-03,"500ETF
510500.XSHG"
2026-03-19 09:31:00,加仓,黄金ETF,518880.XSHG,10.292,900.0,7300.0,,8.0,2026-03-19,2026-03,"黄金ETF
518880.XSHG"
2026-03-19 13:45:00,加仓,500ETF,510500.XSHG,7.942,1200.0,11500.0,,9.0,2026-03-19,2026-03,"500ETF
510500.XSHG"
2026-03-20 09:31:00,加仓,黄金ETF,518880.XSHG,9.909,900.0,8200.0,,9.0,2026-03-20,2026-03,"黄金ETF
518880.XSHG"
2026-03-20 09:32:00,等级校准,黄金ETF,518880.XSHG,,,8200.0,,,2026-03-20,2026-03,"黄金ETF
518880.XSHG"
2026-03-23 09:31:00,加仓,黄金ETF,518880.XSHG,9.48,1000.0,9200.0,,9.0,2026-03-23,2026-03,"黄金ETF
518880.XSHG"
2026-03-23 09:32:00,加仓,500ETF,510500.XSHG,7.694,1200.0,12700.0,,10.0,2026-03-23,2026-03,"500ETF
510500.XSHG"
2026-03-23 11:12:00,加仓,纳指ETF,513100.XSHG,1.694,5700.0,61500.0,,10.0,2026-03-23,2026-03,"纳指ETF
513100.XSHG"
2026-03-23 13:00:00,加仓,创业板ETF易方达,159915.XSHE,3.264,2900.0,26100.0,,9.0,2026-03-23,2026-03,"创业板ETF易方达
159915.XSHE"
2026-03-23 13:01:00,等级校准,创业板ETF易方达,159915.XSHE,,,26100.0,,,2026-03-23,2026-03,"创业板ETF易方达
159915.XSHE"
2026-03-23 13:33:00,加仓,黄金ETF,518880.XSHG,9.192,1000.0,10200.0,,10.0,2026-03-23,2026-03,"黄金ETF
518880.XSHG"
2026-03-23 14:44:00,加仓,黄金ETF,518880.XSHG,8.913,1000.0,11200.0,,11.0,2026-03-23,2026-03,"黄金ETF
518880.XSHG"
2026-03-23 14:45:00,等级校准,黄金ETF,518880.XSHG,,,11200.0,,,2026-03-23,2026-03,"黄金ETF
518880.XSHG"
2026-03-23 14:48:00,加仓,500ETF,510500.XSHG,7.462,1200.0,13900.0,,11.0,2026-03-23,2026-03,"500ETF
510500.XSHG"
2026-03-23 14:49:00,等级校准,500ETF,510500.XSHG,,,13900.0,,,2026-03-23,2026-03,"500ETF
510500.XSHG"
2026-03-24 09:31:00,止盈,黄金ETF,518880.XSHG,9.213,1100.0,10100.0,328.99,10.0,2026-03-24,2026-03,"黄金ETF
518880.XSHG"
2026-03-24 10:14:00,加仓,创业板ETF易方达,159915.XSHE,3.166,3000.0,29100.0,,9.0,2026-03-24,2026-03,"创业板ETF易方达
159915.XSHE"
2026-03-25 09:31:00,止盈,黄金ETF,518880.XSHG,9.701,1000.0,9100.0,487.03,9.0,2026-03-25,2026-03,"黄金ETF
518880.XSHG"
2026-03-25 09:31:00,止盈,500ETF,510500.XSHG,7.716,1300.0,12600.0,329.2,10.0,2026-03-25,2026-03,"500ETF
510500.XSHG"
2026-03-25 09:31:00,止盈,创业板ETF易方达,159915.XSHE,3.275,3100.0,26000.0,336.88,8.0,2026-03-25,2026-03,"创业板ETF易方达
159915.XSHE"
2026-03-26 14:03:00,加仓,黄金ETF,518880.XSHG,9.408,1000.0,10100.0,,10.0,2026-03-26,2026-03,"黄金ETF
518880.XSHG"
2026-03-31 09:31:00,止盈,黄金ETF,518880.XSHG,9.758,1000.0,9100.0,349.02,9.0,2026-03-31,2026-03,"黄金ETF
518880.XSHG"
2026-04-01 14:31:00,止盈,纳指ETF,513100.XSHG,1.745,5900.0,55600.0,299.87,9.0,2026-04-01,2026-04,"纳指ETF
513100.XSHG"
2026-04-02 13:02:00,加仓,创业板ETF易方达,159915.XSHE,3.174,3000.0,29000.0,,9.0,2026-04-02,2026-04,"创业板ETF易方达
159915.XSHE"
2026-04-08 09:31:00,止盈,黄金ETF,518880.XSHG,10.099,1000.0,8100.0,339.99,9.0,2026-04-08,2026-04,"黄金ETF
518880.XSHG"
2026-04-08 09:34:00,止盈,纳指ETF,513100.XSHG,1.8,5700.0,49900.0,312.47,9.0,2026-04-08,2026-04,"纳指ETF
513100.XSHG"
2026-04-08 09:41:00,止盈,创业板ETF易方达,159915.XSHE,3.27,3100.0,25900.0,296.59,8.0,2026-04-08,2026-04,"创业板ETF易方达
159915.XSHE"
2026-04-08 11:15:00,止盈,500ETF,510500.XSHG,7.949,1200.0,11400.0,278.65,9.0,2026-04-08,2026-04,"500ETF
510500.XSHG"
2026-04-10 09:35:00,止盈,创业板ETF易方达,159915.XSHE,3.37,3000.0,22900.0,298.99,7.0,2026-04-10,2026-04,"创业板ETF易方达
159915.XSHE"
2026-04-13 10:01:00,止盈,创业板ETF易方达,159915.XSHE,3.472,2900.0,20000.0,294.79,7.0,2026-04-13,2026-04,"创业板ETF易方达
159915.XSHE"
2026-04-15 09:31:00,止盈,纳指ETF,513100.XSHG,1.857,5500.0,44400.0,312.48,8.0,2026-04-15,2026-04,"纳指ETF
513100.XSHG"
2026-04-15 09:31:00,止盈,500ETF,510500.XSHG,8.221,1200.0,10200.0,325.41,8.0,2026-04-15,2026-04,"500ETF
510500.XSHG"
2026-04-15 09:31:00,止盈,创业板ETF易方达,159915.XSHE,3.587,2800.0,17200.0,321.0,6.0,2026-04-15,2026-04,"创业板ETF易方达
159915.XSHE"
2026-04-22 09:39:00,止盈,创业板ETF易方达,159915.XSHE,3.697,2700.0,14500.0,296.0,5.0,2026-04-22,2026-04,"创业板ETF易方达
159915.XSHE"
2026-04-23 09:33:00,止盈,纳指ETF,513100.XSHG,1.914,5300.0,39100.0,301.09,7.0,2026-04-23,2026-04,"纳指ETF
513100.XSHG"
2026-04-28 13:08:00,加仓,黄金ETF,518880.XSHG,9.786,900.0,9000.0,,10.0,2026-04-28,2026-04,"黄金ETF
518880.XSHG"
2026-04-28 13:09:00,等级校准,黄金ETF,518880.XSHG,,,9000.0,,,2026-04-28,2026-04,"黄金ETF
518880.XSHG"
2026-04-30 09:31:00,止盈,纳指ETF,513100.XSHG,1.976,5200.0,33900.0,321.37,6.0,2026-04-30,2026-04,"纳指ETF
513100.XSHG"
2026-05-06 09:31:00,止盈,500ETF,510500.XSHG,8.541,1200.0,9000.0,382.98,8.0,2026-05-06,2026-05,"500ETF
510500.XSHG"
2026-05-06 10:14:00,止盈,创业板ETF易方达,159915.XSHE,3.812,2700.0,11800.0,309.47,4.0,2026-05-06,2026-05,"创业板ETF易方达
159915.XSHE"
2026-05-07 09:32:00,止盈,纳指ETF,513100.XSHG,2.037,5000.0,28900.0,303.98,5.0,2026-05-07,2026-05,"纳指ETF
513100.XSHG"
2026-05-11 09:31:00,止盈,纳指ETF,513100.XSHG,2.104,4900.0,24000.0,327.27,5.0,2026-05-11,2026-05,"纳指ETF
513100.XSHG"
2026-05-11 09:31:00,止盈,500ETF,510500.XSHG,8.84,1100.0,7900.0,327.93,7.0,2026-05-11,2026-05,"500ETF
510500.XSHG"
2026-05-11 13:02:00,止盈,创业板ETF易方达,159915.XSHE,3.929,2600.0,9200.0,303.18,3.0,2026-05-11,2026-05,"创业板ETF易方达
159915.XSHE"
2026-05-13 14:34:00,止盈,创业板ETF易方达,159915.XSHE,4.05,2500.0,6700.0,301.49,2.0,2026-05-13,2026-05,"创业板ETF易方达
159915.XSHE"
2026-05-15 09:50:00,加仓,创业板ETF易方达,159915.XSHE,3.926,2400.0,9100.0,,3.0,2026-05-15,2026-05,"创业板ETF易方达
159915.XSHE"
2026-05-15 14:02:00,加仓,500ETF,510500.XSHG,8.573,1100.0,9000.0,,8.0,2026-05-15,2026-05,"500ETF
510500.XSHG"
2026-05-18 09:31:00,加仓,黄金ETF,518880.XSHG,9.44,1000.0,10000.0,,10.0,2026-05-18,2026-05,"黄金ETF
518880.XSHG"
2026-05-19 13:12:00,加仓,纳指ETF,513100.XSHG,2.04,4700.0,28700.0,,6.0,2026-05-19,2026-05,"纳指ETF
513100.XSHG"
2026-05-19 13:13:00,等级校准,纳指ETF,513100.XSHG,,,28700.0,,,2026-05-19,2026-05,"纳指ETF
513100.XSHG"
2026-05-21 09:32:00,止盈,500ETF,510500.XSHG,8.843,1100.0,7900.0,296.03,7.0,2026-05-21,2026-05,"500ETF
510500.XSHG"
2026-05-21 13:17:00,止盈,纳指ETF,513100.XSHG,2.102,4900.0,23800.0,302.77,5.0,2026-05-21,2026-05,"纳指ETF
513100.XSHG"
2026-05-21 14:31:00,加仓,500ETF,510500.XSHG,8.575,1100.0,9000.0,,8.0,2026-05-21,2026-05,"500ETF
510500.XSHG"
